 -.162550E+00 -.419468E+01 -.181318E+01 -.250000E+01 0.193997E+02
 -.960612E-01 -.437205E+01 -.196238E+01 -.219522E+01 0.189416E+02
 -.242520E+00 -.444890E+01 -.182562E+01 -.210182E+01 0.194952E+02
 -.264865E+00 -.429819E+01 -.170000E+01 -.299974E+01 0.186335E+02
 -.185175E+00 -.437589E+01 -.182490E+01 -.232224E+01 0.192455E+02
 -.144586E+00 -.425000E+01 -.194073E+01 -.213713E+01 0.152666E+02
 -.263660E+00 -.423242E+01 -.170779E+01 -.246505E+01 0.153473E+02
 -.124916E+00 -.420642E+01 -.202233E+01 -.187671E+01 0.161848E+02
 -.353371E+00 -.411029E+01 -.173241E+01 -.200000E+01 0.195541E+02
 -.269945E+00 -.419187E+01 -.186318E+01 -.200000E+01 0.175473E+02
 -.221436E-01 -.427106E+01 -.204466E+01 -.204884E+01 0.194595E+02
 -.115766E+00 -.429609E+01 -.192218E+01 -.240160E+01 0.167986E+02
 -.107254E+00 -.425028E+01 -.194165E+01 -.231204E+01 0.158516E+02
 -.103263E+00 -.426254E+01 -.196433E+01 -.206593E+01 0.184047E+02
 -.692012E-01 -.414099E+01 -.194701E+01 -.242335E+01 0.169324E+02
 -.249865E+00 -.422431E+01 -.186075E+01 -.200000E+01 0.143352E+02
 -.353941E+00 -.427192E+01 -.168353E+01 -.208175E+01 0.167918E+02
 -.630133E+00 -.420060E+01 -.158038E+01 -.153745E+01 0.174564E+02
 -.436366E+00 -.426446E+01 -.183867E+01 -.161071E+01 0.164728E+02
 -.258980E+00 -.410682E+01 -.170000E+01 -.270250E+01 0.176381E+02
 -.428158E+00 -.436718E+01 -.149179E+01 -.208732E+01 0.197812E+02
 0.000000E+00 -.425735E+01 -.209545E+01 -.194925E+01 0.193135E+02
 -.135821E+00 -.421687E+01 -.187111E+01 -.259291E+01 0.154281E+02
 -.247586E+00 -.423849E+01 -.181998E+01 -.222982E+01 0.171940E+02
 0.000000E+00 -.413236E+01 -.205316E+01 -.212830E+01 0.181497E+02
 -.304825E+00 -.420422E+01 -.181815E+01 -.181354E+01 0.190537E+02
 -.220110E+00 -.405446E+01 -.186662E+01 -.201633E+01 0.195422E+02
 -.285919E+00 -.413741E+01 -.188199E+01 -.185245E+01 0.154887E+02
 -.154453E+00 -.424667E+01 -.188431E+01 -.252149E+01 0.171022E+02
 -.461283E+00 -.422046E+01 -.161095E+01 -.182829E+01 0.169657E+02
 0.000000E+00 -.427158E+01 -.212029E+01 -.196873E+01 0.196126E+02
 -.257644E+00 -.425000E+01 -.169899E+01 -.269557E+01 0.158704E+02
 -.316274E+00 -.423375E+01 -.184637E+01 -.179365E+01 0.151841E+02
 -.290009E+00 -.432264E+01 -.173391E+01 -.216185E+01 0.158274E+02
 -.300384E+00 -.425000E+01 -.191305E+01 -.181825E+01 0.182152E+02
 -.374065E+00 -.424102E+01 -.167392E+01 -.187701E+01 0.167332E+02
 -.224549E+00 -.423730E+01 -.185463E+01 -.203596E+01 0.147957E+02
 -.476637E+00 -.432618E+01 -.145191E+01 -.193443E+01 0.186578E+02
 0.000000E+00 -.415375E+01 -.200163E+01 -.276393E+01 0.188699E+02
 -.573812E+00 -.438239E+01 -.171247E+01 -.153839E+01 0.191876E+02
 -.406221E+00 -.426632E+01 -.174851E+01 -.178973E+01 0.158807E+02
 -.274640E+00 -.412193E+01 -.176449E+01 -.212370E+01 0.158073E+02
 -.373173E+00 -.424564E+01 -.173440E+01 -.191436E+01 0.166203E+02
 -.140878E+00 -.414829E+01 -.195292E+01 -.200000E+01 0.167917E+02
 -.184359E+00 -.421039E+01 -.191017E+01 -.219313E+01 0.175873E+02
 0.000000E+00 -.429287E+01 -.204622E+01 -.214743E+01 0.196757E+02
 -.249589E+00 -.412157E+01 -.175243E+01 -.242466E+01 0.162333E+02
 -.998168E-01 -.435360E+01 -.192822E+01 -.231297E+01 0.190869E+02
 -.260028E+00 -.426647E+01 -.184337E+01 -.211621E+01 0.193731E+02
 -.226595E+00 -.424963E+01 -.181220E+01 -.230498E+01 0.151172E+02
 -.240662E+00 -.421699E+01 -.184114E+01 -.196748E+01 0.167102E+02
 -.257182E+00 -.416495E+01 -.187743E+01 -.200000E+01 0.173246E+02
 0.000000E+00 -.413299E+01 -.199405E+01 -.300000E+01 0.194072E+02
 -.316347E+00 -.410426E+01 -.186103E+01 -.181042E+01 0.168679E+02
 -.265952E+00 -.422240E+01 -.186953E+01 -.202238E+01 0.194546E+02
 -.336036E+00 -.425000E+01 -.181442E+01 -.175998E+01 0.183813E+02
 -.363600E+00 -.430309E+01 -.185288E+01 -.177386E+01 0.188642E+02
 -.273845E+00 -.432103E+01 -.178968E+01 -.204006E+01 0.157563E+02
 -.353096E+00 -.427840E+01 -.170000E+01 -.209500E+01 0.193504E+02
 -.271435E+00 -.412502E+01 -.179834E+01 -.204887E+01 0.154166E+02
 -.103081E+00 -.435531E+01 -.192911E+01 -.254676E+01 0.196168E+02
 -.377889E+00 -.422442E+01 -.163323E+01 -.191994E+01 0.174243E+02
 -.106804E+00 -.425000E+01 -.197056E+01 -.223727E+01 0.171525E+02
 -.193553E+00 -.423531E+01 -.184418E+01 -.209608E+01 0.196468E+02
 -.333592E+00 -.436518E+01 -.183368E+01 -.182009E+01 0.171583E+02
 -.318371E+00 -.423005E+01 -.182344E+01 -.194669E+01 0.186938E+02
 -.207106E+00 -.419417E+01 -.178472E+01 -.254120E+01 0.150653E+02
 -.328028E+00 -.427602E+01 -.165990E+01 -.235131E+01 0.183562E+02
 -.313922E+00 -.409503E+01 -.185921E+01 -.179495E+01 0.175180E+02
 -.311518E+00 -.407405E+01 -.183722E+01 -.182940E+01 0.187275E+02
 -.171216E+00 -.412745E+01 -.186210E+01 -.232573E+01 0.155214E+02
 -.209954E+00 -.422268E+01 -.191779E+01 -.200000E+01 0.150658E+02
 -.326884E+00 -.425000E+01 -.185453E+01 -.176674E+01 0.151741E+02
 -.222115E+00 -.422381E+01 -.194667E+01 -.186955E+01 0.146403E+02
 -.246238E+00 -.427029E+01 -.185089E+01 -.196490E+01 0.152983E+02
 -.280231E+00 -.409186E+01 -.194764E+01 -.176967E+01 0.181616E+02
 -.300908E+00 -.425000E+01 -.176141E+01 -.214716E+01 0.171405E+02
 -.225316E+00 -.428998E+01 -.187622E+01 -.200000E+01 0.151100E+02
 -.257778E+00 -.427854E+01 -.184798E+01 -.202567E+01 0.154702E+02
 -.231402E+00 -.421179E+01 -.191315E+01 -.194209E+01 0.148404E+02
 -.200736E+00 -.415663E+01 -.180351E+01 -.245596E+01 0.152127E+02
 -.423263E+00 -.423467E+01 -.163206E+01 -.183578E+01 0.150516E+02
 -.324983E+00 -.423768E+01 -.159124E+01 -.280231E+01 0.184169E+02
 -.311439E+00 -.414632E+01 -.186357E+01 -.184550E+01 0.162079E+02
 -.391225E+00 -.408892E+01 -.178124E+01 -.177044E+01 0.186985E+02
 -.420445E+00 -.415055E+01 -.165385E+01 -.182070E+01 0.160049E+02
 -.301629E+00 -.424419E+01 -.193699E+01 -.172098E+01 0.153423E+02
 -.393696E+00 -.424191E+01 -.184841E+01 -.167903E+01 0.154442E+02
 -.263800E+00 -.419136E+01 -.185962E+01 -.199867E+01 0.157434E+02
 -.301658E+00 -.438782E+01 -.177564E+01 -.200000E+01 0.172943E+02
 -.314730E+00 -.421778E+01 -.175720E+01 -.207819E+01 0.162332E+02
 -.101246E+00 -.425000E+01 -.191954E+01 -.233624E+01 0.171883E+02
 -.286991E+00 -.425524E+01 -.173362E+01 -.206023E+01 0.173968E+02
 -.439318E+00 -.425000E+01 -.163176E+01 -.182949E+01 0.152209E+02
 -.190846E+00 -.425000E+01 -.185770E+01 -.235810E+01 0.160558E+02
 -.395976E+00 -.432109E+01 -.162890E+01 -.200455E+01 0.175212E+02
 -.306892E+00 -.416143E+01 -.169609E+01 -.212943E+01 0.158390E+02
 -.412869E+00 -.430607E+01 -.159731E+01 -.200083E+01 0.178389E+02
 -.282013E+00 -.420807E+01 -.180682E+01 -.202169E+01 0.142538E+02
 -.444688E+00 -.429959E+01 -.186440E+01 -.162969E+01 0.197526E+02
 -.268990E+00 -.418212E+01 -.205688E+01 -.161549E+01 0.173220E+02
 -.115324E+00 -.412200E+01 -.196885E+01 -.205053E+01 0.167882E+02
 -.322433E+00 -.428180E+01 -.155923E+01 -.300000E+01 0.186562E+02
 -.289399E+00 -.436781E+01 -.182136E+01 -.200325E+01 0.184928E+02
 -.313337E+00 -.424103E+01 -.157885E+01 -.290503E+01 0.176972E+02
 -.289704E+00 -.430629E+01 -.179471E+01 -.201525E+01 0.152938E+02
 -.206352E+00 -.420899E+01 -.181341E+01 -.239661E+01 0.146175E+02
 -.137184E+00 -.426167E+01 -.191941E+01 -.233232E+01 0.164092E+02
 -.265023E+00 -.420714E+01 -.180249E+01 -.225183E+01 0.192174E+02
 -.196163E+00 -.420613E+01 -.182606E+01 -.223422E+01 0.161624E+02
 -.302524E+00 -.422579E+01 -.178810E+01 -.186347E+01 0.193543E+02
 -.231370E+00 -.416482E+01 -.186308E+01 -.203578E+01 0.143379E+02
 -.114207E+00 -.416005E+01 -.189000E+01 -.250210E+01 0.165000E+02
 -.376985E+00 -.425000E+01 -.165823E+01 -.209242E+01 0.198395E+02
 -.245457E+00 -.420856E+01 -.181493E+01 -.211263E+01 0.141074E+02
 -.375208E+00 -.413400E+01 -.150787E+01 -.224577E+01 0.196721E+02
 -.225881E+00 -.425200E+01 -.183644E+01 -.215296E+01 0.144849E+02
 -.134978E+00 -.429446E+01 -.189865E+01 -.233579E+01 0.163159E+02
 -.306215E+00 -.426408E+01 -.164940E+01 -.255792E+01 0.170713E+02
 0.000000E+00 -.411440E+01 -.200125E+01 -.283689E+01 0.197230E+02
 -.138365E+00 -.417590E+01 -.188155E+01 -.241114E+01 0.153442E+02
 -.177969E+00 -.428441E+01 -.182061E+01 -.291577E+01 0.170697E+02
 -.202145E+00 -.419236E+01 -.182548E+01 -.234593E+01 0.145188E+02
 -.359880E+00 -.422889E+01 -.174027E+01 -.190501E+01 0.146549E+02
 -.143888E+00 -.420521E+01 -.186171E+01 -.294783E+01 0.164187E+02
 -.574165E-01 -.405478E+01 -.207239E+01 -.193564E+01 0.193552E+02
 -.398196E+00 -.434955E+01 -.163508E+01 -.200000E+01 0.189293E+02
 -.179687E+00 -.416862E+01 -.184701E+01 -.240311E+01 0.148318E+02
 -.273635E+00 -.419923E+01 -.182969E+01 -.211412E+01 0.197232E+02
 -.161190E+00 -.417634E+01 -.194095E+01 -.200305E+01 0.151204E+02
 -.232301E+00 -.419894E+01 -.183699E+01 -.229611E+01 0.188333E+02
 -.197121E+00 -.432051E+01 -.181959E+01 -.227772E+01 0.173535E+02
 0.000000E+00 -.419650E+01 -.204652E+01 -.211434E+01 0.190059E+02
 -.253660E+00 -.436203E+01 -.175634E+01 -.244785E+01 0.184946E+02
 -.262559E+00 -.425000E+01 -.183939E+01 -.198065E+01 0.142812E+02
 -.256226E+00 -.430175E+01 -.181672E+01 -.213896E+01 0.163023E+02
 -.394043E+00 -.422453E+01 -.195283E+01 -.161524E+01 0.187947E+02
 -.194255E+00 -.417878E+01 -.178307E+01 -.295089E+01 0.155447E+02
 -.299766E+00 -.420704E+01 -.163326E+01 -.297881E+01 0.179746E+02
 -.251249E+00 -.418613E+01 -.168765E+01 -.253277E+01 0.185536E+02
 -.304887E+00 -.436247E+01 -.162583E+01 -.281628E+01 0.198836E+02
 -.289607E+00 -.425849E+01 -.161393E+01 -.255581E+01 0.195418E+02
 -.321947E+00 -.427790E+01 -.160649E+01 -.254503E+01 0.171682E+02
 -.510161E+00 -.418666E+01 -.165515E+01 -.166305E+01 0.162087E+02
 -.156572E+00 -.415628E+01 -.187022E+01 -.220061E+01 0.186337E+02
 0.000000E+00 -.415016E+01 -.205295E+01 -.216258E+01 0.176017E+02
 -.353220E+00 -.420207E+01 -.149964E+01 -.288838E+01 0.195678E+02
 -.170413E+00 -.424206E+01 -.183490E+01 -.268565E+01 0.156355E+02
 -.186896E+00 -.429164E+01 -.178726E+01 -.290541E+01 0.165819E+02
 -.215563E+00 -.423423E+01 -.181656E+01 -.218434E+01 0.155550E+02
 -.267516E+00 -.434464E+01 -.180521E+01 -.211993E+01 0.172316E+02
 -.181669E+00 -.425000E+01 -.191299E+01 -.219366E+01 0.180167E+02
 -.229816E+00 -.429949E+01 -.179729E+01 -.248900E+01 0.181752E+02
 -.197316E+00 -.420607E+01 -.182086E+01 -.236459E+01 0.146875E+02
 -.139625E+00 -.424992E+01 -.200589E+01 -.188794E+01 0.161005E+02
 -.322074E+00 -.420673E+01 -.169274E+01 -.210060E+01 0.146451E+02
 -.239212E+00 -.419778E+01 -.191416E+01 -.197638E+01 0.180754E+02
 -.244197E+00 -.427116E+01 -.180999E+01 -.235777E+01 0.197104E+02
 -.143563E+00 -.417962E+01 -.208055E+01 -.177203E+01 0.159290E+02
 -.197251E+00 -.441940E+01 -.193643E+01 -.196800E+01 0.193055E+02
 -.311654E+00 -.408900E+01 -.186527E+01 -.176317E+01 0.194669E+02
 -.292586E+00 -.415130E+01 -.169329E+01 -.213071E+01 0.192516E+02
 -.237368E+00 -.425000E+01 -.170000E+01 -.285220E+01 0.170847E+02
 -.532294E+00 -.423052E+01 -.170427E+01 -.156527E+01 0.174847E+02
 -.143344E+00 -.417132E+01 -.187376E+01 -.300000E+01 0.182248E+02
 -.178006E+00 -.415824E+01 -.183910E+01 -.267735E+01 0.164376E+02
 -.232381E+00 -.415510E+01 -.190432E+01 -.199742E+01 0.166616E+02
 -.207743E+00 -.420862E+01 -.183511E+01 -.208580E+01 0.181787E+02
 -.807863E-01 -.421328E+01 -.199423E+01 -.203411E+01 0.182598E+02
 -.292303E+00 -.422743E+01 -.177562E+01 -.205226E+01 0.142260E+02
 0.000000E+00 -.423736E+01 -.205654E+01 -.209537E+01 0.186570E+02
 -.248453E+00 -.420229E+01 -.171861E+01 -.269689E+01 0.154919E+02
 -.195443E+00 -.424638E+01 -.182221E+01 -.266099E+01 0.169868E+02
 -.240019E+00 -.424942E+01 -.181544E+01 -.200541E+01 0.189467E+02
 -.276937E+00 -.423865E+01 -.174451E+01 -.209083E+01 0.165427E+02
 -.225319E+00 -.436708E+01 -.174149E+01 -.257445E+01 0.188127E+02
 -.281165E+00 -.419169E+01 -.178851E+01 -.214632E+01 0.163236E+02
 -.180644E+00 -.428027E+01 -.192059E+01 -.201185E+01 0.154348E+02
 -.220575E+00 -.425701E+01 -.175306E+01 -.275485E+01 0.157319E+02
 -.216634E-01 -.412940E+01 -.201804E+01 -.220651E+01 0.179919E+02
 -.223378E+00 -.418273E+01 -.185292E+01 -.209438E+01 0.141782E+02
 -.203326E+00 -.436688E+01 -.178892E+01 -.250479E+01 0.180727E+02
 -.151184E+00 -.425410E+01 -.187370E+01 -.269058E+01 0.174704E+02
 -.245406E+00 -.420634E+01 -.187741E+01 -.199617E+01 0.149834E+02
 -.264466E+00 -.442273E+01 -.170000E+01 -.259622E+01 0.198964E+02
 -.247063E+00 -.413652E+01 -.215582E+01 -.156290E+01 0.190548E+02
 -.282664E+00 -.421382E+01 -.177782E+01 -.220664E+01 0.175769E+02
 -.219338E+00 -.427912E+01 -.188144E+01 -.200000E+01 0.150089E+02
 0.000000E+00 -.409421E+01 -.203220E+01 -.229872E+01 0.188225E+02
 -.139654E+00 -.427201E+01 -.192517E+01 -.219910E+01 0.155414E+02
 -.209263E+00 -.420320E+01 -.173446E+01 -.287264E+01 0.175851E+02
 -.253031E+00 -.419641E+01 -.181139E+01 -.206712E+01 0.143167E+02
 -.309626E+00 -.424657E+01 -.189454E+01 -.177015E+01 0.149143E+02
 -.179377E+00 -.424658E+01 -.193502E+01 -.200000E+01 0.147244E+02
 -.219365E+00 -.429987E+01 -.174645E+01 -.251497E+01 0.181776E+02
 -.254701E+00 -.422446E+01 -.176744E+01 -.219680E+01 0.147455E+02
 -.175566E+00 -.428852E+01 -.183965E+01 -.239995E+01 0.159752E+02
 -.219417E+00 -.435709E+01 -.189366E+01 -.194392E+01 0.174595E+02
 -.336289E+00 -.419558E+01 -.170000E+01 -.206195E+01 0.147010E+02
 -.230278E+00 -.426272E+01 -.190810E+01 -.188633E+01 0.153643E+02
 -.238353E+00 -.418756E+01 -.180352E+01 -.243809E+01 0.187171E+02
 -.172482E+00 -.426130E+01 -.189875E+01 -.208788E+01 0.156829E+02
 -.274253E+00 -.435893E+01 -.179381E+01 -.213247E+01 0.178581E+02
 -.232268E+00 -.414839E+01 -.172727E+01 -.300000E+01 0.163297E+02
 -.316020E+00 -.424533E+01 -.171484E+01 -.200566E+01 0.162500E+02
 -.218353E+00 -.425066E+01 -.187862E+01 -.197931E+01 0.153703E+02
 -.220893E+00 -.420428E+01 -.182018E+01 -.228800E+01 0.146101E+02
 -.206649E+00 -.425515E+01 -.183221E+01 -.239024E+01 0.160293E+02
 -.814070E-01 -.429504E+01 -.188768E+01 -.293790E+01 0.198811E+02
 0.000000E+00 -.415730E+01 -.211245E+01 -.198001E+01 0.178872E+02
 -.311467E+00 -.419876E+01 -.178692E+01 -.186816E+01 0.168833E+02
 -.166127E+00 -.420590E+01 -.182522E+01 -.243248E+01 0.175834E+02
 -.237717E+00 -.418762E+01 -.185162E+01 -.210246E+01 0.150236E+02
 -.354984E+00 -.424001E+01 -.155625E+01 -.252706E+01 0.185839E+02
 -.103393E+00 -.425746E+01 -.194769E+01 -.215496E+01 0.174272E+02
 -.228991E+00 -.419638E+01 -.187322E+01 -.200000E+01 0.141516E+02
 -.220784E+00 -.428413E+01 -.177670E+01 -.240677E+01 0.158531E+02
 -.365504E+00 -.420092E+01 -.196771E+01 -.164134E+01 0.191277E+02
 -.355901E+00 -.419305E+01 -.189491E+01 -.169841E+01 0.156150E+02
 -.348663E+00 -.414242E+01 -.161735E+01 -.215047E+01 0.167258E+02
 -.479594E-01 -.422378E+01 -.199882E+01 -.220280E+01 0.169670E+02
 -.293574E+00 -.419439E+01 -.181504E+01 -.184347E+01 0.192357E+02
 -.233972E+00 -.422769E+01 -.181117E+01 -.211255E+01 0.153250E+02
 -.411941E+00 -.419755E+01 -.172597E+01 -.183396E+01 0.179096E+02
 -.247835E+00 -.418828E+01 -.183044E+01 -.214315E+01 0.154582E+02
 -.256713E+00 -.421578E+01 -.179999E+01 -.217324E+01 0.146759E+02
 -.237862E+00 -.425364E+01 -.189813E+01 -.189186E+01 0.150392E+02
 -.346218E+00 -.409029E+01 -.170000E+01 -.201611E+01 0.178759E+02
 -.283425E+00 -.419668E+01 -.174270E+01 -.222392E+01 0.147444E+02
 -.308682E+00 -.418243E+01 -.177878E+01 -.211095E+01 0.199176E+02
 -.273428E+00 -.421692E+01 -.165037E+01 -.300000E+01 0.165691E+02
 -.255847E+00 -.423283E+01 -.178335E+01 -.243331E+01 0.197271E+02
 -.809855E-02 -.423190E+01 -.212783E+01 -.194292E+01 0.192746E+02
 -.233178E+00 -.423327E+01 -.183781E+01 -.202521E+01 0.156035E+02
 -.207008E+00 -.420643E+01 -.180564E+01 -.223653E+01 0.169742E+02
 -.265720E+00 -.431643E+01 -.177493E+01 -.234156E+01 0.194415E+02
 -.384411E+00 -.430091E+01 -.156227E+01 -.212281E+01 0.167158E+02
 -.253336E+00 -.425000E+01 -.176678E+01 -.212157E+01 0.172814E+02
 -.222183E+00 -.420569E+01 -.186764E+01 -.205106E+01 0.141027E+02
 -.289142E+00 -.420743E+01 -.175256E+01 -.216213E+01 0.147385E+02
 -.294846E+00 -.424445E+01 -.182084E+01 -.199919E+01 0.165509E+02
 -.234812E+00 -.418990E+01 -.187495E+01 -.213728E+01 0.197894E+02
 -.195361E+00 -.421459E+01 -.177167E+01 -.258126E+01 0.175794E+02
 -.476097E+00 -.437110E+01 -.162337E+01 -.176905E+01 0.184221E+02
 -.100797E+00 -.421890E+01 -.189680E+01 -.269409E+01 0.162283E+02
 -.207396E+00 -.419062E+01 -.204625E+01 -.173097E+01 0.157932E+02
 -.221022E+00 -.419975E+01 -.209490E+01 -.165908E+01 0.170399E+02
 -.223287E+00 -.432898E+01 -.184781E+01 -.200000E+01 0.189488E+02
 -.369775E+00 -.432301E+01 -.176561E+01 -.184038E+01 0.161274E+02
 -.240189E+00 -.421021E+01 -.183830E+01 -.201014E+01 0.150431E+02
 -.209812E+00 -.420360E+01 -.184758E+01 -.221685E+01 0.144325E+02
 -.221592E+00 -.428676E+01 -.190504E+01 -.187547E+01 0.180646E+02
 -.252265E+00 -.423152E+01 -.174208E+01 -.219996E+01 0.180865E+02
 -.287863E+00 -.421128E+01 -.163616E+01 -.288147E+01 0.166328E+02
 -.214385E+00 -.430620E+01 -.197016E+01 -.186668E+01 0.168426E+02
 -.142554E+00 -.421862E+01 -.184268E+01 -.300000E+01 0.157894E+02
 -.562053E-01 -.428011E+01 -.200834E+01 -.215092E+01 0.173119E+02
 -.212349E+00 -.420407E+01 -.183920E+01 -.229629E+01 0.152905E+02
 -.235344E+00 -.419969E+01 -.167752E+01 -.300000E+01 0.195601E+02
 0.000000E+00 -.418159E+01 -.199748E+01 -.246475E+01 0.189001E+02
 -.151480E+00 -.411942E+01 -.190222E+01 -.222573E+01 0.157028E+02
 -.301230E+00 -.418303E+01 -.181139E+01 -.185253E+01 0.171307E+02
 -.172212E+00 -.420737E+01 -.183524E+01 -.245557E+01 0.151882E+02
 -.212415E+00 -.421369E+01 -.180667E+01 -.216393E+01 0.183826E+02
 -.241917E+00 -.437507E+01 -.194889E+01 -.185828E+01 0.191973E+02
 -.235899E+00 -.419758E+01 -.184068E+01 -.203493E+01 0.146087E+02
 -.292823E+00 -.415044E+01 -.184635E+01 -.195019E+01 0.171066E+02
 -.251565E+00 -.417069E+01 -.170279E+01 -.243011E+01 0.181838E+02
 -.245161E+00 -.411894E+01 -.200588E+01 -.171091E+01 0.171022E+02
 -.214131E+00 -.435637E+01 -.186422E+01 -.200219E+01 0.188582E+02
 -.971956E-02 -.420516E+01 -.199140E+01 -.253237E+01 0.181008E+02
 -.318833E+00 -.422635E+01 -.167832E+01 -.215229E+01 0.149201E+02
 -.356706E+00 -.421408E+01 -.212952E+01 -.148611E+01 0.196193E+02
 -.120733E+00 -.425050E+01 -.197628E+01 -.215302E+01 0.171398E+02
 -.346022E+00 -.416534E+01 -.179951E+01 -.186393E+01 0.157771E+02
 -.243869E+00 -.420385E+01 -.183764E+01 -.206885E+01 0.140874E+02
 -.219471E+00 -.429223E+01 -.193189E+01 -.195957E+01 0.172677E+02
 -.221645E+00 -.422142E+01 -.180831E+01 -.233280E+01 0.146594E+02
 -.314305E+00 -.422830E+01 -.187188E+01 -.185425E+01 0.177517E+02
 -.262129E+00 -.421429E+01 -.178360E+01 -.204370E+01 0.163798E+02
 -.228345E+00 -.420562E+01 -.182391E+01 -.230173E+01 0.160254E+02
 -.419454E+00 -.421740E+01 -.185710E+01 -.159785E+01 0.182244E+02
 -.285465E+00 -.421086E+01 -.174430E+01 -.220018E+01 0.146135E+02
 -.272201E+00 -.426025E+01 -.174687E+01 -.208942E+01 0.175127E+02
 -.311840E+00 -.427314E+01 -.162156E+01 -.273317E+01 0.180139E+02
 -.409252E+00 -.414087E+01 -.154643E+01 -.212517E+01 0.195632E+02
 -.263149E+00 -.425682E+01 -.200676E+01 -.166885E+01 0.171642E+02
 -.386548E+00 -.423980E+01 -.156606E+01 -.213342E+01 0.161900E+02
 -.175405E+00 -.423988E+01 -.182901E+01 -.300000E+01 0.173122E+02
 -.558257E+00 -.419710E+01 -.141145E+01 -.173058E+01 0.173704E+02
 -.261775E+00 -.418798E+01 -.166383E+01 -.280475E+01 0.170673E+02
 -.256353E+00 -.425000E+01 -.178720E+01 -.207588E+01 0.158143E+02
 -.263168E+00 -.417661E+01 -.180648E+01 -.203463E+01 0.145502E+02
 -.259294E+00 -.441447E+01 -.183245E+01 -.195662E+01 0.191838E+02
 -.212463E+00 -.420010E+01 -.187933E+01 -.207680E+01 0.142734E+02
 -.272752E+00 -.418552E+01 -.175135E+01 -.241578E+01 0.181279E+02
 -.237734E+00 -.416114E+01 -.185311E+01 -.199317E+01 0.150047E+02
 -.401232E+00 -.422662E+01 -.169602E+01 -.176556E+01 0.182022E+02
 -.209492E+00 -.426597E+01 -.181587E+01 -.215153E+01 0.183756E+02
 -.243391E+00 -.419199E+01 -.185119E+01 -.200000E+01 0.142236E+02
 -.257767E+00 -.420339E+01 -.183543E+01 -.209786E+01 0.160055E+02
 -.193517E+00 -.416795E+01 -.199912E+01 -.184743E+01 0.154954E+02
 -.295600E+00 -.414501E+01 -.183174E+01 -.197215E+01 0.171119E+02
 -.136841E+00 -.406482E+01 -.203678E+01 -.188254E+01 0.186399E+02
 -.178483E+00 -.432914E+01 -.187172E+01 -.226270E+01 0.165053E+02
 -.300195E+00 -.420462E+01 -.190767E+01 -.183931E+01 0.191227E+02
 -.181470E+00 -.431212E+01 -.186317E+01 -.239937E+01 0.174579E+02
 -.658210E-01 -.419523E+01 -.197982E+01 -.222961E+01 0.162809E+02
 -.212701E+00 -.432735E+01 -.180830E+01 -.244259E+01 0.169157E+02
 -.272118E+00 -.427453E+01 -.169128E+01 -.279324E+01 0.173178E+02
 -.214420E+00 -.407988E+01 -.182667E+01 -.229240E+01 0.174943E+02
 -.203960E+00 -.425000E+01 -.179951E+01 -.229245E+01 0.171817E+02
 -.742438E-01 -.419879E+01 -.200619E+01 -.211387E+01 0.156961E+02
 -.184987E+00 -.435301E+01 -.195915E+01 -.198168E+01 0.187437E+02
 -.185788E+00 -.412590E+01 -.182218E+01 -.246202E+01 0.158908E+02
 -.243861E+00 -.414827E+01 -.182735E+01 -.218379E+01 0.162223E+02
 -.323277E+00 -.421422E+01 -.165636E+01 -.205532E+01 0.199148E+02
 -.234014E+00 -.420547E+01 -.183569E+01 -.228098E+01 0.184899E+02
 -.292332E+00 -.431473E+01 -.168029E+01 -.226608E+01 0.170864E+02
 -.486513E-01 -.420165E+01 -.201058E+01 -.237334E+01 0.194257E+02
 -.285502E+00 -.416503E+01 -.184030E+01 -.193941E+01 0.147929E+02
 -.244438E+00 -.427211E+01 -.180141E+01 -.218176E+01 0.147600E+02
 -.234209E+00 -.414134E+01 -.190930E+01 -.183201E+01 0.188371E+02
 -.229497E+00 -.420278E+01 -.184832E+01 -.200056E+01 0.159564E+02
 0.000000E+00 -.419859E+01 -.200795E+01 -.268286E+01 0.190184E+02
 -.183933E+00 -.421716E+01 -.179346E+01 -.254583E+01 0.171048E+02
 -.234422E+00 -.414380E+01 -.174300E+01 -.279980E+01 0.163819E+02
 -.215270E+00 -.410454E+01 -.191003E+01 -.199155E+01 0.162963E+02
 -.153848E+00 -.419393E+01 -.183670E+01 -.267899E+01 0.156320E+02
 -.321229E+00 -.420625E+01 -.174891E+01 -.207358E+01 0.163509E+02
 -.136371E+00 -.413635E+01 -.181991E+01 -.300000E+01 0.195526E+02
 -.331864E+00 -.438776E+01 -.167120E+01 -.220179E+01 0.188246E+02
 -.258088E+00 -.417630E+01 -.180735E+01 -.212778E+01 0.145492E+02
 -.231379E+00 -.410773E+01 -.188868E+01 -.205181E+01 0.181668E+02
 -.133366E+00 -.424645E+01 -.206516E+01 -.183260E+01 0.165081E+02
 -.230844E+00 -.418464E+01 -.187210E+01 -.191526E+01 0.177070E+02
 -.286801E+00 -.439901E+01 -.178645E+01 -.194644E+01 0.197337E+02
 -.432483E+00 -.433373E+01 -.188431E+01 -.161339E+01 0.187447E+02
 -.256470E+00 -.420480E+01 -.183148E+01 -.214448E+01 0.172283E+02
 -.318252E+00 -.422395E+01 -.179489E+01 -.197544E+01 0.163103E+02
 -.180070E+00 -.424798E+01 -.187954E+01 -.231348E+01 0.162552E+02
 -.257916E+00 -.419436E+01 -.178814E+01 -.211697E+01 0.144127E+02
 -.206912E+00 -.432633E+01 -.196290E+01 -.182153E+01 0.176684E+02
 -.281408E+00 -.413357E+01 -.164852E+01 -.248339E+01 0.189632E+02
 -.102209E+00 -.406434E+01 -.196016E+01 -.221132E+01 0.182366E+02
 -.269725E+00 -.428162E+01 -.177537E+01 -.233362E+01 0.195321E+02
 -.311473E+00 -.413469E+01 -.162199E+01 -.257859E+01 0.176513E+02
 -.232827E+00 -.420273E+01 -.184147E+01 -.210068E+01 0.140911E+02
 -.379791E+00 -.420630E+01 -.147562E+01 -.244536E+01 0.188047E+02
 -.647628E+00 -.425315E+01 -.180574E+01 -.142226E+01 0.197368E+02
 -.376679E+00 -.416858E+01 -.163800E+01 -.201297E+01 0.154329E+02
 -.156457E+00 -.419390E+01 -.191812E+01 -.233569E+01 0.186462E+02
 -.215776E+00 -.411918E+01 -.180495E+01 -.237790E+01 0.158609E+02
 -.163795E+00 -.425000E+01 -.187295E+01 -.213722E+01 0.191920E+02
 -.210654E+00 -.419316E+01 -.194198E+01 -.194110E+01 0.153022E+02
 -.178845E+00 -.435282E+01 -.182643E+01 -.230882E+01 0.198876E+02
 -.356168E+00 -.426765E+01 -.161625E+01 -.222018E+01 0.165510E+02
 -.295664E+00 -.427082E+01 -.188935E+01 -.179361E+01 0.150756E+02
 -.253502E+00 -.420359E+01 -.183081E+01 -.212331E+01 0.156841E+02
 -.247406E+00 -.433182E+01 -.178747E+01 -.233127E+01 0.175934E+02
 -.196314E+00 -.436821E+01 -.184005E+01 -.230469E+01 0.174809E+02
 -.158340E+00 -.412237E+01 -.210776E+01 -.169169E+01 0.175788E+02
 -.208953E+00 -.406998E+01 -.183248E+01 -.218712E+01 0.184277E+02
 -.258528E+00 -.419037E+01 -.182034E+01 -.205074E+01 0.140895E+02
 -.269900E+00 -.421289E+01 -.182799E+01 -.213110E+01 0.193618E+02
 -.252364E+00 -.419890E+01 -.183519E+01 -.214447E+01 0.169172E+02
 -.318131E+00 -.423354E+01 -.170180E+01 -.214793E+01 0.147503E+02
 -.103747E+00 -.420827E+01 -.193139E+01 -.233413E+01 0.155292E+02
 -.443089E+00 -.424815E+01 -.158368E+01 -.192774E+01 0.180874E+02
 -.164750E+00 -.430020E+01 -.187872E+01 -.214774E+01 0.181929E+02
 -.290246E+00 -.442112E+01 -.175884E+01 -.213516E+01 0.190538E+02
 -.253983E+00 -.425497E+01 -.173109E+01 -.219886E+01 0.198555E+02
 -.215586E+00 -.420357E+01 -.178486E+01 -.244659E+01 0.148477E+02
 -.235719E+00 -.420251E+01 -.183648E+01 -.211441E+01 0.141725E+02
 -.236061E+00 -.422602E+01 -.173474E+01 -.232439E+01 0.193035E+02
 -.259784E+00 -.416053E+01 -.183156E+01 -.210619E+01 0.165155E+02
 -.789543E-01 -.422660E+01 -.196299E+01 -.232893E+01 0.160140E+02
 -.347451E+00 -.410245E+01 -.191459E+01 -.167017E+01 0.183112E+02
 -.328315E+00 -.421582E+01 -.169640E+01 -.206547E+01 0.145392E+02
 -.405823E+00 -.422731E+01 -.154892E+01 -.203761E+01 0.158804E+02
 0.000000E+00 -.425200E+01 -.204231E+01 -.219230E+01 0.184991E+02
 -.226066E+00 -.419830E+01 -.180398E+01 -.223268E+01 0.145346E+02
 -.283315E+00 -.409902E+01 -.178640E+01 -.204489E+01 0.165310E+02
 -.339336E+00 -.429766E+01 -.162699E+01 -.213860E+01 0.168755E+02
 -.372203E+00 -.425000E+01 -.165485E+01 -.209479E+01 0.181872E+02
 0.000000E+00 -.409206E+01 -.200467E+01 -.245851E+01 0.195404E+02
 -.757251E-01 -.424934E+01 -.191519E+01 -.300000E+01 0.171642E+02
 -.218592E+00 -.415540E+01 -.183093E+01 -.244210E+01 0.191843E+02
 -.211123E+00 -.425814E+01 -.194888E+01 -.192561E+01 0.159426E+02
 -.122049E+00 -.421069E+01 -.191682E+01 -.221635E+01 0.165956E+02
 -.331505E+00 -.437901E+01 -.179552E+01 -.185373E+01 0.171518E+02
 -.228670E+00 -.421159E+01 -.188227E+01 -.211052E+01 0.181276E+02
 -.425145E+00 -.428862E+01 -.164172E+01 -.187723E+01 0.163696E+02
 -.238529E+00 -.416078E+01 -.183020E+01 -.202655E+01 0.159010E+02
 -.285096E+00 -.421748E+01 -.169231E+01 -.280005E+01 0.195760E+02
 -.173676E+00 -.422782E+01 -.189903E+01 -.236143E+01 0.196148E+02
 -.222568E+00 -.419870E+01 -.205576E+01 -.165976E+01 0.175756E+02
 -.179015E+00 -.422255E+01 -.182721E+01 -.238009E+01 0.159230E+02
 -.430533E+00 -.422882E+01 -.157872E+01 -.197701E+01 0.179455E+02
 -.408058E-01 -.423037E+01 -.209125E+01 -.198416E+01 0.185390E+02
 -.248716E+00 -.421913E+01 -.176590E+01 -.218590E+01 0.158601E+02
 -.242191E+00 -.424215E+01 -.185449E+01 -.205487E+01 0.146929E+02
 -.210660E+00 -.424612E+01 -.183362E+01 -.240599E+01 0.170453E+02
 -.386635E+00 -.419475E+01 -.167309E+01 -.195279E+01 0.157344E+02
 -.262153E+00 -.420172E+01 -.173515E+01 -.214701E+01 0.190204E+02
 -.266553E+00 -.439958E+01 -.171134E+01 -.248323E+01 0.188852E+02
 -.262926E+00 -.420990E+01 -.190977E+01 -.192257E+01 0.185275E+02
 -.237279E+00 -.417272E+01 -.171874E+01 -.296458E+01 0.159699E+02
 -.433655E+00 -.424638E+01 -.155907E+01 -.186976E+01 0.164378E+02
 -.319861E+00 -.411620E+01 -.195634E+01 -.163926E+01 0.198020E+02
 -.275251E+00 -.431656E+01 -.174481E+01 -.207909E+01 0.185436E+02
 -.296571E+00 -.419310E+01 -.173144E+01 -.210198E+01 0.146596E+02
 -.194169E+00 -.408050E+01 -.179702E+01 -.247165E+01 0.188340E+02
 -.444279E+00 -.431837E+01 -.183276E+01 -.165455E+01 0.194736E+02
 -.238229E+00 -.417641E+01 -.174851E+01 -.235926E+01 0.160663E+02
 -.254779E+00 -.421267E+01 -.182178E+01 -.220758E+01 0.180840E+02
 -.117010E+00 -.416159E+01 -.195516E+01 -.212850E+01 0.153298E+02
 -.228019E+00 -.419311E+01 -.186698E+01 -.213480E+01 0.164923E+02
 -.243755E+00 -.420806E+01 -.171568E+01 -.288163E+01 0.157663E+02
 -.250720E+00 -.424971E+01 -.189101E+01 -.183685E+01 0.172250E+02
 -.256518E+00 -.425000E+01 -.183673E+01 -.212490E+01 0.174959E+02
 -.217594E+00 -.419935E+01 -.172440E+01 -.269552E+01 0.187174E+02
 -.163364E+00 -.420094E+01 -.184047E+01 -.239961E+01 0.163878E+02
 -.298584E+00 -.419971E+01 -.169201E+01 -.239414E+01 0.162017E+02
 -.247751E+00 -.417537E+01 -.180002E+01 -.205280E+01 0.167908E+02
 -.243654E+00 -.414718E+01 -.170000E+01 -.254153E+01 0.190002E+02
 -.243137E+00 -.420839E+01 -.170000E+01 -.246419E+01 0.199007E+02
 -.270777E+00 -.414472E+01 -.207676E+01 -.161326E+01 0.177039E+02
 -.199255E+00 -.422157E+01 -.191156E+01 -.196508E+01 0.149048E+02
 -.205282E+00 -.420221E+01 -.188767E+01 -.202559E+01 0.144181E+02
 -.280297E+00 -.411769E+01 -.213584E+01 -.154670E+01 0.198318E+02
 -.225078E+00 -.415662E+01 -.183895E+01 -.211113E+01 0.146205E+02
 0.000000E+00 -.422128E+01 -.200067E+01 -.286360E+01 0.196265E+02
 -.234384E+00 -.418211E+01 -.182511E+01 -.203230E+01 0.168154E+02
 -.256866E+00 -.423613E+01 -.182830E+01 -.212319E+01 0.161016E+02
 -.223861E+00 -.431108E+01 -.179545E+01 -.220583E+01 0.172800E+02
 -.341795E+00 -.420940E+01 -.159569E+01 -.220887E+01 0.168913E+02
 -.345994E+00 -.432470E+01 -.170000E+01 -.209682E+01 0.185739E+02
 -.231370E+00 -.421449E+01 -.176385E+01 -.226320E+01 0.173343E+02
 -.256530E+00 -.419348E+01 -.183506E+01 -.206288E+01 0.146589E+02
 -.439781E+00 -.415021E+01 -.147421E+01 -.206424E+01 0.190817E+02
 -.242281E+00 -.422484E+01 -.180612E+01 -.205574E+01 0.166926E+02
 -.257160E+00 -.419318E+01 -.178482E+01 -.201921E+01 0.190181E+02
 -.205869E+00 -.428933E+01 -.183889E+01 -.225446E+01 0.153356E+02
 -.242273E+00 -.420391E+01 -.183499E+01 -.200211E+01 0.154057E+02
 -.220214E+00 -.405778E+01 -.184884E+01 -.211172E+01 0.185972E+02
 0.000000E+00 -.422558E+01 -.213667E+01 -.191757E+01 0.186850E+02
 -.239396E+00 -.419587E+01 -.179322E+01 -.221251E+01 0.143843E+02
 -.347168E+00 -.417877E+01 -.171344E+01 -.201010E+01 0.152504E+02
 -.231456E+00 -.421297E+01 -.176919E+01 -.272359E+01 0.169405E+02
 -.308573E+00 -.416881E+01 -.182544E+01 -.182498E+01 0.164066E+02
 -.256612E+00 -.420801E+01 -.182761E+01 -.210797E+01 0.152932E+02
 -.286078E+00 -.427616E+01 -.174487E+01 -.212091E+01 0.149635E+02
 -.233062E+00 -.411877E+01 -.191512E+01 -.200157E+01 0.198093E+02
 -.240933E+00 -.420314E+01 -.184077E+01 -.216037E+01 0.161297E+02
 -.226539E+00 -.420337E+01 -.184003E+01 -.215478E+01 0.142822E+02
 -.266436E+00 -.420048E+01 -.183343E+01 -.205392E+01 0.154504E+02
 -.358492E+00 -.422834E+01 -.176079E+01 -.177688E+01 0.187127E+02
 -.125278E+00 -.438380E+01 -.202606E+01 -.187956E+01 0.193827E+02
 -.307977E+00 -.424209E+01 -.178971E+01 -.197331E+01 0.145096E+02
 -.244512E+00 -.420421E+01 -.184150E+01 -.208848E+01 0.145519E+02
 -.309488E+00 -.420149E+01 -.170570E+01 -.212053E+01 0.146818E+02
 -.685884E-01 -.416604E+01 -.199058E+01 -.237453E+01 0.183417E+02
 -.241594E+00 -.417826E+01 -.185351E+01 -.208930E+01 0.153617E+02
 -.280911E+00 -.420457E+01 -.181466E+01 -.202026E+01 0.145199E+02
 -.328408E-01 -.420568E+01 -.202954E+01 -.207119E+01 0.184289E+02
 -.316657E+00 -.420724E+01 -.168772E+01 -.231545E+01 0.173061E+02
 -.285136E+00 -.424705E+01 -.176380E+01 -.214916E+01 0.149356E+02
 -.216099E+00 -.419475E+01 -.197799E+01 -.188104E+01 0.175913E+02
 -.222495E+00 -.425923E+01 -.190893E+01 -.200000E+01 0.159909E+02
 -.245833E+00 -.418625E+01 -.183036E+01 -.199505E+01 0.157810E+02
 -.231197E+00 -.442604E+01 -.182210E+01 -.208476E+01 0.198573E+02
 -.256694E+00 -.425000E+01 -.181745E+01 -.209276E+01 0.145114E+02
 -.246974E+00 -.417216E+01 -.192517E+01 -.178774E+01 0.175939E+02
 -.246114E+00 -.420454E+01 -.183939E+01 -.198609E+01 0.150620E+02
 -.256847E+00 -.421460E+01 -.179707E+01 -.206957E+01 0.147969E+02
 -.236517E+00 -.439406E+01 -.183655E+01 -.200000E+01 0.196958E+02
 -.292468E+00 -.427132E+01 -.177854E+01 -.207431E+01 0.152187E+02
 -.203579E+00 -.427941E+01 -.190812E+01 -.191107E+01 0.182807E+02
 -.289203E+00 -.425000E+01 -.186284E+01 -.192693E+01 0.169691E+02
 -.285522E+00 -.434596E+01 -.191989E+01 -.180272E+01 0.175364E+02
 -.171032E+00 -.428242E+01 -.194855E+01 -.200333E+01 0.154904E+02
 -.223371E+00 -.420710E+01 -.183329E+01 -.209097E+01 0.151349E+02
 -.211488E+00 -.418363E+01 -.186020E+01 -.226685E+01 0.171227E+02
 -.374071E+00 -.431643E+01 -.160644E+01 -.212746E+01 0.171037E+02
 -.236022E+00 -.427964E+01 -.180823E+01 -.230274E+01 0.162794E+02
 -.246053E+00 -.420397E+01 -.183558E+01 -.203903E+01 0.141100E+02
 -.243319E+00 -.420660E+01 -.185907E+01 -.207538E+01 0.156572E+02
 -.286293E+00 -.419444E+01 -.173063E+01 -.204945E+01 0.186164E+02
 -.299982E+00 -.421760E+01 -.183886E+01 -.198378E+01 0.196071E+02
 -.331558E-01 -.420270E+01 -.198008E+01 -.245380E+01 0.172383E+02
 -.229526E+00 -.435161E+01 -.190998E+01 -.190488E+01 0.167788E+02
 -.302832E+00 -.425087E+01 -.162514E+01 -.253572E+01 0.165378E+02
 -.242486E+00 -.420327E+01 -.183441E+01 -.214014E+01 0.150179E+02
 -.169505E+00 -.430438E+01 -.185074E+01 -.243235E+01 0.161956E+02
 -.259654E+00 -.415167E+01 -.182589E+01 -.206009E+01 0.148121E+02
 -.189304E+00 -.425000E+01 -.183137E+01 -.279640E+01 0.188424E+02
 -.310691E+00 -.429650E+01 -.187239E+01 -.184364E+01 0.171986E+02
 -.231310E+00 -.408099E+01 -.187928E+01 -.192002E+01 0.193027E+02
 -.240316E+00 -.419491E+01 -.184209E+01 -.209591E+01 0.144092E+02
 -.363615E+00 -.419307E+01 -.184494E+01 -.171248E+01 0.154758E+02
 -.214703E+00 -.422937E+01 -.188438E+01 -.191256E+01 0.195770E+02
 -.300441E+00 -.421031E+01 -.175962E+01 -.197590E+01 0.154849E+02
 -.285777E+00 -.416107E+01 -.176831E+01 -.204943E+01 0.148381E+02
 -.241807E+00 -.420302E+01 -.183596E+01 -.215779E+01 0.155903E+02
 -.159222E+00 -.420548E+01 -.191056E+01 -.229441E+01 0.165302E+02
 -.314216E+00 -.430870E+01 -.178951E+01 -.193221E+01 0.152290E+02
 -.268351E+00 -.419692E+01 -.180204E+01 -.223164E+01 0.191413E+02
 -.230115E+00 -.419765E+01 -.194046E+01 -.189828E+01 0.155209E+02
 -.288055E+00 -.419826E+01 -.180259E+01 -.203823E+01 0.149395E+02
 -.108155E+00 -.423390E+01 -.191266E+01 -.239133E+01 0.161347E+02
 -.305426E+00 -.421316E+01 -.184477E+01 -.184307E+01 0.143330E+02
 -.205819E+00 -.439231E+01 -.180599E+01 -.254509E+01 0.190848E+02
 -.245671E+00 -.417009E+01 -.176978E+01 -.236287E+01 0.149638E+02
 -.261888E+00 -.418412E+01 -.183746E+01 -.205026E+01 0.151531E+02
 -.207495E+00 -.423593E+01 -.177361E+01 -.297253E+01 0.159703E+02
 -.285804E+00 -.413214E+01 -.161206E+01 -.292711E+01 0.190349E+02
 -.275927E+00 -.407338E+01 -.173547E+01 -.225069E+01 0.184340E+02
 -.242201E+00 -.420411E+01 -.184005E+01 -.197776E+01 0.159695E+02
 -.303500E+00 -.432536E+01 -.163781E+01 -.228909E+01 0.192874E+02
 -.284241E+00 -.409723E+01 -.177242E+01 -.221710E+01 0.198927E+02
 -.346730E+00 -.418972E+01 -.168701E+01 -.205877E+01 0.150370E+02
 -.259517E+00 -.420495E+01 -.176941E+01 -.224109E+01 0.144157E+02
 -.223762E+00 -.418381E+01 -.181847E+01 -.220639E+01 0.143524E+02
 -.247928E+00 -.419549E+01 -.179471E+01 -.205112E+01 0.175170E+02
 -.210614E+00 -.433316E+01 -.182886E+01 -.213231E+01 0.181386E+02
 -.724160E-01 -.418330E+01 -.214276E+01 -.172546E+01 0.185442E+02
 -.209002E+00 -.417421E+01 -.190582E+01 -.212993E+01 0.193003E+02
 -.374737E+00 -.419939E+01 -.189224E+01 -.168629E+01 0.165107E+02
 -.218561E+00 -.427138E+01 -.183264E+01 -.229778E+01 0.161518E+02
 -.244149E+00 -.420442E+01 -.183926E+01 -.193365E+01 0.188566E+02
 -.280377E+00 -.419568E+01 -.173395E+01 -.209058E+01 0.172805E+02
 -.221094E+00 -.433020E+01 -.174776E+01 -.300000E+01 0.176029E+02
 -.309341E+00 -.439346E+01 -.170000E+01 -.226741E+01 0.193674E+02
 -.309877E+00 -.428869E+01 -.181083E+01 -.199811E+01 0.190699E+02
 -.225350E+00 -.425000E+01 -.184960E+01 -.203207E+01 0.153690E+02
 -.476109E+00 -.425289E+01 -.149293E+01 -.180657E+01 0.175899E+02
 -.250171E+00 -.416625E+01 -.170000E+01 -.256279E+01 0.170205E+02
 -.227512E+00 -.418599E+01 -.177323E+01 -.228256E+01 0.163472E+02
 -.211634E+00 -.419071E+01 -.185156E+01 -.208232E+01 0.151618E+02
 -.352451E+00 -.440712E+01 -.165782E+01 -.208897E+01 0.186109E+02
 -.255710E+00 -.418698E+01 -.181893E+01 -.208027E+01 0.141800E+02
 -.243259E+00 -.417715E+01 -.184719E+01 -.197573E+01 0.152656E+02
 -.176644E+00 -.418461E+01 -.192001E+01 -.215247E+01 0.161915E+02
 -.228564E+00 -.419832E+01 -.184441E+01 -.204608E+01 0.147852E+02
 -.250249E+00 -.422580E+01 -.200831E+01 -.166304E+01 0.193324E+02
 -.245220E+00 -.420397E+01 -.183659E+01 -.196656E+01 0.165239E+02
 -.228275E+00 -.422816E+01 -.184104E+01 -.200000E+01 0.174025E+02
 -.204939E+00 -.415389E+01 -.191662E+01 -.195913E+01 0.147416E+02
 -.186073E+00 -.410557E+01 -.214488E+01 -.164463E+01 0.193065E+02
 -.242569E+00 -.425653E+01 -.184289E+01 -.217243E+01 0.177167E+02
 -.152950E+00 -.418542E+01 -.184340E+01 -.266294E+01 0.153947E+02
 0.000000E+00 -.424588E+01 -.199791E+01 -.246263E+01 0.194534E+02
 -.293566E+00 -.429923E+01 -.185866E+01 -.179990E+01 0.175343E+02
 0.000000E+00 -.407607E+01 -.206606E+01 -.216382E+01 0.195981E+02
 -.163808E+00 -.411689E+01 -.188401E+01 -.214675E+01 0.177058E+02
 -.237902E+00 -.421627E+01 -.182822E+01 -.197232E+01 0.194688E+02
 -.369528E-01 -.419726E+01 -.198250E+01 -.227290E+01 0.189589E+02
 -.175432E+00 -.409208E+01 -.193886E+01 -.195294E+01 0.176788E+02
 -.184851E+00 -.415924E+01 -.187841E+01 -.217492E+01 0.145799E+02
 -.133143E+00 -.415123E+01 -.199802E+01 -.195393E+01 0.152207E+02
 -.245081E+00 -.420337E+01 -.183493E+01 -.219702E+01 0.175604E+02
 -.273633E+00 -.416680E+01 -.171112E+01 -.281070E+01 0.196423E+02
 -.260994E+00 -.426879E+01 -.177836E+01 -.220434E+01 0.148882E+02
 -.230110E+00 -.420181E+01 -.187181E+01 -.213657E+01 0.177895E+02
 -.753729E-01 -.430475E+01 -.200597E+01 -.215174E+01 0.177618E+02
 -.260643E+00 -.433582E+01 -.180516E+01 -.201736E+01 0.169625E+02
 -.307795E+00 -.421594E+01 -.174922E+01 -.194848E+01 0.168163E+02
 -.236637E+00 -.421086E+01 -.192373E+01 -.180781E+01 0.175027E+02
 -.164808E+00 -.415875E+01 -.178311E+01 -.300000E+01 0.192707E+02
 -.223600E+00 -.417756E+01 -.178502E+01 -.278017E+01 0.182040E+02
 -.156366E+00 -.409055E+01 -.185265E+01 -.274466E+01 0.177295E+02
 -.226976E+00 -.420546E+01 -.186080E+01 -.207462E+01 0.141896E+02
 -.275837E+00 -.415250E+01 -.187821E+01 -.195708E+01 0.189620E+02
 -.320500E+00 -.420996E+01 -.177785E+01 -.197887E+01 0.150858E+02
 -.236003E+00 -.421640E+01 -.186909E+01 -.205367E+01 0.150041E+02
 -.243601E+00 -.420356E+01 -.183898E+01 -.208471E+01 0.142801E+02
 -.337801E+00 -.435581E+01 -.180939E+01 -.181070E+01 0.167531E+02
 -.209811E+00 -.419233E+01 -.188515E+01 -.203956E+01 0.141806E+02
 -.147179E+00 -.439978E+01 -.188499E+01 -.243288E+01 0.193554E+02
 -.334353E+00 -.446105E+01 -.173049E+01 -.195766E+01 0.197392E+02
 -.201485E+00 -.425000E+01 -.189397E+01 -.198368E+01 0.158461E+02
 -.867024E-01 -.424831E+01 -.200513E+01 -.206549E+01 0.159880E+02
 -.199010E+00 -.425669E+01 -.181021E+01 -.300000E+01 0.192293E+02
 -.264439E+00 -.439589E+01 -.177809E+01 -.206381E+01 0.191318E+02
 -.242660E+00 -.420385E+01 -.183978E+01 -.196960E+01 0.163838E+02
 -.318499E+00 -.409221E+01 -.177176E+01 -.198823E+01 0.176569E+02
 -.213446E+00 -.430360E+01 -.183696E+01 -.216286E+01 0.156473E+02
 -.185966E+00 -.422797E+01 -.197389E+01 -.197121E+01 0.180477E+02
 -.245152E+00 -.424247E+01 -.186767E+01 -.207760E+01 0.176526E+02
 -.181064E+00 -.419046E+01 -.187900E+01 -.210133E+01 0.158359E+02
 -.232982E+00 -.408856E+01 -.182224E+01 -.212500E+01 0.170466E+02
 -.343142E+00 -.421002E+01 -.173455E+01 -.189045E+01 0.154362E+02
 -.282489E+00 -.410033E+01 -.176292E+01 -.204648E+01 0.176732E+02
 -.274638E+00 -.429455E+01 -.169950E+01 -.251997E+01 0.163837E+02
 -.296999E+00 -.420749E+01 -.184687E+01 -.187161E+01 0.142345E+02
 -.238975E+00 -.419782E+01 -.179938E+01 -.206046E+01 0.184136E+02
 -.244763E+00 -.425782E+01 -.184857E+01 -.196472E+01 0.155173E+02
 -.231510E+00 -.424818E+01 -.175965E+01 -.226766E+01 0.180314E+02
 -.242125E+00 -.420410E+01 -.183755E+01 -.206373E+01 0.140562E+02
 -.187013E+00 -.414332E+01 -.189784E+01 -.208394E+01 0.148163E+02
 -.190979E+00 -.436956E+01 -.188185E+01 -.213412E+01 0.173399E+02
 -.215281E+00 -.423916E+01 -.185855E+01 -.200000E+01 0.174165E+02
 -.324198E+00 -.425000E+01 -.167523E+01 -.217005E+01 0.149762E+02
 -.652281E-01 -.423504E+01 -.195651E+01 -.245269E+01 0.166097E+02
 -.100900E+00 -.416609E+01 -.191194E+01 -.229239E+01 0.195283E+02
 -.230458E+00 -.420129E+01 -.182732E+01 -.204817E+01 0.163495E+02
 -.200433E+00 -.444293E+01 -.188036E+01 -.208602E+01 0.195895E+02
 -.618559E-01 -.409082E+01 -.203632E+01 -.205310E+01 0.174536E+02
 -.288641E+00 -.418944E+01 -.170000E+01 -.235570E+01 0.152039E+02
 -.232094E+00 -.418194E+01 -.183391E+01 -.203161E+01 0.160320E+02
 -.295338E+00 -.417414E+01 -.173775E+01 -.204940E+01 0.158249E+02
 -.293294E+00 -.422095E+01 -.186253E+01 -.183499E+01 0.144925E+02
 -.237245E+00 -.414991E+01 -.194513E+01 -.192380E+01 0.199013E+02
 -.164736E+00 -.409912E+01 -.185114E+01 -.259375E+01 0.170147E+02
 -.276213E+00 -.434105E+01 -.183537E+01 -.205381E+01 0.198953E+02
 -.234998E+00 -.430383E+01 -.189583E+01 -.198596E+01 0.164838E+02
 -.241659E+00 -.420432E+01 -.183561E+01 -.214582E+01 0.151788E+02
 -.235208E+00 -.417006E+01 -.186322E+01 -.211152E+01 0.164373E+02
 -.260180E+00 -.418004E+01 -.184936E+01 -.205622E+01 0.165673E+02
 -.169886E+00 -.415562E+01 -.185312E+01 -.224176E+01 0.172963E+02
 0.000000E+00 -.422025E+01 -.209493E+01 -.198035E+01 0.178913E+02
 -.242829E+00 -.409541E+01 -.180899E+01 -.209820E+01 0.172361E+02
 -.267728E+00 -.435743E+01 -.182273E+01 -.211803E+01 0.197907E+02
 -.223663E+00 -.419046E+01 -.186837E+01 -.192862E+01 0.190026E+02
 -.286215E+00 -.414556E+01 -.183656E+01 -.198139E+01 0.164830E+02
 -.230373E+00 -.419550E+01 -.180271E+01 -.233817E+01 0.149847E+02
 -.514428E-01 -.427735E+01 -.203551E+01 -.204241E+01 0.175160E+02
 -.248160E+00 -.419401E+01 -.200999E+01 -.171890E+01 0.156156E+02
 -.230264E+00 -.422661E+01 -.185401E+01 -.197179E+01 0.166404E+02
 -.216943E+00 -.419810E+01 -.184380E+01 -.207576E+01 0.154265E+02
 -.281626E+00 -.426376E+01 -.184664E+01 -.199620E+01 0.176656E+02
 -.240585E+00 -.418740E+01 -.184142E+01 -.194149E+01 0.187822E+02
 -.243313E+00 -.421504E+01 -.172095E+01 -.255281E+01 0.157917E+02
 -.267302E+00 -.437226E+01 -.188051E+01 -.195395E+01 0.198882E+02
 -.241982E+00 -.420444E+01 -.183684E+01 -.206715E+01 0.140576E+02
 -.294503E+00 -.428555E+01 -.174297E+01 -.208712E+01 0.150484E+02
 -.222554E+00 -.438879E+01 -.185800E+01 -.213789E+01 0.184743E+02
 -.215833E+00 -.422771E+01 -.179415E+01 -.224392E+01 0.167045E+02
 -.267907E+00 -.421176E+01 -.174677E+01 -.222171E+01 0.145633E+02
 -.196372E+00 -.420183E+01 -.188725E+01 -.213884E+01 0.146496E+02
 -.250754E+00 -.422047E+01 -.190332E+01 -.191279E+01 0.149458E+02
 -.257900E+00 -.417967E+01 -.184620E+01 -.203835E+01 0.150920E+02
 -.130620E+00 -.423625E+01 -.196767E+01 -.204797E+01 0.151317E+02
 -.327476E+00 -.423632E+01 -.175090E+01 -.203172E+01 0.159057E+02
 -.249999E+00 -.421569E+01 -.185545E+01 -.209661E+01 0.174338E+02
 -.323134E+00 -.420667E+01 -.173213E+01 -.203157E+01 0.143320E+02
 -.254705E+00 -.416682E+01 -.184662E+01 -.208317E+01 0.165292E+02
 -.271073E+00 -.417738E+01 -.183515E+01 -.207194E+01 0.175559E+02
 -.239929E+00 -.428093E+01 -.184204E+01 -.205873E+01 0.147907E+02
 -.224651E+00 -.415523E+01 -.174677E+01 -.265042E+01 0.158800E+02
 -.242553E+00 -.420419E+01 -.183924E+01 -.199189E+01 0.153347E+02
 -.272529E+00 -.425083E+01 -.180534E+01 -.218911E+01 0.191881E+02
 -.159979E+00 -.411617E+01 -.189535E+01 -.247568E+01 0.196130E+02
 -.177647E+00 -.422598E+01 -.188628E+01 -.210939E+01 0.153050E+02
 -.229940E+00 -.418993E+01 -.173853E+01 -.279252E+01 0.155016E+02
 -.268133E+00 -.427109E+01 -.171475E+01 -.269968E+01 0.179423E+02
 -.240289E+00 -.432210E+01 -.179372E+01 -.213517E+01 0.169974E+02
 -.238887E+00 -.426212E+01 -.183190E+01 -.208551E+01 0.145216E+02
 -.239488E+00 -.421671E+01 -.196951E+01 -.186616E+01 0.196943E+02
 -.208118E+00 -.431783E+01 -.188328E+01 -.200000E+01 0.166496E+02
 -.258563E+00 -.430104E+01 -.180373E+01 -.210485E+01 0.151878E+02
 -.136866E+00 -.412334E+01 -.192302E+01 -.209677E+01 0.182065E+02
 -.220783E+00 -.412338E+01 -.185677E+01 -.200960E+01 0.172221E+02
 -.245126E+00 -.427564E+01 -.185516E+01 -.211915E+01 0.181858E+02
 -.225484E+00 -.426118E+01 -.187848E+01 -.200000E+01 0.145769E+02
 -.323961E+00 -.426031E+01 -.186057E+01 -.185554E+01 0.185686E+02
 -.242581E+00 -.420382E+01 -.183746E+01 -.202165E+01 0.145146E+02
 -.238595E+00 -.428149E+01 -.175889E+01 -.222321E+01 0.183796E+02
 -.270442E+00 -.421276E+01 -.182504E+01 -.207174E+01 0.158582E+02
 -.305345E+00 -.420444E+01 -.184208E+01 -.195854E+01 0.195765E+02
 -.215994E+00 -.431569E+01 -.191899E+01 -.186272E+01 0.186100E+02
 -.236961E+00 -.410144E+01 -.171166E+01 -.300000E+01 0.180780E+02
 -.498315E+00 -.426606E+01 -.166907E+01 -.164881E+01 0.158433E+02
 -.212721E+00 -.431258E+01 -.188949E+01 -.205031E+01 0.159007E+02
 -.187900E+00 -.428896E+01 -.186093E+01 -.213677E+01 0.167353E+02
 -.208001E+00 -.418519E+01 -.183790E+01 -.215929E+01 0.149922E+02
 -.229934E+00 -.429140E+01 -.187703E+01 -.208848E+01 0.174485E+02
 -.389963E+00 -.421954E+01 -.184791E+01 -.174275E+01 0.196908E+02
 -.278399E+00 -.421132E+01 -.180106E+01 -.205038E+01 0.142559E+02
 -.205660E+00 -.420478E+01 -.185147E+01 -.217018E+01 0.142532E+02
 -.228920E+00 -.421261E+01 -.182000E+01 -.203594E+01 0.187179E+02
 -.242354E+00 -.420394E+01 -.183608E+01 -.214330E+01 0.152466E+02
 -.179846E+00 -.424683E+01 -.197411E+01 -.199028E+01 0.184428E+02
 -.240230E+00 -.420415E+01 -.185747E+01 -.216667E+01 0.191892E+02
 -.219845E+00 -.424255E+01 -.182900E+01 -.216684E+01 0.145647E+02
 -.255140E+00 -.421882E+01 -.179252E+01 -.205366E+01 0.160946E+02
 -.287459E+00 -.427328E+01 -.174313E+01 -.209526E+01 0.152772E+02
 -.226954E+00 -.418880E+01 -.187190E+01 -.207386E+01 0.148260E+02
 -.244785E+00 -.427489E+01 -.187705E+01 -.203711E+01 0.173802E+02
 -.231179E+00 -.416901E+01 -.183806E+01 -.205200E+01 0.150902E+02
 -.217432E+00 -.428020E+01 -.189902E+01 -.207812E+01 0.178612E+02
 -.248214E+00 -.419684E+01 -.180028E+01 -.206566E+01 0.158957E+02
 -.189271E+00 -.422815E+01 -.182313E+01 -.227038E+01 0.169892E+02
 -.243195E+00 -.412233E+01 -.183513E+01 -.220993E+01 0.187993E+02
 -.231635E+00 -.416002E+01 -.187878E+01 -.200550E+01 0.145184E+02
 -.310527E+00 -.421491E+01 -.177912E+01 -.197857E+01 0.142356E+02
 -.274875E+00 -.411789E+01 -.187407E+01 -.193007E+01 0.172329E+02
 -.241761E+00 -.420420E+01 -.183614E+01 -.223675E+01 0.187311E+02
 -.185785E+00 -.409216E+01 -.185718E+01 -.229092E+01 0.166541E+02
 -.253015E+00 -.418852E+01 -.184247E+01 -.193642E+01 0.161551E+02
 -.230950E+00 -.409796E+01 -.176003E+01 -.230882E+01 0.191737E+02
 -.240628E+00 -.422015E+01 -.183966E+01 -.205794E+01 0.140947E+02
 -.353028E+00 -.421194E+01 -.165680E+01 -.204424E+01 0.148411E+02
 -.261133E+00 -.416340E+01 -.185436E+01 -.203420E+01 0.165607E+02
 -.297779E+00 -.428846E+01 -.170576E+01 -.208868E+01 0.178640E+02
 -.202102E+00 -.420764E+01 -.181504E+01 -.246956E+01 0.148953E+02
 -.220251E+00 -.417572E+01 -.184832E+01 -.208825E+01 0.145170E+02
 -.370206E+00 -.422624E+01 -.173423E+01 -.178756E+01 0.182886E+02
 -.231707E+00 -.419173E+01 -.185291E+01 -.194545E+01 0.184784E+02
 -.246699E+00 -.419241E+01 -.182642E+01 -.206244E+01 0.141605E+02
 -.245811E+00 -.420078E+01 -.177681E+01 -.207813E+01 0.198217E+02
 -.242232E+00 -.420418E+01 -.183962E+01 -.204199E+01 0.141174E+02
 -.255423E+00 -.414299E+01 -.176350E+01 -.231116E+01 0.153622E+02
 -.245810E+00 -.426085E+01 -.181587E+01 -.209192E+01 0.145871E+02
 -.362366E+00 -.428928E+01 -.171597E+01 -.192603E+01 0.150670E+02
 -.266672E+00 -.420615E+01 -.180944E+01 -.212609E+01 0.154777E+02
 -.238434E+00 -.424845E+01 -.187931E+01 -.192019E+01 0.152478E+02
 -.266494E+00 -.421162E+01 -.183682E+01 -.206454E+01 0.163067E+02
 -.245601E+00 -.413214E+01 -.180295E+01 -.233352E+01 0.181589E+02
 -.233764E+00 -.419640E+01 -.184386E+01 -.207332E+01 0.140958E+02
 -.219316E+00 -.411041E+01 -.175156E+01 -.248885E+01 0.186582E+02
 -.232662E+00 -.413176E+01 -.184297E+01 -.207081E+01 0.151124E+02
 -.241351E+00 -.424309E+01 -.185319E+01 -.190689E+01 0.194763E+02
 -.419207E+00 -.418058E+01 -.188266E+01 -.159307E+01 0.173124E+02
 -.250584E+00 -.418739E+01 -.177845E+01 -.208824E+01 0.176153E+02
 -.242788E+00 -.434566E+01 -.176485E+01 -.255405E+01 0.187317E+02
 -.317836E+00 -.422016E+01 -.179215E+01 -.193459E+01 0.143897E+02
 -.250315E+00 -.440122E+01 -.187505E+01 -.190019E+01 0.185796E+02
 0.000000E+00 -.417554E+01 -.207601E+01 -.215860E+01 0.189919E+02
 -.270341E+00 -.421098E+01 -.186582E+01 -.200353E+01 0.183743E+02
 -.253957E+00 -.438453E+01 -.186499E+01 -.200000E+01 0.184169E+02
 -.239560E+00 -.427990E+01 -.177324E+01 -.234737E+01 0.152618E+02
 -.244413E+00 -.419584E+01 -.184095E+01 -.205988E+01 0.141175E+02
 -.221668E+00 -.413626E+01 -.184740E+01 -.204385E+01 0.163520E+02
 -.174066E+00 -.420582E+01 -.188684E+01 -.219393E+01 0.144284E+02
 -.208037E+00 -.418947E+01 -.186849E+01 -.198974E+01 0.179456E+02
 -.234721E+00 -.423824E+01 -.181479E+01 -.207371E+01 0.162108E+02
 -.251144E+00 -.422233E+01 -.183401E+01 -.205804E+01 0.141766E+02
 -.243255E+00 -.426408E+01 -.184977E+01 -.211297E+01 0.164842E+02
 -.237525E+00 -.422545E+01 -.182995E+01 -.231567E+01 0.197449E+02
 -.241945E+00 -.420398E+01 -.183644E+01 -.200144E+01 0.153249E+02
 -.209142E+00 -.407134E+01 -.184176E+01 -.210900E+01 0.194066E+02
 -.289394E+00 -.430178E+01 -.173749E+01 -.217554E+01 0.154236E+02
 -.250208E+00 -.430196E+01 -.190102E+01 -.196002E+01 0.182666E+02
 -.242634E+00 -.416815E+01 -.185038E+01 -.212923E+01 0.167473E+02
 -.288273E+00 -.407333E+01 -.184012E+01 -.191469E+01 0.180668E+02
 -.244500E+00 -.420575E+01 -.186067E+01 -.211970E+01 0.183186E+02
 -.267841E+00 -.425225E+01 -.184963E+01 -.206486E+01 0.192606E+02
 -.180776E+00 -.426137E+01 -.189871E+01 -.209470E+01 0.149166E+02
 -.189455E+00 -.420361E+01 -.192200E+01 -.215235E+01 0.192468E+02
 -.221703E+00 -.415401E+01 -.182987E+01 -.206695E+01 0.173481E+02
 0.000000E+00 -.410517E+01 -.204774E+01 -.219526E+01 0.183671E+02
 -.234448E+00 -.420273E+01 -.183956E+01 -.205169E+01 0.144303E+02
 -.244584E+00 -.427087E+01 -.183113E+01 -.224769E+01 0.196971E+02
 -.270374E+00 -.425025E+01 -.186731E+01 -.191331E+01 0.145131E+02
 -.117596E+00 -.431360E+01 -.191516E+01 -.244373E+01 0.172556E+02
 -.219972E+00 -.414662E+01 -.185143E+01 -.205400E+01 0.155488E+02
 -.286048E+00 -.424769E+01 -.177977E+01 -.192987E+01 0.190427E+02
 -.242975E+00 -.430383E+01 -.183096E+01 -.219801E+01 0.178581E+02
 -.241579E+00 -.420417E+01 -.183758E+01 -.216921E+01 0.161378E+02
 -.216267E+00 -.419093E+01 -.187953E+01 -.210051E+01 0.150619E+02
 -.228926E+00 -.420365E+01 -.185507E+01 -.211936E+01 0.147585E+02
 -.266754E+00 -.407361E+01 -.180103E+01 -.216147E+01 0.192928E+02
 -.203701E+00 -.436038E+01 -.179707E+01 -.275287E+01 0.188569E+02
 -.245588E+00 -.427029E+01 -.181327E+01 -.207866E+01 0.150589E+02
 -.250068E+00 -.431429E+01 -.178095E+01 -.232363E+01 0.167588E+02
 -.259939E+00 -.434760E+01 -.172223E+01 -.224162E+01 0.197494E+02
 -.266493E+00 -.421699E+01 -.184684E+01 -.206822E+01 0.182433E+02
 -.263003E+00 -.439750E+01 -.181965E+01 -.204220E+01 0.177393E+02
 -.231338E+00 -.420299E+01 -.181746E+01 -.206996E+01 0.165719E+02
 -.264929E+00 -.413771E+01 -.183900E+01 -.205389E+01 0.166369E+02
 -.259587E+00 -.430347E+01 -.182029E+01 -.213414E+01 0.170898E+02
 -.251543E+00 -.424496E+01 -.173120E+01 -.261946E+01 0.158053E+02
 -.280162E+00 -.412800E+01 -.169152E+01 -.232369E+01 0.171448E+02
 -.228460E+00 -.417784E+01 -.184716E+01 -.208088E+01 0.142330E+02
 -.244548E+00 -.422434E+01 -.183654E+01 -.205186E+01 0.141029E+02
 -.431433E+00 -.426377E+01 -.184579E+01 -.163340E+01 0.162808E+02
 -.418370E+00 -.417636E+01 -.184578E+01 -.167270E+01 0.175166E+02
 -.241887E+00 -.420419E+01 -.183853E+01 -.216064E+01 0.160123E+02
 -.217083E+00 -.424703E+01 -.185429E+01 -.197585E+01 0.197176E+02
 -.242801E+00 -.416387E+01 -.174389E+01 -.231337E+01 0.168493E+02
 -.238784E+00 -.425431E+01 -.177838E+01 -.222105E+01 0.155097E+02
 -.243777E+00 -.434675E+01 -.179895E+01 -.204800E+01 0.199181E+02
 -.238607E+00 -.421283E+01 -.185227E+01 -.203327E+01 0.140652E+02
 -.230329E+00 -.417310E+01 -.182709E+01 -.206437E+01 0.158973E+02
 -.272458E+00 -.423600E+01 -.180307E+01 -.212724E+01 0.158868E+02
 -.231033E+00 -.420903E+01 -.184444E+01 -.209762E+01 0.140919E+02
 -.223529E+00 -.404058E+01 -.187633E+01 -.202829E+01 0.198322E+02
 -.248908E+00 -.420546E+01 -.181054E+01 -.213482E+01 0.141357E+02
 -.309923E+00 -.413255E+01 -.172393E+01 -.214273E+01 0.160398E+02
 -.276531E+00 -.415996E+01 -.182179E+01 -.212392E+01 0.198699E+02
 -.242289E+00 -.420411E+01 -.183850E+01 -.194335E+01 0.186369E+02
 -.256626E+00 -.407212E+01 -.184410E+01 -.208234E+01 0.197613E+02
 -.242041E+00 -.431499E+01 -.182560E+01 -.208433E+01 0.155396E+02
 -.389851E+00 -.437950E+01 -.169441E+01 -.190824E+01 0.183181E+02
 -.218524E+00 -.416646E+01 -.183637E+01 -.206018E+01 0.171120E+02
 -.237454E+00 -.417470E+01 -.186956E+01 -.205230E+01 0.152649E+02
 -.226570E+00 -.429241E+01 -.189253E+01 -.208272E+01 0.191832E+02
 -.228786E+00 -.410837E+01 -.183995E+01 -.218806E+01 0.166533E+02
 -.202562E+00 -.421852E+01 -.184099E+01 -.238109E+01 0.158896E+02
 -.261528E+00 -.425042E+01 -.184173E+01 -.204913E+01 0.157364E+02
 -.240752E+00 -.407086E+01 -.178520E+01 -.239826E+01 0.192779E+02
 -.237812E+00 -.423079E+01 -.183754E+01 -.206736E+01 0.142059E+02
 -.319113E+00 -.437263E+01 -.176225E+01 -.203121E+01 0.183987E+02
 -.228977E+00 -.427589E+01 -.184021E+01 -.199766E+01 0.180296E+02
 -.218624E+00 -.423560E+01 -.182336E+01 -.211174E+01 0.165068E+02
 -.240984E+00 -.417590E+01 -.183691E+01 -.202738E+01 0.147275E+02
 -.185893E+00 -.419858E+01 -.186224E+01 -.236668E+01 0.156796E+02
 -.273768E+00 -.427039E+01 -.177603E+01 -.228531E+01 0.187292E+02
 -.222524E+00 -.419296E+01 -.183297E+01 -.205333E+01 0.168986E+02
 -.242357E+00 -.418965E+01 -.181648E+01 -.198513E+01 0.196456E+02
 -.246182E+00 -.419122E+01 -.184124E+01 -.207159E+01 0.143699E+02
 -.246004E+00 -.415627E+01 -.188625E+01 -.202942E+01 0.183647E+02
 -.329828E+00 -.415516E+01 -.171922E+01 -.200708E+01 0.150373E+02
 -.243078E+00 -.418270E+01 -.185444E+01 -.210945E+01 0.164537E+02
 -.237346E+00 -.419045E+01 -.184534E+01 -.205571E+01 0.141023E+02
 -.318886E+00 -.418333E+01 -.177480E+01 -.197131E+01 0.146373E+02
 -.183116E+00 -.420569E+01 -.191458E+01 -.207967E+01 0.144883E+02
 -.259761E+00 -.414848E+01 -.190019E+01 -.193116E+01 0.172953E+02
 -.220848E+00 -.424698E+01 -.182949E+01 -.206824E+01 0.171920E+02
 -.116956E+00 -.410173E+01 -.199878E+01 -.207018E+01 0.175912E+02
 -.244390E+00 -.420586E+01 -.183223E+01 -.206875E+01 0.140579E+02
 -.434702E+00 -.415794E+01 -.141719E+01 -.208194E+01 0.195661E+02
 -.360801E+00 -.428846E+01 -.168458E+01 -.205103E+01 0.171197E+02
 -.276416E+00 -.420512E+01 -.178623E+01 -.196567E+01 0.174487E+02
 -.166915E+00 -.426439E+01 -.196257E+01 -.190521E+01 0.167657E+02
 -.301820E+00 -.423211E+01 -.180547E+01 -.188195E+01 0.154727E+02
 -.229642E+00 -.429691E+01 -.171740E+01 -.256179E+01 0.195020E+02
 -.200993E+00 -.408033E+01 -.179953E+01 -.252553E+01 0.177988E+02
 -.206980E+00 -.418994E+01 -.185234E+01 -.226390E+01 0.152665E+02
 -.259690E+00 -.425278E+01 -.183483E+01 -.206681E+01 0.154184E+02
 -.228555E+00 -.419943E+01 -.181097E+01 -.209157E+01 0.171646E+02
 -.243240E+00 -.411566E+01 -.185791E+01 -.211181E+01 0.184071E+02
 -.114312E+00 -.417147E+01 -.200679E+01 -.193926E+01 0.161385E+02
 -.239880E+00 -.417750E+01 -.180794E+01 -.220417E+01 0.144243E+02
 -.261514E+00 -.424886E+01 -.184164E+01 -.205493E+01 0.159394E+02
 -.220697E+00 -.428244E+01 -.183883E+01 -.209566E+01 0.155660E+02
 -.250406E+00 -.420339E+01 -.184442E+01 -.205091E+01 0.144388E+02
 -.871232E-01 -.422909E+01 -.200990E+01 -.200136E+01 0.166129E+02
 -.258536E+00 -.438796E+01 -.183666E+01 -.205125E+01 0.181796E+02
 -.244761E+00 -.416384E+01 -.182384E+01 -.206130E+01 0.146688E+02
 -.179774E+00 -.411737E+01 -.181277E+01 -.277290E+01 0.164672E+02
 -.180775E+00 -.417612E+01 -.187261E+01 -.240613E+01 0.171376E+02
 -.257117E+00 -.419042E+01 -.178859E+01 -.200439E+01 0.194350E+02
 -.118119E+00 -.415495E+01 -.200437E+01 -.211305E+01 0.198097E+02
 -.315357E+00 -.420400E+01 -.190789E+01 -.170840E+01 0.161918E+02
 -.231681E+00 -.425755E+01 -.190779E+01 -.202235E+01 0.188857E+02
 -.248277E+00 -.418305E+01 -.183429E+01 -.206669E+01 0.142048E+02
 -.236049E+00 -.428764E+01 -.187194E+01 -.203698E+01 0.156868E+02
 -.258254E+00 -.420546E+01 -.178897E+01 -.205683E+01 0.158391E+02
 -.247432E+00 -.431378E+01 -.183975E+01 -.217799E+01 0.197445E+02
 -.250519E+00 -.420760E+01 -.186532E+01 -.205742E+01 0.170521E+02
 -.380237E+00 -.432072E+01 -.161523E+01 -.201443E+01 0.162406E+02
 -.278333E+00 -.420431E+01 -.180821E+01 -.207776E+01 0.154752E+02
 -.242097E+00 -.420417E+01 -.183769E+01 -.207851E+01 0.141089E+02
 -.169841E+00 -.418327E+01 -.193856E+01 -.214758E+01 0.179471E+02
 -.201178E+00 -.420432E+01 -.185783E+01 -.212793E+01 0.146801E+02
 -.272215E+00 -.426303E+01 -.184354E+01 -.197039E+01 0.147748E+02
 -.243405E+00 -.417451E+01 -.177791E+01 -.209238E+01 0.196277E+02
 -.243205E+00 -.422605E+01 -.182292E+01 -.205794E+01 0.146271E+02
 -.217324E+00 -.406009E+01 -.181837E+01 -.223500E+01 0.187334E+02
 -.327480E+00 -.416350E+01 -.173811E+01 -.205821E+01 0.161661E+02
 -.249870E+00 -.426375E+01 -.183157E+01 -.205764E+01 0.144960E+02
 -.417625E+00 -.428816E+01 -.153189E+01 -.209184E+01 0.182393E+02
 -.369550E+00 -.429192E+01 -.182063E+01 -.176676E+01 0.157904E+02
 -.286863E+00 -.422714E+01 -.181210E+01 -.202858E+01 0.153876E+02
 -.197006E+00 -.420160E+01 -.190390E+01 -.195887E+01 0.162656E+02
 -.268881E+00 -.413957E+01 -.183339E+01 -.204554E+01 0.162531E+02
 -.333775E+00 -.431415E+01 -.181207E+01 -.185566E+01 0.158006E+02
 -.456477E+00 -.436470E+01 -.146598E+01 -.200000E+01 0.198170E+02
 -.371642E+00 -.418192E+01 -.178539E+01 -.180184E+01 0.149640E+02
 -.247662E+00 -.419383E+01 -.183530E+01 -.206324E+01 0.141211E+02
 -.224006E+00 -.406713E+01 -.185722E+01 -.200105E+01 0.197947E+02
 -.245580E+00 -.427693E+01 -.183829E+01 -.197617E+01 0.162438E+02
 -.227010E+00 -.420399E+01 -.188244E+01 -.205952E+01 0.153999E+02
 -.194203E+00 -.413802E+01 -.184972E+01 -.210248E+01 0.186368E+02
 -.239157E+00 -.417500E+01 -.187512E+01 -.205926E+01 0.164960E+02
 -.212094E+00 -.422224E+01 -.183380E+01 -.208217E+01 0.175652E+02
 0.000000E+00 -.414272E+01 -.199142E+01 -.248505E+01 0.197386E+02
 -.271344E+00 -.417199E+01 -.169454E+01 -.237394E+01 0.163437E+02
 -.322767E+00 -.439278E+01 -.166472E+01 -.226089E+01 0.187272E+02
 -.240801E+00 -.417809E+01 -.184983E+01 -.212072E+01 0.159135E+02
 -.244260E+00 -.431023E+01 -.179640E+01 -.204284E+01 0.197471E+02
 -.304442E+00 -.410739E+01 -.183896E+01 -.193849E+01 0.190748E+02
 -.235702E+00 -.422355E+01 -.180874E+01 -.218276E+01 0.142660E+02
 -.305989E+00 -.422419E+01 -.181959E+01 -.199825E+01 0.187789E+02
 -.223793E+00 -.417687E+01 -.183395E+01 -.206256E+01 0.161803E+02
 -.179106E+00 -.418795E+01 -.191297E+01 -.206389E+01 0.143549E+02
 -.683687E-01 -.434109E+01 -.199427E+01 -.216074E+01 0.186327E+02
 -.274548E+00 -.419698E+01 -.183601E+01 -.205949E+01 0.177268E+02
 -.257410E+00 -.425998E+01 -.178387E+01 -.205571E+01 0.170170E+02
 -.277260E+00 -.432345E+01 -.180092E+01 -.216040E+01 0.196177E+02
 -.237660E+00 -.421528E+01 -.183622E+01 -.206318E+01 0.142130E+02
 -.180598E+00 -.416688E+01 -.184458E+01 -.255143E+01 0.159481E+02
 -.193918E+00 -.419783E+01 -.190187E+01 -.208923E+01 0.145349E+02
 -.274559E+00 -.420736E+01 -.180140E+01 -.204325E+01 0.140598E+02
 -.241735E+00 -.420404E+01 -.183747E+01 -.196040E+01 0.175752E+02
 -.271512E+00 -.418530E+01 -.185718E+01 -.195940E+01 0.149764E+02
 -.263156E+00 -.435712E+01 -.184971E+01 -.201838E+01 0.179261E+02
 -.340513E+00 -.424772E+01 -.159370E+01 -.233923E+01 0.163023E+02
 -.268025E+00 -.415387E+01 -.184870E+01 -.192601E+01 0.147990E+02
 -.244693E+00 -.422226E+01 -.182163E+01 -.206930E+01 0.143486E+02
 -.198998E+00 -.429916E+01 -.185113E+01 -.227026E+01 0.158370E+02
 -.239312E+00 -.419329E+01 -.180740E+01 -.217398E+01 0.142123E+02
 -.231590E+00 -.417992E+01 -.176817E+01 -.288114E+01 0.184344E+02
 -.118283E+00 -.435124E+01 -.198536E+01 -.204982E+01 0.178751E+02
 -.234947E+00 -.418554E+01 -.184165E+01 -.206286E+01 0.142205E+02
 -.230954E+00 -.424702E+01 -.181681E+01 -.206785E+01 0.170248E+02
 -.193483E+00 -.410437E+01 -.190108E+01 -.215549E+01 0.177489E+02
 -.162316E+00 -.421185E+01 -.189175E+01 -.210632E+01 0.171193E+02
 -.255838E+00 -.420273E+01 -.183072E+01 -.201992E+01 0.140684E+02
 -.377852E+00 -.414700E+01 -.185584E+01 -.171063E+01 0.165080E+02
 -.287991E+00 -.438156E+01 -.176855E+01 -.217145E+01 0.193793E+02
 -.240985E+00 -.421157E+01 -.183565E+01 -.206876E+01 0.140744E+02
 -.222776E+00 -.424799E+01 -.184826E+01 -.202711E+01 0.160812E+02
 -.397819E+00 -.422845E+01 -.175441E+01 -.182978E+01 0.176924E+02
 -.263067E+00 -.422033E+01 -.183967E+01 -.193629E+01 0.148966E+02
 -.123775E+00 -.423731E+01 -.183999E+01 -.296317E+01 0.184345E+02
 -.240927E+00 -.425695E+01 -.169347E+01 -.270887E+01 0.181262E+02
 -.242470E+00 -.420408E+01 -.183683E+01 -.221329E+01 0.179878E+02
 -.224944E+00 -.417853E+01 -.186669E+01 -.211043E+01 0.151850E+02
 -.230084E+00 -.429549E+01 -.183632E+01 -.225456E+01 0.178685E+02
 -.253164E+00 -.418008E+01 -.182612E+01 -.208899E+01 0.144555E+02
 -.207826E+00 -.415607E+01 -.188700E+01 -.210352E+01 0.152039E+02
 -.243568E+00 -.412552E+01 -.184370E+01 -.208466E+01 0.156423E+02
 -.247999E+00 -.422549E+01 -.184812E+01 -.204404E+01 0.143995E+02
 -.253843E+00 -.420062E+01 -.184123E+01 -.206056E+01 0.147698E+02
 -.243926E+00 -.438567E+01 -.182552E+01 -.203988E+01 0.179917E+02
 -.277465E+00 -.420609E+01 -.179861E+01 -.198702E+01 0.147166E+02
 -.914984E-01 -.411662E+01 -.201491E+01 -.206191E+01 0.165231E+02
 -.246374E+00 -.419539E+01 -.183102E+01 -.207309E+01 0.140826E+02
 -.252935E+00 -.439910E+01 -.186592E+01 -.202367E+01 0.198395E+02
 -.164372E+00 -.414640E+01 -.183127E+01 -.300000E+01 0.163232E+02
 -.488122E+00 -.420218E+01 -.170000E+01 -.161944E+01 0.179217E+02
 -.667801E-01 -.417483E+01 -.196688E+01 -.226012E+01 0.169678E+02
 -.254907E+00 -.420273E+01 -.183153E+01 -.214100E+01 0.167388E+02
 -.215870E+00 -.421338E+01 -.185009E+01 -.209327E+01 0.145389E+02
 -.286927E+00 -.422316E+01 -.178655E+01 -.198740E+01 0.145752E+02
 -.302692E+00 -.430545E+01 -.181610E+01 -.195231E+01 0.160619E+02
 -.243244E+00 -.411044E+01 -.184303E+01 -.207145E+01 0.159054E+02
 -.239451E+00 -.425477E+01 -.184789E+01 -.205121E+01 0.144049E+02
 -.268334E+00 -.422083E+01 -.173907E+01 -.252776E+01 0.178784E+02
 -.262996E+00 -.422798E+01 -.183857E+01 -.205645E+01 0.156763E+02
 -.269028E+00 -.430994E+01 -.179537E+01 -.207175E+01 0.153121E+02
 -.291628E+00 -.417637E+01 -.188394E+01 -.174634E+01 0.196995E+02
 -.236470E+00 -.418533E+01 -.183284E+01 -.205310E+01 0.147387E+02
 -.288802E+00 -.418268E+01 -.183269E+01 -.202817E+01 0.187945E+02
 -.134889E+00 -.420875E+01 -.190183E+01 -.222119E+01 0.164936E+02
 -.238514E+00 -.420451E+01 -.184612E+01 -.211633E+01 0.149679E+02
 -.232600E+00 -.423122E+01 -.184165E+01 -.227094E+01 0.190593E+02
 -.246554E+00 -.419350E+01 -.183096E+01 -.206595E+01 0.140794E+02
 -.252150E+00 -.414742E+01 -.177500E+01 -.207947E+01 0.189859E+02
 -.284528E+00 -.424581E+01 -.183694E+01 -.203505E+01 0.191262E+02
 -.229289E+00 -.425061E+01 -.188501E+01 -.200751E+01 0.147285E+02
 -.224848E+00 -.415489E+01 -.184590E+01 -.200000E+01 0.178348E+02
 -.162923E+00 -.424660E+01 -.204108E+01 -.186092E+01 0.183418E+02
 -.227117E+00 -.411395E+01 -.184299E+01 -.202587E+01 0.175290E+02
 -.267803E+00 -.420355E+01 -.184016E+01 -.206348E+01 0.170514E+02
 -.249401E+00 -.419380E+01 -.178560E+01 -.213755E+01 0.150323E+02
 -.241370E+00 -.420412E+01 -.183811E+01 -.222905E+01 0.186653E+02
 -.260359E+00 -.426601E+01 -.192462E+01 -.184224E+01 0.154338E+02
 -.144392E+00 -.410780E+01 -.196634E+01 -.201465E+01 0.160238E+02
 -.262574E+00 -.429528E+01 -.186743E+01 -.198114E+01 0.167140E+02
 -.246426E+00 -.438889E+01 -.179730E+01 -.207352E+01 0.194484E+02
 -.242925E+00 -.423635E+01 -.181754E+01 -.205496E+01 0.152527E+02
 -.246205E+00 -.425827E+01 -.183570E+01 -.210539E+01 0.150906E+02
 -.253801E+00 -.422536E+01 -.183135E+01 -.203312E+01 0.140844E+02
 -.246359E+00 -.416046E+01 -.186818E+01 -.206409E+01 0.172566E+02
 -.371022E+00 -.427930E+01 -.168330E+01 -.202110E+01 0.174769E+02
 -.306648E+00 -.428332E+01 -.171063E+01 -.205791E+01 0.166533E+02
 -.257434E+00 -.424343E+01 -.183579E+01 -.205717E+01 0.148465E+02
 -.275806E+00 -.416827E+01 -.185229E+01 -.197443E+01 0.158577E+02
 -.318191E+00 -.424417E+01 -.175832E+01 -.197498E+01 0.142505E+02
 -.146283E+00 -.420257E+01 -.206483E+01 -.178941E+01 0.156779E+02
 -.275918E+00 -.415988E+01 -.182723E+01 -.206003E+01 0.169740E+02
 -.181154E+00 -.426337E+01 -.183677E+01 -.254856E+01 0.158539E+02
 -.292650E+00 -.414541E+01 -.172007E+01 -.206684E+01 0.184717E+02
 -.226222E+00 -.420183E+01 -.185135E+01 -.214974E+01 0.148780E+02
 -.234173E+00 -.419994E+01 -.180286E+01 -.211439E+01 0.161942E+02
 -.244113E+00 -.421964E+01 -.183695E+01 -.205713E+01 0.140767E+02
 -.168135E+00 -.420625E+01 -.184227E+01 -.261964E+01 0.152326E+02
 -.267813E+00 -.421636E+01 -.178453E+01 -.221901E+01 0.158996E+02
 -.211524E+00 -.410332E+01 -.186953E+01 -.204587E+01 0.165159E+02
 -.246995E+00 -.420821E+01 -.184159E+01 -.200899E+01 0.142263E+02
 -.239107E+00 -.423228E+01 -.183689E+01 -.201043E+01 0.153921E+02
 -.227511E+00 -.419661E+01 -.182875E+01 -.205830E+01 0.162547E+02
 -.306516E+00 -.421292E+01 -.175110E+01 -.211473E+01 0.155781E+02
 -.249890E+00 -.419653E+01 -.182594E+01 -.199541E+01 0.155581E+02
 -.370628E+00 -.440103E+01 -.189164E+01 -.164561E+01 0.197483E+02
 -.255628E+00 -.419888E+01 -.184553E+01 -.196153E+01 0.144219E+02
 -.283793E+00 -.419222E+01 -.179441E+01 -.202579E+01 0.141185E+02
 -.438015E+00 -.424071E+01 -.178629E+01 -.164904E+01 0.158622E+02
 -.200530E+00 -.413028E+01 -.191015E+01 -.205257E+01 0.156736E+02
 -.126826E+00 -.411625E+01 -.193280E+01 -.226524E+01 0.160570E+02
 -.244330E+00 -.429592E+01 -.181810E+01 -.206686E+01 0.155511E+02
 -.246236E+00 -.421748E+01 -.178483E+01 -.212624E+01 0.158639E+02
 -.230503E+00 -.417130E+01 -.175668E+01 -.300000E+01 0.175516E+02
 -.288790E+00 -.418339E+01 -.177444E+01 -.218022E+01 0.174756E+02
 -.231204E+00 -.423041E+01 -.183798E+01 -.206357E+01 0.146349E+02
 -.942925E-01 -.420039E+01 -.199007E+01 -.202955E+01 0.168501E+02
 -.416701E+00 -.422367E+01 -.150354E+01 -.209693E+01 0.169231E+02
 -.189913E+00 -.425551E+01 -.184259E+01 -.213906E+01 0.186892E+02
 -.253193E+00 -.426939E+01 -.181450E+01 -.207678E+01 0.145937E+02
 -.251948E+00 -.420421E+01 -.182752E+01 -.205770E+01 0.140471E+02
 -.453831E+00 -.424375E+01 -.176566E+01 -.163469E+01 0.164059E+02
 -.241592E+00 -.423049E+01 -.183926E+01 -.206365E+01 0.141451E+02
 -.968552E-01 -.425371E+01 -.189912E+01 -.248402E+01 0.185568E+02
 -.242137E+00 -.405545E+01 -.185951E+01 -.205220E+01 0.193798E+02
 -.448130E+00 -.426310E+01 -.173892E+01 -.175110E+01 0.198417E+02
 -.212470E+00 -.428298E+01 -.181114E+01 -.213904E+01 0.193964E+02
 -.341009E+00 -.413283E+01 -.159820E+01 -.220127E+01 0.184318E+02
 -.266585E+00 -.421821E+01 -.183437E+01 -.193218E+01 0.150913E+02
 -.126864E+00 -.425209E+01 -.191676E+01 -.247566E+01 0.171594E+02
 -.223971E+00 -.433190E+01 -.193954E+01 -.192796E+01 0.182495E+02
 -.200067E+00 -.423774E+01 -.178634E+01 -.263092E+01 0.153645E+02
 -.254119E+00 -.418833E+01 -.186617E+01 -.190018E+01 0.152987E+02
 -.211043E+00 -.416973E+01 -.182990E+01 -.221326E+01 0.146283E+02
 -.247348E+00 -.423118E+01 -.184231E+01 -.195958E+01 0.158142E+02
 -.247867E+00 -.413285E+01 -.176509E+01 -.213117E+01 0.195103E+02
 -.242947E+00 -.420926E+01 -.183869E+01 -.207900E+01 0.141695E+02
 -.204003E+00 -.430380E+01 -.186418E+01 -.228895E+01 0.184489E+02
 -.306460E+00 -.432487E+01 -.181643E+01 -.183228E+01 0.182144E+02
 -.627642E-01 -.425000E+01 -.200629E+01 -.222740E+01 0.172871E+02
 -.249794E+00 -.425957E+01 -.183181E+01 -.197666E+01 0.160462E+02
 -.237665E+00 -.419601E+01 -.191239E+01 -.186723E+01 0.147623E+02
 -.224172E+00 -.419804E+01 -.183065E+01 -.206072E+01 0.165165E+02
 -.281695E+00 -.421989E+01 -.177143E+01 -.205479E+01 0.144280E+02
 -.313448E+00 -.421239E+01 -.180099E+01 -.201425E+01 0.186320E+02
 -.235233E+00 -.420268E+01 -.182199E+01 -.202330E+01 0.175489E+02
 -.278104E+00 -.420339E+01 -.170000E+01 -.248573E+01 0.155043E+02
 -.231768E+00 -.423150E+01 -.182135E+01 -.204944E+01 0.169661E+02
 -.188776E+00 -.416713E+01 -.176736E+01 -.300000E+01 0.167833E+02
 -.264038E+00 -.416456E+01 -.182526E+01 -.212263E+01 0.171368E+02
 -.267136E+00 -.420785E+01 -.184859E+01 -.200926E+01 0.154392E+02
 -.247165E+00 -.421376E+01 -.183425E+01 -.206982E+01 0.141216E+02
 -.272047E+00 -.415424E+01 -.170000E+01 -.229761E+01 0.172919E+02
 -.252905E+00 -.428951E+01 -.182474E+01 -.199962E+01 0.158182E+02
 -.180454E+00 -.416373E+01 -.181403E+01 -.273580E+01 0.154294E+02
 -.298883E+00 -.421325E+01 -.176410E+01 -.196958E+01 0.155611E+02
 -.242547E+00 -.422066E+01 -.183254E+01 -.215596E+01 0.153268E+02
 -.281910E+00 -.420416E+01 -.170658E+01 -.219741E+01 0.165112E+02
 -.238987E+00 -.417586E+01 -.177645E+01 -.215881E+01 0.175232E+02
 -.280372E+00 -.420824E+01 -.178901E+01 -.197704E+01 0.155822E+02
 -.246203E+00 -.420429E+01 -.182667E+01 -.207770E+01 0.140648E+02
 -.251323E+00 -.420077E+01 -.186849E+01 -.206248E+01 0.181212E+02
 -.250064E+00 -.420695E+01 -.183867E+01 -.206707E+01 0.144030E+02
 -.255846E+00 -.424297E+01 -.179172E+01 -.211326E+01 0.145433E+02
 -.308518E+00 -.421914E+01 -.190394E+01 -.179127E+01 0.159693E+02
 -.248293E+00 -.438429E+01 -.184829E+01 -.204991E+01 0.179115E+02
 -.301384E+00 -.424543E+01 -.176997E+01 -.206147E+01 0.149473E+02
 -.251017E+00 -.413514E+01 -.184755E+01 -.208123E+01 0.165208E+02
 -.235110E+00 -.416776E+01 -.181333E+01 -.209117E+01 0.158401E+02
 -.264505E+00 -.413955E+01 -.189655E+01 -.183925E+01 0.154938E+02
 -.272014E+00 -.420322E+01 -.183443E+01 -.205449E+01 0.165936E+02
 -.281834E+00 -.418043E+01 -.177342E+01 -.208127E+01 0.142901E+02
 -.284502E+00 -.426986E+01 -.182990E+01 -.205660E+01 0.196297E+02
 -.306870E+00 -.414457E+01 -.179805E+01 -.203001E+01 0.182172E+02
 -.256271E+00 -.426282E+01 -.181116E+01 -.221995E+01 0.176609E+02
 -.238622E+00 -.411472E+01 -.182624E+01 -.205681E+01 0.164892E+02
 -.202587E+00 -.430804E+01 -.194440E+01 -.193165E+01 0.160521E+02
 -.250892E+00 -.420816E+01 -.184366E+01 -.200901E+01 0.140456E+02
 -.254597E+00 -.418752E+01 -.182589E+01 -.206346E+01 0.141581E+02
 -.267194E+00 -.421021E+01 -.177991E+01 -.200000E+01 0.184036E+02
 -.251647E+00 -.420132E+01 -.182838E+01 -.204638E+01 0.140586E+02
 -.173607E+00 -.426082E+01 -.189669E+01 -.208906E+01 0.157061E+02
 -.270046E+00 -.419546E+01 -.178686E+01 -.213448E+01 0.144227E+02
 -.218848E+00 -.420649E+01 -.185276E+01 -.219803E+01 0.152798E+02
 -.262555E+00 -.408449E+01 -.180940E+01 -.206081E+01 0.171464E+02
 -.294927E+00 -.426471E+01 -.179924E+01 -.207897E+01 0.181043E+02
 -.247380E+00 -.417850E+01 -.186968E+01 -.186633E+01 0.187940E+02
 -.252686E+00 -.421902E+01 -.186052E+01 -.206562E+01 0.172118E+02
 -.242347E+00 -.430283E+01 -.184001E+01 -.200452E+01 0.158941E+02
 -.251002E+00 -.415001E+01 -.184500E+01 -.207342E+01 0.156394E+02
 -.255640E+00 -.425198E+01 -.184239E+01 -.209703E+01 0.168822E+02
 -.342799E+00 -.419143E+01 -.170000E+01 -.193141E+01 0.167871E+02
 -.247182E+00 -.421537E+01 -.185678E+01 -.212459E+01 0.185563E+02
 -.261796E+00 -.419387E+01 -.187409E+01 -.189851E+01 0.142717E+02
 -.260157E+00 -.417239E+01 -.202226E+01 -.173286E+01 0.194927E+02
 -.287451E+00 -.422605E+01 -.185002E+01 -.200239E+01 0.198927E+02
 -.285592E+00 -.427615E+01 -.179039E+01 -.203941E+01 0.147106E+02
 -.184089E+00 -.420552E+01 -.185315E+01 -.212026E+01 0.187456E+02
 -.944960E-01 -.424263E+01 -.202048E+01 -.197037E+01 0.161279E+02
 -.249933E+00 -.414547E+01 -.183022E+01 -.219699E+01 0.184149E+02
 -.264084E+00 -.420330E+01 -.175231E+01 -.208963E+01 0.184552E+02
 -.240517E+00 -.424728E+01 -.194910E+01 -.179334E+01 0.154620E+02
 -.237039E+00 -.420842E+01 -.183946E+01 -.200879E+01 0.154157E+02
 -.249669E+00 -.420028E+01 -.184228E+01 -.206392E+01 0.145234E+02
 -.226778E+00 -.411905E+01 -.187277E+01 -.199325E+01 0.157107E+02
 -.249505E+00 -.421313E+01 -.184946E+01 -.206895E+01 0.152653E+02
 -.246708E+00 -.421895E+01 -.185044E+01 -.204911E+01 0.145037E+02
 -.288344E+00 -.419792E+01 -.183464E+01 -.199351E+01 0.166396E+02
 -.161651E+00 -.426989E+01 -.201849E+01 -.188154E+01 0.165860E+02
 -.246616E+00 -.420516E+01 -.182138E+01 -.217075E+01 0.151354E+02
 -.217863E+00 -.420860E+01 -.185380E+01 -.208484E+01 0.143173E+02
 -.286593E+00 -.419290E+01 -.182423E+01 -.194904E+01 0.141443E+02
 -.269070E+00 -.427223E+01 -.181104E+01 -.202059E+01 0.145884E+02
 -.238174E+00 -.421428E+01 -.185118E+01 -.220627E+01 0.194343E+02
 -.218821E+00 -.430506E+01 -.186712E+01 -.205256E+01 0.154118E+02
 -.257464E+00 -.437423E+01 -.182695E+01 -.206941E+01 0.174180E+02
 -.249899E+00 -.424310E+01 -.184186E+01 -.203464E+01 0.142776E+02
 -.252414E+00 -.425766E+01 -.185621E+01 -.206108E+01 0.166580E+02
 -.227196E+00 -.430032E+01 -.183737E+01 -.203205E+01 0.173191E+02
 -.253882E+00 -.425009E+01 -.183828E+01 -.206717E+01 0.150120E+02
 -.153856E+00 -.430118E+01 -.185510E+01 -.296309E+01 0.184361E+02
 -.144601E+00 -.414716E+01 -.193105E+01 -.201009E+01 0.195360E+02
 -.239704E+00 -.415357E+01 -.185171E+01 -.206830E+01 0.148156E+02
 -.440789E+00 -.423830E+01 -.182354E+01 -.162590E+01 0.159006E+02
 -.273235E+00 -.423538E+01 -.184045E+01 -.205767E+01 0.182307E+02
 -.241080E+00 -.420808E+01 -.183860E+01 -.200870E+01 0.149529E+02
 -.241590E+00 -.421930E+01 -.185021E+01 -.203502E+01 0.140882E+02
 -.222062E+00 -.411149E+01 -.187035E+01 -.202477E+01 0.158188E+02
 -.216585E+00 -.425433E+01 -.186966E+01 -.214861E+01 0.159038E+02
 -.369213E+00 -.427780E+01 -.169108E+01 -.193045E+01 0.148642E+02
 -.242345E+00 -.420521E+01 -.175122E+01 -.240358E+01 0.148935E+02
 -.286167E+00 -.415617E+01 -.171053E+01 -.222193E+01 0.156341E+02
 -.240503E+00 -.419995E+01 -.192793E+01 -.191462E+01 0.163644E+02
 -.255143E+00 -.422017E+01 -.184131E+01 -.200559E+01 0.140587E+02
 -.253047E+00 -.427092E+01 -.174103E+01 -.226986E+01 0.163720E+02
 -.347542E+00 -.423404E+01 -.174944E+01 -.195054E+01 0.154623E+02
 -.184943E+00 -.425873E+01 -.193956E+01 -.190173E+01 0.171888E+02
 -.247749E+00 -.434699E+01 -.185045E+01 -.197190E+01 0.166294E+02
 0.000000E+00 -.416826E+01 -.199394E+01 -.247740E+01 0.192495E+02
 -.274907E+00 -.420642E+01 -.184569E+01 -.203447E+01 0.179362E+02
 -.245689E+00 -.416373E+01 -.188226E+01 -.196082E+01 0.146596E+02
 -.239836E+00 -.425623E+01 -.183944E+01 -.201062E+01 0.152626E+02
 -.210822E+00 -.438232E+01 -.179730E+01 -.229631E+01 0.190494E+02
 -.277135E+00 -.419446E+01 -.181154E+01 -.191206E+01 0.173648E+02
 -.234944E+00 -.423173E+01 -.182298E+01 -.214169E+01 0.142240E+02
 -.268398E+00 -.419444E+01 -.162537E+01 -.300000E+01 0.192451E+02
 -.248960E+00 -.421902E+01 -.186874E+01 -.205841E+01 0.174163E+02
 -.221498E+00 -.420383E+01 -.184093E+01 -.204449E+01 0.162972E+02
 -.248365E+00 -.426420E+01 -.185728E+01 -.193587E+01 0.155256E+02
 -.212174E+00 -.420538E+01 -.184410E+01 -.204819E+01 0.175962E+02
 -.261135E+00 -.423880E+01 -.184681E+01 -.206597E+01 0.169810E+02
 -.192075E+00 -.433151E+01 -.180267E+01 -.298109E+01 0.184621E+02
 -.226807E+00 -.420588E+01 -.192980E+01 -.199173E+01 0.195520E+02
 -.348121E+00 -.415836E+01 -.189480E+01 -.169011E+01 0.160572E+02
 -.263721E+00 -.420793E+01 -.184937E+01 -.200943E+01 0.150551E+02
 -.270715E+00 -.414061E+01 -.182724E+01 -.200754E+01 0.149896E+02
 -.247033E+00 -.422069E+01 -.182358E+01 -.199971E+01 0.161091E+02
 -.235359E+00 -.422821E+01 -.185643E+01 -.201904E+01 0.142134E+02
 -.234842E+00 -.420416E+01 -.182991E+01 -.197410E+01 0.198827E+02
 -.300315E+00 -.422346E+01 -.176597E+01 -.219004E+01 0.196288E+02
 -.275392E+00 -.420707E+01 -.169134E+01 -.226639E+01 0.179212E+02
 -.277124E+00 -.421139E+01 -.183432E+01 -.202488E+01 0.161034E+02
 -.237858E+00 -.421046E+01 -.183129E+01 -.210772E+01 0.141015E+02
 -.257154E+00 -.421939E+01 -.186105E+01 -.186743E+01 0.176611E+02
 -.165427E+00 -.422564E+01 -.182276E+01 -.259019E+01 0.160928E+02
 -.259177E+00 -.418818E+01 -.186972E+01 -.187811E+01 0.154387E+02
 -.304064E+00 -.421966E+01 -.180197E+01 -.186228E+01 0.168029E+02
 -.278582E+00 -.419295E+01 -.184769E+01 -.203672E+01 0.195007E+02
 -.262515E+00 -.434812E+01 -.184354E+01 -.200057E+01 0.165640E+02
 -.229150E+00 -.423511E+01 -.185156E+01 -.203919E+01 0.145101E+02
 -.244240E+00 -.417373E+01 -.181093E+01 -.200000E+01 0.191866E+02
 -.225095E+00 -.422287E+01 -.183035E+01 -.207510E+01 0.157671E+02
 -.247732E+00 -.430501E+01 -.185597E+01 -.193755E+01 0.163619E+02
 -.299253E+00 -.413368E+01 -.180037E+01 -.204131E+01 0.177589E+02
 -.247869E+00 -.419277E+01 -.183813E+01 -.201524E+01 0.142586E+02
 -.253851E+00 -.434454E+01 -.179300E+01 -.220456E+01 0.167216E+02
 -.241713E+00 -.414021E+01 -.176114E+01 -.218486E+01 0.190851E+02
 -.243914E+00 -.414876E+01 -.185528E+01 -.196617E+01 0.152992E+02
 -.250747E+00 -.416135E+01 -.187298E+01 -.185213E+01 0.190800E+02
 -.254373E+00 -.421835E+01 -.183175E+01 -.203749E+01 0.140593E+02
 -.351066E+00 -.428109E+01 -.172371E+01 -.185528E+01 0.179644E+02
 -.231514E+00 -.420834E+01 -.181484E+01 -.202963E+01 0.195376E+02
 -.358408E+00 -.428666E+01 -.181743E+01 -.182478E+01 0.174246E+02
 -.314638E+00 -.426306E+01 -.169888E+01 -.220002E+01 0.154274E+02
 -.252925E+00 -.426187E+01 -.178325E+01 -.228709E+01 0.155993E+02
 -.275915E+00 -.418120E+01 -.184411E+01 -.194788E+01 0.143250E+02
 -.273795E+00 -.420830E+01 -.185699E+01 -.200917E+01 0.179890E+02
 -.252129E+00 -.421527E+01 -.180567E+01 -.200162E+01 0.176598E+02
 -.255065E+00 -.430878E+01 -.182798E+01 -.200225E+01 0.156653E+02
 -.301172E+00 -.421449E+01 -.181927E+01 -.200184E+01 0.176842E+02
 -.282559E+00 -.426294E+01 -.173982E+01 -.203422E+01 0.192300E+02
 -.316770E+00 -.423686E+01 -.174142E+01 -.205128E+01 0.145668E+02
 -.425610E+00 -.433021E+01 -.171593E+01 -.172471E+01 0.169209E+02
 -.250194E+00 -.421823E+01 -.176617E+01 -.217740E+01 0.158138E+02
 -.253576E+00 -.420469E+01 -.185492E+01 -.196439E+01 0.141159E+02
 -.222130E+00 -.409975E+01 -.175644E+01 -.261829E+01 0.173690E+02
 -.239272E+00 -.422832E+01 -.182463E+01 -.209856E+01 0.142273E+02
 -.252201E+00 -.422421E+01 -.179731E+01 -.208832E+01 0.148657E+02
 -.215590E+00 -.412050E+01 -.189528E+01 -.201497E+01 0.154419E+02
 -.267491E+00 -.405582E+01 -.181809E+01 -.204195E+01 0.191102E+02
 -.220534E+00 -.423930E+01 -.181536E+01 -.213185E+01 0.165196E+02
 -.250705E+00 -.413532E+01 -.183436E+01 -.195752E+01 0.173642E+02
 -.247756E+00 -.413337E+01 -.181414E+01 -.200758E+01 0.180085E+02
 -.253996E+00 -.417556E+01 -.184017E+01 -.210589E+01 0.164038E+02
 -.230406E+00 -.442164E+01 -.177728E+01 -.232622E+01 0.192840E+02
 -.236879E+00 -.412939E+01 -.190335E+01 -.184507E+01 0.183345E+02
 -.254304E+00 -.424866E+01 -.179069E+01 -.217920E+01 0.144640E+02
 -.221179E+00 -.419680E+01 -.185536E+01 -.219913E+01 0.159432E+02
 -.250239E+00 -.437202E+01 -.179754E+01 -.222673E+01 0.178547E+02
 -.211049E+00 -.421969E+01 -.190033E+01 -.209437E+01 0.167933E+02
 -.258157E+00 -.418995E+01 -.186296E+01 -.194228E+01 0.141520E+02
 -.246687E+00 -.421742E+01 -.183533E+01 -.203237E+01 0.141679E+02
 -.269177E+00 -.418494E+01 -.181264E+01 -.210307E+01 0.154940E+02
 -.232256E+00 -.420677E+01 -.185972E+01 -.210842E+01 0.152824E+02
 -.430555E+00 -.421944E+01 -.197966E+01 -.151894E+01 0.182218E+02
 -.262225E+00 -.432875E+01 -.182086E+01 -.192320E+01 0.199180E+02
 -.283140E+00 -.419270E+01 -.180053E+01 -.200832E+01 0.140966E+02
 -.225910E+00 -.417626E+01 -.186123E+01 -.205534E+01 0.142136E+02
 -.247358E+00 -.410964E+01 -.183679E+01 -.206761E+01 0.158935E+02
 -.266586E+00 -.422074E+01 -.186646E+01 -.193012E+01 0.143330E+02
 -.295508E+00 -.417116E+01 -.177115E+01 -.196911E+01 0.157477E+02
 -.242781E+00 -.420843E+01 -.185594E+01 -.200868E+01 0.140563E+02
 -.253893E+00 -.419253E+01 -.182509E+01 -.204872E+01 0.140834E+02
 -.253167E+00 -.423706E+01 -.183492E+01 -.200000E+01 0.144044E+02
 -.257922E+00 -.423250E+01 -.186170E+01 -.201924E+01 0.161119E+02
 -.326357E+00 -.418465E+01 -.183609E+01 -.190329E+01 0.192122E+02
 -.253525E+00 -.422117E+01 -.179697E+01 -.208447E+01 0.148239E+02
 -.248499E+00 -.419728E+01 -.182468E+01 -.214323E+01 0.149689E+02
 -.498693E+00 -.417663E+01 -.180456E+01 -.159175E+01 0.182371E+02
 -.229914E+00 -.421561E+01 -.185523E+01 -.223278E+01 0.193358E+02
 -.199053E+00 -.423160E+01 -.186193E+01 -.224112E+01 0.150072E+02
 -.276078E+00 -.420387E+01 -.181400E+01 -.213020E+01 0.182860E+02
 -.268706E+00 -.415752E+01 -.181467E+01 -.202329E+01 0.144918E+02
 -.215246E+00 -.421827E+01 -.184818E+01 -.209534E+01 0.147000E+02
 -.274722E+00 -.422411E+01 -.180411E+01 -.200311E+01 0.142687E+02
 -.239058E+00 -.423020E+01 -.184983E+01 -.193294E+01 0.182197E+02
 -.246989E+00 -.410364E+01 -.184922E+01 -.199971E+01 0.161491E+02
 -.209465E+00 -.433128E+01 -.186786E+01 -.198951E+01 0.193741E+02
 -.243527E+00 -.422784E+01 -.184436E+01 -.213424E+01 0.162034E+02
 -.512733E+00 -.418083E+01 -.141723E+01 -.187501E+01 0.197587E+02
 -.220211E+00 -.418997E+01 -.181255E+01 -.226017E+01 0.143937E+02
 -.249726E+00 -.417660E+01 -.182169E+01 -.206084E+01 0.143140E+02
 -.269209E+00 -.424695E+01 -.184700E+01 -.205986E+01 0.186944E+02
 -.261822E+00 -.423872E+01 -.184958E+01 -.204076E+01 0.162781E+02
 -.189611E+00 -.419831E+01 -.184768E+01 -.249144E+01 0.166312E+02
 -.269904E+00 -.422717E+01 -.184307E+01 -.201982E+01 0.157729E+02
 -.272153E+00 -.437907E+01 -.184643E+01 -.198004E+01 0.179982E+02
 -.251736E+00 -.424826E+01 -.181913E+01 -.202713E+01 0.149679E+02
 -.274739E+00 -.419841E+01 -.184912E+01 -.203088E+01 0.182828E+02
 -.249008E+00 -.422713E+01 -.181089E+01 -.205684E+01 0.149613E+02
 -.261801E+00 -.419843E+01 -.185222E+01 -.204419E+01 0.166389E+02
 -.235003E+00 -.419921E+01 -.189191E+01 -.203649E+01 0.170614E+02
 -.294754E+00 -.425864E+01 -.181056E+01 -.201561E+01 0.162461E+02
 -.229732E+00 -.420825E+01 -.184407E+01 -.200859E+01 0.160727E+02
 -.280049E+00 -.421090E+01 -.178702E+01 -.198254E+01 0.155875E+02
 -.242395E+00 -.420822E+01 -.186033E+01 -.206604E+01 0.153207E+02
 -.247069E+00 -.413517E+01 -.187847E+01 -.202627E+01 0.174933E+02
 -.262182E+00 -.414497E+01 -.171041E+01 -.259169E+01 0.161656E+02
 -.266573E+00 -.421256E+01 -.183136E+01 -.198512E+01 0.140428E+02
 -.245504E+00 -.420112E+01 -.191132E+01 -.197374E+01 0.188314E+02
 -.253279E+00 -.420459E+01 -.180209E+01 -.204186E+01 0.157485E+02
 -.169429E+00 -.418651E+01 -.183696E+01 -.230256E+01 0.180394E+02
 -.276746E+00 -.423318E+01 -.186904E+01 -.199183E+01 0.199260E+02
 -.252477E+00 -.420911E+01 -.182143E+01 -.200926E+01 0.150586E+02
 -.252441E+00 -.416661E+01 -.183129E+01 -.203411E+01 0.143351E+02
 -.288778E+00 -.419782E+01 -.177536E+01 -.200110E+01 0.147950E+02
 -.145641E+00 -.429997E+01 -.192351E+01 -.208443E+01 0.173532E+02
 -.262178E+00 -.429909E+01 -.181937E+01 -.198683E+01 0.157663E+02
 -.312742E+00 -.419029E+01 -.179476E+01 -.190151E+01 0.144248E+02
 -.268254E+00 -.419289E+01 -.179701E+01 -.224120E+01 0.186063E+02
 -.243315E+00 -.420170E+01 -.189877E+01 -.200078E+01 0.178495E+02
 -.234497E+00 -.422153E+01 -.184506E+01 -.194368E+01 0.194370E+02
 -.265367E+00 -.418517E+01 -.170628E+01 -.265564E+01 0.159752E+02
 -.289537E+00 -.420428E+01 -.180312E+01 -.191277E+01 0.158985E+02
 -.233807E+00 -.423319E+01 -.183540E+01 -.202580E+01 0.157609E+02
 -.258814E+00 -.421241E+01 -.184696E+01 -.196221E+01 0.141511E+02
 -.256807E+00 -.420654E+01 -.183662E+01 -.197988E+01 0.143668E+02
 -.250563E+00 -.414886E+01 -.183757E+01 -.208486E+01 0.152960E+02
 -.271016E+00 -.418908E+01 -.188731E+01 -.193225E+01 0.171304E+02
 -.331608E+00 -.445949E+01 -.171883E+01 -.203415E+01 0.199011E+02
 -.175136E+00 -.421348E+01 -.189361E+01 -.214228E+01 0.144641E+02
 -.250020E+00 -.415702E+01 -.183662E+01 -.210598E+01 0.155821E+02
 -.253254E+00 -.425872E+01 -.181449E+01 -.213862E+01 0.149985E+02
 -.246931E+00 -.420878E+01 -.187630E+01 -.205631E+01 0.181599E+02
 -.240946E+00 -.412771E+01 -.182191E+01 -.201514E+01 0.180071E+02
 -.265737E+00 -.422280E+01 -.183983E+01 -.195574E+01 0.141828E+02
 -.202507E+00 -.421169E+01 -.196056E+01 -.198101E+01 0.195361E+02
 -.264639E+00 -.421047E+01 -.182457E+01 -.200420E+01 0.140576E+02
 -.123813E+00 -.416183E+01 -.185314E+01 -.286785E+01 0.169767E+02
 -.251641E+00 -.422291E+01 -.184804E+01 -.199704E+01 0.140830E+02
 -.251328E+00 -.414497E+01 -.182332E+01 -.201949E+01 0.154466E+02
 -.458380E+00 -.431668E+01 -.176285E+01 -.166881E+01 0.168754E+02
 -.499543E+00 -.425840E+01 -.185764E+01 -.155348E+01 0.181425E+02
 -.181308E+00 -.423798E+01 -.192424E+01 -.207434E+01 0.151383E+02
 -.268301E+00 -.415244E+01 -.177501E+01 -.217778E+01 0.149611E+02
 -.262882E+00 -.423603E+01 -.186722E+01 -.193232E+01 0.143190E+02
 -.786591E-01 -.424841E+01 -.204699E+01 -.192659E+01 0.168190E+02
 -.293809E+00 -.421604E+01 -.181963E+01 -.191757E+01 0.141527E+02
 -.289554E+00 -.420982E+01 -.182407E+01 -.191042E+01 0.143266E+02
 -.266677E+00 -.412115E+01 -.183145E+01 -.198229E+01 0.154864E+02
 -.288872E+00 -.422104E+01 -.181146E+01 -.191234E+01 0.151414E+02
 -.167279E+00 -.430602E+01 -.190283E+01 -.209096E+01 0.166763E+02
 -.305139E+00 -.422392E+01 -.178506E+01 -.209472E+01 0.189236E+02
 -.163992E+00 -.416972E+01 -.186921E+01 -.213973E+01 0.197918E+02
 -.261648E+00 -.419015E+01 -.183747E+01 -.192431E+01 0.159870E+02
 -.294039E+00 -.433230E+01 -.175216E+01 -.217961E+01 0.175397E+02
 -.239761E+00 -.419816E+01 -.183261E+01 -.197959E+01 0.175217E+02
 -.315287E+00 -.412168E+01 -.177869E+01 -.203611E+01 0.184360E+02
 -.263841E+00 -.418500E+01 -.184341E+01 -.202289E+01 0.150333E+02
 -.211101E+00 -.423914E+01 -.183331E+01 -.210299E+01 0.169361E+02
 -.252185E+00 -.419204E+01 -.180871E+01 -.205949E+01 0.147178E+02
 -.191551E+00 -.441021E+01 -.186604E+01 -.210492E+01 0.197816E+02
 -.213277E+00 -.422245E+01 -.187067E+01 -.203352E+01 0.146853E+02
 -.258976E+00 -.423598E+01 -.178509E+01 -.209976E+01 0.148507E+02
 -.239049E+00 -.428114E+01 -.183172E+01 -.203543E+01 0.156157E+02
 -.282061E+00 -.427172E+01 -.169240E+01 -.241655E+01 0.156709E+02
 -.274316E+00 -.425610E+01 -.177706E+01 -.221972E+01 0.165205E+02
 -.235127E+00 -.424214E+01 -.184111E+01 -.203508E+01 0.147947E+02
 -.286155E+00 -.421001E+01 -.181838E+01 -.198153E+01 0.143182E+02
 -.270862E+00 -.420615E+01 -.179794E+01 -.199281E+01 0.154252E+02
 -.274830E+00 -.414912E+01 -.170000E+01 -.233832E+01 0.163106E+02
 -.362537E+00 -.410085E+01 -.159894E+01 -.209435E+01 0.191411E+02
 -.257277E+00 -.432875E+01 -.179919E+01 -.199010E+01 0.197971E+02
 -.263789E+00 -.420420E+01 -.176677E+01 -.205343E+01 0.181353E+02
 -.270631E+00 -.422437E+01 -.187209E+01 -.196623E+01 0.169776E+02
 -.296448E+00 -.419910E+01 -.181359E+01 -.195666E+01 0.143313E+02
 -.264009E+00 -.423632E+01 -.176233E+01 -.205753E+01 0.186546E+02
 -.248670E+00 -.421659E+01 -.182956E+01 -.197943E+01 0.160823E+02
 -.121625E+00 -.425456E+01 -.198161E+01 -.195904E+01 0.178825E+02
 -.239652E+00 -.424240E+01 -.181980E+01 -.210571E+01 0.144133E+02
 -.264230E+00 -.423169E+01 -.188975E+01 -.196089E+01 0.182507E+02
 -.251037E+00 -.420071E+01 -.182586E+01 -.196346E+01 0.171540E+02
 -.244164E+00 -.416800E+01 -.173599E+01 -.227175E+01 0.189087E+02
 -.206914E+00 -.422171E+01 -.185259E+01 -.205232E+01 0.170903E+02
 -.554014E-01 -.417063E+01 -.195567E+01 -.247319E+01 0.168734E+02
 -.266182E+00 -.421684E+01 -.183349E+01 -.191630E+01 0.161094E+02
 -.263967E+00 -.422482E+01 -.183075E+01 -.200652E+01 0.140809E+02
 -.294010E+00 -.422186E+01 -.168444E+01 -.245188E+01 0.159590E+02
 -.304085E+00 -.419348E+01 -.177445E+01 -.213691E+01 0.193070E+02
 -.271527E+00 -.420369E+01 -.181767E+01 -.191865E+01 0.171099E+02
 -.278051E+00 -.426972E+01 -.182584E+01 -.191962E+01 0.153559E+02
 -.253176E+00 -.419329E+01 -.184873E+01 -.199805E+01 0.140826E+02
 -.228295E+00 -.415216E+01 -.182782E+01 -.210205E+01 0.152623E+02
 -.227492E+00 -.415976E+01 -.188488E+01 -.202824E+01 0.149876E+02
 -.266964E+00 -.422513E+01 -.179847E+01 -.226948E+01 0.198837E+02
 -.360731E+00 -.418796E+01 -.173164E+01 -.191708E+01 0.148123E+02
 -.252566E+00 -.420711E+01 -.184575E+01 -.199501E+01 0.140604E+02
 -.255035E+00 -.419633E+01 -.181198E+01 -.207205E+01 0.141451E+02
 -.399099E+00 -.425933E+01 -.162060E+01 -.200672E+01 0.165544E+02
 -.257756E+00 -.419421E+01 -.181470E+01 -.199974E+01 0.154041E+02
 -.274789E+00 -.419732E+01 -.178517E+01 -.206375E+01 0.141952E+02
 -.252347E+00 -.420986E+01 -.182710E+01 -.214756E+01 0.159128E+02
 -.210042E+00 -.422266E+01 -.188401E+01 -.216524E+01 0.170927E+02
 -.223293E+00 -.421003E+01 -.180594E+01 -.210175E+01 0.188776E+02
 -.268122E+00 -.406187E+01 -.183451E+01 -.202986E+01 0.193090E+02
 -.246648E+00 -.420730E+01 -.184209E+01 -.200000E+01 0.143911E+02
 -.271110E+00 -.415918E+01 -.185945E+01 -.200165E+01 0.175973E+02
 -.231837E+00 -.425484E+01 -.180341E+01 -.215976E+01 0.153993E+02
 -.268999E+00 -.435236E+01 -.181576E+01 -.212552E+01 0.191894E+02
 -.208600E+00 -.421312E+01 -.187235E+01 -.217139E+01 0.153512E+02
 -.280760E+00 -.422912E+01 -.184096E+01 -.201369E+01 0.172735E+02
 -.269291E+00 -.423225E+01 -.183785E+01 -.198987E+01 0.143540E+02
 -.284900E+00 -.423586E+01 -.182953E+01 -.201000E+01 0.162957E+02
 -.255120E+00 -.416796E+01 -.181787E+01 -.203364E+01 0.146705E+02
 -.171708E+00 -.422027E+01 -.196276E+01 -.201564E+01 0.162187E+02
 -.289515E+00 -.421132E+01 -.183649E+01 -.184819E+01 0.162503E+02
 -.264387E+00 -.426953E+01 -.181833E+01 -.201179E+01 0.146153E+02
 -.304674E+00 -.421669E+01 -.177214E+01 -.212459E+01 0.183343E+02
 -.296611E+00 -.419459E+01 -.181062E+01 -.195855E+01 0.142793E+02
 -.256415E+00 -.410514E+01 -.184194E+01 -.197116E+01 0.163834E+02
 -.241273E+00 -.411169E+01 -.183646E+01 -.206056E+01 0.157637E+02
 -.345248E+00 -.432082E+01 -.169512E+01 -.208535E+01 0.173374E+02
 -.327946E+00 -.423375E+01 -.187307E+01 -.169831E+01 0.195205E+02
 -.260233E+00 -.418931E+01 -.186345E+01 -.186031E+01 0.173302E+02
 -.272992E+00 -.427576E+01 -.184181E+01 -.198269E+01 0.152464E+02
 -.236292E+00 -.420656E+01 -.184550E+01 -.201713E+01 0.146653E+02
 -.232866E+00 -.421401E+01 -.185011E+01 -.207590E+01 0.141250E+02
 -.236716E+00 -.411080E+01 -.186014E+01 -.199703E+01 0.159530E+02
 -.252537E+00 -.418880E+01 -.181250E+01 -.203953E+01 0.149371E+02
 -.293103E+00 -.438533E+01 -.181066E+01 -.194836E+01 0.172318E+02
 -.306724E+00 -.419082E+01 -.183121E+01 -.185207E+01 0.145531E+02
 -.178473E+00 -.419634E+01 -.188749E+01 -.209732E+01 0.153296E+02
 -.236339E+00 -.419493E+01 -.186797E+01 -.195233E+01 0.149887E+02
 -.255273E+00 -.420020E+01 -.181255E+01 -.206407E+01 0.141742E+02
 -.460656E+00 -.428380E+01 -.161227E+01 -.184022E+01 0.182972E+02
 -.263725E+00 -.434087E+01 -.180419E+01 -.199650E+01 0.175549E+02
 -.298437E+00 -.419569E+01 -.180485E+01 -.187261E+01 0.168274E+02
 -.254196E+00 -.422161E+01 -.177106E+01 -.222915E+01 0.143867E+02
 -.251023E+00 -.407656E+01 -.183431E+01 -.198672E+01 0.184951E+02
 -.228625E+00 -.433805E+01 -.188096E+01 -.203072E+01 0.167411E+02
 -.449117E+00 -.433783E+01 -.169389E+01 -.177339E+01 0.185526E+02
 -.235678E+00 -.425355E+01 -.183238E+01 -.222913E+01 0.167510E+02
 -.252929E+00 -.424074E+01 -.179570E+01 -.206937E+01 0.155780E+02
 -.260397E+00 -.413492E+01 -.191438E+01 -.192273E+01 0.195055E+02
 -.245062E+00 -.422111E+01 -.182917E+01 -.201527E+01 0.151077E+02
 -.259778E+00 -.421020E+01 -.183330E+01 -.202804E+01 0.141402E+02
 -.297477E+00 -.420561E+01 -.183181E+01 -.198496E+01 0.176813E+02
 -.192273E+00 -.421448E+01 -.189476E+01 -.217408E+01 0.158547E+02
 -.254695E+00 -.412716E+01 -.184073E+01 -.211370E+01 0.178764E+02
 -.256994E+00 -.423269E+01 -.181646E+01 -.199947E+01 0.153523E+02
 -.326600E+00 -.420585E+01 -.174122E+01 -.210310E+01 0.181012E+02
 -.257108E+00 -.421806E+01 -.190276E+01 -.188350E+01 0.145595E+02
 -.264416E+00 -.421477E+01 -.181063E+01 -.197312E+01 0.159856E+02
 -.238328E+00 -.414616E+01 -.188987E+01 -.206338E+01 0.196436E+02
 -.272121E+00 -.416475E+01 -.183723E+01 -.197380E+01 0.144716E+02
 -.275678E+00 -.423664E+01 -.184821E+01 -.193271E+01 0.142491E+02
 -.266590E+00 -.422506E+01 -.190530E+01 -.176430E+01 0.192389E+02
 -.209752E+00 -.417683E+01 -.192646E+01 -.200780E+01 0.163516E+02
 -.274670E+00 -.433237E+01 -.182717E+01 -.192483E+01 0.166711E+02
 -.268910E+00 -.427540E+01 -.189740E+01 -.190295E+01 0.169141E+02
 -.294720E+00 -.422288E+01 -.165073E+01 -.247433E+01 0.158951E+02
 -.236877E+00 -.420907E+01 -.183514E+01 -.201820E+01 0.155359E+02
 -.244903E+00 -.422066E+01 -.186409E+01 -.201480E+01 0.144716E+02
 -.224909E+00 -.414489E+01 -.194549E+01 -.183332E+01 0.156202E+02
 -.252438E+00 -.415077E+01 -.185785E+01 -.198941E+01 0.146783E+02
 -.189037E+00 -.420682E+01 -.195598E+01 -.188197E+01 0.153893E+02
 -.161260E+00 -.414399E+01 -.184430E+01 -.282095E+01 0.163213E+02
 -.108162E+00 -.419927E+01 -.206184E+01 -.187432E+01 0.157513E+02
 -.239385E+00 -.423513E+01 -.185246E+01 -.197183E+01 0.153436E+02
 -.199335E+00 -.420184E+01 -.184062E+01 -.208479E+01 0.194080E+02
 -.268458E+00 -.419188E+01 -.184057E+01 -.200874E+01 0.148569E+02
 -.151684E+00 -.430391E+01 -.196061E+01 -.212613E+01 0.193366E+02
 -.309308E+00 -.424811E+01 -.182180E+01 -.198403E+01 0.191097E+02
 -.253159E+00 -.420822E+01 -.182434E+01 -.217479E+01 0.167161E+02
 -.246255E+00 -.420537E+01 -.179486E+01 -.244055E+01 0.192837E+02
 -.259987E+00 -.416595E+01 -.187933E+01 -.200766E+01 0.188487E+02
 -.229614E+00 -.436081E+01 -.184843E+01 -.206615E+01 0.167781E+02
 -.233069E+00 -.404638E+01 -.189419E+01 -.195002E+01 0.195192E+02
 -.259578E+00 -.420849E+01 -.183497E+01 -.202162E+01 0.141124E+02
 -.235130E+00 -.419230E+01 -.193534E+01 -.178865E+01 0.180009E+02
 -.221280E+00 -.424254E+01 -.190631E+01 -.203283E+01 0.168068E+02
 -.245684E+00 -.440621E+01 -.182151E+01 -.207352E+01 0.181443E+02
 -.232946E+00 -.419744E+01 -.186537E+01 -.199692E+01 0.142522E+02
 -.268123E+00 -.421416E+01 -.183588E+01 -.198723E+01 0.141009E+02
 -.232629E+00 -.421486E+01 -.183365E+01 -.201466E+01 0.167118E+02
 -.254518E+00 -.419334E+01 -.182749E+01 -.204482E+01 0.140686E+02
 -.284506E+00 -.419626E+01 -.183160E+01 -.198198E+01 0.150923E+02
 -.262279E+00 -.434555E+01 -.186246E+01 -.192669E+01 0.162665E+02
 -.114954E+00 -.421501E+01 -.190375E+01 -.241665E+01 0.158054E+02
 -.257660E+00 -.416879E+01 -.184017E+01 -.199068E+01 0.143196E+02
 -.281117E+00 -.420354E+01 -.179776E+01 -.197469E+01 0.147789E+02
 -.226854E+00 -.420734E+01 -.184070E+01 -.202872E+01 0.160800E+02
 -.223088E+00 -.420433E+01 -.190479E+01 -.203730E+01 0.168528E+02
 -.386464E+00 -.442246E+01 -.182457E+01 -.168788E+01 0.197465E+02
 -.298084E+00 -.425084E+01 -.183487E+01 -.190668E+01 0.145731E+02
 -.241196E+00 -.408786E+01 -.185272E+01 -.198265E+01 0.174830E+02
 -.249686E+00 -.418326E+01 -.190483E+01 -.197573E+01 0.187413E+02
 -.290744E+00 -.421030E+01 -.183434E+01 -.199889E+01 0.174529E+02
 -.275012E+00 -.433197E+01 -.181366E+01 -.190561E+01 0.195018E+02
 -.280882E+00 -.420232E+01 -.183884E+01 -.198949E+01 0.156034E+02
 -.299773E+00 -.419405E+01 -.170000E+01 -.211684E+01 0.165011E+02
 -.245693E+00 -.428634E+01 -.185193E+01 -.199677E+01 0.149141E+02
 -.224670E+00 -.421737E+01 -.182250E+01 -.222552E+01 0.143356E+02
 -.289477E+00 -.419666E+01 -.165407E+01 -.257934E+01 0.159726E+02
 -.329813E+00 -.419238E+01 -.178285E+01 -.199527E+01 0.186200E+02
 -.283544E+00 -.420346E+01 -.179682E+01 -.205984E+01 0.146304E+02
 -.245249E+00 -.425240E+01 -.185666E+01 -.195986E+01 0.149030E+02
 -.283162E+00 -.419932E+01 -.190996E+01 -.185969E+01 0.176188E+02
 -.277519E+00 -.420991E+01 -.183616E+01 -.186502E+01 0.173161E+02
 -.247164E+00 -.418651E+01 -.182934E+01 -.205700E+01 0.141520E+02
 -.274044E+00 -.420623E+01 -.181443E+01 -.199186E+01 0.140958E+02
 -.306715E+00 -.421257E+01 -.183402E+01 -.190556E+01 0.150597E+02
 -.302729E+00 -.437062E+01 -.178480E+01 -.204671E+01 0.186228E+02
 -.304807E+00 -.425558E+01 -.188974E+01 -.181811E+01 0.159190E+02
 -.746271E-01 -.406322E+01 -.200460E+01 -.205569E+01 0.196532E+02
 -.269394E+00 -.419911E+01 -.183493E+01 -.203488E+01 0.153235E+02
 -.229362E+00 -.424946E+01 -.182965E+01 -.205599E+01 0.160829E+02
 -.271681E+00 -.420558E+01 -.182773E+01 -.194766E+01 0.144949E+02
 -.283407E+00 -.423365E+01 -.179886E+01 -.208692E+01 0.157320E+02
 -.425363E+00 -.424076E+01 -.174637E+01 -.166784E+01 0.190934E+02
 -.345150E+00 -.413997E+01 -.175639E+01 -.184469E+01 0.170054E+02
 -.269350E+00 -.421672E+01 -.185002E+01 -.202886E+01 0.170519E+02
 -.254282E+00 -.418792E+01 -.182488E+01 -.200594E+01 0.147446E+02
 -.241120E+00 -.419988E+01 -.183081E+01 -.198495E+01 0.171360E+02
 -.138292E+00 -.425375E+01 -.195879E+01 -.201892E+01 0.157888E+02
 -.288955E+00 -.420094E+01 -.187646E+01 -.193421E+01 0.196800E+02
 -.240834E+00 -.417316E+01 -.181045E+01 -.201003E+01 0.194942E+02
 -.122505E+00 -.415256E+01 -.201801E+01 -.194032E+01 0.153627E+02
 -.270460E+00 -.431586E+01 -.182789E+01 -.192648E+01 0.167036E+02
 -.208124E+00 -.417287E+01 -.181692E+01 -.230385E+01 0.146988E+02
 -.244454E+00 -.443041E+01 -.181469E+01 -.208087E+01 0.191863E+02
 -.273164E+00 -.420534E+01 -.186961E+01 -.197756E+01 0.178465E+02
 -.263202E+00 -.422114E+01 -.181610E+01 -.197919E+01 0.152819E+02
 -.290107E+00 -.422582E+01 -.183073E+01 -.196988E+01 0.153128E+02
 -.245505E+00 -.420849E+01 -.184506E+01 -.202189E+01 0.140613E+02
 -.278995E+00 -.439199E+01 -.182302E+01 -.195891E+01 0.174627E+02
 -.307772E+00 -.423320E+01 -.167252E+01 -.242213E+01 0.166184E+02
 -.271152E+00 -.420068E+01 -.177406E+01 -.226364E+01 0.165047E+02
 -.320677E+00 -.422048E+01 -.176854E+01 -.194234E+01 0.141452E+02
 -.247046E+00 -.421298E+01 -.183731E+01 -.196823E+01 0.159703E+02
 -.256451E+00 -.419535E+01 -.180545E+01 -.204733E+01 0.148008E+02
 -.232191E+00 -.418335E+01 -.187259E+01 -.190430E+01 0.182734E+02
 -.236161E+00 -.429009E+01 -.187903E+01 -.205162E+01 0.171173E+02
 -.256195E+00 -.434424E+01 -.185247E+01 -.200796E+01 0.166788E+02
 -.220085E+00 -.421390E+01 -.181245E+01 -.247647E+01 0.169662E+02
 -.252647E+00 -.420751E+01 -.170000E+01 -.291280E+01 0.159434E+02
 -.305751E+00 -.419082E+01 -.185025E+01 -.180401E+01 0.155508E+02
 -.327625E+00 -.422061E+01 -.170000E+01 -.217137E+01 0.163246E+02
 -.246144E+00 -.419828E+01 -.182988E+01 -.196827E+01 0.172867E+02
 -.245424E+00 -.428843E+01 -.174390E+01 -.279201E+01 0.181344E+02
 -.262961E+00 -.422159E+01 -.183133E+01 -.200241E+01 0.140549E+02
 -.291648E+00 -.418142E+01 -.182248E+01 -.201856E+01 0.171295E+02
 -.299715E+00 -.421948E+01 -.179795E+01 -.200120E+01 0.148447E+02
 -.282233E+00 -.422361E+01 -.181652E+01 -.191760E+01 0.153337E+02
 -.263025E+00 -.420131E+01 -.183704E+01 -.195214E+01 0.145583E+02
 -.222384E+00 -.422917E+01 -.183298E+01 -.224312E+01 0.149951E+02
 -.417723E+00 -.409581E+01 -.165720E+01 -.182661E+01 0.184096E+02
 -.525609E+00 -.420154E+01 -.162798E+01 -.160600E+01 0.186631E+02
 -.267924E+00 -.427964E+01 -.188576E+01 -.193601E+01 0.172624E+02
 -.271751E+00 -.423231E+01 -.187647E+01 -.197602E+01 0.187454E+02
 -.416638E+00 -.440337E+01 -.157206E+01 -.191761E+01 0.190789E+02
 -.330974E+00 -.418285E+01 -.170000E+01 -.211543E+01 0.153739E+02
 -.260860E+00 -.434526E+01 -.181358E+01 -.210198E+01 0.167195E+02
 -.226482E+00 -.420820E+01 -.184477E+01 -.196862E+01 0.195651E+02
 -.275023E+00 -.421658E+01 -.184838E+01 -.200272E+01 0.164745E+02
 -.266858E+00 -.419821E+01 -.182621E+01 -.196882E+01 0.144456E+02
 -.228867E+00 -.424406E+01 -.183014E+01 -.199868E+01 0.195920E+02
 -.294610E+00 -.425446E+01 -.169737E+01 -.236107E+01 0.157431E+02
 -.268139E+00 -.435692E+01 -.182665E+01 -.208048E+01 0.186453E+02
 -.301273E+00 -.423648E+01 -.178035E+01 -.206835E+01 0.160245E+02
 -.239442E+00 -.412723E+01 -.182464E+01 -.215787E+01 0.154791E+02
 -.240448E+00 -.412573E+01 -.179804E+01 -.222294E+01 0.154323E+02
 -.285341E+00 -.420048E+01 -.185940E+01 -.196493E+01 0.180400E+02
 -.277922E+00 -.419619E+01 -.178528E+01 -.204215E+01 0.142809E+02
 -.259568E+00 -.410922E+01 -.183086E+01 -.203562E+01 0.159507E+02
 -.260204E+00 -.418041E+01 -.179944E+01 -.215854E+01 0.147795E+02
 -.366956E+00 -.423972E+01 -.172050E+01 -.194935E+01 0.160487E+02
 -.268096E+00 -.416848E+01 -.184424E+01 -.200125E+01 0.150808E+02
 -.200175E+00 -.420528E+01 -.191343E+01 -.210110E+01 0.171612E+02
 -.315442E+00 -.430226E+01 -.179546E+01 -.188645E+01 0.153944E+02
 -.282580E+00 -.419022E+01 -.181000E+01 -.202348E+01 0.145171E+02
 -.255971E+00 -.421746E+01 -.183499E+01 -.196743E+01 0.149333E+02
 -.244459E+00 -.420644E+01 -.180155E+01 -.217452E+01 0.141785E+02
 -.262951E+00 -.420734E+01 -.180738E+01 -.211534E+01 0.145711E+02
 -.186925E+00 -.405240E+01 -.186765E+01 -.220083E+01 0.189055E+02
 -.265059E+00 -.417358E+01 -.183201E+01 -.195903E+01 0.147152E+02
 -.256610E+00 -.418287E+01 -.182649E+01 -.214229E+01 0.164191E+02
 -.253689E+00 -.422281E+01 -.177135E+01 -.253865E+01 0.195549E+02
 -.259910E+00 -.432837E+01 -.186805E+01 -.196905E+01 0.166869E+02
 -.261049E+00 -.423934E+01 -.184864E+01 -.203651E+01 0.158110E+02
 -.269348E+00 -.423879E+01 -.182605E+01 -.207834E+01 0.162319E+02
 -.238543E+00 -.416294E+01 -.185876E+01 -.198977E+01 0.146437E+02
 -.269167E+00 -.422261E+01 -.184320E+01 -.200705E+01 0.151295E+02
 -.273310E+00 -.421892E+01 -.183049E+01 -.205057E+01 0.161408E+02
 -.286423E+00 -.426344E+01 -.183037E+01 -.201796E+01 0.175092E+02
 -.205819E+00 -.421634E+01 -.182578E+01 -.220741E+01 0.153442E+02
 -.256199E+00 -.424986E+01 -.183354E+01 -.215765E+01 0.185177E+02
 -.287314E+00 -.417720E+01 -.178651E+01 -.204881E+01 0.144005E+02
 -.255304E+00 -.419594E+01 -.181971E+01 -.200608E+01 0.149991E+02
 -.250965E+00 -.420331E+01 -.183800E+01 -.202009E+01 0.140611E+02
 -.291955E+00 -.409224E+01 -.177134E+01 -.204367E+01 0.169903E+02
 -.240801E+00 -.421577E+01 -.184390E+01 -.199937E+01 0.148423E+02
 -.417197E+00 -.408489E+01 -.158791E+01 -.195728E+01 0.197809E+02
 -.263124E+00 -.406145E+01 -.182582E+01 -.200160E+01 0.186996E+02
 -.210471E+00 -.417498E+01 -.177107E+01 -.257643E+01 0.155412E+02
 -.275150E+00 -.422156E+01 -.183238E+01 -.199673E+01 0.145929E+02
 -.225251E+00 -.420292E+01 -.188704E+01 -.198198E+01 0.141461E+02
 -.273049E+00 -.421389E+01 -.182895E+01 -.197751E+01 0.140404E+02
 0.000000E+00 -.418960E+01 -.209569E+01 -.192490E+01 0.198850E+02
 -.204247E+00 -.419351E+01 -.189365E+01 -.210017E+01 0.150541E+02
 -.270540E+00 -.420519E+01 -.181287E+01 -.195402E+01 0.156791E+02
 -.275293E+00 -.419270E+01 -.178955E+01 -.219653E+01 0.172229E+02
 -.388234E+00 -.420766E+01 -.183018E+01 -.174813E+01 0.173510E+02
 -.267304E+00 -.438839E+01 -.182535E+01 -.192381E+01 0.195686E+02
 -.308016E+00 -.420617E+01 -.180255E+01 -.189215E+01 0.145426E+02
 -.267925E+00 -.437714E+01 -.192251E+01 -.175850E+01 0.196920E+02
 -.248308E+00 -.421527E+01 -.173417E+01 -.231460E+01 0.166259E+02
 -.111835E+00 -.412077E+01 -.188136E+01 -.270313E+01 0.170568E+02
 -.257274E+00 -.426400E+01 -.184215E+01 -.200056E+01 0.144789E+02
 -.236966E+00 -.430105E+01 -.183992E+01 -.204597E+01 0.154128E+02
 -.266782E+00 -.415214E+01 -.183755E+01 -.194943E+01 0.148894E+02
 -.276004E+00 -.419579E+01 -.177156E+01 -.199221E+01 0.181443E+02
 -.201895E+00 -.413574E+01 -.181484E+01 -.232778E+01 0.157222E+02
 -.290042E+00 -.425579E+01 -.191769E+01 -.182103E+01 0.172062E+02
 -.261008E+00 -.422493E+01 -.182850E+01 -.203711E+01 0.141935E+02
 -.250182E+00 -.420049E+01 -.183255E+01 -.207383E+01 0.142312E+02
 -.213498E+00 -.420467E+01 -.180711E+01 -.260099E+01 0.170037E+02
 -.182512E+00 -.422946E+01 -.191276E+01 -.220173E+01 0.182375E+02
 -.286724E+00 -.426725E+01 -.161813E+01 -.276159E+01 0.180024E+02
 -.247564E+00 -.412664E+01 -.183462E+01 -.204407E+01 0.152309E+02
 -.241728E+00 -.420213E+01 -.189562E+01 -.198828E+01 0.162277E+02
 -.256467E+00 -.419199E+01 -.181278E+01 -.207439E+01 0.141082E+02
 -.232048E+00 -.419164E+01 -.181355E+01 -.202977E+01 0.197229E+02
 -.210524E+00 -.416973E+01 -.191214E+01 -.194771E+01 0.146131E+02
 -.271275E+00 -.428346E+01 -.183234E+01 -.194945E+01 0.149245E+02
 -.290090E+00 -.419854E+01 -.178986E+01 -.210153E+01 0.163806E+02
 -.271561E+00 -.421806E+01 -.187572E+01 -.190137E+01 0.144710E+02
 -.249205E+00 -.416605E+01 -.189057E+01 -.195489E+01 0.153847E+02
 -.248627E+00 -.420859E+01 -.184226E+01 -.200283E+01 0.142045E+02
 -.261213E+00 -.413506E+01 -.187465E+01 -.198655E+01 0.174750E+02
 -.428497E+00 -.418969E+01 -.156344E+01 -.198078E+01 0.169643E+02
 -.264515E+00 -.416205E+01 -.183278E+01 -.202222E+01 0.146296E+02
 -.346262E+00 -.432797E+01 -.181230E+01 -.178833E+01 0.161333E+02
 -.471814E+00 -.419631E+01 -.143195E+01 -.185715E+01 0.199238E+02
 -.167016E+00 -.421133E+01 -.185474E+01 -.219948E+01 0.189314E+02
 -.222691E+00 -.422435E+01 -.199237E+01 -.182345E+01 0.166974E+02
 -.187828E+00 -.415286E+01 -.183195E+01 -.233608E+01 0.153459E+02
 -.296920E+00 -.414849E+01 -.184623E+01 -.186111E+01 0.150092E+02
 -.274889E+00 -.414035E+01 -.172723E+01 -.215532E+01 0.176867E+02
 -.251557E+00 -.420574E+01 -.190221E+01 -.195374E+01 0.170118E+02
 -.265036E+00 -.423380E+01 -.184488E+01 -.193887E+01 0.143885E+02
 -.256316E+00 -.418163E+01 -.183308E+01 -.210632E+01 0.158669E+02
 -.255416E+00 -.423416E+01 -.183615E+01 -.204792E+01 0.144166E+02
 -.292422E+00 -.419206E+01 -.181310E+01 -.188817E+01 0.158430E+02
 -.254989E+00 -.418223E+01 -.179903E+01 -.199482E+01 0.188069E+02
 -.166901E+00 -.415295E+01 -.182821E+01 -.243179E+01 0.173592E+02
 -.271697E+00 -.420108E+01 -.181773E+01 -.197249E+01 0.144340E+02
 -.269525E+00 -.446176E+01 -.182664E+01 -.200505E+01 0.198921E+02
 -.263451E+00 -.423377E+01 -.179472E+01 -.212314E+01 0.142881E+02
 -.266594E+00 -.416987E+01 -.182420E+01 -.189638E+01 0.195811E+02
 -.207829E+00 -.420926E+01 -.190468E+01 -.199218E+01 0.142240E+02
 -.220363E+00 -.423840E+01 -.181178E+01 -.233771E+01 0.149100E+02
 -.259739E+00 -.419251E+01 -.183132E+01 -.212810E+01 0.171682E+02
 -.265713E+00 -.422387E+01 -.181638E+01 -.198332E+01 0.147899E+02
 -.253860E+00 -.417824E+01 -.182520E+01 -.205420E+01 0.141807E+02
 -.291172E+00 -.422340E+01 -.182949E+01 -.197288E+01 0.154612E+02
 -.272252E+00 -.430436E+01 -.180929E+01 -.200264E+01 0.152651E+02
 -.249674E+00 -.445116E+01 -.182791E+01 -.203083E+01 0.196655E+02
 -.225093E+00 -.419988E+01 -.190729E+01 -.200531E+01 0.159481E+02
 -.212683E+00 -.419761E+01 -.190494E+01 -.192017E+01 0.158001E+02
 -.260822E+00 -.420683E+01 -.184639E+01 -.201203E+01 0.145563E+02
 -.238496E+00 -.422831E+01 -.189915E+01 -.190686E+01 0.143833E+02
 -.269643E+00 -.421011E+01 -.183045E+01 -.192092E+01 0.156016E+02
 -.241167E+00 -.427381E+01 -.183766E+01 -.198707E+01 0.164778E+02
 -.325991E+00 -.435533E+01 -.176584E+01 -.192395E+01 0.163688E+02
 -.325516E+00 -.423558E+01 -.172725E+01 -.208561E+01 0.155499E+02
 -.229570E+00 -.423274E+01 -.193323E+01 -.195416E+01 0.180808E+02
 -.228947E+00 -.416503E+01 -.185155E+01 -.204807E+01 0.145397E+02
 -.295557E+00 -.421515E+01 -.183290E+01 -.196391E+01 0.161072E+02
 -.256371E+00 -.417975E+01 -.190168E+01 -.191535E+01 0.155871E+02
 -.311504E+00 -.416970E+01 -.168671E+01 -.217183E+01 0.152263E+02
 -.190060E+00 -.428377E+01 -.196573E+01 -.198819E+01 0.193971E+02
 -.271881E+00 -.430631E+01 -.185626E+01 -.198731E+01 0.174141E+02
 -.249673E+00 -.421931E+01 -.192756E+01 -.190716E+01 0.175244E+02
 -.291426E+00 -.421142E+01 -.170000E+01 -.210194E+01 0.191948E+02
 -.268694E+00 -.424359E+01 -.182348E+01 -.209684E+01 0.166383E+02
 -.283523E+00 -.421689E+01 -.178131E+01 -.197933E+01 0.157917E+02
 -.261025E+00 -.423585E+01 -.184054E+01 -.200982E+01 0.143394E+02
 -.153550E+00 -.419740E+01 -.191571E+01 -.224133E+01 0.152455E+02
 -.326526E+00 -.421177E+01 -.183981E+01 -.182928E+01 0.146798E+02
 -.273917E+00 -.420817E+01 -.179945E+01 -.202934E+01 0.141147E+02
 -.257288E+00 -.419885E+01 -.183993E+01 -.197245E+01 0.143434E+02
 -.264881E+00 -.425359E+01 -.182802E+01 -.198254E+01 0.144493E+02
 -.294990E+00 -.414976E+01 -.178392E+01 -.203819E+01 0.150913E+02
 -.262387E+00 -.415012E+01 -.180541E+01 -.215554E+01 0.158594E+02
 -.242317E+00 -.411416E+01 -.182124E+01 -.220344E+01 0.168363E+02
 -.267355E+00 -.418333E+01 -.180821E+01 -.205388E+01 0.141626E+02
 -.230573E+00 -.422342E+01 -.185803E+01 -.210756E+01 0.149597E+02
 -.291421E+00 -.422879E+01 -.179885E+01 -.192942E+01 0.151797E+02
 -.269108E+00 -.421165E+01 -.181661E+01 -.193222E+01 0.167802E+02
 -.260510E+00 -.416223E+01 -.182139E+01 -.200230E+01 0.148063E+02
 -.243163E+00 -.426168E+01 -.182912E+01 -.197006E+01 0.182842E+02
 -.287500E+00 -.423082E+01 -.161196E+01 -.300000E+01 0.174835E+02
 -.242319E+00 -.410856E+01 -.180490E+01 -.208446E+01 0.175461E+02
 -.275495E+00 -.414270E+01 -.182479E+01 -.188390E+01 0.188943E+02
 -.232313E+00 -.418262E+01 -.182502E+01 -.219472E+01 0.145121E+02
 -.252403E+00 -.421658E+01 -.181381E+01 -.200771E+01 0.159865E+02
 -.281099E+00 -.420771E+01 -.184133E+01 -.199378E+01 0.161547E+02
 -.253174E+00 -.420434E+01 -.185597E+01 -.205398E+01 0.159912E+02
 -.260841E+00 -.414379E+01 -.183775E+01 -.191706E+01 0.173541E+02
 -.229529E+00 -.431579E+01 -.183556E+01 -.204168E+01 0.170419E+02
 -.283913E+00 -.422053E+01 -.182840E+01 -.196549E+01 0.143368E+02
 -.228082E+00 -.419342E+01 -.183005E+01 -.206837E+01 0.155795E+02
 -.376096E+00 -.419854E+01 -.153857E+01 -.219369E+01 0.168968E+02
 -.227444E+00 -.423504E+01 -.195692E+01 -.185619E+01 0.152304E+02
 -.241569E+00 -.422389E+01 -.185908E+01 -.197697E+01 0.143966E+02
 -.234815E+00 -.422302E+01 -.182191E+01 -.225522E+01 0.157209E+02
 -.188692E+00 -.424575E+01 -.181658E+01 -.229743E+01 0.175575E+02
 -.310796E+00 -.420252E+01 -.177763E+01 -.206842E+01 0.175465E+02
 -.215707E+00 -.429151E+01 -.178826E+01 -.227205E+01 0.175972E+02
 -.293690E+00 -.421458E+01 -.175587E+01 -.200725E+01 0.155818E+02
 -.279792E+00 -.422570E+01 -.181436E+01 -.203435E+01 0.148375E+02
 -.246847E+00 -.421071E+01 -.182112E+01 -.195877E+01 0.195262E+02
 -.244103E+00 -.422054E+01 -.184877E+01 -.199096E+01 0.144362E+02
 -.229338E+00 -.422489E+01 -.182879E+01 -.209308E+01 0.148025E+02
 -.271298E+00 -.420507E+01 -.182538E+01 -.208621E+01 0.167152E+02
 -.218204E+00 -.427189E+01 -.184833E+01 -.211907E+01 0.147816E+02
 -.428872E+00 -.419812E+01 -.152034E+01 -.205404E+01 0.177697E+02
 -.272005E+00 -.428154E+01 -.183144E+01 -.199981E+01 0.150064E+02
 -.249411E+00 -.417791E+01 -.187303E+01 -.208088E+01 0.198790E+02
 -.294988E+00 -.418140E+01 -.182888E+01 -.196733E+01 0.158126E+02
 -.520628E+00 -.435381E+01 -.164556E+01 -.161558E+01 0.183592E+02
 -.271660E+00 -.424324E+01 -.182046E+01 -.192845E+01 0.161105E+02
 -.265197E+00 -.418798E+01 -.187509E+01 -.184046E+01 0.163759E+02
 -.156287E+00 -.422521E+01 -.187958E+01 -.250587E+01 0.162500E+02
 -.319895E+00 -.417749E+01 -.173268E+01 -.202740E+01 0.144972E+02
 -.250615E+00 -.418761E+01 -.190002E+01 -.187115E+01 0.144920E+02
 -.318581E+00 -.419522E+01 -.170000E+01 -.214121E+01 0.146849E+02
 -.277494E+00 -.420640E+01 -.182682E+01 -.206818E+01 0.173599E+02
 -.279893E+00 -.425688E+01 -.182781E+01 -.193395E+01 0.145174E+02
 -.167556E+00 -.414205E+01 -.184509E+01 -.266203E+01 0.160238E+02
 -.256848E+00 -.421492E+01 -.183065E+01 -.197184E+01 0.150386E+02
 -.328885E+00 -.426121E+01 -.178279E+01 -.200000E+01 0.190303E+02
 -.272690E+00 -.422326E+01 -.178900E+01 -.220413E+01 0.168973E+02
 -.268284E+00 -.406742E+01 -.182646E+01 -.206070E+01 0.191915E+02
 -.178750E+00 -.421289E+01 -.183577E+01 -.242271E+01 0.148895E+02
 -.345058E+00 -.415662E+01 -.199188E+01 -.161349E+01 0.173240E+02
 -.296389E+00 -.419250E+01 -.183282E+01 -.194524E+01 0.153306E+02
 -.272260E+00 -.415989E+01 -.181883E+01 -.211087E+01 0.174694E+02
 -.280970E+00 -.417428E+01 -.183747E+01 -.200000E+01 0.161216E+02
 -.255801E+00 -.422183E+01 -.183320E+01 -.205638E+01 0.143680E+02
 -.233787E+00 -.423940E+01 -.183865E+01 -.202901E+01 0.153232E+02
 -.281280E+00 -.420031E+01 -.182250E+01 -.205236E+01 0.166935E+02
 -.223802E+00 -.420094E+01 -.183305E+01 -.201452E+01 0.190589E+02
 -.232053E+00 -.425130E+01 -.185462E+01 -.204570E+01 0.143806E+02
 -.235609E+00 -.414440E+01 -.176579E+01 -.255658E+01 0.161421E+02
 -.374468E+00 -.418750E+01 -.158298E+01 -.204298E+01 0.172417E+02
 -.236387E+00 -.420702E+01 -.183216E+01 -.199177E+01 0.175535E+02
 -.219287E+00 -.412316E+01 -.180192E+01 -.230927E+01 0.157303E+02
 -.287202E+00 -.419753E+01 -.180482E+01 -.192814E+01 0.152900E+02
 -.248212E+00 -.419087E+01 -.182992E+01 -.202832E+01 0.144058E+02
 -.294232E+00 -.421038E+01 -.183134E+01 -.184350E+01 0.164001E+02
 -.237468E+00 -.421106E+01 -.183435E+01 -.196180E+01 0.191893E+02
 -.268096E+00 -.421596E+01 -.186469E+01 -.191758E+01 0.141750E+02
 -.274259E+00 -.418949E+01 -.178159E+01 -.217352E+01 0.153329E+02
 -.239902E+00 -.412210E+01 -.185864E+01 -.205653E+01 0.157901E+02
 -.443113E+00 -.412340E+01 -.180247E+01 -.167228E+01 0.189693E+02
 -.267619E+00 -.436401E+01 -.181251E+01 -.193713E+01 0.197521E+02
 -.270474E+00 -.419793E+01 -.184284E+01 -.196486E+01 0.141622E+02
 -.274917E+00 -.413807E+01 -.182890E+01 -.199780E+01 0.152251E+02
 -.259407E+00 -.423843E+01 -.185298E+01 -.204138E+01 0.163298E+02
 -.267732E+00 -.425068E+01 -.184775E+01 -.207255E+01 0.193569E+02
 -.242776E+00 -.424814E+01 -.180370E+01 -.223661E+01 0.149531E+02
 -.258892E+00 -.418267E+01 -.185774E+01 -.199860E+01 0.149341E+02
 -.284375E+00 -.426479E+01 -.176301E+01 -.201022E+01 0.165986E+02
 -.269398E+00 -.420863E+01 -.182805E+01 -.210097E+01 0.174750E+02
 -.270821E+00 -.423585E+01 -.183813E+01 -.201758E+01 0.153402E+02
 -.256884E+00 -.428421E+01 -.183390E+01 -.191438E+01 0.188293E+02
 -.277781E+00 -.439255E+01 -.181063E+01 -.203050E+01 0.178223E+02
 -.275368E+00 -.417559E+01 -.183130E+01 -.202133E+01 0.154575E+02
 -.206831E+00 -.437726E+01 -.189953E+01 -.205619E+01 0.180834E+02
 -.354360E+00 -.421116E+01 -.167637E+01 -.201507E+01 0.145797E+02
 -.324452E+00 -.421735E+01 -.179089E+01 -.199929E+01 0.187860E+02
 -.190828E+00 -.420798E+01 -.186690E+01 -.207132E+01 0.171077E+02
 -.224849E+00 -.418842E+01 -.182198E+01 -.205284E+01 0.183758E+02
 -.263270E+00 -.413555E+01 -.180532E+01 -.195409E+01 0.195486E+02
 -.285900E+00 -.416773E+01 -.184292E+01 -.197108E+01 0.162662E+02
 -.208101E+00 -.423557E+01 -.190242E+01 -.199769E+01 0.143706E+02
 -.264313E+00 -.420562E+01 -.187537E+01 -.196970E+01 0.163745E+02
 -.263740E+00 -.418324E+01 -.188426E+01 -.193284E+01 0.155179E+02
 -.245546E+00 -.419306E+01 -.183761E+01 -.205048E+01 0.140741E+02
 -.290559E+00 -.422034E+01 -.175381E+01 -.207068E+01 0.144060E+02
 -.294373E+00 -.422524E+01 -.178443E+01 -.203157E+01 0.143246E+02
 -.356462E+00 -.420650E+01 -.171699E+01 -.197689E+01 0.152561E+02
 -.259395E+00 -.413840E+01 -.180252E+01 -.200174E+01 0.174814E+02
 -.175847E+00 -.419409E+01 -.182636E+01 -.237078E+01 0.166818E+02
 -.325247E+00 -.425380E+01 -.175939E+01 -.203851E+01 0.169318E+02
 -.265605E+00 -.407572E+01 -.182932E+01 -.202424E+01 0.177550E+02
 -.227081E+00 -.420935E+01 -.188996E+01 -.210556E+01 0.190261E+02
 -.275370E+00 -.418071E+01 -.185245E+01 -.191281E+01 0.142687E+02
 -.246014E+00 -.421573E+01 -.184672E+01 -.204902E+01 0.142487E+02
 -.277638E+00 -.418048E+01 -.183040E+01 -.188538E+01 0.166653E+02
 -.279736E+00 -.420325E+01 -.176485E+01 -.209611E+01 0.143121E+02
 -.453278E+00 -.429134E+01 -.186315E+01 -.161407E+01 0.190055E+02
 -.273366E+00 -.427482E+01 -.180536E+01 -.193773E+01 0.175880E+02
 -.355803E+00 -.420423E+01 -.169242E+01 -.197435E+01 0.144773E+02
 -.289386E+00 -.421976E+01 -.180577E+01 -.186854E+01 0.192439E+02
 -.280380E+00 -.431372E+01 -.182710E+01 -.201719E+01 0.168677E+02
 -.233670E+00 -.424031E+01 -.180769E+01 -.209200E+01 0.166394E+02
 -.234983E+00 -.423358E+01 -.189942E+01 -.197288E+01 0.151794E+02
 -.220863E+00 -.419592E+01 -.188372E+01 -.212850E+01 0.175173E+02
 -.313079E+00 -.427027E+01 -.182015E+01 -.192610E+01 0.160502E+02
 -.249496E+00 -.421363E+01 -.180792E+01 -.205760E+01 0.151089E+02
 -.264336E+00 -.424191E+01 -.182989E+01 -.194980E+01 0.151530E+02
 -.235426E+00 -.408797E+01 -.183587E+01 -.204500E+01 0.175689E+02
 -.275287E+00 -.426123E+01 -.183056E+01 -.202177E+01 0.156547E+02
 -.321296E+00 -.409876E+01 -.176875E+01 -.197656E+01 0.171399E+02
 -.243502E+00 -.426999E+01 -.187773E+01 -.188181E+01 0.171365E+02
 -.314236E+00 -.415169E+01 -.175519E+01 -.200311E+01 0.148558E+02
 -.244516E+00 -.416364E+01 -.181623E+01 -.200624E+01 0.177999E+02
 -.331496E+00 -.422766E+01 -.182228E+01 -.190971E+01 0.187068E+02
 -.210409E+00 -.425420E+01 -.180917E+01 -.217410E+01 0.182107E+02
 -.274390E+00 -.418730E+01 -.182602E+01 -.211206E+01 0.190294E+02
 -.263351E+00 -.418789E+01 -.183118E+01 -.195159E+01 0.150608E+02
 -.275314E+00 -.414235E+01 -.184742E+01 -.197730E+01 0.158858E+02
 -.209281E+00 -.419137E+01 -.188408E+01 -.205239E+01 0.141718E+02
 -.280682E+00 -.421975E+01 -.184439E+01 -.199501E+01 0.165975E+02
 -.277355E+00 -.422499E+01 -.184282E+01 -.198456E+01 0.153357E+02
 -.262654E+00 -.422224E+01 -.185085E+01 -.203666E+01 0.162755E+02
 -.252825E+00 -.420647E+01 -.176682E+01 -.214130E+01 0.164129E+02
 -.177056E+00 -.413957E+01 -.182338E+01 -.270994E+01 0.158360E+02
 -.255476E+00 -.421145E+01 -.191349E+01 -.193222E+01 0.182957E+02
 -.276452E+00 -.429683E+01 -.181139E+01 -.200753E+01 0.149856E+02
 -.293824E+00 -.421216E+01 -.184099E+01 -.199494E+01 0.191824E+02
 -.274396E+00 -.422247E+01 -.180719E+01 -.211115E+01 0.160131E+02
 -.260514E+00 -.422103E+01 -.186954E+01 -.195964E+01 0.147804E+02
 -.260043E+00 -.423657E+01 -.182557E+01 -.201353E+01 0.142032E+02
 -.271522E+00 -.417963E+01 -.182497E+01 -.212465E+01 0.188287E+02
 -.277843E+00 -.420493E+01 -.176474E+01 -.205476E+01 0.153663E+02
 -.234813E+00 -.421822E+01 -.180633E+01 -.226383E+01 0.146167E+02
 -.275828E+00 -.407814E+01 -.180340E+01 -.202418E+01 0.176080E+02
 -.329655E+00 -.426939E+01 -.175604E+01 -.191014E+01 0.150022E+02
 -.270399E+00 -.422371E+01 -.179187E+01 -.200064E+01 0.158303E+02
 -.309019E+00 -.420151E+01 -.180818E+01 -.201940E+01 0.190932E+02
 -.268297E+00 -.435786E+01 -.182823E+01 -.199120E+01 0.164890E+02
 -.256652E+00 -.412852E+01 -.185438E+01 -.204264E+01 0.168827E+02
 -.264738E+00 -.419221E+01 -.186189E+01 -.197461E+01 0.151045E+02
 -.254851E+00 -.419900E+01 -.188398E+01 -.191037E+01 0.142085E+02
 -.253680E+00 -.419964E+01 -.183900E+01 -.201704E+01 0.140430E+02
 -.190941E+00 -.415167E+01 -.190827E+01 -.219431E+01 0.189464E+02
 -.180543E+00 -.420692E+01 -.183600E+01 -.219551E+01 0.195326E+02
 -.233530E+00 -.421757E+01 -.186797E+01 -.190881E+01 0.182812E+02
 -.257526E+00 -.420358E+01 -.182151E+01 -.203216E+01 0.141203E+02
 -.211259E+00 -.423516E+01 -.183780E+01 -.248503E+01 0.198136E+02
 -.264512E+00 -.427996E+01 -.182906E+01 -.194627E+01 0.158170E+02
 -.263017E+00 -.436793E+01 -.183720E+01 -.207543E+01 0.192327E+02
 -.168160E+00 -.416758E+01 -.197659E+01 -.202844E+01 0.187354E+02
 -.400917E+00 -.416327E+01 -.153499E+01 -.201031E+01 0.183334E+02
 -.306025E+00 -.427898E+01 -.160948E+01 -.251693E+01 0.175820E+02
 -.251625E+00 -.423994E+01 -.173109E+01 -.227757E+01 0.173775E+02
 -.290852E+00 -.420795E+01 -.183560E+01 -.195182E+01 0.150799E+02
 -.256594E+00 -.421333E+01 -.183193E+01 -.191526E+01 0.186029E+02
 -.477179E+00 -.412657E+01 -.172732E+01 -.164347E+01 0.178910E+02
 -.241802E+00 -.424431E+01 -.182303E+01 -.197166E+01 0.196014E+02
 -.274880E+00 -.423216E+01 -.182035E+01 -.212758E+01 0.191450E+02
 -.311946E+00 -.427447E+01 -.182023E+01 -.197120E+01 0.189085E+02
 -.277932E+00 -.406201E+01 -.181567E+01 -.204009E+01 0.193248E+02
 -.199618E+00 -.422369E+01 -.186775E+01 -.210081E+01 0.146970E+02
 -.284992E+00 -.422876E+01 -.183701E+01 -.194344E+01 0.144063E+02
 -.156987E+00 -.418344E+01 -.188265E+01 -.244869E+01 0.157254E+02
 -.266007E+00 -.421115E+01 -.181817E+01 -.196809E+01 0.151419E+02
 -.233478E+00 -.419069E+01 -.186693E+01 -.202509E+01 0.141474E+02
 -.450033E+00 -.423022E+01 -.188320E+01 -.159898E+01 0.181844E+02
 -.228239E+00 -.433872E+01 -.186471E+01 -.202039E+01 0.162148E+02
 -.270840E+00 -.420214E+01 -.174365E+01 -.206790E+01 0.195248E+02
 -.260684E+00 -.424809E+01 -.177578E+01 -.202318E+01 0.195296E+02
 -.261489E+00 -.419878E+01 -.183130E+01 -.193785E+01 0.159297E+02
 -.262070E+00 -.421621E+01 -.182546E+01 -.203064E+01 0.140658E+02
 -.274837E+00 -.421212E+01 -.187149E+01 -.197875E+01 0.186986E+02
 -.238192E+00 -.420966E+01 -.183862E+01 -.205758E+01 0.141591E+02
 -.277927E+00 -.421503E+01 -.182789E+01 -.197941E+01 0.141904E+02
 -.244379E+00 -.434007E+01 -.180541E+01 -.208313E+01 0.171687E+02
 -.216662E+00 -.417919E+01 -.186114E+01 -.208844E+01 0.142169E+02
 -.264246E+00 -.432295E+01 -.183690E+01 -.200000E+01 0.157104E+02
 -.265311E+00 -.422986E+01 -.186154E+01 -.195981E+01 0.147043E+02
 -.257338E+00 -.421500E+01 -.186537E+01 -.206322E+01 0.191652E+02
 -.395666E+00 -.427660E+01 -.168797E+01 -.194141E+01 0.186568E+02
 -.259140E+00 -.413437E+01 -.182965E+01 -.196450E+01 0.161938E+02
 -.260864E+00 -.418779E+01 -.178075E+01 -.210410E+01 0.148811E+02
 -.292339E+00 -.416988E+01 -.193002E+01 -.177505E+01 0.158095E+02
 -.285211E+00 -.417830E+01 -.178151E+01 -.201566E+01 0.145611E+02
 -.291418E+00 -.413212E+01 -.174641E+01 -.214184E+01 0.155516E+02
 -.289800E+00 -.423423E+01 -.183434E+01 -.198512E+01 0.165065E+02
 -.298548E+00 -.412588E+01 -.182279E+01 -.195771E+01 0.164609E+02
 -.269001E+00 -.421393E+01 -.183737E+01 -.194818E+01 0.142095E+02
 -.238158E+00 -.421522E+01 -.185913E+01 -.195728E+01 0.153773E+02
 -.255106E+00 -.418415E+01 -.181461E+01 -.206861E+01 0.141804E+02
 -.269524E+00 -.425810E+01 -.182231E+01 -.195741E+01 0.150419E+02
 -.239830E+00 -.433158E+01 -.183919E+01 -.203295E+01 0.161681E+02
 -.184390E+00 -.429309E+01 -.183755E+01 -.249303E+01 0.162531E+02
 -.258114E+00 -.421797E+01 -.182961E+01 -.193230E+01 0.171849E+02
 0.000000E+00 -.424337E+01 -.206070E+01 -.204823E+01 0.197608E+02
 -.281889E+00 -.415095E+01 -.181631E+01 -.202746E+01 0.155413E+02
 -.193795E+00 -.413896E+01 -.183425E+01 -.262676E+01 0.181197E+02
 -.104165E+00 -.422435E+01 -.193524E+01 -.232365E+01 0.155486E+02
 -.248754E+00 -.425803E+01 -.182645E+01 -.203072E+01 0.147816E+02
 -.274468E+00 -.420081E+01 -.184387E+01 -.206677E+01 0.197304E+02
 -.299149E+00 -.420949E+01 -.175454E+01 -.203547E+01 0.143259E+02
 -.262105E+00 -.419440E+01 -.179558E+01 -.201138E+01 0.164283E+02
 -.223855E+00 -.413385E+01 -.188017E+01 -.196953E+01 0.156343E+02
 -.267768E+00 -.420799E+01 -.171706E+01 -.216418E+01 0.198688E+02
 -.242175E+00 -.424887E+01 -.176955E+01 -.256106E+01 0.171973E+02
 -.209028E+00 -.424095E+01 -.179248E+01 -.221798E+01 0.198507E+02
 -.231004E+00 -.421910E+01 -.183899E+01 -.211674E+01 0.141385E+02
 -.236679E+00 -.427486E+01 -.187640E+01 -.196946E+01 0.147632E+02
 -.260487E+00 -.421962E+01 -.183343E+01 -.200420E+01 0.140505E+02
 -.235760E+00 -.421052E+01 -.186918E+01 -.209955E+01 0.167855E+02
 -.268795E+00 -.421494E+01 -.183090E+01 -.192757E+01 0.153342E+02
 -.254421E+00 -.426138E+01 -.183930E+01 -.201165E+01 0.144276E+02
 -.262954E+00 -.421723E+01 -.179619E+01 -.202312E+01 0.155791E+02
 -.255249E+00 -.416626E+01 -.183021E+01 -.196446E+01 0.159963E+02
 -.275906E+00 -.422634E+01 -.184890E+01 -.197006E+01 0.151580E+02
 -.296487E+00 -.429190E+01 -.186100E+01 -.178347E+01 0.180986E+02
 -.209345E+00 -.417855E+01 -.187830E+01 -.200000E+01 0.156465E+02
 -.252942E+00 -.421135E+01 -.180989E+01 -.208805E+01 0.141234E+02
 -.280271E+00 -.417433E+01 -.183189E+01 -.202971E+01 0.167833E+02
 -.272578E+00 -.431678E+01 -.181667E+01 -.190541E+01 0.192778E+02
 -.266685E+00 -.416917E+01 -.182925E+01 -.195570E+01 0.149079E+02
 -.364066E+00 -.426091E+01 -.161153E+01 -.207791E+01 0.157029E+02
 -.289669E+00 -.422714E+01 -.184600E+01 -.198501E+01 0.182943E+02
 -.281174E+00 -.436184E+01 -.180409E+01 -.192288E+01 0.189759E+02
 -.244523E+00 -.407782E+01 -.179416E+01 -.224967E+01 0.177859E+02
 -.248728E+00 -.422250E+01 -.184169E+01 -.198326E+01 0.146876E+02
 -.252787E+00 -.429560E+01 -.183543E+01 -.195650E+01 0.167096E+02
 -.254567E+00 -.425000E+01 -.180365E+01 -.197378E+01 0.197256E+02
 -.272191E+00 -.423822E+01 -.184345E+01 -.194604E+01 0.141954E+02
 -.242881E+00 -.418975E+01 -.185126E+01 -.200673E+01 0.141731E+02
 -.215501E+00 -.419557E+01 -.184559E+01 -.205573E+01 0.162602E+02
 -.295835E+00 -.421280E+01 -.173171E+01 -.205167E+01 0.160033E+02
 -.295618E+00 -.421500E+01 -.177989E+01 -.207337E+01 0.151659E+02
 -.376075E+00 -.441089E+01 -.160618E+01 -.203406E+01 0.189831E+02
 -.419926E+00 -.417935E+01 -.157160E+01 -.202432E+01 0.180655E+02
 -.234022E+00 -.421113E+01 -.178501E+01 -.218177E+01 0.162456E+02
 -.370140E+00 -.426218E+01 -.161736E+01 -.212640E+01 0.161567E+02
 -.242034E+00 -.417512E+01 -.176225E+01 -.249065E+01 0.154648E+02
 -.232767E+00 -.420680E+01 -.187726E+01 -.210193E+01 0.176399E+02
 -.283623E+00 -.417907E+01 -.185554E+01 -.193890E+01 0.155831E+02
 -.252142E+00 -.421540E+01 -.182882E+01 -.218184E+01 0.175303E+02
 -.225053E+00 -.420925E+01 -.183088E+01 -.200783E+01 0.196902E+02
 -.275091E+00 -.423500E+01 -.182891E+01 -.189647E+01 0.164073E+02
 -.269363E+00 -.421584E+01 -.177413E+01 -.204280E+01 0.162462E+02
 -.280974E+00 -.418006E+01 -.174315E+01 -.208453E+01 0.163184E+02
 -.285287E+00 -.418233E+01 -.185468E+01 -.193332E+01 0.154449E+02
 -.295577E+00 -.414238E+01 -.182643E+01 -.198043E+01 0.169467E+02
 -.269668E+00 -.440383E+01 -.183475E+01 -.192385E+01 0.186834E+02
 -.247904E+00 -.420604E+01 -.182036E+01 -.204167E+01 0.146957E+02
 -.291995E+00 -.419467E+01 -.184058E+01 -.186794E+01 0.146035E+02
 -.275583E+00 -.423012E+01 -.182690E+01 -.199909E+01 0.144079E+02
 -.237074E+00 -.424891E+01 -.180578E+01 -.208691E+01 0.165248E+02
 -.277924E+00 -.429316E+01 -.181422E+01 -.192812E+01 0.164474E+02
 -.258188E+00 -.423290E+01 -.180759E+01 -.212670E+01 0.145080E+02
 -.247924E+00 -.422396E+01 -.182226E+01 -.197704E+01 0.175169E+02
 -.257838E+00 -.427288E+01 -.188655E+01 -.196061E+01 0.169256E+02
 -.258791E+00 -.428942E+01 -.186935E+01 -.196077E+01 0.155162E+02
 -.257785E+00 -.421873E+01 -.182341E+01 -.195321E+01 0.167335E+02
 -.278532E+00 -.421297E+01 -.183673E+01 -.199175E+01 0.151398E+02
 -.276253E+00 -.426289E+01 -.183900E+01 -.195693E+01 0.145694E+02
 -.270214E+00 -.415153E+01 -.182610E+01 -.192529E+01 0.164316E+02
 -.250366E+00 -.412846E+01 -.188499E+01 -.201820E+01 0.190228E+02
 -.251232E+00 -.412085E+01 -.183040E+01 -.193777E+01 0.198954E+02
 -.280034E+00 -.416941E+01 -.182932E+01 -.202440E+01 0.161849E+02
 -.266855E+00 -.430816E+01 -.182495E+01 -.189677E+01 0.199268E+02
 -.174743E+00 -.419353E+01 -.186828E+01 -.221256E+01 0.150298E+02
 -.204263E+00 -.421226E+01 -.185943E+01 -.202028E+01 0.184431E+02
 -.277024E+00 -.417774E+01 -.184521E+01 -.193446E+01 0.142931E+02
 -.228931E+00 -.421665E+01 -.185841E+01 -.199746E+01 0.150425E+02
 -.231157E+00 -.421881E+01 -.185339E+01 -.196694E+01 0.168338E+02
 -.382367E+00 -.418535E+01 -.169215E+01 -.195863E+01 0.169279E+02
 -.289488E+00 -.430629E+01 -.181682E+01 -.200769E+01 0.165828E+02
 -.322232E+00 -.421355E+01 -.183542E+01 -.185747E+01 0.149867E+02
 -.222106E+00 -.421652E+01 -.182627E+01 -.232573E+01 0.159150E+02
 -.378670E+00 -.426387E+01 -.151600E+01 -.221641E+01 0.176804E+02
 -.240400E+00 -.418629E+01 -.188335E+01 -.201403E+01 0.156782E+02
 -.220265E+00 -.421618E+01 -.205475E+01 -.173238E+01 0.178685E+02
 -.266581E+00 -.421017E+01 -.183233E+01 -.187932E+01 0.194392E+02
 -.271713E+00 -.419039E+01 -.191663E+01 -.183782E+01 0.152556E+02
 -.279006E+00 -.421564E+01 -.182785E+01 -.200678E+01 0.149473E+02
 -.271676E+00 -.420464E+01 -.186522E+01 -.181830E+01 0.185808E+02
 -.273767E+00 -.419679E+01 -.182907E+01 -.196117E+01 0.141160E+02
 -.277229E+00 -.421114E+01 -.173280E+01 -.208009E+01 0.188017E+02
 -.281134E+00 -.440054E+01 -.180510E+01 -.198819E+01 0.177421E+02
 -.276014E+00 -.424565E+01 -.184272E+01 -.200822E+01 0.163951E+02
 -.279999E+00 -.418889E+01 -.182205E+01 -.208616E+01 0.182517E+02
 -.210742E+00 -.414611E+01 -.183093E+01 -.253986E+01 0.197523E+02
 -.358392E+00 -.417080E+01 -.164083E+01 -.201385E+01 0.162438E+02
 -.257965E+00 -.421716E+01 -.183604E+01 -.210950E+01 0.166675E+02
 -.291755E+00 -.427958E+01 -.182662E+01 -.202589E+01 0.189677E+02
 -.262463E+00 -.419906E+01 -.173100E+01 -.217210E+01 0.184633E+02
 -.265188E+00 -.421267E+01 -.183306E+01 -.204087E+01 0.148150E+02
 -.246814E+00 -.418885E+01 -.188759E+01 -.199243E+01 0.162242E+02
 -.318786E+00 -.420258E+01 -.167806E+01 -.214144E+01 0.150727E+02
 -.223457E+00 -.411276E+01 -.189076E+01 -.199723E+01 0.156919E+02
 -.307401E+00 -.421111E+01 -.182570E+01 -.197154E+01 0.180977E+02
 -.259656E+00 -.421476E+01 -.184991E+01 -.190970E+01 0.156091E+02
 -.184214E+00 -.419762E+01 -.207382E+01 -.176040E+01 0.180708E+02
 -.270103E+00 -.427989E+01 -.181807E+01 -.202016E+01 0.147159E+02
 -.261198E+00 -.408218E+01 -.183665E+01 -.202150E+01 0.173429E+02
 -.260585E+00 -.417998E+01 -.183810E+01 -.199350E+01 0.141640E+02
 -.267275E+00 -.431647E+01 -.182970E+01 -.200428E+01 0.155053E+02
 -.257851E+00 -.415321E+01 -.184819E+01 -.197172E+01 0.145842E+02
 -.215447E+00 -.419981E+01 -.188150E+01 -.204853E+01 0.141734E+02
 -.247007E+00 -.417902E+01 -.181860E+01 -.201043E+01 0.163990E+02
 -.254549E+00 -.423465E+01 -.186256E+01 -.197208E+01 0.143186E+02
 -.222786E+00 -.421718E+01 -.185421E+01 -.202640E+01 0.152123E+02
 -.297501E+00 -.423265E+01 -.174960E+01 -.207695E+01 0.142718E+02
 -.328197E+00 -.431047E+01 -.179945E+01 -.183398E+01 0.160968E+02
 -.241297E+00 -.428353E+01 -.192224E+01 -.187986E+01 0.153663E+02
 -.261031E+00 -.423780E+01 -.183137E+01 -.191157E+01 0.179536E+02
 -.256135E+00 -.421438E+01 -.186773E+01 -.206139E+01 0.191998E+02
 -.262481E+00 -.425048E+01 -.187002E+01 -.201800E+01 0.185708E+02
 -.260655E+00 -.424996E+01 -.182282E+01 -.205437E+01 0.144112E+02
 -.266163E+00 -.419263E+01 -.182759E+01 -.211984E+01 0.176329E+02
 -.274560E+00 -.420489E+01 -.186280E+01 -.195389E+01 0.156480E+02
 -.247265E+00 -.425597E+01 -.181674E+01 -.205276E+01 0.150393E+02
 -.204976E+00 -.423199E+01 -.182660E+01 -.214049E+01 0.176859E+02
 -.216899E+00 -.423227E+01 -.189959E+01 -.199597E+01 0.143891E+02
 -.269330E+00 -.420678E+01 -.182803E+01 -.203617E+01 0.147337E+02
 -.299253E+00 -.418290E+01 -.181494E+01 -.203697E+01 0.189771E+02
 -.262401E+00 -.412657E+01 -.178764E+01 -.205828E+01 0.165901E+02
 -.262977E+00 -.419416E+01 -.179105E+01 -.198500E+01 0.187640E+02
 -.242892E+00 -.419081E+01 -.196130E+01 -.184657E+01 0.169811E+02
 -.153241E+00 -.410054E+01 -.193760E+01 -.211778E+01 0.163253E+02
 -.233567E+00 -.429331E+01 -.177913E+01 -.237083E+01 0.155721E+02
 -.291487E+00 -.419775E+01 -.182807E+01 -.200014E+01 0.167386E+02
 -.302873E+00 -.432430E+01 -.176539E+01 -.192431E+01 0.186593E+02
 -.303059E+00 -.421042E+01 -.184585E+01 -.195562E+01 0.194117E+02
 -.223720E+00 -.421542E+01 -.184899E+01 -.208030E+01 0.142547E+02
 -.256103E+00 -.418095E+01 -.181178E+01 -.202403E+01 0.151156E+02
 -.256509E+00 -.420564E+01 -.182796E+01 -.210189E+01 0.151221E+02
 -.223472E+00 -.420234E+01 -.186058E+01 -.196348E+01 0.175735E+02
 -.278137E+00 -.424973E+01 -.183917E+01 -.203758E+01 0.180826E+02
 -.258475E+00 -.429826E+01 -.183124E+01 -.196716E+01 0.158951E+02
 -.304658E+00 -.425000E+01 -.177089E+01 -.192608E+01 0.162571E+02
 -.244259E+00 -.418422E+01 -.185672E+01 -.190574E+01 0.181266E+02
 -.208793E+00 -.424595E+01 -.184182E+01 -.219827E+01 0.145245E+02
 -.262685E+00 -.404766E+01 -.183241E+01 -.199785E+01 0.196466E+02
 -.271601E+00 -.419950E+01 -.182573E+01 -.200397E+01 0.141269E+02
 -.187013E+00 -.424038E+01 -.179659E+01 -.286436E+01 0.156157E+02
 -.223365E+00 -.422786E+01 -.182480E+01 -.204974E+01 0.183674E+02
 -.281468E+00 -.425000E+01 -.185053E+01 -.197971E+01 0.169978E+02
 -.219243E+00 -.417406E+01 -.185975E+01 -.195859E+01 0.194938E+02
 -.280323E+00 -.420873E+01 -.181817E+01 -.193311E+01 0.147614E+02
 -.157109E+00 -.420453E+01 -.187091E+01 -.232449E+01 0.151121E+02
 -.189067E+00 -.422787E+01 -.183544E+01 -.235213E+01 0.147275E+02
 -.326231E+00 -.422530E+01 -.177601E+01 -.185069E+01 0.165928E+02
 -.316434E+00 -.424716E+01 -.160379E+01 -.276724E+01 0.176793E+02
 -.192268E+00 -.420185E+01 -.205713E+01 -.175748E+01 0.165921E+02
 -.269655E+00 -.422881E+01 -.174764E+01 -.205671E+01 0.198616E+02
 -.292663E+00 -.421480E+01 -.180795E+01 -.197241E+01 0.141540E+02
 -.268872E+00 -.423422E+01 -.180262E+01 -.200891E+01 0.147519E+02
 -.290126E+00 -.422449E+01 -.183478E+01 -.198529E+01 0.165780E+02
 -.228165E+00 -.420092E+01 -.189631E+01 -.201814E+01 0.155621E+02
 -.249409E+00 -.425126E+01 -.184625E+01 -.204911E+01 0.147366E+02
 -.129897E+00 -.427708E+01 -.202990E+01 -.197187E+01 0.196129E+02
 -.326094E+00 -.424884E+01 -.186291E+01 -.177412E+01 0.147975E+02
 -.268319E+00 -.422132E+01 -.178601E+01 -.217466E+01 0.149827E+02
 -.259888E+00 -.414932E+01 -.183012E+01 -.194575E+01 0.165706E+02
 -.285193E+00 -.424266E+01 -.188048E+01 -.191270E+01 0.177728E+02
 -.196831E+00 -.422522E+01 -.183084E+01 -.239900E+01 0.148473E+02
 -.298652E+00 -.420637E+01 -.180417E+01 -.204240E+01 0.172449E+02
 -.258227E+00 -.430627E+01 -.176428E+01 -.217138E+01 0.160849E+02
 -.279427E+00 -.417111E+01 -.181054E+01 -.199670E+01 0.142939E+02
 -.194896E+00 -.423375E+01 -.185223E+01 -.206376E+01 0.195804E+02
 -.315615E+00 -.420880E+01 -.180841E+01 -.180811E+01 0.184947E+02
 -.132810E+00 -.421963E+01 -.185210E+01 -.296312E+01 0.159355E+02
 -.246237E+00 -.421448E+01 -.185685E+01 -.195858E+01 0.145840E+02
 -.222959E+00 -.421508E+01 -.184355E+01 -.205811E+01 0.151857E+02
 -.253222E+00 -.411872E+01 -.183281E+01 -.197677E+01 0.166842E+02
 -.257699E+00 -.430827E+01 -.182085E+01 -.198461E+01 0.164762E+02
 -.288012E+00 -.425806E+01 -.182585E+01 -.194603E+01 0.144534E+02
 -.261487E+00 -.407059E+01 -.182891E+01 -.194897E+01 0.197076E+02
 -.285043E+00 -.417905E+01 -.182800E+01 -.204227E+01 0.179479E+02
 -.264866E+00 -.425971E+01 -.184177E+01 -.203623E+01 0.158209E+02
 -.241765E+00 -.422805E+01 -.186705E+01 -.212988E+01 0.196674E+02
 -.260550E+00 -.431100E+01 -.184646E+01 -.191493E+01 0.167341E+02
 -.262213E+00 -.421230E+01 -.189727E+01 -.196519E+01 0.195747E+02
 -.285765E+00 -.414174E+01 -.183442E+01 -.195595E+01 0.153693E+02
 -.242492E+00 -.422208E+01 -.186058E+01 -.199269E+01 0.141138E+02
 -.226007E+00 -.423826E+01 -.178450E+01 -.253355E+01 0.158083E+02
 -.293016E+00 -.427633E+01 -.181775E+01 -.191696E+01 0.147592E+02
 -.277386E+00 -.425000E+01 -.184105E+01 -.193650E+01 0.143127E+02
 -.243011E+00 -.419374E+01 -.184429E+01 -.207947E+01 0.144374E+02
 -.306101E+00 -.420957E+01 -.174733E+01 -.201846E+01 0.144481E+02
 -.126006E+00 -.422763E+01 -.194110E+01 -.224276E+01 0.155177E+02
 -.253311E+00 -.412440E+01 -.182948E+01 -.194610E+01 0.187212E+02
 -.236356E+00 -.423652E+01 -.183266E+01 -.223812E+01 0.170255E+02
 -.322893E+00 -.423560E+01 -.182380E+01 -.190280E+01 0.164528E+02
 -.274023E+00 -.418589E+01 -.181680E+01 -.203944E+01 0.145834E+02
 -.350799E+00 -.417077E+01 -.163739E+01 -.211457E+01 0.154887E+02
 -.236871E+00 -.416255E+01 -.180768E+01 -.220664E+01 0.145395E+02
 -.257921E+00 -.421176E+01 -.182050E+01 -.208393E+01 0.143240E+02
 -.280894E+00 -.420457E+01 -.178953E+01 -.191723E+01 0.198586E+02
 -.175874E+00 -.422200E+01 -.184367E+01 -.253545E+01 0.153053E+02
 -.248182E+00 -.421093E+01 -.182665E+01 -.203379E+01 0.144308E+02
 -.235221E+00 -.430401E+01 -.182694E+01 -.230961E+01 0.195678E+02
 -.273193E+00 -.421726E+01 -.180908E+01 -.206341E+01 0.145171E+02
 -.233036E+00 -.422094E+01 -.182951E+01 -.203824E+01 0.160286E+02
 -.266787E+00 -.419086E+01 -.178143E+01 -.216457E+01 0.144487E+02
 -.276704E+00 -.421946E+01 -.184989E+01 -.194760E+01 0.145444E+02
 -.285713E+00 -.422742E+01 -.186100E+01 -.191568E+01 0.153208E+02
 -.220094E+00 -.420796E+01 -.184616E+01 -.207556E+01 0.147859E+02
 -.233458E+00 -.430667E+01 -.176101E+01 -.242510E+01 0.161184E+02
 -.147788E+00 -.422649E+01 -.198227E+01 -.197553E+01 0.149671E+02
 -.271762E+00 -.427457E+01 -.182904E+01 -.190561E+01 0.168080E+02
 -.267472E+00 -.425584E+01 -.178849E+01 -.197244E+01 0.191153E+02
 -.270686E+00 -.422639E+01 -.182491E+01 -.199671E+01 0.140818E+02
 -.391781E+00 -.424647E+01 -.160003E+01 -.190334E+01 0.192987E+02
 -.152859E+00 -.417633E+01 -.183192E+01 -.283868E+01 0.157041E+02
 -.217988E+00 -.415383E+01 -.190357E+01 -.201324E+01 0.152549E+02
 -.163295E+00 -.418043E+01 -.197129E+01 -.208051E+01 0.199121E+02
 -.272632E+00 -.408339E+01 -.183754E+01 -.198728E+01 0.175288E+02
 -.264004E+00 -.409896E+01 -.182857E+01 -.193610E+01 0.184206E+02
 -.258590E+00 -.414046E+01 -.183631E+01 -.214403E+01 0.192382E+02
 -.276624E+00 -.418557E+01 -.184218E+01 -.187004E+01 0.163719E+02
 -.268259E+00 -.419290E+01 -.182683E+01 -.190193E+01 0.178205E+02
 -.269271E+00 -.417186E+01 -.182858E+01 -.204779E+01 0.152931E+02
 -.286286E+00 -.418883E+01 -.176258E+01 -.202248E+01 0.155708E+02
 -.254936E+00 -.429580E+01 -.181585E+01 -.195451E+01 0.194266E+02
 -.263102E+00 -.419552E+01 -.177770E+01 -.223437E+01 0.149469E+02
 -.191152E+00 -.436517E+01 -.180965E+01 -.235450E+01 0.192420E+02
 -.254838E+00 -.416858E+01 -.180793E+01 -.202587E+01 0.157729E+02
 -.231899E+00 -.420821E+01 -.183497E+01 -.211636E+01 0.140955E+02
 -.271015E+00 -.434050E+01 -.180226E+01 -.205112E+01 0.160296E+02
 -.306727E+00 -.420505E+01 -.184465E+01 -.191366E+01 0.166972E+02
 -.204684E+00 -.422435E+01 -.185424E+01 -.222395E+01 0.146263E+02
 -.284970E+00 -.419330E+01 -.183991E+01 -.195845E+01 0.150132E+02
 -.242789E+00 -.421841E+01 -.192144E+01 -.194577E+01 0.180254E+02
 -.244076E+00 -.422666E+01 -.181401E+01 -.206044E+01 0.152053E+02
 -.260876E+00 -.427083E+01 -.190053E+01 -.181673E+01 0.162098E+02
 -.289314E+00 -.421115E+01 -.188031E+01 -.192522E+01 0.197250E+02
 -.286426E+00 -.413079E+01 -.181564E+01 -.206442E+01 0.184445E+02
 -.338895E+00 -.436446E+01 -.181112E+01 -.183721E+01 0.169179E+02
 -.282887E+00 -.420229E+01 -.182836E+01 -.198745E+01 0.147991E+02
 -.295152E+00 -.411429E+01 -.180016E+01 -.202574E+01 0.169630E+02
 -.375724E+00 -.428009E+01 -.157896E+01 -.218233E+01 0.167959E+02
 -.276149E+00 -.419921E+01 -.184933E+01 -.198899E+01 0.160544E+02
 -.216800E+00 -.420877E+01 -.185223E+01 -.204548E+01 0.155772E+02
 -.281664E+00 -.420337E+01 -.183534E+01 -.191000E+01 0.143556E+02
 -.285231E+00 -.418777E+01 -.184228E+01 -.201480E+01 0.186372E+02
 -.262376E+00 -.420307E+01 -.182892E+01 -.199014E+01 0.141795E+02
 -.274739E+00 -.421790E+01 -.172217E+01 -.212295E+01 0.189675E+02
 -.295957E+00 -.415761E+01 -.180212E+01 -.196802E+01 0.146076E+02
 -.284634E+00 -.429867E+01 -.182505E+01 -.190316E+01 0.158154E+02
 -.270134E+00 -.420966E+01 -.184642E+01 -.199095E+01 0.149287E+02
 -.283721E+00 -.429343E+01 -.182557E+01 -.196452E+01 0.150756E+02
 -.299767E+00 -.429641E+01 -.207796E+01 -.155548E+01 0.198233E+02
 -.202900E+00 -.423137E+01 -.183382E+01 -.221046E+01 0.150006E+02
 -.360697E+00 -.423894E+01 -.154394E+01 -.216714E+01 0.195376E+02
 -.508746E+00 -.417520E+01 -.135685E+01 -.191764E+01 0.197722E+02
 -.273472E+00 -.429788E+01 -.179176E+01 -.196343E+01 0.182204E+02
 -.244017E+00 -.415313E+01 -.191616E+01 -.185071E+01 0.151494E+02
 -.268096E+00 -.425542E+01 -.184713E+01 -.207211E+01 0.193653E+02
 -.230871E+00 -.415948E+01 -.181983E+01 -.232383E+01 0.167685E+02
 -.279565E+00 -.421705E+01 -.180549E+01 -.196547E+01 0.146623E+02
 -.284393E+00 -.428326E+01 -.181583E+01 -.200050E+01 0.151467E+02
 -.266844E+00 -.418708E+01 -.183471E+01 -.192329E+01 0.155514E+02
 -.245160E+00 -.413648E+01 -.183920E+01 -.197643E+01 0.166154E+02
 -.271485E+00 -.430783E+01 -.182939E+01 -.202738E+01 0.161046E+02
 -.286653E+00 -.419153E+01 -.174400E+01 -.202436E+01 0.178445E+02
 -.265721E+00 -.414165E+01 -.184025E+01 -.190770E+01 0.167723E+02
 -.237935E+00 -.419499E+01 -.181852E+01 -.206460E+01 0.154891E+02
 -.276676E+00 -.418328E+01 -.181629E+01 -.206927E+01 0.158517E+02
 -.260373E+00 -.414054E+01 -.177421E+01 -.230938E+01 0.165439E+02
 -.255138E+00 -.421278E+01 -.183161E+01 -.201566E+01 0.141014E+02
 -.262479E+00 -.420257E+01 -.181841E+01 -.201895E+01 0.141506E+02
 -.272044E+00 -.412332E+01 -.183812E+01 -.200074E+01 0.160552E+02
 -.248793E+00 -.419128E+01 -.185130E+01 -.199129E+01 0.141240E+02
 -.252478E+00 -.421646E+01 -.178040E+01 -.204494E+01 0.193277E+02
 -.271519E+00 -.430142E+01 -.184833E+01 -.203903E+01 0.191188E+02
 -.251780E+00 -.420442E+01 -.189556E+01 -.187065E+01 0.145430E+02
 -.330010E+00 -.418799E+01 -.213595E+01 -.151935E+01 0.195283E+02
 -.269358E+00 -.420921E+01 -.183753E+01 -.203521E+01 0.156129E+02
 -.265112E+00 -.421912E+01 -.186785E+01 -.194789E+01 0.147270E+02
 -.304850E+00 -.422194E+01 -.182907E+01 -.197306E+01 0.181803E+02
 -.267052E+00 -.419949E+01 -.182771E+01 -.195569E+01 0.147036E+02
 -.290523E+00 -.420474E+01 -.183233E+01 -.187698E+01 0.148556E+02
 -.245909E+00 -.426394E+01 -.184402E+01 -.202946E+01 0.144897E+02
 -.379874E+00 -.425806E+01 -.174072E+01 -.189691E+01 0.177150E+02
 -.315610E+00 -.424996E+01 -.170399E+01 -.199307E+01 0.186631E+02
 -.270974E+00 -.415254E+01 -.182296E+01 -.204771E+01 0.153539E+02
 -.265730E+00 -.420438E+01 -.177694E+01 -.213160E+01 0.142481E+02
 -.270374E+00 -.421125E+01 -.182772E+01 -.200277E+01 0.141093E+02
 -.267497E+00 -.420884E+01 -.184361E+01 -.204295E+01 0.164487E+02
 -.714953E-01 -.415161E+01 -.199412E+01 -.229643E+01 0.174718E+02
 -.266915E+00 -.420737E+01 -.187083E+01 -.197721E+01 0.166567E+02
 -.289391E+00 -.419865E+01 -.185400E+01 -.195326E+01 0.172136E+02
 -.208105E+00 -.428333E+01 -.190322E+01 -.190916E+01 0.183826E+02
 -.310045E+00 -.421300E+01 -.182548E+01 -.196789E+01 0.185235E+02
 -.265773E+00 -.430529E+01 -.182971E+01 -.208951E+01 0.176758E+02
 -.268187E+00 -.414050E+01 -.183280E+01 -.205681E+01 0.164933E+02
 -.265173E+00 -.436231E+01 -.183089E+01 -.199622E+01 0.166354E+02
 -.278688E+00 -.421685E+01 -.178842E+01 -.204075E+01 0.141288E+02
 -.275956E+00 -.418609E+01 -.184284E+01 -.194348E+01 0.142077E+02
 -.265451E+00 -.422402E+01 -.208815E+01 -.159020E+01 0.176880E+02
 -.269661E+00 -.409223E+01 -.182177E+01 -.199157E+01 0.167998E+02
 -.250428E+00 -.430160E+01 -.181948E+01 -.197962E+01 0.181426E+02
 -.243211E+00 -.422663E+01 -.183027E+01 -.206893E+01 0.141589E+02
 -.308394E+00 -.423831E+01 -.193904E+01 -.169967E+01 0.155825E+02
 -.260272E+00 -.419180E+01 -.185524E+01 -.192669E+01 0.144747E+02
 -.372443E+00 -.413062E+01 -.173430E+01 -.180571E+01 0.177779E+02
 -.288119E+00 -.421300E+01 -.185091E+01 -.192210E+01 0.148960E+02
 -.237442E+00 -.433204E+01 -.185720E+01 -.195267E+01 0.176471E+02
 -.198198E+00 -.422329E+01 -.182933E+01 -.231125E+01 0.146219E+02
 -.262954E+00 -.420268E+01 -.180921E+01 -.201049E+01 0.147997E+02
 -.238956E+00 -.422213E+01 -.184904E+01 -.192040E+01 0.195708E+02
 -.273040E+00 -.419749E+01 -.174255E+01 -.217197E+01 0.149949E+02
 -.271735E+00 -.427073E+01 -.175113E+01 -.212857E+01 0.157678E+02
 -.242993E+00 -.421058E+01 -.182819E+01 -.198376E+01 0.171978E+02
 -.237575E+00 -.424101E+01 -.175831E+01 -.221699E+01 0.184929E+02
 -.310330E+00 -.421671E+01 -.181190E+01 -.200523E+01 0.190808E+02
 -.261532E+00 -.422673E+01 -.186336E+01 -.205176E+01 0.191531E+02
 -.204923E+00 -.432256E+01 -.187158E+01 -.199950E+01 0.188826E+02
 -.261440E+00 -.422796E+01 -.183178E+01 -.199935E+01 0.141012E+02
 -.141184E+00 -.421149E+01 -.193365E+01 -.219500E+01 0.150583E+02
 -.274411E+00 -.420632E+01 -.182708E+01 -.190168E+01 0.163752E+02
 -.225150E+00 -.421321E+01 -.185462E+01 -.211080E+01 0.143143E+02
 -.252063E+00 -.421001E+01 -.186554E+01 -.199634E+01 0.147058E+02
 -.251613E+00 -.422386E+01 -.176156E+01 -.252825E+01 0.172779E+02
 -.266634E+00 -.416050E+01 -.183225E+01 -.202526E+01 0.148370E+02
 -.290243E+00 -.420913E+01 -.183538E+01 -.202906E+01 0.197554E+02
 -.271926E+00 -.417690E+01 -.170543E+01 -.221811E+01 0.185165E+02
 -.270920E+00 -.421236E+01 -.179178E+01 -.198205E+01 0.167451E+02
 -.331041E-01 -.422224E+01 -.196369E+01 -.263000E+01 0.177489E+02
 -.302043E+00 -.416702E+01 -.177720E+01 -.210832E+01 0.178457E+02
 -.280396E+00 -.423548E+01 -.181816E+01 -.208050E+01 0.174169E+02
 -.226236E+00 -.409662E+01 -.183605E+01 -.226810E+01 0.183489E+02
 -.284752E+00 -.421101E+01 -.185894E+01 -.194957E+01 0.166921E+02
 -.247511E+00 -.421508E+01 -.184799E+01 -.199430E+01 0.141857E+02
 -.243109E+00 -.424719E+01 -.182201E+01 -.196966E+01 0.196310E+02
 -.263737E+00 -.427507E+01 -.182481E+01 -.214466E+01 0.185473E+02
 -.259536E+00 -.434940E+01 -.183096E+01 -.196596E+01 0.170283E+02
 -.268215E+00 -.423673E+01 -.185364E+01 -.203007E+01 0.176135E+02
 -.305319E+00 -.420500E+01 -.184905E+01 -.188418E+01 0.152578E+02
 -.307415E+00 -.423822E+01 -.178785E+01 -.207665E+01 0.190910E+02
 -.213995E+00 -.423091E+01 -.191399E+01 -.208317E+01 0.196414E+02
 -.235695E+00 -.430787E+01 -.181035E+01 -.210188E+01 0.166011E+02
 -.258515E+00 -.421693E+01 -.185998E+01 -.199133E+01 0.147942E+02
 -.266725E+00 -.418144E+01 -.183916E+01 -.207611E+01 0.174138E+02
 -.232813E+00 -.421952E+01 -.184739E+01 -.203433E+01 0.144657E+02
 -.291808E+00 -.436713E+01 -.182397E+01 -.198253E+01 0.181852E+02
 -.403037E+00 -.422544E+01 -.176406E+01 -.177317E+01 0.153994E+02
 -.273928E+00 -.442163E+01 -.181732E+01 -.193166E+01 0.199243E+02
 -.268198E+00 -.422378E+01 -.183686E+01 -.193979E+01 0.144859E+02
 -.305419E+00 -.420730E+01 -.181290E+01 -.192406E+01 0.142415E+02
 -.256492E+00 -.416909E+01 -.182276E+01 -.214285E+01 0.161062E+02
 -.842021E-01 -.421055E+01 -.202078E+01 -.197997E+01 0.164024E+02
 -.273851E+00 -.422115E+01 -.182254E+01 -.200433E+01 0.141419E+02
 -.235652E+00 -.420156E+01 -.183053E+01 -.200725E+01 0.170053E+02
 -.215165E+00 -.421553E+01 -.183588E+01 -.233232E+01 0.161290E+02
 -.272172E+00 -.422504E+01 -.182707E+01 -.205909E+01 0.158796E+02
 -.274729E+00 -.419243E+01 -.173759E+01 -.213946E+01 0.160427E+02
 -.312098E+00 -.420058E+01 -.177489E+01 -.193245E+01 0.145414E+02
 -.268926E+00 -.423615E+01 -.180512E+01 -.218949E+01 0.180345E+02
 -.257422E+00 -.423319E+01 -.187793E+01 -.188403E+01 0.147227E+02
 -.271083E+00 -.427031E+01 -.183687E+01 -.198070E+01 0.147003E+02
 -.274645E+00 -.418723E+01 -.175496E+01 -.213578E+01 0.146896E+02
 -.273515E+00 -.421378E+01 -.180723E+01 -.196105E+01 0.154622E+02
 -.145624E+00 -.420081E+01 -.187484E+01 -.296721E+01 0.186441E+02
 -.210153E+00 -.421712E+01 -.180995E+01 -.239713E+01 0.146660E+02
 -.250065E+00 -.419918E+01 -.189447E+01 -.199457E+01 0.181783E+02
 -.174123E+00 -.413203E+01 -.184194E+01 -.273957E+01 0.172395E+02
 -.256122E+00 -.421591E+01 -.182187E+01 -.194845E+01 0.177063E+02
 -.268029E+00 -.415850E+01 -.184204E+01 -.202320E+01 0.157967E+02
 -.250677E+00 -.413934E+01 -.182325E+01 -.203000E+01 0.153769E+02
 -.281080E+00 -.431706E+01 -.183829E+01 -.191455E+01 0.155343E+02
 -.265060E+00 -.427647E+01 -.182894E+01 -.200062E+01 0.146299E+02
 -.327181E+00 -.421889E+01 -.162858E+01 -.228101E+01 0.156212E+02
 -.276597E+00 -.421849E+01 -.186055E+01 -.199666E+01 0.184890E+02
 -.292759E+00 -.420665E+01 -.181870E+01 -.193409E+01 0.140841E+02
 -.245003E+00 -.422958E+01 -.181233E+01 -.205662E+01 0.153871E+02
 -.300026E+00 -.424661E+01 -.180082E+01 -.189584E+01 0.155163E+02
 -.243186E+00 -.421164E+01 -.185880E+01 -.213346E+01 0.184094E+02
 -.265829E+00 -.432034E+01 -.183475E+01 -.200455E+01 0.157059E+02
 -.269010E+00 -.418849E+01 -.184043E+01 -.208196E+01 0.185196E+02
 -.131321E+00 -.422354E+01 -.198068E+01 -.202520E+01 0.150270E+02
 -.256033E+00 -.419399E+01 -.185278E+01 -.193782E+01 0.146308E+02
 -.254193E+00 -.413244E+01 -.186831E+01 -.191660E+01 0.154992E+02
 -.275937E+00 -.423253E+01 -.181476E+01 -.200380E+01 0.141161E+02
 -.251145E+00 -.429109E+01 -.190087E+01 -.186792E+01 0.153244E+02
 -.313022E+00 -.420643E+01 -.180441E+01 -.199067E+01 0.174114E+02
 -.118228E+00 -.418086E+01 -.192589E+01 -.234490E+01 0.152161E+02
 -.225783E+00 -.415131E+01 -.182888E+01 -.203698E+01 0.183624E+02
 -.317450E+00 -.421514E+01 -.183214E+01 -.182515E+01 0.145457E+02
 -.281406E+00 -.420141E+01 -.182314E+01 -.209662E+01 0.195032E+02
 -.259969E+00 -.423807E+01 -.184531E+01 -.188046E+01 0.186123E+02
 -.276617E+00 -.422138E+01 -.174598E+01 -.205317E+01 0.183014E+02
 -.240567E+00 -.420639E+01 -.184090E+01 -.213952E+01 0.153893E+02
 -.282000E+00 -.420872E+01 -.179459E+01 -.191131E+01 0.190903E+02
 -.216249E+00 -.423092E+01 -.189213E+01 -.201245E+01 0.143044E+02
 -.249772E+00 -.421384E+01 -.184251E+01 -.193756E+01 0.166052E+02
 -.256805E+00 -.419640E+01 -.183273E+01 -.197244E+01 0.148723E+02
 -.274416E+00 -.426022E+01 -.183915E+01 -.197211E+01 0.146977E+02
 -.275636E+00 -.421499E+01 -.182598E+01 -.186988E+01 0.191018E+02
 -.271718E+00 -.421084E+01 -.174169E+01 -.213854E+01 0.160587E+02
 -.281444E+00 -.419092E+01 -.187037E+01 -.193069E+01 0.165406E+02
 -.205865E+00 -.421660E+01 -.183701E+01 -.208662E+01 0.182512E+02
 -.306763E+00 -.419867E+01 -.188080E+01 -.174411E+01 0.169938E+02
 -.228522E+00 -.429456E+01 -.182542E+01 -.223694E+01 0.159056E+02
 -.277853E+00 -.426912E+01 -.182067E+01 -.195465E+01 0.146704E+02
 -.274051E+00 -.424254E+01 -.179227E+01 -.201771E+01 0.147653E+02
 -.274602E+00 -.422267E+01 -.186428E+01 -.196994E+01 0.168129E+02
 -.269722E+00 -.431625E+01 -.185574E+01 -.190942E+01 0.155973E+02
 -.257288E+00 -.418314E+01 -.190258E+01 -.180110E+01 0.175119E+02
 -.337227E+00 -.425008E+01 -.178852E+01 -.183889E+01 0.147988E+02
 -.227421E+00 -.420202E+01 -.185405E+01 -.201758E+01 0.149320E+02
 -.263781E+00 -.421982E+01 -.179600E+01 -.196130E+01 0.194588E+02
 -.214109E+00 -.420367E+01 -.191345E+01 -.203932E+01 0.166695E+02
 -.283082E+00 -.417832E+01 -.182554E+01 -.205946E+01 0.181200E+02
 -.270263E+00 -.417725E+01 -.184096E+01 -.206986E+01 0.182820E+02
 -.270810E+00 -.418873E+01 -.182778E+01 -.200707E+01 0.142594E+02
 -.283524E+00 -.420165E+01 -.179370E+01 -.201941E+01 0.140696E+02
 -.248862E+00 -.426889E+01 -.184021E+01 -.195529E+01 0.164204E+02
 -.269060E+00 -.421748E+01 -.180713E+01 -.202822E+01 0.141116E+02
 -.252340E+00 -.424411E+01 -.178541E+01 -.209021E+01 0.161366E+02
 -.357224E+00 -.422892E+01 -.169010E+01 -.187874E+01 0.185798E+02
 -.321781E+00 -.416366E+01 -.181210E+01 -.194491E+01 0.178160E+02
 -.245061E+00 -.420815E+01 -.179872E+01 -.213336E+01 0.145546E+02
 -.270192E+00 -.418481E+01 -.180150E+01 -.192894E+01 0.196342E+02
 -.271777E+00 -.422605E+01 -.182923E+01 -.193983E+01 0.146464E+02
 -.285727E+00 -.419404E+01 -.182590E+01 -.191937E+01 0.143381E+02
 -.239475E+00 -.407860E+01 -.190791E+01 -.197097E+01 0.196023E+02
 -.278918E+00 -.423752E+01 -.179700E+01 -.202980E+01 0.141522E+02
 -.287584E+00 -.421084E+01 -.182512E+01 -.196905E+01 0.145061E+02
 -.292211E+00 -.421550E+01 -.180701E+01 -.189444E+01 0.160859E+02
 -.288441E+00 -.432091E+01 -.182276E+01 -.203108E+01 0.187319E+02
 -.218053E+00 -.430261E+01 -.199426E+01 -.183118E+01 0.181239E+02
 -.271667E+00 -.421553E+01 -.183134E+01 -.197802E+01 0.140490E+02
 -.225105E+00 -.422487E+01 -.177875E+01 -.234150E+01 0.151352E+02
 -.280633E+00 -.420485E+01 -.184141E+01 -.193318E+01 0.141447E+02
 -.276127E+00 -.425950E+01 -.183654E+01 -.187283E+01 0.171335E+02
 -.256830E+00 -.418126E+01 -.188063E+01 -.191173E+01 0.142946E+02
 -.286914E+00 -.422169E+01 -.183198E+01 -.199001E+01 0.158578E+02
 -.240425E+00 -.421507E+01 -.180890E+01 -.241915E+01 0.198297E+02
 -.328846E+00 -.421482E+01 -.179580E+01 -.198446E+01 0.197265E+02
 -.286740E+00 -.428007E+01 -.183827E+01 -.202359E+01 0.196747E+02
 -.253748E+00 -.419143E+01 -.186100E+01 -.201955E+01 0.152869E+02
 -.249630E+00 -.417487E+01 -.179250E+01 -.239147E+01 0.183927E+02
 -.282342E+00 -.418402E+01 -.182369E+01 -.195099E+01 0.141856E+02
 -.268427E+00 -.422864E+01 -.188819E+01 -.185538E+01 0.144266E+02
 -.228603E+00 -.420338E+01 -.190522E+01 -.204545E+01 0.187074E+02
 -.382874E+00 -.431471E+01 -.169891E+01 -.196207E+01 0.190118E+02
 -.314170E+00 -.418912E+01 -.182011E+01 -.189162E+01 0.145259E+02
 -.292694E+00 -.430471E+01 -.175452E+01 -.220180E+01 0.176276E+02
 -.257316E+00 -.422244E+01 -.178318E+01 -.226334E+01 0.152691E+02
 -.249633E+00 -.420353E+01 -.182792E+01 -.197504E+01 0.163827E+02
 -.248097E+00 -.421354E+01 -.182491E+01 -.204383E+01 0.143439E+02
 -.284657E+00 -.426314E+01 -.181399E+01 -.199042E+01 0.145734E+02
 -.276951E+00 -.412171E+01 -.182977E+01 -.199262E+01 0.158349E+02
 -.288733E+00 -.419572E+01 -.185786E+01 -.190097E+01 0.147912E+02
 -.268695E+00 -.418159E+01 -.182968E+01 -.200105E+01 0.142094E+02
 -.250133E+00 -.419648E+01 -.179737E+01 -.209078E+01 0.150567E+02
 0.000000E+00 -.425906E+01 -.210115E+01 -.192325E+01 0.198419E+02
 -.284138E+00 -.418969E+01 -.176607E+01 -.198249E+01 0.177182E+02
 -.263350E+00 -.421512E+01 -.181212E+01 -.207598E+01 0.141960E+02
 -.281685E+00 -.419637E+01 -.185368E+01 -.185216E+01 0.153959E+02
 -.247901E+00 -.420972E+01 -.182793E+01 -.197986E+01 0.164294E+02
 -.274877E+00 -.408071E+01 -.180729E+01 -.195666E+01 0.190445E+02
 -.384670E+00 -.422456E+01 -.173852E+01 -.182606E+01 0.145249E+02
 -.266846E+00 -.421650E+01 -.175818E+01 -.205497E+01 0.187362E+02
 -.301817E+00 -.423254E+01 -.181745E+01 -.201076E+01 0.182564E+02
 -.260989E+00 -.432527E+01 -.187102E+01 -.201430E+01 0.196471E+02
 -.270695E+00 -.420540E+01 -.181529E+01 -.197713E+01 0.145338E+02
 -.267166E+00 -.421124E+01 -.182946E+01 -.195402E+01 0.145996E+02
 -.388800E+00 -.417699E+01 -.155226E+01 -.205726E+01 0.171272E+02
 -.303454E+00 -.422210E+01 -.183868E+01 -.190547E+01 0.150728E+02
 -.242799E+00 -.421841E+01 -.182471E+01 -.204141E+01 0.149413E+02
 -.228269E+00 -.421621E+01 -.177545E+01 -.273639E+01 0.172774E+02
 -.251813E+00 -.429510E+01 -.182106E+01 -.210810E+01 0.153429E+02
 -.350159E+00 -.415321E+01 -.200375E+01 -.156435E+01 0.195355E+02
 -.268763E+00 -.421126E+01 -.185376E+01 -.204411E+01 0.185335E+02
 -.218361E+00 -.422896E+01 -.181325E+01 -.221156E+01 0.149367E+02
 -.285993E+00 -.420169E+01 -.182603E+01 -.201932E+01 0.164000E+02
 -.259144E+00 -.424011E+01 -.182894E+01 -.199155E+01 0.144685E+02
 -.295934E+00 -.419329E+01 -.180093E+01 -.199458E+01 0.145116E+02
 -.255633E+00 -.421908E+01 -.182578E+01 -.205408E+01 0.140823E+02
 -.274778E+00 -.421344E+01 -.185490E+01 -.188176E+01 0.146589E+02
 -.272080E+00 -.420372E+01 -.173597E+01 -.210254E+01 0.184360E+02
 -.275512E+00 -.421242E+01 -.183028E+01 -.187874E+01 0.174772E+02
 -.250035E+00 -.430338E+01 -.182388E+01 -.206262E+01 0.152134E+02
 -.249567E+00 -.418805E+01 -.189762E+01 -.200137E+01 0.192482E+02
 -.282787E+00 -.417100E+01 -.180770E+01 -.202342E+01 0.145961E+02
 -.276413E+00 -.421894E+01 -.176036E+01 -.224071E+01 0.153746E+02
 -.273731E+00 -.414953E+01 -.183370E+01 -.198387E+01 0.148480E+02
 -.251699E+00 -.418636E+01 -.184948E+01 -.202417E+01 0.143524E+02
 -.268619E+00 -.421666E+01 -.177321E+01 -.201443E+01 0.181843E+02
 -.246994E+00 -.420181E+01 -.184220E+01 -.207911E+01 0.146200E+02
 -.233650E+00 -.420789E+01 -.182487E+01 -.209713E+01 0.145312E+02
 -.285332E+00 -.416770E+01 -.180836E+01 -.200312E+01 0.145100E+02
 -.266812E+00 -.424460E+01 -.186025E+01 -.193002E+01 0.143229E+02
 -.295621E+00 -.431191E+01 -.178960E+01 -.195400E+01 0.156384E+02
 -.214258E+00 -.430675E+01 -.183546E+01 -.210098E+01 0.171398E+02
 -.200635E+00 -.423512E+01 -.195828E+01 -.187556E+01 0.148235E+02
 -.265543E+00 -.426732E+01 -.182101E+01 -.198118E+01 0.149387E+02
 -.298450E+00 -.423445E+01 -.186874E+01 -.179808E+01 0.152190E+02
 -.269627E+00 -.422190E+01 -.183150E+01 -.198197E+01 0.140578E+02
 -.275925E+00 -.420418E+01 -.183167E+01 -.195506E+01 0.140656E+02
 -.272829E+00 -.414890E+01 -.184810E+01 -.203655E+01 0.184947E+02
 -.290487E+00 -.420910E+01 -.182370E+01 -.201891E+01 0.169788E+02
 -.416444E+00 -.426492E+01 -.186756E+01 -.164827E+01 0.170102E+02
 -.291966E+00 -.416254E+01 -.171149E+01 -.243295E+01 0.179790E+02
 -.439310E+00 -.423192E+01 -.161232E+01 -.190706E+01 0.182301E+02
 -.263921E+00 -.422591E+01 -.182705E+01 -.214693E+01 0.184917E+02
 -.233529E+00 -.421502E+01 -.185627E+01 -.204166E+01 0.140832E+02
 -.264923E+00 -.417132E+01 -.182567E+01 -.203258E+01 0.143971E+02
 -.267415E+00 -.420236E+01 -.182604E+01 -.200503E+01 0.140423E+02
 -.248455E+00 -.424334E+01 -.186097E+01 -.203809E+01 0.154534E+02
 -.290538E+00 -.435618E+01 -.179354E+01 -.199000E+01 0.163792E+02
 -.275215E+00 -.419591E+01 -.183403E+01 -.199882E+01 0.147651E+02
 -.269461E+00 -.418918E+01 -.184142E+01 -.195935E+01 0.141254E+02
 -.309700E+00 -.421371E+01 -.177985E+01 -.193243E+01 0.144360E+02
 -.276923E+00 -.420978E+01 -.180937E+01 -.193771E+01 0.158792E+02
 -.226103E+00 -.420987E+01 -.182764E+01 -.216401E+01 0.141813E+02
 -.209664E+00 -.421292E+01 -.191055E+01 -.206197E+01 0.165756E+02
 -.233032E+00 -.426444E+01 -.186001E+01 -.197270E+01 0.157202E+02
 -.260482E+00 -.422907E+01 -.182089E+01 -.220195E+01 0.192857E+02
 -.299891E+00 -.421490E+01 -.184982E+01 -.188690E+01 0.148113E+02
 -.305022E+00 -.420833E+01 -.182880E+01 -.198991E+01 0.195226E+02
 -.242310E+00 -.418364E+01 -.184540E+01 -.214102E+01 0.162807E+02
 -.249053E+00 -.421431E+01 -.182301E+01 -.198057E+01 0.168816E+02
 -.261897E+00 -.422019E+01 -.183381E+01 -.199387E+01 0.140644E+02
 -.266590E+00 -.420424E+01 -.178324E+01 -.204830E+01 0.154256E+02
 -.275780E+00 -.421149E+01 -.177773E+01 -.223758E+01 0.171987E+02
 -.243003E+00 -.420509E+01 -.183278E+01 -.198788E+01 0.162487E+02
 -.259924E+00 -.414704E+01 -.182086E+01 -.199781E+01 0.153232E+02
 -.276156E+00 -.419157E+01 -.189274E+01 -.193551E+01 0.196883E+02
 -.258885E+00 -.427213E+01 -.180020E+01 -.197114E+01 0.196173E+02
 -.261109E+00 -.421899E+01 -.173973E+01 -.214975E+01 0.183030E+02
 -.276552E+00 -.418614E+01 -.183308E+01 -.196484E+01 0.141960E+02
 -.271001E+00 -.421356E+01 -.173494E+01 -.222980E+01 0.148450E+02
 -.268892E+00 -.421460E+01 -.177146E+01 -.200949E+01 0.187951E+02
 -.294705E+00 -.420619E+01 -.184513E+01 -.184633E+01 0.148517E+02
 -.252690E+00 -.427204E+01 -.204546E+01 -.168351E+01 0.174333E+02
 -.262333E+00 -.418556E+01 -.187616E+01 -.185753E+01 0.155620E+02
 -.209421E+00 -.428087E+01 -.183807E+01 -.227887E+01 0.155261E+02
 -.241805E+00 -.421350E+01 -.187662E+01 -.192906E+01 0.145794E+02
 -.246768E+00 -.418834E+01 -.183294E+01 -.201201E+01 0.147425E+02
 -.279445E+00 -.426641E+01 -.182742E+01 -.203586E+01 0.166774E+02
 -.282930E+00 -.422677E+01 -.181742E+01 -.186344E+01 0.194265E+02
 -.273766E+00 -.425476E+01 -.183015E+01 -.196540E+01 0.143191E+02
 -.266377E+00 -.422596E+01 -.188250E+01 -.194016E+01 0.160955E+02
 -.310956E+00 -.434229E+01 -.183251E+01 -.188074E+01 0.165095E+02
 -.263829E+00 -.417227E+01 -.185220E+01 -.198796E+01 0.148025E+02
 -.288813E+00 -.420156E+01 -.183608E+01 -.183737E+01 0.174097E+02
 -.392766E-01 -.413909E+01 -.208032E+01 -.197692E+01 0.168713E+02
 -.290578E+00 -.424721E+01 -.180227E+01 -.191735E+01 0.156662E+02
 -.136730E+00 -.420203E+01 -.197717E+01 -.192976E+01 0.174358E+02
 -.257274E+00 -.421849E+01 -.187315E+01 -.204728E+01 0.196807E+02
 -.250784E+00 -.430228E+01 -.184315E+01 -.207423E+01 0.162006E+02
 -.289918E+00 -.420038E+01 -.182545E+01 -.204554E+01 0.188960E+02
 -.224864E+00 -.420308E+01 -.186041E+01 -.205481E+01 0.141138E+02
 -.276881E+00 -.422513E+01 -.181236E+01 -.195256E+01 0.148998E+02
 -.328804E+00 -.431470E+01 -.180571E+01 -.181027E+01 0.169635E+02
 -.311763E+00 -.420975E+01 -.181876E+01 -.197234E+01 0.180838E+02
 -.244989E+00 -.420846E+01 -.186495E+01 -.205173E+01 0.156955E+02
 -.435423E+00 -.421266E+01 -.153786E+01 -.201882E+01 0.183781E+02
 -.277701E+00 -.418088E+01 -.182189E+01 -.195062E+01 0.144351E+02
 -.262685E+00 -.418689E+01 -.181507E+01 -.213277E+01 0.157369E+02
 -.211871E+00 -.419024E+01 -.187168E+01 -.213201E+01 0.146861E+02
 -.272944E+00 -.422335E+01 -.182898E+01 -.206043E+01 0.163196E+02
 -.130474E+00 -.430576E+01 -.197227E+01 -.195963E+01 0.187796E+02
 -.276140E+00 -.422136E+01 -.180992E+01 -.195001E+01 0.153124E+02
 -.256977E+00 -.425219E+01 -.189727E+01 -.196637E+01 0.186414E+02
 -.259703E+00 -.420665E+01 -.184769E+01 -.206251E+01 0.164569E+02
 -.252137E+00 -.422173E+01 -.184682E+01 -.199398E+01 0.140903E+02
 -.284727E+00 -.419050E+01 -.183112E+01 -.199307E+01 0.155553E+02
 -.240521E+00 -.415330E+01 -.183955E+01 -.194782E+01 0.191195E+02
 -.282250E+00 -.421768E+01 -.182974E+01 -.193215E+01 0.141290E+02
 -.274475E+00 -.420361E+01 -.180286E+01 -.206244E+01 0.142758E+02
 -.280369E+00 -.416463E+01 -.181073E+01 -.192019E+01 0.165849E+02
 -.265490E+00 -.427868E+01 -.185728E+01 -.203356E+01 0.184450E+02
 -.271047E+00 -.418727E+01 -.180158E+01 -.214723E+01 0.161005E+02
 -.288239E+00 -.423635E+01 -.177976E+01 -.194099E+01 0.174543E+02
 -.280090E+00 -.421869E+01 -.182686E+01 -.194071E+01 0.141634E+02
 -.266842E+00 -.420182E+01 -.180488E+01 -.214889E+01 0.157660E+02
 -.271693E+00 -.422514E+01 -.185357E+01 -.196200E+01 0.147762E+02
 -.171163E+00 -.420060E+01 -.186075E+01 -.220007E+01 0.167809E+02
 -.286237E+00 -.419639E+01 -.182281E+01 -.205032E+01 0.177663E+02
 -.269400E+00 -.422355E+01 -.182893E+01 -.199836E+01 0.141137E+02
 -.287642E+00 -.439554E+01 -.181040E+01 -.197463E+01 0.175659E+02
 -.186838E+00 -.417824E+01 -.183668E+01 -.216815E+01 0.191054E+02
 -.260883E+00 -.414316E+01 -.183552E+01 -.203774E+01 0.151690E+02
 -.265762E+00 -.418819E+01 -.178827E+01 -.198308E+01 0.187118E+02
 -.274365E+00 -.421989E+01 -.183013E+01 -.196401E+01 0.140657E+02
 -.270458E+00 -.406262E+01 -.181635E+01 -.203281E+01 0.186167E+02
 -.268872E+00 -.422260E+01 -.188546E+01 -.194820E+01 0.175596E+02
 -.259625E+00 -.423547E+01 -.183887E+01 -.193581E+01 0.155114E+02
 -.304040E+00 -.423811E+01 -.164907E+01 -.225570E+01 0.173575E+02
 -.261362E+00 -.421677E+01 -.182487E+01 -.210574E+01 0.156610E+02
 -.313745E+00 -.422351E+01 -.177262E+01 -.185506E+01 0.199037E+02
 -.261770E+00 -.421279E+01 -.180986E+01 -.201093E+01 0.148581E+02
 -.269150E+00 -.436042E+01 -.180704E+01 -.205129E+01 0.166031E+02
 -.302988E+00 -.420105E+01 -.182920E+01 -.195935E+01 0.167620E+02
 -.219730E+00 -.417918E+01 -.187551E+01 -.196031E+01 0.163056E+02
 -.262252E+00 -.424711E+01 -.183155E+01 -.210259E+01 0.168072E+02
 -.254577E+00 -.412517E+01 -.182739E+01 -.197423E+01 0.169674E+02
 -.326601E+00 -.424015E+01 -.175119E+01 -.198191E+01 0.143642E+02
 -.270822E+00 -.422267E+01 -.183615E+01 -.192135E+01 0.148872E+02
 -.280742E+00 -.424815E+01 -.179719E+01 -.201987E+01 0.142429E+02
 -.304411E+00 -.421483E+01 -.182311E+01 -.197467E+01 0.172129E+02
 -.273541E+00 -.420799E+01 -.180294E+01 -.191504E+01 0.195709E+02
 -.228640E+00 -.427215E+01 -.184275E+01 -.201805E+01 0.164996E+02
 -.255908E+00 -.426501E+01 -.180928E+01 -.197812E+01 0.180446E+02
 -.245409E+00 -.412877E+01 -.180808E+01 -.204954E+01 0.173007E+02
 -.267991E+00 -.419614E+01 -.182149E+01 -.200305E+01 0.140709E+02
 -.500843E+00 -.415555E+01 -.180226E+01 -.157024E+01 0.177799E+02
 -.210801E+00 -.419470E+01 -.189744E+01 -.204906E+01 0.147014E+02
 -.230464E+00 -.419225E+01 -.186311E+01 -.191541E+01 0.195277E+02
 -.279701E+00 -.420996E+01 -.178193E+01 -.193818E+01 0.196484E+02
 -.278436E+00 -.422089E+01 -.182996E+01 -.196550E+01 0.141242E+02
 -.256656E+00 -.420707E+01 -.176144E+01 -.233564E+01 0.148794E+02
 -.287358E+00 -.420814E+01 -.172461E+01 -.205734E+01 0.187883E+02
 -.270924E+00 -.420580E+01 -.183934E+01 -.193210E+01 0.143389E+02
 -.280662E+00 -.421358E+01 -.183077E+01 -.197556E+01 0.144200E+02
 -.282122E+00 -.420960E+01 -.183041E+01 -.199329E+01 0.150787E+02
 -.301756E+00 -.425747E+01 -.179449E+01 -.197529E+01 0.144999E+02
 -.239189E+00 -.420821E+01 -.179754E+01 -.225139E+01 0.143833E+02
 -.282947E+00 -.420980E+01 -.182657E+01 -.191347E+01 0.146082E+02
 -.287684E+00 -.424717E+01 -.183276E+01 -.203373E+01 0.191009E+02
 -.280142E+00 -.421375E+01 -.176554E+01 -.205773E+01 0.148856E+02
 -.295998E+00 -.419687E+01 -.182900E+01 -.198128E+01 0.166876E+02
 -.263843E+00 -.423620E+01 -.182451E+01 -.196026E+01 0.152368E+02
 -.267463E+00 -.421419E+01 -.182419E+01 -.204084E+01 0.144260E+02
 -.272494E+00 -.424407E+01 -.182417E+01 -.195426E+01 0.145927E+02
 -.295261E+00 -.424216E+01 -.177538E+01 -.205046E+01 0.144433E+02
 -.264434E+00 -.420192E+01 -.186377E+01 -.200829E+01 0.169369E+02
 -.197731E+00 -.421089E+01 -.183579E+01 -.248519E+01 0.163136E+02
 -.384269E+00 -.422933E+01 -.171024E+01 -.192955E+01 0.172250E+02
 -.253313E+00 -.421207E+01 -.184071E+01 -.194454E+01 0.157661E+02
 -.213640E+00 -.414323E+01 -.183062E+01 -.237676E+01 0.166736E+02
 -.279443E+00 -.421585E+01 -.182869E+01 -.194925E+01 0.140713E+02
 -.212593E+00 -.417297E+01 -.183052E+01 -.207906E+01 0.184424E+02
 -.272638E+00 -.417735E+01 -.182620E+01 -.198230E+01 0.142015E+02
 -.267398E+00 -.417656E+01 -.184972E+01 -.203419E+01 0.169783E+02
 -.266807E+00 -.411464E+01 -.183210E+01 -.199334E+01 0.156927E+02
 -.273066E+00 -.418592E+01 -.183128E+01 -.199679E+01 0.144087E+02
 -.281641E+00 -.421265E+01 -.178258E+01 -.198886E+01 0.155185E+02
 -.257169E+00 -.415870E+01 -.182471E+01 -.195571E+01 0.170159E+02
 -.269721E+00 -.421768E+01 -.182026E+01 -.209226E+01 0.160087E+02
 -.280018E+00 -.420855E+01 -.179392E+01 -.198257E+01 0.149307E+02
 -.265883E+00 -.420995E+01 -.182806E+01 -.193742E+01 0.155725E+02
 -.168907E+00 -.415834E+01 -.183249E+01 -.297955E+01 0.165967E+02
 -.252125E+00 -.419760E+01 -.182266E+01 -.197717E+01 0.165333E+02
 -.259188E+00 -.421511E+01 -.187714E+01 -.198618E+01 0.166520E+02
 -.243328E+00 -.424019E+01 -.184371E+01 -.203545E+01 0.142180E+02
 -.276007E+00 -.424468E+01 -.182628E+01 -.199461E+01 0.144240E+02
 -.260158E+00 -.412741E+01 -.185743E+01 -.188924E+01 0.171953E+02
 -.261990E+00 -.421631E+01 -.182820E+01 -.196506E+01 0.148773E+02
 -.286824E+00 -.421006E+01 -.177916E+01 -.199823E+01 0.147774E+02
 -.140146E+00 -.427792E+01 -.189634E+01 -.219449E+01 0.179911E+02
 -.272059E+00 -.437234E+01 -.183294E+01 -.199615E+01 0.172426E+02
 -.289329E+00 -.424323E+01 -.171132E+01 -.207762E+01 0.193322E+02
 -.276718E+00 -.421668E+01 -.183191E+01 -.186182E+01 0.185438E+02
 -.237950E+00 -.420377E+01 -.191723E+01 -.197071E+01 0.179578E+02
 -.227816E+00 -.422183E+01 -.176954E+01 -.259841E+01 0.154401E+02
 -.248518E+00 -.424720E+01 -.179895E+01 -.211870E+01 0.146796E+02
 -.267665E+00 -.420802E+01 -.184335E+01 -.199941E+01 0.146764E+02
 -.274618E+00 -.421229E+01 -.179134E+01 -.207026E+01 0.140864E+02
 -.264858E+00 -.419827E+01 -.182410E+01 -.198739E+01 0.142925E+02
 -.266417E+00 -.423311E+01 -.183229E+01 -.198514E+01 0.141196E+02
 -.326920E+00 -.431690E+01 -.176001E+01 -.199864E+01 0.165445E+02
 -.189983E+00 -.421733E+01 -.182578E+01 -.234009E+01 0.151767E+02
 -.240672E+00 -.421873E+01 -.182622E+01 -.206605E+01 0.144464E+02
 -.275243E+00 -.421980E+01 -.175928E+01 -.216346E+01 0.142732E+02
 -.280695E+00 -.421218E+01 -.180822E+01 -.202792E+01 0.143373E+02
 -.273490E+00 -.423304E+01 -.184332E+01 -.184440E+01 0.192224E+02
 -.265426E+00 -.411735E+01 -.169685E+01 -.290430E+01 0.183611E+02
 -.280944E+00 -.417768E+01 -.184847E+01 -.199581E+01 0.174118E+02
 -.267768E+00 -.422649E+01 -.182518E+01 -.197934E+01 0.142319E+02
 -.272453E+00 -.421659E+01 -.183058E+01 -.201761E+01 0.147456E+02
 -.237102E+00 -.422680E+01 -.181576E+01 -.201419E+01 0.188934E+02
 -.142802E+00 -.422666E+01 -.186311E+01 -.236552E+01 0.175640E+02
 -.271414E+00 -.417640E+01 -.186762E+01 -.197622E+01 0.171354E+02
 -.280861E+00 -.423199E+01 -.182670E+01 -.187285E+01 0.173690E+02
 -.225115E+00 -.423079E+01 -.178441E+01 -.224323E+01 0.162878E+02
 -.223619E+00 -.421801E+01 -.183788E+01 -.236199E+01 0.192219E+02
 -.292189E+00 -.421413E+01 -.177601E+01 -.196385E+01 0.156747E+02
 -.158543E+00 -.421321E+01 -.188719E+01 -.217959E+01 0.158572E+02
 -.274293E+00 -.425674E+01 -.182063E+01 -.195682E+01 0.147067E+02
 -.268509E+00 -.418732E+01 -.183069E+01 -.199326E+01 0.141238E+02
 -.274410E+00 -.433094E+01 -.183992E+01 -.196483E+01 0.160046E+02
 -.282325E+00 -.420148E+01 -.176524E+01 -.200023E+01 0.170229E+02
 -.277510E+00 -.411702E+01 -.182166E+01 -.199677E+01 0.157653E+02
 -.203328E+00 -.419833E+01 -.199019E+01 -.190407E+01 0.194193E+02
 -.267101E+00 -.424006E+01 -.184700E+01 -.196581E+01 0.142944E+02
 -.239239E+00 -.421269E+01 -.182922E+01 -.207161E+01 0.142889E+02
 -.223040E+00 -.421425E+01 -.188351E+01 -.195671E+01 0.149709E+02
 -.254070E+00 -.408749E+01 -.182668E+01 -.198007E+01 0.185268E+02
 -.249534E+00 -.419522E+01 -.183932E+01 -.197421E+01 0.151212E+02
 -.266806E+00 -.422878E+01 -.184552E+01 -.207083E+01 0.183152E+02
 -.270237E+00 -.434906E+01 -.184993E+01 -.198280E+01 0.173080E+02
 -.271212E+00 -.420462E+01 -.183437E+01 -.195900E+01 0.140832E+02
 -.326730E+00 -.424017E+01 -.181691E+01 -.184384E+01 0.143738E+02
 -.276968E+00 -.420625E+01 -.181117E+01 -.191406E+01 0.172404E+02
 -.230867E+00 -.421089E+01 -.181585E+01 -.207181E+01 0.168204E+02
 -.304417E+00 -.422308E+01 -.168972E+01 -.208377E+01 0.181982E+02
 -.190901E+00 -.421367E+01 -.182536E+01 -.238855E+01 0.147754E+02
 -.262791E+00 -.421549E+01 -.191863E+01 -.191751E+01 0.198314E+02
 -.250191E+00 -.419909E+01 -.188692E+01 -.187499E+01 0.150684E+02
 -.238776E+00 -.421562E+01 -.184240E+01 -.220324E+01 0.177018E+02
 -.287759E+00 -.420968E+01 -.183105E+01 -.199661E+01 0.161992E+02
 -.207494E+00 -.420110E+01 -.183962E+01 -.247994E+01 0.188087E+02
 -.231918E+00 -.423240E+01 -.186823E+01 -.197841E+01 0.146376E+02
 -.259769E+00 -.421630E+01 -.181377E+01 -.206533E+01 0.140618E+02
 -.271793E+00 -.421534E+01 -.183156E+01 -.198437E+01 0.141063E+02
 -.264353E+00 -.421931E+01 -.181870E+01 -.219882E+01 0.197376E+02
 -.251039E+00 -.424078E+01 -.183386E+01 -.197349E+01 0.155791E+02
 -.311946E+00 -.424489E+01 -.181859E+01 -.198668E+01 0.194352E+02
 -.249503E+00 -.421879E+01 -.173845E+01 -.254474E+01 0.152693E+02
 -.222267E+00 -.422237E+01 -.182819E+01 -.212083E+01 0.149946E+02
 -.277373E+00 -.420348E+01 -.185987E+01 -.193001E+01 0.147462E+02
 -.232415E+00 -.424401E+01 -.186010E+01 -.207130E+01 0.146431E+02
 -.278432E+00 -.420752E+01 -.182152E+01 -.188744E+01 0.174537E+02
 -.267172E+00 -.421711E+01 -.178651E+01 -.224248E+01 0.167643E+02
 -.270975E+00 -.419896E+01 -.182745E+01 -.198059E+01 0.140540E+02
 -.268206E+00 -.421037E+01 -.177072E+01 -.214525E+01 0.142431E+02
 -.269345E+00 -.420927E+01 -.177128E+01 -.200881E+01 0.187589E+02
 -.233203E+00 -.421821E+01 -.184258E+01 -.201560E+01 0.153780E+02
 -.256031E+00 -.422542E+01 -.182584E+01 -.213480E+01 0.159977E+02
 -.277113E+00 -.410072E+01 -.179976E+01 -.199473E+01 0.168836E+02
 -.277754E+00 -.422199E+01 -.181653E+01 -.193990E+01 0.149377E+02
 -.225560E+00 -.423820E+01 -.183942E+01 -.226034E+01 0.166702E+02
 -.167686E+00 -.424281E+01 -.184663E+01 -.252607E+01 0.152742E+02
 -.277073E+00 -.421602E+01 -.186018E+01 -.196071E+01 0.161209E+02
 -.203767E+00 -.421288E+01 -.187527E+01 -.216075E+01 0.148392E+02
 -.273782E+00 -.427647E+01 -.182861E+01 -.197583E+01 0.146287E+02
 -.287823E+00 -.422711E+01 -.186607E+01 -.191306E+01 0.160607E+02
 -.272982E+00 -.419991E+01 -.182742E+01 -.203111E+01 0.149511E+02
 -.252229E+00 -.432874E+01 -.183685E+01 -.202398E+01 0.157718E+02
 -.267324E+00 -.422047E+01 -.182948E+01 -.197617E+01 0.141391E+02
 -.221732E+00 -.420740E+01 -.190660E+01 -.198919E+01 0.148376E+02
 -.249642E+00 -.436688E+01 -.186899E+01 -.204709E+01 0.199047E+02
 -.267466E+00 -.420711E+01 -.184436E+01 -.197960E+01 0.142627E+02
 -.304139E+00 -.421209E+01 -.182140E+01 -.185453E+01 0.151854E+02
 -.316745E+00 -.423296E+01 -.174446E+01 -.196667E+01 0.149391E+02
 -.243848E+00 -.407114E+01 -.172294E+01 -.264033E+01 0.192572E+02
 -.213716E+00 -.424363E+01 -.184099E+01 -.202742E+01 0.193760E+02
 -.130033E+00 -.420071E+01 -.205158E+01 -.181621E+01 0.160217E+02
 -.250463E+00 -.421707E+01 -.188133E+01 -.200586E+01 0.167428E+02
 -.248869E+00 -.428174E+01 -.185429E+01 -.204907E+01 0.157953E+02
 -.262929E+00 -.422120E+01 -.182628E+01 -.196189E+01 0.150587E+02
 -.249794E+00 -.419459E+01 -.182908E+01 -.209896E+01 0.144518E+02
 -.281646E+00 -.422657E+01 -.186228E+01 -.199208E+01 0.198939E+02
 -.269159E+00 -.417431E+01 -.183683E+01 -.194827E+01 0.144341E+02
 -.408722E+00 -.426704E+01 -.174021E+01 -.172660E+01 0.162896E+02
 -.324247E+00 -.420865E+01 -.180216E+01 -.194160E+01 0.163387E+02
 -.245902E+00 -.420922E+01 -.185282E+01 -.201058E+01 0.140535E+02
 -.265694E+00 -.420052E+01 -.186431E+01 -.196537E+01 0.150753E+02
 -.266272E+00 -.422087E+01 -.186116E+01 -.201066E+01 0.171063E+02
 -.276728E+00 -.421968E+01 -.181604E+01 -.196153E+01 0.143862E+02
 -.244337E+00 -.421948E+01 -.183481E+01 -.197395E+01 0.165057E+02
 -.263375E+00 -.417644E+01 -.182816E+01 -.199236E+01 0.143055E+02
 -.249181E+00 -.418304E+01 -.185228E+01 -.195657E+01 0.147909E+02
 -.340621E+00 -.419951E+01 -.181319E+01 -.183495E+01 0.146143E+02
 -.275012E+00 -.421323E+01 -.182791E+01 -.202000E+01 0.148867E+02
 -.236481E+00 -.419887E+01 -.194680E+01 -.189722E+01 0.173532E+02
 -.280347E+00 -.419887E+01 -.182281E+01 -.204260E+01 0.160497E+02
 -.253740E+00 -.425174E+01 -.182585E+01 -.202167E+01 0.145391E+02
 -.271978E+00 -.418872E+01 -.180404E+01 -.202539E+01 0.141818E+02
 -.259533E+00 -.423114E+01 -.189716E+01 -.195971E+01 0.184398E+02
 -.276683E+00 -.418444E+01 -.182965E+01 -.197795E+01 0.142620E+02
 -.293122E+00 -.423242E+01 -.182630E+01 -.183691E+01 0.179983E+02
 -.334174E+00 -.426822E+01 -.174093E+01 -.206849E+01 0.184595E+02
 -.273195E+00 -.421224E+01 -.178055E+01 -.213832E+01 0.144196E+02
 -.271712E+00 -.422914E+01 -.181361E+01 -.197935E+01 0.145227E+02
 -.545487E-01 -.421611E+01 -.193405E+01 -.256769E+01 0.188701E+02
 -.274721E+00 -.432653E+01 -.178275E+01 -.199084E+01 0.181225E+02
 -.258234E+00 -.417973E+01 -.185984E+01 -.198398E+01 0.146335E+02
 -.304091E+00 -.423049E+01 -.184381E+01 -.188387E+01 0.147600E+02
 -.306316E+00 -.437204E+01 -.175845E+01 -.195973E+01 0.179613E+02
 -.194306E+00 -.424799E+01 -.191481E+01 -.211419E+01 0.172928E+02
 -.207351E+00 -.421257E+01 -.186716E+01 -.213327E+01 0.142470E+02
 -.268937E+00 -.422306E+01 -.182486E+01 -.200740E+01 0.140888E+02
 -.296058E+00 -.422708E+01 -.180436E+01 -.188081E+01 0.166677E+02
 -.268573E+00 -.423956E+01 -.182826E+01 -.196788E+01 0.143427E+02
 -.244105E+00 -.423434E+01 -.184232E+01 -.196372E+01 0.161660E+02
 -.245376E+00 -.421781E+01 -.182682E+01 -.201913E+01 0.151453E+02
 -.268101E+00 -.421276E+01 -.182068E+01 -.204720E+01 0.144062E+02
 -.277391E+00 -.421554E+01 -.182553E+01 -.203249E+01 0.154387E+02
 -.280234E+00 -.430303E+01 -.180256E+01 -.202959E+01 0.152190E+02
 -.275412E+00 -.421883E+01 -.182719E+01 -.208507E+01 0.178843E+02
 -.263433E+00 -.418991E+01 -.184309E+01 -.193233E+01 0.148002E+02
 -.256253E+00 -.418606E+01 -.183504E+01 -.195817E+01 0.153708E+02
 -.330564E+00 -.420979E+01 -.180642E+01 -.190224E+01 0.156998E+02
 -.270879E+00 -.418983E+01 -.183148E+01 -.196703E+01 0.141304E+02
 -.206110E+00 -.418841E+01 -.184901E+01 -.209167E+01 0.159917E+02
 -.319875E+00 -.426918E+01 -.177648E+01 -.190471E+01 0.149128E+02
 -.210132E+00 -.418131E+01 -.181606E+01 -.261108E+01 0.178552E+02
 -.290051E+00 -.421362E+01 -.185879E+01 -.194022E+01 0.171905E+02
 -.177572E+00 -.427627E+01 -.191409E+01 -.201883E+01 0.159140E+02
 -.272876E+00 -.423062E+01 -.183752E+01 -.193692E+01 0.142604E+02
 -.267365E+00 -.418338E+01 -.181948E+01 -.196802E+01 0.149922E+02
 -.351405E+00 -.424936E+01 -.180005E+01 -.187958E+01 0.176219E+02
 -.398902E+00 -.429219E+01 -.177730E+01 -.168170E+01 0.197689E+02
 -.274809E+00 -.420645E+01 -.182597E+01 -.200628E+01 0.143619E+02
 -.292290E+00 -.422959E+01 -.177387E+01 -.209514E+01 0.149574E+02
 -.282250E+00 -.421298E+01 -.182641E+01 -.194723E+01 0.140654E+02
 -.234776E+00 -.436725E+01 -.188658E+01 -.196736E+01 0.170662E+02
 -.277430E+00 -.421679E+01 -.182162E+01 -.195566E+01 0.142107E+02
 -.252438E+00 -.421678E+01 -.184373E+01 -.189082E+01 0.198916E+02
 -.283147E+00 -.418384E+01 -.183107E+01 -.201969E+01 0.166240E+02
 -.293251E+00 -.419473E+01 -.179462E+01 -.195384E+01 0.144767E+02
 -.240231E+00 -.421523E+01 -.180710E+01 -.213330E+01 0.144676E+02
 -.300542E+00 -.420779E+01 -.182541E+01 -.188391E+01 0.142694E+02
 -.282951E+00 -.419928E+01 -.176082E+01 -.203514E+01 0.157197E+02
 -.274744E+00 -.424391E+01 -.180457E+01 -.191241E+01 0.192178E+02
 -.267372E+00 -.417808E+01 -.181220E+01 -.213252E+01 0.162617E+02
 -.273631E+00 -.422616E+01 -.181364E+01 -.196129E+01 0.148620E+02
 -.257078E+00 -.418968E+01 -.182125E+01 -.217448E+01 0.170852E+02
 -.266302E+00 -.421908E+01 -.178637E+01 -.218592E+01 0.150177E+02
 -.271777E+00 -.419900E+01 -.183019E+01 -.197939E+01 0.140553E+02
 -.274982E+00 -.422603E+01 -.181123E+01 -.213865E+01 0.180375E+02
 -.271374E+00 -.421517E+01 -.182371E+01 -.207397E+01 0.159567E+02
 -.274715E+00 -.423723E+01 -.187042E+01 -.196202E+01 0.173964E+02
 -.412257E+00 -.427354E+01 -.177008E+01 -.168181E+01 0.174943E+02
 -.264576E+00 -.428075E+01 -.183857E+01 -.197259E+01 0.147271E+02
 -.234035E+00 -.416073E+01 -.190136E+01 -.193063E+01 0.145389E+02
 -.141517E+00 -.423611E+01 -.191448E+01 -.213642E+01 0.163700E+02
 -.272437E+00 -.421544E+01 -.180342E+01 -.196444E+01 0.159038E+02
 -.311283E+00 -.421284E+01 -.183762E+01 -.189115E+01 0.153233E+02
 -.246589E+00 -.418721E+01 -.179693E+01 -.216718E+01 0.142814E+02
 -.267259E+00 -.417755E+01 -.182332E+01 -.202222E+01 0.142480E+02
 -.279957E+00 -.417510E+01 -.179107E+01 -.193751E+01 0.182006E+02
 -.260471E+00 -.418200E+01 -.182486E+01 -.190960E+01 0.196890E+02
 -.274508E+00 -.420528E+01 -.183118E+01 -.196733E+01 0.140566E+02
 -.292314E+00 -.436545E+01 -.173636E+01 -.213324E+01 0.169094E+02
 -.279378E+00 -.421063E+01 -.181940E+01 -.193821E+01 0.145980E+02
 -.261617E+00 -.427076E+01 -.181432E+01 -.196110E+01 0.171621E+02
 -.341206E+00 -.422707E+01 -.171445E+01 -.201091E+01 0.145534E+02
 -.281643E+00 -.421398E+01 -.181287E+01 -.204567E+01 0.152425E+02
 -.279687E+00 -.424933E+01 -.180343E+01 -.201106E+01 0.142442E+02
 -.273401E+00 -.421684E+01 -.182961E+01 -.199555E+01 0.142546E+02
 -.207458E+00 -.420409E+01 -.196169E+01 -.183017E+01 0.154992E+02
 -.266329E+00 -.422110E+01 -.183711E+01 -.188631E+01 0.178518E+02
 -.261404E+00 -.424956E+01 -.183999E+01 -.192409E+01 0.158405E+02
 -.275933E+00 -.421345E+01 -.182588E+01 -.198285E+01 0.140928E+02
 -.235883E+00 -.422578E+01 -.182605E+01 -.206583E+01 0.149794E+02
 -.185610E+00 -.418685E+01 -.186205E+01 -.229950E+01 0.147055E+02
 -.395058E+00 -.423151E+01 -.164012E+01 -.196565E+01 0.153915E+02
 -.306428E+00 -.420918E+01 -.183404E+01 -.195121E+01 0.177575E+02
 -.262950E+00 -.421637E+01 -.182602E+01 -.196281E+01 0.150333E+02
 -.303889E+00 -.422759E+01 -.177736E+01 -.211011E+01 0.182295E+02
 -.424164E+00 -.425259E+01 -.154115E+01 -.201193E+01 0.164734E+02
 -.292136E+00 -.419754E+01 -.178597E+01 -.194647E+01 0.155413E+02
 -.254083E+00 -.423040E+01 -.178328E+01 -.208536E+01 0.161846E+02
 -.276396E+00 -.420799E+01 -.184247E+01 -.196089E+01 0.143947E+02
 -.227377E+00 -.423141E+01 -.194249E+01 -.183336E+01 0.150808E+02
 -.276757E+00 -.421000E+01 -.184504E+01 -.192223E+01 0.141114E+02
 -.291187E+00 -.421482E+01 -.183449E+01 -.200903E+01 0.183117E+02
 -.308749E+00 -.420703E+01 -.177993E+01 -.197552E+01 0.141530E+02
 -.201504E+00 -.421293E+01 -.186832E+01 -.215362E+01 0.142746E+02
 -.292539E+00 -.425293E+01 -.182170E+01 -.203860E+01 0.187434E+02
 -.275551E+00 -.419350E+01 -.178845E+01 -.195638E+01 0.180652E+02
 -.262471E+00 -.421013E+01 -.181590E+01 -.196029E+01 0.164019E+02
 -.275889E+00 -.422431E+01 -.181237E+01 -.204960E+01 0.146854E+02
 -.236250E+00 -.426702E+01 -.184129E+01 -.199309E+01 0.164760E+02
 -.268390E+00 -.423042E+01 -.182727E+01 -.198009E+01 0.141573E+02
 -.249328E+00 -.422273E+01 -.178859E+01 -.235009E+01 0.165616E+02
 -.269210E+00 -.421463E+01 -.182279E+01 -.189575E+01 0.188098E+02
 -.288991E+00 -.431991E+01 -.176277E+01 -.205118E+01 0.157300E+02
 -.284055E+00 -.421147E+01 -.182679E+01 -.194818E+01 0.140748E+02
 -.341683E+00 -.421230E+01 -.156181E+01 -.249447E+01 0.171446E+02
 -.259875E+00 -.422836E+01 -.187090E+01 -.195913E+01 0.148484E+02
 -.235349E+00 -.422527E+01 -.183121E+01 -.197662E+01 0.192147E+02
 -.245098E+00 -.419983E+01 -.182260E+01 -.198820E+01 0.173731E+02
 -.253743E+00 -.421786E+01 -.183063E+01 -.195765E+01 0.162343E+02
 -.268473E+00 -.422337E+01 -.183103E+01 -.199303E+01 0.140744E+02
 -.259917E+00 -.414672E+01 -.180188E+01 -.200996E+01 0.167976E+02
 -.278968E+00 -.417962E+01 -.183313E+01 -.196840E+01 0.144080E+02
 -.278916E+00 -.419874E+01 -.176446E+01 -.197688E+01 0.198851E+02
 -.276341E+00 -.421329E+01 -.184662E+01 -.198460E+01 0.155494E+02
 -.258556E+00 -.420053E+01 -.182061E+01 -.204879E+01 0.140474E+02
 -.297678E+00 -.420387E+01 -.171754E+01 -.205585E+01 0.172812E+02
 -.313917E+00 -.421763E+01 -.177946E+01 -.192737E+01 0.142912E+02
 -.291637E+00 -.425856E+01 -.169428E+01 -.214868E+01 0.179111E+02
 -.223486E+00 -.421335E+01 -.184402E+01 -.201564E+01 0.169615E+02
 -.258695E+00 -.414574E+01 -.182477E+01 -.199641E+01 0.152362E+02
 -.244689E+00 -.422977E+01 -.183024E+01 -.194653E+01 0.193866E+02
 -.246981E+00 -.419926E+01 -.183414E+01 -.193272E+01 0.192218E+02
 -.231466E+00 -.420813E+01 -.182103E+01 -.205936E+01 0.165148E+02
 -.252361E+00 -.427915E+01 -.187581E+01 -.198037E+01 0.158533E+02
 -.279555E+00 -.419358E+01 -.182242E+01 -.197657E+01 0.141190E+02
 -.272551E+00 -.422310E+01 -.182592E+01 -.198798E+01 0.140549E+02
 -.219262E+00 -.424450E+01 -.186071E+01 -.214354E+01 0.150399E+02
 -.240104E+00 -.420289E+01 -.183090E+01 -.196890E+01 0.185586E+02
 -.339702E+00 -.421941E+01 -.174759E+01 -.203036E+01 0.180988E+02
 -.304871E+00 -.420741E+01 -.176342E+01 -.208541E+01 0.154445E+02
 -.269672E+00 -.422743E+01 -.183025E+01 -.195860E+01 0.142896E+02
 -.320807E+00 -.421719E+01 -.182690E+01 -.178267E+01 0.172610E+02
 -.251630E+00 -.424324E+01 -.182742E+01 -.202337E+01 0.144910E+02
 -.269185E+00 -.421135E+01 -.183114E+01 -.197930E+01 0.140345E+02
 -.207516E+00 -.422640E+01 -.187963E+01 -.203946E+01 0.145038E+02
 -.267798E+00 -.420644E+01 -.183506E+01 -.211285E+01 0.189987E+02
 -.271646E+00 -.416938E+01 -.179663E+01 -.204364E+01 0.144322E+02
 -.269579E+00 -.424066E+01 -.183324E+01 -.197888E+01 0.141799E+02
 -.301906E+00 -.422675E+01 -.181095E+01 -.199394E+01 0.161964E+02
 -.320455E+00 -.421572E+01 -.184307E+01 -.177254E+01 0.163366E+02
 -.256997E+00 -.422280E+01 -.182820E+01 -.206382E+01 0.143356E+02
 -.277791E+00 -.420093E+01 -.183064E+01 -.192800E+01 0.143982E+02
 -.263399E+00 -.432243E+01 -.182125E+01 -.199697E+01 0.158035E+02
 -.274267E+00 -.421237E+01 -.182549E+01 -.189905E+01 0.168227E+02
 -.376877E+00 -.416109E+01 -.171311E+01 -.190491E+01 0.155663E+02
 -.272206E+00 -.423355E+01 -.182536E+01 -.198105E+01 0.141192E+02
 -.238530E+00 -.422281E+01 -.182737E+01 -.220805E+01 0.156389E+02
 -.271873E+00 -.421313E+01 -.180717E+01 -.208648E+01 0.147986E+02
 -.267694E+00 -.421372E+01 -.180656E+01 -.202167E+01 0.142704E+02
 -.266576E+00 -.417651E+01 -.181935E+01 -.199316E+01 0.144580E+02
 -.250605E+00 -.423587E+01 -.191697E+01 -.186073E+01 0.145714E+02
 -.293309E+00 -.421433E+01 -.183619E+01 -.198339E+01 0.173162E+02
 -.270465E+00 -.421411E+01 -.184920E+01 -.185077E+01 0.181761E+02
 -.278963E+00 -.417657E+01 -.181934E+01 -.207096E+01 0.168121E+02
 -.275578E+00 -.425156E+01 -.183436E+01 -.196087E+01 0.143267E+02
 -.275120E+00 -.422120E+01 -.188440E+01 -.188818E+01 0.149787E+02
 -.265420E+00 -.417164E+01 -.183433E+01 -.210497E+01 0.179613E+02
 -.278696E+00 -.421807E+01 -.183442E+01 -.197902E+01 0.145696E+02
 -.274042E+00 -.412170E+01 -.186632E+01 -.199400E+01 0.198300E+02
 -.236695E+00 -.421385E+01 -.182956E+01 -.203782E+01 0.154143E+02
 -.252629E+00 -.420967E+01 -.186341E+01 -.197030E+01 0.141379E+02
 -.228023E+00 -.421052E+01 -.186310E+01 -.200014E+01 0.146595E+02
 -.253697E+00 -.412601E+01 -.184305E+01 -.200974E+01 0.152368E+02
 -.244668E+00 -.423162E+01 -.182711E+01 -.200636E+01 0.157986E+02
 -.240689E+00 -.419621E+01 -.183438E+01 -.204298E+01 0.144224E+02
 -.264768E+00 -.421798E+01 -.183257E+01 -.198175E+01 0.140909E+02
 -.235895E+00 -.422001E+01 -.186138E+01 -.209607E+01 0.156234E+02
 -.290737E+00 -.432660E+01 -.181149E+01 -.199303E+01 0.162296E+02
 -.240764E+00 -.420538E+01 -.188313E+01 -.201204E+01 0.155903E+02
 -.263835E+00 -.420976E+01 -.184473E+01 -.196683E+01 0.140570E+02
 -.254815E+00 -.419614E+01 -.185556E+01 -.192938E+01 0.148298E+02
 -.222273E+00 -.420322E+01 -.180520E+01 -.212124E+01 0.182029E+02
 -.131026E+00 -.414792E+01 -.184419E+01 -.278294E+01 0.176642E+02
 -.246845E+00 -.422803E+01 -.187018E+01 -.199419E+01 0.145718E+02
 -.264679E+00 -.420986E+01 -.183258E+01 -.199752E+01 0.140365E+02
 -.273032E+00 -.421939E+01 -.186784E+01 -.193042E+01 0.149562E+02
 -.141885E+00 -.420137E+01 -.208915E+01 -.176180E+01 0.160816E+02
 -.193272E+00 -.436416E+01 -.193911E+01 -.198816E+01 0.179762E+02
 -.263291E+00 -.421409E+01 -.182187E+01 -.199434E+01 0.143471E+02
 -.256192E+00 -.421467E+01 -.178590E+01 -.217205E+01 0.142032E+02
 -.227936E+00 -.420249E+01 -.182791E+01 -.210129E+01 0.147959E+02
 -.246403E+00 -.424438E+01 -.183120E+01 -.198415E+01 0.161697E+02
 -.276144E+00 -.422038E+01 -.183439E+01 -.197184E+01 0.142375E+02
 -.242867E+00 -.413087E+01 -.183670E+01 -.200726E+01 0.160587E+02
 -.282389E+00 -.421388E+01 -.182065E+01 -.206449E+01 0.173047E+02
 -.357074E+00 -.420716E+01 -.169094E+01 -.190155E+01 0.167002E+02
 -.322909E+00 -.427698E+01 -.172434E+01 -.199270E+01 0.152589E+02
 -.295745E+00 -.417956E+01 -.183903E+01 -.187527E+01 0.144306E+02
 -.258413E+00 -.419660E+01 -.179146E+01 -.208859E+01 0.146429E+02
 -.270501E+00 -.418237E+01 -.183037E+01 -.197912E+01 0.141508E+02
 -.276346E+00 -.422052E+01 -.184433E+01 -.196971E+01 0.147763E+02
 -.292103E+00 -.422573E+01 -.172188E+01 -.235625E+01 0.170320E+02
 -.268386E+00 -.420880E+01 -.178885E+01 -.224305E+01 0.173300E+02
 -.287609E+00 -.423515E+01 -.183869E+01 -.196263E+01 0.155034E+02
 -.263137E+00 -.422733E+01 -.182199E+01 -.205272E+01 0.142877E+02
 -.274694E+00 -.422195E+01 -.179281E+01 -.201742E+01 0.145634E+02
 -.299442E+00 -.421159E+01 -.179491E+01 -.191412E+01 0.151194E+02
 -.238000E+00 -.423316E+01 -.184119E+01 -.200098E+01 0.154834E+02
 -.343440E+00 -.427786E+01 -.178157E+01 -.195204E+01 0.192411E+02
 -.227095E+00 -.421237E+01 -.186611E+01 -.218721E+01 0.186017E+02
 -.271830E+00 -.421270E+01 -.182140E+01 -.207034E+01 0.156049E+02
 -.273814E+00 -.420970E+01 -.183374E+01 -.196555E+01 0.140625E+02
 -.253494E+00 -.413688E+01 -.182934E+01 -.204690E+01 0.149214E+02
 -.279086E+00 -.416653E+01 -.182710E+01 -.200934E+01 0.152464E+02
 -.266965E+00 -.423824E+01 -.182826E+01 -.198528E+01 0.141883E+02
 -.268421E+00 -.421338E+01 -.184480E+01 -.195176E+01 0.140711E+02
 -.261603E+00 -.418309E+01 -.187211E+01 -.198894E+01 0.165626E+02
 -.313080E+00 -.420104E+01 -.183297E+01 -.190701E+01 0.159722E+02
 -.121727E+00 -.424766E+01 -.192097E+01 -.237974E+01 0.158287E+02
 -.232415E+00 -.421343E+01 -.182827E+01 -.199049E+01 0.195096E+02
 -.250883E+00 -.420860E+01 -.183477E+01 -.200751E+01 0.143138E+02
 -.264178E+00 -.423444E+01 -.182029E+01 -.201913E+01 0.141387E+02
 -.269816E+00 -.419790E+01 -.182638E+01 -.203940E+01 0.147618E+02
 -.281152E+00 -.421219E+01 -.183298E+01 -.203013E+01 0.170095E+02
 -.269864E+00 -.422755E+01 -.187091E+01 -.197193E+01 0.170258E+02
 -.277036E+00 -.421927E+01 -.184527E+01 -.198001E+01 0.153244E+02
 -.267678E+00 -.422711E+01 -.183594E+01 -.196669E+01 0.141125E+02
 -.315890E+00 -.420076E+01 -.175387E+01 -.191939E+01 0.164932E+02
 -.271663E+00 -.421674E+01 -.183092E+01 -.198032E+01 0.140559E+02
 -.380273E+00 -.421355E+01 -.172482E+01 -.179116E+01 0.168511E+02
 -.226852E+00 -.422521E+01 -.180344E+01 -.244375E+01 0.164188E+02
 -.256657E+00 -.420565E+01 -.188469E+01 -.200606E+01 0.187600E+02
 -.259365E+00 -.419550E+01 -.185609E+01 -.197802E+01 0.142956E+02
 -.267324E+00 -.417719E+01 -.182913E+01 -.192688E+01 0.160107E+02
 -.300706E+00 -.420818E+01 -.183533E+01 -.198957E+01 0.195403E+02
 -.270360E+00 -.420547E+01 -.182621E+01 -.200000E+01 0.140679E+02
 -.268551E+00 -.422789E+01 -.179555E+01 -.200246E+01 0.156501E+02
 -.261079E+00 -.421254E+01 -.182189E+01 -.198279E+01 0.148769E+02
 -.298178E+00 -.420499E+01 -.177186E+01 -.210060E+01 0.157347E+02
 -.316009E+00 -.428431E+01 -.179831E+01 -.200101E+01 0.186575E+02
 -.262239E+00 -.420264E+01 -.183371E+01 -.197391E+01 0.142710E+02
 -.266188E+00 -.414202E+01 -.184151E+01 -.204808E+01 0.168107E+02
 -.256911E+00 -.423212E+01 -.183272E+01 -.198890E+01 0.144358E+02
 -.256359E+00 -.419984E+01 -.181540E+01 -.196386E+01 0.176278E+02
 -.338116E+00 -.419878E+01 -.182316E+01 -.181743E+01 0.145255E+02
 -.370257E+00 -.421026E+01 -.178411E+01 -.175517E+01 0.158292E+02
 -.274796E+00 -.419082E+01 -.181469E+01 -.212328E+01 0.177291E+02
 -.264005E+00 -.421380E+01 -.182765E+01 -.196371E+01 0.147386E+02
 -.268131E+00 -.418102E+01 -.180479E+01 -.209297E+01 0.145421E+02
 -.233285E+00 -.421023E+01 -.182763E+01 -.233307E+01 0.186590E+02
 -.274321E+00 -.423340E+01 -.180133E+01 -.197207E+01 0.154974E+02
 -.212485E+00 -.417319E+01 -.185694E+01 -.203524E+01 0.163377E+02
 -.268365E+00 -.418144E+01 -.183110E+01 -.197812E+01 0.141758E+02
 -.284824E+00 -.423012E+01 -.181485E+01 -.190012E+01 0.161203E+02
 -.266097E+00 -.420905E+01 -.177277E+01 -.204789E+01 0.168801E+02
 -.272452E+00 -.422070E+01 -.182079E+01 -.193516E+01 0.154628E+02
 -.279142E+00 -.418264E+01 -.181613E+01 -.203163E+01 0.148441E+02
 -.282389E+00 -.425328E+01 -.177047E+01 -.225655E+01 0.187615E+02
 -.241413E+00 -.425892E+01 -.186924E+01 -.202080E+01 0.150503E+02
 -.274326E+00 -.424884E+01 -.178672E+01 -.199877E+01 0.159831E+02
 -.248557E+00 -.414362E+01 -.179989E+01 -.202424E+01 0.189379E+02
 -.248023E+00 -.421205E+01 -.182265E+01 -.215995E+01 0.151654E+02
 -.267421E+00 -.417623E+01 -.183071E+01 -.197815E+01 0.142505E+02
 -.296546E+00 -.418122E+01 -.180852E+01 -.192162E+01 0.144715E+02
 -.265074E+00 -.419351E+01 -.182630E+01 -.196380E+01 0.147754E+02
 -.292040E+00 -.421247E+01 -.180070E+01 -.205762E+01 0.161071E+02
 -.272879E+00 -.410277E+01 -.179322E+01 -.202264E+01 0.168866E+02
 -.268639E+00 -.422387E+01 -.180954E+01 -.194909E+01 0.167663E+02
 -.259258E+00 -.421948E+01 -.182935E+01 -.194654E+01 0.160399E+02
 -.271785E+00 -.421234E+01 -.182900E+01 -.193214E+01 0.149126E+02
 -.282409E+00 -.428780E+01 -.171190E+01 -.233592E+01 0.156859E+02
 -.311168E+00 -.435366E+01 -.182292E+01 -.190154E+01 0.168454E+02
 -.124194E+00 -.418446E+01 -.204100E+01 -.196417E+01 0.192320E+02
 -.255619E+00 -.421229E+01 -.186399E+01 -.194893E+01 0.141020E+02
 -.253359E+00 -.421784E+01 -.183095E+01 -.205435E+01 0.141210E+02
 -.272155E+00 -.427785E+01 -.179904E+01 -.201855E+01 0.149454E+02
 -.289416E+00 -.417965E+01 -.183083E+01 -.194218E+01 0.144805E+02
 -.147714E+00 -.426345E+01 -.183797E+01 -.300000E+01 0.162758E+02
 -.293502E+00 -.422157E+01 -.183922E+01 -.196343E+01 0.165487E+02
 -.233764E+00 -.418648E+01 -.184848E+01 -.194428E+01 0.189679E+02
 -.255124E+00 -.420185E+01 -.180112E+01 -.197627E+01 0.197571E+02
 -.315413E+00 -.421676E+01 -.179490E+01 -.198521E+01 0.162826E+02
 -.273997E+00 -.435830E+01 -.181848E+01 -.202016E+01 0.167439E+02
 -.277711E+00 -.421247E+01 -.182918E+01 -.198684E+01 0.143581E+02
 -.281262E+00 -.421375E+01 -.183045E+01 -.197924E+01 0.145431E+02
 -.205232E+00 -.424621E+01 -.190309E+01 -.192560E+01 0.172218E+02
 -.170692E+00 -.421483E+01 -.183236E+01 -.266091E+01 0.152321E+02
 -.171893E+00 -.421137E+01 -.182931E+01 -.258344E+01 0.151042E+02
 -.302237E+00 -.421062E+01 -.180837E+01 -.202501E+01 0.176960E+02
 -.268648E+00 -.417837E+01 -.182504E+01 -.201946E+01 0.143120E+02
 -.217997E+00 -.418453E+01 -.192610E+01 -.196099E+01 0.153087E+02
 -.339534E+00 -.425668E+01 -.170026E+01 -.207210E+01 0.153407E+02
 -.257232E+00 -.415627E+01 -.186059E+01 -.207561E+01 0.192748E+02
 -.251223E+00 -.420868E+01 -.183062E+01 -.198478E+01 0.152778E+02
 -.247061E+00 -.425091E+01 -.178245E+01 -.207153E+01 0.188673E+02
 -.235863E+00 -.420701E+01 -.181905E+01 -.212413E+01 0.142871E+02
 -.275291E+00 -.421032E+01 -.183283E+01 -.197010E+01 0.141117E+02
 -.283590E+00 -.421516E+01 -.183676E+01 -.196357E+01 0.147550E+02
 -.270608E+00 -.419706E+01 -.183294E+01 -.198192E+01 0.140890E+02
 -.304201E+00 -.419685E+01 -.178899E+01 -.196005E+01 0.141260E+02
 -.264891E+00 -.420751E+01 -.184467E+01 -.210527E+01 0.197478E+02
 -.301271E+00 -.420179E+01 -.182327E+01 -.191879E+01 0.143125E+02
 -.231162E+00 -.425208E+01 -.181458E+01 -.203226E+01 0.196866E+02
 -.250748E+00 -.421055E+01 -.179000E+01 -.231263E+01 0.160231E+02
 -.272876E+00 -.420109E+01 -.182468E+01 -.211040E+01 0.182203E+02
 -.236172E+00 -.425672E+01 -.191156E+01 -.200618E+01 0.196027E+02
 -.157182E+00 -.417960E+01 -.193714E+01 -.198311E+01 0.169986E+02
 -.279388E+00 -.421109E+01 -.184365E+01 -.199769E+01 0.163625E+02
 -.269622E+00 -.422570E+01 -.180563E+01 -.218924E+01 0.182068E+02
 -.268692E+00 -.421453E+01 -.183083E+01 -.198032E+01 0.140323E+02
 -.276146E+00 -.422888E+01 -.178671E+01 -.217993E+01 0.164293E+02
 -.267787E+00 -.421134E+01 -.180093E+01 -.194734E+01 0.185579E+02
 -.270521E+00 -.422045E+01 -.187180E+01 -.199854E+01 0.192850E+02
 -.307061E+00 -.417303E+01 -.182532E+01 -.196846E+01 0.179110E+02
 -.223020E+00 -.420618E+01 -.182857E+01 -.204135E+01 0.182435E+02
 -.266217E+00 -.422624E+01 -.182831E+01 -.195624E+01 0.147331E+02
 -.281407E+00 -.429641E+01 -.183375E+01 -.198666E+01 0.160620E+02
 -.298600E+00 -.421424E+01 -.177960E+01 -.197570E+01 0.142821E+02
 -.271738E+00 -.421750E+01 -.184236E+01 -.198573E+01 0.146362E+02
 -.271138E+00 -.421054E+01 -.183043E+01 -.188553E+01 0.179020E+02
 -.232145E+00 -.417971E+01 -.181922E+01 -.203842E+01 0.180089E+02
 -.269329E+00 -.422879E+01 -.183089E+01 -.198269E+01 0.140865E+02
 -.276057E+00 -.416705E+01 -.183002E+01 -.196640E+01 0.143646E+02
 -.270816E+00 -.420986E+01 -.180405E+01 -.195646E+01 0.166125E+02
 -.262926E+00 -.419173E+01 -.181338E+01 -.196659E+01 0.163578E+02
 -.253785E+00 -.421706E+01 -.181519E+01 -.197813E+01 0.172277E+02
 -.255663E+00 -.422131E+01 -.184543E+01 -.205111E+01 0.151143E+02
 -.259371E+00 -.416830E+01 -.181302E+01 -.205627E+01 0.143468E+02
 -.292311E+00 -.422054E+01 -.182736E+01 -.193780E+01 0.142932E+02
 -.304706E+00 -.416419E+01 -.185291E+01 -.188445E+01 0.159052E+02
 -.263882E+00 -.417293E+01 -.183640E+01 -.198076E+01 0.142618E+02
 -.266959E+00 -.421306E+01 -.179651E+01 -.197778E+01 0.171920E+02
 -.269146E+00 -.421430E+01 -.182813E+01 -.198839E+01 0.140351E+02
 -.265959E+00 -.425927E+01 -.183653E+01 -.208634E+01 0.177424E+02
 -.279693E+00 -.420455E+01 -.183933E+01 -.194993E+01 0.142517E+02
 -.249058E+00 -.421853E+01 -.180763E+01 -.199467E+01 0.186230E+02
 -.256671E+00 -.422167E+01 -.177574E+01 -.211823E+01 0.154370E+02
 -.342493E+00 -.426972E+01 -.173845E+01 -.204724E+01 0.189533E+02
 -.268472E+00 -.433503E+01 -.185142E+01 -.198556E+01 0.169523E+02
 -.282749E+00 -.423650E+01 -.175659E+01 -.208623E+01 0.146690E+02
 -.242016E+00 -.417161E+01 -.182210E+01 -.197958E+01 0.192253E+02
 -.269564E+00 -.419566E+01 -.182265E+01 -.202624E+01 0.142482E+02
 -.236621E+00 -.422942E+01 -.183661E+01 -.205617E+01 0.144100E+02
 -.251173E+00 -.421012E+01 -.182735E+01 -.199565E+01 0.151733E+02
 -.243248E+00 -.422037E+01 -.181570E+01 -.202110E+01 0.168641E+02
 -.271402E+00 -.421452E+01 -.183794E+01 -.196778E+01 0.140926E+02
 -.275007E+00 -.419558E+01 -.175278E+01 -.208978E+01 0.159220E+02
 -.231769E+00 -.422406E+01 -.183093E+01 -.198252E+01 0.198296E+02
 -.202563E+00 -.427315E+01 -.194654E+01 -.195711E+01 0.163004E+02
 -.236049E+00 -.428384E+01 -.188870E+01 -.201978E+01 0.167976E+02
 -.279419E+00 -.422193E+01 -.183659E+01 -.189481E+01 0.149774E+02
 -.276074E+00 -.419524E+01 -.183173E+01 -.200500E+01 0.148745E+02
 -.326242E+00 -.419442E+01 -.178144E+01 -.196477E+01 0.157121E+02
 -.173785E+00 -.422162E+01 -.187237E+01 -.213177E+01 0.169759E+02
 -.268979E+00 -.420523E+01 -.182033E+01 -.198685E+01 0.141977E+02
 -.283144E+00 -.420198E+01 -.187655E+01 -.193832E+01 0.184958E+02
 -.264571E+00 -.431593E+01 -.182464E+01 -.205461E+01 0.159646E+02
 -.271627E+00 -.420182E+01 -.183633E+01 -.205259E+01 0.167182E+02
 -.298712E+00 -.423663E+01 -.173182E+01 -.202421E+01 0.167353E+02
 -.268958E+00 -.424149E+01 -.183060E+01 -.198210E+01 0.141812E+02
 -.270873E+00 -.421358E+01 -.182374E+01 -.201574E+01 0.141886E+02
 -.268513E+00 -.421544E+01 -.185076E+01 -.204143E+01 0.177501E+02
 -.270644E+00 -.423715E+01 -.184764E+01 -.195313E+01 0.142769E+02
 -.265015E+00 -.420536E+01 -.186370E+01 -.197696E+01 0.153954E+02
 -.277427E+00 -.422377E+01 -.189708E+01 -.184700E+01 0.146936E+02
 -.301671E+00 -.422707E+01 -.183371E+01 -.184185E+01 0.151567E+02
 -.272490E+00 -.423138E+01 -.181214E+01 -.196691E+01 0.149394E+02
 -.289054E+00 -.420369E+01 -.175457E+01 -.207561E+01 0.144153E+02
 -.292027E+00 -.421578E+01 -.185334E+01 -.196190E+01 0.184020E+02
 -.305627E+00 -.421351E+01 -.185380E+01 -.187141E+01 0.151326E+02
 -.273514E+00 -.424418E+01 -.183326E+01 -.197868E+01 0.143272E+02
 -.279751E+00 -.420540E+01 -.183485E+01 -.197864E+01 0.146746E+02
 -.254981E+00 -.436060E+01 -.185140E+01 -.201564E+01 0.171556E+02
 -.271321E+00 -.419708E+01 -.183795E+01 -.198333E+01 0.142964E+02
 -.269414E+00 -.417718E+01 -.184123E+01 -.199723E+01 0.147753E+02
 -.280466E+00 -.421399E+01 -.181743E+01 -.196723E+01 0.140661E+02
 -.276197E+00 -.413345E+01 -.186509E+01 -.181189E+01 0.194654E+02
 -.234812E+00 -.419844E+01 -.184358E+01 -.194568E+01 0.195071E+02
 -.274927E+00 -.421629E+01 -.184959E+01 -.199154E+01 0.160184E+02
 -.251898E+00 -.413671E+01 -.184164E+01 -.208447E+01 0.160838E+02
 -.249779E+00 -.423322E+01 -.182578E+01 -.202764E+01 0.145606E+02
 -.318303E+00 -.423006E+01 -.170000E+01 -.201053E+01 0.173103E+02
 -.229850E+00 -.423228E+01 -.183793E+01 -.203583E+01 0.156749E+02
 -.272651E+00 -.422249E+01 -.176831E+01 -.200527E+01 0.186235E+02
 -.278497E+00 -.422692E+01 -.182505E+01 -.198179E+01 0.141970E+02
 -.262086E+00 -.421606E+01 -.182742E+01 -.197981E+01 0.144700E+02
 -.248391E+00 -.425858E+01 -.183908E+01 -.191896E+01 0.193444E+02
 -.246200E+00 -.421402E+01 -.184425E+01 -.195036E+01 0.162346E+02
 -.249172E+00 -.420854E+01 -.184780E+01 -.201463E+01 0.140520E+02
 -.309045E+00 -.421129E+01 -.172362E+01 -.203879E+01 0.151716E+02
 -.271626E+00 -.445700E+01 -.184039E+01 -.195326E+01 0.196293E+02
 -.266589E+00 -.424484E+01 -.182828E+01 -.200787E+01 0.142510E+02
 -.214106E+00 -.417960E+01 -.183706E+01 -.235750E+01 0.167128E+02
 -.269335E+00 -.422179E+01 -.183111E+01 -.199218E+01 0.140958E+02
 -.244152E+00 -.435040E+01 -.183434E+01 -.197823E+01 0.184701E+02
 -.392502E+00 -.418277E+01 -.183220E+01 -.172637E+01 0.166352E+02
 -.199336E+00 -.423625E+01 -.183368E+01 -.219935E+01 0.157221E+02
 -.263725E+00 -.424028E+01 -.187920E+01 -.188194E+01 0.144365E+02
 -.251612E+00 -.424034E+01 -.183803E+01 -.192692E+01 0.178136E+02
 -.255409E+00 -.421364E+01 -.182677E+01 -.200122E+01 0.145528E+02
 -.217960E+00 -.420811E+01 -.184612E+01 -.213960E+01 0.141519E+02
 -.262064E+00 -.420198E+01 -.186580E+01 -.194785E+01 0.143404E+02
 -.263574E+00 -.421541E+01 -.182985E+01 -.198408E+01 0.141746E+02
 -.219413E+00 -.421685E+01 -.184923E+01 -.226627E+01 0.169744E+02
 -.219514E+00 -.421362E+01 -.183373E+01 -.216907E+01 0.142310E+02
 -.291633E+00 -.443282E+01 -.181586E+01 -.194763E+01 0.187762E+02
 -.265428E+00 -.421203E+01 -.183135E+01 -.199760E+01 0.140365E+02
 -.268750E+00 -.421765E+01 -.184933E+01 -.185857E+01 0.177838E+02
 -.269484E+00 -.422725E+01 -.182872E+01 -.207514E+01 0.163769E+02
 -.299771E+00 -.417829E+01 -.183593E+01 -.194691E+01 0.164054E+02
 -.255068E+00 -.421432E+01 -.184094E+01 -.192658E+01 0.165167E+02
 -.328489E+00 -.423316E+01 -.169829E+01 -.197121E+01 0.175078E+02
 -.258812E+00 -.423298E+01 -.189727E+01 -.196793E+01 0.189778E+02
 -.287113E+00 -.419154E+01 -.182031E+01 -.185041E+01 0.192718E+02
 -.336869E+00 -.417939E+01 -.166283E+01 -.199418E+01 0.192942E+02
 -.268696E+00 -.419508E+01 -.183056E+01 -.197985E+01 0.140730E+02
 -.271528E+00 -.421601E+01 -.184624E+01 -.203143E+01 0.170723E+02
 -.268120E+00 -.421949E+01 -.181869E+01 -.201116E+01 0.140504E+02
 -.238490E+00 -.422171E+01 -.185019E+01 -.199016E+01 0.148989E+02
 -.303910E+00 -.415392E+01 -.199656E+01 -.165395E+01 0.166664E+02
 -.300867E+00 -.423986E+01 -.182747E+01 -.193851E+01 0.152436E+02
 -.293757E+00 -.421627E+01 -.164744E+01 -.244843E+01 0.162583E+02
 -.270425E+00 -.420713E+01 -.183025E+01 -.201129E+01 0.143622E+02
 -.264056E+00 -.426049E+01 -.186289E+01 -.189070E+01 0.151127E+02
 -.265186E+00 -.422473E+01 -.183437E+01 -.187898E+01 0.194295E+02
 -.335015E+00 -.422686E+01 -.175423E+01 -.196894E+01 0.148509E+02
 -.285752E+00 -.421526E+01 -.185674E+01 -.188245E+01 0.142044E+02
 -.285113E+00 -.421419E+01 -.184167E+01 -.194506E+01 0.146809E+02
 -.224522E+00 -.421607E+01 -.184586E+01 -.221815E+01 0.158991E+02
 -.268890E+00 -.420827E+01 -.180823E+01 -.201242E+01 0.142765E+02
 -.276308E+00 -.418281E+01 -.183289E+01 -.196326E+01 0.142019E+02
 -.238160E+00 -.415804E+01 -.182981E+01 -.200423E+01 0.172219E+02
 -.284688E+00 -.429133E+01 -.187127E+01 -.190855E+01 0.167961E+02
 -.269975E+00 -.423671E+01 -.183608E+01 -.197902E+01 0.142123E+02
 -.244259E+00 -.417416E+01 -.181717E+01 -.203793E+01 0.158398E+02
 -.276616E+00 -.418848E+01 -.185710E+01 -.199819E+01 0.179567E+02
 -.260697E+00 -.419269E+01 -.186588E+01 -.199494E+01 0.158288E+02
 -.287182E+00 -.421188E+01 -.183633E+01 -.197417E+01 0.156078E+02
 -.243311E+00 -.418849E+01 -.182892E+01 -.204344E+01 0.145653E+02
 -.243589E+00 -.427867E+01 -.188244E+01 -.196855E+01 0.151580E+02
 -.124321E+00 -.418729E+01 -.203021E+01 -.195843E+01 0.168198E+02
 -.245820E+00 -.421436E+01 -.184487E+01 -.195517E+01 0.159413E+02
 -.227455E+00 -.431713E+01 -.191461E+01 -.198964E+01 0.183271E+02
 -.244442E+00 -.420880E+01 -.184440E+01 -.198760E+01 0.147716E+02
 -.258125E+00 -.424053E+01 -.183149E+01 -.203108E+01 0.142253E+02
 -.253434E+00 -.419427E+01 -.182593E+01 -.204441E+01 0.140885E+02
 -.486645E+00 -.419849E+01 -.132174E+01 -.197484E+01 0.196073E+02
 -.263968E+00 -.420562E+01 -.182771E+01 -.200924E+01 0.140300E+02
 -.290704E+00 -.430804E+01 -.182236E+01 -.197673E+01 0.160932E+02
 -.282044E+00 -.421492E+01 -.180854E+01 -.197950E+01 0.140879E+02
 -.259418E+00 -.422489E+01 -.185501E+01 -.197396E+01 0.142278E+02
 -.260035E+00 -.421635E+01 -.182839E+01 -.198298E+01 0.145071E+02
 -.254164E+00 -.422168E+01 -.183929E+01 -.202325E+01 0.140942E+02
 -.307154E+00 -.422650E+01 -.182955E+01 -.181811E+01 0.163025E+02
 -.298532E+00 -.421741E+01 -.182946E+01 -.191741E+01 0.143660E+02
 -.263200E+00 -.420554E+01 -.185906E+01 -.201751E+01 0.164973E+02
 -.334497E+00 -.425738E+01 -.164098E+01 -.205471E+01 0.190975E+02
 -.219295E+00 -.421608E+01 -.183764E+01 -.227797E+01 0.157001E+02
 -.267379E+00 -.425137E+01 -.182800E+01 -.195081E+01 0.149991E+02
 -.289273E+00 -.421802E+01 -.185187E+01 -.198805E+01 0.195047E+02
 -.267029E+00 -.423576E+01 -.182950E+01 -.197746E+01 0.142133E+02
 -.187291E+00 -.425787E+01 -.190649E+01 -.210006E+01 0.150889E+02
 -.265667E+00 -.421470E+01 -.183205E+01 -.200205E+01 0.140742E+02
 -.191233E+00 -.420427E+01 -.182590E+01 -.241806E+01 0.146820E+02
 -.287159E+00 -.420414E+01 -.185557E+01 -.192722E+01 0.154179E+02
 -.288366E+00 -.420990E+01 -.181796E+01 -.200717E+01 0.152911E+02
 -.267315E+00 -.421046E+01 -.182527E+01 -.198943E+01 0.140873E+02
 -.221795E+00 -.420776E+01 -.179367E+01 -.217685E+01 0.177931E+02
 -.315484E+00 -.421723E+01 -.176327E+01 -.192867E+01 0.150502E+02
 -.257502E+00 -.422882E+01 -.183104E+01 -.198908E+01 0.144575E+02
 -.293717E+00 -.419714E+01 -.185797E+01 -.187257E+01 0.144338E+02
 -.267441E+00 -.422657E+01 -.179245E+01 -.204636E+01 0.146125E+02
 -.264001E+00 -.420618E+01 -.183737E+01 -.192327E+01 0.155959E+02
 -.261540E+00 -.417095E+01 -.183975E+01 -.201388E+01 0.144658E+02
 -.268828E+00 -.420939E+01 -.181748E+01 -.191343E+01 0.182257E+02
 -.251367E+00 -.421148E+01 -.182791E+01 -.216198E+01 0.163799E+02
 -.275442E+00 -.417005E+01 -.185095E+01 -.193819E+01 0.145276E+02
 -.218531E+00 -.416579E+01 -.186773E+01 -.204045E+01 0.145323E+02
 -.268476E+00 -.419227E+01 -.183095E+01 -.197864E+01 0.140921E+02
 -.271229E+00 -.421420E+01 -.185163E+01 -.201689E+01 0.169963E+02
 -.268327E+00 -.421628E+01 -.180124E+01 -.198085E+01 0.160412E+02
 -.271643E+00 -.415852E+01 -.178568E+01 -.197449E+01 0.186669E+02
 -.221838E+00 -.423098E+01 -.185106E+01 -.227687E+01 0.183425E+02
 -.261668E+00 -.417875E+01 -.183924E+01 -.204191E+01 0.150307E+02
 -.274567E+00 -.421415E+01 -.180214E+01 -.199002E+01 0.146694E+02
 -.258733E+00 -.418381E+01 -.185192E+01 -.198716E+01 0.142982E+02
 -.271982E+00 -.422579E+01 -.184408E+01 -.204940E+01 0.179694E+02
 -.258286E+00 -.422363E+01 -.191485E+01 -.178815E+01 0.167339E+02
 -.270797E+00 -.421545E+01 -.181643E+01 -.195223E+01 0.153300E+02
 -.225774E+00 -.421579E+01 -.182359E+01 -.232691E+01 0.162075E+02
 -.272201E+00 -.424733E+01 -.181571E+01 -.210180E+01 0.165198E+02
 -.274605E+00 -.420150E+01 -.183220E+01 -.197120E+01 0.140966E+02
 -.298937E+00 -.428085E+01 -.186117E+01 -.192161E+01 0.189519E+02
 -.272174E+00 -.415234E+01 -.182447E+01 -.210255E+01 0.180627E+02
 -.263305E+00 -.425276E+01 -.182318E+01 -.200659E+01 0.143632E+02
 -.270224E+00 -.421774E+01 -.184345E+01 -.204985E+01 0.174190E+02
 -.262539E+00 -.420508E+01 -.181210E+01 -.200381E+01 0.148177E+02
 -.261771E+00 -.425495E+01 -.174386E+01 -.211873E+01 0.191910E+02
 -.251907E+00 -.416293E+01 -.185220E+01 -.198762E+01 0.143774E+02
 -.272808E+00 -.420471E+01 -.181735E+01 -.199855E+01 0.140397E+02
 -.321569E+00 -.432100E+01 -.181421E+01 -.187312E+01 0.156810E+02
 -.608982E-01 -.416472E+01 -.204590E+01 -.199973E+01 0.160630E+02
 -.261096E+00 -.421266E+01 -.190888E+01 -.193092E+01 0.186463E+02
 -.259288E+00 -.427287E+01 -.183808E+01 -.202502E+01 0.148392E+02
 -.225378E+00 -.420251E+01 -.185653E+01 -.200418E+01 0.154532E+02
 -.265560E+00 -.428649E+01 -.181239E+01 -.200456E+01 0.151872E+02
 -.274612E+00 -.417109E+01 -.182669E+01 -.199928E+01 0.144849E+02
 -.262824E+00 -.418598E+01 -.185472E+01 -.197788E+01 0.145025E+02
 -.286659E+00 -.422989E+01 -.182354E+01 -.200691E+01 0.156792E+02
 -.255313E+00 -.420933E+01 -.183160E+01 -.199304E+01 0.144602E+02
 -.357842E+00 -.419938E+01 -.172082E+01 -.194475E+01 0.147111E+02
 -.268173E+00 -.420182E+01 -.182861E+01 -.202383E+01 0.143719E+02
 -.326116E+00 -.419132E+01 -.175227E+01 -.188434E+01 0.171664E+02
 -.306713E+00 -.420718E+01 -.180458E+01 -.201514E+01 0.175404E+02
 -.260605E+00 -.420547E+01 -.182970E+01 -.201542E+01 0.140293E+02
 -.165199E+00 -.420472E+01 -.182865E+01 -.244658E+01 0.169554E+02
 -.297000E+00 -.420402E+01 -.177285E+01 -.197674E+01 0.147918E+02
 -.271927E+00 -.423983E+01 -.182104E+01 -.199416E+01 0.141593E+02
 -.262567E+00 -.420163E+01 -.182374E+01 -.201827E+01 0.140458E+02
 -.322406E+00 -.422022E+01 -.183082E+01 -.190070E+01 0.170778E+02
 -.197497E+00 -.410658E+01 -.189329E+01 -.206012E+01 0.158516E+02
 -.296241E+00 -.420015E+01 -.182937E+01 -.186573E+01 0.149715E+02
 -.249493E+00 -.412805E+01 -.176672E+01 -.233490E+01 0.157536E+02
 -.233092E+00 -.411024E+01 -.185628E+01 -.207193E+01 0.158782E+02
 -.271469E+00 -.421331E+01 -.183277E+01 -.200383E+01 0.144328E+02
 -.281088E+00 -.420515E+01 -.184235E+01 -.202987E+01 0.185988E+02
 -.153952E+00 -.422518E+01 -.202261E+01 -.184692E+01 0.153126E+02
 -.270189E+00 -.420751E+01 -.183006E+01 -.199558E+01 0.141025E+02
 -.257975E+00 -.418961E+01 -.182771E+01 -.199834E+01 0.144155E+02
 -.245989E+00 -.421512E+01 -.184919E+01 -.198284E+01 0.144381E+02
 -.296977E+00 -.419367E+01 -.184607E+01 -.184463E+01 0.147298E+02
 -.271556E+00 -.419873E+01 -.169823E+01 -.234384E+01 0.161254E+02
 -.237013E+00 -.422827E+01 -.183267E+01 -.206336E+01 0.144603E+02
 -.270168E+00 -.418512E+01 -.182774E+01 -.213922E+01 0.198637E+02
 -.242284E+00 -.420832E+01 -.182495E+01 -.207252E+01 0.142744E+02
 -.254960E+00 -.429053E+01 -.182908E+01 -.195646E+01 0.170304E+02
 -.285329E+00 -.420640E+01 -.186399E+01 -.195785E+01 0.183174E+02
 -.266141E+00 -.420461E+01 -.178985E+01 -.214513E+01 0.144193E+02
 -.264488E+00 -.422697E+01 -.182816E+01 -.199821E+01 0.140913E+02
 -.288360E+00 -.420801E+01 -.178771E+01 -.207846E+01 0.150117E+02
 -.262146E+00 -.420264E+01 -.183153E+01 -.200215E+01 0.140384E+02
 -.262523E+00 -.421066E+01 -.182698E+01 -.201317E+01 0.140296E+02
 -.273823E+00 -.412432E+01 -.178845E+01 -.196857E+01 0.190508E+02
 -.273323E+00 -.419354E+01 -.182950E+01 -.204750E+01 0.158687E+02
 -.221648E+00 -.418879E+01 -.182603E+01 -.221106E+01 0.142687E+02
 -.267366E+00 -.423245E+01 -.179802E+01 -.198623E+01 0.163972E+02
 -.257918E+00 -.414875E+01 -.182554E+01 -.208959E+01 0.152927E+02
 -.287888E+00 -.421706E+01 -.183645E+01 -.195726E+01 0.150064E+02
 -.256319E+00 -.423618E+01 -.187910E+01 -.197744E+01 0.160676E+02
 -.257754E+00 -.421035E+01 -.180628E+01 -.195740E+01 0.195118E+02
 -.247024E+00 -.420778E+01 -.182103E+01 -.214724E+01 0.146270E+02
 -.263934E+00 -.424921E+01 -.181773E+01 -.211630E+01 0.159012E+02
 -.256918E+00 -.422271E+01 -.183127E+01 -.200138E+01 0.142281E+02
 -.289729E+00 -.423056E+01 -.182603E+01 -.203110E+01 0.180449E+02
 -.294745E+00 -.411390E+01 -.174850E+01 -.199899E+01 0.187192E+02
 -.271279E+00 -.417189E+01 -.183022E+01 -.187294E+01 0.195068E+02
 -.265608E+00 -.414472E+01 -.182770E+01 -.200651E+01 0.147497E+02
 -.264330E+00 -.422651E+01 -.179540E+01 -.202758E+01 0.152973E+02
 -.259402E+00 -.421854E+01 -.178998E+01 -.198822E+01 0.197090E+02
 -.247969E+00 -.420213E+01 -.181665E+01 -.199069E+01 0.175255E+02
 -.245970E+00 -.419929E+01 -.181698E+01 -.203006E+01 0.157102E+02
 -.289855E+00 -.414034E+01 -.188555E+01 -.186325E+01 0.164914E+02
 -.241015E+00 -.419112E+01 -.183838E+01 -.204709E+01 0.141895E+02
 -.268595E+00 -.420838E+01 -.181716E+01 -.204810E+01 0.142795E+02
 -.259366E+00 -.414493E+01 -.176608E+01 -.222511E+01 0.150681E+02
 -.248810E+00 -.421197E+01 -.184935E+01 -.205359E+01 0.147024E+02
 -.257782E+00 -.410776E+01 -.180613E+01 -.209840E+01 0.159932E+02
 -.275506E+00 -.421768E+01 -.182691E+01 -.198112E+01 0.140955E+02
 -.266080E+00 -.420992E+01 -.183358E+01 -.201182E+01 0.142477E+02
 -.275669E+00 -.420389E+01 -.181795E+01 -.198691E+01 0.140445E+02
 -.272491E+00 -.419538E+01 -.183017E+01 -.203508E+01 0.153003E+02
 -.256938E+00 -.418648E+01 -.183577E+01 -.206712E+01 0.149006E+02
 -.264451E+00 -.419653E+01 -.182405E+01 -.197670E+01 0.145845E+02
 -.258498E+00 -.420542E+01 -.180585E+01 -.201373E+01 0.156219E+02
 -.258225E+00 -.432513E+01 -.181852E+01 -.200060E+01 0.164130E+02
 -.189636E+00 -.407449E+01 -.180796E+01 -.295019E+01 0.193638E+02
 -.277332E+00 -.422143E+01 -.178091E+01 -.203699E+01 0.146130E+02
 -.256185E+00 -.417956E+01 -.182374E+01 -.204918E+01 0.141675E+02
 -.213073E+00 -.418758E+01 -.186444E+01 -.216597E+01 0.149563E+02
 -.245231E+00 -.420009E+01 -.183606E+01 -.201930E+01 0.144373E+02
 -.228283E+00 -.422621E+01 -.181635E+01 -.247648E+01 0.196880E+02
 -.248176E+00 -.420340E+01 -.181301E+01 -.229574E+01 0.184319E+02
 -.268335E+00 -.420588E+01 -.182910E+01 -.201263E+01 0.142054E+02
 -.224474E+00 -.420309E+01 -.183659E+01 -.201955E+01 0.177945E+02
 -.243678E+00 -.420147E+01 -.182307E+01 -.214889E+01 0.144989E+02
 -.261613E+00 -.420952E+01 -.183501E+01 -.199526E+01 0.140354E+02
 -.271691E+00 -.420316E+01 -.172223E+01 -.215578E+01 0.181862E+02
 -.305233E+00 -.421213E+01 -.180374E+01 -.198589E+01 0.155166E+02
 -.282229E+00 -.420665E+01 -.183789E+01 -.202901E+01 0.180071E+02
 -.235819E+00 -.425345E+01 -.182615E+01 -.198709E+01 0.194516E+02
 -.266313E+00 -.419064E+01 -.182850E+01 -.201903E+01 0.142149E+02
 -.244172E+00 -.420953E+01 -.183416E+01 -.197813E+01 0.163775E+02
 -.256576E+00 -.420861E+01 -.181459E+01 -.210516E+01 0.142942E+02
 -.245895E+00 -.419843E+01 -.180938E+01 -.199492E+01 0.192056E+02
 -.238963E+00 -.424229E+01 -.182529E+01 -.213901E+01 0.143794E+02
 -.261617E+00 -.416940E+01 -.180478E+01 -.215772E+01 0.154432E+02
 -.243988E+00 -.420560E+01 -.182338E+01 -.197872E+01 0.181811E+02
 -.298965E+00 -.419572E+01 -.185312E+01 -.193311E+01 0.177649E+02
 -.249040E+00 -.421984E+01 -.177561E+01 -.240253E+01 0.161079E+02
 -.258216E+00 -.423937E+01 -.183090E+01 -.202746E+01 0.141861E+02
 -.175032E+00 -.422647E+01 -.178085E+01 -.284440E+01 0.180147E+02
 -.254073E+00 -.419488E+01 -.181323E+01 -.199704E+01 0.163530E+02
 -.257054E+00 -.420204E+01 -.185064E+01 -.204135E+01 0.154445E+02
 -.269641E+00 -.417757E+01 -.186321E+01 -.201165E+01 0.183714E+02
 -.157261E+00 -.418238E+01 -.188177E+01 -.242238E+01 0.153577E+02
 -.206464E+00 -.439640E+01 -.200686E+01 -.176513E+01 0.193610E+02
 -.270123E+00 -.421342E+01 -.183105E+01 -.199179E+01 0.140919E+02
 -.254564E+00 -.422998E+01 -.186575E+01 -.203875E+01 0.170772E+02
 -.261598E+00 -.421971E+01 -.183053E+01 -.208275E+01 0.155055E+02
 -.273661E+00 -.421829E+01 -.183289E+01 -.186675E+01 0.186535E+02
 -.277943E+00 -.419000E+01 -.178178E+01 -.207238E+01 0.141789E+02
 -.277238E+00 -.420806E+01 -.180219E+01 -.196077E+01 0.154375E+02
 -.263454E+00 -.422445E+01 -.183049E+01 -.204041E+01 0.144956E+02
 -.257863E+00 -.423887E+01 -.183239E+01 -.202265E+01 0.141743E+02
 -.275872E+00 -.413292E+01 -.184255E+01 -.201321E+01 0.173024E+02
 -.273845E+00 -.413812E+01 -.183331E+01 -.196727E+01 0.149696E+02
 -.271656E+00 -.433822E+01 -.185016E+01 -.201359E+01 0.187806E+02
 -.268938E+00 -.422439E+01 -.186634E+01 -.198884E+01 0.171695E+02
 -.274907E+00 -.415065E+01 -.191090E+01 -.189804E+01 0.199124E+02
 -.254794E+00 -.423447E+01 -.181454E+01 -.201502E+01 0.152693E+02
 -.255730E+00 -.420318E+01 -.183573E+01 -.203190E+01 0.140964E+02
 -.247088E+00 -.436994E+01 -.188734E+01 -.186221E+01 0.188532E+02
 -.286485E+00 -.417036E+01 -.181334E+01 -.199092E+01 0.145506E+02
 -.257157E+00 -.421049E+01 -.183227E+01 -.204798E+01 0.142367E+02
 -.258639E+00 -.420900E+01 -.177926E+01 -.207411E+01 0.162690E+02
 -.257782E+00 -.421598E+01 -.182288E+01 -.206748E+01 0.141923E+02
 -.252977E+00 -.420612E+01 -.183767E+01 -.214691E+01 0.175849E+02
 -.250206E+00 -.423678E+01 -.182773E+01 -.202384E+01 0.145173E+02
 -.246481E+00 -.422381E+01 -.182793E+01 -.204571E+01 0.143078E+02
 -.255702E+00 -.419213E+01 -.182009E+01 -.198633E+01 0.157418E+02
 -.273337E+00 -.420146E+01 -.181092E+01 -.199590E+01 0.141881E+02
 -.290027E+00 -.421607E+01 -.179965E+01 -.202527E+01 0.145678E+02
 -.270514E+00 -.420565E+01 -.182872E+01 -.199043E+01 0.140489E+02
 -.293192E+00 -.431216E+01 -.176697E+01 -.210982E+01 0.161887E+02
 -.255639E+00 -.419256E+01 -.183008E+01 -.196486E+01 0.156384E+02
 -.260787E+00 -.420550E+01 -.182533E+01 -.201424E+01 0.140743E+02
 -.283093E+00 -.421284E+01 -.172754E+01 -.218092E+01 0.148148E+02
 -.212923E+00 -.430895E+01 -.179275E+01 -.265013E+01 0.173564E+02
 -.259047E+00 -.423035E+01 -.178048E+01 -.207540E+01 0.160139E+02
 -.261435E+00 -.419770E+01 -.182942E+01 -.203677E+01 0.142075E+02
 -.291854E+00 -.416530E+01 -.183434E+01 -.190640E+01 0.144932E+02
 -.232033E+00 -.439434E+01 -.185325E+01 -.202584E+01 0.179366E+02
 -.283701E+00 -.420178E+01 -.173115E+01 -.208582E+01 0.171051E+02
 -.198519E+00 -.422179E+01 -.183551E+01 -.217266E+01 0.162930E+02
 -.261264E+00 -.425206E+01 -.181084E+01 -.203296E+01 0.145449E+02
 -.262003E+00 -.420232E+01 -.183091E+01 -.201875E+01 0.140752E+02
 -.195249E+00 -.423812E+01 -.189184E+01 -.199236E+01 0.165988E+02
 -.246826E+00 -.421716E+01 -.182131E+01 -.203192E+01 0.150345E+02
 -.256922E+00 -.420620E+01 -.183588E+01 -.200816E+01 0.140378E+02
 -.184225E+00 -.427739E+01 -.191007E+01 -.195308E+01 0.189108E+02
 -.312159E+00 -.437156E+01 -.177142E+01 -.199388E+01 0.170460E+02
 -.272422E+00 -.422498E+01 -.183085E+01 -.202218E+01 0.149335E+02
 -.314469E+00 -.418989E+01 -.177712E+01 -.199036E+01 0.147834E+02
 -.282092E+00 -.421781E+01 -.184872E+01 -.193562E+01 0.146020E+02
 -.283265E+00 -.419077E+01 -.181169E+01 -.195568E+01 0.143415E+02
 -.270746E+00 -.421128E+01 -.182515E+01 -.207359E+01 0.160002E+02
 -.257531E+00 -.431347E+01 -.183694E+01 -.206178E+01 0.163209E+02
 -.260133E+00 -.422149E+01 -.181477E+01 -.214382E+01 0.156608E+02
 -.254373E+00 -.420631E+01 -.182639E+01 -.200153E+01 0.146718E+02
 -.305117E+00 -.417554E+01 -.180659E+01 -.189021E+01 0.148805E+02
 -.255806E+00 -.423201E+01 -.180983E+01 -.200653E+01 0.159828E+02
 -.270683E+00 -.419818E+01 -.176850E+01 -.200667E+01 0.191169E+02
 -.260766E+00 -.419535E+01 -.183222E+01 -.200389E+01 0.140639E+02
 -.240977E+00 -.422619E+01 -.183557E+01 -.212281E+01 0.146349E+02
 -.261728E+00 -.420800E+01 -.182454E+01 -.200048E+01 0.142137E+02
 -.258721E+00 -.420301E+01 -.182392E+01 -.199789E+01 0.145278E+02
 -.241442E+00 -.422174E+01 -.183539E+01 -.197708E+01 0.168305E+02
 -.256197E+00 -.420733E+01 -.184013E+01 -.204514E+01 0.145327E+02
 -.260492E+00 -.421637E+01 -.184407E+01 -.196041E+01 0.141978E+02
 -.293566E+00 -.422445E+01 -.184376E+01 -.181092E+01 0.177808E+02
 -.228330E+00 -.437507E+01 -.192314E+01 -.183898E+01 0.192577E+02
 -.285108E+00 -.420460E+01 -.184968E+01 -.200541E+01 0.193061E+02
 -.273535E+00 -.420816E+01 -.183038E+01 -.204095E+01 0.157055E+02
 -.264578E+00 -.415079E+01 -.184737E+01 -.198873E+01 0.149323E+02
 -.247478E+00 -.426455E+01 -.183079E+01 -.213355E+01 0.156467E+02
 -.272354E+00 -.425388E+01 -.183351E+01 -.198623E+01 0.144932E+02
 -.352401E+00 -.422167E+01 -.180924E+01 -.176652E+01 0.153685E+02
 -.264949E+00 -.419321E+01 -.189639E+01 -.195134E+01 0.188682E+02
 -.276957E+00 -.421006E+01 -.183386E+01 -.198808E+01 0.146003E+02
 -.268655E+00 -.425046E+01 -.182437E+01 -.204130E+01 0.148100E+02
 -.251728E+00 -.420958E+01 -.183877E+01 -.193503E+01 0.169434E+02
 -.209966E+00 -.428938E+01 -.188813E+01 -.212778E+01 0.172045E+02
 -.262915E+00 -.427429E+01 -.185171E+01 -.204844E+01 0.177224E+02
 -.246581E+00 -.421759E+01 -.182896E+01 -.202900E+01 0.145409E+02
 -.277118E+00 -.422432E+01 -.182772E+01 -.203525E+01 0.158150E+02
 -.179123E+00 -.426167E+01 -.190558E+01 -.199097E+01 0.179237E+02
 -.267791E+00 -.419898E+01 -.180290E+01 -.199059E+01 0.154958E+02
 -.267708E+00 -.420473E+01 -.181485E+01 -.202044E+01 0.140522E+02
 -.264856E+00 -.422514E+01 -.182828E+01 -.197283E+01 0.143951E+02
 -.275702E+00 -.419996E+01 -.181086E+01 -.197128E+01 0.145351E+02
 -.262627E+00 -.420550E+01 -.184811E+01 -.201793E+01 0.150975E+02
 -.421595E+00 -.416491E+01 -.151334E+01 -.204357E+01 0.171791E+02
 -.260016E+00 -.424087E+01 -.185119E+01 -.197631E+01 0.142799E+02
 -.295175E+00 -.421920E+01 -.179082E+01 -.200393E+01 0.141684E+02
 -.261410E+00 -.418816E+01 -.184365E+01 -.210651E+01 0.185841E+02
 -.265883E+00 -.422418E+01 -.183350E+01 -.200506E+01 0.141784E+02
 -.202514E+00 -.429609E+01 -.191929E+01 -.204877E+01 0.173070E+02
 -.257886E+00 -.420565E+01 -.183413E+01 -.200829E+01 0.140404E+02
 -.273091E+00 -.422061E+01 -.182174E+01 -.193110E+01 0.154718E+02
 -.263294E+00 -.420543E+01 -.182760E+01 -.202089E+01 0.140577E+02
 -.236481E+00 -.420533E+01 -.183758E+01 -.218307E+01 0.157410E+02
 -.225803E+00 -.421138E+01 -.183057E+01 -.222094E+01 0.146654E+02
 -.314045E+00 -.429077E+01 -.174003E+01 -.202235E+01 0.149695E+02
 -.264927E+00 -.422660E+01 -.183194E+01 -.199253E+01 0.140782E+02
 -.199535E+00 -.420874E+01 -.188007E+01 -.216207E+01 0.148456E+02
 -.255376E+00 -.420609E+01 -.181986E+01 -.205007E+01 0.140850E+02
 -.287425E+00 -.420847E+01 -.182063E+01 -.188254E+01 0.161041E+02
 -.276264E+00 -.420501E+01 -.182366E+01 -.197687E+01 0.140371E+02
 -.255407E+00 -.420718E+01 -.182876E+01 -.205985E+01 0.141741E+02
 -.296087E+00 -.416235E+01 -.178224E+01 -.193667E+01 0.162561E+02
 -.269770E+00 -.416934E+01 -.183136E+01 -.196860E+01 0.143544E+02
 -.270507E+00 -.422139E+01 -.183727E+01 -.193988E+01 0.142983E+02
 -.267752E+00 -.421090E+01 -.183986E+01 -.200680E+01 0.146427E+02
 -.264560E+00 -.420727E+01 -.180713E+01 -.200068E+01 0.151022E+02
 -.284450E+00 -.428608E+01 -.181481E+01 -.200858E+01 0.153468E+02
 -.190337E+00 -.409463E+01 -.191570E+01 -.209050E+01 0.173681E+02
 -.224636E+00 -.419635E+01 -.183637E+01 -.202344E+01 0.175646E+02
 -.278376E+00 -.419363E+01 -.181389E+01 -.199805E+01 0.140901E+02
 -.259723E+00 -.420410E+01 -.184025E+01 -.189581E+01 0.180669E+02
 -.265062E+00 -.419975E+01 -.183416E+01 -.198924E+01 0.140461E+02
 -.265979E+00 -.421945E+01 -.185245E+01 -.198930E+01 0.149340E+02
 -.265551E+00 -.419279E+01 -.183235E+01 -.196386E+01 0.143630E+02
 -.235940E+00 -.419849E+01 -.183109E+01 -.200656E+01 0.169037E+02
 -.252409E+00 -.427891E+01 -.190126E+01 -.190235E+01 0.153263E+02
 -.243992E+00 -.425565E+01 -.182916E+01 -.195267E+01 0.194391E+02
 -.269960E+00 -.423225E+01 -.182717E+01 -.199850E+01 0.141431E+02
 -.264519E+00 -.422556E+01 -.180521E+01 -.204349E+01 0.142282E+02
 -.273404E+00 -.418743E+01 -.186273E+01 -.197397E+01 0.165814E+02
 -.261577E+00 -.414555E+01 -.187135E+01 -.200082E+01 0.176489E+02
 -.274299E+00 -.420170E+01 -.180786E+01 -.197254E+01 0.148478E+02
 -.315704E+00 -.419211E+01 -.172933E+01 -.199352E+01 0.154096E+02
 -.267792E+00 -.414355E+01 -.177937E+01 -.211144E+01 0.150383E+02
 -.281573E+00 -.420357E+01 -.184491E+01 -.201299E+01 0.180006E+02
 -.257759E+00 -.420687E+01 -.188535E+01 -.186673E+01 0.147770E+02
 -.255240E+00 -.419777E+01 -.187476E+01 -.198853E+01 0.157307E+02
 -.265990E+00 -.414788E+01 -.182388E+01 -.194931E+01 0.161485E+02
 -.271261E+00 -.419681E+01 -.182655E+01 -.201281E+01 0.142708E+02
 -.275405E+00 -.420185E+01 -.183537E+01 -.200313E+01 0.150253E+02
 -.280842E+00 -.423553E+01 -.179637E+01 -.199590E+01 0.143971E+02
 -.258152E+00 -.420738E+01 -.184297E+01 -.200779E+01 0.141394E+02
 -.262875E+00 -.423598E+01 -.182853E+01 -.197754E+01 0.144843E+02
 -.318550E+00 -.421571E+01 -.180063E+01 -.192993E+01 0.147936E+02
 -.259297E+00 -.420545E+01 -.185910E+01 -.201672E+01 0.157631E+02
 -.237625E+00 -.423741E+01 -.192898E+01 -.193037E+01 0.172957E+02
 -.244458E+00 -.414653E+01 -.183654E+01 -.222336E+01 0.193845E+02
 -.297323E+00 -.419553E+01 -.184743E+01 -.195517E+01 0.181304E+02
 -.267061E+00 -.421244E+01 -.183060E+01 -.198723E+01 0.140367E+02
 -.250834E+00 -.419277E+01 -.184021E+01 -.203610E+01 0.141126E+02
 -.272120E+00 -.422680E+01 -.182472E+01 -.193098E+01 0.153335E+02
 -.222410E+00 -.416155E+01 -.178578E+01 -.246179E+01 0.151017E+02
 -.264259E+00 -.421170E+01 -.183031E+01 -.199691E+01 0.140359E+02
 -.218263E+00 -.420473E+01 -.180654E+01 -.229315E+01 0.144888E+02
 -.276140E+00 -.420736E+01 -.182720E+01 -.204289E+01 0.158521E+02
 -.265960E+00 -.420740E+01 -.182576E+01 -.199736E+01 0.140547E+02
 -.234155E+00 -.424953E+01 -.188451E+01 -.195659E+01 0.144404E+02
 -.221672E+00 -.419800E+01 -.183476E+01 -.201566E+01 0.192281E+02
 -.258681E+00 -.422358E+01 -.180118E+01 -.204310E+01 0.149959E+02
 -.258167E+00 -.418602E+01 -.183149E+01 -.198918E+01 0.144234E+02
 -.279377E+00 -.420995E+01 -.182419E+01 -.194539E+01 0.141964E+02
 -.259147E+00 -.421567E+01 -.180455E+01 -.216813E+01 0.151773E+02
 -.273995E+00 -.420359E+01 -.177322E+01 -.217739E+01 0.147559E+02
 -.245354E+00 -.421727E+01 -.183619E+01 -.197880E+01 0.158537E+02
 -.268950E+00 -.418991E+01 -.179995E+01 -.193477E+01 0.197038E+02
 -.388728E+00 -.420355E+01 -.160103E+01 -.205762E+01 0.157781E+02
 -.270058E+00 -.416135E+01 -.182971E+01 -.197144E+01 0.144793E+02
 -.270362E+00 -.419190E+01 -.183942E+01 -.185549E+01 0.196682E+02
 -.258421E+00 -.420721E+01 -.183151E+01 -.208670E+01 0.152468E+02
 -.273859E+00 -.423966E+01 -.188493E+01 -.192223E+01 0.167968E+02
 -.276646E+00 -.420639E+01 -.182183E+01 -.208480E+01 0.172280E+02
 -.240487E+00 -.418939E+01 -.181356E+01 -.201984E+01 0.180587E+02
 -.266432E+00 -.418141E+01 -.176475E+01 -.215496E+01 0.146021E+02
 -.274324E+00 -.424497E+01 -.182816E+01 -.195364E+01 0.143300E+02
 -.284880E+00 -.421820E+01 -.181378E+01 -.193586E+01 0.145211E+02
 -.326897E+00 -.419471E+01 -.173187E+01 -.211858E+01 0.176893E+02
 -.265964E+00 -.420629E+01 -.184153E+01 -.200919E+01 0.146490E+02
 -.263812E+00 -.421288E+01 -.185074E+01 -.202976E+01 0.160934E+02
 -.240382E+00 -.418891E+01 -.183338E+01 -.204787E+01 0.144451E+02
 -.281577E+00 -.419437E+01 -.172659E+01 -.226675E+01 0.146760E+02
 -.277928E+00 -.419401E+01 -.180018E+01 -.197002E+01 0.151890E+02
 -.260741E+00 -.420141E+01 -.183331E+01 -.203501E+01 0.142943E+02
 -.274081E+00 -.420906E+01 -.183587E+01 -.203037E+01 0.160143E+02
 -.276896E+00 -.423761E+01 -.183720E+01 -.190897E+01 0.147226E+02
 -.274578E+00 -.431464E+01 -.173103E+01 -.247395E+01 0.185966E+02
 -.262881E+00 -.422108E+01 -.181864E+01 -.195433E+01 0.163119E+02
 -.263862E+00 -.422593E+01 -.183835E+01 -.212682E+01 0.195796E+02
 -.261797E+00 -.421027E+01 -.183563E+01 -.192573E+01 0.160212E+02
 -.280199E+00 -.419002E+01 -.182888E+01 -.193169E+01 0.143073E+02
 -.263841E+00 -.417735E+01 -.182637E+01 -.198799E+01 0.144005E+02
 -.241366E+00 -.433327E+01 -.181971E+01 -.202920E+01 0.179154E+02
 -.272300E+00 -.420885E+01 -.182672E+01 -.204128E+01 0.151119E+02
 -.302881E+00 -.440085E+01 -.182054E+01 -.188340E+01 0.178582E+02
 -.257483E+00 -.416781E+01 -.185166E+01 -.198702E+01 0.143907E+02
 -.261168E+00 -.419940E+01 -.182935E+01 -.200023E+01 0.141065E+02
 -.237419E+00 -.427391E+01 -.177257E+01 -.263703E+01 0.181810E+02
 -.268651E+00 -.417112E+01 -.183848E+01 -.197909E+01 0.143403E+02
 -.324638E+00 -.416681E+01 -.165758E+01 -.216055E+01 0.158562E+02
 -.274113E+00 -.416131E+01 -.178020E+01 -.203947E+01 0.154105E+02
 -.262345E+00 -.421020E+01 -.191115E+01 -.186667E+01 0.149703E+02
 -.257635E+00 -.417582E+01 -.184019E+01 -.213800E+01 0.188646E+02
 -.253531E+00 -.422529E+01 -.184326E+01 -.202286E+01 0.141827E+02
 -.282824E+00 -.419371E+01 -.182826E+01 -.199157E+01 0.149466E+02
 -.261826E+00 -.419433E+01 -.184615E+01 -.198980E+01 0.142060E+02
 -.279931E+00 -.422917E+01 -.180843E+01 -.200581E+01 0.141005E+02
 -.264459E+00 -.420300E+01 -.183192E+01 -.199409E+01 0.140375E+02
 -.279447E+00 -.420541E+01 -.178520E+01 -.197780E+01 0.161650E+02
 -.266982E+00 -.437651E+01 -.181804E+01 -.197246E+01 0.177188E+02
 -.266820E+00 -.418667E+01 -.182985E+01 -.203602E+01 0.146665E+02
 -.270354E+00 -.418916E+01 -.169836E+01 -.230153E+01 0.172188E+02
 -.182572E+00 -.420044E+01 -.185050E+01 -.212582E+01 0.194470E+02
 -.257546E+00 -.420543E+01 -.181523E+01 -.201385E+01 0.148253E+02
 -.231229E+00 -.421507E+01 -.186756E+01 -.191851E+01 0.180551E+02
 -.376236E+00 -.416155E+01 -.163593E+01 -.213790E+01 0.197278E+02
 -.236319E+00 -.413138E+01 -.185432E+01 -.214178E+01 0.172994E+02
 -.293161E+00 -.420554E+01 -.182194E+01 -.202558E+01 0.177395E+02
 -.243086E+00 -.422701E+01 -.182582E+01 -.199332E+01 0.169699E+02
 -.261246E+00 -.419639E+01 -.182801E+01 -.199714E+01 0.141885E+02
 -.201313E+00 -.424819E+01 -.195029E+01 -.188962E+01 0.149109E+02
 -.224946E+00 -.422772E+01 -.182038E+01 -.204387E+01 0.192455E+02
 -.237743E+00 -.416726E+01 -.180655E+01 -.209361E+01 0.161436E+02
 -.225192E+00 -.416451E+01 -.186710E+01 -.203686E+01 0.143596E+02
 -.253038E+00 -.420427E+01 -.181853E+01 -.219030E+01 0.164455E+02
 -.263976E+00 -.421387E+01 -.182670E+01 -.200054E+01 0.140650E+02
 -.237879E+00 -.420374E+01 -.182712E+01 -.212929E+01 0.141231E+02
 -.264268E+00 -.420804E+01 -.182900E+01 -.195649E+01 0.148578E+02
 -.279339E+00 -.417850E+01 -.176535E+01 -.205916E+01 0.151688E+02
 -.274219E+00 -.421197E+01 -.176452E+01 -.204150E+01 0.166179E+02
 -.290631E+00 -.419270E+01 -.183337E+01 -.190539E+01 0.141955E+02
 -.234377E+00 -.423020E+01 -.185062E+01 -.200691E+01 0.148328E+02
 -.259079E+00 -.420894E+01 -.182980E+01 -.201111E+01 0.140573E+02
 -.271566E+00 -.421178E+01 -.179006E+01 -.196450E+01 0.181039E+02
 -.284362E+00 -.420078E+01 -.182748E+01 -.189575E+01 0.151204E+02
 -.238731E+00 -.421248E+01 -.182813E+01 -.199531E+01 0.174511E+02
 -.249116E+00 -.421983E+01 -.182209E+01 -.208886E+01 0.141017E+02
 -.255982E+00 -.419198E+01 -.182612E+01 -.215164E+01 0.166239E+02
 -.258031E+00 -.420615E+01 -.183113E+01 -.210151E+01 0.156681E+02
 -.342921E+00 -.423913E+01 -.169211E+01 -.203970E+01 0.145941E+02
 -.233844E+00 -.420485E+01 -.186338E+01 -.198633E+01 0.144860E+02
 -.252725E+00 -.426297E+01 -.182688E+01 -.202376E+01 0.146638E+02
 -.277428E+00 -.422148E+01 -.179062E+01 -.205095E+01 0.140879E+02
 -.258419E+00 -.419772E+01 -.183834E+01 -.200759E+01 0.140627E+02
 -.257739E+00 -.421036E+01 -.184367E+01 -.201803E+01 0.142970E+02
 -.268679E+00 -.422732E+01 -.179225E+01 -.201395E+01 0.154960E+02
 -.260784E+00 -.421667E+01 -.183416E+01 -.205536E+01 0.148400E+02
 -.196281E+00 -.424526E+01 -.184710E+01 -.207594E+01 0.195922E+02
 -.202669E+00 -.422931E+01 -.182630E+01 -.268019E+01 0.192512E+02
 -.255966E+00 -.420426E+01 -.183233E+01 -.197761E+01 0.147961E+02
 -.261263E+00 -.421245E+01 -.183266E+01 -.212220E+01 0.174508E+02
 -.277892E+00 -.421294E+01 -.180062E+01 -.192963E+01 0.174609E+02
 -.273611E+00 -.422208E+01 -.183237E+01 -.196037E+01 0.140783E+02
 -.270639E+00 -.419024E+01 -.183134E+01 -.197253E+01 0.141011E+02
 -.263022E+00 -.435865E+01 -.184444E+01 -.202583E+01 0.177146E+02
 -.272225E+00 -.421764E+01 -.180264E+01 -.203177E+01 0.140872E+02
 -.255795E+00 -.421584E+01 -.181259E+01 -.199645E+01 0.160889E+02
 -.263148E+00 -.420085E+01 -.183172E+01 -.203567E+01 0.143989E+02
 -.296020E+00 -.416794E+01 -.182849E+01 -.195216E+01 0.154106E+02
 -.223043E+00 -.422485E+01 -.183884E+01 -.199675E+01 0.194590E+02
 -.182901E+00 -.417432E+01 -.189228E+01 -.200713E+01 0.182447E+02
 -.275148E+00 -.414344E+01 -.183665E+01 -.203604E+01 0.172666E+02
 -.271730E+00 -.421204E+01 -.183283E+01 -.205591E+01 0.163905E+02
 -.262365E+00 -.421205E+01 -.182020E+01 -.206960E+01 0.143753E+02
 -.235434E+00 -.421717E+01 -.181274E+01 -.205441E+01 0.172216E+02
 -.255205E+00 -.420354E+01 -.180230E+01 -.223176E+01 0.161078E+02
 -.278420E+00 -.420469E+01 -.182908E+01 -.199659E+01 0.146516E+02
 -.237524E+00 -.420569E+01 -.183242E+01 -.200565E+01 0.163853E+02
 -.227372E+00 -.420321E+01 -.183411E+01 -.202395E+01 0.172592E+02
 -.274866E+00 -.420722E+01 -.182982E+01 -.200654E+01 0.146254E+02
 -.264123E+00 -.420140E+01 -.182195E+01 -.200046E+01 0.141950E+02
 -.267011E+00 -.417279E+01 -.182847E+01 -.204289E+01 0.148896E+02
 -.291913E+00 -.416226E+01 -.170422E+01 -.237140E+01 0.161474E+02
 -.249631E+00 -.419661E+01 -.183605E+01 -.200617E+01 0.143882E+02
 -.235008E+00 -.419310E+01 -.184660E+01 -.194662E+01 0.187495E+02
 -.260983E+00 -.420543E+01 -.178550E+01 -.201317E+01 0.181365E+02
 -.393729E+00 -.415010E+01 -.166432E+01 -.192050E+01 0.158996E+02
 -.195870E+00 -.415747E+01 -.180940E+01 -.223536E+01 0.195732E+02
 -.283358E+00 -.422036E+01 -.177919E+01 -.205294E+01 0.141209E+02
 -.258755E+00 -.421874E+01 -.182762E+01 -.201780E+01 0.140750E+02
 -.276228E+00 -.420970E+01 -.184602E+01 -.203138E+01 0.181286E+02
 -.259503E+00 -.421734E+01 -.183804E+01 -.214502E+01 0.193113E+02
 -.282953E+00 -.425646E+01 -.184952E+01 -.183087E+01 0.174327E+02
 -.209112E+00 -.430616E+01 -.180013E+01 -.232515E+01 0.165605E+02
 -.259409E+00 -.420271E+01 -.182884E+01 -.200760E+01 0.140998E+02
 -.222390E+00 -.420816E+01 -.181413E+01 -.214119E+01 0.158822E+02
 -.264929E+00 -.421146E+01 -.183439E+01 -.201484E+01 0.142654E+02
 -.298377E+00 -.421699E+01 -.182853E+01 -.199476E+01 0.180695E+02
 -.229749E+00 -.420033E+01 -.187634E+01 -.198024E+01 0.142567E+02
 -.262180E+00 -.422435E+01 -.182998E+01 -.201245E+01 0.140695E+02
 -.265818E+00 -.420546E+01 -.179056E+01 -.204386E+01 0.149818E+02
 -.238636E+00 -.420529E+01 -.182299E+01 -.200956E+01 0.174287E+02
 -.257047E+00 -.420404E+01 -.186827E+01 -.192765E+01 0.141501E+02
 -.268642E+00 -.420940E+01 -.181419E+01 -.213373E+01 0.167265E+02
 -.278663E+00 -.421399E+01 -.181217E+01 -.206661E+01 0.155376E+02
 -.249229E+00 -.431057E+01 -.184888E+01 -.204120E+01 0.157942E+02
 -.259685E+00 -.419382E+01 -.181625E+01 -.208887E+01 0.143424E+02
 -.258002E+00 -.420604E+01 -.182934E+01 -.208722E+01 0.150029E+02
 -.272160E+00 -.418848E+01 -.182430E+01 -.200000E+01 0.141288E+02
 -.295975E+00 -.421283E+01 -.169234E+01 -.210189E+01 0.191774E+02
 -.262382E+00 -.419161E+01 -.186636E+01 -.189944E+01 0.144940E+02
 -.247597E+00 -.422299E+01 -.184476E+01 -.199073E+01 0.144052E+02
 -.246633E+00 -.419102E+01 -.183140E+01 -.206517E+01 0.140898E+02
 -.247599E+00 -.422239E+01 -.180681E+01 -.213822E+01 0.141548E+02
 -.257126E+00 -.419964E+01 -.182138E+01 -.200647E+01 0.146317E+02
 -.259269E+00 -.420829E+01 -.181981E+01 -.200605E+01 0.145282E+02
 -.153962E+00 -.419759E+01 -.189173E+01 -.230582E+01 0.147187E+02
 -.191035E+00 -.419255E+01 -.182084E+01 -.223332E+01 0.182093E+02
 -.270285E+00 -.420932E+01 -.183868E+01 -.198432E+01 0.142653E+02
 -.282732E+00 -.424205E+01 -.182665E+01 -.190063E+01 0.152435E+02
 -.268953E+00 -.420648E+01 -.184464E+01 -.200401E+01 0.150829E+02
 -.260315E+00 -.422297E+01 -.183151E+01 -.189447E+01 0.197608E+02
 -.313164E+00 -.423993E+01 -.184149E+01 -.189129E+01 0.161596E+02
 -.254031E+00 -.422459E+01 -.180966E+01 -.199658E+01 0.168749E+02
 -.240962E+00 -.422009E+01 -.179557E+01 -.209062E+01 0.168714E+02
 -.272433E+00 -.420393E+01 -.181144E+01 -.198378E+01 0.144483E+02
 -.289280E+00 -.419968E+01 -.182892E+01 -.195843E+01 0.146249E+02
 -.278555E+00 -.418943E+01 -.182820E+01 -.202082E+01 0.154787E+02
 -.234066E+00 -.419050E+01 -.183498E+01 -.203874E+01 0.152319E+02
 -.280206E+00 -.424606E+01 -.183358E+01 -.204210E+01 0.178586E+02
 -.274460E+00 -.422539E+01 -.183314E+01 -.196657E+01 0.141083E+02
 -.292155E+00 -.421108E+01 -.182357E+01 -.190810E+01 0.142528E+02
 -.272189E+00 -.420657E+01 -.183705E+01 -.192954E+01 0.144236E+02
 -.231021E+00 -.413595E+01 -.180077E+01 -.219425E+01 0.156730E+02
 -.255693E+00 -.418611E+01 -.183827E+01 -.202620E+01 0.141714E+02
 -.264787E+00 -.420843E+01 -.182143E+01 -.204019E+01 0.141294E+02
 -.219746E+00 -.419713E+01 -.182953E+01 -.204141E+01 0.189730E+02
 -.276629E+00 -.418938E+01 -.185585E+01 -.198433E+01 0.168270E+02
 -.260389E+00 -.420463E+01 -.180570E+01 -.218809E+01 0.160643E+02
 -.234963E+00 -.419340E+01 -.184132E+01 -.205100E+01 0.143380E+02
 -.258852E+00 -.424035E+01 -.182003E+01 -.210701E+01 0.150384E+02
 -.269508E+00 -.421351E+01 -.183035E+01 -.202881E+01 0.147003E+02
 -.184507E+00 -.434990E+01 -.183742E+01 -.226884E+01 0.181742E+02
 -.248565E+00 -.421821E+01 -.182713E+01 -.204844E+01 0.141719E+02
 -.256354E+00 -.419295E+01 -.183543E+01 -.200849E+01 0.140847E+02
 -.262937E+00 -.420173E+01 -.183063E+01 -.200741E+01 0.140388E+02
 -.273905E+00 -.421311E+01 -.178291E+01 -.206281E+01 0.142949E+02
 -.268981E+00 -.436375E+01 -.186191E+01 -.188151E+01 0.172613E+02
 -.259465E+00 -.421380E+01 -.182853E+01 -.200303E+01 0.141519E+02
 -.323074E+00 -.428729E+01 -.176462E+01 -.196781E+01 0.149565E+02
 -.275763E+00 -.417600E+01 -.185147E+01 -.203060E+01 0.191097E+02
 -.263135E+00 -.420550E+01 -.177965E+01 -.201524E+01 0.184797E+02
 -.278804E+00 -.421934E+01 -.179929E+01 -.208582E+01 0.149912E+02
 -.398423E+00 -.416251E+01 -.172253E+01 -.177043E+01 0.164155E+02
 -.270355E+00 -.423047E+01 -.179231E+01 -.206247E+01 0.142055E+02
 -.271101E+00 -.420538E+01 -.183897E+01 -.200370E+01 0.148340E+02
 -.266189E+00 -.422834E+01 -.183015E+01 -.202128E+01 0.143258E+02
 -.250747E+00 -.425469E+01 -.183119E+01 -.197327E+01 0.160739E+02
 -.293922E+00 -.428620E+01 -.179466E+01 -.196114E+01 0.148966E+02
 -.261830E+00 -.420223E+01 -.183165E+01 -.200286E+01 0.140394E+02
 -.212329E+00 -.420185E+01 -.187568E+01 -.194721E+01 0.187785E+02
 -.262856E+00 -.421706E+01 -.180878E+01 -.205915E+01 0.140665E+02
 -.265302E+00 -.421393E+01 -.183478E+01 -.203364E+01 0.147570E+02
 -.247789E+00 -.420091E+01 -.187401E+01 -.207068E+01 0.188563E+02
 -.246955E+00 -.421337E+01 -.182571E+01 -.213697E+01 0.147442E+02
 -.265609E+00 -.417737E+01 -.184995E+01 -.196108E+01 0.142758E+02
 -.265635E+00 -.420117E+01 -.183040E+01 -.201027E+01 0.141058E+02
 -.274305E+00 -.419621E+01 -.183263E+01 -.197567E+01 0.141526E+02
 -.214780E+00 -.419789E+01 -.188602E+01 -.202910E+01 0.141467E+02
 -.278728E+00 -.421811E+01 -.182752E+01 -.209472E+01 0.195229E+02
 -.273819E+00 -.420518E+01 -.182972E+01 -.205280E+01 0.162079E+02
 -.257029E+00 -.420400E+01 -.183308E+01 -.199850E+01 0.141765E+02
 -.254722E+00 -.420902E+01 -.186268E+01 -.203905E+01 0.165333E+02
 -.253078E+00 -.424937E+01 -.185407E+01 -.208221E+01 0.174185E+02
 -.285534E+00 -.420624E+01 -.170826E+01 -.219407E+01 0.157824E+02
 -.270997E+00 -.420413E+01 -.182712E+01 -.195937E+01 0.142962E+02
 -.255247E+00 -.420716E+01 -.182797E+01 -.203491E+01 0.140416E+02
 -.330585E+00 -.418133E+01 -.183269E+01 -.184752E+01 0.154671E+02
 -.264408E+00 -.417284E+01 -.183307E+01 -.201146E+01 0.143360E+02
 -.249320E+00 -.420582E+01 -.181964E+01 -.211299E+01 0.142006E+02
 -.245895E+00 -.424319E+01 -.185115E+01 -.211543E+01 0.170004E+02
 -.261257E+00 -.420714E+01 -.181602E+01 -.201085E+01 0.144716E+02
 -.265176E+00 -.420670E+01 -.181410E+01 -.200065E+01 0.144938E+02
 -.259651E+00 -.419506E+01 -.183854E+01 -.197289E+01 0.142656E+02
 -.246487E+00 -.409507E+01 -.178620E+01 -.215775E+01 0.174151E+02
 -.279882E+00 -.419019E+01 -.182150E+01 -.203691E+01 0.155984E+02
 -.262023E+00 -.421470E+01 -.177434E+01 -.225024E+01 0.148870E+02
 -.238619E+00 -.439015E+01 -.181736E+01 -.214282E+01 0.176353E+02
 -.284446E+00 -.419774E+01 -.183112E+01 -.203661E+01 0.178767E+02
 -.266393E+00 -.419696E+01 -.185188E+01 -.201583E+01 0.160155E+02
 -.265855E+00 -.419070E+01 -.183668E+01 -.200697E+01 0.143250E+02
 -.259900E+00 -.421068E+01 -.183313E+01 -.204809E+01 0.144764E+02
 -.285243E+00 -.433479E+01 -.182244E+01 -.197770E+01 0.162291E+02
 -.256812E+00 -.421657E+01 -.183077E+01 -.202480E+01 0.140423E+02
 -.273722E+00 -.419535E+01 -.184895E+01 -.196593E+01 0.147281E+02
 -.262886E+00 -.416219E+01 -.185832E+01 -.204584E+01 0.182547E+02
 -.272617E+00 -.420710E+01 -.181172E+01 -.201753E+01 0.140322E+02
 -.288022E+00 -.421137E+01 -.174677E+01 -.213098E+01 0.142714E+02
 -.226153E+00 -.417679E+01 -.183417E+01 -.204934E+01 0.163116E+02
 -.269991E+00 -.432968E+01 -.180488E+01 -.202406E+01 0.158309E+02
 -.273582E+00 -.423369E+01 -.179043E+01 -.197940E+01 0.165762E+02
 -.255543E+00 -.421759E+01 -.182607E+01 -.200551E+01 0.144847E+02
 -.256218E+00 -.420842E+01 -.187930E+01 -.187538E+01 0.149974E+02
 -.269341E+00 -.418893E+01 -.185772E+01 -.199675E+01 0.163826E+02
 -.260299E+00 -.422266E+01 -.184086E+01 -.193036E+01 0.154148E+02
 -.247867E+00 -.420279E+01 -.182691E+01 -.203497E+01 0.144226E+02
 -.238157E+00 -.422610E+01 -.187536E+01 -.211256E+01 0.193772E+02
 -.234730E+00 -.420533E+01 -.182330E+01 -.201987E+01 0.176533E+02
 -.269231E+00 -.421114E+01 -.184471E+01 -.200803E+01 0.152852E+02
 -.242972E+00 -.419734E+01 -.183858E+01 -.201753E+01 0.145212E+02
 -.259306E+00 -.420744E+01 -.183810E+01 -.199924E+01 0.140341E+02
 -.264409E+00 -.424151E+01 -.182831E+01 -.197124E+01 0.145671E+02
 -.258565E+00 -.424321E+01 -.174018E+01 -.218143E+01 0.176024E+02
 -.322594E+00 -.420577E+01 -.179523E+01 -.196851E+01 0.168063E+02
 -.260855E+00 -.420551E+01 -.183193E+01 -.201712E+01 0.140509E+02
 -.240742E+00 -.422192E+01 -.185086E+01 -.195983E+01 0.158172E+02
 -.268802E+00 -.409736E+01 -.184634E+01 -.197583E+01 0.167191E+02
 -.204880E+00 -.422949E+01 -.178907E+01 -.300000E+01 0.169633E+02
 -.262759E+00 -.422011E+01 -.182015E+01 -.203359E+01 0.140529E+02
 -.272455E+00 -.420686E+01 -.183252E+01 -.200889E+01 0.146406E+02
 -.296027E+00 -.421296E+01 -.178566E+01 -.203451E+01 0.145392E+02
 -.243204E+00 -.417306E+01 -.183327E+01 -.201649E+01 0.151257E+02
 -.229307E+00 -.421318E+01 -.183024E+01 -.199689E+01 0.194640E+02
 -.239976E+00 -.427249E+01 -.176833E+01 -.230362E+01 0.153173E+02
 -.265595E+00 -.420600E+01 -.182962E+01 -.199912E+01 0.140314E+02
 -.268016E+00 -.420352E+01 -.187387E+01 -.199892E+01 0.190012E+02
 -.290064E+00 -.421619E+01 -.181506E+01 -.199740E+01 0.149062E+02
 -.266134E+00 -.420418E+01 -.182947E+01 -.197825E+01 0.141517E+02
 -.213257E+00 -.420200E+01 -.183955E+01 -.209156E+01 0.159607E+02
 -.261145E+00 -.418128E+01 -.181233E+01 -.201171E+01 0.148567E+02
 -.261346E+00 -.419249E+01 -.183098E+01 -.199212E+01 0.141746E+02
 -.292864E+00 -.419637E+01 -.185440E+01 -.196085E+01 0.187231E+02
 -.250433E+00 -.421229E+01 -.184027E+01 -.195286E+01 0.158505E+02
 -.255775E+00 -.421402E+01 -.179283E+01 -.218185E+01 0.143573E+02
 -.283639E+00 -.421011E+01 -.183146E+01 -.205713E+01 0.191352E+02
 -.266215E+00 -.417565E+01 -.178951E+01 -.201549E+01 0.164059E+02
 -.260868E+00 -.417901E+01 -.185111E+01 -.199960E+01 0.146931E+02
 -.273687E+00 -.421324E+01 -.183454E+01 -.191583E+01 0.148990E+02
 -.258786E+00 -.420800E+01 -.182883E+01 -.196423E+01 0.152684E+02
 -.307244E+00 -.419644E+01 -.180506E+01 -.196252E+01 0.149975E+02
 -.265254E+00 -.422049E+01 -.178681E+01 -.220718E+01 0.154031E+02
 -.276070E+00 -.422038E+01 -.183077E+01 -.196733E+01 0.140900E+02
 -.271472E+00 -.419483E+01 -.182651E+01 -.195008E+01 0.145582E+02
 -.265058E+00 -.421128E+01 -.181295E+01 -.200762E+01 0.144069E+02
 -.267637E+00 -.420583E+01 -.183459E+01 -.200981E+01 0.143556E+02
 -.271380E+00 -.421953E+01 -.179585E+01 -.202476E+01 0.145001E+02
 -.271690E+00 -.420563E+01 -.182320E+01 -.202574E+01 0.143848E+02
 -.248952E+00 -.419308E+01 -.183180E+01 -.201142E+01 0.145959E+02
 -.169014E+00 -.421583E+01 -.182219E+01 -.261633E+01 0.155503E+02
 -.142952E+00 -.427141E+01 -.202470E+01 -.190427E+01 0.165531E+02
 -.281124E+00 -.418537E+01 -.180564E+01 -.202191E+01 0.142625E+02
 -.225924E+00 -.422292E+01 -.176937E+01 -.266606E+01 0.157416E+02
 -.249823E+00 -.420350E+01 -.185438E+01 -.208261E+01 0.164813E+02
 -.248274E+00 -.419607E+01 -.184734E+01 -.199972E+01 0.141250E+02
 -.259448E+00 -.420419E+01 -.182656E+01 -.199701E+01 0.143349E+02
 -.265158E+00 -.422617E+01 -.183564E+01 -.194368E+01 0.147335E+02
 -.257294E+00 -.420635E+01 -.182293E+01 -.205392E+01 0.140564E+02
 -.245189E+00 -.421137E+01 -.182956E+01 -.198435E+01 0.164719E+02
 -.247991E+00 -.420132E+01 -.182799E+01 -.207090E+01 0.140590E+02
 -.262995E+00 -.420707E+01 -.181652E+01 -.203008E+01 0.140713E+02
 -.317321E+00 -.426642E+01 -.184648E+01 -.184380E+01 0.151489E+02
 -.256181E+00 -.421642E+01 -.184798E+01 -.202313E+01 0.145472E+02
 -.268452E+00 -.420417E+01 -.181629E+01 -.199870E+01 0.141972E+02
 -.254792E+00 -.430110E+01 -.182073E+01 -.208274E+01 0.152703E+02
 -.276245E+00 -.420436E+01 -.181177E+01 -.199793E+01 0.140509E+02
 -.253917E+00 -.420973E+01 -.192391E+01 -.178281E+01 0.167500E+02
 -.273192E+00 -.416958E+01 -.192152E+01 -.180511E+01 0.149439E+02
 -.283372E+00 -.421116E+01 -.183153E+01 -.195480E+01 0.142274E+02
 -.256114E+00 -.415557E+01 -.181717E+01 -.195987E+01 0.182411E+02
 -.238259E+00 -.419730E+01 -.182434E+01 -.197819E+01 0.197331E+02
 -.204717E+00 -.418680E+01 -.186589E+01 -.199950E+01 0.186038E+02
 -.245225E+00 -.413610E+01 -.182990E+01 -.224231E+01 0.193729E+02
 -.269380E+00 -.420729E+01 -.184181E+01 -.201071E+01 0.151157E+02
 -.272926E+00 -.419545E+01 -.185257E+01 -.199145E+01 0.160377E+02
 -.268776E+00 -.420066E+01 -.182872E+01 -.201819E+01 0.143144E+02
 -.221560E+00 -.422346E+01 -.190903E+01 -.207136E+01 0.195771E+02
 -.257904E+00 -.421041E+01 -.184097E+01 -.201507E+01 0.141533E+02
 -.285870E+00 -.421265E+01 -.186054E+01 -.189101E+01 0.144268E+02
 -.263937E+00 -.417596E+01 -.185296E+01 -.204712E+01 0.174902E+02
 -.267578E+00 -.419059E+01 -.182868E+01 -.199234E+01 0.140855E+02
 -.298891E+00 -.423510E+01 -.183387E+01 -.197623E+01 0.178672E+02
 -.266209E+00 -.423140E+01 -.179244E+01 -.195972E+01 0.196235E+02
 -.258670E+00 -.420546E+01 -.187195E+01 -.201685E+01 0.175809E+02
 -.239438E+00 -.421297E+01 -.187164E+01 -.192586E+01 0.153733E+02
 -.299669E+00 -.420723E+01 -.183279E+01 -.200000E+01 0.196399E+02
 -.245921E+00 -.420822E+01 -.184870E+01 -.200000E+01 0.141531E+02
 -.255372E+00 -.419867E+01 -.184510E+01 -.200795E+01 0.141091E+02
 -.233936E+00 -.422319E+01 -.183403E+01 -.211117E+01 0.141334E+02
 -.275999E+00 -.418985E+01 -.183346E+01 -.199633E+01 0.147591E+02
 -.322150E+00 -.426971E+01 -.180939E+01 -.187966E+01 0.146810E+02
 -.230808E+00 -.422314E+01 -.183011E+01 -.202380E+01 0.171651E+02
 -.245295E+00 -.418503E+01 -.183406E+01 -.211740E+01 0.147965E+02
 -.206539E+00 -.417652E+01 -.184970E+01 -.234293E+01 0.168009E+02
 -.263450E+00 -.420891E+01 -.182808E+01 -.199836E+01 0.140666E+02
 -.179827E+00 -.420823E+01 -.198261E+01 -.191986E+01 0.154279E+02
 -.262569E+00 -.420841E+01 -.182355E+01 -.203917E+01 0.140936E+02
 -.262843E+00 -.420445E+01 -.182685E+01 -.197525E+01 0.145636E+02
 -.254730E+00 -.421212E+01 -.175756E+01 -.216476E+01 0.164378E+02
 -.282151E+00 -.419481E+01 -.184057E+01 -.202713E+01 0.183595E+02
 -.241973E+00 -.420882E+01 -.185084E+01 -.205218E+01 0.142358E+02
 -.260646E+00 -.418559E+01 -.184890E+01 -.206578E+01 0.170529E+02
 -.262071E+00 -.419646E+01 -.183102E+01 -.199006E+01 0.141499E+02
 -.308673E+00 -.420265E+01 -.177902E+01 -.200966E+01 0.147321E+02
 -.247253E+00 -.420653E+01 -.185561E+01 -.194845E+01 0.149103E+02
 -.278833E+00 -.420944E+01 -.183112E+01 -.203231E+01 0.163711E+02
 -.265973E+00 -.419830E+01 -.179735E+01 -.210053E+01 0.141637E+02
 -.250101E+00 -.421980E+01 -.183267E+01 -.196346E+01 0.163050E+02
 -.225046E+00 -.420462E+01 -.185372E+01 -.206011E+01 0.142266E+02
 -.394850E+00 -.419936E+01 -.172826E+01 -.188571E+01 0.186732E+02
 -.260445E+00 -.418500E+01 -.184168E+01 -.195421E+01 0.145304E+02
 -.260586E+00 -.419970E+01 -.185036E+01 -.208893E+01 0.186263E+02
 -.270357E+00 -.420650E+01 -.183162E+01 -.208683E+01 0.174785E+02
 -.263512E+00 -.420633E+01 -.182975E+01 -.200947E+01 0.140367E+02
 -.269515E+00 -.416073E+01 -.182102E+01 -.200000E+01 0.144452E+02
 -.257560E+00 -.421184E+01 -.178993E+01 -.228144E+01 0.164201E+02
 -.272971E+00 -.424220E+01 -.182846E+01 -.194590E+01 0.145205E+02
 -.289417E+00 -.419673E+01 -.178283E+01 -.195040E+01 0.161651E+02
 -.261435E+00 -.424027E+01 -.185481E+01 -.185271E+01 0.193595E+02
 -.260146E+00 -.420611E+01 -.182978E+01 -.201165E+01 0.140378E+02
 -.263923E+00 -.421200E+01 -.184212E+01 -.202556E+01 0.149522E+02
 -.234858E+00 -.421087E+01 -.182659E+01 -.230208E+01 0.177599E+02
 -.258513E+00 -.421200E+01 -.183568E+01 -.205016E+01 0.145682E+02
 -.192258E+00 -.424240E+01 -.182690E+01 -.289756E+01 0.196783E+02
 -.272927E+00 -.421165E+01 -.180935E+01 -.199731E+01 0.142321E+02
 -.310194E+00 -.425356E+01 -.176794E+01 -.198333E+01 0.143157E+02
 -.278805E+00 -.405220E+01 -.179498E+01 -.201596E+01 0.196786E+02
 -.258288E+00 -.420784E+01 -.182992E+01 -.198147E+01 0.146070E+02
 -.270536E+00 -.421878E+01 -.181097E+01 -.196731E+01 0.152428E+02
 -.262764E+00 -.422769E+01 -.179268E+01 -.199184E+01 0.179339E+02
 -.274698E+00 -.422002E+01 -.182877E+01 -.189727E+01 0.163934E+02
 -.274094E+00 -.414165E+01 -.188880E+01 -.184239E+01 0.152219E+02
 -.284322E+00 -.419229E+01 -.183142E+01 -.205962E+01 0.195188E+02
 -.262278E+00 -.420987E+01 -.182808E+01 -.200193E+01 0.140706E+02
 -.260069E+00 -.436812E+01 -.182987E+01 -.202344E+01 0.168423E+02
 -.255909E+00 -.421212E+01 -.180231E+01 -.198150E+01 0.187881E+02
 -.251764E+00 -.422008E+01 -.183196E+01 -.200447E+01 0.144813E+02
 -.255956E+00 -.420529E+01 -.182359E+01 -.199362E+01 0.149773E+02
 -.291535E+00 -.420721E+01 -.182992E+01 -.199683E+01 0.168081E+02
 -.253726E+00 -.409865E+01 -.180973E+01 -.206711E+01 0.166893E+02
 -.274963E+00 -.418220E+01 -.183936E+01 -.201562E+01 0.159887E+02
 -.258810E+00 -.414953E+01 -.179970E+01 -.222423E+01 0.167101E+02
 -.253869E+00 -.418847E+01 -.179978E+01 -.203873E+01 0.161568E+02
 -.262095E+00 -.420671E+01 -.182729E+01 -.198142E+01 0.144359E+02
 -.454107E+00 -.417270E+01 -.158117E+01 -.186127E+01 0.165556E+02
 -.184604E+00 -.425119E+01 -.185751E+01 -.251211E+01 0.181231E+02
 -.283514E+00 -.419553E+01 -.182656E+01 -.200571E+01 0.154062E+02
 -.261293E+00 -.421089E+01 -.184065E+01 -.201092E+01 0.142563E+02
 -.244690E+00 -.421476E+01 -.179048E+01 -.210480E+01 0.162094E+02
 -.263167E+00 -.418520E+01 -.182897E+01 -.201434E+01 0.141264E+02
 -.257400E+00 -.420001E+01 -.183840E+01 -.207239E+01 0.153271E+02
 -.263720E+00 -.421143E+01 -.185685E+01 -.195805E+01 0.142254E+02
 -.260989E+00 -.420544E+01 -.186710E+01 -.201388E+01 0.170829E+02
 -.258299E+00 -.433783E+01 -.182273E+01 -.199441E+01 0.165833E+02
 -.256154E+00 -.416293E+01 -.184889E+01 -.187861E+01 0.195379E+02
 -.256756E+00 -.421898E+01 -.184010E+01 -.201835E+01 0.141385E+02
 -.266504E+00 -.419030E+01 -.182668E+01 -.198894E+01 0.141472E+02
 -.286728E+00 -.419332E+01 -.181335E+01 -.190369E+01 0.158011E+02
 -.281176E+00 -.421646E+01 -.183871E+01 -.202022E+01 0.173427E+02
 -.241592E+00 -.426128E+01 -.183398E+01 -.203299E+01 0.149340E+02
 -.253796E+00 -.420428E+01 -.185458E+01 -.201939E+01 0.146671E+02
 -.260761E+00 -.420851E+01 -.182891E+01 -.201482E+01 0.140294E+02
 -.270862E+00 -.420565E+01 -.180508E+01 -.199244E+01 0.147868E+02
 -.236062E+00 -.420629E+01 -.183602E+01 -.206500E+01 0.142691E+02
 -.260828E+00 -.420606E+01 -.182683E+01 -.202101E+01 0.140297E+02
 -.273940E+00 -.420913E+01 -.175848E+01 -.228842E+01 0.159181E+02
 -.296789E+00 -.421121E+01 -.183488E+01 -.198469E+01 0.180224E+02
 -.227833E+00 -.422989E+01 -.188007E+01 -.204117E+01 0.148197E+02
 -.262660E+00 -.422408E+01 -.182914E+01 -.202163E+01 0.141126E+02
 -.221540E+00 -.418990E+01 -.186271E+01 -.199873E+01 0.156037E+02
 -.271679E+00 -.421628E+01 -.181197E+01 -.206520E+01 0.145964E+02
 -.264564E+00 -.420737E+01 -.179732E+01 -.195923E+01 0.191535E+02
 -.263343E+00 -.418017E+01 -.182172E+01 -.196651E+01 0.154031E+02
 -.253145E+00 -.431184E+01 -.182776E+01 -.204311E+01 0.153679E+02
 -.263645E+00 -.419923E+01 -.181645E+01 -.200705E+01 0.143607E+02
 -.263351E+00 -.420443E+01 -.183045E+01 -.205372E+01 0.147619E+02
 -.281777E+00 -.420415E+01 -.186143E+01 -.198806E+01 0.193121E+02
 -.252316E+00 -.419741E+01 -.182844E+01 -.218588E+01 0.176555E+02
 -.250222E+00 -.418387E+01 -.182986E+01 -.202287E+01 0.144155E+02
 -.281754E+00 -.421247E+01 -.181128E+01 -.200696E+01 0.141642E+02
 -.256465E+00 -.420105E+01 -.184319E+01 -.201979E+01 0.142300E+02
 -.255204E+00 -.420992E+01 -.182245E+01 -.202024E+01 0.143881E+02
 -.231956E+00 -.422016E+01 -.182798E+01 -.203872E+01 0.164238E+02
 -.307897E+00 -.417104E+01 -.178034E+01 -.205608E+01 0.168794E+02
 -.265173E+00 -.422070E+01 -.183595E+01 -.203783E+01 0.149930E+02
 -.304381E+00 -.419361E+01 -.182866E+01 -.189756E+01 0.143446E+02
 -.259375E+00 -.421292E+01 -.183520E+01 -.198104E+01 0.142418E+02
 -.264322E+00 -.419041E+01 -.184121E+01 -.191168E+01 0.158289E+02
 -.245276E+00 -.425375E+01 -.181925E+01 -.227537E+01 0.184020E+02
 -.276106E+00 -.420970E+01 -.181713E+01 -.199979E+01 0.140533E+02
 -.289011E+00 -.422397E+01 -.181446E+01 -.194431E+01 0.141240E+02
 -.278669E+00 -.421182E+01 -.182908E+01 -.203768E+01 0.163375E+02
 -.253463E+00 -.420936E+01 -.183085E+01 -.205399E+01 0.141010E+02
 -.265123E+00 -.417794E+01 -.184411E+01 -.186354E+01 0.194160E+02
 -.266660E+00 -.422216E+01 -.183310E+01 -.197952E+01 0.140723E+02
 -.252367E+00 -.420872E+01 -.185590E+01 -.191472E+01 0.157928E+02
 -.226966E+00 -.421357E+01 -.180467E+01 -.217613E+01 0.152663E+02
 -.255037E+00 -.416408E+01 -.181881E+01 -.201669E+01 0.150968E+02
 -.263400E+00 -.420639E+01 -.182457E+01 -.200307E+01 0.141044E+02
 -.248616E+00 -.422397E+01 -.182672E+01 -.204106E+01 0.142990E+02
 -.360179E+00 -.418434E+01 -.164573E+01 -.215894E+01 0.173988E+02
 -.255634E+00 -.420833E+01 -.181836E+01 -.202288E+01 0.145413E+02
 -.239656E+00 -.421470E+01 -.182788E+01 -.204240E+01 0.150102E+02
 -.349040E+00 -.420987E+01 -.172981E+01 -.205325E+01 0.194355E+02
 -.262759E+00 -.421881E+01 -.183382E+01 -.214359E+01 0.192866E+02
 -.286992E+00 -.420690E+01 -.183001E+01 -.203635E+01 0.183109E+02
 -.168385E+00 -.430744E+01 -.183444E+01 -.236030E+01 0.184044E+02
 -.276014E+00 -.420500E+01 -.184471E+01 -.201298E+01 0.166965E+02
 -.273545E+00 -.418964E+01 -.183822E+01 -.200071E+01 0.150027E+02
 -.263578E+00 -.420638E+01 -.183528E+01 -.201168E+01 0.141757E+02
 -.311251E+00 -.422058E+01 -.174940E+01 -.209096E+01 0.153656E+02
 -.263268E+00 -.421972E+01 -.183502E+01 -.192702E+01 0.157712E+02
 -.257255E+00 -.421619E+01 -.182980E+01 -.201861E+01 0.140628E+02
 -.260893E+00 -.418966E+01 -.186989E+01 -.197968E+01 0.156347E+02
 -.262102E+00 -.420547E+01 -.178815E+01 -.201360E+01 0.173998E+02
 -.273484E+00 -.424639E+01 -.179376E+01 -.213605E+01 0.154660E+02
 -.297426E+00 -.425065E+01 -.173250E+01 -.204913E+01 0.158814E+02
 -.259652E+00 -.444801E+01 -.182831E+01 -.200791E+01 0.193617E+02
 -.169274E+00 -.416033E+01 -.183351E+01 -.287861E+01 0.162385E+02
 -.261070E+00 -.423247E+01 -.182016E+01 -.202680E+01 0.141544E+02
 -.272788E+00 -.420488E+01 -.183585E+01 -.202539E+01 0.155684E+02
 -.255769E+00 -.422486E+01 -.182233E+01 -.200911E+01 0.146379E+02
 -.286527E+00 -.424658E+01 -.182111E+01 -.192247E+01 0.145187E+02
 -.261649E+00 -.417673E+01 -.184116E+01 -.202158E+01 0.146567E+02
 -.253241E+00 -.425183E+01 -.183289E+01 -.202619E+01 0.143208E+02
 -.258481E+00 -.420455E+01 -.183002E+01 -.202880E+01 0.140432E+02
 -.243686E+00 -.420745E+01 -.184231E+01 -.198916E+01 0.149815E+02
 -.316793E+00 -.420169E+01 -.180296E+01 -.198300E+01 0.175772E+02
 -.279956E+00 -.420512E+01 -.180534E+01 -.206443E+01 0.149846E+02
 -.973376E-01 -.422527E+01 -.203428E+01 -.197389E+01 0.158667E+02
 -.259098E+00 -.420681E+01 -.182795E+01 -.205609E+01 0.142912E+02
 -.271866E+00 -.420617E+01 -.180238E+01 -.199433E+01 0.148227E+02
 -.228267E+00 -.420824E+01 -.182793E+01 -.208942E+01 0.150557E+02
 -.251435E+00 -.420267E+01 -.185387E+01 -.201964E+01 0.144256E+02
 -.264752E+00 -.423086E+01 -.182942E+01 -.201318E+01 0.141502E+02
 -.255489E+00 -.419984E+01 -.183252E+01 -.194535E+01 0.164193E+02
 -.228482E+00 -.419908E+01 -.188797E+01 -.209336E+01 0.181860E+02
 -.282604E+00 -.417851E+01 -.183343E+01 -.188059E+01 0.157827E+02
 -.246564E+00 -.421038E+01 -.182612E+01 -.200260E+01 0.157159E+02
 -.254486E+00 -.420473E+01 -.181840E+01 -.212689E+01 0.147401E+02
 -.269012E+00 -.420987E+01 -.177735E+01 -.201198E+01 0.175396E+02
 -.267009E+00 -.422392E+01 -.181026E+01 -.203831E+01 0.140765E+02
 -.263668E+00 -.420804E+01 -.185454E+01 -.204787E+01 0.176426E+02
 -.252746E+00 -.437968E+01 -.183582E+01 -.207244E+01 0.178310E+02
 -.267580E+00 -.419737E+01 -.181358E+01 -.192525E+01 0.182555E+02
 -.260194E+00 -.420440E+01 -.183038E+01 -.198995E+01 0.142420E+02
 -.260660E+00 -.417756E+01 -.185996E+01 -.186183E+01 0.177871E+02
 -.260427E+00 -.420427E+01 -.178182E+01 -.212806E+01 0.143731E+02
 -.245829E+00 -.416648E+01 -.183198E+01 -.204196E+01 0.144817E+02
 -.260579E+00 -.422996E+01 -.183040E+01 -.207511E+01 0.151490E+02
 -.260280E+00 -.419922E+01 -.184051E+01 -.200968E+01 0.141843E+02
 -.256990E+00 -.420606E+01 -.181363E+01 -.201109E+01 0.151311E+02
 -.253375E+00 -.420677E+01 -.183062E+01 -.199468E+01 0.146645E+02
 -.251854E+00 -.420608E+01 -.184812E+01 -.204264E+01 0.146204E+02
 -.302459E+00 -.422542E+01 -.184242E+01 -.189895E+01 0.150097E+02
 -.221202E+00 -.433994E+01 -.177147E+01 -.230643E+01 0.190923E+02
 -.274937E+00 -.421598E+01 -.178849E+01 -.199516E+01 0.156854E+02
 -.273435E+00 -.419926E+01 -.180809E+01 -.200622E+01 0.141510E+02
 -.293577E+00 -.421091E+01 -.184168E+01 -.196530E+01 0.169538E+02
 -.262405E+00 -.420297E+01 -.183536E+01 -.209187E+01 0.166193E+02
 -.270608E+00 -.420324E+01 -.183310E+01 -.202483E+01 0.149492E+02
 -.231617E+00 -.422050E+01 -.182949E+01 -.199980E+01 0.187227E+02
 -.255598E+00 -.421437E+01 -.183366E+01 -.207203E+01 0.146858E+02
 -.249031E+00 -.405192E+01 -.184333E+01 -.203217E+01 0.191548E+02
 -.249963E+00 -.438607E+01 -.179041E+01 -.221086E+01 0.176849E+02
 -.270071E+00 -.419662E+01 -.188923E+01 -.195254E+01 0.188466E+02
 -.259939E+00 -.414320E+01 -.183188E+01 -.203027E+01 0.148459E+02
 -.281558E+00 -.420661E+01 -.182111E+01 -.201438E+01 0.149320E+02
 -.216165E+00 -.420993E+01 -.183585E+01 -.205702E+01 0.176125E+02
 -.267233E+00 -.425398E+01 -.187776E+01 -.199553E+01 0.197302E+02
 -.271516E+00 -.422154E+01 -.181300E+01 -.198477E+01 0.144142E+02
 -.261400E+00 -.420520E+01 -.184618E+01 -.205862E+01 0.163774E+02
 -.278559E+00 -.420368E+01 -.182860E+01 -.204252E+01 0.164906E+02
 -.167783E+00 -.441084E+01 -.183172E+01 -.272591E+01 0.198063E+02
 -.251753E+00 -.420489E+01 -.181816E+01 -.201734E+01 0.151841E+02
 -.258574E+00 -.420196E+01 -.179672E+01 -.216036E+01 0.144311E+02
 -.272042E+00 -.420236E+01 -.184813E+01 -.202527E+01 0.170972E+02
 -.249328E+00 -.418625E+01 -.184223E+01 -.201473E+01 0.141320E+02
 -.261808E+00 -.420216E+01 -.182729E+01 -.200221E+01 0.141080E+02
 -.308190E+00 -.422120E+01 -.177946E+01 -.192108E+01 0.149804E+02
 -.259001E+00 -.440867E+01 -.185664E+01 -.190529E+01 0.190842E+02
 -.267678E+00 -.422844E+01 -.182812E+01 -.200760E+01 0.141476E+02
 -.242713E+00 -.421337E+01 -.183579E+01 -.203460E+01 0.143341E+02
 -.296390E+00 -.420509E+01 -.183470E+01 -.193128E+01 0.148917E+02
 -.262595E+00 -.419611E+01 -.186384E+01 -.201384E+01 0.168992E+02
 -.253003E+00 -.419422E+01 -.182994E+01 -.212778E+01 0.156300E+02
 -.176552E+00 -.417456E+01 -.181645E+01 -.300000E+01 0.159878E+02
 -.264691E+00 -.421658E+01 -.181625E+01 -.203395E+01 0.140440E+02
 -.244386E+00 -.418905E+01 -.183889E+01 -.209969E+01 0.146384E+02
 -.256549E+00 -.421816E+01 -.183811E+01 -.200241E+01 0.140584E+02
 -.274754E+00 -.428318E+01 -.183013E+01 -.193943E+01 0.149975E+02
 -.235961E+00 -.417485E+01 -.183255E+01 -.202974E+01 0.156976E+02
 -.204039E+00 -.418620E+01 -.188565E+01 -.209244E+01 0.143688E+02
 -.138741E+00 -.420726E+01 -.189638E+01 -.259356E+01 0.171580E+02
 -.250658E+00 -.420645E+01 -.179611E+01 -.214842E+01 0.141894E+02
 -.257860E+00 -.420567E+01 -.182904E+01 -.201283E+01 0.140945E+02
 -.274611E+00 -.420162E+01 -.184041E+01 -.199584E+01 0.151210E+02
 -.281166E+00 -.421225E+01 -.182173E+01 -.199755E+01 0.144598E+02
 -.225175E+00 -.423717E+01 -.188362E+01 -.194869E+01 0.151433E+02
 -.260057E+00 -.420519E+01 -.182943E+01 -.204639E+01 0.142596E+02
 -.251635E+00 -.421405E+01 -.184213E+01 -.199590E+01 0.141639E+02
 -.271552E+00 -.418356E+01 -.181905E+01 -.203314E+01 0.144023E+02
 -.265766E+00 -.419635E+01 -.183111E+01 -.200602E+01 0.141034E+02
 -.317496E+00 -.420340E+01 -.185153E+01 -.188383E+01 0.177422E+02
 -.234947E+00 -.420987E+01 -.184663E+01 -.209683E+01 0.143001E+02
 -.243152E+00 -.421591E+01 -.185005E+01 -.208723E+01 0.150940E+02
 -.278574E+00 -.420199E+01 -.182803E+01 -.201325E+01 0.151282E+02
 -.245512E+00 -.420792E+01 -.183998E+01 -.207748E+01 0.143353E+02
 -.264971E+00 -.420509E+01 -.185302E+01 -.205635E+01 0.182207E+02
 -.268395E+00 -.423967E+01 -.182729E+01 -.209223E+01 0.168719E+02
 -.255184E+00 -.414166E+01 -.184231E+01 -.202466E+01 0.149239E+02
 -.263959E+00 -.420762E+01 -.181629E+01 -.198637E+01 0.148813E+02
 -.261634E+00 -.420606E+01 -.182953E+01 -.199743E+01 0.140998E+02
 -.263845E+00 -.421830E+01 -.183703E+01 -.196395E+01 0.142256E+02
 -.260285E+00 -.417671E+01 -.180841E+01 -.198861E+01 0.164320E+02
 -.266948E+00 -.420999E+01 -.176705E+01 -.203313E+01 0.185293E+02
 -.231223E+00 -.417793E+01 -.185679E+01 -.205028E+01 0.141859E+02
 -.264671E+00 -.422393E+01 -.183317E+01 -.195303E+01 0.146400E+02
 -.248778E+00 -.422392E+01 -.179035E+01 -.209064E+01 0.160307E+02
 -.263755E+00 -.420311E+01 -.181834E+01 -.200350E+01 0.143157E+02
 -.258940E+00 -.420332E+01 -.182614E+01 -.201105E+01 0.141553E+02
 -.254346E+00 -.421385E+01 -.180283E+01 -.199072E+01 0.183886E+02
 -.246574E+00 -.418516E+01 -.182853E+01 -.201084E+01 0.152115E+02
 -.194724E+00 -.414010E+01 -.182284E+01 -.256344E+01 0.161228E+02
 -.273631E+00 -.418735E+01 -.184565E+01 -.203490E+01 0.176824E+02
 -.239935E+00 -.421543E+01 -.183245E+01 -.210176E+01 0.141287E+02
 -.255029E+00 -.419778E+01 -.183122E+01 -.199712E+01 0.144328E+02
 -.258890E+00 -.419997E+01 -.185208E+01 -.205500E+01 0.165715E+02
 -.265883E+00 -.422807E+01 -.183373E+01 -.209355E+01 0.172973E+02
 -.264460E+00 -.420200E+01 -.183408E+01 -.193164E+01 0.154533E+02
 -.237385E+00 -.420713E+01 -.182278E+01 -.203244E+01 0.164049E+02
 -.265080E+00 -.420080E+01 -.183062E+01 -.204265E+01 0.146609E+02
 -.248582E+00 -.419544E+01 -.182751E+01 -.204813E+01 0.141729E+02
 -.238939E+00 -.420389E+01 -.180598E+01 -.203323E+01 0.189490E+02
 -.277549E+00 -.419897E+01 -.184298E+01 -.204917E+01 0.191482E+02
 -.294927E+00 -.427723E+01 -.180553E+01 -.192855E+01 0.148856E+02
 -.258513E+00 -.425593E+01 -.184284E+01 -.202556E+01 0.148075E+02
 -.252966E+00 -.420633E+01 -.181090E+01 -.202794E+01 0.153505E+02
 -.186680E+00 -.424418E+01 -.179236E+01 -.245672E+01 0.183442E+02
 -.287913E+00 -.435400E+01 -.182430E+01 -.201367E+01 0.187296E+02
 -.221548E+00 -.418062E+01 -.183949E+01 -.202642E+01 0.176656E+02
 -.275690E+00 -.421580E+01 -.182936E+01 -.198205E+01 0.141710E+02
 -.283874E+00 -.420453E+01 -.183564E+01 -.201657E+01 0.172131E+02
 -.230798E+00 -.420045E+01 -.189066E+01 -.185616E+01 0.199256E+02
 -.252760E+00 -.417476E+01 -.182814E+01 -.194633E+01 0.178644E+02
 -.241196E+00 -.420145E+01 -.182713E+01 -.198953E+01 0.174489E+02
 -.252783E+00 -.418075E+01 -.188766E+01 -.201812E+01 0.193345E+02
 -.198724E+00 -.422625E+01 -.188007E+01 -.202734E+01 0.158219E+02
 -.251051E+00 -.420608E+01 -.180872E+01 -.201496E+01 0.165802E+02
 -.283311E+00 -.419683E+01 -.185130E+01 -.200397E+01 0.190161E+02
 -.247918E+00 -.419266E+01 -.183942E+01 -.202581E+01 0.141064E+02
 -.258340E+00 -.420953E+01 -.183423E+01 -.199664E+01 0.141056E+02
 -.262336E+00 -.420339E+01 -.187695E+01 -.186652E+01 0.149415E+02
 -.262718E+00 -.421160E+01 -.182681E+01 -.193270E+01 0.165907E+02
 -.270169E+00 -.421478E+01 -.182912E+01 -.199601E+01 0.140766E+02
 -.263421E+00 -.421366E+01 -.183689E+01 -.197964E+01 0.140614E+02
 -.258580E+00 -.420548E+01 -.185426E+01 -.201661E+01 0.151197E+02
 -.248997E+00 -.417884E+01 -.180570E+01 -.200000E+01 0.188171E+02
 -.265163E+00 -.419340E+01 -.182366E+01 -.203578E+01 0.141942E+02
 -.243642E+00 -.421754E+01 -.183579E+01 -.202247E+01 0.145170E+02
 -.260714E+00 -.419220E+01 -.184944E+01 -.198715E+01 0.142536E+02
 -.281053E+00 -.418970E+01 -.182815E+01 -.196782E+01 0.142459E+02
 -.258083E+00 -.420893E+01 -.183221E+01 -.203829E+01 0.141510E+02
 -.257110E+00 -.409695E+01 -.181815E+01 -.209313E+01 0.166287E+02
 -.261244E+00 -.425596E+01 -.182475E+01 -.195600E+01 0.159780E+02
 -.254553E+00 -.420525E+01 -.185887E+01 -.201379E+01 0.149558E+02
 -.261675E+00 -.420656E+01 -.182902E+01 -.200298E+01 0.140628E+02
 -.308991E+00 -.420515E+01 -.180918E+01 -.202004E+01 0.193240E+02
 -.212244E+00 -.420510E+01 -.189096E+01 -.199050E+01 0.144525E+02
 -.168543E+00 -.418774E+01 -.182323E+01 -.244344E+01 0.172263E+02
 -.255317E+00 -.421401E+01 -.183312E+01 -.199726E+01 0.142911E+02
 -.355324E+00 -.424555E+01 -.173597E+01 -.198311E+01 0.174016E+02
 -.261213E+00 -.420512E+01 -.182930E+01 -.202072E+01 0.140420E+02
 -.236215E+00 -.421298E+01 -.186676E+01 -.202190E+01 0.141860E+02
 -.269178E+00 -.419116E+01 -.181710E+01 -.203363E+01 0.141627E+02
 -.260856E+00 -.419234E+01 -.183144E+01 -.200016E+01 0.141046E+02
 -.270440E+00 -.420399E+01 -.183105E+01 -.203997E+01 0.152552E+02
 -.246735E+00 -.421183E+01 -.184143E+01 -.200198E+01 0.143796E+02
 -.234055E+00 -.420300E+01 -.188208E+01 -.204800E+01 0.159595E+02
 -.258762E+00 -.424068E+01 -.183340E+01 -.211913E+01 0.170645E+02
 -.399942E-01 -.420399E+01 -.204450E+01 -.202207E+01 0.172601E+02
 -.299982E+00 -.420000E+01 -.175352E+01 -.208142E+01 0.143372E+02
 -.260966E+00 -.421053E+01 -.183055E+01 -.204954E+01 0.144411E+02
 -.262376E+00 -.420694E+01 -.182900E+01 -.203494E+01 0.142023E+02
 -.260532E+00 -.420413E+01 -.178033E+01 -.204502E+01 0.171659E+02
 -.282296E+00 -.424217E+01 -.182959E+01 -.197956E+01 0.147520E+02
 -.286967E+00 -.419300E+01 -.177180E+01 -.197069E+01 0.169299E+02
 -.258394E+00 -.421210E+01 -.180770E+01 -.201651E+01 0.153133E+02
 -.265165E+00 -.420941E+01 -.184033E+01 -.201722E+01 0.146858E+02
 -.305369E+00 -.419859E+01 -.179523E+01 -.202377E+01 0.164219E+02
 -.248453E+00 -.419908E+01 -.186436E+01 -.208767E+01 0.181349E+02
 -.261289E+00 -.419170E+01 -.183324E+01 -.202852E+01 0.142541E+02
 -.195205E+00 -.423264E+01 -.182343E+01 -.256430E+01 0.158506E+02
 -.276482E+00 -.418533E+01 -.181771E+01 -.198661E+01 0.141241E+02
 -.200919E+00 -.419884E+01 -.182083E+01 -.218719E+01 0.175948E+02
 -.204645E+00 -.419490E+01 -.182048E+01 -.213822E+01 0.190788E+02
 -.249213E+00 -.420913E+01 -.184882E+01 -.200395E+01 0.140460E+02
 -.237658E+00 -.421762E+01 -.183243E+01 -.197669E+01 0.182977E+02
 -.271004E+00 -.423676E+01 -.187018E+01 -.195921E+01 0.164271E+02
 -.248459E+00 -.420749E+01 -.181536E+01 -.203253E+01 0.153760E+02
 -.271463E+00 -.418985E+01 -.183084E+01 -.208104E+01 0.173612E+02
 -.259881E+00 -.421271E+01 -.182090E+01 -.217435E+01 0.176641E+02
 -.250615E+00 -.419440E+01 -.182967E+01 -.199340E+01 0.151522E+02
 -.251245E+00 -.430787E+01 -.179892E+01 -.201742E+01 0.190546E+02
 -.309351E+00 -.416318E+01 -.180276E+01 -.196699E+01 0.156077E+02
 -.275261E+00 -.420268E+01 -.178086E+01 -.207885E+01 0.141622E+02
 -.260128E+00 -.425654E+01 -.183540E+01 -.200964E+01 0.143742E+02
 -.248351E+00 -.420685E+01 -.180280E+01 -.202387E+01 0.176412E+02
 -.270745E+00 -.418646E+01 -.183848E+01 -.201246E+01 0.151024E+02
 -.270580E+00 -.420372E+01 -.182102E+01 -.200102E+01 0.140341E+02
 -.291325E+00 -.421304E+01 -.186933E+01 -.189743E+01 0.160622E+02
 -.285223E+00 -.419112E+01 -.183855E+01 -.198583E+01 0.161610E+02
 -.259838E+00 -.420035E+01 -.180570E+01 -.202510E+01 0.150186E+02
 -.259942E+00 -.420112E+01 -.182773E+01 -.197642E+01 0.147673E+02
 -.111775E+00 -.419709E+01 -.195741E+01 -.203102E+01 0.195717E+02
 -.259050E+00 -.420610E+01 -.180707E+01 -.201141E+01 0.154931E+02
 -.236544E+00 -.420381E+01 -.183384E+01 -.199689E+01 0.169051E+02
 -.259442E+00 -.420578E+01 -.182398E+01 -.202451E+01 0.140651E+02
 -.259043E+00 -.421048E+01 -.184257E+01 -.200338E+01 0.141166E+02
 -.256432E+00 -.412891E+01 -.189784E+01 -.181489E+01 0.181716E+02
 -.235137E+00 -.419409E+01 -.189433E+01 -.202032E+01 0.165787E+02
 -.269989E+00 -.419866E+01 -.183033E+01 -.199231E+01 0.140889E+02
 -.278889E+00 -.422314E+01 -.171116E+01 -.238861E+01 0.151410E+02
 -.272501E+00 -.421088E+01 -.183810E+01 -.198670E+01 0.144411E+02
 -.260014E+00 -.422770E+01 -.180562E+01 -.199306E+01 0.164228E+02
 -.259501E+00 -.420545E+01 -.187450E+01 -.201462E+01 0.180965E+02
 -.246973E+00 -.421491E+01 -.185704E+01 -.209009E+01 0.167062E+02
 -.144693E+00 -.424682E+01 -.193074E+01 -.203821E+01 0.175458E+02
 -.260541E+00 -.428623E+01 -.184709E+01 -.197421E+01 0.148279E+02
 -.262510E+00 -.419556E+01 -.182758E+01 -.202347E+01 0.140790E+02
 -.246045E+00 -.423945E+01 -.182675E+01 -.197395E+01 0.174950E+02
 -.272776E+00 -.418250E+01 -.182978E+01 -.197965E+01 0.141684E+02
 -.285793E+00 -.411914E+01 -.182753E+01 -.201882E+01 0.179489E+02
 -.272901E+00 -.421403E+01 -.183646E+01 -.203775E+01 0.162444E+02
 -.278629E+00 -.417978E+01 -.182730E+01 -.204098E+01 0.163538E+02
 -.264052E+00 -.420823E+01 -.183028E+01 -.206582E+01 0.152081E+02
 -.263383E+00 -.420894E+01 -.182907E+01 -.201778E+01 0.140653E+02
 -.196808E+00 -.420348E+01 -.191259E+01 -.197879E+01 0.146189E+02
 -.241086E+00 -.421456E+01 -.183394E+01 -.205329E+01 0.142365E+02
 -.261044E+00 -.420553E+01 -.182954E+01 -.199957E+01 0.140994E+02
 -.259372E+00 -.420218E+01 -.182163E+01 -.201875E+01 0.141928E+02
 -.261308E+00 -.420950E+01 -.182060E+01 -.201472E+01 0.141772E+02
 -.259097E+00 -.418275E+01 -.183646E+01 -.198683E+01 0.142391E+02
 -.258026E+00 -.421560E+01 -.183079E+01 -.199488E+01 0.142695E+02
 -.273830E+00 -.420292E+01 -.180216E+01 -.209360E+01 0.148224E+02
 -.256508E+00 -.419880E+01 -.182020E+01 -.193413E+01 0.192204E+02
 -.274573E+00 -.424172E+01 -.183845E+01 -.197947E+01 0.146240E+02
 -.269028E+00 -.420233E+01 -.181014E+01 -.217974E+01 0.183181E+02
 -.249456E+00 -.422191E+01 -.183153E+01 -.203854E+01 0.141233E+02
 -.272665E+00 -.420587E+01 -.183892E+01 -.201566E+01 0.154800E+02
 -.267559E+00 -.421402E+01 -.181370E+01 -.196866E+01 0.153384E+02
 -.255183E+00 -.421070E+01 -.181211E+01 -.195050E+01 0.197108E+02
 -.263383E+00 -.407961E+01 -.183275E+01 -.197868E+01 0.175741E+02
 -.269603E+00 -.420806E+01 -.184147E+01 -.204714E+01 0.167801E+02
 -.260871E+00 -.420710E+01 -.182959E+01 -.203730E+01 0.141790E+02
 -.217825E+00 -.418270E+01 -.187534E+01 -.202862E+01 0.142712E+02
 -.309106E+00 -.419056E+01 -.185618E+01 -.179260E+01 0.153690E+02
 -.255425E+00 -.419958E+01 -.185297E+01 -.207887E+01 0.172297E+02
 -.247156E+00 -.420488E+01 -.182800E+01 -.203022E+01 0.145161E+02
 -.291713E+00 -.419253E+01 -.184058E+01 -.190763E+01 0.142972E+02
 -.266648E+00 -.423101E+01 -.185769E+01 -.194089E+01 0.142373E+02
 -.257613E+00 -.421215E+01 -.184064E+01 -.202192E+01 0.142219E+02
 -.264392E+00 -.421427E+01 -.183025E+01 -.201736E+01 0.141269E+02
 -.261320E+00 -.422512E+01 -.184193E+01 -.202250E+01 0.146268E+02
 -.225151E+00 -.424586E+01 -.182388E+01 -.234761E+01 0.169225E+02
 -.268065E+00 -.421428E+01 -.175509E+01 -.217458E+01 0.145972E+02
 -.258812E+00 -.422334E+01 -.179571E+01 -.197596E+01 0.197634E+02
 -.246864E+00 -.421553E+01 -.182581E+01 -.208540E+01 0.140824E+02
 -.243134E+00 -.421622E+01 -.183488E+01 -.196145E+01 0.176025E+02
 -.255121E+00 -.425238E+01 -.179237E+01 -.207054E+01 0.156597E+02
 -.261191E+00 -.421318E+01 -.185055E+01 -.201767E+01 0.151482E+02
 -.290390E+00 -.421740E+01 -.181499E+01 -.190642E+01 0.149173E+02
 -.272304E+00 -.421779E+01 -.182795E+01 -.193939E+01 0.146736E+02
 -.269097E+00 -.420547E+01 -.182087E+01 -.203846E+01 0.143189E+02
 -.270087E+00 -.420841E+01 -.182951E+01 -.207540E+01 0.164987E+02
 -.274957E+00 -.421737E+01 -.183291E+01 -.200990E+01 0.150009E+02
 -.268427E+00 -.430765E+01 -.181346E+01 -.201496E+01 0.152593E+02
 -.271534E+00 -.420829E+01 -.181879E+01 -.203957E+01 0.144139E+02
 -.257278E+00 -.415911E+01 -.182583E+01 -.201292E+01 0.146494E+02
 -.281453E+00 -.420710E+01 -.180761E+01 -.201420E+01 0.141480E+02
 -.254861E+00 -.409564E+01 -.182029E+01 -.205912E+01 0.165034E+02
 -.311481E+00 -.418939E+01 -.180070E+01 -.198559E+01 0.163191E+02
 -.258861E+00 -.419638E+01 -.182500E+01 -.202435E+01 0.140852E+02
 -.278784E+00 -.422642E+01 -.182319E+01 -.202918E+01 0.153215E+02
 -.259352E+00 -.417044E+01 -.175291E+01 -.243981E+01 0.162737E+02
 -.264453E+00 -.421269E+01 -.180255E+01 -.209429E+01 0.141596E+02
 -.279153E+00 -.420387E+01 -.183079E+01 -.203042E+01 0.162881E+02
 -.233955E+00 -.429774E+01 -.182626E+01 -.224358E+01 0.169020E+02
 -.267254E+00 -.420514E+01 -.184407E+01 -.200973E+01 0.150176E+02
 -.269272E+00 -.421607E+01 -.181475E+01 -.201169E+01 0.140688E+02
 -.261614E+00 -.420487E+01 -.182987E+01 -.202007E+01 0.140527E+02
 -.265988E+00 -.419567E+01 -.182770E+01 -.199961E+01 0.140579E+02
 -.258724E+00 -.420437E+01 -.178490E+01 -.202161E+01 0.182744E+02
 -.262171E+00 -.420544E+01 -.179926E+01 -.201474E+01 0.157278E+02
 -.263438E+00 -.424367E+01 -.181967E+01 -.219763E+01 0.198200E+02
 -.411770E+00 -.421052E+01 -.175572E+01 -.179003E+01 0.172525E+02
 -.249614E+00 -.420651E+01 -.178660E+01 -.212619E+01 0.151479E+02
 -.258014E+00 -.443510E+01 -.183025E+01 -.198726E+01 0.192172E+02
 -.260775E+00 -.423336E+01 -.182936E+01 -.201390E+01 0.141186E+02
 -.249625E+00 -.420953E+01 -.182752E+01 -.199293E+01 0.154980E+02
 -.280828E+00 -.421852E+01 -.181465E+01 -.198525E+01 0.140364E+02
 -.226096E+00 -.421195E+01 -.185657E+01 -.197998E+01 0.165513E+02
 -.267789E+00 -.414298E+01 -.182786E+01 -.205475E+01 0.157646E+02
 -.263429E+00 -.418482E+01 -.183893E+01 -.201007E+01 0.143643E+02
 -.215869E+00 -.426194E+01 -.185754E+01 -.198879E+01 0.184754E+02
 -.245731E+00 -.421992E+01 -.183605E+01 -.209758E+01 0.145323E+02
 -.229012E+00 -.421264E+01 -.183281E+01 -.200926E+01 0.180516E+02
 -.261950E+00 -.420469E+01 -.185166E+01 -.205277E+01 0.170490E+02
 -.256890E+00 -.420874E+01 -.182942E+01 -.202708E+01 0.140330E+02
 -.239170E+00 -.421327E+01 -.181189E+01 -.207518E+01 0.156305E+02
 -.260483E+00 -.420593E+01 -.182760E+01 -.201455E+01 0.140436E+02
 -.269480E+00 -.421116E+01 -.181930E+01 -.200251E+01 0.140457E+02
 -.286502E+00 -.420442E+01 -.181794E+01 -.204417E+01 0.166954E+02
 -.267793E+00 -.421079E+01 -.183325E+01 -.203653E+01 0.150012E+02
 -.265774E+00 -.421932E+01 -.183273E+01 -.202717E+01 0.145083E+02
 -.263430E+00 -.422285E+01 -.182992E+01 -.201603E+01 0.141027E+02
 -.252963E+00 -.419709E+01 -.177929E+01 -.203984E+01 0.198583E+02
 -.271246E+00 -.418991E+01 -.182470E+01 -.212640E+01 0.188009E+02
 -.257638E+00 -.420750E+01 -.182871E+01 -.214502E+01 0.170708E+02
 -.236068E+00 -.422093E+01 -.182936E+01 -.200026E+01 0.175519E+02
 -.272466E+00 -.421195E+01 -.180945E+01 -.200534E+01 0.141397E+02
 -.346770E+00 -.419408E+01 -.170000E+01 -.195855E+01 0.149562E+02
 -.259944E+00 -.425504E+01 -.183363E+01 -.205392E+01 0.149909E+02
 -.245814E+00 -.418699E+01 -.185825E+01 -.197868E+01 0.142079E+02
 -.281718E+00 -.420435E+01 -.183329E+01 -.192064E+01 0.142159E+02
 -.263014E+00 -.420622E+01 -.183007E+01 -.201335E+01 0.140477E+02
 -.254406E+00 -.418371E+01 -.183147E+01 -.203475E+01 0.141259E+02
 -.249241E+00 -.422660E+01 -.187059E+01 -.203404E+01 0.164808E+02
 -.262033E+00 -.419857E+01 -.185660E+01 -.200640E+01 0.154479E+02
 -.260719E+00 -.421069E+01 -.181983E+01 -.201650E+01 0.142120E+02
 -.275938E+00 -.421644E+01 -.184274E+01 -.202639E+01 0.171874E+02
 -.300728E+00 -.412130E+01 -.180376E+01 -.199061E+01 0.165291E+02
 -.247911E+00 -.420538E+01 -.182607E+01 -.206235E+01 0.140941E+02
 -.249894E+00 -.421611E+01 -.183838E+01 -.201032E+01 0.141849E+02
 -.283934E+00 -.415781E+01 -.180725E+01 -.200499E+01 0.145890E+02
 -.269818E+00 -.424335E+01 -.187982E+01 -.187425E+01 0.144235E+02
 -.256871E+00 -.419615E+01 -.180504E+01 -.202656E+01 0.154721E+02
 -.341375E+00 -.421438E+01 -.181821E+01 -.187610E+01 0.174517E+02
 -.278853E+00 -.422658E+01 -.183872E+01 -.184746E+01 0.182919E+02
 -.207292E+00 -.422182E+01 -.181465E+01 -.229342E+01 0.148320E+02
 -.259345E+00 -.421427E+01 -.182353E+01 -.201589E+01 0.141601E+02
 -.292621E+00 -.420957E+01 -.183548E+01 -.190999E+01 0.141720E+02
 -.261511E+00 -.420684E+01 -.182645E+01 -.210174E+01 0.156963E+02
 -.268869E+00 -.420478E+01 -.183284E+01 -.204137E+01 0.152710E+02
 -.240506E+00 -.422112E+01 -.182950E+01 -.196348E+01 0.191894E+02
 -.257311E+00 -.423290E+01 -.183219E+01 -.202831E+01 0.141405E+02
 -.254454E+00 -.420399E+01 -.182179E+01 -.198909E+01 0.155649E+02
 -.258827E+00 -.410363E+01 -.185081E+01 -.201684E+01 0.167886E+02
 -.287145E+00 -.420207E+01 -.182336E+01 -.188659E+01 0.156049E+02
 -.264274E+00 -.420813E+01 -.186352E+01 -.192716E+01 0.141288E+02
 -.243011E+00 -.424849E+01 -.175004E+01 -.227496E+01 0.167046E+02
 -.255477E+00 -.416692E+01 -.182377E+01 -.202850E+01 0.144727E+02
 -.285746E+00 -.420575E+01 -.183227E+01 -.200993E+01 0.167068E+02
 -.268312E+00 -.422336E+01 -.182710E+01 -.204254E+01 0.147751E+02
 -.274455E+00 -.422138E+01 -.183770E+01 -.196723E+01 0.142088E+02
 -.258990E+00 -.419574E+01 -.183287E+01 -.203644E+01 0.142106E+02
 -.261937E+00 -.418547E+01 -.182693E+01 -.208411E+01 0.152525E+02
 -.265366E+00 -.420569E+01 -.182748E+01 -.204849E+01 0.146129E+02
 -.317077E+00 -.419843E+01 -.175354E+01 -.205295E+01 0.153049E+02
 -.267036E+00 -.420528E+01 -.184695E+01 -.201235E+01 0.153732E+02
 -.270339E+00 -.421686E+01 -.183682E+01 -.202279E+01 0.152245E+02
 -.220398E+00 -.425265E+01 -.184263E+01 -.211544E+01 0.145954E+02
 -.267254E+00 -.420521E+01 -.181438E+01 -.202099E+01 0.140645E+02
 -.158823E+00 -.421834E+01 -.198916E+01 -.198709E+01 0.168765E+02
 -.260977E+00 -.420177E+01 -.182410E+01 -.202711E+01 0.140378E+02
 -.344623E+00 -.422867E+01 -.179045E+01 -.184430E+01 0.143298E+02
 -.261366E+00 -.423737E+01 -.184733E+01 -.189207E+01 0.168994E+02
 -.259298E+00 -.421201E+01 -.182623E+01 -.200374E+01 0.142324E+02
 -.236557E+00 -.420001E+01 -.184204E+01 -.197187E+01 0.171847E+02
 -.263403E+00 -.419009E+01 -.180892E+01 -.201523E+01 0.146984E+02
 -.260644E+00 -.420546E+01 -.180380E+01 -.201549E+01 0.154322E+02
 -.250413E+00 -.422894E+01 -.179376E+01 -.205214E+01 0.170059E+02
 -.262544E+00 -.420191E+01 -.182980E+01 -.201124E+01 0.140382E+02
 -.259564E+00 -.420991E+01 -.182018E+01 -.201702E+01 0.142572E+02
 -.254265E+00 -.419289E+01 -.184132E+01 -.205647E+01 0.147315E+02
 -.286079E+00 -.424255E+01 -.180648E+01 -.200224E+01 0.143055E+02
 -.257738E+00 -.420971E+01 -.183025E+01 -.195321E+01 0.158149E+02
 -.242047E+00 -.417023E+01 -.183711E+01 -.199327E+01 0.158500E+02
 -.215206E+00 -.420581E+01 -.184758E+01 -.224120E+01 0.153170E+02
 -.258675E+00 -.424323E+01 -.183232E+01 -.209922E+01 0.160585E+02
 -.171274E+00 -.422918E+01 -.186479E+01 -.234737E+01 0.147963E+02
 -.327361E+00 -.418452E+01 -.174170E+01 -.200631E+01 0.145913E+02
 -.229611E+00 -.421440E+01 -.186661E+01 -.206566E+01 0.144947E+02
 -.256364E+00 -.420583E+01 -.182980E+01 -.200749E+01 0.141983E+02
 -.153252E+00 -.432986E+01 -.191006E+01 -.234458E+01 0.190899E+02
 -.314719E+00 -.420267E+01 -.177585E+01 -.195363E+01 0.141348E+02
 -.249715E+00 -.421020E+01 -.180581E+01 -.204889E+01 0.156130E+02
 -.260303E+00 -.420584E+01 -.182859E+01 -.203137E+01 0.140714E+02
 -.265314E+00 -.421135E+01 -.182654E+01 -.200291E+01 0.140331E+02
 -.283080E+00 -.420585E+01 -.183364E+01 -.203570E+01 0.179113E+02
 -.265771E+00 -.419179E+01 -.183084E+01 -.202145E+01 0.143051E+02
 -.260385E+00 -.419491E+01 -.181223E+01 -.200546E+01 0.150533E+02
 -.265881E+00 -.420658E+01 -.182988E+01 -.202123E+01 0.142298E+02
 -.286779E+00 -.419631E+01 -.180870E+01 -.192759E+01 0.150257E+02
 -.203146E+00 -.420145E+01 -.190837E+01 -.206377E+01 0.153310E+02
 -.295536E+00 -.418879E+01 -.181191E+01 -.202239E+01 0.166060E+02
 -.248672E+00 -.421812E+01 -.182268E+01 -.214368E+01 0.148616E+02
 -.249215E+00 -.421243E+01 -.182619E+01 -.201671E+01 0.147966E+02
 -.228876E+00 -.420980E+01 -.183569E+01 -.211052E+01 0.141704E+02
 -.232418E+00 -.420260E+01 -.183208E+01 -.203467E+01 0.159574E+02
 -.249998E+00 -.436726E+01 -.183773E+01 -.205845E+01 0.170724E+02
 -.276625E+00 -.412429E+01 -.175439E+01 -.217737E+01 0.156826E+02
 -.264412E+00 -.420482E+01 -.182964E+01 -.199323E+01 0.140580E+02
 -.312279E+00 -.418253E+01 -.171548E+01 -.206410E+01 0.149649E+02
 -.258280E+00 -.422665E+01 -.187840E+01 -.184202E+01 0.169922E+02
 -.281189E+00 -.422661E+01 -.183215E+01 -.194141E+01 0.141089E+02
 -.257618E+00 -.422661E+01 -.177921E+01 -.213521E+01 0.146632E+02
 -.256603E+00 -.419138E+01 -.184045E+01 -.208232E+01 0.158311E+02
 -.263405E+00 -.419785E+01 -.181657E+01 -.200634E+01 0.143919E+02
 -.258392E+00 -.420129E+01 -.183160E+01 -.201233E+01 0.140489E+02
 -.227022E+00 -.421558E+01 -.183326E+01 -.200223E+01 0.190376E+02
 -.242160E+00 -.417575E+01 -.183170E+01 -.200605E+01 0.158175E+02
 -.274876E+00 -.421140E+01 -.183292E+01 -.199333E+01 0.144889E+02
 -.266368E+00 -.422965E+01 -.191226E+01 -.177811E+01 0.166423E+02
 -.281608E+00 -.417449E+01 -.185046E+01 -.201342E+01 0.192431E+02
 -.249859E+00 -.419760E+01 -.183131E+01 -.204902E+01 0.140581E+02
 -.259717E+00 -.418701E+01 -.183052E+01 -.203695E+01 0.142154E+02
 -.203010E+00 -.423493E+01 -.182258E+01 -.264864E+01 0.181768E+02
 -.283207E+00 -.418032E+01 -.184048E+01 -.193979E+01 0.144574E+02
 -.245179E+00 -.420197E+01 -.180736E+01 -.201159E+01 0.184988E+02
 -.256554E+00 -.419968E+01 -.183728E+01 -.201166E+01 0.140419E+02
 -.242777E+00 -.421614E+01 -.185508E+01 -.206459E+01 0.148422E+02
 -.266192E+00 -.418133E+01 -.184295E+01 -.208010E+01 0.181817E+02
 -.255033E+00 -.420016E+01 -.183787E+01 -.206622E+01 0.147841E+02
 -.257401E+00 -.420530E+01 -.182709E+01 -.202463E+01 0.140592E+02
 -.301157E+00 -.420951E+01 -.176606E+01 -.195220E+01 0.158417E+02
 -.251232E+00 -.421195E+01 -.182995E+01 -.201493E+01 0.143917E+02
 -.245373E+00 -.420811E+01 -.183083E+01 -.203281E+01 0.144352E+02
 -.268970E+00 -.418255E+01 -.178984E+01 -.203855E+01 0.149552E+02
 -.275358E+00 -.420697E+01 -.185993E+01 -.192501E+01 0.144386E+02
 -.257910E+00 -.422495E+01 -.184346E+01 -.203319E+01 0.146864E+02
 -.263401E+00 -.420582E+01 -.183476E+01 -.202055E+01 0.142812E+02
 -.233392E+00 -.418473E+01 -.183722E+01 -.203812E+01 0.151600E+02
 -.264009E+00 -.430227E+01 -.184512E+01 -.201029E+01 0.159069E+02
 -.225971E+00 -.423593E+01 -.185774E+01 -.200602E+01 0.152734E+02
 -.276471E+00 -.421624E+01 -.182614E+01 -.199738E+01 0.143374E+02
 -.229868E+00 -.420916E+01 -.184139E+01 -.201498E+01 0.160917E+02
 -.301245E+00 -.420205E+01 -.180716E+01 -.188626E+01 0.151774E+02
 -.156157E+00 -.424930E+01 -.196205E+01 -.213267E+01 0.198175E+02
 -.279161E+00 -.420734E+01 -.184975E+01 -.197892E+01 0.161098E+02
 -.257063E+00 -.417903E+01 -.184568E+01 -.203695E+01 0.149200E+02
 -.250325E+00 -.420331E+01 -.182668E+01 -.198020E+01 0.161267E+02
 -.312578E+00 -.418112E+01 -.178333E+01 -.200308E+01 0.155336E+02
 -.237759E+00 -.431480E+01 -.182677E+01 -.217773E+01 0.162370E+02
 -.256618E+00 -.420563E+01 -.182289E+01 -.201515E+01 0.143620E+02
 -.234513E+00 -.414927E+01 -.186094E+01 -.212464E+01 0.168193E+02
 -.348178E+00 -.419998E+01 -.181273E+01 -.188166E+01 0.188131E+02
 -.259872E+00 -.419693E+01 -.181718E+01 -.202691E+01 0.142364E+02
 -.259162E+00 -.420550E+01 -.183657E+01 -.198548E+01 0.141395E+02
 -.259351E+00 -.433527E+01 -.184545E+01 -.195049E+01 0.162113E+02
 -.255808E+00 -.421768E+01 -.182806E+01 -.200953E+01 0.142784E+02
 -.235558E+00 -.421285E+01 -.184138E+01 -.210813E+01 0.142705E+02
 -.264509E+00 -.421977E+01 -.184702E+01 -.196095E+01 0.140833E+02
 -.259394E+00 -.420551E+01 -.184034E+01 -.201596E+01 0.142123E+02
 -.178533E+00 -.422602E+01 -.183272E+01 -.232115E+01 0.163736E+02
 -.264049E+00 -.418841E+01 -.182270E+01 -.202890E+01 0.141099E+02
 -.251000E+00 -.421551E+01 -.183926E+01 -.208964E+01 0.151289E+02
 -.279958E+00 -.419663E+01 -.183105E+01 -.202087E+01 0.160104E+02
 -.301908E+00 -.424802E+01 -.180560E+01 -.198554E+01 0.153961E+02
 -.282100E+00 -.424115E+01 -.182876E+01 -.196684E+01 0.143907E+02
 -.244266E+00 -.421333E+01 -.183502E+01 -.203157E+01 0.143191E+02
 -.224061E+00 -.420178E+01 -.187514E+01 -.211224E+01 0.160007E+02
 -.267472E+00 -.423049E+01 -.182648E+01 -.190484E+01 0.177608E+02
 -.235195E+00 -.418409E+01 -.181909E+01 -.206281E+01 0.160225E+02
 -.266265E+00 -.420441E+01 -.182946E+01 -.200237E+01 0.140463E+02
 -.293486E+00 -.420461E+01 -.182034E+01 -.202940E+01 0.178001E+02
 -.263422E-01 -.419693E+01 -.196815E+01 -.272380E+01 0.176487E+02
 -.266460E+00 -.421035E+01 -.182292E+01 -.202520E+01 0.140841E+02
 -.260680E+00 -.420569E+01 -.182782E+01 -.203718E+01 0.141151E+02
 -.261753E+00 -.421084E+01 -.183652E+01 -.201099E+01 0.141292E+02
 -.237708E+00 -.420025E+01 -.183572E+01 -.204280E+01 0.145859E+02
 -.261139E+00 -.417086E+01 -.180833E+01 -.202499E+01 0.149090E+02
 -.261221E+00 -.419876E+01 -.182989E+01 -.201658E+01 0.140462E+02
 -.324106E+00 -.420515E+01 -.183519E+01 -.186966E+01 0.157811E+02
 -.259806E+00 -.421713E+01 -.179676E+01 -.212001E+01 0.141376E+02
 -.275346E+00 -.420710E+01 -.182758E+01 -.204374E+01 0.157971E+02
 -.255269E+00 -.420470E+01 -.180435E+01 -.211198E+01 0.141051E+02
 -.207917E+00 -.421804E+01 -.183692E+01 -.212194E+01 0.161282E+02
 -.273189E+00 -.421302E+01 -.183993E+01 -.197425E+01 0.143241E+02
 -.430684E+00 -.421504E+01 -.154302E+01 -.202602E+01 0.180705E+02
 -.249927E+00 -.415402E+01 -.183599E+01 -.195126E+01 0.172128E+02
 -.264408E+00 -.420695E+01 -.182826E+01 -.212745E+01 0.177112E+02
 -.264671E+00 -.420553E+01 -.182940E+01 -.199725E+01 0.140376E+02
 -.257917E+00 -.422231E+01 -.182049E+01 -.199198E+01 0.150771E+02
 -.233150E+00 -.421090E+01 -.183765E+01 -.198204E+01 0.180576E+02
 -.293215E+00 -.424241E+01 -.182995E+01 -.201635E+01 0.187401E+02
 -.283585E+00 -.421120E+01 -.179050E+01 -.203770E+01 0.140774E+02
 -.258568E+00 -.421599E+01 -.180450E+01 -.201065E+01 0.159064E+02
 -.258884E+00 -.420877E+01 -.183422E+01 -.200983E+01 0.140297E+02
 -.237020E+00 -.421297E+01 -.181110E+01 -.207850E+01 0.159707E+02
 -.247966E+00 -.419128E+01 -.182669E+01 -.201456E+01 0.150277E+02
 -.222501E+00 -.423109E+01 -.184010E+01 -.212259E+01 0.143068E+02
 -.192776E+00 -.424038E+01 -.182572E+01 -.227828E+01 0.159160E+02
 -.182253E+00 -.428736E+01 -.195223E+01 -.196540E+01 0.156384E+02
 -.272519E+00 -.418572E+01 -.182600E+01 -.198447E+01 0.141221E+02
 -.330925E+00 -.422861E+01 -.182134E+01 -.192370E+01 0.197324E+02
 -.237322E+00 -.419555E+01 -.186878E+01 -.200371E+01 0.141154E+02
 -.229415E+00 -.419686E+01 -.183026E+01 -.209616E+01 0.145930E+02
 -.270662E+00 -.420196E+01 -.184248E+01 -.189320E+01 0.157007E+02
 -.251872E+00 -.420701E+01 -.182014E+01 -.203378E+01 0.145147E+02
 -.276865E+00 -.436536E+01 -.185370E+01 -.196796E+01 0.184819E+02
 -.272389E+00 -.419327E+01 -.183084E+01 -.209397E+01 0.183249E+02
 -.272542E+00 -.419478E+01 -.182809E+01 -.202860E+01 0.148899E+02
 -.268964E+00 -.420853E+01 -.182146E+01 -.205135E+01 0.146222E+02
 -.260866E+00 -.423426E+01 -.180002E+01 -.202558E+01 0.154550E+02
 -.274974E+00 -.420181E+01 -.182403E+01 -.207102E+01 0.164908E+02
 -.261184E+00 -.425597E+01 -.183991E+01 -.203343E+01 0.150560E+02
 -.257883E+00 -.420657E+01 -.182760E+01 -.202479E+01 0.140421E+02
 -.226726E+00 -.417412E+01 -.184403E+01 -.201379E+01 0.165962E+02
 -.266359E+00 -.424422E+01 -.177482E+01 -.205788E+01 0.161766E+02
 -.267859E+00 -.423219E+01 -.184199E+01 -.199632E+01 0.146141E+02
 -.267115E+00 -.422412E+01 -.182058E+01 -.196721E+01 0.148441E+02
 -.267725E+00 -.420216E+01 -.183819E+01 -.200885E+01 0.145646E+02
 -.254750E+00 -.421961E+01 -.177048E+01 -.230287E+01 0.148043E+02
 -.252463E+00 -.420208E+01 -.185055E+01 -.205301E+01 0.152144E+02
 -.258562E+00 -.420310E+01 -.182919E+01 -.198862E+01 0.144468E+02
 -.262020E+00 -.420570E+01 -.181210E+01 -.200968E+01 0.146959E+02
 -.241027E+00 -.419191E+01 -.184528E+01 -.201387E+01 0.143876E+02
 -.258991E+00 -.423693E+01 -.186416E+01 -.193598E+01 0.142329E+02
 -.265800E+00 -.420967E+01 -.182559E+01 -.201773E+01 0.140633E+02
 -.260075E+00 -.420909E+01 -.184621E+01 -.199282E+01 0.141409E+02
 -.261261E+00 -.434171E+01 -.184183E+01 -.200676E+01 0.163404E+02
 -.277452E+00 -.420068E+01 -.182988E+01 -.198716E+01 0.143882E+02
 -.263196E+00 -.422239E+01 -.176463E+01 -.219449E+01 0.143675E+02
 -.270011E+00 -.421210E+01 -.184017E+01 -.199880E+01 0.146670E+02
 -.290027E+00 -.415738E+01 -.184338E+01 -.196218E+01 0.167499E+02
 -.262735E+00 -.422693E+01 -.186550E+01 -.199923E+01 0.164262E+02
 -.260269E+00 -.420550E+01 -.186357E+01 -.201504E+01 0.164550E+02
 -.241404E+00 -.421969E+01 -.183269E+01 -.225814E+01 0.189652E+02
 -.265838E+00 -.429938E+01 -.182972E+01 -.200523E+01 0.150959E+02
 -.263708E+00 -.421073E+01 -.182700E+01 -.204276E+01 0.143238E+02
 -.253559E+00 -.422961E+01 -.182766E+01 -.205333E+01 0.141214E+02
 -.262378E+00 -.419060E+01 -.183152E+01 -.198866E+01 0.141706E+02
 -.294729E+00 -.414245E+01 -.182767E+01 -.199994E+01 0.180965E+02
 -.265428E+00 -.423026E+01 -.183748E+01 -.205355E+01 0.158009E+02
 -.263917E+00 -.420029E+01 -.182677E+01 -.195500E+01 0.151795E+02
 -.275372E+00 -.415135E+01 -.180005E+01 -.200039E+01 0.151048E+02
 -.262229E+00 -.420635E+01 -.182911E+01 -.202257E+01 0.140686E+02
 -.271597E+00 -.420878E+01 -.183359E+01 -.201742E+01 0.148701E+02
 -.261090E+00 -.420546E+01 -.182843E+01 -.200091E+01 0.141123E+02
 -.203755E+00 -.435342E+01 -.184629E+01 -.210349E+01 0.186097E+02
 -.254878E+00 -.420785E+01 -.181156E+01 -.205751E+01 0.143051E+02
 -.263786E+00 -.421018E+01 -.183551E+01 -.201875E+01 0.143117E+02
 -.220965E+00 -.420300E+01 -.183130E+01 -.205649E+01 0.173188E+02
 -.264738E+00 -.421729E+01 -.180950E+01 -.203813E+01 0.141176E+02
 -.259301E+00 -.420281E+01 -.184321E+01 -.201982E+01 0.144168E+02
 -.258894E+00 -.421425E+01 -.183060E+01 -.199969E+01 0.141550E+02
 -.280436E+00 -.420684E+01 -.181816E+01 -.199769E+01 0.142253E+02
 -.254582E+00 -.419801E+01 -.180908E+01 -.198883E+01 0.173665E+02
 -.268751E+00 -.420650E+01 -.181530E+01 -.202088E+01 0.140324E+02
 -.277997E+00 -.420670E+01 -.182907E+01 -.206030E+01 0.174198E+02
 -.249911E+00 -.422355E+01 -.182551E+01 -.204038E+01 0.142809E+02
 -.236225E+00 -.420315E+01 -.183818E+01 -.200975E+01 0.156574E+02
 -.269444E+00 -.423675E+01 -.183581E+01 -.186546E+01 0.194522E+02
 -.255221E+00 -.420262E+01 -.177159E+01 -.205547E+01 0.195807E+02
 -.261956E+00 -.410678E+01 -.183472E+01 -.200377E+01 0.159780E+02
 -.263450E+00 -.420725E+01 -.182964E+01 -.201780E+01 0.140778E+02
 -.296992E+00 -.419871E+01 -.180521E+01 -.195613E+01 0.141193E+02
 -.266880E+00 -.424225E+01 -.183558E+01 -.191393E+01 0.159734E+02
 -.258453E+00 -.421552E+01 -.182869E+01 -.202158E+01 0.140426E+02
 -.264313E+00 -.421680E+01 -.182890E+01 -.201297E+01 0.140646E+02
 -.284740E+00 -.421660E+01 -.179958E+01 -.204516E+01 0.145750E+02
 -.274599E+00 -.417944E+01 -.182965E+01 -.204484E+01 0.160779E+02
 -.258500E+00 -.422787E+01 -.184002E+01 -.202347E+01 0.143348E+02
 -.264709E+00 -.419956E+01 -.176528E+01 -.208209E+01 0.166219E+02
 -.174614E+00 -.429779E+01 -.194604E+01 -.199815E+01 0.157818E+02
 -.260774E+00 -.422925E+01 -.183644E+01 -.194987E+01 0.149400E+02
 -.274747E+00 -.424945E+01 -.180131E+01 -.198912E+01 0.149199E+02
 -.277701E+00 -.420444E+01 -.183534E+01 -.194847E+01 0.140779E+02
 -.261011E+00 -.419991E+01 -.185216E+01 -.200605E+01 0.148672E+02
 -.243624E+00 -.419971E+01 -.182684E+01 -.204757E+01 0.145294E+02
 -.266398E+00 -.424661E+01 -.183898E+01 -.201134E+01 0.147805E+02
 -.258545E+00 -.420825E+01 -.182498E+01 -.204130E+01 0.140419E+02
 -.277840E+00 -.413468E+01 -.185915E+01 -.196424E+01 0.171928E+02
 -.253144E+00 -.421775E+01 -.183004E+01 -.206857E+01 0.142393E+02
 -.263042E+00 -.419675E+01 -.183112E+01 -.200695E+01 0.140555E+02
 -.263629E+00 -.431936E+01 -.184461E+01 -.201921E+01 0.164850E+02
 -.266212E+00 -.414702E+01 -.182941E+01 -.203066E+01 0.150246E+02
 -.203731E+00 -.420418E+01 -.183540E+01 -.209927E+01 0.183852E+02
 -.271770E+00 -.419892E+01 -.180504E+01 -.198353E+01 0.150101E+02
 -.262372E+00 -.421933E+01 -.183079E+01 -.202070E+01 0.141134E+02
 -.270230E+00 -.420722E+01 -.181053E+01 -.201891E+01 0.140697E+02
 -.239431E+00 -.420144E+01 -.182633E+01 -.200085E+01 0.172458E+02
 -.263015E+00 -.412826E+01 -.178116E+01 -.206377E+01 0.169488E+02
 -.300404E+00 -.420833E+01 -.181231E+01 -.195937E+01 0.146258E+02
 -.260549E+00 -.419960E+01 -.181959E+01 -.199060E+01 0.148867E+02
 -.296411E+00 -.420667E+01 -.182195E+01 -.200884E+01 0.174316E+02
 -.264756E+00 -.417792E+01 -.174914E+01 -.215021E+01 0.162783E+02
 -.263010E+00 -.421818E+01 -.180199E+01 -.206468E+01 0.141582E+02
 -.278845E+00 -.420609E+01 -.183136E+01 -.203053E+01 0.163121E+02
 -.168624E+00 -.417107E+01 -.183874E+01 -.254323E+01 0.151059E+02
 -.336007E+00 -.422038E+01 -.180682E+01 -.175982E+01 0.195255E+02
 -.268513E+00 -.420551E+01 -.184375E+01 -.201064E+01 0.151844E+02
 -.199713E+00 -.427674E+01 -.183996E+01 -.212694E+01 0.176984E+02
 -.267648E+00 -.421901E+01 -.183240E+01 -.201031E+01 0.142635E+02
 -.261141E+00 -.420676E+01 -.182418E+01 -.201114E+01 0.141156E+02
 -.265519E+00 -.431428E+01 -.182551E+01 -.205505E+01 0.160920E+02
 -.270568E+00 -.420239E+01 -.182943E+01 -.198057E+01 0.140390E+02
 -.279576E+00 -.420233E+01 -.184118E+01 -.193758E+01 0.141508E+02
 -.258822E+00 -.420921E+01 -.183801E+01 -.203446E+01 0.143883E+02
 -.261328E+00 -.420542E+01 -.183464E+01 -.201510E+01 0.141031E+02
 -.258910E+00 -.424788E+01 -.183027E+01 -.207707E+01 0.151630E+02
 -.263924E+00 -.422805E+01 -.187927E+01 -.192130E+01 0.146793E+02
 -.257595E+00 -.438770E+01 -.182998E+01 -.198869E+01 0.177361E+02
 -.216100E+00 -.423149E+01 -.188276E+01 -.203421E+01 0.142599E+02
 -.260322E+00 -.422664E+01 -.182495E+01 -.203015E+01 0.140815E+02
 -.246268E+00 -.420151E+01 -.183344E+01 -.201288E+01 0.146710E+02
 -.249163E+00 -.422666E+01 -.181097E+01 -.199653E+01 0.178454E+02
 -.221622E+00 -.424386E+01 -.187738E+01 -.197811E+01 0.150731E+02
 -.293072E+00 -.414028E+01 -.182823E+01 -.202344E+01 0.194436E+02
 -.269766E+00 -.421130E+01 -.183599E+01 -.199863E+01 0.143762E+02
 -.275058E+00 -.420208E+01 -.187114E+01 -.194089E+01 0.160393E+02
 -.244302E+00 -.419151E+01 -.183671E+01 -.217843E+01 0.169052E+02
 -.270478E+00 -.413712E+01 -.187011E+01 -.197633E+01 0.180023E+02
 -.256910E+00 -.420759E+01 -.182918E+01 -.202516E+01 0.140388E+02
 -.283786E+00 -.420624E+01 -.182897E+01 -.194737E+01 0.140967E+02
 -.246672E+00 -.420077E+01 -.183766E+01 -.197635E+01 0.155920E+02
 -.257333E+00 -.421586E+01 -.183795E+01 -.205413E+01 0.147265E+02
 -.260721E+00 -.420530E+01 -.182838E+01 -.201400E+01 0.140358E+02
 -.264368E+00 -.420991E+01 -.182598E+01 -.200202E+01 0.140550E+02
 -.216254E+00 -.420856E+01 -.183159E+01 -.204218E+01 0.194588E+02
 -.265260E+00 -.425372E+01 -.182653E+01 -.202266E+01 0.143968E+02
 -.260923E+00 -.421797E+01 -.183059E+01 -.198636E+01 0.142568E+02
 -.265788E+00 -.419712E+01 -.185067E+01 -.194064E+01 0.141251E+02
 -.254292E+00 -.422006E+01 -.182852E+01 -.200396E+01 0.144862E+02
 -.271655E+00 -.420676E+01 -.180331E+01 -.218606E+01 0.180940E+02
 -.293652E+00 -.421007E+01 -.181642E+01 -.194645E+01 0.141224E+02
 -.258809E+00 -.423064E+01 -.181351E+01 -.207110E+01 0.141321E+02
 -.266666E+00 -.424903E+01 -.183250E+01 -.206398E+01 0.160665E+02
 -.265060E+00 -.421200E+01 -.178930E+01 -.209942E+01 0.141443E+02
 -.277731E+00 -.420305E+01 -.183310E+01 -.201652E+01 0.156630E+02
 -.259308E+00 -.420712E+01 -.182989E+01 -.203057E+01 0.140645E+02
 -.252949E+00 -.420071E+01 -.185935E+01 -.198347E+01 0.141589E+02
 -.260494E+00 -.417155E+01 -.182906E+01 -.204147E+01 0.144015E+02
 -.273506E+00 -.419916E+01 -.181666E+01 -.197358E+01 0.143376E+02
 -.262262E+00 -.420177E+01 -.184839E+01 -.201479E+01 0.149700E+02
 -.264358E+00 -.420665E+01 -.182496E+01 -.201799E+01 0.140325E+02
 -.294297E+00 -.421685E+01 -.180450E+01 -.203292E+01 0.159117E+02
 -.297079E+00 -.413691E+01 -.181895E+01 -.197711E+01 0.163519E+02
 -.264523E+00 -.419935E+01 -.184333E+01 -.201475E+01 0.147875E+02
 -.257568E+00 -.420319E+01 -.185063E+01 -.205869E+01 0.162781E+02
 -.268177E+00 -.421968E+01 -.180409E+01 -.200581E+01 0.147477E+02
 -.249215E+00 -.419237E+01 -.184268E+01 -.202721E+01 0.140764E+02
 -.272490E+00 -.421243E+01 -.181982E+01 -.201232E+01 0.140994E+02
 -.275092E+00 -.420828E+01 -.183049E+01 -.193603E+01 0.143803E+02
 -.265169E+00 -.420527E+01 -.183528E+01 -.200900E+01 0.141996E+02
 -.278829E+00 -.407704E+01 -.185698E+01 -.195698E+01 0.191687E+02
 -.247798E+00 -.423001E+01 -.182947E+01 -.196207E+01 0.174150E+02
 -.250234E+00 -.421578E+01 -.183110E+01 -.201814E+01 0.143467E+02
 -.280727E+00 -.420437E+01 -.182216E+01 -.205457E+01 0.166172E+02
 -.257256E+00 -.420677E+01 -.183783E+01 -.194037E+01 0.156889E+02
 -.262359E+00 -.417442E+01 -.182232E+01 -.200429E+01 0.144149E+02
 -.276848E+00 -.420562E+01 -.182134E+01 -.200913E+01 0.143335E+02
 -.228312E+00 -.418565E+01 -.198545E+01 -.174718E+01 0.163587E+02
 -.275641E+00 -.422292E+01 -.182570E+01 -.204696E+01 0.158021E+02
 -.254186E+00 -.414320E+01 -.183939E+01 -.200532E+01 0.147885E+02
 -.258255E+00 -.419919E+01 -.181522E+01 -.201031E+01 0.148725E+02
 -.260791E+00 -.419414E+01 -.182466E+01 -.201987E+01 0.140831E+02
 -.275278E+00 -.422324E+01 -.182850E+01 -.205139E+01 0.163063E+02
 -.264220E+00 -.419994E+01 -.179059E+01 -.197379E+01 0.194018E+02
 -.263176E+00 -.420793E+01 -.179566E+01 -.206934E+01 0.143220E+02
 -.265531E+00 -.420484E+01 -.182380E+01 -.203087E+01 0.141276E+02
 -.256919E+00 -.420547E+01 -.184662E+01 -.201178E+01 0.142727E+02
 -.272205E+00 -.420461E+01 -.183383E+01 -.203458E+01 0.156147E+02
 -.270803E+00 -.420360E+01 -.183318E+01 -.196789E+01 0.140574E+02
 -.257500E+00 -.421416E+01 -.183287E+01 -.201523E+01 0.140385E+02
 -.259460E+00 -.420517E+01 -.182705E+01 -.201732E+01 0.140572E+02
 -.266082E+00 -.410651E+01 -.183505E+01 -.200640E+01 0.161600E+02
 -.248647E+00 -.421657E+01 -.182899E+01 -.203714E+01 0.142337E+02
 -.239026E+00 -.420081E+01 -.184105E+01 -.194374E+01 0.190006E+02
 -.257344E+00 -.419500E+01 -.180293E+01 -.200838E+01 0.165224E+02
 -.260613E+00 -.420538E+01 -.180254E+01 -.201522E+01 0.155885E+02
 -.268427E+00 -.419684E+01 -.184045E+01 -.196152E+01 0.140804E+02
 -.279549E+00 -.421388E+01 -.181961E+01 -.195720E+01 0.141548E+02
 -.254717E+00 -.406233E+01 -.182972E+01 -.202438E+01 0.185383E+02
 -.203167E+00 -.420229E+01 -.186586E+01 -.228944E+01 0.171020E+02
 -.263912E+00 -.422980E+01 -.181450E+01 -.202276E+01 0.142135E+02
 -.251088E+00 -.420743E+01 -.183617E+01 -.200976E+01 0.142036E+02
 -.293490E+00 -.423816E+01 -.181781E+01 -.201620E+01 0.167498E+02
 -.259367E+00 -.421896E+01 -.182904E+01 -.203153E+01 0.140775E+02
 -.246590E+00 -.419249E+01 -.183053E+01 -.200861E+01 0.150485E+02
 -.252968E+00 -.423792E+01 -.184010E+01 -.196249E+01 0.151377E+02
 -.204841E+00 -.418352E+01 -.191238E+01 -.203708E+01 0.151068E+02
 -.256094E+00 -.420539E+01 -.183010E+01 -.209473E+01 0.150539E+02
 -.256943E+00 -.420831E+01 -.182920E+01 -.201594E+01 0.140927E+02
 -.240880E+00 -.420493E+01 -.183432E+01 -.196725E+01 0.178284E+02
 -.292628E+00 -.420555E+01 -.183497E+01 -.184483E+01 0.161543E+02
 -.254638E+00 -.421074E+01 -.181848E+01 -.207594E+01 0.140657E+02
 -.251967E+00 -.422153E+01 -.182474E+01 -.203607E+01 0.142464E+02
 -.260501E+00 -.420545E+01 -.182730E+01 -.202961E+01 0.140464E+02
 -.265489E+00 -.420740E+01 -.182294E+01 -.199392E+01 0.141739E+02
 -.283046E+00 -.420815E+01 -.183215E+01 -.203021E+01 0.173031E+02
 -.262004E+00 -.419179E+01 -.182375E+01 -.202154E+01 0.140801E+02
 -.268233E+00 -.420183E+01 -.183077E+01 -.202380E+01 0.144742E+02
 -.285766E+00 -.419717E+01 -.179297E+01 -.191393E+01 0.181507E+02
 -.283416E+00 -.419831E+01 -.182384E+01 -.200314E+01 0.150269E+02
 -.264416E+00 -.420499E+01 -.183117E+01 -.191741E+01 0.166920E+02
 -.242225E+00 -.422995E+01 -.182516E+01 -.197899E+01 0.183393E+02
 -.278175E+00 -.420901E+01 -.181892E+01 -.197350E+01 0.140503E+02
 -.230538E+00 -.421249E+01 -.183127E+01 -.204380E+01 0.159789E+02
 -.258019E+00 -.419871E+01 -.181535E+01 -.222680E+01 0.185958E+02
 -.256155E+00 -.432226E+01 -.183696E+01 -.203786E+01 0.158425E+02
 -.219942E+00 -.411424E+01 -.184436E+01 -.207427E+01 0.165699E+02
 -.261305E+00 -.427519E+01 -.188122E+01 -.199317E+01 0.190218E+02
 -.261174E+00 -.420077E+01 -.181724E+01 -.191962E+01 0.198960E+02
 -.261230E+00 -.420467E+01 -.182989E+01 -.199795E+01 0.141015E+02
 -.263234E+00 -.418658E+01 -.189152E+01 -.179944E+01 0.181986E+02
 -.318167E+00 -.422911E+01 -.171028E+01 -.209420E+01 0.144600E+02
 -.244783E+00 -.421894E+01 -.187402E+01 -.192619E+01 0.145901E+02
 -.251390E+00 -.421008E+01 -.183048E+01 -.207839E+01 0.142774E+02
 -.265231E+00 -.419301E+01 -.184353E+01 -.210555E+01 0.196186E+02
 -.264754E+00 -.419888E+01 -.183932E+01 -.200744E+01 0.143569E+02
 -.259462E+00 -.420044E+01 -.183071E+01 -.201730E+01 0.140379E+02
 -.254621E+00 -.421397E+01 -.183481E+01 -.200747E+01 0.141194E+02
 -.255616E+00 -.418257E+01 -.182605E+01 -.201002E+01 0.144916E+02
 -.306869E+00 -.415490E+01 -.177427E+01 -.204595E+01 0.158419E+02
 -.260998E+00 -.419990E+01 -.183971E+01 -.204833E+01 0.151224E+02
 -.319726E+00 -.422255E+01 -.177850E+01 -.199522E+01 0.157307E+02
 -.169077E+00 -.424157E+01 -.183541E+01 -.261822E+01 0.153808E+02
 -.249287E+00 -.421047E+01 -.180923E+01 -.201861E+01 0.166848E+02
 -.255996E+00 -.418987E+01 -.181527E+01 -.199547E+01 0.158444E+02
 -.265026E+00 -.420506E+01 -.182368E+01 -.200854E+01 0.140423E+02
 -.271992E+00 -.414653E+01 -.180209E+01 -.195226E+01 0.177597E+02
 -.252449E+00 -.422441E+01 -.183014E+01 -.205814E+01 0.141331E+02
 -.251832E+00 -.421749E+01 -.182923E+01 -.202528E+01 0.142162E+02
 -.257233E+00 -.443920E+01 -.182769E+01 -.202615E+01 0.190564E+02
 -.332991E+00 -.420618E+01 -.181459E+01 -.188253E+01 0.158329E+02
 -.271887E+00 -.421218E+01 -.185433E+01 -.194056E+01 0.142710E+02
 -.236750E+00 -.424767E+01 -.185907E+01 -.212981E+01 0.170986E+02
 -.260482E+00 -.422040E+01 -.182651E+01 -.201553E+01 0.140712E+02
 -.268373E+00 -.420470E+01 -.182164E+01 -.200879E+01 0.140314E+02
 -.253268E+00 -.421443E+01 -.183543E+01 -.206906E+01 0.145214E+02
 -.259641E+00 -.426238E+01 -.186944E+01 -.196530E+01 0.152779E+02
 -.243685E+00 -.422080E+01 -.186499E+01 -.200666E+01 0.142905E+02
 -.270556E+00 -.420886E+01 -.182705E+01 -.202619E+01 0.144995E+02
 -.246452E+00 -.421576E+01 -.183592E+01 -.204962E+01 0.140584E+02
 -.252246E+00 -.417795E+01 -.180871E+01 -.204371E+01 0.152863E+02
 -.252601E+00 -.420132E+01 -.181873E+01 -.201574E+01 0.150798E+02
 -.254920E+00 -.420555E+01 -.182301E+01 -.201373E+01 0.145281E+02
 -.242482E+00 -.420052E+01 -.184526E+01 -.217015E+01 0.175484E+02
 -.256273E+00 -.420149E+01 -.184328E+01 -.213946E+01 0.191037E+02
 -.251229E+00 -.419963E+01 -.183119E+01 -.201924E+01 0.142629E+02
 -.988034E-01 -.421306E+01 -.202103E+01 -.209671E+01 0.189710E+02
 -.259199E+00 -.420492E+01 -.184592E+01 -.201008E+01 0.143517E+02
 -.266735E+00 -.413802E+01 -.184839E+01 -.189382E+01 0.165975E+02
 -.250659E+00 -.421175E+01 -.182938E+01 -.199054E+01 0.152462E+02
 -.288880E+00 -.421530E+01 -.179133E+01 -.205892E+01 0.147965E+02
 -.265766E+00 -.418837E+01 -.179407E+01 -.197846E+01 0.179699E+02
 -.260038E+00 -.420559E+01 -.181610E+01 -.201591E+01 0.144570E+02
 -.341899E+00 -.419860E+01 -.175135E+01 -.198571E+01 0.164055E+02
 -.208764E+00 -.418228E+01 -.182999E+01 -.214349E+01 0.162363E+02
 -.260726E+00 -.408312E+01 -.182959E+01 -.203869E+01 0.172644E+02
 -.266904E+00 -.419338E+01 -.182781E+01 -.200864E+01 0.141032E+02
 -.264684E+00 -.422098E+01 -.183403E+01 -.203603E+01 0.147263E+02
 -.232585E+00 -.426197E+01 -.182969E+01 -.202198E+01 0.172633E+02
 -.235147E+00 -.419311E+01 -.183393E+01 -.203540E+01 0.152942E+02
 -.270540E+00 -.424455E+01 -.183390E+01 -.190984E+01 0.158229E+02
 -.256741E+00 -.430651E+01 -.177512E+01 -.218349E+01 0.155090E+02
 -.260301E+00 -.420783E+01 -.182937E+01 -.200638E+01 0.140664E+02
 -.262185E+00 -.420443E+01 -.182479E+01 -.200164E+01 0.141680E+02
 -.260623E+00 -.421663E+01 -.180467E+01 -.203682E+01 0.146512E+02
 -.255366E+00 -.423457E+01 -.184034E+01 -.206239E+01 0.150524E+02
 -.260734E+00 -.420647E+01 -.182903E+01 -.202789E+01 0.140662E+02
 -.261948E+00 -.420903E+01 -.182913E+01 -.202350E+01 0.140683E+02
 -.283495E+00 -.420153E+01 -.183322E+01 -.203405E+01 0.178338E+02
 -.258130E+00 -.414787E+01 -.182374E+01 -.201794E+01 0.148389E+02
 -.261361E+00 -.420230E+01 -.183070E+01 -.202081E+01 0.140678E+02
 -.337694E+00 -.420494E+01 -.182877E+01 -.186073E+01 0.168969E+02
 -.204740E+00 -.420593E+01 -.186839E+01 -.201226E+01 0.171623E+02
 -.262675E+00 -.421236E+01 -.179249E+01 -.209726E+01 0.141598E+02
 -.248626E+00 -.420426E+01 -.182547E+01 -.203965E+01 0.143517E+02
 -.244451E+00 -.420322E+01 -.182251E+01 -.202643E+01 0.154537E+02
 -.260385E+00 -.420431E+01 -.184302E+01 -.207451E+01 0.164627E+02
 -.269054E+00 -.419831E+01 -.181648E+01 -.207285E+01 0.148351E+02
 -.247900E+00 -.431711E+01 -.183178E+01 -.199328E+01 0.166261E+02
 -.243361E+00 -.420824E+01 -.184199E+01 -.205441E+01 0.140664E+02
 -.260035E+00 -.425888E+01 -.180448E+01 -.202385E+01 0.154198E+02
 -.265883E+00 -.420567E+01 -.181639E+01 -.198103E+01 0.148329E+02
 -.263918E+00 -.420523E+01 -.182964E+01 -.199292E+01 0.140708E+02
 -.253050E+00 -.419768E+01 -.179289E+01 -.204693E+01 0.168295E+02
 -.327764E+00 -.421099E+01 -.170193E+01 -.196605E+01 0.175341E+02
 -.262479E+00 -.420429E+01 -.184135E+01 -.203947E+01 0.151685E+02
 -.265618E+00 -.427098E+01 -.183073E+01 -.195678E+01 0.150446E+02
 -.241826E+00 -.421644E+01 -.182071E+01 -.214424E+01 0.142267E+02
 -.261611E+00 -.421345E+01 -.181108E+01 -.201018E+01 0.148001E+02
 -.256660E+00 -.421349E+01 -.182950E+01 -.200990E+01 0.141627E+02
 -.226431E+00 -.420579E+01 -.185443E+01 -.199526E+01 0.159492E+02
 -.187386E+00 -.419520E+01 -.188985E+01 -.200000E+01 0.180106E+02
 -.264055E+00 -.423627E+01 -.180940E+01 -.208455E+01 0.143556E+02
 -.285959E+00 -.420572E+01 -.182852E+01 -.206358E+01 0.196802E+02
 -.250810E+00 -.418868E+01 -.182894E+01 -.201688E+01 0.145091E+02
 -.252064E+00 -.423903E+01 -.186857E+01 -.195409E+01 0.142680E+02
 -.261327E+00 -.421244E+01 -.182039E+01 -.198859E+01 0.147750E+02
 -.237704E+00 -.420713E+01 -.185361E+01 -.201966E+01 0.141255E+02
 -.245054E+00 -.419807E+01 -.183319E+01 -.202521E+01 0.145018E+02
 -.268512E+00 -.421177E+01 -.183200E+01 -.204811E+01 0.153583E+02
 -.268553E+00 -.420376E+01 -.184876E+01 -.206566E+01 0.189660E+02
 -.255383E+00 -.420919E+01 -.181981E+01 -.201561E+01 0.146521E+02
 -.272084E+00 -.428216E+01 -.178997E+01 -.200708E+01 0.160558E+02
 -.257430E+00 -.421114E+01 -.183104E+01 -.212195E+01 0.163688E+02
 -.265315E+00 -.420408E+01 -.182850E+01 -.202908E+01 0.142645E+02
 -.282609E+00 -.420485E+01 -.181927E+01 -.194473E+01 0.142233E+02
 -.259097E+00 -.425359E+01 -.183439E+01 -.202437E+01 0.144049E+02
 -.254277E+00 -.420475E+01 -.182606E+01 -.201591E+01 0.143542E+02
 -.228008E+00 -.417672E+01 -.183852E+01 -.200565E+01 0.176868E+02
 -.264143E+00 -.432292E+01 -.180919E+01 -.198768E+01 0.169031E+02
 -.272953E+00 -.420993E+01 -.182126E+01 -.199804E+01 0.140395E+02
 -.228118E+00 -.420171E+01 -.183266E+01 -.204228E+01 0.163227E+02
 -.256882E+00 -.423375E+01 -.178586E+01 -.206290E+01 0.162799E+02
 -.284981E+00 -.422703E+01 -.183203E+01 -.200981E+01 0.165767E+02
 -.289562E+00 -.421354E+01 -.182792E+01 -.201225E+01 0.170247E+02
 -.248413E+00 -.418766E+01 -.184163E+01 -.202313E+01 0.141069E+02
 -.255074E+00 -.420321E+01 -.182396E+01 -.199166E+01 0.151356E+02
 -.268270E+00 -.417645E+01 -.180418E+01 -.203580E+01 0.143310E+02
 -.242983E+00 -.409239E+01 -.183313E+01 -.201609E+01 0.176286E+02
 -.265778E+00 -.420566E+01 -.181775E+01 -.201077E+01 0.141175E+02
 -.250438E+00 -.420232E+01 -.182068E+01 -.211365E+01 0.143035E+02
 -.255830E+00 -.419501E+01 -.182924E+01 -.201722E+01 0.141492E+02
 -.206331E+00 -.420272E+01 -.191930E+01 -.191878E+01 0.151763E+02
 -.259127E+00 -.420748E+01 -.184803E+01 -.199356E+01 0.141676E+02
 -.261755E+00 -.425433E+01 -.184638E+01 -.189955E+01 0.165542E+02
 -.278979E+00 -.420507E+01 -.182959E+01 -.198613E+01 0.144620E+02
 -.314107E+00 -.426315E+01 -.179620E+01 -.193293E+01 0.146117E+02
 -.133080E+00 -.420777E+01 -.186340E+01 -.245341E+01 0.176050E+02
 -.265320E+00 -.421161E+01 -.181354E+01 -.195759E+01 0.163277E+02
 -.259935E+00 -.420559E+01 -.184933E+01 -.201572E+01 0.147945E+02
 -.256453E+00 -.425007E+01 -.182601E+01 -.198618E+01 0.151706E+02
 -.262961E+00 -.421057E+01 -.184069E+01 -.210386E+01 0.182527E+02
 -.255166E+00 -.419066E+01 -.181344E+01 -.197711E+01 0.173501E+02
 -.266243E+00 -.434652E+01 -.182986E+01 -.201996E+01 0.164459E+02
 -.262713E+00 -.418079E+01 -.183201E+01 -.201318E+01 0.141883E+02
 -.255081E+00 -.421234E+01 -.183309E+01 -.204468E+01 0.141309E+02
 -.263272E+00 -.419764E+01 -.184094E+01 -.199788E+01 0.141843E+02
 -.239846E+00 -.422188E+01 -.196494E+01 -.186241E+01 0.184659E+02
 -.287072E+00 -.421337E+01 -.182942E+01 -.202188E+01 0.172897E+02
 -.275974E+00 -.420219E+01 -.184234E+01 -.205629E+01 0.190824E+02
 -.273410E+00 -.420237E+01 -.184721E+01 -.197004E+01 0.146758E+02
 -.262402E+00 -.423287E+01 -.182486E+01 -.206767E+01 0.147194E+02
 -.280083E+00 -.416805E+01 -.177761E+01 -.198902E+01 0.167808E+02
 -.258901E+00 -.420523E+01 -.186871E+01 -.197334E+01 0.149538E+02
 -.263399E+00 -.420661E+01 -.182945E+01 -.200582E+01 0.140297E+02
 -.282201E+00 -.420563E+01 -.182389E+01 -.203587E+01 0.162252E+02
 -.104299E+00 -.425096E+01 -.194190E+01 -.213423E+01 0.190265E+02
 -.231573E+00 -.420487E+01 -.183904E+01 -.201089E+01 0.163147E+02
 -.267242E+00 -.419909E+01 -.180478E+01 -.206874E+01 0.141031E+02
 -.260958E+00 -.420651E+01 -.182828E+01 -.200875E+01 0.140546E+02
 -.261550E+00 -.420729E+01 -.183198E+01 -.200846E+01 0.140319E+02
 -.223082E+00 -.427096E+01 -.182731E+01 -.205978E+01 0.177929E+02
 -.259962E+00 -.420456E+01 -.183397E+01 -.205212E+01 0.146284E+02
 -.260190E+00 -.417375E+01 -.182678E+01 -.201568E+01 0.142548E+02
 -.255818E+00 -.420898E+01 -.183058E+01 -.201186E+01 0.141397E+02
 -.255207E+00 -.422294E+01 -.181876E+01 -.197132E+01 0.168059E+02
 -.259551E+00 -.420858E+01 -.182257E+01 -.209042E+01 0.147157E+02
 -.263078E+00 -.418871E+01 -.182769E+01 -.206378E+01 0.148351E+02
 -.261155E+00 -.420563E+01 -.182486E+01 -.209027E+01 0.150880E+02
 -.232210E+00 -.420560E+01 -.182803E+01 -.198917E+01 0.197530E+02
 -.272721E+00 -.420494E+01 -.183130E+01 -.202928E+01 0.152129E+02
 -.272101E+00 -.422792E+01 -.182210E+01 -.190130E+01 0.176748E+02
 -.230145E+00 -.420776E+01 -.177750E+01 -.216250E+01 0.193493E+02
 -.260342E+00 -.422984E+01 -.183627E+01 -.198209E+01 0.142002E+02
 -.282113E+00 -.428075E+01 -.182347E+01 -.202638E+01 0.164475E+02
 -.262751E+00 -.417060E+01 -.175764E+01 -.212022E+01 0.167549E+02
 -.267610E+00 -.420859E+01 -.183990E+01 -.206294E+01 0.169446E+02
 -.263702E+00 -.420716E+01 -.182963E+01 -.200431E+01 0.140295E+02
 -.267358E+00 -.419742E+01 -.176582E+01 -.218855E+01 0.143026E+02
 -.284107E+00 -.420588E+01 -.183000E+01 -.200131E+01 0.156602E+02
 -.262505E+00 -.420196E+01 -.178956E+01 -.204825E+01 0.154059E+02
 -.258555E+00 -.421009E+01 -.181755E+01 -.201768E+01 0.144526E+02
 -.260347E+00 -.421821E+01 -.182737E+01 -.200809E+01 0.141042E+02
 -.238002E+00 -.420257E+01 -.184809E+01 -.201883E+01 0.143271E+02
 -.235292E+00 -.434204E+01 -.183208E+01 -.204057E+01 0.172331E+02
 -.251117E+00 -.420457E+01 -.183696E+01 -.202060E+01 0.140695E+02
 -.207528E+00 -.425573E+01 -.182198E+01 -.215356E+01 0.175364E+02
 -.259519E+00 -.420208E+01 -.179597E+01 -.216686E+01 0.145620E+02
 -.215398E+00 -.426080E+01 -.193113E+01 -.196322E+01 0.161591E+02
 -.264708E+00 -.420865E+01 -.182300E+01 -.214221E+01 0.176310E+02
 -.241515E+00 -.419229E+01 -.182887E+01 -.207682E+01 0.141699E+02
 -.218722E+00 -.421264E+01 -.186220E+01 -.196384E+01 0.184303E+02
 -.266121E+00 -.420537E+01 -.186594E+01 -.200552E+01 0.174961E+02
 -.247597E+00 -.419434E+01 -.182795E+01 -.214809E+01 0.152925E+02
 -.267352E+00 -.422501E+01 -.184171E+01 -.201729E+01 0.151357E+02
 -.271638E+00 -.420881E+01 -.183735E+01 -.187237E+01 0.178147E+02
 -.256029E+00 -.421066E+01 -.182161E+01 -.205745E+01 0.140453E+02
 -.272542E+00 -.429683E+01 -.184270E+01 -.205851E+01 0.195218E+02
 -.260484E+00 -.419833E+01 -.183026E+01 -.202374E+01 0.140684E+02
 -.266026E+00 -.419991E+01 -.182871E+01 -.201759E+01 0.141542E+02
 -.271002E+00 -.418598E+01 -.180988E+01 -.202284E+01 0.141364E+02
 -.261855E+00 -.442690E+01 -.184941E+01 -.200965E+01 0.196358E+02
 -.275038E+00 -.421425E+01 -.177446E+01 -.204560E+01 0.151351E+02
 -.264465E+00 -.419864E+01 -.181014E+01 -.200954E+01 0.146116E+02
 -.259630E+00 -.419717E+01 -.183292E+01 -.202311E+01 0.140931E+02
 -.260224E+00 -.420537E+01 -.182909E+01 -.201454E+01 0.140344E+02
 -.213669E+00 -.426013E+01 -.187604E+01 -.199572E+01 0.157211E+02
 -.238047E+00 -.419874E+01 -.183604E+01 -.202107E+01 0.151715E+02
 -.260210E+00 -.420204E+01 -.182210E+01 -.199920E+01 0.144803E+02
 -.270368E+00 -.421126E+01 -.183427E+01 -.200438E+01 0.144401E+02
 -.258785E+00 -.420611E+01 -.189286E+01 -.191250E+01 0.148428E+02
 -.266677E+00 -.422592E+01 -.171701E+01 -.235606E+01 0.151573E+02
 -.245925E+00 -.426425E+01 -.178901E+01 -.215613E+01 0.151372E+02
 -.259249E+00 -.421720E+01 -.185627E+01 -.199992E+01 0.148393E+02
 -.279773E+00 -.420613E+01 -.183723E+01 -.199314E+01 0.154157E+02
 -.164979E+00 -.406589E+01 -.183079E+01 -.300000E+01 0.192811E+02
 -.268127E+00 -.420544E+01 -.183334E+01 -.201034E+01 0.143369E+02
 -.271132E+00 -.420827E+01 -.183779E+01 -.201464E+01 0.151074E+02
 -.266369E+00 -.421961E+01 -.183276E+01 -.201124E+01 0.142423E+02
 -.259747E+00 -.420741E+01 -.184437E+01 -.198473E+01 0.140429E+02
 -.321908E+00 -.410848E+01 -.184534E+01 -.178114E+01 0.176320E+02
 -.263777E+00 -.430746E+01 -.183555E+01 -.209375E+01 0.184154E+02
 -.287533E+00 -.420920E+01 -.182781E+01 -.200142E+01 0.159922E+02
 -.177425E+00 -.417558E+01 -.181777E+01 -.267982E+01 0.152408E+02
 -.257317E+00 -.422927E+01 -.188186E+01 -.197686E+01 0.165351E+02
 -.261222E+00 -.420540E+01 -.182931E+01 -.201510E+01 0.140294E+02
 -.189247E+00 -.425397E+01 -.191870E+01 -.204826E+01 0.149795E+02
 -.259306E+00 -.420860E+01 -.183591E+01 -.201268E+01 0.140559E+02
 -.264206E+00 -.432132E+01 -.183000E+01 -.199118E+01 0.155659E+02
 -.260710E+00 -.421089E+01 -.181639E+01 -.204815E+01 0.140426E+02
 -.245258E+00 -.421208E+01 -.183699E+01 -.202372E+01 0.142921E+02
 -.215951E+00 -.422174E+01 -.189506E+01 -.203687E+01 0.147393E+02
 -.265133E+00 -.416801E+01 -.182896E+01 -.201846E+01 0.143878E+02
 -.266478E+00 -.420637E+01 -.183580E+01 -.204066E+01 0.152084E+02
 -.320855E+00 -.420437E+01 -.183904E+01 -.184589E+01 0.146706E+02
 -.244136E+00 -.423918E+01 -.183320E+01 -.212849E+01 0.150012E+02
 -.292487E+00 -.414145E+01 -.181383E+01 -.197462E+01 0.152546E+02
 -.259557E+00 -.420509E+01 -.176052E+01 -.218519E+01 0.148868E+02
 -.263617E+00 -.420565E+01 -.182904E+01 -.201653E+01 0.140628E+02
 -.273900E+00 -.420636E+01 -.183155E+01 -.203589E+01 0.156836E+02
 -.254902E+00 -.419685E+01 -.184663E+01 -.202241E+01 0.143443E+02
 -.260799E+00 -.420633E+01 -.182754E+01 -.200903E+01 0.140690E+02
 -.260794E+00 -.420353E+01 -.183342E+01 -.200679E+01 0.140348E+02
 -.235564E+00 -.420705E+01 -.183292E+01 -.203745E+01 0.152264E+02
 -.262357E+00 -.424295E+01 -.182728E+01 -.201677E+01 0.141966E+02
 -.260351E+00 -.419071E+01 -.184934E+01 -.206274E+01 0.168754E+02
 -.259215E+00 -.421391E+01 -.183102E+01 -.198552E+01 0.143598E+02
 -.244444E+00 -.419623E+01 -.184701E+01 -.200840E+01 0.141865E+02
 -.268849E+00 -.420393E+01 -.184024E+01 -.200678E+01 0.147824E+02
 -.271558E+00 -.419439E+01 -.183065E+01 -.206164E+01 0.163393E+02
 -.319421E+00 -.417082E+01 -.174343E+01 -.194608E+01 0.158511E+02
 -.230262E+00 -.420870E+01 -.182645E+01 -.199807E+01 0.199298E+02
 -.253700E+00 -.424619E+01 -.182037E+01 -.203677E+01 0.144860E+02
 -.270243E+00 -.415012E+01 -.183010E+01 -.199211E+01 0.146690E+02
 -.255489E+00 -.424897E+01 -.182218E+01 -.201008E+01 0.148241E+02
 -.262961E+00 -.412929E+01 -.181860E+01 -.211524E+01 0.165498E+02
 -.261887E+00 -.420736E+01 -.182971E+01 -.201378E+01 0.140306E+02
 -.256905E+00 -.419174E+01 -.182464E+01 -.203050E+01 0.141236E+02
 -.278524E+00 -.423774E+01 -.184128E+01 -.203813E+01 0.184704E+02
 -.254948E+00 -.420112E+01 -.186015E+01 -.193695E+01 0.143133E+02
 -.250229E+00 -.415860E+01 -.182996E+01 -.204937E+01 0.144499E+02
 -.298698E+00 -.419665E+01 -.180085E+01 -.194859E+01 0.141221E+02
 -.260700E+00 -.420371E+01 -.185108E+01 -.201394E+01 0.149929E+02
 -.266390E+00 -.422013E+01 -.182629E+01 -.201611E+01 0.141013E+02
 -.244793E+00 -.422680E+01 -.182202E+01 -.205295E+01 0.146531E+02
 -.253847E+00 -.421203E+01 -.183512E+01 -.201379E+01 0.140792E+02
 -.251546E+00 -.419302E+01 -.183554E+01 -.210666E+01 0.153626E+02
 -.260500E+00 -.423697E+01 -.185246E+01 -.205874E+01 0.173763E+02
 -.246642E+00 -.422577E+01 -.183377E+01 -.217972E+01 0.170772E+02
 -.257262E+00 -.423486E+01 -.181064E+01 -.205596E+01 0.143125E+02
 -.280149E+00 -.425286E+01 -.179493E+01 -.205597E+01 0.144731E+02
 -.266602E+00 -.420539E+01 -.181865E+01 -.200089E+01 0.141729E+02
 -.265482E+00 -.420478E+01 -.183298E+01 -.209335E+01 0.169814E+02
 -.228602E+00 -.421525E+01 -.189430E+01 -.197214E+01 0.142543E+02
 -.265498E+00 -.421674E+01 -.182886E+01 -.198486E+01 0.141164E+02
 -.269838E+00 -.421025E+01 -.182639E+01 -.191651E+01 0.163327E+02
 -.265076E+00 -.420667E+01 -.182898E+01 -.202254E+01 0.141719E+02
 -.295307E+00 -.415178E+01 -.182875E+01 -.185861E+01 0.161917E+02
 -.263053E+00 -.419113E+01 -.182952E+01 -.194278E+01 0.156529E+02
 -.261179E+00 -.420184E+01 -.182446E+01 -.200000E+01 0.142673E+02
 -.251902E+00 -.422065E+01 -.183181E+01 -.201419E+01 0.142849E+02
 -.260020E+00 -.420399E+01 -.183181E+01 -.198145E+01 0.143522E+02
 -.260539E+00 -.419458E+01 -.182871E+01 -.200872E+01 0.140887E+02
 -.265784E+00 -.420580E+01 -.183117E+01 -.200717E+01 0.140943E+02
 -.293177E+00 -.420994E+01 -.184256E+01 -.187198E+01 0.143034E+02
 -.266581E+00 -.421203E+01 -.182722E+01 -.204517E+01 0.146358E+02
 -.280846E+00 -.419103E+01 -.180993E+01 -.205214E+01 0.151481E+02
 -.257096E+00 -.419969E+01 -.182474E+01 -.200856E+01 0.143773E+02
 -.274377E+00 -.421834E+01 -.183710E+01 -.204427E+01 0.170000E+02
 -.253766E+00 -.420701E+01 -.184429E+01 -.201320E+01 0.140783E+02
 -.264805E+00 -.420420E+01 -.184032E+01 -.201271E+01 0.145291E+02
 -.202649E+00 -.420461E+01 -.188237E+01 -.204576E+01 0.145145E+02
 -.262979E+00 -.420547E+01 -.184111E+01 -.201585E+01 0.144951E+02
 -.298828E+00 -.420772E+01 -.184687E+01 -.192505E+01 0.162217E+02
 -.268227E+00 -.421947E+01 -.183162E+01 -.201138E+01 0.142843E+02
 -.337282E+00 -.424522E+01 -.173935E+01 -.204358E+01 0.172236E+02
 -.260751E+00 -.420728E+01 -.182494E+01 -.202475E+01 0.140318E+02
 -.264035E+00 -.431465E+01 -.182217E+01 -.208275E+01 0.164531E+02
 -.271400E+00 -.421354E+01 -.182668E+01 -.200495E+01 0.141504E+02
 -.228831E+00 -.420459E+01 -.185374E+01 -.200005E+01 0.154246E+02
 -.302668E+00 -.417150E+01 -.183695E+01 -.179658E+01 0.187087E+02
 -.256091E+00 -.421485E+01 -.181250E+01 -.204185E+01 0.144462E+02
 -.260518E+00 -.420539E+01 -.181426E+01 -.201513E+01 0.145489E+02
 -.267305E+00 -.421048E+01 -.181848E+01 -.212352E+01 0.166232E+02
 -.258291E+00 -.420637E+01 -.183044E+01 -.194314E+01 0.162836E+02
 -.258980E+00 -.423320E+01 -.182307E+01 -.204417E+01 0.141355E+02
 -.238003E+00 -.421312E+01 -.183425E+01 -.201915E+01 0.154239E+02
 -.245753E+00 -.420804E+01 -.181137E+01 -.199347E+01 0.189168E+02
 -.284607E+00 -.423256E+01 -.173520E+01 -.207181E+01 0.169823E+02
 -.241543E+00 -.421073E+01 -.182895E+01 -.202463E+01 0.152551E+02
 -.245349E+00 -.420274E+01 -.182630E+01 -.200693E+01 0.157096E+02
 -.174052E+00 -.420789E+01 -.191429E+01 -.213051E+01 0.147586E+02
 -.253814E+00 -.423985E+01 -.183451E+01 -.204480E+01 0.142786E+02
 -.283594E+00 -.421305E+01 -.182485E+01 -.201940E+01 0.158146E+02
 -.260946E+00 -.420530E+01 -.182951E+01 -.202208E+01 0.140458E+02
 -.258928E+00 -.420567E+01 -.183245E+01 -.202179E+01 0.140467E+02
 -.241645E+00 -.419931E+01 -.183026E+01 -.204776E+01 0.144825E+02
 -.252669E+00 -.420220E+01 -.187029E+01 -.199547E+01 0.151577E+02
 -.260508E+00 -.420521E+01 -.182726E+01 -.201585E+01 0.140424E+02
 -.265575E+00 -.421348E+01 -.181624E+01 -.205809E+01 0.142219E+02
 -.260732E+00 -.420539E+01 -.182974E+01 -.202033E+01 0.140383E+02
 -.224301E+00 -.420782E+01 -.182931E+01 -.204476E+01 0.175548E+02
 -.263629E+00 -.428406E+01 -.182651E+01 -.202324E+01 0.148143E+02
 -.268716E+00 -.421397E+01 -.183156E+01 -.199595E+01 0.140971E+02
 -.221686E+00 -.419264E+01 -.184259E+01 -.200760E+01 0.182320E+02
 -.270247E+00 -.420389E+01 -.181558E+01 -.195486E+01 0.153908E+02
 -.273072E+00 -.421011E+01 -.183164E+01 -.201274E+01 0.147518E+02
 -.269983E+00 -.420585E+01 -.173904E+01 -.257295E+01 0.190994E+02
 -.312260E+00 -.421048E+01 -.182403E+01 -.197057E+01 0.190895E+02
 -.263242E+00 -.418459E+01 -.184783E+01 -.197676E+01 0.142274E+02
 -.262102E+00 -.421528E+01 -.181464E+01 -.212054E+01 0.151818E+02
 -.333966E+00 -.419613E+01 -.179313E+01 -.196975E+01 0.195567E+02
 -.257790E+00 -.422356E+01 -.182756E+01 -.201873E+01 0.141118E+02
 -.261669E+00 -.422031E+01 -.183874E+01 -.199956E+01 0.140983E+02
 -.264452E+00 -.420413E+01 -.183042E+01 -.200060E+01 0.140331E+02
 -.259878E+00 -.420660E+01 -.182966E+01 -.201905E+01 0.140292E+02
 -.253006E+00 -.420296E+01 -.190648E+01 -.195255E+01 0.179577E+02
 -.238980E+00 -.417156E+01 -.183083E+01 -.202044E+01 0.158515E+02
 -.274214E+00 -.419753E+01 -.181217E+01 -.195696E+01 0.150980E+02
 -.262108E+00 -.420123E+01 -.184468E+01 -.201073E+01 0.145281E+02
 -.262876E+00 -.419888E+01 -.182996E+01 -.202194E+01 0.141144E+02
 -.285696E+00 -.422045E+01 -.182470E+01 -.202221E+01 0.163427E+02
 -.277673E+00 -.412042E+01 -.180597E+01 -.209686E+01 0.172066E+02
 -.222398E+00 -.420495E+01 -.182974E+01 -.212107E+01 0.148092E+02
 -.259577E+00 -.420599E+01 -.183064E+01 -.201260E+01 0.140347E+02
 -.269816E+00 -.420982E+01 -.181709E+01 -.200831E+01 0.140388E+02
 -.246999E+00 -.419433E+01 -.183773E+01 -.202773E+01 0.141481E+02
 -.258702E+00 -.424189E+01 -.183664E+01 -.209072E+01 0.162516E+02
 -.224739E+00 -.423055E+01 -.181577E+01 -.229717E+01 0.148795E+02
 -.287997E+00 -.422494E+01 -.179237E+01 -.203067E+01 0.142279E+02
 -.264824E+00 -.420939E+01 -.184027E+01 -.192488E+01 0.150997E+02
 -.247694E+00 -.421877E+01 -.180379E+01 -.206548E+01 0.155441E+02
 -.258815E+00 -.419570E+01 -.181928E+01 -.197751E+01 0.157284E+02
 -.261021E+00 -.420488E+01 -.182004E+01 -.204876E+01 0.140614E+02
 -.264985E+00 -.420370E+01 -.183031E+01 -.199404E+01 0.140405E+02
 -.258732E+00 -.420268E+01 -.182928E+01 -.199621E+01 0.142716E+02
 -.244446E+00 -.422082E+01 -.183074E+01 -.202199E+01 0.148234E+02
 -.258031E+00 -.409003E+01 -.181954E+01 -.204892E+01 0.168010E+02
 -.263352E+00 -.420923E+01 -.184749E+01 -.197621E+01 0.141338E+02
 -.153716E+00 -.415222E+01 -.193536E+01 -.210711E+01 0.148729E+02
 -.260705E+00 -.419918E+01 -.182431E+01 -.200259E+01 0.142663E+02
 -.269125E+00 -.420501E+01 -.183104E+01 -.200970E+01 0.142814E+02
 -.246050E+00 -.420418E+01 -.182338E+01 -.205085E+01 0.144561E+02
 -.277594E+00 -.420228E+01 -.182549E+01 -.201810E+01 0.149442E+02
 -.244729E+00 -.421790E+01 -.182929E+01 -.207647E+01 0.140820E+02
 -.246992E+00 -.418138E+01 -.189486E+01 -.181945E+01 0.192272E+02
 -.151172E+00 -.420464E+01 -.194534E+01 -.196238E+01 0.180576E+02
 -.255868E+00 -.419893E+01 -.183473E+01 -.202940E+01 0.140709E+02
 -.253366E+00 -.420357E+01 -.181990E+01 -.203161E+01 0.144524E+02
 -.259860E+00 -.420718E+01 -.182936E+01 -.201773E+01 0.140293E+02
 -.242304E+00 -.421233E+01 -.182455E+01 -.203648E+01 0.151736E+02
 -.222247E+00 -.420315E+01 -.185426E+01 -.214850E+01 0.146585E+02
 -.256493E+00 -.420908E+01 -.183013E+01 -.202269E+01 0.140458E+02
 -.261448E+00 -.420620E+01 -.181570E+01 -.205347E+01 0.140449E+02
 -.252048E+00 -.420752E+01 -.182875E+01 -.199684E+01 0.148891E+02
 -.225499E+00 -.420925E+01 -.185081E+01 -.196505E+01 0.188507E+02
 -.267980E+00 -.420105E+01 -.179066E+01 -.201835E+01 0.155985E+02
 -.259057E+00 -.420556E+01 -.182775E+01 -.201876E+01 0.140476E+02
 -.256745E+00 -.416708E+01 -.180046E+01 -.208526E+01 0.146022E+02
 -.259168E+00 -.420733E+01 -.183286E+01 -.193157E+01 0.165236E+02
 -.257339E+00 -.406904E+01 -.182946E+01 -.200639E+01 0.182223E+02
 -.258702E+00 -.422619E+01 -.183057E+01 -.203927E+01 0.141916E+02
 -.263631E+00 -.420881E+01 -.183275E+01 -.205875E+01 0.151548E+02
 -.280934E+00 -.422112E+01 -.183621E+01 -.200629E+01 0.161444E+02
 -.242172E+00 -.424609E+01 -.182919E+01 -.203487E+01 0.149993E+02
 -.246684E+00 -.419507E+01 -.184048E+01 -.202206E+01 0.141402E+02
 -.121200E+00 -.420910E+01 -.193457E+01 -.230997E+01 0.155176E+02
 -.233091E+00 -.420802E+01 -.183644E+01 -.200000E+01 0.170423E+02
 -.266616E+00 -.420016E+01 -.183263E+01 -.195475E+01 0.144515E+02
 -.187242E+00 -.419146E+01 -.188304E+01 -.202619E+01 0.176179E+02
 -.257605E+00 -.420668E+01 -.182924E+01 -.202140E+01 0.140424E+02
 -.248198E+00 -.420564E+01 -.183284E+01 -.200853E+01 0.146323E+02
 -.292253E+00 -.420845E+01 -.181182E+01 -.207924E+01 0.192709E+02
 -.260268E+00 -.420637E+01 -.182958E+01 -.202416E+01 0.140445E+02
 -.260695E+00 -.420947E+01 -.182728E+01 -.202724E+01 0.140389E+02
 -.233699E+00 -.420596E+01 -.183005E+01 -.205485E+01 0.151849E+02
 -.264043E+00 -.417394E+01 -.182590E+01 -.202727E+01 0.142817E+02
 -.263033E+00 -.420922E+01 -.183167E+01 -.201261E+01 0.140684E+02
 -.290464E+00 -.421057E+01 -.183299E+01 -.191049E+01 0.141168E+02
 -.256480E+00 -.420958E+01 -.180027E+01 -.197649E+01 0.194706E+02
 -.255678E+00 -.422274E+01 -.182499E+01 -.197945E+01 0.154620E+02
 -.255716E+00 -.420326E+01 -.182519E+01 -.203242E+01 0.140904E+02
 -.246074E+00 -.420629E+01 -.184303E+01 -.206412E+01 0.143020E+02
 -.274100E+00 -.420045E+01 -.184278E+01 -.200183E+01 0.155378E+02
 -.248061E+00 -.427165E+01 -.182723E+01 -.203990E+01 0.148189E+02
 -.278733E+00 -.416445E+01 -.184886E+01 -.202551E+01 0.191590E+02
 -.260051E+00 -.429052E+01 -.184113E+01 -.193266E+01 0.160702E+02
 -.252899E+00 -.420234E+01 -.180951E+01 -.197676E+01 0.186042E+02
 -.258286E+00 -.420600E+01 -.182963E+01 -.202323E+01 0.140307E+02
 -.330905E+00 -.421545E+01 -.172323E+01 -.207043E+01 0.154538E+02
 -.288149E+00 -.419718E+01 -.182656E+01 -.201449E+01 0.166535E+02
 -.255977E+00 -.420635E+01 -.185207E+01 -.208063E+01 0.173030E+02
 -.244534E+00 -.419677E+01 -.184631E+01 -.203295E+01 0.140610E+02
 -.300511E+00 -.419575E+01 -.182981E+01 -.193979E+01 0.153647E+02
 -.251911E+00 -.420689E+01 -.181641E+01 -.203966E+01 0.146237E+02
 -.260520E+00 -.420909E+01 -.181677E+01 -.201923E+01 0.143123E+02
 -.257165E+00 -.419801E+01 -.183084E+01 -.202063E+01 0.140522E+02
 -.235913E+00 -.422255E+01 -.182067E+01 -.201336E+01 0.182904E+02
 -.273365E+00 -.418562E+01 -.179712E+01 -.209903E+01 0.146371E+02
 -.241805E+00 -.420701E+01 -.182517E+01 -.218380E+01 0.152032E+02
 -.264559E+00 -.420126E+01 -.182602E+01 -.201897E+01 0.140563E+02
 -.283831E+00 -.416390E+01 -.177215E+01 -.197026E+01 0.180412E+02
 -.278863E+00 -.420663E+01 -.184541E+01 -.201599E+01 0.176295E+02
 -.247814E+00 -.420583E+01 -.182508E+01 -.197801E+01 0.170030E+02
 -.241588E+00 -.418898E+01 -.183262E+01 -.196427E+01 0.182819E+02
 -.274211E+00 -.421415E+01 -.183273E+01 -.200968E+01 0.148792E+02
 -.259447E+00 -.420467E+01 -.182861E+01 -.200625E+01 0.141141E+02
 -.301979E+00 -.420777E+01 -.180819E+01 -.203305E+01 0.181342E+02
 -.240987E+00 -.421005E+01 -.188672E+01 -.201385E+01 0.161897E+02
 -.266380E+00 -.421100E+01 -.182722E+01 -.212986E+01 0.181572E+02
 -.262985E+00 -.421625E+01 -.182763E+01 -.200840E+01 0.140398E+02
 -.252614E+00 -.420213E+01 -.182280E+01 -.211332E+01 0.145709E+02
 -.263999E+00 -.420358E+01 -.183130E+01 -.197684E+01 0.142144E+02
 -.311054E+00 -.419922E+01 -.177997E+01 -.202224E+01 0.156386E+02
 -.255659E+00 -.421274E+01 -.183028E+01 -.206728E+01 0.143719E+02
 -.259635E+00 -.421325E+01 -.182884E+01 -.202589E+01 0.140395E+02
 -.263467E+00 -.438230E+01 -.179471E+01 -.205461E+01 0.176858E+02
 -.315327E+00 -.421007E+01 -.182899E+01 -.190497E+01 0.157694E+02
 -.272872E+00 -.420925E+01 -.182769E+01 -.200095E+01 0.142167E+02
 -.260262E+00 -.424193E+01 -.183036E+01 -.202141E+01 0.142061E+02
 -.268723E+00 -.420448E+01 -.182284E+01 -.202359E+01 0.141540E+02
 -.233694E+00 -.418426E+01 -.183977E+01 -.204164E+01 0.147982E+02
 -.261206E+00 -.445036E+01 -.182455E+01 -.203977E+01 0.195199E+02
 -.268183E+00 -.420878E+01 -.182579E+01 -.200920E+01 0.140679E+02
 -.252784E+00 -.419940E+01 -.181304E+01 -.211937E+01 0.142229E+02
 -.145312E+00 -.418755E+01 -.195525E+01 -.216443E+01 0.172251E+02
 -.259935E+00 -.419644E+01 -.181996E+01 -.202983E+01 0.141155E+02
 -.250818E+00 -.420236E+01 -.182650E+01 -.203086E+01 0.143047E+02
 -.262413E+00 -.420875E+01 -.183433E+01 -.204617E+01 0.147559E+02
 -.199412E+00 -.431090E+01 -.183097E+01 -.247773E+01 0.174513E+02
 -.257414E+00 -.420800E+01 -.182019E+01 -.202076E+01 0.143333E+02
 -.213640E+00 -.419685E+01 -.185367E+01 -.203456E+01 0.164567E+02
 -.251802E+00 -.420505E+01 -.183211E+01 -.202284E+01 0.141401E+02
 -.260430E+00 -.420706E+01 -.181906E+01 -.204590E+01 0.140392E+02
 -.249732E+00 -.420382E+01 -.183033E+01 -.199240E+01 0.152130E+02
 -.273342E+00 -.421458E+01 -.174861E+01 -.223846E+01 0.144960E+02
 -.278526E+00 -.421100E+01 -.182035E+01 -.201529E+01 0.145548E+02
 -.270937E+00 -.421245E+01 -.184113E+01 -.197006E+01 0.141783E+02
 -.259405E+00 -.420698E+01 -.184118E+01 -.202003E+01 0.143184E+02
 -.245965E+00 -.422763E+01 -.184168E+01 -.196742E+01 0.156972E+02
 -.248425E+00 -.417707E+01 -.183328E+01 -.215699E+01 0.164544E+02
 -.260678E+00 -.420883E+01 -.183169E+01 -.207090E+01 0.150577E+02
 -.262414E+00 -.429914E+01 -.182942E+01 -.203516E+01 0.152989E+02
 -.249232E+00 -.421108E+01 -.181152E+01 -.197393E+01 0.195151E+02
 -.260276E+00 -.420524E+01 -.183430E+01 -.202506E+01 0.141590E+02
 -.255933E+00 -.421586E+01 -.183013E+01 -.205017E+01 0.141442E+02
 -.290041E+00 -.422711E+01 -.183040E+01 -.199830E+01 0.167182E+02
 -.252217E+00 -.423206E+01 -.182930E+01 -.201919E+01 0.143489E+02
 -.267916E+00 -.419637E+01 -.184734E+01 -.204934E+01 0.174814E+02
 -.317186E+00 -.420922E+01 -.182228E+01 -.196710E+01 0.198886E+02
 -.265756E+00 -.422684E+01 -.182721E+01 -.195317E+01 0.149839E+02
 -.253785E+00 -.415065E+01 -.180877E+01 -.211204E+01 0.146627E+02
 -.350035E+00 -.420701E+01 -.174038E+01 -.200342E+01 0.179234E+02
 -.242464E+00 -.421925E+01 -.186650E+01 -.206277E+01 0.159922E+02
 -.260997E+00 -.420966E+01 -.182935E+01 -.201974E+01 0.140356E+02
 -.246613E+00 -.420643E+01 -.183009E+01 -.199893E+01 0.154178E+02
 -.265018E+00 -.421849E+01 -.179106E+01 -.207484E+01 0.143349E+02
 -.260624E+00 -.420729E+01 -.183086E+01 -.202135E+01 0.140533E+02
 -.263042E+00 -.421131E+01 -.178896E+01 -.203208E+01 0.160459E+02
 -.260700E+00 -.421234E+01 -.183180E+01 -.200288E+01 0.140453E+02
 -.278829E+00 -.420514E+01 -.183912E+01 -.202557E+01 0.171816E+02
 -.260381E+00 -.412459E+01 -.182376E+01 -.201904E+01 0.153836E+02
 -.259096E+00 -.420471E+01 -.183106E+01 -.201272E+01 0.140377E+02
 -.326691E+00 -.420826E+01 -.179583E+01 -.196436E+01 0.174837E+02
 -.259900E+00 -.421101E+01 -.183616E+01 -.195625E+01 0.147837E+02
 -.249399E+00 -.420677E+01 -.183638E+01 -.205441E+01 0.141051E+02
 -.254904E+00 -.420872E+01 -.182637E+01 -.199334E+01 0.148714E+02
 -.270284E+00 -.422108E+01 -.182770E+01 -.204235E+01 0.150403E+02
 -.328390E+00 -.421247E+01 -.166596E+01 -.204810E+01 0.174098E+02
 -.224351E+00 -.420400E+01 -.179989E+01 -.214919E+01 0.172851E+02
 -.258259E+00 -.424193E+01 -.182801E+01 -.201751E+01 0.142230E+02
 -.259461E+00 -.418045E+01 -.183596E+01 -.202296E+01 0.142642E+02
 -.257085E+00 -.420204E+01 -.183365E+01 -.202587E+01 0.140539E+02
 -.258048E+00 -.420603E+01 -.182965E+01 -.201726E+01 0.140483E+02
 -.259158E+00 -.420723E+01 -.179724E+01 -.201606E+01 0.164927E+02
 -.308576E+00 -.423263E+01 -.182958E+01 -.190416E+01 0.149402E+02
 -.274745E+00 -.421585E+01 -.182302E+01 -.210185E+01 0.179365E+02
 -.258307E+00 -.421276E+01 -.180457E+01 -.202024E+01 0.155129E+02
 -.256527E+00 -.420746E+01 -.182583E+01 -.201668E+01 0.142067E+02
 -.222442E+00 -.421113E+01 -.184282E+01 -.200312E+01 0.182618E+02
 -.239917E+00 -.429512E+01 -.183563E+01 -.203095E+01 0.155941E+02
 -.276022E+00 -.420753E+01 -.182705E+01 -.209192E+01 0.184440E+02
 -.262682E+00 -.420695E+01 -.182881E+01 -.201922E+01 0.140527E+02
 -.257340E+00 -.420449E+01 -.183448E+01 -.202289E+01 0.140514E+02
 -.264519E+00 -.420719E+01 -.182796E+01 -.200939E+01 0.140328E+02
 -.253522E+00 -.419419E+01 -.182732E+01 -.201472E+01 0.144005E+02
 -.263453E+00 -.422585E+01 -.183577E+01 -.203636E+01 0.147637E+02
 -.250775E+00 -.420555E+01 -.182506E+01 -.209565E+01 0.142562E+02
 -.257614E+00 -.420477E+01 -.182862E+01 -.198991E+01 0.145285E+02
 -.235271E+00 -.426558E+01 -.181919E+01 -.209046E+01 0.153748E+02
 -.258788E+00 -.421184E+01 -.183096E+01 -.207911E+01 0.150103E+02
 -.271909E+00 -.420002E+01 -.182829E+01 -.201937E+01 0.145625E+02
 -.258667E+00 -.417361E+01 -.181960E+01 -.203301E+01 0.143254E+02
 -.265511E+00 -.420499E+01 -.181822E+01 -.198574E+01 0.145913E+02
 -.260048E+00 -.421860E+01 -.183447E+01 -.202743E+01 0.142031E+02
 -.255247E+00 -.420663E+01 -.182201E+01 -.201420E+01 0.145507E+02
 -.346067E+00 -.426526E+01 -.178885E+01 -.186790E+01 0.150994E+02
 -.249759E+00 -.418035E+01 -.184485E+01 -.202795E+01 0.141972E+02
 -.261889E+00 -.409337E+01 -.178722E+01 -.206838E+01 0.177983E+02
 -.248942E+00 -.420349E+01 -.181820E+01 -.222965E+01 0.169998E+02
 -.253145E+00 -.421067E+01 -.182542E+01 -.200117E+01 0.148959E+02
 -.265530E+00 -.420403E+01 -.183053E+01 -.194029E+01 0.152374E+02
 -.258316E+00 -.421657E+01 -.176820E+01 -.220971E+01 0.143679E+02
 -.262797E+00 -.424376E+01 -.181375E+01 -.218885E+01 0.180505E+02
 -.259158E+00 -.419810E+01 -.182563E+01 -.202481E+01 0.140619E+02
 -.267633E+00 -.420231E+01 -.183293E+01 -.199798E+01 0.141137E+02
 -.259315E+00 -.420633E+01 -.182157E+01 -.202041E+01 0.141692E+02
 -.246270E+00 -.420322E+01 -.185119E+01 -.202301E+01 0.140959E+02
 -.253663E+00 -.420770E+01 -.183376E+01 -.201947E+01 0.140675E+02
 -.259403E+00 -.420737E+01 -.183751E+01 -.200080E+01 0.140338E+02
 -.290750E+00 -.416143E+01 -.184012E+01 -.181594E+01 0.190686E+02
 -.270913E+00 -.429965E+01 -.181836E+01 -.213779E+01 0.193448E+02
 -.279162E+00 -.421279E+01 -.183110E+01 -.201444E+01 0.155811E+02
 -.277101E+00 -.420547E+01 -.181898E+01 -.205162E+01 0.154025E+02
 -.262890E+00 -.421649E+01 -.186465E+01 -.194635E+01 0.143211E+02
 -.261585E+00 -.420703E+01 -.183481E+01 -.201868E+01 0.141564E+02
 -.255274E+00 -.420630E+01 -.183918E+01 -.205200E+01 0.145433E+02
 -.253772E+00 -.429158E+01 -.182161E+01 -.199315E+01 0.162944E+02
 -.150847E+00 -.423961E+01 -.183022E+01 -.247627E+01 0.196062E+02
 -.260233E+00 -.420810E+01 -.183262E+01 -.212422E+01 0.172964E+02
 -.223632E+00 -.422435E+01 -.184385E+01 -.206132E+01 0.150031E+02
 -.350925E+00 -.419740E+01 -.164586E+01 -.202406E+01 0.162361E+02
 -.265636E+00 -.437337E+01 -.183024E+01 -.202818E+01 0.173562E+02
 -.261419E+00 -.419765E+01 -.180979E+01 -.203172E+01 0.143973E+02
 -.242276E+00 -.421289E+01 -.183269E+01 -.202785E+01 0.147226E+02
 -.245351E+00 -.422826E+01 -.180963E+01 -.201718E+01 0.176460E+02
 -.271118E+00 -.420090E+01 -.182959E+01 -.200909E+01 0.143412E+02
 -.275768E+00 -.420351E+01 -.184091E+01 -.203737E+01 0.174937E+02
 -.248523E+00 -.425402E+01 -.183442E+01 -.201407E+01 0.146482E+02
 -.522645E+00 -.428289E+01 -.179124E+01 -.155917E+01 0.173688E+02
 -.357105E+00 -.420975E+01 -.184288E+01 -.170159E+01 0.171488E+02
 -.262206E+00 -.416243E+01 -.178188E+01 -.201794E+01 0.185973E+02
 -.301479E+00 -.422978E+01 -.181192E+01 -.204277E+01 0.194775E+02
 -.262448E+00 -.421085E+01 -.182925E+01 -.201254E+01 0.140305E+02
 -.253823E+00 -.420646E+01 -.183070E+01 -.202224E+01 0.141054E+02
 -.248667E+00 -.420767E+01 -.186312E+01 -.201009E+01 0.145608E+02
 -.259849E+00 -.420665E+01 -.182591E+01 -.201889E+01 0.140560E+02
 -.264759E+00 -.420383E+01 -.175207E+01 -.207860E+01 0.189818E+02
 -.260390E+00 -.420755E+01 -.183283E+01 -.201363E+01 0.140383E+02
 -.257481E+00 -.420456E+01 -.182347E+01 -.201455E+01 0.142879E+02
 -.259726E+00 -.418803E+01 -.181472E+01 -.198623E+01 0.157397E+02
 -.265328E+00 -.420764E+01 -.182997E+01 -.201684E+01 0.141446E+02
 -.301121E+00 -.419583E+01 -.179985E+01 -.203088E+01 0.165467E+02
 -.276129E+00 -.420513E+01 -.183277E+01 -.199243E+01 0.145666E+02
 -.270374E+00 -.420440E+01 -.183253E+01 -.207346E+01 0.169406E+02
 -.268145E+00 -.420106E+01 -.182897E+01 -.203185E+01 0.145712E+02
 -.264359E+00 -.421270E+01 -.182159E+01 -.195815E+01 0.154785E+02
 -.286968E+00 -.420907E+01 -.182149E+01 -.204514E+01 0.173984E+02
 -.296211E+00 -.420383E+01 -.174272E+01 -.198437E+01 0.181723E+02
 -.266380E+00 -.419709E+01 -.183060E+01 -.200119E+01 0.140748E+02
 -.257271E+00 -.426863E+01 -.182971E+01 -.206746E+01 0.149957E+02
 -.261363E+00 -.415851E+01 -.182586E+01 -.207977E+01 0.152618E+02
 -.267730E+00 -.420559E+01 -.184611E+01 -.205948E+01 0.178372E+02
 -.260163E+00 -.420681E+01 -.182969E+01 -.201543E+01 0.140295E+02
 -.281384E+00 -.419908E+01 -.182742E+01 -.203142E+01 0.163214E+02
 -.317670E+00 -.421638E+01 -.175401E+01 -.211124E+01 0.181341E+02
 -.266831E+00 -.424583E+01 -.182997E+01 -.200038E+01 0.142466E+02
 -.286414E+00 -.421016E+01 -.180696E+01 -.199323E+01 0.140847E+02
 -.259974E+00 -.421166E+01 -.182197E+01 -.201543E+01 0.141867E+02
 -.265715E+00 -.421906E+01 -.182816E+01 -.201306E+01 0.140931E+02
 -.291435E+00 -.420223E+01 -.183670E+01 -.200479E+01 0.184583E+02
 -.241645E+00 -.427394E+01 -.185623E+01 -.202412E+01 0.147176E+02
 -.270138E+00 -.420685E+01 -.183055E+01 -.193095E+01 0.150367E+02
 -.255011E+00 -.421056E+01 -.183376E+01 -.201884E+01 0.140450E+02
 -.215244E+00 -.427688E+01 -.191941E+01 -.202567E+01 0.180212E+02
 -.249544E+00 -.420903E+01 -.181185E+01 -.201038E+01 0.166851E+02
 -.276905E+00 -.420768E+01 -.183275E+01 -.204219E+01 0.167337E+02
 -.249845E+00 -.424354E+01 -.183048E+01 -.217916E+01 0.173938E+02
 -.284382E+00 -.418399E+01 -.182639E+01 -.192444E+01 0.143695E+02
 -.244166E+00 -.419950E+01 -.183839E+01 -.198536E+01 0.154848E+02
 -.267872E+00 -.419168E+01 -.183589E+01 -.212247E+01 0.198252E+02
 -.232622E+00 -.419774E+01 -.185812E+01 -.198892E+01 0.149316E+02
 -.259063E+00 -.420261E+01 -.183679E+01 -.203486E+01 0.143484E+02
 -.265365E+00 -.420942E+01 -.182165E+01 -.197805E+01 0.145855E+02
 -.265419E+00 -.420677E+01 -.182959E+01 -.201002E+01 0.140726E+02
 -.289721E+00 -.423245E+01 -.185561E+01 -.187237E+01 0.142942E+02
 -.262751E+00 -.419880E+01 -.182975E+01 -.197951E+01 0.143198E+02
 -.269518E+00 -.420736E+01 -.182933E+01 -.201613E+01 0.143271E+02
 -.262357E+00 -.428547E+01 -.186433E+01 -.199881E+01 0.169770E+02
 -.272583E+00 -.437192E+01 -.182224E+01 -.200135E+01 0.169356E+02
 -.309021E+00 -.420776E+01 -.183572E+01 -.191915E+01 0.163090E+02
 -.254667E+00 -.420317E+01 -.182346E+01 -.199443E+01 0.151332E+02
 -.260056E+00 -.419876E+01 -.182049E+01 -.201283E+01 0.143033E+02
 -.249980E+00 -.420639E+01 -.182302E+01 -.200921E+01 0.152509E+02
 -.311161E+00 -.424281E+01 -.186050E+01 -.178388E+01 0.153002E+02
 -.262014E+00 -.420150E+01 -.183988E+01 -.201525E+01 0.143220E+02
 -.262183E+00 -.420625E+01 -.182654E+01 -.200373E+01 0.140922E+02
 -.280457E+00 -.420428E+01 -.183611E+01 -.191617E+01 0.142615E+02
 -.259861E+00 -.421352E+01 -.181443E+01 -.212980E+01 0.151265E+02
 -.352387E+00 -.419483E+01 -.165287E+01 -.199492E+01 0.165448E+02
 -.258993E+00 -.420931E+01 -.183194E+01 -.202068E+01 0.140378E+02
 -.270476E+00 -.420326E+01 -.182538E+01 -.198015E+01 0.140825E+02
 -.261462E+00 -.420553E+01 -.183432E+01 -.201803E+01 0.141289E+02
 -.287309E+00 -.421603E+01 -.182085E+01 -.200853E+01 0.154947E+02
 -.307245E+00 -.421221E+01 -.184647E+01 -.187940E+01 0.150575E+02
 -.267994E+00 -.421540E+01 -.183148E+01 -.201633E+01 0.143421E+02
 -.259864E+00 -.420709E+01 -.183501E+01 -.197840E+01 0.142683E+02
 -.308501E+00 -.412503E+01 -.179002E+01 -.201006E+01 0.170515E+02
 -.285695E+00 -.421302E+01 -.182765E+01 -.199633E+01 0.154381E+02
 -.255685E+00 -.420194E+01 -.185016E+01 -.200737E+01 0.142658E+02
 -.254821E+00 -.421292E+01 -.184713E+01 -.204162E+01 0.148350E+02
 -.259780E+00 -.420673E+01 -.181587E+01 -.201591E+01 0.144922E+02
 -.268354E+00 -.422284E+01 -.183366E+01 -.205858E+01 0.160002E+02
 -.197347E+00 -.423922E+01 -.182884E+01 -.273736E+01 0.193722E+02
 -.259839E+00 -.420662E+01 -.183359E+01 -.196814E+01 0.145973E+02
 -.258113E+00 -.411883E+01 -.183051E+01 -.199431E+01 0.158081E+02
 -.259331E+00 -.421938E+01 -.181851E+01 -.203840E+01 0.140924E+02
 -.247612E+00 -.421809E+01 -.183489E+01 -.201579E+01 0.143913E+02
 -.274406E+00 -.420538E+01 -.182907E+01 -.202269E+01 0.149944E+02
 -.232197E+00 -.420810E+01 -.181981E+01 -.201736E+01 0.192091E+02
 -.283113E+00 -.420251E+01 -.190865E+01 -.177217E+01 0.152805E+02
 -.241845E+00 -.423654E+01 -.183413E+01 -.210353E+01 0.143867E+02
 -.241060E+00 -.415741E+01 -.181196E+01 -.203025E+01 0.179517E+02
 -.256914E+00 -.420650E+01 -.185355E+01 -.206669E+01 0.169968E+02
 -.260942E+00 -.421053E+01 -.182897E+01 -.201014E+01 0.140394E+02
 -.266308E+00 -.420655E+01 -.183208E+01 -.203818E+01 0.147743E+02
 -.241065E+00 -.420633E+01 -.179005E+01 -.206931E+01 0.190731E+02
 -.255612E+00 -.418930E+01 -.187411E+01 -.198365E+01 0.155132E+02
 -.241666E+00 -.424214E+01 -.183807E+01 -.200355E+01 0.152556E+02
 -.259985E+00 -.420535E+01 -.182543E+01 -.202003E+01 0.140552E+02
 -.261249E+00 -.420212E+01 -.183058E+01 -.202884E+01 0.141308E+02
 -.239380E+00 -.420722E+01 -.182859E+01 -.207512E+01 0.142564E+02
 -.259997E+00 -.426184E+01 -.183197E+01 -.202171E+01 0.144602E+02
 -.260643E+00 -.419421E+01 -.182616E+01 -.211238E+01 0.159319E+02
 -.262574E+00 -.421329E+01 -.182975E+01 -.200987E+01 0.140320E+02
 -.282881E+00 -.420215E+01 -.182896E+01 -.193652E+01 0.141006E+02
 -.270617E+00 -.420602E+01 -.181086E+01 -.199954E+01 0.142757E+02
 -.275156E+00 -.420265E+01 -.183125E+01 -.205484E+01 0.168210E+02
 -.276683E+00 -.420549E+01 -.168082E+01 -.241759E+01 0.160381E+02
 -.302859E+00 -.421430E+01 -.182532E+01 -.198959E+01 0.182711E+02
 -.240507E+00 -.420986E+01 -.181718E+01 -.202062E+01 0.172710E+02
 -.254777E+00 -.424619E+01 -.180237E+01 -.201890E+01 0.166661E+02
 -.282868E+00 -.419648E+01 -.189607E+01 -.190558E+01 0.192064E+02
 -.319631E+00 -.420363E+01 -.171766E+01 -.198058E+01 0.164520E+02
 -.264598E+00 -.417486E+01 -.183209E+01 -.201359E+01 0.143158E+02
 -.261823E+00 -.417310E+01 -.182999E+01 -.199416E+01 0.143321E+02
 -.268792E+00 -.420760E+01 -.182575E+01 -.195378E+01 0.147078E+02
 -.261004E+00 -.420701E+01 -.182969E+01 -.201937E+01 0.140370E+02
 -.275271E+00 -.417860E+01 -.182420E+01 -.209776E+01 0.181677E+02
 -.220511E+00 -.419804E+01 -.182884E+01 -.203453E+01 0.194108E+02
 -.197302E+00 -.424460E+01 -.183760E+01 -.210911E+01 0.192869E+02
 -.253327E+00 -.420412E+01 -.186272E+01 -.192886E+01 0.144819E+02
 -.226420E+00 -.420679E+01 -.183072E+01 -.208312E+01 0.152143E+02
 -.255005E+00 -.416932E+01 -.182409E+01 -.207832E+01 0.144429E+02
 -.261299E+00 -.420201E+01 -.184847E+01 -.201610E+01 0.148896E+02
 -.263939E+00 -.421221E+01 -.182942E+01 -.201716E+01 0.140852E+02
 -.263052E+00 -.420079E+01 -.186080E+01 -.185680E+01 0.173882E+02
 -.266798E+00 -.423307E+01 -.183061E+01 -.209470E+01 0.170995E+02
 -.234667E+00 -.420601E+01 -.182763E+01 -.207070E+01 0.148134E+02
 -.261665E+00 -.420983E+01 -.183049E+01 -.201050E+01 0.140284E+02
 -.245979E+00 -.419174E+01 -.180743E+01 -.202485E+01 0.174297E+02
 -.293436E+00 -.420035E+01 -.183544E+01 -.201793E+01 0.198226E+02
 -.266365E+00 -.428096E+01 -.183726E+01 -.206926E+01 0.174098E+02
 -.254755E+00 -.421243E+01 -.182034E+01 -.200450E+01 0.150308E+02
 -.264375E+00 -.420588E+01 -.183302E+01 -.202615E+01 0.143660E+02
 -.220109E+00 -.420322E+01 -.181892E+01 -.205861E+01 0.199259E+02
 -.240904E+00 -.421653E+01 -.181865E+01 -.205235E+01 0.154324E+02
 -.271953E+00 -.421151E+01 -.181378E+01 -.194265E+01 0.159374E+02
 -.252594E+00 -.420277E+01 -.183999E+01 -.208032E+01 0.150892E+02
 -.242362E+00 -.420276E+01 -.183914E+01 -.193987E+01 0.188064E+02
 -.255985E+00 -.420252E+01 -.182241E+01 -.197923E+01 0.157168E+02
 -.271256E+00 -.420308E+01 -.181804E+01 -.202498E+01 0.141383E+02
 -.267452E+00 -.420377E+01 -.183046E+01 -.201049E+01 0.141811E+02
 -.296555E+00 -.417322E+01 -.187639E+01 -.180936E+01 0.148113E+02
 -.263174E+00 -.419146E+01 -.183041E+01 -.191624E+01 0.172365E+02
 -.261526E+00 -.422077E+01 -.183129E+01 -.202382E+01 0.141318E+02
 -.280154E+00 -.420567E+01 -.179373E+01 -.204377E+01 0.140820E+02
 -.260973E+00 -.416241E+01 -.184429E+01 -.203581E+01 0.154189E+02
 -.263402E+00 -.421060E+01 -.184001E+01 -.198674E+01 0.140527E+02
 -.261551E+00 -.420629E+01 -.182161E+01 -.200337E+01 0.143050E+02
 -.271989E+00 -.421066E+01 -.182401E+01 -.200467E+01 0.141092E+02
 -.249483E+00 -.421841E+01 -.182852E+01 -.202178E+01 0.144805E+02
 -.257153E+00 -.436282E+01 -.185055E+01 -.199532E+01 0.168965E+02
 -.296470E+00 -.421077E+01 -.178301E+01 -.194333E+01 0.152777E+02
 -.264766E+00 -.419344E+01 -.176485E+01 -.203746E+01 0.193802E+02
 -.277598E+00 -.420504E+01 -.183118E+01 -.201172E+01 0.152376E+02
 -.260635E+00 -.420955E+01 -.183764E+01 -.206305E+01 0.153848E+02
 -.260546E+00 -.419773E+01 -.185559E+01 -.197372E+01 0.142632E+02
 -.262317E+00 -.421883E+01 -.183582E+01 -.200463E+01 0.140897E+02
 -.262890E+00 -.420988E+01 -.182393E+01 -.198645E+01 0.144411E+02
 -.262969E+00 -.421178E+01 -.183479E+01 -.201229E+01 0.141426E+02
 -.223945E+00 -.422486E+01 -.183036E+01 -.209982E+01 0.151356E+02
 -.266138E+00 -.422049E+01 -.181431E+01 -.201284E+01 0.141969E+02
 -.244762E+00 -.420878E+01 -.184573E+01 -.207644E+01 0.146019E+02
 -.276007E+00 -.421313E+01 -.182942E+01 -.201012E+01 0.148276E+02
 -.262034E+00 -.420952E+01 -.181959E+01 -.197386E+01 0.153169E+02
 -.259921E+00 -.421988E+01 -.176579E+01 -.208148E+01 0.176583E+02
 -.257218E+00 -.421148E+01 -.182899E+01 -.199120E+01 0.145022E+02
 -.242781E+00 -.420522E+01 -.183744E+01 -.197879E+01 0.161534E+02
 -.263800E+00 -.420604E+01 -.181608E+01 -.201065E+01 0.142830E+02
 -.261194E+00 -.420992E+01 -.181340E+01 -.201262E+01 0.146018E+02
 -.259445E+00 -.424473E+01 -.182682E+01 -.197418E+01 0.151148E+02
 -.216703E+00 -.412837E+01 -.188667E+01 -.206924E+01 0.157847E+02
 -.261296E+00 -.420617E+01 -.183603E+01 -.193195E+01 0.157028E+02
 -.260683E+00 -.404585E+01 -.183033E+01 -.200979E+01 0.197804E+02
 -.258508E+00 -.421504E+01 -.183144E+01 -.204306E+01 0.142154E+02
 -.253960E+00 -.421798E+01 -.183493E+01 -.202160E+01 0.140534E+02
 -.255953E+00 -.423067E+01 -.182922E+01 -.202499E+01 0.141289E+02
 -.274517E+00 -.421812E+01 -.182869E+01 -.208660E+01 0.180603E+02
 -.205042E+00 -.426005E+01 -.186568E+01 -.208602E+01 0.150059E+02
 -.189952E+00 -.415971E+01 -.189647E+01 -.199486E+01 0.169350E+02
 -.260602E+00 -.420907E+01 -.183011E+01 -.201103E+01 0.140316E+02
 -.272114E+00 -.421042E+01 -.183356E+01 -.199280E+01 0.143019E+02
 -.285296E+00 -.418686E+01 -.191498E+01 -.171941E+01 0.194628E+02
 -.262256E+00 -.420888E+01 -.182893E+01 -.201289E+01 0.140282E+02
 -.262601E+00 -.420630E+01 -.183083E+01 -.201817E+01 0.140813E+02
 -.244933E+00 -.425320E+01 -.187804E+01 -.207739E+01 0.198426E+02
 -.264622E+00 -.428709E+01 -.182776E+01 -.202408E+01 0.149453E+02
 -.260629E+00 -.420877E+01 -.184263E+01 -.208782E+01 0.171778E+02
 -.260031E+00 -.421619E+01 -.182996E+01 -.200509E+01 0.140795E+02
 -.298875E+00 -.419293E+01 -.183059E+01 -.193738E+01 0.151261E+02
 -.258722E+00 -.420794E+01 -.182815E+01 -.200039E+01 0.142413E+02
 -.267671E+00 -.420826E+01 -.180768E+01 -.197197E+01 0.158373E+02
 -.250592E+00 -.421088E+01 -.182453E+01 -.205216E+01 0.141164E+02
 -.282196E+00 -.421225E+01 -.183076E+01 -.203591E+01 0.172368E+02
 -.260588E+00 -.418710E+01 -.186900E+01 -.196147E+01 0.148153E+02
 -.214130E+00 -.421038E+01 -.184601E+01 -.204364E+01 0.170692E+02
 -.257837E+00 -.418870E+01 -.181196E+01 -.211063E+01 0.143866E+02
 -.267344E+00 -.419819E+01 -.186403E+01 -.198050E+01 0.159734E+02
 -.260404E+00 -.424128E+01 -.183178E+01 -.201071E+01 0.141832E+02
 -.252196E+00 -.416442E+01 -.184294E+01 -.201853E+01 0.143516E+02
 -.262015E+00 -.422296E+01 -.184365E+01 -.194828E+01 0.143757E+02
 -.261652E+00 -.420915E+01 -.181689E+01 -.195586E+01 0.167127E+02
 -.261144E+00 -.420860E+01 -.183035E+01 -.201117E+01 0.140281E+02
 -.249280E+00 -.420266E+01 -.187111E+01 -.205638E+01 0.177374E+02
 -.266586E+00 -.420486E+01 -.178452E+01 -.206483E+01 0.148020E+02
 -.260679E+00 -.420733E+01 -.185652E+01 -.200463E+01 0.151758E+02
 -.257687E+00 -.420465E+01 -.183112E+01 -.200635E+01 0.141124E+02
 -.279810E+00 -.419744E+01 -.180006E+01 -.206758E+01 0.146731E+02
 -.236902E+00 -.420883E+01 -.182407E+01 -.214175E+01 0.141305E+02
 -.266918E+00 -.420925E+01 -.182791E+01 -.200392E+01 0.140431E+02
 -.266885E+00 -.420852E+01 -.183868E+01 -.200552E+01 0.144392E+02
 -.252617E+00 -.420809E+01 -.183144E+01 -.199201E+01 0.147625E+02
 -.244473E+00 -.419619E+01 -.183145E+01 -.200109E+01 0.155333E+02
 -.251101E+00 -.421554E+01 -.183855E+01 -.209908E+01 0.153748E+02
 -.288613E+00 -.421408E+01 -.181845E+01 -.199610E+01 0.149604E+02
 -.269969E+00 -.421076E+01 -.185567E+01 -.201344E+01 0.171509E+02
 -.257607E+00 -.421839E+01 -.182754E+01 -.198614E+01 0.147150E+02
 -.255236E+00 -.422555E+01 -.181849E+01 -.211171E+01 0.145606E+02
 -.261150E+00 -.422054E+01 -.182141E+01 -.199195E+01 0.146291E+02
 -.256201E+00 -.420836E+01 -.181867E+01 -.204445E+01 0.141288E+02
 -.260210E+00 -.420540E+01 -.183104E+01 -.198625E+01 0.142770E+02
 -.278037E+00 -.419259E+01 -.183130E+01 -.197629E+01 0.143146E+02
 -.258812E+00 -.420574E+01 -.183068E+01 -.194070E+01 0.163054E+02
 -.253284E+00 -.420916E+01 -.183084E+01 -.201520E+01 0.142102E+02
 -.257192E+00 -.408394E+01 -.180189E+01 -.204773E+01 0.181937E+02
 -.267339E+00 -.421479E+01 -.184390E+01 -.200435E+01 0.148464E+02
 -.261546E+00 -.422948E+01 -.183639E+01 -.200692E+01 0.141494E+02
 -.287152E+00 -.420726E+01 -.183105E+01 -.201214E+01 0.169569E+02
 -.254664E+00 -.418734E+01 -.183448E+01 -.206936E+01 0.146234E+02
 -.331423E+00 -.412386E+01 -.166671E+01 -.221813E+01 0.172765E+02
 -.244447E+00 -.422258E+01 -.182262E+01 -.202769E+01 0.154111E+02
 -.262669E+00 -.429722E+01 -.184745E+01 -.201435E+01 0.159792E+02
 -.300251E+00 -.420976E+01 -.173361E+01 -.201601E+01 0.165465E+02
 -.273713E+00 -.420909E+01 -.183155E+01 -.201642E+01 0.149326E+02
 -.238711E+00 -.422113E+01 -.183602E+01 -.215388E+01 0.151146E+02
 -.250113E+00 -.420082E+01 -.184254E+01 -.199156E+01 0.143051E+02
 -.264422E+00 -.421435E+01 -.186499E+01 -.201365E+01 0.174981E+02
 -.261444E+00 -.420209E+01 -.183715E+01 -.200715E+01 0.140991E+02
 -.254976E+00 -.421073E+01 -.183008E+01 -.201832E+01 0.141187E+02
 -.261288E+00 -.420887E+01 -.183289E+01 -.200973E+01 0.140384E+02
 -.226193E+00 -.421086E+01 -.182386E+01 -.202519E+01 0.195032E+02
 -.250222E+00 -.420350E+01 -.181999E+01 -.207310E+01 0.140912E+02
 -.249627E+00 -.420623E+01 -.183129E+01 -.200808E+01 0.146130E+02
 -.262157E+00 -.421016E+01 -.181798E+01 -.208303E+01 0.144925E+02
 -.268627E+00 -.415592E+01 -.186927E+01 -.195307E+01 0.158579E+02
 -.241416E+00 -.421045E+01 -.183126E+01 -.199474E+01 0.163822E+02
 -.249326E+00 -.421077E+01 -.183349E+01 -.198742E+01 0.151457E+02
 -.268176E+00 -.420145E+01 -.179620E+01 -.198002E+01 0.168483E+02
 -.261443E+00 -.420930E+01 -.182074E+01 -.201054E+01 0.142250E+02
 -.243785E+00 -.421102E+01 -.183709E+01 -.194130E+01 0.186794E+02
 -.260649E+00 -.420687E+01 -.183050E+01 -.196410E+01 0.148785E+02
 -.264388E+00 -.430099E+01 -.182993E+01 -.202487E+01 0.153060E+02
 -.305729E+00 -.421607E+01 -.178497E+01 -.192200E+01 0.148159E+02
 -.260313E+00 -.419998E+01 -.183081E+01 -.203899E+01 0.142261E+02
 -.264473E+00 -.421188E+01 -.183144E+01 -.201623E+01 0.141493E+02
 -.285188E+00 -.420989E+01 -.183145E+01 -.198310E+01 0.151927E+02
 -.245554E+00 -.422798E+01 -.182966E+01 -.202005E+01 0.148739E+02
 -.253399E+00 -.419236E+01 -.184054E+01 -.202727E+01 0.141262E+02
 -.228428E+00 -.421945E+01 -.185028E+01 -.195485E+01 0.190181E+02
 -.265078E+00 -.419394E+01 -.182761E+01 -.196661E+01 0.145926E+02
 -.334164E+00 -.422169E+01 -.171871E+01 -.201006E+01 0.143218E+02
 -.254638E+00 -.420745E+01 -.173438E+01 -.224447E+01 0.171079E+02
 -.261149E+00 -.420706E+01 -.182988E+01 -.201479E+01 0.140291E+02
 -.256855E+00 -.420520E+01 -.183433E+01 -.199343E+01 0.142130E+02
 -.249780E+00 -.418653E+01 -.190984E+01 -.196373E+01 0.187651E+02
 -.264376E+00 -.423532E+01 -.176961E+01 -.206097E+01 0.171102E+02
 -.266527E+00 -.419643E+01 -.182769E+01 -.213777E+01 0.187221E+02
 -.263203E+00 -.421151E+01 -.183241E+01 -.200524E+01 0.140439E+02
 -.280791E+00 -.421256E+01 -.176636E+01 -.201060E+01 0.165669E+02
 -.261604E+00 -.421183E+01 -.183116E+01 -.199969E+01 0.140535E+02
 -.262635E+00 -.415583E+01 -.182156E+01 -.200572E+01 0.147011E+02
 -.259420E+00 -.421721E+01 -.184996E+01 -.187228E+01 0.186255E+02
 -.259696E+00 -.420662E+01 -.183025E+01 -.201068E+01 0.140427E+02
 -.255435E+00 -.420819E+01 -.182836E+01 -.199933E+01 0.144950E+02
 -.259199E+00 -.420857E+01 -.184424E+01 -.201822E+01 0.144345E+02
 -.246624E+00 -.421783E+01 -.182427E+01 -.200886E+01 0.156469E+02
 -.255989E+00 -.420641E+01 -.182874E+01 -.197652E+01 0.151478E+02
 -.229542E+00 -.420846E+01 -.184384E+01 -.204296E+01 0.147964E+02
 -.276372E+00 -.418229E+01 -.182581E+01 -.209906E+01 0.188137E+02
 -.264325E+00 -.423239E+01 -.183012E+01 -.199799E+01 0.141123E+02
 -.261597E+00 -.424297E+01 -.184005E+01 -.193225E+01 0.153389E+02
 -.256981E+00 -.420270E+01 -.183817E+01 -.197612E+01 0.143631E+02
 -.261255E+00 -.420986E+01 -.183088E+01 -.200471E+01 0.140374E+02
 -.270711E+00 -.418140E+01 -.184910E+01 -.206834E+01 0.199219E+02
 -.345427E+00 -.421852E+01 -.163462E+01 -.204331E+01 0.175851E+02
 -.262814E+00 -.420053E+01 -.182834E+01 -.200847E+01 0.140397E+02
 -.388860E+00 -.420677E+01 -.159165E+01 -.200068E+01 0.157149E+02
 -.261386E+00 -.420480E+01 -.180663E+01 -.206556E+01 0.140913E+02
 -.278594E+00 -.423252E+01 -.183029E+01 -.197562E+01 0.143346E+02
 -.267091E+00 -.423347E+01 -.187905E+01 -.183396E+01 0.160183E+02
 -.260029E+00 -.421157E+01 -.179912E+01 -.200498E+01 0.166482E+02
 -.261099E+00 -.420442E+01 -.182717E+01 -.199873E+01 0.141791E+02
 -.260914E+00 -.418919E+01 -.182839E+01 -.198674E+01 0.144147E+02
 -.261619E+00 -.420874E+01 -.183165E+01 -.200413E+01 0.140317E+02
 -.225465E+00 -.423348E+01 -.182281E+01 -.217241E+01 0.143825E+02
 -.264843E+00 -.422323E+01 -.185282E+01 -.193398E+01 0.141765E+02
 -.261032E+00 -.414203E+01 -.181324E+01 -.196943E+01 0.174160E+02
 -.272329E+00 -.420700E+01 -.183101E+01 -.201712E+01 0.147355E+02
 -.262644E+00 -.420971E+01 -.182860E+01 -.197435E+01 0.144877E+02
 -.235220E+00 -.415512E+01 -.183018E+01 -.200735E+01 0.176796E+02
 -.300213E+00 -.423708E+01 -.181229E+01 -.200272E+01 0.165975E+02
 -.268016E+00 -.420099E+01 -.183278E+01 -.205444E+01 0.156461E+02
 -.262162E+00 -.421230E+01 -.183273E+01 -.196710E+01 0.144699E+02
 -.265339E+00 -.421508E+01 -.182376E+01 -.204041E+01 0.142492E+02
 -.249342E+00 -.420929E+01 -.183415E+01 -.201933E+01 0.142355E+02
 -.258000E+00 -.420509E+01 -.183002E+01 -.199113E+01 0.143833E+02
 -.267839E+00 -.423690E+01 -.182038E+01 -.202691E+01 0.142026E+02
 -.257523E+00 -.421441E+01 -.183037E+01 -.211764E+01 0.161289E+02
 -.263087E+00 -.420193E+01 -.182779E+01 -.200932E+01 0.140357E+02
 -.258534E+00 -.420924E+01 -.180884E+01 -.200903E+01 0.154760E+02
 -.261091E+00 -.423783E+01 -.180151E+01 -.201405E+01 0.157541E+02
 -.269153E+00 -.432355E+01 -.178864E+01 -.204545E+01 0.161565E+02
 -.228124E+00 -.421090E+01 -.183939E+01 -.201831E+01 0.165588E+02
 -.261213E+00 -.421133E+01 -.182295E+01 -.200402E+01 0.142518E+02
 -.261200E+00 -.423056E+01 -.182661E+01 -.202053E+01 0.140994E+02
 -.235473E+00 -.420207E+01 -.182588E+01 -.201603E+01 0.172757E+02
 -.160860E+00 -.422685E+01 -.186485E+01 -.217223E+01 0.197681E+02
 -.276151E+00 -.420239E+01 -.178910E+01 -.193639E+01 0.194851E+02
 -.261807E+00 -.419053E+01 -.183308E+01 -.202616E+01 0.142479E+02
 -.262857E+00 -.417304E+01 -.179772E+01 -.206293E+01 0.145755E+02
 -.280618E+00 -.419197E+01 -.177866E+01 -.208781E+01 0.142111E+02
 -.266686E+00 -.420473E+01 -.182136E+01 -.200915E+01 0.140404E+02
 -.253815E+00 -.421221E+01 -.183367E+01 -.200156E+01 0.142824E+02
 -.250307E+00 -.420570E+01 -.177863E+01 -.212701E+01 0.158754E+02
 -.258875E+00 -.420537E+01 -.182959E+01 -.201280E+01 0.140569E+02
 -.274716E+00 -.420970E+01 -.183347E+01 -.203224E+01 0.159131E+02
 -.192154E+00 -.414622E+01 -.182424E+01 -.243419E+01 0.151883E+02
 -.355519E+00 -.421259E+01 -.181951E+01 -.186011E+01 0.198158E+02
 -.258274E+00 -.420535E+01 -.182605E+01 -.201854E+01 0.141018E+02
 -.238617E+00 -.419757E+01 -.185640E+01 -.202821E+01 0.140732E+02
 -.295459E+00 -.420666E+01 -.181568E+01 -.199268E+01 0.155208E+02
 -.240410E+00 -.420336E+01 -.183325E+01 -.201146E+01 0.154914E+02
 -.259491E+00 -.420898E+01 -.182984E+01 -.202866E+01 0.140563E+02
 -.364587E+00 -.428504E+01 -.178634E+01 -.187952E+01 0.193257E+02
 -.253104E+00 -.421401E+01 -.183186E+01 -.199146E+01 0.146965E+02
 -.269875E+00 -.421115E+01 -.183976E+01 -.201174E+01 0.150284E+02
 -.266311E+00 -.421469E+01 -.182245E+01 -.196009E+01 0.150305E+02
 -.260409E+00 -.420333E+01 -.183970E+01 -.201105E+01 0.141731E+02
 -.242794E+00 -.419382E+01 -.183460E+01 -.196106E+01 0.178238E+02
 -.259741E+00 -.420999E+01 -.182679E+01 -.207932E+01 0.147759E+02
 -.262189E+00 -.424877E+01 -.182967E+01 -.200422E+01 0.142600E+02
 -.262341E+00 -.420229E+01 -.182812E+01 -.202384E+01 0.140669E+02
 -.266521E+00 -.421420E+01 -.183294E+01 -.200689E+01 0.141786E+02
 -.293263E+00 -.422541E+01 -.182502E+01 -.200856E+01 0.172265E+02
 -.252788E+00 -.420715E+01 -.183020E+01 -.200671E+01 0.144340E+02
 -.281514E+00 -.421207E+01 -.184673E+01 -.201632E+01 0.185777E+02
 -.303520E+00 -.419854E+01 -.185887E+01 -.184240E+01 0.144296E+02
 -.274643E+00 -.422928E+01 -.178740E+01 -.199402E+01 0.159483E+02
 -.261575E+00 -.420665E+01 -.182974E+01 -.201291E+01 0.140286E+02
 -.248559E+00 -.420162E+01 -.183405E+01 -.205042E+01 0.140472E+02
 -.251120E+00 -.420562E+01 -.180093E+01 -.205411E+01 0.157490E+02
 -.262279E+00 -.420874E+01 -.183387E+01 -.200700E+01 0.140532E+02
 -.321479E+00 -.433587E+01 -.170863E+01 -.201188E+01 0.171636E+02
 -.269733E+00 -.421033E+01 -.179083E+01 -.205612E+01 0.143060E+02
 -.260601E+00 -.420904E+01 -.183235E+01 -.200079E+01 0.140487E+02
 -.267732E+00 -.424312E+01 -.183430E+01 -.202948E+01 0.150259E+02
 -.236061E+00 -.420131E+01 -.183890E+01 -.207181E+01 0.141186E+02
 -.259960E+00 -.406973E+01 -.182498E+01 -.201213E+01 0.181427E+02
 -.260991E+00 -.416533E+01 -.184278E+01 -.201060E+01 0.146039E+02
 -.261993E+00 -.420613E+01 -.183030E+01 -.201504E+01 0.140403E+02
 -.259618E+00 -.420331E+01 -.183130E+01 -.194816E+01 0.156595E+02
 -.261632E+00 -.420660E+01 -.183579E+01 -.205107E+01 0.149296E+02
 -.282309E+00 -.421827E+01 -.182983E+01 -.199986E+01 0.153229E+02
 -.267797E+00 -.421519E+01 -.182248E+01 -.199898E+01 0.140580E+02
 -.281379E+00 -.420800E+01 -.183787E+01 -.200066E+01 0.161171E+02
 -.283637E+00 -.422986E+01 -.182166E+01 -.198470E+01 0.144258E+02
 -.232211E+00 -.420945E+01 -.188271E+01 -.209030E+01 0.178962E+02
 -.265649E+00 -.420134E+01 -.182942E+01 -.199255E+01 0.140502E+02
 -.278032E+00 -.425750E+01 -.183585E+01 -.204161E+01 0.178416E+02
 -.261206E+00 -.424704E+01 -.182695E+01 -.202323E+01 0.142435E+02
 -.255729E+00 -.420398E+01 -.184911E+01 -.202104E+01 0.145122E+02
 -.261086E+00 -.420851E+01 -.183036E+01 -.200620E+01 0.140386E+02
 -.294902E+00 -.420753E+01 -.182947E+01 -.199182E+01 0.171651E+02
 -.270563E+00 -.420786E+01 -.178241E+01 -.199341E+01 0.175666E+02
 -.261058E+00 -.420542E+01 -.179798E+01 -.201958E+01 0.158569E+02
 -.264396E+00 -.421637E+01 -.182808E+01 -.202053E+01 0.141063E+02
 -.228185E+00 -.420006E+01 -.183411E+01 -.200871E+01 0.180786E+02
 -.247716E+00 -.423162E+01 -.182503E+01 -.196308E+01 0.181539E+02
 -.272402E+00 -.420955E+01 -.183272E+01 -.199644E+01 0.143509E+02
 -.257249E+00 -.420902E+01 -.183182E+01 -.201364E+01 0.140520E+02
 -.273461E+00 -.421082E+01 -.181034E+01 -.202031E+01 0.140338E+02
 -.272195E+00 -.420968E+01 -.182772E+01 -.204299E+01 0.152576E+02
 -.246010E+00 -.414768E+01 -.183042E+01 -.205896E+01 0.146937E+02
 -.272543E+00 -.419456E+01 -.182210E+01 -.191658E+01 0.164471E+02
 -.265726E+00 -.420251E+01 -.186265E+01 -.204782E+01 0.198098E+02
 -.258633E+00 -.420477E+01 -.183641E+01 -.196008E+01 0.147759E+02
 -.256286E+00 -.419894E+01 -.187355E+01 -.201700E+01 0.173267E+02
 -.262756E+00 -.420487E+01 -.183127E+01 -.206458E+01 0.150865E+02
 -.263566E+00 -.420620E+01 -.183548E+01 -.202284E+01 0.143717E+02
 -.263205E+00 -.420801E+01 -.183002E+01 -.201251E+01 0.140457E+02
 -.259742E+00 -.426256E+01 -.181189E+01 -.204734E+01 0.145335E+02
 -.264324E+00 -.419360E+01 -.183011E+01 -.205256E+01 0.148307E+02
 -.270733E+00 -.419815E+01 -.182916E+01 -.200724E+01 0.142692E+02
 -.261460E+00 -.428329E+01 -.183298E+01 -.198635E+01 0.148393E+02
 -.228999E+00 -.424897E+01 -.183003E+01 -.201559E+01 0.183225E+02
 -.256486E+00 -.420643E+01 -.182867E+01 -.199034E+01 0.146180E+02
 -.260505E+00 -.420800E+01 -.182358E+01 -.202790E+01 0.140349E+02
 -.302154E+00 -.422671E+01 -.181633E+01 -.186504E+01 0.153281E+02
 -.226787E+00 -.431666E+01 -.195188E+01 -.187922E+01 0.171176E+02
 -.244787E+00 -.418189E+01 -.184789E+01 -.203057E+01 0.141480E+02
 -.256096E+00 -.412923E+01 -.180662E+01 -.207643E+01 0.153521E+02
 -.247778E+00 -.419118E+01 -.181615E+01 -.209744E+01 0.141332E+02
 -.262896E+00 -.420617E+01 -.182637E+01 -.200347E+01 0.140764E+02
 -.272750E+00 -.420711E+01 -.183041E+01 -.194901E+01 0.142543E+02
 -.254114E+00 -.420433E+01 -.178912E+01 -.221991E+01 0.145593E+02
 -.259323E+00 -.421481E+01 -.182721E+01 -.202205E+01 0.140413E+02
 -.268404E+00 -.420578E+01 -.182458E+01 -.201171E+01 0.140706E+02
 -.260945E+00 -.420308E+01 -.183094E+01 -.202233E+01 0.140709E+02
 -.274709E+00 -.420341E+01 -.184410E+01 -.202120E+01 0.168040E+02
 -.303095E+00 -.420508E+01 -.182801E+01 -.193286E+01 0.151788E+02
 -.272302E+00 -.421125E+01 -.183065E+01 -.201908E+01 0.147659E+02
 -.260696E+00 -.420765E+01 -.183889E+01 -.196573E+01 0.142893E+02
 -.293714E+00 -.412948E+01 -.182919E+01 -.191233E+01 0.153616E+02
 -.270668E+00 -.415022E+01 -.184705E+01 -.189037E+01 0.160445E+02
 -.276703E+00 -.420936E+01 -.182833E+01 -.199327E+01 0.143719E+02
 -.249592E+00 -.421172E+01 -.183818E+01 -.213832E+01 0.165507E+02
 -.253548E+00 -.420745E+01 -.183889E+01 -.202668E+01 0.140622E+02
 -.258975E+00 -.421945E+01 -.187232E+01 -.202542E+01 0.183588E+02
 -.259923E+00 -.420388E+01 -.184029E+01 -.201261E+01 0.141909E+02
 -.259712E+00 -.419185E+01 -.182723E+01 -.200008E+01 0.142774E+02
 -.259931E+00 -.420869E+01 -.183363E+01 -.208411E+01 0.156109E+02
 -.258025E+00 -.421468E+01 -.177015E+01 -.206491E+01 0.183603E+02
 -.259342E+00 -.408966E+01 -.183011E+01 -.199762E+01 0.170012E+02
 -.261468E+00 -.421506E+01 -.182717E+01 -.200662E+01 0.140797E+02
 -.257560E+00 -.421192E+01 -.183275E+01 -.200267E+01 0.141109E+02
 -.282209E+00 -.423178E+01 -.181068E+01 -.201082E+01 0.143170E+02
 -.269692E+00 -.419292E+01 -.183036E+01 -.201212E+01 0.143639E+02
 -.268677E+00 -.421110E+01 -.182598E+01 -.202177E+01 0.142417E+02
 -.248354E+00 -.427121E+01 -.183794E+01 -.210405E+01 0.156961E+02
 -.284299E+00 -.420792E+01 -.179430E+01 -.202341E+01 0.140608E+02
 -.256433E+00 -.421018E+01 -.185716E+01 -.188967E+01 0.165547E+02
 -.261448E+00 -.420907E+01 -.183017E+01 -.201012E+01 0.140282E+02
 -.254966E+00 -.420377E+01 -.182778E+01 -.201532E+01 0.142412E+02
 -.254719E+00 -.419250E+01 -.181402E+01 -.199874E+01 0.160482E+02
 -.260806E+00 -.420645E+01 -.183311E+01 -.201539E+01 0.140587E+02
 -.255639E+00 -.421040E+01 -.184768E+01 -.209218E+01 0.171320E+02
 -.260068E+00 -.420549E+01 -.183016E+01 -.200644E+01 0.140600E+02
 -.259951E+00 -.418511E+01 -.183407E+01 -.202227E+01 0.141864E+02
 -.261259E+00 -.418312E+01 -.181355E+01 -.211666E+01 0.149406E+02
 -.262767E+00 -.421449E+01 -.183013E+01 -.200761E+01 0.140347E+02
 -.280642E+00 -.420138E+01 -.183226E+01 -.196829E+01 0.143436E+02
 -.266944E+00 -.420558E+01 -.179659E+01 -.207338E+01 0.140978E+02
 -.280984E+00 -.421303E+01 -.183264E+01 -.200432E+01 0.155982E+02
 -.248330E+00 -.421016E+01 -.182212E+01 -.201707E+01 0.152736E+02
 -.281946E+00 -.419955E+01 -.173870E+01 -.203595E+01 0.193190E+02
 -.274486E+00 -.420869E+01 -.182997E+01 -.203254E+01 0.154607E+02
 -.251455E+00 -.423506E+01 -.180715E+01 -.197839E+01 0.194211E+02
 -.263824E+00 -.417764E+01 -.182932E+01 -.200690E+01 0.141861E+02
 -.255524E+00 -.431193E+01 -.182694E+01 -.203253E+01 0.153679E+02
 -.261378E+00 -.419186E+01 -.183219E+01 -.205347E+01 0.147060E+02
 -.269399E+00 -.421194E+01 -.182104E+01 -.204007E+01 0.143844E+02
 -.261092E+00 -.420766E+01 -.182994E+01 -.201068E+01 0.140297E+02
 -.255171E+00 -.420391E+01 -.183104E+01 -.201688E+01 0.141037E+02
 -.253838E+00 -.421052E+01 -.183682E+01 -.197806E+01 0.146591E+02
 -.256295E+00 -.424058E+01 -.183038E+01 -.199311E+01 0.145793E+02
 -.282840E+00 -.420736E+01 -.182650E+01 -.194795E+01 0.140647E+02
 -.260639E+00 -.420551E+01 -.182384E+01 -.201979E+01 0.140681E+02
 -.265584E+00 -.421442E+01 -.182855E+01 -.201815E+01 0.141346E+02
 -.296357E+00 -.422202E+01 -.182985E+01 -.200919E+01 0.188837E+02
 -.247830E+00 -.426492E+01 -.180687E+01 -.201349E+01 0.180663E+02
 -.233182E+00 -.420473E+01 -.183014E+01 -.199020E+01 0.189151E+02
 -.254949E+00 -.420925E+01 -.183020E+01 -.201827E+01 0.141165E+02
 -.257462E+00 -.420262E+01 -.183530E+01 -.208712E+01 0.155224E+02
 -.263237E+00 -.416949E+01 -.180097E+01 -.195835E+01 0.192452E+02
 -.242914E+00 -.434503E+01 -.186697E+01 -.200416E+01 0.165286E+02
 -.260665E+00 -.421106E+01 -.180375E+01 -.201820E+01 0.153188E+02
 -.259851E+00 -.420536E+01 -.183092E+01 -.202013E+01 0.140376E+02
 -.268168E+00 -.423476E+01 -.183203E+01 -.209912E+01 0.179087E+02
 -.253684E+00 -.421234E+01 -.182345E+01 -.194609E+01 0.182383E+02
 -.265455E+00 -.419729E+01 -.183592E+01 -.189800E+01 0.172796E+02
 -.257502E+00 -.419818E+01 -.183901E+01 -.200805E+01 0.140574E+02
 -.259992E+00 -.420739E+01 -.183178E+01 -.197800E+01 0.144307E+02
 -.271868E+00 -.420699E+01 -.181385E+01 -.205012E+01 0.143855E+02
 -.268717E+00 -.420895E+01 -.183023E+01 -.200966E+01 0.142044E+02
 -.264940E+00 -.427299E+01 -.182907E+01 -.200325E+01 0.145775E+02
 -.267090E+00 -.418816E+01 -.183015E+01 -.196693E+01 0.143331E+02
 -.271139E+00 -.420821E+01 -.183081E+01 -.201321E+01 0.144952E+02
 -.274893E+00 -.420758E+01 -.179354E+01 -.205454E+01 0.140680E+02
 -.254317E+00 -.420440E+01 -.180644E+01 -.203176E+01 0.154803E+02
 -.257958E+00 -.421765E+01 -.185062E+01 -.200469E+01 0.144307E+02
 -.257595E+00 -.408046E+01 -.183282E+01 -.199093E+01 0.176216E+02
 -.291388E+00 -.421092E+01 -.181292E+01 -.192317E+01 0.143986E+02
 -.261090E+00 -.420792E+01 -.183900E+01 -.198209E+01 0.140604E+02
 -.259973E+00 -.419095E+01 -.182169E+01 -.201690E+01 0.142319E+02
 -.280977E+00 -.420725E+01 -.182906E+01 -.200413E+01 0.152076E+02
 -.237013E+00 -.418222E+01 -.185245E+01 -.203040E+01 0.141782E+02
 -.259218E+00 -.416037E+01 -.184824E+01 -.198696E+01 0.144764E+02
 -.239835E+00 -.421432E+01 -.185881E+01 -.200382E+01 0.140974E+02
 -.269431E+00 -.420800E+01 -.182487E+01 -.200023E+01 0.140348E+02
 -.251897E+00 -.420956E+01 -.182974E+01 -.195987E+01 0.165841E+02
 -.267109E+00 -.420199E+01 -.181744E+01 -.193915E+01 0.166257E+02
 -.264864E+00 -.426645E+01 -.181428E+01 -.217587E+01 0.183647E+02
 -.260856E+00 -.421465E+01 -.183266E+01 -.201234E+01 0.140462E+02
 -.258097E+00 -.420296E+01 -.182494E+01 -.199188E+01 0.146854E+02
 -.329666E+00 -.421901E+01 -.169535E+01 -.198151E+01 0.169653E+02
 -.262049E+00 -.420995E+01 -.183347E+01 -.201668E+01 0.141140E+02
 -.273755E+00 -.421349E+01 -.183041E+01 -.201553E+01 0.148053E+02
 -.285246E+00 -.420735E+01 -.183785E+01 -.197428E+01 0.154751E+02
 -.283305E+00 -.421633E+01 -.183147E+01 -.202080E+01 0.167198E+02
 -.262078E+00 -.420647E+01 -.183612E+01 -.204146E+01 0.147244E+02
 -.219428E+00 -.425100E+01 -.182670E+01 -.210161E+01 0.164276E+02
 -.280583E+00 -.420538E+01 -.182647E+01 -.199903E+01 0.147587E+02
 -.238295E+00 -.420688E+01 -.184318E+01 -.201136E+01 0.148007E+02
 -.243944E+00 -.441067E+01 -.184227E+01 -.201965E+01 0.182860E+02
 -.259760E+00 -.420992E+01 -.185193E+01 -.203480E+01 0.157736E+02
 -.261401E+00 -.420784E+01 -.183688E+01 -.201455E+01 0.141655E+02
 -.273450E+00 -.419817E+01 -.182507E+01 -.203569E+01 0.149341E+02
 -.243995E+00 -.424828E+01 -.191039E+01 -.190883E+01 0.149925E+02
 -.259572E+00 -.420762E+01 -.183654E+01 -.196997E+01 0.143910E+02
 -.217681E+00 -.420901E+01 -.185331E+01 -.203378E+01 0.157887E+02
 -.259401E+00 -.416242E+01 -.183043E+01 -.200985E+01 0.144081E+02
 -.259407E+00 -.421372E+01 -.181772E+01 -.200696E+01 0.146303E+02
 -.250949E+00 -.421071E+01 -.183113E+01 -.202454E+01 0.141914E+02
 -.270944E+00 -.420499E+01 -.180438E+01 -.199771E+01 0.146711E+02
 -.269271E+00 -.421008E+01 -.182850E+01 -.202381E+01 0.144491E+02
 -.227310E+00 -.420238E+01 -.183706E+01 -.202009E+01 0.170104E+02
 -.195566E+00 -.421504E+01 -.195724E+01 -.181623E+01 0.194958E+02
 -.250066E+00 -.413224E+01 -.180128E+01 -.215180E+01 0.151579E+02
 -.251062E+00 -.420746E+01 -.189154E+01 -.190018E+01 0.142306E+02
 -.260931E+00 -.421081E+01 -.183077E+01 -.200903E+01 0.140308E+02
 -.269408E+00 -.420927E+01 -.183120E+01 -.198826E+01 0.140489E+02
 -.307843E+00 -.420571E+01 -.179470E+01 -.195947E+01 0.143210E+02
 -.261948E+00 -.420942E+01 -.182283E+01 -.201653E+01 0.140729E+02
 -.267450E+00 -.421152E+01 -.185164E+01 -.207021E+01 0.195996E+02
 -.261188E+00 -.420731E+01 -.183081E+01 -.201256E+01 0.140296E+02
 -.230310E+00 -.415643E+01 -.186879E+01 -.191517E+01 0.188675E+02
 -.262224E+00 -.429456E+01 -.183051E+01 -.202333E+01 0.150700E+02
 -.258748E+00 -.421864E+01 -.182545E+01 -.201224E+01 0.141794E+02
 -.262900E+00 -.421263E+01 -.182962E+01 -.200511E+01 0.140327E+02
 -.280808E+00 -.420281E+01 -.182844E+01 -.197047E+01 0.142265E+02
 -.269164E+00 -.420784E+01 -.182078E+01 -.196557E+01 0.146455E+02
 -.273209E+00 -.420916E+01 -.183163E+01 -.202070E+01 0.150217E+02
 -.253483E+00 -.421010E+01 -.183270E+01 -.206231E+01 0.142590E+02
 -.253959E+00 -.420022E+01 -.180248E+01 -.202685E+01 0.162678E+02
 -.260426E+00 -.418109E+01 -.183016E+01 -.201988E+01 0.141526E+02
 -.231833E+00 -.414751E+01 -.184503E+01 -.203235E+01 0.153679E+02
 -.261734E+00 -.419149E+01 -.183750E+01 -.199748E+01 0.140884E+02
 -.275231E+00 -.420586E+01 -.180830E+01 -.198972E+01 0.142728E+02
 -.261152E+00 -.420837E+01 -.182966E+01 -.201458E+01 0.140282E+02
 -.271381E+00 -.419160E+01 -.180408E+01 -.212008E+01 0.154755E+02
 -.233975E+00 -.420400E+01 -.183163E+01 -.202415E+01 0.162351E+02
 -.252142E+00 -.420525E+01 -.183741E+01 -.207903E+01 0.147775E+02
 -.285277E+00 -.418854E+01 -.183063E+01 -.202743E+01 0.174435E+02
 -.261832E+00 -.419752E+01 -.179066E+01 -.203827E+01 0.158060E+02
 -.260002E+00 -.420759E+01 -.185383E+01 -.201049E+01 0.150431E+02
 -.260992E+00 -.421029E+01 -.183112E+01 -.200468E+01 0.140390E+02
 -.241743E+00 -.421421E+01 -.183286E+01 -.200960E+01 0.154027E+02
 -.257740E+00 -.423409E+01 -.182803E+01 -.213477E+01 0.166814E+02
 -.234072E+00 -.420707E+01 -.182570E+01 -.210718E+01 0.142998E+02
 -.264089E+00 -.420994E+01 -.182937E+01 -.200500E+01 0.140299E+02
 -.270601E+00 -.421282E+01 -.184301E+01 -.198170E+01 0.144603E+02
 -.271221E+00 -.427319E+01 -.187106E+01 -.194726E+01 0.163973E+02
 -.259983E+00 -.420891E+01 -.180421E+01 -.201761E+01 0.153987E+02
 -.256574E+00 -.420516E+01 -.182921E+01 -.197770E+01 0.149839E+02
 -.307770E+00 -.420964E+01 -.184124E+01 -.194124E+01 0.185438E+02
 -.267076E+00 -.427945E+01 -.183337E+01 -.204450E+01 0.159189E+02
 -.206463E+00 -.422902E+01 -.183278E+01 -.210033E+01 0.181795E+02
 -.248201E+00 -.421693E+01 -.183620E+01 -.201766E+01 0.142528E+02
 -.276892E+00 -.421485E+01 -.181401E+01 -.189724E+01 0.182249E+02
 -.251046E+00 -.420843E+01 -.187917E+01 -.199965E+01 0.161594E+02
 -.258021E+00 -.419460E+01 -.182991E+01 -.205084E+01 0.142500E+02
 -.260982E+00 -.421981E+01 -.182946E+01 -.197877E+01 0.144759E+02
 -.270089E+00 -.420568E+01 -.180969E+01 -.204002E+01 0.140549E+02
 -.261500E+00 -.420293E+01 -.183057E+01 -.200815E+01 0.140337E+02
 -.271251E+00 -.416372E+01 -.183908E+01 -.198399E+01 0.146635E+02
 -.267516E+00 -.420460E+01 -.183021E+01 -.202359E+01 0.143999E+02
 -.260775E+00 -.424252E+01 -.183217E+01 -.196562E+01 0.148159E+02
 -.246987E+00 -.421470E+01 -.183061E+01 -.201332E+01 0.147947E+02
 -.259295E+00 -.414470E+01 -.182293E+01 -.204980E+01 0.147615E+02
 -.275112E+00 -.415137E+01 -.183206E+01 -.206659E+01 0.180481E+02
 -.265689E+00 -.421325E+01 -.183543E+01 -.200174E+01 0.141363E+02
 -.260618E+00 -.418772E+01 -.182618E+01 -.201049E+01 0.141631E+02
 -.296412E+00 -.407490E+01 -.171296E+01 -.231265E+01 0.197020E+02
 -.248478E+00 -.418460E+01 -.182699E+01 -.201966E+01 0.148282E+02
 -.261624E+00 -.428241E+01 -.185128E+01 -.202301E+01 0.162937E+02
 -.238573E+00 -.422938E+01 -.185348E+01 -.193798E+01 0.172823E+02
 -.247856E+00 -.420916E+01 -.179459E+01 -.204913E+01 0.176225E+02
 -.270310E+00 -.420923E+01 -.182457E+01 -.200935E+01 0.141086E+02
 -.232347E+00 -.421205E+01 -.183301E+01 -.204875E+01 0.152788E+02
 -.260490E+00 -.420238E+01 -.183379E+01 -.201541E+01 0.140674E+02
 -.261034E+00 -.420486E+01 -.183161E+01 -.200208E+01 0.140461E+02
 -.262267E+00 -.421171E+01 -.182940E+01 -.200752E+01 0.140312E+02
 -.254859E+00 -.421044E+01 -.184055E+01 -.200652E+01 0.140360E+02
 -.228900E+00 -.420610E+01 -.184325E+01 -.202903E+01 0.154015E+02
 -.245282E+00 -.420619E+01 -.183208E+01 -.200623E+01 0.151116E+02
 -.262842E+00 -.420675E+01 -.181438E+01 -.205125E+01 0.140456E+02
 -.310645E+00 -.430274E+01 -.179910E+01 -.202890E+01 0.197528E+02
 -.266676E+00 -.428402E+01 -.183326E+01 -.204242E+01 0.158635E+02
 -.244616E+00 -.421342E+01 -.183222E+01 -.201826E+01 0.147804E+02
 -.271593E+00 -.421144E+01 -.182394E+01 -.191613E+01 0.163475E+02
 -.250812E+00 -.420855E+01 -.183475E+01 -.199869E+01 0.145153E+02
 -.197078E+00 -.421585E+01 -.183147E+01 -.241200E+01 0.149351E+02
 -.262141E+00 -.421078E+01 -.182029E+01 -.201201E+01 0.141826E+02
 -.262215E+00 -.420992E+01 -.183325E+01 -.205383E+01 0.148668E+02
 -.234041E+00 -.415001E+01 -.183751E+01 -.205567E+01 0.150698E+02
 -.260439E+00 -.420870E+01 -.183417E+01 -.194963E+01 0.151523E+02
 -.252748E+00 -.420730E+01 -.188375E+01 -.194832E+01 0.147243E+02
 -.262901E+00 -.428646E+01 -.182994E+01 -.202122E+01 0.148986E+02
 -.259805E+00 -.420777E+01 -.182433E+01 -.203263E+01 0.140309E+02
 -.261640E+00 -.421446E+01 -.183447E+01 -.203245E+01 0.143759E+02
 -.273642E+00 -.419211E+01 -.183363E+01 -.197720E+01 0.141901E+02
 -.343670E+00 -.428609E+01 -.166203E+01 -.198456E+01 0.183223E+02
 -.251329E+00 -.422413E+01 -.182805E+01 -.203853E+01 0.141516E+02
 -.238776E+00 -.419698E+01 -.184780E+01 -.202242E+01 0.142464E+02
 -.251256E+00 -.417906E+01 -.177948E+01 -.235661E+01 0.160222E+02
 -.258065E+00 -.424736E+01 -.182536E+01 -.208630E+01 0.149165E+02
 -.257840E+00 -.424484E+01 -.184903E+01 -.208948E+01 0.179874E+02
 -.317350E+00 -.420840E+01 -.171681E+01 -.200172E+01 0.159116E+02
 -.263962E+00 -.420898E+01 -.181797E+01 -.201482E+01 0.141388E+02
 -.259301E+00 -.420499E+01 -.179213E+01 -.210331E+01 0.142923E+02
 -.261370E+00 -.420971E+01 -.183012E+01 -.200995E+01 0.140289E+02
 -.266254E+00 -.421123E+01 -.183399E+01 -.200834E+01 0.141996E+02
 -.268240E+00 -.422690E+01 -.181396E+01 -.202669E+01 0.140783E+02
 -.249418E+00 -.422977E+01 -.182897E+01 -.217377E+01 0.167102E+02
 -.262840E+00 -.421015E+01 -.182185E+01 -.200988E+01 0.141258E+02
 -.272960E+00 -.420919E+01 -.177573E+01 -.204593E+01 0.153018E+02
 -.262002E+00 -.420891E+01 -.183065E+01 -.201543E+01 0.140470E+02
 -.253485E+00 -.419291E+01 -.185854E+01 -.206705E+01 0.171036E+02
 -.230381E+00 -.420444E+01 -.183852E+01 -.201715E+01 0.163054E+02
 -.262246E+00 -.415349E+01 -.182116E+01 -.200883E+01 0.147369E+02
 -.258258E+00 -.424411E+01 -.183570E+01 -.192998E+01 0.165306E+02
 -.261727E+00 -.420921E+01 -.182959E+01 -.200700E+01 0.140346E+02
 -.234523E+00 -.420288E+01 -.186924E+01 -.201241E+01 0.141070E+02
 -.271107E+00 -.421080E+01 -.182678E+01 -.199004E+01 0.140243E+02
 -.263791E+00 -.420863E+01 -.184996E+01 -.196118E+01 0.140830E+02
 -.257899E+00 -.420822E+01 -.182471E+01 -.202998E+01 0.140546E+02
 -.277744E+00 -.420696E+01 -.182822E+01 -.198830E+01 0.143398E+02
 -.226345E+00 -.420960E+01 -.183443E+01 -.203849E+01 0.165974E+02
 -.266663E+00 -.418186E+01 -.183146E+01 -.207330E+01 0.161284E+02
 -.264941E+00 -.419421E+01 -.182976E+01 -.202254E+01 0.142200E+02
 -.259914E+00 -.409653E+01 -.183626E+01 -.204247E+01 0.168670E+02
 -.261581E+00 -.419960E+01 -.184014E+01 -.196219E+01 0.142636E+02
 -.267549E+00 -.420125E+01 -.184397E+01 -.199558E+01 0.146063E+02
 -.261185E+00 -.420904E+01 -.182979E+01 -.200997E+01 0.140310E+02
 -.251069E+00 -.420717E+01 -.182745E+01 -.199702E+01 0.151271E+02
 -.265520E+00 -.420330E+01 -.180856E+01 -.204752E+01 0.140603E+02
 -.277429E+00 -.416463E+01 -.183095E+01 -.200678E+01 0.153106E+02
 -.261467E+00 -.420165E+01 -.181769E+01 -.213105E+01 0.157297E+02
 -.260573E+00 -.420843E+01 -.186378E+01 -.200526E+01 0.160283E+02
 -.258136E+00 -.420634E+01 -.182754E+01 -.201442E+01 0.141064E+02
 -.269372E+00 -.420928E+01 -.183349E+01 -.209221E+01 0.178757E+02
 -.240717E+00 -.420802E+01 -.182546E+01 -.209165E+01 0.141341E+02
 -.265160E+00 -.421023E+01 -.183036E+01 -.200002E+01 0.140324E+02
 -.235886E+00 -.420902E+01 -.181815E+01 -.211487E+01 0.144510E+02
 -.271737E+00 -.425390E+01 -.183257E+01 -.203126E+01 0.155953E+02
 -.263102E+00 -.409976E+01 -.184816E+01 -.194956E+01 0.164362E+02
 -.266150E+00 -.420721E+01 -.184010E+01 -.200765E+01 0.145144E+02
 -.262196E+00 -.420842E+01 -.182667E+01 -.199669E+01 0.141667E+02
 -.261454E+00 -.421800E+01 -.182412E+01 -.198068E+01 0.147329E+02
 -.268865E+00 -.420844E+01 -.182757E+01 -.198603E+01 0.140416E+02
 -.253024E+00 -.430452E+01 -.183293E+01 -.203633E+01 0.152076E+02
 -.260510E+00 -.421264E+01 -.183276E+01 -.205169E+01 0.145940E+02
 -.283438E+00 -.421734E+01 -.184346E+01 -.200559E+01 0.177210E+02
 -.260587E+00 -.420742E+01 -.182689E+01 -.198856E+01 0.144096E+02
 -.238659E+00 -.422468E+01 -.183098E+01 -.204890E+01 0.147111E+02
 -.262982E+00 -.421466E+01 -.182712E+01 -.201652E+01 0.140360E+02
 -.265292E+00 -.420536E+01 -.182630E+01 -.202163E+01 0.140941E+02
 -.255645E+00 -.420388E+01 -.183066E+01 -.200783E+01 0.142018E+02
 -.273791E+00 -.422153E+01 -.182434E+01 -.203926E+01 0.150529E+02
 -.266221E+00 -.422011E+01 -.182660E+01 -.202784E+01 0.142410E+02
 -.249038E+00 -.420059E+01 -.182728E+01 -.198803E+01 0.158757E+02
 -.277315E+00 -.421147E+01 -.182527E+01 -.197674E+01 0.140717E+02
 -.248630E+00 -.419799E+01 -.180927E+01 -.199127E+01 0.187313E+02
 -.271520E+00 -.419142E+01 -.180101E+01 -.204548E+01 0.141123E+02
 -.275404E+00 -.445659E+01 -.182463E+01 -.199193E+01 0.197294E+02
 -.277133E+00 -.421102E+01 -.182475E+01 -.197582E+01 0.140565E+02
 -.273656E+00 -.421475E+01 -.183075E+01 -.198939E+01 0.142217E+02
 -.269799E+00 -.422145E+01 -.182834E+01 -.198520E+01 0.140539E+02
 -.268490E+00 -.420454E+01 -.181686E+01 -.200014E+01 0.141549E+02
 -.278965E+00 -.419372E+01 -.179501E+01 -.203865E+01 0.141007E+02
 -.272097E+00 -.421697E+01 -.181980E+01 -.199776E+01 0.140374E+02
 -.270433E+00 -.433000E+01 -.182670E+01 -.203307E+01 0.164742E+02
 -.278813E+00 -.422030E+01 -.184986E+01 -.203223E+01 0.197190E+02
 -.272456E+00 -.420926E+01 -.182234E+01 -.200117E+01 0.140593E+02
 -.248493E+00 -.421396E+01 -.183835E+01 -.204910E+01 0.140913E+02
 -.263597E+00 -.421407E+01 -.181444E+01 -.194522E+01 0.174086E+02
 -.245885E+00 -.420167E+01 -.180772E+01 -.206674E+01 0.153552E+02
 -.264185E+00 -.422249E+01 -.184371E+01 -.193937E+01 0.144314E+02
 -.212391E+00 -.420389E+01 -.185179E+01 -.201361E+01 0.183498E+02
 -.272409E+00 -.420347E+01 -.182299E+01 -.199895E+01 0.140600E+02
 -.271062E+00 -.420706E+01 -.183163E+01 -.199478E+01 0.141777E+02
 -.264628E+00 -.420595E+01 -.182259E+01 -.200030E+01 0.141426E+02
 -.258659E+00 -.421761E+01 -.182523E+01 -.206009E+01 0.142301E+02
 -.263346E+00 -.420852E+01 -.184005E+01 -.197791E+01 0.140391E+02
 -.266168E+00 -.420673E+01 -.182394E+01 -.199134E+01 0.141454E+02
 -.253701E+00 -.420610E+01 -.182832E+01 -.198826E+01 0.150325E+02
 -.271224E+00 -.420924E+01 -.182591E+01 -.194597E+01 0.147076E+02
 -.270708E+00 -.427368E+01 -.183978E+01 -.206493E+01 0.184577E+02
 -.275787E+00 -.421706E+01 -.182557E+01 -.201247E+01 0.145834E+02
 -.263831E+00 -.421184E+01 -.181998E+01 -.198573E+01 0.146280E+02
 -.212947E+00 -.425354E+01 -.184544E+01 -.211679E+01 0.149833E+02
 -.266281E+00 -.421113E+01 -.181892E+01 -.199275E+01 0.143122E+02
 -.264864E+00 -.420890E+01 -.182145E+01 -.200989E+01 0.140676E+02
 -.259916E+00 -.421340E+01 -.182974E+01 -.194559E+01 0.159223E+02
 -.255358E+00 -.430018E+01 -.178110E+01 -.210352E+01 0.164685E+02
 -.166919E+00 -.420338E+01 -.183122E+01 -.232213E+01 0.191721E+02
 -.272622E+00 -.420952E+01 -.183197E+01 -.197535E+01 0.140648E+02
 -.325848E+00 -.421503E+01 -.181556E+01 -.194747E+01 0.193440E+02
 -.271925E+00 -.431692E+01 -.182742E+01 -.201408E+01 0.158476E+02
 -.263096E+00 -.420358E+01 -.183024E+01 -.204505E+01 0.145025E+02
 -.267025E+00 -.421469E+01 -.183341E+01 -.200862E+01 0.142292E+02
 -.276390E+00 -.422152E+01 -.184196E+01 -.197644E+01 0.148178E+02
 -.251715E+00 -.421701E+01 -.182720E+01 -.199199E+01 0.152631E+02
 -.285240E+00 -.420177E+01 -.184714E+01 -.201344E+01 0.194709E+02
 -.190631E+00 -.419449E+01 -.188338E+01 -.213493E+01 0.142593E+02
 -.270008E+00 -.426614E+01 -.183145E+01 -.192253E+01 0.157215E+02
 -.262335E+00 -.420435E+01 -.185156E+01 -.192320E+01 0.145709E+02
 -.359460E+00 -.423293E+01 -.174357E+01 -.198365E+01 0.196326E+02
 -.279117E+00 -.422550E+01 -.185287E+01 -.200853E+01 0.186052E+02
 -.259830E+00 -.420411E+01 -.176501E+01 -.223943E+01 0.143754E+02
 -.262670E+00 -.420921E+01 -.182640E+01 -.200823E+01 0.140486E+02
 -.255578E+00 -.420491E+01 -.183153E+01 -.201682E+01 0.140785E+02
 -.271333E+00 -.420840E+01 -.176926E+01 -.202291E+01 0.176033E+02
 -.265571E+00 -.421038E+01 -.182377E+01 -.198103E+01 0.143644E+02
 -.276607E+00 -.420999E+01 -.180737E+01 -.197327E+01 0.145949E+02
 -.269388E+00 -.420907E+01 -.183053E+01 -.200672E+01 0.142243E+02
 -.262130E+00 -.426637E+01 -.183556E+01 -.206256E+01 0.158841E+02
 -.271672E+00 -.411469E+01 -.181756E+01 -.197966E+01 0.160227E+02
 -.262253E+00 -.423937E+01 -.184086E+01 -.201551E+01 0.145770E+02
 -.271893E+00 -.421073E+01 -.182590E+01 -.199107E+01 0.140294E+02
 -.261277E+00 -.420278E+01 -.185077E+01 -.199412E+01 0.144588E+02
 -.263496E+00 -.421707E+01 -.182547E+01 -.200539E+01 0.140704E+02
 -.260864E+00 -.420820E+01 -.183365E+01 -.200625E+01 0.140320E+02
 -.258954E+00 -.420996E+01 -.182229E+01 -.203453E+01 0.140470E+02
 -.253890E+00 -.420936E+01 -.182356E+01 -.193255E+01 0.194034E+02
 -.278822E+00 -.421054E+01 -.182874E+01 -.202832E+01 0.158668E+02
 -.278637E+00 -.422762E+01 -.183195E+01 -.196650E+01 0.142278E+02
 -.272413E+00 -.422257E+01 -.182522E+01 -.197229E+01 0.141062E+02
 -.267764E+00 -.417650E+01 -.182496E+01 -.205583E+01 0.150206E+02
 -.273563E+00 -.421110E+01 -.183020E+01 -.199285E+01 0.142447E+02
 -.265442E+00 -.421429E+01 -.185900E+01 -.199949E+01 0.159726E+02
 -.262661E+00 -.421018E+01 -.182860E+01 -.199006E+01 0.141708E+02
 -.265508E+00 -.420494E+01 -.184202E+01 -.199391E+01 0.142914E+02
 -.291209E+00 -.421164E+01 -.180499E+01 -.205767E+01 0.165018E+02
 -.294562E+00 -.421189E+01 -.182465E+01 -.199145E+01 0.163770E+02
 -.283043E+00 -.420485E+01 -.180068E+01 -.198289E+01 0.142421E+02
 -.267741E+00 -.426565E+01 -.182497E+01 -.197130E+01 0.147556E+02
 -.264851E+00 -.420833E+01 -.181165E+01 -.198761E+01 0.151364E+02
 -.276086E+00 -.420889E+01 -.182300E+01 -.199418E+01 0.141226E+02
 -.270479E+00 -.421229E+01 -.182578E+01 -.200573E+01 0.141115E+02
 -.177742E+00 -.421220E+01 -.181657E+01 -.275722E+01 0.153099E+02
 -.273330E+00 -.420946E+01 -.182389E+01 -.202512E+01 0.145242E+02
 -.267597E+00 -.421108E+01 -.182750E+01 -.205157E+01 0.149513E+02
 -.269930E+00 -.421126E+01 -.182968E+01 -.199186E+01 0.140581E+02
 -.268275E+00 -.422746E+01 -.180777E+01 -.199660E+01 0.147624E+02
 -.280534E+00 -.420847E+01 -.181797E+01 -.200735E+01 0.143990E+02
 -.272266E+00 -.421189E+01 -.182502E+01 -.200965E+01 0.141987E+02
 -.239452E+00 -.420961E+01 -.181606E+01 -.202428E+01 0.174865E+02
 -.237975E+00 -.421629E+01 -.183061E+01 -.199016E+01 0.175527E+02
 -.261303E+00 -.421759E+01 -.179614E+01 -.201640E+01 0.161916E+02
 -.284201E+00 -.420252E+01 -.182176E+01 -.196791E+01 0.141397E+02
 -.269434E+00 -.421127E+01 -.187030E+01 -.200553E+01 0.191947E+02
 -.263610E+00 -.421209E+01 -.183646E+01 -.194218E+01 0.148590E+02
 -.275977E+00 -.420903E+01 -.182477E+01 -.201760E+01 0.146661E+02
 -.267075E+00 -.421052E+01 -.182780E+01 -.199495E+01 0.140313E+02
 -.263334E+00 -.420785E+01 -.182942E+01 -.199898E+01 0.140469E+02
 -.273083E+00 -.427337E+01 -.180784E+01 -.207083E+01 0.151644E+02
 -.266517E+00 -.422705E+01 -.182897E+01 -.198683E+01 0.141051E+02
 -.273166E+00 -.411619E+01 -.183251E+01 -.197711E+01 0.157071E+02
 -.276351E+00 -.419316E+01 -.182443E+01 -.198406E+01 0.141169E+02
 -.280815E+00 -.425231E+01 -.179127E+01 -.198319E+01 0.152245E+02
 -.261011E+00 -.436244E+01 -.182965E+01 -.199665E+01 0.166960E+02
 -.265356E+00 -.421084E+01 -.182818E+01 -.197754E+01 0.142425E+02
 -.268489E+00 -.423155E+01 -.182287E+01 -.203152E+01 0.143366E+02
 -.255937E+00 -.421775E+01 -.177099E+01 -.207016E+01 0.184603E+02
 -.289603E+00 -.423836E+01 -.181901E+01 -.197017E+01 0.144774E+02
 -.268691E+00 -.406127E+01 -.180635E+01 -.201708E+01 0.190213E+02
 -.271487E+00 -.420625E+01 -.182120E+01 -.199172E+01 0.140446E+02
 -.264805E+00 -.421455E+01 -.183408E+01 -.199994E+01 0.140751E+02
 -.268860E+00 -.420033E+01 -.178172E+01 -.220913E+01 0.154927E+02
 -.330753E+00 -.419839E+01 -.184670E+01 -.182807E+01 0.155961E+02
 -.279452E+00 -.421211E+01 -.182626E+01 -.200218E+01 0.147182E+02
 -.278410E+00 -.420815E+01 -.182728E+01 -.198563E+01 0.142886E+02
 -.321362E+00 -.420010E+01 -.180193E+01 -.186144E+01 0.145382E+02
 -.266384E+00 -.420348E+01 -.182850E+01 -.199010E+01 0.140559E+02
 -.269252E+00 -.420818E+01 -.183528E+01 -.199481E+01 0.142254E+02
 -.299862E+00 -.420641E+01 -.182400E+01 -.195131E+01 0.151979E+02
 -.273228E+00 -.422354E+01 -.182658E+01 -.197471E+01 0.140658E+02
 -.224024E+00 -.423272E+01 -.181807E+01 -.207883E+01 0.177325E+02
 -.264642E+00 -.421127E+01 -.183445E+01 -.203715E+01 0.147547E+02
 -.306875E+00 -.412586E+01 -.178455E+01 -.191485E+01 0.165407E+02
 -.275538E+00 -.424013E+01 -.184853E+01 -.196435E+01 0.149753E+02
 -.293784E+00 -.421372E+01 -.182213E+01 -.197861E+01 0.153195E+02
 -.270611E+00 -.421771E+01 -.177248E+01 -.229101E+01 0.170510E+02
 -.267876E+00 -.420928E+01 -.182930E+01 -.198284E+01 0.140536E+02
 -.321916E+00 -.423518E+01 -.177448E+01 -.204822E+01 0.188806E+02
 -.269731E+00 -.421633E+01 -.185828E+01 -.202215E+01 0.181449E+02
 -.264187E+00 -.420529E+01 -.183383E+01 -.198397E+01 0.140600E+02
 -.274569E+00 -.421149E+01 -.182293E+01 -.187247E+01 0.197712E+02
 -.280481E+00 -.435018E+01 -.181827E+01 -.201178E+01 0.168187E+02
 -.266141E+00 -.420890E+01 -.183179E+01 -.200852E+01 0.141379E+02
 -.306070E+00 -.421652E+01 -.177907E+01 -.197665E+01 0.140722E+02
 -.271972E+00 -.418225E+01 -.182556E+01 -.197465E+01 0.142036E+02
 -.270385E+00 -.420110E+01 -.183146E+01 -.200117E+01 0.142379E+02
 -.261745E+00 -.421229E+01 -.182464E+01 -.197269E+01 0.149248E+02
 -.275873E+00 -.423851E+01 -.182950E+01 -.200598E+01 0.148299E+02
 -.202936E+00 -.415938E+01 -.191335E+01 -.192926E+01 0.160817E+02
 -.281022E+00 -.420855E+01 -.182663E+01 -.197927E+01 0.143109E+02
 -.260318E+00 -.422567E+01 -.183794E+01 -.191948E+01 0.164102E+02
 -.256581E+00 -.418168E+01 -.181166E+01 -.208421E+01 0.141793E+02
 -.277748E+00 -.424817E+01 -.182247E+01 -.199917E+01 0.144803E+02
 -.266429E+00 -.420911E+01 -.182570E+01 -.200414E+01 0.140284E+02
 -.253054E+00 -.420547E+01 -.182641E+01 -.200491E+01 0.147118E+02
 -.271607E+00 -.420524E+01 -.177136E+01 -.202931E+01 0.168412E+02
 -.269673E+00 -.421039E+01 -.183411E+01 -.198239E+01 0.140655E+02
 -.291746E+00 -.428923E+01 -.174695E+01 -.205004E+01 0.158562E+02
 -.275903E+00 -.421233E+01 -.182977E+01 -.202014E+01 0.151876E+02
 -.266876E+00 -.421028E+01 -.182591E+01 -.200593E+01 0.140325E+02
 -.241784E+00 -.429697E+01 -.185518E+01 -.190704E+01 0.196558E+02
 -.259869E+00 -.420922E+01 -.183548E+01 -.204243E+01 0.144947E+02
 -.269933E+00 -.411444E+01 -.182928E+01 -.197188E+01 0.158024E+02
 -.265134E+00 -.417469E+01 -.181576E+01 -.207377E+01 0.145915E+02
 -.279616E+00 -.421202E+01 -.182383E+01 -.197822E+01 0.141225E+02
 -.270647E+00 -.421785E+01 -.177191E+01 -.203154E+01 0.168620E+02
 -.272231E+00 -.421286E+01 -.182685E+01 -.200275E+01 0.141660E+02
 -.271669E+00 -.421093E+01 -.181299E+01 -.203793E+01 0.141502E+02
 -.271263E+00 -.421153E+01 -.182334E+01 -.199933E+01 0.140416E+02
 -.268080E+00 -.422613E+01 -.180129E+01 -.205532E+01 0.141124E+02
 -.274956E+00 -.422994E+01 -.182423E+01 -.193587E+01 0.148273E+02
 -.252170E+00 -.425450E+01 -.182408E+01 -.203999E+01 0.144726E+02
 -.266492E+00 -.419559E+01 -.182543E+01 -.201673E+01 0.140963E+02
 -.270943E+00 -.422128E+01 -.182157E+01 -.199290E+01 0.140601E+02
 -.275921E+00 -.421080E+01 -.182897E+01 -.197478E+01 0.140880E+02
 -.304251E+00 -.420624E+01 -.182804E+01 -.198754E+01 0.189481E+02
 -.261088E+00 -.419380E+01 -.182246E+01 -.197738E+01 0.150764E+02
 -.273987E+00 -.420942E+01 -.183309E+01 -.197500E+01 0.141212E+02
 -.264615E+00 -.421527E+01 -.182310E+01 -.196057E+01 0.151760E+02
 -.299997E+00 -.421588E+01 -.183940E+01 -.189435E+01 0.144272E+02
 -.261871E+00 -.420874E+01 -.178845E+01 -.198574E+01 0.194874E+02
 -.284126E+00 -.421338E+01 -.182572E+01 -.199779E+01 0.150848E+02
 -.341512E+00 -.420414E+01 -.187601E+01 -.175722E+01 0.155656E+02
 -.268175E+00 -.421181E+01 -.180158E+01 -.201007E+01 0.148067E+02
 -.282687E+00 -.421286E+01 -.182729E+01 -.199810E+01 0.150497E+02
 -.269905E+00 -.420991E+01 -.182812E+01 -.201000E+01 0.141931E+02
 -.252888E+00 -.419613E+01 -.181803E+01 -.203239E+01 0.146231E+02
 -.274186E+00 -.421269E+01 -.179154E+01 -.201416E+01 0.147815E+02
 -.276419E+00 -.421327E+01 -.182999E+01 -.201304E+01 0.150230E+02
 -.280513E+00 -.421101E+01 -.181933E+01 -.199695E+01 0.142653E+02
 -.252626E+00 -.413994E+01 -.182350E+01 -.199943E+01 0.160999E+02
 -.291868E+00 -.420753E+01 -.181964E+01 -.192592E+01 0.141213E+02
 -.264057E+00 -.419685E+01 -.185778E+01 -.194860E+01 0.141694E+02
 -.265330E+00 -.420102E+01 -.183448E+01 -.203188E+01 0.146821E+02
 -.249708E+00 -.420067E+01 -.183848E+01 -.198404E+01 0.147951E+02
 -.266183E+00 -.421201E+01 -.182672E+01 -.199865E+01 0.140359E+02
 -.273717E+00 -.421469E+01 -.182840E+01 -.196697E+01 0.140614E+02
 -.272840E+00 -.420530E+01 -.182714E+01 -.198040E+01 0.140347E+02
 -.269882E+00 -.422208E+01 -.181708E+01 -.199217E+01 0.142017E+02
 -.259510E+00 -.419942E+01 -.183059E+01 -.196286E+01 0.150790E+02
 -.278165E+00 -.421099E+01 -.182558E+01 -.199869E+01 0.144575E+02
 -.272565E+00 -.420852E+01 -.174715E+01 -.211478E+01 0.160706E+02
 -.268153E+00 -.420263E+01 -.183003E+01 -.202009E+01 0.143693E+02
 -.273848E+00 -.422507E+01 -.181944E+01 -.203475E+01 0.145933E+02
 -.242325E+00 -.421083E+01 -.183036E+01 -.196372E+01 0.184745E+02
 -.260300E+00 -.420739E+01 -.183646E+01 -.198159E+01 0.141427E+02
 -.295710E+00 -.425749E+01 -.177847E+01 -.206021E+01 0.150025E+02
 -.260589E+00 -.419720E+01 -.181961E+01 -.202775E+01 0.141186E+02
 -.290893E+00 -.420907E+01 -.182195E+01 -.198165E+01 0.150238E+02
 -.257178E+00 -.421694E+01 -.177755E+01 -.204373E+01 0.185877E+02
 -.263631E+00 -.420105E+01 -.182389E+01 -.199655E+01 0.142078E+02
 -.265656E+00 -.419390E+01 -.180916E+01 -.197837E+01 0.157417E+02
 -.236505E+00 -.420314E+01 -.183055E+01 -.197215E+01 0.194117E+02
 -.269273E+00 -.420628E+01 -.182193E+01 -.198935E+01 0.141031E+02
 -.262099E+00 -.421355E+01 -.182205E+01 -.197911E+01 0.148718E+02
 -.253209E+00 -.421034E+01 -.183601E+01 -.191094E+01 0.191589E+02
 -.263794E+00 -.421404E+01 -.183135E+01 -.203401E+01 0.143978E+02
 -.256575E+00 -.421555E+01 -.181736E+01 -.223218E+01 0.188732E+02
 -.272579E+00 -.421261E+01 -.186174E+01 -.198664E+01 0.170151E+02
 -.274541E+00 -.421323E+01 -.183238E+01 -.200761E+01 0.148204E+02
 -.268070E+00 -.420279E+01 -.182337E+01 -.200820E+01 0.140383E+02
 -.259481E+00 -.418341E+01 -.184376E+01 -.205100E+01 0.154855E+02
 -.269316E+00 -.421145E+01 -.183308E+01 -.201388E+01 0.144965E+02
 -.277436E+00 -.421823E+01 -.179460E+01 -.204379E+01 0.140674E+02
 -.262241E+00 -.421027E+01 -.182617E+01 -.201308E+01 0.140373E+02
 -.282659E+00 -.420517E+01 -.183247E+01 -.195109E+01 0.141754E+02
 -.277580E+00 -.422658E+01 -.182864E+01 -.201936E+01 0.153376E+02
 -.259729E+00 -.420961E+01 -.183794E+01 -.206618E+01 0.153972E+02
 -.272127E+00 -.416999E+01 -.183657E+01 -.186779E+01 0.186336E+02
 -.276343E+00 -.420857E+01 -.182438E+01 -.195780E+01 0.141436E+02
 -.254391E+00 -.420728E+01 -.185350E+01 -.200722E+01 0.143599E+02
 -.267687E+00 -.421740E+01 -.184193E+01 -.197243E+01 0.141155E+02
 -.261665E+00 -.420919E+01 -.183210E+01 -.200135E+01 0.140356E+02
 -.263971E+00 -.418393E+01 -.182246E+01 -.193521E+01 0.169471E+02
 -.211477E+00 -.421805E+01 -.182986E+01 -.229406E+01 0.146023E+02
 -.264291E+00 -.421004E+01 -.183308E+01 -.202800E+01 0.144025E+02
 -.259952E+00 -.411698E+01 -.182703E+01 -.198139E+01 0.162844E+02
 -.273020E+00 -.420278E+01 -.182285E+01 -.201119E+01 0.141833E+02
 -.260120E+00 -.420982E+01 -.182912E+01 -.196270E+01 0.151195E+02
 -.273084E+00 -.422141E+01 -.180214E+01 -.200176E+01 0.145091E+02
 -.346506E+00 -.424789E+01 -.173780E+01 -.200437E+01 0.169579E+02
 -.271161E+00 -.420501E+01 -.182736E+01 -.201507E+01 0.143255E+02
 -.260411E+00 -.425677E+01 -.183567E+01 -.201396E+01 0.144214E+02
 -.263548E+00 -.412483E+01 -.181303E+01 -.220523E+01 0.197201E+02
 -.271317E+00 -.420829E+01 -.182758E+01 -.188644E+01 0.182838E+02
 -.294674E+00 -.422683E+01 -.181934E+01 -.200585E+01 0.165402E+02
 -.271220E+00 -.418659E+01 -.182613E+01 -.198878E+01 0.141128E+02
 -.268588E+00 -.421043E+01 -.183131E+01 -.198680E+01 0.140341E+02
 -.272734E+00 -.420725E+01 -.183046E+01 -.198729E+01 0.141350E+02
 -.274305E+00 -.421303E+01 -.185561E+01 -.202903E+01 0.193435E+02
 -.261645E+00 -.420561E+01 -.185999E+01 -.202213E+01 0.165820E+02
 -.269103E+00 -.421068E+01 -.183419E+01 -.202616E+01 0.149013E+02
 -.274249E+00 -.421375E+01 -.183013E+01 -.209847E+01 0.189874E+02
 -.264126E+00 -.421017E+01 -.182502E+01 -.200432E+01 0.140613E+02
 -.267753E+00 -.427359E+01 -.183279E+01 -.202845E+01 0.153177E+02
 -.260148E+00 -.419061E+01 -.181569E+01 -.193965E+01 0.186280E+02
 -.274909E+00 -.421248E+01 -.182734E+01 -.199222E+01 0.141886E+02
 -.300640E+00 -.421708E+01 -.178042E+01 -.194291E+01 0.149582E+02
 -.257104E+00 -.420032E+01 -.187572E+01 -.200822E+01 0.173218E+02
 -.278001E+00 -.420607E+01 -.182781E+01 -.198173E+01 0.142213E+02
 -.277977E+00 -.420977E+01 -.180787E+01 -.202592E+01 0.141390E+02
 -.280820E+00 -.421225E+01 -.182541E+01 -.196743E+01 0.140981E+02
 -.278508E+00 -.420683E+01 -.170449E+01 -.231268E+01 0.151898E+02
 -.276463E+00 -.420958E+01 -.182211E+01 -.202778E+01 0.147922E+02
 -.268772E+00 -.420979E+01 -.183710E+01 -.202274E+01 0.150091E+02
 -.263080E+00 -.420876E+01 -.182432E+01 -.194252E+01 0.162317E+02
 -.260433E+00 -.419721E+01 -.182798E+01 -.194042E+01 0.164147E+02
 -.255646E+00 -.425854E+01 -.183581E+01 -.197937E+01 0.148359E+02
 -.265612E+00 -.418368E+01 -.182620E+01 -.199611E+01 0.141707E+02
 -.272394E+00 -.420613E+01 -.180495E+01 -.199146E+01 0.146598E+02
 -.269724E+00 -.420896E+01 -.182837E+01 -.196649E+01 0.141802E+02
 -.344600E+00 -.421447E+01 -.169216E+01 -.209339E+01 0.159099E+02
 -.328193E+00 -.419631E+01 -.183026E+01 -.186549E+01 0.156979E+02
 -.263729E+00 -.421206E+01 -.184768E+01 -.197714E+01 0.141671E+02
 -.261918E+00 -.420501E+01 -.184459E+01 -.203274E+01 0.151676E+02
 -.266338E+00 -.417500E+01 -.183136E+01 -.199528E+01 0.142235E+02
 -.266386E+00 -.420705E+01 -.179239E+01 -.200116E+01 0.165036E+02
 -.261737E+00 -.421573E+01 -.182900E+01 -.199262E+01 0.141711E+02
 -.285155E+00 -.421586E+01 -.181925E+01 -.198348E+01 0.143347E+02
 -.262220E+00 -.421437E+01 -.181895E+01 -.205429E+01 0.141167E+02
 -.256026E+00 -.420197E+01 -.182637E+01 -.197965E+01 0.152575E+02
 -.263843E+00 -.420943E+01 -.182603E+01 -.202198E+01 0.140514E+02
 -.267429E+00 -.421331E+01 -.184119E+01 -.202419E+01 0.153035E+02
 -.264929E+00 -.420759E+01 -.182704E+01 -.200159E+01 0.140368E+02
 -.303488E+00 -.420822E+01 -.184135E+01 -.196530E+01 0.195010E+02
 -.272745E+00 -.420733E+01 -.183435E+01 -.202858E+01 0.155280E+02
 -.256147E+00 -.422760E+01 -.184274E+01 -.205350E+01 0.150374E+02
 -.252845E+00 -.421017E+01 -.182721E+01 -.205990E+01 0.140613E+02
 -.262460E+00 -.420723E+01 -.182514E+01 -.192322E+01 0.176362E+02
 -.262704E+00 -.420826E+01 -.179394E+01 -.198878E+01 0.179407E+02
 -.259113E+00 -.419910E+01 -.183009E+01 -.203419E+01 0.141001E+02
 -.225901E+00 -.419113E+01 -.185179E+01 -.198224E+01 0.172978E+02
 -.260637E+00 -.421335E+01 -.182829E+01 -.197824E+01 0.145845E+02
 -.272889E+00 -.420657E+01 -.182647E+01 -.201146E+01 0.143505E+02
 -.269086E+00 -.420146E+01 -.182671E+01 -.198444E+01 0.140664E+02
 -.269180E+00 -.417731E+01 -.182777E+01 -.192988E+01 0.157101E+02
 -.263493E+00 -.419090E+01 -.182926E+01 -.203210E+01 0.142752E+02
 -.260945E+00 -.422141E+01 -.182741E+01 -.201477E+01 0.140608E+02
 -.261936E+00 -.418799E+01 -.181871E+01 -.206143E+01 0.142219E+02
 -.267040E+00 -.420844E+01 -.184129E+01 -.199817E+01 0.144507E+02
 -.254777E+00 -.419317E+01 -.182593E+01 -.200430E+01 0.146334E+02
 -.281808E+00 -.418625E+01 -.181667E+01 -.195743E+01 0.142494E+02
 -.255915E+00 -.418355E+01 -.183116E+01 -.201595E+01 0.141811E+02
 -.255399E+00 -.431799E+01 -.182829E+01 -.200750E+01 0.157271E+02
 -.270826E+00 -.420989E+01 -.182714E+01 -.199074E+01 0.140258E+02
 -.258413E+00 -.420950E+01 -.182897E+01 -.204918E+01 0.141934E+02
 -.264428E+00 -.420395E+01 -.186029E+01 -.194758E+01 0.142327E+02
 -.178508E+00 -.425291E+01 -.182744E+01 -.245693E+01 0.155192E+02
 -.260691E+00 -.421022E+01 -.183565E+01 -.200590E+01 0.140447E+02
 -.263374E+00 -.420022E+01 -.182085E+01 -.200566E+01 0.142027E+02
 -.245426E+00 -.419098E+01 -.181036E+01 -.206101E+01 0.153914E+02
 -.264355E+00 -.421603E+01 -.183103E+01 -.201816E+01 0.141624E+02
 -.242555E+00 -.419321E+01 -.180801E+01 -.225108E+01 0.152516E+02
 -.264058E+00 -.421209E+01 -.183637E+01 -.199998E+01 0.140988E+02
 -.240343E+00 -.421090E+01 -.183740E+01 -.200765E+01 0.152017E+02
 -.275926E+00 -.420976E+01 -.183229E+01 -.204886E+01 0.168239E+02
 -.267206E+00 -.420855E+01 -.182563E+01 -.205587E+01 0.148727E+02
 -.282153E+00 -.434682E+01 -.177366E+01 -.202931E+01 0.167962E+02
 -.269247E+00 -.414519E+01 -.182668E+01 -.194032E+01 0.158915E+02
 -.250429E+00 -.421290E+01 -.182966E+01 -.200698E+01 0.146803E+02
 -.255704E+00 -.422082E+01 -.180917E+01 -.206459E+01 0.142769E+02
 -.253899E+00 -.420805E+01 -.185819E+01 -.200242E+01 0.144942E+02
 -.248722E+00 -.423179E+01 -.187371E+01 -.196377E+01 0.143319E+02
 -.215135E+00 -.421186E+01 -.184642E+01 -.211682E+01 0.144292E+02
 -.441659E+00 -.421784E+01 -.161533E+01 -.188965E+01 0.176549E+02
 -.268493E+00 -.420724E+01 -.180979E+01 -.195801E+01 0.161975E+02
 -.273158E+00 -.421108E+01 -.182423E+01 -.201615E+01 0.143330E+02
 -.256625E+00 -.420672E+01 -.182678E+01 -.200838E+01 0.142963E+02
 -.262963E+00 -.421000E+01 -.183150E+01 -.200633E+01 0.140354E+02
 -.255353E+00 -.423942E+01 -.182907E+01 -.200257E+01 0.145079E+02
 -.194427E+00 -.421398E+01 -.185361E+01 -.233951E+01 0.154014E+02
 -.258428E+00 -.421546E+01 -.181951E+01 -.201068E+01 0.145094E+02
 -.260897E+00 -.421807E+01 -.183206E+01 -.202270E+01 0.141097E+02
 -.270883E+00 -.419870E+01 -.182542E+01 -.197605E+01 0.141212E+02
 -.381931E+00 -.427582E+01 -.165915E+01 -.202487E+01 0.174999E+02
 -.247740E+00 -.421860E+01 -.182961E+01 -.202397E+01 0.145144E+02
 -.247733E+00 -.419059E+01 -.183021E+01 -.204517E+01 0.141795E+02
 -.271565E+00 -.422124E+01 -.182136E+01 -.210221E+01 0.170005E+02
 -.266175E+00 -.417205E+01 -.181372E+01 -.198865E+01 0.150194E+02
 -.327247E+00 -.420257E+01 -.172101E+01 -.199666E+01 0.145771E+02
 -.253717E+00 -.422509E+01 -.179820E+01 -.199447E+01 0.192043E+02
 -.270227E+00 -.421056E+01 -.183300E+01 -.200648E+01 0.143973E+02
 -.275953E+00 -.421023E+01 -.183030E+01 -.201798E+01 0.151628E+02
 -.240421E+00 -.420944E+01 -.185807E+01 -.194497E+01 0.157665E+02
 -.271439E+00 -.421635E+01 -.185889E+01 -.201359E+01 0.180881E+02
 -.255392E+00 -.422715E+01 -.184229E+01 -.206560E+01 0.152890E+02
 -.264874E+00 -.420962E+01 -.182670E+01 -.203342E+01 0.142279E+02
 -.271713E+00 -.421144E+01 -.181874E+01 -.199529E+01 0.140500E+02
 -.264334E+00 -.420713E+01 -.183063E+01 -.200329E+01 0.140342E+02
 -.235493E+00 -.419347E+01 -.184242E+01 -.205059E+01 0.142628E+02
 -.275295E+00 -.420972E+01 -.182812E+01 -.209151E+01 0.184307E+02
 -.264093E+00 -.432523E+01 -.182665E+01 -.201671E+01 0.156674E+02
 -.255076E+00 -.424067E+01 -.183225E+01 -.194356E+01 0.167319E+02
 -.265058E+00 -.420802E+01 -.182948E+01 -.199878E+01 0.140301E+02
 -.293677E+00 -.419560E+01 -.183578E+01 -.194135E+01 0.150657E+02
 -.267918E+00 -.420881E+01 -.182725E+01 -.198572E+01 0.140640E+02
 -.258145E+00 -.420809E+01 -.183237E+01 -.195514E+01 0.154102E+02
 -.263580E+00 -.421089E+01 -.182542E+01 -.198812E+01 0.142771E+02
 -.291947E+00 -.420687E+01 -.182146E+01 -.204171E+01 0.184282E+02
 -.284272E+00 -.421245E+01 -.180874E+01 -.196650E+01 0.141373E+02
 -.233128E+00 -.421041E+01 -.183235E+01 -.203143E+01 0.159346E+02
 -.266420E+00 -.419482E+01 -.184261E+01 -.208736E+01 0.185705E+02
 -.262176E+00 -.417360E+01 -.183025E+01 -.198993E+01 0.143561E+02
 -.264671E+00 -.421916E+01 -.183946E+01 -.199597E+01 0.141803E+02
 -.264263E+00 -.417719E+01 -.184248E+01 -.197580E+01 0.142170E+02
 -.267802E+00 -.419305E+01 -.182832E+01 -.199042E+01 0.140753E+02
 -.256997E+00 -.420711E+01 -.182675E+01 -.198806E+01 0.147760E+02
 -.290838E+00 -.422541E+01 -.178596E+01 -.209070E+01 0.156593E+02
 -.245666E+00 -.420466E+01 -.182676E+01 -.200100E+01 0.158757E+02
 -.261932E+00 -.421161E+01 -.180581E+01 -.201127E+01 0.151920E+02
 -.276063E+00 -.422617E+01 -.183170E+01 -.201433E+01 0.152329E+02
 -.258594E+00 -.420576E+01 -.182267E+01 -.208975E+01 0.146103E+02
 -.260446E+00 -.419551E+01 -.180899E+01 -.224228E+01 0.187525E+02
 -.267345E+00 -.420719E+01 -.184836E+01 -.200392E+01 0.152282E+02
 -.246524E+00 -.421133E+01 -.182782E+01 -.200728E+01 0.153254E+02
 -.241631E+00 -.421113E+01 -.183110E+01 -.200492E+01 0.158338E+02
 -.258537E+00 -.421453E+01 -.183451E+01 -.205421E+01 0.145937E+02
 -.246976E+00 -.420834E+01 -.182556E+01 -.203404E+01 0.146033E+02
 -.264222E+00 -.420985E+01 -.182555E+01 -.200491E+01 0.140478E+02
 -.266176E+00 -.420966E+01 -.185595E+01 -.202550E+01 0.170960E+02
 -.264536E+00 -.420768E+01 -.182561E+01 -.199399E+01 0.141306E+02
 -.268681E+00 -.420654E+01 -.183203E+01 -.196884E+01 0.140955E+02
 -.276019E+00 -.426884E+01 -.183213E+01 -.206526E+01 0.183441E+02
 -.231383E+00 -.421315E+01 -.183259E+01 -.211588E+01 0.141378E+02
 -.274821E+00 -.421898E+01 -.180960E+01 -.202253E+01 0.140634E+02
 -.260602E+00 -.421078E+01 -.184656E+01 -.200933E+01 0.144853E+02
 -.263037E+00 -.420226E+01 -.182811E+01 -.202018E+01 0.140600E+02
 -.228041E+00 -.419634E+01 -.186129E+01 -.205451E+01 0.140997E+02
 -.260357E+00 -.421228E+01 -.182787E+01 -.200334E+01 0.141282E+02
 -.267201E+00 -.420679E+01 -.182546E+01 -.201676E+01 0.140931E+02
 -.267205E+00 -.419895E+01 -.182723E+01 -.200704E+01 0.140692E+02
 -.270968E+00 -.417303E+01 -.182811E+01 -.194898E+01 0.147387E+02
 -.271190E+00 -.419975E+01 -.182746E+01 -.202319E+01 0.145183E+02
 -.250242E+00 -.420352E+01 -.182848E+01 -.201080E+01 0.146848E+02
 -.263771E+00 -.420567E+01 -.182371E+01 -.200815E+01 0.140690E+02
 -.267111E+00 -.418688E+01 -.181503E+01 -.200445E+01 0.143165E+02
 -.270878E+00 -.420944E+01 -.183124E+01 -.200131E+01 0.142537E+02
 -.253117E+00 -.416805E+01 -.181040E+01 -.196684E+01 0.195563E+02
 -.258924E+00 -.422111E+01 -.183115E+01 -.199745E+01 0.141817E+02
 -.281061E+00 -.420409E+01 -.182075E+01 -.201945E+01 0.150111E+02
 -.231170E+00 -.422714E+01 -.177179E+01 -.225015E+01 0.166179E+02
 -.293900E+00 -.419043E+01 -.182409E+01 -.193800E+01 0.143128E+02
 -.288022E+00 -.429477E+01 -.175757E+01 -.212670E+01 0.152076E+02
 -.282315E+00 -.424924E+01 -.182620E+01 -.199949E+01 0.151984E+02
 -.267815E+00 -.420688E+01 -.183235E+01 -.202538E+01 0.145738E+02
 -.254834E+00 -.422360E+01 -.182887E+01 -.196815E+01 0.157009E+02
 -.272256E+00 -.421355E+01 -.183073E+01 -.199150E+01 0.141680E+02
 -.261895E+00 -.420963E+01 -.183172E+01 -.205679E+01 0.147902E+02
 -.265046E+00 -.421365E+01 -.186002E+01 -.201915E+01 0.171426E+02
 -.271044E+00 -.419585E+01 -.180897E+01 -.191528E+01 0.191246E+02
 -.250469E+00 -.420733E+01 -.183527E+01 -.200395E+01 0.143904E+02
 -.265864E+00 -.420799E+01 -.182511E+01 -.198648E+01 0.141875E+02
 -.254957E+00 -.422588E+01 -.185681E+01 -.203159E+01 0.155075E+02
 -.268876E+00 -.420128E+01 -.182361E+01 -.200577E+01 0.140446E+02
 -.265995E+00 -.421157E+01 -.183569E+01 -.198507E+01 0.140379E+02
 -.249888E+00 -.421505E+01 -.182489E+01 -.201154E+01 0.149969E+02
 -.258164E+00 -.419975E+01 -.182851E+01 -.200035E+01 0.142755E+02
 -.273797E+00 -.420762E+01 -.181593E+01 -.198856E+01 0.140992E+02
 -.270716E+00 -.419352E+01 -.183159E+01 -.204632E+01 0.156231E+02
 -.254148E+00 -.421556E+01 -.182887E+01 -.201847E+01 0.141971E+02
 -.264129E+00 -.421153E+01 -.180661E+01 -.198643E+01 0.158433E+02
 -.270147E+00 -.420779E+01 -.179497E+01 -.200477E+01 0.153404E+02
 -.263825E+00 -.421114E+01 -.182608E+01 -.200555E+01 0.140456E+02
 -.272292E+00 -.421545E+01 -.183018E+01 -.204591E+01 0.156949E+02
 -.237809E+00 -.418516E+01 -.182968E+01 -.203202E+01 0.155446E+02
 -.269688E+00 -.421102E+01 -.182682E+01 -.197416E+01 0.141283E+02
 -.308628E+00 -.421123E+01 -.175850E+01 -.196463E+01 0.149023E+02
 -.263981E+00 -.427822E+01 -.182830E+01 -.200285E+01 0.146617E+02
 -.256356E+00 -.421349E+01 -.181799E+01 -.202348E+01 0.144865E+02
 -.269374E+00 -.421366E+01 -.183443E+01 -.205236E+01 0.159911E+02
 -.269289E+00 -.420368E+01 -.184323E+01 -.197062E+01 0.141810E+02
 -.259157E+00 -.422661E+01 -.183019E+01 -.199884E+01 0.142065E+02
 -.238034E+00 -.421374E+01 -.182672E+01 -.203147E+01 0.157947E+02
 -.263007E+00 -.418553E+01 -.182498E+01 -.198245E+01 0.145720E+02
 -.264136E+00 -.425744E+01 -.182649E+01 -.195616E+01 0.153781E+02
 -.289207E+00 -.420415E+01 -.186593E+01 -.194898E+01 0.189544E+02
 -.309120E+00 -.419593E+01 -.171510E+01 -.199638E+01 0.183937E+02
 -.263845E+00 -.422740E+01 -.177909E+01 -.203259E+01 0.172922E+02
 -.264833E+00 -.420956E+01 -.182974E+01 -.201730E+01 0.141231E+02
 -.253386E+00 -.420972E+01 -.183034E+01 -.204108E+01 0.140386E+02
 -.295076E+00 -.420932E+01 -.182530E+01 -.187992E+01 0.147523E+02
 -.273800E+00 -.422423E+01 -.182908E+01 -.203108E+01 0.152534E+02
 -.259926E+00 -.420913E+01 -.182404E+01 -.198859E+01 0.146510E+02
 -.267259E+00 -.411197E+01 -.184763E+01 -.195735E+01 0.158408E+02
 -.269153E+00 -.420955E+01 -.181826E+01 -.190839E+01 0.184629E+02
 -.264547E+00 -.420813E+01 -.183432E+01 -.199474E+01 0.140409E+02
 -.248292E+00 -.420911E+01 -.182903E+01 -.199660E+01 0.153766E+02
 -.269470E+00 -.407717E+01 -.181895E+01 -.197656E+01 0.180949E+02
 -.269898E+00 -.422805E+01 -.183405E+01 -.202173E+01 0.149102E+02
 -.264750E+00 -.420700E+01 -.182580E+01 -.198937E+01 0.141764E+02
 -.271738E+00 -.419818E+01 -.183961E+01 -.200771E+01 0.151147E+02
 -.262038E+00 -.421652E+01 -.178561E+01 -.198645E+01 0.199126E+02
 -.264431E+00 -.421462E+01 -.182627E+01 -.199224E+01 0.141393E+02
 -.252884E+00 -.421056E+01 -.185235E+01 -.195783E+01 0.143366E+02
 -.258855E+00 -.421024E+01 -.182707E+01 -.201353E+01 0.141001E+02
 -.283601E+00 -.420951E+01 -.182315E+01 -.191264E+01 0.148066E+02
 -.263619E+00 -.421075E+01 -.183423E+01 -.203440E+01 0.145608E+02
 -.273808E+00 -.420659E+01 -.181106E+01 -.209082E+01 0.155410E+02
 -.271772E+00 -.420247E+01 -.182659E+01 -.202994E+01 0.146853E+02
 -.249776E+00 -.417896E+01 -.184006E+01 -.207234E+01 0.146756E+02
 -.262111E+00 -.423451E+01 -.183531E+01 -.199247E+01 0.141329E+02
 -.261646E+00 -.421428E+01 -.184697E+01 -.200400E+01 0.144845E+02
 -.264363E+00 -.420710E+01 -.182939E+01 -.203648E+01 0.143731E+02
 -.270846E+00 -.422211E+01 -.183339E+01 -.199793E+01 0.143360E+02
 -.235414E+00 -.420071E+01 -.182890E+01 -.208408E+01 0.143821E+02
 -.268888E+00 -.419812E+01 -.177546E+01 -.208019E+01 0.148835E+02
 -.300828E+00 -.419627E+01 -.183173E+01 -.196737E+01 0.172120E+02
 -.271375E+00 -.424458E+01 -.182382E+01 -.197673E+01 0.142756E+02
 -.265982E+00 -.421103E+01 -.184755E+01 -.199152E+01 0.145964E+02
 -.245218E+00 -.420656E+01 -.182569E+01 -.200500E+01 0.158910E+02
 -.247061E+00 -.420735E+01 -.182745E+01 -.201036E+01 0.151683E+02
 -.273416E+00 -.421000E+01 -.181667E+01 -.203579E+01 0.143710E+02
 -.253001E+00 -.421179E+01 -.182618E+01 -.205277E+01 0.140445E+02
 -.263026E+00 -.421095E+01 -.182608E+01 -.198900E+01 0.142665E+02
 -.278991E+00 -.420865E+01 -.182141E+01 -.200711E+01 0.144657E+02
 -.268463E+00 -.420760E+01 -.182649E+01 -.200244E+01 0.140452E+02
 -.242459E+00 -.421144E+01 -.181363E+01 -.198980E+01 0.197317E+02
 -.269388E+00 -.419740E+01 -.182851E+01 -.199616E+01 0.140619E+02
 -.287538E+00 -.423350E+01 -.179674E+01 -.202236E+01 0.142831E+02
 -.219982E+00 -.421269E+01 -.182212E+01 -.212966E+01 0.156764E+02
 -.283063E+00 -.422236E+01 -.181082E+01 -.209490E+01 0.175532E+02
 -.253281E+00 -.421048E+01 -.188506E+01 -.201220E+01 0.184406E+02
 -.275234E+00 -.420523E+01 -.183132E+01 -.200028E+01 0.145950E+02
 -.249962E+00 -.422370E+01 -.184292E+01 -.203557E+01 0.141638E+02
 -.271234E+00 -.421090E+01 -.182678E+01 -.200135E+01 0.141013E+02
 -.265641E+00 -.421643E+01 -.182815E+01 -.195350E+01 0.148789E+02
 -.261968E+00 -.420657E+01 -.182911E+01 -.202205E+01 0.140590E+02
 -.272427E+00 -.425147E+01 -.181510E+01 -.202433E+01 0.143469E+02
 -.262892E+00 -.420766E+01 -.182882E+01 -.197904E+01 0.143452E+02
 -.262959E+00 -.418812E+01 -.182842E+01 -.198729E+01 0.142812E+02
 -.276311E+00 -.420481E+01 -.181836E+01 -.200887E+01 0.141588E+02
 -.265956E+00 -.442380E+01 -.179077E+01 -.204800E+01 0.191346E+02
 -.265467E+00 -.421265E+01 -.182400E+01 -.198438E+01 0.142913E+02
 -.290405E+00 -.432309E+01 -.184185E+01 -.192718E+01 0.162206E+02
 -.265499E+00 -.422513E+01 -.182214E+01 -.201380E+01 0.140680E+02
 -.244532E+00 -.420718E+01 -.181896E+01 -.197592E+01 0.191723E+02
 -.267433E+00 -.421607E+01 -.180441E+01 -.200985E+01 0.146815E+02
 -.290491E+00 -.426157E+01 -.181394E+01 -.198124E+01 0.147792E+02
 -.279228E+00 -.412039E+01 -.182264E+01 -.202783E+01 0.166121E+02
 -.288393E+00 -.422040E+01 -.187641E+01 -.190005E+01 0.166779E+02
 -.271884E+00 -.421267E+01 -.182803E+01 -.199147E+01 0.140762E+02
 -.253666E+00 -.421469E+01 -.183213E+01 -.204996E+01 0.141117E+02
 -.275279E+00 -.422392E+01 -.183382E+01 -.185314E+01 0.195605E+02
 -.277052E+00 -.420933E+01 -.183008E+01 -.201374E+01 0.151329E+02
 -.274416E+00 -.421256E+01 -.182973E+01 -.198142E+01 0.141179E+02
 -.239934E+00 -.423512E+01 -.185639E+01 -.197070E+01 0.149588E+02
 -.239059E+00 -.441956E+01 -.180756E+01 -.223863E+01 0.192044E+02
 -.271636E+00 -.420110E+01 -.182674E+01 -.200947E+01 0.142345E+02
 -.256248E+00 -.420346E+01 -.184040E+01 -.199003E+01 0.141004E+02
 -.370749E+00 -.422927E+01 -.180291E+01 -.180695E+01 0.160462E+02
 -.267347E+00 -.420872E+01 -.182286E+01 -.198111E+01 0.142846E+02
 -.314675E+00 -.421379E+01 -.182745E+01 -.195050E+01 0.186773E+02
 -.257619E+00 -.421043E+01 -.182406E+01 -.197018E+01 0.156867E+02
 -.264314E+00 -.420824E+01 -.182297E+01 -.199146E+01 0.142794E+02
 -.272569E+00 -.427220E+01 -.184528E+01 -.204493E+01 0.186226E+02
 -.285452E+00 -.421022E+01 -.182672E+01 -.196663E+01 0.143672E+02
 -.272516E+00 -.421385E+01 -.179734E+01 -.200445E+01 0.148157E+02
 -.235139E+00 -.422529E+01 -.183068E+01 -.200831E+01 0.170402E+02
 -.269935E+00 -.420301E+01 -.182447E+01 -.202419E+01 0.142958E+02
 -.265046E+00 -.421549E+01 -.184517E+01 -.203509E+01 0.158489E+02
 -.259016E+00 -.420414E+01 -.182829E+01 -.199190E+01 0.143842E+02
 -.264773E+00 -.421205E+01 -.182621E+01 -.198704E+01 0.141943E+02
 -.267277E+00 -.421039E+01 -.182761E+01 -.199575E+01 0.140301E+02
 -.295156E+00 -.421473E+01 -.176888E+01 -.196041E+01 0.161509E+02
 -.277101E+00 -.421854E+01 -.182808E+01 -.201089E+01 0.148837E+02
 -.273662E+00 -.420374E+01 -.183048E+01 -.203465E+01 0.154736E+02
 -.267047E+00 -.421212E+01 -.183479E+01 -.197336E+01 0.140539E+02
 -.272172E+00 -.422266E+01 -.185026E+01 -.200989E+01 0.166140E+02
 -.149445E+00 -.415277E+01 -.198948E+01 -.189786E+01 0.160929E+02
 -.276963E+00 -.421161E+01 -.182560E+01 -.197391E+01 0.140555E+02
 -.275519E+00 -.421506E+01 -.183694E+01 -.199806E+01 0.150083E+02
 -.250418E+00 -.422912E+01 -.184114E+01 -.197096E+01 0.149821E+02
 -.256816E+00 -.422226E+01 -.181576E+01 -.204251E+01 0.142443E+02
 -.264206E+00 -.420836E+01 -.182415E+01 -.198798E+01 0.142983E+02
 -.240859E+00 -.421042E+01 -.182839E+01 -.200605E+01 0.162804E+02
 -.287462E+00 -.421094E+01 -.177091E+01 -.200271E+01 0.152330E+02
 -.266087E+00 -.421123E+01 -.177639E+01 -.203698E+01 0.169239E+02
 -.269021E+00 -.421531E+01 -.178416E+01 -.202312E+01 0.159428E+02
 -.273662E+00 -.420975E+01 -.182610E+01 -.198740E+01 0.140565E+02
 -.272059E+00 -.421094E+01 -.183083E+01 -.199848E+01 0.142654E+02
 -.268884E+00 -.421137E+01 -.183048E+01 -.198830E+01 0.140352E+02
 -.255005E+00 -.420768E+01 -.182745E+01 -.197355E+01 0.155583E+02
 -.266423E+00 -.417978E+01 -.181910E+01 -.197180E+01 0.150349E+02
 -.279370E+00 -.420410E+01 -.182761E+01 -.204308E+01 0.165422E+02
 -.273246E+00 -.420930E+01 -.182396E+01 -.198331E+01 0.140218E+02
 -.287192E+00 -.420128E+01 -.175033E+01 -.202709E+01 0.165543E+02
 -.272024E+00 -.421295E+01 -.182675E+01 -.199282E+01 0.140660E+02
 -.275615E+00 -.421011E+01 -.184548E+01 -.205897E+01 0.198536E+02
 -.271118E+00 -.421204E+01 -.182455E+01 -.201305E+01 0.141905E+02
 -.264772E+00 -.421090E+01 -.182771E+01 -.193726E+01 0.158037E+02
 -.255392E+00 -.421049E+01 -.183176E+01 -.204358E+01 0.140954E+02
 -.269779E+00 -.423885E+01 -.180018E+01 -.199297E+01 0.154282E+02
 -.275818E+00 -.422534E+01 -.182732E+01 -.198435E+01 0.141751E+02
 -.245101E+00 -.421319E+01 -.183944E+01 -.205318E+01 0.140639E+02
 -.266821E+00 -.423048E+01 -.181862E+01 -.200848E+01 0.141401E+02
 -.262500E+00 -.422676E+01 -.182402E+01 -.200563E+01 0.141669E+02
 -.270358E+00 -.421032E+01 -.183153E+01 -.200211E+01 0.142490E+02
 -.267696E+00 -.420899E+01 -.183212E+01 -.207774E+01 0.165059E+02
 -.255362E+00 -.421374E+01 -.186432E+01 -.191856E+01 0.145233E+02
 -.278270E+00 -.421087E+01 -.182729E+01 -.200420E+01 0.147276E+02
 -.256285E+00 -.418697E+01 -.177270E+01 -.211231E+01 0.161460E+02
 -.275108E+00 -.419416E+01 -.183201E+01 -.204235E+01 0.162930E+02
 -.264440E+00 -.419833E+01 -.183229E+01 -.199362E+01 0.140492E+02
 -.266541E+00 -.421489E+01 -.182953E+01 -.196727E+01 0.143090E+02
 -.298135E+00 -.421016E+01 -.182555E+01 -.198121E+01 0.166213E+02
 -.266491E+00 -.420937E+01 -.182637E+01 -.198463E+01 0.141417E+02
 -.293000E+00 -.420580E+01 -.182519E+01 -.200420E+01 0.168693E+02
 -.281944E+00 -.421320E+01 -.182336E+01 -.198239E+01 0.142843E+02
 -.276853E+00 -.420960E+01 -.182048E+01 -.200695E+01 0.142368E+02
 -.259150E+00 -.421409E+01 -.182730E+01 -.206309E+01 0.143954E+02
 -.347603E+00 -.413123E+01 -.173513E+01 -.193398E+01 0.157105E+02
 -.263802E+00 -.421132E+01 -.182978E+01 -.200215E+01 0.140311E+02
 -.234242E+00 -.418325E+01 -.182603E+01 -.222424E+01 0.152961E+02
 -.277342E+00 -.422457E+01 -.186604E+01 -.191722E+01 0.148209E+02
 -.275273E+00 -.420988E+01 -.179065E+01 -.200090E+01 0.151696E+02
 -.269733E+00 -.420896E+01 -.182784E+01 -.199327E+01 0.140411E+02
 -.273137E+00 -.421267E+01 -.181104E+01 -.200201E+01 0.141058E+02
 -.264761E+00 -.414671E+01 -.182342E+01 -.193849E+01 0.170654E+02
 -.273500E+00 -.421227E+01 -.182027E+01 -.206770E+01 0.156437E+02
 -.245342E+00 -.420954E+01 -.181304E+01 -.200723E+01 0.176822E+02
 -.255114E+00 -.420894E+01 -.183495E+01 -.199850E+01 0.142020E+02
 -.274616E+00 -.423036E+01 -.181415E+01 -.201245E+01 0.141151E+02
 -.279122E+00 -.421087E+01 -.182588E+01 -.199216E+01 0.144028E+02
 -.265798E+00 -.421551E+01 -.182876E+01 -.195666E+01 0.147020E+02
 -.264294E+00 -.421456E+01 -.182987E+01 -.200602E+01 0.140409E+02
 -.274013E+00 -.424908E+01 -.181351E+01 -.200457E+01 0.142435E+02
 -.269255E+00 -.421237E+01 -.182579E+01 -.197345E+01 0.141901E+02
 -.274189E+00 -.419660E+01 -.182448E+01 -.199232E+01 0.141001E+02
 -.258365E+00 -.422059E+01 -.182480E+01 -.199559E+01 0.145680E+02
 -.279312E+00 -.421182E+01 -.180333E+01 -.204582E+01 0.143346E+02
 -.261435E+00 -.421352E+01 -.182314E+01 -.197244E+01 0.151103E+02
 -.288995E+00 -.432432E+01 -.177877E+01 -.205472E+01 0.156921E+02
 -.270612E+00 -.421112E+01 -.181662E+01 -.199462E+01 0.141320E+02
 -.266001E+00 -.420951E+01 -.182286E+01 -.197339E+01 0.145774E+02
 -.263631E+00 -.420899E+01 -.180081E+01 -.207134E+01 0.141092E+02
 -.266313E+00 -.415972E+01 -.183772E+01 -.209665E+01 0.184734E+02
 -.273801E+00 -.417715E+01 -.182681E+01 -.198090E+01 0.142137E+02
 -.251059E+00 -.421529E+01 -.181558E+01 -.200892E+01 0.159430E+02
 -.272426E+00 -.421077E+01 -.181899E+01 -.198920E+01 0.140693E+02
 -.262099E+00 -.421769E+01 -.183254E+01 -.203980E+01 0.144636E+02
 -.271575E+00 -.421095E+01 -.187691E+01 -.194748E+01 0.166049E+02
 -.267973E+00 -.420379E+01 -.188737E+01 -.196658E+01 0.191253E+02
 -.269437E+00 -.421087E+01 -.182330E+01 -.201848E+01 0.141385E+02
 -.279923E+00 -.421110E+01 -.182663E+01 -.199540E+01 0.145981E+02
 -.258047E+00 -.415285E+01 -.182489E+01 -.197750E+01 0.157941E+02
 -.264644E+00 -.420325E+01 -.182984E+01 -.199401E+01 0.140498E+02
 -.269479E+00 -.420782E+01 -.181436E+01 -.198502E+01 0.144889E+02
 -.278547E+00 -.422345E+01 -.183366E+01 -.199905E+01 0.151655E+02
 -.257411E+00 -.420965E+01 -.183095E+01 -.198587E+01 0.144986E+02
 -.295950E+00 -.413376E+01 -.176577E+01 -.198693E+01 0.163468E+02
 -.273895E+00 -.426063E+01 -.183862E+01 -.186258E+01 0.182397E+02
 -.291416E+00 -.420986E+01 -.182445E+01 -.193689E+01 0.141348E+02
 -.252490E+00 -.420540E+01 -.182028E+01 -.201252E+01 0.150529E+02
 -.266278E+00 -.421407E+01 -.185928E+01 -.197240E+01 0.149581E+02
 -.276596E+00 -.420038E+01 -.182551E+01 -.197689E+01 0.140747E+02
 -.270422E+00 -.420835E+01 -.182134E+01 -.193749E+01 0.155984E+02
 -.290505E+00 -.423127E+01 -.182694E+01 -.203825E+01 0.189289E+02
 -.266506E+00 -.420930E+01 -.182454E+01 -.199731E+01 0.140608E+02
 -.297625E+00 -.421478E+01 -.182436E+01 -.199576E+01 0.172548E+02
 -.285540E+00 -.416416E+01 -.182530E+01 -.198978E+01 0.152606E+02
 -.283034E+00 -.420084E+01 -.183002E+01 -.191144E+01 0.144865E+02
 -.278022E+00 -.420350E+01 -.183131E+01 -.204163E+01 0.167240E+02
 -.279727E+00 -.422275E+01 -.179923E+01 -.202519E+01 0.140682E+02
 -.273006E+00 -.422726E+01 -.187775E+01 -.195194E+01 0.174153E+02
 -.290602E+00 -.419882E+01 -.181977E+01 -.195810E+01 0.142537E+02
 -.135022E+00 -.420026E+01 -.192971E+01 -.204977E+01 0.189231E+02
 -.252204E+00 -.418053E+01 -.181739E+01 -.217819E+01 0.158205E+02
 -.254148E+00 -.424343E+01 -.182579E+01 -.202514E+01 0.143794E+02
 -.260265E+00 -.411862E+01 -.181118E+01 -.209135E+01 0.156461E+02
 -.238920E+00 -.420676E+01 -.186260E+01 -.213484E+01 0.180780E+02
 -.263688E+00 -.420907E+01 -.182623E+01 -.197994E+01 0.144015E+02
 -.272585E+00 -.420924E+01 -.182099E+01 -.198550E+01 0.140591E+02
 -.288353E+00 -.420667E+01 -.180996E+01 -.208264E+01 0.180297E+02
 -.248690E+00 -.415488E+01 -.186933E+01 -.201104E+01 0.155217E+02
 -.281788E+00 -.421164E+01 -.182807E+01 -.203900E+01 0.169039E+02
 -.258224E+00 -.419954E+01 -.179870E+01 -.197039E+01 0.198593E+02
 -.272313E+00 -.420921E+01 -.182680E+01 -.200383E+01 0.141956E+02
 -.274911E+00 -.421006E+01 -.182281E+01 -.204594E+01 0.152612E+02
 -.266913E+00 -.421181E+01 -.182008E+01 -.200406E+01 0.140824E+02
 -.260224E+00 -.420286E+01 -.183275E+01 -.198395E+01 0.142489E+02
 -.270824E+00 -.429768E+01 -.182712E+01 -.203889E+01 0.159774E+02
 -.252925E+00 -.421271E+01 -.181582E+01 -.195673E+01 0.190201E+02
 -.279870E+00 -.421109E+01 -.182252E+01 -.197858E+01 0.141032E+02
 -.238099E+00 -.419626E+01 -.182232E+01 -.201736E+01 0.172094E+02
 -.278578E+00 -.420691E+01 -.182680E+01 -.198480E+01 0.142639E+02
 -.273567E+00 -.420665E+01 -.180972E+01 -.200597E+01 0.140887E+02
 -.283505E+00 -.420949E+01 -.182092E+01 -.198408E+01 0.143056E+02
 -.266270E+00 -.420976E+01 -.182508E+01 -.207088E+01 0.151767E+02
 -.265676E+00 -.420935E+01 -.182881E+01 -.197219E+01 0.142966E+02
 -.265667E+00 -.422894E+01 -.183605E+01 -.192348E+01 0.155013E+02
 -.270530E+00 -.421101E+01 -.182580E+01 -.195543E+01 0.144866E+02
 -.242249E+00 -.423599E+01 -.183359E+01 -.194713E+01 0.193647E+02
 -.274021E+00 -.418925E+01 -.181073E+01 -.201613E+01 0.141006E+02
 -.279405E+00 -.418300E+01 -.181523E+01 -.199504E+01 0.141837E+02
 -.275170E+00 -.420995E+01 -.182679E+01 -.195467E+01 0.141643E+02
 -.261574E+00 -.421115E+01 -.179218E+01 -.202407E+01 0.162818E+02
 -.246939E+00 -.420619E+01 -.182369E+01 -.201035E+01 0.155959E+02
 -.276366E+00 -.420425E+01 -.184045E+01 -.195805E+01 0.142472E+02
 -.246051E+00 -.420908E+01 -.182742E+01 -.200669E+01 0.154658E+02
 -.274590E+00 -.418940E+01 -.183378E+01 -.198371E+01 0.143586E+02
 -.267907E+00 -.420433E+01 -.180799E+01 -.200104E+01 0.146335E+02
 -.270694E+00 -.420716E+01 -.182546E+01 -.201122E+01 0.141738E+02
 -.296018E+00 -.421672E+01 -.182159E+01 -.198842E+01 0.161028E+02
 -.256624E+00 -.421619E+01 -.182365E+01 -.203417E+01 0.140867E+02
 -.274942E+00 -.421544E+01 -.182467E+01 -.197723E+01 0.140362E+02
 -.270991E+00 -.421043E+01 -.183032E+01 -.199466E+01 0.141308E+02
 -.261742E+00 -.422849E+01 -.181985E+01 -.210409E+01 0.152006E+02
 -.268287E+00 -.421088E+01 -.180008E+01 -.197870E+01 0.163229E+02
 -.269559E+00 -.420920E+01 -.182345E+01 -.197873E+01 0.141762E+02
 -.291549E+00 -.420865E+01 -.182282E+01 -.198521E+01 0.153361E+02
 -.264320E+00 -.413855E+01 -.182279E+01 -.199077E+01 0.152204E+02
 -.232081E+00 -.419637E+01 -.184612E+01 -.197850E+01 0.170728E+02
 -.277016E+00 -.420806E+01 -.183112E+01 -.186241E+01 0.185623E+02
 -.266832E+00 -.420750E+01 -.182316E+01 -.189182E+01 0.198719E+02
 -.264845E+00 -.420931E+01 -.182390E+01 -.200411E+01 0.140643E+02
 -.265066E+00 -.419620E+01 -.183848E+01 -.198192E+01 0.140644E+02
 -.283054E+00 -.421063E+01 -.182355E+01 -.198429E+01 0.144086E+02
 -.270950E+00 -.420907E+01 -.182383E+01 -.202251E+01 0.143007E+02
 -.274094E+00 -.421990E+01 -.182320E+01 -.197594E+01 0.140610E+02
 -.272405E+00 -.418762E+01 -.181526E+01 -.197943E+01 0.144281E+02
 -.272506E+00 -.419869E+01 -.182535E+01 -.199811E+01 0.141076E+02
 -.267068E+00 -.420164E+01 -.183068E+01 -.208661E+01 0.166354E+02
 -.267113E+00 -.421473E+01 -.182304E+01 -.199796E+01 0.140706E+02
 -.271752E+00 -.420221E+01 -.179027E+01 -.203182E+01 0.146707E+02
 -.273210E+00 -.420963E+01 -.182944E+01 -.197943E+01 0.140626E+02
 -.275763E+00 -.426559E+01 -.179507E+01 -.213537E+01 0.161802E+02
 -.263387E+00 -.419588E+01 -.182644E+01 -.199664E+01 0.141522E+02
 -.295453E+00 -.420749E+01 -.182640E+01 -.200970E+01 0.180024E+02
 -.275224E+00 -.420352E+01 -.179944E+01 -.202571E+01 0.141112E+02
 -.287739E+00 -.415923E+01 -.177739E+01 -.215223E+01 0.168037E+02
 -.260213E+00 -.414339E+01 -.183487E+01 -.198913E+01 0.148591E+02
 -.246927E+00 -.427249E+01 -.182746E+01 -.196550E+01 0.181279E+02
 -.261080E+00 -.419301E+01 -.184233E+01 -.201288E+01 0.143779E+02
 -.265878E+00 -.420215E+01 -.184878E+01 -.195831E+01 0.140951E+02
 -.273100E+00 -.420898E+01 -.183046E+01 -.198505E+01 0.141241E+02
 -.252747E+00 -.421292E+01 -.182951E+01 -.197027E+01 0.158474E+02
 -.284607E+00 -.420819E+01 -.180909E+01 -.188930E+01 0.178611E+02
 -.264638E+00 -.420849E+01 -.182433E+01 -.197247E+01 0.146371E+02
 -.266424E+00 -.420403E+01 -.181920E+01 -.200019E+01 0.141749E+02
 -.258270E+00 -.410968E+01 -.184391E+01 -.200281E+01 0.158958E+02
 -.261517E+00 -.421212E+01 -.182757E+01 -.200426E+01 0.140852E+02
 -.267001E+00 -.421756E+01 -.182017E+01 -.191115E+01 0.184163E+02
 -.254193E+00 -.420944E+01 -.181166E+01 -.199458E+01 0.166437E+02
 -.277587E+00 -.422285E+01 -.183927E+01 -.202583E+01 0.169980E+02
 -.267487E+00 -.420932E+01 -.182758E+01 -.203466E+01 0.144847E+02
 -.285586E+00 -.432247E+01 -.182788E+01 -.201772E+01 0.181456E+02
 -.272834E+00 -.418631E+01 -.181539E+01 -.189499E+01 0.194801E+02
 -.267853E+00 -.421308E+01 -.182774E+01 -.193664E+01 0.153458E+02
 -.251302E+00 -.420389E+01 -.185350E+01 -.199045E+01 0.140573E+02
 -.281158E+00 -.426969E+01 -.182376E+01 -.200158E+01 0.152110E+02
 -.270577E+00 -.421117E+01 -.182930E+01 -.193263E+01 0.150140E+02
 -.287970E+00 -.420510E+01 -.182681E+01 -.198293E+01 0.151270E+02
 -.269613E+00 -.421108E+01 -.181981E+01 -.203307E+01 0.142178E+02
 -.259168E+00 -.421728E+01 -.183585E+01 -.195375E+01 0.149925E+02
 -.273755E+00 -.420948E+01 -.182251E+01 -.198990E+01 0.140208E+02
 -.296074E+00 -.421492E+01 -.180661E+01 -.199572E+01 0.148922E+02
 -.352149E+00 -.419222E+01 -.173462E+01 -.202150E+01 0.189840E+02
 -.251515E+00 -.415207E+01 -.182438E+01 -.197594E+01 0.170778E+02
 -.180453E+00 -.420509E+01 -.182687E+01 -.234785E+01 0.162202E+02
 -.256918E+00 -.421027E+01 -.181901E+01 -.200138E+01 0.149845E+02
 -.237136E+00 -.421085E+01 -.181041E+01 -.201751E+01 0.197534E+02
 -.278120E+00 -.420522E+01 -.177860E+01 -.199937E+01 0.161109E+02
 -.278031E+00 -.421004E+01 -.182120E+01 -.197023E+01 0.140450E+02
 -.269536E+00 -.419416E+01 -.183176E+01 -.204474E+01 0.153952E+02
 -.196779E+00 -.418386E+01 -.185459E+01 -.246163E+01 0.186596E+02
 -.264408E+00 -.420841E+01 -.182268E+01 -.205012E+01 0.142915E+02
 -.273341E+00 -.423171E+01 -.182038E+01 -.206319E+01 0.155488E+02
 -.277967E+00 -.420251E+01 -.184635E+01 -.195852E+01 0.147195E+02
 -.271111E+00 -.420973E+01 -.182725E+01 -.200918E+01 0.142132E+02
 -.290252E+00 -.420872E+01 -.182135E+01 -.198930E+01 0.151760E+02
 -.298778E+00 -.419773E+01 -.181279E+01 -.202655E+01 0.176764E+02
 -.252450E+00 -.420961E+01 -.185577E+01 -.199956E+01 0.142031E+02
 -.265975E+00 -.418963E+01 -.185608E+01 -.195180E+01 0.142619E+02
 -.257769E+00 -.420847E+01 -.182698E+01 -.200313E+01 0.143062E+02
 -.272374E+00 -.420902E+01 -.181212E+01 -.200257E+01 0.141006E+02
 -.261165E+00 -.420489E+01 -.182037E+01 -.199506E+01 0.146058E+02
 -.273213E+00 -.420154E+01 -.182930E+01 -.208305E+01 0.175913E+02
 -.272048E+00 -.422998E+01 -.182864E+01 -.200966E+01 0.144207E+02
 -.263072E+00 -.422710E+01 -.181402E+01 -.192651E+01 0.192634E+02
 -.276634E+00 -.421016E+01 -.182386E+01 -.198441E+01 0.140742E+02
 -.290000E+00 -.420215E+01 -.178294E+01 -.194759E+01 0.161754E+02
 -.261664E+00 -.420450E+01 -.186792E+01 -.201294E+01 0.173071E+02
 -.270002E+00 -.420420E+01 -.182262E+01 -.197812E+01 0.141987E+02
 -.269171E+00 -.420779E+01 -.182311E+01 -.198375E+01 0.141371E+02
 -.276230E+00 -.420809E+01 -.181639E+01 -.194079E+01 0.150943E+02
 -.275305E+00 -.420970E+01 -.182402E+01 -.195639E+01 0.142195E+02
 -.274001E+00 -.419233E+01 -.182633E+01 -.193784E+01 0.147315E+02
 -.266318E+00 -.419520E+01 -.182541E+01 -.199593E+01 0.140934E+02
 -.257473E+00 -.424767E+01 -.182384E+01 -.192077E+01 0.195790E+02
 -.268840E+00 -.415929E+01 -.183280E+01 -.195902E+01 0.146407E+02
 -.274621E+00 -.417314E+01 -.182146E+01 -.198767E+01 0.142525E+02
 -.273033E+00 -.420755E+01 -.182131E+01 -.201375E+01 0.141805E+02
 -.276602E+00 -.421879E+01 -.176841E+01 -.205382E+01 0.152133E+02
 -.275790E+00 -.420193E+01 -.182474E+01 -.199979E+01 0.142588E+02
 -.280071E+00 -.419199E+01 -.184106E+01 -.195778E+01 0.145737E+02
 -.246056E+00 -.421109E+01 -.182298E+01 -.199474E+01 0.166548E+02
 -.274448E+00 -.419200E+01 -.182370E+01 -.199304E+01 0.141200E+02
 -.270874E+00 -.420620E+01 -.182800E+01 -.194604E+01 0.145964E+02
 -.268031E+00 -.420429E+01 -.182699E+01 -.200839E+01 0.140836E+02
 -.245012E+00 -.421330E+01 -.182378E+01 -.199317E+01 0.168498E+02
 -.256292E+00 -.420828E+01 -.182661E+01 -.200671E+01 0.143595E+02
 -.244295E+00 -.421734E+01 -.182620E+01 -.203418E+01 0.148454E+02
 -.285166E+00 -.421489E+01 -.182223E+01 -.191265E+01 0.147066E+02
 -.276501E+00 -.420759E+01 -.182522E+01 -.198343E+01 0.140989E+02
 -.270515E+00 -.423381E+01 -.182546E+01 -.209134E+01 0.169461E+02
 -.297830E+00 -.420901E+01 -.182356E+01 -.202048E+01 0.189115E+02
 -.273897E+00 -.421047E+01 -.183446E+01 -.201013E+01 0.149986E+02
 -.263277E+00 -.420667E+01 -.182607E+01 -.198194E+01 0.143979E+02
 -.276676E+00 -.420622E+01 -.183665E+01 -.197018E+01 0.143163E+02
 -.269152E+00 -.428851E+01 -.183013E+01 -.203052E+01 0.155895E+02
 -.247237E+00 -.424478E+01 -.188197E+01 -.200324E+01 0.163360E+02
 -.273610E+00 -.420850E+01 -.182803E+01 -.192332E+01 0.151466E+02
 -.267194E+00 -.421634E+01 -.181309E+01 -.200180E+01 0.143609E+02
 -.279268E+00 -.420877E+01 -.183302E+01 -.199913E+01 0.151632E+02
 -.260519E+00 -.417858E+01 -.184859E+01 -.195859E+01 0.142515E+02
 -.264884E+00 -.421117E+01 -.182235E+01 -.198902E+01 0.143169E+02
 -.270849E+00 -.420429E+01 -.182474E+01 -.199619E+01 0.140410E+02
 -.277839E+00 -.420167E+01 -.182307E+01 -.197097E+01 0.140564E+02
 -.270398E+00 -.415963E+01 -.182076E+01 -.196988E+01 0.148747E+02
 -.269425E+00 -.419771E+01 -.182655E+01 -.201796E+01 0.142623E+02
 -.267955E+00 -.421304E+01 -.182316E+01 -.201523E+01 0.140602E+02
 -.299302E+00 -.418121E+01 -.182680E+01 -.199086E+01 0.178095E+02
 -.268325E+00 -.419958E+01 -.180651E+01 -.201037E+01 0.144694E+02
 -.280286E+00 -.414584E+01 -.183178E+01 -.199035E+01 0.155336E+02
 -.269175E+00 -.432603E+01 -.181666E+01 -.200483E+01 0.156720E+02
 -.274864E+00 -.420691E+01 -.184151E+01 -.200714E+01 0.157507E+02
 -.272322E+00 -.413982E+01 -.183364E+01 -.194094E+01 0.152104E+02
 -.258088E+00 -.419997E+01 -.183240E+01 -.203298E+01 0.141084E+02
 -.296455E+00 -.420375E+01 -.182835E+01 -.202265E+01 0.196354E+02
 -.283817E+00 -.418987E+01 -.182035E+01 -.200165E+01 0.147834E+02
 -.301776E+00 -.429324E+01 -.174470E+01 -.211441E+01 0.154468E+02
 -.264039E+00 -.423852E+01 -.181892E+01 -.199758E+01 0.144837E+02
 -.264817E+00 -.426655E+01 -.182900E+01 -.205096E+01 0.152307E+02
 -.274509E+00 -.420833E+01 -.182943E+01 -.198944E+01 0.142116E+02
 -.256525E+00 -.420696E+01 -.183129E+01 -.202362E+01 0.140331E+02
 -.264051E+00 -.420876E+01 -.181650E+01 -.198133E+01 0.150331E+02
 -.259938E+00 -.419748E+01 -.185407E+01 -.195576E+01 0.140943E+02
 -.295778E+00 -.421611E+01 -.179486E+01 -.197470E+01 0.140458E+02
 -.198398E+00 -.422581E+01 -.182484E+01 -.242662E+01 0.148920E+02
 -.259931E+00 -.420780E+01 -.182692E+01 -.200027E+01 0.142236E+02
 -.263837E+00 -.420371E+01 -.181484E+01 -.200590E+01 0.144454E+02
 -.244667E+00 -.410955E+01 -.184858E+01 -.202482E+01 0.157968E+02
 -.260971E+00 -.420988E+01 -.182395E+01 -.199432E+01 0.144110E+02
 -.295214E+00 -.421189E+01 -.182560E+01 -.194091E+01 0.144616E+02
 -.290555E+00 -.421216E+01 -.183269E+01 -.194941E+01 0.147254E+02
 -.249094E+00 -.421145E+01 -.184840E+01 -.199897E+01 0.140718E+02
 -.248020E+00 -.422106E+01 -.182297E+01 -.201993E+01 0.151397E+02
 -.254185E+00 -.419868E+01 -.183153E+01 -.202517E+01 0.140726E+02
 -.272236E+00 -.420633E+01 -.181683E+01 -.200634E+01 0.140309E+02
 -.290869E+00 -.427845E+01 -.179613E+01 -.200410E+01 0.147179E+02
 -.272428E+00 -.419970E+01 -.179803E+01 -.202980E+01 0.142413E+02
 -.251553E+00 -.421137E+01 -.182661E+01 -.200715E+01 0.147891E+02
 -.247376E+00 -.420936E+01 -.182777E+01 -.194964E+01 0.188134E+02
 -.266403E+00 -.421054E+01 -.185003E+01 -.198698E+01 0.146857E+02
 -.269127E+00 -.420940E+01 -.180463E+01 -.201311E+01 0.144289E+02
 -.272676E+00 -.421515E+01 -.182561E+01 -.200986E+01 0.142561E+02
 -.264106E+00 -.421380E+01 -.182707E+01 -.203062E+01 0.141684E+02
 -.279396E+00 -.420962E+01 -.182093E+01 -.198414E+01 0.141026E+02
 -.278711E+00 -.421304E+01 -.179742E+01 -.197666E+01 0.150080E+02
 -.256056E+00 -.419505E+01 -.182977E+01 -.197997E+01 0.149505E+02
 -.268861E+00 -.421421E+01 -.181392E+01 -.199384E+01 0.143568E+02
 -.244381E+00 -.421290E+01 -.181765E+01 -.206326E+01 0.147270E+02
 -.276916E+00 -.420530E+01 -.182070E+01 -.196913E+01 0.140859E+02
 -.252878E+00 -.423317E+01 -.186325E+01 -.191521E+01 0.150214E+02
 -.264805E+00 -.421872E+01 -.182412E+01 -.199855E+01 0.141210E+02
 -.238832E+00 -.419731E+01 -.183093E+01 -.203717E+01 0.150143E+02
 -.315538E+00 -.420164E+01 -.177681E+01 -.207247E+01 0.190242E+02
 -.226228E+00 -.423424E+01 -.188674E+01 -.208622E+01 0.172475E+02
 -.272041E+00 -.419568E+01 -.183613E+01 -.202994E+01 0.156889E+02
 -.275382E+00 -.421783E+01 -.182438E+01 -.193645E+01 0.147136E+02
 -.344729E+00 -.421051E+01 -.174738E+01 -.200900E+01 0.179410E+02
 -.265729E+00 -.421285E+01 -.175859E+01 -.204673E+01 0.195820E+02
 -.272708E+00 -.420923E+01 -.182730E+01 -.203165E+01 0.148964E+02
 -.227850E+00 -.420999E+01 -.182748E+01 -.203208E+01 0.178056E+02
 -.294687E+00 -.419957E+01 -.180533E+01 -.188623E+01 0.164518E+02
 -.253235E+00 -.424982E+01 -.187971E+01 -.193383E+01 0.145048E+02
 -.248316E+00 -.420879E+01 -.184392E+01 -.203620E+01 0.140961E+02
 -.267280E+00 -.420952E+01 -.182630E+01 -.199936E+01 0.140290E+02
 -.271084E+00 -.421076E+01 -.181412E+01 -.195926E+01 0.152040E+02
 -.272044E+00 -.420222E+01 -.183074E+01 -.198756E+01 0.141159E+02
 -.246677E+00 -.420257E+01 -.182769E+01 -.202684E+01 0.146729E+02
 -.270993E+00 -.410218E+01 -.182159E+01 -.199164E+01 0.162779E+02
 -.273020E+00 -.422475E+01 -.182876E+01 -.196825E+01 0.140821E+02
 -.269643E+00 -.420826E+01 -.182463E+01 -.199372E+01 0.140313E+02
 -.293048E+00 -.420939E+01 -.185869E+01 -.195125E+01 0.187729E+02
 -.269276E+00 -.421348E+01 -.187569E+01 -.197681E+01 0.179818E+02
 -.264073E+00 -.421004E+01 -.182204E+01 -.198889E+01 0.143959E+02
 -.260344E+00 -.421022E+01 -.183491E+01 -.196498E+01 0.145513E+02
 -.264145E+00 -.421190E+01 -.182455E+01 -.200111E+01 0.140970E+02
 -.283950E+00 -.420806E+01 -.181746E+01 -.187145E+01 0.182786E+02
 -.261199E+00 -.421050E+01 -.182764E+01 -.203928E+01 0.141549E+02
 -.277886E+00 -.419977E+01 -.180053E+01 -.201184E+01 0.141274E+02
 -.267759E+00 -.419352E+01 -.182835E+01 -.201554E+01 0.142201E+02
 -.276628E+00 -.419845E+01 -.183841E+01 -.197759E+01 0.145992E+02
 -.258503E+00 -.422825E+01 -.184271E+01 -.192973E+01 0.155377E+02
 -.257700E+00 -.420151E+01 -.183380E+01 -.198576E+01 0.143304E+02
 -.270085E+00 -.420733E+01 -.182000E+01 -.204457E+01 0.144719E+02
 -.286625E+00 -.422314E+01 -.180857E+01 -.205741E+01 0.160974E+02
 -.299662E+00 -.420258E+01 -.182396E+01 -.198351E+01 0.168586E+02
 -.322589E+00 -.423582E+01 -.164227E+01 -.215248E+01 0.172772E+02
 -.269495E+00 -.422514E+01 -.179439E+01 -.196815E+01 0.176140E+02
 -.270067E+00 -.419547E+01 -.182273E+01 -.198326E+01 0.141526E+02
 -.271394E+00 -.422393E+01 -.181676E+01 -.199672E+01 0.141060E+02
 -.254145E+00 -.423794E+01 -.184920E+01 -.207578E+01 0.164330E+02
 -.258632E+00 -.420672E+01 -.183837E+01 -.201681E+01 0.141216E+02
 -.290081E+00 -.421166E+01 -.182284E+01 -.200642E+01 0.160898E+02
 -.262671E+00 -.420466E+01 -.182577E+01 -.200644E+01 0.140732E+02
 -.268878E+00 -.421715E+01 -.182292E+01 -.200531E+01 0.140393E+02
 -.287427E+00 -.420931E+01 -.182092E+01 -.195519E+01 0.141005E+02
 -.276383E+00 -.420843E+01 -.182538E+01 -.200204E+01 0.143653E+02
 -.258989E+00 -.422479E+01 -.182578E+01 -.200284E+01 0.143186E+02
 -.269273E+00 -.420687E+01 -.182793E+01 -.202971E+01 0.145504E+02
 -.260272E+00 -.420692E+01 -.182551E+01 -.200128E+01 0.142465E+02
 -.276250E+00 -.420299E+01 -.182407E+01 -.201940E+01 0.146966E+02
 -.258751E+00 -.421195E+01 -.182271E+01 -.219771E+01 0.188429E+02
 -.272597E+00 -.422560E+01 -.180511E+01 -.208868E+01 0.148275E+02
 -.264344E+00 -.420217E+01 -.183962E+01 -.199785E+01 0.141786E+02
 -.269661E+00 -.421718E+01 -.181557E+01 -.198271E+01 0.144595E+02
 -.259251E+00 -.421097E+01 -.182304E+01 -.200238E+01 0.144190E+02
 -.272522E+00 -.421097E+01 -.182701E+01 -.197025E+01 0.140715E+02
 -.278080E+00 -.419041E+01 -.182432E+01 -.197140E+01 0.141123E+02
 -.268952E+00 -.417991E+01 -.182363E+01 -.201097E+01 0.141959E+02
 -.265473E+00 -.420178E+01 -.182520E+01 -.200277E+01 0.140507E+02
 -.270185E+00 -.418870E+01 -.182251E+01 -.192683E+01 0.162143E+02
 -.271711E+00 -.420161E+01 -.182512E+01 -.199268E+01 0.140346E+02
 -.247604E+00 -.424580E+01 -.182036E+01 -.199315E+01 0.169679E+02
 -.270690E+00 -.419770E+01 -.182748E+01 -.198912E+01 0.140536E+02
 -.268693E+00 -.420847E+01 -.184806E+01 -.201306E+01 0.157916E+02
 -.257411E+00 -.422284E+01 -.181702E+01 -.203389E+01 0.142829E+02
 -.247907E+00 -.420782E+01 -.181828E+01 -.201232E+01 0.160039E+02
 -.288029E+00 -.418551E+01 -.181577E+01 -.202558E+01 0.158612E+02
 -.279323E+00 -.424493E+01 -.177914E+01 -.198723E+01 0.165513E+02
 -.272520E+00 -.428093E+01 -.181147E+01 -.200362E+01 0.147426E+02
 -.276571E+00 -.417403E+01 -.182357E+01 -.208373E+01 0.176263E+02
 -.272338E+00 -.421019E+01 -.182501E+01 -.199487E+01 0.140440E+02
 -.265171E+00 -.420382E+01 -.182776E+01 -.202243E+01 0.141379E+02
 -.239586E+00 -.421373E+01 -.186962E+01 -.200492E+01 0.142244E+02
 -.193585E+00 -.421677E+01 -.183150E+01 -.232867E+01 0.146601E+02
 -.269766E+00 -.420872E+01 -.183428E+01 -.202270E+01 0.148804E+02
 -.268742E+00 -.420840E+01 -.182765E+01 -.200445E+01 0.140837E+02
 -.239622E+00 -.423396E+01 -.184059E+01 -.205197E+01 0.142107E+02
 -.260708E+00 -.420593E+01 -.182755E+01 -.199597E+01 0.142251E+02
 -.260531E+00 -.421126E+01 -.183288E+01 -.200037E+01 0.140476E+02
 -.253562E+00 -.419859E+01 -.182565E+01 -.201013E+01 0.145878E+02
 -.224713E+00 -.421111E+01 -.188732E+01 -.205199E+01 0.153819E+02
 -.276722E+00 -.420683E+01 -.181089E+01 -.196024E+01 0.147476E+02
 -.360004E+00 -.421210E+01 -.181872E+01 -.178453E+01 0.148373E+02
 -.272230E+00 -.426474E+01 -.185190E+01 -.201596E+01 0.177052E+02
 -.272189E+00 -.420994E+01 -.182101E+01 -.202040E+01 0.142206E+02
 -.251310E+00 -.420614E+01 -.181140E+01 -.215242E+01 0.145044E+02
 -.257891E+00 -.421313E+01 -.182979E+01 -.200761E+01 0.141267E+02
 -.234640E+00 -.413398E+01 -.187636E+01 -.189720E+01 0.185679E+02
 -.269121E+00 -.421037E+01 -.182838E+01 -.205168E+01 0.152376E+02
 -.260827E+00 -.421376E+01 -.182660E+01 -.200986E+01 0.140821E+02
 -.270039E+00 -.421588E+01 -.182936E+01 -.202133E+01 0.144948E+02
 -.234324E+00 -.429210E+01 -.183531E+01 -.201857E+01 0.167716E+02
 -.160247E+00 -.421179E+01 -.182723E+01 -.239412E+01 0.196337E+02
 -.269981E+00 -.420952E+01 -.182281E+01 -.199138E+01 0.140501E+02
 -.283647E+00 -.424298E+01 -.183359E+01 -.202380E+01 0.174901E+02
 -.279489E+00 -.420701E+01 -.183032E+01 -.203654E+01 0.166094E+02
 -.264232E+00 -.421355E+01 -.184167E+01 -.198770E+01 0.141185E+02
 -.280425E+00 -.421125E+01 -.185190E+01 -.197648E+01 0.165091E+02
 -.270605E+00 -.421416E+01 -.182216E+01 -.199577E+01 0.140347E+02
 -.244859E+00 -.420368E+01 -.182949E+01 -.200123E+01 0.156680E+02
 -.332262E+00 -.420852E+01 -.168886E+01 -.199731E+01 0.163720E+02
 -.256599E+00 -.422932E+01 -.184532E+01 -.195575E+01 0.145395E+02
 -.275440E+00 -.418036E+01 -.180717E+01 -.204275E+01 0.143358E+02
 -.294131E+00 -.420680E+01 -.180755E+01 -.198937E+01 0.145596E+02
 -.267461E+00 -.420883E+01 -.182915E+01 -.203350E+01 0.145565E+02
 -.237633E+00 -.420696E+01 -.187709E+01 -.210669E+01 0.191228E+02
 -.271364E+00 -.421005E+01 -.179068E+01 -.207944E+01 0.140888E+02
 -.269636E+00 -.422432E+01 -.182258E+01 -.207098E+01 0.154615E+02
 -.273111E+00 -.420977E+01 -.182683E+01 -.201538E+01 0.144745E+02
 -.270706E+00 -.421059E+01 -.183132E+01 -.197999E+01 0.140380E+02
 -.279482E+00 -.420451E+01 -.182966E+01 -.200192E+01 0.149856E+02
 -.255290E+00 -.421052E+01 -.182336E+01 -.199807E+01 0.149184E+02
 -.266134E+00 -.413136E+01 -.181946E+01 -.199115E+01 0.154703E+02
 -.281176E+00 -.422220E+01 -.183889E+01 -.201409E+01 0.170191E+02
 -.271604E+00 -.420743E+01 -.182173E+01 -.199183E+01 0.140370E+02
 -.285792E+00 -.420024E+01 -.186529E+01 -.195905E+01 0.187845E+02
 -.255774E+00 -.420186E+01 -.180537E+01 -.200154E+01 0.168574E+02
 -.276267E+00 -.421428E+01 -.182729E+01 -.199871E+01 0.144059E+02
 -.271850E+00 -.420966E+01 -.186245E+01 -.202665E+01 0.199096E+02
 -.271116E+00 -.421229E+01 -.182391E+01 -.200545E+01 0.140860E+02
 -.275211E+00 -.420984E+01 -.182673E+01 -.200098E+01 0.143280E+02
 -.264125E+00 -.421105E+01 -.183481E+01 -.209860E+01 0.172539E+02
 -.276950E+00 -.424020E+01 -.178786E+01 -.205918E+01 0.142070E+02
 -.296512E+00 -.419516E+01 -.183624E+01 -.198130E+01 0.179523E+02
 -.275447E+00 -.421737E+01 -.182524E+01 -.197440E+01 0.140413E+02
 -.249256E+00 -.417777E+01 -.183423E+01 -.209961E+01 0.148528E+02
 -.259141E+00 -.423597E+01 -.182576E+01 -.204359E+01 0.141937E+02
 -.265230E+00 -.423628E+01 -.182970E+01 -.198888E+01 0.141670E+02
 -.264535E+00 -.420792E+01 -.183208E+01 -.202709E+01 0.143470E+02
 -.268664E+00 -.421439E+01 -.186750E+01 -.196119E+01 0.156543E+02
 -.275094E+00 -.420739E+01 -.182975E+01 -.198873E+01 0.142460E+02
 -.270253E+00 -.420158E+01 -.180871E+01 -.203856E+01 0.140521E+02
 -.288419E+00 -.418904E+01 -.182609E+01 -.198484E+01 0.152520E+02
 -.267577E+00 -.423021E+01 -.182838E+01 -.197952E+01 0.141637E+02
 -.256004E+00 -.421167E+01 -.183832E+01 -.200087E+01 0.140593E+02
 -.291362E+00 -.420680E+01 -.182537E+01 -.199676E+01 0.161451E+02
 -.273362E+00 -.420760E+01 -.182150E+01 -.200246E+01 0.140770E+02
 -.292196E+00 -.421666E+01 -.182030E+01 -.198237E+01 0.150843E+02
 -.267848E+00 -.420617E+01 -.182753E+01 -.203495E+01 0.145206E+02
 -.269623E+00 -.421106E+01 -.182411E+01 -.201912E+01 0.141817E+02
 -.279634E+00 -.420660E+01 -.180401E+01 -.196723E+01 0.147111E+02
 -.274246E+00 -.420996E+01 -.180482E+01 -.202207E+01 0.140542E+02
 -.270584E+00 -.420745E+01 -.182258E+01 -.199419E+01 0.140341E+02
 -.262701E+00 -.420883E+01 -.181549E+01 -.199577E+01 0.147796E+02
 -.276006E+00 -.413823E+01 -.182372E+01 -.195744E+01 0.151330E+02
 -.265318E+00 -.421044E+01 -.181991E+01 -.197556E+01 0.147947E+02
 -.279546E+00 -.422631E+01 -.182922E+01 -.196965E+01 0.142154E+02
 -.258666E+00 -.420992E+01 -.179768E+01 -.200653E+01 0.171005E+02
 -.258758E+00 -.420212E+01 -.183452E+01 -.200717E+01 0.140374E+02
 -.276474E+00 -.423452E+01 -.182284E+01 -.200470E+01 0.143761E+02
 -.270722E+00 -.421077E+01 -.182838E+01 -.200487E+01 0.141719E+02
 -.273325E+00 -.421446E+01 -.182682E+01 -.199246E+01 0.141058E+02
 -.260412E+00 -.420882E+01 -.183211E+01 -.198973E+01 0.141644E+02
 -.269783E+00 -.419694E+01 -.182536E+01 -.203940E+01 0.146859E+02
 -.267699E+00 -.421387E+01 -.182291E+01 -.198404E+01 0.142105E+02
 -.275625E+00 -.420101E+01 -.182424E+01 -.197474E+01 0.140473E+02
 -.273386E+00 -.421109E+01 -.183849E+01 -.197319E+01 0.142503E+02
 -.268607E+00 -.421308E+01 -.183805E+01 -.200274E+01 0.144987E+02
 -.293814E+00 -.430566E+01 -.179689E+01 -.205521E+01 0.171118E+02
 -.282373E+00 -.422175E+01 -.181517E+01 -.202952E+01 0.150145E+02
 -.276618E+00 -.422821E+01 -.179027E+01 -.203197E+01 0.142938E+02
 -.261568E+00 -.419214E+01 -.186057E+01 -.204770E+01 0.182300E+02
 -.280525E+00 -.414267E+01 -.182737E+01 -.199672E+01 0.154997E+02
 -.275051E+00 -.418969E+01 -.181603E+01 -.202215E+01 0.142722E+02
 -.246510E+00 -.422619E+01 -.183146E+01 -.199459E+01 0.154995E+02
 -.270937E+00 -.421099E+01 -.181940E+01 -.199009E+01 0.140970E+02
 -.272623E+00 -.420619E+01 -.182763E+01 -.199465E+01 0.141200E+02
 -.271941E+00 -.421074E+01 -.187653E+01 -.195422E+01 0.170665E+02
 -.271528E+00 -.421281E+01 -.181113E+01 -.191910E+01 0.181503E+02
 -.301195E+00 -.421005E+01 -.181916E+01 -.198135E+01 0.163744E+02
 -.281640E+00 -.420992E+01 -.183416E+01 -.201636E+01 0.165030E+02
 -.273262E+00 -.420595E+01 -.183502E+01 -.199517E+01 0.145221E+02
 -.283392E+00 -.432699E+01 -.183267E+01 -.202266E+01 0.188094E+02
 -.261169E+00 -.420671E+01 -.182532E+01 -.202402E+01 0.140296E+02
 -.276943E+00 -.421185E+01 -.179650E+01 -.208182E+01 0.144904E+02
 -.277090E+00 -.421016E+01 -.180844E+01 -.199461E+01 0.141046E+02
 -.287264E+00 -.420016E+01 -.181857E+01 -.194513E+01 0.140994E+02
 -.277883E+00 -.422272E+01 -.182878E+01 -.199904E+01 0.146786E+02
 -.275299E+00 -.420819E+01 -.182734E+01 -.196230E+01 0.140717E+02
 -.272885E+00 -.424931E+01 -.187360E+01 -.197535E+01 0.186701E+02
 -.287353E+00 -.421309E+01 -.182122E+01 -.200505E+01 0.153868E+02
 -.277105E+00 -.421510E+01 -.180386E+01 -.215902E+01 0.182935E+02
 -.249557E+00 -.421268E+01 -.181503E+01 -.200439E+01 0.165463E+02
 -.265550E+00 -.418628E+01 -.182133E+01 -.193958E+01 0.164665E+02
 -.270763E+00 -.421485E+01 -.185520E+01 -.197093E+01 0.150792E+02
 -.254393E+00 -.420704E+01 -.182833E+01 -.199996E+01 0.145777E+02
 -.268596E+00 -.420922E+01 -.182865E+01 -.200330E+01 0.140915E+02
 -.267433E+00 -.420937E+01 -.182387E+01 -.199398E+01 0.140738E+02
 -.318024E+00 -.421210E+01 -.177710E+01 -.198623E+01 0.149737E+02
 -.387801E+00 -.420141E+01 -.166654E+01 -.198755E+01 0.170501E+02
 -.264664E+00 -.425600E+01 -.183078E+01 -.201140E+01 0.144051E+02
 -.315624E+00 -.423370E+01 -.181762E+01 -.179081E+01 0.190226E+02
 -.277132E+00 -.420337E+01 -.183777E+01 -.204106E+01 0.175131E+02
 -.282196E+00 -.421091E+01 -.183309E+01 -.197653E+01 0.147353E+02
 -.283129E+00 -.422008E+01 -.181434E+01 -.200316E+01 0.143403E+02
 -.276521E+00 -.420909E+01 -.182101E+01 -.199315E+01 0.140799E+02
 -.262012E+00 -.419454E+01 -.182049E+01 -.198710E+01 0.147858E+02
 -.162399E+00 -.420907E+01 -.192139E+01 -.202610E+01 0.161677E+02
 -.247391E+00 -.424235E+01 -.184332E+01 -.193870E+01 0.170187E+02
 -.260337E+00 -.416498E+01 -.180330E+01 -.210457E+01 0.144349E+02
 -.287506E+00 -.421027E+01 -.174994E+01 -.198385E+01 0.194196E+02
 -.271701E+00 -.421362E+01 -.177729E+01 -.199359E+01 0.181562E+02
 -.267412E+00 -.420929E+01 -.182781E+01 -.195612E+01 0.146235E+02
 -.230774E+00 -.420967E+01 -.182902E+01 -.200884E+01 0.183558E+02
 -.292916E+00 -.420958E+01 -.176830E+01 -.201654E+01 0.144290E+02
 -.261342E+00 -.417182E+01 -.177101E+01 -.211941E+01 0.154543E+02
 -.276373E+00 -.421083E+01 -.180885E+01 -.205396E+01 0.145638E+02
 -.265262E+00 -.420981E+01 -.182970E+01 -.200267E+01 0.140347E+02
 -.270641E+00 -.420929E+01 -.183372E+01 -.200769E+01 0.145065E+02
 -.282817E+00 -.421127E+01 -.182284E+01 -.200655E+01 0.149724E+02
 -.234452E+00 -.419475E+01 -.184377E+01 -.200383E+01 0.155697E+02
 -.268463E+00 -.420900E+01 -.182365E+01 -.205827E+01 0.149280E+02
 -.269542E+00 -.426256E+01 -.182142E+01 -.199853E+01 0.144155E+02
 -.280058E+00 -.421842E+01 -.183016E+01 -.200631E+01 0.152932E+02
 -.275714E+00 -.420916E+01 -.182230E+01 -.197781E+01 0.140344E+02
 -.287377E+00 -.419546E+01 -.175727E+01 -.197892E+01 0.185634E+02
 -.276797E+00 -.421259E+01 -.183029E+01 -.199920E+01 0.146509E+02
 -.270400E+00 -.420775E+01 -.185733E+01 -.201664E+01 0.177342E+02
 -.277086E+00 -.420882E+01 -.182257E+01 -.198122E+01 0.140438E+02
 -.276547E+00 -.420838E+01 -.163356E+01 -.258562E+01 0.194439E+02
 -.268829E+00 -.421040E+01 -.181596E+01 -.206956E+01 0.146806E+02
 -.265638E+00 -.421064E+01 -.182203E+01 -.204817E+01 0.143108E+02
 -.261750E+00 -.425166E+01 -.178814E+01 -.201205E+01 0.177463E+02
 -.321475E+00 -.420212E+01 -.165188E+01 -.213316E+01 0.170965E+02
 -.280251E+00 -.422608E+01 -.182030E+01 -.195475E+01 0.141696E+02
 -.233495E+00 -.420927E+01 -.182299E+01 -.201300E+01 0.185075E+02
 -.261632E+00 -.415517E+01 -.181193E+01 -.209906E+01 0.148653E+02
 -.276042E+00 -.424568E+01 -.182429E+01 -.199774E+01 0.144049E+02
 -.268227E+00 -.420877E+01 -.183511E+01 -.200657E+01 0.143606E+02
 -.263329E+00 -.421611E+01 -.184840E+01 -.191175E+01 0.151427E+02
 -.248480E+00 -.421277E+01 -.182877E+01 -.199570E+01 0.154141E+02
 -.264210E+00 -.419887E+01 -.179895E+01 -.204881E+01 0.144433E+02
 -.264102E+00 -.417365E+01 -.185513E+01 -.193444E+01 0.143299E+02
 -.271334E+00 -.418607E+01 -.182596E+01 -.204379E+01 0.150633E+02
 -.266152E+00 -.421624E+01 -.182982E+01 -.199348E+01 0.140392E+02
 -.273664E+00 -.421306E+01 -.183360E+01 -.197053E+01 0.140866E+02
 -.284390E+00 -.420336E+01 -.183828E+01 -.191109E+01 0.141497E+02
 -.271501E+00 -.420878E+01 -.181553E+01 -.199718E+01 0.141001E+02
 -.241896E+00 -.420419E+01 -.182598E+01 -.200843E+01 0.163003E+02
 -.274914E+00 -.420965E+01 -.182071E+01 -.199059E+01 0.140215E+02
 -.266624E+00 -.421004E+01 -.182234E+01 -.200719E+01 0.140357E+02
 -.265007E+00 -.421031E+01 -.182655E+01 -.206380E+01 0.149229E+02
 -.266991E+00 -.421199E+01 -.182199E+01 -.198204E+01 0.143302E+02
 -.271254E+00 -.421988E+01 -.182155E+01 -.214307E+01 0.191896E+02
 -.269821E+00 -.420964E+01 -.177360E+01 -.200747E+01 0.182896E+02
 -.272275E+00 -.421054E+01 -.182388E+01 -.198006E+01 0.140583E+02
 -.282347E+00 -.421106E+01 -.181677E+01 -.198342E+01 0.141003E+02
 -.273254E+00 -.419486E+01 -.182370E+01 -.199800E+01 0.140972E+02
 -.275980E+00 -.420845E+01 -.182279E+01 -.188179E+01 0.183937E+02
 -.281584E+00 -.420455E+01 -.182908E+01 -.191080E+01 0.146744E+02
 -.260411E+00 -.420948E+01 -.182588E+01 -.199798E+01 0.142777E+02
 -.271654E+00 -.424025E+01 -.183493E+01 -.200247E+01 0.147164E+02
 -.279670E+00 -.421123E+01 -.182628E+01 -.199654E+01 0.145813E+02
 -.270545E+00 -.420882E+01 -.182332E+01 -.200866E+01 0.140810E+02
 -.260861E+00 -.422388E+01 -.183072E+01 -.203078E+01 0.141777E+02
 -.271478E+00 -.420594E+01 -.182480E+01 -.198545E+01 0.140385E+02
 -.271417E+00 -.421627E+01 -.182281E+01 -.198595E+01 0.140594E+02
 -.271459E+00 -.420082E+01 -.182995E+01 -.187910E+01 0.185712E+02
 -.276937E+00 -.420437E+01 -.182201E+01 -.199200E+01 0.141098E+02
 -.294658E+00 -.417279E+01 -.182448E+01 -.199405E+01 0.167124E+02
 -.271825E+00 -.421999E+01 -.182192E+01 -.198547E+01 0.140751E+02
 -.275089E+00 -.421012E+01 -.182495E+01 -.198198E+01 0.140415E+02
 -.272752E+00 -.421426E+01 -.181379E+01 -.195437E+01 0.152143E+02
 -.272819E+00 -.428351E+01 -.179356E+01 -.218665E+01 0.176719E+02
 -.277107E+00 -.421715E+01 -.182892E+01 -.200788E+01 0.148517E+02
 -.274629E+00 -.420749E+01 -.181753E+01 -.198416E+01 0.140797E+02
 -.266777E+00 -.420446E+01 -.179723E+01 -.198268E+01 0.168221E+02
 -.267357E+00 -.416461E+01 -.179933E+01 -.218362E+01 0.166645E+02
 -.274194E+00 -.423979E+01 -.183453E+01 -.198619E+01 0.145085E+02
 -.264682E+00 -.423620E+01 -.182376E+01 -.197472E+01 0.146896E+02
 -.271227E+00 -.420857E+01 -.181543E+01 -.198702E+01 0.142578E+02
 -.257452E+00 -.421104E+01 -.182438E+01 -.199502E+01 0.146904E+02
 -.291806E+00 -.420883E+01 -.185960E+01 -.194959E+01 0.184747E+02
 -.226139E+00 -.424318E+01 -.183179E+01 -.201626E+01 0.186417E+02
 -.265131E+00 -.421031E+01 -.181553E+01 -.198676E+01 0.147904E+02
 -.275053E+00 -.420606E+01 -.181116E+01 -.198665E+01 0.142182E+02
 -.290612E+00 -.418103E+01 -.181982E+01 -.201055E+01 0.161246E+02
 -.298705E+00 -.420824E+01 -.185135E+01 -.192356E+01 0.167086E+02
 -.262088E+00 -.421091E+01 -.182089E+01 -.203115E+01 0.140328E+02
 -.261132E+00 -.420840E+01 -.181189E+01 -.199722E+01 0.152507E+02
 -.310321E+00 -.420290E+01 -.183427E+01 -.193472E+01 0.174619E+02
 -.267824E+00 -.423579E+01 -.183484E+01 -.200341E+01 0.143770E+02
 -.285024E+00 -.424677E+01 -.185049E+01 -.193525E+01 0.152358E+02
 -.271303E+00 -.420816E+01 -.182549E+01 -.199202E+01 0.140361E+02
 -.284795E+00 -.423831E+01 -.179959E+01 -.198182E+01 0.142877E+02
 -.264211E+00 -.421589E+01 -.182918E+01 -.196495E+01 0.145732E+02
 -.276101E+00 -.422356E+01 -.182454E+01 -.201278E+01 0.145721E+02
 -.267313E+00 -.421147E+01 -.181697E+01 -.199719E+01 0.142519E+02
 -.266379E+00 -.428451E+01 -.183602E+01 -.207854E+01 0.177692E+02
 -.273617E+00 -.421581E+01 -.184834E+01 -.192296E+01 0.141245E+02
 -.277545E+00 -.420169E+01 -.182768E+01 -.200728E+01 0.147740E+02
 -.270345E+00 -.420413E+01 -.182152E+01 -.198277E+01 0.141528E+02
 -.247324E+00 -.419603E+01 -.185135E+01 -.212602E+01 0.175984E+02
 -.273579E+00 -.424342E+01 -.179741E+01 -.200788E+01 0.147289E+02
 -.262356E+00 -.421701E+01 -.182564E+01 -.203270E+01 0.140922E+02
 -.272875E+00 -.420933E+01 -.182213E+01 -.198943E+01 0.140312E+02
 -.310745E+00 -.421218E+01 -.178377E+01 -.199325E+01 0.148226E+02
 -.257168E+00 -.417991E+01 -.182312E+01 -.199937E+01 0.148408E+02
 -.257799E+00 -.420753E+01 -.181085E+01 -.196780E+01 0.177399E+02
 -.261479E+00 -.421018E+01 -.182484E+01 -.201092E+01 0.140885E+02
 -.280528E+00 -.422442E+01 -.178837E+01 -.200496E+01 0.146119E+02
 -.322390E+00 -.421577E+01 -.177823E+01 -.198033E+01 0.154486E+02
 -.278741E+00 -.420958E+01 -.182268E+01 -.199433E+01 0.142634E+02
 -.272058E+00 -.420224E+01 -.182078E+01 -.201106E+01 0.141005E+02
 -.222500E+00 -.417318E+01 -.185108E+01 -.199227E+01 0.176899E+02
 -.264915E+00 -.420661E+01 -.182376E+01 -.200712E+01 0.140480E+02
 -.250464E+00 -.421925E+01 -.182242E+01 -.201338E+01 0.150942E+02
 -.277579E+00 -.420656E+01 -.182620E+01 -.195221E+01 0.141239E+02
 -.297512E+00 -.421502E+01 -.175924E+01 -.200290E+01 0.148981E+02
 -.291865E+00 -.420133E+01 -.183640E+01 -.196969E+01 0.161938E+02
 -.267958E+00 -.420941E+01 -.182225E+01 -.196155E+01 0.147951E+02
 -.289371E+00 -.420922E+01 -.182424E+01 -.198734E+01 0.152515E+02
 -.317415E+00 -.421110E+01 -.178827E+01 -.198510E+01 0.158642E+02
 -.269919E+00 -.421000E+01 -.185650E+01 -.195513E+01 0.145639E+02
 -.266266E+00 -.420870E+01 -.183696E+01 -.190343E+01 0.164901E+02
 -.258204E+00 -.420900E+01 -.182248E+01 -.198937E+01 0.149447E+02
 -.272660E+00 -.421034E+01 -.181906E+01 -.198087E+01 0.141447E+02
 -.254227E+00 -.420897E+01 -.182017E+01 -.199182E+01 0.156520E+02
 -.248608E+00 -.420667E+01 -.182533E+01 -.210448E+01 0.142650E+02
 -.261317E+00 -.429191E+01 -.182397E+01 -.202913E+01 0.149222E+02
 -.274201E+00 -.421563E+01 -.181672E+01 -.194606E+01 0.151006E+02
 -.275411E+00 -.421106E+01 -.182358E+01 -.197250E+01 0.140473E+02
 -.294307E+00 -.420592E+01 -.174346E+01 -.200331E+01 0.172472E+02
 -.273679E+00 -.420904E+01 -.182877E+01 -.198811E+01 0.141241E+02
 -.264258E+00 -.420738E+01 -.179993E+01 -.198264E+01 0.169649E+02
 -.275789E+00 -.420757E+01 -.182193E+01 -.198695E+01 0.140411E+02
 -.281854E+00 -.420946E+01 -.181591E+01 -.210774E+01 0.188574E+02
 -.262152E+00 -.420975E+01 -.182229E+01 -.194540E+01 0.165093E+02
 -.263182E+00 -.423496E+01 -.185836E+01 -.196460E+01 0.144929E+02
 -.280143E+00 -.422148E+01 -.182326E+01 -.198045E+01 0.141738E+02
 -.266400E+00 -.423889E+01 -.182438E+01 -.192966E+01 0.164793E+02
 -.272169E+00 -.418182E+01 -.181729E+01 -.201939E+01 0.142120E+02
 -.277947E+00 -.419055E+01 -.182201E+01 -.199712E+01 0.142776E+02
 -.275718E+00 -.420954E+01 -.182327E+01 -.197795E+01 0.140317E+02
 -.239066E+00 -.419866E+01 -.182026E+01 -.200680E+01 0.180261E+02
 -.275240E+00 -.418684E+01 -.183366E+01 -.198095E+01 0.143614E+02
 -.249645E+00 -.422971E+01 -.182246E+01 -.199985E+01 0.158120E+02
 -.276104E+00 -.419620E+01 -.182199E+01 -.200092E+01 0.142014E+02
 -.301531E+00 -.419629E+01 -.179137E+01 -.186352E+01 0.191180E+02
 -.283463E+00 -.420708E+01 -.182863E+01 -.201362E+01 0.159695E+02
 -.275737E+00 -.421119E+01 -.182121E+01 -.198050E+01 0.140328E+02
 -.249505E+00 -.420450E+01 -.182405E+01 -.201050E+01 0.151673E+02
 -.280140E+00 -.421780E+01 -.182191E+01 -.189438E+01 0.164637E+02
 -.264863E+00 -.421042E+01 -.182528E+01 -.196906E+01 0.146507E+02
 -.263664E+00 -.423201E+01 -.183368E+01 -.198625E+01 0.141314E+02
 -.272471E+00 -.420927E+01 -.180750E+01 -.199785E+01 0.143373E+02
 -.273195E+00 -.421013E+01 -.182628E+01 -.198542E+01 0.140408E+02
 -.275019E+00 -.421187E+01 -.183287E+01 -.186020E+01 0.190060E+02
 -.274946E+00 -.420820E+01 -.182661E+01 -.198188E+01 0.140630E+02
 -.268281E+00 -.424764E+01 -.182809E+01 -.202152E+01 0.145340E+02
 -.207420E+00 -.422945E+01 -.187195E+01 -.196636E+01 0.192675E+02
 -.253604E+00 -.420858E+01 -.183076E+01 -.191955E+01 0.192722E+02
 -.276411E+00 -.420940E+01 -.180299E+01 -.201595E+01 0.140686E+02
 -.264551E+00 -.420926E+01 -.186296E+01 -.198159E+01 0.154542E+02
 -.269951E+00 -.421183E+01 -.182506E+01 -.199392E+01 0.140304E+02
 -.262198E+00 -.419320E+01 -.184299E+01 -.198371E+01 0.140901E+02
 -.281606E+00 -.421031E+01 -.182023E+01 -.198981E+01 0.142580E+02
 -.264709E+00 -.420681E+01 -.182659E+01 -.201251E+01 0.140336E+02
 -.262375E+00 -.419333E+01 -.182536E+01 -.200114E+01 0.141855E+02
 -.274718E+00 -.421605E+01 -.182432E+01 -.194435E+01 0.145272E+02
 -.268343E+00 -.419735E+01 -.182270E+01 -.200299E+01 0.140530E+02
 -.275099E+00 -.421042E+01 -.182477E+01 -.200459E+01 0.142905E+02
 -.270066E+00 -.420512E+01 -.181303E+01 -.200136E+01 0.141915E+02
 -.264461E+00 -.421140E+01 -.180606E+01 -.196373E+01 0.172183E+02
 -.263673E+00 -.417761E+01 -.181361E+01 -.201896E+01 0.144342E+02
 -.265432E+00 -.420148E+01 -.182992E+01 -.199213E+01 0.140498E+02
 -.291031E+00 -.420430E+01 -.182915E+01 -.201598E+01 0.177975E+02
 -.296826E+00 -.423144E+01 -.179249E+01 -.199015E+01 0.141561E+02
 -.273278E+00 -.417990E+01 -.181714E+01 -.198243E+01 0.143152E+02
 -.279003E+00 -.422257E+01 -.172710E+01 -.224625E+01 0.146207E+02
 -.267967E+00 -.428678E+01 -.182834E+01 -.198637E+01 0.148125E+02
 -.253763E+00 -.423296E+01 -.182583E+01 -.202960E+01 0.142562E+02
 -.254648E+00 -.420848E+01 -.182442E+01 -.202730E+01 0.142102E+02
 -.272672E+00 -.420867E+01 -.182391E+01 -.198950E+01 0.140197E+02
 -.263007E+00 -.421150E+01 -.182953E+01 -.199874E+01 0.140531E+02
 -.272671E+00 -.420865E+01 -.181994E+01 -.198935E+01 0.140494E+02
 -.301089E+00 -.421482E+01 -.179091E+01 -.198122E+01 0.141602E+02
 -.259774E+00 -.421013E+01 -.181766E+01 -.200371E+01 0.146877E+02
 -.270687E+00 -.420507E+01 -.180540E+01 -.199536E+01 0.146932E+02
 -.261793E+00 -.411098E+01 -.183678E+01 -.201540E+01 0.159121E+02
 -.334403E+00 -.422536E+01 -.181651E+01 -.178398E+01 0.159475E+02
 -.273770E+00 -.421277E+01 -.182926E+01 -.200201E+01 0.143768E+02
 -.273995E+00 -.421139E+01 -.182271E+01 -.192691E+01 0.154448E+02
 -.251481E+00 -.420778E+01 -.184497E+01 -.199133E+01 0.141369E+02
 -.262997E+00 -.421189E+01 -.184419E+01 -.201424E+01 0.146734E+02
 -.253019E+00 -.419707E+01 -.183155E+01 -.201068E+01 0.142909E+02
 -.271682E+00 -.420729E+01 -.181871E+01 -.201984E+01 0.141143E+02
 -.272420E+00 -.419729E+01 -.182580E+01 -.198403E+01 0.140534E+02
 -.255189E+00 -.421102E+01 -.182574E+01 -.195550E+01 0.167804E+02
 -.255048E+00 -.422499E+01 -.183738E+01 -.193141E+01 0.167261E+02
 -.272268E+00 -.420397E+01 -.184185E+01 -.199563E+01 0.149466E+02
 -.276083E+00 -.422387E+01 -.182631E+01 -.187256E+01 0.186287E+02
 -.265535E+00 -.420651E+01 -.180767E+01 -.193547E+01 0.189728E+02
 -.286324E+00 -.420532E+01 -.182101E+01 -.202103E+01 0.158993E+02
 -.271787E+00 -.420694E+01 -.182525E+01 -.199549E+01 0.140403E+02
 -.253570E+00 -.422261E+01 -.182843E+01 -.205192E+01 0.140855E+02
 -.278411E+00 -.420940E+01 -.182153E+01 -.198650E+01 0.140965E+02
 -.286043E+00 -.421534E+01 -.181277E+01 -.199169E+01 0.142573E+02
 -.281621E+00 -.417338E+01 -.181977E+01 -.199885E+01 0.146213E+02
 -.262318E+00 -.421199E+01 -.181213E+01 -.195268E+01 0.175360E+02
 -.241826E+00 -.421275E+01 -.181960E+01 -.204181E+01 0.155819E+02
 -.272575E+00 -.422110E+01 -.180713E+01 -.197637E+01 0.149656E+02
 -.271201E+00 -.421475E+01 -.182323E+01 -.199403E+01 0.140335E+02
 -.282205E+00 -.421370E+01 -.182171E+01 -.200559E+01 0.147802E+02
 -.155098E+00 -.421623E+01 -.188554E+01 -.230134E+01 0.147783E+02
 -.291057E+00 -.418050E+01 -.180781E+01 -.204828E+01 0.165315E+02
 -.267970E+00 -.420924E+01 -.182402E+01 -.202557E+01 0.141811E+02
 -.323309E+00 -.421948E+01 -.177155E+01 -.201230E+01 0.164593E+02
 -.262661E+00 -.420920E+01 -.182840E+01 -.203078E+01 0.141424E+02
 -.298709E+00 -.420907E+01 -.182425E+01 -.197809E+01 0.163737E+02
 -.250073E+00 -.420955E+01 -.182197E+01 -.201382E+01 0.151650E+02
 -.269096E+00 -.421244E+01 -.185211E+01 -.193206E+01 0.141006E+02
 -.268663E+00 -.420835E+01 -.182396E+01 -.200344E+01 0.140304E+02
 -.274403E+00 -.424769E+01 -.179917E+01 -.206491E+01 0.143854E+02
 -.273158E+00 -.421067E+01 -.181414E+01 -.196460E+01 0.147389E+02
 -.249170E+00 -.420534E+01 -.182885E+01 -.198839E+01 0.156322E+02
 -.238850E+00 -.420441E+01 -.182428E+01 -.210663E+01 0.141313E+02
 -.272184E+00 -.419478E+01 -.182540E+01 -.203853E+01 0.149083E+02
 -.268617E+00 -.421617E+01 -.182332E+01 -.196581E+01 0.145217E+02
 -.271914E+00 -.420830E+01 -.182345E+01 -.198476E+01 0.140448E+02
 -.287897E+00 -.421228E+01 -.184693E+01 -.198916E+01 0.182558E+02
 -.262531E+00 -.420776E+01 -.188282E+01 -.199037E+01 0.186961E+02
 -.269103E+00 -.420700E+01 -.182121E+01 -.198489E+01 0.141868E+02
 -.263543E+00 -.420933E+01 -.179834E+01 -.197425E+01 0.179905E+02
 -.273785E+00 -.420757E+01 -.182191E+01 -.199171E+01 0.140219E+02
 -.279442E+00 -.420843E+01 -.182287E+01 -.186926E+01 0.187196E+02
 -.274382E+00 -.420935E+01 -.182756E+01 -.196666E+01 0.140589E+02
 -.280050E+00 -.417730E+01 -.183875E+01 -.199943E+01 0.160590E+02
 -.271800E+00 -.420515E+01 -.182679E+01 -.200438E+01 0.141632E+02
 -.280263E+00 -.424191E+01 -.182666E+01 -.199214E+01 0.147074E+02
 -.269199E+00 -.420849E+01 -.184579E+01 -.191624E+01 0.145470E+02
 -.272882E+00 -.416099E+01 -.183129E+01 -.198704E+01 0.145455E+02
 -.264557E+00 -.420912E+01 -.181930E+01 -.199739E+01 0.143226E+02
 -.276809E+00 -.422816E+01 -.182663E+01 -.208976E+01 0.185352E+02
 -.290273E+00 -.419526E+01 -.181771E+01 -.199595E+01 0.151263E+02
 -.155061E+00 -.418222E+01 -.197937E+01 -.198753E+01 0.151813E+02
 -.276080E+00 -.419369E+01 -.179688E+01 -.201917E+01 0.142651E+02
 -.280995E+00 -.422799E+01 -.182370E+01 -.199003E+01 0.144381E+02
 -.275384E+00 -.420559E+01 -.182462E+01 -.200355E+01 0.142836E+02
 -.276145E+00 -.420705E+01 -.183119E+01 -.202283E+01 0.154688E+02
 -.241594E+00 -.421500E+01 -.182404E+01 -.199375E+01 0.175808E+02
 -.274598E+00 -.420947E+01 -.182190E+01 -.198936E+01 0.140231E+02
 -.259918E+00 -.420129E+01 -.182261E+01 -.199154E+01 0.146830E+02
 -.290305E+00 -.422087E+01 -.182235E+01 -.184761E+01 0.182221E+02
 -.260336E+00 -.420879E+01 -.182793E+01 -.200326E+01 0.141274E+02
 -.231282E+00 -.424078E+01 -.180855E+01 -.227126E+01 0.147451E+02
 -.271013E+00 -.422533E+01 -.182207E+01 -.211011E+01 0.174130E+02
 -.276609E+00 -.421100E+01 -.185778E+01 -.198486E+01 0.171331E+02
 -.269624E+00 -.420877E+01 -.182391E+01 -.199889E+01 0.140293E+02
 -.258958E+00 -.420685E+01 -.183245E+01 -.198502E+01 0.143160E+02
 -.265483E+00 -.422940E+01 -.182388E+01 -.198701E+01 0.142970E+02
 -.242339E+00 -.421771E+01 -.185908E+01 -.202411E+01 0.142194E+02
 -.251415E+00 -.420964E+01 -.181987E+01 -.213572E+01 0.147333E+02
 -.269117E+00 -.422150E+01 -.178943E+01 -.206452E+01 0.143024E+02
 -.282270E+00 -.421223E+01 -.182118E+01 -.198510E+01 0.142581E+02
 -.255357E+00 -.416051E+01 -.182561E+01 -.197054E+01 0.163232E+02
 -.272546E+00 -.420945E+01 -.182392E+01 -.198936E+01 0.140189E+02
 -.268458E+00 -.421046E+01 -.182356E+01 -.200293E+01 0.140286E+02
 -.264244E+00 -.419167E+01 -.182307E+01 -.196795E+01 0.149975E+02
 -.270749E+00 -.421855E+01 -.182409E+01 -.199172E+01 0.140425E+02
 -.262408E+00 -.418661E+01 -.182435E+01 -.199818E+01 0.143075E+02
 -.268067E+00 -.421050E+01 -.182649E+01 -.199385E+01 0.140327E+02
 -.249701E+00 -.426005E+01 -.182287E+01 -.200933E+01 0.156187E+02
 -.271098E+00 -.418682E+01 -.182410E+01 -.200933E+01 0.142011E+02
 -.288998E+00 -.426473E+01 -.183442E+01 -.199047E+01 0.170282E+02
 -.279550E+00 -.420970E+01 -.182460E+01 -.198564E+01 0.142443E+02
 -.263874E+00 -.420635E+01 -.184889E+01 -.199471E+01 0.145749E+02
 -.259150E+00 -.420378E+01 -.181983E+01 -.199450E+01 0.148879E+02
 -.276907E+00 -.420421E+01 -.183055E+01 -.203177E+01 0.159108E+02
 -.284493E+00 -.419545E+01 -.182548E+01 -.205674E+01 0.182010E+02
 -.268687E+00 -.423531E+01 -.181221E+01 -.199260E+01 0.145739E+02
 -.261706E+00 -.418812E+01 -.181924E+01 -.205925E+01 0.142037E+02
 -.273648E+00 -.420884E+01 -.183048E+01 -.199124E+01 0.142333E+02
 -.273303E+00 -.420796E+01 -.182781E+01 -.202068E+01 0.146949E+02
 -.257787E+00 -.420927E+01 -.179084E+01 -.202012E+01 0.175496E+02
 -.274450E+00 -.420794E+01 -.184418E+01 -.199829E+01 0.155904E+02
 -.267216E+00 -.420576E+01 -.181421E+01 -.201334E+01 0.141331E+02
 -.238011E+00 -.415364E+01 -.184113E+01 -.199201E+01 0.163684E+02
 -.302116E+00 -.429981E+01 -.180488E+01 -.200969E+01 0.173322E+02
 -.271683E+00 -.420852E+01 -.183531E+01 -.199279E+01 0.143571E+02
 -.250896E+00 -.421105E+01 -.185080E+01 -.198560E+01 0.140844E+02
 -.228740E+00 -.420850E+01 -.182837E+01 -.200911E+01 0.190378E+02
 -.276796E+00 -.418636E+01 -.182122E+01 -.201563E+01 0.145353E+02
 -.182212E+00 -.423274E+01 -.191620E+01 -.202457E+01 0.146593E+02
 -.273313E+00 -.420636E+01 -.181803E+01 -.202655E+01 0.142628E+02
 -.272200E+00 -.422542E+01 -.185605E+01 -.202832E+01 0.188565E+02
 -.260048E+00 -.420655E+01 -.182490E+01 -.200147E+01 0.142847E+02
 -.241384E+00 -.421899E+01 -.183396E+01 -.204913E+01 0.142875E+02
 -.249014E+00 -.420944E+01 -.183629E+01 -.200682E+01 0.143841E+02
 -.262739E+00 -.416815E+01 -.186103E+01 -.192004E+01 0.144871E+02
 -.258557E+00 -.420584E+01 -.178436E+01 -.206798E+01 0.158917E+02
 -.252526E+00 -.421379E+01 -.182531E+01 -.198209E+01 0.157952E+02
 -.273182E+00 -.421278E+01 -.182712E+01 -.200380E+01 0.142615E+02
 -.275548E+00 -.420954E+01 -.182496E+01 -.198900E+01 0.140996E+02
 -.267686E+00 -.421481E+01 -.182905E+01 -.197158E+01 0.141856E+02
 -.291122E+00 -.422436E+01 -.182870E+01 -.199615E+01 0.165574E+02
 -.253932E+00 -.422974E+01 -.191067E+01 -.191318E+01 0.162494E+02
 -.269417E+00 -.420935E+01 -.183870E+01 -.200568E+01 0.146921E+02
 -.276891E+00 -.421175E+01 -.183430E+01 -.205060E+01 0.174640E+02
 -.278311E+00 -.421603E+01 -.184775E+01 -.197800E+01 0.156872E+02
 -.266338E+00 -.421659E+01 -.182367E+01 -.199029E+01 0.141634E+02
 -.278665E+00 -.420756E+01 -.182564E+01 -.200598E+01 0.146983E+02
 -.172237E+00 -.424348E+01 -.188753E+01 -.243801E+01 0.193422E+02
 -.268949E+00 -.416764E+01 -.181558E+01 -.198821E+01 0.147049E+02
 -.272541E+00 -.416239E+01 -.180763E+01 -.202579E+01 0.144228E+02
 -.290756E+00 -.422111E+01 -.184153E+01 -.198959E+01 0.180717E+02
 -.259093E+00 -.421380E+01 -.179449E+01 -.203551E+01 0.159174E+02
 -.279429E+00 -.420411E+01 -.176710E+01 -.215863E+01 0.145842E+02
 -.269167E+00 -.420917E+01 -.183374E+01 -.206782E+01 0.165517E+02
 -.248231E+00 -.421008E+01 -.182518E+01 -.197838E+01 0.168627E+02
 -.253844E+00 -.420754E+01 -.183545E+01 -.207913E+01 0.148094E+02
 -.262493E+00 -.420950E+01 -.179393E+01 -.212476E+01 0.141630E+02
 -.267850E+00 -.421693E+01 -.179909E+01 -.213444E+01 0.149448E+02
 -.263213E+00 -.423190E+01 -.184267E+01 -.188641E+01 0.176738E+02
 -.277373E+00 -.420901E+01 -.182533E+01 -.201005E+01 0.146586E+02
 -.272443E+00 -.421024E+01 -.183982E+01 -.197868E+01 0.143539E+02
 -.253466E+00 -.420724E+01 -.183665E+01 -.198700E+01 0.144604E+02
 -.244013E+00 -.418469E+01 -.182846E+01 -.217187E+01 0.155633E+02
 -.252807E+00 -.420674E+01 -.183525E+01 -.193986E+01 0.169181E+02
 -.272745E+00 -.413988E+01 -.182418E+01 -.202410E+01 0.152953E+02
 -.271342E+00 -.421952E+01 -.183342E+01 -.199106E+01 0.142389E+02
 -.270394E+00 -.420664E+01 -.182437E+01 -.199845E+01 0.140370E+02
 -.282917E+00 -.420916E+01 -.184735E+01 -.194130E+01 0.147452E+02
 -.269541E+00 -.421372E+01 -.181929E+01 -.199254E+01 0.141259E+02
 -.264390E+00 -.421061E+01 -.180860E+01 -.200389E+01 0.148768E+02
 -.272013E+00 -.420999E+01 -.182485E+01 -.199195E+01 0.140243E+02
 -.281214E+00 -.420918E+01 -.183007E+01 -.201277E+01 0.157170E+02
 -.275348E+00 -.419415E+01 -.180482E+01 -.202895E+01 0.140829E+02
 -.237467E+00 -.419110E+01 -.190347E+01 -.196523E+01 0.154583E+02
 -.267869E+00 -.421266E+01 -.182705E+01 -.197676E+01 0.141655E+02
 -.268772E+00 -.419716E+01 -.183739E+01 -.209432E+01 0.186209E+02
 -.259236E+00 -.420816E+01 -.183310E+01 -.196368E+01 0.148414E+02
 -.268594E+00 -.422572E+01 -.183685E+01 -.198277E+01 0.141504E+02
 -.261727E+00 -.420811E+01 -.182299E+01 -.202328E+01 0.140401E+02
 -.270877E+00 -.419449E+01 -.182331E+01 -.191964E+01 0.164000E+02
 -.304219E+00 -.420766E+01 -.182912E+01 -.198041E+01 0.185645E+02
 -.277469E+00 -.420236E+01 -.186941E+01 -.194240E+01 0.163255E+02
 -.248271E+00 -.420633E+01 -.182660E+01 -.204810E+01 0.141933E+02
 -.272928E+00 -.420830E+01 -.182050E+01 -.205336E+01 0.150580E+02
 -.287705E+00 -.420854E+01 -.182767E+01 -.198668E+01 0.153238E+02
 -.264255E+00 -.422575E+01 -.182828E+01 -.198394E+01 0.142284E+02
 -.271298E+00 -.420567E+01 -.181492E+01 -.201001E+01 0.140374E+02
 -.260101E+00 -.421480E+01 -.184208E+01 -.206213E+01 0.157889E+02
 -.247834E+00 -.420710E+01 -.182127E+01 -.201774E+01 0.154136E+02
 -.287860E+00 -.420194E+01 -.185080E+01 -.187302E+01 0.142932E+02
 -.272820E+00 -.420815E+01 -.182456E+01 -.199659E+01 0.140593E+02
 -.273599E+00 -.420636E+01 -.182266E+01 -.197656E+01 0.140665E+02
 -.289302E+00 -.421901E+01 -.182525E+01 -.191140E+01 0.142786E+02
 -.331581E+00 -.427363E+01 -.178899E+01 -.196046E+01 0.179504E+02
 -.268632E+00 -.420837E+01 -.182892E+01 -.203341E+01 0.146512E+02
 -.271719E+00 -.421223E+01 -.182779E+01 -.198575E+01 0.140379E+02
 -.267376E+00 -.420816E+01 -.182209E+01 -.200372E+01 0.140414E+02
 -.254396E+00 -.421546E+01 -.181786E+01 -.223981E+01 0.187229E+02
 -.261984E+00 -.420894E+01 -.182287E+01 -.198932E+01 0.145127E+02
 -.275291E+00 -.419023E+01 -.182132E+01 -.197464E+01 0.141337E+02
 -.255166E+00 -.421047E+01 -.181858E+01 -.209579E+01 0.142480E+02
 -.269287E+00 -.421581E+01 -.180645E+01 -.206028E+01 0.141233E+02
 -.248920E+00 -.420938E+01 -.185562E+01 -.200963E+01 0.141858E+02
 -.275701E+00 -.421047E+01 -.182496E+01 -.198859E+01 0.141013E+02
 -.262618E+00 -.424418E+01 -.182517E+01 -.199214E+01 0.144354E+02
 -.265533E+00 -.420879E+01 -.182678E+01 -.198901E+01 0.141165E+02
 -.272106E+00 -.421275E+01 -.182175E+01 -.197924E+01 0.141124E+02
 -.264670E+00 -.422531E+01 -.182708E+01 -.198016E+01 0.143149E+02
 -.271002E+00 -.421188E+01 -.182410E+01 -.202525E+01 0.143723E+02
 -.270949E+00 -.421751E+01 -.182583E+01 -.199051E+01 0.140419E+02
 -.260484E+00 -.420509E+01 -.182119E+01 -.198290E+01 0.150144E+02
 -.265499E+00 -.420910E+01 -.182698E+01 -.197937E+01 0.142515E+02
 -.272761E+00 -.418010E+01 -.183472E+01 -.197697E+01 0.142719E+02
 -.283263E+00 -.440413E+01 -.182306E+01 -.199443E+01 0.185400E+02
 -.273709E+00 -.420402E+01 -.186240E+01 -.200280E+01 0.185192E+02
 -.258768E+00 -.421852E+01 -.181603E+01 -.200035E+01 0.150602E+02
 -.253242E+00 -.420740E+01 -.182195E+01 -.201327E+01 0.147876E+02
 -.267848E+00 -.419708E+01 -.181938E+01 -.197747E+01 0.145516E+02
 -.274611E+00 -.422223E+01 -.180955E+01 -.203321E+01 0.141497E+02
 -.275041E+00 -.417505E+01 -.181403E+01 -.199582E+01 0.142557E+02
 -.267685E+00 -.417383E+01 -.181798E+01 -.205976E+01 0.146544E+02
 -.273361E+00 -.420972E+01 -.182127E+01 -.199033E+01 0.140307E+02
 -.274525E+00 -.420490E+01 -.182312E+01 -.201465E+01 0.143460E+02
 -.251604E+00 -.420907E+01 -.181543E+01 -.200109E+01 0.162625E+02
 -.271017E+00 -.421472E+01 -.184443E+01 -.185946E+01 0.179927E+02
 -.255095E+00 -.421866E+01 -.182217E+01 -.197980E+01 0.158578E+02
 -.263577E+00 -.420879E+01 -.184056E+01 -.200365E+01 0.142598E+02
 -.265624E+00 -.420720E+01 -.183845E+01 -.199974E+01 0.142242E+02
 -.240374E+00 -.429895E+01 -.182667E+01 -.197941E+01 0.193602E+02
 -.186008E+00 -.414129E+01 -.182895E+01 -.252763E+01 0.155561E+02
 -.272030E+00 -.423185E+01 -.179986E+01 -.197675E+01 0.157997E+02
 -.257944E+00 -.420403E+01 -.183565E+01 -.199037E+01 0.141585E+02
 -.275147E+00 -.421243E+01 -.180057E+01 -.220839E+01 0.197059E+02
 -.310511E+00 -.421807E+01 -.178686E+01 -.193594E+01 0.141262E+02
 -.256896E+00 -.421183E+01 -.182494E+01 -.198870E+01 0.149134E+02
 -.304312E+00 -.420295E+01 -.181858E+01 -.196275E+01 0.158674E+02
 -.284885E+00 -.420562E+01 -.182933E+01 -.199725E+01 0.155269E+02
 -.273430E+00 -.420978E+01 -.182518E+01 -.199196E+01 0.140653E+02
 -.267835E+00 -.419488E+01 -.182706E+01 -.191372E+01 0.169020E+02
 -.272500E+00 -.423381E+01 -.184384E+01 -.202446E+01 0.166258E+02
 -.276030E+00 -.421221E+01 -.182676E+01 -.202305E+01 0.150110E+02
 -.245978E+00 -.420646E+01 -.180279E+01 -.213443E+01 0.142742E+02
 -.257852E+00 -.421307E+01 -.182595E+01 -.199850E+01 0.144552E+02
 -.274400E+00 -.417181E+01 -.185598E+01 -.193085E+01 0.145254E+02
 -.265008E+00 -.417959E+01 -.182226E+01 -.199477E+01 0.143641E+02
 -.265099E+00 -.421371E+01 -.183623E+01 -.200030E+01 0.141204E+02
 -.245837E+00 -.421368E+01 -.182985E+01 -.200241E+01 0.154120E+02
 -.273834E+00 -.420989E+01 -.182448E+01 -.199889E+01 0.141263E+02
 -.269405E+00 -.420962E+01 -.182613E+01 -.199196E+01 0.140304E+02
 -.307954E+00 -.420918E+01 -.180346E+01 -.197847E+01 0.155822E+02
 -.242144E+00 -.424840E+01 -.183440E+01 -.200086E+01 0.157348E+02
 -.269015E+00 -.420550E+01 -.183444E+01 -.204172E+01 0.154755E+02
 -.278783E+00 -.421682E+01 -.183122E+01 -.200167E+01 0.150403E+02
 -.278488E+00 -.420431E+01 -.182572E+01 -.199828E+01 0.144840E+02
 -.210800E+00 -.416449E+01 -.190157E+01 -.197207E+01 0.146487E+02
 -.272186E+00 -.420992E+01 -.182384E+01 -.198880E+01 0.140308E+02
 -.270206E+00 -.420144E+01 -.182313E+01 -.200379E+01 0.140501E+02
 -.217758E+00 -.421752E+01 -.183405E+01 -.209255E+01 0.158663E+02
 -.252271E+00 -.425788E+01 -.183375E+01 -.196287E+01 0.160802E+02
 -.269883E+00 -.421868E+01 -.181289E+01 -.204402E+01 0.141558E+02
 -.288491E+00 -.420527E+01 -.182820E+01 -.200658E+01 0.164999E+02
 -.282279E+00 -.420626E+01 -.177717E+01 -.201768E+01 0.148681E+02
 -.273456E+00 -.420904E+01 -.182486E+01 -.198842E+01 0.140416E+02
 -.248691E+00 -.421018E+01 -.183083E+01 -.201572E+01 0.145352E+02
 -.266477E+00 -.418518E+01 -.179467E+01 -.217975E+01 0.156360E+02
 -.264632E+00 -.421116E+01 -.182516E+01 -.212351E+01 0.170551E+02
 -.261299E+00 -.421859E+01 -.178748E+01 -.205721E+01 0.154667E+02
 -.266499E+00 -.420989E+01 -.182901E+01 -.199010E+01 0.140428E+02
 -.271781E+00 -.434739E+01 -.183166E+01 -.201393E+01 0.168754E+02
 -.270131E+00 -.420905E+01 -.183809E+01 -.199552E+01 0.144520E+02
 -.270401E+00 -.421161E+01 -.181697E+01 -.199802E+01 0.140948E+02
 -.262672E+00 -.420541E+01 -.183282E+01 -.197432E+01 0.142698E+02
 -.266271E+00 -.420119E+01 -.182281E+01 -.197601E+01 0.144996E+02
 -.275554E+00 -.421952E+01 -.183242E+01 -.199278E+01 0.145219E+02
 -.273651E+00 -.421034E+01 -.182425E+01 -.199018E+01 0.140457E+02
 -.293699E+00 -.420422E+01 -.181030E+01 -.199366E+01 0.148319E+02
 -.250256E+00 -.420594E+01 -.180487E+01 -.200902E+01 0.177811E+02
 -.273740E+00 -.421120E+01 -.182492E+01 -.199087E+01 0.140617E+02
 -.270897E+00 -.420757E+01 -.185451E+01 -.202724E+01 0.180623E+02
 -.271440E+00 -.421054E+01 -.182543E+01 -.198992E+01 0.140327E+02
 -.277241E+00 -.420856E+01 -.166374E+01 -.274035E+01 0.160763E+02
 -.275270E+00 -.420949E+01 -.182786E+01 -.200951E+01 0.145968E+02
 -.262251E+00 -.424922E+01 -.180502E+01 -.204028E+01 0.146045E+02
 -.227345E+00 -.420216E+01 -.185347E+01 -.198753E+01 0.163336E+02
 -.299340E+00 -.419597E+01 -.168103E+01 -.212905E+01 0.187213E+02
 -.279294E+00 -.421535E+01 -.182218E+01 -.197022E+01 0.140499E+02
 -.270038E+00 -.418605E+01 -.181517E+01 -.204039E+01 0.142512E+02
 -.265746E+00 -.425459E+01 -.182500E+01 -.200669E+01 0.143139E+02
 -.274845E+00 -.420785E+01 -.183624E+01 -.201349E+01 0.154296E+02
 -.267227E+00 -.420464E+01 -.185746E+01 -.193178E+01 0.141159E+02
 -.288121E+00 -.421163E+01 -.183608E+01 -.200165E+01 0.173121E+02
 -.268344E+00 -.421019E+01 -.183443E+01 -.202695E+01 0.148558E+02
 -.282233E+00 -.419732E+01 -.182828E+01 -.198572E+01 0.146844E+02
 -.265603E+00 -.420699E+01 -.182808E+01 -.197236E+01 0.143350E+02
 -.282581E+00 -.421677E+01 -.187577E+01 -.191854E+01 0.167243E+02
 -.272947E+00 -.420686E+01 -.182300E+01 -.200515E+01 0.141237E+02
 -.258323E+00 -.420777E+01 -.180970E+01 -.195825E+01 0.185802E+02
 -.271713E+00 -.420960E+01 -.182153E+01 -.199125E+01 0.140383E+02
 -.280832E+00 -.421800E+01 -.182331E+01 -.199411E+01 0.144536E+02
 -.272410E+00 -.420570E+01 -.182677E+01 -.200279E+01 0.141854E+02
 -.268869E+00 -.421056E+01 -.182946E+01 -.197244E+01 0.141035E+02
 -.268343E+00 -.420823E+01 -.179548E+01 -.198498E+01 0.165900E+02
 -.264511E+00 -.433450E+01 -.184930E+01 -.195604E+01 0.159269E+02
 -.271502E+00 -.420812E+01 -.178564E+01 -.199894E+01 0.165101E+02
 -.269960E+00 -.421023E+01 -.182277E+01 -.199386E+01 0.140394E+02
 -.279985E+00 -.421090E+01 -.182222E+01 -.199186E+01 0.142787E+02
 -.278006E+00 -.417783E+01 -.182674E+01 -.198839E+01 0.144443E+02
 -.274747E+00 -.420760E+01 -.183694E+01 -.195461E+01 0.140704E+02
 -.253758E+00 -.420901E+01 -.180256E+01 -.199255E+01 0.184684E+02
 -.260526E+00 -.420873E+01 -.182654E+01 -.199672E+01 0.142636E+02
 -.272767E+00 -.425342E+01 -.183898E+01 -.200686E+01 0.154681E+02
 -.268223E+00 -.420868E+01 -.182282E+01 -.198936E+01 0.141163E+02
 -.270785E+00 -.421125E+01 -.182081E+01 -.199696E+01 0.140355E+02
 -.271220E+00 -.421761E+01 -.182971E+01 -.204386E+01 0.153726E+02
 -.273087E+00 -.420481E+01 -.182503E+01 -.198309E+01 0.140333E+02
 -.278083E+00 -.424005E+01 -.182640E+01 -.198384E+01 0.143426E+02
 -.267477E+00 -.420924E+01 -.182623E+01 -.198570E+01 0.140961E+02
 -.271093E+00 -.420289E+01 -.182979E+01 -.195317E+01 0.143025E+02
 -.276076E+00 -.421169E+01 -.184653E+01 -.197927E+01 0.152659E+02
 -.276405E+00 -.431425E+01 -.181352E+01 -.196225E+01 0.157771E+02
 -.267835E+00 -.421583E+01 -.181811E+01 -.203028E+01 0.140752E+02
 -.254109E+00 -.420946E+01 -.181607E+01 -.197625E+01 0.171394E+02
 -.265908E+00 -.420434E+01 -.180949E+01 -.200432E+01 0.146387E+02
 -.275348E+00 -.421388E+01 -.181297E+01 -.203333E+01 0.142898E+02
 -.275354E+00 -.421092E+01 -.183304E+01 -.199496E+01 0.145809E+02
 -.261537E+00 -.418926E+01 -.182782E+01 -.197895E+01 0.145863E+02
 -.285132E+00 -.420388E+01 -.187411E+01 -.195242E+01 0.198267E+02
 -.268517E+00 -.420328E+01 -.186888E+01 -.194422E+01 0.150224E+02
 -.272712E+00 -.420982E+01 -.181803E+01 -.198904E+01 0.140812E+02
 -.274080E+00 -.420651E+01 -.182469E+01 -.200263E+01 0.141939E+02
 -.254484E+00 -.420765E+01 -.185591E+01 -.208818E+01 0.180714E+02
 -.302968E+00 -.420480E+01 -.184038E+01 -.197123E+01 0.196854E+02
 -.333078E+00 -.428820E+01 -.182560E+01 -.177279E+01 0.167080E+02
 -.253400E+00 -.421013E+01 -.181345E+01 -.200966E+01 0.157596E+02
 -.275665E+00 -.420992E+01 -.184791E+01 -.198511E+01 0.156073E+02
 -.241960E+00 -.436097E+01 -.181609E+01 -.202336E+01 0.193307E+02
 -.304952E+00 -.412534E+01 -.183150E+01 -.180225E+01 0.196480E+02
 -.258132E+00 -.420520E+01 -.183187E+01 -.201628E+01 0.140327E+02
 -.276124E+00 -.420771E+01 -.181176E+01 -.199439E+01 0.140679E+02
 -.306574E+00 -.420134E+01 -.182305E+01 -.193000E+01 0.150846E+02
 -.263929E+00 -.422827E+01 -.183649E+01 -.199117E+01 0.141000E+02
 -.271774E+00 -.420727E+01 -.182656E+01 -.198261E+01 0.140311E+02
 -.272739E+00 -.419037E+01 -.179971E+01 -.199166E+01 0.151103E+02
 -.283310E+00 -.421562E+01 -.182532E+01 -.199959E+01 0.150142E+02
 -.259021E+00 -.419898E+01 -.180145E+01 -.214560E+01 0.144698E+02
 -.263086E+00 -.420585E+01 -.182959E+01 -.199333E+01 0.140911E+02
 -.244590E+00 -.430929E+01 -.183903E+01 -.205622E+01 0.153672E+02
 -.276488E+00 -.421573E+01 -.186312E+01 -.191532E+01 0.144726E+02
 -.279035E+00 -.420285E+01 -.183066E+01 -.203335E+01 0.163981E+02
 -.271076E+00 -.420652E+01 -.182260E+01 -.198940E+01 0.140461E+02
 -.260426E+00 -.419968E+01 -.183929E+01 -.189396E+01 0.182560E+02
 -.269618E+00 -.420924E+01 -.181927E+01 -.199086E+01 0.141424E+02
 -.294272E+00 -.421044E+01 -.177395E+01 -.198815E+01 0.146463E+02
 -.393440E+00 -.420886E+01 -.155002E+01 -.203579E+01 0.168182E+02
 -.244315E+00 -.421103E+01 -.182394E+01 -.200538E+01 0.162687E+02
 -.244469E+00 -.423461E+01 -.181131E+01 -.228788E+01 0.171059E+02
 -.261107E+00 -.420344E+01 -.181154E+01 -.203788E+01 0.142177E+02
 -.277530E+00 -.420951E+01 -.179283E+01 -.198353E+01 0.153327E+02
 -.277139E+00 -.420420E+01 -.182398E+01 -.198779E+01 0.141286E+02
 -.266140E+00 -.420375E+01 -.182156E+01 -.200093E+01 0.141080E+02
 -.273804E+00 -.423051E+01 -.183062E+01 -.200805E+01 0.146977E+02
 -.268642E+00 -.424952E+01 -.181833E+01 -.201572E+01 0.142532E+02
 -.337882E+00 -.420593E+01 -.174882E+01 -.201251E+01 0.167336E+02
 -.298779E+00 -.420312E+01 -.180951E+01 -.200475E+01 0.159563E+02
 -.263136E+00 -.420907E+01 -.181816E+01 -.193144E+01 0.179967E+02
 -.265194E+00 -.420904E+01 -.182429E+01 -.205872E+01 0.146276E+02
 -.266241E+00 -.420987E+01 -.180293E+01 -.203494E+01 0.143121E+02
 -.262371E+00 -.421176E+01 -.184644E+01 -.189006E+01 0.168961E+02
 -.269945E+00 -.420368E+01 -.181773E+01 -.193473E+01 0.162995E+02
 -.264674E+00 -.420259E+01 -.181893E+01 -.203041E+01 0.140370E+02
 -.256496E+00 -.420957E+01 -.182665E+01 -.198751E+01 0.148576E+02
 -.271865E+00 -.420958E+01 -.182599E+01 -.199559E+01 0.140535E+02
 -.282021E+00 -.421258E+01 -.180600E+01 -.201042E+01 0.140919E+02
 -.241418E+00 -.422064E+01 -.183130E+01 -.200502E+01 0.158555E+02
 -.265173E+00 -.425110E+01 -.182321E+01 -.196294E+01 0.151998E+02
 -.274285E+00 -.421797E+01 -.181688E+01 -.196106E+01 0.145498E+02
 -.275309E+00 -.421194E+01 -.182376E+01 -.197915E+01 0.140318E+02
 -.289324E+00 -.420059E+01 -.178188E+01 -.198755E+01 0.146617E+02
 -.273290E+00 -.420704E+01 -.183042E+01 -.198800E+01 0.141662E+02
 -.271245E+00 -.420827E+01 -.184279E+01 -.200249E+01 0.151518E+02
 -.271987E+00 -.420984E+01 -.181960E+01 -.199045E+01 0.140609E+02
 -.276441E+00 -.420941E+01 -.181926E+01 -.205418E+01 0.154303E+02
 -.269215E+00 -.420969E+01 -.182082E+01 -.196822E+01 0.145570E+02
 -.264467E+00 -.426124E+01 -.182044E+01 -.200932E+01 0.144660E+02
 -.278295E+00 -.421202E+01 -.182467E+01 -.197670E+01 0.140855E+02
 -.271003E+00 -.417846E+01 -.182052E+01 -.202144E+01 0.143023E+02
 -.263478E+00 -.423167E+01 -.182230E+01 -.200502E+01 0.142098E+02
 -.270260E+00 -.420942E+01 -.183569E+01 -.197489E+01 0.140694E+02
 -.254379E+00 -.420656E+01 -.183274E+01 -.202485E+01 0.140411E+02
 -.269175E+00 -.421375E+01 -.185280E+01 -.203830E+01 0.180696E+02
 -.270513E+00 -.421002E+01 -.183287E+01 -.198315E+01 0.140689E+02
 -.264500E+00 -.423078E+01 -.182859E+01 -.199568E+01 0.141198E+02
 -.274337E+00 -.420407E+01 -.182495E+01 -.196720E+01 0.140947E+02
 -.266273E+00 -.420784E+01 -.180903E+01 -.200744E+01 0.145458E+02
 -.299327E+00 -.420794E+01 -.189340E+01 -.180200E+01 0.147726E+02
 -.273158E+00 -.420961E+01 -.182616E+01 -.198845E+01 0.140528E+02
 -.234965E+00 -.421336E+01 -.186190E+01 -.198598E+01 0.144976E+02
 -.271648E+00 -.421068E+01 -.181978E+01 -.198480E+01 0.141178E+02
 -.273407E+00 -.421625E+01 -.182375E+01 -.201751E+01 0.143624E+02
 -.260837E+00 -.420186E+01 -.182324E+01 -.206629E+01 0.143590E+02
 -.268911E+00 -.421074E+01 -.182496E+01 -.193971E+01 0.153288E+02
 -.261634E+00 -.421213E+01 -.182306E+01 -.207670E+01 0.146348E+02
 -.272791E+00 -.420947E+01 -.180536E+01 -.203264E+01 0.140395E+02
 -.274373E+00 -.420994E+01 -.182470E+01 -.198749E+01 0.140513E+02
 -.277229E+00 -.420964E+01 -.182902E+01 -.199252E+01 0.144342E+02
 -.268736E+00 -.422761E+01 -.183130E+01 -.201102E+01 0.143344E+02
 -.272022E+00 -.420900E+01 -.183287E+01 -.199671E+01 0.143366E+02
 -.278274E+00 -.420804E+01 -.181881E+01 -.190627E+01 0.164256E+02
 -.267961E+00 -.420922E+01 -.181610E+01 -.199228E+01 0.143433E+02
 -.278153E+00 -.421146E+01 -.182690E+01 -.200001E+01 0.145715E+02
 -.275859E+00 -.422334E+01 -.184238E+01 -.200378E+01 0.159138E+02
 -.277015E+00 -.420963E+01 -.182198E+01 -.198963E+01 0.140855E+02
 -.268439E+00 -.420858E+01 -.182220E+01 -.201316E+01 0.140430E+02
 -.276034E+00 -.420801E+01 -.182825E+01 -.200677E+01 0.146383E+02
 -.274227E+00 -.420112E+01 -.182481E+01 -.195985E+01 0.142047E+02
 -.269162E+00 -.420918E+01 -.182448E+01 -.198058E+01 0.141362E+02
 -.270869E+00 -.420996E+01 -.182572E+01 -.199718E+01 0.140527E+02
 -.296781E+00 -.423693E+01 -.182536E+01 -.199155E+01 0.170727E+02
 -.270996E+00 -.422946E+01 -.181719E+01 -.200453E+01 0.140912E+02
 -.280476E+00 -.417048E+01 -.182461E+01 -.198289E+01 0.145016E+02
 -.303803E+00 -.420942E+01 -.182503E+01 -.198793E+01 0.183332E+02
 -.261572E+00 -.421504E+01 -.181864E+01 -.197677E+01 0.153553E+02
 -.269777E+00 -.425103E+01 -.180508E+01 -.214932E+01 0.166432E+02
 -.271619E+00 -.420054E+01 -.182572E+01 -.200107E+01 0.140952E+02
 -.283972E+00 -.420869E+01 -.181996E+01 -.198524E+01 0.143152E+02
 -.280260E+00 -.418452E+01 -.180147E+01 -.198807E+01 0.144044E+02
 -.292823E+00 -.416783E+01 -.175226E+01 -.223317E+01 0.175696E+02
 -.269525E+00 -.424621E+01 -.184438E+01 -.199042E+01 0.149049E+02
 -.257663E+00 -.423793E+01 -.183043E+01 -.194120E+01 0.166057E+02
 -.269959E+00 -.419472E+01 -.183246E+01 -.198435E+01 0.140881E+02
 -.269484E+00 -.420620E+01 -.180610E+01 -.193904E+01 0.178786E+02
 -.272170E+00 -.420831E+01 -.182920E+01 -.198863E+01 0.140836E+02
 -.259483E+00 -.421207E+01 -.182820E+01 -.200438E+01 0.141433E+02
 -.282952E+00 -.420911E+01 -.182263E+01 -.198140E+01 0.142961E+02
 -.304509E+00 -.421101E+01 -.180388E+01 -.198164E+01 0.152390E+02
 -.247623E+00 -.420424E+01 -.184989E+01 -.201549E+01 0.140578E+02
 -.274793E+00 -.420972E+01 -.181228E+01 -.201186E+01 0.140357E+02
 -.278558E+00 -.420334E+01 -.182269E+01 -.199279E+01 0.142323E+02
 -.270898E+00 -.408362E+01 -.183175E+01 -.206118E+01 0.192641E+02
 -.276631E+00 -.421258E+01 -.182381E+01 -.200557E+01 0.143735E+02
 -.266941E+00 -.421992E+01 -.181788E+01 -.194135E+01 0.164302E+02
 -.287800E+00 -.420943E+01 -.184446E+01 -.199964E+01 0.185620E+02
 -.238409E+00 -.421084E+01 -.183309E+01 -.201289E+01 0.157637E+02
 -.251473E+00 -.422233E+01 -.182509E+01 -.201792E+01 0.146270E+02
 -.271392E+00 -.420514E+01 -.181236E+01 -.198026E+01 0.145736E+02
 -.302423E+00 -.422561E+01 -.172768E+01 -.199623E+01 0.180817E+02
 -.272497E+00 -.418367E+01 -.178720E+01 -.195497E+01 0.193808E+02
 -.263188E+00 -.420811E+01 -.182664E+01 -.196847E+01 0.147464E+02
 -.265774E+00 -.420486E+01 -.183205E+01 -.194051E+01 0.150502E+02
 -.278053E+00 -.420669E+01 -.183623E+01 -.198888E+01 0.149233E+02
 -.258497E+00 -.431367E+01 -.186479E+01 -.201953E+01 0.180744E+02
 -.275247E+00 -.424606E+01 -.182510E+01 -.208433E+01 0.176653E+02
 -.284708E+00 -.421001E+01 -.182982E+01 -.190734E+01 0.144643E+02
 -.282730E+00 -.419866E+01 -.182412E+01 -.203155E+01 0.161491E+02
 -.270723E+00 -.420750E+01 -.182503E+01 -.198856E+01 0.140337E+02
 -.276260E+00 -.420918E+01 -.181749E+01 -.198763E+01 0.140343E+02
 -.289158E+00 -.421557E+01 -.179022E+01 -.199205E+01 0.141563E+02
 -.302314E+00 -.417949E+01 -.182396E+01 -.200476E+01 0.191520E+02
 -.227818E+00 -.422008E+01 -.183878E+01 -.212268E+01 0.141426E+02
 -.262026E+00 -.421000E+01 -.182793E+01 -.202364E+01 0.140520E+02
 -.271267E+00 -.421905E+01 -.183377E+01 -.197334E+01 0.140703E+02
 -.277468E+00 -.421377E+01 -.178415E+01 -.197392E+01 0.169399E+02
 -.276600E+00 -.421394E+01 -.182405E+01 -.198863E+01 0.141183E+02
 -.277448E+00 -.420504E+01 -.182474E+01 -.200218E+01 0.144308E+02
 -.260874E+00 -.417162E+01 -.187524E+01 -.194124E+01 0.148256E+02
 -.277857E+00 -.418760E+01 -.181090E+01 -.202818E+01 0.143429E+02
 -.273310E+00 -.418120E+01 -.182092E+01 -.201326E+01 0.142955E+02
 -.285126E+00 -.420492E+01 -.182006E+01 -.195073E+01 0.140713E+02
 -.309677E+00 -.422844E+01 -.171381E+01 -.200028E+01 0.181148E+02
 -.262565E+00 -.421555E+01 -.183509E+01 -.198549E+01 0.140695E+02
 -.261355E+00 -.420950E+01 -.182357E+01 -.196907E+01 0.152199E+02
 -.262800E+00 -.420910E+01 -.182321E+01 -.203862E+01 0.140889E+02
 -.261891E+00 -.421076E+01 -.181885E+01 -.199172E+01 0.147340E+02
 -.266206E+00 -.420534E+01 -.183894E+01 -.198023E+01 0.140567E+02
 -.268283E+00 -.420854E+01 -.182527E+01 -.201760E+01 0.141368E+02
 -.275097E+00 -.425522E+01 -.181890E+01 -.207188E+01 0.162668E+02
 -.273572E+00 -.421097E+01 -.181549E+01 -.198465E+01 0.141652E+02
 -.269415E+00 -.420393E+01 -.180681E+01 -.201257E+01 0.143118E+02
 -.236609E+00 -.420794E+01 -.183201E+01 -.210690E+01 0.140953E+02
 -.267040E+00 -.424006E+01 -.182478E+01 -.197124E+01 0.145401E+02
 -.270583E+00 -.421528E+01 -.182378E+01 -.197429E+01 0.141836E+02
 -.274712E+00 -.420835E+01 -.182360E+01 -.198250E+01 0.140310E+02
 -.285429E+00 -.420278E+01 -.178372E+01 -.198084E+01 0.152010E+02
 -.271706E+00 -.420912E+01 -.182988E+01 -.198820E+01 0.140806E+02
 -.261408E+00 -.421041E+01 -.181783E+01 -.198347E+01 0.151774E+02
 -.273090E+00 -.420815E+01 -.182138E+01 -.199179E+01 0.140306E+02
 -.279685E+00 -.420882E+01 -.182209E+01 -.189016E+01 0.168579E+02
 -.269453E+00 -.420944E+01 -.182457E+01 -.194055E+01 0.152521E+02
 -.277870E+00 -.421055E+01 -.182511E+01 -.198597E+01 0.141789E+02
 -.318094E+00 -.419901E+01 -.175367E+01 -.197721E+01 0.142330E+02
 -.270767E+00 -.421380E+01 -.182618E+01 -.199174E+01 0.140378E+02
 -.268481E+00 -.425653E+01 -.182533E+01 -.206375E+01 0.156289E+02
 -.260294E+00 -.421499E+01 -.183320E+01 -.198586E+01 0.141925E+02
 -.272460E+00 -.417055E+01 -.182973E+01 -.198344E+01 0.143127E+02
 -.255807E+00 -.420980E+01 -.182274E+01 -.198707E+01 0.153314E+02
 -.279326E+00 -.420837E+01 -.184118E+01 -.205223E+01 0.195230E+02
 -.268226E+00 -.420259E+01 -.178167E+01 -.204470E+01 0.154761E+02
 -.182716E+00 -.421564E+01 -.194818E+01 -.197879E+01 0.146750E+02
 -.273401E+00 -.420779E+01 -.181546E+01 -.201826E+01 0.140831E+02
 -.259954E+00 -.422356E+01 -.182498E+01 -.199513E+01 0.144404E+02
 -.273631E+00 -.421619E+01 -.183096E+01 -.196665E+01 0.140540E+02
 -.277944E+00 -.420735E+01 -.182431E+01 -.208743E+01 0.181703E+02
 -.284973E+00 -.419591E+01 -.186623E+01 -.178136E+01 0.196468E+02
 -.259002E+00 -.420849E+01 -.183078E+01 -.200066E+01 0.141296E+02
 -.258686E+00 -.420404E+01 -.190654E+01 -.192907E+01 0.174722E+02
 -.273127E+00 -.421034E+01 -.182327E+01 -.199079E+01 0.140217E+02
 -.263199E+00 -.421149E+01 -.182323E+01 -.199346E+01 0.143022E+02
 -.263958E+00 -.421837E+01 -.182165E+01 -.204698E+01 0.141981E+02
 -.262573E+00 -.420975E+01 -.182181E+01 -.205519E+01 0.142252E+02
 -.267405E+00 -.421825E+01 -.183418E+01 -.198590E+01 0.140556E+02
 -.275185E+00 -.407904E+01 -.185282E+01 -.198476E+01 0.193383E+02
 -.274116E+00 -.421059E+01 -.184589E+01 -.200461E+01 0.160492E+02
 -.268808E+00 -.420812E+01 -.182462E+01 -.199202E+01 0.140457E+02
 -.269714E+00 -.420729E+01 -.183236E+01 -.198833E+01 0.140759E+02
 -.264921E+00 -.422684E+01 -.182430E+01 -.200652E+01 0.140878E+02
 -.208673E+00 -.422123E+01 -.187376E+01 -.197194E+01 0.180625E+02
 -.262946E+00 -.420865E+01 -.182335E+01 -.212470E+01 0.164831E+02
 -.269350E+00 -.421716E+01 -.179775E+01 -.202087E+01 0.146609E+02
 -.277436E+00 -.420954E+01 -.184799E+01 -.199892E+01 0.166638E+02
 -.290935E+00 -.421297E+01 -.182244E+01 -.198891E+01 0.153685E+02
 -.273820E+00 -.415651E+01 -.181885E+01 -.197401E+01 0.147101E+02
 -.280371E+00 -.421027E+01 -.182434E+01 -.198950E+01 0.143592E+02
 -.269896E+00 -.420846E+01 -.182426E+01 -.200060E+01 0.140361E+02
 -.278682E+00 -.419508E+01 -.182787E+01 -.196587E+01 0.141104E+02
 -.274465E+00 -.420756E+01 -.182354E+01 -.199213E+01 0.140642E+02
 -.266326E+00 -.418664E+01 -.182348E+01 -.199224E+01 0.142286E+02
 -.261480E+00 -.418706E+01 -.182084E+01 -.212276E+01 0.158488E+02
 -.270876E+00 -.421050E+01 -.182542E+01 -.199651E+01 0.140458E+02
 -.275572E+00 -.420489E+01 -.173298E+01 -.216142E+01 0.156951E+02
 -.298003E+00 -.424923E+01 -.182330E+01 -.200430E+01 0.180008E+02
 -.272236E+00 -.419293E+01 -.182663E+01 -.203270E+01 0.148452E+02
 -.252923E+00 -.421541E+01 -.181035E+01 -.197885E+01 0.182432E+02
 -.258780E+00 -.420354E+01 -.182830E+01 -.198698E+01 0.145236E+02
 -.283326E+00 -.420407E+01 -.182900E+01 -.200960E+01 0.157991E+02
 -.283373E+00 -.417905E+01 -.182330E+01 -.203299E+01 0.163454E+02
 -.298917E+00 -.423294E+01 -.175232E+01 -.213351E+01 0.152333E+02
 -.271378E+00 -.420425E+01 -.180881E+01 -.198701E+01 0.146252E+02
 -.262215E+00 -.424746E+01 -.181079E+01 -.214348E+01 0.157595E+02
 -.259987E+00 -.419726E+01 -.179907E+01 -.201572E+01 0.161317E+02
 -.268499E+00 -.420703E+01 -.181939E+01 -.198957E+01 0.142135E+02
 -.272669E+00 -.420769E+01 -.183576E+01 -.198977E+01 0.143899E+02
 -.256997E+00 -.421530E+01 -.183315E+01 -.199718E+01 0.141955E+02
 -.251547E+00 -.420929E+01 -.180682E+01 -.200287E+01 0.175235E+02
 -.276337E+00 -.420903E+01 -.183523E+01 -.189626E+01 0.154247E+02
 -.294908E+00 -.422162E+01 -.177130E+01 -.198128E+01 0.149873E+02
 -.288249E+00 -.420909E+01 -.181580E+01 -.198902E+01 0.145135E+02
 -.266661E+00 -.420625E+01 -.180374E+01 -.201221E+01 0.147509E+02
 -.280356E+00 -.421335E+01 -.182499E+01 -.198894E+01 0.143824E+02
 -.316477E+00 -.420540E+01 -.182631E+01 -.191155E+01 0.160439E+02
 -.274354E+00 -.421162E+01 -.184552E+01 -.199534E+01 0.155995E+02
 -.253351E+00 -.420820E+01 -.183959E+01 -.198605E+01 0.143290E+02
 -.261847E+00 -.420343E+01 -.182556E+01 -.199655E+01 0.142357E+02
 -.205022E+00 -.420775E+01 -.190712E+01 -.196888E+01 0.145667E+02
 -.273451E+00 -.420758E+01 -.180701E+01 -.201003E+01 0.141204E+02
 -.272263E+00 -.422691E+01 -.182430E+01 -.198238E+01 0.140832E+02
 -.254258E+00 -.421160E+01 -.182497E+01 -.198901E+01 0.152443E+02
 -.248419E+00 -.421104E+01 -.183967E+01 -.202593E+01 0.140581E+02
 -.269663E+00 -.420964E+01 -.182855E+01 -.200955E+01 0.141897E+02
 -.275274E+00 -.422963E+01 -.185444E+01 -.190130E+01 0.142504E+02
 -.265633E+00 -.420685E+01 -.180322E+01 -.208502E+01 0.141328E+02
 -.246856E+00 -.420004E+01 -.182259E+01 -.199976E+01 0.162881E+02
 -.271786E+00 -.421105E+01 -.182649E+01 -.198817E+01 0.140345E+02
 -.276844E+00 -.420967E+01 -.182576E+01 -.198822E+01 0.141816E+02
 -.288679E+00 -.421894E+01 -.179732E+01 -.198509E+01 0.140830E+02
 -.260645E+00 -.420345E+01 -.185977E+01 -.187875E+01 0.162246E+02
 -.270619E+00 -.421487E+01 -.183328E+01 -.198193E+01 0.140876E+02
 -.272441E+00 -.420767E+01 -.183283E+01 -.204161E+01 0.158424E+02
 -.279748E+00 -.421680E+01 -.184806E+01 -.197524E+01 0.158254E+02
 -.291692E+00 -.435459E+01 -.185065E+01 -.189754E+01 0.168102E+02
 -.266336E+00 -.422094E+01 -.182402E+01 -.199005E+01 0.141664E+02
 -.272605E+00 -.420777E+01 -.182361E+01 -.199107E+01 0.140206E+02
 -.271445E+00 -.417014E+01 -.182017E+01 -.199019E+01 0.143344E+02
 -.275308E+00 -.415534E+01 -.181975E+01 -.198695E+01 0.145456E+02
 -.319823E+00 -.410946E+01 -.174017E+01 -.207527E+01 0.174117E+02
 -.273789E+00 -.420978E+01 -.182220E+01 -.189158E+01 0.181371E+02
 -.263652E+00 -.421019E+01 -.185291E+01 -.199704E+01 0.149394E+02
 -.277945E+00 -.421447E+01 -.179978E+01 -.199567E+01 0.143700E+02
 -.274879E+00 -.420971E+01 -.183592E+01 -.204117E+01 0.167293E+02
 -.261111E+00 -.421043E+01 -.182775E+01 -.195457E+01 0.154841E+02
 -.243776E+00 -.429998E+01 -.186593E+01 -.205226E+01 0.168695E+02
 -.262275E+00 -.420831E+01 -.180163E+01 -.210005E+01 0.141193E+02
 -.270931E+00 -.420976E+01 -.184838E+01 -.202024E+01 0.166168E+02
 -.275808E+00 -.420939E+01 -.182830E+01 -.201853E+01 0.149790E+02
 -.273913E+00 -.421087E+01 -.181313E+01 -.197761E+01 0.143718E+02
 -.252739E+00 -.420243E+01 -.183337E+01 -.198055E+01 0.149902E+02
 -.258435E+00 -.419042E+01 -.182696E+01 -.208350E+01 0.147868E+02
 -.269428E+00 -.417871E+01 -.182466E+01 -.203049E+01 0.145186E+02
 -.270742E+00 -.421752E+01 -.183662E+01 -.199019E+01 0.143208E+02
 -.271437E+00 -.420597E+01 -.182360E+01 -.199139E+01 0.140324E+02
 -.289548E+00 -.419840E+01 -.184565E+01 -.195624E+01 0.162096E+02
 -.270498E+00 -.421099E+01 -.181976E+01 -.199221E+01 0.140831E+02
 -.264804E+00 -.421050E+01 -.181078E+01 -.200864E+01 0.145338E+02
 -.274176E+00 -.420737E+01 -.182730E+01 -.198922E+01 0.141158E+02
 -.273500E+00 -.420913E+01 -.182147E+01 -.195655E+01 0.144619E+02
 -.279170E+00 -.420923E+01 -.182736E+01 -.194728E+01 0.141020E+02
 -.278622E+00 -.418164E+01 -.180530E+01 -.204248E+01 0.144392E+02
 -.348673E+00 -.419370E+01 -.176395E+01 -.197653E+01 0.192790E+02
 -.266238E+00 -.421210E+01 -.182486E+01 -.200026E+01 0.140459E+02
 -.263351E+00 -.419956E+01 -.183589E+01 -.208734E+01 0.166767E+02
 -.255615E+00 -.422790E+01 -.183669E+01 -.197309E+01 0.146854E+02
 -.275523E+00 -.418436E+01 -.183248E+01 -.198589E+01 0.144370E+02
 -.271439E+00 -.420855E+01 -.181836E+01 -.203505E+01 0.142988E+02
 -.296816E+00 -.419753E+01 -.182386E+01 -.198409E+01 0.163106E+02
 -.268979E+00 -.419717E+01 -.180164E+01 -.194409E+01 0.184337E+02
 -.279645E+00 -.420854E+01 -.182797E+01 -.207545E+01 0.185821E+02
 -.274030E+00 -.419812E+01 -.180407E+01 -.201490E+01 0.141529E+02
 -.260021E+00 -.420676E+01 -.182516E+01 -.199244E+01 0.144660E+02
 -.268634E+00 -.421542E+01 -.182867E+01 -.200459E+01 0.141131E+02
 -.282362E+00 -.420806E+01 -.182708E+01 -.201064E+01 0.154724E+02
 -.265327E+00 -.420691E+01 -.182374E+01 -.200920E+01 0.140338E+02
 -.276258E+00 -.420937E+01 -.182488E+01 -.199457E+01 0.142012E+02
 -.225229E+00 -.421632E+01 -.182823E+01 -.234473E+01 0.172491E+02
 -.268464E+00 -.420413E+01 -.182239E+01 -.197109E+01 0.144573E+02
 -.275249E+00 -.422199E+01 -.182420E+01 -.190380E+01 0.164575E+02
 -.262471E+00 -.420895E+01 -.182305E+01 -.206742E+01 0.144974E+02
 -.240618E+00 -.421313E+01 -.181241E+01 -.221594E+01 0.147103E+02
 -.272834E+00 -.421586E+01 -.187273E+01 -.198346E+01 0.188469E+02
 -.264919E+00 -.414160E+01 -.180949E+01 -.193423E+01 0.198840E+02
 -.273792E+00 -.421006E+01 -.182636E+01 -.199663E+01 0.141546E+02
 -.268974E+00 -.420777E+01 -.182369E+01 -.200318E+01 0.140309E+02
 -.265214E+00 -.420709E+01 -.183049E+01 -.198549E+01 0.140775E+02
 -.267781E+00 -.419748E+01 -.182106E+01 -.198225E+01 0.143458E+02
 -.258600E+00 -.420942E+01 -.182164E+01 -.204924E+01 0.140449E+02
 -.270266E+00 -.421957E+01 -.181302E+01 -.206365E+01 0.145093E+02
 -.264343E+00 -.420932E+01 -.185373E+01 -.200164E+01 0.152756E+02
 -.283157E+00 -.420853E+01 -.182054E+01 -.198588E+01 0.142989E+02
 -.261644E+00 -.420519E+01 -.180302E+01 -.197704E+01 0.174654E+02
 -.280313E+00 -.420955E+01 -.182526E+01 -.198929E+01 0.143981E+02
 -.273204E+00 -.420983E+01 -.182531E+01 -.198873E+01 0.140439E+02
 -.270979E+00 -.419543E+01 -.183105E+01 -.194467E+01 0.144784E+02
 -.272598E+00 -.421065E+01 -.182438E+01 -.201126E+01 0.142158E+02
 -.265909E+00 -.421969E+01 -.182429E+01 -.200015E+01 0.140738E+02
 -.272153E+00 -.419339E+01 -.183034E+01 -.210190E+01 0.186406E+02
 -.272615E+00 -.421081E+01 -.182488E+01 -.198719E+01 0.140203E+02
 -.274470E+00 -.417147E+01 -.182197E+01 -.200590E+01 0.143929E+02
 -.273333E+00 -.417604E+01 -.183162E+01 -.197003E+01 0.142356E+02
 -.264961E+00 -.421022E+01 -.182468E+01 -.197971E+01 0.143919E+02
 -.274034E+00 -.420952E+01 -.183712E+01 -.199655E+01 0.147883E+02
 -.251040E+00 -.421703E+01 -.182745E+01 -.198968E+01 0.154347E+02
 -.260824E+00 -.420159E+01 -.182781E+01 -.200379E+01 0.141155E+02
 -.275344E+00 -.421693E+01 -.180407E+01 -.202585E+01 0.140469E+02
 -.278346E+00 -.424958E+01 -.183562E+01 -.203398E+01 0.173104E+02
 -.273466E+00 -.418998E+01 -.179237E+01 -.200033E+01 0.153745E+02
 -.271294E+00 -.420407E+01 -.181028E+01 -.202555E+01 0.140401E+02
 -.269550E+00 -.420682E+01 -.184873E+01 -.199906E+01 0.153829E+02
 -.273054E+00 -.420829E+01 -.182169E+01 -.198983E+01 0.140315E+02
 -.255778E+00 -.421259E+01 -.182846E+01 -.198686E+01 0.148133E+02
 -.261887E+00 -.420911E+01 -.181461E+01 -.201201E+01 0.144743E+02
 -.271453E+00 -.421995E+01 -.181802E+01 -.198685E+01 0.141631E+02
 -.313734E+00 -.421178E+01 -.181712E+01 -.198871E+01 0.196848E+02
 -.275288E+00 -.420917E+01 -.182193E+01 -.197904E+01 0.140363E+02
 -.259427E+00 -.420789E+01 -.179239E+01 -.201488E+01 0.172616E+02
 -.255385E+00 -.428840E+01 -.182076E+01 -.196442E+01 0.175978E+02
 -.264674E+00 -.420439E+01 -.182694E+01 -.199852E+01 0.140605E+02
 -.282468E+00 -.420792E+01 -.181317E+01 -.207419E+01 0.166496E+02
 -.304574E+00 -.422670E+01 -.181560E+01 -.188772E+01 0.143240E+02
 -.245957E+00 -.421169E+01 -.183473E+01 -.199215E+01 0.153002E+02
 -.275002E+00 -.420269E+01 -.182120E+01 -.194979E+01 0.145498E+02
 -.280929E+00 -.419524E+01 -.183401E+01 -.198285E+01 0.148947E+02
 -.274258E+00 -.420884E+01 -.181970E+01 -.202338E+01 0.143471E+02
 -.272361E+00 -.423188E+01 -.185389E+01 -.200598E+01 0.170395E+02
 -.283800E+00 -.421631E+01 -.182541E+01 -.200502E+01 0.152958E+02
 -.249374E+00 -.421457E+01 -.184126E+01 -.208118E+01 0.148622E+02
 -.252966E+00 -.421060E+01 -.183622E+01 -.199974E+01 0.142532E+02
 -.285834E+00 -.415270E+01 -.180207E+01 -.190942E+01 0.176988E+02
 -.267715E+00 -.417008E+01 -.182361E+01 -.205941E+01 0.150800E+02
 -.258992E+00 -.421061E+01 -.182453E+01 -.211053E+01 0.154063E+02
 -.246553E+00 -.420313E+01 -.182782E+01 -.198202E+01 0.166034E+02
 -.271894E+00 -.420969E+01 -.182383E+01 -.198889E+01 0.140311E+02
 -.268748E+00 -.422424E+01 -.183120E+01 -.195468E+01 0.143733E+02
 -.282607E+00 -.420902E+01 -.182520E+01 -.207762E+01 0.190146E+02
 -.271941E+00 -.420976E+01 -.182800E+01 -.198962E+01 0.140618E+02
 -.292712E+00 -.420939E+01 -.180487E+01 -.197479E+01 0.141071E+02
 -.245570E+00 -.421250E+01 -.181560E+01 -.207025E+01 0.145907E+02
 -.267385E+00 -.420628E+01 -.182506E+01 -.196756E+01 0.144778E+02
 -.252651E+00 -.420884E+01 -.183266E+01 -.205987E+01 0.141797E+02
 -.276246E+00 -.420990E+01 -.186739E+01 -.198933E+01 0.191488E+02
 -.239158E+00 -.421514E+01 -.184675E+01 -.195736E+01 0.168229E+02
 -.269819E+00 -.422040E+01 -.182386E+01 -.198889E+01 0.140693E+02
 -.268788E+00 -.421071E+01 -.182316E+01 -.198092E+01 0.141916E+02
 -.225848E+00 -.422384E+01 -.183229E+01 -.214508E+01 0.142159E+02
 -.266787E+00 -.421102E+01 -.183034E+01 -.197030E+01 0.142027E+02
 -.274442E+00 -.423432E+01 -.181842E+01 -.201894E+01 0.143213E+02
 -.279428E+00 -.420905E+01 -.182206E+01 -.199516E+01 0.142948E+02
 -.291246E+00 -.420231E+01 -.179072E+01 -.202768E+01 0.142914E+02
 -.277476E+00 -.420867E+01 -.183381E+01 -.203466E+01 0.166021E+02
 -.273404E+00 -.421087E+01 -.183294E+01 -.199951E+01 0.145139E+02
 -.275122E+00 -.419410E+01 -.181835E+01 -.201053E+01 0.141765E+02
 -.267269E+00 -.421001E+01 -.180024E+01 -.214667E+01 0.152819E+02
 -.272510E+00 -.420768E+01 -.181694E+01 -.204489E+01 0.145061E+02
 -.264103E+00 -.420969E+01 -.182932E+01 -.198263E+01 0.141836E+02
 -.271526E+00 -.420940E+01 -.181672E+01 -.197706E+01 0.143775E+02
 -.262081E+00 -.420398E+01 -.183822E+01 -.197056E+01 0.141640E+02
 -.268377E+00 -.419641E+01 -.183506E+01 -.208025E+01 0.172687E+02
 -.273495E+00 -.421072E+01 -.182392E+01 -.193555E+01 0.149965E+02
 -.266401E+00 -.417678E+01 -.182418E+01 -.206509E+01 0.150618E+02
 -.276636E+00 -.421141E+01 -.182608E+01 -.199282E+01 0.142545E+02
 -.271189E+00 -.420973E+01 -.182384E+01 -.198669E+01 0.140421E+02
 -.292174E+00 -.420934E+01 -.181271E+01 -.197902E+01 0.144297E+02
 -.271898E+00 -.421029E+01 -.182457E+01 -.199383E+01 0.140411E+02
 -.271042E+00 -.420755E+01 -.183662E+01 -.202593E+01 0.154079E+02
 -.272267E+00 -.420879E+01 -.182582E+01 -.198877E+01 0.140359E+02
 -.275181E+00 -.420852E+01 -.165478E+01 -.272353E+01 0.164368E+02
 -.269525E+00 -.420949E+01 -.182103E+01 -.205503E+01 0.147460E+02
 -.277736E+00 -.420928E+01 -.182894E+01 -.202976E+01 0.157697E+02
 -.273632E+00 -.422624E+01 -.181847E+01 -.201537E+01 0.141825E+02
 -.277562E+00 -.421066E+01 -.185777E+01 -.199507E+01 0.180636E+02
 -.270120E+00 -.421210E+01 -.182435E+01 -.199126E+01 0.140352E+02
 -.258197E+00 -.417786E+01 -.182984E+01 -.198435E+01 0.147133E+02
 -.267760E+00 -.418553E+01 -.182477E+01 -.200311E+01 0.141180E+02
 -.263534E+00 -.422505E+01 -.183109E+01 -.200228E+01 0.140700E+02
 -.273475E+00 -.420826E+01 -.183011E+01 -.200134E+01 0.143944E+02
 -.266699E+00 -.420848E+01 -.182580E+01 -.188741E+01 0.198397E+02
 -.271844E+00 -.420900E+01 -.184503E+01 -.193456E+01 0.141042E+02
 -.272663E+00 -.419869E+01 -.188136E+01 -.193645E+01 0.168025E+02
 -.315094E+00 -.422974E+01 -.177495E+01 -.192747E+01 0.144198E+02
 -.271921E+00 -.419687E+01 -.180532E+01 -.201369E+01 0.142298E+02
 -.277208E+00 -.419810E+01 -.182577E+01 -.198903E+01 0.142306E+02
 -.266215E+00 -.421296E+01 -.182740E+01 -.202104E+01 0.141576E+02
 -.260346E+00 -.420782E+01 -.182556E+01 -.194156E+01 0.166657E+02
 -.278350E+00 -.420996E+01 -.178051E+01 -.213197E+01 0.147034E+02
 -.271017E+00 -.420860E+01 -.181855E+01 -.200084E+01 0.140381E+02
 -.257683E+00 -.420838E+01 -.181514E+01 -.194957E+01 0.184492E+02
 -.277487E+00 -.420889E+01 -.182491E+01 -.199069E+01 0.142207E+02
 -.277371E+00 -.420563E+01 -.182329E+01 -.199047E+01 0.141478E+02
 -.281048E+00 -.421433E+01 -.182646E+01 -.197283E+01 0.142002E+02
 -.267621E+00 -.420955E+01 -.182679E+01 -.193960E+01 0.153362E+02
 -.283994E+00 -.417844E+01 -.181786E+01 -.193726E+01 0.145331E+02
 -.251638E+00 -.422645E+01 -.182680E+01 -.206752E+01 0.141281E+02
 -.268989E+00 -.421050E+01 -.178432E+01 -.198343E+01 0.183954E+02
 -.272831E+00 -.420924E+01 -.178442E+01 -.199893E+01 0.164024E+02
 -.275038E+00 -.420998E+01 -.182332E+01 -.200853E+01 0.142911E+02
 -.269003E+00 -.420997E+01 -.181995E+01 -.198585E+01 0.142219E+02
 -.276994E+00 -.418171E+01 -.182951E+01 -.198994E+01 0.144989E+02
 -.294935E+00 -.420266E+01 -.183489E+01 -.200169E+01 0.188283E+02
 -.271698E+00 -.421004E+01 -.182193E+01 -.195820E+01 0.145447E+02
 -.274664E+00 -.421295E+01 -.183635E+01 -.200643E+01 0.151430E+02
 -.241902E+00 -.420914E+01 -.184788E+01 -.199113E+01 0.146629E+02
 -.263217E+00 -.420968E+01 -.182155E+01 -.198458E+01 0.146135E+02
 -.252967E+00 -.424664E+01 -.182242E+01 -.198150E+01 0.162734E+02
 -.265422E+00 -.420896E+01 -.182304E+01 -.198928E+01 0.142459E+02
 -.272925E+00 -.421104E+01 -.182386E+01 -.198704E+01 0.140191E+02
 -.260823E+00 -.421113E+01 -.183251E+01 -.201640E+01 0.140573E+02
 -.271397E+00 -.420559E+01 -.182522E+01 -.199783E+01 0.140619E+02
 -.278445E+00 -.422926E+01 -.182567E+01 -.198483E+01 0.142716E+02
 -.280041E+00 -.420942E+01 -.184382E+01 -.193174E+01 0.141653E+02
 -.273872E+00 -.421050E+01 -.182441E+01 -.198036E+01 0.140311E+02
 -.273197E+00 -.421062E+01 -.189069E+01 -.180649E+01 0.157523E+02
 -.249560E+00 -.421410E+01 -.182392E+01 -.198579E+01 0.163257E+02
 -.273325E+00 -.418793E+01 -.182942E+01 -.195222E+01 0.142881E+02
 -.269735E+00 -.417434E+01 -.182608E+01 -.198904E+01 0.142382E+02
 -.275381E+00 -.420555E+01 -.184753E+01 -.199154E+01 0.158192E+02
 -.272353E+00 -.426253E+01 -.181067E+01 -.216237E+01 0.189161E+02
 -.264264E+00 -.421523E+01 -.182409E+01 -.202613E+01 0.140622E+02
 -.251949E+00 -.420626E+01 -.182231E+01 -.199827E+01 0.154850E+02
 -.266393E+00 -.423962E+01 -.180490E+01 -.198703E+01 0.157211E+02
 -.272414E+00 -.420603E+01 -.185136E+01 -.200191E+01 0.163236E+02
 -.281628E+00 -.421555E+01 -.182848E+01 -.202636E+01 0.162618E+02
 -.270887E+00 -.420481E+01 -.184521E+01 -.193990E+01 0.140895E+02
 -.272924E+00 -.420975E+01 -.181383E+01 -.198954E+01 0.141835E+02
 -.278943E+00 -.420520E+01 -.182335E+01 -.200085E+01 0.144438E+02
 -.273564E+00 -.420870E+01 -.182587E+01 -.199768E+01 0.141417E+02
 -.290582E+00 -.420993E+01 -.183291E+01 -.197763E+01 0.159460E+02
 -.263650E+00 -.420987E+01 -.181981E+01 -.203086E+01 0.140306E+02
 -.270610E+00 -.420414E+01 -.184575E+01 -.199685E+01 0.151388E+02
 -.273610E+00 -.410234E+01 -.181403E+01 -.196721E+01 0.169539E+02
 -.255666E+00 -.420450E+01 -.182828E+01 -.200709E+01 0.143158E+02
 -.266983E+00 -.421849E+01 -.179070E+01 -.201738E+01 0.157825E+02
 -.286827E+00 -.422381E+01 -.178366E+01 -.192201E+01 0.187225E+02
 -.285624E+00 -.420586E+01 -.181502E+01 -.198240E+01 0.141743E+02
 -.271053E+00 -.420245E+01 -.182556E+01 -.199765E+01 0.140634E+02
 -.271188E+00 -.420772E+01 -.182854E+01 -.201045E+01 0.143134E+02
 -.272485E+00 -.422271E+01 -.187357E+01 -.199410E+01 0.198712E+02
 -.291025E+00 -.421019E+01 -.182895E+01 -.199467E+01 0.164421E+02
 -.257225E+00 -.421226E+01 -.183803E+01 -.201307E+01 0.140510E+02
 -.245602E+00 -.420946E+01 -.184822E+01 -.198885E+01 0.143786E+02
 -.261660E+00 -.421510E+01 -.185618E+01 -.189529E+01 0.154380E+02
 -.265105E+00 -.421457E+01 -.183097E+01 -.201991E+01 0.142181E+02
 -.272317E+00 -.420842E+01 -.182184E+01 -.198999E+01 0.140345E+02
 -.253074E+00 -.421046E+01 -.182150E+01 -.208761E+01 0.141550E+02
 -.269384E+00 -.420933E+01 -.182269E+01 -.199065E+01 0.140699E+02
 -.294795E+00 -.420310E+01 -.181756E+01 -.197080E+01 0.147660E+02
 -.245219E+00 -.420220E+01 -.183798E+01 -.201256E+01 0.144678E+02
 -.244246E+00 -.422178E+01 -.181559E+01 -.216252E+01 0.143864E+02
 -.258942E+00 -.420544E+01 -.181728E+01 -.202234E+01 0.143447E+02
 -.238556E+00 -.422099E+01 -.182265E+01 -.202270E+01 0.167118E+02
 -.270233E+00 -.420526E+01 -.182135E+01 -.199718E+01 0.140396E+02
 -.250666E+00 -.410714E+01 -.181854E+01 -.199448E+01 0.184719E+02
 -.276736E+00 -.420678E+01 -.182374E+01 -.198839E+01 0.141104E+02
 -.272799E+00 -.421250E+01 -.182362E+01 -.198263E+01 0.140302E+02
 -.294430E+00 -.421842E+01 -.177006E+01 -.195917E+01 0.162138E+02
 -.266641E+00 -.423536E+01 -.182377E+01 -.200735E+01 0.141259E+02
 -.269020E+00 -.427489E+01 -.182032E+01 -.205338E+01 0.152200E+02
 -.289836E+00 -.420425E+01 -.182210E+01 -.204409E+01 0.181456E+02
 -.269901E+00 -.422669E+01 -.180001E+01 -.200716E+01 0.148491E+02
 -.273240E+00 -.420291E+01 -.179804E+01 -.204413E+01 0.140772E+02
 -.257402E+00 -.420866E+01 -.181775E+01 -.198723E+01 0.156285E+02
 -.278572E+00 -.421115E+01 -.183336E+01 -.205125E+01 0.177467E+02
 -.275281E+00 -.418718E+01 -.181882E+01 -.214432E+01 0.198879E+02
 -.273427E+00 -.420547E+01 -.181146E+01 -.201287E+01 0.140358E+02
 -.261096E+00 -.421368E+01 -.183062E+01 -.192433E+01 0.169598E+02
 -.254863E+00 -.420973E+01 -.182368E+01 -.199669E+01 0.149925E+02
 -.271524E+00 -.436630E+01 -.183481E+01 -.205191E+01 0.193013E+02
 -.270490E+00 -.420975E+01 -.183671E+01 -.197818E+01 0.141221E+02
 -.273851E+00 -.420642E+01 -.181858E+01 -.200187E+01 0.140426E+02
 -.268317E+00 -.420800E+01 -.183863E+01 -.192996E+01 0.146412E+02
 -.288615E+00 -.420478E+01 -.182893E+01 -.202236E+01 0.175924E+02
 -.264101E+00 -.419900E+01 -.182341E+01 -.203007E+01 0.140776E+02
 -.272334E+00 -.422421E+01 -.181825E+01 -.196483E+01 0.145507E+02
 -.273400E+00 -.421222E+01 -.182415E+01 -.198480E+01 0.140206E+02
 -.268080E+00 -.421364E+01 -.180129E+01 -.198621E+01 0.158032E+02
 -.241047E+00 -.420085E+01 -.185972E+01 -.201154E+01 0.140727E+02
 -.272413E+00 -.420919E+01 -.183003E+01 -.198678E+01 0.140975E+02
 -.277352E+00 -.420556E+01 -.184078E+01 -.201555E+01 0.165385E+02
 -.272164E+00 -.421022E+01 -.182110E+01 -.199297E+01 0.140322E+02
 -.278498E+00 -.420924E+01 -.181835E+01 -.206560E+01 0.161551E+02
 -.267528E+00 -.420937E+01 -.182978E+01 -.198639E+01 0.140382E+02
 -.259175E+00 -.424889E+01 -.182841E+01 -.198725E+01 0.146708E+02
 -.275020E+00 -.421151E+01 -.182342E+01 -.198196E+01 0.140313E+02
 -.247493E+00 -.423109E+01 -.183899E+01 -.198382E+01 0.150683E+02
 -.274199E+00 -.418040E+01 -.183147E+01 -.200926E+01 0.148690E+02
 -.264728E+00 -.423751E+01 -.182876E+01 -.199884E+01 0.141501E+02
 -.269708E+00 -.420946E+01 -.183123E+01 -.197619E+01 0.140378E+02
 -.267325E+00 -.420759E+01 -.182519E+01 -.199083E+01 0.140774E+02
 -.261021E+00 -.421227E+01 -.182982E+01 -.200098E+01 0.140806E+02
 -.273404E+00 -.420435E+01 -.187239E+01 -.199097E+01 0.194616E+02
 -.270764E+00 -.420863E+01 -.181669E+01 -.199533E+01 0.141166E+02
 -.274541E+00 -.421578E+01 -.183173E+01 -.198901E+01 0.143125E+02
 -.271296E+00 -.421212E+01 -.182673E+01 -.199738E+01 0.140669E+02
 -.248414E+00 -.420765E+01 -.180738E+01 -.201455E+01 0.174308E+02
 -.268366E+00 -.421027E+01 -.181908E+01 -.198672E+01 0.142818E+02
 -.240140E+00 -.420816E+01 -.182514E+01 -.198605E+01 0.183195E+02
 -.245834E+00 -.421201E+01 -.181928E+01 -.202403E+01 0.156955E+02
 -.273724E+00 -.420882E+01 -.182333E+01 -.198659E+01 0.140199E+02
 -.271856E+00 -.420968E+01 -.182274E+01 -.202670E+01 0.143922E+02
 -.274582E+00 -.420561E+01 -.182608E+01 -.203792E+01 0.152692E+02
 -.273131E+00 -.421022E+01 -.183176E+01 -.196810E+01 0.140483E+02
 -.271883E+00 -.418126E+01 -.181560E+01 -.202032E+01 0.141867E+02
 -.249367E+00 -.421819E+01 -.182388E+01 -.199573E+01 0.158461E+02
 -.265428E+00 -.420943E+01 -.178498E+01 -.199204E+01 0.186026E+02
 -.249538E+00 -.428061E+01 -.185553E+01 -.197754E+01 0.147938E+02
 -.272125E+00 -.421017E+01 -.178137E+01 -.201781E+01 0.159688E+02
 -.271538E+00 -.421115E+01 -.182389E+01 -.198203E+01 0.140607E+02
 -.277127E+00 -.421040E+01 -.182456E+01 -.199127E+01 0.141973E+02
 -.271693E+00 -.418873E+01 -.183097E+01 -.199726E+01 0.142868E+02
 -.277274E+00 -.420950E+01 -.182485E+01 -.195399E+01 0.141432E+02
 -.275779E+00 -.420905E+01 -.184994E+01 -.197716E+01 0.154872E+02
 -.240757E+00 -.420926E+01 -.182998E+01 -.198317E+01 0.174588E+02
 -.262814E+00 -.421188E+01 -.182792E+01 -.199573E+01 0.141148E+02
 -.255810E+00 -.418443E+01 -.184281E+01 -.198677E+01 0.141805E+02
 -.265411E+00 -.420928E+01 -.182197E+01 -.198929E+01 0.142940E+02
 -.272518E+00 -.421106E+01 -.182276E+01 -.198621E+01 0.140374E+02
 -.258990E+00 -.421791E+01 -.182103E+01 -.203623E+01 0.140693E+02
 -.271499E+00 -.420661E+01 -.182531E+01 -.197269E+01 0.141129E+02
 -.279425E+00 -.422400E+01 -.182530E+01 -.197541E+01 0.141538E+02
 -.269134E+00 -.417834E+01 -.184111E+01 -.189524E+01 0.161707E+02
 -.272999E+00 -.421011E+01 -.182438E+01 -.198820E+01 0.140218E+02
 -.276702E+00 -.421290E+01 -.181100E+01 -.213457E+01 0.181611E+02
 -.268498E+00 -.422993E+01 -.182523E+01 -.200351E+01 0.141010E+02
 -.272235E+00 -.422455E+01 -.181702E+01 -.196682E+01 0.145826E+02
 -.258264E+00 -.420454E+01 -.182044E+01 -.197888E+01 0.155826E+02
 -.274794E+00 -.422568E+01 -.181369E+01 -.212175E+01 0.175298E+02
 -.269799E+00 -.420677E+01 -.182112E+01 -.203934E+01 0.143999E+02
 -.284591E+00 -.421235E+01 -.181868E+01 -.198455E+01 0.142868E+02
 -.276225E+00 -.422939E+01 -.181739E+01 -.199825E+01 0.141071E+02
 -.293125E+00 -.418326E+01 -.178791E+01 -.213175E+01 0.183697E+02
 -.271774E+00 -.423751E+01 -.183824E+01 -.199953E+01 0.148598E+02
 -.272517E+00 -.420087E+01 -.182807E+01 -.201737E+01 0.145526E+02
 -.272189E+00 -.420552E+01 -.181568E+01 -.195162E+01 0.152416E+02
 -.272314E+00 -.421022E+01 -.183156E+01 -.198916E+01 0.141740E+02
 -.267687E+00 -.420380E+01 -.182963E+01 -.203642E+01 0.146874E+02
 -.281380E+00 -.420857E+01 -.182666E+01 -.196913E+01 0.141682E+02
 -.257209E+00 -.415989E+01 -.184127E+01 -.201644E+01 0.145153E+02
 -.287886E+00 -.420978E+01 -.182427E+01 -.198519E+01 0.149744E+02
 -.241917E+00 -.421098E+01 -.182718E+01 -.202016E+01 0.155721E+02
 -.267303E+00 -.420983E+01 -.181945E+01 -.203538E+01 0.141240E+02
 -.277713E+00 -.420743E+01 -.185919E+01 -.198505E+01 0.176270E+02
 -.259551E+00 -.420618E+01 -.182160E+01 -.205220E+01 0.140718E+02
 -.324454E+00 -.422853E+01 -.181541E+01 -.184975E+01 0.142947E+02
 -.273781E+00 -.420935E+01 -.182536E+01 -.201439E+01 0.144213E+02
 -.261299E+00 -.421698E+01 -.180557E+01 -.200193E+01 0.157098E+02
 -.265417E+00 -.420911E+01 -.177556E+01 -.200570E+01 0.193333E+02
 -.267830E+00 -.420880E+01 -.183541E+01 -.199244E+01 0.141257E+02
 -.262038E+00 -.421025E+01 -.182321E+01 -.201202E+01 0.140981E+02
 -.246026E+00 -.422294E+01 -.182008E+01 -.200489E+01 0.165228E+02
 -.270894E+00 -.420723E+01 -.183324E+01 -.197128E+01 0.140471E+02
 -.272633E+00 -.417566E+01 -.184234E+01 -.197450E+01 0.145764E+02
 -.263582E+00 -.420508E+01 -.182514E+01 -.197533E+01 0.146050E+02
 -.275148E+00 -.420705E+01 -.182853E+01 -.194726E+01 0.142275E+02
 -.260849E+00 -.420767E+01 -.184065E+01 -.198371E+01 0.140425E+02
 -.270337E+00 -.423557E+01 -.188987E+01 -.195249E+01 0.192161E+02
 -.274211E+00 -.421123E+01 -.185743E+01 -.187162E+01 0.149400E+02
 -.277695E+00 -.420985E+01 -.182678E+01 -.202530E+01 0.153379E+02
 -.272795E+00 -.420925E+01 -.182382E+01 -.198955E+01 0.140199E+02
 -.251357E+00 -.421831E+01 -.182300E+01 -.199176E+01 0.158043E+02
 -.271976E+00 -.420917E+01 -.182006E+01 -.199079E+01 0.140524E+02
 -.300312E+00 -.422280E+01 -.181784E+01 -.198711E+01 0.163882E+02
 -.376087E+00 -.421395E+01 -.162114E+01 -.201012E+01 0.152003E+02
 -.280157E+00 -.418880E+01 -.182764E+01 -.202316E+01 0.157735E+02
 -.237912E+00 -.421169E+01 -.184100E+01 -.203116E+01 0.144792E+02
 -.260749E+00 -.420977E+01 -.182783E+01 -.204273E+01 0.141825E+02
 -.280890E+00 -.422128E+01 -.181667E+01 -.196348E+01 0.141135E+02
 -.274748E+00 -.421889E+01 -.177623E+01 -.198474E+01 0.181773E+02
 -.270587E+00 -.416104E+01 -.182304E+01 -.193167E+01 0.161639E+02
 -.275425E+00 -.419766E+01 -.182377E+01 -.198821E+01 0.140867E+02
 -.275485E+00 -.420897E+01 -.182433E+01 -.198725E+01 0.140696E+02
 -.265976E+00 -.421206E+01 -.181889E+01 -.201460E+01 0.140551E+02
 -.266035E+00 -.422467E+01 -.182212E+01 -.203085E+01 0.141417E+02
 -.185305E+00 -.424526E+01 -.184833E+01 -.249456E+01 0.164634E+02
 -.293648E+00 -.420466E+01 -.182177E+01 -.197698E+01 0.151967E+02
 -.372401E+00 -.422584E+01 -.160610E+01 -.201444E+01 0.163785E+02
 -.267107E+00 -.421295E+01 -.181505E+01 -.201776E+01 0.140748E+02
 -.247506E+00 -.420927E+01 -.182158E+01 -.196674E+01 0.185356E+02
 -.267205E+00 -.420815E+01 -.182116E+01 -.205627E+01 0.145500E+02
 -.213819E+00 -.419069E+01 -.202015E+01 -.179816E+01 0.173832E+02
 -.271464E+00 -.420904E+01 -.182644E+01 -.200681E+01 0.141661E+02
 -.258477E+00 -.421232E+01 -.184074E+01 -.210815E+01 0.174513E+02
 -.273551E+00 -.420384E+01 -.181223E+01 -.196977E+01 0.146824E+02
 -.252678E+00 -.420945E+01 -.182027E+01 -.201789E+01 0.148474E+02
 -.275097E+00 -.441536E+01 -.182547E+01 -.201132E+01 0.187760E+02
 -.270057E+00 -.421019E+01 -.184295E+01 -.199161E+01 0.146649E+02
 -.266409E+00 -.421016E+01 -.181762E+01 -.201437E+01 0.140666E+02
 -.237986E+00 -.420741E+01 -.184145E+01 -.201056E+01 0.150149E+02
 -.251501E+00 -.420606E+01 -.183341E+01 -.208189E+01 0.144999E+02
 -.262889E+00 -.423137E+01 -.182314E+01 -.195244E+01 0.158798E+02
 -.269785E+00 -.421430E+01 -.181742E+01 -.197316E+01 0.145852E+02
 -.274601E+00 -.421007E+01 -.182408E+01 -.198552E+01 0.140392E+02
 -.303102E+00 -.421367E+01 -.179133E+01 -.196637E+01 0.141019E+02
 -.272020E+00 -.420899E+01 -.182942E+01 -.198492E+01 0.140571E+02
 -.259532E+00 -.421030E+01 -.181954E+01 -.198112E+01 0.153741E+02
 -.273729E+00 -.420788E+01 -.181823E+01 -.199309E+01 0.140368E+02
 -.278650E+00 -.420911E+01 -.182009E+01 -.202443E+01 0.148027E+02
 -.267187E+00 -.420955E+01 -.182607E+01 -.195312E+01 0.148821E+02
 -.262735E+00 -.420924E+01 -.180774E+01 -.203780E+01 0.142741E+02
 -.275553E+00 -.421021E+01 -.182325E+01 -.198434E+01 0.140401E+02
 -.246687E+00 -.424631E+01 -.184292E+01 -.203044E+01 0.142645E+02
 -.267396E+00 -.418450E+01 -.183521E+01 -.199058E+01 0.141770E+02
 -.270092E+00 -.419329E+01 -.182660E+01 -.198710E+01 0.140640E+02
 -.266767E+00 -.420990E+01 -.182212E+01 -.201801E+01 0.140365E+02
 -.273488E+00 -.420740E+01 -.182309E+01 -.206950E+01 0.160105E+02
 -.265924E+00 -.420812E+01 -.182404E+01 -.197652E+01 0.144287E+02
 -.268948E+00 -.420649E+01 -.183805E+01 -.202339E+01 0.151587E+02
 -.270761E+00 -.421584E+01 -.182476E+01 -.203107E+01 0.145268E+02
 -.264052E+00 -.422582E+01 -.183049E+01 -.199217E+01 0.140967E+02
 -.273517E+00 -.421231E+01 -.182963E+01 -.195194E+01 0.141900E+02
 -.285361E+00 -.420508E+01 -.182243E+01 -.204436E+01 0.171283E+02
 -.274010E+00 -.420816E+01 -.192415E+01 -.183105E+01 0.158815E+02
 -.269591E+00 -.421125E+01 -.182596E+01 -.200825E+01 0.141083E+02
 -.272708E+00 -.420590E+01 -.183949E+01 -.200839E+01 0.152516E+02
 -.270416E+00 -.420924E+01 -.182284E+01 -.198398E+01 0.140948E+02
 -.267734E+00 -.421256E+01 -.182329E+01 -.199712E+01 0.140553E+02
 -.268831E+00 -.420815E+01 -.182456E+01 -.205129E+01 0.148384E+02
 -.263580E+00 -.420941E+01 -.183230E+01 -.203829E+01 0.145222E+02
 -.262884E+00 -.421255E+01 -.181789E+01 -.203873E+01 0.140379E+02
 -.269864E+00 -.421648E+01 -.182491E+01 -.198316E+01 0.140812E+02
 -.265098E+00 -.421355E+01 -.180460E+01 -.199102E+01 0.156916E+02
 -.266766E+00 -.411871E+01 -.185052E+01 -.198102E+01 0.160080E+02
 -.272934E+00 -.421066E+01 -.182223E+01 -.200115E+01 0.140693E+02
 -.267641E+00 -.420724E+01 -.182439E+01 -.198451E+01 0.141552E+02
 -.273129E+00 -.420795E+01 -.182975E+01 -.198806E+01 0.141294E+02
 -.265307E+00 -.421120E+01 -.183145E+01 -.199305E+01 0.140323E+02
 -.265087E+00 -.420899E+01 -.182590E+01 -.206435E+01 0.148920E+02
 -.272447E+00 -.421697E+01 -.180836E+01 -.200726E+01 0.141567E+02
 -.286348E+00 -.420930E+01 -.182015E+01 -.201089E+01 0.153633E+02
 -.273792E+00 -.421048E+01 -.182712E+01 -.199832E+01 0.142057E+02
 -.261250E+00 -.418714E+01 -.185508E+01 -.198558E+01 0.145720E+02
 -.280503E+00 -.420985E+01 -.182403E+01 -.198934E+01 0.143496E+02
 -.272749E+00 -.421019E+01 -.182304E+01 -.198678E+01 0.140328E+02
 -.271357E+00 -.420104E+01 -.181756E+01 -.199074E+01 0.141363E+02
 -.274361E+00 -.420825E+01 -.182484E+01 -.197413E+01 0.140428E+02
 -.272033E+00 -.420936E+01 -.182324E+01 -.199314E+01 0.140316E+02
 -.253506E+00 -.419073E+01 -.182791E+01 -.196191E+01 0.164750E+02
 -.271501E+00 -.421036E+01 -.182461E+01 -.199453E+01 0.140388E+02
 -.276046E+00 -.420759E+01 -.174601E+01 -.210670E+01 0.158613E+02
 -.278768E+00 -.420098E+01 -.182391E+01 -.200163E+01 0.144860E+02
 -.271090E+00 -.419358E+01 -.182801E+01 -.200778E+01 0.142685E+02
 -.273964E+00 -.409461E+01 -.182404E+01 -.199383E+01 0.166506E+02
 -.237475E+00 -.420974E+01 -.182551E+01 -.199032E+01 0.186380E+02
 -.267068E+00 -.421324E+01 -.181453E+01 -.197435E+01 0.150853E+02
 -.264740E+00 -.420490E+01 -.182310E+01 -.197617E+01 0.146076E+02
 -.302416E+00 -.420871E+01 -.182112E+01 -.199697E+01 0.179574E+02
 -.280491E+00 -.418259E+01 -.182433E+01 -.202812E+01 0.157103E+02
 -.271826E+00 -.421929E+01 -.179514E+01 -.198777E+01 0.158055E+02
 -.264400E+00 -.420108E+01 -.181531E+01 -.198948E+01 0.148209E+02
 -.273583E+00 -.420877E+01 -.183710E+01 -.199829E+01 0.147913E+02
 -.272362E+00 -.420986E+01 -.183731E+01 -.198915E+01 0.144400E+02
 -.259529E+00 -.420413E+01 -.182982E+01 -.201639E+01 0.140335E+02
 -.278505E+00 -.420875E+01 -.182257E+01 -.198036E+01 0.140789E+02
 -.263263E+00 -.423395E+01 -.183975E+01 -.212891E+01 0.199110E+02
 -.273387E+00 -.421419E+01 -.179878E+01 -.198500E+01 0.152830E+02
 -.211830E+00 -.420364E+01 -.185377E+01 -.200894E+01 0.184388E+02
 -.274978E+00 -.420962E+01 -.182236E+01 -.197196E+01 0.140776E+02
 -.273122E+00 -.420753E+01 -.178021E+01 -.199296E+01 0.173285E+02
 -.157226E+00 -.425760E+01 -.184738E+01 -.277167E+01 0.161581E+02
 -.278565E+00 -.421305E+01 -.182463E+01 -.200784E+01 0.146726E+02
 -.284228E+00 -.421554E+01 -.182960E+01 -.201628E+01 0.163896E+02
 -.282609E+00 -.421088E+01 -.182244E+01 -.204347E+01 0.164972E+02
 -.294896E+00 -.420872E+01 -.184009E+01 -.199624E+01 0.193374E+02
 -.257210E+00 -.420574E+01 -.184220E+01 -.200169E+01 0.140505E+02
 -.261398E+00 -.422976E+01 -.182889E+01 -.201199E+01 0.140952E+02
 -.272377E+00 -.420790E+01 -.181215E+01 -.198165E+01 0.144564E+02
 -.272533E+00 -.417777E+01 -.178752E+01 -.197150E+01 0.180066E+02
 -.255354E+00 -.421709E+01 -.182277E+01 -.197962E+01 0.157477E+02
 -.264272E+00 -.421157E+01 -.182435E+01 -.198689E+01 0.143050E+02
 -.275900E+00 -.420892E+01 -.182398E+01 -.198583E+01 0.140641E+02
 -.273673E+00 -.419459E+01 -.182484E+01 -.211869E+01 0.189741E+02
 -.270786E+00 -.420882E+01 -.182245E+01 -.202834E+01 0.143302E+02
 -.281134E+00 -.420430E+01 -.182264E+01 -.201408E+01 0.150010E+02
 -.273152E+00 -.421003E+01 -.182549E+01 -.198893E+01 0.140462E+02
 -.269277E+00 -.422534E+01 -.182806E+01 -.205507E+01 0.154067E+02
 -.260310E+00 -.421246E+01 -.182416E+01 -.194808E+01 0.164397E+02
 -.276726E+00 -.420949E+01 -.182165E+01 -.199088E+01 0.140803E+02
 -.275035E+00 -.418305E+01 -.182081E+01 -.200750E+01 0.142648E+02
 -.259548E+00 -.421576E+01 -.184787E+01 -.192340E+01 0.151459E+02
 -.272726E+00 -.421294E+01 -.183150E+01 -.202155E+01 0.149676E+02
 -.295199E+00 -.419937E+01 -.182880E+01 -.194581E+01 0.148288E+02
 -.281708E+00 -.421783E+01 -.182968E+01 -.197601E+01 0.144621E+02
 -.287315E+00 -.430354E+01 -.189226E+01 -.187769E+01 0.183054E+02
 -.271279E+00 -.419983E+01 -.182402E+01 -.199053E+01 0.140459E+02
 -.272105E+00 -.420623E+01 -.182403E+01 -.199722E+01 0.140551E+02
 -.269427E+00 -.418720E+01 -.181843E+01 -.199736E+01 0.141861E+02
 -.269032E+00 -.418375E+01 -.182385E+01 -.197569E+01 0.143575E+02
 -.257834E+00 -.421053E+01 -.182215E+01 -.193088E+01 0.187125E+02
 -.287520E+00 -.421710E+01 -.180487E+01 -.200029E+01 0.141570E+02
 -.305630E+00 -.420543E+01 -.175435E+01 -.202834E+01 0.141749E+02
 -.255576E+00 -.420967E+01 -.182858E+01 -.201938E+01 0.141254E+02
 -.254117E+00 -.420770E+01 -.182040E+01 -.203125E+01 0.143661E+02
 -.269067E+00 -.422606E+01 -.183016E+01 -.189857E+01 0.173168E+02
 -.258415E+00 -.420792E+01 -.182489E+01 -.194333E+01 0.170612E+02
 -.272049E+00 -.421080E+01 -.182606E+01 -.197016E+01 0.141052E+02
 -.258002E+00 -.420910E+01 -.182312E+01 -.199376E+01 0.147675E+02
 -.271678E+00 -.421020E+01 -.182475E+01 -.198449E+01 0.140374E+02
 -.260952E+00 -.420824E+01 -.182733E+01 -.199459E+01 0.142410E+02
 -.224585E+00 -.418706E+01 -.182793E+01 -.209168E+01 0.155825E+02
 -.239970E+00 -.421141E+01 -.183374E+01 -.202961E+01 0.148422E+02
 -.266434E+00 -.421489E+01 -.182375E+01 -.192908E+01 0.165150E+02
 -.268813E+00 -.421287E+01 -.183066E+01 -.197678E+01 0.140533E+02
 -.273518E+00 -.420946E+01 -.182402E+01 -.199015E+01 0.140300E+02
 -.291133E+00 -.421239E+01 -.178551E+01 -.198514E+01 0.143319E+02
 -.271814E+00 -.420932E+01 -.182047E+01 -.198940E+01 0.140581E+02
 -.249448E+00 -.421240E+01 -.181032E+01 -.199495E+01 0.179826E+02
 -.274296E+00 -.420668E+01 -.182113E+01 -.198941E+01 0.140202E+02
 -.269231E+00 -.420931E+01 -.182125E+01 -.197926E+01 0.142713E+02
 -.269844E+00 -.420117E+01 -.183840E+01 -.198152E+01 0.141936E+02
 -.269613E+00 -.420941E+01 -.182439E+01 -.196441E+01 0.144105E+02
 -.284835E+00 -.418150E+01 -.180731E+01 -.204964E+01 0.154101E+02
 -.271095E+00 -.420904E+01 -.182425E+01 -.198358E+01 0.140549E+02
 -.262857E+00 -.418229E+01 -.181937E+01 -.206189E+01 0.143375E+02
 -.259647E+00 -.422681E+01 -.182183E+01 -.197780E+01 0.152928E+02
 -.274086E+00 -.419085E+01 -.182448E+01 -.199772E+01 0.141747E+02
 -.266824E+00 -.420895E+01 -.182683E+01 -.201925E+01 0.141412E+02
 -.272394E+00 -.420741E+01 -.182310E+01 -.200110E+01 0.140708E+02
 -.273730E+00 -.420194E+01 -.182539E+01 -.199745E+01 0.141388E+02
 -.267955E+00 -.420019E+01 -.180561E+01 -.197604E+01 0.158499E+02
 -.272764E+00 -.420396E+01 -.181566E+01 -.203118E+01 0.142097E+02
 -.261215E+00 -.422031E+01 -.182476E+01 -.199084E+01 0.144392E+02
 -.268041E+00 -.421057E+01 -.182862E+01 -.200184E+01 0.140646E+02
 -.294756E+00 -.420527E+01 -.182749E+01 -.199824E+01 0.172384E+02
 -.268488E+00 -.420731E+01 -.182689E+01 -.201145E+01 0.141235E+02
 -.274970E+00 -.419320E+01 -.184323E+01 -.193019E+01 0.141487E+02
 -.273564E+00 -.420934E+01 -.182398E+01 -.198885E+01 0.140259E+02
 -.270971E+00 -.420865E+01 -.182280E+01 -.198162E+01 0.141011E+02
 -.274362E+00 -.421906E+01 -.182316E+01 -.195498E+01 0.143497E+02
 -.259480E+00 -.420908E+01 -.183030E+01 -.202897E+01 0.140656E+02
 -.258308E+00 -.423396E+01 -.182527E+01 -.201885E+01 0.142040E+02
 -.285873E+00 -.420466E+01 -.182506E+01 -.197495E+01 0.145070E+02
 -.270266E+00 -.421762E+01 -.185923E+01 -.198421E+01 0.160743E+02
 -.269119E+00 -.410203E+01 -.185412E+01 -.196539E+01 0.167190E+02
 -.273130E+00 -.421002E+01 -.183856E+01 -.199074E+01 0.146293E+02
 -.270405E+00 -.420781E+01 -.182413E+01 -.201080E+01 0.141154E+02
 -.265669E+00 -.420731E+01 -.183092E+01 -.198328E+01 0.140753E+02
 -.270617E+00 -.422650E+01 -.182922E+01 -.198539E+01 0.140787E+02
 -.296357E+00 -.422160E+01 -.179133E+01 -.202804E+01 0.147558E+02
 -.258368E+00 -.420921E+01 -.182561E+01 -.208785E+01 0.147561E+02
 -.273440E+00 -.421463E+01 -.179868E+01 -.202712E+01 0.141817E+02
 -.277085E+00 -.420976E+01 -.181921E+01 -.199941E+01 0.141027E+02
 -.281301E+00 -.422430E+01 -.183358E+01 -.198494E+01 0.149951E+02
 -.270425E+00 -.420928E+01 -.182545E+01 -.198938E+01 0.140316E+02
 -.273041E+00 -.421003E+01 -.182422E+01 -.199022E+01 0.140259E+02
 -.269166E+00 -.418854E+01 -.182495E+01 -.195945E+01 0.146336E+02
 -.274143E+00 -.420974E+01 -.182463E+01 -.199979E+01 0.141552E+02
 -.267120E+00 -.419824E+01 -.182171E+01 -.200126E+01 0.140871E+02
 -.261486E+00 -.420646E+01 -.181993E+01 -.208464E+01 0.145862E+02
 -.272921E+00 -.420974E+01 -.182435E+01 -.198322E+01 0.140221E+02
 -.273052E+00 -.420388E+01 -.178840E+01 -.199508E+01 0.160563E+02
 -.260578E+00 -.418000E+01 -.182272E+01 -.199097E+01 0.147666E+02
 -.270198E+00 -.419716E+01 -.183256E+01 -.201324E+01 0.145382E+02
 -.274820E+00 -.432893E+01 -.182534E+01 -.200209E+01 0.159884E+02
 -.276492E+00 -.421780E+01 -.182485E+01 -.197931E+01 0.140725E+02
 -.269558E+00 -.415467E+01 -.183042E+01 -.211972E+01 0.194148E+02
 -.261669E+00 -.421407E+01 -.182602E+01 -.197789E+01 0.146513E+02
 -.267694E+00 -.420042E+01 -.182367E+01 -.200062E+01 0.140480E+02
 -.274420E+00 -.421370E+01 -.178552E+01 -.195062E+01 0.193478E+02
 -.270817E+00 -.417746E+01 -.181570E+01 -.203169E+01 0.142821E+02
 -.259619E+00 -.423606E+01 -.181375E+01 -.204110E+01 0.142669E+02
 -.272989E+00 -.419451E+01 -.179838E+01 -.198161E+01 0.155982E+02
 -.273789E+00 -.421430E+01 -.180574E+01 -.199307E+01 0.144319E+02
 -.271463E+00 -.421145E+01 -.184571E+01 -.201522E+01 0.160849E+02
 -.272929E+00 -.420779E+01 -.180655E+01 -.198969E+01 0.145449E+02
 -.252820E+00 -.420758E+01 -.182587E+01 -.197930E+01 0.158209E+02
 -.265655E+00 -.420890E+01 -.181913E+01 -.199640E+01 0.142757E+02
 -.272972E+00 -.426589E+01 -.183681E+01 -.198659E+01 0.148634E+02
 -.243775E+00 -.420700E+01 -.186781E+01 -.198350E+01 0.140997E+02
 -.268903E+00 -.420927E+01 -.182243E+01 -.201713E+01 0.140823E+02
 -.289290E+00 -.423586E+01 -.183030E+01 -.203681E+01 0.191805E+02
 -.342833E+00 -.410129E+01 -.186500E+01 -.177167E+01 0.181167E+02
 -.263721E+00 -.427664E+01 -.184087E+01 -.194016E+01 0.151547E+02
 -.271246E+00 -.420966E+01 -.182444E+01 -.199256E+01 0.140311E+02
 -.277595E+00 -.420979E+01 -.181739E+01 -.203562E+01 0.147834E+02
 -.300787E+00 -.421880E+01 -.183150E+01 -.192671E+01 0.149469E+02
 -.244285E+00 -.421154E+01 -.182889E+01 -.200419E+01 0.156898E+02
 -.258590E+00 -.420451E+01 -.185065E+01 -.199149E+01 0.142096E+02
 -.274354E+00 -.421650E+01 -.183627E+01 -.199373E+01 0.146853E+02
 -.273709E+00 -.420839E+01 -.180606E+01 -.202333E+01 0.140452E+02
 -.272457E+00 -.422035E+01 -.184319E+01 -.198775E+01 0.148456E+02
 -.259932E+00 -.421268E+01 -.182940E+01 -.199208E+01 0.142586E+02
 -.255074E+00 -.421343E+01 -.182509E+01 -.202390E+01 0.142115E+02
 -.275903E+00 -.420902E+01 -.183567E+01 -.198839E+01 0.146312E+02
 -.271846E+00 -.418373E+01 -.182325E+01 -.193913E+01 0.152627E+02
 -.269060E+00 -.421095E+01 -.180157E+01 -.210021E+01 0.144676E+02
 -.268769E+00 -.420664E+01 -.182689E+01 -.199363E+01 0.140309E+02
 -.272889E+00 -.421036E+01 -.182507E+01 -.198870E+01 0.140368E+02
 -.283094E+00 -.420873E+01 -.182607E+01 -.200467E+01 0.152343E+02
 -.274253E+00 -.420969E+01 -.182395E+01 -.198996E+01 0.140519E+02
 -.263410E+00 -.421581E+01 -.180441E+01 -.198916E+01 0.161109E+02
 -.252650E+00 -.424129E+01 -.182449E+01 -.198270E+01 0.159605E+02
 -.280742E+00 -.420328E+01 -.182569E+01 -.196446E+01 0.140863E+02
 -.232769E+00 -.420429E+01 -.183512E+01 -.201269E+01 0.165737E+02
 -.276882E+00 -.420534E+01 -.184949E+01 -.197711E+01 0.156016E+02
 -.278327E+00 -.433998E+01 -.185065E+01 -.197826E+01 0.181711E+02
 -.270178E+00 -.421368E+01 -.182414E+01 -.198836E+01 0.140484E+02
 -.270433E+00 -.420507E+01 -.182371E+01 -.199292E+01 0.140349E+02
 -.266132E+00 -.421185E+01 -.182603E+01 -.209606E+01 0.162400E+02
 -.271030E+00 -.420635E+01 -.184371E+01 -.204928E+01 0.175859E+02
 -.270759E+00 -.419765E+01 -.183040E+01 -.198239E+01 0.140584E+02
 -.272046E+00 -.420431E+01 -.182493E+01 -.201545E+01 0.142768E+02
 -.252284E+00 -.420889E+01 -.182138E+01 -.194715E+01 0.189428E+02
 -.282647E+00 -.420342E+01 -.179021E+01 -.197998E+01 0.150228E+02
 -.280484E+00 -.420889E+01 -.183217E+01 -.202378E+01 0.163945E+02
 -.267314E+00 -.421007E+01 -.182639E+01 -.197411E+01 0.142630E+02
 -.230864E+00 -.424862E+01 -.186303E+01 -.195727E+01 0.162736E+02
 -.270077E+00 -.421098E+01 -.182630E+01 -.189936E+01 0.176144E+02
 -.258525E+00 -.420696E+01 -.181119E+01 -.198840E+01 0.161921E+02
 -.273306E+00 -.421059E+01 -.182337E+01 -.200297E+01 0.141060E+02
 -.272841E+00 -.420885E+01 -.183071E+01 -.197610E+01 0.140565E+02
 -.273249E+00 -.420962E+01 -.181028E+01 -.198176E+01 0.144878E+02
 -.260100E+00 -.420580E+01 -.183563E+01 -.197941E+01 0.142129E+02
 -.241697E+00 -.418468E+01 -.183650E+01 -.208171E+01 0.141660E+02
 -.267399E+00 -.420609E+01 -.183905E+01 -.200997E+01 0.146199E+02
 -.267796E+00 -.418543E+01 -.182401E+01 -.208928E+01 0.160396E+02
 -.270954E+00 -.420851E+01 -.183512E+01 -.198623E+01 0.141906E+02
 -.271601E+00 -.421164E+01 -.182400E+01 -.198878E+01 0.140323E+02
 -.268339E+00 -.421188E+01 -.179582E+01 -.199003E+01 0.162483E+02
 -.272068E+00 -.421143E+01 -.182106E+01 -.199309E+01 0.140331E+02
 -.269956E+00 -.421191E+01 -.180948E+01 -.200739E+01 0.142389E+02
 -.272565E+00 -.420954E+01 -.182633E+01 -.198654E+01 0.140368E+02
 -.272583E+00 -.420920E+01 -.182195E+01 -.194223E+01 0.150058E+02
 -.270866E+00 -.420931E+01 -.182624E+01 -.200289E+01 0.141068E+02
 -.276012E+00 -.419490E+01 -.181178E+01 -.196502E+01 0.146510E+02
 -.282424E+00 -.420223E+01 -.181789E+01 -.194215E+01 0.143480E+02
 -.271839E+00 -.421094E+01 -.182435E+01 -.198545E+01 0.140358E+02
 -.267395E+00 -.419470E+01 -.180935E+01 -.203854E+01 0.140822E+02
 -.256893E+00 -.420327E+01 -.182382E+01 -.197185E+01 0.157653E+02
 -.264077E+00 -.422046E+01 -.182549E+01 -.200591E+01 0.140646E+02
 -.269428E+00 -.420799E+01 -.183086E+01 -.198182E+01 0.140313E+02
 -.271650E+00 -.421018E+01 -.182398E+01 -.194144E+01 0.149768E+02
 -.284044E+00 -.421040E+01 -.183246E+01 -.190899E+01 0.143430E+02
 -.295841E+00 -.420413E+01 -.182825E+01 -.199638E+01 0.174896E+02
 -.271031E+00 -.420382E+01 -.182715E+01 -.194419E+01 0.147054E+02
 -.267907E+00 -.420766E+01 -.182403E+01 -.209888E+01 0.164272E+02
 -.273039E+00 -.419387E+01 -.181138E+01 -.203113E+01 0.141290E+02
 -.275525E+00 -.419941E+01 -.182655E+01 -.198947E+01 0.141661E+02
 -.269509E+00 -.421038E+01 -.182315E+01 -.200690E+01 0.140439E+02
 -.273251E+00 -.421184E+01 -.182222E+01 -.197387E+01 0.141185E+02
 -.263653E+00 -.420545E+01 -.182562E+01 -.199270E+01 0.141913E+02
 -.275778E+00 -.418969E+01 -.181971E+01 -.190357E+01 0.171183E+02
 -.275781E+00 -.420882E+01 -.182453E+01 -.199028E+01 0.141101E+02
 -.271351E+00 -.420867E+01 -.182354E+01 -.197463E+01 0.141489E+02
 -.278263E+00 -.422682E+01 -.182277E+01 -.192376E+01 0.150205E+02
 -.273081E+00 -.420967E+01 -.182517E+01 -.198529E+01 0.140311E+02
 -.274245E+00 -.422424E+01 -.182119E+01 -.202197E+01 0.144357E+02
 -.280035E+00 -.419853E+01 -.182365E+01 -.198316E+01 0.142141E+02
 -.274746E+00 -.421571E+01 -.182914E+01 -.198611E+01 0.141737E+02
 -.254444E+00 -.423680E+01 -.186185E+01 -.198021E+01 0.144300E+02
 -.273697E+00 -.420937E+01 -.180939E+01 -.199202E+01 0.142759E+02
 -.272300E+00 -.421102E+01 -.182370E+01 -.201990E+01 0.143404E+02
 -.271362E+00 -.421022E+01 -.182504E+01 -.198913E+01 0.140308E+02
 -.270836E+00 -.422999E+01 -.182253E+01 -.198512E+01 0.141339E+02
 -.262732E+00 -.420972E+01 -.182170E+01 -.199250E+01 0.144392E+02
 -.275951E+00 -.421086E+01 -.183429E+01 -.200914E+01 0.152181E+02
 -.277452E+00 -.421002E+01 -.181744E+01 -.198621E+01 0.140202E+02
 -.289061E+00 -.424310E+01 -.181260E+01 -.198546E+01 0.144845E+02
 -.264414E+00 -.420901E+01 -.182298E+01 -.198935E+01 0.143125E+02
 -.272512E+00 -.420992E+01 -.182487E+01 -.199108E+01 0.140277E+02
 -.266118E+00 -.421824E+01 -.183509E+01 -.200566E+01 0.142105E+02
 -.273880E+00 -.420556E+01 -.182416E+01 -.200108E+01 0.141461E+02
 -.268447E+00 -.420540E+01 -.182215E+01 -.198927E+01 0.141302E+02
 -.267753E+00 -.420778E+01 -.182560E+01 -.205743E+01 0.149824E+02
 -.273190E+00 -.420902E+01 -.182425E+01 -.198177E+01 0.140325E+02
 -.271362E+00 -.420673E+01 -.183848E+01 -.190966E+01 0.151198E+02
 -.263046E+00 -.422076E+01 -.182349E+01 -.200570E+01 0.141349E+02
 -.271270E+00 -.421444E+01 -.183486E+01 -.196872E+01 0.140562E+02
 -.270614E+00 -.432917E+01 -.182527E+01 -.199562E+01 0.157390E+02
 -.258160E+00 -.421052E+01 -.182422E+01 -.198361E+01 0.150040E+02
 -.272506E+00 -.421037E+01 -.183533E+01 -.199501E+01 0.144733E+02
 -.268376E+00 -.421439E+01 -.182645E+01 -.203016E+01 0.144030E+02
 -.242044E+00 -.420872E+01 -.182304E+01 -.199804E+01 0.173575E+02
 -.269783E+00 -.422402E+01 -.180850E+01 -.197042E+01 0.154794E+02
 -.272480E+00 -.421827E+01 -.183382E+01 -.199622E+01 0.144275E+02
 -.279225E+00 -.420707E+01 -.180505E+01 -.203016E+01 0.141626E+02
 -.269605E+00 -.421168E+01 -.183535E+01 -.200494E+01 0.144550E+02
 -.272887E+00 -.420791E+01 -.179974E+01 -.198941E+01 0.150912E+02
 -.266672E+00 -.421274E+01 -.182326E+01 -.200967E+01 0.140286E+02
 -.272502E+00 -.420901E+01 -.181699E+01 -.199927E+01 0.140390E+02
 -.265751E+00 -.421025E+01 -.182907E+01 -.198323E+01 0.141125E+02
 -.298073E+00 -.420984E+01 -.181874E+01 -.198405E+01 0.158883E+02
 -.261401E+00 -.420961E+01 -.182220E+01 -.202361E+01 0.140533E+02
 -.263939E+00 -.420166E+01 -.186289E+01 -.200550E+01 0.165396E+02
 -.243250E+00 -.424543E+01 -.181340E+01 -.203129E+01 0.167917E+02
 -.249879E+00 -.420580E+01 -.182869E+01 -.197759E+01 0.160784E+02
 -.268983E+00 -.421138E+01 -.180293E+01 -.203322E+01 0.141760E+02
 -.241129E+00 -.421250E+01 -.182811E+01 -.199473E+01 0.169196E+02
 -.270192E+00 -.420481E+01 -.181572E+01 -.199570E+01 0.141714E+02
 -.268555E+00 -.419971E+01 -.183247E+01 -.199404E+01 0.141027E+02
 -.272872E+00 -.420829E+01 -.182561E+01 -.203183E+01 0.147818E+02
 -.272482E+00 -.420471E+01 -.185486E+01 -.200042E+01 0.167611E+02
 -.279600E+00 -.420864E+01 -.182577E+01 -.199807E+01 0.145803E+02
 -.270905E+00 -.420971E+01 -.184097E+01 -.203460E+01 0.163136E+02
 -.252399E+00 -.420733E+01 -.183657E+01 -.198658E+01 0.145709E+02
 -.271099E+00 -.419354E+01 -.182417E+01 -.191160E+01 0.168086E+02
 -.263804E+00 -.421408E+01 -.185761E+01 -.199518E+01 0.153566E+02
 -.260573E+00 -.420827E+01 -.182870E+01 -.198207E+01 0.144613E+02
 -.272124E+00 -.420845E+01 -.182354E+01 -.199013E+01 0.140307E+02
 -.265040E+00 -.420835E+01 -.183911E+01 -.201308E+01 0.144814E+02
 -.267699E+00 -.421277E+01 -.182473E+01 -.208363E+01 0.158368E+02
 -.269878E+00 -.420971E+01 -.182422E+01 -.198872E+01 0.140486E+02
 -.285663E+00 -.420733E+01 -.182296E+01 -.198178E+01 0.145330E+02
 -.265944E+00 -.421508E+01 -.183090E+01 -.198176E+01 0.140843E+02
 -.267545E+00 -.420541E+01 -.181833E+01 -.200790E+01 0.140723E+02
 -.255139E+00 -.422656E+01 -.182908E+01 -.204613E+01 0.141128E+02
 -.272962E+00 -.420749E+01 -.181263E+01 -.198715E+01 0.142701E+02
 -.261013E+00 -.426901E+01 -.179355E+01 -.202337E+01 0.166519E+02
 -.271327E+00 -.422159E+01 -.182400E+01 -.198854E+01 0.140541E+02
 -.271985E+00 -.421103E+01 -.182370E+01 -.198874E+01 0.140314E+02
 -.282258E+00 -.421021E+01 -.184148E+01 -.198490E+01 0.159217E+02
 -.265587E+00 -.422989E+01 -.182806E+01 -.197171E+01 0.144004E+02
 -.269059E+00 -.424089E+01 -.182229E+01 -.204888E+01 0.147950E+02
 -.207109E+00 -.414239E+01 -.186624E+01 -.202401E+01 0.170795E+02
 -.276450E+00 -.420750E+01 -.182219E+01 -.197552E+01 0.140368E+02
 -.269484E+00 -.420099E+01 -.181519E+01 -.198192E+01 0.145333E+02
 -.279385E+00 -.420890E+01 -.183091E+01 -.200075E+01 0.150428E+02
 -.279998E+00 -.421105E+01 -.183448E+01 -.200130E+01 0.155100E+02
 -.282672E+00 -.419936E+01 -.176936E+01 -.206928E+01 0.142832E+02
 -.274060E+00 -.419646E+01 -.182174E+01 -.209728E+01 0.173338E+02
 -.258196E+00 -.421144E+01 -.181334E+01 -.206252E+01 0.140673E+02
 -.273315E+00 -.420191E+01 -.181929E+01 -.203120E+01 0.144170E+02
 -.272023E+00 -.420896E+01 -.182879E+01 -.198913E+01 0.140749E+02
 -.270281E+00 -.427718E+01 -.181771E+01 -.206113E+01 0.154038E+02
 -.272788E+00 -.420959E+01 -.182868E+01 -.198174E+01 0.140457E+02
 -.262981E+00 -.420625E+01 -.183548E+01 -.202024E+01 0.142824E+02
 -.255412E+00 -.420090E+01 -.182932E+01 -.200761E+01 0.142818E+02
 -.275713E+00 -.420488E+01 -.182311E+01 -.197246E+01 0.140529E+02
 -.267208E+00 -.417610E+01 -.182356E+01 -.211693E+01 0.171721E+02
 -.274908E+00 -.420922E+01 -.182947E+01 -.198884E+01 0.142258E+02
 -.271634E+00 -.421264E+01 -.182401E+01 -.198289E+01 0.140528E+02
 -.280587E+00 -.421041E+01 -.180969E+01 -.196827E+01 0.142717E+02
 -.271791E+00 -.421095E+01 -.182547E+01 -.199305E+01 0.140313E+02
 -.281889E+00 -.420372E+01 -.184943E+01 -.199750E+01 0.177965E+02
 -.273602E+00 -.420957E+01 -.182823E+01 -.198972E+01 0.141200E+02
 -.277702E+00 -.420940E+01 -.182466E+01 -.197068E+01 0.140476E+02
 -.268617E+00 -.420949E+01 -.182817E+01 -.202009E+01 0.143057E+02
 -.262449E+00 -.424652E+01 -.181674E+01 -.199255E+01 0.149770E+02
 -.277962E+00 -.421259E+01 -.182333E+01 -.198993E+01 0.141791E+02
 -.269477E+00 -.421397E+01 -.180741E+01 -.200275E+01 0.144710E+02
 -.259745E+00 -.418316E+01 -.182932E+01 -.199813E+01 0.142869E+02
 -.261158E+00 -.423426E+01 -.182998E+01 -.199539E+01 0.142136E+02
 -.269010E+00 -.420915E+01 -.182899E+01 -.200038E+01 0.140867E+02
 -.272065E+00 -.421153E+01 -.182447E+01 -.196931E+01 0.141554E+02
 -.274833E+00 -.420290E+01 -.184442E+01 -.196976E+01 0.146084E+02
 -.268769E+00 -.419738E+01 -.182360E+01 -.202026E+01 0.141565E+02
 -.271572E+00 -.420228E+01 -.182641E+01 -.199136E+01 0.140490E+02
 -.271697E+00 -.421168E+01 -.182871E+01 -.197307E+01 0.140472E+02
 -.253517E+00 -.421116E+01 -.181646E+01 -.199095E+01 0.162996E+02
 -.271358E+00 -.420613E+01 -.182279E+01 -.199338E+01 0.140319E+02
 -.274434E+00 -.421221E+01 -.182709E+01 -.193546E+01 0.146475E+02
 -.273641E+00 -.420931E+01 -.182379E+01 -.198982E+01 0.140283E+02
 -.266770E+00 -.421109E+01 -.182292E+01 -.199309E+01 0.141265E+02
 -.270740E+00 -.420738E+01 -.182497E+01 -.205679E+01 0.153048E+02
 -.281013E+00 -.420990E+01 -.182397E+01 -.196119E+01 0.140536E+02
 -.282834E+00 -.418827E+01 -.181716E+01 -.198345E+01 0.142027E+02
 -.267552E+00 -.422029E+01 -.182419E+01 -.199572E+01 0.140697E+02
 -.267705E+00 -.421287E+01 -.180791E+01 -.198755E+01 0.150994E+02
 -.257333E+00 -.433747E+01 -.184325E+01 -.198674E+01 0.159923E+02
 -.272414E+00 -.421077E+01 -.179025E+01 -.199215E+01 0.160776E+02
 -.273710E+00 -.421237E+01 -.182384E+01 -.202377E+01 0.145260E+02
 -.277080E+00 -.421232E+01 -.181965E+01 -.199369E+01 0.140623E+02
 -.269131E+00 -.418142E+01 -.182087E+01 -.199168E+01 0.142436E+02
 -.229197E+00 -.420450E+01 -.194815E+01 -.193350E+01 0.191396E+02
 -.265167E+00 -.420973E+01 -.182195E+01 -.193022E+01 0.169755E+02
 -.275932E+00 -.421155E+01 -.183613E+01 -.196983E+01 0.142427E+02
 -.270716E+00 -.420959E+01 -.182256E+01 -.197923E+01 0.141445E+02
 -.265718E+00 -.422305E+01 -.183547E+01 -.198677E+01 0.140572E+02
 -.269676E+00 -.421003E+01 -.182367E+01 -.198933E+01 0.140561E+02
 -.272205E+00 -.420981E+01 -.182311E+01 -.198691E+01 0.140359E+02
 -.269882E+00 -.423253E+01 -.182166E+01 -.203846E+01 0.145132E+02
 -.271225E+00 -.420534E+01 -.182464E+01 -.198140E+01 0.140640E+02
 -.270637E+00 -.421983E+01 -.182501E+01 -.198263E+01 0.140731E+02
 -.267594E+00 -.420246E+01 -.183574E+01 -.190735E+01 0.161517E+02
 -.272079E+00 -.421139E+01 -.182477E+01 -.198888E+01 0.140195E+02
 -.265712E+00 -.423557E+01 -.182434E+01 -.199830E+01 0.141722E+02
 -.273151E+00 -.420394E+01 -.182578E+01 -.198661E+01 0.140443E+02
 -.287173E+00 -.438374E+01 -.181338E+01 -.204407E+01 0.195174E+02
 -.269545E+00 -.404840E+01 -.182597E+01 -.198604E+01 0.196925E+02
 -.302334E+00 -.420941E+01 -.182305E+01 -.199034E+01 0.177908E+02
 -.269192E+00 -.420458E+01 -.184335E+01 -.199422E+01 0.146813E+02
 -.265518E+00 -.424682E+01 -.181541E+01 -.214661E+01 0.170750E+02
 -.272711E+00 -.420451E+01 -.182176E+01 -.206265E+01 0.154808E+02
 -.237133E+00 -.421009E+01 -.182224E+01 -.199756E+01 0.188274E+02
 -.281326E+00 -.424353E+01 -.181517E+01 -.193301E+01 0.150027E+02
 -.268614E+00 -.421987E+01 -.182588E+01 -.206322E+01 0.153516E+02
 -.271712E+00 -.422916E+01 -.183675E+01 -.200774E+01 0.149282E+02
 -.273312E+00 -.420188E+01 -.183264E+01 -.204449E+01 0.161064E+02
 -.271755E+00 -.420494E+01 -.182353E+01 -.196978E+01 0.142067E+02
 -.272674E+00 -.421013E+01 -.182930E+01 -.198927E+01 0.141091E+02
 -.278057E+00 -.421336E+01 -.182196E+01 -.201663E+01 0.146626E+02
 -.277756E+00 -.420925E+01 -.182541E+01 -.199925E+01 0.144257E+02
 -.261670E+00 -.412195E+01 -.183244E+01 -.190636E+01 0.195909E+02
 -.301886E+00 -.421461E+01 -.183207E+01 -.198555E+01 0.189062E+02
 -.305822E+00 -.420761E+01 -.181975E+01 -.200941E+01 0.196154E+02
 -.269930E+00 -.420997E+01 -.182209E+01 -.202700E+01 0.142356E+02
 -.247336E+00 -.420715E+01 -.182285E+01 -.197741E+01 0.175241E+02
 -.312235E+00 -.421173E+01 -.173687E+01 -.193377E+01 0.187556E+02
 -.171729E+00 -.419595E+01 -.181508E+01 -.269992E+01 0.154607E+02
 -.329856E+00 -.418204E+01 -.180180E+01 -.185347E+01 0.144927E+02
 -.270463E+00 -.420664E+01 -.182628E+01 -.202771E+01 0.145043E+02
 -.273700E+00 -.421808E+01 -.180287E+01 -.203570E+01 0.140541E+02
 -.270727E+00 -.421304E+01 -.179085E+01 -.205220E+01 0.142987E+02
 -.269945E+00 -.421005E+01 -.184108E+01 -.198393E+01 0.143499E+02
 -.273707E+00 -.421275E+01 -.182263E+01 -.200473E+01 0.141226E+02
 -.258035E+00 -.420081E+01 -.181732E+01 -.202415E+01 0.143857E+02
 -.279891E+00 -.423980E+01 -.185077E+01 -.199835E+01 0.177989E+02
 -.270938E+00 -.420793E+01 -.183173E+01 -.199414E+01 0.141663E+02
 -.353567E+00 -.421664E+01 -.172285E+01 -.189576E+01 0.147844E+02
 -.272479E+00 -.419525E+01 -.181762E+01 -.198916E+01 0.141340E+02
 -.288813E+00 -.421496E+01 -.182236E+01 -.199597E+01 0.153464E+02
 -.274086E+00 -.420824E+01 -.183236E+01 -.199246E+01 0.143720E+02
 -.256652E+00 -.420855E+01 -.182547E+01 -.198782E+01 0.149295E+02
 -.271893E+00 -.422513E+01 -.182502E+01 -.206249E+01 0.157684E+02
 -.263954E+00 -.421001E+01 -.187217E+01 -.189218E+01 0.143002E+02
 -.265773E+00 -.420902E+01 -.183062E+01 -.201568E+01 0.141723E+02
 -.272611E+00 -.420845E+01 -.182252E+01 -.199039E+01 0.140307E+02
 -.271418E+00 -.420827E+01 -.182870E+01 -.205873E+01 0.158744E+02
 -.253863E+00 -.421889E+01 -.182382E+01 -.207211E+01 0.141232E+02
 -.275616E+00 -.420923E+01 -.182309E+01 -.198924E+01 0.140648E+02
 -.309166E+00 -.420640E+01 -.180191E+01 -.198035E+01 0.157079E+02
 -.279327E+00 -.417643E+01 -.183240E+01 -.202201E+01 0.162505E+02
 -.229130E+00 -.422073E+01 -.182811E+01 -.200234E+01 0.195362E+02
 -.259821E+00 -.420921E+01 -.182775E+01 -.204486E+01 0.141622E+02
 -.291345E+00 -.421901E+01 -.182195E+01 -.196344E+01 0.145129E+02
 -.271229E+00 -.421464E+01 -.180301E+01 -.199378E+01 0.148571E+02
 -.273322E+00 -.421582E+01 -.182366E+01 -.198985E+01 0.140294E+02
 -.273817E+00 -.421022E+01 -.182397E+01 -.198714E+01 0.140341E+02
 -.272100E+00 -.417414E+01 -.183715E+01 -.205450E+01 0.171905E+02
 -.241784E+00 -.421054E+01 -.182735E+01 -.201878E+01 0.156332E+02
 -.262198E+00 -.422250E+01 -.181964E+01 -.197370E+01 0.153079E+02
 -.271075E+00 -.425633E+01 -.182201E+01 -.200137E+01 0.143380E+02
 -.292002E+00 -.420655E+01 -.182424E+01 -.201587E+01 0.172166E+02
 -.264017E+00 -.420227E+01 -.182336E+01 -.200887E+01 0.140698E+02
 -.232787E+00 -.421008E+01 -.190140E+01 -.194474E+01 0.143141E+02
 -.263070E+00 -.420914E+01 -.182570E+01 -.198228E+01 0.144245E+02
 -.248374E+00 -.420900E+01 -.182652E+01 -.203231E+01 0.144534E+02
 -.308535E+00 -.416421E+01 -.173992E+01 -.207712E+01 0.147640E+02
 -.273597E+00 -.421250E+01 -.177074E+01 -.199502E+01 0.186787E+02
 -.274612E+00 -.419482E+01 -.182505E+01 -.210783E+01 0.186119E+02
 -.268109E+00 -.421136E+01 -.182675E+01 -.202746E+01 0.143401E+02
 -.272552E+00 -.419971E+01 -.181839E+01 -.202020E+01 0.141574E+02
 -.259775E+00 -.420901E+01 -.182041E+01 -.202097E+01 0.141781E+02
 -.270915E+00 -.421032E+01 -.183301E+01 -.198814E+01 0.141452E+02
 -.266426E+00 -.421133E+01 -.182006E+01 -.201434E+01 0.140352E+02
 -.279596E+00 -.420040E+01 -.182955E+01 -.200259E+01 0.150197E+02
 -.281796E+00 -.420583E+01 -.181207E+01 -.195499E+01 0.143661E+02
 -.267885E+00 -.420123E+01 -.182336E+01 -.204777E+01 0.145608E+02
 -.269006E+00 -.421296E+01 -.182420E+01 -.197733E+01 0.141992E+02
 -.273739E+00 -.421074E+01 -.182400E+01 -.198956E+01 0.140309E+02
 -.278400E+00 -.420931E+01 -.181846E+01 -.196508E+01 0.141262E+02
 -.238325E+00 -.421560E+01 -.188548E+01 -.201339E+01 0.155998E+02
 -.271256E+00 -.420967E+01 -.182954E+01 -.198758E+01 0.140584E+02
 -.270688E+00 -.420122E+01 -.186957E+01 -.198943E+01 0.181113E+02
 -.274008E+00 -.420573E+01 -.181885E+01 -.199175E+01 0.140365E+02
 -.281162E+00 -.420959E+01 -.182653E+01 -.201450E+01 0.153942E+02
 -.268612E+00 -.420946E+01 -.183147E+01 -.198363E+01 0.140308E+02
 -.265656E+00 -.423614E+01 -.181707E+01 -.205130E+01 0.142791E+02
 -.280767E+00 -.421073E+01 -.182294E+01 -.198413E+01 0.142240E+02
 -.262710E+00 -.422137E+01 -.182401E+01 -.199488E+01 0.142890E+02
 -.275161E+00 -.417989E+01 -.183805E+01 -.201605E+01 0.159033E+02
 -.263332E+00 -.420097E+01 -.182700E+01 -.199175E+01 0.141816E+02
 -.262543E+00 -.420983E+01 -.182499E+01 -.201416E+01 0.140405E+02
 -.272950E+00 -.420631E+01 -.182395E+01 -.203072E+01 0.146342E+02
 -.274090E+00 -.420648E+01 -.182500E+01 -.200455E+01 0.142362E+02
 -.274859E+00 -.419932E+01 -.183772E+01 -.199993E+01 0.150586E+02
 -.235605E+00 -.420834E+01 -.182591E+01 -.202727E+01 0.165748E+02
 -.270456E+00 -.421489E+01 -.182251E+01 -.198739E+01 0.140735E+02
 -.267260E+00 -.422984E+01 -.182920E+01 -.199074E+01 0.140942E+02
 -.271627E+00 -.421612E+01 -.183131E+01 -.197279E+01 0.140419E+02
 -.257535E+00 -.420754E+01 -.181671E+01 -.201774E+01 0.145998E+02
 -.278462E+00 -.420768E+01 -.182107E+01 -.198938E+01 0.141159E+02
 -.254769E+00 -.421040E+01 -.182660E+01 -.197160E+01 0.157914E+02
 -.271322E+00 -.421188E+01 -.185240E+01 -.200481E+01 0.164288E+02
 -.271623E+00 -.420947E+01 -.182320E+01 -.198766E+01 0.140386E+02
 -.170524E+00 -.420556E+01 -.182559E+01 -.232188E+01 0.194266E+02
 -.263802E+00 -.420936E+01 -.182346E+01 -.202347E+01 0.140318E+02
 -.272053E+00 -.419861E+01 -.182562E+01 -.195947E+01 0.143118E+02
 -.271852E+00 -.420975E+01 -.183113E+01 -.197022E+01 0.140475E+02
 -.267699E+00 -.418226E+01 -.182131E+01 -.197640E+01 0.145799E+02
 -.262986E+00 -.422592E+01 -.182430E+01 -.199616E+01 0.142563E+02
 -.263796E+00 -.421433E+01 -.181896E+01 -.199055E+01 0.145665E+02
 -.278336E+00 -.419628E+01 -.181077E+01 -.197897E+01 0.142136E+02
 -.272112E+00 -.421104E+01 -.178790E+01 -.202672E+01 0.149403E+02
 -.267458E+00 -.420594E+01 -.182402E+01 -.197819E+01 0.142845E+02
 -.269005E+00 -.420805E+01 -.182762E+01 -.198676E+01 0.140373E+02
 -.268037E+00 -.418719E+01 -.183282E+01 -.199437E+01 0.141568E+02
 -.266523E+00 -.420927E+01 -.182338E+01 -.205663E+01 0.146435E+02
 -.274046E+00 -.422126E+01 -.182839E+01 -.203345E+01 0.152933E+02
 -.262045E+00 -.420936E+01 -.182803E+01 -.199866E+01 0.141086E+02
 -.271494E+00 -.420984E+01 -.182069E+01 -.198978E+01 0.140591E+02
 -.257018E+00 -.419022E+01 -.184093E+01 -.199064E+01 0.141145E+02
 -.275827E+00 -.420939E+01 -.182470E+01 -.198936E+01 0.141068E+02
 -.273117E+00 -.421057E+01 -.182299E+01 -.198525E+01 0.140223E+02
 -.266371E+00 -.420299E+01 -.181950E+01 -.196647E+01 0.150494E+02
 -.271345E+00 -.421040E+01 -.182483E+01 -.197667E+01 0.140919E+02
 -.274975E+00 -.421319E+01 -.182552E+01 -.199692E+01 0.141907E+02
 -.265655E+00 -.419547E+01 -.182915E+01 -.191005E+01 0.173433E+02
 -.271276E+00 -.421252E+01 -.182450E+01 -.199488E+01 0.140377E+02
 -.274872E+00 -.420774E+01 -.182532E+01 -.211562E+01 0.192225E+02
 -.268705E+00 -.419867E+01 -.182389E+01 -.199706E+01 0.140526E+02
 -.274310E+00 -.419952E+01 -.181725E+01 -.200057E+01 0.140495E+02
 -.303235E+00 -.420961E+01 -.182291E+01 -.199292E+01 0.181842E+02
 -.265365E+00 -.420571E+01 -.183475E+01 -.198769E+01 0.140237E+02
 -.264545E+00 -.420210E+01 -.181900E+01 -.203921E+01 0.140674E+02
 -.290169E+00 -.420849E+01 -.182265E+01 -.200328E+01 0.159214E+02
 -.276889E+00 -.424146E+01 -.182478E+01 -.204276E+01 0.158340E+02
 -.274804E+00 -.421723E+01 -.181696E+01 -.213595E+01 0.188540E+02
 -.271806E+00 -.421367E+01 -.182611E+01 -.199079E+01 0.140318E+02
 -.260344E+00 -.422274E+01 -.182365E+01 -.193015E+01 0.178370E+02
 -.265904E+00 -.420659E+01 -.183920E+01 -.195394E+01 0.142005E+02
 -.273385E+00 -.420220E+01 -.183620E+01 -.194606E+01 0.141156E+02
 -.272486E+00 -.421082E+01 -.184449E+01 -.198941E+01 0.149898E+02
 -.277002E+00 -.421035E+01 -.182408E+01 -.198927E+01 0.141391E+02
 -.272518E+00 -.420916E+01 -.181859E+01 -.199868E+01 0.140307E+02
 -.265815E+00 -.422779E+01 -.182378E+01 -.207288E+01 0.151275E+02
 -.294702E+00 -.421550E+01 -.178639E+01 -.197569E+01 0.142436E+02
 -.247970E+00 -.420414E+01 -.182639E+01 -.201086E+01 0.151346E+02
 -.269320E+00 -.421016E+01 -.181988E+01 -.198202E+01 0.142738E+02
 -.274292E+00 -.421004E+01 -.184902E+01 -.198523E+01 0.155256E+02
 -.298264E+00 -.418081E+01 -.183078E+01 -.195553E+01 0.159859E+02
 -.159565E+00 -.426095E+01 -.182290E+01 -.247451E+01 0.191220E+02
 -.291854E+00 -.421383E+01 -.182612E+01 -.195640E+01 0.146172E+02
 -.285989E+00 -.420998E+01 -.182652E+01 -.204697E+01 0.181323E+02
 -.275655E+00 -.421394E+01 -.180504E+01 -.197241E+01 0.148985E+02
 -.258777E+00 -.420914E+01 -.183333E+01 -.203147E+01 0.141373E+02
 -.286794E+00 -.420807E+01 -.183083E+01 -.199539E+01 0.159307E+02
 -.251366E+00 -.421020E+01 -.185139E+01 -.199396E+01 0.140515E+02
 -.258614E+00 -.421586E+01 -.181219E+01 -.201227E+01 0.150045E+02
 -.249161E+00 -.423345E+01 -.183763E+01 -.194930E+01 0.167259E+02
 -.271410E+00 -.420753E+01 -.180925E+01 -.197871E+01 0.148436E+02
 -.318388E+00 -.418775E+01 -.182105E+01 -.194479E+01 0.181209E+02
 -.272446E+00 -.420437E+01 -.180635E+01 -.197940E+01 0.149416E+02
 -.286874E+00 -.421321E+01 -.182319E+01 -.198230E+01 0.146834E+02
 -.253008E+00 -.420791E+01 -.182386E+01 -.195640E+01 0.175179E+02
 -.270126E+00 -.420936E+01 -.182988E+01 -.198968E+01 0.140518E+02
 -.270924E+00 -.422119E+01 -.182374E+01 -.204420E+01 0.148385E+02
 -.272272E+00 -.420981E+01 -.182570E+01 -.200265E+01 0.141266E+02
 -.276489E+00 -.420812E+01 -.182885E+01 -.203613E+01 0.158307E+02
 -.273018E+00 -.421001E+01 -.182337E+01 -.198896E+01 0.140189E+02
 -.265424E+00 -.421995E+01 -.182639E+01 -.212046E+01 0.173169E+02
 -.271254E+00 -.422984E+01 -.187182E+01 -.187338E+01 0.144083E+02
 -.275108E+00 -.421617E+01 -.182340E+01 -.198994E+01 0.140692E+02
 -.276393E+00 -.420906E+01 -.182280E+01 -.199017E+01 0.140887E+02
 -.294704E+00 -.420937E+01 -.178120E+01 -.198261E+01 0.143387E+02
 -.273969E+00 -.419067E+01 -.182602E+01 -.200439E+01 0.143181E+02
 -.269441E+00 -.421212E+01 -.182935E+01 -.199836E+01 0.140754E+02
 -.299965E+00 -.419796E+01 -.182475E+01 -.194428E+01 0.150146E+02
 -.277429E+00 -.421887E+01 -.180632E+01 -.198349E+01 0.143375E+02
 -.274761E+00 -.421118E+01 -.182368E+01 -.199036E+01 0.140619E+02
 -.273077E+00 -.420633E+01 -.182396E+01 -.198755E+01 0.140215E+02
 -.265642E+00 -.420326E+01 -.181787E+01 -.204406E+01 0.141105E+02
 -.273024E+00 -.422938E+01 -.182444E+01 -.195274E+01 0.144732E+02
 -.238764E+00 -.419290E+01 -.177066E+01 -.216157E+01 0.183163E+02
 -.276092E+00 -.420941E+01 -.182383E+01 -.202549E+01 0.148386E+02
 -.289721E+00 -.421511E+01 -.180679E+01 -.202073E+01 0.149458E+02
 -.241832E+00 -.421170E+01 -.184966E+01 -.200621E+01 0.142355E+02
 -.260894E+00 -.420932E+01 -.182667E+01 -.199243E+01 0.143139E+02
 -.265404E+00 -.420768E+01 -.182212E+01 -.201619E+01 0.140282E+02
 -.258075E+00 -.419199E+01 -.183674E+01 -.199562E+01 0.141144E+02
 -.273118E+00 -.422341E+01 -.182840E+01 -.190202E+01 0.164330E+02
 -.270264E+00 -.420953E+01 -.183164E+01 -.199077E+01 0.140978E+02
 -.272394E+00 -.421136E+01 -.182383E+01 -.197879E+01 0.140650E+02
 -.254770E+00 -.420934E+01 -.182504E+01 -.202154E+01 0.142653E+02
 -.276260E+00 -.409301E+01 -.179692E+01 -.202500E+01 0.168950E+02
 -.269870E+00 -.420953E+01 -.182159E+01 -.199055E+01 0.140783E+02
 -.268623E+00 -.420886E+01 -.181524E+01 -.197415E+01 0.148394E+02
 -.263567E+00 -.419413E+01 -.183037E+01 -.205156E+01 0.147385E+02
 -.269028E+00 -.420545E+01 -.181921E+01 -.198436E+01 0.142830E+02
 -.270016E+00 -.422260E+01 -.182351E+01 -.191090E+01 0.171253E+02
 -.267699E+00 -.421264E+01 -.182212E+01 -.197748E+01 0.143712E+02
 -.274818E+00 -.421107E+01 -.182400E+01 -.199040E+01 0.140693E+02
 -.284488E+00 -.420914E+01 -.182590E+01 -.199542E+01 0.150561E+02
 -.271718E+00 -.420933E+01 -.182944E+01 -.198720E+01 0.140651E+02
 -.251836E+00 -.421383E+01 -.179638E+01 -.200165E+01 0.195399E+02
 -.273313E+00 -.420703E+01 -.181396E+01 -.199039E+01 0.141515E+02
 -.277153E+00 -.420961E+01 -.182528E+01 -.196123E+01 0.140700E+02
 -.269507E+00 -.420943E+01 -.183168E+01 -.195856E+01 0.142060E+02
 -.274541E+00 -.419630E+01 -.181890E+01 -.201799E+01 0.142578E+02
 -.348679E+00 -.419626E+01 -.169647E+01 -.199306E+01 0.145107E+02
 -.270264E+00 -.420881E+01 -.182354E+01 -.198056E+01 0.141191E+02
 -.245056E+00 -.421668E+01 -.185428E+01 -.205944E+01 0.148808E+02
 -.264273E+00 -.422622E+01 -.184000E+01 -.202038E+01 0.147185E+02
 -.273195E+00 -.419042E+01 -.182800E+01 -.199576E+01 0.142255E+02
 -.259162E+00 -.420872E+01 -.182168E+01 -.199613E+01 0.146798E+02
 -.272581E+00 -.420489E+01 -.182253E+01 -.199803E+01 0.140503E+02
 -.292977E+00 -.420741E+01 -.182561E+01 -.201619E+01 0.176914E+02
 -.266597E+00 -.419593E+01 -.181881E+01 -.196205E+01 0.153002E+02
 -.296031E+00 -.420825E+01 -.182695E+01 -.193636E+01 0.144881E+02
 -.273843E+00 -.420460E+01 -.182098E+01 -.201670E+01 0.142598E+02
 -.269060E+00 -.422978E+01 -.183099E+01 -.198911E+01 0.140973E+02
 -.269173E+00 -.421111E+01 -.182271E+01 -.199559E+01 0.140441E+02
 -.279509E+00 -.420477E+01 -.182147E+01 -.202264E+01 0.149681E+02
 -.274711E+00 -.420885E+01 -.182331E+01 -.199210E+01 0.140657E+02
 -.270730E+00 -.418846E+01 -.185161E+01 -.195014E+01 0.143144E+02
 -.274404E+00 -.420943E+01 -.182333E+01 -.198624E+01 0.140332E+02
 -.270711E+00 -.420816E+01 -.182440E+01 -.204414E+01 0.148333E+02
 -.275919E+00 -.420931E+01 -.182406E+01 -.193653E+01 0.146774E+02
 -.261601E+00 -.420926E+01 -.182564E+01 -.201262E+01 0.140572E+02
 -.258853E+00 -.422371E+01 -.182319E+01 -.203667E+01 0.140718E+02
 -.272273E+00 -.421090E+01 -.182428E+01 -.199019E+01 0.140198E+02
 -.273986E+00 -.421516E+01 -.184973E+01 -.199220E+01 0.159034E+02
 -.290181E+00 -.410563E+01 -.178693E+01 -.198512E+01 0.165857E+02
 -.273982E+00 -.421113E+01 -.185164E+01 -.201241E+01 0.173222E+02
 -.271247E+00 -.420769E+01 -.182405E+01 -.195051E+01 0.146854E+02
 -.264495E+00 -.420818E+01 -.182767E+01 -.198770E+01 0.141495E+02
 -.266443E+00 -.422273E+01 -.184036E+01 -.198888E+01 0.142283E+02
 -.283163E+00 -.422428E+01 -.173140E+01 -.205410E+01 0.189916E+02
 -.261893E+00 -.420916E+01 -.182320E+01 -.206969E+01 0.145051E+02
 -.272100E+00 -.421338E+01 -.180570E+01 -.203024E+01 0.140491E+02
 -.280861E+00 -.420994E+01 -.182171E+01 -.199403E+01 0.143554E+02
 -.280392E+00 -.421338E+01 -.181813E+01 -.199067E+01 0.141244E+02
 -.278000E+00 -.420902E+01 -.182415E+01 -.198937E+01 0.141997E+02
 -.273446E+00 -.420976E+01 -.182351E+01 -.198898E+01 0.140219E+02
 -.267663E+00 -.418842E+01 -.182520E+01 -.200076E+01 0.140978E+02
 -.274105E+00 -.420645E+01 -.182402E+01 -.198680E+01 0.140382E+02
 -.273573E+00 -.420080E+01 -.182158E+01 -.200330E+01 0.141023E+02
 -.262333E+00 -.419366E+01 -.183069E+01 -.205561E+01 0.147423E+02
 -.273268E+00 -.421156E+01 -.182380E+01 -.199556E+01 0.140509E+02
 -.274156E+00 -.420696E+01 -.174843E+01 -.210090E+01 0.161320E+02
 -.271575E+00 -.417390E+01 -.182358E+01 -.198646E+01 0.142451E+02
 -.274026E+00 -.420927E+01 -.181549E+01 -.198734E+01 0.141133E+02
 -.247989E+00 -.420214E+01 -.183763E+01 -.209107E+01 0.146659E+02
 -.274403E+00 -.442977E+01 -.182250E+01 -.199806E+01 0.187928E+02
 -.262769E+00 -.420827E+01 -.181783E+01 -.198517E+01 0.149364E+02
 -.263099E+00 -.421482E+01 -.182486E+01 -.193370E+01 0.167267E+02
 -.297233E+00 -.420382E+01 -.182285E+01 -.200748E+01 0.176871E+02
 -.271560E+00 -.418292E+01 -.180811E+01 -.209120E+01 0.150473E+02
 -.271021E+00 -.421588E+01 -.180962E+01 -.190889E+01 0.195774E+02
 -.272145E+00 -.419724E+01 -.181632E+01 -.197650E+01 0.143971E+02
 -.272471E+00 -.420097E+01 -.184575E+01 -.193604E+01 0.140984E+02
 -.272549E+00 -.420907E+01 -.182352E+01 -.198960E+01 0.140312E+02
 -.268259E+00 -.421097E+01 -.182467E+01 -.197804E+01 0.142092E+02
 -.268559E+00 -.420912E+01 -.181641E+01 -.199209E+01 0.142903E+02
 -.268002E+00 -.425196E+01 -.183564E+01 -.205492E+01 0.162968E+02
 -.275471E+00 -.421102E+01 -.179519E+01 -.197369E+01 0.158713E+02
 -.266163E+00 -.420975E+01 -.182139E+01 -.200810E+01 0.140498E+02
 -.268871E+00 -.418081E+01 -.183042E+01 -.201401E+01 0.144270E+02
 -.245504E+00 -.426899E+01 -.183429E+01 -.215229E+01 0.164128E+02
 -.303077E+00 -.425793E+01 -.182869E+01 -.196240E+01 0.172844E+02
 -.257031E+00 -.420978E+01 -.182540E+01 -.202017E+01 0.141505E+02
 -.272765E+00 -.421433E+01 -.182275E+01 -.201574E+01 0.142570E+02
 -.315166E+00 -.421174E+01 -.180688E+01 -.185214E+01 0.151338E+02
 -.242532E+00 -.420881E+01 -.183146E+01 -.200038E+01 0.158527E+02
 -.255062E+00 -.420273E+01 -.184127E+01 -.199243E+01 0.140973E+02
 -.258825E+00 -.422115E+01 -.182285E+01 -.200379E+01 0.144495E+02
 -.273605E+00 -.420851E+01 -.179624E+01 -.198548E+01 0.154950E+02
 -.222564E+00 -.420420E+01 -.185440E+01 -.199676E+01 0.166176E+02
 -.272480E+00 -.421161E+01 -.182871E+01 -.198138E+01 0.140409E+02
 -.268898E+00 -.420766E+01 -.182444E+01 -.198638E+01 0.140855E+02
 -.256481E+00 -.421450E+01 -.183154E+01 -.201409E+01 0.140769E+02
 -.275392E+00 -.420866E+01 -.183888E+01 -.198307E+01 0.146550E+02
 -.273344E+00 -.428284E+01 -.180561E+01 -.191299E+01 0.198023E+02
 -.270124E+00 -.419918E+01 -.182346E+01 -.193568E+01 0.155368E+02
 -.273410E+00 -.420991E+01 -.179984E+01 -.206638E+01 0.141671E+02
 -.260963E+00 -.420606E+01 -.182398E+01 -.200295E+01 0.142429E+02
 -.272623E+00 -.421065E+01 -.182481E+01 -.198788E+01 0.140209E+02
 -.254723E+00 -.421966E+01 -.182354E+01 -.203795E+01 0.141305E+02
 -.290290E+00 -.421180E+01 -.182386E+01 -.192704E+01 0.140911E+02
 -.271549E+00 -.420917E+01 -.182381E+01 -.199073E+01 0.140304E+02
 -.258822E+00 -.421943E+01 -.182351E+01 -.198271E+01 0.150260E+02
 -.219645E+00 -.421238E+01 -.182689E+01 -.209726E+01 0.162994E+02
 -.273977E+00 -.421006E+01 -.182595E+01 -.200408E+01 0.142620E+02
 -.286098E+00 -.420448E+01 -.183662E+01 -.194568E+01 0.144652E+02
 -.280753E+00 -.421952E+01 -.182890E+01 -.198614E+01 0.145953E+02
 -.273213E+00 -.421258E+01 -.182371E+01 -.198900E+01 0.140225E+02
 -.271731E+00 -.420478E+01 -.182348E+01 -.199352E+01 0.140348E+02
 -.222438E+00 -.422183E+01 -.188640E+01 -.203523E+01 0.146167E+02
 -.273218E+00 -.420361E+01 -.185446E+01 -.199676E+01 0.166341E+02
 -.234864E+00 -.421410E+01 -.181528E+01 -.218770E+01 0.142158E+02
 -.267736E+00 -.419712E+01 -.182565E+01 -.197958E+01 0.142052E+02
 -.273148E+00 -.419412E+01 -.182336E+01 -.206755E+01 0.159538E+02
 -.263459E+00 -.421034E+01 -.182153E+01 -.194638E+01 0.162928E+02
 -.296908E+00 -.422126E+01 -.179903E+01 -.200865E+01 0.148412E+02
 -.274617E+00 -.420672E+01 -.175798E+01 -.218895E+01 0.143458E+02
 -.263123E+00 -.420926E+01 -.182779E+01 -.201986E+01 0.140505E+02
 -.286075E+00 -.420925E+01 -.181920E+01 -.199488E+01 0.146856E+02
 -.237678E+00 -.422771E+01 -.189642E+01 -.192638E+01 0.142806E+02
 -.270687E+00 -.423426E+01 -.182761E+01 -.187683E+01 0.195139E+02
 -.253892E+00 -.420807E+01 -.182130E+01 -.207404E+01 0.140732E+02
 -.272883E+00 -.421071E+01 -.181432E+01 -.201176E+01 0.140313E+02
 -.264476E+00 -.420073E+01 -.180836E+01 -.212443E+01 0.150241E+02
 -.267145E+00 -.420930E+01 -.183349E+01 -.197507E+01 0.140569E+02
 -.273357E+00 -.420934E+01 -.181532E+01 -.199008E+01 0.141126E+02
 -.268295E+00 -.420733E+01 -.183566E+01 -.199165E+01 0.141429E+02
 -.227051E+00 -.420651E+01 -.182841E+01 -.205391E+01 0.165811E+02
 -.263641E+00 -.420755E+01 -.183118E+01 -.200762E+01 0.140450E+02
 -.272000E+00 -.420432E+01 -.182375E+01 -.190040E+01 0.175321E+02
 -.270059E+00 -.421026E+01 -.182392E+01 -.198882E+01 0.140486E+02
 -.272166E+00 -.421009E+01 -.182405E+01 -.198781E+01 0.140312E+02
 -.299131E+00 -.421102E+01 -.178075E+01 -.199262E+01 0.140778E+02
 -.276452E+00 -.419546E+01 -.176281E+01 -.199322E+01 0.196002E+02
 -.271994E+00 -.421068E+01 -.182637E+01 -.199003E+01 0.140424E+02
 -.271694E+00 -.421062E+01 -.182183E+01 -.198832E+01 0.140483E+02
 -.272091E+00 -.420929E+01 -.182401E+01 -.194661E+01 0.147309E+02
 -.270807E+00 -.420943E+01 -.182803E+01 -.201790E+01 0.143920E+02
 -.278153E+00 -.420565E+01 -.181464E+01 -.200760E+01 0.141316E+02
 -.265804E+00 -.420942E+01 -.182434E+01 -.198132E+01 0.143136E+02
 -.251915E+00 -.420187E+01 -.184173E+01 -.205625E+01 0.145122E+02
 -.261612E+00 -.422970E+01 -.181771E+01 -.198600E+01 0.151047E+02
 -.273286E+00 -.421880E+01 -.182774E+01 -.200219E+01 0.142814E+02
 -.274436E+00 -.420832E+01 -.183041E+01 -.199651E+01 0.143804E+02
 -.272268E+00 -.420497E+01 -.182159E+01 -.196993E+01 0.142511E+02
 -.271188E+00 -.420178E+01 -.182425E+01 -.199009E+01 0.140407E+02
 -.262178E+00 -.421167E+01 -.180801E+01 -.194961E+01 0.185687E+02
 -.271797E+00 -.420186E+01 -.181984E+01 -.204930E+01 0.147467E+02
 -.271055E+00 -.421335E+01 -.182115E+01 -.199320E+01 0.140443E+02
 -.270637E+00 -.420826E+01 -.181936E+01 -.199967E+01 0.140399E+02
 -.290797E+00 -.420421E+01 -.182450E+01 -.197368E+01 0.149417E+02
 -.265660E+00 -.420959E+01 -.182571E+01 -.199204E+01 0.141067E+02
 -.295358E+00 -.420985E+01 -.182380E+01 -.203182E+01 0.191156E+02
 -.273687E+00 -.417691E+01 -.181667E+01 -.190787E+01 0.178760E+02
 -.275365E+00 -.420859E+01 -.182414E+01 -.198653E+01 0.140587E+02
 -.270883E+00 -.420963E+01 -.182380E+01 -.201767E+01 0.142150E+02
 -.274975E+00 -.422663E+01 -.182286E+01 -.197359E+01 0.140945E+02
 -.305828E+00 -.409003E+01 -.178687E+01 -.193933E+01 0.173803E+02
 -.265280E+00 -.420968E+01 -.182741E+01 -.203203E+01 0.142602E+02
 -.259230E+00 -.422215E+01 -.181829E+01 -.202400E+01 0.142669E+02
 -.279677E+00 -.419939E+01 -.182393E+01 -.198551E+01 0.142379E+02
 -.278576E+00 -.421210E+01 -.182799E+01 -.199019E+01 0.144333E+02
 -.266190E+00 -.422285E+01 -.182250E+01 -.198538E+01 0.143142E+02
 -.273615E+00 -.420996E+01 -.186894E+01 -.198193E+01 0.181684E+02
 -.274084E+00 -.421025E+01 -.182379E+01 -.199432E+01 0.140745E+02
 -.267112E+00 -.421016E+01 -.182557E+01 -.199130E+01 0.140714E+02
 -.265290E+00 -.422731E+01 -.181399E+01 -.198687E+01 0.149255E+02
 -.263862E+00 -.420934E+01 -.182358E+01 -.206447E+01 0.145892E+02
 -.270878E+00 -.420419E+01 -.179217E+01 -.196747E+01 0.177084E+02
 -.260648E+00 -.420922E+01 -.183843E+01 -.200070E+01 0.140543E+02
 -.281129E+00 -.420943E+01 -.181680E+01 -.199138E+01 0.141235E+02
 -.286959E+00 -.423960E+01 -.182338E+01 -.198569E+01 0.149494E+02
 -.269834E+00 -.420925E+01 -.182331E+01 -.198937E+01 0.140580E+02
 -.272526E+00 -.421045E+01 -.182445E+01 -.199206E+01 0.140276E+02
 -.267101E+00 -.418671E+01 -.183576E+01 -.201667E+01 0.145977E+02
 -.274985E+00 -.420466E+01 -.182450E+01 -.199336E+01 0.141144E+02
 -.270242E+00 -.419754E+01 -.182347E+01 -.197814E+01 0.141792E+02
 -.274773E+00 -.419032E+01 -.183142E+01 -.205578E+01 0.168210E+02
 -.274382E+00 -.420970E+01 -.182347E+01 -.198344E+01 0.140297E+02
 -.269913E+00 -.419003E+01 -.182382E+01 -.198246E+01 0.141697E+02
 -.270781E+00 -.421200E+01 -.184097E+01 -.197767E+01 0.142817E+02
 -.273206E+00 -.423718E+01 -.182448E+01 -.199483E+01 0.141848E+02
 -.290655E+00 -.421000E+01 -.182512E+01 -.197291E+01 0.149465E+02
 -.271713E+00 -.421029E+01 -.180851E+01 -.199098E+01 0.144965E+02
 -.277068E+00 -.418643E+01 -.181312E+01 -.211514E+01 0.176159E+02
 -.274305E+00 -.420900E+01 -.182821E+01 -.191933E+01 0.152235E+02
 -.249370E+00 -.420050E+01 -.182350E+01 -.199955E+01 0.157224E+02
 -.269469E+00 -.417755E+01 -.180195E+01 -.208738E+01 0.144505E+02
 -.272400E+00 -.420416E+01 -.182753E+01 -.198895E+01 0.140640E+02
 -.274684E+00 -.420750E+01 -.180260E+01 -.200466E+01 0.142913E+02
 -.270728E+00 -.420707E+01 -.185112E+01 -.196372E+01 0.145146E+02
 -.272747E+00 -.420789E+01 -.180830E+01 -.198940E+01 0.144606E+02
 -.260814E+00 -.421231E+01 -.182449E+01 -.201878E+01 0.140593E+02
 -.272859E+00 -.420943E+01 -.182663E+01 -.199095E+01 0.140697E+02
 -.265619E+00 -.421055E+01 -.184632E+01 -.200850E+01 0.149815E+02
 -.288641E+00 -.421452E+01 -.180767E+01 -.197484E+01 0.140586E+02
 -.290344E+00 -.420899E+01 -.183385E+01 -.200403E+01 0.176217E+02
 -.263998E+00 -.420940E+01 -.182187E+01 -.202264E+01 0.140287E+02
 -.241144E+00 -.421525E+01 -.182110E+01 -.205402E+01 0.150856E+02
 -.311048E+00 -.419486E+01 -.182448E+01 -.184939E+01 0.146132E+02
 -.251714E+00 -.420893E+01 -.182655E+01 -.196306E+01 0.168981E+02
 -.270560E+00 -.421636E+01 -.182777E+01 -.203773E+01 0.149141E+02
 -.348848E+00 -.421525E+01 -.177599E+01 -.187651E+01 0.146049E+02
 -.235618E+00 -.420998E+01 -.183621E+01 -.199093E+01 0.170914E+02
 -.269158E+00 -.420300E+01 -.182675E+01 -.199067E+01 0.140378E+02
 -.268097E+00 -.420173E+01 -.184606E+01 -.198654E+01 0.145565E+02
 -.272149E+00 -.420665E+01 -.183158E+01 -.202014E+01 0.148523E+02
 -.272542E+00 -.421423E+01 -.184381E+01 -.199057E+01 0.149845E+02
 -.257725E+00 -.421219E+01 -.182544E+01 -.199056E+01 0.147169E+02
 -.265346E+00 -.421298E+01 -.183827E+01 -.205745E+01 0.159651E+02
 -.276296E+00 -.420823E+01 -.183582E+01 -.198705E+01 0.146421E+02
 -.270628E+00 -.419084E+01 -.182434E+01 -.197425E+01 0.142239E+02
 -.269780E+00 -.421178E+01 -.182182E+01 -.198488E+01 0.141344E+02
 -.251339E+00 -.420770E+01 -.182414E+01 -.198218E+01 0.161586E+02
 -.272548E+00 -.420952E+01 -.182364E+01 -.198828E+01 0.140310E+02
 -.271494E+00 -.421949E+01 -.182802E+01 -.192308E+01 0.154653E+02
 -.269299E+00 -.420242E+01 -.177990E+01 -.203742E+01 0.157873E+02
 -.272187E+00 -.421018E+01 -.182416E+01 -.199865E+01 0.140670E+02
 -.271355E+00 -.420985E+01 -.182367E+01 -.199013E+01 0.140318E+02
 -.288389E+00 -.421590E+01 -.180727E+01 -.199033E+01 0.141592E+02
 -.258148E+00 -.422534E+01 -.182337E+01 -.199216E+01 0.148099E+02
 -.284656E+00 -.421542E+01 -.183226E+01 -.201383E+01 0.167167E+02
 -.259479E+00 -.420530E+01 -.181974E+01 -.203329E+01 0.140849E+02
 -.245218E+00 -.421380E+01 -.184044E+01 -.201381E+01 0.143075E+02
 -.277062E+00 -.420632E+01 -.183753E+01 -.199159E+01 0.150117E+02
 -.271811E+00 -.421213E+01 -.182387E+01 -.198831E+01 0.140327E+02
 -.271482E+00 -.421131E+01 -.182386E+01 -.199506E+01 0.140348E+02
 -.273243E+00 -.420664E+01 -.182759E+01 -.198267E+01 0.140456E+02
 -.268176E+00 -.419516E+01 -.182126E+01 -.211470E+01 0.168107E+02
 -.262913E+00 -.420711E+01 -.182064E+01 -.194977E+01 0.163152E+02
 -.271753E+00 -.419982E+01 -.179465E+01 -.199815E+01 0.154280E+02
 -.262705E+00 -.420257E+01 -.178662E+01 -.215469E+01 0.142696E+02
 -.263836E+00 -.420933E+01 -.182598E+01 -.202768E+01 0.140902E+02
 -.268344E+00 -.420845E+01 -.182181E+01 -.199723E+01 0.140635E+02
 -.281363E+00 -.420003E+01 -.177218E+01 -.198825E+01 0.169713E+02
 -.270818E+00 -.420507E+01 -.182564E+01 -.205892E+01 0.154653E+02
 -.261516E+00 -.421203E+01 -.181609E+01 -.213219E+01 0.156039E+02
 -.272897E+00 -.420913E+01 -.182044E+01 -.203096E+01 0.144380E+02
 -.275003E+00 -.420895E+01 -.182565E+01 -.199974E+01 0.142377E+02
 -.272423E+00 -.411992E+01 -.185498E+01 -.201378E+01 0.188896E+02
 -.272675E+00 -.420941E+01 -.182192E+01 -.198245E+01 0.140632E+02
 -.269898E+00 -.420711E+01 -.183447E+01 -.202510E+01 0.149915E+02
 -.247904E+00 -.419782E+01 -.183029E+01 -.208111E+01 0.141458E+02
 -.263510E+00 -.421090E+01 -.183049E+01 -.200397E+01 0.140307E+02
 -.265906E+00 -.419249E+01 -.182356E+01 -.190878E+01 0.183872E+02
 -.275005E+00 -.420834E+01 -.182530E+01 -.199749E+01 0.141892E+02
 -.270609E+00 -.421168E+01 -.182399E+01 -.198642E+01 0.140513E+02
 -.297963E+00 -.421195E+01 -.176326E+01 -.198607E+01 0.150918E+02
 -.271626E+00 -.421059E+01 -.182288E+01 -.199160E+01 0.140309E+02
 -.275120E+00 -.420368E+01 -.184898E+01 -.199267E+01 0.160127E+02
 -.271561E+00 -.421068E+01 -.182838E+01 -.198842E+01 0.140525E+02
 -.281123E+00 -.420950E+01 -.166991E+01 -.227624E+01 0.195124E+02
 -.275795E+00 -.420907E+01 -.182380E+01 -.197540E+01 0.140336E+02
 -.271140E+00 -.420945E+01 -.182431E+01 -.201001E+01 0.141417E+02
 -.260085E+00 -.423604E+01 -.181601E+01 -.199297E+01 0.152370E+02
 -.274462E+00 -.421264E+01 -.183053E+01 -.197176E+01 0.140633E+02
 -.282160E+00 -.421061E+01 -.182403E+01 -.199442E+01 0.146123E+02
 -.269631E+00 -.420097E+01 -.182167E+01 -.197718E+01 0.142827E+02
 -.265521E+00 -.421098E+01 -.181199E+01 -.196447E+01 0.160903E+02
 -.268750E+00 -.422813E+01 -.182621E+01 -.199643E+01 0.140822E+02
 -.265060E+00 -.420896E+01 -.183125E+01 -.201165E+01 0.141137E+02
 -.272272E+00 -.420595E+01 -.182411E+01 -.197148E+01 0.141315E+02
 -.243133E+00 -.420444E+01 -.182681E+01 -.199418E+01 0.167341E+02
 -.273199E+00 -.420491E+01 -.184486E+01 -.198211E+01 0.148511E+02
 -.221916E+00 -.420661E+01 -.182424E+01 -.209079E+01 0.165183E+02
 -.269802E+00 -.420752E+01 -.181442E+01 -.200185E+01 0.141475E+02
 -.271720E+00 -.419941E+01 -.182600E+01 -.199388E+01 0.140660E+02
 -.271331E+00 -.421018E+01 -.182468E+01 -.198132E+01 0.140580E+02
 -.286583E+00 -.420598E+01 -.182271E+01 -.196215E+01 0.141921E+02
 -.263845E+00 -.420537E+01 -.182262E+01 -.199021E+01 0.143576E+02
 -.274820E+00 -.417475E+01 -.179902E+01 -.198666E+01 0.152488E+02
 -.274177E+00 -.420801E+01 -.182381E+01 -.198819E+01 0.140409E+02
 -.266876E+00 -.421037E+01 -.182307E+01 -.198041E+01 0.143195E+02
 -.272878E+00 -.423061E+01 -.182430E+01 -.202019E+01 0.144985E+02
 -.267075E+00 -.420974E+01 -.182447E+01 -.196803E+01 0.145242E+02
 -.265709E+00 -.420674E+01 -.182149E+01 -.198469E+01 0.143965E+02
 -.266644E+00 -.420960E+01 -.182411E+01 -.198730E+01 0.141708E+02
 -.264349E+00 -.421653E+01 -.181556E+01 -.198507E+01 0.149406E+02
 -.249299E+00 -.430405E+01 -.183617E+01 -.198303E+01 0.161338E+02
 -.273277E+00 -.420932E+01 -.181036E+01 -.198481E+01 0.144070E+02
 -.270461E+00 -.421159E+01 -.182367E+01 -.202858E+01 0.143754E+02
 -.280543E+00 -.421159E+01 -.182244E+01 -.198983E+01 0.142876E+02
 -.272660E+00 -.421744E+01 -.181708E+01 -.198833E+01 0.141179E+02
 -.237724E+00 -.420317E+01 -.185104E+01 -.197725E+01 0.154059E+02
 -.273449E+00 -.420972E+01 -.182195E+01 -.204477E+01 0.149766E+02
 -.271705E+00 -.420996E+01 -.183591E+01 -.195088E+01 0.141092E+02
 -.278319E+00 -.420988E+01 -.181943E+01 -.198499E+01 0.140450E+02
 -.269162E+00 -.421999E+01 -.184074E+01 -.198346E+01 0.142962E+02
 -.269444E+00 -.420979E+01 -.182372E+01 -.198934E+01 0.140603E+02
 -.272277E+00 -.421081E+01 -.182406E+01 -.198732E+01 0.140315E+02
 -.266469E+00 -.420546E+01 -.183434E+01 -.198638E+01 0.140361E+02
 -.271778E+00 -.420795E+01 -.182418E+01 -.199564E+01 0.140426E+02
 -.271776E+00 -.420713E+01 -.182536E+01 -.198177E+01 0.140320E+02
 -.261902E+00 -.420065E+01 -.183803E+01 -.196658E+01 0.142506E+02
 -.273199E+00 -.420892E+01 -.182414E+01 -.198411E+01 0.140204E+02
 -.273613E+00 -.421065E+01 -.188836E+01 -.194774E+01 0.191975E+02
 -.269845E+00 -.424260E+01 -.182407E+01 -.199550E+01 0.141846E+02
 -.271328E+00 -.420708E+01 -.182943E+01 -.199192E+01 0.140914E+02
 -.302263E+00 -.419423E+01 -.182331E+01 -.196024E+01 0.159581E+02
 -.272129E+00 -.405871E+01 -.182521E+01 -.199098E+01 0.188572E+02
 -.272197E+00 -.420671E+01 -.183039E+01 -.199069E+01 0.141408E+02
 -.268067E+00 -.423316E+01 -.181478E+01 -.218867E+01 0.195707E+02
 -.276397E+00 -.420480E+01 -.182186E+01 -.199981E+01 0.141739E+02
 -.258468E+00 -.420950E+01 -.182154E+01 -.199027E+01 0.149620E+02
 -.272337E+00 -.426304E+01 -.180761E+01 -.193594E+01 0.174524E+02
 -.262597E+00 -.421905E+01 -.182935E+01 -.206825E+01 0.150326E+02
 -.272231E+00 -.421633E+01 -.183419E+01 -.199976E+01 0.145061E+02
 -.273399E+00 -.420132E+01 -.182562E+01 -.209632E+01 0.177172E+02
 -.271399E+00 -.421297E+01 -.184514E+01 -.196624E+01 0.143010E+02
 -.272641E+00 -.420775E+01 -.182027E+01 -.198927E+01 0.140469E+02
 -.268553E+00 -.421296E+01 -.182355E+01 -.203051E+01 0.142744E+02
 -.275987E+00 -.420951E+01 -.182937E+01 -.199170E+01 0.143410E+02
 -.265438E+00 -.417468E+01 -.185609E+01 -.194457E+01 0.143028E+02
 -.297148E+00 -.421557E+01 -.180225E+01 -.199373E+01 0.146365E+02
 -.184632E+00 -.424363E+01 -.182532E+01 -.233178E+01 0.162455E+02
 -.282801E+00 -.420902E+01 -.182648E+01 -.202308E+01 0.160437E+02
 -.272353E+00 -.420921E+01 -.182402E+01 -.201814E+01 0.143251E+02
 -.263244E+00 -.422764E+01 -.181502E+01 -.203404E+01 0.141172E+02
 -.250762E+00 -.420635E+01 -.182675E+01 -.198958E+01 0.155609E+02
 -.271433E+00 -.421705E+01 -.179914E+01 -.200177E+01 0.148859E+02
 -.261386E+00 -.421944E+01 -.181546E+01 -.198191E+01 0.154960E+02
 -.242159E+00 -.421085E+01 -.184092E+01 -.199651E+01 0.150336E+02
 -.282552E+00 -.420874E+01 -.181482E+01 -.198915E+01 0.141040E+02
 -.269111E+00 -.420101E+01 -.181769E+01 -.199565E+01 0.141666E+02
 -.225535E+00 -.421448E+01 -.189264E+01 -.197259E+01 0.141748E+02
 -.271475E+00 -.420563E+01 -.184981E+01 -.199951E+01 0.158293E+02
 -.406152E+00 -.424061E+01 -.181953E+01 -.167300E+01 0.155274E+02
 -.272532E+00 -.421123E+01 -.184082E+01 -.199685E+01 0.149341E+02
 -.254036E+00 -.421333E+01 -.182507E+01 -.198908E+01 0.152642E+02
 -.277553E+00 -.421030E+01 -.182404E+01 -.200305E+01 0.144055E+02
 -.249843E+00 -.420912E+01 -.182492E+01 -.199243E+01 0.157920E+02
 -.270883E+00 -.418567E+01 -.182093E+01 -.199357E+01 0.141417E+02
 -.272303E+00 -.419917E+01 -.182445E+01 -.201093E+01 0.142090E+02
 -.263220E+00 -.421126E+01 -.185840E+01 -.192431E+01 0.141960E+02
 -.254332E+00 -.420992E+01 -.182794E+01 -.200909E+01 0.143865E+02
 -.272980E+00 -.420883E+01 -.182262E+01 -.199003E+01 0.140310E+02
 -.281333E+00 -.421778E+01 -.183079E+01 -.198819E+01 0.148502E+02
 -.258659E+00 -.420787E+01 -.182439E+01 -.204492E+01 0.140536E+02
 -.273472E+00 -.421001E+01 -.182304E+01 -.198890E+01 0.140199E+02
 -.300942E+00 -.421356E+01 -.182520E+01 -.198190E+01 0.172294E+02
 -.354027E+00 -.421396E+01 -.177696E+01 -.193325E+01 0.192420E+02
 -.279801E+00 -.420870E+01 -.183098E+01 -.202153E+01 0.159939E+02
 -.258228E+00 -.420658E+01 -.181929E+01 -.201112E+01 0.145300E+02
 -.257892E+00 -.422308E+01 -.183305E+01 -.206750E+01 0.147941E+02
 -.274272E+00 -.420080E+01 -.182117E+01 -.198930E+01 0.140317E+02
 -.262737E+00 -.417036E+01 -.180481E+01 -.195608E+01 0.188171E+02
 -.272203E+00 -.420927E+01 -.182390E+01 -.198931E+01 0.140309E+02
 -.273369E+00 -.421223E+01 -.182385E+01 -.198690E+01 0.140209E+02
 -.210161E+00 -.421694E+01 -.190794E+01 -.204631E+01 0.156251E+02
 -.276812E+00 -.421511E+01 -.182864E+01 -.199300E+01 0.143985E+02
 -.264121E+00 -.423002E+01 -.182062E+01 -.199965E+01 0.143036E+02
 -.280031E+00 -.415345E+01 -.178984E+01 -.210747E+01 0.154741E+02
 -.270795E+00 -.420553E+01 -.182593E+01 -.202619E+01 0.144771E+02
 -.270182E+00 -.419581E+01 -.181965E+01 -.202158E+01 0.141257E+02
 -.273009E+00 -.420948E+01 -.182695E+01 -.200623E+01 0.142828E+02
 -.259657E+00 -.420798E+01 -.182535E+01 -.200210E+01 0.142766E+02
 -.273862E+00 -.419411E+01 -.182308E+01 -.212407E+01 0.190087E+02
 -.266223E+00 -.421061E+01 -.182381E+01 -.209015E+01 0.157268E+02
 -.272566E+00 -.420892E+01 -.182301E+01 -.200597E+01 0.141175E+02
 -.263419E+00 -.420932E+01 -.182356E+01 -.201283E+01 0.140486E+02
 -.272443E+00 -.431757E+01 -.183200E+01 -.198843E+01 0.156059E+02
 -.271943E+00 -.421000E+01 -.183048E+01 -.198454E+01 0.140711E+02
 -.268524E+00 -.420893E+01 -.182443E+01 -.203750E+01 0.144460E+02
 -.269358E+00 -.421306E+01 -.182525E+01 -.197948E+01 0.141212E+02
 -.266306E+00 -.420615E+01 -.182376E+01 -.214420E+01 0.182683E+02
 -.273547E+00 -.420831E+01 -.182503E+01 -.199355E+01 0.140778E+02
 -.271101E+00 -.421236E+01 -.182390E+01 -.198715E+01 0.140417E+02
 -.287033E+00 -.420864E+01 -.183893E+01 -.199399E+01 0.170213E+02
 -.271039E+00 -.421015E+01 -.182466E+01 -.198869E+01 0.140324E+02
 -.276794E+00 -.420732E+01 -.182337E+01 -.198981E+01 0.141136E+02
 -.275077E+00 -.420936E+01 -.182374E+01 -.201648E+01 0.144830E+02
 -.272086E+00 -.421819E+01 -.182961E+01 -.201063E+01 0.144610E+02
 -.269265E+00 -.420947E+01 -.182463E+01 -.199737E+01 0.140290E+02
 -.264112E+00 -.421171E+01 -.181333E+01 -.200227E+01 0.145980E+02
 -.279430E+00 -.421173E+01 -.182352E+01 -.198508E+01 0.141895E+02
 -.260100E+00 -.420593E+01 -.181868E+01 -.199746E+01 0.147704E+02
 -.268345E+00 -.417444E+01 -.182424E+01 -.198994E+01 0.142821E+02
 -.265344E+00 -.422268E+01 -.182991E+01 -.198732E+01 0.140948E+02
 -.261757E+00 -.420963E+01 -.182151E+01 -.200795E+01 0.142158E+02
 -.272774E+00 -.421045E+01 -.182506E+01 -.197912E+01 0.140392E+02
 -.262265E+00 -.420541E+01 -.182659E+01 -.201617E+01 0.140297E+02
 -.279216E+00 -.419064E+01 -.185980E+01 -.199151E+01 0.186166E+02
 -.248229E+00 -.420664E+01 -.182595E+01 -.197345E+01 0.170719E+02
 -.272018E+00 -.420551E+01 -.181529E+01 -.201378E+01 0.140354E+02
 -.267723E+00 -.422724E+01 -.183512E+01 -.198919E+01 0.141358E+02
 -.270220E+00 -.421293E+01 -.183649E+01 -.196781E+01 0.140545E+02
 -.267061E+00 -.420782E+01 -.181728E+01 -.199575E+01 0.142817E+02
 -.283177E+00 -.420653E+01 -.182062E+01 -.199038E+01 0.143968E+02
 -.272128E+00 -.420947E+01 -.182314E+01 -.198965E+01 0.140310E+02
 -.268368E+00 -.420878E+01 -.182346E+01 -.196909E+01 0.144465E+02
 -.273262E+00 -.421917E+01 -.182541E+01 -.201699E+01 0.144410E+02
 -.269985E+00 -.420965E+01 -.182489E+01 -.198650E+01 0.140505E+02
 -.274716E+00 -.419616E+01 -.181903E+01 -.201324E+01 0.142036E+02
 -.269917E+00 -.421775E+01 -.182429E+01 -.199156E+01 0.140453E+02
 -.263971E+00 -.421107E+01 -.181819E+01 -.198215E+01 0.148645E+02
 -.273389E+00 -.420371E+01 -.181844E+01 -.198836E+01 0.140689E+02
 -.272250E+00 -.420909E+01 -.177732E+01 -.201123E+01 0.168584E+02
 -.267680E+00 -.421038E+01 -.182396E+01 -.203461E+01 0.143021E+02
 -.274870E+00 -.420972E+01 -.182528E+01 -.198747E+01 0.140724E+02
 -.275115E+00 -.420383E+01 -.183857E+01 -.199629E+01 0.150301E+02
 -.274622E+00 -.420947E+01 -.182072E+01 -.199136E+01 0.140208E+02
 -.273365E+00 -.421385E+01 -.182790E+01 -.199672E+01 0.141923E+02
 -.274568E+00 -.420922E+01 -.181083E+01 -.197687E+01 0.144660E+02
 -.269504E+00 -.421015E+01 -.182285E+01 -.198729E+01 0.140917E+02
 -.254236E+00 -.419401E+01 -.184994E+01 -.198514E+01 0.140770E+02
 -.275183E+00 -.420960E+01 -.182438E+01 -.198935E+01 0.140782E+02
 -.272811E+00 -.421109E+01 -.182375E+01 -.198586E+01 0.140202E+02
 -.262968E+00 -.422113E+01 -.183177E+01 -.198918E+01 0.141038E+02
 -.270975E+00 -.421146E+01 -.182385E+01 -.197092E+01 0.142113E+02
 -.273874E+00 -.421826E+01 -.182565E+01 -.200856E+01 0.143387E+02
 -.257021E+00 -.421014E+01 -.183918E+01 -.192351E+01 0.165904E+02
 -.271173E+00 -.421226E+01 -.182536E+01 -.199500E+01 0.140445E+02
 -.273710E+00 -.421104E+01 -.181667E+01 -.198599E+01 0.141087E+02
 -.272538E+00 -.421297E+01 -.182391E+01 -.200005E+01 0.140845E+02
 -.274275E+00 -.420376E+01 -.181011E+01 -.199695E+01 0.141508E+02
 -.272911E+00 -.421682E+01 -.182390E+01 -.198624E+01 0.140264E+02
 -.302571E+00 -.420937E+01 -.182446E+01 -.199582E+01 0.185058E+02
 -.271539E+00 -.420705E+01 -.184913E+01 -.198994E+01 0.153307E+02
 -.271020E+00 -.420677E+01 -.182087E+01 -.209231E+01 0.163069E+02
 -.293314E+00 -.421337E+01 -.182359E+01 -.198275E+01 0.155823E+02
 -.275627E+00 -.422519E+01 -.182570E+01 -.201478E+01 0.146656E+02
 -.272300E+00 -.423575E+01 -.182972E+01 -.207846E+01 0.173104E+02
 -.272160E+00 -.421764E+01 -.182340E+01 -.199197E+01 0.140410E+02
 -.270495E+00 -.420664E+01 -.182511E+01 -.204513E+01 0.148953E+02
 -.271945E+00 -.420693E+01 -.182400E+01 -.198895E+01 0.140320E+02
 -.272521E+00 -.420807E+01 -.183469E+01 -.198939E+01 0.143168E+02
 -.274141E+00 -.420959E+01 -.182267E+01 -.197651E+01 0.140513E+02
 -.273269E+00 -.420940E+01 -.182441E+01 -.199804E+01 0.140815E+02
 -.265366E+00 -.418979E+01 -.184238E+01 -.195064E+01 0.142406E+02
 -.289522E+00 -.421523E+01 -.180232E+01 -.199892E+01 0.141527E+02
 -.238343E+00 -.420611E+01 -.184228E+01 -.198063E+01 0.162142E+02
 -.267046E+00 -.420921E+01 -.182264E+01 -.200742E+01 0.140291E+02
 -.287710E+00 -.421666E+01 -.182544E+01 -.201618E+01 0.165049E+02
 -.150438E+00 -.423696E+01 -.182180E+01 -.267916E+01 0.180615E+02
 -.284462E+00 -.419762E+01 -.181603E+01 -.200158E+01 0.145228E+02
 -.273094E+00 -.421000E+01 -.182595E+01 -.204207E+01 0.151750E+02
 -.274331E+00 -.421215E+01 -.177898E+01 -.198826E+01 0.175386E+02
 -.240339E+00 -.421107E+01 -.184415E+01 -.202761E+01 0.142174E+02
 -.270369E+00 -.421072E+01 -.183472E+01 -.199820E+01 0.143440E+02
 -.263615E+00 -.420785E+01 -.183039E+01 -.198917E+01 0.140936E+02
 -.256200E+00 -.421542E+01 -.180343E+01 -.200750E+01 0.166849E+02
 -.252143E+00 -.422226E+01 -.189045E+01 -.194968E+01 0.153619E+02
 -.271260E+00 -.420733E+01 -.181771E+01 -.197412E+01 0.144153E+02
 -.272542E+00 -.420742E+01 -.180388E+01 -.199102E+01 0.147329E+02
 -.256195E+00 -.421216E+01 -.182321E+01 -.198815E+01 0.151825E+02
 -.275940E+00 -.420974E+01 -.182650E+01 -.194431E+01 0.143191E+02
 -.274731E+00 -.420947E+01 -.183036E+01 -.198387E+01 0.141764E+02
 -.273690E+00 -.421136E+01 -.182378E+01 -.200812E+01 0.142056E+02
 -.261449E+00 -.421094E+01 -.182679E+01 -.197087E+01 0.148452E+02
 -.268298E+00 -.420824E+01 -.182667E+01 -.200381E+01 0.140511E+02
 -.272769E+00 -.420949E+01 -.182371E+01 -.198948E+01 0.140193E+02
 -.254512E+00 -.420795E+01 -.182728E+01 -.204156E+01 0.140394E+02
 -.273146E+00 -.422230E+01 -.185126E+01 -.193767E+01 0.142088E+02
 -.254766E+00 -.420696E+01 -.182410E+01 -.201960E+01 0.143466E+02
 -.274139E+00 -.420973E+01 -.182297E+01 -.198854E+01 0.140238E+02
 -.298051E+00 -.420662E+01 -.181722E+01 -.197421E+01 0.152674E+02
 -.269391E+00 -.419103E+01 -.183345E+01 -.199133E+01 0.141658E+02
 -.255831E+00 -.421997E+01 -.184163E+01 -.207160E+01 0.154556E+02
 -.259752E+00 -.421065E+01 -.182746E+01 -.200690E+01 0.141238E+02
 -.285221E+00 -.421438E+01 -.182225E+01 -.204148E+01 0.169188E+02
 -.272032E+00 -.420308E+01 -.181156E+01 -.198759E+01 0.143871E+02
 -.269594E+00 -.423541E+01 -.183711E+01 -.188382E+01 0.173399E+02
 -.273040E+00 -.420749E+01 -.182392E+01 -.198968E+01 0.140231E+02
 -.274017E+00 -.420670E+01 -.182382E+01 -.198660E+01 0.140349E+02
 -.273814E+00 -.421866E+01 -.182864E+01 -.198578E+01 0.141250E+02
 -.270901E+00 -.424458E+01 -.182443E+01 -.191281E+01 0.167640E+02
 -.279735E+00 -.420711E+01 -.182252E+01 -.205535E+01 0.165065E+02
 -.294225E+00 -.422490E+01 -.178696E+01 -.198576E+01 0.141385E+02
 -.279339E+00 -.419815E+01 -.183325E+01 -.203890E+01 0.171584E+02
 -.250889E+00 -.421230E+01 -.186659E+01 -.192285E+01 0.146241E+02
 -.276449E+00 -.420911E+01 -.182883E+01 -.199473E+01 0.144115E+02
 -.270170E+00 -.420918E+01 -.182582E+01 -.200652E+01 0.141072E+02
 -.259930E+00 -.420811E+01 -.186337E+01 -.201170E+01 0.161899E+02
 -.275060E+00 -.419284E+01 -.182653E+01 -.209933E+01 0.185557E+02
 -.264824E+00 -.420939E+01 -.182715E+01 -.197119E+01 0.144715E+02
 -.272488E+00 -.421072E+01 -.181407E+01 -.197157E+01 0.145949E+02
 -.269030E+00 -.420961E+01 -.183003E+01 -.193450E+01 0.150663E+02
 -.258987E+00 -.420978E+01 -.182441E+01 -.198896E+01 0.147099E+02
 -.274883E+00 -.429739E+01 -.180410E+01 -.206192E+01 0.153528E+02
 -.271445E+00 -.421025E+01 -.181968E+01 -.199224E+01 0.140599E+02
 -.262450E+00 -.420938E+01 -.182466E+01 -.195139E+01 0.157860E+02
 -.276095E+00 -.421149E+01 -.182253E+01 -.198666E+01 0.140516E+02
 -.270242E+00 -.421452E+01 -.182386E+01 -.207663E+01 0.158862E+02
 -.267618E+00 -.421097E+01 -.182238E+01 -.198355E+01 0.142429E+02
 -.272965E+00 -.420862E+01 -.182389E+01 -.198822E+01 0.140197E+02
 -.281361E+00 -.420744E+01 -.185296E+01 -.199602E+01 0.182002E+02
 -.241707E+00 -.422494E+01 -.189604E+01 -.197579E+01 0.157392E+02
 -.272283E+00 -.420898E+01 -.182681E+01 -.198743E+01 0.140407E+02
 -.248581E+00 -.421348E+01 -.186953E+01 -.199022E+01 0.145211E+02
 -.273497E+00 -.420406E+01 -.181946E+01 -.198991E+01 0.140454E+02
 -.273300E+00 -.420929E+01 -.182376E+01 -.196859E+01 0.141377E+02
 -.269798E+00 -.420948E+01 -.182437E+01 -.198168E+01 0.141025E+02
 -.278482E+00 -.420658E+01 -.180920E+01 -.200809E+01 0.140459E+02
 -.243970E+00 -.421161E+01 -.182468E+01 -.198549E+01 0.174430E+02
 -.269255E+00 -.421238E+01 -.182331E+01 -.198087E+01 0.141645E+02
 -.253007E+00 -.421406E+01 -.183120E+01 -.201227E+01 0.142608E+02
 -.270684E+00 -.419045E+01 -.183585E+01 -.200977E+01 0.147689E+02
 -.262478E+00 -.418037E+01 -.182415E+01 -.198981E+01 0.145324E+02
 -.266676E+00 -.420881E+01 -.182381E+01 -.198861E+01 0.141611E+02
 -.272826E+00 -.421350E+01 -.182573E+01 -.198855E+01 0.140444E+02
 -.280090E+00 -.420683E+01 -.182461E+01 -.203113E+01 0.157159E+02
 -.274773E+00 -.421735E+01 -.184674E+01 -.197725E+01 0.150479E+02
 -.296103E+00 -.421010E+01 -.182694E+01 -.193031E+01 0.143524E+02
 -.273798E+00 -.420888E+01 -.182181E+01 -.200848E+01 0.141644E+02
 -.263999E+00 -.422540E+01 -.182212E+01 -.198928E+01 0.144186E+02
 -.269301E+00 -.421511E+01 -.183267E+01 -.200109E+01 0.142254E+02
 -.258869E+00 -.420951E+01 -.182084E+01 -.203533E+01 0.140651E+02
 -.291282E+00 -.421075E+01 -.182162E+01 -.199123E+01 0.154332E+02
 -.272635E+00 -.420970E+01 -.182355E+01 -.198928E+01 0.140313E+02
 -.266151E+00 -.420846E+01 -.182403E+01 -.203093E+01 0.141611E+02
 -.274356E+00 -.419395E+01 -.182393E+01 -.197538E+01 0.140878E+02
 -.262896E+00 -.420958E+01 -.182719E+01 -.201874E+01 0.140358E+02
 -.274301E+00 -.420756E+01 -.182092E+01 -.202909E+01 0.145458E+02
 -.273658E+00 -.420738E+01 -.182430E+01 -.199039E+01 0.140480E+02
 -.279553E+00 -.421283E+01 -.183444E+01 -.199252E+01 0.150893E+02
 -.291614E+00 -.413311E+01 -.180532E+01 -.199253E+01 0.153955E+02
 -.273597E+00 -.421191E+01 -.181246E+01 -.201292E+01 0.140307E+02
 -.268440E+00 -.420646E+01 -.182416E+01 -.199205E+01 0.140598E+02
 -.269705E+00 -.420855E+01 -.182588E+01 -.198740E+01 0.140404E+02
 -.276626E+00 -.420220E+01 -.183595E+01 -.199239E+01 0.148552E+02
 -.245874E+00 -.421661E+01 -.185847E+01 -.204427E+01 0.148939E+02
 -.275379E+00 -.420926E+01 -.182011E+01 -.194850E+01 0.146131E+02
 -.273303E+00 -.421608E+01 -.180889E+01 -.206603E+01 0.145703E+02
 -.279474E+00 -.420921E+01 -.181917E+01 -.199922E+01 0.142288E+02
 -.276495E+00 -.420990E+01 -.181966E+01 -.198998E+01 0.140291E+02
 -.254202E+00 -.421569E+01 -.180357E+01 -.199322E+01 0.180989E+02
 -.274232E+00 -.420925E+01 -.182366E+01 -.198936E+01 0.140447E+02
 -.273021E+00 -.421105E+01 -.182381E+01 -.198698E+01 0.140192E+02
 -.264272E+00 -.420036E+01 -.181758E+01 -.199605E+01 0.144874E+02
 -.271821E+00 -.421092E+01 -.182508E+01 -.197628E+01 0.140685E+02
 -.272746E+00 -.421538E+01 -.182527E+01 -.200334E+01 0.141494E+02
 -.260241E+00 -.420087E+01 -.181796E+01 -.199738E+01 0.148271E+02
 -.271934E+00 -.421391E+01 -.182528E+01 -.199498E+01 0.140436E+02
 -.274404E+00 -.417395E+01 -.182379E+01 -.199258E+01 0.142755E+02
 -.273776E+00 -.420354E+01 -.183590E+01 -.198335E+01 0.143461E+02
 -.273216E+00 -.432736E+01 -.182294E+01 -.198478E+01 0.156674E+02
 -.286896E+00 -.420940E+01 -.182387E+01 -.199539E+01 0.151898E+02
 -.272262E+00 -.420687E+01 -.185950E+01 -.198826E+01 0.166909E+02
 -.272435E+00 -.421940E+01 -.181724E+01 -.210478E+01 0.166857E+02
 -.263969E+00 -.421307E+01 -.182251E+01 -.197208E+01 0.148607E+02
 -.300302E+00 -.420799E+01 -.182351E+01 -.199300E+01 0.175550E+02
 -.274842E+00 -.418318E+01 -.180871E+01 -.206444E+01 0.147528E+02
 -.266823E+00 -.424589E+01 -.181921E+01 -.198366E+01 0.146222E+02
 -.272190E+00 -.420806E+01 -.181675E+01 -.198088E+01 0.142538E+02
 -.270430E+00 -.421263E+01 -.181252E+01 -.192783E+01 0.174497E+02
 -.272468E+00 -.420596E+01 -.180787E+01 -.200624E+01 0.141844E+02
 -.272679E+00 -.420837E+01 -.182631E+01 -.198956E+01 0.140514E+02
 -.268102E+00 -.420717E+01 -.182307E+01 -.195346E+01 0.150166E+02
 -.270241E+00 -.420916E+01 -.181445E+01 -.199256E+01 0.142619E+02
 -.268002E+00 -.421417E+01 -.183148E+01 -.199441E+01 0.140521E+02
 -.283634E+00 -.421194E+01 -.181511E+01 -.196743E+01 0.140509E+02
 -.251312E+00 -.420284E+01 -.186183E+01 -.197691E+01 0.141076E+02
 -.265977E+00 -.420952E+01 -.182252E+01 -.198227E+01 0.143728E+02
 -.281682E+00 -.419841E+01 -.182934E+01 -.197974E+01 0.145350E+02
 -.288838E+00 -.421241E+01 -.182504E+01 -.204593E+01 0.185521E+02
 -.274910E+00 -.420506E+01 -.182546E+01 -.199297E+01 0.141330E+02
 -.269154E+00 -.421095E+01 -.181849E+01 -.198924E+01 0.142148E+02
 -.287873E+00 -.421023E+01 -.181653E+01 -.199694E+01 0.147460E+02
 -.265402E+00 -.420163E+01 -.182759E+01 -.199017E+01 0.140998E+02
 -.262714E+00 -.421823E+01 -.181680E+01 -.200311E+01 0.144882E+02
 -.261801E+00 -.422314E+01 -.180617E+01 -.197585E+01 0.169924E+02
 -.272723E+00 -.420830E+01 -.179699E+01 -.200677E+01 0.147516E+02
 -.272509E+00 -.420765E+01 -.181321E+01 -.197374E+01 0.145908E+02
 -.279045E+00 -.420795E+01 -.182467E+01 -.198914E+01 0.142772E+02
 -.262507E+00 -.420981E+01 -.183005E+01 -.191275E+01 0.176535E+02
 -.274596E+00 -.420942E+01 -.184542E+01 -.198173E+01 0.150553E+02
 -.271533E+00 -.420216E+01 -.183967E+01 -.200071E+01 0.148471E+02
 -.274116E+00 -.421968E+01 -.182331E+01 -.198968E+01 0.140448E+02
 -.272567E+00 -.421082E+01 -.180590E+01 -.203053E+01 0.140399E+02
 -.277102E+00 -.420530E+01 -.182683E+01 -.200970E+01 0.147299E+02
 -.272669E+00 -.421066E+01 -.182452E+01 -.198835E+01 0.140205E+02
 -.257582E+00 -.420049E+01 -.182444E+01 -.206478E+01 0.141953E+02
 -.277123E+00 -.423497E+01 -.189139E+01 -.193430E+01 0.197004E+02
 -.257896E+00 -.421061E+01 -.182387E+01 -.199056E+01 0.148219E+02
 -.273090E+00 -.420973E+01 -.182326E+01 -.198898E+01 0.140189E+02
 -.279845E+00 -.420653E+01 -.178071E+01 -.198303E+01 0.163779E+02
 -.257355E+00 -.420540E+01 -.182183E+01 -.198211E+01 0.154197E+02
 -.227292E+00 -.421662E+01 -.183895E+01 -.205357E+01 0.152146E+02
 -.271504E+00 -.421154E+01 -.183134E+01 -.202211E+01 0.148177E+02
 -.294535E+00 -.421068E+01 -.181761E+01 -.198474E+01 0.152388E+02
 -.272431E+00 -.420469E+01 -.181088E+01 -.198955E+01 0.143470E+02
 -.273779E+00 -.421195E+01 -.182391E+01 -.198901E+01 0.140293E+02
 -.272642E+00 -.420611E+01 -.182364E+01 -.199289E+01 0.140264E+02
 -.271274E+00 -.420148E+01 -.182572E+01 -.198239E+01 0.140426E+02
 -.270992E+00 -.423064E+01 -.182682E+01 -.201120E+01 0.143174E+02
 -.277830E+00 -.421165E+01 -.182177E+01 -.193417E+01 0.147211E+02
 -.282302E+00 -.421961E+01 -.181144E+01 -.198730E+01 0.140382E+02
 -.277409E+00 -.420565E+01 -.180822E+01 -.210369E+01 0.163575E+02
 -.260198E+00 -.420883E+01 -.182524E+01 -.199313E+01 0.144282E+02
 -.273055E+00 -.421034E+01 -.182512E+01 -.199761E+01 0.140873E+02
 -.229630E+00 -.421294E+01 -.186599E+01 -.195085E+01 0.162617E+02
 -.273928E+00 -.422634E+01 -.182727E+01 -.187745E+01 0.185482E+02
 -.265136E+00 -.421028E+01 -.182599E+01 -.192605E+01 0.166730E+02
 -.272783E+00 -.421196E+01 -.181202E+01 -.199707E+01 0.141474E+02
 -.261061E+00 -.420862E+01 -.183021E+01 -.199013E+01 0.141932E+02
 -.274260E+00 -.416658E+01 -.178689E+01 -.203936E+01 0.148165E+02
 -.272248E+00 -.420944E+01 -.181733E+01 -.199413E+01 0.140670E+02
 -.267221E+00 -.420864E+01 -.182910E+01 -.195104E+01 0.147167E+02
 -.270709E+00 -.420775E+01 -.182787E+01 -.201222E+01 0.142657E+02
 -.266671E+00 -.421387E+01 -.182341E+01 -.194739E+01 0.154493E+02
 -.270650E+00 -.421109E+01 -.182308E+01 -.198084E+01 0.141132E+02
 -.274209E+00 -.420597E+01 -.182393E+01 -.198991E+01 0.140523E+02
 -.291501E+00 -.421292E+01 -.178803E+01 -.199141E+01 0.141315E+02
 -.272470E+00 -.420972E+01 -.182544E+01 -.198828E+01 0.140237E+02
 -.270260E+00 -.421073E+01 -.182078E+01 -.198905E+01 0.140973E+02
 -.275297E+00 -.420926E+01 -.182392E+01 -.195120E+01 0.143275E+02
 -.272279E+00 -.420944E+01 -.182376E+01 -.199460E+01 0.140413E+02
 -.281183E+00 -.420662E+01 -.182082E+01 -.200526E+01 0.145962E+02
 -.266855E+00 -.421042E+01 -.182349E+01 -.198296E+01 0.142527E+02
 -.254862E+00 -.421714E+01 -.184435E+01 -.200038E+01 0.140556E+02
 -.269699E+00 -.422420E+01 -.183283E+01 -.202212E+01 0.147794E+02
 -.274756E+00 -.420297E+01 -.182053E+01 -.200162E+01 0.140803E+02
 -.269867E+00 -.420844E+01 -.182596E+01 -.197452E+01 0.141416E+02
 -.272603E+00 -.421342E+01 -.182341E+01 -.199064E+01 0.140342E+02
 -.260449E+00 -.420823E+01 -.182538E+01 -.202022E+01 0.140445E+02
 -.266020E+00 -.421133E+01 -.182794E+01 -.197641E+01 0.142336E+02
 -.263319E+00 -.420939E+01 -.182510E+01 -.204240E+01 0.142098E+02
 -.258154E+00 -.424131E+01 -.181250E+01 -.197982E+01 0.166736E+02
 -.273176E+00 -.420995E+01 -.181790E+01 -.200207E+01 0.140308E+02
 -.263155E+00 -.419824E+01 -.182457E+01 -.199239E+01 0.142868E+02
 -.270983E+00 -.421320E+01 -.181472E+01 -.199404E+01 0.141846E+02
 -.264533E+00 -.420626E+01 -.182089E+01 -.198717E+01 0.144686E+02
 -.265311E+00 -.420903E+01 -.182426E+01 -.199414E+01 0.141355E+02
 -.281827E+00 -.421067E+01 -.182267E+01 -.202410E+01 0.154827E+02
 -.274191E+00 -.420907E+01 -.182423E+01 -.198708E+01 0.140407E+02
 -.241529E+00 -.420666E+01 -.178746E+01 -.245137E+01 0.171393E+02
 -.267549E+00 -.420999E+01 -.182415E+01 -.201742E+01 0.140805E+02
 -.273423E+00 -.421736E+01 -.182335E+01 -.195984E+01 0.142952E+02
 -.362330E+00 -.431467E+01 -.169544E+01 -.194965E+01 0.155165E+02
 -.264846E+00 -.420978E+01 -.182611E+01 -.202163E+01 0.140741E+02
 -.272751E+00 -.422456E+01 -.182431E+01 -.201835E+01 0.144153E+02
 -.275255E+00 -.420349E+01 -.182427E+01 -.198871E+01 0.140784E+02
 -.284120E+00 -.421306E+01 -.183350E+01 -.198944E+01 0.155200E+02
 -.259173E+00 -.419256E+01 -.180851E+01 -.198561E+01 0.166643E+02
 -.273945E+00 -.421209E+01 -.184996E+01 -.200427E+01 0.165622E+02
 -.272920E+00 -.421015E+01 -.182397E+01 -.196340E+01 0.142257E+02
 -.270293E+00 -.420799E+01 -.182330E+01 -.199205E+01 0.140380E+02
 -.263882E+00 -.420644E+01 -.181671E+01 -.198868E+01 0.147800E+02
 -.274517E+00 -.420944E+01 -.182465E+01 -.199612E+01 0.141276E+02
 -.271193E+00 -.421436E+01 -.179829E+01 -.199234E+01 0.153488E+02
 -.235759E+00 -.420943E+01 -.184841E+01 -.201958E+01 0.144585E+02
 -.278240E+00 -.420948E+01 -.181727E+01 -.199018E+01 0.140319E+02
 -.270959E+00 -.422970E+01 -.177778E+01 -.199370E+01 0.182804E+02
 -.270929E+00 -.420928E+01 -.182355E+01 -.198937E+01 0.140377E+02
 -.272837E+00 -.420916E+01 -.182394E+01 -.199042E+01 0.140224E+02
 -.271838E+00 -.420061E+01 -.182514E+01 -.201475E+01 0.142669E+02
 -.273869E+00 -.420767E+01 -.182577E+01 -.200121E+01 0.142014E+02
 -.271115E+00 -.419866E+01 -.182249E+01 -.198414E+01 0.141009E+02
 -.277570E+00 -.418616E+01 -.182353E+01 -.204220E+01 0.156939E+02
 -.273393E+00 -.421130E+01 -.182257E+01 -.198583E+01 0.140214E+02
 -.273366E+00 -.420832E+01 -.182384E+01 -.198322E+01 0.140222E+02
 -.271791E+00 -.421138E+01 -.184101E+01 -.198192E+01 0.144421E+02
 -.272882E+00 -.412964E+01 -.182362E+01 -.198805E+01 0.151924E+02
 -.250368E+00 -.420977E+01 -.182456E+01 -.197532E+01 0.166951E+02
 -.266337E+00 -.420696E+01 -.183154E+01 -.198646E+01 0.140388E+02
 -.277057E+00 -.417414E+01 -.181534E+01 -.194355E+01 0.152274E+02
 -.259764E+00 -.421685E+01 -.182675E+01 -.197471E+01 0.149144E+02
 -.288181E+00 -.420410E+01 -.182299E+01 -.201838E+01 0.163661E+02
 -.274468E+00 -.419628E+01 -.180390E+01 -.202472E+01 0.140835E+02
 -.257633E+00 -.423895E+01 -.181250E+01 -.197356E+01 0.171665E+02
 -.272268E+00 -.420702E+01 -.183166E+01 -.198596E+01 0.141355E+02
 -.272219E+00 -.420640E+01 -.181314E+01 -.200153E+01 0.140938E+02
 -.272649E+00 -.420938E+01 -.181782E+01 -.198934E+01 0.140851E+02
 -.264790E+00 -.421448E+01 -.182355E+01 -.200065E+01 0.141060E+02
 -.270433E+00 -.420922E+01 -.180943E+01 -.198918E+01 0.146060E+02
 -.271921E+00 -.423047E+01 -.181604E+01 -.202395E+01 0.141634E+02
 -.278777E+00 -.421044E+01 -.182616E+01 -.196509E+01 0.140548E+02
 -.202006E+00 -.422538E+01 -.182747E+01 -.248163E+01 0.160231E+02
 -.263285E+00 -.420954E+01 -.182325E+01 -.197555E+01 0.147612E+02
 -.243867E+00 -.419777E+01 -.181643E+01 -.199840E+01 0.180997E+02
 -.310914E+00 -.426016E+01 -.182873E+01 -.182756E+01 0.154430E+02
 -.271519E+00 -.421233E+01 -.182915E+01 -.197761E+01 0.140336E+02
 -.271320E+00 -.420819E+01 -.183068E+01 -.205736E+01 0.160762E+02
 -.326688E+00 -.421635E+01 -.177625E+01 -.194363E+01 0.145345E+02
 -.265637E+00 -.420901E+01 -.182187E+01 -.199747E+01 0.141533E+02
 -.278365E+00 -.420882E+01 -.182049E+01 -.199150E+01 0.141151E+02
 -.273772E+00 -.421263E+01 -.184456E+01 -.200601E+01 0.158926E+02
 -.273421E+00 -.420982E+01 -.182778E+01 -.202321E+01 0.147803E+02
 -.272474E+00 -.421102E+01 -.183149E+01 -.198279E+01 0.141065E+02
 -.274882E+00 -.421450E+01 -.182979E+01 -.198958E+01 0.142548E+02
 -.252701E+00 -.421093E+01 -.183568E+01 -.196066E+01 0.156137E+02
 -.266541E+00 -.420927E+01 -.184011E+01 -.199015E+01 0.142083E+02
 -.274251E+00 -.421359E+01 -.182366E+01 -.197545E+01 0.140506E+02
 -.280991E+00 -.420938E+01 -.181059E+01 -.202432E+01 0.144071E+02
 -.258734E+00 -.420735E+01 -.182696E+01 -.200289E+01 0.142495E+02
 -.273001E+00 -.420915E+01 -.182279E+01 -.198923E+01 0.140310E+02
 -.270013E+00 -.421245E+01 -.182542E+01 -.196856E+01 0.142452E+02
 -.273781E+00 -.420269E+01 -.186719E+01 -.195491E+01 0.161178E+02
 -.265498E+00 -.421077E+01 -.182432E+01 -.203976E+01 0.142648E+02
 -.271846E+00 -.420964E+01 -.182351E+01 -.198979E+01 0.140309E+02
 -.275807E+00 -.421735E+01 -.177006E+01 -.199068E+01 0.185055E+02
 -.258841E+00 -.421718E+01 -.182018E+01 -.201035E+01 0.144434E+02
 -.226794E+00 -.421140E+01 -.182053E+01 -.202987E+01 0.196948E+02
 -.276659E+00 -.420651E+01 -.182019E+01 -.200522E+01 0.141883E+02
 -.274046E+00 -.420736E+01 -.183518E+01 -.199043E+01 0.144828E+02
 -.272845E+00 -.421260E+01 -.182376E+01 -.198860E+01 0.140202E+02
 -.271505E+00 -.420793E+01 -.182384E+01 -.199225E+01 0.140307E+02
 -.218591E+00 -.420862E+01 -.192366E+01 -.203035E+01 0.190994E+02
 -.269708E+00 -.419291E+01 -.182270E+01 -.198922E+01 0.141195E+02
 -.271621E+00 -.421074E+01 -.182022E+01 -.208163E+01 0.158801E+02
 -.275360E+00 -.421020E+01 -.182364E+01 -.192760E+01 0.151287E+02
 -.283143E+00 -.423122E+01 -.180767E+01 -.194991E+01 0.146826E+02
 -.292214E+00 -.420409E+01 -.178000E+01 -.217585E+01 0.190178E+02
 -.255398E+00 -.420893E+01 -.182580E+01 -.201293E+01 0.143433E+02
 -.264340E+00 -.421003E+01 -.181982E+01 -.198520E+01 0.146047E+02
 -.276631E+00 -.419596E+01 -.178532E+01 -.196300E+01 0.177931E+02
 -.268916E+00 -.421090E+01 -.182149E+01 -.196265E+01 0.147104E+02
 -.272789E+00 -.421186E+01 -.181582E+01 -.201722E+01 0.140663E+02
 -.266096E+00 -.420064E+01 -.181565E+01 -.214018E+01 0.166835E+02
 -.275080E+00 -.420842E+01 -.182977E+01 -.200160E+01 0.145136E+02
 -.273480E+00 -.407445E+01 -.184055E+01 -.199440E+01 0.185176E+02
 -.273044E+00 -.420933E+01 -.181789E+01 -.198749E+01 0.140882E+02
 -.265112E+00 -.420884E+01 -.182741E+01 -.199685E+01 0.140510E+02
 -.265216E+00 -.420879E+01 -.182686E+01 -.200441E+01 0.140290E+02
 -.270008E+00 -.419503E+01 -.182377E+01 -.189132E+01 0.189280E+02
 -.274655E+00 -.420904E+01 -.182532E+01 -.199540E+01 0.141448E+02
 -.272793E+00 -.420711E+01 -.182395E+01 -.198943E+01 0.140213E+02
 -.285077E+00 -.421213E+01 -.178534E+01 -.198789E+01 0.148292E+02
 -.272662E+00 -.420991E+01 -.182275E+01 -.198957E+01 0.140306E+02
 -.277940E+00 -.420537E+01 -.180537E+01 -.200133E+01 0.140909E+02
 -.275321E+00 -.421414E+01 -.182363E+01 -.198899E+01 0.140684E+02
 -.276697E+00 -.420924E+01 -.182394E+01 -.198748E+01 0.141042E+02
 -.270692E+00 -.420944E+01 -.182360E+01 -.200187E+01 0.140456E+02
 -.276864E+00 -.421013E+01 -.181882E+01 -.198238E+01 0.140240E+02
 -.307019E+00 -.420827E+01 -.182900E+01 -.197473E+01 0.188816E+02
 -.274484E+00 -.420956E+01 -.182387E+01 -.199224E+01 0.140711E+02
 -.268004E+00 -.421397E+01 -.184136E+01 -.198675E+01 0.142947E+02
 -.268363E+00 -.423432E+01 -.183039E+01 -.196366E+01 0.143081E+02
 -.278282E+00 -.422810E+01 -.183219E+01 -.200477E+01 0.152321E+02
 -.267942E+00 -.420933E+01 -.183125E+01 -.201002E+01 0.142076E+02
 -.272355E+00 -.421219E+01 -.182226E+01 -.199103E+01 0.140314E+02
 -.251482E+00 -.420608E+01 -.182737E+01 -.199289E+01 0.152421E+02
 -.269950E+00 -.419018E+01 -.182293E+01 -.198025E+01 0.142202E+02
 -.239262E+00 -.420857E+01 -.182254E+01 -.209763E+01 0.142417E+02
 -.272345E+00 -.421041E+01 -.181843E+01 -.199241E+01 0.140584E+02
 -.272581E+00 -.420683E+01 -.183301E+01 -.199488E+01 0.143464E+02
 -.269507E+00 -.420649E+01 -.181840E+01 -.198497E+01 0.142755E+02
 -.280873E+00 -.420736E+01 -.181995E+01 -.197556E+01 0.140640E+02
 -.258777E+00 -.420580E+01 -.182416E+01 -.199526E+01 0.145710E+02
 -.272208E+00 -.414980E+01 -.189275E+01 -.193561E+01 0.190904E+02
 -.273506E+00 -.420867E+01 -.182355E+01 -.198647E+01 0.140197E+02
 -.266383E+00 -.421008E+01 -.182408E+01 -.197604E+01 0.144000E+02
 -.272592E+00 -.422994E+01 -.182497E+01 -.198781E+01 0.140813E+02
 -.269575E+00 -.420985E+01 -.182769E+01 -.196865E+01 0.141822E+02
 -.263968E+00 -.420758E+01 -.182622E+01 -.199654E+01 0.141076E+02
 -.272801E+00 -.420927E+01 -.182381E+01 -.198969E+01 0.140201E+02
 -.278952E+00 -.421342E+01 -.182750E+01 -.198292E+01 0.142873E+02
 -.260080E+00 -.424540E+01 -.182396E+01 -.198837E+01 0.148100E+02
 -.273766E+00 -.421046E+01 -.181081E+01 -.198168E+01 0.144149E+02
 -.274416E+00 -.421242E+01 -.182376E+01 -.201238E+01 0.143273E+02
 -.272372E+00 -.421069E+01 -.182292E+01 -.199353E+01 0.140332E+02
 -.257973E+00 -.421390E+01 -.182643E+01 -.198835E+01 0.146854E+02
 -.292388E+00 -.421139E+01 -.182890E+01 -.197841E+01 0.158186E+02
 -.271043E+00 -.420962E+01 -.182217E+01 -.202254E+01 0.142341E+02
 -.271229E+00 -.420703E+01 -.179753E+01 -.197745E+01 0.161662E+02
 -.225411E+00 -.420919E+01 -.184307E+01 -.200706E+01 0.172161E+02
 -.271452E+00 -.420995E+01 -.182186E+01 -.198887E+01 0.140492E+02
 -.285138E+00 -.421361E+01 -.181513E+01 -.198623E+01 0.142070E+02
 -.271207E+00 -.420933E+01 -.182417E+01 -.198936E+01 0.140321E+02
 -.272404E+00 -.421008E+01 -.182401E+01 -.198909E+01 0.140185E+02
 -.269475E+00 -.420969E+01 -.183517E+01 -.201899E+01 0.148057E+02
 -.273835E+00 -.420280E+01 -.182409E+01 -.198294E+01 0.140373E+02
 -.272073E+00 -.418753E+01 -.182264E+01 -.198354E+01 0.141411E+02
 -.284528E+00 -.419289E+01 -.183501E+01 -.195324E+01 0.144726E+02
 -.272734E+00 -.420892E+01 -.182444E+01 -.198226E+01 0.140257E+02
 -.271284E+00 -.423657E+01 -.182408E+01 -.197617E+01 0.142127E+02
 -.272620E+00 -.421361E+01 -.181193E+01 -.198836E+01 0.142991E+02
 -.261901E+00 -.421872E+01 -.183099E+01 -.211326E+01 0.169087E+02
 -.272576E+00 -.414756E+01 -.182505E+01 -.199037E+01 0.147055E+02
 -.255199E+00 -.421047E+01 -.182504E+01 -.198219E+01 0.153903E+02
 -.263365E+00 -.420841E+01 -.180920E+01 -.198762E+01 0.156141E+02
 -.272901E+00 -.415911E+01 -.182507E+01 -.193120E+01 0.156609E+02
 -.265052E+00 -.420656E+01 -.182415E+01 -.200820E+01 0.140370E+02
 -.260237E+00 -.420551E+01 -.182337E+01 -.202617E+01 0.140476E+02
 -.274852E+00 -.421357E+01 -.181910E+01 -.197515E+01 0.141259E+02
 -.263765E+00 -.419086E+01 -.181563E+01 -.204403E+01 0.140890E+02
 -.272409E+00 -.421127E+01 -.183460E+01 -.199865E+01 0.145094E+02
 -.266513E+00 -.419411E+01 -.182123E+01 -.217312E+01 0.194375E+02
 -.272683E+00 -.419979E+01 -.181836E+01 -.211756E+01 0.175087E+02
 -.271975E+00 -.420778E+01 -.182721E+01 -.198415E+01 0.140321E+02
 -.272650E+00 -.421074E+01 -.181819E+01 -.198909E+01 0.140793E+02
 -.269437E+00 -.421540E+01 -.182459E+01 -.203994E+01 0.146082E+02
 -.273689E+00 -.420962E+01 -.182297E+01 -.199674E+01 0.140541E+02
 -.273446E+00 -.423258E+01 -.182492E+01 -.200927E+01 0.143435E+02
 -.280709E+00 -.421310E+01 -.182031E+01 -.198016E+01 0.140970E+02
 -.168648E+00 -.422842E+01 -.183093E+01 -.259692E+01 0.152865E+02
 -.255344E+00 -.421059E+01 -.184580E+01 -.202325E+01 0.143403E+02
 -.266096E+00 -.420957E+01 -.182347E+01 -.205010E+01 0.144585E+02
 -.242789E+00 -.421415E+01 -.181920E+01 -.206672E+01 0.146946E+02
 -.301425E+00 -.421719E+01 -.181122E+01 -.184157E+01 0.179351E+02
 -.242715E+00 -.420417E+01 -.182525E+01 -.198701E+01 0.175539E+02
 -.271119E+00 -.421925E+01 -.179446E+01 -.205852E+01 0.141144E+02
 -.327482E+00 -.422121E+01 -.177180E+01 -.196159E+01 0.148945E+02
 -.239349E+00 -.420941E+01 -.182894E+01 -.199228E+01 0.173694E+02
 -.269840E+00 -.421361E+01 -.181575E+01 -.198966E+01 0.142826E+02
 -.275938E+00 -.420771E+01 -.182383E+01 -.199437E+01 0.141432E+02
 -.214815E+00 -.419688E+01 -.191227E+01 -.197689E+01 0.144086E+02
 -.271438E+00 -.420728E+01 -.184357E+01 -.200813E+01 0.154867E+02
 -.272350E+00 -.421351E+01 -.183722E+01 -.199645E+01 0.146242E+02
 -.264015E+00 -.421503E+01 -.182751E+01 -.198887E+01 0.141629E+02
 -.253907E+00 -.421139E+01 -.183231E+01 -.207637E+01 0.145279E+02
 -.266659E+00 -.420933E+01 -.181700E+01 -.199337E+01 0.143701E+02
 -.272654E+00 -.419295E+01 -.178493E+01 -.197730E+01 0.178308E+02
 -.272184E+00 -.421745E+01 -.182400E+01 -.197731E+01 0.140857E+02
 -.271662E+00 -.420909E+01 -.183129E+01 -.198880E+01 0.141230E+02
 -.254183E+00 -.421158E+01 -.182932E+01 -.199587E+01 0.146403E+02
 -.272851E+00 -.420992E+01 -.182291E+01 -.198937E+01 0.140308E+02
 -.271247E+00 -.421442E+01 -.182723E+01 -.198756E+01 0.140264E+02
 -.270209E+00 -.420314E+01 -.179895E+01 -.195668E+01 0.175429E+02
 -.264788E+00 -.420679E+01 -.182432E+01 -.202188E+01 0.140460E+02
 -.272521E+00 -.420985E+01 -.182418E+01 -.198932E+01 0.140195E+02
 -.270008E+00 -.420904E+01 -.182484E+01 -.200722E+01 0.140852E+02
 -.272333E+00 -.421233E+01 -.181444E+01 -.206334E+01 0.147808E+02
 -.258886E+00 -.420854E+01 -.181851E+01 -.200131E+01 0.147935E+02
 -.257010E+00 -.421738E+01 -.183907E+01 -.196065E+01 0.147268E+02
 -.273827E+00 -.420759E+01 -.183202E+01 -.198816E+01 0.142564E+02
 -.264629E+00 -.418175E+01 -.186350E+01 -.192307E+01 0.142423E+02
 -.271867E+00 -.420945E+01 -.182399E+01 -.198871E+01 0.140311E+02
 -.271557E+00 -.421125E+01 -.182381E+01 -.199059E+01 0.140307E+02
 -.272214E+00 -.421188E+01 -.182524E+01 -.198911E+01 0.140229E+02
 -.271816E+00 -.420713E+01 -.182040E+01 -.203527E+01 0.144392E+02
 -.273069E+00 -.420863E+01 -.182515E+01 -.204742E+01 0.152851E+02
 -.282665E+00 -.420148E+01 -.182509E+01 -.196005E+01 0.140981E+02
 -.266720E+00 -.420409E+01 -.182437E+01 -.207188E+01 0.151999E+02
 -.274658E+00 -.420942E+01 -.182721E+01 -.201438E+01 0.146230E+02
 -.265874E+00 -.420738E+01 -.181697E+01 -.198298E+01 0.147219E+02
 -.292931E+00 -.419843E+01 -.177963E+01 -.201502E+01 0.141228E+02
 -.259366E+00 -.421604E+01 -.182153E+01 -.195878E+01 0.163260E+02
 -.271000E+00 -.420453E+01 -.182362E+01 -.195255E+01 0.146806E+02
 -.263764E+00 -.421046E+01 -.181576E+01 -.212080E+01 0.155347E+02
 -.272730E+00 -.420901E+01 -.182830E+01 -.202257E+01 0.147260E+02
 -.268703E+00 -.420677E+01 -.182591E+01 -.193566E+01 0.154662E+02
 -.266648E+00 -.420974E+01 -.182279E+01 -.200665E+01 0.140335E+02
 -.272520E+00 -.421240E+01 -.182279E+01 -.204471E+01 0.149358E+02
 -.271047E+00 -.421057E+01 -.183332E+01 -.198040E+01 0.140833E+02
 -.263367E+00 -.420962E+01 -.182868E+01 -.203911E+01 0.143164E+02
 -.267527E+00 -.421005E+01 -.182294E+01 -.199279E+01 0.141014E+02
 -.272967E+00 -.418830E+01 -.182362E+01 -.201480E+01 0.143263E+02
 -.270636E+00 -.420897E+01 -.182422E+01 -.199053E+01 0.140330E+02
 -.271796E+00 -.421214E+01 -.182402E+01 -.198871E+01 0.140320E+02
 -.280655E+00 -.420919E+01 -.178482E+01 -.198974E+01 0.154054E+02
 -.291456E+00 -.420511E+01 -.183685E+01 -.199569E+01 0.178248E+02
 -.272656E+00 -.421011E+01 -.182239E+01 -.198989E+01 0.140308E+02
 -.275195E+00 -.421122E+01 -.182531E+01 -.198915E+01 0.140980E+02
 -.278276E+00 -.420899E+01 -.188102E+01 -.188519E+01 0.148923E+02
 -.271498E+00 -.421019E+01 -.182383E+01 -.200287E+01 0.140732E+02
 -.269840E+00 -.421000E+01 -.182502E+01 -.199326E+01 0.140300E+02
 -.269744E+00 -.421273E+01 -.182394E+01 -.197149E+01 0.142688E+02
 -.295600E+00 -.421419E+01 -.191779E+01 -.174649E+01 0.150990E+02
 -.279310E+00 -.421095E+01 -.182420E+01 -.198863E+01 0.142648E+02
 -.277394E+00 -.420963E+01 -.182911E+01 -.198970E+01 0.143892E+02
 -.260803E+00 -.417031E+01 -.182939E+01 -.196334E+01 0.152647E+02
 -.270377E+00 -.421531E+01 -.183620E+01 -.198351E+01 0.141715E+02
 -.260749E+00 -.420993E+01 -.182669E+01 -.201998E+01 0.140312E+02
 -.272216E+00 -.421050E+01 -.182185E+01 -.199017E+01 0.140344E+02
 -.278192E+00 -.420592E+01 -.182822E+01 -.198106E+01 0.142376E+02
 -.274865E+00 -.419352E+01 -.182867E+01 -.199051E+01 0.142538E+02
 -.239249E+00 -.420878E+01 -.182191E+01 -.207476E+01 0.146660E+02
 -.272901E+00 -.420979E+01 -.182459E+01 -.199641E+01 0.140608E+02
 -.273792E+00 -.422055E+01 -.183575E+01 -.198931E+01 0.144939E+02
 -.271006E+00 -.420219E+01 -.184631E+01 -.197673E+01 0.145752E+02
 -.289214E+00 -.421040E+01 -.181794E+01 -.201579E+01 0.157946E+02
 -.254104E+00 -.420818E+01 -.186379E+01 -.192938E+01 0.143597E+02
 -.279563E+00 -.420810E+01 -.182272E+01 -.198630E+01 0.141851E+02
 -.275768E+00 -.419184E+01 -.187459E+01 -.195682E+01 0.178412E+02
 -.271714E+00 -.420868E+01 -.182324E+01 -.198840E+01 0.140354E+02
 -.268465E+00 -.421007E+01 -.182334E+01 -.195063E+01 0.150582E+02
 -.274748E+00 -.421009E+01 -.182477E+01 -.199425E+01 0.141194E+02
 -.272874E+00 -.421019E+01 -.182515E+01 -.195437E+01 0.143641E+02
 -.265458E+00 -.420005E+01 -.181821E+01 -.198478E+01 0.146385E+02
 -.270600E+00 -.421417E+01 -.182386E+01 -.199030E+01 0.140386E+02
 -.270602E+00 -.421574E+01 -.182191E+01 -.198153E+01 0.141428E+02
 -.282213E+00 -.423082E+01 -.183336E+01 -.199142E+01 0.153854E+02
 -.272911E+00 -.420914E+01 -.178971E+01 -.197830E+01 0.168548E+02
 -.271894E+00 -.420769E+01 -.182381E+01 -.200778E+01 0.141329E+02
 -.273143E+00 -.421198E+01 -.182614E+01 -.199145E+01 0.140730E+02
 -.261337E+00 -.421639E+01 -.183324E+01 -.199021E+01 0.141000E+02
 -.271701E+00 -.420970E+01 -.182223E+01 -.201377E+01 0.141480E+02
 -.272042E+00 -.421350E+01 -.184320E+01 -.204444E+01 0.174566E+02
 -.258408E+00 -.421008E+01 -.181801E+01 -.198054E+01 0.157524E+02
 -.268712E+00 -.421048E+01 -.181950E+01 -.198634E+01 0.142485E+02
 -.266765E+00 -.420146E+01 -.185658E+01 -.198236E+01 0.151290E+02
 -.274080E+00 -.420963E+01 -.182443E+01 -.198926E+01 0.140513E+02
 -.272075E+00 -.421077E+01 -.182406E+01 -.198807E+01 0.140313E+02
 -.264686E+00 -.420973E+01 -.183016E+01 -.200550E+01 0.140410E+02
 -.271870E+00 -.421006E+01 -.182374E+01 -.197045E+01 0.141773E+02
 -.272934E+00 -.422776E+01 -.182537E+01 -.199585E+01 0.141248E+02
 -.261468E+00 -.419668E+01 -.184584E+01 -.195586E+01 0.141850E+02
 -.271759E+00 -.421168E+01 -.182621E+01 -.198901E+01 0.140246E+02
 -.273004E+00 -.421336E+01 -.185170E+01 -.192922E+01 0.141219E+02
 -.272588E+00 -.423517E+01 -.182403E+01 -.198340E+01 0.141279E+02
 -.273365E+00 -.420120E+01 -.180573E+01 -.199301E+01 0.144887E+02
 -.272280E+00 -.420610E+01 -.182355E+01 -.199054E+01 0.140329E+02
 -.285050E+00 -.421034E+01 -.182458E+01 -.199593E+01 0.150305E+02
 -.268655E+00 -.421067E+01 -.181167E+01 -.199005E+01 0.146020E+02
 -.261236E+00 -.418389E+01 -.182187E+01 -.204779E+01 0.141778E+02
 -.265271E+00 -.420079E+01 -.182193E+01 -.203103E+01 0.140832E+02
 -.261796E+00 -.420910E+01 -.182319E+01 -.200204E+01 0.142394E+02
 -.274565E+00 -.422559E+01 -.182343E+01 -.197663E+01 0.140752E+02
 -.270526E+00 -.417153E+01 -.182372E+01 -.203505E+01 0.147321E+02
 -.271880E+00 -.421617E+01 -.181225E+01 -.199962E+01 0.141524E+02
 -.272108E+00 -.420586E+01 -.182660E+01 -.206996E+01 0.162318E+02
 -.272199E+00 -.421133E+01 -.183547E+01 -.197909E+01 0.141661E+02
 -.272541E+00 -.420811E+01 -.182612E+01 -.198915E+01 0.140445E+02
 -.274520E+00 -.420923E+01 -.182324E+01 -.199851E+01 0.141015E+02
 -.274075E+00 -.421018E+01 -.182868E+01 -.199652E+01 0.142609E+02
 -.270749E+00 -.420579E+01 -.183718E+01 -.197758E+01 0.141390E+02
 -.276905E+00 -.421633E+01 -.179839E+01 -.199128E+01 0.146567E+02
 -.251035E+00 -.420904E+01 -.181311E+01 -.199672E+01 0.169805E+02
 -.273099E+00 -.420996E+01 -.182208E+01 -.207267E+01 0.159939E+02
 -.269214E+00 -.420718E+01 -.180266E+01 -.200660E+01 0.147157E+02
 -.307485E+00 -.419471E+01 -.181482E+01 -.198386E+01 0.172847E+02
 -.268882E+00 -.420489E+01 -.182214E+01 -.201283E+01 0.140508E+02
 -.272991E+00 -.422570E+01 -.177550E+01 -.198022E+01 0.191924E+02
 -.302225E+00 -.420950E+01 -.183075E+01 -.195251E+01 0.163872E+02
 -.245509E+00 -.421132E+01 -.183996E+01 -.199254E+01 0.148501E+02
 -.266421E+00 -.420022E+01 -.183133E+01 -.198879E+01 0.140454E+02
 -.262072E+00 -.421521E+01 -.181469E+01 -.201036E+01 0.144934E+02
 -.232970E+00 -.420668E+01 -.185257E+01 -.196198E+01 0.169044E+02
 -.271856E+00 -.420895E+01 -.180414E+01 -.198934E+01 0.148418E+02
 -.272433E+00 -.420960E+01 -.181850E+01 -.199881E+01 0.140312E+02
 -.268792E+00 -.421224E+01 -.182601E+01 -.198804E+01 0.140502E+02
 -.267953E+00 -.421125E+01 -.183734E+01 -.205620E+01 0.162894E+02
 -.267660E+00 -.420935E+01 -.181962E+01 -.198483E+01 0.143427E+02
 -.273445E+00 -.421959E+01 -.182347E+01 -.199365E+01 0.140534E+02
 -.265419E+00 -.421093E+01 -.182000E+01 -.198657E+01 0.144573E+02
 -.271825E+00 -.420770E+01 -.182552E+01 -.200269E+01 0.141036E+02
 -.272464E+00 -.421082E+01 -.182429E+01 -.198881E+01 0.140193E+02
 -.272342E+00 -.421520E+01 -.182565E+01 -.200317E+01 0.141406E+02
 -.271949E+00 -.423351E+01 -.181818E+01 -.194106E+01 0.155667E+02
 -.267798E+00 -.420734E+01 -.182430E+01 -.199741E+01 0.140406E+02
 -.273254E+00 -.420992E+01 -.182428E+01 -.198861E+01 0.140242E+02
 -.278431E+00 -.421344E+01 -.181194E+01 -.197425E+01 0.142010E+02
 -.277615E+00 -.419483E+01 -.182935E+01 -.199707E+01 0.146286E+02
 -.262407E+00 -.420940E+01 -.182818E+01 -.201627E+01 0.140313E+02
 -.273149E+00 -.420363E+01 -.180968E+01 -.198768E+01 0.143988E+02
 -.266301E+00 -.416340E+01 -.182351E+01 -.192249E+01 0.175039E+02
 -.272161E+00 -.420790E+01 -.182403E+01 -.198910E+01 0.140314E+02
 -.272238E+00 -.420823E+01 -.182382E+01 -.198939E+01 0.140312E+02
 -.249052E+00 -.420515E+01 -.179236E+01 -.222037E+01 0.143898E+02
 -.274235E+00 -.422594E+01 -.182649E+01 -.198900E+01 0.141334E+02
 -.267639E+00 -.421036E+01 -.182534E+01 -.194455E+01 0.152460E+02
 -.272366E+00 -.420692E+01 -.182396E+01 -.202063E+01 0.143719E+02
 -.282329E+00 -.422335E+01 -.183298E+01 -.198496E+01 0.150660E+02
 -.268366E+00 -.418521E+01 -.182837E+01 -.202304E+01 0.144310E+02
 -.248834E+00 -.421191E+01 -.184543E+01 -.193674E+01 0.164226E+02
 -.282807E+00 -.421037E+01 -.182605E+01 -.198900E+01 0.146629E+02
 -.276428E+00 -.420668E+01 -.181859E+01 -.201567E+01 0.142785E+02
 -.273136E+00 -.418568E+01 -.182241E+01 -.212988E+01 0.191100E+02
 -.258459E+00 -.421007E+01 -.182002E+01 -.208889E+01 0.144207E+02
 -.272521E+00 -.420898E+01 -.182464E+01 -.200456E+01 0.141276E+02
 -.259424E+00 -.421072E+01 -.182015E+01 -.199993E+01 0.146530E+02
 -.271789E+00 -.433280E+01 -.180612E+01 -.203478E+01 0.158125E+02
 -.269739E+00 -.421060E+01 -.184293E+01 -.198560E+01 0.144758E+02
 -.263862E+00 -.421018E+01 -.182461E+01 -.203587E+01 0.141371E+02
 -.272348E+00 -.421048E+01 -.182347E+01 -.198274E+01 0.140471E+02
 -.265234E+00 -.420724E+01 -.182346E+01 -.208758E+01 0.154305E+02
 -.268600E+00 -.420897E+01 -.182313E+01 -.198576E+01 0.141345E+02
 -.272758E+00 -.421169E+01 -.182396E+01 -.198816E+01 0.140195E+02
 -.291987E+00 -.420871E+01 -.179796E+01 -.199204E+01 0.140739E+02
 -.247672E+00 -.421989E+01 -.182716E+01 -.198470E+01 0.163099E+02
 -.272386E+00 -.421010E+01 -.182664E+01 -.198770E+01 0.140416E+02
 -.271618E+00 -.421316E+01 -.179822E+01 -.198538E+01 0.155983E+02
 -.270751E+00 -.420517E+01 -.182427E+01 -.198927E+01 0.140382E+02
 -.278175E+00 -.421079E+01 -.188743E+01 -.188284E+01 0.153414E+02
 -.270666E+00 -.420952E+01 -.182394E+01 -.198168E+01 0.140846E+02
 -.270635E+00 -.421002E+01 -.182521E+01 -.198698E+01 0.140366E+02
 -.265596E+00 -.421302E+01 -.182394E+01 -.199093E+01 0.141763E+02
 -.269369E+00 -.421421E+01 -.182415E+01 -.196106E+01 0.145330E+02
 -.274907E+00 -.421164E+01 -.182374E+01 -.198502E+01 0.140389E+02
 -.264313E+00 -.421473E+01 -.181550E+01 -.199895E+01 0.145235E+02
 -.270850E+00 -.417738E+01 -.183194E+01 -.199946E+01 0.144065E+02
 -.266855E+00 -.418988E+01 -.181737E+01 -.198367E+01 0.146464E+02
 -.268191E+00 -.420918E+01 -.182228E+01 -.200744E+01 0.140280E+02
 -.272119E+00 -.420949E+01 -.182354E+01 -.198938E+01 0.140307E+02
 -.268761E+00 -.421020E+01 -.185027E+01 -.203858E+01 0.175273E+02
 -.279509E+00 -.420873E+01 -.182322E+01 -.198354E+01 0.141618E+02
 -.272078E+00 -.421980E+01 -.184093E+01 -.197665E+01 0.143642E+02
 -.298545E+00 -.420920E+01 -.182971E+01 -.196766E+01 0.164646E+02
 -.273348E+00 -.420973E+01 -.182025E+01 -.199715E+01 0.140337E+02
 -.273499E+00 -.422693E+01 -.182873E+01 -.198864E+01 0.141665E+02
 -.273341E+00 -.422055E+01 -.185722E+01 -.198148E+01 0.162245E+02
 -.284632E+00 -.420560E+01 -.182051E+01 -.202142E+01 0.155750E+02
 -.242740E+00 -.420687E+01 -.179773E+01 -.211324E+01 0.153773E+02
 -.279399E+00 -.421037E+01 -.182278E+01 -.198920E+01 0.142217E+02
 -.274455E+00 -.424334E+01 -.180429E+01 -.196979E+01 0.153457E+02
 -.272382E+00 -.421057E+01 -.182419E+01 -.198973E+01 0.140194E+02
 -.215876E+00 -.419777E+01 -.186700E+01 -.209293E+01 0.141550E+02
 -.268763E+00 -.420940E+01 -.182354E+01 -.202485E+01 0.141949E+02
 -.273058E+00 -.419798E+01 -.182343E+01 -.198289E+01 0.140503E+02
 -.272876E+00 -.421000E+01 -.182644E+01 -.203418E+01 0.149248E+02
 -.271945E+00 -.421653E+01 -.181581E+01 -.198141E+01 0.143028E+02
 -.271532E+00 -.421443E+01 -.182439E+01 -.198982E+01 0.140339E+02
 -.265163E+00 -.421698E+01 -.183082E+01 -.198960E+01 0.140553E+02
 -.290990E+00 -.417805E+01 -.182485E+01 -.199297E+01 0.159632E+02
 -.272928E+00 -.421051E+01 -.181318E+01 -.198406E+01 0.143036E+02
 -.268628E+00 -.420713E+01 -.182427E+01 -.198428E+01 0.141204E+02
 -.271840E+00 -.421516E+01 -.186528E+01 -.183554E+01 0.167690E+02
 -.270065E+00 -.420859E+01 -.182622E+01 -.198747E+01 0.140344E+02
 -.285112E+00 -.421140E+01 -.183273E+01 -.199378E+01 0.157937E+02
 -.275144E+00 -.420974E+01 -.182186E+01 -.198551E+01 0.140206E+02
 -.273080E+00 -.421838E+01 -.185344E+01 -.200046E+01 0.167050E+02
 -.279430E+00 -.420967E+01 -.180029E+01 -.198601E+01 0.144416E+02
 -.274407E+00 -.421064E+01 -.181658E+01 -.198647E+01 0.140835E+02
 -.259724E+00 -.421599E+01 -.185151E+01 -.198513E+01 0.142346E+02
 -.273479E+00 -.421003E+01 -.182420E+01 -.198926E+01 0.140280E+02
 -.272409E+00 -.421117E+01 -.182405E+01 -.198829E+01 0.140187E+02
 -.262660E+00 -.420734E+01 -.181870E+01 -.199069E+01 0.146967E+02
 -.271990E+00 -.420914E+01 -.182390E+01 -.197966E+01 0.140671E+02
 -.272763E+00 -.422759E+01 -.182604E+01 -.199547E+01 0.141303E+02
 -.254987E+00 -.419314E+01 -.182495E+01 -.202557E+01 0.142354E+02
 -.271495E+00 -.421225E+01 -.182382E+01 -.199420E+01 0.140335E+02
 -.273526E+00 -.422325E+01 -.182385E+01 -.198972E+01 0.140547E+02
 -.273527E+00 -.420033E+01 -.183349E+01 -.198735E+01 0.142978E+02
 -.272961E+00 -.426485E+01 -.182292E+01 -.198476E+01 0.144421E+02
 -.300806E+00 -.421002E+01 -.182429E+01 -.198041E+01 0.169575E+02
 -.272544E+00 -.420721E+01 -.184679E+01 -.199073E+01 0.152637E+02
 -.262621E+00 -.423721E+01 -.182168E+01 -.208301E+01 0.149325E+02
 -.271011E+00 -.421227E+01 -.182207E+01 -.199758E+01 0.140301E+02
 -.265843E+00 -.421173E+01 -.182263E+01 -.198070E+01 0.144130E+02
 -.272070E+00 -.422227E+01 -.182677E+01 -.201872E+01 0.144728E+02
 -.273598E+00 -.416485E+01 -.182014E+01 -.202428E+01 0.146288E+02
 -.271804E+00 -.421394E+01 -.180504E+01 -.197997E+01 0.151071E+02
 -.266835E+00 -.421011E+01 -.182331E+01 -.204628E+01 0.144299E+02
 -.270951E+00 -.421130E+01 -.180902E+01 -.194964E+01 0.163222E+02
 -.272307E+00 -.421087E+01 -.183874E+01 -.199025E+01 0.145515E+02
 -.272522E+00 -.420683E+01 -.182599E+01 -.198948E+01 0.140448E+02
 -.274738E+00 -.420758E+01 -.182298E+01 -.196726E+01 0.141206E+02
 -.272484E+00 -.420969E+01 -.182360E+01 -.199509E+01 0.140447E+02
 -.266060E+00 -.419003E+01 -.184129E+01 -.197733E+01 0.141358E+02
 -.297377E+00 -.421119E+01 -.179247E+01 -.197648E+01 0.140478E+02
 -.258298E+00 -.420656E+01 -.181563E+01 -.199904E+01 0.152114E+02
 -.266723E+00 -.420998E+01 -.182360E+01 -.205415E+01 0.146175E+02
 -.279088E+00 -.421333E+01 -.182849E+01 -.200641E+01 0.149953E+02
 -.273697E+00 -.421014E+01 -.179474E+01 -.198388E+01 0.157201E+02
 -.259529E+00 -.420756E+01 -.181095E+01 -.194749E+01 0.189393E+02
 -.258563E+00 -.421179E+01 -.184125E+01 -.199516E+01 0.140408E+02
 -.266393E+00 -.419751E+01 -.182711E+01 -.199047E+01 0.140918E+02
 -.259699E+00 -.421611E+01 -.181603E+01 -.200680E+01 0.147312E+02
 -.272664E+00 -.420790E+01 -.178212E+01 -.199922E+01 0.167498E+02
 -.272472E+00 -.420680E+01 -.180514E+01 -.199112E+01 0.146470E+02
 -.275388E+00 -.421105E+01 -.182701E+01 -.198839E+01 0.141577E+02
 -.275854E+00 -.421217E+01 -.182298E+01 -.198485E+01 0.140446E+02
 -.267460E+00 -.420796E+01 -.184972E+01 -.197977E+01 0.145599E+02
 -.271416E+00 -.421043E+01 -.183879E+01 -.200064E+01 0.147610E+02
 -.273744E+00 -.421717E+01 -.182338E+01 -.199831E+01 0.140859E+02
 -.267973E+00 -.421190E+01 -.180936E+01 -.198571E+01 0.150014E+02
 -.274584E+00 -.420549E+01 -.182653E+01 -.199575E+01 0.141886E+02
 -.272964E+00 -.421070E+01 -.182468E+01 -.198896E+01 0.140252E+02
 -.272602E+00 -.420803E+01 -.182479E+01 -.198250E+01 0.140245E+02
 -.274535E+00 -.421692E+01 -.185294E+01 -.197455E+01 0.155294E+02
 -.275446E+00 -.420861E+01 -.182417E+01 -.196725E+01 0.140730E+02
 -.272518E+00 -.420982E+01 -.182352E+01 -.198859E+01 0.140309E+02
 -.208064E+00 -.421567E+01 -.195045E+01 -.197507E+01 0.181809E+02
 -.265585E+00 -.419693E+01 -.183278E+01 -.199477E+01 0.140606E+02
 -.276215E+00 -.421084E+01 -.182763E+01 -.199661E+01 0.143702E+02
 -.266180E+00 -.421094E+01 -.183922E+01 -.204064E+01 0.155250E+02
 -.273291E+00 -.420049E+01 -.181173E+01 -.198821E+01 0.142866E+02
 -.272118E+00 -.415973E+01 -.182156E+01 -.193780E+01 0.158021E+02
 -.272769E+00 -.420824E+01 -.182367E+01 -.198908E+01 0.140192E+02
 -.273198E+00 -.420722E+01 -.182387E+01 -.198934E+01 0.140236E+02
 -.274965E+00 -.422253E+01 -.182420E+01 -.198917E+01 0.140932E+02
 -.265344E+00 -.421831E+01 -.182496E+01 -.200809E+01 0.140412E+02
 -.275004E+00 -.420700E+01 -.182174E+01 -.192905E+01 0.152956E+02
 -.282644E+00 -.421097E+01 -.176722E+01 -.198581E+01 0.175537E+02
 -.268346E+00 -.418205E+01 -.181771E+01 -.201080E+01 0.141688E+02
 -.255919E+00 -.421351E+01 -.183563E+01 -.201278E+01 0.140413E+02
 -.279126E+00 -.421062E+01 -.182635E+01 -.197408E+01 0.141251E+02
 -.270668E+00 -.420985E+01 -.182369E+01 -.202142E+01 0.142573E+02
 -.272020E+00 -.419852E+01 -.182340E+01 -.208779E+01 0.166561E+02
 -.270951E+00 -.421045E+01 -.182234E+01 -.196682E+01 0.143601E+02
 -.272365E+00 -.421275E+01 -.181868E+01 -.199218E+01 0.140565E+02
 -.271047E+00 -.421110E+01 -.182250E+01 -.189871E+01 0.180901E+02
 -.259673E+00 -.420917E+01 -.182215E+01 -.200458E+01 0.143873E+02
 -.273954E+00 -.419220E+01 -.179104E+01 -.203179E+01 0.144715E+02
 -.272861E+00 -.420991E+01 -.181219E+01 -.199196E+01 0.142099E+02
 -.271210E+00 -.420697E+01 -.182194E+01 -.197218E+01 0.142544E+02
 -.275466E+00 -.420822E+01 -.182746E+01 -.198154E+01 0.140987E+02
 -.269002E+00 -.421518E+01 -.182402E+01 -.207916E+01 0.157987E+02
 -.271205E+00 -.420916E+01 -.182390E+01 -.198569E+01 0.140459E+02
 -.273361E+00 -.421093E+01 -.182397E+01 -.198852E+01 0.140232E+02
 -.272053E+00 -.420846E+01 -.181914E+01 -.199375E+01 0.140472E+02
 -.272295E+00 -.420996E+01 -.182631E+01 -.198795E+01 0.140379E+02
 -.264290E+00 -.421012E+01 -.178032E+01 -.199196E+01 0.198481E+02
 -.269121E+00 -.420900E+01 -.182258E+01 -.198931E+01 0.140911E+02
 -.277472E+00 -.420942E+01 -.173948E+01 -.214869E+01 0.151239E+02
 -.279636E+00 -.420892E+01 -.182408E+01 -.196626E+01 0.140521E+02
 -.271528E+00 -.420992E+01 -.182390E+01 -.199573E+01 0.140369E+02
 -.269882E+00 -.421192E+01 -.181771E+01 -.199532E+01 0.141228E+02
 -.269124E+00 -.421176E+01 -.182338E+01 -.198277E+01 0.141425E+02
 -.253187E+00 -.421242E+01 -.185132E+01 -.200236E+01 0.141413E+02
 -.277476E+00 -.420422E+01 -.182555E+01 -.201940E+01 0.149758E+02
 -.267403E+00 -.419698E+01 -.181960E+01 -.199030E+01 0.142844E+02
 -.279302E+00 -.420916E+01 -.182083E+01 -.199020E+01 0.141528E+02
 -.272221E+00 -.420906E+01 -.182494E+01 -.198867E+01 0.140200E+02
 -.266951E+00 -.420638E+01 -.182194E+01 -.200331E+01 0.140545E+02
 -.268633E+00 -.422406E+01 -.183260E+01 -.197295E+01 0.140839E+02
 -.279099E+00 -.420805E+01 -.182472E+01 -.190640E+01 0.155478E+02
 -.273015E+00 -.421007E+01 -.181783E+01 -.199831E+01 0.140315E+02
 -.262405E+00 -.421720E+01 -.181873E+01 -.199057E+01 0.147269E+02
 -.270486E+00 -.422377E+01 -.182339E+01 -.199429E+01 0.140597E+02
 -.260453E+00 -.420626E+01 -.182211E+01 -.201837E+01 0.141257E+02
 -.291709E+00 -.420416E+01 -.179591E+01 -.212919E+01 0.192071E+02
 -.262600E+00 -.420790E+01 -.182362E+01 -.199241E+01 0.143474E+02
 -.272073E+00 -.425392E+01 -.182573E+01 -.194027E+01 0.150586E+02
 -.272910E+00 -.421190E+01 -.182464E+01 -.199018E+01 0.140286E+02
 -.280451E+00 -.420287E+01 -.176880E+01 -.217185E+01 0.150386E+02
 -.269931E+00 -.420962E+01 -.182408E+01 -.207808E+01 0.159089E+02
 -.273062E+00 -.421604E+01 -.182471E+01 -.197084E+01 0.141000E+02
 -.302914E+00 -.428389E+01 -.178132E+01 -.199226E+01 0.147806E+02
 -.260852E+00 -.420978E+01 -.182962E+01 -.203855E+01 0.141971E+02
 -.270281E+00 -.422370E+01 -.182780E+01 -.201386E+01 0.143242E+02
 -.272867E+00 -.420607E+01 -.182413E+01 -.198924E+01 0.140232E+02
 -.261718E+00 -.421778E+01 -.183115E+01 -.199551E+01 0.140882E+02
 -.279034E+00 -.415989E+01 -.181583E+01 -.198891E+01 0.144694E+02
 -.273292E+00 -.421238E+01 -.183646E+01 -.200866E+01 0.150541E+02
 -.268403E+00 -.420954E+01 -.182415E+01 -.197433E+01 0.142896E+02
 -.269726E+00 -.420668E+01 -.182327E+01 -.198709E+01 0.140800E+02
 -.272123E+00 -.420720E+01 -.182680E+01 -.198885E+01 0.140446E+02
 -.276239E+00 -.420984E+01 -.182353E+01 -.196769E+01 0.140616E+02
 -.260173E+00 -.420934E+01 -.184534E+01 -.199715E+01 0.141702E+02
 -.280656E+00 -.420985E+01 -.181595E+01 -.198722E+01 0.140565E+02
 -.277321E+00 -.422237E+01 -.181990E+01 -.199019E+01 0.140712E+02
 -.271715E+00 -.420989E+01 -.182364E+01 -.198916E+01 0.140318E+02
 -.272655E+00 -.420892E+01 -.182400E+01 -.199009E+01 0.140207E+02
 -.263574E+00 -.420080E+01 -.181933E+01 -.199663E+01 0.144274E+02
 -.274144E+00 -.420605E+01 -.182467E+01 -.199360E+01 0.140900E+02
 -.271901E+00 -.420342E+01 -.182333E+01 -.199049E+01 0.140367E+02
 -.277746E+00 -.418319E+01 -.181829E+01 -.204356E+01 0.152233E+02
 -.272168E+00 -.421112E+01 -.182310E+01 -.199017E+01 0.140308E+02
 -.275856E+00 -.420471E+01 -.179660E+01 -.213175E+01 0.157538E+02
 -.273060E+00 -.419222E+01 -.182372E+01 -.198558E+01 0.140780E+02
 -.273271E+00 -.420816E+01 -.183698E+01 -.198342E+01 0.143642E+02
 -.268772E+00 -.426607E+01 -.182818E+01 -.205774E+01 0.158886E+02
 -.272952E+00 -.427226E+01 -.182404E+01 -.198585E+01 0.145511E+02
 -.301300E+00 -.420984E+01 -.182490E+01 -.198102E+01 0.172006E+02
 -.272174E+00 -.420595E+01 -.185092E+01 -.198598E+01 0.154453E+02
 -.276385E+00 -.419538E+01 -.182294E+01 -.197509E+01 0.140694E+02
 -.276862E+00 -.422039E+01 -.182441E+01 -.197124E+01 0.140593E+02
 -.279758E+00 -.421145E+01 -.182131E+01 -.199460E+01 0.142735E+02
 -.271038E+00 -.421669E+01 -.180240E+01 -.205269E+01 0.140649E+02
 -.268240E+00 -.421075E+01 -.181563E+01 -.201380E+01 0.140601E+02
 -.272157E+00 -.420824E+01 -.181479E+01 -.196599E+01 0.147555E+02
 -.270779E+00 -.420743E+01 -.180436E+01 -.201652E+01 0.142604E+02
 -.272311E+00 -.420570E+01 -.180527E+01 -.199798E+01 0.144741E+02
 -.272611E+00 -.420981E+01 -.182407E+01 -.198975E+01 0.140201E+02
 -.264218E+00 -.421063E+01 -.182341E+01 -.199124E+01 0.142688E+02
 -.271250E+00 -.420928E+01 -.181570E+01 -.198868E+01 0.142164E+02
 -.269288E+00 -.421410E+01 -.182450E+01 -.199771E+01 0.140323E+02
 -.296563E+00 -.421150E+01 -.183157E+01 -.198111E+01 0.171688E+02
 -.269703E+00 -.420761E+01 -.182539E+01 -.201089E+01 0.141237E+02
 -.262867E+00 -.420938E+01 -.182259E+01 -.196359E+01 0.153444E+02
 -.285222E+00 -.419378E+01 -.181802E+01 -.201274E+01 0.151029E+02
 -.298881E+00 -.423962E+01 -.182737E+01 -.196776E+01 0.163735E+02
 -.279101E+00 -.421082E+01 -.182731E+01 -.200544E+01 0.148601E+02
 -.273058E+00 -.420468E+01 -.184351E+01 -.206160E+01 0.188760E+02
 -.281172E+00 -.420964E+01 -.183781E+01 -.199814E+01 0.159451E+02
 -.277472E+00 -.421534E+01 -.182240E+01 -.199141E+01 0.141365E+02
 -.267802E+00 -.421359E+01 -.182172E+01 -.199331E+01 0.141188E+02
 -.273058E+00 -.420947E+01 -.185802E+01 -.200102E+01 0.174394E+02
 -.328367E+00 -.420938E+01 -.177315E+01 -.197177E+01 0.155200E+02
 -.272364E+00 -.420814E+01 -.181906E+01 -.198984E+01 0.140659E+02
 -.269513E+00 -.421241E+01 -.182896E+01 -.198966E+01 0.140246E+02
 -.281083E+00 -.421096E+01 -.181302E+01 -.193312E+01 0.150912E+02
 -.266955E+00 -.420739E+01 -.185774E+01 -.198299E+01 0.152943E+02
 -.271532E+00 -.420641E+01 -.177841E+01 -.199038E+01 0.182570E+02
 -.272618E+00 -.420893E+01 -.182366E+01 -.198588E+01 0.140213E+02
 -.271919E+00 -.421079E+01 -.181400E+01 -.200435E+01 0.140606E+02
 -.267093E+00 -.420412E+01 -.182941E+01 -.200454E+01 0.140759E+02
 -.272730E+00 -.420999E+01 -.182276E+01 -.198918E+01 0.140308E+02
 -.272587E+00 -.420365E+01 -.182351E+01 -.197619E+01 0.140864E+02
 -.273416E+00 -.420064E+01 -.187434E+01 -.194673E+01 0.165298E+02
 -.270414E+00 -.420819E+01 -.182394E+01 -.196530E+01 0.143539E+02
 -.272550E+00 -.420992E+01 -.182285E+01 -.198889E+01 0.140312E+02
 -.310904E+00 -.420742E+01 -.180094E+01 -.198028E+01 0.158945E+02
 -.260869E+00 -.421813E+01 -.182066E+01 -.200515E+01 0.143726E+02
 -.280294E+00 -.421105E+01 -.182256E+01 -.202642E+01 0.153326E+02
 -.243192E+00 -.421734E+01 -.182794E+01 -.197780E+01 0.176091E+02
 -.273314E+00 -.420611E+01 -.182812E+01 -.198951E+01 0.141053E+02
 -.275634E+00 -.422641E+01 -.183638E+01 -.195477E+01 0.141192E+02
 -.272880E+00 -.421004E+01 -.182367E+01 -.198907E+01 0.140193E+02
 -.272304E+00 -.420945E+01 -.182407E+01 -.199168E+01 0.140351E+02
 -.240854E+00 -.421530E+01 -.181176E+01 -.224621E+01 0.152803E+02
 -.271968E+00 -.420057E+01 -.182313E+01 -.198918E+01 0.140457E+02
 -.273709E+00 -.422236E+01 -.182417E+01 -.205485E+01 0.156047E+02
 -.278418E+00 -.416102E+01 -.179595E+01 -.205772E+01 0.145819E+02
 -.277910E+00 -.421007E+01 -.182033E+01 -.195797E+01 0.141905E+02
 -.281269E+00 -.421529E+01 -.179842E+01 -.198976E+01 0.143173E+02
 -.287913E+00 -.423689E+01 -.180495E+01 -.196848E+01 0.141655E+02
 -.262170E+00 -.420960E+01 -.181204E+01 -.205607E+01 0.140464E+02
 -.252550E+00 -.420847E+01 -.182694E+01 -.201706E+01 0.144114E+02
 -.264851E+00 -.421118E+01 -.182736E+01 -.197615E+01 0.143397E+02
 -.270628E+00 -.422352E+01 -.182516E+01 -.197883E+01 0.141117E+02
 -.280079E+00 -.421063E+01 -.182209E+01 -.193751E+01 0.144027E+02
 -.272778E+00 -.421432E+01 -.181880E+01 -.198744E+01 0.140794E+02
 -.269158E+00 -.421188E+01 -.181562E+01 -.200234E+01 0.141317E+02
 -.273452E+00 -.420853E+01 -.183087E+01 -.199605E+01 0.143239E+02
 -.275714E+00 -.412841E+01 -.183359E+01 -.202412E+01 0.168131E+02
 -.274006E+00 -.420984E+01 -.182007E+01 -.198300E+01 0.140587E+02
 -.269389E+00 -.420656E+01 -.182638E+01 -.198405E+01 0.140581E+02
 -.249716E+00 -.419252E+01 -.182832E+01 -.193176E+01 0.197990E+02
 -.267669E+00 -.420847E+01 -.182722E+01 -.201355E+01 0.141229E+02
 -.275293E+00 -.420671E+01 -.182379E+01 -.201513E+01 0.144726E+02
 -.273338E+00 -.420936E+01 -.182476E+01 -.199077E+01 0.140493E+02
 -.272573E+00 -.421049E+01 -.182403E+01 -.198876E+01 0.140189E+02
 -.257213E+00 -.421048E+01 -.183857E+01 -.199256E+01 0.140840E+02
 -.259560E+00 -.418982E+01 -.186746E+01 -.201454E+01 0.168974E+02
 -.272247E+00 -.420987E+01 -.182489E+01 -.198889E+01 0.140202E+02
 -.256554E+00 -.420534E+01 -.183753E+01 -.201581E+01 0.140439E+02
 -.271017E+00 -.421000E+01 -.182191E+01 -.198938E+01 0.140537E+02
 -.280480E+00 -.420987E+01 -.182414E+01 -.197666E+01 0.141467E+02
 -.269793E+00 -.420937E+01 -.182336E+01 -.199805E+01 0.140289E+02
 -.283375E+00 -.420986E+01 -.181910E+01 -.197701E+01 0.141283E+02
 -.280783E+00 -.420939E+01 -.183165E+01 -.197278E+01 0.144103E+02
 -.295594E+00 -.420469E+01 -.175645E+01 -.200700E+01 0.152644E+02
 -.268605E+00 -.421120E+01 -.182320E+01 -.198934E+01 0.140934E+02
 -.258401E+00 -.420964E+01 -.184950E+01 -.199636E+01 0.142285E+02
 -.269493E+00 -.420814E+01 -.182630E+01 -.200811E+01 0.141106E+02
 -.272286E+00 -.422197E+01 -.182934E+01 -.200382E+01 0.143319E+02
 -.274059E+00 -.420924E+01 -.182108E+01 -.198711E+01 0.140328E+02
 -.272541E+00 -.420934E+01 -.182492E+01 -.198829E+01 0.140213E+02
 -.286773E+00 -.420881E+01 -.183255E+01 -.187522E+01 0.153644E+02
 -.261984E+00 -.420698E+01 -.182424E+01 -.201911E+01 0.140383E+02
 -.267370E+00 -.422316E+01 -.182506E+01 -.199354E+01 0.140845E+02
 -.255927E+00 -.420473E+01 -.182253E+01 -.212110E+01 0.151001E+02
 -.272857E+00 -.421018E+01 -.181801E+01 -.200261E+01 0.140303E+02
 -.260681E+00 -.420268E+01 -.182448E+01 -.199247E+01 0.144578E+02
 -.268971E+00 -.421909E+01 -.179860E+01 -.199062E+01 0.157538E+02
 -.265525E+00 -.421042E+01 -.181368E+01 -.198237E+01 0.150565E+02
 -.268760E+00 -.420616E+01 -.182327E+01 -.199408E+01 0.140541E+02
 -.273472E+00 -.425627E+01 -.185520E+01 -.195390E+01 0.151162E+02
 -.272565E+00 -.421053E+01 -.182402E+01 -.199012E+01 0.140203E+02
 -.289656E+00 -.420228E+01 -.178761E+01 -.205346E+01 0.145116E+02
 -.268493E+00 -.421016E+01 -.182352E+01 -.199560E+01 0.140457E+02
 -.274648E+00 -.422234E+01 -.182538E+01 -.199196E+01 0.141340E+02
 -.253252E+00 -.420969E+01 -.183041E+01 -.200290E+01 0.144699E+02
 -.260325E+00 -.421027E+01 -.183175E+01 -.205670E+01 0.146245E+02
 -.273182E+00 -.420834E+01 -.182405E+01 -.198989E+01 0.140254E+02
 -.273984E+00 -.420753E+01 -.182107E+01 -.198841E+01 0.140323E+02
 -.263258E+00 -.421487E+01 -.182160E+01 -.198551E+01 0.145807E+02
 -.273318E+00 -.421061E+01 -.184338E+01 -.202849E+01 0.168250E+02
 -.270291E+00 -.421091E+01 -.182389E+01 -.198865E+01 0.140461E+02
 -.265311E+00 -.421576E+01 -.179892E+01 -.196854E+01 0.178563E+02
 -.274734E+00 -.421054E+01 -.182214E+01 -.198995E+01 0.140282E+02
 -.256003E+00 -.421157E+01 -.182617E+01 -.198560E+01 0.150288E+02
 -.273750E+00 -.421017E+01 -.182511E+01 -.196796E+01 0.140945E+02
 -.272481E+00 -.420599E+01 -.181014E+01 -.205502E+01 0.143391E+02
 -.254499E+00 -.420962E+01 -.186090E+01 -.199662E+01 0.146026E+02
 -.276815E+00 -.420982E+01 -.182592E+01 -.198726E+01 0.141726E+02
 -.273178E+00 -.421384E+01 -.180999E+01 -.198833E+01 0.143549E+02
 -.271823E+00 -.420957E+01 -.182378E+01 -.198919E+01 0.140311E+02
 -.272515E+00 -.420917E+01 -.182398E+01 -.198975E+01 0.140193E+02
 -.266725E+00 -.420849E+01 -.182280E+01 -.200345E+01 0.140450E+02
 -.273176E+00 -.420555E+01 -.182540E+01 -.198815E+01 0.140443E+02
 -.271579E+00 -.419255E+01 -.182177E+01 -.198599E+01 0.141160E+02
 -.268966E+00 -.419026E+01 -.182633E+01 -.199512E+01 0.140872E+02
 -.272665E+00 -.420947E+01 -.182374E+01 -.198494E+01 0.140226E+02
 -.271875E+00 -.417339E+01 -.182386E+01 -.198258E+01 0.142652E+02
 -.272757E+00 -.421438E+01 -.181584E+01 -.198670E+01 0.141648E+02
 -.284307E+00 -.419461E+01 -.182520E+01 -.206557E+01 0.186867E+02
 -.272291E+00 -.420265E+01 -.182484E+01 -.199031E+01 0.140301E+02
 -.285961E+00 -.421017E+01 -.182410E+01 -.199403E+01 0.150355E+02
 -.271055E+00 -.420587E+01 -.181170E+01 -.198463E+01 0.145265E+02
 -.284463E+00 -.416862E+01 -.182421E+01 -.191110E+01 0.150395E+02
 -.272156E+00 -.422164E+01 -.182462E+01 -.199508E+01 0.140745E+02
 -.271754E+00 -.420543E+01 -.182278E+01 -.201124E+01 0.141382E+02
 -.282059E+00 -.421451E+01 -.181665E+01 -.200253E+01 0.143552E+02
 -.275912E+00 -.420392E+01 -.181487E+01 -.199028E+01 0.140574E+02
 -.267603E+00 -.424468E+01 -.182210E+01 -.199514E+01 0.142627E+02
 -.272415E+00 -.421247E+01 -.184427E+01 -.196743E+01 0.143480E+02
 -.272440E+00 -.420241E+01 -.182264E+01 -.203387E+01 0.146055E+02
 -.272427E+00 -.420510E+01 -.180941E+01 -.199118E+01 0.143879E+02
 -.272457E+00 -.421130E+01 -.182241E+01 -.198940E+01 0.140323E+02
 -.266659E+00 -.421390E+01 -.182393E+01 -.200968E+01 0.140321E+02
 -.271859E+00 -.420892E+01 -.182237E+01 -.198524E+01 0.140559E+02
 -.272144E+00 -.422737E+01 -.181144E+01 -.200520E+01 0.141395E+02
 -.260815E+00 -.421573E+01 -.181314E+01 -.198179E+01 0.158634E+02
 -.219285E+00 -.422620E+01 -.181923E+01 -.250906E+01 0.187050E+02
 -.273929E+00 -.420557E+01 -.185169E+01 -.200708E+01 0.169770E+02
 -.275210E+00 -.420969E+01 -.182287E+01 -.198677E+01 0.140406E+02
 -.231600E+00 -.419553E+01 -.181912E+01 -.202690E+01 0.188452E+02
 -.259312E+00 -.423841E+01 -.181488E+01 -.194431E+01 0.185682E+02
 -.260412E+00 -.420459E+01 -.182677E+01 -.199939E+01 0.142203E+02
 -.272151E+00 -.421484E+01 -.186283E+01 -.199590E+01 0.177282E+02
 -.292331E+00 -.421477E+01 -.180105E+01 -.196273E+01 0.140981E+02
 -.286066E+00 -.420908E+01 -.183242E+01 -.200758E+01 0.166616E+02
 -.277420E+00 -.421762E+01 -.182158E+01 -.198849E+01 0.140896E+02
 -.274899E+00 -.420740E+01 -.184215E+01 -.198825E+01 0.150351E+02
 -.232058E+00 -.420825E+01 -.192005E+01 -.197085E+01 0.172255E+02
 -.272360E+00 -.421265E+01 -.183057E+01 -.199468E+01 0.142117E+02
 -.267943E+00 -.421168E+01 -.182363E+01 -.198989E+01 0.141001E+02
 -.277875E+00 -.421035E+01 -.182724E+01 -.201883E+01 0.151633E+02
 -.262146E+00 -.420952E+01 -.181485E+01 -.199411E+01 0.149510E+02
 -.271148E+00 -.419026E+01 -.181663E+01 -.198575E+01 0.143043E+02
 -.271575E+00 -.420322E+01 -.182398E+01 -.197799E+01 0.140987E+02
 -.275620E+00 -.420981E+01 -.181841E+01 -.204794E+01 0.150439E+02
 -.262780E+00 -.420323E+01 -.182423E+01 -.200621E+01 0.141086E+02
 -.272834E+00 -.420957E+01 -.182294E+01 -.198901E+01 0.140308E+02
 -.272475E+00 -.421368E+01 -.182411E+01 -.199089E+01 0.140238E+02
 -.271493E+00 -.421451E+01 -.185981E+01 -.193518E+01 0.143982E+02
 -.265993E+00 -.420740E+01 -.182433E+01 -.202470E+01 0.140957E+02
 -.272996E+00 -.420979E+01 -.182303E+01 -.198918E+01 0.140312E+02
 -.267666E+00 -.421173E+01 -.181684E+01 -.199321E+01 0.143085E+02
 -.261681E+00 -.421048E+01 -.182153E+01 -.201383E+01 0.141400E+02
 -.271936E+00 -.421172E+01 -.181553E+01 -.198044E+01 0.143330E+02
 -.273051E+00 -.420842E+01 -.183734E+01 -.199025E+01 0.145257E+02
 -.274433E+00 -.427279E+01 -.183083E+01 -.197193E+01 0.146013E+02
 -.272243E+00 -.420906E+01 -.182409E+01 -.198907E+01 0.140312E+02
 -.271890E+00 -.421132E+01 -.182405E+01 -.199184E+01 0.140326E+02
 -.187431E+00 -.418609E+01 -.190694E+01 -.209883E+01 0.146050E+02
 -.293534E+00 -.420805E+01 -.188405E+01 -.190543E+01 0.196684E+02
 -.270522E+00 -.419935E+01 -.182649E+01 -.198912E+01 0.140345E+02
 -.269578E+00 -.420792E+01 -.182449E+01 -.195516E+01 0.146716E+02
 -.277988E+00 -.420905E+01 -.182537E+01 -.203866E+01 0.157630E+02
 -.276651E+00 -.421674E+01 -.184008E+01 -.198786E+01 0.150692E+02
 -.287106E+00 -.425759E+01 -.180493E+01 -.195620E+01 0.145666E+02
 -.267930E+00 -.420732E+01 -.183217E+01 -.202786E+01 0.146378E+02
 -.267788E+00 -.420845E+01 -.182841E+01 -.199962E+01 0.140438E+02
 -.271043E+00 -.421098E+01 -.182203E+01 -.198836E+01 0.140577E+02
 -.301122E+00 -.421157E+01 -.178772E+01 -.200720E+01 0.144472E+02
 -.271331E+00 -.423192E+01 -.182577E+01 -.191188E+01 0.164779E+02
 -.243890E+00 -.421043E+01 -.182053E+01 -.212945E+01 0.141769E+02
 -.272739E+00 -.420889E+01 -.181665E+01 -.200630E+01 0.140301E+02
 -.266514E+00 -.420819E+01 -.182389E+01 -.208145E+01 0.154530E+02
 -.282974E+00 -.420961E+01 -.183568E+01 -.200233E+01 0.162143E+02
 -.272960E+00 -.435431E+01 -.181466E+01 -.201018E+01 0.163755E+02
 -.271775E+00 -.420994E+01 -.183580E+01 -.197715E+01 0.141344E+02
 -.270063E+00 -.420887E+01 -.183095E+01 -.201180E+01 0.143837E+02
 -.267520E+00 -.420958E+01 -.182463E+01 -.203622E+01 0.143530E+02
 -.274000E+00 -.419634E+01 -.182328E+01 -.195583E+01 0.143808E+02
 -.270900E+00 -.420982E+01 -.182395E+01 -.199411E+01 0.140299E+02
 -.271761E+00 -.421013E+01 -.182405E+01 -.198916E+01 0.140308E+02
 -.267816E+00 -.420889E+01 -.182067E+01 -.199207E+01 0.141634E+02
 -.277415E+00 -.420607E+01 -.184779E+01 -.201217E+01 0.174431E+02
 -.272439E+00 -.420980E+01 -.182355E+01 -.198974E+01 0.140310E+02
 -.270107E+00 -.420769E+01 -.186463E+01 -.199330E+01 0.173706E+02
 -.278339E+00 -.420643E+01 -.182104E+01 -.198911E+01 0.141051E+02
 -.273386E+00 -.421028E+01 -.182392E+01 -.198879E+01 0.140235E+02
 -.269894E+00 -.420901E+01 -.182314E+01 -.199931E+01 0.140289E+02
 -.283698E+00 -.420840E+01 -.182383E+01 -.198099E+01 0.143994E+02
 -.277460E+00 -.420911E+01 -.188328E+01 -.186136E+01 0.143847E+02
 -.275939E+00 -.421050E+01 -.182358E+01 -.198337E+01 0.140455E+02
 -.276531E+00 -.421395E+01 -.183120E+01 -.198777E+01 0.143986E+02
 -.263288E+00 -.419626E+01 -.182551E+01 -.196502E+01 0.149878E+02
 -.268374E+00 -.423154E+01 -.183055E+01 -.199637E+01 0.141462E+02
 -.263179E+00 -.420964E+01 -.182558E+01 -.198911E+01 0.142770E+02
 -.272509E+00 -.421032E+01 -.182356E+01 -.198854E+01 0.140309E+02
 -.278425E+00 -.420859E+01 -.181244E+01 -.195878E+01 0.145162E+02
 -.266294E+00 -.420777E+01 -.182904E+01 -.202349E+01 0.142548E+02
 -.274034E+00 -.420850E+01 -.182061E+01 -.198820E+01 0.140330E+02
 -.241249E+00 -.421053E+01 -.182609E+01 -.209739E+01 0.140826E+02
 -.272725E+00 -.421014E+01 -.182261E+01 -.200160E+01 0.140740E+02
 -.270712E+00 -.421931E+01 -.183102E+01 -.199214E+01 0.141288E+02
 -.271324E+00 -.420206E+01 -.179713E+01 -.198302E+01 0.159171E+02
 -.278988E+00 -.421246E+01 -.181632E+01 -.196600E+01 0.141498E+02
 -.277977E+00 -.420930E+01 -.182284E+01 -.199206E+01 0.141806E+02
 -.292645E+00 -.421095E+01 -.182299E+01 -.197441E+01 0.150668E+02
 -.274044E+00 -.415893E+01 -.182363E+01 -.197160E+01 0.145386E+02
 -.272079E+00 -.420891E+01 -.182364E+01 -.198893E+01 0.140311E+02
 -.212662E+00 -.420017E+01 -.195190E+01 -.188863E+01 0.146672E+02
 -.267941E+00 -.421003E+01 -.182315E+01 -.195915E+01 0.148104E+02
 -.273504E+00 -.420261E+01 -.182376E+01 -.200355E+01 0.141370E+02
 -.259238E+00 -.420761E+01 -.183815E+01 -.198390E+01 0.141109E+02
 -.255004E+00 -.421002E+01 -.182694E+01 -.197019E+01 0.157827E+02
 -.262385E+00 -.420140E+01 -.181395E+01 -.206953E+01 0.141376E+02
 -.272601E+00 -.421267E+01 -.182411E+01 -.199002E+01 0.140220E+02
 -.282902E+00 -.420319E+01 -.181496E+01 -.198320E+01 0.140795E+02
 -.251955E+00 -.424677E+01 -.182838E+01 -.198743E+01 0.154642E+02
 -.273320E+00 -.421026E+01 -.179990E+01 -.198183E+01 0.153174E+02
 -.273052E+00 -.420907E+01 -.182387E+01 -.201017E+01 0.142037E+02
 -.263513E+00 -.421467E+01 -.182817E+01 -.215859E+01 0.191917E+02
 -.278355E+00 -.421332E+01 -.182269E+01 -.199100E+01 0.141925E+02
 -.265682E+00 -.421393E+01 -.182911E+01 -.199153E+01 0.140508E+02
 -.273881E+00 -.421024E+01 -.182339E+01 -.200444E+01 0.141485E+02
 -.250567E+00 -.421007E+01 -.183882E+01 -.198989E+01 0.145019E+02
 -.272146E+00 -.421016E+01 -.182197E+01 -.198667E+01 0.140475E+02
 -.259753E+00 -.420980E+01 -.184512E+01 -.198578E+01 0.140539E+02
 -.272849E+00 -.420956E+01 -.182412E+01 -.198917E+01 0.140210E+02
 -.272218E+00 -.420995E+01 -.182403E+01 -.198879E+01 0.140309E+02
 -.264480E+00 -.420812E+01 -.182789E+01 -.201083E+01 0.140355E+02
 -.272368E+00 -.420819E+01 -.182512E+01 -.198167E+01 0.140268E+02
 -.272857E+00 -.420167E+01 -.182176E+01 -.199420E+01 0.140420E+02
 -.266598E+00 -.420737E+01 -.183191E+01 -.195664E+01 0.144277E+02
 -.272163E+00 -.421101E+01 -.182570E+01 -.198235E+01 0.140314E+02
 -.269051E+00 -.421038E+01 -.185660E+01 -.189849E+01 0.144860E+02
 -.272319E+00 -.421464E+01 -.182399E+01 -.198773E+01 0.140347E+02
 -.272597E+00 -.420712E+01 -.180347E+01 -.199094E+01 0.147608E+02
 -.277470E+00 -.417006E+01 -.182325E+01 -.201411E+01 0.148550E+02
 -.272719E+00 -.416948E+01 -.182329E+01 -.199214E+01 0.142986E+02
 -.262416E+00 -.421022E+01 -.182350E+01 -.199427E+01 0.143270E+02
 -.266363E+00 -.420880E+01 -.179800E+01 -.198634E+01 0.165628E+02
 -.270197E+00 -.420220E+01 -.182490E+01 -.196437E+01 0.143539E+02
 -.267890E+00 -.420284E+01 -.182348E+01 -.200970E+01 0.140410E+02
 -.264609E+00 -.420313E+01 -.182553E+01 -.199270E+01 0.141524E+02
 -.276261E+00 -.421144E+01 -.182444E+01 -.195652E+01 0.141610E+02
 -.270164E+00 -.418786E+01 -.182500E+01 -.200533E+01 0.141470E+02
 -.271974E+00 -.421472E+01 -.182225E+01 -.202730E+01 0.143943E+02
 -.273095E+00 -.420541E+01 -.183513E+01 -.203711E+01 0.160590E+02
 -.272414E+00 -.420762E+01 -.182520E+01 -.198297E+01 0.140314E+02
 -.272338E+00 -.421065E+01 -.182429E+01 -.198881E+01 0.140188E+02
 -.271761E+00 -.421372E+01 -.182399E+01 -.200018E+01 0.140671E+02
 -.272935E+00 -.420938E+01 -.182854E+01 -.199754E+01 0.142011E+02
 -.272311E+00 -.422425E+01 -.182623E+01 -.199802E+01 0.141277E+02
 -.261354E+00 -.420752E+01 -.184894E+01 -.199094E+01 0.142992E+02
 -.280791E+00 -.421001E+01 -.182309E+01 -.203284E+01 0.157346E+02
 -.274339E+00 -.421336E+01 -.183691E+01 -.197142E+01 0.142145E+02
 -.233525E+00 -.421699E+01 -.182659E+01 -.203982E+01 0.162528E+02
 -.268173E+00 -.420743E+01 -.181933E+01 -.196198E+01 0.150002E+02
 -.257749E+00 -.420826E+01 -.182851E+01 -.199302E+01 0.144417E+02
 -.273845E+00 -.421764E+01 -.179248E+01 -.197729E+01 0.163196E+02
 -.276570E+00 -.421014E+01 -.182806E+01 -.199836E+01 0.144605E+02
 -.268758E+00 -.420677E+01 -.182795E+01 -.198708E+01 0.140374E+02
 -.277552E+00 -.421006E+01 -.184050E+01 -.201258E+01 0.163810E+02
 -.271879E+00 -.420703E+01 -.181130E+01 -.200402E+01 0.141274E+02
 -.273098E+00 -.422197E+01 -.184537E+01 -.198664E+01 0.150799E+02
 -.272461E+00 -.421133E+01 -.182258E+01 -.199748E+01 0.140440E+02
 -.267947E+00 -.421037E+01 -.182147E+01 -.198866E+01 0.141777E+02
 -.267055E+00 -.420964E+01 -.183345E+01 -.206520E+01 0.159865E+02
 -.261952E+00 -.421011E+01 -.179096E+01 -.200037E+01 0.178287E+02
 -.271779E+00 -.420165E+01 -.185795E+01 -.199364E+01 0.166819E+02
 -.272689E+00 -.421493E+01 -.182398E+01 -.199218E+01 0.140302E+02
 -.274067E+00 -.421070E+01 -.182357E+01 -.201927E+01 0.144330E+02
 -.258261E+00 -.420620E+01 -.182557E+01 -.200099E+01 0.143886E+02
 -.272579E+00 -.420954E+01 -.182465E+01 -.198896E+01 0.140213E+02
 -.272348E+00 -.421773E+01 -.182443E+01 -.200060E+01 0.141042E+02
 -.272073E+00 -.422672E+01 -.182885E+01 -.196409E+01 0.141430E+02
 -.269595E+00 -.420945E+01 -.182417E+01 -.203653E+01 0.145007E+02
 -.273302E+00 -.420985E+01 -.182342E+01 -.198916E+01 0.140207E+02
 -.259948E+00 -.421713E+01 -.183988E+01 -.197889E+01 0.141081E+02
 -.272471E+00 -.420409E+01 -.183179E+01 -.199423E+01 0.142712E+02
 -.257947E+00 -.420611E+01 -.182354E+01 -.201361E+01 0.142684E+02
 -.288637E+00 -.421301E+01 -.181771E+01 -.199102E+01 0.147370E+02
 -.272993E+00 -.420568E+01 -.183428E+01 -.199005E+01 0.143431E+02
 -.272168E+00 -.427724E+01 -.182883E+01 -.199648E+01 0.147703E+02
 -.272093E+00 -.420907E+01 -.182422E+01 -.198910E+01 0.140310E+02
 -.271906E+00 -.420706E+01 -.182343E+01 -.198840E+01 0.140341E+02
 -.270745E+00 -.420290E+01 -.182667E+01 -.198903E+01 0.140260E+02
 -.264521E+00 -.420899E+01 -.182489E+01 -.192900E+01 0.167587E+02
 -.273964E+00 -.420915E+01 -.182691E+01 -.201968E+01 0.146705E+02
 -.284808E+00 -.422351E+01 -.185117E+01 -.198472E+01 0.179608E+02
 -.259189E+00 -.420800E+01 -.181031E+01 -.203615E+01 0.144319E+02
 -.271803E+00 -.421201E+01 -.184419E+01 -.197324E+01 0.144247E+02
 -.281635E+00 -.420899E+01 -.182542E+01 -.198994E+01 0.145334E+02
 -.275320E+00 -.420957E+01 -.181883E+01 -.201615E+01 0.142487E+02
 -.295146E+00 -.420054E+01 -.174599E+01 -.198887E+01 0.176177E+02
 -.272021E+00 -.422316E+01 -.182429E+01 -.198954E+01 0.140581E+02
 -.265547E+00 -.421019E+01 -.182013E+01 -.209386E+01 0.153525E+02
 -.272565E+00 -.420632E+01 -.182256E+01 -.200696E+01 0.141166E+02
 -.270218E+00 -.420234E+01 -.182534E+01 -.212139E+01 0.183266E+02
 -.260167E+00 -.421038E+01 -.182481E+01 -.199838E+01 0.143385E+02
 -.270575E+00 -.421028E+01 -.182940E+01 -.198877E+01 0.140493E+02
 -.268338E+00 -.421071E+01 -.183406E+01 -.203008E+01 0.149234E+02
 -.253380E+00 -.419852E+01 -.182318E+01 -.212357E+01 0.149165E+02
 -.271609E+00 -.421037E+01 -.182302E+01 -.195945E+01 0.144518E+02
 -.257778E+00 -.420602E+01 -.182331E+01 -.201697E+01 0.142342E+02
 -.271067E+00 -.421022E+01 -.182342E+01 -.199179E+01 0.140314E+02
 -.272186E+00 -.421030E+01 -.182403E+01 -.198893E+01 0.140309E+02
 -.281816E+00 -.420797E+01 -.180767E+01 -.199112E+01 0.140411E+02
 -.277731E+00 -.421703E+01 -.181257E+01 -.200768E+01 0.140778E+02
 -.272530E+00 -.421004E+01 -.182419E+01 -.198885E+01 0.140192E+02
 -.278429E+00 -.421005E+01 -.184331E+01 -.198322E+01 0.154357E+02
 -.275586E+00 -.420766E+01 -.182274E+01 -.198897E+01 0.140573E+02
 -.267167E+00 -.421034E+01 -.182386E+01 -.199837E+01 0.140504E+02
 -.272536E+00 -.420969E+01 -.182317E+01 -.199673E+01 0.140480E+02
 -.269073E+00 -.421136E+01 -.182591E+01 -.199414E+01 0.140303E+02
 -.254912E+00 -.421399E+01 -.182948E+01 -.197224E+01 0.154063E+02
 -.280595E+00 -.421084E+01 -.182392E+01 -.198519E+01 0.142718E+02
 -.278716E+00 -.421708E+01 -.182479E+01 -.199269E+01 0.143378E+02
 -.259304E+00 -.419972E+01 -.183750E+01 -.198093E+01 0.141765E+02
 -.268561E+00 -.418874E+01 -.183015E+01 -.199404E+01 0.141120E+02
 -.269199E+00 -.421004E+01 -.182349E+01 -.199443E+01 0.140404E+02
 -.272245E+00 -.420919E+01 -.182374E+01 -.198888E+01 0.140308E+02
 -.263762E+00 -.420938E+01 -.184968E+01 -.202860E+01 0.158832E+02
 -.270634E+00 -.421065E+01 -.182418E+01 -.200705E+01 0.140892E+02
 -.276734E+00 -.419879E+01 -.181896E+01 -.198465E+01 0.140503E+02
 -.295285E+00 -.417897E+01 -.185962E+01 -.188869E+01 0.152913E+02
 -.272518E+00 -.421007E+01 -.182490E+01 -.199701E+01 0.140608E+02
 -.278232E+00 -.423090E+01 -.183409E+01 -.199040E+01 0.149012E+02
 -.269704E+00 -.420171E+01 -.185100E+01 -.197872E+01 0.148522E+02
 -.279995E+00 -.420979E+01 -.182188E+01 -.202772E+01 0.152526E+02
 -.243734E+00 -.420456E+01 -.180389E+01 -.202181E+01 0.188305E+02
 -.275719E+00 -.421052E+01 -.182396E+01 -.199009E+01 0.140923E+02
 -.272505E+00 -.412137E+01 -.180798E+01 -.197824E+01 0.163772E+02
 -.272037E+00 -.420937E+01 -.182365E+01 -.198929E+01 0.140308E+02
 -.266702E+00 -.420991E+01 -.182388E+01 -.200939E+01 0.140284E+02
 -.273933E+00 -.420566E+01 -.182257E+01 -.197007E+01 0.141309E+02
 -.285827E+00 -.421019E+01 -.182491E+01 -.197772E+01 0.145634E+02
 -.274063E+00 -.420556E+01 -.180634E+01 -.194313E+01 0.164934E+02
 -.271862E+00 -.421162E+01 -.182420E+01 -.198974E+01 0.140313E+02
 -.283098E+00 -.421308E+01 -.182490E+01 -.198751E+01 0.145748E+02
 -.290865E+00 -.423303E+01 -.182850E+01 -.199003E+01 0.161972E+02
 -.272736E+00 -.421185E+01 -.179810E+01 -.198051E+01 0.156577E+02
 -.269428E+00 -.420873E+01 -.182408E+01 -.200914E+01 0.140684E+02
 -.267126E+00 -.420979E+01 -.184905E+01 -.185806E+01 0.182898E+02
 -.276451E+00 -.420879E+01 -.182444E+01 -.199037E+01 0.141394E+02
 -.282877E+00 -.420853E+01 -.182417E+01 -.199498E+01 0.147110E+02
 -.273186E+00 -.420960E+01 -.182199E+01 -.199493E+01 0.140382E+02
 -.272394E+00 -.421478E+01 -.185209E+01 -.201204E+01 0.170300E+02
 -.274397E+00 -.421029E+01 -.182042E+01 -.199132E+01 0.140317E+02
 -.269207E+00 -.421022E+01 -.181912E+01 -.198740E+01 0.142172E+02
 -.263424E+00 -.420701E+01 -.186544E+01 -.198845E+01 0.158923E+02
 -.273365E+00 -.420990E+01 -.182430E+01 -.198932E+01 0.140277E+02
 -.272269E+00 -.421060E+01 -.182405E+01 -.198853E+01 0.140311E+02
 -.265164E+00 -.420287E+01 -.183435E+01 -.199067E+01 0.140416E+02
 -.271759E+00 -.421023E+01 -.182399E+01 -.198406E+01 0.140443E+02
 -.272423E+00 -.422857E+01 -.182627E+01 -.199807E+01 0.141554E+02
 -.270914E+00 -.421097E+01 -.182929E+01 -.198373E+01 0.140347E+02
 -.271753E+00 -.421129E+01 -.182506E+01 -.199255E+01 0.140254E+02
 -.273394E+00 -.423725E+01 -.182397E+01 -.199183E+01 0.141610E+02
 -.272479E+00 -.420400E+01 -.182069E+01 -.199140E+01 0.140417E+02
 -.263747E+00 -.418475E+01 -.183528E+01 -.200758E+01 0.142152E+02
 -.273071E+00 -.421556E+01 -.182396E+01 -.198331E+01 0.140272E+02
 -.262533E+00 -.421007E+01 -.182540E+01 -.198765E+01 0.143601E+02
 -.263349E+00 -.420728E+01 -.181019E+01 -.199057E+01 0.153761E+02
 -.266133E+00 -.422631E+01 -.182335E+01 -.201974E+01 0.140934E+02
 -.270669E+00 -.419018E+01 -.182139E+01 -.200024E+01 0.140886E+02
 -.268585E+00 -.420350E+01 -.182596E+01 -.199754E+01 0.140346E+02
 -.271119E+00 -.424034E+01 -.180528E+01 -.199824E+01 0.146787E+02
 -.275546E+00 -.421881E+01 -.182702E+01 -.201267E+01 0.146707E+02
 -.271783E+00 -.420217E+01 -.181787E+01 -.201069E+01 0.140469E+02
 -.271906E+00 -.420904E+01 -.180730E+01 -.203988E+01 0.140590E+02
 -.270991E+00 -.420978E+01 -.182007E+01 -.197101E+01 0.143790E+02
 -.272392E+00 -.420970E+01 -.183623E+01 -.198542E+01 0.143064E+02
 -.272288E+00 -.420944E+01 -.182563E+01 -.198847E+01 0.140237E+02
 -.273672E+00 -.420780E+01 -.182327E+01 -.198993E+01 0.140252E+02
 -.273453E+00 -.421032E+01 -.182527E+01 -.200559E+01 0.142270E+02
 -.269197E+00 -.421228E+01 -.183530E+01 -.198982E+01 0.141550E+02
 -.264320E+00 -.421083E+01 -.179813E+01 -.198591E+01 0.170144E+02
 -.244339E+00 -.421140E+01 -.181918E+01 -.200662E+01 0.169025E+02
 -.257826E+00 -.420955E+01 -.182274E+01 -.202728E+01 0.141175E+02
 -.271086E+00 -.422627E+01 -.182709E+01 -.199922E+01 0.141280E+02
 -.276741E+00 -.421074E+01 -.182714E+01 -.201337E+01 0.148264E+02
 -.274228E+00 -.421833E+01 -.177806E+01 -.200674E+01 0.165531E+02
 -.293310E+00 -.420955E+01 -.182124E+01 -.197137E+01 0.148924E+02
 -.246240E+00 -.421104E+01 -.183538E+01 -.198933E+01 0.153091E+02
 -.264776E+00 -.419890E+01 -.183023E+01 -.198676E+01 0.141011E+02
 -.262733E+00 -.421238E+01 -.181308E+01 -.201124E+01 0.145120E+02
 -.283440E+00 -.421324E+01 -.178359E+01 -.196898E+01 0.160806E+02
 -.272103E+00 -.421012E+01 -.176976E+01 -.199998E+01 0.189203E+02
 -.261498E+00 -.423115E+01 -.183339E+01 -.197261E+01 0.144141E+02
 -.272436E+00 -.420830E+01 -.181648E+01 -.199820E+01 0.140508E+02
 -.271589E+00 -.421198E+01 -.182724E+01 -.198871E+01 0.140411E+02
 -.263854E+00 -.421283E+01 -.182979E+01 -.198803E+01 0.141123E+02
 -.273194E+00 -.421031E+01 -.183045E+01 -.199415E+01 0.142545E+02
 -.273464E+00 -.421400E+01 -.182363E+01 -.199279E+01 0.140392E+02
 -.268851E+00 -.421133E+01 -.182435E+01 -.195393E+01 0.147983E+02
 -.265155E+00 -.421265E+01 -.182898E+01 -.199710E+01 0.140362E+02
 -.272647E+00 -.421026E+01 -.182508E+01 -.198901E+01 0.140248E+02
 -.272383E+00 -.420738E+01 -.182413E+01 -.198583E+01 0.140218E+02
 -.272949E+00 -.421847E+01 -.179995E+01 -.201566E+01 0.143375E+02
 -.274519E+00 -.420819E+01 -.182392E+01 -.199077E+01 0.140626E+02
 -.272606E+00 -.420995E+01 -.182405E+01 -.198885E+01 0.140191E+02
 -.264853E+00 -.419925E+01 -.183793E+01 -.200384E+01 0.142338E+02
 -.258931E+00 -.420354E+01 -.182617E+01 -.200310E+01 0.142737E+02
 -.269085E+00 -.421555E+01 -.183632E+01 -.200370E+01 0.144488E+02
 -.272920E+00 -.420153E+01 -.180550E+01 -.198882E+01 0.146563E+02
 -.272900E+00 -.412768E+01 -.183368E+01 -.197293E+01 0.152894E+02
 -.272945E+00 -.420899E+01 -.182350E+01 -.198909E+01 0.140192E+02
 -.272022E+00 -.420747E+01 -.182370E+01 -.198927E+01 0.140315E+02
 -.238131E+00 -.420916E+01 -.180691E+01 -.225430E+01 0.147464E+02
 -.272424E+00 -.421949E+01 -.182359E+01 -.198907E+01 0.140449E+02
 -.265047E+00 -.421094E+01 -.182505E+01 -.199542E+01 0.141095E+02
 -.245982E+00 -.417278E+01 -.179973E+01 -.212722E+01 0.147280E+02
 -.272110E+00 -.420902E+01 -.182390E+01 -.196410E+01 0.142678E+02
 -.277145E+00 -.421187E+01 -.177378E+01 -.198671E+01 0.178026E+02
 -.274870E+00 -.418370E+01 -.181658E+01 -.206386E+01 0.153894E+02
 -.258880E+00 -.421607E+01 -.182106E+01 -.196403E+01 0.161721E+02
 -.267808E+00 -.421007E+01 -.182514E+01 -.200774E+01 0.140427E+02
 -.272385E+00 -.420850E+01 -.181951E+01 -.202772E+01 0.142885E+02
 -.246015E+00 -.422108E+01 -.181561E+01 -.197751E+01 0.192978E+02
 -.272620E+00 -.421304E+01 -.182283E+01 -.204780E+01 0.150527E+02
 -.281589E+00 -.421051E+01 -.182370E+01 -.205390E+01 0.170248E+02
 -.272473E+00 -.421064E+01 -.182390E+01 -.198438E+01 0.140248E+02
 -.271689E+00 -.420883E+01 -.182315E+01 -.204762E+01 0.149515E+02
 -.258512E+00 -.420907E+01 -.181956E+01 -.199490E+01 0.149640E+02
 -.271566E+00 -.421037E+01 -.181590E+01 -.199479E+01 0.141125E+02
 -.269382E+00 -.420798E+01 -.182926E+01 -.201985E+01 0.143892E+02
 -.269354E+00 -.421024E+01 -.182398E+01 -.198878E+01 0.140621E+02
 -.269987E+00 -.421527E+01 -.182379E+01 -.204756E+01 0.148124E+02
 -.272453E+00 -.421042E+01 -.182453E+01 -.199049E+01 0.140229E+02
 -.272759E+00 -.421035E+01 -.182400E+01 -.198867E+01 0.140194E+02
 -.283918E+00 -.420758E+01 -.180943E+01 -.198755E+01 0.140331E+02
 -.270227E+00 -.419407E+01 -.184076E+01 -.198800E+01 0.144678E+02
 -.272449E+00 -.421022E+01 -.182455E+01 -.198831E+01 0.140194E+02
 -.276143E+00 -.421085E+01 -.181784E+01 -.200105E+01 0.140739E+02
 -.272882E+00 -.420998E+01 -.182480E+01 -.198906E+01 0.140253E+02
 -.282522E+00 -.421107E+01 -.182203E+01 -.207740E+01 0.183728E+02
 -.264677E+00 -.421011E+01 -.182395E+01 -.199470E+01 0.141667E+02
 -.273546E+00 -.421036E+01 -.182327E+01 -.199308E+01 0.140346E+02
 -.270003E+00 -.421173E+01 -.182433E+01 -.199035E+01 0.140390E+02
 -.299002E+00 -.421188E+01 -.182377E+01 -.200047E+01 0.177999E+02
 -.278361E+00 -.419646E+01 -.177106E+01 -.218427E+01 0.152604E+02
 -.276794E+00 -.421105E+01 -.182377E+01 -.198988E+01 0.141292E+02
 -.260134E+00 -.421475E+01 -.184069E+01 -.199910E+01 0.140776E+02
 -.260235E+00 -.419305E+01 -.184190E+01 -.201977E+01 0.144140E+02
 -.274068E+00 -.418930E+01 -.182213E+01 -.199344E+01 0.141079E+02
 -.274841E+00 -.421009E+01 -.182204E+01 -.200493E+01 0.141559E+02
 -.272048E+00 -.420924E+01 -.182593E+01 -.198921E+01 0.140253E+02
 -.263625E+00 -.421029E+01 -.186513E+01 -.194971E+01 0.144493E+02
 -.264170E+00 -.420597E+01 -.182203E+01 -.199316E+01 0.143028E+02
 -.273444E+00 -.421014E+01 -.181979E+01 -.198773E+01 0.140461E+02
 -.262740E+00 -.421662E+01 -.182416E+01 -.193657E+01 0.167071E+02
 -.272494E+00 -.421008E+01 -.181695E+01 -.198966E+01 0.141066E+02
 -.269590E+00 -.422162E+01 -.183370E+01 -.199031E+01 0.141489E+02
 -.268641E+00 -.421436E+01 -.185902E+01 -.197871E+01 0.155038E+02
 -.279016E+00 -.420533E+01 -.182466E+01 -.204731E+01 0.162583E+02
 -.282749E+00 -.420691E+01 -.180171E+01 -.209200E+01 0.160426E+02
 -.268550E+00 -.420449E+01 -.182455E+01 -.199179E+01 0.140562E+02
 -.255829E+00 -.421054E+01 -.182827E+01 -.203142E+01 0.140425E+02
 -.273074E+00 -.421205E+01 -.184305E+01 -.198265E+01 0.147161E+02
 -.272515E+00 -.421147E+01 -.182451E+01 -.198984E+01 0.140223E+02
 -.266687E+00 -.420992E+01 -.182447E+01 -.203258E+01 0.142289E+02
 -.273031E+00 -.421189E+01 -.182369E+01 -.195584E+01 0.143921E+02
 -.286853E+00 -.419234E+01 -.183321E+01 -.198857E+01 0.159219E+02
 -.295490E+00 -.421020E+01 -.182561E+01 -.198983E+01 0.166001E+02
 -.276860E+00 -.420963E+01 -.182477E+01 -.187342E+01 0.186223E+02
 -.272325E+00 -.421034E+01 -.182417E+01 -.198977E+01 0.140191E+02
 -.273126E+00 -.421984E+01 -.183002E+01 -.199244E+01 0.142253E+02
 -.281119E+00 -.419366E+01 -.182294E+01 -.199054E+01 0.144006E+02
 -.272449E+00 -.421128E+01 -.184348E+01 -.203008E+01 0.167477E+02
 -.268035E+00 -.420897E+01 -.182411E+01 -.198004E+01 0.142105E+02
 -.269332E+00 -.420864E+01 -.182439E+01 -.198920E+01 0.140541E+02
 -.268863E+00 -.420729E+01 -.182391E+01 -.199112E+01 0.140596E+02
 -.272145E+00 -.420947E+01 -.182212E+01 -.197561E+01 0.141439E+02
 -.272602E+00 -.420841E+01 -.184934E+01 -.195905E+01 0.144453E+02
 -.291887E+00 -.421038E+01 -.180692E+01 -.199082E+01 0.143692E+02
 -.283120E+00 -.420998E+01 -.181694E+01 -.198878E+01 0.142006E+02
 -.271780E+00 -.420920E+01 -.182416E+01 -.198794E+01 0.140319E+02
 -.272725E+00 -.421010E+01 -.182429E+01 -.198917E+01 0.140210E+02
 -.272515E+00 -.421060E+01 -.182401E+01 -.198971E+01 0.140194E+02
 -.264632E+00 -.419950E+01 -.182617E+01 -.199689E+01 0.140995E+02
 -.271909E+00 -.420924E+01 -.182347E+01 -.198972E+01 0.140309E+02
 -.271880E+00 -.422599E+01 -.182597E+01 -.200059E+01 0.141399E+02
 -.274857E+00 -.421278E+01 -.182328E+01 -.200837E+01 0.142607E+02
 -.272684E+00 -.421109E+01 -.182354E+01 -.199936E+01 0.140741E+02
 -.277100E+00 -.420899E+01 -.176965E+01 -.216254E+01 0.145802E+02
 -.273863E+00 -.421616E+01 -.182384E+01 -.198896E+01 0.140352E+02
 -.272378E+00 -.420267E+01 -.183664E+01 -.199118E+01 0.144520E+02
 -.263767E+00 -.419854E+01 -.184354E+01 -.198877E+01 0.141885E+02
 -.273133E+00 -.425115E+01 -.182442E+01 -.198226E+01 0.142703E+02
 -.288742E+00 -.421000E+01 -.182592E+01 -.197864E+01 0.149855E+02
 -.275938E+00 -.420487E+01 -.185678E+01 -.198939E+01 0.171114E+02
 -.277992E+00 -.422949E+01 -.182276E+01 -.200875E+01 0.145620E+02
 -.274597E+00 -.420061E+01 -.182270E+01 -.198795E+01 0.140481E+02
 -.274873E+00 -.420788E+01 -.182043E+01 -.199393E+01 0.140288E+02
 -.273793E+00 -.421561E+01 -.181237E+01 -.204751E+01 0.144142E+02
 -.273181E+00 -.421331E+01 -.181325E+01 -.200654E+01 0.140388E+02
 -.272065E+00 -.420950E+01 -.182407E+01 -.192557E+01 0.156835E+02
 -.270074E+00 -.420834E+01 -.180670E+01 -.200058E+01 0.145163E+02
 -.272399E+00 -.421076E+01 -.181303E+01 -.198979E+01 0.142383E+02
 -.272261E+00 -.421038E+01 -.182277E+01 -.198948E+01 0.140316E+02
 -.273759E+00 -.420642E+01 -.182363E+01 -.198216E+01 0.140329E+02
 -.271417E+00 -.421089E+01 -.181207E+01 -.200268E+01 0.141370E+02
 -.267840E+00 -.420251E+01 -.183029E+01 -.199410E+01 0.140486E+02
 -.257741E+00 -.421047E+01 -.184809E+01 -.200843E+01 0.143343E+02
 -.259981E+00 -.420960E+01 -.182322E+01 -.197948E+01 0.150172E+02
 -.294944E+00 -.421074E+01 -.182549E+01 -.201549E+01 0.181227E+02
 -.288203E+00 -.420863E+01 -.182786E+01 -.199632E+01 0.158633E+02
 -.274183E+00 -.421003E+01 -.180055E+01 -.204551E+01 0.140566E+02
 -.261082E+00 -.420998E+01 -.183553E+01 -.198582E+01 0.140915E+02
 -.268867E+00 -.419631E+01 -.182413E+01 -.198716E+01 0.141152E+02
 -.252058E+00 -.421306E+01 -.181815E+01 -.200305E+01 0.157285E+02
 -.233894E+00 -.421373E+01 -.186060E+01 -.199179E+01 0.145235E+02
 -.272569E+00 -.421223E+01 -.181824E+01 -.199355E+01 0.140503E+02
 -.272379E+00 -.420798E+01 -.181720E+01 -.199231E+01 0.140809E+02
 -.273798E+00 -.421105E+01 -.183113E+01 -.198886E+01 0.142308E+02
 -.274181E+00 -.421207E+01 -.181577E+01 -.192704E+01 0.162194E+02
 -.265624E+00 -.420866E+01 -.187202E+01 -.197738E+01 0.165944E+02
 -.271841E+00 -.420224E+01 -.184520E+01 -.199458E+01 0.151639E+02
 -.273182E+00 -.420779E+01 -.182382E+01 -.198826E+01 0.140210E+02
 -.273367E+00 -.421130E+01 -.179946E+01 -.197644E+01 0.155992E+02
 -.271597E+00 -.420866E+01 -.182554E+01 -.199901E+01 0.140627E+02
 -.272918E+00 -.421066E+01 -.182395E+01 -.198906E+01 0.140206E+02
 -.272433E+00 -.420153E+01 -.182377E+01 -.197896E+01 0.140671E+02
 -.272220E+00 -.420829E+01 -.180612E+01 -.200638E+01 0.142617E+02
 -.272306E+00 -.420967E+01 -.182394E+01 -.195574E+01 0.144392E+02
 -.272157E+00 -.420995E+01 -.182331E+01 -.198895E+01 0.140313E+02
 -.321633E+00 -.421312E+01 -.178074E+01 -.198067E+01 0.155836E+02
 -.257381E+00 -.420331E+01 -.182103E+01 -.199983E+01 0.148172E+02
 -.266443E+00 -.421359E+01 -.182351E+01 -.198798E+01 0.141927E+02
 -.256820E+00 -.421564E+01 -.184884E+01 -.200572E+01 0.142580E+02
 -.274155E+00 -.420712E+01 -.181289E+01 -.198865E+01 0.141705E+02
 -.275019E+00 -.406750E+01 -.183294E+01 -.195223E+01 0.183128E+02
 -.272822E+00 -.420976E+01 -.182315E+01 -.198908E+01 0.140310E+02
 -.272733E+00 -.420809E+01 -.182407E+01 -.199247E+01 0.140284E+02
 -.273619E+00 -.421395E+01 -.182331E+01 -.198917E+01 0.140253E+02
 -.267658E+00 -.422064E+01 -.182433E+01 -.205107E+01 0.147170E+02
 -.274044E+00 -.420917E+01 -.182145E+01 -.194451E+01 0.147913E+02
 -.295694E+00 -.422306E+01 -.182102E+01 -.197725E+01 0.154595E+02
 -.251028E+00 -.420918E+01 -.181486E+01 -.204882E+01 0.145973E+02
 -.260951E+00 -.420948E+01 -.182407E+01 -.199959E+01 0.142966E+02
 -.262950E+00 -.420896E+01 -.182504E+01 -.196677E+01 0.149657E+02
 -.272526E+00 -.420550E+01 -.182391E+01 -.201572E+01 0.142654E+02
 -.251272E+00 -.421083E+01 -.182105E+01 -.202782E+01 0.146552E+02
 -.272358E+00 -.421379E+01 -.182505E+01 -.196823E+01 0.141409E+02
 -.271597E+00 -.421061E+01 -.182054E+01 -.190558E+01 0.176773E+02
 -.272825E+00 -.420865E+01 -.182367E+01 -.200510E+01 0.141179E+02
 -.272643E+00 -.421023E+01 -.182609E+01 -.199101E+01 0.140558E+02
 -.263532E+00 -.420724E+01 -.182144E+01 -.196125E+01 0.154785E+02
 -.256429E+00 -.421693E+01 -.183118E+01 -.202193E+01 0.140491E+02
 -.266698E+00 -.420843E+01 -.182669E+01 -.201655E+01 0.141035E+02
 -.275061E+00 -.421338E+01 -.182382E+01 -.201877E+01 0.145271E+02
 -.273432E+00 -.421046E+01 -.182472E+01 -.198772E+01 0.140374E+02
 -.273159E+00 -.421053E+01 -.182400E+01 -.198908E+01 0.140227E+02
 -.268458E+00 -.420882E+01 -.181493E+01 -.198696E+01 0.144927E+02
 -.237729E+00 -.420196E+01 -.186733E+01 -.198181E+01 0.141702E+02
 -.272464E+00 -.421029E+01 -.182408E+01 -.198908E+01 0.140188E+02
 -.251619E+00 -.421025E+01 -.180517E+01 -.201575E+01 0.169651E+02
 -.271766E+00 -.420854E+01 -.182466E+01 -.198947E+01 0.140313E+02
 -.265152E+00 -.421009E+01 -.176354E+01 -.226445E+01 0.147736E+02
 -.269751E+00 -.420992E+01 -.182407E+01 -.197954E+01 0.141366E+02
 -.270897E+00 -.421064E+01 -.182354E+01 -.199340E+01 0.140299E+02
 -.275686E+00 -.421107E+01 -.182085E+01 -.197771E+01 0.140387E+02
 -.297350E+00 -.420845E+01 -.182603E+01 -.198208E+01 0.165790E+02
 -.270234E+00 -.421141E+01 -.182384E+01 -.199036E+01 0.140402E+02
 -.242612E+00 -.420835E+01 -.183813E+01 -.200262E+01 0.150152E+02
 -.276959E+00 -.420111E+01 -.183294E+01 -.201334E+01 0.153926E+02
 -.270483E+00 -.422623E+01 -.182138E+01 -.199753E+01 0.140724E+02
 -.266720E+00 -.420915E+01 -.182258E+01 -.201055E+01 0.140270E+02
 -.272495E+00 -.420928E+01 -.182514E+01 -.198909E+01 0.140239E+02
 -.277774E+00 -.421083E+01 -.185414E+01 -.189895E+01 0.141718E+02
 -.267522E+00 -.420250E+01 -.182599E+01 -.200307E+01 0.140381E+02
 -.269864E+00 -.421744E+01 -.182165E+01 -.199203E+01 0.140737E+02
 -.239991E+00 -.419789E+01 -.187233E+01 -.207880E+01 0.171189E+02
 -.272919E+00 -.421020E+01 -.182136E+01 -.199376E+01 0.140305E+02
 -.262242E+00 -.420569E+01 -.182240E+01 -.199446E+01 0.143978E+02
 -.269905E+00 -.422199E+01 -.183471E+01 -.198926E+01 0.141967E+02
 -.264267E+00 -.420238E+01 -.181619E+01 -.203554E+01 0.140415E+02
 -.302488E+00 -.421157E+01 -.182191E+01 -.190969E+01 0.141852E+02
 -.267383E+00 -.420252E+01 -.182304E+01 -.199075E+01 0.141359E+02
 -.276854E+00 -.420954E+01 -.182575E+01 -.202892E+01 0.152330E+02
 -.273730E+00 -.425331E+01 -.185829E+01 -.197735E+01 0.165085E+02
 -.272685E+00 -.421061E+01 -.182460E+01 -.198912E+01 0.140223E+02
 -.270288E+00 -.421004E+01 -.182414E+01 -.203165E+01 0.144509E+02
 -.271686E+00 -.421667E+01 -.182551E+01 -.197720E+01 0.140628E+02
 -.249320E+00 -.421008E+01 -.182753E+01 -.202728E+01 0.144222E+02
 -.265251E+00 -.421370E+01 -.183675E+01 -.207722E+01 0.166729E+02
 -.272716E+00 -.420899E+01 -.182413E+01 -.198945E+01 0.140207E+02
 -.265589E+00 -.420223E+01 -.181973E+01 -.199137E+01 0.143612E+02
 -.260602E+00 -.416801E+01 -.181613E+01 -.198920E+01 0.155523E+02
 -.273205E+00 -.421158E+01 -.184453E+01 -.202865E+01 0.169896E+02
 -.271909E+00 -.421044E+01 -.182394E+01 -.196478E+01 0.142643E+02
 -.265613E+00 -.421308E+01 -.182348E+01 -.212295E+01 0.169926E+02
 -.268358E+00 -.421288E+01 -.182087E+01 -.198922E+01 0.141711E+02
 -.256537E+00 -.421272E+01 -.183151E+01 -.198975E+01 0.144434E+02
 -.207615E+00 -.421343E+01 -.186361E+01 -.201072E+01 0.174602E+02
 -.273008E+00 -.420948E+01 -.182459E+01 -.197494E+01 0.140642E+02
 -.271802E+00 -.420737E+01 -.182276E+01 -.201863E+01 0.142408E+02
 -.269627E+00 -.421029E+01 -.182929E+01 -.198843E+01 0.140336E+02
 -.281147E+00 -.420990E+01 -.182601E+01 -.198652E+01 0.144431E+02
 -.278455E+00 -.421153E+01 -.179294E+01 -.198921E+01 0.149701E+02
 -.272129E+00 -.421004E+01 -.182373E+01 -.198909E+01 0.140307E+02
 -.272597E+00 -.420981E+01 -.182399E+01 -.198981E+01 0.140198E+02
 -.265678E+00 -.420223E+01 -.181927E+01 -.200659E+01 0.141305E+02
 -.272760E+00 -.420894E+01 -.182401E+01 -.199203E+01 0.140265E+02
 -.271969E+00 -.421052E+01 -.182378E+01 -.199243E+01 0.140325E+02
 -.273913E+00 -.421015E+01 -.182050E+01 -.197773E+01 0.140958E+02
 -.272734E+00 -.420969E+01 -.182383E+01 -.198231E+01 0.140298E+02
 -.273462E+00 -.419344E+01 -.182389E+01 -.198451E+01 0.140716E+02
 -.272429E+00 -.420610E+01 -.182496E+01 -.198931E+01 0.140244E+02
 -.271748E+00 -.421048E+01 -.182750E+01 -.197484E+01 0.140498E+02
 -.272703E+00 -.420652E+01 -.182429E+01 -.199233E+01 0.140306E+02
 -.290958E+00 -.421002E+01 -.182269E+01 -.198961E+01 0.154237E+02
 -.280479E+00 -.420868E+01 -.184709E+01 -.198648E+01 0.164182E+02
 -.281035E+00 -.418042E+01 -.182258E+01 -.197327E+01 0.142370E+02
 -.272661E+00 -.422538E+01 -.182455E+01 -.198777E+01 0.140560E+02
 -.278954E+00 -.421341E+01 -.181888E+01 -.199069E+01 0.140911E+02
 -.300601E+00 -.421972E+01 -.180795E+01 -.196986E+01 0.146827E+02
 -.271378E+00 -.421264E+01 -.181512E+01 -.198560E+01 0.142870E+02
 -.273422E+00 -.421716E+01 -.181148E+01 -.198505E+01 0.143350E+02
 -.272141E+00 -.421449E+01 -.183708E+01 -.194647E+01 0.141206E+02
 -.260431E+00 -.420316E+01 -.182078E+01 -.217228E+01 0.176625E+02
 -.271624E+00 -.420767E+01 -.180298E+01 -.204996E+01 0.140586E+02
 -.272430E+00 -.421049E+01 -.182317E+01 -.198438E+01 0.140416E+02
 -.272505E+00 -.421102E+01 -.182281E+01 -.198996E+01 0.140307E+02
 -.272073E+00 -.420828E+01 -.182346E+01 -.199494E+01 0.140374E+02
 -.271301E+00 -.421086E+01 -.182130E+01 -.198397E+01 0.141009E+02
 -.268916E+00 -.421425E+01 -.181659E+01 -.199177E+01 0.142658E+02
 -.277957E+00 -.420950E+01 -.184189E+01 -.199625E+01 0.157996E+02
 -.277237E+00 -.420956E+01 -.182346E+01 -.195313E+01 0.141988E+02
 -.269576E+00 -.420163E+01 -.177221E+01 -.200403E+01 0.189066E+02
 -.272952E+00 -.420951E+01 -.181186E+01 -.200659E+01 0.140580E+02
 -.274042E+00 -.420689E+01 -.182686E+01 -.198908E+01 0.140952E+02
 -.273550E+00 -.421198E+01 -.182258E+01 -.205873E+01 0.155565E+02
 -.267958E+00 -.421438E+01 -.180625E+01 -.196842E+01 0.161495E+02
 -.279278E+00 -.420952E+01 -.183111E+01 -.199986E+01 0.150155E+02
 -.273214E+00 -.421143E+01 -.182471E+01 -.198889E+01 0.140389E+02
 -.260483E+00 -.421309E+01 -.184828E+01 -.199824E+01 0.143382E+02
 -.211006E+00 -.421027E+01 -.190885E+01 -.199219E+01 0.143277E+02
 -.272558E+00 -.421037E+01 -.185712E+01 -.199496E+01 0.168009E+02
 -.308465E+00 -.420897E+01 -.178707E+01 -.194120E+01 0.141296E+02
 -.272367E+00 -.421313E+01 -.182612E+01 -.198593E+01 0.140338E+02
 -.274293E+00 -.421061E+01 -.182586E+01 -.199031E+01 0.140912E+02
 -.280572E+00 -.421091E+01 -.181832E+01 -.194856E+01 0.142940E+02
 -.263913E+00 -.420777E+01 -.183934E+01 -.198436E+01 0.140426E+02
 -.270534E+00 -.419631E+01 -.179715E+01 -.199040E+01 0.157153E+02
 -.272228E+00 -.420441E+01 -.182423E+01 -.198541E+01 0.140269E+02
 -.275647E+00 -.420949E+01 -.180705E+01 -.200755E+01 0.140692E+02
 -.269980E+00 -.420302E+01 -.182312E+01 -.200955E+01 0.140733E+02
 -.272783E+00 -.421020E+01 -.182284E+01 -.198897E+01 0.140308E+02
 -.272452E+00 -.420445E+01 -.182387E+01 -.198375E+01 0.140322E+02
 -.271667E+00 -.421259E+01 -.183868E+01 -.197198E+01 0.141566E+02
 -.263938E+00 -.420985E+01 -.182431E+01 -.195998E+01 0.151776E+02
 -.272275E+00 -.420988E+01 -.182343E+01 -.198920E+01 0.140307E+02
 -.260340E+00 -.420742E+01 -.181674E+01 -.199693E+01 0.149147E+02
 -.273492E+00 -.421750E+01 -.182227E+01 -.203600E+01 0.147586E+02
 -.245869E+00 -.421826E+01 -.182474E+01 -.198578E+01 0.169793E+02
 -.275054E+00 -.420727E+01 -.183001E+01 -.198995E+01 0.142758E+02
 -.277370E+00 -.416766E+01 -.182513E+01 -.194106E+01 0.146917E+02
 -.272284E+00 -.420988E+01 -.182401E+01 -.198909E+01 0.140311E+02
 -.273057E+00 -.420829E+01 -.182381E+01 -.199123E+01 0.140260E+02
 -.255459E+00 -.421233E+01 -.186449E+01 -.191702E+01 0.145491E+02
 -.273088E+00 -.420511E+01 -.182643E+01 -.198916E+01 0.140622E+02
 -.272350E+00 -.422276E+01 -.182462E+01 -.201127E+01 0.142636E+02
 -.251197E+00 -.416799E+01 -.183321E+01 -.211012E+01 0.153771E+02
 -.277472E+00 -.420822E+01 -.182376E+01 -.199795E+01 0.142830E+02
 -.298556E+00 -.422498E+01 -.179979E+01 -.198614E+01 0.144549E+02
 -.288961E+00 -.423463E+01 -.181519E+01 -.192512E+01 0.144728E+02
 -.251763E+00 -.420803E+01 -.182079E+01 -.201142E+01 0.151380E+02
 -.267275E+00 -.420934E+01 -.182948E+01 -.199626E+01 0.140357E+02
 -.260003E+00 -.421053E+01 -.182846E+01 -.195871E+01 0.153780E+02
 -.304360E+00 -.420308E+01 -.173415E+01 -.201594E+01 0.157399E+02
 -.272284E+00 -.421820E+01 -.182492E+01 -.195837E+01 0.143310E+02
 -.245378E+00 -.421069E+01 -.181810E+01 -.207685E+01 0.143333E+02
 -.272351E+00 -.420738E+01 -.182514E+01 -.198158E+01 0.140356E+02
 -.279431E+00 -.421073E+01 -.183167E+01 -.201093E+01 0.155315E+02
 -.273537E+00 -.417511E+01 -.185482E+01 -.202200E+01 0.185457E+02
 -.272483E+00 -.420992E+01 -.183252E+01 -.198591E+01 0.141706E+02
 -.264243E+00 -.420978E+01 -.182390E+01 -.197898E+01 0.145166E+02
 -.298666E+00 -.421199E+01 -.182738E+01 -.201560E+01 0.195353E+02
 -.272003E+00 -.420948E+01 -.182816E+01 -.201489E+01 0.144484E+02
 -.260095E+00 -.420540E+01 -.182386E+01 -.196207E+01 0.157209E+02
 -.273114E+00 -.421029E+01 -.182460E+01 -.199047E+01 0.140313E+02
 -.272795E+00 -.421004E+01 -.182402E+01 -.198899E+01 0.140200E+02
 -.277478E+00 -.421061E+01 -.182263E+01 -.198790E+01 0.141038E+02
 -.262547E+00 -.421294E+01 -.186286E+01 -.199546E+01 0.157739E+02
 -.272387E+00 -.421003E+01 -.182369E+01 -.198967E+01 0.140311E+02
 -.258127E+00 -.420785E+01 -.185239E+01 -.200567E+01 0.145769E+02
 -.274027E+00 -.420704E+01 -.182138E+01 -.198958E+01 0.140326E+02
 -.262125E+00 -.420721E+01 -.184944E+01 -.198116E+01 0.142043E+02
 -.275908E+00 -.421015E+01 -.182414E+01 -.198526E+01 0.140631E+02
 -.269162E+00 -.421065E+01 -.182418E+01 -.199494E+01 0.140340E+02
 -.279478E+00 -.420894E+01 -.181869E+01 -.198019E+01 0.140377E+02
 -.285338E+00 -.421157E+01 -.183145E+01 -.196705E+01 0.146518E+02
 -.296917E+00 -.420875E+01 -.181140E+01 -.188358E+01 0.155038E+02
 -.268040E+00 -.421128E+01 -.182396E+01 -.198799E+01 0.141082E+02
 -.274093E+00 -.420819E+01 -.183757E+01 -.198417E+01 0.144787E+02
 -.281583E+00 -.421139E+01 -.181483E+01 -.195567E+01 0.142362E+02
 -.266793E+00 -.424668E+01 -.182477E+01 -.200181E+01 0.142275E+02
 -.264636E+00 -.420983E+01 -.182421E+01 -.198892E+01 0.142499E+02
 -.272556E+00 -.420917E+01 -.182297E+01 -.198899E+01 0.140310E+02
 -.283760E+00 -.420872E+01 -.179153E+01 -.195118E+01 0.160484E+02
 -.270748E+00 -.420395E+01 -.182805E+01 -.199674E+01 0.140875E+02
 -.275850E+00 -.420523E+01 -.182528E+01 -.199306E+01 0.141750E+02
 -.246714E+00 -.420465E+01 -.182190E+01 -.223411E+01 0.172632E+02
 -.273194E+00 -.421017E+01 -.182246E+01 -.200077E+01 0.140778E+02
 -.275037E+00 -.420156E+01 -.182069E+01 -.199579E+01 0.140529E+02
 -.272551E+00 -.420510E+01 -.179986E+01 -.199541E+01 0.149138E+02
 -.264841E+00 -.421396E+01 -.181612E+01 -.197688E+01 0.151352E+02
 -.309003E+00 -.421270E+01 -.184491E+01 -.187919E+01 0.151303E+02
 -.271112E+00 -.420705E+01 -.182253E+01 -.198958E+01 0.140449E+02
 -.278392E+00 -.421019E+01 -.182388E+01 -.197831E+01 0.140847E+02
 -.274239E+00 -.420363E+01 -.181410E+01 -.193790E+01 0.157863E+02
 -.272425E+00 -.420964E+01 -.182348E+01 -.198943E+01 0.140307E+02
 -.272042E+00 -.421011E+01 -.182377E+01 -.196935E+01 0.141847E+02
 -.274171E+00 -.421047E+01 -.182488E+01 -.200643E+01 0.142683E+02
 -.258635E+00 -.423721E+01 -.182013E+01 -.198349E+01 0.154264E+02
 -.257156E+00 -.420974E+01 -.182677E+01 -.200205E+01 0.143828E+02
 -.263327E+00 -.421290E+01 -.182201E+01 -.207385E+01 0.146622E+02
 -.272307E+00 -.421006E+01 -.182405E+01 -.198924E+01 0.140313E+02
 -.276235E+00 -.420423E+01 -.181723E+01 -.198616E+01 0.140460E+02
 -.250584E+00 -.416667E+01 -.181826E+01 -.198745E+01 0.172108E+02
 -.274594E+00 -.420907E+01 -.182383E+01 -.201276E+01 0.143489E+02
 -.262301E+00 -.421059E+01 -.182607E+01 -.209037E+01 0.153744E+02
 -.269293E+00 -.421074E+01 -.182300E+01 -.198997E+01 0.140718E+02
 -.252668E+00 -.421303E+01 -.182839E+01 -.199102E+01 0.150499E+02
 -.274175E+00 -.420967E+01 -.182486E+01 -.199574E+01 0.141155E+02
 -.272500E+00 -.421255E+01 -.178534E+01 -.206928E+01 0.142054E+02
 -.255088E+00 -.421020E+01 -.183419E+01 -.198954E+01 0.144102E+02
 -.262450E+00 -.420986E+01 -.182725E+01 -.198734E+01 0.142815E+02
 -.270588E+00 -.420939E+01 -.182784E+01 -.198873E+01 0.140232E+02
 -.271757E+00 -.420948E+01 -.182363E+01 -.198917E+01 0.140316E+02
 -.272541E+00 -.420934E+01 -.182400E+01 -.198839E+01 0.140186E+02
 -.272365E+00 -.421372E+01 -.182062E+01 -.201157E+01 0.141089E+02
 -.272936E+00 -.421010E+01 -.182442E+01 -.199353E+01 0.140403E+02
 -.272221E+00 -.419748E+01 -.182189E+01 -.198500E+01 0.140823E+02
 -.269650E+00 -.420882E+01 -.183380E+01 -.196618E+01 0.140618E+02
 -.271789E+00 -.421071E+01 -.182528E+01 -.197663E+01 0.140628E+02
 -.272560E+00 -.420907E+01 -.184106E+01 -.204487E+01 0.172354E+02
 -.273025E+00 -.418859E+01 -.182387E+01 -.197989E+01 0.141184E+02
 -.272431E+00 -.420994E+01 -.181566E+01 -.198757E+01 0.141731E+02
 -.278042E+00 -.421939E+01 -.181052E+01 -.197585E+01 0.142579E+02
 -.272033E+00 -.417680E+01 -.182358E+01 -.199396E+01 0.141962E+02
 -.263647E+00 -.421018E+01 -.182188E+01 -.199572E+01 0.142926E+02
 -.254247E+00 -.421189E+01 -.182262E+01 -.198623E+01 0.156249E+02
 -.282512E+00 -.417773E+01 -.182393E+01 -.195682E+01 0.142368E+02
 -.270156E+00 -.422114E+01 -.182575E+01 -.199127E+01 0.140504E+02
 -.271244E+00 -.421034E+01 -.182250E+01 -.199116E+01 0.140363E+02
 -.272789E+00 -.421124E+01 -.181342E+01 -.196137E+01 0.149556E+02
 -.273369E+00 -.420675E+01 -.181639E+01 -.198507E+01 0.141435E+02
 -.271721E+00 -.421248E+01 -.184239E+01 -.201035E+01 0.155019E+02
 -.272511E+00 -.420604E+01 -.181517E+01 -.206451E+01 0.148897E+02
 -.272414E+00 -.420993E+01 -.183207E+01 -.198308E+01 0.141211E+02
 -.272553E+00 -.421064E+01 -.182577E+01 -.199002E+01 0.140446E+02
 -.272128E+00 -.421149E+01 -.182370E+01 -.199006E+01 0.140311E+02
 -.271583E+00 -.421004E+01 -.182940E+01 -.198955E+01 0.140783E+02
 -.271917E+00 -.421943E+01 -.181584E+01 -.198905E+01 0.141808E+02
 -.251495E+00 -.420748E+01 -.183704E+01 -.199440E+01 0.144221E+02
 -.282841E+00 -.420986E+01 -.182327E+01 -.201707E+01 0.154110E+02
 -.273899E+00 -.420699E+01 -.179601E+01 -.199764E+01 0.149901E+02
 -.244144E+00 -.420738E+01 -.182046E+01 -.200289E+01 0.169918E+02
 -.285060E+00 -.426418E+01 -.181736E+01 -.204306E+01 0.167335E+02
 -.247695E+00 -.420675E+01 -.182399E+01 -.200450E+01 0.156982E+02
 -.272559E+00 -.421252E+01 -.183293E+01 -.195455E+01 0.141077E+02
 -.276936E+00 -.420962E+01 -.182975E+01 -.201647E+01 0.151873E+02
 -.270872E+00 -.421711E+01 -.182990E+01 -.198887E+01 0.140738E+02
 -.273061E+00 -.421015E+01 -.183560E+01 -.199285E+01 0.144844E+02
 -.266545E+00 -.420866E+01 -.180115E+01 -.197281E+01 0.169006E+02
 -.272112E+00 -.420780E+01 -.182573E+01 -.199592E+01 0.140575E+02
 -.291866E+00 -.422303E+01 -.182063E+01 -.196182E+01 0.144543E+02
 -.272503E+00 -.421218E+01 -.182362E+01 -.200142E+01 0.140881E+02
 -.269981E+00 -.420990E+01 -.182132E+01 -.199085E+01 0.140780E+02
 -.276581E+00 -.421030E+01 -.182648E+01 -.205345E+01 0.163372E+02
 -.263315E+00 -.421045E+01 -.179550E+01 -.199425E+01 0.171223E+02
 -.272716E+00 -.418224E+01 -.180588E+01 -.199065E+01 0.147291E+02
 -.272395E+00 -.420759E+01 -.182382E+01 -.198428E+01 0.140383E+02
 -.341511E+00 -.422458E+01 -.171482E+01 -.195458E+01 0.146191E+02
 -.274430E+00 -.420953E+01 -.182555E+01 -.202798E+01 0.148627E+02
 -.267736E+00 -.420123E+01 -.182315E+01 -.200389E+01 0.140406E+02
 -.272812E+00 -.420971E+01 -.182351E+01 -.198897E+01 0.140186E+02
 -.272427E+00 -.421130E+01 -.182416E+01 -.199310E+01 0.140276E+02
 -.271951E+00 -.422242E+01 -.183719E+01 -.194571E+01 0.141505E+02
 -.262588E+00 -.420833E+01 -.182415E+01 -.201261E+01 0.140587E+02
 -.272535E+00 -.420974E+01 -.182401E+01 -.198919E+01 0.140189E+02
 -.255398E+00 -.421035E+01 -.187260E+01 -.198560E+01 0.153740E+02
 -.268231E+00 -.420927E+01 -.183029E+01 -.200762E+01 0.141727E+02
 -.326394E+00 -.421196E+01 -.184849E+01 -.181089E+01 0.146219E+02
 -.258141E+00 -.421552E+01 -.182198E+01 -.201035E+01 0.143973E+02
 -.271925E+00 -.420929E+01 -.181751E+01 -.199893E+01 0.140430E+02
 -.275449E+00 -.420723E+01 -.182276E+01 -.199016E+01 0.140621E+02
 -.273631E+00 -.429964E+01 -.183309E+01 -.196133E+01 0.150663E+02
 -.272728E+00 -.420978E+01 -.182448E+01 -.198909E+01 0.140218E+02
 -.272258E+00 -.420908E+01 -.182353E+01 -.198906E+01 0.140308E+02
 -.205623E+00 -.419668E+01 -.190946E+01 -.192330E+01 0.161641E+02
 -.271063E+00 -.420751E+01 -.182429E+01 -.198914E+01 0.140336E+02
 -.267231E+00 -.421345E+01 -.182503E+01 -.195573E+01 0.148637E+02
 -.277472E+00 -.420814E+01 -.182378E+01 -.202890E+01 0.151267E+02
 -.263947E+00 -.419609E+01 -.181042E+01 -.205315E+01 0.140723E+02
 -.273107E+00 -.421267E+01 -.183209E+01 -.195210E+01 0.141352E+02
 -.274622E+00 -.420964E+01 -.182776E+01 -.200754E+01 0.144814E+02
 -.273194E+00 -.420807E+01 -.182030E+01 -.202530E+01 0.143373E+02
 -.304526E+00 -.420798E+01 -.180275E+01 -.199461E+01 0.156948E+02
 -.272095E+00 -.422503E+01 -.182455E+01 -.197314E+01 0.141398E+02
 -.262244E+00 -.421003E+01 -.182199E+01 -.199373E+01 0.144340E+02
 -.272550E+00 -.420834E+01 -.182456E+01 -.199385E+01 0.140365E+02
 -.264356E+00 -.420062E+01 -.182351E+01 -.199818E+01 0.141638E+02
 -.255198E+00 -.420953E+01 -.182816E+01 -.201176E+01 0.142644E+02
 -.271958E+00 -.431969E+01 -.182568E+01 -.203579E+01 0.163883E+02
 -.272055E+00 -.420974E+01 -.183211E+01 -.198560E+01 0.141355E+02
 -.269710E+00 -.421096E+01 -.182651E+01 -.202605E+01 0.144197E+02
 -.293943E+00 -.421339E+01 -.182670E+01 -.200291E+01 0.172369E+02
 -.272605E+00 -.420937E+01 -.182752E+01 -.198444E+01 0.140412E+02
 -.261963E+00 -.419359E+01 -.182373E+01 -.198311E+01 0.146776E+02
 -.271824E+00 -.421015E+01 -.182428E+01 -.199076E+01 0.140314E+02
 -.271935E+00 -.421026E+01 -.182404E+01 -.198877E+01 0.140309E+02
 -.284723E+00 -.421127E+01 -.182650E+01 -.198850E+01 0.148935E+02
 -.286430E+00 -.420614E+01 -.180278E+01 -.201397E+01 0.142385E+02
 -.272447E+00 -.420996E+01 -.182381E+01 -.198952E+01 0.140314E+02
 -.272673E+00 -.420907E+01 -.184527E+01 -.197398E+01 0.145804E+02
 -.274053E+00 -.420600E+01 -.181965E+01 -.198923E+01 0.140375E+02
 -.272311E+00 -.421030E+01 -.182393E+01 -.199853E+01 0.140652E+02
 -.273217E+00 -.421672E+01 -.178640E+01 -.199588E+01 0.162205E+02
 -.270198E+00 -.421019E+01 -.182357E+01 -.199427E+01 0.140311E+02
 -.273478E+00 -.420806E+01 -.182393E+01 -.199357E+01 0.140448E+02
 -.261718E+00 -.421244E+01 -.182865E+01 -.197041E+01 0.146868E+02
 -.281077E+00 -.421007E+01 -.182372E+01 -.197859E+01 0.141856E+02
 -.267929E+00 -.421126E+01 -.182852E+01 -.198753E+01 0.140396E+02
 -.252863E+00 -.419521E+01 -.184001E+01 -.197076E+01 0.147896E+02
 -.263606E+00 -.419314E+01 -.183350E+01 -.199347E+01 0.140709E+02
 -.269480E+00 -.421057E+01 -.182315E+01 -.198823E+01 0.140778E+02
 -.272527E+00 -.421004E+01 -.182303E+01 -.198855E+01 0.140313E+02
 -.268064E+00 -.420646E+01 -.182447E+01 -.201707E+01 0.141016E+02
 -.276502E+00 -.420388E+01 -.182541E+01 -.198427E+01 0.141152E+02
 -.241870E+00 -.421813E+01 -.182577E+01 -.205812E+01 0.145270E+02
 -.272903E+00 -.421008E+01 -.181841E+01 -.200540E+01 0.140397E+02
 -.279442E+00 -.420115E+01 -.183196E+01 -.199315E+01 0.148809E+02
 -.269885E+00 -.419949E+01 -.181753E+01 -.198596E+01 0.142900E+02
 -.277913E+00 -.421003E+01 -.182582E+01 -.196424E+01 0.140487E+02
 -.244412E+00 -.420097E+01 -.183433E+01 -.198115E+01 0.161523E+02
 -.275397E+00 -.421014E+01 -.182341E+01 -.198876E+01 0.140617E+02
 -.261610E+00 -.421089E+01 -.182357E+01 -.194829E+01 0.162543E+02
 -.272179E+00 -.421022E+01 -.182321E+01 -.198978E+01 0.140307E+02
 -.272076E+00 -.421011E+01 -.182374E+01 -.196503E+01 0.142577E+02
 -.276397E+00 -.420747E+01 -.182310E+01 -.197747E+01 0.140336E+02
 -.276256E+00 -.420968E+01 -.182946E+01 -.198368E+01 0.142189E+02
 -.267418E+00 -.420862E+01 -.181203E+01 -.195933E+01 0.160287E+02
 -.272146E+00 -.421121E+01 -.182396E+01 -.198893E+01 0.140311E+02
 -.281988E+00 -.421519E+01 -.182745E+01 -.198717E+01 0.146331E+02
 -.271051E+00 -.422848E+01 -.182567E+01 -.198685E+01 0.140837E+02
 -.273483E+00 -.421163E+01 -.177784E+01 -.197060E+01 0.194105E+02
 -.272496E+00 -.420937E+01 -.182403E+01 -.204028E+01 0.148965E+02
 -.262810E+00 -.421595E+01 -.183030E+01 -.189244E+01 0.194854E+02
 -.277013E+00 -.420878E+01 -.182486E+01 -.199046E+01 0.141903E+02
 -.278853E+00 -.421104E+01 -.182202E+01 -.199284E+01 0.142196E+02
 -.282874E+00 -.421560E+01 -.184362E+01 -.198481E+01 0.163187E+02
 -.273936E+00 -.421023E+01 -.182012E+01 -.200422E+01 0.140799E+02
 -.272401E+00 -.421571E+01 -.179358E+01 -.196297E+01 0.174026E+02
 -.274795E+00 -.421020E+01 -.183031E+01 -.199203E+01 0.143114E+02
 -.272809E+00 -.421011E+01 -.181344E+01 -.198805E+01 0.142275E+02
 -.266806E+00 -.420847E+01 -.184924E+01 -.198854E+01 0.147113E+02
 -.272313E+00 -.420927E+01 -.182434E+01 -.198928E+01 0.140191E+02
 -.272391E+00 -.420977E+01 -.182402E+01 -.198823E+01 0.140184E+02
 -.272147E+00 -.421516E+01 -.182754E+01 -.200563E+01 0.142515E+02
 -.272570E+00 -.421086E+01 -.182433E+01 -.198857E+01 0.140197E+02
 -.272208E+00 -.421800E+01 -.182149E+01 -.198295E+01 0.140867E+02
 -.270582E+00 -.421064E+01 -.183431E+01 -.198551E+01 0.141396E+02
 -.271964E+00 -.421150E+01 -.182422E+01 -.198837E+01 0.140314E+02
 -.272628E+00 -.421273E+01 -.182390E+01 -.198431E+01 0.140247E+02
 -.272394E+00 -.421252E+01 -.183194E+01 -.198872E+01 0.141870E+02
 -.268805E+00 -.421592E+01 -.181579E+01 -.199147E+01 0.143177E+02
 -.272024E+00 -.422955E+01 -.182365E+01 -.198625E+01 0.140918E+02
 -.262280E+00 -.420972E+01 -.182826E+01 -.199641E+01 0.141178E+02
 -.268409E+00 -.420472E+01 -.182256E+01 -.199107E+01 0.141025E+02
 -.269708E+00 -.423365E+01 -.182412E+01 -.201125E+01 0.141862E+02
 -.271524E+00 -.420469E+01 -.182375E+01 -.199321E+01 0.140345E+02
 -.269786E+00 -.420409E+01 -.182398E+01 -.199019E+01 0.140508E+02
 -.310127E+00 -.421625E+01 -.179567E+01 -.200363E+01 0.163469E+02
 -.274100E+00 -.421554E+01 -.180961E+01 -.198130E+01 0.144660E+02
 -.272394E+00 -.420177E+01 -.182125E+01 -.199905E+01 0.140452E+02
 -.271627E+00 -.420804E+01 -.182887E+01 -.205484E+01 0.157638E+02
 -.260900E+00 -.420710E+01 -.182364E+01 -.210363E+01 0.153588E+02
 -.272757E+00 -.420419E+01 -.182995E+01 -.200991E+01 0.145112E+02
 -.272373E+00 -.420928E+01 -.182705E+01 -.198728E+01 0.140440E+02
 -.272412E+00 -.421011E+01 -.182466E+01 -.198778E+01 0.140192E+02
 -.273017E+00 -.420856E+01 -.182358E+01 -.198469E+01 0.140219E+02
 -.272073E+00 -.420825E+01 -.181548E+01 -.200003E+01 0.140625E+02
 -.271383E+00 -.421761E+01 -.182388E+01 -.199447E+01 0.140423E+02
 -.245309E+00 -.424320E+01 -.184068E+01 -.207080E+01 0.144607E+02
 -.260700E+00 -.420710E+01 -.183886E+01 -.199778E+01 0.140470E+02
 -.256738E+00 -.420993E+01 -.182304E+01 -.202317E+01 0.142080E+02
 -.236738E+00 -.421395E+01 -.182439E+01 -.200889E+01 0.176811E+02
 -.282413E+00 -.421384E+01 -.183447E+01 -.194940E+01 0.142047E+02
 -.284476E+00 -.419778E+01 -.181803E+01 -.188337E+01 0.170208E+02
 -.279316E+00 -.420867E+01 -.182444E+01 -.200235E+01 0.145793E+02
 -.272846E+00 -.420961E+01 -.180543E+01 -.195420E+01 0.161588E+02
 -.284551E+00 -.420789E+01 -.178357E+01 -.197074E+01 0.157969E+02
 -.246339E+00 -.421014E+01 -.183610E+01 -.199714E+01 0.149271E+02
 -.268010E+00 -.420765E+01 -.182893E+01 -.198612E+01 0.140406E+02
 -.269918E+00 -.420874E+01 -.180653E+01 -.199962E+01 0.145667E+02
 -.275180E+00 -.420931E+01 -.185461E+01 -.196750E+01 0.154695E+02
 -.271945E+00 -.420579E+01 -.179441E+01 -.199709E+01 0.154478E+02
 -.294299E+00 -.419537E+01 -.183956E+01 -.198872E+01 0.185399E+02
 -.272456E+00 -.420684E+01 -.181601E+01 -.199707E+01 0.140658E+02
 -.268147E+00 -.420985E+01 -.182413E+01 -.198818E+01 0.140981E+02
 -.268178E+00 -.420996E+01 -.182747E+01 -.199513E+01 0.140302E+02
 -.260301E+00 -.421171E+01 -.181306E+01 -.199121E+01 0.155052E+02
 -.272640E+00 -.417552E+01 -.183657E+01 -.199224E+01 0.146572E+02
 -.272657E+00 -.421149E+01 -.182367E+01 -.198954E+01 0.140192E+02
 -.254753E+00 -.423221E+01 -.186226E+01 -.194664E+01 0.142080E+02
 -.272796E+00 -.421040E+01 -.182074E+01 -.202525E+01 0.143307E+02
 -.264015E+00 -.421490E+01 -.183094E+01 -.199983E+01 0.140357E+02
 -.272389E+00 -.420936E+01 -.182475E+01 -.198867E+01 0.140202E+02
 -.272344E+00 -.421052E+01 -.182417E+01 -.199256E+01 0.140246E+02
 -.272888E+00 -.423228E+01 -.182558E+01 -.195571E+01 0.143727E+02
 -.270260E+00 -.420792E+01 -.182412E+01 -.203059E+01 0.144232E+02
 -.273263E+00 -.420963E+01 -.182375E+01 -.198801E+01 0.140203E+02
 -.275841E+00 -.420045E+01 -.183186E+01 -.201913E+01 0.153493E+02
 -.253425E+00 -.420037E+01 -.182418E+01 -.199869E+01 0.150771E+02
 -.291703E+00 -.420309E+01 -.181850E+01 -.199881E+01 0.155022E+02
 -.273230E+00 -.420700E+01 -.181771E+01 -.198779E+01 0.140855E+02
 -.272723E+00 -.420734E+01 -.183975E+01 -.199075E+01 0.146733E+02
 -.273175E+00 -.420926E+01 -.182319E+01 -.198868E+01 0.140189E+02
 -.272161E+00 -.420966E+01 -.182342E+01 -.198857E+01 0.140315E+02
 -.269841E+00 -.421030E+01 -.182306E+01 -.198907E+01 0.140637E+02
 -.265382E+00 -.420368E+01 -.182497E+01 -.195763E+01 0.150326E+02
 -.271701E+00 -.420883E+01 -.182219E+01 -.197746E+01 0.141372E+02
 -.247065E+00 -.421143E+01 -.181555E+01 -.202723E+01 0.157982E+02
 -.274760E+00 -.421374E+01 -.183744E+01 -.201230E+01 0.155069E+02
 -.266360E+00 -.420942E+01 -.182572E+01 -.201291E+01 0.140487E+02
 -.272898E+00 -.420663E+01 -.181863E+01 -.204013E+01 0.145342E+02
 -.272239E+00 -.420667E+01 -.182407E+01 -.201464E+01 0.142573E+02
 -.268916E+00 -.420962E+01 -.182516E+01 -.195730E+01 0.146212E+02
 -.272498E+00 -.421364E+01 -.182326E+01 -.198319E+01 0.140466E+02
 -.271911E+00 -.420362E+01 -.182523E+01 -.209025E+01 0.170256E+02
 -.255822E+00 -.420854E+01 -.182246E+01 -.197851E+01 0.157602E+02
 -.272965E+00 -.420558E+01 -.180097E+01 -.204859E+01 0.140590E+02
 -.271318E+00 -.421006E+01 -.182436E+01 -.198449E+01 0.140449E+02
 -.265533E+00 -.420883E+01 -.183001E+01 -.201957E+01 0.141916E+02
 -.263813E+00 -.421623E+01 -.182732E+01 -.199062E+01 0.141572E+02
 -.270558E+00 -.420921E+01 -.182370E+01 -.198745E+01 0.140499E+02
 -.267946E+00 -.419453E+01 -.182364E+01 -.202799E+01 0.142275E+02
 -.271679E+00 -.420984E+01 -.182412E+01 -.198770E+01 0.140327E+02
 -.272332E+00 -.420996E+01 -.182403E+01 -.198856E+01 0.140311E+02
 -.276990E+00 -.420958E+01 -.180301E+01 -.198787E+01 0.144454E+02
 -.272488E+00 -.421023E+01 -.182424E+01 -.198883E+01 0.140192E+02
 -.270500E+00 -.421092E+01 -.182963E+01 -.200344E+01 0.142012E+02
 -.272932E+00 -.421076E+01 -.182220E+01 -.198894E+01 0.140315E+02
 -.281078E+00 -.420791E+01 -.179241E+01 -.199758E+01 0.144849E+02
 -.269729E+00 -.421007E+01 -.182389E+01 -.199379E+01 0.140338E+02
 -.273652E+00 -.420886E+01 -.182346E+01 -.199446E+01 0.140466E+02
 -.269352E+00 -.420855E+01 -.182717E+01 -.200069E+01 0.140629E+02
 -.268598E+00 -.421255E+01 -.182481E+01 -.198694E+01 0.140817E+02
 -.284322E+00 -.421083E+01 -.182358E+01 -.197723E+01 0.143526E+02
 -.263983E+00 -.421158E+01 -.182097E+01 -.199038E+01 0.144287E+02
 -.261657E+00 -.418775E+01 -.184496E+01 -.203670E+01 0.153581E+02
 -.273710E+00 -.418089E+01 -.182352E+01 -.198646E+01 0.141653E+02
 -.275711E+00 -.421029E+01 -.182269E+01 -.201044E+01 0.143441E+02
 -.272301E+00 -.420920E+01 -.182434E+01 -.198804E+01 0.140186E+02
 -.247138E+00 -.420945E+01 -.184893E+01 -.197750E+01 0.144858E+02
 -.269818E+00 -.421234E+01 -.182341E+01 -.201587E+01 0.141293E+02
 -.271353E+00 -.420909E+01 -.181799E+01 -.198428E+01 0.141945E+02
 -.268145E+00 -.422255E+01 -.183957E+01 -.188299E+01 0.172979E+02
 -.272014E+00 -.421001E+01 -.182183E+01 -.200390E+01 0.140583E+02
 -.273580E+00 -.422199E+01 -.183213E+01 -.198438E+01 0.142157E+02
 -.269755E+00 -.421360E+01 -.185222E+01 -.197900E+01 0.149794E+02
 -.279641E+00 -.420654E+01 -.182822E+01 -.201421E+01 0.153297E+02
 -.274894E+00 -.420942E+01 -.182443E+01 -.199005E+01 0.140764E+02
 -.265534E+00 -.421039E+01 -.182758E+01 -.201382E+01 0.140659E+02
 -.272346E+00 -.416498E+01 -.186973E+01 -.192040E+01 0.149620E+02
 -.272505E+00 -.421072E+01 -.182451E+01 -.198946E+01 0.140211E+02
 -.264283E+00 -.420957E+01 -.182423E+01 -.196969E+01 0.147700E+02
 -.277750E+00 -.420806E+01 -.182211E+01 -.196538E+01 0.140746E+02
 -.254659E+00 -.413478E+01 -.184806E+01 -.198756E+01 0.149791E+02
 -.280391E+00 -.420978E+01 -.182868E+01 -.200972E+01 0.153076E+02
 -.272278E+00 -.421155E+01 -.182406E+01 -.198888E+01 0.140316E+02
 -.276282E+00 -.421339E+01 -.182807E+01 -.198959E+01 0.142642E+02
 -.290255E+00 -.423170E+01 -.182622E+01 -.199035E+01 0.158170E+02
 -.271778E+00 -.421160E+01 -.184581E+01 -.204286E+01 0.177423E+02
 -.267017E+00 -.420967E+01 -.182415E+01 -.197517E+01 0.143683E+02
 -.275529E+00 -.421699E+01 -.183999E+01 -.189472E+01 0.151567E+02
 -.272929E+00 -.420884E+01 -.182240E+01 -.198758E+01 0.140330E+02
 -.270995E+00 -.420879E+01 -.183192E+01 -.198957E+01 0.141192E+02
 -.274027E+00 -.420998E+01 -.181937E+01 -.200134E+01 0.140505E+02
 -.272098E+00 -.420911E+01 -.180780E+01 -.193907E+01 0.169681E+02
 -.287349E+00 -.420977E+01 -.181580E+01 -.199281E+01 0.145286E+02
 -.285344E+00 -.421023E+01 -.181710E+01 -.198688E+01 0.143077E+02
 -.265817E+00 -.420995E+01 -.182587E+01 -.198858E+01 0.141354E+02
 -.272841E+00 -.420949E+01 -.182434E+01 -.198874E+01 0.140213E+02
 -.272279E+00 -.421010E+01 -.182404E+01 -.198811E+01 0.140310E+02
 -.271476E+00 -.419108E+01 -.183307E+01 -.198442E+01 0.141748E+02
