 0.415828E+01 -.288393E+01 -.166308E+01 0.327685E+02
 0.494297E+01 -.286441E+01 -.172029E+01 0.373738E+02
 0.418982E+01 -.287411E+01 -.167517E+01 0.336903E+02
 0.475230E+01 -.287792E+01 -.164956E+01 0.332824E+02
 0.500878E+01 -.287390E+01 -.173409E+01 0.361936E+02
 0.381790E+01 -.288219E+01 -.155853E+01 0.381504E+02
 0.412468E+01 -.285706E+01 -.170000E+01 0.395843E+02
 0.470308E+01 -.287572E+01 -.170000E+01 0.339808E+02
 0.350000E+01 -.287066E+01 -.170000E+01 0.348655E+02
 0.420513E+01 -.288178E+01 -.163364E+01 0.332772E+02
 0.371633E+01 -.285279E+01 -.165164E+01 0.425016E+02
 0.379918E+01 -.288877E+01 -.164336E+01 0.330991E+02
 0.417915E+01 -.287738E+01 -.164791E+01 0.333650E+02
 0.381773E+01 -.287058E+01 -.163139E+01 0.352976E+02
 0.445430E+01 -.289042E+01 -.152825E+01 0.409324E+02
 0.350000E+01 -.286281E+01 -.175995E+01 0.409983E+02
 0.576711E+01 -.285625E+01 -.166426E+01 0.401188E+02
 0.417189E+01 -.285606E+01 -.163560E+01 0.413362E+02
 0.402867E+01 -.291164E+01 -.168686E+01 0.408193E+02
 0.224263E+01 -.288861E+01 -.174826E+01 0.383859E+02
 0.381057E+01 -.285912E+01 -.170000E+01 0.386334E+02
 0.349468E+01 -.287346E+01 -.157442E+01 0.383999E+02
 0.329425E+01 -.289160E+01 -.152906E+01 0.408058E+02
 0.424615E+01 -.287682E+01 -.165447E+01 0.333227E+02
 0.440131E+01 -.286647E+01 -.170000E+01 0.359212E+02
 0.456686E+01 -.287553E+01 -.165884E+01 0.334653E+02
 0.600000E+01 -.285502E+01 -.170000E+01 0.407407E+02
 0.319172E+01 -.286026E+01 -.175420E+01 0.413442E+02
 0.367857E+01 -.291385E+01 -.163823E+01 0.406645E+02
 0.424589E+01 -.289423E+01 -.154025E+01 0.398455E+02
 0.405906E+01 -.287512E+01 -.165720E+01 0.335597E+02
 0.377759E+01 -.286522E+01 -.176616E+01 0.409641E+02
 0.350225E+01 -.290575E+01 -.173660E+01 0.420089E+02
 0.508434E+01 -.289597E+01 -.172831E+01 0.374925E+02
 0.428920E+01 -.285610E+01 -.170000E+01 0.400932E+02
 0.443670E+01 -.286030E+01 -.175049E+01 0.408611E+02
 0.350000E+01 -.288691E+01 -.156995E+01 0.367728E+02
 0.382225E+01 -.289268E+01 -.160349E+01 0.347819E+02
 0.548834E+01 -.287415E+01 -.174795E+01 0.374023E+02
 0.372755E+01 -.289842E+01 -.161811E+01 0.351582E+02
 0.600000E+01 -.288674E+01 -.168896E+01 0.333263E+02
 0.599852E+01 -.289658E+01 -.170000E+01 0.354914E+02
 0.423072E+01 -.289307E+01 -.156875E+01 0.371168E+02
 0.389466E+01 -.286511E+01 -.164713E+01 0.365501E+02
 0.416409E+01 -.289733E+01 -.169900E+01 0.356917E+02
 0.404612E+01 -.286603E+01 -.164291E+01 0.363421E+02
 0.403707E+01 -.285304E+01 -.168378E+01 0.416372E+02
 0.365051E+01 -.287559E+01 -.166904E+01 0.334196E+02
 0.261530E+01 -.288351E+01 -.171441E+01 0.345864E+02
 0.350000E+01 -.290079E+01 -.153332E+01 0.414907E+02
 0.471285E+01 -.288084E+01 -.170000E+01 0.336196E+02
 0.376121E+01 -.290512E+01 -.170000E+01 0.385270E+02
 0.379769E+01 -.289603E+01 -.156587E+01 0.376816E+02
 0.370200E+01 -.285793E+01 -.170000E+01 0.392183E+02
 0.394711E+01 -.290882E+01 -.162849E+01 0.383534E+02
 0.410972E+01 -.286690E+01 -.155823E+01 0.423080E+02
 0.390975E+01 -.289504E+01 -.158103E+01 0.364166E+02
 0.320404E+01 -.287978E+01 -.163342E+01 0.334740E+02
 0.600000E+01 -.289288E+01 -.172173E+01 0.361025E+02
 0.600000E+01 -.288231E+01 -.171799E+01 0.345804E+02
 0.410577E+01 -.288138E+01 -.169448E+01 0.333937E+02
 0.359287E+01 -.287136E+01 -.162676E+01 0.353223E+02
 0.422332E+01 -.290898E+01 -.160375E+01 0.390836E+02
 0.485250E+01 -.288857E+01 -.156144E+01 0.375051E+02
 0.545592E+01 -.289219E+01 -.162301E+01 0.339040E+02
 0.447025E+01 -.287337E+01 -.174362E+01 0.370673E+02
 0.387003E+01 -.291230E+01 -.163653E+01 0.398372E+02
 0.215662E+01 -.286401E+01 -.162323E+01 0.385404E+02
 0.317135E+01 -.290394E+01 -.170000E+01 0.380165E+02
 0.406543E+01 -.285180E+01 -.168517E+01 0.423487E+02
 0.271083E+01 -.287081E+01 -.175764E+01 0.390902E+02
 0.320617E+01 -.286585E+01 -.161140E+01 0.380305E+02
 0.414524E+01 -.288194E+01 -.159206E+01 0.353758E+02
 0.417607E+01 -.285473E+01 -.166953E+01 0.408667E+02
 0.407974E+01 -.288035E+01 -.178348E+01 0.417786E+02
 0.423168E+01 -.288632E+01 -.176465E+01 0.396156E+02
 0.600000E+01 -.288678E+01 -.161387E+01 0.338875E+02
 0.353140E+01 -.288215E+01 -.152826E+01 0.414296E+02
 0.198979E+01 -.289453E+01 -.150853E+01 0.425878E+02
 0.416091E+01 -.287001E+01 -.156400E+01 0.405493E+02
 0.433411E+01 -.288559E+01 -.170000E+01 0.337240E+02
 0.580335E+01 -.288581E+01 -.161810E+01 0.337042E+02
 0.177568E+01 -.291480E+01 -.167877E+01 0.419827E+02
 0.421446E+01 -.288144E+01 -.165317E+01 0.328869E+02
 0.406421E+01 -.285697E+01 -.175159E+01 0.422970E+02
 0.100000E+01 -.291262E+01 -.156464E+01 0.400381E+02
 0.439616E+01 -.286678E+01 -.163931E+01 0.362057E+02
 0.429033E+01 -.287838E+01 -.169922E+01 0.337049E+02
 0.381473E+01 -.286419E+01 -.170000E+01 0.366432E+02
 0.519526E+01 -.288437E+01 -.154045E+01 0.397852E+02
 0.419343E+01 -.288700E+01 -.174793E+01 0.376286E+02
 0.394169E+01 -.289838E+01 -.159837E+01 0.359926E+02
 0.304379E+01 -.287725E+01 -.154951E+01 0.399241E+02
 0.365014E+01 -.286838E+01 -.167169E+01 0.350075E+02
 0.362370E+01 -.286162E+01 -.161553E+01 0.395655E+02
 0.376242E+01 -.288477E+01 -.169707E+01 0.335572E+02
 0.482360E+01 -.286700E+01 -.169390E+01 0.355815E+02
 0.468488E+01 -.289993E+01 -.165144E+01 0.350521E+02
 0.412152E+01 -.286709E+01 -.175880E+01 0.396693E+02
 0.436818E+01 -.288848E+01 -.170000E+01 0.340026E+02
 0.374099E+01 -.287088E+01 -.166072E+01 0.344208E+02
 0.417183E+01 -.287879E+01 -.159234E+01 0.357667E+02
 0.439634E+01 -.286228E+01 -.167848E+01 0.371070E+02
 0.366532E+01 -.291652E+01 -.164432E+01 0.421389E+02
 0.491794E+01 -.290251E+01 -.163919E+01 0.358912E+02
 0.453771E+01 -.285223E+01 -.170571E+01 0.422571E+02
 0.428229E+01 -.287566E+01 -.164789E+01 0.336156E+02
 0.322817E+01 -.287137E+01 -.165902E+01 0.343348E+02
 0.352972E+01 -.286911E+01 -.163493E+01 0.355999E+02
 0.398031E+01 -.286940E+01 -.158368E+01 0.388237E+02
 0.449361E+01 -.287763E+01 -.160133E+01 0.353602E+02
 0.405327E+01 -.286010E+01 -.161143E+01 0.406443E+02
 0.364318E+01 -.286387E+01 -.167394E+01 0.365006E+02
 0.341292E+01 -.286784E+01 -.168319E+01 0.352119E+02
 0.573581E+01 -.288352E+01 -.151997E+01 0.422679E+02
 0.430601E+01 -.288445E+01 -.166758E+01 0.328061E+02
 0.242853E+01 -.288323E+01 -.164236E+01 0.330962E+02
 0.444992E+01 -.285184E+01 -.167909E+01 0.424024E+02
 0.463981E+01 -.290000E+01 -.170000E+01 0.365842E+02
 0.420644E+01 -.287876E+01 -.170255E+01 0.338156E+02
 0.480254E+01 -.290179E+01 -.166055E+01 0.356876E+02
 0.407156E+01 -.288105E+01 -.171826E+01 0.346085E+02
 0.429603E+01 -.287131E+01 -.176172E+01 0.392271E+02
 0.408673E+01 -.286987E+01 -.162586E+01 0.357872E+02
 0.417774E+01 -.288047E+01 -.153954E+01 0.404075E+02
 0.409312E+01 -.286339E+01 -.170337E+01 0.370394E+02
 0.400216E+01 -.285304E+01 -.171239E+01 0.420145E+02
 0.390562E+01 -.288162E+01 -.165764E+01 0.328525E+02
 0.350000E+01 -.288284E+01 -.158928E+01 0.354865E+02
 0.386952E+01 -.288728E+01 -.178011E+01 0.420217E+02
 0.413279E+01 -.287361E+01 -.158937E+01 0.370546E+02
 0.256744E+01 -.287308E+01 -.170000E+01 0.346114E+02
 0.172168E+01 -.287899E+01 -.169029E+01 0.348404E+02
 0.342192E+01 -.286940E+01 -.165911E+01 0.348507E+02
 0.427210E+01 -.286296E+01 -.176196E+01 0.411110E+02
 0.337744E+01 -.286105E+01 -.170936E+01 0.381377E+02
 0.437725E+01 -.290249E+01 -.170209E+01 0.375864E+02
 0.415896E+01 -.288053E+01 -.163557E+01 0.333176E+02
 0.154440E+01 -.287097E+01 -.168392E+01 0.372364E+02
 0.464007E+01 -.288669E+01 -.166948E+01 0.329093E+02
 0.350000E+01 -.289986E+01 -.174852E+01 0.409802E+02
 0.471332E+01 -.289814E+01 -.170462E+01 0.363085E+02
 0.481976E+01 -.289888E+01 -.166870E+01 0.349866E+02
 0.406602E+01 -.288065E+01 -.170393E+01 0.338044E+02
 0.398049E+01 -.285941E+01 -.165789E+01 0.386511E+02
 0.373510E+01 -.289504E+01 -.173943E+01 0.383849E+02
 0.464301E+01 -.290417E+01 -.155872E+01 0.400405E+02
 0.438566E+01 -.290940E+01 -.165470E+01 0.386002E+02
 0.411404E+01 -.289606E+01 -.164403E+01 0.341253E+02
 0.600000E+01 -.287130E+01 -.161151E+01 0.361966E+02
 0.359759E+01 -.287136E+01 -.163473E+01 0.349807E+02
 0.392446E+01 -.289574E+01 -.166128E+01 0.340919E+02
 0.410479E+01 -.287637E+01 -.162816E+01 0.341341E+02
 0.281741E+01 -.291197E+01 -.161576E+01 0.399354E+02
 0.557188E+01 -.289504E+01 -.164141E+01 0.339266E+02
 0.417233E+01 -.288005E+01 -.172773E+01 0.352879E+02
 0.420844E+01 -.285608E+01 -.166103E+01 0.402990E+02
 0.474768E+01 -.291201E+01 -.166859E+01 0.401765E+02
 0.333245E+01 -.286365E+01 -.165711E+01 0.368348E+02
 0.393883E+01 -.288892E+01 -.175883E+01 0.392821E+02
 0.417069E+01 -.288828E+01 -.159845E+01 0.347399E+02
 0.340830E+01 -.289078E+01 -.164317E+01 0.332935E+02
 0.187035E+01 -.289333E+01 -.169117E+01 0.349311E+02
 0.420403E+01 -.287242E+01 -.162151E+01 0.352872E+02
 0.416511E+01 -.287924E+01 -.157173E+01 0.373606E+02
 0.137036E+01 -.287236E+01 -.172635E+01 0.413858E+02
 0.259286E+01 -.289173E+01 -.155136E+01 0.384238E+02
 0.333925E+01 -.288729E+01 -.165830E+01 0.328918E+02
 0.462351E+01 -.286843E+01 -.168674E+01 0.350552E+02
 0.414675E+01 -.288623E+01 -.161491E+01 0.338526E+02
 0.439759E+01 -.290310E+01 -.167764E+01 0.365843E+02
 0.350000E+01 -.288113E+01 -.168613E+01 0.331513E+02
 0.391312E+01 -.287983E+01 -.167471E+01 0.329896E+02
 0.524694E+01 -.288165E+01 -.170053E+01 0.336253E+02
 0.417853E+01 -.287576E+01 -.154077E+01 0.412812E+02
 0.415238E+01 -.289067E+01 -.171554E+01 0.352552E+02
 0.416777E+01 -.286360E+01 -.168959E+01 0.366744E+02
 0.396053E+01 -.287037E+01 -.173070E+01 0.364948E+02
 0.510609E+01 -.290744E+01 -.168090E+01 0.384419E+02
 0.364698E+01 -.289203E+01 -.165173E+01 0.333718E+02
 0.309145E+01 -.287718E+01 -.166576E+01 0.332375E+02
 0.416781E+01 -.288423E+01 -.165446E+01 0.328036E+02
 0.351024E+01 -.287097E+01 -.162906E+01 0.352979E+02
 0.272940E+01 -.286237E+01 -.163512E+01 0.382437E+02
 0.427458E+01 -.287168E+01 -.155961E+01 0.403802E+02
 0.465167E+01 -.291539E+01 -.160787E+01 0.418786E+02
 0.447935E+01 -.291354E+01 -.163217E+01 0.405130E+02
 0.438638E+01 -.289213E+01 -.176913E+01 0.413676E+02
 0.462716E+01 -.289615E+01 -.166194E+01 0.341648E+02
 0.352658E+01 -.291501E+01 -.161032E+01 0.416634E+02
 0.403926E+01 -.288001E+01 -.174471E+01 0.367952E+02
 0.386895E+01 -.288322E+01 -.166543E+01 0.327886E+02
 0.417510E+01 -.289693E+01 -.164624E+01 0.342812E+02
 0.352591E+01 -.287072E+01 -.167436E+01 0.343902E+02
 0.417384E+01 -.287856E+01 -.160793E+01 0.347792E+02
 0.100000E+01 -.288806E+01 -.165156E+01 0.413714E+02
 0.418494E+01 -.285683E+01 -.168954E+01 0.396136E+02
 0.546130E+01 -.290173E+01 -.164755E+01 0.355909E+02
 0.358001E+01 -.287154E+01 -.165358E+01 0.343840E+02
 0.357647E+01 -.286356E+01 -.159701E+01 0.400921E+02
 0.447616E+01 -.287662E+01 -.167693E+01 0.333309E+02
 0.600000E+01 -.288114E+01 -.164410E+01 0.330503E+02
 0.416515E+01 -.287999E+01 -.158810E+01 0.358980E+02
 0.401531E+01 -.290514E+01 -.165646E+01 0.368811E+02
 0.425861E+01 -.287182E+01 -.160690E+01 0.362864E+02
 0.182102E+01 -.289111E+01 -.174186E+01 0.388699E+02
 0.460093E+01 -.285527E+01 -.165483E+01 0.409319E+02
 0.388716E+01 -.288299E+01 -.175799E+01 0.383933E+02
 0.356006E+01 -.286887E+01 -.168236E+01 0.349512E+02
 0.331305E+01 -.286813E+01 -.166154E+01 0.351974E+02
 0.429240E+01 -.287750E+01 -.166594E+01 0.331660E+02
 0.511603E+01 -.288106E+01 -.172630E+01 0.351718E+02
 0.418079E+01 -.290326E+01 -.156811E+01 0.390539E+02
 0.423389E+01 -.285328E+01 -.171430E+01 0.419023E+02
 0.473848E+01 -.289858E+01 -.173381E+01 0.388877E+02
 0.416969E+01 -.288434E+01 -.157731E+01 0.362907E+02
 0.415793E+01 -.288722E+01 -.161305E+01 0.339394E+02
 0.100000E+01 -.290819E+01 -.163764E+01 0.410833E+02
 0.406295E+01 -.290197E+01 -.164176E+01 0.357061E+02
 0.188333E+01 -.290112E+01 -.169638E+01 0.371142E+02
 0.402165E+01 -.287498E+01 -.167179E+01 0.335078E+02
 0.406483E+01 -.288608E+01 -.152522E+01 0.413884E+02
 0.367644E+01 -.288424E+01 -.165200E+01 0.328246E+02
 0.415857E+01 -.288620E+01 -.174571E+01 0.372679E+02
 0.419609E+01 -.285851E+01 -.173997E+01 0.407723E+02
 0.418765E+01 -.286117E+01 -.161366E+01 0.399565E+02
 0.221371E+01 -.290079E+01 -.160606E+01 0.359946E+02
 0.410720E+01 -.286994E+01 -.167724E+01 0.345977E+02
 0.188590E+01 -.288798E+01 -.164688E+01 0.333384E+02
 0.512672E+01 -.288716E+01 -.166810E+01 0.329334E+02
 0.402484E+01 -.287839E+01 -.158560E+01 0.363243E+02
 0.343959E+01 -.288934E+01 -.164990E+01 0.330595E+02
 0.442689E+01 -.289477E+01 -.175813E+01 0.405703E+02
 0.399304E+01 -.286487E+01 -.166145E+01 0.362767E+02
 0.395756E+01 -.289091E+01 -.169501E+01 0.341028E+02
 0.416477E+01 -.289439E+01 -.172957E+01 0.371910E+02
 0.421514E+01 -.287703E+01 -.154330E+01 0.406635E+02
 0.416495E+01 -.288265E+01 -.167042E+01 0.328255E+02
 0.378792E+01 -.291696E+01 -.162681E+01 0.423773E+02
 0.438590E+01 -.287469E+01 -.160560E+01 0.356451E+02
 0.549538E+01 -.289544E+01 -.166103E+01 0.340069E+02
 0.360971E+01 -.290312E+01 -.163810E+01 0.360772E+02
 0.411013E+01 -.288290E+01 -.178067E+01 0.415385E+02
 0.397366E+01 -.287125E+01 -.161916E+01 0.357130E+02
 0.248108E+01 -.288432E+01 -.170925E+01 0.343607E+02
 0.390166E+01 -.287896E+01 -.167929E+01 0.331192E+02
 0.600000E+01 -.288221E+01 -.169813E+01 0.335153E+02
 0.460576E+01 -.286640E+01 -.158406E+01 0.399397E+02
 0.416879E+01 -.288291E+01 -.159402E+01 0.351595E+02
 0.396162E+01 -.287883E+01 -.158119E+01 0.366069E+02
 0.400895E+01 -.286951E+01 -.162152E+01 0.361016E+02
 0.373861E+01 -.288069E+01 -.164177E+01 0.331353E+02
 0.417103E+01 -.287045E+01 -.167173E+01 0.344583E+02
 0.600000E+01 -.287700E+01 -.163691E+01 0.337156E+02
 0.461785E+01 -.288958E+01 -.165777E+01 0.330709E+02
 0.457338E+01 -.287308E+01 -.167694E+01 0.338788E+02
 0.356959E+01 -.286192E+01 -.162123E+01 0.391235E+02
 0.395112E+01 -.291407E+01 -.164300E+01 0.408003E+02
 0.432366E+01 -.289065E+01 -.161627E+01 0.340105E+02
 0.467934E+01 -.289691E+01 -.170000E+01 0.356463E+02
 0.411125E+01 -.288217E+01 -.173679E+01 0.360927E+02
 0.415566E+01 -.288447E+01 -.163282E+01 0.331857E+02
 0.423869E+01 -.291588E+01 -.161381E+01 0.420358E+02
 0.430074E+01 -.288081E+01 -.156349E+01 0.378706E+02
 0.406821E+01 -.290727E+01 -.166864E+01 0.379995E+02
 0.350000E+01 -.288673E+01 -.167526E+01 0.330022E+02
 0.285885E+01 -.287313E+01 -.166000E+01 0.339813E+02
 0.405819E+01 -.288960E+01 -.166588E+01 0.331108E+02
 0.600000E+01 -.289137E+01 -.158797E+01 0.355282E+02
 0.414157E+01 -.289445E+01 -.168503E+01 0.343390E+02
 0.418773E+01 -.288692E+01 -.153081E+01 0.406820E+02
 0.415782E+01 -.288529E+01 -.169292E+01 0.333919E+02
 0.441478E+01 -.290095E+01 -.152519E+01 0.423970E+02
 0.285963E+01 -.285437E+01 -.165264E+01 0.416437E+02
 0.413642E+01 -.288189E+01 -.165199E+01 0.328834E+02
 0.256505E+01 -.287858E+01 -.168145E+01 0.333576E+02
 0.344163E+01 -.285235E+01 -.169586E+01 0.421406E+02
 0.414318E+01 -.287939E+01 -.166753E+01 0.329694E+02
 0.167976E+01 -.289164E+01 -.168949E+01 0.350154E+02
 0.163012E+01 -.286508E+01 -.167252E+01 0.385176E+02
 0.411545E+01 -.288829E+01 -.164315E+01 0.330674E+02
 0.317033E+01 -.290565E+01 -.169065E+01 0.381679E+02
 0.419330E+01 -.287606E+01 -.164418E+01 0.336450E+02
 0.355445E+01 -.288632E+01 -.165398E+01 0.328338E+02
 0.427027E+01 -.287264E+01 -.158036E+01 0.380838E+02
 0.422756E+01 -.287340E+01 -.177476E+01 0.406309E+02
 0.416782E+01 -.288428E+01 -.171476E+01 0.344604E+02
 0.429140E+01 -.291449E+01 -.164587E+01 0.410370E+02
 0.418202E+01 -.287810E+01 -.178622E+01 0.421422E+02
 0.422335E+01 -.286072E+01 -.166637E+01 0.378355E+02
 0.362818E+01 -.287126E+01 -.154242E+01 0.424204E+02
 0.293930E+01 -.288670E+01 -.166798E+01 0.329324E+02
 0.413012E+01 -.287641E+01 -.167236E+01 0.333083E+02
 0.158489E+01 -.289103E+01 -.167094E+01 0.344595E+02
 0.374443E+01 -.287728E+01 -.165433E+01 0.332709E+02
 0.414824E+01 -.291032E+01 -.163323E+01 0.389638E+02
 0.413197E+01 -.286066E+01 -.158637E+01 0.423702E+02
 0.414774E+01 -.288833E+01 -.177295E+01 0.411023E+02
 0.416477E+01 -.288317E+01 -.159372E+01 0.351600E+02
 0.425402E+01 -.289633E+01 -.166377E+01 0.342426E+02
 0.421628E+01 -.287607E+01 -.169555E+01 0.337851E+02
 0.419700E+01 -.287797E+01 -.166369E+01 0.331113E+02
 0.439080E+01 -.288055E+01 -.164334E+01 0.331088E+02
 0.600000E+01 -.289792E+01 -.166542E+01 0.345839E+02
 0.426770E+01 -.288312E+01 -.167136E+01 0.328384E+02
 0.411271E+01 -.287945E+01 -.168580E+01 0.332071E+02
 0.450905E+01 -.287920E+01 -.167808E+01 0.330731E+02
 0.385318E+01 -.290764E+01 -.159008E+01 0.390730E+02
 0.414305E+01 -.286229E+01 -.165034E+01 0.375732E+02
 0.437045E+01 -.288282E+01 -.164611E+01 0.329282E+02
 0.427083E+01 -.291108E+01 -.170376E+01 0.415918E+02
 0.588976E+01 -.288200E+01 -.167024E+01 0.328409E+02
 0.477153E+01 -.287332E+01 -.156995E+01 0.388613E+02
 0.416958E+01 -.287840E+01 -.157279E+01 0.374129E+02
 0.410600E+01 -.288800E+01 -.172984E+01 0.359688E+02
 0.416253E+01 -.288408E+01 -.161485E+01 0.339001E+02
 0.428398E+01 -.287002E+01 -.161952E+01 0.360543E+02
 0.416614E+01 -.287861E+01 -.166414E+01 0.330458E+02
 0.435160E+01 -.287810E+01 -.168320E+01 0.332595E+02
 0.408917E+01 -.289376E+01 -.166284E+01 0.336822E+02
 0.430291E+01 -.288108E+01 -.164456E+01 0.330429E+02
 0.369807E+01 -.289027E+01 -.167157E+01 0.332735E+02
 0.382681E+01 -.289875E+01 -.165741E+01 0.348101E+02
 0.413831E+01 -.288276E+01 -.161919E+01 0.337608E+02
 0.358985E+01 -.288941E+01 -.169364E+01 0.338139E+02
 0.440839E+01 -.288160E+01 -.170684E+01 0.339299E+02
 0.473065E+01 -.288670E+01 -.168476E+01 0.332266E+02
 0.427607E+01 -.290306E+01 -.171222E+01 0.385410E+02
 0.428631E+01 -.291332E+01 -.167630E+01 0.411919E+02
 0.415818E+01 -.288492E+01 -.168735E+01 0.331852E+02
 0.391634E+01 -.286269E+01 -.171596E+01 0.377439E+02
 0.404605E+01 -.287569E+01 -.165235E+01 0.335421E+02
 0.543028E+01 -.288309E+01 -.174462E+01 0.368974E+02
 0.407672E+01 -.288928E+01 -.166301E+01 0.330490E+02
 0.280769E+01 -.288239E+01 -.165283E+01 0.329071E+02
 0.414444E+01 -.288997E+01 -.154044E+01 0.395609E+02
 0.418380E+01 -.288747E+01 -.167136E+01 0.329721E+02
 0.395155E+01 -.288570E+01 -.170183E+01 0.338267E+02
 0.412528E+01 -.286734E+01 -.160332E+01 0.379877E+02
 0.465428E+01 -.291584E+01 -.162326E+01 0.419554E+02
 0.417204E+01 -.289851E+01 -.163510E+01 0.347631E+02
 0.464823E+01 -.285695E+01 -.163099E+01 0.410622E+02
 0.416143E+01 -.288488E+01 -.168699E+01 0.331751E+02
 0.432751E+01 -.285304E+01 -.171180E+01 0.419830E+02
 0.406284E+01 -.288907E+01 -.168893E+01 0.335990E+02
 0.402578E+01 -.288626E+01 -.164415E+01 0.329522E+02
 0.416325E+01 -.288435E+01 -.178410E+01 0.422200E+02
 0.316670E+01 -.286668E+01 -.170143E+01 0.359591E+02
 0.399756E+01 -.289818E+01 -.169424E+01 0.356958E+02
 0.269857E+01 -.290073E+01 -.173797E+01 0.401391E+02
 0.418608E+01 -.286930E+01 -.166822E+01 0.347663E+02
 0.380983E+01 -.286156E+01 -.167925E+01 0.373772E+02
 0.233505E+01 -.288797E+01 -.171739E+01 0.352782E+02
 0.431164E+01 -.291292E+01 -.161353E+01 0.405361E+02
 0.414017E+01 -.287208E+01 -.167486E+01 0.340750E+02
 0.524178E+01 -.291217E+01 -.162884E+01 0.398651E+02
 0.446794E+01 -.287097E+01 -.160786E+01 0.365027E+02
 0.346644E+01 -.288117E+01 -.165130E+01 0.329361E+02
 0.516925E+01 -.288292E+01 -.169148E+01 0.332765E+02
 0.502425E+01 -.288412E+01 -.159293E+01 0.351439E+02
 0.413981E+01 -.287651E+01 -.155539E+01 0.394822E+02
 0.421586E+01 -.285428E+01 -.172394E+01 0.417676E+02
 0.415394E+01 -.288559E+01 -.177410E+01 0.408128E+02
 0.424928E+01 -.287791E+01 -.162970E+01 0.338111E+02
 0.416662E+01 -.288472E+01 -.163407E+01 0.331520E+02
 0.413562E+01 -.289856E+01 -.161272E+01 0.354002E+02
 0.347107E+01 -.285617E+01 -.169746E+01 0.400526E+02
 0.413849E+01 -.288956E+01 -.166643E+01 0.331065E+02
 0.273358E+01 -.289765E+01 -.174449E+01 0.398534E+02
 0.423428E+01 -.287926E+01 -.166659E+01 0.329749E+02
 0.435363E+01 -.289939E+01 -.167419E+01 0.352584E+02
 0.295116E+01 -.288891E+01 -.165976E+01 0.330145E+02
 0.531597E+01 -.288163E+01 -.167728E+01 0.329433E+02
 0.426678E+01 -.288937E+01 -.165953E+01 0.330504E+02
 0.421763E+01 -.288270E+01 -.176467E+01 0.392178E+02
 0.415581E+01 -.288144E+01 -.175633E+01 0.380820E+02
 0.358552E+01 -.287051E+01 -.164788E+01 0.347791E+02
 0.435672E+01 -.285704E+01 -.163534E+01 0.408047E+02
 0.413548E+01 -.287716E+01 -.171055E+01 0.343143E+02
 0.321532E+01 -.287983E+01 -.164449E+01 0.331685E+02
 0.317839E+01 -.287937E+01 -.167220E+01 0.330277E+02
 0.414539E+01 -.287669E+01 -.157496E+01 0.375531E+02
 0.506660E+01 -.288134E+01 -.166791E+01 0.328476E+02
 0.418063E+01 -.290584E+01 -.169059E+01 0.382235E+02
 0.208377E+01 -.288528E+01 -.160012E+01 0.346368E+02
 0.419454E+01 -.289599E+01 -.171533E+01 0.364046E+02
 0.372168E+01 -.289073E+01 -.169608E+01 0.341243E+02
 0.414528E+01 -.288198E+01 -.161313E+01 0.341035E+02
 0.514623E+01 -.287442E+01 -.156787E+01 0.387351E+02
 0.416793E+01 -.288324E+01 -.162934E+01 0.333361E+02
 0.334171E+01 -.288042E+01 -.172831E+01 0.353673E+02
 0.382294E+01 -.288778E+01 -.167122E+01 0.330157E+02
 0.429131E+01 -.287672E+01 -.167343E+01 0.332866E+02
 0.423713E+01 -.288778E+01 -.167757E+01 0.331332E+02
 0.421415E+01 -.286729E+01 -.166092E+01 0.354278E+02
 0.426595E+01 -.289139E+01 -.166370E+01 0.333210E+02
 0.391214E+01 -.288294E+01 -.153531E+01 0.405060E+02
 0.413373E+01 -.289190E+01 -.166564E+01 0.334281E+02
 0.447907E+01 -.288777E+01 -.174831E+01 0.377737E+02
 0.431938E+01 -.289197E+01 -.168166E+01 0.337831E+02
 0.424776E+01 -.288776E+01 -.162450E+01 0.335099E+02
 0.514025E+01 -.289368E+01 -.165766E+01 0.336478E+02
 0.295569E+01 -.287497E+01 -.171575E+01 0.349275E+02
 0.392270E+01 -.288344E+01 -.166580E+01 0.327963E+02
 0.594867E+01 -.289161E+01 -.168412E+01 0.337146E+02
 0.490792E+01 -.287984E+01 -.172694E+01 0.352272E+02
 0.410963E+01 -.285784E+01 -.166553E+01 0.392237E+02
 0.414449E+01 -.288093E+01 -.155248E+01 0.389328E+02
 0.292670E+01 -.290654E+01 -.171255E+01 0.401003E+02
 0.372875E+01 -.286995E+01 -.160645E+01 0.368820E+02
 0.416837E+01 -.288206E+01 -.167020E+01 0.328371E+02
 0.418526E+01 -.289388E+01 -.162277E+01 0.341320E+02
 0.453873E+01 -.285958E+01 -.166334E+01 0.384158E+02
 0.413147E+01 -.288668E+01 -.159628E+01 0.348559E+02
 0.425173E+01 -.291234E+01 -.161801E+01 0.401271E+02
 0.366790E+01 -.289431E+01 -.156034E+01 0.379305E+02
 0.420014E+01 -.287812E+01 -.165620E+01 0.331425E+02
 0.405679E+01 -.289246E+01 -.166615E+01 0.335042E+02
 0.176816E+01 -.289582E+01 -.151931E+01 0.409586E+02
 0.421217E+01 -.287329E+01 -.167131E+01 0.338144E+02
 0.442489E+01 -.288292E+01 -.169021E+01 0.332401E+02
 0.334843E+01 -.289542E+01 -.164748E+01 0.339822E+02
 0.410454E+01 -.285377E+01 -.164671E+01 0.421397E+02
 0.502337E+01 -.288272E+01 -.173644E+01 0.360783E+02
 0.231739E+01 -.291380E+01 -.165721E+01 0.407071E+02
 0.415282E+01 -.288796E+01 -.176879E+01 0.404269E+02
 0.486791E+01 -.289141E+01 -.160335E+01 0.346522E+02
 0.476167E+01 -.288627E+01 -.168320E+01 0.331321E+02
 0.417554E+01 -.289241E+01 -.166803E+01 0.335099E+02
 0.459531E+01 -.288170E+01 -.165461E+01 0.328598E+02
 0.435352E+01 -.290354E+01 -.173808E+01 0.411898E+02
 0.415374E+01 -.288063E+01 -.156167E+01 0.380808E+02
 0.416055E+01 -.288370E+01 -.169335E+01 0.333498E+02
 0.430198E+01 -.291189E+01 -.169706E+01 0.415312E+02
 0.415432E+01 -.290390E+01 -.160103E+01 0.372643E+02
 0.394090E+01 -.291046E+01 -.168452E+01 0.400922E+02
 0.406383E+01 -.287411E+01 -.164121E+01 0.340800E+02
 0.318170E+01 -.288336E+01 -.159924E+01 0.347825E+02
 0.318816E+01 -.289123E+01 -.175743E+01 0.395881E+02
 0.419553E+01 -.287237E+01 -.166524E+01 0.340320E+02
 0.421894E+01 -.290881E+01 -.170532E+01 0.404943E+02
 0.398042E+01 -.288312E+01 -.171071E+01 0.341748E+02
 0.244622E+01 -.287662E+01 -.165905E+01 0.335050E+02
 0.444890E+01 -.287659E+01 -.158461E+01 0.367759E+02
 0.416703E+01 -.289595E+01 -.168726E+01 0.347660E+02
 0.440881E+01 -.288219E+01 -.161966E+01 0.337960E+02
 0.418010E+01 -.287187E+01 -.159464E+01 0.371595E+02
 0.517294E+01 -.288580E+01 -.168095E+01 0.330578E+02
 0.430373E+01 -.288429E+01 -.161606E+01 0.338270E+02
 0.426586E+01 -.288917E+01 -.158211E+01 0.358402E+02
 0.323682E+01 -.288100E+01 -.176766E+01 0.395641E+02
 0.415098E+01 -.288450E+01 -.159239E+01 0.351873E+02
 0.600000E+01 -.285652E+01 -.161713E+01 0.422884E+02
 0.415407E+01 -.288579E+01 -.164242E+01 0.329530E+02
 0.355008E+01 -.289382E+01 -.165156E+01 0.336524E+02
 0.414781E+01 -.287082E+01 -.164849E+01 0.346741E+02
 0.372415E+01 -.290532E+01 -.169413E+01 0.382343E+02
 0.414241E+01 -.288116E+01 -.165457E+01 0.328881E+02
 0.121066E+01 -.290332E+01 -.155529E+01 0.375902E+02
 0.422928E+01 -.287418E+01 -.175372E+01 0.379967E+02
 0.421726E+01 -.288056E+01 -.166534E+01 0.328885E+02
 0.352798E+01 -.286373E+01 -.159229E+01 0.403586E+02
 0.263711E+01 -.288644E+01 -.162758E+01 0.333840E+02
 0.414626E+01 -.286311E+01 -.173459E+01 0.386713E+02
 0.494622E+01 -.286875E+01 -.167514E+01 0.348948E+02
 0.600000E+01 -.285619E+01 -.165100E+01 0.406466E+02
 0.413160E+01 -.287337E+01 -.167105E+01 0.337929E+02
 0.426861E+01 -.288044E+01 -.165587E+01 0.329229E+02
 0.508661E+01 -.285368E+01 -.168405E+01 0.412992E+02
 0.477637E+01 -.288545E+01 -.161905E+01 0.336662E+02
 0.417053E+01 -.287255E+01 -.158217E+01 0.379737E+02
 0.407986E+01 -.287596E+01 -.171292E+01 0.345503E+02
 0.455388E+01 -.287932E+01 -.165834E+01 0.329907E+02
 0.415266E+01 -.288661E+01 -.172833E+01 0.356652E+02
 0.394806E+01 -.289198E+01 -.158010E+01 0.361454E+02
 0.412661E+01 -.287141E+01 -.178205E+01 0.418657E+02
 0.416576E+01 -.288464E+01 -.163454E+01 0.331396E+02
 0.392608E+01 -.287062E+01 -.165571E+01 0.345401E+02
 0.421885E+01 -.287295E+01 -.170436E+01 0.345714E+02
 0.422222E+01 -.289089E+01 -.167101E+01 0.333639E+02
 0.427128E+01 -.287251E+01 -.154285E+01 0.419620E+02
 0.253264E+01 -.289907E+01 -.163064E+01 0.349571E+02
 0.418646E+01 -.289235E+01 -.166508E+01 0.334584E+02
 0.396575E+01 -.285343E+01 -.168069E+01 0.414350E+02
 0.528298E+01 -.288468E+01 -.167302E+01 0.328671E+02
 0.409749E+01 -.288337E+01 -.173686E+01 0.361410E+02
 0.409980E+01 -.287548E+01 -.173732E+01 0.362918E+02
 0.570822E+01 -.286081E+01 -.164838E+01 0.383336E+02
 0.533813E+01 -.288600E+01 -.152649E+01 0.412395E+02
 0.350000E+01 -.286949E+01 -.166066E+01 0.348072E+02
 0.408816E+01 -.288456E+01 -.174761E+01 0.373201E+02
 0.324991E+01 -.288280E+01 -.164973E+01 0.328892E+02
 0.406894E+01 -.285764E+01 -.162803E+01 0.408227E+02
 0.453954E+01 -.288265E+01 -.171785E+01 0.346040E+02
 0.417297E+01 -.288057E+01 -.171079E+01 0.341547E+02
 0.318297E+01 -.288800E+01 -.178113E+01 0.423777E+02
 0.415469E+01 -.288595E+01 -.172715E+01 0.354836E+02
 0.417056E+01 -.288264E+01 -.165607E+01 0.328189E+02
 0.456025E+01 -.288616E+01 -.166051E+01 0.328170E+02
 0.427511E+01 -.288480E+01 -.154678E+01 0.390733E+02
 0.421887E+01 -.288170E+01 -.164773E+01 0.329587E+02
 0.354783E+01 -.285822E+01 -.162496E+01 0.407465E+02
 0.398633E+01 -.286029E+01 -.174589E+01 0.404866E+02
 0.397488E+01 -.285354E+01 -.169325E+01 0.413649E+02
 0.409799E+01 -.289657E+01 -.166133E+01 0.342514E+02
 0.454739E+01 -.287701E+01 -.163392E+01 0.337956E+02
 0.424933E+01 -.287671E+01 -.157954E+01 0.371479E+02
 0.417931E+01 -.288991E+01 -.166439E+01 0.331211E+02
 0.505121E+01 -.289055E+01 -.175051E+01 0.385322E+02
 0.290453E+01 -.288324E+01 -.171414E+01 0.344619E+02
 0.404484E+01 -.286139E+01 -.160332E+01 0.406099E+02
 0.426932E+01 -.289685E+01 -.165753E+01 0.342888E+02
 0.430870E+01 -.288511E+01 -.168709E+01 0.332001E+02
 0.307597E+01 -.288455E+01 -.161186E+01 0.340329E+02
 0.411204E+01 -.289335E+01 -.170158E+01 0.349034E+02
 0.258557E+01 -.288270E+01 -.170815E+01 0.341985E+02
 0.393419E+01 -.288542E+01 -.167054E+01 0.328648E+02
 0.469778E+01 -.289549E+01 -.166968E+01 0.341381E+02
 0.415570E+01 -.287168E+01 -.167900E+01 0.342126E+02
 0.477228E+01 -.287172E+01 -.164368E+01 0.345653E+02
 0.443307E+01 -.288071E+01 -.171852E+01 0.346276E+02
 0.433311E+01 -.290329E+01 -.170586E+01 0.381560E+02
 0.423522E+01 -.289589E+01 -.153934E+01 0.400939E+02
 0.507654E+01 -.286947E+01 -.175831E+01 0.391436E+02
 0.414456E+01 -.289543E+01 -.154246E+01 0.397123E+02
 0.415855E+01 -.288284E+01 -.168168E+01 0.330041E+02
 0.415846E+01 -.289554E+01 -.159302E+01 0.357081E+02
 0.399831E+01 -.288433E+01 -.152764E+01 0.412455E+02
 0.418681E+01 -.289533E+01 -.169148E+01 0.347960E+02
 0.420786E+01 -.289111E+01 -.161460E+01 0.341127E+02
 0.405846E+01 -.288441E+01 -.164945E+01 0.328454E+02
 0.420282E+01 -.291355E+01 -.163978E+01 0.404755E+02
 0.444902E+01 -.287359E+01 -.169353E+01 0.340804E+02
 0.416016E+01 -.287583E+01 -.166496E+01 0.333953E+02
 0.512998E+01 -.291462E+01 -.168586E+01 0.424259E+02
 0.540453E+01 -.288400E+01 -.171700E+01 0.345861E+02
 0.345818E+01 -.287705E+01 -.165642E+01 0.332850E+02
 0.280450E+01 -.289328E+01 -.176082E+01 0.406333E+02
 0.340479E+01 -.288383E+01 -.161348E+01 0.339815E+02
 0.417785E+01 -.288677E+01 -.160352E+01 0.344235E+02
 0.450670E+01 -.289074E+01 -.164874E+01 0.332247E+02
 0.474049E+01 -.288337E+01 -.167362E+01 0.328602E+02
 0.392186E+01 -.289322E+01 -.169427E+01 0.344974E+02
 0.419748E+01 -.287457E+01 -.174179E+01 0.367823E+02
 0.412825E+01 -.288237E+01 -.162450E+01 0.335609E+02
 0.435067E+01 -.289638E+01 -.158119E+01 0.366125E+02
 0.415184E+01 -.288562E+01 -.165925E+01 0.328132E+02
 0.505058E+01 -.288824E+01 -.159563E+01 0.349144E+02
 0.418056E+01 -.286866E+01 -.171347E+01 0.358470E+02
 0.403206E+01 -.288033E+01 -.166681E+01 0.328964E+02
 0.453070E+01 -.288029E+01 -.165253E+01 0.329697E+02
 0.415933E+01 -.286111E+01 -.165188E+01 0.380914E+02
 0.435848E+01 -.290264E+01 -.166669E+01 0.362098E+02
 0.414985E+01 -.287680E+01 -.168800E+01 0.334956E+02
 0.412440E+01 -.287391E+01 -.165329E+01 0.338296E+02
 0.427461E+01 -.288337E+01 -.176355E+01 0.391254E+02
 0.418728E+01 -.286861E+01 -.166449E+01 0.349922E+02
 0.303794E+01 -.289317E+01 -.160415E+01 0.347931E+02
 0.174993E+01 -.289845E+01 -.169432E+01 0.363983E+02
 0.465165E+01 -.288543E+01 -.167899E+01 0.329916E+02
 0.396506E+01 -.287416E+01 -.166183E+01 0.336836E+02
 0.417368E+01 -.288235E+01 -.176492E+01 0.392185E+02
 0.384647E+01 -.286895E+01 -.176107E+01 0.395508E+02
 0.420999E+01 -.286104E+01 -.167971E+01 0.376127E+02
 0.341376E+01 -.288385E+01 -.172383E+01 0.351088E+02
 0.491369E+01 -.286656E+01 -.163014E+01 0.366501E+02
 0.411942E+01 -.287335E+01 -.158264E+01 0.376796E+02
 0.484451E+01 -.288181E+01 -.159706E+01 0.350603E+02
 0.392915E+01 -.288168E+01 -.166274E+01 0.328470E+02
 0.452233E+01 -.290214E+01 -.170000E+01 0.373672E+02
 0.483728E+01 -.288162E+01 -.170161E+01 0.336808E+02
 0.429924E+01 -.288375E+01 -.158729E+01 0.355580E+02
 0.418352E+01 -.287155E+01 -.163464E+01 0.349245E+02
 0.295930E+01 -.288210E+01 -.171169E+01 0.342792E+02
 0.408099E+01 -.289351E+01 -.152202E+01 0.417503E+02
 0.439523E+01 -.287358E+01 -.173089E+01 0.359835E+02
 0.416777E+01 -.288687E+01 -.163927E+01 0.330513E+02
 0.418238E+01 -.287890E+01 -.176465E+01 0.390620E+02
 0.472809E+01 -.287988E+01 -.175683E+01 0.381156E+02
 0.415434E+01 -.287675E+01 -.169673E+01 0.337588E+02
 0.438927E+01 -.286763E+01 -.169136E+01 0.353790E+02
 0.419823E+01 -.288718E+01 -.166194E+01 0.328727E+02
 0.425840E+01 -.287545E+01 -.153335E+01 0.422368E+02
 0.315924E+01 -.290293E+01 -.158438E+01 0.378688E+02
 0.418170E+01 -.288252E+01 -.166236E+01 0.327912E+02
 0.351741E+01 -.286935E+01 -.166045E+01 0.348190E+02
 0.416196E+01 -.285493E+01 -.165273E+01 0.412623E+02
 0.329240E+01 -.288641E+01 -.163669E+01 0.331011E+02
 0.383484E+01 -.291337E+01 -.168573E+01 0.417192E+02
 0.500679E+01 -.289357E+01 -.167085E+01 0.337741E+02
 0.430126E+01 -.291302E+01 -.167311E+01 0.408928E+02
 0.411176E+01 -.286878E+01 -.157293E+01 0.400455E+02
 0.514177E+01 -.286740E+01 -.166290E+01 0.353511E+02
 0.408138E+01 -.287499E+01 -.168788E+01 0.337197E+02
 0.419979E+01 -.288929E+01 -.173555E+01 0.366892E+02
 0.513036E+01 -.289819E+01 -.168081E+01 0.351563E+02
 0.342815E+01 -.288422E+01 -.165770E+01 0.327955E+02
 0.397192E+01 -.290634E+01 -.167508E+01 0.377887E+02
 0.412248E+01 -.289957E+01 -.153074E+01 0.415719E+02
 0.408530E+01 -.291639E+01 -.164397E+01 0.420537E+02
 0.405193E+01 -.289867E+01 -.166692E+01 0.348821E+02
 0.510332E+01 -.288154E+01 -.160872E+01 0.343675E+02
 0.423058E+01 -.289790E+01 -.163398E+01 0.346599E+02
 0.405346E+01 -.288579E+01 -.171362E+01 0.344969E+02
 0.553773E+01 -.287961E+01 -.161060E+01 0.344744E+02
 0.417843E+01 -.288410E+01 -.166229E+01 0.327723E+02
 0.417682E+01 -.288274E+01 -.161145E+01 0.341298E+02
 0.442524E+01 -.288312E+01 -.173221E+01 0.357219E+02
 0.425204E+01 -.288580E+01 -.164509E+01 0.329186E+02
 0.391190E+01 -.289560E+01 -.167425E+01 0.342832E+02
 0.419305E+01 -.288982E+01 -.163270E+01 0.333732E+02
 0.303360E+01 -.289972E+01 -.160225E+01 0.360784E+02
 0.412899E+01 -.289315E+01 -.166047E+01 0.335784E+02
 0.416435E+01 -.289574E+01 -.166088E+01 0.340618E+02
 0.501528E+01 -.286209E+01 -.171150E+01 0.377506E+02
 0.240232E+01 -.288385E+01 -.168077E+01 0.332019E+02
 0.430690E+01 -.291625E+01 -.164840E+01 0.420279E+02
 0.467367E+01 -.289313E+01 -.167393E+01 0.337721E+02
 0.411546E+01 -.286479E+01 -.160674E+01 0.387926E+02
 0.375970E+01 -.287633E+01 -.155996E+01 0.390353E+02
 0.372203E+01 -.288894E+01 -.168450E+01 0.334282E+02
 0.415962E+01 -.288785E+01 -.175242E+01 0.382526E+02
 0.427497E+01 -.286225E+01 -.162822E+01 0.385204E+02
 0.370547E+01 -.288552E+01 -.165839E+01 0.328018E+02
 0.447319E+01 -.290519E+01 -.157389E+01 0.392505E+02
 0.434726E+01 -.286474E+01 -.167231E+01 0.361850E+02
 0.428227E+01 -.285997E+01 -.167824E+01 0.380719E+02
 0.534816E+01 -.288294E+01 -.169681E+01 0.334772E+02
 0.338340E+01 -.288463E+01 -.164122E+01 0.329910E+02
 0.415778E+01 -.288289E+01 -.154600E+01 0.393589E+02
 0.549078E+01 -.286257E+01 -.165873E+01 0.372101E+02
 0.356085E+01 -.286065E+01 -.164209E+01 0.386554E+02
 0.328603E+01 -.289562E+01 -.153109E+01 0.408745E+02
 0.417500E+01 -.288166E+01 -.168202E+01 0.330290E+02
 0.414696E+01 -.288687E+01 -.152653E+01 0.411638E+02
 0.383755E+01 -.288883E+01 -.155483E+01 0.381231E+02
 0.459463E+01 -.288547E+01 -.170207E+01 0.338117E+02
 0.309767E+01 -.285859E+01 -.166207E+01 0.390450E+02
 0.419155E+01 -.289529E+01 -.162812E+01 0.342110E+02
 0.409550E+01 -.288595E+01 -.165872E+01 0.328106E+02
 0.445637E+01 -.290573E+01 -.166538E+01 0.371787E+02
 0.427411E+01 -.288844E+01 -.165752E+01 0.329608E+02
 0.416351E+01 -.289739E+01 -.166288E+01 0.344683E+02
 0.563875E+01 -.288465E+01 -.167953E+01 0.329809E+02
 0.262540E+01 -.288420E+01 -.170161E+01 0.338786E+02
 0.365549E+01 -.287170E+01 -.166873E+01 0.341653E+02
 0.414901E+01 -.288254E+01 -.170021E+01 0.336199E+02
 0.419026E+01 -.286937E+01 -.167706E+01 0.347465E+02
 0.451395E+01 -.290699E+01 -.165338E+01 0.375621E+02
 0.364305E+01 -.289003E+01 -.177413E+01 0.416621E+02
 0.270650E+01 -.290472E+01 -.169872E+01 0.383005E+02
 0.420837E+01 -.288316E+01 -.165292E+01 0.328308E+02
 0.297493E+01 -.288365E+01 -.168255E+01 0.330832E+02
 0.430830E+01 -.288256E+01 -.167172E+01 0.328474E+02
 0.381547E+01 -.289563E+01 -.164459E+01 0.340594E+02
 0.417004E+01 -.290628E+01 -.168464E+01 0.381078E+02
 0.493876E+01 -.290542E+01 -.169833E+01 0.385245E+02
 0.478135E+01 -.288311E+01 -.170832E+01 0.340253E+02
 0.450376E+01 -.285887E+01 -.175780E+01 0.421199E+02
 0.432421E+01 -.287850E+01 -.165554E+01 0.330968E+02
 0.600000E+01 -.288220E+01 -.153133E+01 0.410997E+02
 0.466333E+01 -.289174E+01 -.162846E+01 0.336922E+02
 0.500869E+01 -.286316E+01 -.167118E+01 0.367937E+02
 0.394341E+01 -.287555E+01 -.173326E+01 0.359571E+02
 0.415668E+01 -.288420E+01 -.167789E+01 0.329333E+02
 0.416515E+01 -.288063E+01 -.157120E+01 0.371923E+02
 0.415747E+01 -.289582E+01 -.174688E+01 0.393892E+02
 0.487644E+01 -.285574E+01 -.168428E+01 0.401250E+02
 0.415909E+01 -.287309E+01 -.155446E+01 0.405298E+02
 0.417708E+01 -.285816E+01 -.166516E+01 0.391261E+02
 0.389460E+01 -.288101E+01 -.166563E+01 0.328636E+02
 0.382918E+01 -.286628E+01 -.160050E+01 0.385978E+02
 0.414864E+01 -.289234E+01 -.168997E+01 0.341228E+02
 0.488699E+01 -.289268E+01 -.157419E+01 0.366480E+02
 0.389621E+01 -.291246E+01 -.167185E+01 0.405085E+02
 0.411135E+01 -.289311E+01 -.161679E+01 0.342721E+02
 0.415611E+01 -.287963E+01 -.166032E+01 0.329578E+02
 0.416589E+01 -.287505E+01 -.166471E+01 0.335189E+02
 0.351766E+01 -.289339E+01 -.163762E+01 0.337218E+02
 0.485618E+01 -.290309E+01 -.163155E+01 0.361506E+02
 0.420175E+01 -.288631E+01 -.168202E+01 0.331161E+02
 0.366387E+01 -.287380E+01 -.165891E+01 0.337849E+02
 0.418810E+01 -.288271E+01 -.172570E+01 0.351677E+02
 0.418650E+01 -.289790E+01 -.173029E+01 0.382612E+02
 0.564223E+01 -.287164E+01 -.157018E+01 0.393208E+02
 0.350000E+01 -.288410E+01 -.164278E+01 0.329677E+02
 0.340864E+01 -.288985E+01 -.175804E+01 0.393755E+02
 0.231970E+01 -.291232E+01 -.165001E+01 0.398203E+02
 0.421663E+01 -.287943E+01 -.157220E+01 0.372778E+02
 0.432534E+01 -.289303E+01 -.163613E+01 0.336833E+02
 0.412426E+01 -.288181E+01 -.166661E+01 0.328269E+02
 0.340336E+01 -.287408E+01 -.171640E+01 0.349998E+02
 0.415236E+01 -.285600E+01 -.170078E+01 0.401568E+02
 0.414202E+01 -.288218E+01 -.162917E+01 0.334001E+02
 0.388612E+01 -.288443E+01 -.165782E+01 0.327826E+02
 0.474512E+01 -.287602E+01 -.161551E+01 0.347836E+02
 0.414802E+01 -.288149E+01 -.167331E+01 0.329019E+02
 0.415537E+01 -.288613E+01 -.166061E+01 0.328059E+02
 0.418574E+01 -.287757E+01 -.165438E+01 0.332262E+02
 0.434675E+01 -.288701E+01 -.158124E+01 0.359048E+02
 0.400696E+01 -.287497E+01 -.175478E+01 0.380414E+02
 0.421421E+01 -.286695E+01 -.165805E+01 0.355883E+02
 0.422507E+01 -.285674E+01 -.163306E+01 0.410135E+02
 0.398705E+01 -.287196E+01 -.155790E+01 0.405063E+02
 0.417252E+01 -.287718E+01 -.166773E+01 0.332017E+02
 0.404194E+01 -.286813E+01 -.165703E+01 0.352507E+02
 0.413380E+01 -.288650E+01 -.166250E+01 0.328519E+02
 0.448762E+01 -.290376E+01 -.169129E+01 0.374265E+02
 0.353354E+01 -.288981E+01 -.164905E+01 0.331313E+02
 0.416841E+01 -.288102E+01 -.175260E+01 0.376515E+02
 0.439367E+01 -.288733E+01 -.162799E+01 0.333621E+02
 0.417494E+01 -.286310E+01 -.166084E+01 0.369744E+02
 0.416198E+01 -.288624E+01 -.163832E+01 0.330535E+02
 0.274035E+01 -.286753E+01 -.168719E+01 0.355068E+02
 0.366271E+01 -.288471E+01 -.165277E+01 0.328178E+02
 0.385436E+01 -.289510E+01 -.167273E+01 0.340882E+02
 0.442572E+01 -.289676E+01 -.165781E+01 0.342906E+02
 0.414874E+01 -.289485E+01 -.174717E+01 0.391828E+02
 0.481970E+01 -.289358E+01 -.163215E+01 0.338452E+02
 0.421007E+01 -.288742E+01 -.160386E+01 0.344116E+02
 0.518100E+01 -.291570E+01 -.167585E+01 0.425157E+02
 0.396078E+01 -.288338E+01 -.165779E+01 0.327916E+02
 0.402892E+01 -.290468E+01 -.167811E+01 0.372172E+02
 0.414365E+01 -.291452E+01 -.162536E+01 0.410737E+02
 0.513605E+01 -.289084E+01 -.168010E+01 0.335504E+02
 0.392216E+01 -.288241E+01 -.159146E+01 0.353669E+02
 0.398028E+01 -.289121E+01 -.156988E+01 0.368753E+02
 0.426988E+01 -.288038E+01 -.172367E+01 0.349892E+02
 0.429049E+01 -.288590E+01 -.160087E+01 0.346003E+02
 0.405193E+01 -.286278E+01 -.174015E+01 0.391849E+02
 0.418966E+01 -.288442E+01 -.164930E+01 0.328418E+02
 0.419204E+01 -.287614E+01 -.173171E+01 0.357810E+02
 0.450743E+01 -.289616E+01 -.166902E+01 0.342850E+02
 0.418967E+01 -.287667E+01 -.173894E+01 0.363538E+02
 0.392464E+01 -.290573E+01 -.165351E+01 0.370662E+02
 0.420206E+01 -.287822E+01 -.164433E+01 0.333284E+02
 0.407696E+01 -.288898E+01 -.166422E+01 0.330301E+02
 0.230265E+01 -.286355E+01 -.174063E+01 0.396344E+02
 0.424902E+01 -.288452E+01 -.155139E+01 0.386190E+02
 0.418165E+01 -.289798E+01 -.165785E+01 0.345506E+02
 0.442996E+01 -.289131E+01 -.168112E+01 0.336596E+02
 0.375426E+01 -.286753E+01 -.170188E+01 0.356864E+02
 0.348862E+01 -.288250E+01 -.163749E+01 0.331321E+02
 0.479782E+01 -.290547E+01 -.166480E+01 0.370955E+02
 0.410824E+01 -.288357E+01 -.176724E+01 0.396243E+02
 0.412769E+01 -.286347E+01 -.168180E+01 0.366158E+02
 0.500317E+01 -.286428E+01 -.164574E+01 0.369042E+02
 0.411629E+01 -.287424E+01 -.165382E+01 0.337573E+02
 0.600000E+01 -.285630E+01 -.164239E+01 0.409450E+02
 0.600000E+01 -.286913E+01 -.166940E+01 0.348416E+02
 0.415881E+01 -.288953E+01 -.173862E+01 0.370123E+02
 0.443739E+01 -.288846E+01 -.166811E+01 0.330351E+02
 0.394281E+01 -.288318E+01 -.162911E+01 0.333493E+02
 0.398065E+01 -.288514E+01 -.165999E+01 0.327938E+02
 0.475693E+01 -.289450E+01 -.160750E+01 0.348026E+02
 0.412657E+01 -.289029E+01 -.166568E+01 0.332047E+02
 0.438057E+01 -.288332E+01 -.159632E+01 0.349794E+02
 0.381296E+01 -.287985E+01 -.168027E+01 0.330716E+02
 0.563174E+01 -.289072E+01 -.172733E+01 0.362003E+02
 0.408719E+01 -.288285E+01 -.165136E+01 0.328493E+02
 0.414379E+01 -.286437E+01 -.165282E+01 0.366497E+02
 0.416788E+01 -.289012E+01 -.167657E+01 0.333464E+02
 0.315814E+01 -.289860E+01 -.156467E+01 0.382000E+02
 0.420088E+01 -.288264E+01 -.164978E+01 0.328734E+02
 0.416517E+01 -.287988E+01 -.173404E+01 0.358024E+02
 0.402093E+01 -.288303E+01 -.165712E+01 0.327973E+02
 0.466820E+01 -.285879E+01 -.165976E+01 0.388842E+02
 0.427292E+01 -.289140E+01 -.161213E+01 0.342362E+02
 0.358105E+01 -.289992E+01 -.168553E+01 0.358020E+02
 0.422163E+01 -.288833E+01 -.163329E+01 0.332755E+02
 0.403109E+01 -.288989E+01 -.170920E+01 0.347089E+02
 0.452519E+01 -.289589E+01 -.164129E+01 0.341241E+02
 0.408731E+01 -.288117E+01 -.166070E+01 0.328498E+02
 0.433042E+01 -.288797E+01 -.159263E+01 0.350951E+02
 0.426673E+01 -.288302E+01 -.169549E+01 0.334298E+02
 0.204195E+01 -.290981E+01 -.159496E+01 0.392238E+02
 0.415481E+01 -.289078E+01 -.166377E+01 0.332060E+02
 0.600000E+01 -.287230E+01 -.173352E+01 0.363821E+02
 0.600000E+01 -.286137E+01 -.166387E+01 0.377044E+02
 0.406708E+01 -.288414E+01 -.165901E+01 0.327888E+02
 0.464872E+01 -.287733E+01 -.166938E+01 0.331790E+02
 0.413323E+01 -.288458E+01 -.166367E+01 0.327925E+02
 0.414346E+01 -.288350E+01 -.163148E+01 0.332604E+02
 0.350000E+01 -.288911E+01 -.170261E+01 0.342156E+02
 0.418332E+01 -.288822E+01 -.174698E+01 0.377058E+02
 0.363120E+01 -.290226E+01 -.153379E+01 0.418047E+02
 0.440342E+01 -.290891E+01 -.160616E+01 0.389490E+02
 0.351280E+01 -.286188E+01 -.165767E+01 0.375679E+02
 0.402373E+01 -.288363E+01 -.166949E+01 0.328195E+02
 0.412462E+01 -.287967E+01 -.166129E+01 0.329501E+02
 0.361447E+01 -.290042E+01 -.168243E+01 0.358706E+02
 0.409396E+01 -.286522E+01 -.175404E+01 0.396634E+02
 0.415732E+01 -.287433E+01 -.164612E+01 0.339283E+02
 0.389380E+01 -.287946E+01 -.165832E+01 0.329885E+02
 0.536177E+01 -.288220E+01 -.167144E+01 0.328474E+02
 0.398421E+01 -.288858E+01 -.155202E+01 0.383938E+02
 0.415013E+01 -.288120E+01 -.152615E+01 0.418835E+02
 0.521867E+01 -.290911E+01 -.156043E+01 0.415864E+02
 0.420796E+01 -.287800E+01 -.163771E+01 0.335412E+02
 0.417726E+01 -.288172E+01 -.165779E+01 0.328344E+02
 0.415820E+01 -.288411E+01 -.167728E+01 0.329202E+02
 0.417998E+01 -.289209E+01 -.173841E+01 0.375165E+02
 0.392430E+01 -.288695E+01 -.165758E+01 0.328673E+02
 0.389695E+01 -.289440E+01 -.164754E+01 0.337517E+02
 0.385491E+01 -.286955E+01 -.167806E+01 0.347281E+02
 0.419944E+01 -.288564E+01 -.164863E+01 0.328639E+02
 0.419161E+01 -.288161E+01 -.175574E+01 0.380343E+02
 0.418367E+01 -.288144E+01 -.165975E+01 0.328383E+02
 0.433571E+01 -.288585E+01 -.172614E+01 0.354098E+02
 0.439880E+01 -.286009E+01 -.175823E+01 0.416922E+02
 0.415458E+01 -.287829E+01 -.166735E+01 0.330760E+02
 0.350000E+01 -.288990E+01 -.168694E+01 0.336299E+02
 0.366219E+01 -.289644E+01 -.166903E+01 0.343558E+02
 0.465861E+01 -.288524E+01 -.167955E+01 0.329976E+02
 0.369479E+01 -.291603E+01 -.166544E+01 0.422837E+02
 0.401381E+01 -.286508E+01 -.166249E+01 0.361535E+02
 0.416573E+01 -.288510E+01 -.157909E+01 0.361069E+02
 0.416446E+01 -.289982E+01 -.160956E+01 0.357857E+02
 0.429309E+01 -.288144E+01 -.158444E+01 0.360046E+02
 0.412054E+01 -.290732E+01 -.172122E+01 0.411958E+02
 0.369990E+01 -.287741E+01 -.163380E+01 0.337432E+02
 0.244511E+01 -.290273E+01 -.168941E+01 0.370284E+02
 0.420945E+01 -.288120E+01 -.155602E+01 0.385323E+02
 0.349594E+01 -.289404E+01 -.167013E+01 0.338538E+02
 0.286780E+01 -.288398E+01 -.173831E+01 0.364418E+02
 0.412910E+01 -.288250E+01 -.166807E+01 0.328205E+02
 0.416959E+01 -.291501E+01 -.165910E+01 0.415101E+02
 0.387942E+01 -.290493E+01 -.165955E+01 0.367873E+02
 0.526220E+01 -.288305E+01 -.172483E+01 0.351064E+02
 0.415772E+01 -.286783E+01 -.159217E+01 0.387249E+02
 0.522500E+01 -.289412E+01 -.172370E+01 0.366287E+02
 0.414175E+01 -.287523E+01 -.154850E+01 0.405409E+02
 0.399820E+01 -.287840E+01 -.178942E+01 0.426681E+02
 0.501966E+01 -.286529E+01 -.165138E+01 0.363330E+02
 0.414781E+01 -.288208E+01 -.166879E+01 0.328427E+02
 0.415261E+01 -.288742E+01 -.163082E+01 0.332993E+02
 0.423826E+01 -.287266E+01 -.158660E+01 0.375355E+02
 0.349479E+01 -.290468E+01 -.165846E+01 0.366811E+02
 0.378745E+01 -.288106E+01 -.169858E+01 0.335614E+02
 0.419383E+01 -.285568E+01 -.165994E+01 0.405590E+02
 0.415407E+01 -.288251E+01 -.168065E+01 0.329765E+02
 0.404844E+01 -.291292E+01 -.165208E+01 0.402659E+02
 0.394449E+01 -.290039E+01 -.166118E+01 0.352925E+02
 0.415534E+01 -.288769E+01 -.165974E+01 0.328858E+02
 0.419939E+01 -.288224E+01 -.170958E+01 0.340814E+02
 0.416190E+01 -.287152E+01 -.166401E+01 0.342465E+02
 0.431933E+01 -.288686E+01 -.162023E+01 0.336384E+02
 0.429606E+01 -.289400E+01 -.164237E+01 0.337414E+02
 0.236158E+01 -.290823E+01 -.166938E+01 0.383499E+02
 0.448502E+01 -.288422E+01 -.168150E+01 0.330142E+02
 0.381885E+01 -.285771E+01 -.165986E+01 0.394273E+02
 0.417199E+01 -.288470E+01 -.159111E+01 0.352412E+02
 0.415523E+01 -.287110E+01 -.164726E+01 0.346447E+02
 0.416651E+01 -.289348E+01 -.162184E+01 0.341025E+02
 0.321367E+01 -.287184E+01 -.169771E+01 0.345632E+02
 0.496059E+01 -.287403E+01 -.168470E+01 0.338050E+02
 0.373880E+01 -.290921E+01 -.165475E+01 0.385000E+02
 0.381389E+01 -.288870E+01 -.166339E+01 0.329952E+02
 0.416139E+01 -.287973E+01 -.154146E+01 0.403408E+02
 0.479847E+01 -.291234E+01 -.167764E+01 0.406787E+02
 0.365497E+01 -.288360E+01 -.163689E+01 0.331050E+02
 0.392680E+01 -.288340E+01 -.165865E+01 0.328004E+02
 0.377996E+01 -.288989E+01 -.165784E+01 0.330991E+02
 0.384734E+01 -.286204E+01 -.164378E+01 0.379298E+02
 0.333729E+01 -.288893E+01 -.164015E+01 0.331671E+02
 0.412818E+01 -.285959E+01 -.166680E+01 0.383531E+02
 0.393914E+01 -.288960E+01 -.166164E+01 0.330870E+02
 0.497957E+01 -.288399E+01 -.165590E+01 0.327891E+02
 0.419303E+01 -.286896E+01 -.162033E+01 0.363639E+02
 0.322400E+01 -.286713E+01 -.160003E+01 0.383276E+02
 0.455655E+01 -.288338E+01 -.168571E+01 0.331049E+02
 0.413574E+01 -.286799E+01 -.165380E+01 0.353286E+02
 0.414429E+01 -.288437E+01 -.170401E+01 0.338502E+02
 0.405001E+01 -.286683E+01 -.161108E+01 0.376778E+02
 0.414469E+01 -.288339E+01 -.163806E+01 0.330779E+02
 0.413826E+01 -.288343E+01 -.166155E+01 0.327752E+02
 0.416307E+01 -.288541E+01 -.162803E+01 0.333312E+02
 0.386864E+01 -.288571E+01 -.166784E+01 0.328431E+02
 0.393660E+01 -.287067E+01 -.169783E+01 0.347675E+02
 0.470840E+01 -.289691E+01 -.155482E+01 0.387572E+02
 0.414759E+01 -.288379E+01 -.166829E+01 0.328179E+02
 0.405148E+01 -.286791E+01 -.165088E+01 0.354532E+02
 0.413417E+01 -.288828E+01 -.165936E+01 0.329585E+02
 0.412598E+01 -.288514E+01 -.158401E+01 0.357278E+02
 0.433587E+01 -.289247E+01 -.166487E+01 0.334979E+02
 0.334293E+01 -.291090E+01 -.156291E+01 0.420714E+02
 0.419385E+01 -.288793E+01 -.166022E+01 0.329177E+02
 0.570095E+01 -.288111E+01 -.165096E+01 0.329313E+02
 0.243381E+01 -.288468E+01 -.166571E+01 0.329501E+02
 0.340720E+01 -.288294E+01 -.166358E+01 0.328052E+02
 0.387049E+01 -.287310E+01 -.167275E+01 0.338687E+02
 0.476801E+01 -.291452E+01 -.166526E+01 0.413952E+02
 0.424247E+01 -.287231E+01 -.167808E+01 0.340421E+02
 0.412727E+01 -.288428E+01 -.178035E+01 0.416384E+02
 0.413803E+01 -.286077E+01 -.166134E+01 0.379600E+02
 0.415257E+01 -.286510E+01 -.160127E+01 0.390756E+02
 0.363663E+01 -.288895E+01 -.154780E+01 0.387991E+02
 0.537946E+01 -.287564E+01 -.164202E+01 0.337748E+02
 0.413989E+01 -.288342E+01 -.168475E+01 0.330786E+02
 0.496955E+01 -.289061E+01 -.165804E+01 0.331863E+02
 0.407039E+01 -.288374E+01 -.163214E+01 0.332276E+02
 0.397636E+01 -.288418E+01 -.165929E+01 0.327818E+02
 0.416115E+01 -.290581E+01 -.167141E+01 0.373802E+02
 0.411222E+01 -.287559E+01 -.166756E+01 0.334037E+02
 0.426196E+01 -.286217E+01 -.166238E+01 0.372995E+02
 0.389759E+01 -.288466E+01 -.160387E+01 0.344370E+02
 0.438365E+01 -.288137E+01 -.175865E+01 0.383669E+02
 0.454202E+01 -.288641E+01 -.152429E+01 0.414629E+02
 0.415228E+01 -.287876E+01 -.153572E+01 0.411869E+02
 0.484527E+01 -.288364E+01 -.177717E+01 0.410619E+02
 0.420111E+01 -.288512E+01 -.165876E+01 0.327878E+02
 0.416393E+01 -.288257E+01 -.166513E+01 0.328039E+02
 0.404569E+01 -.289009E+01 -.163338E+01 0.334035E+02
 0.416093E+01 -.288540E+01 -.162012E+01 0.336274E+02
 0.504805E+01 -.286945E+01 -.167199E+01 0.347016E+02
 0.432034E+01 -.288927E+01 -.164652E+01 0.330994E+02
 0.393426E+01 -.290020E+01 -.166938E+01 0.353975E+02
 0.478017E+01 -.291662E+01 -.166710E+01 0.426573E+02
 0.414525E+01 -.288490E+01 -.165564E+01 0.327919E+02
 0.277707E+01 -.287466E+01 -.163435E+01 0.342902E+02
 0.490778E+01 -.291330E+01 -.163713E+01 0.403707E+02
 0.409531E+01 -.288548E+01 -.166370E+01 0.328054E+02
 0.409918E+01 -.288698E+01 -.163083E+01 0.332791E+02
 0.419804E+01 -.289365E+01 -.166215E+01 0.336529E+02
 0.433227E+01 -.286715E+01 -.165511E+01 0.355788E+02
 0.572564E+01 -.287106E+01 -.167027E+01 0.343055E+02
 0.324866E+01 -.286519E+01 -.166022E+01 0.362218E+02
 0.396317E+01 -.288406E+01 -.164676E+01 0.328972E+02
 0.412352E+01 -.287429E+01 -.166264E+01 0.336498E+02
 0.411475E+01 -.288391E+01 -.168872E+01 0.332054E+02
 0.412997E+01 -.288700E+01 -.163948E+01 0.330595E+02
 0.412802E+01 -.285982E+01 -.166487E+01 0.382776E+02
 0.354028E+01 -.288237E+01 -.159039E+01 0.354534E+02
 0.508504E+01 -.290623E+01 -.166351E+01 0.373734E+02
 0.353122E+01 -.288803E+01 -.163011E+01 0.333439E+02
 0.533641E+01 -.288551E+01 -.166511E+01 0.328201E+02
 0.413983E+01 -.288675E+01 -.175388E+01 0.382844E+02
 0.411442E+01 -.286607E+01 -.164717E+01 0.361856E+02
 0.354767E+01 -.288383E+01 -.170692E+01 0.339922E+02
 0.406413E+01 -.288470E+01 -.166144E+01 0.327923E+02
 0.444594E+01 -.289558E+01 -.167780E+01 0.343594E+02
 0.456244E+01 -.287972E+01 -.168217E+01 0.331160E+02
 0.387333E+01 -.289525E+01 -.156242E+01 0.378513E+02
 0.415704E+01 -.286688E+01 -.165741E+01 0.356638E+02
 0.414167E+01 -.290611E+01 -.166345E+01 0.373323E+02
 0.422509E+01 -.286663E+01 -.166210E+01 0.356106E+02
 0.468283E+01 -.288398E+01 -.161885E+01 0.337104E+02
 0.434946E+01 -.289966E+01 -.160994E+01 0.357328E+02
 0.261291E+01 -.288419E+01 -.173941E+01 0.366570E+02
 0.312972E+01 -.288338E+01 -.170249E+01 0.337850E+02
 0.364189E+01 -.289060E+01 -.164545E+01 0.332414E+02
 0.413961E+01 -.287402E+01 -.165111E+01 0.338596E+02
 0.416738E+01 -.288041E+01 -.170540E+01 0.338777E+02
 0.600000E+01 -.290155E+01 -.153640E+01 0.413243E+02
 0.365293E+01 -.289100E+01 -.164139E+01 0.333289E+02
 0.450693E+01 -.291512E+01 -.160718E+01 0.417797E+02
 0.421150E+01 -.288525E+01 -.166582E+01 0.328127E+02
 0.416188E+01 -.288203E+01 -.169377E+01 0.333554E+02
 0.509847E+01 -.288316E+01 -.166087E+01 0.327742E+02
 0.402340E+01 -.289282E+01 -.162645E+01 0.338788E+02
 0.376005E+01 -.286409E+01 -.167933E+01 0.364000E+02
 0.409645E+01 -.289631E+01 -.169889E+01 0.354185E+02
 0.415030E+01 -.288443E+01 -.165062E+01 0.328476E+02
 0.415544E+01 -.285825E+01 -.165098E+01 0.395064E+02
 0.410632E+01 -.288132E+01 -.166635E+01 0.328559E+02
 0.465850E+01 -.288794E+01 -.154540E+01 0.390539E+02
 0.411724E+01 -.288641E+01 -.173465E+01 0.362220E+02
 0.404548E+01 -.285387E+01 -.169791E+01 0.412411E+02
 0.424464E+01 -.286063E+01 -.161174E+01 0.403212E+02
 0.414600E+01 -.289186E+01 -.166399E+01 0.333768E+02
 0.488822E+01 -.288411E+01 -.165911E+01 0.327758E+02
 0.363300E+01 -.288487E+01 -.166109E+01 0.327936E+02
 0.451445E+01 -.288486E+01 -.165447E+01 0.327996E+02
 0.408581E+01 -.287296E+01 -.166274E+01 0.339162E+02
 0.360412E+01 -.286303E+01 -.159666E+01 0.403660E+02
 0.411308E+01 -.288439E+01 -.156606E+01 0.372541E+02
 0.415271E+01 -.290681E+01 -.162414E+01 0.376135E+02
 0.373700E+01 -.291159E+01 -.157507E+01 0.415484E+02
 0.411918E+01 -.288706E+01 -.170039E+01 0.338704E+02
 0.393856E+01 -.288358E+01 -.165336E+01 0.328164E+02
 0.395651E+01 -.289230E+01 -.168341E+01 0.338867E+02
 0.419244E+01 -.288389E+01 -.169002E+01 0.332413E+02
 0.414896E+01 -.288514E+01 -.155936E+01 0.378316E+02
 0.372911E+01 -.285536E+01 -.165096E+01 0.410160E+02
 0.288711E+01 -.288380E+01 -.168482E+01 0.331557E+02
 0.416189E+01 -.288445E+01 -.166059E+01 0.327740E+02
 0.367763E+01 -.287939E+01 -.161721E+01 0.341594E+02
 0.428398E+01 -.287933E+01 -.168669E+01 0.332361E+02
 0.417789E+01 -.288907E+01 -.158272E+01 0.357893E+02
 0.415625E+01 -.286029E+01 -.166334E+01 0.381705E+02
 0.415224E+01 -.290514E+01 -.166065E+01 0.369155E+02
 0.365039E+01 -.290339E+01 -.166235E+01 0.362919E+02
 0.525957E+01 -.288339E+01 -.168307E+01 0.330310E+02
 0.445843E+01 -.289679E+01 -.160723E+01 0.352099E+02
 0.370355E+01 -.288102E+01 -.156516E+01 0.376766E+02
 0.363254E+01 -.289129E+01 -.160352E+01 0.346345E+02
 0.416732E+01 -.287544E+01 -.155208E+01 0.401071E+02
 0.419961E+01 -.286937E+01 -.172431E+01 0.362768E+02
 0.420306E+01 -.288286E+01 -.166972E+01 0.328157E+02
 0.415763E+01 -.288413E+01 -.168988E+01 0.332383E+02
 0.400247E+01 -.288081E+01 -.161159E+01 0.342886E+02
 0.415642E+01 -.287880E+01 -.168261E+01 0.331946E+02
 0.503049E+01 -.289499E+01 -.165361E+01 0.338832E+02
 0.387023E+01 -.287684E+01 -.166612E+01 0.332448E+02
 0.397637E+01 -.285888E+01 -.165876E+01 0.388867E+02
 0.406984E+01 -.285299E+01 -.168853E+01 0.416405E+02
 0.359899E+01 -.287015E+01 -.169703E+01 0.348908E+02
 0.415263E+01 -.288399E+01 -.164771E+01 0.328857E+02
 0.400262E+01 -.286510E+01 -.165352E+01 0.363528E+02
 0.416695E+01 -.288589E+01 -.166706E+01 0.328441E+02
 0.427421E+01 -.286860E+01 -.166129E+01 0.350155E+02
 0.265961E+01 -.286991E+01 -.171882E+01 0.360779E+02
 0.409666E+01 -.290626E+01 -.163616E+01 0.372033E+02
 0.411273E+01 -.289755E+01 -.169428E+01 0.355439E+02
 0.411544E+01 -.288609E+01 -.166166E+01 0.328195E+02
 0.418025E+01 -.290026E+01 -.160877E+01 0.359292E+02
 0.354609E+01 -.289459E+01 -.165544E+01 0.337960E+02
 0.425874E+01 -.289461E+01 -.166571E+01 0.338973E+02
 0.458563E+01 -.289955E+01 -.166193E+01 0.350528E+02
 0.421663E+01 -.288359E+01 -.167159E+01 0.328358E+02
 0.473426E+01 -.286969E+01 -.165681E+01 0.347645E+02
 0.425687E+01 -.285898E+01 -.166561E+01 0.386843E+02
 0.414935E+01 -.288458E+01 -.156776E+01 0.371003E+02
 0.415012E+01 -.288085E+01 -.163483E+01 0.333225E+02
 0.383128E+01 -.287207E+01 -.161469E+01 0.357283E+02
 0.413736E+01 -.289492E+01 -.163406E+01 0.340268E+02
 0.265446E+01 -.287240E+01 -.170085E+01 0.347422E+02
 0.502796E+01 -.287993E+01 -.152322E+01 0.424211E+02
 0.451569E+01 -.288608E+01 -.164121E+01 0.329925E+02
 0.338225E+01 -.289203E+01 -.167289E+01 0.335672E+02
 0.421069E+01 -.288123E+01 -.161665E+01 0.339850E+02
 0.397907E+01 -.290688E+01 -.170346E+01 0.395088E+02
 0.447974E+01 -.287379E+01 -.166413E+01 0.337519E+02
 0.421041E+01 -.288367E+01 -.164467E+01 0.329216E+02
 0.423991E+01 -.288399E+01 -.166130E+01 0.327750E+02
 0.379716E+01 -.287919E+01 -.174618E+01 0.369484E+02
 0.418033E+01 -.290541E+01 -.166933E+01 0.371842E+02
 0.416064E+01 -.288248E+01 -.166505E+01 0.327968E+02
 0.359937E+01 -.289668E+01 -.166156E+01 0.342727E+02
 0.552124E+01 -.288392E+01 -.170787E+01 0.340364E+02
 0.371925E+01 -.291211E+01 -.165128E+01 0.398746E+02
 0.461398E+01 -.288463E+01 -.172080E+01 0.349049E+02
 0.357449E+01 -.289168E+01 -.153049E+01 0.406684E+02
 0.600000E+01 -.289893E+01 -.156504E+01 0.382096E+02
 0.414167E+01 -.288324E+01 -.159974E+01 0.347598E+02
 0.572752E+01 -.287849E+01 -.173888E+01 0.362517E+02
 0.387367E+01 -.288847E+01 -.166415E+01 0.329787E+02
 0.415991E+01 -.289696E+01 -.161100E+01 0.350705E+02
 0.241882E+01 -.288692E+01 -.161861E+01 0.337267E+02
 0.413206E+01 -.288348E+01 -.166068E+01 0.327855E+02
 0.416156E+01 -.288482E+01 -.167980E+01 0.329908E+02
 0.407132E+01 -.288886E+01 -.157325E+01 0.365074E+02
 0.509267E+01 -.289044E+01 -.153057E+01 0.406393E+02
 0.434099E+01 -.289993E+01 -.170557E+01 0.368993E+02
 0.453553E+01 -.289051E+01 -.165509E+01 0.331685E+02
 0.402524E+01 -.287541E+01 -.169740E+01 0.339321E+02
 0.400272E+01 -.290534E+01 -.165846E+01 0.369492E+02
 0.447531E+01 -.289511E+01 -.173620E+01 0.380307E+02
 0.327832E+01 -.286679E+01 -.165475E+01 0.357689E+02
 0.414759E+01 -.288472E+01 -.166028E+01 0.327917E+02
 0.316326E+01 -.288388E+01 -.175568E+01 0.382529E+02
 0.442052E+01 -.287483E+01 -.169981E+01 0.340891E+02
 0.411372E+01 -.288853E+01 -.166243E+01 0.329765E+02
 0.413976E+01 -.286408E+01 -.173791E+01 0.385948E+02
 0.426375E+01 -.288799E+01 -.151841E+01 0.421047E+02
 0.454546E+01 -.287128E+01 -.163188E+01 0.350899E+02
 0.422758E+01 -.291222E+01 -.165992E+01 0.401103E+02
 0.401212E+01 -.288806E+01 -.168331E+01 0.333061E+02
 0.358002E+01 -.289065E+01 -.172430E+01 0.359278E+02
 0.419372E+01 -.287776E+01 -.166127E+01 0.331451E+02
 0.502512E+01 -.288422E+01 -.165535E+01 0.327932E+02
 0.450988E+01 -.287437E+01 -.166278E+01 0.336415E+02
 0.391226E+01 -.288348E+01 -.166579E+01 0.327930E+02
 0.417104E+01 -.288388E+01 -.159285E+01 0.351703E+02
 0.413624E+01 -.286339E+01 -.168309E+01 0.366928E+02
 0.362571E+01 -.288206E+01 -.174707E+01 0.371164E+02
 0.414582E+01 -.286943E+01 -.162339E+01 0.360453E+02
 0.276536E+01 -.290950E+01 -.170032E+01 0.405562E+02
 0.484803E+01 -.287950E+01 -.162832E+01 0.336566E+02
 0.415456E+01 -.285778E+01 -.168476E+01 0.391630E+02
 0.452112E+01 -.288660E+01 -.164880E+01 0.329040E+02
 0.415034E+01 -.288392E+01 -.162289E+01 0.335671E+02
 0.460192E+01 -.288986E+01 -.165457E+01 0.330839E+02
 0.400856E+01 -.288543E+01 -.178506E+01 0.425430E+02
 0.476330E+01 -.289764E+01 -.167663E+01 0.348062E+02
 0.521338E+01 -.288365E+01 -.161445E+01 0.339378E+02
 0.423604E+01 -.288429E+01 -.166162E+01 0.327766E+02
 0.437731E+01 -.290472E+01 -.168931E+01 0.377118E+02
 0.398632E+01 -.290263E+01 -.157602E+01 0.383715E+02
 0.355326E+01 -.288652E+01 -.162187E+01 0.335615E+02
 0.418604E+01 -.290266E+01 -.167178E+01 0.362324E+02
 0.362355E+01 -.286778E+01 -.157367E+01 0.403408E+02
 0.416614E+01 -.286542E+01 -.166785E+01 0.359892E+02
 0.413615E+01 -.286548E+01 -.165708E+01 0.361336E+02
 0.523776E+01 -.287401E+01 -.153959E+01 0.418877E+02
 0.436798E+01 -.288445E+01 -.170709E+01 0.340222E+02
 0.404799E+01 -.287255E+01 -.171443E+01 0.350942E+02
 0.445126E+01 -.289399E+01 -.175350E+01 0.397154E+02
 0.419170E+01 -.286887E+01 -.168190E+01 0.349068E+02
 0.414244E+01 -.287492E+01 -.169995E+01 0.340875E+02
 0.415409E+01 -.288758E+01 -.170245E+01 0.339964E+02
 0.381966E+01 -.285760E+01 -.173663E+01 0.408929E+02
 0.412445E+01 -.289224E+01 -.161326E+01 0.342936E+02
 0.411150E+01 -.288432E+01 -.165759E+01 0.327942E+02
 0.416419E+01 -.288171E+01 -.165958E+01 0.328352E+02
 0.416828E+01 -.285544E+01 -.163930E+01 0.415010E+02
 0.420866E+01 -.288503E+01 -.162752E+01 0.333627E+02
 0.415832E+01 -.290310E+01 -.172033E+01 0.391692E+02
 0.496704E+01 -.285420E+01 -.165228E+01 0.416007E+02
 0.435411E+01 -.287293E+01 -.166205E+01 0.339285E+02
 0.410089E+01 -.288063E+01 -.169672E+01 0.334949E+02
 0.390908E+01 -.288572E+01 -.167468E+01 0.329330E+02
 0.415080E+01 -.288413E+01 -.167054E+01 0.328405E+02
 0.424671E+01 -.287181E+01 -.157958E+01 0.384019E+02
 0.400035E+01 -.288346E+01 -.167019E+01 0.328263E+02
 0.463212E+01 -.290429E+01 -.164488E+01 0.364954E+02
 0.410823E+01 -.288309E+01 -.166040E+01 0.327944E+02
 0.421930E+01 -.288561E+01 -.168735E+01 0.332213E+02
 0.425774E+01 -.288726E+01 -.163202E+01 0.332449E+02
 0.372925E+01 -.289273E+01 -.168390E+01 0.339712E+02
 0.425899E+01 -.287769E+01 -.165648E+01 0.331846E+02
 0.368221E+01 -.289024E+01 -.151435E+01 0.425295E+02
 0.419651E+01 -.288049E+01 -.166186E+01 0.328915E+02
 0.494085E+01 -.287585E+01 -.166933E+01 0.333714E+02
 0.391817E+01 -.286027E+01 -.166155E+01 0.382106E+02
 0.378996E+01 -.288424E+01 -.165149E+01 0.328291E+02
 0.422413E+01 -.288177E+01 -.167720E+01 0.329415E+02
 0.423145E+01 -.290797E+01 -.168206E+01 0.387937E+02
 0.414120E+01 -.289686E+01 -.166287E+01 0.343363E+02
 0.418110E+01 -.286026E+01 -.166483E+01 0.381230E+02
 0.377843E+01 -.288734E+01 -.176590E+01 0.399328E+02
 0.414484E+01 -.286959E+01 -.166475E+01 0.347096E+02
 0.295884E+01 -.290016E+01 -.164737E+01 0.351023E+02
 0.266193E+01 -.288906E+01 -.174712E+01 0.380272E+02
 0.538942E+01 -.289125E+01 -.165640E+01 0.332421E+02
 0.567637E+01 -.287900E+01 -.165559E+01 0.330540E+02
 0.416889E+01 -.288510E+01 -.166732E+01 0.328195E+02
 0.423593E+01 -.286557E+01 -.170120E+01 0.362165E+02
 0.442690E+01 -.291063E+01 -.166966E+01 0.395824E+02
 0.463835E+01 -.288367E+01 -.161472E+01 0.339148E+02
 0.415438E+01 -.288423E+01 -.166340E+01 0.327699E+02
 0.372647E+01 -.289239E+01 -.157335E+01 0.366770E+02
 0.419815E+01 -.288616E+01 -.162134E+01 0.335725E+02
 0.416255E+01 -.286199E+01 -.166087E+01 0.374648E+02
 0.415517E+01 -.287696E+01 -.166687E+01 0.332311E+02
 0.449969E+01 -.286732E+01 -.165666E+01 0.355200E+02
 0.388441E+01 -.288390E+01 -.161020E+01 0.341260E+02
 0.402436E+01 -.288367E+01 -.176462E+01 0.392958E+02
 0.341167E+01 -.288456E+01 -.163107E+01 0.332549E+02
 0.503133E+01 -.286968E+01 -.163952E+01 0.352302E+02
 0.407063E+01 -.288310E+01 -.171743E+01 0.345907E+02
 0.417855E+01 -.287484E+01 -.170473E+01 0.342901E+02
 0.501798E+01 -.288030E+01 -.174722E+01 0.370543E+02
 0.324951E+01 -.288148E+01 -.166734E+01 0.328701E+02
 0.415219E+01 -.287523E+01 -.156551E+01 0.387964E+02
 0.416015E+01 -.288645E+01 -.176814E+01 0.400754E+02
 0.390443E+01 -.288164E+01 -.153728E+01 0.404699E+02
 0.230414E+01 -.290393E+01 -.157042E+01 0.387761E+02
 0.399618E+01 -.287922E+01 -.177645E+01 0.406789E+02
 0.412361E+01 -.287151E+01 -.161964E+01 0.356040E+02
 0.421486E+01 -.288454E+01 -.166223E+01 0.327826E+02
 0.415846E+01 -.288351E+01 -.165142E+01 0.328282E+02
 0.418855E+01 -.288086E+01 -.175648E+01 0.380923E+02
 0.416092E+01 -.287371E+01 -.162690E+01 0.347365E+02
 0.483218E+01 -.287808E+01 -.166877E+01 0.330920E+02
 0.415353E+01 -.288621E+01 -.163462E+01 0.331570E+02
 0.414827E+01 -.289268E+01 -.167344E+01 0.336794E+02
 0.396800E+01 -.290447E+01 -.162623E+01 0.367017E+02
 0.451372E+01 -.289969E+01 -.168405E+01 0.356996E+02
 0.415113E+01 -.288358E+01 -.166618E+01 0.328041E+02
 0.417237E+01 -.288809E+01 -.168423E+01 0.333191E+02
 0.417525E+01 -.287893E+01 -.166156E+01 0.330166E+02
 0.379194E+01 -.290538E+01 -.166629E+01 0.371098E+02
 0.424179E+01 -.290242E+01 -.161196E+01 0.364488E+02
 0.426311E+01 -.288399E+01 -.178342E+01 0.420697E+02
 0.391582E+01 -.289489E+01 -.169169E+01 0.347326E+02
 0.424782E+01 -.285365E+01 -.165888E+01 0.417166E+02
 0.436675E+01 -.288289E+01 -.166441E+01 0.327960E+02
 0.414650E+01 -.288533E+01 -.166336E+01 0.327954E+02
 0.406278E+01 -.288411E+01 -.166204E+01 0.327855E+02
 0.405803E+01 -.286963E+01 -.168374E+01 0.347258E+02
 0.341821E+01 -.287923E+01 -.166058E+01 0.329997E+02
 0.431065E+01 -.288439E+01 -.165081E+01 0.328336E+02
 0.424340E+01 -.285878E+01 -.167042E+01 0.386953E+02
 0.415472E+01 -.290860E+01 -.164401E+01 0.380961E+02
 0.391697E+01 -.286564E+01 -.165306E+01 0.361941E+02
 0.414686E+01 -.288496E+01 -.168643E+01 0.331780E+02
 0.422205E+01 -.287933E+01 -.161422E+01 0.343165E+02
 0.295722E+01 -.289111E+01 -.173316E+01 0.368415E+02
 0.473271E+01 -.291600E+01 -.163932E+01 0.418678E+02
 0.440222E+01 -.288416E+01 -.177776E+01 0.411913E+02
 0.481990E+01 -.288487E+01 -.166643E+01 0.328077E+02
 0.416992E+01 -.288592E+01 -.169690E+01 0.335986E+02
 0.413962E+01 -.289000E+01 -.152620E+01 0.411194E+02
 0.434699E+01 -.288140E+01 -.162317E+01 0.336940E+02
 0.409602E+01 -.286079E+01 -.166042E+01 0.379723E+02
 0.344429E+01 -.288375E+01 -.169680E+01 0.335134E+02
 0.409341E+01 -.288407E+01 -.166435E+01 0.327833E+02
 0.409374E+01 -.286020E+01 -.170962E+01 0.384667E+02
 0.434430E+01 -.288714E+01 -.165262E+01 0.328853E+02
 0.386789E+01 -.288197E+01 -.173167E+01 0.356273E+02
 0.407907E+01 -.288661E+01 -.156914E+01 0.368762E+02
 0.415143E+01 -.290155E+01 -.166188E+01 0.356624E+02
 0.352000E+01 -.288130E+01 -.166201E+01 0.328531E+02
 0.431370E+01 -.288360E+01 -.164367E+01 0.329535E+02
 0.417679E+01 -.289368E+01 -.159658E+01 0.352602E+02
 0.307228E+01 -.288482E+01 -.152416E+01 0.415690E+02
 0.355119E+01 -.287632E+01 -.178727E+01 0.423462E+02
 0.340711E+01 -.291151E+01 -.164486E+01 0.395200E+02
 0.415455E+01 -.288233E+01 -.157402E+01 0.367374E+02
 0.414837E+01 -.287686E+01 -.169437E+01 0.336658E+02
 0.480414E+01 -.287993E+01 -.166701E+01 0.329206E+02
 0.430512E+01 -.290144E+01 -.162517E+01 0.357542E+02
 0.415449E+01 -.285885E+01 -.168967E+01 0.386767E+02
 0.451432E+01 -.290329E+01 -.153590E+01 0.418510E+02
 0.362964E+01 -.288356E+01 -.152543E+01 0.415736E+02
 0.425743E+01 -.288439E+01 -.166706E+01 0.328032E+02
 0.415872E+01 -.288407E+01 -.165660E+01 0.327806E+02
 0.405219E+01 -.288129E+01 -.168473E+01 0.331021E+02
 0.415561E+01 -.287756E+01 -.164947E+01 0.333139E+02
 0.458416E+01 -.289126E+01 -.165914E+01 0.332702E+02
 0.417634E+01 -.288547E+01 -.163833E+01 0.330423E+02
 0.389284E+01 -.285670E+01 -.166266E+01 0.399459E+02
 0.423474E+01 -.287357E+01 -.167674E+01 0.337753E+02
 0.415156E+01 -.288380E+01 -.165389E+01 0.328191E+02
 0.387742E+01 -.286756E+01 -.169340E+01 0.354555E+02
 0.413545E+01 -.286807E+01 -.166951E+01 0.350866E+02
 0.413346E+01 -.287879E+01 -.166294E+01 0.330204E+02
 0.419205E+01 -.289541E+01 -.171754E+01 0.364211E+02
 0.417713E+01 -.288700E+01 -.170016E+01 0.338402E+02
 0.414380E+01 -.285711E+01 -.166363E+01 0.396906E+02
 0.483318E+01 -.287744E+01 -.178246E+01 0.415543E+02
 0.415159E+01 -.288656E+01 -.166357E+01 0.328615E+02
 0.418897E+01 -.289063E+01 -.165510E+01 0.331640E+02
 0.367863E+01 -.289658E+01 -.166347E+01 0.342991E+02
 0.431678E+01 -.288414E+01 -.165521E+01 0.327987E+02
 0.415726E+01 -.289771E+01 -.164747E+01 0.344305E+02
 0.415316E+01 -.285491E+01 -.165458E+01 0.411549E+02
 0.413603E+01 -.288417E+01 -.155485E+01 0.383052E+02
 0.413493E+01 -.289230E+01 -.163601E+01 0.335919E+02
 0.444926E+01 -.291425E+01 -.161865E+01 0.410741E+02
 0.416500E+01 -.289576E+01 -.167761E+01 0.343816E+02
 0.345811E+01 -.286690E+01 -.159771E+01 0.386158E+02
 0.464981E+01 -.287762E+01 -.159552E+01 0.357384E+02
 0.387700E+01 -.289719E+01 -.165302E+01 0.343286E+02
 0.350293E+01 -.288884E+01 -.167446E+01 0.331598E+02
 0.415560E+01 -.288308E+01 -.165321E+01 0.328201E+02
 0.403905E+01 -.289204E+01 -.162573E+01 0.338139E+02
 0.332971E+01 -.288388E+01 -.169293E+01 0.333847E+02
 0.412148E+01 -.288400E+01 -.166337E+01 0.327920E+02
 0.417690E+01 -.285355E+01 -.163925E+01 0.426397E+02
 0.407077E+01 -.289863E+01 -.159472E+01 0.362276E+02
 0.600000E+01 -.287232E+01 -.170838E+01 0.348560E+02
 0.365442E+01 -.288518E+01 -.157806E+01 0.361723E+02
 0.415873E+01 -.289028E+01 -.167153E+01 0.332493E+02
 0.490381E+01 -.288106E+01 -.165098E+01 0.329372E+02
 0.416077E+01 -.290313E+01 -.166420E+01 0.361794E+02
 0.274095E+01 -.289382E+01 -.166732E+01 0.338037E+02
 0.481701E+01 -.288380E+01 -.169901E+01 0.335890E+02
 0.445250E+01 -.289039E+01 -.154141E+01 0.395044E+02
 0.430625E+01 -.288447E+01 -.171381E+01 0.344161E+02
 0.465531E+01 -.288426E+01 -.172945E+01 0.355421E+02
 0.425467E+01 -.288651E+01 -.175504E+01 0.384025E+02
 0.396087E+01 -.287437E+01 -.157171E+01 0.383932E+02
 0.417551E+01 -.288946E+01 -.165630E+01 0.330428E+02
 0.431167E+01 -.288200E+01 -.167801E+01 0.329450E+02
 0.415745E+01 -.287865E+01 -.172681E+01 0.352517E+02
 0.414378E+01 -.288005E+01 -.160036E+01 0.350321E+02
 0.600000E+01 -.285859E+01 -.167957E+01 0.388083E+02
 0.600000E+01 -.286449E+01 -.174182E+01 0.388121E+02
 0.473672E+01 -.288794E+01 -.169988E+01 0.339365E+02
 0.385777E+01 -.287668E+01 -.156551E+01 0.384506E+02
 0.417251E+01 -.286358E+01 -.167352E+01 0.366307E+02
 0.418889E+01 -.288395E+01 -.166534E+01 0.327799E+02
 0.415865E+01 -.288437E+01 -.166920E+01 0.328090E+02
 0.402127E+01 -.288553E+01 -.159021E+01 0.352637E+02
 0.319131E+01 -.290664E+01 -.163542E+01 0.373490E+02
 0.415572E+01 -.290428E+01 -.169374E+01 0.377208E+02
 0.416576E+01 -.286849E+01 -.164158E+01 0.355532E+02
 0.416661E+01 -.288508E+01 -.165467E+01 0.328058E+02
 0.411474E+01 -.288330E+01 -.169634E+01 0.334664E+02
 0.405515E+01 -.286444E+01 -.165856E+01 0.364836E+02
 0.368106E+01 -.286770E+01 -.166173E+01 0.352987E+02
 0.415641E+01 -.288460E+01 -.165946E+01 0.327703E+02
 0.424518E+01 -.288291E+01 -.170254E+01 0.337331E+02
 0.409230E+01 -.285433E+01 -.170523E+01 0.411343E+02
 0.478647E+01 -.291634E+01 -.166841E+01 0.425363E+02
 0.412293E+01 -.288251E+01 -.166235E+01 0.328057E+02
 0.283793E+01 -.290930E+01 -.167987E+01 0.392615E+02
 0.416496E+01 -.286779E+01 -.172724E+01 0.368312E+02
 0.413964E+01 -.288783E+01 -.158739E+01 0.354348E+02
 0.448049E+01 -.289086E+01 -.162630E+01 0.336655E+02
 0.415472E+01 -.289656E+01 -.167353E+01 0.344430E+02
 0.409171E+01 -.287262E+01 -.166024E+01 0.340167E+02
 0.383939E+01 -.287947E+01 -.175603E+01 0.380246E+02
 0.416757E+01 -.288378E+01 -.166224E+01 0.327819E+02
 0.518440E+01 -.288745E+01 -.165830E+01 0.328821E+02
 0.406642E+01 -.289344E+01 -.166453E+01 0.336734E+02
 0.385524E+01 -.288392E+01 -.167386E+01 0.328664E+02
 0.439909E+01 -.285190E+01 -.167234E+01 0.424835E+02
 0.415831E+01 -.287769E+01 -.168226E+01 0.332887E+02
 0.422553E+01 -.287539E+01 -.166348E+01 0.334509E+02
 0.414890E+01 -.288381E+01 -.156989E+01 0.369702E+02
 0.412247E+01 -.287454E+01 -.165942E+01 0.336279E+02
 0.467894E+01 -.291126E+01 -.161019E+01 0.398034E+02
 0.414977E+01 -.288248E+01 -.166622E+01 0.328185E+02
 0.167505E+01 -.286776E+01 -.160919E+01 0.385977E+02
 0.571354E+01 -.287496E+01 -.155622E+01 0.398000E+02
 0.487931E+01 -.286919E+01 -.166982E+01 0.347730E+02
 0.405692E+01 -.287647E+01 -.164310E+01 0.336053E+02
 0.402396E+01 -.288557E+01 -.164445E+01 0.329256E+02
 0.447733E+01 -.288079E+01 -.166282E+01 0.328791E+02
 0.416473E+01 -.288232E+01 -.163526E+01 0.331961E+02
 0.474769E+01 -.285893E+01 -.167443E+01 0.385982E+02
 0.394097E+01 -.288659E+01 -.167288E+01 0.329552E+02
 0.456674E+01 -.288381E+01 -.159552E+01 0.349988E+02
 0.418411E+01 -.288414E+01 -.166232E+01 0.327724E+02
 0.427079E+01 -.290892E+01 -.161705E+01 0.386104E+02
 0.419486E+01 -.289946E+01 -.167334E+01 0.352441E+02
 0.417493E+01 -.288970E+01 -.154889E+01 0.386989E+02
 0.368655E+01 -.288637E+01 -.170099E+01 0.338317E+02
 0.402002E+01 -.288350E+01 -.162405E+01 0.335145E+02
 0.415823E+01 -.291156E+01 -.167006E+01 0.399409E+02
 0.416660E+01 -.288171E+01 -.166695E+01 0.328371E+02
 0.433560E+01 -.289081E+01 -.166036E+01 0.332170E+02
 0.473049E+01 -.288407E+01 -.168347E+01 0.330612E+02
 0.408300E+01 -.288072E+01 -.160261E+01 0.348203E+02
 0.424112E+01 -.290641E+01 -.168042E+01 0.380418E+02
 0.483961E+01 -.288203E+01 -.175509E+01 0.379883E+02
 0.407894E+01 -.288825E+01 -.157283E+01 0.365519E+02
 0.415019E+01 -.287505E+01 -.177296E+01 0.402536E+02
 0.415549E+01 -.288369E+01 -.167339E+01 0.328534E+02
 0.350000E+01 -.287865E+01 -.159308E+01 0.357366E+02
 0.372703E+01 -.286542E+01 -.176642E+01 0.409506E+02
 0.413656E+01 -.291648E+01 -.161298E+01 0.423364E+02
 0.408880E+01 -.288376E+01 -.166005E+01 0.327768E+02
 0.415811E+01 -.288405E+01 -.165960E+01 0.327683E+02
 0.417055E+01 -.288645E+01 -.165940E+01 0.328354E+02
 0.572415E+01 -.290757E+01 -.159649E+01 0.387580E+02
 0.415828E+01 -.288060E+01 -.169015E+01 0.332683E+02
 0.292115E+01 -.289219E+01 -.165670E+01 0.334250E+02
 0.321937E+01 -.288869E+01 -.167041E+01 0.331103E+02
 0.429862E+01 -.285558E+01 -.170629E+01 0.404918E+02
 0.520376E+01 -.287695E+01 -.166952E+01 0.332236E+02
 0.376030E+01 -.288137E+01 -.167009E+01 0.328702E+02
 0.409426E+01 -.290940E+01 -.167238E+01 0.390282E+02
 0.370494E+01 -.288418E+01 -.166403E+01 0.327867E+02
 0.416177E+01 -.288457E+01 -.166592E+01 0.327912E+02
 0.387241E+01 -.291082E+01 -.159618E+01 0.400959E+02
 0.275014E+01 -.290484E+01 -.162986E+01 0.367316E+02
 0.428143E+01 -.289081E+01 -.157963E+01 0.360948E+02
 0.416958E+01 -.289037E+01 -.159012E+01 0.353417E+02
 0.413451E+01 -.288724E+01 -.166112E+01 0.328881E+02
 0.263011E+01 -.285729E+01 -.164224E+01 0.405296E+02
 0.420542E+01 -.286694E+01 -.167083E+01 0.354579E+02
 0.415056E+01 -.287580E+01 -.154403E+01 0.409144E+02
 0.413150E+01 -.288711E+01 -.163564E+01 0.331487E+02
 0.416713E+01 -.290280E+01 -.165578E+01 0.359697E+02
 0.398036E+01 -.288781E+01 -.161505E+01 0.338721E+02
 0.417960E+01 -.288177E+01 -.166244E+01 0.328168E+02
 0.449168E+01 -.287865E+01 -.167110E+01 0.330616E+02
 0.463329E+01 -.288316E+01 -.166394E+01 0.327833E+02
 0.414123E+01 -.287214E+01 -.170668E+01 0.348003E+02
 0.412217E+01 -.287678E+01 -.166062E+01 0.332642E+02
 0.422481E+01 -.289950E+01 -.158715E+01 0.368665E+02
 0.418256E+01 -.288412E+01 -.167939E+01 0.329595E+02
 0.428665E+01 -.290031E+01 -.167633E+01 0.356113E+02
 0.415028E+01 -.286929E+01 -.166877E+01 0.347722E+02
 0.361913E+01 -.288201E+01 -.162927E+01 0.334064E+02
 0.388648E+01 -.288322E+01 -.176802E+01 0.397095E+02
 0.420604E+01 -.290611E+01 -.156279E+01 0.403049E+02
 0.414245E+01 -.287338E+01 -.164816E+01 0.340551E+02
 0.118179E+01 -.288777E+01 -.167988E+01 0.384466E+02
 0.321354E+01 -.288986E+01 -.170434E+01 0.344530E+02
 0.546218E+01 -.287579E+01 -.166525E+01 0.333797E+02
 0.530246E+01 -.288239E+01 -.165717E+01 0.328114E+02
 0.417537E+01 -.288318E+01 -.167343E+01 0.328515E+02
 0.407184E+01 -.287887E+01 -.170071E+01 0.337304E+02
 0.418036E+01 -.291273E+01 -.166937E+01 0.405637E+02
 0.510728E+01 -.288360E+01 -.167963E+01 0.329599E+02
 0.419522E+01 -.288421E+01 -.165995E+01 0.327764E+02
 0.433361E+01 -.290410E+01 -.165228E+01 0.364226E+02
 0.374613E+01 -.288096E+01 -.170444E+01 0.338294E+02
 0.375459E+01 -.288582E+01 -.171747E+01 0.347632E+02
 0.415843E+01 -.287369E+01 -.165850E+01 0.338246E+02
 0.479109E+01 -.286258E+01 -.177323E+01 0.425347E+02
 0.416788E+01 -.286674E+01 -.166453E+01 0.355750E+02
 0.520218E+01 -.287022E+01 -.165584E+01 0.346608E+02
 0.431878E+01 -.288416E+01 -.161781E+01 0.337569E+02
 0.394162E+01 -.288345E+01 -.170539E+01 0.338945E+02
 0.402520E+01 -.290771E+01 -.168049E+01 0.385829E+02
 0.350000E+01 -.288460E+01 -.167973E+01 0.330017E+02
 0.528757E+01 -.288432E+01 -.159794E+01 0.348052E+02
 0.467483E+01 -.288136E+01 -.153164E+01 0.411568E+02
 0.321347E+01 -.288024E+01 -.169318E+01 0.334234E+02
 0.316822E+01 -.286885E+01 -.177884E+01 0.418706E+02
 0.369667E+01 -.289956E+01 -.159356E+01 0.364758E+02
 0.415038E+01 -.288178E+01 -.175403E+01 0.378392E+02
 0.416624E+01 -.288690E+01 -.172370E+01 0.353199E+02
 0.472379E+01 -.286519E+01 -.172027E+01 0.371032E+02
 0.372823E+01 -.289671E+01 -.157846E+01 0.368479E+02
 0.440158E+01 -.287877E+01 -.163598E+01 0.334955E+02
 0.406108E+01 -.288389E+01 -.165757E+01 0.327867E+02
 0.415768E+01 -.288380E+01 -.165198E+01 0.328178E+02
 0.406757E+01 -.288239E+01 -.171162E+01 0.342108E+02
 0.339170E+01 -.289956E+01 -.165059E+01 0.349357E+02
 0.415966E+01 -.286401E+01 -.164864E+01 0.369541E+02
 0.444584E+01 -.288076E+01 -.166986E+01 0.328929E+02
 0.405064E+01 -.288028E+01 -.164614E+01 0.330836E+02
 0.399502E+01 -.290514E+01 -.166471E+01 0.369910E+02
 0.417175E+01 -.287587E+01 -.175333E+01 0.378202E+02
 0.421329E+01 -.289709E+01 -.166560E+01 0.344501E+02
 0.416035E+01 -.288387E+01 -.165961E+01 0.327699E+02
 0.283427E+01 -.290426E+01 -.154014E+01 0.415615E+02
 0.411931E+01 -.287548E+01 -.164620E+01 0.336848E+02
 0.406042E+01 -.287687E+01 -.165856E+01 0.332732E+02
 0.553577E+01 -.288461E+01 -.164867E+01 0.328485E+02
 0.415501E+01 -.289018E+01 -.165872E+01 0.331047E+02
 0.313632E+01 -.285642E+01 -.162354E+01 0.418811E+02
 0.422912E+01 -.288707E+01 -.162793E+01 0.333621E+02
 0.417510E+01 -.290573E+01 -.166270E+01 0.371535E+02
 0.417331E+01 -.288570E+01 -.170233E+01 0.338376E+02
 0.415984E+01 -.288688E+01 -.157568E+01 0.363077E+02
 0.425433E+01 -.288670E+01 -.164834E+01 0.329046E+02
 0.428580E+01 -.290870E+01 -.165784E+01 0.383529E+02
 0.471294E+01 -.288962E+01 -.160386E+01 0.344970E+02
 0.416988E+01 -.288136E+01 -.165959E+01 0.328521E+02
 0.447558E+01 -.288125E+01 -.165693E+01 0.328764E+02
 0.364160E+01 -.287030E+01 -.165741E+01 0.346124E+02
 0.436117E+01 -.288424E+01 -.165169E+01 0.328351E+02
 0.410489E+01 -.286173E+01 -.172887E+01 0.387670E+02
 0.431823E+01 -.289148E+01 -.166563E+01 0.333533E+02
 0.413329E+01 -.288507E+01 -.176474E+01 0.394724E+02
 0.417348E+01 -.290103E+01 -.163271E+01 0.354740E+02
 0.327503E+01 -.285940E+01 -.167600E+01 0.384338E+02
 0.445487E+01 -.288465E+01 -.152730E+01 0.412859E+02
 0.415403E+01 -.287625E+01 -.166868E+01 0.333277E+02
 0.159630E+01 -.289788E+01 -.170968E+01 0.378133E+02
 0.265268E+01 -.289632E+01 -.172184E+01 0.371062E+02
 0.506736E+01 -.290034E+01 -.165876E+01 0.351983E+02
 0.374626E+01 -.288596E+01 -.165707E+01 0.328230E+02
 0.416497E+01 -.288596E+01 -.167719E+01 0.329809E+02
 0.425403E+01 -.291191E+01 -.160421E+01 0.403099E+02
 0.415730E+01 -.288701E+01 -.165448E+01 0.328569E+02
 0.408369E+01 -.285995E+01 -.166256E+01 0.382935E+02
 0.500612E+01 -.288367E+01 -.170101E+01 0.336705E+02
 0.413626E+01 -.288412E+01 -.166037E+01 0.327727E+02
 0.406991E+01 -.288498E+01 -.169337E+01 0.334101E+02
 0.430702E+01 -.287851E+01 -.165582E+01 0.331030E+02
 0.366114E+01 -.288386E+01 -.166223E+01 0.327839E+02
 0.477491E+01 -.289565E+01 -.171819E+01 0.365398E+02
 0.414998E+01 -.287828E+01 -.165686E+01 0.331257E+02
 0.306406E+01 -.286977E+01 -.165837E+01 0.347892E+02
 0.402025E+01 -.288415E+01 -.165192E+01 0.328228E+02
 0.406518E+01 -.288591E+01 -.172012E+01 0.349649E+02
 0.193231E+01 -.286013E+01 -.166569E+01 0.393853E+02
 0.414880E+01 -.288877E+01 -.168463E+01 0.334095E+02
 0.356555E+01 -.287550E+01 -.165987E+01 0.334855E+02
 0.410771E+01 -.288247E+01 -.161269E+01 0.341000E+02
 0.335585E+01 -.287964E+01 -.172572E+01 0.351795E+02
 0.415549E+01 -.287985E+01 -.159105E+01 0.357033E+02
 0.416359E+01 -.288319E+01 -.163624E+01 0.331287E+02
 0.431211E+01 -.288589E+01 -.165763E+01 0.328188E+02
 0.564298E+01 -.287469E+01 -.172878E+01 0.356876E+02
 0.329496E+01 -.287740E+01 -.178187E+01 0.415221E+02
 0.422538E+01 -.291307E+01 -.169513E+01 0.420940E+02
 0.414406E+01 -.291157E+01 -.160184E+01 0.402169E+02
 0.409635E+01 -.288439E+01 -.165901E+01 0.327787E+02
 0.415760E+01 -.288407E+01 -.166493E+01 0.327777E+02
 0.405189E+01 -.288059E+01 -.162605E+01 0.336461E+02
 0.394187E+01 -.285700E+01 -.161326E+01 0.421640E+02
 0.415509E+01 -.286796E+01 -.167046E+01 0.351599E+02
 0.430639E+01 -.289793E+01 -.158360E+01 0.367289E+02
 0.429328E+01 -.288636E+01 -.164922E+01 0.328935E+02
 0.418904E+01 -.288517E+01 -.166508E+01 0.327969E+02
 0.391801E+01 -.289112E+01 -.166180E+01 0.332466E+02
 0.410498E+01 -.289815E+01 -.166504E+01 0.347076E+02
 0.415874E+01 -.288335E+01 -.165460E+01 0.328015E+02
 0.318660E+01 -.286556E+01 -.165228E+01 0.362730E+02
 0.321949E+01 -.287044E+01 -.162805E+01 0.355118E+02
 0.415276E+01 -.287545E+01 -.162694E+01 0.343615E+02
 0.416045E+01 -.288055E+01 -.165734E+01 0.329071E+02
 0.447533E+01 -.290931E+01 -.170548E+01 0.407871E+02
 0.424160E+01 -.289840E+01 -.170883E+01 0.366686E+02
 0.433022E+01 -.288563E+01 -.170534E+01 0.339952E+02
 0.392825E+01 -.286112E+01 -.159791E+01 0.411312E+02
 0.418937E+01 -.287752E+01 -.165891E+01 0.331863E+02
 0.393843E+01 -.286129E+01 -.168079E+01 0.374966E+02
 0.495491E+01 -.287545E+01 -.164857E+01 0.336467E+02
 0.415637E+01 -.288449E+01 -.166030E+01 0.327687E+02
 0.412611E+01 -.287946E+01 -.153416E+01 0.411984E+02
 0.460257E+01 -.288032E+01 -.160944E+01 0.344560E+02
 0.470504E+01 -.288395E+01 -.165394E+01 0.328018E+02
 0.329676E+01 -.290143E+01 -.166024E+01 0.355711E+02
 0.419580E+01 -.288418E+01 -.165078E+01 0.328291E+02
 0.420738E+01 -.290332E+01 -.158852E+01 0.377422E+02
 0.429653E+01 -.287265E+01 -.166426E+01 0.339667E+02
 0.410987E+01 -.288461E+01 -.157391E+01 0.365680E+02
 0.418640E+01 -.289259E+01 -.164455E+01 0.334795E+02
 0.375687E+01 -.285759E+01 -.170684E+01 0.395403E+02
 0.402036E+01 -.286775E+01 -.172135E+01 0.364681E+02
 0.421517E+01 -.289077E+01 -.168933E+01 0.338395E+02
 0.415987E+01 -.288554E+01 -.167767E+01 0.329688E+02
 0.363732E+01 -.287238E+01 -.161076E+01 0.358820E+02
 0.410464E+01 -.288388E+01 -.160285E+01 0.345497E+02
 0.371153E+01 -.290633E+01 -.165223E+01 0.372862E+02
 0.302476E+01 -.288520E+01 -.167176E+01 0.329161E+02
 0.414758E+01 -.288685E+01 -.166420E+01 0.328811E+02
 0.422583E+01 -.289317E+01 -.162337E+01 0.340352E+02
 0.310366E+01 -.288403E+01 -.166831E+01 0.328342E+02
 0.409600E+01 -.288404E+01 -.166055E+01 0.327739E+02
 0.392826E+01 -.286682E+01 -.169361E+01 0.356492E+02
 0.422115E+01 -.286558E+01 -.163254E+01 0.368928E+02
 0.401548E+01 -.288245E+01 -.161818E+01 0.338293E+02
 0.415822E+01 -.290671E+01 -.167295E+01 0.377990E+02
 0.403564E+01 -.291090E+01 -.160130E+01 0.399587E+02
 0.414832E+01 -.290005E+01 -.166533E+01 0.352589E+02
 0.274347E+01 -.289213E+01 -.166209E+01 0.334542E+02
 0.529837E+01 -.288386E+01 -.168688E+01 0.331441E+02
 0.418721E+01 -.288577E+01 -.170601E+01 0.340338E+02
 0.334555E+01 -.288313E+01 -.166411E+01 0.328000E+02
 0.412347E+01 -.286660E+01 -.158535E+01 0.397195E+02
 0.368572E+01 -.288439E+01 -.170669E+01 0.340073E+02
 0.375771E+01 -.288245E+01 -.159045E+01 0.354350E+02
 0.416621E+01 -.287913E+01 -.176348E+01 0.389137E+02
 0.416074E+01 -.288261E+01 -.157414E+01 0.366951E+02
 0.415243E+01 -.288110E+01 -.162950E+01 0.334815E+02
 0.444743E+01 -.285754E+01 -.170500E+01 0.394999E+02
 0.290341E+01 -.285984E+01 -.173286E+01 0.399104E+02
 0.440213E+01 -.289133E+01 -.167605E+01 0.335142E+02
 0.251215E+01 -.287225E+01 -.166880E+01 0.342526E+02
 0.415340E+01 -.288442E+01 -.166384E+01 0.327893E+02
 0.415880E+01 -.288425E+01 -.166561E+01 0.327818E+02
 0.416369E+01 -.286573E+01 -.175431E+01 0.395624E+02
 0.408532E+01 -.288468E+01 -.158448E+01 0.357249E+02
 0.392758E+01 -.288469E+01 -.165388E+01 0.328394E+02
 0.415617E+01 -.289274E+01 -.169368E+01 0.343263E+02
 0.387942E+01 -.290706E+01 -.159624E+01 0.385869E+02
 0.406159E+01 -.288937E+01 -.164762E+01 0.330977E+02
 0.428705E+01 -.288837E+01 -.167822E+01 0.331938E+02
 0.406091E+01 -.286820E+01 -.166633E+01 0.350805E+02
 0.365910E+01 -.287677E+01 -.165824E+01 0.332954E+02
 0.415690E+01 -.288333E+01 -.166467E+01 0.327782E+02
 0.408667E+01 -.287907E+01 -.167099E+01 0.330179E+02
 0.406409E+01 -.285532E+01 -.174383E+01 0.424294E+02
 0.414454E+01 -.287835E+01 -.165847E+01 0.330927E+02
 0.419616E+01 -.289812E+01 -.169597E+01 0.357535E+02
 0.440345E+01 -.288471E+01 -.162483E+01 0.334697E+02
 0.416918E+01 -.288557E+01 -.164653E+01 0.328882E+02
 0.413585E+01 -.285609E+01 -.166001E+01 0.402719E+02
 0.417097E+01 -.286723E+01 -.170860E+01 0.360065E+02
 0.414732E+01 -.288644E+01 -.165990E+01 0.328443E+02
 0.424727E+01 -.288628E+01 -.166224E+01 0.328365E+02
 0.394735E+01 -.288308E+01 -.166242E+01 0.327861E+02
 0.402385E+01 -.288394E+01 -.165281E+01 0.328152E+02
 0.442080E+01 -.288223E+01 -.166195E+01 0.328014E+02
 0.432114E+01 -.286694E+01 -.163134E+01 0.364659E+02
 0.417101E+01 -.289086E+01 -.158083E+01 0.360131E+02
 0.412777E+01 -.287435E+01 -.167101E+01 0.336142E+02
 0.416200E+01 -.288375E+01 -.159504E+01 0.350379E+02
 0.416472E+01 -.287001E+01 -.165128E+01 0.348215E+02
 0.459176E+01 -.289398E+01 -.159543E+01 0.353644E+02
 0.415427E+01 -.289121E+01 -.166179E+01 0.332470E+02
 0.399811E+01 -.286919E+01 -.156036E+01 0.411795E+02
 0.508320E+01 -.287385E+01 -.161394E+01 0.353419E+02
 0.465105E+01 -.290476E+01 -.165549E+01 0.366729E+02
 0.487553E+01 -.288342E+01 -.167516E+01 0.328860E+02
 0.414071E+01 -.288540E+01 -.165184E+01 0.328335E+02
 0.437492E+01 -.288703E+01 -.168387E+01 0.332159E+02
 0.422981E+01 -.289451E+01 -.161096E+01 0.346842E+02
 0.448419E+01 -.287541E+01 -.166920E+01 0.334555E+02
 0.250268E+01 -.288432E+01 -.163926E+01 0.331252E+02
 0.412486E+01 -.288412E+01 -.166298E+01 0.327915E+02
 0.432407E+01 -.287740E+01 -.163995E+01 0.335472E+02
 0.418397E+01 -.287569E+01 -.165687E+01 0.334712E+02
 0.402088E+01 -.288813E+01 -.153168E+01 0.405285E+02
 0.387768E+01 -.288359E+01 -.167298E+01 0.328479E+02
 0.418798E+01 -.288407E+01 -.172030E+01 0.348232E+02
 0.415789E+01 -.290563E+01 -.168477E+01 0.378150E+02
 0.320852E+01 -.290809E+01 -.167673E+01 0.386238E+02
 0.470471E+01 -.288841E+01 -.160776E+01 0.342284E+02
 0.415587E+01 -.289488E+01 -.167035E+01 0.339921E+02
 0.314362E+01 -.289787E+01 -.166348E+01 0.346230E+02
 0.574714E+01 -.288371E+01 -.164851E+01 0.328642E+02
 0.422334E+01 -.288271E+01 -.165162E+01 0.328554E+02
 0.489834E+01 -.287849E+01 -.161180E+01 0.346191E+02
 0.554162E+01 -.290203E+01 -.166234E+01 0.358262E+02
 0.451340E+01 -.288336E+01 -.164980E+01 0.328540E+02
 0.413764E+01 -.290222E+01 -.158545E+01 0.376106E+02
 0.386578E+01 -.286898E+01 -.162915E+01 0.359105E+02
 0.355199E+01 -.288557E+01 -.174897E+01 0.375736E+02
 0.453884E+01 -.288622E+01 -.159219E+01 0.351160E+02
 0.450983E+01 -.285537E+01 -.164813E+01 0.411237E+02
 0.413696E+01 -.288324E+01 -.172994E+01 0.355317E+02
 0.415056E+01 -.288386E+01 -.168983E+01 0.332433E+02
 0.491320E+01 -.289646E+01 -.171095E+01 0.362506E+02
 0.470083E+01 -.288577E+01 -.168762E+01 0.332384E+02
 0.412326E+01 -.288620E+01 -.164225E+01 0.329888E+02
 0.415192E+01 -.286532E+01 -.165232E+01 0.363109E+02
 0.425614E+01 -.290816E+01 -.168108E+01 0.388189E+02
 0.380776E+01 -.286283E+01 -.159941E+01 0.402306E+02
 0.446031E+01 -.286960E+01 -.171039E+01 0.354917E+02
 0.398473E+01 -.286450E+01 -.173089E+01 0.379634E+02
 0.422389E+01 -.288374E+01 -.166206E+01 0.327801E+02
 0.415831E+01 -.288394E+01 -.165454E+01 0.327938E+02
 0.418620E+01 -.288707E+01 -.169210E+01 0.334907E+02
 0.413176E+01 -.290636E+01 -.169059E+01 0.385123E+02
 0.415754E+01 -.289372E+01 -.169058E+01 0.343824E+02
 0.458175E+01 -.287921E+01 -.165115E+01 0.330819E+02
 0.421877E+01 -.288193E+01 -.164545E+01 0.329857E+02
 0.410014E+01 -.289214E+01 -.166542E+01 0.334508E+02
 0.444907E+01 -.289563E+01 -.174870E+01 0.395882E+02
 0.365132E+01 -.288007E+01 -.165628E+01 0.329529E+02
 0.415704E+01 -.288412E+01 -.166669E+01 0.327872E+02
 0.377260E+01 -.286694E+01 -.164294E+01 0.360207E+02
 0.413986E+01 -.287967E+01 -.165358E+01 0.330085E+02
 0.413951E+01 -.287670E+01 -.178889E+01 0.425746E+02
 0.418195E+01 -.291517E+01 -.166872E+01 0.418700E+02
 0.414886E+01 -.287813E+01 -.166898E+01 0.331033E+02
 0.462291E+01 -.289542E+01 -.165597E+01 0.339790E+02
 0.413360E+01 -.288930E+01 -.166086E+01 0.330591E+02
 0.269542E+01 -.289625E+01 -.167790E+01 0.345560E+02
 0.417574E+01 -.289000E+01 -.166862E+01 0.331771E+02
 0.359112E+01 -.285884E+01 -.159918E+01 0.422894E+02
 0.405096E+01 -.288709E+01 -.158198E+01 0.358398E+02
 0.454244E+01 -.288441E+01 -.169500E+01 0.334509E+02
 0.434923E+01 -.290447E+01 -.168951E+01 0.376328E+02
 0.420274E+01 -.287439E+01 -.165553E+01 0.337205E+02
 0.371488E+01 -.287342E+01 -.164747E+01 0.340594E+02
 0.416468E+01 -.288735E+01 -.165989E+01 0.328836E+02
 0.480642E+01 -.287838E+01 -.162510E+01 0.339331E+02
 0.395475E+01 -.288514E+01 -.166162E+01 0.327950E+02
 0.460913E+01 -.286986E+01 -.166219E+01 0.346559E+02
 0.397151E+01 -.288386E+01 -.166579E+01 0.327930E+02
 0.413160E+01 -.287037E+01 -.172377E+01 0.360173E+02
 0.406466E+01 -.288490E+01 -.165997E+01 0.327952E+02
 0.416772E+01 -.288371E+01 -.167277E+01 0.328449E+02
 0.411642E+01 -.286216E+01 -.165319E+01 0.375136E+02
 0.434172E+01 -.290239E+01 -.162158E+01 0.361138E+02
 0.383822E+01 -.287570E+01 -.163625E+01 0.339485E+02
 0.414786E+01 -.288255E+01 -.165306E+01 0.328539E+02
 0.203766E+01 -.287722E+01 -.167817E+01 0.339041E+02
 0.508859E+01 -.288809E+01 -.168278E+01 0.332743E+02
 0.573599E+01 -.287921E+01 -.166376E+01 0.329788E+02
 0.575349E+01 -.288442E+01 -.165013E+01 0.328326E+02
 0.415217E+01 -.288371E+01 -.166696E+01 0.328083E+02
 0.418155E+01 -.287495E+01 -.168688E+01 0.337092E+02
 0.428269E+01 -.290347E+01 -.166442E+01 0.363679E+02
 0.464547E+01 -.288401E+01 -.163820E+01 0.330544E+02
 0.420193E+01 -.288415E+01 -.166275E+01 0.327787E+02
 0.438459E+01 -.288984E+01 -.162996E+01 0.334563E+02
 0.434971E+01 -.289899E+01 -.167735E+01 0.352341E+02
 0.402319E+01 -.288906E+01 -.168855E+01 0.335755E+02
 0.365553E+01 -.288533E+01 -.169337E+01 0.334378E+02
 0.415875E+01 -.285464E+01 -.164447E+01 0.417723E+02
 0.487570E+01 -.286354E+01 -.170492E+01 0.370089E+02
 0.416331E+01 -.287607E+01 -.167003E+01 0.333487E+02
 0.492126E+01 -.287672E+01 -.165898E+01 0.332796E+02
 0.578726E+01 -.288439E+01 -.162106E+01 0.336042E+02
 0.423995E+01 -.288034E+01 -.162077E+01 0.338790E+02
 0.444819E+01 -.288357E+01 -.166144E+01 0.327771E+02
 0.417863E+01 -.289046E+01 -.171873E+01 0.354385E+02
 0.351210E+01 -.290386E+01 -.165130E+01 0.363161E+02
 0.418793E+01 -.288299E+01 -.162522E+01 0.334933E+02
 0.378979E+01 -.288525E+01 -.169609E+01 0.335307E+02
 0.445089E+01 -.288667E+01 -.171148E+01 0.344384E+02
 0.412482E+01 -.288032E+01 -.171081E+01 0.341665E+02
 0.424017E+01 -.289606E+01 -.156311E+01 0.379346E+02
 0.415929E+01 -.288607E+01 -.170493E+01 0.339930E+02
 0.522820E+01 -.291472E+01 -.166363E+01 0.415216E+02
 0.558360E+01 -.290428E+01 -.161949E+01 0.367953E+02
 0.359820E+01 -.289694E+01 -.153307E+01 0.408464E+02
 0.424718E+01 -.290191E+01 -.163511E+01 0.357343E+02
 0.421717E+01 -.290282E+01 -.175104E+01 0.424905E+02
 0.351655E+01 -.289535E+01 -.154372E+01 0.395844E+02
 0.418372E+01 -.288384E+01 -.165785E+01 0.327786E+02
 0.415768E+01 -.288390E+01 -.165423E+01 0.327967E+02
 0.418792E+01 -.288289E+01 -.172110E+01 0.348330E+02
 0.402428E+01 -.289460E+01 -.167541E+01 0.340835E+02
 0.391472E+01 -.291063E+01 -.158291E+01 0.407252E+02
 0.415787E+01 -.288010E+01 -.168037E+01 0.330629E+02
 0.362844E+01 -.285505E+01 -.162988E+01 0.422066E+02
 0.417262E+01 -.291131E+01 -.162593E+01 0.394596E+02
 0.453168E+01 -.286895E+01 -.177126E+01 0.407544E+02
 0.485119E+01 -.287861E+01 -.167590E+01 0.330951E+02
 0.409121E+01 -.287846E+01 -.163968E+01 0.334162E+02
 0.411920E+01 -.290777E+01 -.166788E+01 0.381984E+02
 0.391672E+01 -.288643E+01 -.166258E+01 0.328333E+02
 0.415992E+01 -.288456E+01 -.165566E+01 0.327852E+02
 0.357770E+01 -.289317E+01 -.157911E+01 0.363173E+02
 0.406000E+01 -.287962E+01 -.166778E+01 0.329554E+02
 0.422429E+01 -.290112E+01 -.160925E+01 0.361795E+02
 0.413783E+01 -.288717E+01 -.166135E+01 0.328683E+02
 0.294298E+01 -.286422E+01 -.165246E+01 0.368100E+02
 0.414242E+01 -.287568E+01 -.163639E+01 0.339426E+02
 0.401897E+01 -.288875E+01 -.169763E+01 0.339226E+02
 0.446247E+01 -.287973E+01 -.158757E+01 0.359942E+02
 0.419417E+01 -.289694E+01 -.168838E+01 0.350600E+02
 0.429495E+01 -.290591E+01 -.165422E+01 0.370993E+02
 0.352409E+01 -.290007E+01 -.161598E+01 0.356475E+02
 0.416328E+01 -.288513E+01 -.166012E+01 0.327925E+02
 0.435031E+01 -.287552E+01 -.169513E+01 0.338453E+02
 0.318460E+01 -.289437E+01 -.161414E+01 0.345224E+02
 0.456216E+01 -.288235E+01 -.165822E+01 0.328070E+02
 0.470658E+01 -.289380E+01 -.165995E+01 0.336647E+02
 0.423254E+01 -.287695E+01 -.164344E+01 0.335120E+02
 0.398244E+01 -.288420E+01 -.166561E+01 0.327950E+02
 0.415696E+01 -.286256E+01 -.173339E+01 0.387950E+02
 0.411031E+01 -.289217E+01 -.165118E+01 0.334107E+02
 0.412176E+01 -.288421E+01 -.171004E+01 0.341823E+02
 0.409656E+01 -.290645E+01 -.165336E+01 0.373080E+02
 0.359091E+01 -.289942E+01 -.168934E+01 0.358227E+02
 0.422651E+01 -.290635E+01 -.163954E+01 0.372717E+02
 0.414624E+01 -.287687E+01 -.167277E+01 0.332513E+02
 0.251472E+01 -.288933E+01 -.174618E+01 0.380461E+02
 0.258859E+01 -.289541E+01 -.173101E+01 0.377599E+02
 0.530733E+01 -.286347E+01 -.166856E+01 0.367035E+02
 0.398699E+01 -.291670E+01 -.166326E+01 0.426151E+02
 0.457589E+01 -.288510E+01 -.166121E+01 0.327880E+02
 0.416229E+01 -.288264E+01 -.167600E+01 0.329008E+02
 0.461459E+01 -.285678E+01 -.160858E+01 0.426146E+02
 0.411438E+01 -.288039E+01 -.170546E+01 0.338833E+02
 0.413544E+01 -.289379E+01 -.166327E+01 0.337200E+02
 0.448622E+01 -.288381E+01 -.166986E+01 0.328276E+02
 0.421385E+01 -.288408E+01 -.166193E+01 0.327772E+02
 0.437962E+01 -.289015E+01 -.168711E+01 0.336588E+02
 0.422668E+01 -.290134E+01 -.167161E+01 0.358329E+02
 0.558637E+01 -.286667E+01 -.170272E+01 0.359459E+02
 0.358527E+01 -.288524E+01 -.162377E+01 0.334882E+02
 0.364183E+01 -.290876E+01 -.165959E+01 0.384141E+02
 0.450522E+01 -.288014E+01 -.171284E+01 0.342782E+02
 0.416046E+01 -.287358E+01 -.165582E+01 0.338832E+02
 0.502510E+01 -.287210E+01 -.165930E+01 0.341159E+02
 0.328726E+01 -.288404E+01 -.165349E+01 0.328193E+02
 0.423400E+01 -.288063E+01 -.167040E+01 0.328965E+02
 0.292256E+01 -.288509E+01 -.170180E+01 0.338545E+02
 0.416615E+01 -.287212E+01 -.160852E+01 0.361148E+02
 0.354444E+01 -.288049E+01 -.171400E+01 0.343660E+02
 0.354169E+01 -.286974E+01 -.166067E+01 0.347365E+02
 0.546491E+01 -.288427E+01 -.153569E+01 0.403223E+02
 0.416034E+01 -.287189E+01 -.174927E+01 0.378202E+02
 0.390232E+01 -.289850E+01 -.167572E+01 0.350285E+02
 0.409836E+01 -.288437E+01 -.164923E+01 0.328610E+02
 0.412575E+01 -.288465E+01 -.175637E+01 0.383509E+02
 0.497783E+01 -.287668E+01 -.170476E+01 0.340693E+02
 0.416569E+01 -.287219E+01 -.178696E+01 0.425237E+02
 0.416492E+01 -.288428E+01 -.165277E+01 0.328108E+02
 0.431636E+01 -.285898E+01 -.168139E+01 0.385015E+02
 0.378220E+01 -.288118E+01 -.160877E+01 0.344051E+02
 0.478041E+01 -.287962E+01 -.158070E+01 0.365280E+02
 0.420388E+01 -.290454E+01 -.168923E+01 0.376151E+02
 0.438666E+01 -.286352E+01 -.165403E+01 0.369465E+02
 0.409106E+01 -.289891E+01 -.174844E+01 0.406144E+02
 0.412611E+01 -.288432E+01 -.165829E+01 0.327862E+02
 0.415749E+01 -.288400E+01 -.166510E+01 0.327782E+02
 0.412881E+01 -.288083E+01 -.171425E+01 0.343615E+02
 0.401607E+01 -.286926E+01 -.162885E+01 0.358098E+02
 0.466934E+01 -.286109E+01 -.165571E+01 0.379055E+02
 0.415833E+01 -.286993E+01 -.166501E+01 0.346344E+02
 0.479632E+01 -.288274E+01 -.168243E+01 0.330192E+02
 0.410369E+01 -.287907E+01 -.169043E+01 0.333586E+02
 0.402895E+01 -.288250E+01 -.167261E+01 0.328524E+02
 0.458709E+01 -.290721E+01 -.161950E+01 0.378606E+02
 0.423891E+01 -.288916E+01 -.166527E+01 0.330655E+02
 0.416017E+01 -.288425E+01 -.165263E+01 0.328073E+02
 0.367070E+01 -.289619E+01 -.171310E+01 0.363260E+02
 0.415100E+01 -.290804E+01 -.165127E+01 0.379717E+02
 0.423700E+01 -.290851E+01 -.163690E+01 0.381549E+02
 0.397972E+01 -.285637E+01 -.165788E+01 0.402061E+02
 0.412498E+01 -.289732E+01 -.164812E+01 0.344009E+02
 0.483604E+01 -.285671E+01 -.173063E+01 0.409130E+02
 0.414019E+01 -.288067E+01 -.166014E+01 0.328793E+02
 0.345406E+01 -.285750E+01 -.167385E+01 0.393445E+02
 0.413282E+01 -.287946E+01 -.162666E+01 0.337299E+02
 0.417377E+01 -.286075E+01 -.167202E+01 0.378100E+02
 0.502331E+01 -.290162E+01 -.171344E+01 0.381068E+02
 0.425677E+01 -.288434E+01 -.172649E+01 0.353171E+02
 0.396579E+01 -.288009E+01 -.158131E+01 0.364026E+02
 0.351030E+01 -.288780E+01 -.167831E+01 0.331572E+02
 0.403519E+01 -.286208E+01 -.161554E+01 0.393624E+02
 0.539770E+01 -.289154E+01 -.168678E+01 0.338489E+02
 0.407603E+01 -.289902E+01 -.166298E+01 0.349069E+02
 0.427187E+01 -.288938E+01 -.165489E+01 0.330423E+02
 0.449482E+01 -.291316E+01 -.159557E+01 0.412285E+02
 0.415515E+01 -.288183E+01 -.165975E+01 0.328187E+02
 0.395841E+01 -.289686E+01 -.169926E+01 0.356052E+02
 0.473311E+01 -.288214E+01 -.165745E+01 0.328180E+02
 0.348035E+01 -.289348E+01 -.165996E+01 0.336173E+02
 0.412604E+01 -.288424E+01 -.165433E+01 0.328058E+02
 0.421326E+01 -.286963E+01 -.166154E+01 0.347198E+02
 0.417857E+01 -.289280E+01 -.164902E+01 0.334819E+02
 0.413736E+01 -.289147E+01 -.165976E+01 0.332864E+02
 0.413416E+01 -.288484E+01 -.169795E+01 0.335956E+02
 0.416801E+01 -.288185E+01 -.164536E+01 0.329787E+02
 0.366732E+01 -.286606E+01 -.166152E+01 0.358403E+02
 0.405788E+01 -.287616E+01 -.178498E+01 0.419648E+02
 0.415939E+01 -.288852E+01 -.167817E+01 0.331896E+02
 0.309418E+01 -.289226E+01 -.170241E+01 0.347385E+02
 0.303790E+01 -.287557E+01 -.169243E+01 0.338221E+02
 0.479621E+01 -.288828E+01 -.166292E+01 0.329509E+02
 0.399200E+01 -.289160E+01 -.166478E+01 0.333650E+02
 0.349325E+01 -.288488E+01 -.166942E+01 0.328427E+02
 0.415722E+01 -.288418E+01 -.165084E+01 0.328260E+02
 0.411529E+01 -.290750E+01 -.169916E+01 0.394730E+02
 0.414785E+01 -.289770E+01 -.167728E+01 0.348845E+02
 0.449353E+01 -.288048E+01 -.166180E+01 0.328998E+02
 0.425004E+01 -.288388E+01 -.167937E+01 0.329702E+02
 0.413335E+01 -.288422E+01 -.165893E+01 0.327871E+02
 0.395046E+01 -.287013E+01 -.168728E+01 0.346420E+02
 0.419782E+01 -.289041E+01 -.164745E+01 0.331777E+02
 0.600000E+01 -.287499E+01 -.159042E+01 0.366875E+02
 0.416867E+01 -.288480E+01 -.169767E+01 0.335670E+02
 0.413432E+01 -.288294E+01 -.160222E+01 0.346247E+02
 0.415806E+01 -.287277E+01 -.168504E+01 0.340573E+02
 0.449746E+01 -.289710E+01 -.160344E+01 0.354766E+02
 0.415550E+01 -.288188E+01 -.164893E+01 0.329165E+02
 0.267482E+01 -.287836E+01 -.166088E+01 0.331891E+02
 0.328428E+01 -.288374E+01 -.168234E+01 0.330430E+02
 0.420563E+01 -.288515E+01 -.168625E+01 0.331663E+02
 0.483142E+01 -.288252E+01 -.154649E+01 0.393342E+02
 0.413468E+01 -.289891E+01 -.156400E+01 0.383542E+02
 0.429756E+01 -.288218E+01 -.165882E+01 0.328145E+02
 0.414034E+01 -.288487E+01 -.167865E+01 0.329653E+02
 0.422261E+01 -.287464E+01 -.163581E+01 0.341401E+02
 0.416071E+01 -.289699E+01 -.168174E+01 0.347996E+02
 0.439858E+01 -.288342E+01 -.162256E+01 0.335813E+02
 0.261897E+01 -.288032E+01 -.162749E+01 0.336707E+02
 0.388147E+01 -.289747E+01 -.169664E+01 0.356046E+02
 0.416649E+01 -.288387E+01 -.176144E+01 0.388877E+02
 0.416752E+01 -.288270E+01 -.162036E+01 0.337105E+02
 0.293376E+01 -.286816E+01 -.164269E+01 0.356955E+02
 0.425988E+01 -.289424E+01 -.168475E+01 0.343008E+02
 0.367528E+01 -.286425E+01 -.160295E+01 0.392801E+02
 0.392509E+01 -.286625E+01 -.166953E+01 0.356622E+02
 0.414486E+01 -.288451E+01 -.166013E+01 0.327738E+02
 0.415889E+01 -.288415E+01 -.166427E+01 0.327754E+02
 0.402084E+01 -.288374E+01 -.157668E+01 0.363757E+02
 0.411388E+01 -.286029E+01 -.166072E+01 0.381900E+02
 0.415852E+01 -.287678E+01 -.165719E+01 0.333085E+02
 0.356968E+01 -.289942E+01 -.168119E+01 0.354863E+02
 0.433907E+01 -.289726E+01 -.162516E+01 0.346827E+02
 0.434208E+01 -.288651E+01 -.163731E+01 0.330817E+02
 0.419386E+01 -.288639E+01 -.172342E+01 0.352455E+02
 0.405964E+01 -.286416E+01 -.166703E+01 0.364501E+02
 0.413282E+01 -.288234E+01 -.158903E+01 0.355464E+02
 0.384676E+01 -.288023E+01 -.166453E+01 0.329173E+02
 0.416004E+01 -.288350E+01 -.166558E+01 0.327815E+02
 0.339879E+01 -.288687E+01 -.173060E+01 0.359205E+02
 0.419533E+01 -.291419E+01 -.167329E+01 0.415028E+02
 0.409026E+01 -.288842E+01 -.166446E+01 0.329810E+02
 0.407401E+01 -.288216E+01 -.171231E+01 0.342403E+02
 0.412486E+01 -.287784E+01 -.165931E+01 0.331368E+02
 0.400230E+01 -.289053E+01 -.168956E+01 0.338113E+02
 0.417478E+01 -.289655E+01 -.170856E+01 0.360709E+02
 0.431849E+01 -.288315E+01 -.166277E+01 0.327893E+02
 0.409209E+01 -.289382E+01 -.176281E+01 0.409067E+02
 0.402957E+01 -.288395E+01 -.160781E+01 0.342495E+02
 0.420744E+01 -.287199E+01 -.165690E+01 0.342045E+02
 0.521192E+01 -.289848E+01 -.161442E+01 0.352985E+02
 0.415376E+01 -.288037E+01 -.165997E+01 0.329012E+02
 0.399670E+01 -.290674E+01 -.166011E+01 0.375355E+02
 0.530624E+01 -.285470E+01 -.163855E+01 0.419641E+02
 0.444449E+01 -.288609E+01 -.166104E+01 0.328179E+02
 0.380602E+01 -.286946E+01 -.166208E+01 0.347856E+02
 0.422041E+01 -.287630E+01 -.160834E+01 0.351261E+02
 0.422899E+01 -.288422E+01 -.165278E+01 0.328149E+02
 0.437053E+01 -.290914E+01 -.162429E+01 0.385822E+02
 0.415746E+01 -.289710E+01 -.160903E+01 0.351801E+02
 0.407400E+01 -.288073E+01 -.166654E+01 0.328795E+02
 0.415129E+01 -.288472E+01 -.162956E+01 0.333064E+02
 0.421791E+01 -.286504E+01 -.164960E+01 0.365100E+02
 0.415000E+01 -.286673E+01 -.159448E+01 0.389459E+02
 0.413594E+01 -.287603E+01 -.161354E+01 0.348769E+02
 0.415700E+01 -.289177E+01 -.165302E+01 0.333037E+02
 0.484465E+01 -.287834E+01 -.157430E+01 0.372882E+02
 0.445104E+01 -.287541E+01 -.161868E+01 0.347538E+02
 0.358526E+01 -.290459E+01 -.165770E+01 0.366266E+02
 0.407756E+01 -.287035E+01 -.166376E+01 0.345158E+02
 0.452648E+01 -.288425E+01 -.165668E+01 0.327890E+02
 0.415093E+01 -.288483E+01 -.165250E+01 0.328305E+02
 0.417457E+01 -.291115E+01 -.167177E+01 0.398432E+02
 0.418791E+01 -.289718E+01 -.162449E+01 0.346785E+02
 0.473716E+01 -.287110E+01 -.166015E+01 0.343425E+02
 0.406258E+01 -.288402E+01 -.167377E+01 0.328764E+02
 0.408071E+01 -.288413E+01 -.165709E+01 0.327857E+02
 0.380038E+01 -.286737E+01 -.164345E+01 0.358604E+02
 0.415411E+01 -.287316E+01 -.163301E+01 0.346023E+02
 0.420267E+01 -.290040E+01 -.157062E+01 0.381366E+02
 0.423088E+01 -.288241E+01 -.161660E+01 0.338937E+02
 0.418862E+01 -.288218E+01 -.166507E+01 0.328052E+02
 0.375127E+01 -.291187E+01 -.167367E+01 0.402907E+02
 0.461620E+01 -.287318E+01 -.162071E+01 0.351130E+02
 0.415546E+01 -.289093E+01 -.165499E+01 0.331923E+02
 0.245704E+01 -.288929E+01 -.166113E+01 0.331534E+02
 0.578428E+01 -.288373E+01 -.166626E+01 0.327869E+02
 0.417618E+01 -.288832E+01 -.165293E+01 0.329601E+02
 0.462654E+01 -.288072E+01 -.162274E+01 0.337565E+02
 0.414904E+01 -.287273E+01 -.168688E+01 0.340846E+02
 0.447421E+01 -.290203E+01 -.159722E+01 0.369416E+02
 0.495348E+01 -.289473E+01 -.165968E+01 0.338384E+02
 0.522904E+01 -.288503E+01 -.163888E+01 0.330245E+02
 0.414114E+01 -.289454E+01 -.161065E+01 0.346894E+02
 0.410689E+01 -.287564E+01 -.160699E+01 0.353684E+02
 0.434157E+01 -.288364E+01 -.166578E+01 0.327872E+02
 0.363105E+01 -.288203E+01 -.158340E+01 0.359910E+02
 0.398812E+01 -.289114E+01 -.164503E+01 0.333072E+02
 0.414896E+01 -.288291E+01 -.162277E+01 0.336167E+02
 0.416622E+01 -.288245E+01 -.168020E+01 0.329789E+02
 0.357076E+01 -.287698E+01 -.169393E+01 0.336552E+02
 0.324798E+01 -.286850E+01 -.155996E+01 0.415059E+02
 0.434082E+01 -.291391E+01 -.167546E+01 0.414437E+02
 0.378312E+01 -.286605E+01 -.160658E+01 0.382714E+02
 0.423606E+01 -.291403E+01 -.169460E+01 0.425910E+02
 0.421853E+01 -.288374E+01 -.166201E+01 0.327796E+02
 0.415926E+01 -.288417E+01 -.165681E+01 0.327792E+02
 0.416551E+01 -.286599E+01 -.167704E+01 0.357532E+02
 0.474768E+01 -.287981E+01 -.164739E+01 0.330905E+02
 0.415826E+01 -.289204E+01 -.166061E+01 0.333553E+02
 0.392284E+01 -.288302E+01 -.166318E+01 0.327918E+02
 0.422505E+01 -.288764E+01 -.170517E+01 0.341803E+02
 0.410432E+01 -.286983E+01 -.166213E+01 0.346760E+02
 0.431401E+01 -.290131E+01 -.165106E+01 0.354926E+02
 0.377788E+01 -.287791E+01 -.165751E+01 0.331588E+02
 0.415835E+01 -.288399E+01 -.166915E+01 0.328050E+02
 0.417629E+01 -.291116E+01 -.162359E+01 0.394275E+02
 0.248528E+01 -.285850E+01 -.165991E+01 0.393903E+02
 0.416705E+01 -.286154E+01 -.164797E+01 0.379957E+02
 0.376674E+01 -.290903E+01 -.162641E+01 0.384851E+02
 0.428598E+01 -.288051E+01 -.159620E+01 0.352413E+02
 0.415071E+01 -.290711E+01 -.166636E+01 0.378403E+02
 0.416250E+01 -.286559E+01 -.175439E+01 0.396132E+02
 0.378460E+01 -.290259E+01 -.159925E+01 0.369908E+02
 0.414000E+01 -.288093E+01 -.166052E+01 0.328625E+02
 0.364305E+01 -.289695E+01 -.168433E+01 0.349329E+02
 0.418605E+01 -.289405E+01 -.167521E+01 0.339535E+02
 0.270477E+01 -.291551E+01 -.161452E+01 0.417109E+02
 0.428375E+01 -.288240E+01 -.161226E+01 0.341074E+02
 0.424383E+01 -.290243E+01 -.165747E+01 0.358979E+02
 0.435643E+01 -.288442E+01 -.165962E+01 0.328458E+02
 0.422106E+01 -.288226E+01 -.165820E+01 0.328157E+02
 0.412671E+01 -.290309E+01 -.163970E+01 0.360809E+02
 0.369224E+01 -.285783E+01 -.169577E+01 0.392130E+02
 0.415610E+01 -.288521E+01 -.166026E+01 0.327786E+02
 0.416228E+01 -.286055E+01 -.160641E+01 0.408340E+02
 0.489859E+01 -.287083E+01 -.163367E+01 0.351839E+02
 0.425898E+01 -.288748E+01 -.165985E+01 0.328934E+02
 0.425557E+01 -.286808E+01 -.166087E+01 0.351875E+02
 0.426960E+01 -.288395E+01 -.166029E+01 0.327758E+02
 0.414165E+01 -.288052E+01 -.168922E+01 0.332497E+02
 0.412936E+01 -.287896E+01 -.165482E+01 0.330575E+02
 0.416281E+01 -.288456E+01 -.159815E+01 0.347946E+02
 0.418335E+01 -.286327E+01 -.166419E+01 0.368451E+02
 0.414677E+01 -.288276E+01 -.161323E+01 0.340412E+02
 0.415286E+01 -.288166E+01 -.165939E+01 0.328448E+02
 0.255698E+01 -.287290E+01 -.159734E+01 0.367259E+02
 0.415693E+01 -.285248E+01 -.165597E+01 0.426211E+02
 0.482287E+01 -.287970E+01 -.159719E+01 0.352720E+02
 0.418525E+01 -.290517E+01 -.165671E+01 0.368388E+02
 0.408356E+01 -.288281E+01 -.165804E+01 0.327981E+02
 0.404740E+01 -.290150E+01 -.168381E+01 0.362683E+02
 0.504690E+01 -.288414E+01 -.165110E+01 0.328281E+02
 0.415670E+01 -.288408E+01 -.167043E+01 0.328181E+02
 0.427779E+01 -.286886E+01 -.161238E+01 0.368421E+02
 0.414247E+01 -.287931E+01 -.163785E+01 0.333714E+02
 0.400033E+01 -.287045E+01 -.166049E+01 0.345278E+02
 0.420090E+01 -.288394E+01 -.166143E+01 0.327755E+02
 0.409939E+01 -.288405E+01 -.166666E+01 0.328056E+02
 0.426111E+01 -.287951E+01 -.163677E+01 0.333740E+02
 0.436093E+01 -.287581E+01 -.163262E+01 0.340540E+02
 0.419420E+01 -.288514E+01 -.170167E+01 0.337707E+02
 0.415938E+01 -.288488E+01 -.170634E+01 0.339871E+02
 0.411026E+01 -.288301E+01 -.176536E+01 0.393420E+02
 0.415906E+01 -.288848E+01 -.162990E+01 0.333463E+02
 0.462517E+01 -.286121E+01 -.171158E+01 0.380956E+02
 0.416105E+01 -.288348E+01 -.167038E+01 0.328199E+02
 0.495704E+01 -.288183E+01 -.166160E+01 0.328138E+02
 0.537652E+01 -.288420E+01 -.164376E+01 0.329291E+02
 0.414718E+01 -.288551E+01 -.163131E+01 0.332334E+02
 0.403352E+01 -.287945E+01 -.176015E+01 0.385118E+02
 0.417125E+01 -.286667E+01 -.175780E+01 0.396852E+02
 0.428635E+01 -.289047E+01 -.166192E+01 0.331822E+02
 0.415206E+01 -.288246E+01 -.161407E+01 0.340381E+02
 0.401474E+01 -.290642E+01 -.166555E+01 0.375638E+02
 0.417662E+01 -.291045E+01 -.163365E+01 0.389815E+02
 0.405986E+01 -.288404E+01 -.169272E+01 0.333478E+02
 0.452043E+01 -.288432E+01 -.164764E+01 0.328667E+02
 0.368790E+01 -.285504E+01 -.164256E+01 0.415897E+02
 0.446066E+01 -.288450E+01 -.154126E+01 0.397084E+02
 0.414630E+01 -.288357E+01 -.152003E+01 0.422474E+02
 0.415772E+01 -.288437E+01 -.170305E+01 0.337947E+02
 0.527423E+01 -.289081E+01 -.167049E+01 0.333338E+02
 0.247003E+01 -.288048E+01 -.152774E+01 0.416676E+02
 0.421278E+01 -.289568E+01 -.175680E+01 0.406483E+02
 0.447717E+01 -.287992E+01 -.164462E+01 0.331462E+02
 0.372593E+01 -.291372E+01 -.167130E+01 0.412019E+02
 0.419600E+01 -.288362E+01 -.166322E+01 0.327799E+02
 0.415735E+01 -.288396E+01 -.165543E+01 0.327878E+02
 0.407290E+01 -.288086E+01 -.159648E+01 0.351970E+02
 0.402766E+01 -.289152E+01 -.164867E+01 0.333349E+02
 0.410924E+01 -.290417E+01 -.161083E+01 0.370230E+02
 0.415777E+01 -.289334E+01 -.168595E+01 0.341217E+02
 0.415895E+01 -.290329E+01 -.163372E+01 0.361298E+02
 0.473522E+01 -.288096E+01 -.167986E+01 0.330024E+02
 0.420276E+01 -.288311E+01 -.163679E+01 0.331168E+02
 0.412641E+01 -.287815E+01 -.166305E+01 0.330905E+02
 0.416552E+01 -.286884E+01 -.162469E+01 0.361721E+02
 0.425527E+01 -.288381E+01 -.166015E+01 0.327812E+02
 0.415765E+01 -.288423E+01 -.166273E+01 0.327682E+02
 0.482723E+01 -.288214E+01 -.158495E+01 0.358706E+02
 0.220450E+01 -.285984E+01 -.159642E+01 0.423383E+02
 0.403458E+01 -.285477E+01 -.166694E+01 0.408632E+02
 0.421188E+01 -.287189E+01 -.168289E+01 0.341788E+02
 0.397329E+01 -.287028E+01 -.165797E+01 0.346021E+02
 0.413491E+01 -.288493E+01 -.166048E+01 0.327916E+02
 0.317799E+01 -.289370E+01 -.165962E+01 0.336597E+02
 0.414612E+01 -.287942E+01 -.162124E+01 0.339732E+02
 0.410000E+01 -.288288E+01 -.161710E+01 0.338637E+02
 0.421942E+01 -.287912E+01 -.161518E+01 0.343184E+02
 0.427692E+01 -.290328E+01 -.169379E+01 0.373989E+02
 0.422060E+01 -.289241E+01 -.165956E+01 0.334562E+02
 0.349592E+01 -.289160E+01 -.168668E+01 0.338672E+02
 0.416041E+01 -.288628E+01 -.166042E+01 0.328123E+02
 0.412394E+01 -.289393E+01 -.160972E+01 0.346614E+02
 0.494170E+01 -.286105E+01 -.166495E+01 0.377363E+02
 0.353417E+01 -.288878E+01 -.167093E+01 0.330992E+02
 0.468096E+01 -.288423E+01 -.165856E+01 0.327778E+02
 0.438389E+01 -.288737E+01 -.166412E+01 0.328985E+02
 0.412863E+01 -.289716E+01 -.168637E+01 0.350740E+02
 0.424993E+01 -.288386E+01 -.166916E+01 0.328107E+02
 0.414322E+01 -.286984E+01 -.171257E+01 0.355266E+02
 0.416695E+01 -.288502E+01 -.165208E+01 0.328202E+02
 0.416713E+01 -.288406E+01 -.163264E+01 0.332047E+02
 0.411982E+01 -.287298E+01 -.166243E+01 0.339060E+02
 0.451575E+01 -.291615E+01 -.166256E+01 0.422919E+02
 0.400602E+01 -.289564E+01 -.169152E+01 0.348909E+02
 0.417180E+01 -.287273E+01 -.172232E+01 0.355273E+02
 0.415207E+01 -.287764E+01 -.167684E+01 0.332136E+02
 0.140929E+01 -.288497E+01 -.170987E+01 0.376347E+02
 0.344368E+01 -.289374E+01 -.170654E+01 0.352739E+02
 0.487085E+01 -.286363E+01 -.166868E+01 0.366208E+02
 0.418528E+01 -.289292E+01 -.165639E+01 0.334856E+02
 0.470018E+01 -.288520E+01 -.166599E+01 0.328072E+02
 0.415533E+01 -.288369E+01 -.167658E+01 0.329034E+02
 0.454686E+01 -.288353E+01 -.165215E+01 0.328287E+02
 0.413808E+01 -.287365E+01 -.169428E+01 0.341001E+02
 0.400348E+01 -.287650E+01 -.166426E+01 0.332922E+02
 0.429526E+01 -.288424E+01 -.165275E+01 0.328142E+02
 0.422211E+01 -.288423E+01 -.166553E+01 0.327980E+02
 0.441042E+01 -.289117E+01 -.166719E+01 0.333333E+02
 0.444777E+01 -.288823E+01 -.167198E+01 0.330553E+02
 0.415792E+01 -.286510E+01 -.175799E+01 0.401106E+02
 0.414510E+01 -.288594E+01 -.173411E+01 0.361053E+02
 0.386002E+01 -.288670E+01 -.163080E+01 0.332631E+02
 0.415940E+01 -.285792E+01 -.167944E+01 0.391088E+02
 0.280069E+01 -.289518E+01 -.166716E+01 0.340550E+02
 0.415359E+01 -.288074E+01 -.163994E+01 0.331892E+02
 0.416375E+01 -.287864E+01 -.166477E+01 0.330422E+02
 0.571234E+01 -.287908E+01 -.166270E+01 0.329955E+02
 0.481990E+01 -.288432E+01 -.166235E+01 0.327800E+02
 0.414214E+01 -.287970E+01 -.166220E+01 0.329424E+02
 0.414392E+01 -.288682E+01 -.175080E+01 0.379383E+02
 0.393735E+01 -.287797E+01 -.166333E+01 0.331011E+02
 0.409760E+01 -.289473E+01 -.175571E+01 0.402059E+02
 0.483255E+01 -.288502E+01 -.168600E+01 0.331580E+02
 0.414868E+01 -.287611E+01 -.163808E+01 0.338212E+02
 0.383868E+01 -.290260E+01 -.168574E+01 0.367234E+02
 0.416726E+01 -.287692E+01 -.165323E+01 0.333409E+02
 0.398138E+01 -.288406E+01 -.167291E+01 0.328629E+02
 0.476078E+01 -.288599E+01 -.171337E+01 0.344774E+02
 0.409117E+01 -.285997E+01 -.166047E+01 0.383467E+02
 0.416047E+01 -.288405E+01 -.161920E+01 0.336938E+02
 0.415581E+01 -.288581E+01 -.163216E+01 0.331970E+02
 0.503650E+01 -.289322E+01 -.162520E+01 0.339859E+02
 0.497003E+01 -.289020E+01 -.172471E+01 0.358902E+02
 0.321057E+01 -.289809E+01 -.164785E+01 0.345527E+02
 0.440314E+01 -.285684E+01 -.164043E+01 0.406452E+02
 0.434748E+01 -.290003E+01 -.170798E+01 0.371161E+02
 0.412601E+01 -.286050E+01 -.166248E+01 0.380181E+02
 0.416183E+01 -.288403E+01 -.166295E+01 0.327744E+02
 0.415724E+01 -.288409E+01 -.166351E+01 0.327696E+02
 0.415545E+01 -.290149E+01 -.160812E+01 0.362571E+02
 0.424666E+01 -.288064E+01 -.177206E+01 0.400947E+02
 0.391253E+01 -.289361E+01 -.164194E+01 0.336830E+02
 0.457714E+01 -.289630E+01 -.163724E+01 0.342497E+02
 0.415738E+01 -.288010E+01 -.166963E+01 0.329290E+02
 0.453973E+01 -.285523E+01 -.166203E+01 0.406901E+02
 0.417193E+01 -.290638E+01 -.162482E+01 0.373990E+02
 0.409644E+01 -.286172E+01 -.168808E+01 0.373753E+02
 0.553341E+01 -.288453E+01 -.166517E+01 0.327818E+02
 0.411592E+01 -.288240E+01 -.158802E+01 0.356334E+02
 0.411228E+01 -.288749E+01 -.166596E+01 0.329281E+02
 0.455529E+01 -.288861E+01 -.166538E+01 0.330039E+02
 0.415711E+01 -.288441E+01 -.165773E+01 0.327760E+02
 0.436245E+01 -.286135E+01 -.162248E+01 0.392527E+02
 0.363265E+01 -.288190E+01 -.163803E+01 0.331447E+02
 0.414623E+01 -.289233E+01 -.166756E+01 0.334955E+02
 0.415532E+01 -.289018E+01 -.167818E+01 0.333792E+02
 0.411181E+01 -.288876E+01 -.161363E+01 0.340000E+02
 0.415611E+01 -.288720E+01 -.166106E+01 0.328582E+02
 0.306381E+01 -.286661E+01 -.166764E+01 0.356403E+02
 0.414232E+01 -.287486E+01 -.163285E+01 0.342264E+02
 0.549505E+01 -.285800E+01 -.168544E+01 0.389842E+02
 0.423445E+01 -.288468E+01 -.167775E+01 0.329487E+02
 0.411689E+01 -.287967E+01 -.154800E+01 0.396159E+02
 0.432437E+01 -.289351E+01 -.167067E+01 0.337640E+02
 0.401007E+01 -.288093E+01 -.165208E+01 0.329365E+02
 0.432538E+01 -.287301E+01 -.166188E+01 0.339024E+02
 0.419399E+01 -.287551E+01 -.166202E+01 0.334548E+02
 0.401900E+01 -.290127E+01 -.163688E+01 0.355258E+02
 0.415682E+01 -.288597E+01 -.166083E+01 0.327993E+02
 0.415153E+01 -.291351E+01 -.168787E+01 0.418469E+02
 0.393192E+01 -.286387E+01 -.168989E+01 0.365502E+02
 0.453387E+01 -.288166E+01 -.166061E+01 0.328260E+02
 0.407316E+01 -.289900E+01 -.166368E+01 0.349132E+02
 0.412158E+01 -.288389E+01 -.166259E+01 0.327901E+02
 0.410897E+01 -.286975E+01 -.166254E+01 0.346931E+02
 0.416431E+01 -.287989E+01 -.170304E+01 0.337826E+02
 0.411594E+01 -.288919E+01 -.166183E+01 0.330486E+02
 0.416594E+01 -.288429E+01 -.171642E+01 0.345669E+02
 0.408442E+01 -.290343E+01 -.164738E+01 0.361460E+02
 0.404519E+01 -.291380E+01 -.162993E+01 0.406311E+02
 0.398266E+01 -.289605E+01 -.175082E+01 0.399919E+02
 0.410683E+01 -.290634E+01 -.156264E+01 0.404230E+02
 0.415315E+01 -.288962E+01 -.166200E+01 0.330945E+02
 0.309582E+01 -.289192E+01 -.174164E+01 0.378871E+02
 0.238430E+01 -.288840E+01 -.167999E+01 0.333998E+02
 0.433176E+01 -.287461E+01 -.166322E+01 0.335855E+02
 0.419361E+01 -.288732E+01 -.166261E+01 0.328858E+02
 0.428023E+01 -.288478E+01 -.172789E+01 0.354635E+02
 0.403935E+01 -.288476E+01 -.167090E+01 0.328522E+02
 0.415467E+01 -.288420E+01 -.166272E+01 0.327682E+02
 0.442893E+01 -.289544E+01 -.168311E+01 0.345298E+02
 0.417743E+01 -.289905E+01 -.165384E+01 0.348106E+02
 0.493766E+01 -.288494E+01 -.166353E+01 0.327899E+02
 0.416025E+01 -.288427E+01 -.165355E+01 0.327993E+02
 0.421849E+01 -.288437E+01 -.166284E+01 0.327818E+02
 0.391768E+01 -.287772E+01 -.168678E+01 0.333745E+02
 0.438914E+01 -.289627E+01 -.169234E+01 0.350698E+02
 0.492593E+01 -.289760E+01 -.153337E+01 0.409402E+02
 0.411785E+01 -.288405E+01 -.163303E+01 0.331934E+02
 0.357207E+01 -.288187E+01 -.161185E+01 0.341809E+02
 0.406702E+01 -.288409E+01 -.151768E+01 0.424929E+02
 0.415776E+01 -.287758E+01 -.170818E+01 0.341622E+02
 0.464757E+01 -.289694E+01 -.160006E+01 0.356845E+02
 0.416335E+01 -.288014E+01 -.165923E+01 0.329303E+02
 0.515770E+01 -.288476E+01 -.166324E+01 0.327813E+02
 0.388014E+01 -.288434E+01 -.167721E+01 0.329233E+02
 0.416492E+01 -.288212E+01 -.167347E+01 0.328689E+02
 0.418657E+01 -.288251E+01 -.172081E+01 0.347960E+02
 0.413847E+01 -.288367E+01 -.168188E+01 0.330101E+02
 0.432364E+01 -.287783E+01 -.166321E+01 0.331187E+02
 0.338631E+01 -.288577E+01 -.156598E+01 0.371524E+02
 0.414978E+01 -.288976E+01 -.169531E+01 0.339392E+02
 0.383550E+01 -.287622E+01 -.165165E+01 0.334639E+02
 0.416918E+01 -.286711E+01 -.167437E+01 0.353979E+02
 0.422096E+01 -.288424E+01 -.164014E+01 0.330157E+02
 0.479092E+01 -.288503E+01 -.173657E+01 0.362336E+02
 0.403310E+01 -.285836E+01 -.162017E+01 0.409322E+02
 0.429761E+01 -.290244E+01 -.165976E+01 0.359161E+02
 0.378285E+01 -.289328E+01 -.157823E+01 0.364062E+02
 0.416809E+01 -.288295E+01 -.173934E+01 0.363568E+02
 0.415700E+01 -.288443E+01 -.163262E+01 0.331931E+02
 0.357226E+01 -.287636E+01 -.163223E+01 0.339759E+02
 0.425528E+01 -.287236E+01 -.156094E+01 0.400381E+02
 0.419502E+01 -.286426E+01 -.166237E+01 0.364954E+02
 0.431376E+01 -.287523E+01 -.163408E+01 0.340909E+02
 0.293149E+01 -.287247E+01 -.174056E+01 0.370439E+02
 0.413599E+01 -.288448E+01 -.166168E+01 0.327855E+02
 0.415773E+01 -.288432E+01 -.166467E+01 0.327780E+02
 0.423816E+01 -.288123E+01 -.168543E+01 0.331244E+02
 0.418239E+01 -.287736E+01 -.166483E+01 0.331732E+02
 0.502506E+01 -.287430E+01 -.167250E+01 0.336200E+02
 0.415717E+01 -.287417E+01 -.164943E+01 0.338832E+02
 0.286509E+01 -.288387E+01 -.168016E+01 0.330495E+02
 0.283940E+01 -.287642E+01 -.168271E+01 0.335346E+02
 0.415805E+01 -.291106E+01 -.161336E+01 0.395649E+02
 0.411774E+01 -.291539E+01 -.166888E+01 0.420816E+02
 0.567362E+01 -.288559E+01 -.165213E+01 0.328258E+02
 0.419182E+01 -.288695E+01 -.163794E+01 0.330770E+02
 0.414713E+01 -.288866E+01 -.167275E+01 0.331005E+02
 0.411020E+01 -.289014E+01 -.173626E+01 0.369361E+02
 0.410531E+01 -.288325E+01 -.165954E+01 0.327940E+02
 0.415790E+01 -.288423E+01 -.165979E+01 0.327680E+02
 0.378053E+01 -.286998E+01 -.169402E+01 0.348297E+02
 0.500753E+01 -.290107E+01 -.167078E+01 0.356821E+02
 0.415069E+01 -.291230E+01 -.166258E+01 0.401776E+02
 0.416144E+01 -.285341E+01 -.172362E+01 0.422800E+02
 0.405804E+01 -.288739E+01 -.166767E+01 0.329274E+02
 0.408772E+01 -.289632E+01 -.166443E+01 0.342325E+02
 0.464033E+01 -.291531E+01 -.166358E+01 0.418301E+02
 0.414441E+01 -.288413E+01 -.166273E+01 0.327745E+02
 0.415999E+01 -.289547E+01 -.169471E+01 0.349626E+02
 0.592539E+01 -.288738E+01 -.167873E+01 0.330736E+02
 0.429733E+01 -.288441E+01 -.169221E+01 0.333400E+02
 0.401119E+01 -.286946E+01 -.161944E+01 0.362330E+02
 0.418094E+01 -.288025E+01 -.165936E+01 0.329131E+02
 0.500876E+01 -.288333E+01 -.163537E+01 0.331416E+02
 0.415459E+01 -.288491E+01 -.166295E+01 0.327762E+02
 0.417207E+01 -.288397E+01 -.165692E+01 0.327842E+02
 0.352511E+01 -.287358E+01 -.168372E+01 0.338802E+02
 0.494167E+01 -.290871E+01 -.168399E+01 0.392041E+02
 0.411943E+01 -.288237E+01 -.166127E+01 0.328049E+02
 0.386052E+01 -.289370E+01 -.166170E+01 0.336382E+02
 0.414237E+01 -.288398E+01 -.165398E+01 0.328003E+02
 0.416705E+01 -.289149E+01 -.168060E+01 0.336462E+02
 0.407996E+01 -.288519E+01 -.166583E+01 0.328073E+02
 0.413781E+01 -.288475E+01 -.167864E+01 0.329613E+02
 0.412532E+01 -.289945E+01 -.164973E+01 0.349462E+02
 0.377454E+01 -.286986E+01 -.165052E+01 0.348773E+02
 0.381080E+01 -.288210E+01 -.160845E+01 0.343473E+02
 0.417444E+01 -.290044E+01 -.160783E+01 0.360133E+02
 0.415515E+01 -.289604E+01 -.164898E+01 0.340501E+02
 0.497167E+01 -.289251E+01 -.164461E+01 0.334909E+02
 0.390118E+01 -.288042E+01 -.163103E+01 0.334728E+02
 0.435856E+01 -.290468E+01 -.165397E+01 0.367548E+02
 0.418457E+01 -.287454E+01 -.165941E+01 0.336393E+02
 0.414485E+01 -.288450E+01 -.165939E+01 0.327745E+02
 0.415704E+01 -.288463E+01 -.164812E+01 0.328535E+02
 0.433788E+01 -.289366E+01 -.165978E+01 0.336504E+02
 0.416704E+01 -.290323E+01 -.163092E+01 0.361808E+02
 0.536462E+01 -.289089E+01 -.165898E+01 0.331990E+02
 0.405703E+01 -.288399E+01 -.167362E+01 0.328683E+02
 0.411568E+01 -.288440E+01 -.166120E+01 0.327838E+02
 0.393212E+01 -.286943E+01 -.166463E+01 0.347350E+02
 0.410364E+01 -.288130E+01 -.166119E+01 0.328554E+02
 0.545811E+01 -.289768E+01 -.166559E+01 0.345961E+02
 0.411272E+01 -.288269E+01 -.155919E+01 0.380485E+02
 0.392624E+01 -.288310E+01 -.168308E+01 0.330414E+02
 0.423501E+01 -.288437E+01 -.164369E+01 0.329333E+02
 0.415764E+01 -.291029E+01 -.171792E+01 0.422654E+02
 0.480425E+01 -.291608E+01 -.166124E+01 0.421615E+02
 0.511247E+01 -.287871E+01 -.170976E+01 0.341626E+02
 0.415679E+01 -.288591E+01 -.166348E+01 0.328048E+02
 0.458977E+01 -.288895E+01 -.165980E+01 0.329983E+02
 0.358903E+01 -.288431E+01 -.166141E+01 0.327825E+02
 0.418255E+01 -.288708E+01 -.165244E+01 0.328841E+02
 0.452572E+01 -.288273E+01 -.156289E+01 0.376660E+02
 0.416085E+01 -.288166E+01 -.161372E+01 0.341028E+02
 0.471492E+01 -.288316E+01 -.165986E+01 0.327816E+02
 0.463556E+01 -.288523E+01 -.175488E+01 0.382236E+02
 0.416778E+01 -.287955E+01 -.172082E+01 0.347970E+02
 0.414948E+01 -.289337E+01 -.170493E+01 0.350799E+02
 0.397710E+01 -.287329E+01 -.161947E+01 0.351667E+02
 0.416688E+01 -.288151E+01 -.165452E+01 0.328777E+02
 0.445466E+01 -.288373E+01 -.162199E+01 0.336098E+02
 0.375135E+01 -.288344E+01 -.165213E+01 0.328280E+02
 0.412063E+01 -.290153E+01 -.164902E+01 0.355605E+02
 0.471307E+01 -.287663E+01 -.171103E+01 0.343783E+02
 0.413667E+01 -.288341E+01 -.175476E+01 0.380326E+02
 0.416788E+01 -.288297E+01 -.168649E+01 0.331239E+02
 0.340679E+01 -.287846E+01 -.169004E+01 0.334103E+02
 0.372439E+01 -.287956E+01 -.157192E+01 0.372783E+02
 0.427704E+01 -.289413E+01 -.165275E+01 0.337161E+02
 0.358270E+01 -.286201E+01 -.160643E+01 0.400816E+02
 0.446788E+01 -.290481E+01 -.172977E+01 0.408283E+02
 0.415472E+01 -.288419E+01 -.166066E+01 0.327673E+02
 0.415843E+01 -.288421E+01 -.166010E+01 0.327687E+02
 0.415866E+01 -.289087E+01 -.173756E+01 0.371546E+02
 0.410949E+01 -.288343E+01 -.157187E+01 0.368258E+02
 0.402690E+01 -.287652E+01 -.167959E+01 0.333639E+02
 0.398382E+01 -.286613E+01 -.168658E+01 0.357482E+02
 0.415782E+01 -.287927E+01 -.164652E+01 0.331683E+02
 0.172785E+01 -.290643E+01 -.169160E+01 0.388898E+02
 0.374046E+01 -.288490E+01 -.164625E+01 0.328905E+02
 0.422193E+01 -.288594E+01 -.172770E+01 0.355628E+02
 0.413270E+01 -.288307E+01 -.166978E+01 0.328229E+02
 0.418278E+01 -.285768E+01 -.165673E+01 0.395808E+02
 0.395753E+01 -.288072E+01 -.165578E+01 0.329097E+02
 0.415852E+01 -.288408E+01 -.166138E+01 0.327682E+02
 0.492405E+01 -.287495E+01 -.163521E+01 0.341005E+02
 0.337919E+01 -.289645E+01 -.173561E+01 0.383992E+02
 0.511700E+01 -.287596E+01 -.168330E+01 0.336283E+02
 0.414391E+01 -.288474E+01 -.164510E+01 0.329030E+02
 0.415529E+01 -.290479E+01 -.171672E+01 0.395526E+02
 0.424082E+01 -.291195E+01 -.165936E+01 0.399497E+02
 0.411471E+01 -.290017E+01 -.170412E+01 0.368884E+02
 0.414572E+01 -.288184E+01 -.166177E+01 0.328149E+02
 0.274806E+01 -.286746E+01 -.168007E+01 0.354401E+02
 0.419370E+01 -.290044E+01 -.172770E+01 0.388703E+02
 0.467426E+01 -.290657E+01 -.167004E+01 0.377305E+02
 0.434327E+01 -.288324E+01 -.164131E+01 0.329983E+02
 0.421381E+01 -.289428E+01 -.172957E+01 0.371965E+02
 0.420562E+01 -.288930E+01 -.164834E+01 0.330628E+02
 0.404598E+01 -.291156E+01 -.165904E+01 0.397222E+02
 0.421196E+01 -.289259E+01 -.165733E+01 0.334581E+02
 0.486093E+01 -.286929E+01 -.170374E+01 0.352721E+02
 0.415976E+01 -.288357E+01 -.165911E+01 0.327736E+02
 0.417389E+01 -.286111E+01 -.163328E+01 0.388189E+02
 0.341628E+01 -.288533E+01 -.165099E+01 0.328478E+02
 0.486814E+01 -.287330E+01 -.161574E+01 0.353645E+02
 0.422240E+01 -.288411E+01 -.166052E+01 0.327802E+02
 0.404425E+01 -.286557E+01 -.166006E+01 0.360498E+02
 0.426809E+01 -.288410E+01 -.165843E+01 0.327831E+02
 0.427470E+01 -.286807E+01 -.157602E+01 0.400159E+02
 0.413676E+01 -.288659E+01 -.165136E+01 0.328726E+02
 0.404605E+01 -.288095E+01 -.165911E+01 0.328809E+02
 0.411732E+01 -.288487E+01 -.162950E+01 0.332881E+02
 0.420796E+01 -.286864E+01 -.165319E+01 0.351750E+02
 0.449455E+01 -.285530E+01 -.170786E+01 0.406804E+02
 0.390277E+01 -.285783E+01 -.160846E+01 0.420931E+02
 0.414980E+01 -.287890E+01 -.165192E+01 0.331197E+02
 0.351525E+01 -.288089E+01 -.156959E+01 0.372817E+02
 0.415357E+01 -.289526E+01 -.164942E+01 0.339397E+02
 0.525481E+01 -.288200E+01 -.162949E+01 0.334005E+02
 0.475133E+01 -.287752E+01 -.165455E+01 0.332555E+02
 0.415522E+01 -.287959E+01 -.165783E+01 0.329770E+02
 0.443042E+01 -.288623E+01 -.166992E+01 0.328973E+02
 0.423579E+01 -.288406E+01 -.165216E+01 0.328183E+02
 0.415452E+01 -.288430E+01 -.167093E+01 0.328260E+02
 0.438642E+01 -.287938E+01 -.163471E+01 0.334551E+02
 0.413870E+01 -.287131E+01 -.166234E+01 0.342896E+02
 0.433500E+01 -.288488E+01 -.166056E+01 0.327866E+02
 0.425774E+01 -.288384E+01 -.167801E+01 0.329367E+02
 0.406466E+01 -.288421E+01 -.166042E+01 0.327870E+02
 0.418883E+01 -.289588E+01 -.164120E+01 0.340956E+02
 0.392066E+01 -.287203E+01 -.163696E+01 0.346849E+02
 0.494761E+01 -.288117E+01 -.176436E+01 0.390692E+02
 0.416815E+01 -.288497E+01 -.160153E+01 0.345656E+02
 0.411158E+01 -.288543E+01 -.170861E+01 0.341754E+02
 0.381645E+01 -.288396E+01 -.175434E+01 0.380486E+02
 0.425828E+01 -.288451E+01 -.176389E+01 0.392757E+02
 0.413000E+01 -.287140E+01 -.171606E+01 0.353719E+02
 0.414993E+01 -.288716E+01 -.166574E+01 0.329101E+02
 0.445363E+01 -.288244E+01 -.166254E+01 0.328084E+02
 0.489684E+01 -.288419E+01 -.164881E+01 0.329554E+02
 0.422829E+01 -.288690E+01 -.164711E+01 0.329305E+02
 0.416798E+01 -.288338E+01 -.162811E+01 0.333728E+02
 0.467782E+01 -.286089E+01 -.163864E+01 0.386422E+02
 0.411838E+01 -.288789E+01 -.165789E+01 0.329234E+02
 0.499488E+01 -.288393E+01 -.167529E+01 0.328800E+02
 0.414729E+01 -.289211E+01 -.166686E+01 0.334688E+02
 0.393537E+01 -.288903E+01 -.166806E+01 0.330838E+02
 0.416118E+01 -.289530E+01 -.164245E+01 0.339551E+02
 0.420018E+01 -.288394E+01 -.169144E+01 0.332928E+02
 0.346818E+01 -.288306E+01 -.159939E+01 0.347892E+02
 0.394325E+01 -.289294E+01 -.163721E+01 0.336612E+02
 0.412758E+01 -.288435E+01 -.157952E+01 0.361043E+02
 0.417259E+01 -.288384E+01 -.170846E+01 0.340606E+02
 0.467624E+01 -.288591E+01 -.170197E+01 0.338365E+02
 0.325825E+01 -.287328E+01 -.163633E+01 0.344824E+02
 0.428443E+01 -.289667E+01 -.164346E+01 0.342577E+02
 0.320651E+01 -.289873E+01 -.162810E+01 0.349695E+02
 0.416923E+01 -.288396E+01 -.165986E+01 0.327820E+02
 0.415524E+01 -.288396E+01 -.165612E+01 0.327840E+02
 0.391016E+01 -.288613E+01 -.161000E+01 0.340853E+02
 0.397847E+01 -.287953E+01 -.168469E+01 0.331774E+02
 0.404790E+01 -.287992E+01 -.165622E+01 0.329755E+02
 0.415662E+01 -.288798E+01 -.168030E+01 0.331902E+02
 0.335160E+01 -.288897E+01 -.165611E+01 0.330204E+02
 0.414916E+01 -.286465E+01 -.170506E+01 0.366525E+02
 0.381040E+01 -.288328E+01 -.165868E+01 0.328059E+02
 0.418837E+01 -.288300E+01 -.165486E+01 0.328061E+02
 0.413385E+01 -.287895E+01 -.165599E+01 0.330481E+02
 0.421353E+01 -.289715E+01 -.156909E+01 0.376288E+02
 0.442565E+01 -.288159E+01 -.165710E+01 0.328474E+02
 0.415268E+01 -.288423E+01 -.165996E+01 0.327909E+02
 0.418188E+01 -.289772E+01 -.160271E+01 0.356071E+02
 0.280965E+01 -.286801E+01 -.167829E+01 0.352351E+02
 0.414736E+01 -.286263E+01 -.163428E+01 0.380747E+02
 0.426042E+01 -.289863E+01 -.165766E+01 0.347403E+02
 0.415499E+01 -.287121E+01 -.162347E+01 0.355327E+02
 0.415264E+01 -.288293E+01 -.166201E+01 0.327920E+02
 0.416612E+01 -.287682E+01 -.163910E+01 0.336656E+02
 0.336663E+01 -.287423E+01 -.166640E+01 0.336617E+02
 0.431134E+01 -.288285E+01 -.163585E+01 0.331545E+02
 0.431513E+01 -.288796E+01 -.153780E+01 0.398638E+02
 0.431392E+01 -.289436E+01 -.168491E+01 0.343429E+02
 0.389979E+01 -.285394E+01 -.165263E+01 0.418148E+02
 0.422510E+01 -.288939E+01 -.166025E+01 0.330620E+02
 0.417239E+01 -.285323E+01 -.167176E+01 0.417036E+02
 0.362560E+01 -.288037E+01 -.168390E+01 0.331223E+02
 0.415533E+01 -.288322E+01 -.165813E+01 0.327811E+02
 0.374631E+01 -.289406E+01 -.170861E+01 0.354683E+02
 0.414575E+01 -.288133E+01 -.163884E+01 0.331632E+02
 0.340520E+01 -.289395E+01 -.163862E+01 0.337832E+02
 0.353341E+01 -.285860E+01 -.161738E+01 0.409762E+02
 0.470895E+01 -.288558E+01 -.165892E+01 0.327971E+02
 0.419498E+01 -.286866E+01 -.166223E+01 0.350095E+02
 0.411561E+01 -.288428E+01 -.170218E+01 0.337648E+02
 0.432408E+01 -.288418E+01 -.166440E+01 0.327839E+02
 0.413417E+01 -.287943E+01 -.163981E+01 0.332937E+02
 0.410821E+01 -.288627E+01 -.165510E+01 0.328441E+02
 0.414145E+01 -.288450E+01 -.163504E+01 0.331317E+02
 0.415226E+01 -.286634E+01 -.164844E+01 0.360539E+02
 0.334135E+01 -.288763E+01 -.154870E+01 0.387147E+02
 0.415962E+01 -.289925E+01 -.162519E+01 0.351190E+02
 0.414953E+01 -.287431E+01 -.166333E+01 0.336563E+02
 0.236534E+01 -.287549E+01 -.165283E+01 0.338147E+02
 0.430936E+01 -.288566E+01 -.165163E+01 0.328452E+02
 0.498314E+01 -.286645E+01 -.166529E+01 0.356439E+02
 0.408553E+01 -.288769E+01 -.165991E+01 0.329039E+02
 0.406811E+01 -.288377E+01 -.166422E+01 0.327981E+02
 0.415282E+01 -.288388E+01 -.167520E+01 0.328984E+02
 0.445959E+01 -.287608E+01 -.164753E+01 0.335755E+02
 0.416224E+01 -.287042E+01 -.168528E+01 0.345706E+02
 0.336646E+01 -.287973E+01 -.166181E+01 0.329628E+02
 0.429119E+01 -.288418E+01 -.166600E+01 0.328016E+02
 0.415622E+01 -.288409E+01 -.166375E+01 0.327703E+02
 0.429787E+01 -.290346E+01 -.166508E+01 0.363706E+02
 0.401699E+01 -.289071E+01 -.167564E+01 0.334174E+02
 0.469895E+01 -.289304E+01 -.160504E+01 0.347340E+02
 0.413546E+01 -.288603E+01 -.172344E+01 0.352283E+02
 0.426232E+01 -.288617E+01 -.163698E+01 0.330909E+02
 0.307226E+01 -.287906E+01 -.167401E+01 0.330881E+02
 0.384478E+01 -.288719E+01 -.158084E+01 0.359104E+02
 0.416228E+01 -.288031E+01 -.166222E+01 0.329039E+02
 0.426221E+01 -.288306E+01 -.166392E+01 0.327919E+02
 0.480289E+01 -.288429E+01 -.166394E+01 0.327765E+02
 0.423538E+01 -.288264E+01 -.165898E+01 0.327957E+02
 0.409208E+01 -.287781E+01 -.159385E+01 0.358212E+02
 0.414614E+01 -.288538E+01 -.168284E+01 0.330847E+02
 0.395239E+01 -.288615E+01 -.166404E+01 0.328374E+02
 0.339531E+01 -.288346E+01 -.158144E+01 0.360225E+02
 0.414776E+01 -.288410E+01 -.163500E+01 0.331505E+02
 0.421070E+01 -.289538E+01 -.169477E+01 0.349849E+02
 0.415551E+01 -.287640E+01 -.166838E+01 0.333072E+02
 0.408565E+01 -.288386E+01 -.170553E+01 0.339064E+02
 0.373019E+01 -.288371E+01 -.163160E+01 0.332473E+02
 0.412725E+01 -.288420E+01 -.166054E+01 0.327823E+02
 0.357987E+01 -.287933E+01 -.178694E+01 0.423109E+02
 0.413742E+01 -.288283E+01 -.161393E+01 0.340018E+02
 0.416923E+01 -.288499E+01 -.158957E+01 0.353351E+02
 0.529454E+01 -.288910E+01 -.162126E+01 0.336751E+02
 0.385680E+01 -.289117E+01 -.171257E+01 0.351103E+02
 0.430242E+01 -.287779E+01 -.165342E+01 0.332110E+02
 0.400039E+01 -.289817E+01 -.168628E+01 0.353331E+02
 0.414886E+01 -.287541E+01 -.166041E+01 0.334884E+02
 0.415465E+01 -.289625E+01 -.165909E+01 0.341256E+02
 0.414750E+01 -.288415E+01 -.166049E+01 0.327869E+02
 0.415390E+01 -.288394E+01 -.166155E+01 0.327667E+02
 0.415640E+01 -.291019E+01 -.162164E+01 0.389888E+02
 0.416185E+01 -.288418E+01 -.174115E+01 0.365969E+02
 0.405784E+01 -.288857E+01 -.168583E+01 0.334185E+02
 0.415255E+01 -.289183E+01 -.163280E+01 0.335995E+02
 0.415601E+01 -.288244E+01 -.168236E+01 0.330226E+02
 0.575783E+01 -.287256E+01 -.163036E+01 0.348229E+02
 0.417059E+01 -.289929E+01 -.163930E+01 0.349098E+02
 0.576856E+01 -.288191E+01 -.167235E+01 0.328576E+02
 0.415884E+01 -.288188E+01 -.161414E+01 0.340581E+02
 0.414156E+01 -.288341E+01 -.166963E+01 0.328129E+02
 0.410012E+01 -.291190E+01 -.161930E+01 0.398823E+02
 0.414554E+01 -.288587E+01 -.166747E+01 0.328407E+02
 0.414975E+01 -.288433E+01 -.165937E+01 0.327907E+02
 0.470329E+01 -.286562E+01 -.169847E+01 0.361430E+02
 0.332184E+01 -.287979E+01 -.165149E+01 0.330484E+02
 0.415479E+01 -.285565E+01 -.164542E+01 0.411396E+02
 0.415241E+01 -.286557E+01 -.165517E+01 0.361464E+02
 0.400222E+01 -.286830E+01 -.166771E+01 0.350549E+02
 0.418373E+01 -.285774E+01 -.164437E+01 0.399921E+02
 0.415476E+01 -.288467E+01 -.166192E+01 0.327705E+02
 0.531969E+01 -.290071E+01 -.165446E+01 0.353211E+02
 0.414972E+01 -.287821E+01 -.161029E+01 0.347157E+02
 0.455171E+01 -.286740E+01 -.166709E+01 0.353069E+02
 0.428169E+01 -.288348E+01 -.166121E+01 0.327775E+02
 0.394814E+01 -.287758E+01 -.168357E+01 0.333132E+02
 0.420108E+01 -.287649E+01 -.166144E+01 0.333105E+02
 0.414277E+01 -.290565E+01 -.165922E+01 0.370685E+02
 0.367361E+01 -.289331E+01 -.164207E+01 0.336396E+02
 0.415314E+01 -.288498E+01 -.165778E+01 0.327954E+02
 0.415378E+01 -.290226E+01 -.168414E+01 0.365000E+02
 0.369643E+01 -.288436E+01 -.164206E+01 0.329646E+02
 0.301089E+01 -.288022E+01 -.166965E+01 0.329656E+02
 0.498044E+01 -.288329E+01 -.166001E+01 0.327765E+02
 0.405574E+01 -.288013E+01 -.156247E+01 0.380695E+02
 0.424759E+01 -.290174E+01 -.166302E+01 0.357497E+02
 0.429166E+01 -.288381E+01 -.166261E+01 0.327855E+02
 0.417947E+01 -.287936E+01 -.173674E+01 0.360468E+02
 0.414893E+01 -.288263E+01 -.166137E+01 0.328026E+02
 0.415529E+01 -.288839E+01 -.165702E+01 0.329376E+02
 0.415688E+01 -.288386E+01 -.169003E+01 0.332364E+02
 0.411179E+01 -.289597E+01 -.164603E+01 0.341162E+02
 0.412708E+01 -.289786E+01 -.163665E+01 0.346184E+02
 0.429901E+01 -.289433E+01 -.163902E+01 0.338413E+02
 0.423565E+01 -.286159E+01 -.171440E+01 0.380620E+02
 0.414968E+01 -.288306E+01 -.167189E+01 0.328527E+02
 0.244146E+01 -.288477E+01 -.171819E+01 0.349943E+02
 0.301641E+01 -.288589E+01 -.167141E+01 0.329378E+02
 0.381995E+01 -.289975E+01 -.166804E+01 0.352419E+02
 0.412153E+01 -.288866E+01 -.166097E+01 0.329975E+02
 0.418148E+01 -.288558E+01 -.177416E+01 0.408387E+02
 0.403899E+01 -.288462E+01 -.167098E+01 0.328499E+02
 0.415241E+01 -.288365E+01 -.164450E+01 0.329460E+02
 0.442982E+01 -.289045E+01 -.167335E+01 0.333434E+02
 0.417160E+01 -.289924E+01 -.165753E+01 0.348930E+02
 0.287633E+01 -.288568E+01 -.166173E+01 0.328485E+02
 0.404109E+01 -.288408E+01 -.164917E+01 0.328667E+02
 0.422456E+01 -.288402E+01 -.166514E+01 0.327942E+02
 0.405247E+01 -.287672E+01 -.168037E+01 0.333555E+02
 0.441324E+01 -.289390E+01 -.167859E+01 0.340476E+02
 0.522059E+01 -.289885E+01 -.154772E+01 0.397452E+02
 0.411482E+01 -.288271E+01 -.166321E+01 0.327916E+02
 0.431742E+01 -.288446E+01 -.159799E+01 0.347984E+02
 0.412090E+01 -.288389E+01 -.161146E+01 0.340739E+02
 0.444465E+01 -.289146E+01 -.152343E+01 0.414729E+02
 0.416901E+01 -.287944E+01 -.166212E+01 0.329739E+02
 0.516349E+01 -.288476E+01 -.166349E+01 0.327871E+02
 0.399501E+01 -.288412E+01 -.167504E+01 0.328940E+02
 0.420413E+01 -.287943E+01 -.166915E+01 0.329726E+02
 0.436632E+01 -.288531E+01 -.175620E+01 0.383995E+02
 0.412843E+01 -.288475E+01 -.172097E+01 0.349350E+02
 0.448621E+01 -.287982E+01 -.166570E+01 0.329454E+02
 0.362034E+01 -.288394E+01 -.163122E+01 0.332531E+02
 0.480257E+01 -.288473E+01 -.166866E+01 0.328139E+02
 0.414878E+01 -.287883E+01 -.166377E+01 0.330298E+02
 0.433571E+01 -.287630E+01 -.168460E+01 0.334690E+02
 0.415565E+01 -.286678E+01 -.168250E+01 0.355421E+02
 0.427755E+01 -.288371E+01 -.167282E+01 0.328550E+02
 0.447434E+01 -.288398E+01 -.170286E+01 0.337793E+02
 0.405615E+01 -.287283E+01 -.164122E+01 0.343697E+02
 0.430913E+01 -.287724E+01 -.167935E+01 0.332714E+02
 0.379964E+01 -.288777E+01 -.158873E+01 0.353634E+02
 0.417576E+01 -.288186E+01 -.166849E+01 0.328289E+02
 0.415737E+01 -.288486E+01 -.164114E+01 0.329763E+02
 0.444982E+01 -.288800E+01 -.161100E+01 0.340890E+02
 0.571367E+01 -.288931E+01 -.173120E+01 0.362709E+02
 0.419667E+01 -.286766E+01 -.166565E+01 0.352759E+02
 0.473907E+01 -.288448E+01 -.169134E+01 0.333179E+02
 0.429379E+01 -.288082E+01 -.169499E+01 0.334263E+02
 0.413544E+01 -.288426E+01 -.166139E+01 0.327831E+02
 0.415287E+01 -.288393E+01 -.166574E+01 0.327970E+02
 0.416022E+01 -.289330E+01 -.156021E+01 0.378314E+02
 0.424802E+01 -.288204E+01 -.166583E+01 0.328145E+02
 0.423393E+01 -.288951E+01 -.165197E+01 0.330714E+02
 0.411945E+01 -.288173E+01 -.164431E+01 0.330107E+02
 0.415487E+01 -.287688E+01 -.165155E+01 0.333738E+02
 0.595426E+01 -.286451E+01 -.166128E+01 0.364856E+02
 0.417955E+01 -.291551E+01 -.161148E+01 0.418349E+02
 0.414319E+01 -.287620E+01 -.177603E+01 0.406367E+02
 0.544234E+01 -.288449E+01 -.165818E+01 0.327779E+02
 0.414660E+01 -.288568E+01 -.170642E+01 0.340563E+02
 0.416348E+01 -.288729E+01 -.167888E+01 0.331027E+02
 0.407454E+01 -.288091E+01 -.168825E+01 0.332020E+02
 0.404332E+01 -.288460E+01 -.166261E+01 0.327948E+02
 0.416165E+01 -.288434E+01 -.166110E+01 0.327734E+02
 0.418268E+01 -.286447E+01 -.172314E+01 0.375185E+02
 0.458431E+01 -.289005E+01 -.164183E+01 0.332233E+02
 0.415247E+01 -.290417E+01 -.165644E+01 0.364912E+02
 0.415582E+01 -.287085E+01 -.170655E+01 0.350583E+02
 0.389965E+01 -.287680E+01 -.167101E+01 0.332608E+02
 0.416296E+01 -.286663E+01 -.170840E+01 0.361714E+02
 0.415561E+01 -.288506E+01 -.166134E+01 0.327764E+02
 0.494071E+01 -.286054E+01 -.166824E+01 0.379097E+02
 0.414855E+01 -.289727E+01 -.166436E+01 0.344773E+02
 0.600000E+01 -.288852E+01 -.167223E+01 0.330497E+02
 0.423923E+01 -.288456E+01 -.168106E+01 0.330234E+02
 0.419380E+01 -.288937E+01 -.168298E+01 0.334214E+02
 0.388185E+01 -.287388E+01 -.161245E+01 0.354226E+02
 0.418311E+01 -.288018E+01 -.166173E+01 0.329076E+02
 0.401805E+01 -.291650E+01 -.166400E+01 0.425438E+02
 0.486839E+01 -.290097E+01 -.165673E+01 0.354141E+02
 0.415306E+01 -.288531E+01 -.165998E+01 0.328061E+02
 0.416038E+01 -.286744E+01 -.165557E+01 0.355189E+02
 0.409338E+01 -.287672E+01 -.167473E+01 0.332920E+02
 0.280769E+01 -.290048E+01 -.170205E+01 0.369318E+02
 0.437640E+01 -.288312E+01 -.166197E+01 0.327790E+02
 0.424363E+01 -.289421E+01 -.165628E+01 0.337365E+02
 0.410998E+01 -.288362E+01 -.165932E+01 0.327929E+02
 0.430520E+01 -.288888E+01 -.166330E+01 0.330152E+02
 0.416731E+01 -.288692E+01 -.167821E+01 0.330674E+02
 0.414529E+01 -.288086E+01 -.166290E+01 0.328617E+02
 0.416725E+01 -.288397E+01 -.170793E+01 0.340378E+02
 0.411101E+01 -.289951E+01 -.165343E+01 0.349811E+02
 0.402179E+01 -.286544E+01 -.157480E+01 0.411948E+02
 0.417261E+01 -.287891E+01 -.172722E+01 0.352745E+02
 0.418213E+01 -.286157E+01 -.165056E+01 0.378943E+02
 0.384354E+01 -.288424E+01 -.165992E+01 0.327784E+02
 0.415164E+01 -.288984E+01 -.166054E+01 0.331091E+02
 0.392910E+01 -.288889E+01 -.164731E+01 0.330846E+02
 0.349602E+01 -.288041E+01 -.167113E+01 0.329367E+02
 0.470845E+01 -.289746E+01 -.165866E+01 0.344375E+02
 0.416927E+01 -.288070E+01 -.166148E+01 0.328828E+02
 0.416595E+01 -.288440E+01 -.167264E+01 0.328511E+02
 0.415501E+01 -.288447E+01 -.164366E+01 0.329253E+02
 0.430865E+01 -.289724E+01 -.166021E+01 0.344143E+02
 0.415894E+01 -.290825E+01 -.163543E+01 0.379665E+02
 0.537633E+01 -.288861E+01 -.166073E+01 0.329663E+02
 0.406725E+01 -.288374E+01 -.165383E+01 0.328145E+02
 0.412461E+01 -.288413E+01 -.166335E+01 0.327925E+02
 0.401725E+01 -.286915E+01 -.165496E+01 0.349597E+02
 0.414557E+01 -.288475E+01 -.163861E+01 0.330357E+02
 0.538560E+01 -.289554E+01 -.172062E+01 0.366996E+02
 0.411351E+01 -.288155E+01 -.161454E+01 0.340713E+02
 0.398080E+01 -.288211E+01 -.168279E+01 0.330361E+02
 0.481302E+01 -.291631E+01 -.165551E+01 0.422077E+02
 0.457705E+01 -.288272E+01 -.168620E+01 0.331177E+02
 0.415458E+01 -.288619E+01 -.166452E+01 0.328205E+02
 0.514347E+01 -.288562E+01 -.166202E+01 0.328090E+02
 0.600000E+01 -.287116E+01 -.165159E+01 0.345357E+02
 0.465521E+01 -.288410E+01 -.164935E+01 0.329208E+02
 0.415976E+01 -.288578E+01 -.166198E+01 0.327968E+02
 0.441890E+01 -.288048E+01 -.173517E+01 0.359023E+02
 0.414435E+01 -.288315E+01 -.168329E+01 0.330398E+02
 0.464606E+01 -.288372E+01 -.166117E+01 0.327847E+02
 0.428121E+01 -.288458E+01 -.170641E+01 0.339908E+02
 0.417945E+01 -.287683E+01 -.170228E+01 0.339569E+02
 0.415089E+01 -.288516E+01 -.169187E+01 0.333621E+02
 0.427447E+01 -.287709E+01 -.165193E+01 0.333199E+02
 0.416544E+01 -.289034E+01 -.166495E+01 0.331868E+02
 0.447990E+01 -.288386E+01 -.164077E+01 0.330102E+02
 0.435066E+01 -.288341E+01 -.163922E+01 0.330540E+02
 0.424422E+01 -.287669E+01 -.165009E+01 0.334134E+02
 0.474983E+01 -.287861E+01 -.168918E+01 0.333479E+02
 0.417701E+01 -.288263E+01 -.170431E+01 0.338077E+02
 0.414611E+01 -.288412E+01 -.169728E+01 0.335307E+02
 0.336025E+01 -.288035E+01 -.166741E+01 0.329219E+02
 0.584856E+01 -.287869E+01 -.166813E+01 0.330291E+02
 0.413664E+01 -.288765E+01 -.164521E+01 0.329829E+02
 0.378371E+01 -.287828E+01 -.167596E+01 0.331391E+02
 0.225336E+01 -.287395E+01 -.174928E+01 0.382162E+02
 0.414808E+01 -.288397E+01 -.166119E+01 0.327863E+02
 0.415455E+01 -.288394E+01 -.166562E+01 0.327768E+02
 0.416132E+01 -.287350E+01 -.162828E+01 0.347240E+02
 0.403125E+01 -.288345E+01 -.160326E+01 0.345324E+02
 0.397352E+01 -.288167E+01 -.163150E+01 0.333498E+02
 0.402058E+01 -.287506E+01 -.166493E+01 0.334964E+02
 0.415664E+01 -.287970E+01 -.166368E+01 0.329410E+02
 0.511525E+01 -.288966E+01 -.168139E+01 0.334224E+02
 0.414793E+01 -.286555E+01 -.160147E+01 0.388737E+02
 0.337571E+01 -.288456E+01 -.165252E+01 0.328276E+02
 0.414381E+01 -.288775E+01 -.166507E+01 0.329291E+02
 0.416591E+01 -.288517E+01 -.166015E+01 0.327934E+02
 0.418521E+01 -.287030E+01 -.171665E+01 0.356367E+02
 0.408074E+01 -.285727E+01 -.171420E+01 0.399107E+02
 0.428062E+01 -.288342E+01 -.165540E+01 0.327990E+02
 0.416324E+01 -.288424E+01 -.166186E+01 0.327820E+02
 0.318829E+01 -.287883E+01 -.165435E+01 0.331129E+02
 0.462379E+01 -.287969E+01 -.166124E+01 0.329486E+02
 0.415779E+01 -.287855E+01 -.170539E+01 0.339589E+02
 0.399862E+01 -.289479E+01 -.166135E+01 0.338775E+02
 0.413124E+01 -.289970E+01 -.169733E+01 0.363638E+02
 0.483576E+01 -.289196E+01 -.165534E+01 0.333624E+02
 0.415580E+01 -.288442E+01 -.166185E+01 0.327680E+02
 0.244071E+01 -.285229E+01 -.168839E+01 0.425507E+02
 0.417112E+01 -.290342E+01 -.170531E+01 0.381379E+02
 0.505581E+01 -.289903E+01 -.167269E+01 0.351095E+02
 0.417208E+01 -.288454E+01 -.166982E+01 0.328259E+02
 0.412765E+01 -.288988E+01 -.162154E+01 0.337380E+02
 0.416411E+01 -.288332E+01 -.166068E+01 0.327859E+02
 0.413749E+01 -.288797E+01 -.166138E+01 0.329220E+02
 0.413680E+01 -.287393E+01 -.160839E+01 0.356491E+02
 0.524290E+01 -.287452E+01 -.167812E+01 0.336322E+02
 0.415708E+01 -.288277E+01 -.166347E+01 0.327830E+02
 0.428823E+01 -.288248E+01 -.167972E+01 0.329707E+02
 0.345622E+01 -.290554E+01 -.163625E+01 0.369301E+02
 0.399778E+01 -.288532E+01 -.165893E+01 0.327969E+02
 0.401244E+01 -.287103E+01 -.166093E+01 0.343655E+02
 0.418751E+01 -.286115E+01 -.159871E+01 0.411007E+02
 0.411158E+01 -.288389E+01 -.166048E+01 0.327854E+02
 0.427892E+01 -.290187E+01 -.160109E+01 0.367111E+02
 0.415815E+01 -.288067E+01 -.166740E+01 0.328822E+02
 0.408119E+01 -.288416E+01 -.166681E+01 0.328004E+02
 0.416271E+01 -.288440E+01 -.168410E+01 0.330774E+02
 0.414597E+01 -.289224E+01 -.165894E+01 0.333984E+02
 0.385052E+01 -.287652E+01 -.174168E+01 0.366091E+02
 0.411178E+01 -.288988E+01 -.160766E+01 0.343385E+02
 0.415518E+01 -.288872E+01 -.165590E+01 0.329650E+02
 0.535867E+01 -.288926E+01 -.160756E+01 0.342817E+02
 0.492127E+01 -.287867E+01 -.164364E+01 0.332797E+02
 0.529258E+01 -.288161E+01 -.165543E+01 0.328559E+02
 0.410641E+01 -.288015E+01 -.166191E+01 0.329191E+02
 0.453363E+01 -.288594E+01 -.170952E+01 0.342571E+02
 0.394337E+01 -.291058E+01 -.165333E+01 0.391555E+02
 0.425133E+01 -.288375E+01 -.166870E+01 0.328140E+02
 0.415518E+01 -.288464E+01 -.166558E+01 0.327821E+02
 0.423060E+01 -.289362E+01 -.164108E+01 0.337014E+02
 0.414544E+01 -.287550E+01 -.165140E+01 0.335790E+02
 0.565053E+01 -.288561E+01 -.166069E+01 0.328089E+02
 0.430849E+01 -.288392E+01 -.167215E+01 0.328477E+02
 0.409839E+01 -.288407E+01 -.166150E+01 0.327889E+02
 0.406098E+01 -.287682E+01 -.165052E+01 0.333824E+02
 0.391954E+01 -.287411E+01 -.163855E+01 0.341580E+02
 0.414190E+01 -.289359E+01 -.171654E+01 0.359095E+02
 0.416094E+01 -.288424E+01 -.165077E+01 0.328319E+02
 0.352661E+01 -.288460E+01 -.173661E+01 0.362459E+02
 0.428588E+01 -.288430E+01 -.174736E+01 0.372734E+02
 0.488317E+01 -.287538E+01 -.175595E+01 0.381365E+02
 0.414702E+01 -.288661E+01 -.166366E+01 0.328471E+02
 0.406864E+01 -.291283E+01 -.167818E+01 0.410260E+02
 0.430900E+01 -.288374E+01 -.166202E+01 0.327824E+02
 0.523781E+01 -.288398E+01 -.164776E+01 0.328663E+02
 0.419568E+01 -.288665E+01 -.165195E+01 0.328639E+02
 0.426914E+01 -.287648E+01 -.164423E+01 0.335721E+02
 0.416293E+01 -.288315E+01 -.164149E+01 0.330027E+02
 0.472654E+01 -.285651E+01 -.166628E+01 0.398884E+02
 0.393401E+01 -.288691E+01 -.165844E+01 0.328599E+02
 0.425727E+01 -.288422E+01 -.164356E+01 0.329371E+02
 0.428125E+01 -.288453E+01 -.177539E+01 0.408985E+02
 0.415352E+01 -.288948E+01 -.168712E+01 0.335763E+02
 0.401256E+01 -.289167E+01 -.164523E+01 0.333768E+02
 0.416242E+01 -.289253E+01 -.164159E+01 0.335041E+02
 0.425128E+01 -.288379E+01 -.165587E+01 0.327936E+02
 0.388667E+01 -.288323E+01 -.162089E+01 0.336561E+02
 0.415979E+01 -.288546E+01 -.163669E+01 0.330755E+02
 0.528781E+01 -.287291E+01 -.174520E+01 0.372747E+02
 0.416461E+01 -.288467E+01 -.167318E+01 0.328642E+02
 0.416149E+01 -.288337E+01 -.167861E+01 0.329419E+02
 0.465618E+01 -.287949E+01 -.169444E+01 0.334794E+02
 0.362086E+01 -.287466E+01 -.161442E+01 0.351143E+02
 0.379134E+01 -.286438E+01 -.157925E+01 0.412774E+02
 0.410311E+01 -.289748E+01 -.163166E+01 0.345988E+02
 0.323811E+01 -.287992E+01 -.163355E+01 0.334518E+02
 0.467474E+01 -.288205E+01 -.163166E+01 0.333180E+02
 0.416450E+01 -.288389E+01 -.166094E+01 0.327812E+02
 0.415456E+01 -.288395E+01 -.166012E+01 0.327679E+02
 0.415379E+01 -.286882E+01 -.171611E+01 0.359543E+02
 0.390320E+01 -.288507E+01 -.157932E+01 0.360868E+02
 0.385053E+01 -.288322E+01 -.164706E+01 0.329099E+02
 0.408273E+01 -.288088E+01 -.167719E+01 0.329703E+02
 0.415480E+01 -.288327E+01 -.167610E+01 0.328944E+02
 0.261525E+01 -.290044E+01 -.167140E+01 0.355328E+02
 0.416891E+01 -.286325E+01 -.158479E+01 0.412870E+02
 0.463705E+01 -.289095E+01 -.159640E+01 0.349989E+02
 0.419189E+01 -.288339E+01 -.166831E+01 0.328071E+02
 0.419679E+01 -.288683E+01 -.163205E+01 0.332238E+02
 0.415530E+01 -.288280E+01 -.164766E+01 0.329002E+02
 0.412178E+01 -.285674E+01 -.166830E+01 0.397425E+02
 0.430293E+01 -.288330E+01 -.165905E+01 0.327848E+02
 0.415775E+01 -.288379E+01 -.165950E+01 0.327697E+02
 0.324819E+01 -.289446E+01 -.160939E+01 0.347162E+02
 0.430736E+01 -.287753E+01 -.167651E+01 0.332058E+02
 0.415048E+01 -.289025E+01 -.164906E+01 0.331704E+02
 0.415407E+01 -.290443E+01 -.162678E+01 0.366263E+02
 0.429338E+01 -.287976E+01 -.166573E+01 0.329474E+02
 0.411493E+01 -.290072E+01 -.165233E+01 0.352904E+02
 0.463576E+01 -.286613E+01 -.164567E+01 0.361883E+02
 0.415514E+01 -.288384E+01 -.166191E+01 0.327672E+02
 0.269683E+01 -.288543E+01 -.166784E+01 0.329034E+02
 0.417399E+01 -.287140E+01 -.167555E+01 0.342328E+02
 0.412974E+01 -.288756E+01 -.166895E+01 0.329717E+02
 0.428133E+01 -.288304E+01 -.165243E+01 0.328285E+02
 0.425687E+01 -.289138E+01 -.171370E+01 0.352596E+02
 0.437507E+01 -.289473E+01 -.171017E+01 0.357276E+02
 0.406782E+01 -.291236E+01 -.165983E+01 0.401741E+02
 0.418758E+01 -.289337E+01 -.166038E+01 0.335836E+02
 0.371307E+01 -.287134E+01 -.167889E+01 0.342580E+02
 0.415844E+01 -.288304E+01 -.166185E+01 0.327780E+02
 0.428509E+01 -.289028E+01 -.163632E+01 0.333430E+02
 0.409728E+01 -.285706E+01 -.161153E+01 0.422939E+02
 0.496866E+01 -.288558E+01 -.165848E+01 0.328035E+02
 0.409797E+01 -.285470E+01 -.166268E+01 0.410389E+02
 0.413551E+01 -.287734E+01 -.164577E+01 0.333997E+02
 0.427134E+01 -.288415E+01 -.166271E+01 0.327755E+02
 0.422719E+01 -.285832E+01 -.165740E+01 0.391708E+02
 0.413671E+01 -.287915E+01 -.164578E+01 0.331874E+02
 0.412350E+01 -.288660E+01 -.166291E+01 0.328647E+02
 0.414844E+01 -.288428E+01 -.161667E+01 0.338214E+02
 0.418910E+01 -.287335E+01 -.164707E+01 0.340919E+02
 0.372891E+01 -.288599E+01 -.161606E+01 0.337957E+02
 0.406764E+01 -.290690E+01 -.160267E+01 0.383084E+02
 0.413267E+01 -.286869E+01 -.171509E+01 0.358963E+02
 0.415280E+01 -.287785E+01 -.166516E+01 0.331303E+02
 0.439644E+01 -.288352E+01 -.165043E+01 0.328435E+02
 0.486178E+01 -.288062E+01 -.165318E+01 0.329408E+02
 0.533935E+01 -.287238E+01 -.166140E+01 0.340364E+02
 0.410383E+01 -.288456E+01 -.166081E+01 0.327914E+02
 0.447673E+01 -.288535E+01 -.155109E+01 0.386381E+02
 0.418489E+01 -.288384E+01 -.165169E+01 0.328279E+02
 0.415315E+01 -.288346E+01 -.168006E+01 0.329826E+02
 0.414438E+01 -.287701E+01 -.164664E+01 0.334378E+02
 0.414194E+01 -.286419E+01 -.167535E+01 0.363769E+02
 0.315053E+01 -.288228E+01 -.166171E+01 0.328318E+02
 0.440949E+01 -.288411E+01 -.167360E+01 0.328764E+02
 0.415511E+01 -.288396E+01 -.166192E+01 0.327668E+02
 0.412446E+01 -.289306E+01 -.166094E+01 0.335672E+02
 0.403177E+01 -.288313E+01 -.167133E+01 0.328316E+02
 0.377371E+01 -.288518E+01 -.156951E+01 0.368941E+02
 0.418708E+01 -.288388E+01 -.171046E+01 0.341743E+02
 0.407082E+01 -.288530E+01 -.168861E+01 0.332567E+02
 0.416780E+01 -.288417E+01 -.172429E+01 0.351314E+02
 0.415325E+01 -.287825E+01 -.167117E+01 0.331019E+02
 0.467608E+01 -.288527E+01 -.168123E+01 0.330429E+02
 0.415073E+01 -.288068E+01 -.166228E+01 0.328879E+02
 0.391893E+01 -.289141E+01 -.166764E+01 0.333864E+02
 0.359016E+01 -.288386E+01 -.166209E+01 0.327837E+02
 0.445443E+01 -.290159E+01 -.165129E+01 0.355679E+02
 0.463064E+01 -.288404E+01 -.168346E+01 0.330570E+02
 0.423124E+01 -.288158E+01 -.165476E+01 0.328633E+02
 0.401220E+01 -.288222E+01 -.158554E+01 0.358226E+02
 0.416697E+01 -.288410E+01 -.163840E+01 0.330483E+02
 0.479691E+01 -.286456E+01 -.165118E+01 0.366273E+02
 0.396094E+01 -.288413E+01 -.166178E+01 0.327813E+02
 0.389614E+01 -.288389E+01 -.161179E+01 0.340452E+02
 0.413660E+01 -.288727E+01 -.166543E+01 0.328978E+02
 0.375767E+01 -.289321E+01 -.165469E+01 0.335451E+02
 0.416470E+01 -.289062E+01 -.165203E+01 0.331735E+02
 0.600000E+01 -.288178E+01 -.153009E+01 0.413085E+02
 0.413500E+01 -.288382E+01 -.167193E+01 0.328494E+02
 0.344574E+01 -.288356E+01 -.166556E+01 0.328003E+02
 0.407350E+01 -.289080E+01 -.169134E+01 0.339162E+02
 0.475670E+01 -.288209E+01 -.163215E+01 0.333054E+02
 0.414950E+01 -.288228E+01 -.164221E+01 0.330372E+02
 0.417719E+01 -.288403E+01 -.161932E+01 0.336912E+02
 0.515965E+01 -.288302E+01 -.162787E+01 0.333982E+02
 0.247701E+01 -.288538E+01 -.162451E+01 0.335022E+02
 0.524423E+01 -.289366E+01 -.166179E+01 0.336663E+02
 0.416556E+01 -.290136E+01 -.167917E+01 0.360256E+02
 0.443737E+01 -.288952E+01 -.164067E+01 0.332005E+02
 0.245231E+01 -.289080E+01 -.163533E+01 0.334456E+02
 0.415750E+01 -.288427E+01 -.166110E+01 0.327674E+02
 0.415296E+01 -.288394E+01 -.165775E+01 0.327888E+02
 0.414866E+01 -.287606E+01 -.165804E+01 0.334058E+02
 0.430696E+01 -.288313E+01 -.162866E+01 0.333621E+02
 0.380010E+01 -.288534E+01 -.168001E+01 0.330317E+02
 0.414952E+01 -.288732E+01 -.167323E+01 0.330137E+02
 0.415219E+01 -.288670E+01 -.167153E+01 0.329456E+02
 0.215394E+01 -.288365E+01 -.164743E+01 0.331212E+02
 0.418842E+01 -.289035E+01 -.168761E+01 0.336966E+02
 0.564424E+01 -.288305E+01 -.167092E+01 0.328336E+02
 0.420097E+01 -.288104E+01 -.167033E+01 0.328785E+02
 0.415118E+01 -.288488E+01 -.165865E+01 0.327977E+02
 0.416346E+01 -.288992E+01 -.168806E+01 0.336620E+02
 0.465260E+01 -.288121E+01 -.166645E+01 0.329049E+02
 0.416287E+01 -.289464E+01 -.163932E+01 0.338814E+02
 0.416433E+01 -.288439E+01 -.166363E+01 0.327867E+02
 0.415331E+01 -.288416E+01 -.165825E+01 0.327877E+02
 0.416488E+01 -.288040E+01 -.163194E+01 0.334433E+02
 0.412285E+01 -.288836E+01 -.166984E+01 0.330461E+02
 0.415058E+01 -.286091E+01 -.164529E+01 0.383793E+02
 0.415272E+01 -.291045E+01 -.165382E+01 0.390911E+02
 0.421935E+01 -.287367E+01 -.166717E+01 0.337636E+02
 0.416836E+01 -.285992E+01 -.162613E+01 0.397855E+02
 0.409662E+01 -.287385E+01 -.167270E+01 0.337227E+02
 0.415352E+01 -.288342E+01 -.166194E+01 0.327853E+02
 0.328512E+01 -.290988E+01 -.165028E+01 0.387270E+02
 0.416987E+01 -.286364E+01 -.163300E+01 0.377033E+02
 0.343636E+01 -.287556E+01 -.165687E+01 0.335064E+02
 0.424892E+01 -.288213E+01 -.165503E+01 0.328332E+02
 0.439074E+01 -.288110E+01 -.154500E+01 0.397120E+02
 0.418874E+01 -.288675E+01 -.168470E+01 0.332199E+02
 0.416552E+01 -.288882E+01 -.166069E+01 0.329968E+02
 0.419562E+01 -.288285E+01 -.165803E+01 0.327965E+02
 0.420945E+01 -.286394E+01 -.166756E+01 0.365120E+02
 0.414083E+01 -.288411E+01 -.175669E+01 0.383217E+02
 0.340429E+01 -.288564E+01 -.164782E+01 0.328856E+02
 0.415839E+01 -.288498E+01 -.165978E+01 0.327755E+02
 0.416201E+01 -.289128E+01 -.167496E+01 0.334568E+02
 0.354349E+01 -.288791E+01 -.162523E+01 0.334814E+02
 0.537093E+01 -.288524E+01 -.166032E+01 0.327857E+02
 0.414809E+01 -.289414E+01 -.166298E+01 0.337722E+02
 0.411829E+01 -.290290E+01 -.167765E+01 0.365443E+02
 0.425126E+01 -.288430E+01 -.166425E+01 0.327908E+02
 0.428288E+01 -.289235E+01 -.170097E+01 0.346528E+02
 0.414286E+01 -.288660E+01 -.164452E+01 0.329484E+02
 0.410697E+01 -.288577E+01 -.165619E+01 0.328221E+02
 0.413399E+01 -.288455E+01 -.162256E+01 0.335477E+02
 0.416021E+01 -.287411E+01 -.164457E+01 0.340136E+02
 0.419420E+01 -.290457E+01 -.170837E+01 0.388240E+02
 0.406120E+01 -.288722E+01 -.152300E+01 0.415791E+02
 0.414095E+01 -.289233E+01 -.164326E+01 0.334613E+02
 0.415801E+01 -.285879E+01 -.171886E+01 0.394567E+02
 0.415142E+01 -.287340E+01 -.167140E+01 0.338070E+02
 0.343212E+01 -.287921E+01 -.169541E+01 0.335301E+02
 0.299182E+01 -.288639E+01 -.167005E+01 0.329348E+02
 0.446825E+01 -.288863E+01 -.165752E+01 0.329814E+02
 0.411707E+01 -.288785E+01 -.166088E+01 0.329277E+02
 0.530470E+01 -.290674E+01 -.172081E+01 0.408264E+02
 0.411947E+01 -.288434E+01 -.164473E+01 0.329243E+02
 0.415265E+01 -.288312E+01 -.167688E+01 0.329218E+02
 0.424545E+01 -.287763E+01 -.167491E+01 0.331829E+02
 0.416531E+01 -.286848E+01 -.166668E+01 0.350119E+02
 0.143477E+01 -.288274E+01 -.166180E+01 0.350476E+02
 0.418431E+01 -.288398E+01 -.165713E+01 0.327808E+02
 0.419846E+01 -.288386E+01 -.166199E+01 0.327773E+02
 0.419764E+01 -.288640E+01 -.166948E+01 0.328891E+02
 0.426739E+01 -.289117E+01 -.169057E+01 0.339524E+02
 0.600000E+01 -.288931E+01 -.158481E+01 0.356351E+02
 0.413972E+01 -.288203E+01 -.167273E+01 0.328617E+02
 0.455204E+01 -.288307E+01 -.162381E+01 0.335454E+02
 0.409831E+01 -.288411E+01 -.157226E+01 0.367402E+02
 0.415463E+01 -.289058E+01 -.160633E+01 0.344153E+02
 0.416198E+01 -.288176E+01 -.166205E+01 0.328219E+02
 0.409331E+01 -.286771E+01 -.165614E+01 0.353963E+02
 0.536647E+01 -.288535E+01 -.166334E+01 0.327954E+02
 0.402875E+01 -.288398E+01 -.168862E+01 0.332048E+02
 0.416786E+01 -.287932E+01 -.166307E+01 0.329821E+02
 0.437131E+01 -.288738E+01 -.168140E+01 0.331894E+02
 0.415739E+01 -.288367E+01 -.163702E+01 0.330893E+02
 0.310753E+01 -.289743E+01 -.167116E+01 0.346757E+02
 0.437248E+01 -.288164E+01 -.166370E+01 0.328291E+02
 0.367971E+01 -.288405E+01 -.166088E+01 0.327839E+02
 0.414314E+01 -.288354E+01 -.164612E+01 0.329014E+02
 0.412797E+01 -.288908E+01 -.167273E+01 0.331673E+02
 0.416529E+01 -.288321E+01 -.167325E+01 0.328508E+02
 0.431258E+01 -.288370E+01 -.167542E+01 0.328925E+02
 0.411140E+01 -.288401E+01 -.169921E+01 0.336153E+02
 0.419789E+01 -.285692E+01 -.162813E+01 0.412686E+02
 0.419778E+01 -.287857E+01 -.171474E+01 0.344514E+02
 0.351620E+01 -.288996E+01 -.155843E+01 0.377971E+02
 0.414922E+01 -.288229E+01 -.165562E+01 0.328402E+02
 0.416030E+01 -.288461E+01 -.166735E+01 0.327968E+02
 0.444920E+01 -.285857E+01 -.166759E+01 0.388691E+02
 0.287095E+01 -.288889E+01 -.166226E+01 0.330440E+02
 0.333489E+01 -.288878E+01 -.168551E+01 0.334655E+02
 0.328821E+01 -.290306E+01 -.171255E+01 0.385458E+02
 0.518388E+01 -.289083E+01 -.151885E+01 0.420017E+02
 0.417467E+01 -.289079E+01 -.166129E+01 0.332067E+02
 0.476177E+01 -.288803E+01 -.167890E+01 0.331578E+02
 0.414190E+01 -.288340E+01 -.152770E+01 0.413349E+02
 0.414562E+01 -.288423E+01 -.166106E+01 0.327732E+02
 0.415353E+01 -.288393E+01 -.166452E+01 0.327883E+02
 0.414685E+01 -.288638E+01 -.161517E+01 0.338416E+02
 0.439948E+01 -.288186E+01 -.171030E+01 0.341175E+02
 0.422125E+01 -.288496E+01 -.168858E+01 0.332479E+02
 0.420373E+01 -.288755E+01 -.165984E+01 0.328902E+02
 0.415388E+01 -.288784E+01 -.165829E+01 0.328977E+02
 0.331097E+01 -.287183E+01 -.164849E+01 0.344222E+02
 0.412649E+01 -.289661E+01 -.174005E+01 0.389165E+02
 0.396829E+01 -.288306E+01 -.166124E+01 0.327873E+02
 0.419080E+01 -.288268E+01 -.169027E+01 0.332340E+02
 0.415401E+01 -.288577E+01 -.166878E+01 0.328411E+02
 0.414051E+01 -.286748E+01 -.167977E+01 0.352847E+02
 0.407891E+01 -.290216E+01 -.170484E+01 0.376429E+02
 0.408366E+01 -.288425E+01 -.166405E+01 0.327857E+02
 0.415368E+01 -.288419E+01 -.166413E+01 0.327720E+02
 0.434154E+01 -.287303E+01 -.172180E+01 0.354411E+02
 0.470533E+01 -.289308E+01 -.164872E+01 0.335293E+02
 0.414849E+01 -.288880E+01 -.165453E+01 0.330045E+02
 0.415285E+01 -.289957E+01 -.171147E+01 0.372071E+02
 0.384889E+01 -.287711E+01 -.166040E+01 0.332408E+02
 0.418013E+01 -.285762E+01 -.166098E+01 0.394946E+02
 0.403703E+01 -.290654E+01 -.166945E+01 0.376880E+02
 0.415380E+01 -.288426E+01 -.166180E+01 0.327671E+02
 0.374525E+01 -.290236E+01 -.164017E+01 0.358075E+02
 0.415827E+01 -.290314E+01 -.162699E+01 0.361929E+02
 0.455119E+01 -.287647E+01 -.164946E+01 0.334502E+02
 0.420881E+01 -.288295E+01 -.167029E+01 0.328326E+02
 0.423151E+01 -.288647E+01 -.159993E+01 0.346317E+02
 0.399668E+01 -.287622E+01 -.165275E+01 0.334439E+02
 0.423486E+01 -.286219E+01 -.166155E+01 0.372902E+02
 0.415794E+01 -.287628E+01 -.165711E+01 0.333816E+02
 0.366298E+01 -.289323E+01 -.165355E+01 0.335528E+02
 0.415141E+01 -.288582E+01 -.165875E+01 0.328201E+02
 0.300087E+01 -.288111E+01 -.163850E+01 0.332117E+02
 0.492498E+01 -.288324E+01 -.166175E+01 0.327762E+02
 0.414824E+01 -.291344E+01 -.166039E+01 0.407216E+02
 0.419301E+01 -.287378E+01 -.168553E+01 0.338697E+02
 0.413825E+01 -.288394E+01 -.166393E+01 0.327768E+02
 0.423220E+01 -.290890E+01 -.168100E+01 0.391768E+02
 0.415833E+01 -.289025E+01 -.166358E+01 0.331408E+02
 0.406949E+01 -.288301E+01 -.166252E+01 0.327859E+02
 0.413137E+01 -.288447E+01 -.165969E+01 0.327874E+02
 0.413769E+01 -.288707E+01 -.166401E+01 0.328743E+02
 0.411407E+01 -.289290E+01 -.156934E+01 0.370457E+02
 0.437454E+01 -.288598E+01 -.162859E+01 0.333174E+02
 0.421143E+01 -.287375E+01 -.168878E+01 0.339324E+02
 0.422876E+01 -.286525E+01 -.168591E+01 0.360206E+02
 0.415255E+01 -.289318E+01 -.166016E+01 0.335749E+02
 0.361189E+01 -.288437E+01 -.168135E+01 0.330319E+02
 0.237564E+01 -.288615E+01 -.167206E+01 0.330748E+02
 0.406150E+01 -.289313E+01 -.165525E+01 0.335520E+02
 0.416237E+01 -.288608E+01 -.166168E+01 0.328117E+02
 0.411093E+01 -.288389E+01 -.175004E+01 0.375429E+02
 0.413977E+01 -.288440E+01 -.166915E+01 0.328144E+02
 0.415431E+01 -.288526E+01 -.164808E+01 0.328627E+02
 0.440844E+01 -.288877E+01 -.165302E+01 0.330087E+02
 0.416381E+01 -.289554E+01 -.165533E+01 0.339740E+02
 0.393477E+01 -.288485E+01 -.166031E+01 0.327901E+02
 0.400725E+01 -.288383E+01 -.164782E+01 0.328870E+02
 0.417055E+01 -.288386E+01 -.166142E+01 0.327812E+02
 0.421291E+01 -.287951E+01 -.167330E+01 0.330059E+02
 0.392939E+01 -.288323E+01 -.166673E+01 0.328204E+02
 0.350000E+01 -.289999E+01 -.175676E+01 0.421059E+02
 0.407132E+01 -.288280E+01 -.161891E+01 0.337694E+02
 0.336799E+01 -.288234E+01 -.166891E+01 0.328472E+02
 0.415019E+01 -.291137E+01 -.169443E+01 0.410868E+02
 0.419074E+01 -.288415E+01 -.164698E+01 0.328827E+02
 0.482522E+01 -.288140E+01 -.158573E+01 0.358847E+02
 0.416127E+01 -.288346E+01 -.166198E+01 0.327761E+02
 0.423885E+01 -.288914E+01 -.164894E+01 0.330614E+02
 0.526884E+01 -.288526E+01 -.166186E+01 0.327882E+02
 0.409463E+01 -.288399E+01 -.166670E+01 0.327963E+02
 0.417470E+01 -.288759E+01 -.166890E+01 0.329485E+02
 0.430493E+01 -.288443E+01 -.172371E+01 0.351084E+02
 0.414826E+01 -.288319E+01 -.167124E+01 0.328450E+02
 0.337799E+01 -.289607E+01 -.169604E+01 0.352329E+02
 0.443429E+01 -.288404E+01 -.166240E+01 0.327843E+02
 0.403968E+01 -.288412E+01 -.169870E+01 0.335926E+02
 0.474787E+01 -.288429E+01 -.154503E+01 0.393075E+02
 0.415576E+01 -.288116E+01 -.167152E+01 0.328794E+02
 0.439034E+01 -.288301E+01 -.167619E+01 0.328998E+02
 0.415433E+01 -.287832E+01 -.168134E+01 0.332119E+02
 0.262525E+01 -.288326E+01 -.171229E+01 0.344370E+02
 0.443477E+01 -.288356E+01 -.165653E+01 0.327950E+02
 0.393835E+01 -.288369E+01 -.169497E+01 0.334301E+02
 0.427255E+01 -.287691E+01 -.162288E+01 0.342500E+02
 0.478746E+01 -.288854E+01 -.161154E+01 0.340496E+02
 0.416126E+01 -.288228E+01 -.168853E+01 0.331812E+02
 0.414535E+01 -.288479E+01 -.169798E+01 0.335912E+02
 0.424051E+01 -.288951E+01 -.168686E+01 0.335774E+02
 0.583489E+01 -.287565E+01 -.169612E+01 0.338528E+02
 0.358470E+01 -.286503E+01 -.162555E+01 0.375251E+02
 0.371665E+01 -.288826E+01 -.159428E+01 0.349903E+02
 0.416907E+01 -.287656E+01 -.164708E+01 0.335009E+02
 0.367856E+01 -.288640E+01 -.168051E+01 0.330943E+02
 0.414637E+01 -.288405E+01 -.166130E+01 0.327728E+02
 0.415439E+01 -.288394E+01 -.166496E+01 0.327738E+02
 0.415819E+01 -.288128E+01 -.164801E+01 0.329679E+02
 0.395575E+01 -.288485E+01 -.171272E+01 0.343777E+02
 0.403234E+01 -.288378E+01 -.163269E+01 0.332096E+02
 0.423602E+01 -.288602E+01 -.165170E+01 0.328483E+02
 0.415544E+01 -.288543E+01 -.166128E+01 0.327837E+02
 0.546839E+01 -.289925E+01 -.166854E+01 0.350752E+02
 0.415610E+01 -.291103E+01 -.165429E+01 0.392937E+02
 0.430455E+01 -.287394E+01 -.161103E+01 0.354829E+02
 0.366715E+01 -.288416E+01 -.165362E+01 0.328106E+02
 0.417518E+01 -.288464E+01 -.167247E+01 0.328516E+02
 0.416382E+01 -.288448E+01 -.166965E+01 0.328275E+02
 0.415217E+01 -.287118E+01 -.167657E+01 0.342931E+02
 0.402061E+01 -.288372E+01 -.170250E+01 0.337619E+02
 0.406846E+01 -.287282E+01 -.170007E+01 0.344098E+02
 0.424481E+01 -.288335E+01 -.166092E+01 0.327840E+02
 0.415761E+01 -.288412E+01 -.166123E+01 0.327663E+02
 0.386445E+01 -.288559E+01 -.170710E+01 0.340870E+02
 0.440006E+01 -.289213E+01 -.165334E+01 0.333716E+02
 0.415167E+01 -.290816E+01 -.166643E+01 0.382997E+02
 0.415486E+01 -.286541E+01 -.171286E+01 0.367355E+02
 0.394616E+01 -.289322E+01 -.166636E+01 0.336524E+02
 0.411418E+01 -.289399E+01 -.169550E+01 0.346945E+02
 0.415407E+01 -.288482E+01 -.166134E+01 0.327718E+02
 0.290620E+01 -.287805E+01 -.167896E+01 0.332642E+02
 0.417464E+01 -.290334E+01 -.166283E+01 0.362569E+02
 0.486679E+01 -.290137E+01 -.166391E+01 0.356421E+02
 0.418682E+01 -.288501E+01 -.165911E+01 0.327819E+02
 0.405926E+01 -.289326E+01 -.175112E+01 0.392361E+02
 0.364252E+01 -.288432E+01 -.168205E+01 0.330404E+02
 0.423886E+01 -.288547E+01 -.162599E+01 0.334100E+02
 0.410124E+01 -.286903E+01 -.166097E+01 0.349194E+02
 0.413899E+01 -.288229E+01 -.166316E+01 0.327989E+02
 0.416326E+01 -.287815E+01 -.156770E+01 0.379267E+02
 0.518783E+01 -.289372E+01 -.167456E+01 0.338926E+02
 0.415130E+01 -.288579E+01 -.166002E+01 0.328184E+02
 0.377850E+01 -.287151E+01 -.162262E+01 0.354785E+02
 0.417149E+01 -.291405E+01 -.164770E+01 0.407877E+02
 0.263315E+01 -.287974E+01 -.166284E+01 0.330615E+02
 0.381054E+01 -.288185E+01 -.165934E+01 0.328417E+02
 0.408541E+01 -.287362E+01 -.166135E+01 0.337882E+02
 0.421102E+01 -.287329E+01 -.163929E+01 0.343190E+02
 0.416706E+01 -.288395E+01 -.165898E+01 0.327838E+02
 0.410859E+01 -.285533E+01 -.164622E+01 0.412351E+02
 0.416159E+01 -.288513E+01 -.167748E+01 0.329530E+02
 0.411605E+01 -.288149E+01 -.166675E+01 0.328359E+02
 0.413796E+01 -.288419E+01 -.168858E+01 0.332107E+02
 0.412078E+01 -.289660E+01 -.167828E+01 0.346450E+02
 0.414591E+01 -.287296E+01 -.163909E+01 0.344125E+02
 0.431712E+01 -.288477E+01 -.173251E+01 0.358641E+02
 0.415605E+01 -.289170E+01 -.167295E+01 0.334712E+02
 0.390439E+01 -.287582E+01 -.165326E+01 0.335117E+02
 0.415513E+01 -.289618E+01 -.165963E+01 0.341145E+02
 0.450559E+01 -.288694E+01 -.165317E+01 0.328816E+02
 0.331059E+01 -.288466E+01 -.164297E+01 0.329556E+02
 0.503905E+01 -.287930E+01 -.166069E+01 0.329782E+02
 0.413488E+01 -.288134E+01 -.166208E+01 0.328416E+02
 0.417381E+01 -.288411E+01 -.167733E+01 0.329187E+02
 0.415639E+01 -.288472E+01 -.164607E+01 0.328832E+02
 0.442725E+01 -.289113E+01 -.164047E+01 0.333703E+02
 0.415379E+01 -.290350E+01 -.165271E+01 0.361496E+02
 0.600000E+01 -.288569E+01 -.165983E+01 0.327837E+02
 0.390581E+01 -.288388E+01 -.164655E+01 0.328902E+02
 0.411493E+01 -.288419E+01 -.166083E+01 0.327765E+02
 0.421365E+01 -.288741E+01 -.167039E+01 0.329696E+02
 0.396510E+01 -.287819E+01 -.164644E+01 0.332924E+02
 0.249427E+01 -.289971E+01 -.175118E+01 0.414559E+02
 0.407849E+01 -.288359E+01 -.161991E+01 0.336988E+02
 0.359919E+01 -.288360E+01 -.169579E+01 0.334567E+02
 0.425447E+01 -.288417E+01 -.171647E+01 0.345731E+02
 0.447685E+01 -.287709E+01 -.169203E+01 0.335693E+02
 0.415609E+01 -.288512E+01 -.166116E+01 0.327767E+02
 0.425710E+01 -.290307E+01 -.164600E+01 0.360341E+02
 0.454892E+01 -.288370E+01 -.166249E+01 0.327782E+02
 0.512929E+01 -.289284E+01 -.166825E+01 0.336184E+02
 0.442305E+01 -.288430E+01 -.164815E+01 0.328749E+02
 0.424602E+01 -.288472E+01 -.165799E+01 0.327882E+02
 0.407343E+01 -.287800E+01 -.163912E+01 0.334966E+02
 0.414613E+01 -.288406E+01 -.168287E+01 0.330411E+02
 0.435594E+01 -.287862E+01 -.168478E+01 0.332741E+02
 0.431887E+01 -.288572E+01 -.166011E+01 0.328159E+02
 0.416703E+01 -.288424E+01 -.168836E+01 0.331998E+02
 0.415607E+01 -.287891E+01 -.167111E+01 0.330277E+02
 0.416797E+01 -.288000E+01 -.168551E+01 0.331719E+02
 0.454954E+01 -.287951E+01 -.166859E+01 0.329566E+02
 0.414855E+01 -.288438E+01 -.166060E+01 0.327879E+02
 0.430477E+01 -.288371E+01 -.165723E+01 0.327864E+02
 0.380337E+01 -.288377E+01 -.163643E+01 0.331204E+02
 0.423444E+01 -.288734E+01 -.161082E+01 0.340568E+02
 0.520283E+01 -.288219E+01 -.166327E+01 0.328015E+02
 0.416841E+01 -.288350E+01 -.167847E+01 0.329419E+02
 0.414452E+01 -.288458E+01 -.168973E+01 0.332614E+02
 0.532044E+01 -.288129E+01 -.165774E+01 0.328541E+02
 0.550406E+01 -.287224E+01 -.163291E+01 0.348142E+02
 0.339981E+01 -.287044E+01 -.162664E+01 0.355867E+02
 0.445010E+01 -.288151E+01 -.176010E+01 0.385491E+02
 0.412715E+01 -.289023E+01 -.164194E+01 0.332469E+02
 0.366059E+01 -.288431E+01 -.166702E+01 0.328066E+02
 0.413787E+01 -.287906E+01 -.169659E+01 0.335639E+02
 0.415150E+01 -.288402E+01 -.166112E+01 0.327861E+02
 0.415866E+01 -.288403E+01 -.166047E+01 0.327684E+02
 0.416665E+01 -.287953E+01 -.168737E+01 0.332436E+02
 0.373074E+01 -.288523E+01 -.165194E+01 0.328315E+02
 0.394245E+01 -.288398E+01 -.165212E+01 0.328183E+02
 0.421823E+01 -.288348E+01 -.165457E+01 0.328058E+02
 0.415926E+01 -.288358E+01 -.166354E+01 0.327726E+02
 0.362219E+01 -.289272E+01 -.166371E+01 0.335338E+02
 0.416870E+01 -.287138E+01 -.166251E+01 0.342828E+02
 0.412104E+01 -.288801E+01 -.163871E+01 0.331301E+02
 0.553978E+01 -.288365E+01 -.166150E+01 0.327803E+02
 0.416238E+01 -.288606E+01 -.163815E+01 0.330539E+02
 0.416848E+01 -.288410E+01 -.166465E+01 0.327882E+02
 0.417429E+01 -.291366E+01 -.167277E+01 0.411938E+02
 0.411017E+01 -.286478E+01 -.163994E+01 0.368946E+02
 0.436335E+01 -.288387E+01 -.165842E+01 0.327874E+02
 0.416061E+01 -.288407E+01 -.165901E+01 0.327704E+02
 0.308224E+01 -.288350E+01 -.160061E+01 0.346876E+02
 0.389094E+01 -.287639E+01 -.167030E+01 0.333138E+02
 0.415903E+01 -.285237E+01 -.166153E+01 0.425049E+02
 0.427255E+01 -.288675E+01 -.166922E+01 0.329043E+02
 0.414758E+01 -.290136E+01 -.163566E+01 0.355606E+02
 0.459929E+01 -.288882E+01 -.165082E+01 0.330421E+02
 0.415489E+01 -.288447E+01 -.166136E+01 0.327687E+02
 0.398689E+01 -.286971E+01 -.168166E+01 0.346853E+02
 0.416588E+01 -.287438E+01 -.169695E+01 0.340637E+02
 0.469254E+01 -.289716E+01 -.167841E+01 0.347836E+02
 0.420145E+01 -.288392E+01 -.165075E+01 0.328315E+02
 0.422735E+01 -.289739E+01 -.172065E+01 0.372851E+02
 0.361755E+01 -.286751E+01 -.168521E+01 0.353107E+02
 0.434891E+01 -.289143E+01 -.166185E+01 0.333177E+02
 0.532364E+01 -.288633E+01 -.167821E+01 0.330266E+02
 0.416682E+01 -.291504E+01 -.166032E+01 0.415530E+02
 0.422722E+01 -.288866E+01 -.166367E+01 0.330133E+02
 0.414043E+01 -.287265E+01 -.167378E+01 0.339500E+02
 0.454559E+01 -.287338E+01 -.165918E+01 0.338513E+02
 0.416402E+01 -.288310E+01 -.166196E+01 0.327884E+02
 0.401528E+01 -.288455E+01 -.166306E+01 0.327967E+02
 0.380904E+01 -.288404E+01 -.166005E+01 0.327987E+02
 0.407747E+01 -.285512E+01 -.166224E+01 0.407912E+02
 0.420114E+01 -.289057E+01 -.160835E+01 0.343218E+02
 0.430856E+01 -.288417E+01 -.165813E+01 0.327876E+02
 0.415795E+01 -.287902E+01 -.167376E+01 0.330467E+02
 0.419766E+01 -.288512E+01 -.166345E+01 0.327940E+02
 0.416257E+01 -.288406E+01 -.168545E+01 0.331057E+02
 0.414822E+01 -.289396E+01 -.166447E+01 0.337579E+02
 0.430834E+01 -.286295E+01 -.172089E+01 0.378840E+02
 0.425804E+01 -.288457E+01 -.164581E+01 0.328964E+02
 0.410161E+01 -.289822E+01 -.161667E+01 0.351679E+02
 0.414247E+01 -.289396E+01 -.170561E+01 0.352419E+02
 0.415437E+01 -.287812E+01 -.166135E+01 0.331013E+02
 0.474866E+01 -.288784E+01 -.163565E+01 0.331690E+02
 0.537002E+01 -.288272E+01 -.165141E+01 0.328532E+02
 0.547334E+01 -.287655E+01 -.165958E+01 0.332995E+02
 0.411051E+01 -.288420E+01 -.166080E+01 0.327910E+02
 0.421485E+01 -.287800E+01 -.166076E+01 0.331117E+02
 0.416477E+01 -.288438E+01 -.165100E+01 0.328262E+02
 0.415727E+01 -.288361E+01 -.166563E+01 0.327812E+02
 0.441512E+01 -.288570E+01 -.165153E+01 0.328321E+02
 0.414840E+01 -.288461E+01 -.165438E+01 0.328142E+02
 0.350000E+01 -.288460E+01 -.166039E+01 0.327850E+02
 0.390671E+01 -.288417E+01 -.166779E+01 0.328108E+02
 0.413568E+01 -.288432E+01 -.166199E+01 0.327856E+02
 0.418824E+01 -.288898E+01 -.165964E+01 0.329982E+02
 0.403330E+01 -.288179E+01 -.167905E+01 0.329638E+02
 0.499427E+01 -.288484E+01 -.157559E+01 0.363983E+02
 0.420837E+01 -.288484E+01 -.162932E+01 0.333038E+02
 0.423434E+01 -.288537E+01 -.165942E+01 0.327986E+02
 0.413578E+01 -.288412E+01 -.169486E+01 0.334361E+02
 0.416120E+01 -.286819E+01 -.165940E+01 0.352108E+02
 0.409261E+01 -.287656E+01 -.172745E+01 0.354225E+02
 0.415389E+01 -.288568E+01 -.166080E+01 0.327907E+02
 0.412985E+01 -.287484E+01 -.165526E+01 0.336236E+02
 0.380206E+01 -.288261E+01 -.166248E+01 0.327935E+02
 0.431971E+01 -.288441E+01 -.165122E+01 0.328350E+02
 0.429821E+01 -.288211E+01 -.165376E+01 0.328535E+02
 0.429865E+01 -.287440E+01 -.161456E+01 0.351740E+02
 0.416206E+01 -.288382E+01 -.167826E+01 0.329383E+02
 0.415173E+01 -.286725E+01 -.165668E+01 0.355371E+02
 0.414586E+01 -.288478E+01 -.166056E+01 0.327784E+02
 0.386067E+01 -.288444E+01 -.163372E+01 0.331665E+02
 0.384788E+01 -.288452E+01 -.177405E+01 0.406939E+02
 0.415018E+01 -.288191E+01 -.166673E+01 0.328368E+02
 0.414817E+01 -.288091E+01 -.166280E+01 0.328742E+02
 0.415233E+01 -.288881E+01 -.164522E+01 0.330801E+02
 0.413516E+01 -.288387E+01 -.166199E+01 0.327833E+02
 0.361477E+01 -.288409E+01 -.164676E+01 0.328884E+02
 0.404645E+01 -.289298E+01 -.172001E+01 0.360485E+02
 0.519854E+01 -.287889E+01 -.170148E+01 0.337563E+02
 0.416698E+01 -.288483E+01 -.164870E+01 0.328537E+02
 0.415175E+01 -.288443E+01 -.167283E+01 0.328725E+02
 0.486979E+01 -.285620E+01 -.170360E+01 0.400886E+02
 0.524951E+01 -.288185E+01 -.163605E+01 0.331951E+02
 0.412644E+01 -.289122E+01 -.163383E+01 0.335030E+02
 0.397410E+01 -.289228E+01 -.166844E+01 0.335106E+02
 0.529510E+01 -.288263E+01 -.170988E+01 0.341029E+02
 0.413457E+01 -.289459E+01 -.164001E+01 0.338879E+02
 0.388919E+01 -.288254E+01 -.165348E+01 0.328364E+02
 0.433484E+01 -.288559E+01 -.169938E+01 0.336956E+02
 0.416482E+01 -.288434E+01 -.166080E+01 0.327821E+02
 0.415726E+01 -.288405E+01 -.165923E+01 0.327690E+02
 0.415450E+01 -.288524E+01 -.168461E+01 0.331242E+02
 0.447884E+01 -.288324E+01 -.162153E+01 0.336480E+02
 0.391818E+01 -.288421E+01 -.167582E+01 0.329011E+02
 0.417789E+01 -.288249E+01 -.166391E+01 0.327936E+02
 0.415991E+01 -.288228E+01 -.166190E+01 0.327978E+02
 0.237601E+01 -.288175E+01 -.164750E+01 0.331093E+02
 0.419718E+01 -.288614E+01 -.169939E+01 0.337268E+02
 0.600000E+01 -.288322E+01 -.166705E+01 0.327845E+02
 0.415929E+01 -.288352E+01 -.163890E+01 0.330485E+02
 0.417169E+01 -.288381E+01 -.166065E+01 0.327749E+02
 0.415868E+01 -.289864E+01 -.167565E+01 0.350459E+02
 0.410738E+01 -.290125E+01 -.163273E+01 0.355578E+02
 0.412291E+01 -.289429E+01 -.168077E+01 0.341910E+02
 0.424521E+01 -.288432E+01 -.165996E+01 0.327809E+02
 0.415901E+01 -.288410E+01 -.165853E+01 0.327716E+02
 0.333940E+01 -.288143E+01 -.163737E+01 0.332022E+02
 0.401476E+01 -.287415E+01 -.167431E+01 0.336678E+02
 0.415669E+01 -.288007E+01 -.164074E+01 0.332193E+02
 0.415606E+01 -.291305E+01 -.163021E+01 0.402132E+02
 0.414976E+01 -.288008E+01 -.166316E+01 0.329266E+02
 0.417929E+01 -.287218E+01 -.160425E+01 0.363768E+02
 0.446046E+01 -.285638E+01 -.165748E+01 0.402808E+02
 0.415749E+01 -.288390E+01 -.166181E+01 0.327668E+02
 0.395253E+01 -.288533E+01 -.165852E+01 0.327998E+02
 0.416805E+01 -.286190E+01 -.167141E+01 0.373134E+02
 0.390937E+01 -.287075E+01 -.166225E+01 0.344225E+02
 0.419569E+01 -.288265E+01 -.165331E+01 0.328338E+02
 0.432378E+01 -.288799E+01 -.159213E+01 0.351297E+02
 0.421484E+01 -.289025E+01 -.167951E+01 0.334515E+02
 0.420351E+01 -.288343E+01 -.166121E+01 0.327784E+02
 0.425823E+01 -.288491E+01 -.165877E+01 0.327853E+02
 0.413398E+01 -.287222E+01 -.174445E+01 0.373017E+02
 0.394679E+01 -.288825E+01 -.161924E+01 0.337146E+02
 0.380472E+01 -.287015E+01 -.165294E+01 0.347543E+02
 0.416683E+01 -.288128E+01 -.166312E+01 0.328483E+02
 0.377143E+01 -.288137E+01 -.156336E+01 0.378018E+02
 0.415539E+01 -.288198E+01 -.165871E+01 0.328165E+02
 0.518994E+01 -.288780E+01 -.166246E+01 0.329220E+02
 0.399233E+01 -.285819E+01 -.168426E+01 0.389198E+02
 0.509411E+01 -.288580E+01 -.166088E+01 0.327975E+02
 0.405331E+01 -.287327E+01 -.166244E+01 0.338554E+02
 0.418959E+01 -.289178E+01 -.168594E+01 0.338567E+02
 0.421419E+01 -.288430E+01 -.166554E+01 0.327946E+02
 0.428734E+01 -.288062E+01 -.167214E+01 0.329115E+02
 0.414947E+01 -.287968E+01 -.165518E+01 0.330043E+02
 0.417364E+01 -.288491E+01 -.165814E+01 0.327846E+02
 0.416143E+01 -.288425E+01 -.164136E+01 0.329829E+02
 0.416955E+01 -.287376E+01 -.165231E+01 0.339014E+02
 0.440928E+01 -.290084E+01 -.170890E+01 0.374495E+02
 0.414647E+01 -.288406E+01 -.159820E+01 0.348081E+02
 0.416727E+01 -.287827E+01 -.161524E+01 0.344192E+02
 0.394590E+01 -.288886E+01 -.167119E+01 0.331148E+02
 0.422201E+01 -.286010E+01 -.170933E+01 0.384501E+02
 0.415537E+01 -.287210E+01 -.166744E+01 0.340891E+02
 0.444365E+01 -.288647E+01 -.166794E+01 0.328782E+02
 0.476972E+01 -.288271E+01 -.167384E+01 0.328636E+02
 0.495043E+01 -.288585E+01 -.165853E+01 0.328120E+02
 0.415675E+01 -.288635E+01 -.166020E+01 0.328139E+02
 0.412889E+01 -.288475E+01 -.163385E+01 0.331589E+02
 0.415520E+01 -.288407E+01 -.167349E+01 0.328575E+02
 0.434319E+01 -.287716E+01 -.166665E+01 0.331933E+02
 0.415546E+01 -.286964E+01 -.165952E+01 0.347794E+02
 0.404899E+01 -.288487E+01 -.166064E+01 0.327866E+02
 0.430457E+01 -.288411E+01 -.167392E+01 0.328673E+02
 0.418053E+01 -.288402E+01 -.166198E+01 0.327717E+02
 0.417721E+01 -.288614E+01 -.166099E+01 0.328146E+02
 0.403562E+01 -.288649E+01 -.167309E+01 0.329436E+02
 0.413289E+01 -.288299E+01 -.166875E+01 0.328151E+02
 0.418860E+01 -.288586E+01 -.163458E+01 0.331352E+02
 0.407994E+01 -.288409E+01 -.156558E+01 0.373225E+02
 0.435373E+01 -.287820E+01 -.164947E+01 0.332340E+02
 0.415521E+01 -.288340E+01 -.166192E+01 0.327707E+02
 0.418819E+01 -.288622E+01 -.165506E+01 0.328237E+02
 0.436045E+01 -.288386E+01 -.166108E+01 0.327833E+02
 0.427548E+01 -.288441E+01 -.166382E+01 0.327807E+02
 0.418013E+01 -.288266E+01 -.165475E+01 0.328179E+02
 0.442322E+01 -.288873E+01 -.166622E+01 0.330351E+02
 0.415758E+01 -.288292E+01 -.165543E+01 0.328056E+02
 0.373654E+01 -.287414E+01 -.165694E+01 0.337511E+02
 0.422518E+01 -.288247E+01 -.166150E+01 0.327977E+02
 0.439491E+01 -.290166E+01 -.162929E+01 0.357266E+02
 0.406015E+01 -.288435E+01 -.162658E+01 0.333965E+02
 0.415593E+01 -.287594E+01 -.165221E+01 0.335066E+02
 0.414544E+01 -.288351E+01 -.164852E+01 0.328655E+02
 0.384428E+01 -.288423E+01 -.165829E+01 0.327807E+02
 0.415578E+01 -.288652E+01 -.166058E+01 0.328219E+02
 0.403983E+01 -.288428E+01 -.166534E+01 0.327952E+02
 0.412912E+01 -.288361E+01 -.167141E+01 0.328417E+02
 0.403252E+01 -.288150E+01 -.171997E+01 0.347326E+02
 0.516841E+01 -.288165E+01 -.167080E+01 0.328514E+02
 0.417338E+01 -.288497E+01 -.164203E+01 0.329633E+02
 0.416952E+01 -.288408E+01 -.165109E+01 0.328283E+02
 0.349689E+01 -.288903E+01 -.167306E+01 0.331634E+02
 0.339729E+01 -.290049E+01 -.168308E+01 0.359027E+02
 0.441513E+01 -.290032E+01 -.169185E+01 0.362265E+02
 0.462297E+01 -.288839E+01 -.160724E+01 0.342622E+02
 0.416982E+01 -.287698E+01 -.167240E+01 0.332428E+02
 0.410612E+01 -.288405E+01 -.166910E+01 0.328231E+02
 0.281776E+01 -.287133E+01 -.156679E+01 0.397713E+02
 0.416359E+01 -.288426E+01 -.166081E+01 0.327817E+02
 0.415397E+01 -.288405E+01 -.166215E+01 0.327671E+02
 0.414997E+01 -.288434E+01 -.161717E+01 0.337963E+02
 0.438427E+01 -.288194E+01 -.167258E+01 0.328636E+02
 0.403928E+01 -.288417E+01 -.165338E+01 0.328195E+02
 0.413347E+01 -.288370E+01 -.167044E+01 0.328314E+02
 0.415727E+01 -.288424E+01 -.166133E+01 0.327666E+02
 0.368306E+01 -.288225E+01 -.164932E+01 0.329019E+02
 0.418670E+01 -.289959E+01 -.170509E+01 0.367499E+02
 0.410789E+01 -.288401E+01 -.165877E+01 0.327895E+02
 0.419360E+01 -.288304E+01 -.166643E+01 0.327986E+02
 0.417278E+01 -.288367E+01 -.165776E+01 0.327826E+02
 0.414945E+01 -.287421E+01 -.167326E+01 0.336654E+02
 0.408142E+01 -.288459E+01 -.166212E+01 0.327836E+02
 0.415532E+01 -.288414E+01 -.165998E+01 0.327677E+02
 0.397483E+01 -.287939E+01 -.168465E+01 0.331861E+02
 0.464900E+01 -.288238E+01 -.164967E+01 0.328894E+02
 0.416320E+01 -.285655E+01 -.163269E+01 0.412134E+02
 0.415582E+01 -.291590E+01 -.164346E+01 0.417053E+02
 0.403206E+01 -.287982E+01 -.166668E+01 0.329311E+02
 0.416392E+01 -.286779E+01 -.165547E+01 0.353952E+02
 0.444220E+01 -.286095E+01 -.165773E+01 0.379588E+02
 0.415954E+01 -.288357E+01 -.166163E+01 0.327705E+02
 0.411763E+01 -.289711E+01 -.164296E+01 0.343674E+02
 0.416377E+01 -.289244E+01 -.164711E+01 0.334393E+02
 0.363527E+01 -.287253E+01 -.165347E+01 0.341304E+02
 0.415142E+01 -.288395E+01 -.166117E+01 0.327861E+02
 0.418599E+01 -.287629E+01 -.168152E+01 0.334267E+02
 0.401975E+01 -.288502E+01 -.163974E+01 0.330137E+02
 0.416228E+01 -.290228E+01 -.168211E+01 0.364273E+02
 0.422865E+01 -.285978E+01 -.166191E+01 0.383642E+02
 0.414829E+01 -.288144E+01 -.165768E+01 0.328628E+02
 0.408037E+01 -.287270E+01 -.166489E+01 0.339510E+02
 0.414809E+01 -.288511E+01 -.165992E+01 0.328004E+02
 0.405036E+01 -.288821E+01 -.165487E+01 0.329468E+02
 0.415366E+01 -.288350E+01 -.166256E+01 0.327700E+02
 0.415462E+01 -.291221E+01 -.166663E+01 0.401655E+02
 0.300705E+01 -.288492E+01 -.166092E+01 0.328225E+02
 0.515232E+01 -.288456E+01 -.165906E+01 0.327793E+02
 0.418425E+01 -.288427E+01 -.161325E+01 0.339601E+02
 0.400162E+01 -.290166E+01 -.166099E+01 0.356783E+02
 0.416038E+01 -.287798E+01 -.171898E+01 0.347444E+02
 0.409262E+01 -.288416E+01 -.166625E+01 0.327946E+02
 0.426254E+01 -.290646E+01 -.170068E+01 0.391348E+02
 0.414389E+01 -.288722E+01 -.164960E+01 0.329096E+02
 0.413775E+01 -.288424E+01 -.165748E+01 0.327790E+02
 0.414042E+01 -.288452E+01 -.161590E+01 0.338300E+02
 0.415292E+01 -.288149E+01 -.165146E+01 0.329133E+02
 0.437372E+01 -.291184E+01 -.163385E+01 0.396565E+02
 0.411449E+01 -.288423E+01 -.159500E+01 0.350121E+02
 0.419034E+01 -.288150E+01 -.167866E+01 0.329697E+02
 0.391721E+01 -.289077E+01 -.177963E+01 0.426419E+02
 0.421739E+01 -.286844E+01 -.164592E+01 0.354055E+02
 0.415162E+01 -.288061E+01 -.166536E+01 0.328935E+02
 0.395695E+01 -.288244E+01 -.168319E+01 0.330527E+02
 0.324984E+01 -.288478E+01 -.166466E+01 0.328149E+02
 0.348330E+01 -.289086E+01 -.165805E+01 0.332150E+02
 0.414475E+01 -.288269E+01 -.166070E+01 0.327889E+02
 0.414056E+01 -.288445E+01 -.163988E+01 0.330091E+02
 0.415556E+01 -.288451E+01 -.166294E+01 0.327708E+02
 0.422430E+01 -.287742E+01 -.166751E+01 0.331648E+02
 0.416204E+01 -.287766E+01 -.165858E+01 0.331807E+02
 0.557115E+01 -.288555E+01 -.166113E+01 0.327921E+02
 0.441389E+01 -.288403E+01 -.166832E+01 0.328136E+02
 0.417724E+01 -.288378E+01 -.166189E+01 0.327720E+02
 0.416133E+01 -.288313E+01 -.166207E+01 0.327808E+02
 0.401773E+01 -.288818E+01 -.165709E+01 0.329411E+02
 0.409017E+01 -.288148E+01 -.168317E+01 0.330540E+02
 0.336746E+01 -.288262E+01 -.163311E+01 0.332527E+02
 0.410060E+01 -.288418E+01 -.157288E+01 0.366823E+02
 0.415004E+01 -.287281E+01 -.167378E+01 0.339305E+02
 0.479387E+01 -.288470E+01 -.159829E+01 0.347696E+02
 0.415855E+01 -.288275E+01 -.166197E+01 0.327843E+02
 0.419372E+01 -.289356E+01 -.165875E+01 0.336101E+02
 0.487878E+01 -.288468E+01 -.166036E+01 0.327821E+02
 0.467804E+01 -.288402E+01 -.167071E+01 0.328209E+02
 0.413442E+01 -.288740E+01 -.166869E+01 0.329572E+02
 0.444217E+01 -.289326E+01 -.170347E+01 0.349603E+02
 0.415419E+01 -.288347E+01 -.164371E+01 0.329475E+02
 0.367882E+01 -.288373E+01 -.166493E+01 0.327946E+02
 0.434916E+01 -.288323E+01 -.166198E+01 0.327941E+02
 0.419091E+01 -.288429E+01 -.169181E+01 0.333147E+02
 0.526587E+01 -.288382E+01 -.170676E+01 0.339632E+02
 0.414930E+01 -.288333E+01 -.163956E+01 0.330559E+02
 0.374444E+01 -.288660E+01 -.165884E+01 0.328513E+02
 0.415666E+01 -.288334E+01 -.167271E+01 0.328445E+02
 0.407742E+01 -.288443E+01 -.166399E+01 0.327835E+02
 0.451748E+01 -.288357E+01 -.168140E+01 0.329999E+02
 0.411467E+01 -.288693E+01 -.162593E+01 0.334259E+02
 0.415979E+01 -.287504E+01 -.160204E+01 0.358215E+02
 0.443212E+01 -.288774E+01 -.163785E+01 0.331292E+02
 0.417767E+01 -.288019E+01 -.168988E+01 0.332762E+02
 0.417295E+01 -.288440E+01 -.165212E+01 0.328209E+02
 0.295001E+01 -.289086E+01 -.166895E+01 0.333165E+02
 0.453834E+01 -.287219E+01 -.166931E+01 0.340237E+02
 0.379647E+01 -.286677E+01 -.170855E+01 0.361386E+02
 0.397055E+01 -.289967E+01 -.169639E+01 0.362764E+02
 0.446139E+01 -.288855E+01 -.158281E+01 0.357768E+02
 0.413162E+01 -.287971E+01 -.167820E+01 0.330440E+02
 0.422758E+01 -.288558E+01 -.166968E+01 0.328676E+02
 0.409206E+01 -.288728E+01 -.167552E+01 0.330392E+02
 0.414898E+01 -.288404E+01 -.166130E+01 0.327862E+02
 0.415478E+01 -.288401E+01 -.166344E+01 0.327694E+02
 0.416974E+01 -.288034E+01 -.162300E+01 0.337907E+02
 0.370654E+01 -.288559E+01 -.168602E+01 0.332005E+02
 0.415184E+01 -.288393E+01 -.163729E+01 0.330929E+02
 0.419293E+01 -.288450E+01 -.166780E+01 0.328090E+02
 0.415570E+01 -.288567E+01 -.166078E+01 0.327903E+02
 0.487144E+01 -.288508E+01 -.166434E+01 0.328021E+02
 0.416044E+01 -.287695E+01 -.167310E+01 0.332569E+02
 0.396605E+01 -.288436E+01 -.165909E+01 0.327836E+02
 0.417445E+01 -.288438E+01 -.168170E+01 0.330176E+02
 0.415915E+01 -.288373E+01 -.166320E+01 0.327711E+02
 0.415045E+01 -.286651E+01 -.167879E+01 0.355779E+02
 0.442265E+01 -.291498E+01 -.166250E+01 0.416505E+02
 0.398429E+01 -.289979E+01 -.174603E+01 0.406597E+02
 0.414137E+01 -.286001E+01 -.167216E+01 0.381253E+02
 0.418242E+01 -.288421E+01 -.166252E+01 0.327731E+02
 0.415405E+01 -.288414E+01 -.166223E+01 0.327673E+02
 0.395680E+01 -.287374E+01 -.154032E+01 0.418855E+02
 0.344963E+01 -.287726E+01 -.167886E+01 0.332927E+02
 0.440733E+01 -.288929E+01 -.164446E+01 0.331261E+02
 0.413454E+01 -.288892E+01 -.167034E+01 0.331127E+02
 0.415771E+01 -.287834E+01 -.170033E+01 0.337515E+02
 0.402554E+01 -.288611E+01 -.166714E+01 0.328582E+02
 0.413339E+01 -.289059E+01 -.171029E+01 0.349068E+02
 0.415738E+01 -.288362E+01 -.166136E+01 0.327690E+02
 0.400065E+01 -.288463E+01 -.164562E+01 0.329002E+02
 0.416046E+01 -.290705E+01 -.163786E+01 0.374630E+02
 0.424785E+01 -.290008E+01 -.166765E+01 0.353155E+02
 0.430534E+01 -.288487E+01 -.166717E+01 0.328068E+02
 0.412294E+01 -.289095E+01 -.169985E+01 0.343559E+02
 0.414129E+01 -.288828E+01 -.165649E+01 0.329395E+02
 0.404967E+01 -.288073E+01 -.161344E+01 0.342104E+02
 0.415045E+01 -.287207E+01 -.166127E+01 0.341338E+02
 0.420449E+01 -.288554E+01 -.165788E+01 0.327988E+02
 0.416760E+01 -.289469E+01 -.159769E+01 0.353358E+02
 0.425759E+01 -.290438E+01 -.157187E+01 0.391306E+02
 0.469518E+01 -.289079E+01 -.166506E+01 0.332408E+02
 0.415032E+01 -.288598E+01 -.165969E+01 0.328252E+02
 0.416472E+01 -.286109E+01 -.166619E+01 0.377286E+02
 0.301027E+01 -.289423E+01 -.165488E+01 0.337433E+02
 0.472772E+01 -.288322E+01 -.166038E+01 0.327851E+02
 0.411666E+01 -.289970E+01 -.166064E+01 0.350920E+02
 0.414230E+01 -.287644E+01 -.153889E+01 0.413148E+02
 0.431563E+01 -.288401E+01 -.165961E+01 0.327816E+02
 0.419176E+01 -.287487E+01 -.165537E+01 0.336292E+02
 0.414713E+01 -.288606E+01 -.166389E+01 0.328228E+02
 0.412146E+01 -.288371E+01 -.166134E+01 0.327838E+02
 0.412706E+01 -.288418E+01 -.164769E+01 0.328816E+02
 0.413221E+01 -.288956E+01 -.166584E+01 0.331216E+02
 0.406052E+01 -.289555E+01 -.164863E+01 0.339837E+02
 0.422367E+01 -.288444E+01 -.171470E+01 0.344825E+02
 0.416937E+01 -.288608E+01 -.170764E+01 0.341495E+02
 0.402886E+01 -.287990E+01 -.164838E+01 0.330629E+02
 0.415887E+01 -.288738E+01 -.163237E+01 0.332273E+02
 0.415228E+01 -.289240E+01 -.166028E+01 0.334483E+02
 0.396046E+01 -.288064E+01 -.164851E+01 0.330042E+02
 0.299192E+01 -.288547E+01 -.165332E+01 0.328480E+02
 0.357236E+01 -.288697E+01 -.165926E+01 0.328596E+02
 0.415196E+01 -.288052E+01 -.166136E+01 0.329003E+02
 0.415820E+01 -.288422E+01 -.166302E+01 0.327688E+02
 0.415762E+01 -.288435E+01 -.165318E+01 0.328025E+02
 0.443570E+01 -.288985E+01 -.165457E+01 0.331056E+02
 0.416188E+01 -.289329E+01 -.166045E+01 0.335679E+02
 0.518486E+01 -.288560E+01 -.166025E+01 0.327976E+02
 0.425804E+01 -.288396E+01 -.164982E+01 0.328447E+02
 0.413590E+01 -.288409E+01 -.166168E+01 0.327822E+02
 0.414561E+01 -.288213E+01 -.166177E+01 0.328042E+02
 0.406915E+01 -.288605E+01 -.164978E+01 0.328688E+02
 0.447156E+01 -.289919E+01 -.170927E+01 0.369160E+02
 0.413170E+01 -.288075E+01 -.166086E+01 0.328785E+02
 0.470243E+01 -.286001E+01 -.168389E+01 0.380776E+02
 0.352679E+01 -.288072E+01 -.168144E+01 0.330691E+02
 0.424624E+01 -.288418E+01 -.178260E+01 0.419671E+02
 0.414637E+01 -.290832E+01 -.168065E+01 0.388447E+02
 0.446620E+01 -.288410E+01 -.160104E+01 0.346519E+02
 0.416009E+01 -.288359E+01 -.166190E+01 0.327704E+02
 0.416441E+01 -.288656E+01 -.166161E+01 0.328439E+02
 0.432870E+01 -.288429E+01 -.166263E+01 0.327771E+02
 0.439402E+01 -.291313E+01 -.167064E+01 0.408389E+02
 0.479309E+01 -.288383E+01 -.166014E+01 0.327715E+02
 0.427425E+01 -.288617E+01 -.166352E+01 0.328298E+02
 0.406891E+01 -.288416E+01 -.164049E+01 0.330003E+02
 0.415790E+01 -.288398E+01 -.165169E+01 0.328186E+02
 0.366843E+01 -.289154E+01 -.166861E+01 0.334052E+02
 0.437461E+01 -.288479E+01 -.166105E+01 0.327886E+02
 0.408163E+01 -.289644E+01 -.161020E+01 0.350454E+02
 0.412303E+01 -.288424E+01 -.167896E+01 0.329676E+02
 0.415937E+01 -.288404E+01 -.168666E+01 0.331371E+02
 0.437875E+01 -.288376E+01 -.166085E+01 0.327730E+02
 0.415365E+01 -.288195E+01 -.166975E+01 0.328374E+02
 0.413148E+01 -.288446E+01 -.165961E+01 0.327874E+02
 0.364812E+01 -.288366E+01 -.168329E+01 0.330589E+02
 0.421030E+01 -.287311E+01 -.163987E+01 0.343412E+02
 0.455852E+01 -.288967E+01 -.166491E+01 0.331071E+02
 0.417589E+01 -.288057E+01 -.168989E+01 0.332602E+02
 0.415699E+01 -.288476E+01 -.166114E+01 0.327714E+02
 0.410940E+01 -.287330E+01 -.171629E+01 0.350688E+02
 0.416986E+01 -.288182E+01 -.164919E+01 0.329195E+02
 0.500719E+01 -.286740E+01 -.165260E+01 0.355747E+02
 0.389040E+01 -.287340E+01 -.165457E+01 0.339355E+02
 0.450120E+01 -.288847E+01 -.165543E+01 0.329695E+02
 0.410716E+01 -.288788E+01 -.164604E+01 0.330008E+02
 0.406681E+01 -.288429E+01 -.165977E+01 0.327882E+02
 0.439606E+01 -.288232E+01 -.153983E+01 0.400856E+02
 0.415186E+01 -.288419E+01 -.166144E+01 0.327866E+02
 0.415520E+01 -.288398E+01 -.166357E+01 0.327697E+02
 0.417685E+01 -.288237E+01 -.167399E+01 0.328684E+02
 0.396575E+01 -.288552E+01 -.167065E+01 0.328726E+02
 0.420870E+01 -.288395E+01 -.164864E+01 0.328660E+02
 0.418561E+01 -.288489E+01 -.165811E+01 0.327819E+02
 0.415744E+01 -.288383E+01 -.166169E+01 0.327670E+02
 0.510215E+01 -.288682E+01 -.167167E+01 0.329352E+02
 0.413874E+01 -.286461E+01 -.163683E+01 0.371256E+02
 0.408531E+01 -.286776E+01 -.162699E+01 0.364125E+02
 0.517282E+01 -.288411E+01 -.166338E+01 0.327737E+02
 0.416246E+01 -.288617E+01 -.165959E+01 0.328124E+02
 0.414753E+01 -.288412E+01 -.166709E+01 0.328112E+02
 0.416836E+01 -.289065E+01 -.166159E+01 0.331971E+02
 0.405164E+01 -.287776E+01 -.164564E+01 0.333664E+02
 0.420450E+01 -.288885E+01 -.163868E+01 0.331674E+02
 0.424590E+01 -.288392E+01 -.166162E+01 0.327810E+02
 0.416058E+01 -.288412E+01 -.166134E+01 0.327681E+02
 0.324265E+01 -.288364E+01 -.164717E+01 0.329010E+02
 0.420607E+01 -.289228E+01 -.164728E+01 0.334121E+02
 0.411761E+01 -.291068E+01 -.167238E+01 0.396939E+02
 0.415800E+01 -.285936E+01 -.171990E+01 0.392614E+02
 0.418326E+01 -.288853E+01 -.166273E+01 0.329710E+02
 0.416048E+01 -.288533E+01 -.168380E+01 0.330975E+02
 0.415587E+01 -.288433E+01 -.166112E+01 0.327670E+02
 0.386835E+01 -.287485E+01 -.167052E+01 0.335477E+02
 0.417288E+01 -.288357E+01 -.169038E+01 0.332462E+02
 0.458469E+01 -.289710E+01 -.167248E+01 0.345978E+02
 0.430391E+01 -.288345E+01 -.166633E+01 0.327920E+02
 0.421397E+01 -.289852E+01 -.166588E+01 0.348274E+02
 0.430341E+01 -.287972E+01 -.165649E+01 0.329749E+02
 0.412434E+01 -.290382E+01 -.166074E+01 0.364476E+02
 0.421635E+01 -.288793E+01 -.165951E+01 0.329243E+02
 0.415148E+01 -.288459E+01 -.166136E+01 0.327899E+02
 0.438754E+01 -.286677E+01 -.168749E+01 0.355658E+02
 0.483703E+01 -.288166E+01 -.166989E+01 0.328917E+02
 0.415847E+01 -.288485E+01 -.165916E+01 0.327743E+02
 0.377164E+01 -.288640E+01 -.159409E+01 0.349982E+02
 0.418131E+01 -.285857E+01 -.165614E+01 0.391436E+02
 0.478542E+01 -.288363E+01 -.166167E+01 0.327719E+02
 0.447893E+01 -.290860E+01 -.156456E+01 0.410892E+02
 0.412875E+01 -.288305E+01 -.165983E+01 0.327896E+02
 0.402835E+01 -.288733E+01 -.166160E+01 0.329035E+02
 0.415088E+01 -.288958E+01 -.152724E+01 0.410496E+02
 0.433326E+01 -.288415E+01 -.165714E+01 0.327868E+02
 0.415819E+01 -.285935E+01 -.164129E+01 0.393338E+02
 0.415371E+01 -.288119E+01 -.167454E+01 0.329175E+02
 0.414648E+01 -.288403E+01 -.166026E+01 0.327731E+02
 0.416399E+01 -.288419E+01 -.169143E+01 0.333015E+02
 0.412452E+01 -.289120E+01 -.167327E+01 0.334439E+02
 0.401179E+01 -.287181E+01 -.168895E+01 0.342939E+02
 0.428787E+01 -.288441E+01 -.166196E+01 0.327884E+02
 0.415897E+01 -.288624E+01 -.171442E+01 0.345699E+02
 0.398982E+01 -.287782E+01 -.156627E+01 0.381379E+02
 0.411330E+01 -.289824E+01 -.165386E+01 0.346052E+02
 0.415546E+01 -.287541E+01 -.166070E+01 0.334841E+02
 0.451841E+01 -.288168E+01 -.162799E+01 0.334672E+02
 0.367740E+01 -.288540E+01 -.166227E+01 0.328075E+02
 0.476842E+01 -.287946E+01 -.166094E+01 0.329661E+02
 0.416069E+01 -.288254E+01 -.166122E+01 0.327903E+02
 0.408220E+01 -.288514E+01 -.174871E+01 0.374982E+02
 0.417150E+01 -.288395E+01 -.168012E+01 0.329721E+02
 0.415836E+01 -.288420E+01 -.165143E+01 0.328192E+02
 0.453115E+01 -.289139E+01 -.164314E+01 0.333551E+02
 0.415935E+01 -.289925E+01 -.165742E+01 0.348641E+02
 0.458389E+01 -.288438E+01 -.165935E+01 0.327797E+02
 0.396435E+01 -.288410E+01 -.165139E+01 0.328295E+02
 0.413784E+01 -.288419E+01 -.166134E+01 0.327728E+02
 0.415485E+01 -.288283E+01 -.166110E+01 0.327812E+02
 0.401454E+01 -.287911E+01 -.166357E+01 0.329973E+02
 0.469239E+01 -.289651E+01 -.151723E+01 0.425685E+02
 0.415797E+01 -.288412E+01 -.164551E+01 0.329023E+02
 0.454636E+01 -.288183E+01 -.169047E+01 0.332491E+02
 0.418826E+01 -.288414E+01 -.169852E+01 0.335759E+02
 0.416335E+01 -.288216E+01 -.165488E+01 0.328378E+02
 0.420760E+01 -.288121E+01 -.165731E+01 0.328724E+02
 0.415985E+01 -.288431E+01 -.166180E+01 0.327690E+02
 0.414502E+01 -.287916E+01 -.165591E+01 0.330296E+02
 0.384726E+01 -.288396E+01 -.166342E+01 0.327930E+02
 0.411815E+01 -.288383E+01 -.165282E+01 0.328142E+02
 0.420358E+01 -.288048E+01 -.165152E+01 0.329721E+02
 0.380067E+01 -.287724E+01 -.161621E+01 0.345358E+02
 0.416023E+01 -.288315E+01 -.166125E+01 0.327761E+02
 0.395999E+01 -.288478E+01 -.166050E+01 0.327870E+02
 0.425582E+01 -.288400E+01 -.166083E+01 0.327806E+02
 0.391122E+01 -.288433E+01 -.163951E+01 0.330249E+02
 0.414574E+01 -.285677E+01 -.163969E+01 0.407190E+02
 0.324426E+01 -.288499E+01 -.156906E+01 0.369217E+02
 0.415882E+01 -.288390E+01 -.167534E+01 0.328845E+02
 0.460548E+01 -.288206E+01 -.166284E+01 0.328057E+02
 0.415089E+01 -.288445E+01 -.165595E+01 0.328035E+02
 0.419997E+01 -.288396E+01 -.165729E+01 0.327837E+02
 0.291992E+01 -.288369E+01 -.168148E+01 0.330659E+02
 0.408182E+01 -.291358E+01 -.167343E+01 0.412013E+02
 0.409543E+01 -.289158E+01 -.171372E+01 0.352834E+02
 0.480087E+01 -.288785E+01 -.168363E+01 0.332689E+02
 0.415971E+01 -.288478E+01 -.161793E+01 0.337250E+02
 0.414543E+01 -.288483E+01 -.166800E+01 0.328123E+02
 0.521954E+01 -.288053E+01 -.164422E+01 0.330867E+02
 0.453965E+01 -.287829E+01 -.165748E+01 0.330956E+02
 0.391301E+01 -.288551E+01 -.162671E+01 0.333777E+02
 0.432990E+01 -.288353E+01 -.171692E+01 0.345706E+02
 0.415206E+01 -.289285E+01 -.164288E+01 0.335641E+02
 0.398440E+01 -.288311E+01 -.165322E+01 0.328243E+02
 0.415419E+01 -.287193E+01 -.166710E+01 0.341242E+02
 0.395045E+01 -.288658E+01 -.153838E+01 0.398442E+02
 0.415724E+01 -.288423E+01 -.166031E+01 0.327675E+02
 0.415751E+01 -.288394E+01 -.166120E+01 0.327665E+02
 0.418191E+01 -.288441E+01 -.169732E+01 0.335344E+02
 0.430189E+01 -.288314E+01 -.164759E+01 0.328948E+02
 0.393381E+01 -.288419E+01 -.167782E+01 0.329481E+02
 0.416153E+01 -.288517E+01 -.165492E+01 0.328004E+02
 0.415884E+01 -.288306E+01 -.166205E+01 0.327776E+02
 0.497842E+01 -.288653E+01 -.165592E+01 0.328394E+02
 0.353930E+01 -.285611E+01 -.166618E+01 0.401867E+02
 0.414915E+01 -.287704E+01 -.164899E+01 0.334003E+02
 0.410573E+01 -.289477E+01 -.161469E+01 0.345726E+02
 0.464478E+01 -.288393E+01 -.166409E+01 0.327870E+02
 0.417819E+01 -.288475E+01 -.164770E+01 0.328710E+02
 0.416073E+01 -.288425E+01 -.165862E+01 0.327712E+02
 0.416781E+01 -.290595E+01 -.164841E+01 0.370628E+02
 0.420775E+01 -.289244E+01 -.166095E+01 0.334520E+02
 0.413457E+01 -.290056E+01 -.165410E+01 0.352830E+02
 0.417911E+01 -.288398E+01 -.166162E+01 0.327723E+02
 0.416108E+01 -.288411E+01 -.166042E+01 0.327731E+02
 0.568647E+01 -.287689E+01 -.160134E+01 0.354731E+02
 0.425205E+01 -.288863E+01 -.162975E+01 0.333751E+02
 0.420658E+01 -.288632E+01 -.166926E+01 0.328783E+02
 0.416710E+01 -.288893E+01 -.163345E+01 0.332898E+02
 0.441645E+01 -.288770E+01 -.153430E+01 0.402479E+02
 0.415486E+01 -.291025E+01 -.165088E+01 0.388824E+02
 0.414493E+01 -.288954E+01 -.166871E+01 0.331330E+02
 0.418027E+01 -.288085E+01 -.165260E+01 0.329360E+02
 0.534004E+01 -.288432E+01 -.165484E+01 0.328029E+02
 0.415652E+01 -.287150E+01 -.165841E+01 0.343100E+02
 0.415787E+01 -.288410E+01 -.166206E+01 0.327669E+02
 0.382977E+01 -.288340E+01 -.168150E+01 0.330175E+02
 0.418146E+01 -.286728E+01 -.167927E+01 0.353519E+02
 0.421215E+01 -.288476E+01 -.167385E+01 0.328881E+02
 0.416082E+01 -.288294E+01 -.165693E+01 0.327955E+02
 0.434294E+01 -.289406E+01 -.163083E+01 0.339479E+02
 0.414178E+01 -.290127E+01 -.166632E+01 0.356319E+02
 0.430729E+01 -.289228E+01 -.168418E+01 0.338980E+02
 0.505094E+01 -.286706E+01 -.166010E+01 0.355279E+02
 0.417834E+01 -.287780E+01 -.166123E+01 0.331355E+02
 0.422562E+01 -.288652E+01 -.166136E+01 0.328491E+02
 0.414321E+01 -.287648E+01 -.170923E+01 0.343112E+02
 0.418965E+01 -.287893E+01 -.176483E+01 0.390822E+02
 0.408801E+01 -.287704E+01 -.166403E+01 0.332214E+02
 0.416274E+01 -.288374E+01 -.165935E+01 0.327762E+02
 0.418037E+01 -.290137E+01 -.165596E+01 0.355050E+02
 0.600000E+01 -.288569E+01 -.166240E+01 0.327870E+02
 0.432579E+01 -.285516E+01 -.167148E+01 0.405621E+02
 0.415737E+01 -.288373E+01 -.166054E+01 0.327678E+02
 0.418252E+01 -.288280E+01 -.158265E+01 0.359897E+02
 0.405059E+01 -.287171E+01 -.166281E+01 0.341979E+02
 0.416460E+01 -.288426E+01 -.166026E+01 0.327819E+02
 0.428880E+01 -.289218E+01 -.168655E+01 0.339631E+02
 0.415587E+01 -.288179E+01 -.167003E+01 0.328450E+02
 0.416587E+01 -.288433E+01 -.165984E+01 0.327826E+02
 0.418463E+01 -.288435E+01 -.168041E+01 0.329868E+02
 0.418398E+01 -.289022E+01 -.165405E+01 0.331278E+02
 0.457877E+01 -.287189E+01 -.168219E+01 0.341684E+02
 0.426727E+01 -.288434E+01 -.162197E+01 0.335782E+02
 0.417153E+01 -.288250E+01 -.164892E+01 0.328927E+02
 0.399592E+01 -.288963E+01 -.173701E+01 0.369022E+02
 0.418594E+01 -.287928E+01 -.164954E+01 0.331022E+02
 0.415686E+01 -.287447E+01 -.166492E+01 0.336201E+02
 0.465323E+01 -.288520E+01 -.166241E+01 0.328503E+02
 0.444117E+01 -.288496E+01 -.166798E+01 0.328198E+02
 0.518134E+01 -.288257E+01 -.166065E+01 0.327927E+02
 0.416277E+01 -.288497E+01 -.166055E+01 0.327800E+02
 0.440796E+01 -.288560E+01 -.176349E+01 0.393400E+02
 0.414830E+01 -.288419E+01 -.165059E+01 0.328487E+02
 0.415851E+01 -.288398E+01 -.165384E+01 0.327988E+02
 0.440440E+01 -.288311E+01 -.166948E+01 0.328243E+02
 0.415335E+01 -.288486E+01 -.165886E+01 0.327919E+02
 0.367781E+01 -.288335E+01 -.165915E+01 0.327902E+02
 0.412493E+01 -.288411E+01 -.167479E+01 0.328885E+02
 0.415360E+01 -.288415E+01 -.166145E+01 0.327899E+02
 0.416839E+01 -.288370E+01 -.166128E+01 0.327819E+02
 0.394382E+01 -.288134E+01 -.167342E+01 0.329006E+02
 0.418178E+01 -.286627E+01 -.162423E+01 0.370998E+02
 0.519831E+01 -.288849E+01 -.162865E+01 0.333944E+02
 0.413520E+01 -.288596E+01 -.165961E+01 0.328207E+02
 0.353989E+01 -.288762E+01 -.167576E+01 0.330733E+02
 0.409705E+01 -.288180E+01 -.169355E+01 0.333550E+02
 0.413855E+01 -.288410E+01 -.156495E+01 0.373642E+02
 0.417087E+01 -.286263E+01 -.164451E+01 0.376407E+02
 0.389692E+01 -.286680E+01 -.166951E+01 0.355147E+02
 0.397413E+01 -.288201E+01 -.170158E+01 0.336809E+02
 0.415932E+01 -.288473E+01 -.166152E+01 0.327724E+02
 0.419948E+01 -.287488E+01 -.165353E+01 0.336581E+02
 0.421221E+01 -.288427E+01 -.166288E+01 0.327831E+02
 0.363943E+01 -.288416E+01 -.165398E+01 0.328116E+02
 0.411214E+01 -.288052E+01 -.165328E+01 0.329503E+02
 0.399182E+01 -.288181E+01 -.161952E+01 0.338354E+02
 0.415870E+01 -.288329E+01 -.166844E+01 0.328002E+02
 0.426460E+01 -.287952E+01 -.165493E+01 0.330050E+02
 0.435330E+01 -.288349E+01 -.166175E+01 0.327826E+02
 0.387225E+01 -.288670E+01 -.163139E+01 0.332377E+02
 0.404735E+01 -.288430E+01 -.166632E+01 0.328076E+02
 0.415072E+01 -.288300E+01 -.164390E+01 0.329750E+02
 0.407882E+01 -.288489E+01 -.166284E+01 0.327867E+02
 0.415625E+01 -.288593E+01 -.165564E+01 0.328091E+02
 0.412878E+01 -.288362E+01 -.166005E+01 0.327827E+02
 0.379779E+01 -.288380E+01 -.165439E+01 0.328057E+02
 0.409181E+01 -.289404E+01 -.162227E+01 0.341791E+02
 0.407192E+01 -.288423E+01 -.167837E+01 0.329563E+02
 0.414654E+01 -.288426E+01 -.162782E+01 0.333579E+02
 0.415363E+01 -.288458E+01 -.165977E+01 0.327699E+02
 0.417203E+01 -.286671E+01 -.162297E+01 0.370044E+02
 0.414849E+01 -.287210E+01 -.165158E+01 0.342822E+02
 0.560557E+01 -.288799E+01 -.166139E+01 0.329242E+02
 0.435219E+01 -.289386E+01 -.167224E+01 0.338576E+02
 0.406769E+01 -.289360E+01 -.164365E+01 0.336776E+02
 0.399973E+01 -.288275E+01 -.171478E+01 0.344087E+02
 0.417950E+01 -.289258E+01 -.166475E+01 0.334931E+02
 0.401776E+01 -.288396E+01 -.166195E+01 0.327802E+02
 0.446146E+01 -.288197E+01 -.153018E+01 0.412754E+02
 0.415831E+01 -.288409E+01 -.166016E+01 0.327686E+02
 0.415938E+01 -.288400E+01 -.165945E+01 0.327697E+02
 0.416268E+01 -.288432E+01 -.167956E+01 0.329722E+02
 0.422653E+01 -.288179E+01 -.164610E+01 0.329725E+02
 0.376527E+01 -.288409E+01 -.164433E+01 0.329273E+02
 0.417033E+01 -.288389E+01 -.165980E+01 0.327823E+02
 0.415696E+01 -.288429E+01 -.166055E+01 0.327675E+02
 0.443221E+01 -.288224E+01 -.165413E+01 0.328429E+02
 0.417801E+01 -.289156E+01 -.168191E+01 0.336883E+02
 0.461768E+01 -.290221E+01 -.158443E+01 0.376960E+02
 0.463867E+01 -.288400E+01 -.166015E+01 0.327756E+02
 0.416694E+01 -.288347E+01 -.164987E+01 0.328494E+02
 0.416775E+01 -.288380E+01 -.165562E+01 0.327982E+02
 0.415960E+01 -.289793E+01 -.167087E+01 0.347211E+02
 0.414238E+01 -.289328E+01 -.154810E+01 0.389472E+02
 0.416062E+01 -.287909E+01 -.171103E+01 0.342149E+02
 0.413075E+01 -.289997E+01 -.166091E+01 0.351837E+02
 0.412691E+01 -.288421E+01 -.166159E+01 0.327826E+02
 0.415458E+01 -.288412E+01 -.166074E+01 0.327672E+02
 0.416633E+01 -.288468E+01 -.166178E+01 0.327860E+02
 0.420320E+01 -.288077E+01 -.167750E+01 0.329771E+02
 0.419482E+01 -.286006E+01 -.162641E+01 0.396977E+02
 0.399316E+01 -.288355E+01 -.167156E+01 0.328366E+02
 0.418617E+01 -.287891E+01 -.164194E+01 0.333036E+02
 0.415891E+01 -.288374E+01 -.166222E+01 0.327696E+02
 0.436950E+01 -.289297E+01 -.166058E+01 0.335385E+02
 0.417414E+01 -.286791E+01 -.163104E+01 0.361729E+02
 0.391770E+01 -.287526E+01 -.167144E+01 0.334867E+02
 0.410150E+01 -.288268E+01 -.165990E+01 0.328050E+02
 0.423717E+01 -.288366E+01 -.165278E+01 0.328176E+02
 0.395229E+01 -.288703E+01 -.164308E+01 0.329930E+02
 0.359911E+01 -.290375E+01 -.169225E+01 0.374648E+02
 0.423338E+01 -.286873E+01 -.166158E+01 0.349677E+02
 0.420673E+01 -.288321E+01 -.166243E+01 0.327786E+02
 0.415683E+01 -.288135E+01 -.162835E+01 0.334864E+02
 0.389925E+01 -.289923E+01 -.166617E+01 0.350069E+02
 0.383519E+01 -.288716E+01 -.165841E+01 0.328665E+02
 0.416428E+01 -.288375E+01 -.166262E+01 0.327825E+02
 0.414811E+01 -.290842E+01 -.165643E+01 0.382018E+02
 0.350000E+01 -.288513E+01 -.166170E+01 0.327960E+02
 0.390802E+01 -.285873E+01 -.161297E+01 0.412294E+02
 0.296857E+01 -.287912E+01 -.167905E+01 0.331672E+02
 0.417928E+01 -.288454E+01 -.166112E+01 0.327748E+02
 0.408725E+01 -.288242E+01 -.166125E+01 0.327967E+02
 0.417756E+01 -.287825E+01 -.174577E+01 0.369265E+02
 0.415383E+01 -.288413E+01 -.166466E+01 0.327730E+02
 0.404867E+01 -.285214E+01 -.165990E+01 0.426516E+02
 0.431097E+01 -.290289E+01 -.170762E+01 0.381487E+02
 0.415637E+01 -.288302E+01 -.165331E+01 0.328207E+02
 0.415942E+01 -.288420E+01 -.166193E+01 0.327687E+02
 0.413357E+01 -.288424E+01 -.164304E+01 0.329525E+02
 0.417889E+01 -.288253E+01 -.165565E+01 0.328162E+02
 0.461043E+01 -.287719E+01 -.165645E+01 0.332454E+02
 0.416045E+01 -.288433E+01 -.165324E+01 0.328017E+02
 0.417171E+01 -.288115E+01 -.161101E+01 0.342849E+02
 0.400755E+01 -.289005E+01 -.177514E+01 0.417896E+02
 0.422258E+01 -.286567E+01 -.165214E+01 0.361458E+02
 0.415682E+01 -.288754E+01 -.166381E+01 0.328914E+02
 0.446868E+01 -.288523E+01 -.167240E+01 0.328839E+02
 0.486573E+01 -.288452E+01 -.166593E+01 0.327989E+02
 0.508401E+01 -.288570E+01 -.166096E+01 0.328002E+02
 0.415866E+01 -.288647E+01 -.166105E+01 0.328217E+02
 0.455932E+01 -.288443E+01 -.167503E+01 0.328967E+02
 0.478321E+01 -.286059E+01 -.173732E+01 0.397511E+02
 0.397794E+01 -.285305E+01 -.165227E+01 0.423261E+02
 0.413654E+01 -.288430E+01 -.164805E+01 0.328616E+02
 0.415625E+01 -.288425E+01 -.167338E+01 0.328582E+02
 0.425631E+01 -.287778E+01 -.168166E+01 0.332573E+02
 0.415376E+01 -.287390E+01 -.166054E+01 0.337565E+02
 0.376541E+01 -.288395E+01 -.166089E+01 0.327837E+02
 0.431345E+01 -.288404E+01 -.166132E+01 0.327806E+02
 0.417355E+01 -.288385E+01 -.166169E+01 0.327747E+02
 0.416525E+01 -.288353E+01 -.166225E+01 0.327833E+02
 0.397046E+01 -.288763E+01 -.167659E+01 0.330974E+02
 0.448264E+01 -.287809E+01 -.171689E+01 0.346042E+02
 0.412435E+01 -.288425E+01 -.167328E+01 0.328687E+02
 0.319089E+01 -.288870E+01 -.165048E+01 0.330125E+02
 0.417838E+01 -.288412E+01 -.151661E+01 0.426199E+02
 0.415140E+01 -.285380E+01 -.165269E+01 0.418741E+02
 0.417954E+01 -.288392E+01 -.172870E+01 0.354601E+02
 0.415914E+01 -.288406E+01 -.166136E+01 0.327681E+02
 0.417465E+01 -.288352E+01 -.166218E+01 0.327774E+02
 0.454846E+01 -.288441E+01 -.166039E+01 0.327774E+02
 0.490957E+01 -.288406E+01 -.166532E+01 0.327844E+02
 0.413695E+01 -.289155E+01 -.166101E+01 0.333069E+02
 0.420098E+01 -.288686E+01 -.162698E+01 0.333787E+02
 0.415789E+01 -.288329E+01 -.166838E+01 0.327998E+02
 0.435356E+01 -.288265E+01 -.165997E+01 0.328003E+02
 0.426723E+01 -.288354E+01 -.166172E+01 0.327799E+02
 0.425627E+01 -.288123E+01 -.153332E+01 0.409965E+02
 0.406251E+01 -.288417E+01 -.167678E+01 0.329273E+02
 0.450321E+01 -.288396E+01 -.155037E+01 0.388111E+02
 0.414909E+01 -.288135E+01 -.165229E+01 0.329170E+02
 0.407343E+01 -.288480E+01 -.165985E+01 0.327887E+02
 0.416064E+01 -.288629E+01 -.166710E+01 0.328471E+02
 0.409775E+01 -.288377E+01 -.166349E+01 0.327804E+02
 0.478200E+01 -.288414E+01 -.164455E+01 0.329151E+02
 0.419844E+01 -.285757E+01 -.164682E+01 0.399823E+02
 0.402185E+01 -.288302E+01 -.166709E+01 0.327980E+02
 0.416106E+01 -.287667E+01 -.165555E+01 0.333495E+02
 0.418553E+01 -.288102E+01 -.165652E+01 0.328804E+02
 0.418743E+01 -.288072E+01 -.167839E+01 0.329877E+02
 0.416172E+01 -.288419E+01 -.165382E+01 0.328028E+02
 0.509533E+01 -.288977E+01 -.166860E+01 0.331511E+02
 0.411803E+01 -.289514E+01 -.167104E+01 0.341176E+02
 0.386292E+01 -.287775E+01 -.170927E+01 0.342095E+02
 0.415378E+01 -.288312E+01 -.166460E+01 0.327782E+02
 0.440152E+01 -.288542E+01 -.163853E+01 0.330477E+02
 0.416166E+01 -.288925E+01 -.167316E+01 0.331632E+02
 0.415621E+01 -.288466E+01 -.166815E+01 0.328041E+02
 0.415324E+01 -.287506E+01 -.163629E+01 0.340700E+02
 0.415748E+01 -.288404E+01 -.166083E+01 0.327671E+02
 0.415896E+01 -.288417E+01 -.166129E+01 0.327682E+02
 0.415977E+01 -.288197E+01 -.163639E+01 0.331838E+02
 0.384287E+01 -.288502E+01 -.166084E+01 0.327849E+02
 0.399966E+01 -.288400E+01 -.164568E+01 0.329022E+02
 0.418769E+01 -.288355E+01 -.166433E+01 0.327753E+02
 0.415662E+01 -.288520E+01 -.166094E+01 0.327786E+02
 0.379816E+01 -.288148E+01 -.166262E+01 0.328335E+02
 0.365552E+01 -.286262E+01 -.167997E+01 0.369730E+02
 0.415302E+01 -.289233E+01 -.168677E+01 0.339965E+02
 0.416844E+01 -.286452E+01 -.170305E+01 0.366446E+02
 0.430383E+01 -.288859E+01 -.165486E+01 0.329792E+02
 0.451338E+01 -.286143E+01 -.167470E+01 0.374580E+02
 0.455772E+01 -.288435E+01 -.166147E+01 0.327733E+02
 0.417498E+01 -.288277E+01 -.167705E+01 0.329085E+02
 0.416372E+01 -.288348E+01 -.166050E+01 0.327841E+02
 0.416125E+01 -.288609E+01 -.167235E+01 0.329047E+02
 0.427977E+01 -.289314E+01 -.166990E+01 0.336808E+02
 0.414484E+01 -.286507E+01 -.169130E+01 0.361845E+02
 0.413562E+01 -.288401E+01 -.166125E+01 0.327817E+02
 0.415274E+01 -.288413E+01 -.166186E+01 0.327833E+02
 0.409205E+01 -.288092E+01 -.168570E+01 0.331324E+02
 0.418141E+01 -.288090E+01 -.166936E+01 0.328753E+02
 0.412349E+01 -.288026E+01 -.166800E+01 0.329078E+02
 0.425856E+01 -.286771E+01 -.175139E+01 0.387739E+02
 0.415715E+01 -.289742E+01 -.170196E+01 0.358706E+02
 0.397069E+01 -.287987E+01 -.166300E+01 0.329319E+02
 0.418410E+01 -.288248E+01 -.166851E+01 0.328115E+02
 0.370282E+01 -.288740E+01 -.160510E+01 0.343422E+02
 0.415735E+01 -.288388E+01 -.166160E+01 0.327668E+02
 0.415586E+01 -.288107E+01 -.164502E+01 0.330400E+02
 0.415886E+01 -.288387E+01 -.166483E+01 0.327770E+02
 0.437433E+01 -.288625E+01 -.165669E+01 0.328333E+02
 0.410152E+01 -.288360E+01 -.166340E+01 0.327908E+02
 0.414211E+01 -.287647E+01 -.167405E+01 0.333103E+02
 0.439839E+01 -.287905E+01 -.163216E+01 0.335738E+02
 0.403256E+01 -.287996E+01 -.162962E+01 0.335656E+02
 0.441605E+01 -.289170E+01 -.165737E+01 0.333173E+02
 0.415236E+01 -.288896E+01 -.166108E+01 0.330219E+02
 0.412130E+01 -.288077E+01 -.166157E+01 0.328696E+02
 0.386175E+01 -.286426E+01 -.167066E+01 0.363995E+02
 0.416432E+01 -.289000E+01 -.163313E+01 0.333818E+02
 0.385388E+01 -.290039E+01 -.152877E+01 0.418753E+02
 0.456204E+01 -.289371E+01 -.166047E+01 0.336575E+02
 0.414909E+01 -.288467E+01 -.166316E+01 0.327976E+02
 0.397618E+01 -.288663E+01 -.172229E+01 0.351931E+02
 0.414369E+01 -.289230E+01 -.166282E+01 0.334320E+02
 0.416982E+01 -.288296E+01 -.166072E+01 0.327917E+02
 0.354287E+01 -.290411E+01 -.167145E+01 0.367622E+02
 0.415097E+01 -.288411E+01 -.166141E+01 0.327864E+02
