 0.220000E+01 -.288393E+01 -.166308E+01 -.735886E+01 0.330492E+02
 0.299485E+01 -.287265E+01 -.179306E+01 -.112709E+02 0.435863E+02
 0.357534E+01 -.285581E+01 -.166750E+01 -.562667E+01 0.403346E+02
 0.219395E+01 -.288703E+01 -.173570E+01 -.738050E+01 0.368827E+02
 0.200000E+01 -.291121E+01 -.168335E+01 -.758155E+01 0.403277E+02
 0.227852E+01 -.287405E+01 -.164452E+01 -.791138E+01 0.343001E+02
 0.234431E+01 -.291046E+01 -.166362E+01 -.741564E+01 0.391718E+02
 0.206380E+01 -.290744E+01 -.165977E+01 -.116342E+02 0.377291E+02
 0.297151E+01 -.286991E+01 -.176970E+01 -.550000E+01 0.405460E+02
 0.284923E+01 -.290633E+01 -.163155E+01 -.105626E+02 0.372668E+02
 0.254674E+01 -.292064E+01 -.167102E+01 -.550000E+01 0.452687E+02
 0.245665E+01 -.285685E+01 -.174445E+01 -.112096E+02 0.423130E+02
 0.345195E+01 -.290885E+01 -.170213E+01 -.847296E+01 0.403239E+02
 0.312725E+01 -.291141E+01 -.163494E+01 -.831897E+01 0.394309E+02
 0.266124E+01 -.288465E+01 -.161228E+01 -.759595E+01 0.340425E+02
 0.200000E+01 -.285947E+01 -.162134E+01 -.671388E+01 0.410622E+02
 0.261550E+01 -.288445E+01 -.167847E+01 -.711177E+01 0.330769E+02
 0.230700E+01 -.290901E+01 -.174904E+01 -.700239E+01 0.453601E+02
 0.317688E+01 -.290671E+01 -.172646E+01 -.750517E+01 0.413859E+02
 0.347670E+01 -.288782E+01 -.165403E+01 -.735697E+01 0.329268E+02
 0.331676E+01 -.291515E+01 -.165074E+01 -.732918E+01 0.414884E+02
 0.307991E+01 -.291864E+01 -.158387E+01 -.787408E+01 0.445862E+02
 0.375141E+01 -.287052E+01 -.158767E+01 -.722118E+01 0.381196E+02
 0.351301E+01 -.286764E+01 -.170253E+01 -.722786E+01 0.356972E+02
 0.372860E+01 -.289165E+01 -.156383E+01 -.701636E+01 0.373978E+02
 0.316345E+01 -.289723E+01 -.171684E+01 -.630400E+01 0.369326E+02
 0.376587E+01 -.285917E+01 -.168425E+01 -.868386E+01 0.384363E+02
 0.336216E+01 -.286853E+01 -.155354E+01 -.722940E+01 0.421678E+02
 0.312981E+01 -.289248E+01 -.170061E+01 -.771820E+01 0.346863E+02
 0.321538E+01 -.290382E+01 -.174043E+01 -.742704E+01 0.416471E+02
 0.366218E+01 -.286112E+01 -.171745E+01 -.770398E+01 0.384107E+02
 0.328682E+01 -.290122E+01 -.161951E+01 -.822993E+01 0.358076E+02
 0.346520E+01 -.291578E+01 -.161848E+01 -.724039E+01 0.418689E+02
 0.273451E+01 -.285799E+01 -.168974E+01 -.728354E+01 0.392217E+02
 0.383615E+01 -.288640E+01 -.164903E+01 -.761982E+01 0.328835E+02
 0.341513E+01 -.289833E+01 -.154962E+01 -.710651E+01 0.394574E+02
 0.462067E+01 -.286002E+01 -.163106E+01 -.748150E+01 0.394071E+02
 0.368417E+01 -.288025E+01 -.167554E+01 -.714403E+01 0.329855E+02
 0.282498E+01 -.290431E+01 -.152155E+01 -.739278E+01 0.434588E+02
 0.310076E+01 -.287148E+01 -.171440E+01 -.773005E+01 0.353551E+02
 0.370630E+01 -.289734E+01 -.154219E+01 -.623058E+01 0.399997E+02
 0.340929E+01 -.288342E+01 -.172173E+01 -.766137E+01 0.349303E+02
 0.494209E+01 -.285153E+01 -.174190E+01 -.788119E+01 0.442430E+02
 0.318768E+01 -.287595E+01 -.160327E+01 -.731234E+01 0.355414E+02
 0.272504E+01 -.289982E+01 -.156023E+01 -.943951E+01 0.387361E+02
 0.449128E+01 -.286666E+01 -.178815E+01 -.818439E+01 0.435217E+02
 0.367945E+01 -.286849E+01 -.167745E+01 -.667245E+01 0.349770E+02
 0.385017E+01 -.286921E+01 -.168959E+01 -.124699E+02 0.349256E+02
 0.344200E+01 -.289114E+01 -.152504E+01 -.784438E+01 0.412602E+02
 0.350000E+01 -.291896E+01 -.159868E+01 -.112432E+02 0.441181E+02
 0.367241E+01 -.288844E+01 -.161614E+01 -.804653E+01 0.338493E+02
 0.433394E+01 -.288870E+01 -.153098E+01 -.781435E+01 0.405985E+02
 0.403893E+01 -.289216E+01 -.153203E+01 -.795777E+01 0.405687E+02
 0.345775E+01 -.289394E+01 -.163897E+01 -.798202E+01 0.337703E+02
 0.447592E+01 -.287895E+01 -.178634E+01 -.759785E+01 0.421547E+02
 0.384850E+01 -.290611E+01 -.168530E+01 -.738086E+01 0.380954E+02
 0.434627E+01 -.287715E+01 -.178770E+01 -.838111E+01 0.423595E+02
 0.358509E+01 -.290080E+01 -.162191E+01 -.695186E+01 0.356304E+02
 0.385557E+01 -.288193E+01 -.158341E+01 -.768362E+01 0.360165E+02
 0.375774E+01 -.286185E+01 -.166278E+01 -.880579E+01 0.374575E+02
 0.381769E+01 -.287763E+01 -.167639E+01 -.783740E+01 0.332029E+02
 0.262566E+01 -.289171E+01 -.173981E+01 -.785447E+01 0.377672E+02
 0.331222E+01 -.290755E+01 -.155417E+01 -.673856E+01 0.414788E+02
 0.351352E+01 -.291723E+01 -.165580E+01 -.731665E+01 0.427682E+02
 0.413351E+01 -.290574E+01 -.172352E+01 -.847602E+01 0.406869E+02
 0.333397E+01 -.292087E+01 -.163102E+01 -.773561E+01 0.447398E+02
 0.406566E+01 -.287620E+01 -.167721E+01 -.595125E+01 0.333731E+02
 0.465451E+01 -.287421E+01 -.164072E+01 -.737566E+01 0.341456E+02
 0.414888E+01 -.286647E+01 -.163623E+01 -.897898E+01 0.364467E+02
 0.399768E+01 -.287109E+01 -.164564E+01 -.662892E+01 0.346758E+02
 0.386867E+01 -.289949E+01 -.169048E+01 -.780242E+01 0.358876E+02
 0.424472E+01 -.288315E+01 -.168990E+01 -.763480E+01 0.332319E+02
 0.500000E+01 -.284908E+01 -.168654E+01 -.830367E+01 0.441104E+02
 0.264446E+01 -.292199E+01 -.161835E+01 -.659980E+01 0.453872E+02
 0.364063E+01 -.288489E+01 -.166535E+01 -.763717E+01 0.328056E+02
 0.386001E+01 -.289598E+01 -.164604E+01 -.855256E+01 0.340505E+02
 0.364510E+01 -.288415E+01 -.164587E+01 -.814622E+01 0.329085E+02
 0.380224E+01 -.291734E+01 -.157414E+01 -.686462E+01 0.444091E+02
 0.454963E+01 -.286179E+01 -.171604E+01 -.897247E+01 0.380646E+02
 0.200000E+01 -.286037E+01 -.173415E+01 -.107500E+02 0.410775E+02
 0.373411E+01 -.288424E+01 -.166516E+01 -.802867E+01 0.327956E+02
 0.351165E+01 -.290637E+01 -.167606E+01 -.840624E+01 0.378079E+02
 0.417136E+01 -.290224E+01 -.166202E+01 -.878264E+01 0.358732E+02
 0.329992E+01 -.286570E+01 -.165649E+01 -.810107E+01 0.361086E+02
 0.397164E+01 -.285013E+01 -.166377E+01 -.756534E+01 0.438024E+02
 0.271854E+01 -.287600E+01 -.156564E+01 -.723074E+01 0.385523E+02
 0.352670E+01 -.287065E+01 -.166388E+01 -.744732E+01 0.344380E+02
 0.376697E+01 -.288343E+01 -.176051E+01 -.814744E+01 0.387533E+02
 0.423720E+01 -.286190E+01 -.166459E+01 -.733451E+01 0.373575E+02
 0.350526E+01 -.290276E+01 -.161733E+01 -.763972E+01 0.363368E+02
 0.200000E+01 -.287309E+01 -.169699E+01 -.759048E+01 0.351911E+02
 0.336445E+01 -.289996E+01 -.166589E+01 -.821300E+01 0.352319E+02
 0.372366E+01 -.285272E+01 -.162546E+01 -.871384E+01 0.439553E+02
 0.405654E+01 -.288586E+01 -.172833E+01 -.695781E+01 0.355922E+02
 0.379262E+01 -.289432E+01 -.168683E+01 -.798266E+01 0.343807E+02
 0.442266E+01 -.290199E+01 -.170961E+01 -.902891E+01 0.379496E+02
 0.200000E+01 -.291732E+01 -.162813E+01 -.690303E+01 0.421088E+02
 0.405171E+01 -.290168E+01 -.166728E+01 -.854882E+01 0.357993E+02
 0.438953E+01 -.288188E+01 -.163176E+01 -.550000E+01 0.333411E+02
 0.360267E+01 -.288515E+01 -.166157E+01 -.784898E+01 0.327949E+02
 0.447082E+01 -.288440E+01 -.171447E+01 -.887638E+01 0.344464E+02
 0.427236E+01 -.288066E+01 -.166341E+01 -.810234E+01 0.328690E+02
 0.306554E+01 -.291498E+01 -.165439E+01 -.690171E+01 0.414062E+02
 0.387948E+01 -.289507E+01 -.163389E+01 -.940836E+01 0.340439E+02
 0.297082E+01 -.286976E+01 -.164799E+01 -.751711E+01 0.350426E+02
 0.332096E+01 -.287920E+01 -.150729E+01 -.860890E+01 0.446356E+02
 0.247189E+01 -.290127E+01 -.156018E+01 -.550000E+01 0.389632E+02
 0.308886E+01 -.286608E+01 -.166083E+01 -.739452E+01 0.359112E+02
 0.362786E+01 -.288587E+01 -.163105E+01 -.735997E+01 0.332412E+02
 0.456554E+01 -.290484E+01 -.165035E+01 -.647343E+01 0.366733E+02
 0.350413E+01 -.289101E+01 -.156468E+01 -.711877E+01 0.372766E+02
 0.287489E+01 -.289481E+01 -.156437E+01 -.678929E+01 0.375886E+02
 0.332662E+01 -.288472E+01 -.166080E+01 -.734352E+01 0.328009E+02
 0.424920E+01 -.286035E+01 -.176017E+01 -.847494E+01 0.417808E+02
 0.369504E+01 -.288460E+01 -.180117E+01 -.767358E+01 0.452730E+02
 0.413837E+01 -.289635E+01 -.158542E+01 -.660004E+01 0.363187E+02
 0.242094E+01 -.288510E+01 -.168187E+01 -.747976E+01 0.332489E+02
 0.246986E+01 -.285543E+01 -.165768E+01 -.755905E+01 0.410868E+02
 0.448407E+01 -.286670E+01 -.166342E+01 -.755428E+01 0.356115E+02
 0.390877E+01 -.290475E+01 -.164553E+01 -.705712E+01 0.366302E+02
 0.428039E+01 -.290113E+01 -.166638E+01 -.784737E+01 0.356100E+02
 0.364547E+01 -.288424E+01 -.155270E+01 -.835466E+01 0.385099E+02
 0.396528E+01 -.285509E+01 -.167409E+01 -.878177E+01 0.405634E+02
 0.471571E+01 -.287397E+01 -.168289E+01 -.789522E+01 0.337741E+02
 0.339942E+01 -.288198E+01 -.150746E+01 -.778178E+01 0.440789E+02
 0.473856E+01 -.290602E+01 -.166935E+01 -.831303E+01 0.374930E+02
 0.402987E+01 -.286632E+01 -.165469E+01 -.734123E+01 0.358762E+02
 0.500000E+01 -.286040E+01 -.169612E+01 -.861662E+01 0.380254E+02
 0.323856E+01 -.286773E+01 -.166577E+01 -.824834E+01 0.352885E+02
 0.353386E+01 -.288555E+01 -.150323E+01 -.789758E+01 0.441803E+02
 0.327895E+01 -.285734E+01 -.163487E+01 -.151941E+02 0.406980E+02
 0.445558E+01 -.289383E+01 -.164941E+01 -.670273E+01 0.336269E+02
 0.444925E+01 -.288203E+01 -.166854E+01 -.797446E+01 0.328406E+02
 0.246093E+01 -.287016E+01 -.166179E+01 -.810236E+01 0.348297E+02
 0.427160E+01 -.290308E+01 -.172552E+01 -.815799E+01 0.397124E+02
 0.409910E+01 -.291377E+01 -.165888E+01 -.782366E+01 0.408337E+02
 0.340370E+01 -.290190E+01 -.163425E+01 -.736417E+01 0.357203E+02
 0.370601E+01 -.287459E+01 -.153146E+01 -.742959E+01 0.426983E+02
 0.396093E+01 -.289866E+01 -.166250E+01 -.760736E+01 0.348119E+02
 0.309647E+01 -.289602E+01 -.163777E+01 -.763597E+01 0.341831E+02
 0.424223E+01 -.290458E+01 -.166355E+01 -.858485E+01 0.367676E+02
 0.411412E+01 -.287869E+01 -.167514E+01 -.789218E+01 0.330830E+02
 0.386100E+01 -.289687E+01 -.153438E+01 -.107500E+02 0.407013E+02
 0.317902E+01 -.288990E+01 -.168696E+01 -.790293E+01 0.336404E+02
 0.484139E+01 -.290264E+01 -.166376E+01 -.737002E+01 0.361549E+02
 0.344265E+01 -.288807E+01 -.160535E+01 -.786793E+01 0.343489E+02
 0.200000E+01 -.287043E+01 -.168972E+01 -.701188E+01 0.355562E+02
 0.297943E+01 -.285011E+01 -.165659E+01 -.661568E+01 0.442189E+02
 0.424567E+01 -.287063E+01 -.164688E+01 -.771955E+01 0.347455E+02
 0.441885E+01 -.286755E+01 -.167667E+01 -.837908E+01 0.352247E+02
 0.334139E+01 -.287489E+01 -.166463E+01 -.804124E+01 0.335576E+02
 0.385357E+01 -.286098E+01 -.163378E+01 -.778085E+01 0.388954E+02
 0.409332E+01 -.286244E+01 -.164242E+01 -.651943E+01 0.377985E+02
 0.472291E+01 -.285196E+01 -.166266E+01 -.802651E+01 0.426099E+02
 0.254956E+01 -.285984E+01 -.166386E+01 -.853508E+01 0.386094E+02
 0.475278E+01 -.288700E+01 -.152270E+01 -.675778E+01 0.416131E+02
 0.367576E+01 -.290171E+01 -.166850E+01 -.724844E+01 0.358492E+02
 0.392493E+01 -.289263E+01 -.163558E+01 -.550652E+01 0.336492E+02
 0.361981E+01 -.286740E+01 -.162818E+01 -.934900E+01 0.364510E+02
 0.277090E+01 -.287809E+01 -.166448E+01 -.796250E+01 0.331876E+02
 0.470098E+01 -.289162E+01 -.164178E+01 -.550000E+01 0.333929E+02
 0.416546E+01 -.290812E+01 -.169504E+01 -.947324E+01 0.394852E+02
 0.332660E+01 -.291430E+01 -.168522E+01 -.772330E+01 0.421743E+02
 0.320544E+01 -.291110E+01 -.166029E+01 -.770447E+01 0.394801E+02
 0.427090E+01 -.291180E+01 -.166503E+01 -.735608E+01 0.399932E+02
 0.396130E+01 -.291012E+01 -.162746E+01 -.862905E+01 0.389350E+02
 0.213092E+01 -.291730E+01 -.162814E+01 -.780066E+01 0.421494E+02
 0.275678E+01 -.288148E+01 -.164996E+01 -.751761E+01 0.329930E+02
 0.473092E+01 -.286842E+01 -.165635E+01 -.682526E+01 0.351452E+02
 0.486271E+01 -.291262E+01 -.170202E+01 -.566076E+01 0.422881E+02
 0.351238E+01 -.284930E+01 -.167168E+01 -.805598E+01 0.442101E+02
 0.362417E+01 -.290424E+01 -.166660E+01 -.676089E+01 0.367228E+02
 0.307703E+01 -.286731E+01 -.157726E+01 -.635900E+01 0.402121E+02
 0.419641E+01 -.290278E+01 -.166189E+01 -.750844E+01 0.360471E+02
 0.272986E+01 -.287635E+01 -.176783E+01 -.659763E+01 0.397374E+02
 0.363092E+01 -.286679E+01 -.162680E+01 -.765314E+01 0.367441E+02
 0.500000E+01 -.286204E+01 -.163300E+01 -.588230E+01 0.383910E+02
 0.404073E+01 -.287033E+01 -.167887E+01 -.819780E+01 0.345071E+02
 0.369184E+01 -.286780E+01 -.163538E+01 -.960398E+01 0.360248E+02
 0.298395E+01 -.288045E+01 -.166334E+01 -.828610E+01 0.329350E+02
 0.349854E+01 -.286243E+01 -.175135E+01 -.788318E+01 0.402710E+02
 0.435764E+01 -.284907E+01 -.165492E+01 -.765753E+01 0.448342E+02
 0.350000E+01 -.286024E+01 -.164424E+01 -.800664E+01 0.387545E+02
 0.456598E+01 -.290854E+01 -.167951E+01 -.805868E+01 0.389225E+02
 0.268321E+01 -.286981E+01 -.166396E+01 -.879924E+01 0.348189E+02
 0.376624E+01 -.289586E+01 -.164365E+01 -.778048E+01 0.340879E+02
 0.377067E+01 -.290445E+01 -.151679E+01 -.815282E+01 0.441542E+02
 0.371131E+01 -.292097E+01 -.162422E+01 -.714576E+01 0.448518E+02
 0.324105E+01 -.291655E+01 -.166198E+01 -.783806E+01 0.424625E+02
 0.468712E+01 -.289908E+01 -.166822E+01 -.782075E+01 0.350208E+02
 0.360829E+01 -.289680E+01 -.165794E+01 -.776486E+01 0.342874E+02
 0.390921E+01 -.288677E+01 -.166225E+01 -.818982E+01 0.328557E+02
 0.227067E+01 -.289245E+01 -.158822E+01 -.975327E+01 0.355081E+02
 0.430924E+01 -.288260E+01 -.174385E+01 -.590504E+01 0.367880E+02
 0.305935E+01 -.291036E+01 -.156442E+01 -.835579E+01 0.417069E+02
 0.273013E+01 -.286360E+01 -.170635E+01 -.802167E+01 0.372437E+02
 0.259119E+01 -.289654E+01 -.176379E+01 -.550000E+01 0.420599E+02
 0.318712E+01 -.286840E+01 -.165219E+01 -.776346E+01 0.353179E+02
 0.438734E+01 -.289668E+01 -.166298E+01 -.707740E+01 0.343057E+02
 0.350000E+01 -.288739E+01 -.166313E+01 -.867997E+01 0.329012E+02
 0.263082E+01 -.287845E+01 -.169422E+01 -.883716E+01 0.336839E+02
 0.355073E+01 -.290693E+01 -.166272E+01 -.977546E+01 0.376599E+02
 0.434892E+01 -.286244E+01 -.164786E+01 -.621702E+01 0.375885E+02
 0.415361E+01 -.286764E+01 -.166704E+01 -.832719E+01 0.352650E+02
 0.305178E+01 -.287832E+01 -.164861E+01 -.792468E+01 0.332605E+02
 0.361550E+01 -.289421E+01 -.165750E+01 -.693640E+01 0.337150E+02
 0.460834E+01 -.288520E+01 -.166382E+01 -.790942E+01 0.327964E+02
 0.389012E+01 -.286820E+01 -.178629E+01 -.788266E+01 0.429832E+02
 0.500000E+01 -.287210E+01 -.165649E+01 -.683256E+01 0.341793E+02
 0.424057E+01 -.290009E+01 -.165389E+01 -.797631E+01 0.351383E+02
 0.310834E+01 -.287417E+01 -.166238E+01 -.873376E+01 0.337152E+02
 0.311814E+01 -.288414E+01 -.157786E+01 -.783465E+01 0.362479E+02
 0.466354E+01 -.289518E+01 -.178059E+01 -.697284E+01 0.440395E+02
 0.375159E+01 -.290042E+01 -.157312E+01 -.786376E+01 0.379611E+02
 0.319765E+01 -.287494E+01 -.168143E+01 -.815066E+01 0.336556E+02
 0.320857E+01 -.287563E+01 -.170072E+01 -.622734E+01 0.340683E+02
 0.349665E+01 -.289488E+01 -.166155E+01 -.860962E+01 0.338901E+02
 0.426958E+01 -.285364E+01 -.167957E+01 -.784757E+01 0.413085E+02
 0.350000E+01 -.290172E+01 -.166221E+01 -.780131E+01 0.357011E+02
 0.500000E+01 -.288731E+01 -.160557E+01 -.759998E+01 0.343198E+02
 0.463640E+01 -.289907E+01 -.167523E+01 -.785673E+01 0.352038E+02
 0.361611E+01 -.289425E+01 -.166161E+01 -.718117E+01 0.337537E+02
 0.369337E+01 -.291267E+01 -.164853E+01 -.105646E+02 0.400989E+02
 0.200000E+01 -.289033E+01 -.166250E+01 -.878483E+01 0.334595E+02
 0.270192E+01 -.285808E+01 -.163432E+01 -.886471E+01 0.404829E+02
 0.311987E+01 -.289555E+01 -.157990E+01 -.834860E+01 0.365487E+02
 0.296237E+01 -.290463E+01 -.165554E+01 -.790512E+01 0.366042E+02
 0.331966E+01 -.289547E+01 -.166065E+01 -.703009E+01 0.340415E+02
 0.429928E+01 -.286675E+01 -.166604E+01 -.786626E+01 0.355476E+02
 0.384645E+01 -.291080E+01 -.159587E+01 -.785669E+01 0.401417E+02
 0.350000E+01 -.289496E+01 -.166324E+01 -.757058E+01 0.339293E+02
 0.334920E+01 -.290595E+01 -.171244E+01 -.798382E+01 0.397762E+02
 0.372633E+01 -.288495E+01 -.159379E+01 -.792744E+01 0.350493E+02
 0.200000E+01 -.291724E+01 -.162039E+01 -.779237E+01 0.420250E+02
 0.354029E+01 -.287109E+01 -.160342E+01 -.730014E+01 0.367498E+02
 0.468033E+01 -.288806E+01 -.165341E+01 -.632351E+01 0.329350E+02
 0.414093E+01 -.290976E+01 -.156610E+01 -.696282E+01 0.413898E+02
 0.228633E+01 -.289846E+01 -.170165E+01 -.550000E+01 0.363877E+02
 0.341221E+01 -.286791E+01 -.165674E+01 -.799400E+01 0.353204E+02
 0.354541E+01 -.291906E+01 -.165222E+01 -.774760E+01 0.437459E+02
 0.334955E+01 -.291598E+01 -.169924E+01 -.950038E+01 0.440202E+02
 0.500000E+01 -.289076E+01 -.166207E+01 -.691636E+01 0.332133E+02
 0.435908E+01 -.289614E+01 -.167177E+01 -.669141E+01 0.343296E+02
 0.335107E+01 -.288894E+01 -.151188E+01 -.786078E+01 0.428347E+02
 0.337418E+01 -.287221E+01 -.178181E+01 -.779810E+01 0.417933E+02
 0.383366E+01 -.287386E+01 -.156605E+01 -.858786E+01 0.390542E+02
 0.292669E+01 -.288756E+01 -.162519E+01 -.550000E+01 0.334954E+02
 0.361598E+01 -.286986E+01 -.161473E+01 -.731499E+01 0.364212E+02
 0.350000E+01 -.287989E+01 -.165728E+01 -.771950E+01 0.329685E+02
 0.500000E+01 -.287984E+01 -.165753E+01 -.795803E+01 0.329568E+02
 0.420914E+01 -.289422E+01 -.166971E+01 -.791425E+01 0.338820E+02
 0.367552E+01 -.288902E+01 -.164264E+01 -.776328E+01 0.331219E+02
 0.427309E+01 -.287892E+01 -.162107E+01 -.704603E+01 0.340321E+02
 0.413838E+01 -.288267E+01 -.166324E+01 -.766535E+01 0.327888E+02
 0.351533E+01 -.290772E+01 -.167335E+01 -.107665E+02 0.383337E+02
 0.494540E+01 -.285000E+01 -.168966E+01 -.773459E+01 0.435073E+02
 0.333790E+01 -.290987E+01 -.156803E+01 -.681966E+01 0.413187E+02
 0.350000E+01 -.288770E+01 -.165737E+01 -.724454E+01 0.329125E+02
 0.452998E+01 -.287484E+01 -.164233E+01 -.931819E+01 0.338953E+02
 0.500000E+01 -.289629E+01 -.167606E+01 -.784005E+01 0.344692E+02
 0.431978E+01 -.285695E+01 -.164074E+01 -.773431E+01 0.405267E+02
 0.338835E+01 -.287562E+01 -.166426E+01 -.831734E+01 0.334417E+02
 0.454417E+01 -.288216E+01 -.177728E+01 -.764756E+01 0.409478E+02
 0.371485E+01 -.288061E+01 -.152177E+01 -.814964E+01 0.424723E+02
 0.450971E+01 -.291115E+01 -.166757E+01 -.735039E+01 0.397080E+02
 0.436550E+01 -.286802E+01 -.169430E+01 -.763198E+01 0.353103E+02
 0.410486E+01 -.286066E+01 -.173888E+01 -.550000E+01 0.398251E+02
 0.388898E+01 -.290291E+01 -.162761E+01 -.712770E+01 0.361289E+02
 0.351625E+01 -.287611E+01 -.165950E+01 -.760009E+01 0.333798E+02
 0.444956E+01 -.285194E+01 -.165793E+01 -.765752E+01 0.428348E+02
 0.500000E+01 -.285477E+01 -.165777E+01 -.708724E+01 0.411250E+02
 0.361809E+01 -.288125E+01 -.166368E+01 -.811282E+01 0.328508E+02
 0.367391E+01 -.289148E+01 -.162736E+01 -.616765E+01 0.336925E+02
 0.463311E+01 -.288633E+01 -.156953E+01 -.769420E+01 0.368368E+02
 0.371524E+01 -.290648E+01 -.154560E+01 -.762335E+01 0.418732E+02
 0.435913E+01 -.290010E+01 -.165447E+01 -.698739E+01 0.351157E+02
 0.500000E+01 -.289487E+01 -.170765E+01 -.615850E+01 0.355815E+02
 0.432339E+01 -.288133E+01 -.178992E+01 -.681451E+01 0.428859E+02
 0.286550E+01 -.289207E+01 -.162711E+01 -.764045E+01 0.337732E+02
 0.382001E+01 -.288975E+01 -.166373E+01 -.756018E+01 0.331227E+02
 0.298100E+01 -.286371E+01 -.165021E+01 -.757630E+01 0.370757E+02
 0.355766E+01 -.288460E+01 -.167555E+01 -.764645E+01 0.329090E+02
 0.379867E+01 -.289794E+01 -.166873E+01 -.919122E+01 0.347275E+02
 0.430283E+01 -.289009E+01 -.166218E+01 -.786087E+01 0.331349E+02
 0.384659E+01 -.288525E+01 -.168908E+01 -.713767E+01 0.332722E+02
 0.281872E+01 -.287256E+01 -.159405E+01 -.786072E+01 0.370285E+02
 0.395189E+01 -.291328E+01 -.154565E+01 -.839922E+01 0.444687E+02
 0.388465E+01 -.286409E+01 -.160402E+01 -.703395E+01 0.392932E+02
 0.500000E+01 -.287644E+01 -.166586E+01 -.788164E+01 0.332886E+02
 0.386346E+01 -.286351E+01 -.158348E+01 -.775939E+01 0.412856E+02
 0.315482E+01 -.288247E+01 -.165826E+01 -.766790E+01 0.328322E+02
 0.285171E+01 -.291208E+01 -.167383E+01 -.765900E+01 0.403891E+02
 0.458610E+01 -.288764E+01 -.166347E+01 -.751430E+01 0.329189E+02
 0.390194E+01 -.287744E+01 -.175652E+01 -.781310E+01 0.381029E+02
 0.362017E+01 -.288846E+01 -.149521E+01 -.712098E+01 0.450407E+02
 0.380249E+01 -.286755E+01 -.169216E+01 -.775477E+01 0.354279E+02
 0.322382E+01 -.285719E+01 -.172341E+01 -.784272E+01 0.403669E+02
 0.350000E+01 -.286972E+01 -.165662E+01 -.740787E+01 0.348117E+02
 0.473586E+01 -.291813E+01 -.169123E+01 -.786633E+01 0.448565E+02
 0.408180E+01 -.289903E+01 -.166987E+01 -.774712E+01 0.350454E+02
 0.265126E+01 -.290912E+01 -.166818E+01 -.766857E+01 0.387060E+02
 0.360341E+01 -.291561E+01 -.156910E+01 -.934596E+01 0.437777E+02
 0.264766E+01 -.291202E+01 -.160636E+01 -.974361E+01 0.401521E+02
 0.436552E+01 -.288042E+01 -.166413E+01 -.754200E+01 0.328927E+02
 0.359888E+01 -.289956E+01 -.156044E+01 -.646911E+01 0.387390E+02
 0.445907E+01 -.290955E+01 -.158866E+01 -.764118E+01 0.399085E+02
 0.500000E+01 -.286482E+01 -.166097E+01 -.773160E+01 0.362940E+02
 0.264169E+01 -.288262E+01 -.165592E+01 -.730471E+01 0.329021E+02
 0.472965E+01 -.289499E+01 -.178160E+01 -.550000E+01 0.441794E+02
 0.429576E+01 -.288375E+01 -.165739E+01 -.767125E+01 0.327860E+02
 0.415126E+01 -.287041E+01 -.166428E+01 -.765203E+01 0.345080E+02
 0.384716E+01 -.287819E+01 -.166343E+01 -.785645E+01 0.330979E+02
 0.352781E+01 -.289175E+01 -.164999E+01 -.560090E+01 0.333540E+02
 0.368841E+01 -.290474E+01 -.170734E+01 -.770081E+01 0.388348E+02
 0.394310E+01 -.288345E+01 -.164537E+01 -.728415E+01 0.329177E+02
 0.420673E+01 -.289755E+01 -.172589E+01 -.625185E+01 0.377367E+02
 0.452075E+01 -.291269E+01 -.155117E+01 -.594167E+01 0.437136E+02
 0.495403E+01 -.290312E+01 -.174706E+01 -.796512E+01 0.420727E+02
 0.354213E+01 -.288125E+01 -.163583E+01 -.761235E+01 0.332579E+02
 0.364520E+01 -.289386E+01 -.166471E+01 -.771149E+01 0.337434E+02
 0.450660E+01 -.289091E+01 -.152973E+01 -.767933E+01 0.407767E+02
 0.448098E+01 -.287052E+01 -.164658E+01 -.760557E+01 0.348069E+02
 0.500000E+01 -.284845E+01 -.166047E+01 -.766049E+01 0.450791E+02
 0.369583E+01 -.288243E+01 -.165389E+01 -.781401E+01 0.328459E+02
 0.367163E+01 -.289559E+01 -.164985E+01 -.726008E+01 0.339966E+02
 0.450744E+01 -.288440E+01 -.166492E+01 -.718062E+01 0.327960E+02
 0.308024E+01 -.289795E+01 -.164882E+01 -.770555E+01 0.345412E+02
 0.454449E+01 -.288959E+01 -.165937E+01 -.756439E+01 0.330773E+02
 0.318067E+01 -.287276E+01 -.153374E+01 -.112092E+02 0.429740E+02
 0.414044E+01 -.287726E+01 -.165693E+01 -.755645E+01 0.332367E+02
 0.350000E+01 -.290659E+01 -.166791E+01 -.765588E+01 0.376441E+02
 0.403766E+01 -.291333E+01 -.167054E+01 -.696008E+01 0.409534E+02
 0.467433E+01 -.288771E+01 -.165262E+01 -.760874E+01 0.329249E+02
 0.405093E+01 -.289308E+01 -.178972E+01 -.703102E+01 0.449846E+02
 0.341677E+01 -.288886E+01 -.172712E+01 -.773733E+01 0.358985E+02
 0.444617E+01 -.288316E+01 -.150740E+01 -.752097E+01 0.439270E+02
 0.350000E+01 -.287802E+01 -.171895E+01 -.597250E+01 0.347629E+02
 0.314061E+01 -.286418E+01 -.171801E+01 -.664957E+01 0.374216E+02
 0.393794E+01 -.286796E+01 -.158271E+01 -.723366E+01 0.394211E+02
 0.450586E+01 -.290377E+01 -.167469E+01 -.777984E+01 0.367359E+02
 0.468921E+01 -.288164E+01 -.165020E+01 -.726891E+01 0.329094E+02
 0.443571E+01 -.287289E+01 -.157631E+01 -.550000E+01 0.383696E+02
 0.401977E+01 -.289698E+01 -.166702E+01 -.767981E+01 0.344582E+02
 0.419440E+01 -.290155E+01 -.168746E+01 -.135949E+02 0.364194E+02
 0.452411E+01 -.291388E+01 -.162961E+01 -.996908E+01 0.407443E+02
 0.453477E+01 -.289346E+01 -.151555E+01 -.958922E+01 0.424971E+02
 0.453686E+01 -.288465E+01 -.166617E+01 -.754558E+01 0.328007E+02
 0.380071E+01 -.290156E+01 -.175137E+01 -.975990E+01 0.419851E+02
 0.262890E+01 -.288512E+01 -.150912E+01 -.738105E+01 0.433218E+02
 0.347495E+01 -.290670E+01 -.166940E+01 -.104309E+02 0.377304E+02
 0.399477E+01 -.287119E+01 -.165152E+01 -.550000E+01 0.344962E+02
 0.368099E+01 -.289335E+01 -.158475E+01 -.761431E+01 0.359513E+02
 0.318921E+01 -.287596E+01 -.164440E+01 -.758513E+01 0.336983E+02
 0.425588E+01 -.289616E+01 -.165923E+01 -.777008E+01 0.341504E+02
 0.451663E+01 -.286800E+01 -.163061E+01 -.778953E+01 0.361364E+02
 0.385531E+01 -.287898E+01 -.166948E+01 -.782238E+01 0.330173E+02
 0.404718E+01 -.288420E+01 -.150815E+01 -.550000E+01 0.437234E+02
 0.455537E+01 -.288397E+01 -.154066E+01 -.772926E+01 0.398110E+02
 0.388592E+01 -.288570E+01 -.176262E+01 -.747144E+01 0.392500E+02
 0.353630E+01 -.289490E+01 -.157923E+01 -.892299E+01 0.365126E+02
 0.494130E+01 -.290381E+01 -.170865E+01 -.788794E+01 0.385675E+02
 0.415598E+01 -.284998E+01 -.164251E+01 -.762284E+01 0.448606E+02
 0.286705E+01 -.287899E+01 -.165697E+01 -.779223E+01 0.331011E+02
 0.450078E+01 -.287048E+01 -.159932E+01 -.785224E+01 0.372424E+02
 0.446367E+01 -.287274E+01 -.159182E+01 -.868880E+01 0.371533E+02
 0.452107E+01 -.286843E+01 -.164979E+01 -.763204E+01 0.352824E+02
 0.394365E+01 -.286005E+01 -.170763E+01 -.706463E+01 0.384451E+02
 0.329320E+01 -.287949E+01 -.166010E+01 -.782137E+01 0.329942E+02
 0.429523E+01 -.288434E+01 -.157229E+01 -.721925E+01 0.367003E+02
 0.419544E+01 -.286975E+01 -.159846E+01 -.107500E+02 0.375305E+02
 0.474730E+01 -.291574E+01 -.159100E+01 -.842968E+01 0.426917E+02
 0.350000E+01 -.286517E+01 -.174605E+01 -.550000E+01 0.389669E+02
 0.436361E+01 -.289590E+01 -.169296E+01 -.819970E+01 0.350394E+02
 0.478955E+01 -.285903E+01 -.163542E+01 -.772971E+01 0.397306E+02
 0.260135E+01 -.287330E+01 -.177597E+01 -.607541E+01 0.411384E+02
 0.344608E+01 -.289749E+01 -.162167E+01 -.773448E+01 0.348298E+02
 0.500000E+01 -.289085E+01 -.171527E+01 -.738070E+01 0.352579E+02
 0.294189E+01 -.286948E+01 -.163373E+01 -.759872E+01 0.356073E+02
 0.378046E+01 -.290368E+01 -.172335E+01 -.883505E+01 0.397387E+02
 0.391437E+01 -.289686E+01 -.164757E+01 -.124297E+02 0.342793E+02
 0.271332E+01 -.288869E+01 -.166759E+01 -.716162E+01 0.330957E+02
 0.423712E+01 -.287416E+01 -.166274E+01 -.755010E+01 0.336608E+02
 0.500000E+01 -.288189E+01 -.165780E+01 -.767817E+01 0.328279E+02
 0.421467E+01 -.290093E+01 -.164158E+01 -.787561E+01 0.353783E+02
 0.438534E+01 -.288534E+01 -.165217E+01 -.754891E+01 0.328243E+02
 0.395755E+01 -.290544E+01 -.174742E+01 -.720721E+01 0.431859E+02
 0.350000E+01 -.287293E+01 -.176515E+01 -.769772E+01 0.394652E+02
 0.375663E+01 -.288577E+01 -.169852E+01 -.780467E+01 0.336701E+02
 0.431368E+01 -.285553E+01 -.165481E+01 -.778613E+01 0.407387E+02
 0.338859E+01 -.287506E+01 -.168738E+01 -.550000E+01 0.337306E+02
 0.359669E+01 -.286771E+01 -.160426E+01 -.709764E+01 0.378261E+02
 0.365081E+01 -.289349E+01 -.165921E+01 -.742033E+01 0.336165E+02
 0.303943E+01 -.289642E+01 -.172812E+01 -.588570E+01 0.376806E+02
 0.408273E+01 -.289845E+01 -.166689E+01 -.767075E+01 0.348192E+02
 0.425106E+01 -.292087E+01 -.165377E+01 -.767904E+01 0.449699E+02
 0.470079E+01 -.285972E+01 -.161714E+01 -.792972E+01 0.404350E+02
 0.500000E+01 -.288667E+01 -.166906E+01 -.759123E+01 0.328919E+02
 0.456312E+01 -.290543E+01 -.154135E+01 -.657117E+01 0.419319E+02
 0.364032E+01 -.290707E+01 -.170535E+01 -.773652E+01 0.397442E+02
 0.408147E+01 -.286653E+01 -.155011E+01 -.716263E+01 0.434089E+02
 0.436883E+01 -.285921E+01 -.165016E+01 -.833451E+01 0.389704E+02
 0.396994E+01 -.287036E+01 -.169260E+01 -.921269E+01 0.346973E+02
 0.410877E+01 -.287598E+01 -.160449E+01 -.768527E+01 0.354538E+02
 0.500000E+01 -.288055E+01 -.166008E+01 -.550000E+01 0.328915E+02
 0.360826E+01 -.288135E+01 -.167099E+01 -.780141E+01 0.328830E+02
 0.429177E+01 -.291585E+01 -.171492E+01 -.785496E+01 0.452126E+02
 0.477170E+01 -.287747E+01 -.164679E+01 -.767064E+01 0.333703E+02
 0.435699E+01 -.290106E+01 -.166228E+01 -.777517E+01 0.356011E+02
 0.456125E+01 -.291327E+01 -.165286E+01 -.767514E+01 0.404758E+02
 0.385584E+01 -.289757E+01 -.159256E+01 -.771369E+01 0.360869E+02
 0.361858E+01 -.288340E+01 -.167313E+01 -.778638E+01 0.328698E+02
 0.395880E+01 -.288925E+01 -.153511E+01 -.106241E+02 0.401411E+02
 0.379633E+01 -.290292E+01 -.170436E+01 -.764940E+01 0.378883E+02
 0.387293E+01 -.289064E+01 -.178930E+01 -.682534E+01 0.442611E+02
 0.372088E+01 -.286442E+01 -.179327E+01 -.824885E+01 0.448292E+02
 0.200000E+01 -.288009E+01 -.160398E+01 -.119016E+02 0.349532E+02
 0.391811E+01 -.290216E+01 -.166561E+01 -.125451E+02 0.358941E+02
 0.450006E+01 -.290235E+01 -.162029E+01 -.700860E+01 0.361582E+02
 0.477127E+01 -.289755E+01 -.175100E+01 -.793727E+01 0.404585E+02
 0.500000E+01 -.286141E+01 -.166122E+01 -.782630E+01 0.376721E+02
 0.379626E+01 -.286354E+01 -.175923E+01 -.767049E+01 0.406747E+02
 0.353391E+01 -.286990E+01 -.165100E+01 -.772280E+01 0.348658E+02
 0.428091E+01 -.289703E+01 -.169967E+01 -.779493E+01 0.356761E+02
 0.444091E+01 -.287967E+01 -.165027E+01 -.785429E+01 0.330560E+02
 0.496407E+01 -.286523E+01 -.165524E+01 -.767021E+01 0.362528E+02
 0.451887E+01 -.285348E+01 -.161207E+01 -.769504E+01 0.443917E+02
 0.437957E+01 -.287557E+01 -.157570E+01 -.838955E+01 0.377380E+02
 0.356696E+01 -.288040E+01 -.166588E+01 -.776684E+01 0.329086E+02
 0.428979E+01 -.289641E+01 -.166700E+01 -.550000E+01 0.343110E+02
 0.426369E+01 -.287440E+01 -.153627E+01 -.142079E+02 0.421735E+02
 0.477093E+01 -.287389E+01 -.164843E+01 -.738305E+01 0.339437E+02
 0.460805E+01 -.288892E+01 -.152316E+01 -.880632E+01 0.415094E+02
 0.408065E+01 -.285049E+01 -.163343E+01 -.764870E+01 0.449464E+02
 0.363160E+01 -.291852E+01 -.159130E+01 -.791928E+01 0.442118E+02
 0.400430E+01 -.289422E+01 -.171654E+01 -.712747E+01 0.360670E+02
 0.427634E+01 -.288726E+01 -.160821E+01 -.550000E+01 0.341852E+02
 0.384988E+01 -.291437E+01 -.157375E+01 -.712238E+01 0.429357E+02
 0.350000E+01 -.286274E+01 -.165815E+01 -.782297E+01 0.371992E+02
 0.386597E+01 -.287042E+01 -.174457E+01 -.875130E+01 0.376226E+02
 0.416469E+01 -.286139E+01 -.171920E+01 -.131552E+02 0.383922E+02
 0.261724E+01 -.287291E+01 -.165766E+01 -.756092E+01 0.341326E+02
 0.493754E+01 -.286696E+01 -.178615E+01 -.793426E+01 0.431703E+02
 0.438282E+01 -.286609E+01 -.165911E+01 -.760216E+01 0.358659E+02
 0.350000E+01 -.288419E+01 -.155772E+01 -.772361E+01 0.380204E+02
 0.416667E+01 -.290933E+01 -.157573E+01 -.805112E+01 0.405750E+02
 0.321376E+01 -.286909E+01 -.177554E+01 -.648015E+01 0.413701E+02
 0.393390E+01 -.287843E+01 -.165328E+01 -.761795E+01 0.331322E+02
 0.350905E+01 -.287149E+01 -.175533E+01 -.749952E+01 0.385228E+02
 0.426921E+01 -.289926E+01 -.155423E+01 -.665120E+01 0.392205E+02
 0.395207E+01 -.289715E+01 -.153602E+01 -.839782E+01 0.406051E+02
 0.279460E+01 -.287770E+01 -.163511E+01 -.959618E+01 0.337115E+02
 0.381721E+01 -.290029E+01 -.165383E+01 -.550000E+01 0.352147E+02
 0.277634E+01 -.287171E+01 -.167162E+01 -.738148E+01 0.342621E+02
 0.411509E+01 -.287605E+01 -.174471E+01 -.680701E+01 0.369242E+02
 0.291258E+01 -.289015E+01 -.165510E+01 -.764855E+01 0.331590E+02
 0.443970E+01 -.289338E+01 -.171492E+01 -.806830E+01 0.357380E+02
 0.411724E+01 -.288761E+01 -.166114E+01 -.747656E+01 0.329112E+02
 0.461461E+01 -.285768E+01 -.159783E+01 -.768368E+01 0.429693E+02
 0.327818E+01 -.288950E+01 -.168030E+01 -.550000E+01 0.333787E+02
 0.425800E+01 -.288690E+01 -.166493E+01 -.746081E+01 0.328797E+02
 0.406062E+01 -.285824E+01 -.165831E+01 -.767673E+01 0.392321E+02
 0.483751E+01 -.287830E+01 -.165093E+01 -.756340E+01 0.332273E+02
 0.360979E+01 -.287498E+01 -.168530E+01 -.550000E+01 0.336811E+02
 0.326675E+01 -.290490E+01 -.173227E+01 -.802446E+01 0.411432E+02
 0.420215E+01 -.287889E+01 -.153970E+01 -.845238E+01 0.406886E+02
 0.360292E+01 -.289275E+01 -.170280E+01 -.759435E+01 0.348237E+02
 0.448687E+01 -.287750E+01 -.167142E+01 -.724921E+01 0.331819E+02
 0.382765E+01 -.291221E+01 -.161145E+01 -.652712E+01 0.402451E+02
 0.397791E+01 -.290481E+01 -.165544E+01 -.770209E+01 0.367212E+02
 0.493047E+01 -.290343E+01 -.168165E+01 -.705019E+01 0.368696E+02
 0.384305E+01 -.289565E+01 -.165640E+01 -.741311E+01 0.340047E+02
 0.421780E+01 -.289986E+01 -.165816E+01 -.786049E+01 0.350638E+02
 0.393007E+01 -.290234E+01 -.165665E+01 -.767279E+01 0.359034E+02
 0.461258E+01 -.287050E+01 -.176928E+01 -.973688E+01 0.402503E+02
 0.465148E+01 -.288523E+01 -.166972E+01 -.770779E+01 0.328394E+02
 0.361750E+01 -.289391E+01 -.160500E+01 -.107500E+02 0.348644E+02
 0.409309E+01 -.288842E+01 -.166221E+01 -.836092E+01 0.329627E+02
 0.358789E+01 -.289261E+01 -.170070E+01 -.759848E+01 0.346846E+02
 0.396581E+01 -.286300E+01 -.158476E+01 -.887473E+01 0.413828E+02
 0.413970E+01 -.289836E+01 -.162464E+01 -.820265E+01 0.349531E+02
 0.284590E+01 -.289364E+01 -.155920E+01 -.791813E+01 0.378936E+02
 0.405881E+01 -.291729E+01 -.159779E+01 -.129481E+02 0.432425E+02
 0.332610E+01 -.288075E+01 -.178119E+01 -.886282E+01 0.414997E+02
 0.354983E+01 -.290088E+01 -.161300E+01 -.572149E+01 0.359489E+02
 0.462388E+01 -.288938E+01 -.159491E+01 -.799004E+01 0.349901E+02
 0.375310E+01 -.289300E+01 -.166388E+01 -.645844E+01 0.335683E+02
 0.481532E+01 -.285707E+01 -.166541E+01 -.783221E+01 0.396379E+02
 0.456075E+01 -.288277E+01 -.167673E+01 -.800029E+01 0.329043E+02
 0.408925E+01 -.290065E+01 -.156184E+01 -.762472E+01 0.388779E+02
 0.294030E+01 -.288611E+01 -.165252E+01 -.741585E+01 0.328733E+02
 0.426111E+01 -.286191E+01 -.168417E+01 -.765359E+01 0.372538E+02
 0.431308E+01 -.287551E+01 -.165104E+01 -.803386E+01 0.335743E+02
 0.449679E+01 -.291734E+01 -.165541E+01 -.766982E+01 0.427824E+02
 0.341941E+01 -.289331E+01 -.178637E+01 -.786653E+01 0.445149E+02
 0.440128E+01 -.285770E+01 -.163992E+01 -.748829E+01 0.402038E+02
 0.355439E+01 -.288914E+01 -.167378E+01 -.777483E+01 0.331608E+02
 0.430242E+01 -.286480E+01 -.163003E+01 -.948680E+01 0.373530E+02
 0.436717E+01 -.287752E+01 -.161273E+01 -.120033E+02 0.346607E+02
 0.389392E+01 -.286247E+01 -.157123E+01 -.607408E+01 0.429971E+02
 0.438384E+01 -.290368E+01 -.154326E+01 -.789181E+01 0.412529E+02
 0.422990E+01 -.288525E+01 -.178790E+01 -.846035E+01 0.429912E+02
 0.200000E+01 -.286697E+01 -.170171E+01 -.933065E+01 0.369336E+02
 0.437643E+01 -.288520E+01 -.179516E+01 -.885644E+01 0.442252E+02
 0.394709E+01 -.289695E+01 -.165837E+01 -.101561E+02 0.343355E+02
 0.333764E+01 -.289295E+01 -.160403E+01 -.550000E+01 0.347918E+02
 0.414165E+01 -.289024E+01 -.162443E+01 -.815380E+01 0.336564E+02
 0.443501E+01 -.289969E+01 -.151435E+01 -.714752E+01 0.434002E+02
 0.464817E+01 -.284838E+01 -.166592E+01 -.792254E+01 0.449374E+02
 0.407596E+01 -.286519E+01 -.166209E+01 -.842794E+01 0.361355E+02
 0.395214E+01 -.287385E+01 -.168945E+01 -.128747E+02 0.339394E+02
 0.275473E+01 -.287725E+01 -.165405E+01 -.761014E+01 0.333566E+02
 0.435854E+01 -.286453E+01 -.165455E+01 -.771266E+01 0.365661E+02
 0.500000E+01 -.291352E+01 -.165548E+01 -.767414E+01 0.406316E+02
 0.415662E+01 -.290569E+01 -.169582E+01 -.920535E+01 0.384165E+02
 0.458692E+01 -.289662E+01 -.164697E+01 -.899188E+01 0.342233E+02
 0.289808E+01 -.287613E+01 -.164796E+01 -.766720E+01 0.336043E+02
 0.442758E+01 -.287005E+01 -.167114E+01 -.675328E+01 0.345311E+02
 0.428630E+01 -.288318E+01 -.154430E+01 -.760446E+01 0.394908E+02
 0.421201E+01 -.288893E+01 -.162643E+01 -.903808E+01 0.334936E+02
 0.411513E+01 -.286373E+01 -.172795E+01 -.869961E+01 0.380341E+02
 0.435828E+01 -.288589E+01 -.168737E+01 -.769912E+01 0.332985E+02
 0.376457E+01 -.289051E+01 -.166473E+01 -.780037E+01 0.332212E+02
 0.500000E+01 -.289860E+01 -.165225E+01 -.765318E+01 0.346878E+02
 0.423330E+01 -.290254E+01 -.168283E+01 -.568398E+01 0.366146E+02
 0.430459E+01 -.289371E+01 -.157004E+01 -.716235E+01 0.370731E+02
 0.410963E+01 -.288302E+01 -.172216E+01 -.709427E+01 0.349215E+02
 0.391672E+01 -.288224E+01 -.164355E+01 -.707800E+01 0.329972E+02
 0.406851E+01 -.287538E+01 -.175036E+01 -.764549E+01 0.375395E+02
 0.500000E+01 -.287974E+01 -.159243E+01 -.822434E+01 0.356146E+02
 0.361128E+01 -.285915E+01 -.165671E+01 -.773633E+01 0.388226E+02
 0.382640E+01 -.290194E+01 -.164914E+01 -.798409E+01 0.357032E+02
 0.396772E+01 -.286296E+01 -.178802E+01 -.113004E+02 0.444108E+02
 0.272703E+01 -.288954E+01 -.165762E+01 -.764612E+01 0.331074E+02
 0.350000E+01 -.284753E+01 -.169411E+01 -.754919E+01 0.451925E+02
 0.409528E+01 -.290366E+01 -.162389E+01 -.767831E+01 0.364637E+02
 0.435378E+01 -.287001E+01 -.166060E+01 -.738199E+01 0.346454E+02
 0.430675E+01 -.287153E+01 -.165779E+01 -.768182E+01 0.342927E+02
 0.436011E+01 -.286192E+01 -.172300E+01 -.798964E+01 0.383572E+02
 0.439808E+01 -.287216E+01 -.164397E+01 -.757549E+01 0.344503E+02
 0.428828E+01 -.290043E+01 -.169058E+01 -.550000E+01 0.362182E+02
 0.397732E+01 -.287323E+01 -.172687E+01 -.550000E+01 0.357471E+02
 0.368206E+01 -.288874E+01 -.174598E+01 -.832410E+01 0.377037E+02
 0.406632E+01 -.289478E+01 -.176948E+01 -.898773E+01 0.421834E+02
 0.500000E+01 -.285262E+01 -.164848E+01 -.788449E+01 0.427668E+02
 0.430168E+01 -.287750E+01 -.175235E+01 -.747426E+01 0.376328E+02
 0.429108E+01 -.289981E+01 -.152668E+01 -.550000E+01 0.420532E+02
 0.381850E+01 -.292071E+01 -.162436E+01 -.763131E+01 0.446905E+02
 0.492712E+01 -.290806E+01 -.165616E+01 -.695978E+01 0.380289E+02
 0.451376E+01 -.287517E+01 -.168704E+01 -.860395E+01 0.336698E+02
 0.466485E+01 -.287283E+01 -.166459E+01 -.682362E+01 0.339166E+02
 0.436327E+01 -.286674E+01 -.173822E+01 -.703918E+01 0.378466E+02
 0.386608E+01 -.290794E+01 -.164998E+01 -.744995E+01 0.378822E+02
 0.407093E+01 -.287695E+01 -.169502E+01 -.938069E+01 0.336715E+02
 0.386850E+01 -.288840E+01 -.165856E+01 -.734501E+01 0.329459E+02
 0.427933E+01 -.287063E+01 -.154065E+01 -.769449E+01 0.428642E+02
 0.427081E+01 -.289342E+01 -.166129E+01 -.736368E+01 0.336177E+02
 0.385651E+01 -.285663E+01 -.165917E+01 -.767423E+01 0.401064E+02
 0.405515E+01 -.285721E+01 -.163764E+01 -.565657E+01 0.405746E+02
 0.455137E+01 -.287682E+01 -.176569E+01 -.845229E+01 0.392261E+02
 0.353154E+01 -.285702E+01 -.164797E+01 -.777897E+01 0.401914E+02
 0.500000E+01 -.288044E+01 -.164883E+01 -.766218E+01 0.330124E+02
 0.392078E+01 -.288891E+01 -.169962E+01 -.967552E+01 0.340491E+02
 0.337202E+01 -.288958E+01 -.179131E+01 -.891840E+01 0.444202E+02
 0.387443E+01 -.291864E+01 -.165620E+01 -.766130E+01 0.435557E+02
 0.385499E+01 -.289905E+01 -.160769E+01 -.685946E+01 0.356534E+02
 0.350000E+01 -.284905E+01 -.165852E+01 -.765339E+01 0.447664E+02
 0.419364E+01 -.288671E+01 -.164132E+01 -.123794E+02 0.330006E+02
 0.462725E+01 -.289863E+01 -.166578E+01 -.745194E+01 0.348418E+02
 0.421159E+01 -.288193E+01 -.159635E+01 -.793653E+01 0.350778E+02
 0.405709E+01 -.288758E+01 -.164508E+01 -.871472E+01 0.329855E+02
 0.342712E+01 -.284864E+01 -.166231E+01 -.823656E+01 0.449002E+02
 0.401836E+01 -.287715E+01 -.164020E+01 -.950324E+01 0.335736E+02
 0.472056E+01 -.288834E+01 -.158831E+01 -.645014E+01 0.353841E+02
 0.444967E+01 -.286530E+01 -.170875E+01 -.550000E+01 0.365735E+02
 0.466454E+01 -.287108E+01 -.167109E+01 -.761443E+01 0.342818E+02
 0.442536E+01 -.286687E+01 -.167484E+01 -.748376E+01 0.354313E+02
 0.453939E+01 -.287458E+01 -.178605E+01 -.597556E+01 0.421877E+02
 0.417261E+01 -.289417E+01 -.156432E+01 -.556762E+01 0.375835E+02
 0.465654E+01 -.288436E+01 -.165563E+01 -.736799E+01 0.328596E+02
 0.310292E+01 -.289441E+01 -.151706E+01 -.737774E+01 0.423195E+02
 0.423494E+01 -.288708E+01 -.165283E+01 -.759603E+01 0.328853E+02
 0.397636E+01 -.285390E+01 -.170972E+01 -.773010E+01 0.414500E+02
 0.454238E+01 -.288606E+01 -.165925E+01 -.767044E+01 0.328179E+02
 0.484645E+01 -.287030E+01 -.154699E+01 -.898570E+01 0.422390E+02
 0.460663E+01 -.288759E+01 -.176431E+01 -.788551E+01 0.397518E+02
 0.350000E+01 -.288941E+01 -.168570E+01 -.774080E+01 0.335241E+02
 0.443754E+01 -.285625E+01 -.159153E+01 -.819825E+01 0.444372E+02
 0.408176E+01 -.289621E+01 -.165734E+01 -.780121E+01 0.341396E+02
 0.391187E+01 -.288311E+01 -.155049E+01 -.822155E+01 0.388486E+02
 0.469016E+01 -.289080E+01 -.161614E+01 -.773308E+01 0.340093E+02
 0.463321E+01 -.286440E+01 -.178075E+01 -.939183E+01 0.429909E+02
 0.323869E+01 -.288999E+01 -.166999E+01 -.760370E+01 0.332212E+02
 0.500000E+01 -.290137E+01 -.156994E+01 -.762936E+01 0.384313E+02
 0.415495E+01 -.286991E+01 -.170806E+01 -.964688E+01 0.353253E+02
 0.338726E+01 -.286633E+01 -.155955E+01 -.922492E+01 0.424370E+02
 0.409478E+01 -.290371E+01 -.168865E+01 -.142101E+02 0.372705E+02
 0.346745E+01 -.287882E+01 -.166419E+01 -.893548E+01 0.330264E+02
 0.361755E+01 -.289006E+01 -.161107E+01 -.796067E+01 0.341768E+02
 0.455739E+01 -.289562E+01 -.168087E+01 -.794880E+01 0.344666E+02
 0.476114E+01 -.288277E+01 -.155918E+01 -.914262E+01 0.380452E+02
 0.494473E+01 -.285311E+01 -.169690E+01 -.837788E+01 0.416579E+02
 0.439773E+01 -.290466E+01 -.164873E+01 -.550000E+01 0.365879E+02
 0.486897E+01 -.288018E+01 -.165367E+01 -.769031E+01 0.329677E+02
 0.468268E+01 -.285760E+01 -.168055E+01 -.785543E+01 0.391948E+02
 0.421462E+01 -.288358E+01 -.154714E+01 -.100934E+02 0.391511E+02
 0.433720E+01 -.287685E+01 -.165179E+01 -.798492E+01 0.333606E+02
 0.394093E+01 -.291768E+01 -.167143E+01 -.766040E+01 0.435154E+02
 0.500000E+01 -.290916E+01 -.165829E+01 -.766731E+01 0.385440E+02
 0.427810E+01 -.289531E+01 -.169586E+01 -.106365E+02 0.350253E+02
 0.306438E+01 -.287581E+01 -.168227E+01 -.709471E+01 0.335549E+02
 0.449555E+01 -.287588E+01 -.167530E+01 -.744173E+01 0.334143E+02
 0.413489E+01 -.286525E+01 -.166780E+01 -.796892E+01 0.360151E+02
 0.269902E+01 -.288714E+01 -.169395E+01 -.768096E+01 0.336739E+02
 0.417572E+01 -.289402E+01 -.165968E+01 -.550000E+01 0.336976E+02
 0.370259E+01 -.289053E+01 -.162250E+01 -.112710E+02 0.337432E+02
 0.404003E+01 -.289112E+01 -.164990E+01 -.783761E+01 0.332606E+02
 0.399728E+01 -.288144E+01 -.176280E+01 -.790129E+01 0.388927E+02
 0.432349E+01 -.288696E+01 -.169404E+01 -.753622E+01 0.335770E+02
 0.379257E+01 -.290970E+01 -.162917E+01 -.740486E+01 0.386989E+02
 0.456012E+01 -.290857E+01 -.165578E+01 -.784939E+01 0.382536E+02
 0.410090E+01 -.289115E+01 -.163677E+01 -.614661E+01 0.334339E+02
 0.411955E+01 -.288146E+01 -.174763E+01 -.866549E+01 0.371329E+02
 0.464321E+01 -.289661E+01 -.152816E+01 -.653723E+01 0.413492E+02
 0.407477E+01 -.289685E+01 -.165661E+01 -.783404E+01 0.342925E+02
 0.416582E+01 -.287835E+01 -.156398E+01 -.767922E+01 0.382404E+02
 0.424830E+01 -.290178E+01 -.175015E+01 -.106721E+02 0.419492E+02
 0.454802E+01 -.288057E+01 -.165675E+01 -.767917E+01 0.329160E+02
 0.433564E+01 -.287931E+01 -.165817E+01 -.746774E+01 0.329970E+02
 0.246838E+01 -.287921E+01 -.179125E+01 -.680777E+01 0.434190E+02
 0.446113E+01 -.291846E+01 -.165078E+01 -.762766E+01 0.433033E+02
 0.357347E+01 -.289286E+01 -.165731E+01 -.767072E+01 0.334873E+02
 0.350000E+01 -.289561E+01 -.169051E+01 -.985379E+01 0.348355E+02
 0.500000E+01 -.291245E+01 -.163870E+01 -.767737E+01 0.399350E+02
 0.448444E+01 -.289277E+01 -.164200E+01 -.877799E+01 0.335596E+02
 0.413799E+01 -.288872E+01 -.154775E+01 -.719290E+01 0.388073E+02
 0.361701E+01 -.288471E+01 -.167595E+01 -.760988E+01 0.329194E+02
 0.479336E+01 -.287207E+01 -.158518E+01 -.639674E+01 0.378536E+02
 0.330194E+01 -.287462E+01 -.162058E+01 -.762571E+01 0.348298E+02
 0.388802E+01 -.288660E+01 -.167862E+01 -.935373E+01 0.330560E+02
 0.369818E+01 -.288162E+01 -.168137E+01 -.814620E+01 0.330201E+02
 0.443116E+01 -.286194E+01 -.166661E+01 -.772329E+01 0.373071E+02
 0.425034E+01 -.288385E+01 -.162505E+01 -.785568E+01 0.334640E+02
 0.460668E+01 -.290280E+01 -.165159E+01 -.778164E+01 0.359508E+02
 0.426331E+01 -.289315E+01 -.152332E+01 -.938794E+01 0.415719E+02
 0.347821E+01 -.288157E+01 -.172812E+01 -.781385E+01 0.353499E+02
 0.406800E+01 -.289488E+01 -.151026E+01 -.550000E+01 0.432900E+02
 0.382100E+01 -.289741E+01 -.172490E+01 -.721029E+01 0.376525E+02
 0.500000E+01 -.288603E+01 -.176102E+01 -.651769E+01 0.390727E+02
 0.481449E+01 -.288352E+01 -.165685E+01 -.773972E+01 0.327913E+02
 0.464040E+01 -.287943E+01 -.168808E+01 -.686781E+01 0.332659E+02
 0.409903E+01 -.287205E+01 -.168545E+01 -.689969E+01 0.341991E+02
 0.459666E+01 -.287649E+01 -.172850E+01 -.595214E+01 0.355031E+02
 0.296371E+01 -.288997E+01 -.166941E+01 -.786747E+01 0.332247E+02
 0.391356E+01 -.291242E+01 -.163447E+01 -.733786E+01 0.399497E+02
 0.395046E+01 -.287789E+01 -.167497E+01 -.784452E+01 0.331603E+02
 0.392941E+01 -.285822E+01 -.175146E+01 -.144299E+02 0.417425E+02
 0.414431E+01 -.288215E+01 -.165888E+01 -.734492E+01 0.328093E+02
 0.387322E+01 -.289799E+01 -.159272E+01 -.769415E+01 0.361724E+02
 0.429472E+01 -.288425E+01 -.166244E+01 -.738744E+01 0.327773E+02
 0.449027E+01 -.286327E+01 -.168607E+01 -.775155E+01 0.367531E+02
 0.451741E+01 -.287733E+01 -.165885E+01 -.767349E+01 0.332018E+02
 0.433132E+01 -.287906E+01 -.172788E+01 -.685714E+01 0.353182E+02
 0.296140E+01 -.286175E+01 -.157498E+01 -.757760E+01 0.430229E+02
 0.500000E+01 -.290095E+01 -.150348E+01 -.550000E+01 0.449086E+02
 0.480194E+01 -.288079E+01 -.162605E+01 -.769076E+01 0.336164E+02
 0.413487E+01 -.287750E+01 -.166949E+01 -.115577E+02 0.331589E+02
 0.500000E+01 -.286078E+01 -.164765E+01 -.550000E+01 0.383457E+02
 0.389298E+01 -.286216E+01 -.166773E+01 -.780022E+01 0.372592E+02
 0.350000E+01 -.287134E+01 -.168051E+01 -.678196E+01 0.343034E+02
 0.401793E+01 -.288482E+01 -.173087E+01 -.777534E+01 0.357234E+02
 0.415792E+01 -.288950E+01 -.163115E+01 -.950839E+01 0.333777E+02
 0.415070E+01 -.289386E+01 -.167953E+01 -.894892E+01 0.340556E+02
 0.411928E+01 -.285905E+01 -.168713E+01 -.936014E+01 0.384862E+02
 0.457656E+01 -.286222E+01 -.165778E+01 -.755149E+01 0.373734E+02
 0.430199E+01 -.287205E+01 -.169870E+01 -.802911E+01 0.345120E+02
 0.474761E+01 -.288061E+01 -.161804E+01 -.636597E+01 0.339813E+02
 0.444937E+01 -.287168E+01 -.177002E+01 -.737370E+01 0.401793E+02
 0.475145E+01 -.289226E+01 -.162563E+01 -.775722E+01 0.338809E+02
 0.425249E+01 -.287475E+01 -.167194E+01 -.969604E+01 0.335506E+02
 0.396262E+01 -.288388E+01 -.165850E+01 -.724737E+01 0.327824E+02
 0.356884E+01 -.287481E+01 -.178069E+01 -.885798E+01 0.414009E+02
 0.425996E+01 -.288845E+01 -.166608E+01 -.731922E+01 0.330083E+02
 0.500000E+01 -.287907E+01 -.166312E+01 -.757719E+01 0.329951E+02
 0.276575E+01 -.287384E+01 -.176425E+01 -.756094E+01 0.394381E+02
 0.435044E+01 -.290271E+01 -.165570E+01 -.881960E+01 0.359604E+02
 0.374211E+01 -.288543E+01 -.166374E+01 -.728631E+01 0.328053E+02
 0.430518E+01 -.288140E+01 -.173929E+01 -.103816E+02 0.362915E+02
 0.474602E+01 -.289070E+01 -.167620E+01 -.750431E+01 0.334180E+02
 0.407665E+01 -.287189E+01 -.166640E+01 -.727974E+01 0.341221E+02
 0.363073E+01 -.288869E+01 -.154240E+01 -.769728E+01 0.393456E+02
 0.428162E+01 -.289959E+01 -.156125E+01 -.711631E+01 0.387030E+02
 0.455071E+01 -.288597E+01 -.171115E+01 -.706213E+01 0.343622E+02
 0.350000E+01 -.287794E+01 -.175536E+01 -.756161E+01 0.379787E+02
 0.463618E+01 -.289244E+01 -.154342E+01 -.763234E+01 0.393598E+02
 0.432810E+01 -.287580E+01 -.179234E+01 -.920564E+01 0.431506E+02
 0.401234E+01 -.286912E+01 -.161495E+01 -.106861E+02 0.365956E+02
 0.429864E+01 -.287404E+01 -.165817E+01 -.756237E+01 0.337459E+02
 0.348446E+01 -.287952E+01 -.164664E+01 -.783979E+01 0.331443E+02
 0.500000E+01 -.289134E+01 -.165106E+01 -.768310E+01 0.332689E+02
 0.499788E+01 -.289216E+01 -.164062E+01 -.774116E+01 0.334822E+02
 0.372381E+01 -.288969E+01 -.165939E+01 -.727243E+01 0.330820E+02
 0.500000E+01 -.286064E+01 -.172465E+01 -.782790E+01 0.389415E+02
 0.350059E+01 -.288945E+01 -.164666E+01 -.727130E+01 0.331020E+02
 0.458064E+01 -.290148E+01 -.159998E+01 -.550000E+01 0.366706E+02
 0.402102E+01 -.288576E+01 -.166018E+01 -.728821E+01 0.328098E+02
 0.447596E+01 -.291144E+01 -.173637E+01 -.761114E+01 0.448659E+02
 0.429035E+01 -.288567E+01 -.166529E+01 -.733551E+01 0.328307E+02
 0.431748E+01 -.288802E+01 -.166197E+01 -.733516E+01 0.329437E+02
 0.350000E+01 -.288615E+01 -.152688E+01 -.107728E+02 0.411659E+02
 0.427291E+01 -.287816E+01 -.169897E+01 -.720197E+01 0.337119E+02
 0.500000E+01 -.290502E+01 -.173724E+01 -.718929E+01 0.417357E+02
 0.409107E+01 -.289679E+01 -.169926E+01 -.745229E+01 0.355646E+02
 0.500000E+01 -.286019E+01 -.164944E+01 -.762033E+01 0.385565E+02
 0.416698E+01 -.287727E+01 -.167088E+01 -.660509E+01 0.331942E+02
 0.434340E+01 -.288772E+01 -.149436E+01 -.758602E+01 0.452514E+02
 0.451043E+01 -.287826E+01 -.176651E+01 -.830733E+01 0.392980E+02
 0.424315E+01 -.290194E+01 -.165662E+01 -.742829E+01 0.357264E+02
 0.419427E+01 -.289000E+01 -.161841E+01 -.745058E+01 0.338417E+02
 0.419523E+01 -.287792E+01 -.167453E+01 -.672345E+01 0.331530E+02
 0.264241E+01 -.289573E+01 -.162745E+01 -.776790E+01 0.343260E+02
 0.466716E+01 -.290654E+01 -.166146E+01 -.749369E+01 0.375058E+02
 0.401952E+01 -.288727E+01 -.161707E+01 -.613003E+01 0.337689E+02
 0.439307E+01 -.288737E+01 -.171275E+01 -.815136E+01 0.345848E+02
 0.369918E+01 -.291063E+01 -.164704E+01 -.707399E+01 0.390827E+02
 0.500000E+01 -.290067E+01 -.157803E+01 -.550000E+01 0.376963E+02
 0.399493E+01 -.286767E+01 -.170302E+01 -.731049E+01 0.356766E+02
 0.465676E+01 -.291457E+01 -.158010E+01 -.107500E+02 0.426411E+02
 0.440258E+01 -.288682E+01 -.166315E+01 -.734388E+01 0.328636E+02
 0.325964E+01 -.288082E+01 -.156594E+01 -.647833E+01 0.376260E+02
 0.387381E+01 -.288630E+01 -.150432E+01 -.754294E+01 0.439740E+02
 0.432256E+01 -.288190E+01 -.165880E+01 -.740604E+01 0.328189E+02
 0.447974E+01 -.286102E+01 -.167707E+01 -.721788E+01 0.376428E+02
 0.380606E+01 -.289028E+01 -.165715E+01 -.731228E+01 0.331490E+02
 0.459534E+01 -.289375E+01 -.151388E+01 -.746975E+01 0.427009E+02
 0.443209E+01 -.288134E+01 -.164227E+01 -.768455E+01 0.330723E+02
 0.415296E+01 -.288152E+01 -.152828E+01 -.936075E+01 0.415664E+02
 0.408965E+01 -.288599E+01 -.156238E+01 -.764354E+01 0.374833E+02
 0.398750E+01 -.289589E+01 -.168970E+01 -.725281E+01 0.348719E+02
 0.376561E+01 -.288088E+01 -.163015E+01 -.769694E+01 0.334567E+02
 0.411214E+01 -.288315E+01 -.167870E+01 -.100345E+02 0.329450E+02
 0.437204E+01 -.288653E+01 -.164669E+01 -.855771E+01 0.329280E+02
 0.342124E+01 -.290347E+01 -.168361E+01 -.674687E+01 0.369802E+02
 0.482121E+01 -.289723E+01 -.159702E+01 -.761926E+01 0.357903E+02
 0.386196E+01 -.286147E+01 -.159742E+01 -.646451E+01 0.410504E+02
 0.421225E+01 -.285600E+01 -.159524E+01 -.778593E+01 0.442206E+02
 0.363335E+01 -.288870E+01 -.172956E+01 -.776090E+01 0.360786E+02
 0.405039E+01 -.288067E+01 -.174678E+01 -.571994E+01 0.370193E+02
 0.252169E+01 -.290386E+01 -.167387E+01 -.609353E+01 0.367690E+02
 0.498899E+01 -.289926E+01 -.166234E+01 -.753625E+01 0.349676E+02
 0.459135E+01 -.288702E+01 -.167441E+01 -.665134E+01 0.329989E+02
 0.385634E+01 -.288038E+01 -.164320E+01 -.773230E+01 0.331365E+02
 0.399576E+01 -.288188E+01 -.161210E+01 -.875478E+01 0.341603E+02
 0.420417E+01 -.285414E+01 -.164323E+01 -.121303E+02 0.420833E+02
 0.417716E+01 -.287069E+01 -.166831E+01 -.773084E+01 0.343993E+02
 0.400026E+01 -.289582E+01 -.164938E+01 -.770168E+01 0.340439E+02
 0.415348E+01 -.288085E+01 -.161771E+01 -.105478E+02 0.339909E+02
 0.445509E+01 -.288539E+01 -.166240E+01 -.732669E+01 0.327837E+02
 0.376775E+01 -.287799E+01 -.161037E+01 -.783207E+01 0.347232E+02
 0.417834E+01 -.288705E+01 -.157898E+01 -.791187E+01 0.360560E+02
 0.432595E+01 -.288372E+01 -.166098E+01 -.743202E+01 0.327743E+02
 0.450031E+01 -.291175E+01 -.165845E+01 -.773365E+01 0.397891E+02
 0.462327E+01 -.288448E+01 -.165781E+01 -.756774E+01 0.327865E+02
 0.422823E+01 -.286053E+01 -.165848E+01 -.107500E+02 0.380856E+02
 0.360756E+01 -.290172E+01 -.175501E+01 -.111499E+02 0.425676E+02
 0.462086E+01 -.291346E+01 -.161719E+01 -.737201E+01 0.407089E+02
 0.425092E+01 -.291467E+01 -.166375E+01 -.666909E+01 0.414924E+02
 0.446109E+01 -.288559E+01 -.168294E+01 -.745750E+01 0.330887E+02
 0.303121E+01 -.288348E+01 -.164025E+01 -.751645E+01 0.330479E+02
 0.441789E+01 -.290683E+01 -.168867E+01 -.860856E+01 0.386078E+02
 0.424000E+01 -.287013E+01 -.163165E+01 -.752818E+01 0.354108E+02
 0.429305E+01 -.285595E+01 -.162756E+01 -.931813E+01 0.418461E+02
 0.372230E+01 -.290307E+01 -.172288E+01 -.720347E+01 0.394632E+02
 0.423389E+01 -.288964E+01 -.168427E+01 -.996066E+01 0.335092E+02
 0.415946E+01 -.289249E+01 -.165432E+01 -.826256E+01 0.334040E+02
 0.350000E+01 -.287882E+01 -.160867E+01 -.673856E+01 0.347044E+02
 0.385656E+01 -.288474E+01 -.172164E+01 -.768485E+01 0.349592E+02
 0.403252E+01 -.289002E+01 -.151956E+01 -.637713E+01 0.419090E+02
 0.326188E+01 -.289025E+01 -.165803E+01 -.724384E+01 0.331390E+02
 0.350000E+01 -.288436E+01 -.165637E+01 -.629791E+01 0.327969E+02
 0.465474E+01 -.286254E+01 -.165862E+01 -.757325E+01 0.372635E+02
 0.465046E+01 -.288039E+01 -.168032E+01 -.842584E+01 0.330382E+02
 0.420919E+01 -.288012E+01 -.159222E+01 -.700645E+01 0.355663E+02
 0.454429E+01 -.286616E+01 -.177090E+01 -.828587E+01 0.412813E+02
 0.414977E+01 -.289663E+01 -.165885E+01 -.818882E+01 0.342594E+02
 0.408690E+01 -.288182E+01 -.165946E+01 -.729334E+01 0.328247E+02
 0.436801E+01 -.290940E+01 -.166773E+01 -.821374E+01 0.389308E+02
 0.329109E+01 -.288529E+01 -.172743E+01 -.550000E+01 0.354943E+02
 0.432882E+01 -.288525E+01 -.166282E+01 -.745401E+01 0.327942E+02
 0.427637E+01 -.290721E+01 -.167342E+01 -.792961E+01 0.380973E+02
 0.500000E+01 -.287936E+01 -.165866E+01 -.772261E+01 0.329894E+02
 0.357082E+01 -.288324E+01 -.173721E+01 -.778222E+01 0.361841E+02
 0.432909E+01 -.286472E+01 -.166309E+01 -.750653E+01 0.362771E+02
 0.463862E+01 -.288318E+01 -.178407E+01 -.728090E+01 0.420925E+02
 0.366952E+01 -.287368E+01 -.161040E+01 -.740109E+01 0.355806E+02
 0.479853E+01 -.287926E+01 -.150636E+01 -.903839E+01 0.447703E+02
 0.459702E+01 -.287743E+01 -.169671E+01 -.744119E+01 0.336891E+02
 0.434866E+01 -.288696E+01 -.167506E+01 -.742457E+01 0.330162E+02
 0.467010E+01 -.288763E+01 -.160779E+01 -.837010E+01 0.342125E+02
 0.372679E+01 -.286094E+01 -.167873E+01 -.736066E+01 0.376640E+02
 0.493820E+01 -.286929E+01 -.171609E+01 -.622401E+01 0.358168E+02
 0.498371E+01 -.288649E+01 -.166918E+01 -.767157E+01 0.328912E+02
 0.360606E+01 -.289105E+01 -.158108E+01 -.879442E+01 0.359987E+02
 0.428810E+01 -.289773E+01 -.173365E+01 -.883555E+01 0.385538E+02
 0.476188E+01 -.287128E+01 -.164526E+01 -.848780E+01 0.346568E+02
 0.348505E+01 -.287903E+01 -.164576E+01 -.864627E+01 0.332118E+02
 0.486730E+01 -.288175E+01 -.157409E+01 -.671603E+01 0.367896E+02
 0.486487E+01 -.287740E+01 -.179554E+01 -.550000E+01 0.436734E+02
 0.328681E+01 -.284860E+01 -.166386E+01 -.741839E+01 0.449467E+02
 0.446384E+01 -.288275E+01 -.167678E+01 -.822731E+01 0.329110E+02
 0.370549E+01 -.288290E+01 -.165695E+01 -.731712E+01 0.328030E+02
 0.432928E+01 -.288481E+01 -.166244E+01 -.744650E+01 0.327833E+02
 0.420288E+01 -.286914E+01 -.168766E+01 -.760543E+01 0.349105E+02
 0.436462E+01 -.288287E+01 -.165964E+01 -.765550E+01 0.327957E+02
 0.441789E+01 -.288446E+01 -.161415E+01 -.613269E+01 0.339091E+02
 0.365815E+01 -.289070E+01 -.170400E+01 -.550000E+01 0.345344E+02
 0.333607E+01 -.287340E+01 -.176712E+01 -.777427E+01 0.396798E+02
 0.446865E+01 -.286364E+01 -.166073E+01 -.817294E+01 0.367639E+02
 0.415977E+01 -.288240E+01 -.161334E+01 -.739841E+01 0.340568E+02
 0.500000E+01 -.287716E+01 -.165595E+01 -.719763E+01 0.332594E+02
 0.454320E+01 -.285753E+01 -.157769E+01 -.921649E+01 0.449900E+02
 0.447781E+01 -.289344E+01 -.168151E+01 -.739561E+01 0.340246E+02
 0.433663E+01 -.289578E+01 -.170227E+01 -.550000E+01 0.354923E+02
 0.500000E+01 -.288818E+01 -.156312E+01 -.697858E+01 0.373601E+02
 0.417689E+01 -.288214E+01 -.165290E+01 -.867436E+01 0.328637E+02
 0.295883E+01 -.288525E+01 -.166191E+01 -.785016E+01 0.328296E+02
 0.462402E+01 -.289339E+01 -.175605E+01 -.688715E+01 0.399010E+02
 0.477198E+01 -.285199E+01 -.164747E+01 -.815950E+01 0.432274E+02
 0.349273E+01 -.287150E+01 -.168703E+01 -.718786E+01 0.343563E+02
 0.500000E+01 -.288447E+01 -.161576E+01 -.756611E+01 0.338365E+02
 0.388080E+01 -.287584E+01 -.175028E+01 -.881025E+01 0.375060E+02
 0.409170E+01 -.288936E+01 -.166785E+01 -.812966E+01 0.331071E+02
 0.387839E+01 -.285735E+01 -.160659E+01 -.776508E+01 0.425112E+02
 0.200000E+01 -.287809E+01 -.157771E+01 -.930199E+01 0.370643E+02
 0.454684E+01 -.290461E+01 -.165580E+01 -.774447E+01 0.366474E+02
 0.302445E+01 -.288300E+01 -.161877E+01 -.678656E+01 0.337788E+02
 0.486101E+01 -.288782E+01 -.178261E+01 -.689025E+01 0.425243E+02
 0.500000E+01 -.289467E+01 -.160835E+01 -.764494E+01 0.348073E+02
 0.468540E+01 -.287217E+01 -.168720E+01 -.813853E+01 0.341892E+02
 0.302059E+01 -.285920E+01 -.165795E+01 -.650287E+01 0.388078E+02
 0.404848E+01 -.288499E+01 -.166105E+01 -.741948E+01 0.327890E+02
 0.395662E+01 -.287184E+01 -.179288E+01 -.764316E+01 0.434926E+02
 0.433732E+01 -.286433E+01 -.168625E+01 -.815629E+01 0.363467E+02
 0.413967E+01 -.285781E+01 -.173696E+01 -.664708E+01 0.408551E+02
 0.496701E+01 -.289041E+01 -.178657E+01 -.885527E+01 0.437502E+02
 0.432435E+01 -.288243E+01 -.165977E+01 -.742426E+01 0.327974E+02
 0.418803E+01 -.288828E+01 -.165992E+01 -.722209E+01 0.329393E+02
 0.382822E+01 -.288855E+01 -.161536E+01 -.732615E+01 0.338944E+02
 0.254057E+01 -.285976E+01 -.158179E+01 -.721579E+01 0.434681E+02
 0.361201E+01 -.288727E+01 -.158379E+01 -.726296E+01 0.356888E+02
 0.438969E+01 -.289582E+01 -.163705E+01 -.786939E+01 0.341368E+02
 0.409061E+01 -.288548E+01 -.157005E+01 -.757442E+01 0.368280E+02
 0.350000E+01 -.288604E+01 -.170512E+01 -.722575E+01 0.340253E+02
 0.401992E+01 -.287846E+01 -.167429E+01 -.942508E+01 0.330893E+02
 0.371398E+01 -.288187E+01 -.165270E+01 -.746986E+01 0.328753E+02
 0.453334E+01 -.290656E+01 -.167405E+01 -.714921E+01 0.378550E+02
 0.408904E+01 -.287931E+01 -.164073E+01 -.938204E+01 0.332898E+02
 0.311295E+01 -.286899E+01 -.168903E+01 -.696589E+01 0.350169E+02
 0.335387E+01 -.287276E+01 -.160581E+01 -.631417E+01 0.361173E+02
 0.430489E+01 -.289336E+01 -.165259E+01 -.731994E+01 0.335785E+02
 0.421219E+01 -.290044E+01 -.158760E+01 -.550000E+01 0.370477E+02
 0.392460E+01 -.288229E+01 -.166720E+01 -.758178E+01 0.328220E+02
 0.448001E+01 -.286959E+01 -.174574E+01 -.876658E+01 0.378563E+02
 0.425359E+01 -.287649E+01 -.155446E+01 -.889872E+01 0.395869E+02
 0.382263E+01 -.290133E+01 -.167903E+01 -.717236E+01 0.360542E+02
 0.369171E+01 -.288670E+01 -.160558E+01 -.568343E+01 0.343126E+02
 0.442283E+01 -.288416E+01 -.176725E+01 -.801352E+01 0.397015E+02
 0.471266E+01 -.288634E+01 -.149852E+01 -.924454E+01 0.447500E+02
 0.393569E+01 -.291916E+01 -.167262E+01 -.740061E+01 0.445060E+02
 0.461044E+01 -.287930E+01 -.168335E+01 -.730533E+01 0.331616E+02
 0.500000E+01 -.286907E+01 -.157047E+01 -.143895E+02 0.401995E+02
 0.408754E+01 -.290265E+01 -.164648E+01 -.898561E+01 0.358723E+02
 0.447588E+01 -.288496E+01 -.166198E+01 -.743540E+01 0.327966E+02
 0.369765E+01 -.287265E+01 -.153041E+01 -.621242E+01 0.434304E+02
 0.362276E+01 -.289212E+01 -.152577E+01 -.913591E+01 0.412226E+02
 0.432156E+01 -.288366E+01 -.165980E+01 -.741743E+01 0.327840E+02
 0.432791E+01 -.285255E+01 -.166248E+01 -.730239E+01 0.422860E+02
 0.386724E+01 -.289290E+01 -.163257E+01 -.661966E+01 0.337205E+02
 0.435058E+01 -.288952E+01 -.165977E+01 -.735937E+01 0.330638E+02
 0.500000E+01 -.290455E+01 -.171476E+01 -.734021E+01 0.393293E+02
 0.424107E+01 -.289846E+01 -.150951E+01 -.702744E+01 0.437551E+02
 0.427702E+01 -.289494E+01 -.164171E+01 -.739835E+01 0.339213E+02
 0.457713E+01 -.288691E+01 -.162432E+01 -.751408E+01 0.334856E+02
 0.296254E+01 -.289033E+01 -.165172E+01 -.755226E+01 0.331608E+02
 0.358830E+01 -.290064E+01 -.175009E+01 -.707424E+01 0.414601E+02
 0.450984E+01 -.287485E+01 -.163121E+01 -.762758E+01 0.342838E+02
 0.237728E+01 -.290636E+01 -.154148E+01 -.701550E+01 0.418128E+02
 0.266360E+01 -.287964E+01 -.174541E+01 -.653563E+01 0.370756E+02
 0.420820E+01 -.287865E+01 -.165040E+01 -.741806E+01 0.331654E+02
 0.462007E+01 -.288207E+01 -.172210E+01 -.744866E+01 0.348824E+02
 0.267857E+01 -.289278E+01 -.153497E+01 -.686661E+01 0.401414E+02
 0.419762E+01 -.289688E+01 -.163663E+01 -.761643E+01 0.343590E+02
 0.425944E+01 -.288502E+01 -.175842E+01 -.107500E+02 0.386302E+02
 0.337893E+01 -.288064E+01 -.170604E+01 -.758168E+01 0.339317E+02
 0.445018E+01 -.288228E+01 -.161399E+01 -.640626E+01 0.340542E+02
 0.411462E+01 -.288843E+01 -.167383E+01 -.750228E+01 0.331039E+02
 0.427519E+01 -.285302E+01 -.167077E+01 -.733673E+01 0.418027E+02
 0.485828E+01 -.288351E+01 -.165368E+01 -.680457E+01 0.328125E+02
 0.404178E+01 -.288098E+01 -.158601E+01 -.822314E+01 0.359414E+02
 0.436067E+01 -.287726E+01 -.178923E+01 -.668702E+01 0.426061E+02
 0.435772E+01 -.286058E+01 -.168180E+01 -.827118E+01 0.378119E+02
 0.420281E+01 -.288712E+01 -.166957E+01 -.664262E+01 0.329266E+02
 0.383162E+01 -.285254E+01 -.165005E+01 -.840542E+01 0.427017E+02
 0.392912E+01 -.288254E+01 -.165818E+01 -.721583E+01 0.328291E+02
 0.450334E+01 -.290194E+01 -.172024E+01 -.778440E+01 0.387435E+02
 0.408129E+01 -.291675E+01 -.164406E+01 -.767567E+01 0.422607E+02
 0.416617E+01 -.287653E+01 -.150659E+01 -.759955E+01 0.454128E+02
 0.432652E+01 -.288484E+01 -.166118E+01 -.743904E+01 0.327798E+02
 0.434045E+01 -.289721E+01 -.166775E+01 -.789123E+01 0.345037E+02
 0.486696E+01 -.287736E+01 -.165880E+01 -.767295E+01 0.332040E+02
 0.424427E+01 -.289724E+01 -.171140E+01 -.826843E+01 0.364935E+02
 0.407582E+01 -.286217E+01 -.178884E+01 -.983082E+01 0.447537E+02
 0.447275E+01 -.289669E+01 -.174312E+01 -.795822E+01 0.392367E+02
 0.461199E+01 -.289418E+01 -.153574E+01 -.712359E+01 0.402839E+02
 0.426732E+01 -.286534E+01 -.164814E+01 -.739419E+01 0.364014E+02
 0.482985E+01 -.288635E+01 -.175144E+01 -.729084E+01 0.379647E+02
 0.446254E+01 -.289024E+01 -.162723E+01 -.740257E+01 0.335590E+02
 0.375549E+01 -.290351E+01 -.172313E+01 -.601681E+01 0.396475E+02
 0.500000E+01 -.288687E+01 -.162970E+01 -.779414E+01 0.332972E+02
 0.431182E+01 -.288461E+01 -.167443E+01 -.746466E+01 0.328923E+02
 0.500000E+01 -.286119E+01 -.167788E+01 -.842489E+01 0.375650E+02
 0.334857E+01 -.290497E+01 -.160159E+01 -.715082E+01 0.376290E+02
 0.500000E+01 -.288933E+01 -.161225E+01 -.751383E+01 0.340626E+02
 0.409240E+01 -.287836E+01 -.167957E+01 -.790964E+01 0.331671E+02
 0.424652E+01 -.287384E+01 -.173675E+01 -.149708E+02 0.364178E+02
 0.441073E+01 -.288065E+01 -.167350E+01 -.753831E+01 0.329315E+02
 0.435286E+01 -.289627E+01 -.154585E+01 -.550000E+01 0.395077E+02
 0.463354E+01 -.287313E+01 -.166440E+01 -.770009E+01 0.338524E+02
 0.500000E+01 -.288087E+01 -.169458E+01 -.834448E+01 0.334051E+02
 0.397427E+01 -.288414E+01 -.149511E+01 -.701976E+01 0.454475E+02
 0.398509E+01 -.285377E+01 -.164701E+01 -.835429E+01 0.420935E+02
 0.432907E+01 -.288306E+01 -.165820E+01 -.891466E+01 0.327858E+02
 0.442005E+01 -.288627E+01 -.165983E+01 -.825461E+01 0.328323E+02
 0.350737E+01 -.288325E+01 -.165835E+01 -.729947E+01 0.327969E+02
 0.399455E+01 -.290089E+01 -.167532E+01 -.772514E+01 0.357615E+02
 0.307869E+01 -.288243E+01 -.160849E+01 -.851232E+01 0.343122E+02
 0.433035E+01 -.288290E+01 -.166198E+01 -.744899E+01 0.327890E+02
 0.325066E+01 -.289235E+01 -.174017E+01 -.688915E+01 0.377691E+02
 0.434015E+01 -.291648E+01 -.166271E+01 -.801154E+01 0.424464E+02
 0.450632E+01 -.289522E+01 -.164067E+01 -.646378E+01 0.339857E+02
 0.457044E+01 -.287873E+01 -.165914E+01 -.757834E+01 0.330401E+02
 0.384144E+01 -.287477E+01 -.177819E+01 -.599989E+01 0.410204E+02
 0.418316E+01 -.288840E+01 -.172686E+01 -.728783E+01 0.357637E+02
 0.430309E+01 -.285358E+01 -.165371E+01 -.757150E+01 0.419544E+02
 0.467809E+01 -.288359E+01 -.171190E+01 -.745012E+01 0.342497E+02
 0.484702E+01 -.287894E+01 -.163219E+01 -.719310E+01 0.335813E+02
 0.500000E+01 -.291610E+01 -.161543E+01 -.710227E+01 0.420769E+02
 0.444157E+01 -.285796E+01 -.162328E+01 -.611911E+01 0.409703E+02
 0.350000E+01 -.289193E+01 -.168791E+01 -.755330E+01 0.339745E+02
 0.428787E+01 -.289145E+01 -.163301E+01 -.716004E+01 0.335519E+02
 0.480761E+01 -.289783E+01 -.168146E+01 -.846902E+01 0.350261E+02
 0.428584E+01 -.288663E+01 -.167284E+01 -.833376E+01 0.329481E+02
 0.484857E+01 -.288423E+01 -.171926E+01 -.550000E+01 0.347681E+02
 0.418853E+01 -.286638E+01 -.170118E+01 -.801546E+01 0.359930E+02
 0.428269E+01 -.288058E+01 -.157554E+01 -.160000E+02 0.368078E+02
 0.500000E+01 -.288482E+01 -.164453E+01 -.740825E+01 0.329160E+02
 0.381173E+01 -.288526E+01 -.168117E+01 -.810354E+01 0.330570E+02
 0.450142E+01 -.286457E+01 -.166104E+01 -.777506E+01 0.364012E+02
 0.421911E+01 -.288374E+01 -.166653E+01 -.855367E+01 0.327872E+02
 0.436211E+01 -.288694E+01 -.168403E+01 -.631295E+01 0.332244E+02
 0.483376E+01 -.288785E+01 -.175922E+01 -.649194E+01 0.391329E+02
 0.369501E+01 -.290029E+01 -.166649E+01 -.755772E+01 0.353405E+02
 0.443343E+01 -.287994E+01 -.165198E+01 -.101310E+02 0.330051E+02
 0.430070E+01 -.289185E+01 -.149679E+01 -.550000E+01 0.448091E+02
 0.315254E+01 -.289608E+01 -.165831E+01 -.702252E+01 0.341193E+02
 0.456467E+01 -.284748E+01 -.171044E+01 -.703685E+01 0.453401E+02
 0.466823E+01 -.288525E+01 -.166150E+01 -.741031E+01 0.327934E+02
 0.447690E+01 -.287466E+01 -.165286E+01 -.776408E+01 0.337171E+02
 0.432602E+01 -.287955E+01 -.159372E+01 -.766950E+01 0.355415E+02
 0.432775E+01 -.288310E+01 -.166009E+01 -.742424E+01 0.327805E+02
 0.432684E+01 -.289151E+01 -.165733E+01 -.725471E+01 0.332898E+02
 0.425318E+01 -.288712E+01 -.165969E+01 -.736549E+01 0.328693E+02
 0.417256E+01 -.290336E+01 -.166805E+01 -.751922E+01 0.363825E+02
 0.417769E+01 -.289537E+01 -.152921E+01 -.784162E+01 0.410919E+02
 0.296408E+01 -.286196E+01 -.170651E+01 -.635830E+01 0.377968E+02
 0.336120E+01 -.287906E+01 -.177887E+01 -.756671E+01 0.410761E+02
 0.439036E+01 -.289087E+01 -.166169E+01 -.761377E+01 0.332268E+02
 0.401413E+01 -.288443E+01 -.165412E+01 -.757704E+01 0.328122E+02
 0.411284E+01 -.287797E+01 -.168802E+01 -.710583E+01 0.333724E+02
 0.406246E+01 -.287883E+01 -.167841E+01 -.738910E+01 0.331145E+02
 0.390188E+01 -.287366E+01 -.153189E+01 -.815139E+01 0.429373E+02
 0.448106E+01 -.288253E+01 -.152664E+01 -.765250E+01 0.415993E+02
 0.417095E+01 -.288769E+01 -.165982E+01 -.808617E+01 0.329056E+02
 0.356152E+01 -.288533E+01 -.161554E+01 -.770630E+01 0.338293E+02
 0.355997E+01 -.285643E+01 -.160014E+01 -.812674E+01 0.436410E+02
 0.443924E+01 -.286406E+01 -.173872E+01 -.699379E+01 0.386557E+02
 0.419080E+01 -.288727E+01 -.166683E+01 -.736405E+01 0.329142E+02
 0.451346E+01 -.290609E+01 -.155630E+01 -.759666E+01 0.408392E+02
 0.429211E+01 -.289610E+01 -.159990E+01 -.107500E+02 0.354672E+02
 0.350000E+01 -.288591E+01 -.165022E+01 -.756898E+01 0.328665E+02
 0.382788E+01 -.287581E+01 -.177718E+01 -.894526E+01 0.408281E+02
 0.364321E+01 -.290496E+01 -.167449E+01 -.740349E+01 0.372089E+02
 0.357099E+01 -.288612E+01 -.163741E+01 -.769169E+01 0.330721E+02
 0.479020E+01 -.288369E+01 -.180105E+01 -.658530E+01 0.450904E+02
 0.394131E+01 -.286105E+01 -.164464E+01 -.630395E+01 0.383057E+02
 0.494086E+01 -.285894E+01 -.166724E+01 -.810452E+01 0.386723E+02
 0.436391E+01 -.288658E+01 -.158186E+01 -.762231E+01 0.358467E+02
 0.392518E+01 -.290490E+01 -.168292E+01 -.711462E+01 0.375275E+02
 0.428085E+01 -.287835E+01 -.166414E+01 -.773551E+01 0.330612E+02
 0.416751E+01 -.285795E+01 -.164537E+01 -.707530E+01 0.398415E+02
 0.500000E+01 -.288269E+01 -.166222E+01 -.731371E+01 0.327852E+02
 0.378858E+01 -.286863E+01 -.166935E+01 -.809766E+01 0.349588E+02
 0.377673E+01 -.285736E+01 -.167016E+01 -.744665E+01 0.394352E+02
 0.432212E+01 -.288418E+01 -.166017E+01 -.741181E+01 0.327835E+02
 0.431563E+01 -.286894E+01 -.165640E+01 -.674815E+01 0.349901E+02
 0.439275E+01 -.289267E+01 -.165987E+01 -.736346E+01 0.334730E+02
 0.346285E+01 -.288233E+01 -.160536E+01 -.823133E+01 0.344874E+02
 0.500000E+01 -.285120E+01 -.167365E+01 -.730922E+01 0.428934E+02
 0.391823E+01 -.287811E+01 -.169249E+01 -.774512E+01 0.334921E+02
 0.439568E+01 -.291464E+01 -.164977E+01 -.752972E+01 0.411377E+02
 0.370913E+01 -.288422E+01 -.161265E+01 -.758851E+01 0.339892E+02
 0.360607E+01 -.288592E+01 -.172335E+01 -.725246E+01 0.352055E+02
 0.488463E+01 -.287797E+01 -.164896E+01 -.737512E+01 0.332535E+02
 0.438426E+01 -.291786E+01 -.169021E+01 -.715365E+01 0.445666E+02
 0.319232E+01 -.289490E+01 -.154953E+01 -.751723E+01 0.389384E+02
 0.298106E+01 -.287653E+01 -.168137E+01 -.617426E+01 0.334613E+02
 0.420458E+01 -.288326E+01 -.164766E+01 -.771916E+01 0.328845E+02
 0.367922E+01 -.288209E+01 -.159936E+01 -.804256E+01 0.348711E+02
 0.481236E+01 -.290457E+01 -.169410E+01 -.729797E+01 0.379225E+02
 0.431182E+01 -.290387E+01 -.163350E+01 -.687889E+01 0.364061E+02
 0.350000E+01 -.285223E+01 -.167595E+01 -.824738E+01 0.422488E+02
 0.429186E+01 -.288463E+01 -.170791E+01 -.550000E+01 0.340764E+02
 0.370751E+01 -.288165E+01 -.168572E+01 -.756683E+01 0.331227E+02
 0.397310E+01 -.287820E+01 -.165140E+01 -.704174E+01 0.331902E+02
 0.433381E+01 -.286752E+01 -.154951E+01 -.948336E+01 0.430296E+02
 0.326814E+01 -.291072E+01 -.166633E+01 -.721414E+01 0.394454E+02
 0.399157E+01 -.288425E+01 -.166785E+01 -.669729E+01 0.328176E+02
 0.493395E+01 -.288153E+01 -.156121E+01 -.792589E+01 0.379773E+02
 0.418315E+01 -.288261E+01 -.153954E+01 -.639341E+01 0.400842E+02
 0.393162E+01 -.287037E+01 -.165748E+01 -.725472E+01 0.345990E+02
 0.471959E+01 -.291267E+01 -.167330E+01 -.711123E+01 0.407421E+02
 0.423541E+01 -.287966E+01 -.166865E+01 -.664683E+01 0.329467E+02
 0.334131E+01 -.287096E+01 -.171450E+01 -.132080E+02 0.354201E+02
 0.350000E+01 -.288248E+01 -.166198E+01 -.723211E+01 0.328072E+02
 0.392521E+01 -.288249E+01 -.164411E+01 -.550000E+01 0.329770E+02
 0.432237E+01 -.288441E+01 -.166123E+01 -.744870E+01 0.327751E+02
 0.432034E+01 -.285601E+01 -.166142E+01 -.669973E+01 0.402805E+02
 0.452303E+01 -.288010E+01 -.165854E+01 -.751724E+01 0.329232E+02
 0.436506E+01 -.288565E+01 -.164344E+01 -.678991E+01 0.329509E+02
 0.333006E+01 -.289031E+01 -.160842E+01 -.853805E+01 0.343263E+02
 0.444001E+01 -.285307E+01 -.173768E+01 -.848864E+01 0.431594E+02
 0.440088E+01 -.288316E+01 -.158690E+01 -.778110E+01 0.356609E+02
 0.432818E+01 -.291777E+01 -.164485E+01 -.747508E+01 0.428813E+02
 0.446274E+01 -.288392E+01 -.165916E+01 -.740760E+01 0.327755E+02
 0.406425E+01 -.288879E+01 -.165919E+01 -.741324E+01 0.330049E+02
 0.395578E+01 -.289359E+01 -.170956E+01 -.964421E+01 0.354315E+02
 0.437245E+01 -.288586E+01 -.164464E+01 -.740946E+01 0.329381E+02
 0.424025E+01 -.291321E+01 -.165126E+01 -.550000E+01 0.404547E+02
 0.338461E+01 -.287937E+01 -.178837E+01 -.550000E+01 0.425600E+02
 0.430542E+01 -.287909E+01 -.165691E+01 -.738257E+01 0.330282E+02
 0.401562E+01 -.288233E+01 -.167204E+01 -.749083E+01 0.328639E+02
 0.475435E+01 -.291613E+01 -.166107E+01 -.837283E+01 0.422629E+02
 0.432934E+01 -.286014E+01 -.174420E+01 -.777782E+01 0.404165E+02
 0.311324E+01 -.289602E+01 -.158415E+01 -.740200E+01 0.363374E+02
 0.432810E+01 -.288158E+01 -.163440E+01 -.710527E+01 0.332629E+02
 0.445335E+01 -.289121E+01 -.167257E+01 -.767681E+01 0.334274E+02
 0.430439E+01 -.287485E+01 -.173417E+01 -.715621E+01 0.360928E+02
 0.460272E+01 -.287997E+01 -.168968E+01 -.751931E+01 0.332777E+02
 0.451290E+01 -.289085E+01 -.154976E+01 -.571477E+01 0.386581E+02
 0.476814E+01 -.287204E+01 -.166543E+01 -.724701E+01 0.340973E+02
 0.465822E+01 -.288017E+01 -.173676E+01 -.778292E+01 0.360402E+02
 0.476083E+01 -.288154E+01 -.168779E+01 -.736323E+01 0.331708E+02
 0.431002E+01 -.288283E+01 -.159455E+01 -.813580E+01 0.351250E+02
 0.439796E+01 -.289310E+01 -.164534E+01 -.804246E+01 0.335596E+02
 0.423398E+01 -.287972E+01 -.154224E+01 -.586696E+01 0.402149E+02
 0.376374E+01 -.284844E+01 -.165091E+01 -.788381E+01 0.454274E+02
 0.430758E+01 -.288208E+01 -.165597E+01 -.913599E+01 0.328307E+02
 0.438723E+01 -.291017E+01 -.160830E+01 -.779448E+01 0.393874E+02
 0.368255E+01 -.288506E+01 -.166084E+01 -.732519E+01 0.327950E+02
 0.413831E+01 -.290477E+01 -.168388E+01 -.743402E+01 0.374617E+02
 0.416899E+01 -.289047E+01 -.164923E+01 -.749767E+01 0.331715E+02
 0.433086E+01 -.288346E+01 -.166192E+01 -.744431E+01 0.327815E+02
 0.433331E+01 -.287745E+01 -.165957E+01 -.804961E+01 0.331831E+02
 0.448806E+01 -.287420E+01 -.165845E+01 -.757562E+01 0.337226E+02
 0.433393E+01 -.285851E+01 -.175748E+01 -.768460E+01 0.422119E+02
 0.399594E+01 -.289754E+01 -.172844E+01 -.103950E+02 0.379924E+02
 0.377856E+01 -.287514E+01 -.164919E+01 -.718272E+01 0.336955E+02
 0.472506E+01 -.289329E+01 -.150604E+01 -.550000E+01 0.436654E+02
 0.445497E+01 -.288049E+01 -.167894E+01 -.770521E+01 0.330128E+02
 0.432584E+01 -.286918E+01 -.165172E+01 -.745698E+01 0.350286E+02
 0.500000E+01 -.288349E+01 -.169946E+01 -.727648E+01 0.335972E+02
 0.464669E+01 -.288415E+01 -.161266E+01 -.754182E+01 0.339926E+02
 0.366799E+01 -.288689E+01 -.167014E+01 -.773794E+01 0.329355E+02
 0.396539E+01 -.288778E+01 -.173906E+01 -.906184E+01 0.368192E+02
 0.424154E+01 -.288145E+01 -.166620E+01 -.773146E+01 0.328405E+02
 0.368960E+01 -.288564E+01 -.166587E+01 -.550000E+01 0.328303E+02
 0.384510E+01 -.288667E+01 -.159982E+01 -.762878E+01 0.346381E+02
 0.425299E+01 -.290520E+01 -.171625E+01 -.787190E+01 0.397602E+02
 0.425896E+01 -.287171E+01 -.170702E+01 -.807271E+01 0.348847E+02
 0.424316E+01 -.288727E+01 -.162916E+01 -.124062E+02 0.333419E+02
 0.500000E+01 -.288035E+01 -.166624E+01 -.744342E+01 0.328915E+02
 0.424537E+01 -.288966E+01 -.158650E+01 -.603315E+01 0.355644E+02
 0.500000E+01 -.285496E+01 -.167030E+01 -.775959E+01 0.407139E+02
 0.432789E+01 -.288327E+01 -.167517E+01 -.832709E+01 0.328856E+02
 0.383123E+01 -.288584E+01 -.176079E+01 -.694572E+01 0.390551E+02
 0.420510E+01 -.287357E+01 -.157873E+01 -.731246E+01 0.379857E+02
 0.439386E+01 -.288547E+01 -.164908E+01 -.902255E+01 0.328566E+02
 0.494366E+01 -.290640E+01 -.165788E+01 -.550000E+01 0.373458E+02
 0.451996E+01 -.286888E+01 -.164457E+01 -.781857E+01 0.353431E+02
 0.493713E+01 -.288515E+01 -.165952E+01 -.738755E+01 0.327885E+02
 0.458369E+01 -.288122E+01 -.164189E+01 -.746249E+01 0.330869E+02
 0.468067E+01 -.286542E+01 -.170914E+01 -.767138E+01 0.365450E+02
 0.448730E+01 -.287919E+01 -.176224E+01 -.788939E+01 0.387437E+02
 0.432947E+01 -.288308E+01 -.166173E+01 -.741554E+01 0.327807E+02
 0.434359E+01 -.290188E+01 -.165873E+01 -.884448E+01 0.357020E+02
 0.456236E+01 -.288757E+01 -.165928E+01 -.750115E+01 0.328912E+02
 0.434265E+01 -.289355E+01 -.168552E+01 -.796485E+01 0.341694E+02
 0.353541E+01 -.286722E+01 -.169871E+01 -.629367E+01 0.356942E+02
 0.427106E+01 -.287595E+01 -.165044E+01 -.753982E+01 0.335145E+02
 0.448651E+01 -.288001E+01 -.175410E+01 -.734551E+01 0.377847E+02
 0.447637E+01 -.286277E+01 -.166022E+01 -.755271E+01 0.371270E+02
 0.350000E+01 -.288353E+01 -.170281E+01 -.743097E+01 0.337728E+02
 0.459513E+01 -.288077E+01 -.167248E+01 -.745366E+01 0.329117E+02
 0.436862E+01 -.289452E+01 -.163713E+01 -.744578E+01 0.339191E+02
 0.326470E+01 -.288130E+01 -.168034E+01 -.749661E+01 0.330267E+02
 0.428985E+01 -.287910E+01 -.161544E+01 -.719306E+01 0.343033E+02
 0.427087E+01 -.288588E+01 -.166790E+01 -.757536E+01 0.328459E+02
 0.312189E+01 -.288671E+01 -.168577E+01 -.782618E+01 0.332852E+02
 0.452868E+01 -.285196E+01 -.163213E+01 -.698357E+01 0.439692E+02
 0.450780E+01 -.287648E+01 -.172908E+01 -.765021E+01 0.355477E+02
 0.421748E+01 -.287274E+01 -.172143E+01 -.827108E+01 0.354564E+02
 0.409396E+01 -.287219E+01 -.175354E+01 -.746175E+01 0.382092E+02
 0.417359E+01 -.289505E+01 -.156486E+01 -.108084E+02 0.376385E+02
 0.411715E+01 -.288168E+01 -.164071E+01 -.755571E+01 0.330885E+02
 0.422214E+01 -.287364E+01 -.170491E+01 -.740360E+01 0.344565E+02
 0.392055E+01 -.287630E+01 -.172152E+01 -.716483E+01 0.350334E+02
 0.249279E+01 -.287532E+01 -.150959E+01 -.118433E+02 0.452031E+02
 0.384661E+01 -.288520E+01 -.164811E+01 -.922469E+01 0.328801E+02
 0.424914E+01 -.288686E+01 -.176580E+01 -.620435E+01 0.398505E+02
 0.400265E+01 -.290768E+01 -.159986E+01 -.633865E+01 0.386905E+02
 0.424353E+01 -.288297E+01 -.180100E+01 -.887245E+01 0.450002E+02
 0.424227E+01 -.289725E+01 -.166532E+01 -.769616E+01 0.344861E+02
 0.440601E+01 -.288932E+01 -.166864E+01 -.875075E+01 0.331213E+02
 0.427622E+01 -.288348E+01 -.166320E+01 -.656355E+01 0.327783E+02
 0.496837E+01 -.286513E+01 -.157683E+01 -.102400E+02 0.411288E+02
 0.200000E+01 -.287030E+01 -.165405E+01 -.734230E+01 0.353919E+02
 0.441946E+01 -.286722E+01 -.169522E+01 -.763915E+01 0.355559E+02
 0.494251E+01 -.288393E+01 -.165909E+01 -.745400E+01 0.327710E+02
 0.451296E+01 -.291434E+01 -.166874E+01 -.783128E+01 0.414599E+02
 0.500000E+01 -.289153E+01 -.157435E+01 -.783408E+01 0.365426E+02
 0.279747E+01 -.290491E+01 -.169442E+01 -.755366E+01 0.380899E+02
 0.458118E+01 -.288385E+01 -.166032E+01 -.741214E+01 0.327741E+02
 0.457043E+01 -.286624E+01 -.165853E+01 -.806764E+01 0.358184E+02
 0.478658E+01 -.289532E+01 -.165908E+01 -.745809E+01 0.339450E+02
 0.492278E+01 -.290217E+01 -.159982E+01 -.740760E+01 0.368622E+02
 0.500000E+01 -.287964E+01 -.159054E+01 -.729047E+01 0.357637E+02
 0.467318E+01 -.287008E+01 -.169764E+01 -.682023E+01 0.348819E+02
 0.338460E+01 -.287118E+01 -.176554E+01 -.126065E+02 0.397495E+02
 0.370826E+01 -.289731E+01 -.160974E+01 -.119401E+02 0.352384E+02
 0.500000E+01 -.288359E+01 -.167485E+01 -.747680E+01 0.328720E+02
 0.486679E+01 -.291210E+01 -.165571E+01 -.750657E+01 0.399385E+02
 0.352768E+01 -.288409E+01 -.167032E+01 -.757929E+01 0.328442E+02
 0.358127E+01 -.288452E+01 -.169850E+01 -.719009E+01 0.336078E+02
 0.476470E+01 -.288112E+01 -.166894E+01 -.747703E+01 0.328678E+02
 0.392429E+01 -.289363E+01 -.159741E+01 -.768060E+01 0.352209E+02
 0.500000E+01 -.288144E+01 -.166502E+01 -.742303E+01 0.328326E+02
 0.314814E+01 -.288563E+01 -.153881E+01 -.772973E+01 0.398459E+02
 0.485917E+01 -.291081E+01 -.157485E+01 -.707889E+01 0.412586E+02
 0.487847E+01 -.287191E+01 -.164039E+01 -.658916E+01 0.346059E+02
 0.477038E+01 -.287155E+01 -.169312E+01 -.761028E+01 0.344570E+02
 0.500000E+01 -.290101E+01 -.165827E+01 -.654597E+01 0.354249E+02
 0.500000E+01 -.288960E+01 -.158416E+01 -.624215E+01 0.357121E+02
 0.405676E+01 -.288364E+01 -.163179E+01 -.764692E+01 0.332434E+02
 0.418555E+01 -.287275E+01 -.172547E+01 -.837451E+01 0.357239E+02
 0.363432E+01 -.291885E+01 -.166734E+01 -.745505E+01 0.440958E+02
 0.433769E+01 -.289457E+01 -.161353E+01 -.750503E+01 0.345793E+02
 0.423123E+01 -.288561E+01 -.164712E+01 -.743202E+01 0.328870E+02
 0.499540E+01 -.288467E+01 -.152626E+01 -.755752E+01 0.413873E+02
 0.500000E+01 -.285968E+01 -.178265E+01 -.780137E+01 0.446679E+02
 0.434472E+01 -.288664E+01 -.171109E+01 -.583428E+01 0.344079E+02
 0.442784E+01 -.291813E+01 -.167345E+01 -.703938E+01 0.439030E+02
 0.458980E+01 -.288241E+01 -.167079E+01 -.556492E+01 0.328396E+02
 0.354308E+01 -.286821E+01 -.163826E+01 -.103510E+02 0.357762E+02
 0.496765E+01 -.288877E+01 -.167663E+01 -.761372E+01 0.332060E+02
 0.494702E+01 -.288291E+01 -.165873E+01 -.750965E+01 0.327860E+02
 0.490534E+01 -.285719E+01 -.168014E+01 -.770623E+01 0.393999E+02
 0.413323E+01 -.287085E+01 -.160804E+01 -.752951E+01 0.364770E+02
 0.500000E+01 -.287310E+01 -.172780E+01 -.773178E+01 0.358259E+02
 0.498994E+01 -.289051E+01 -.177690E+01 -.105468E+02 0.421625E+02
 0.485394E+01 -.288449E+01 -.165909E+01 -.744909E+01 0.327848E+02
 0.473049E+01 -.285321E+01 -.166002E+01 -.688367E+01 0.419136E+02
 0.500000E+01 -.287830E+01 -.165782E+01 -.746032E+01 0.331030E+02
 0.493973E+01 -.288215E+01 -.158043E+01 -.689101E+01 0.362199E+02
 0.500000E+01 -.288710E+01 -.165952E+01 -.774805E+01 0.328631E+02
 0.468110E+01 -.288697E+01 -.159076E+01 -.755675E+01 0.352053E+02
 0.500000E+01 -.288420E+01 -.162839E+01 -.755559E+01 0.333394E+02
 0.481856E+01 -.288861E+01 -.166569E+01 -.742963E+01 0.330144E+02
 0.401345E+01 -.291615E+01 -.170079E+01 -.920350E+01 0.442779E+02
 0.500000E+01 -.288433E+01 -.164415E+01 -.756236E+01 0.329244E+02
 0.462358E+01 -.288129E+01 -.159882E+01 -.550000E+01 0.349822E+02
 0.463715E+01 -.287853E+01 -.165445E+01 -.731645E+01 0.331054E+02
 0.323241E+01 -.288337E+01 -.151017E+01 -.760204E+01 0.434964E+02
 0.500000E+01 -.289986E+01 -.163414E+01 -.995847E+01 0.351323E+02
 0.357412E+01 -.289144E+01 -.161763E+01 -.562044E+01 0.340023E+02
 0.500000E+01 -.291448E+01 -.160151E+01 -.701915E+01 0.416261E+02
 0.417296E+01 -.291318E+01 -.161539E+01 -.700581E+01 0.405545E+02
 0.378597E+01 -.287928E+01 -.178395E+01 -.550000E+01 0.418170E+02
 0.416683E+01 -.288468E+01 -.164347E+01 -.737296E+01 0.329352E+02
 0.500000E+01 -.288124E+01 -.178366E+01 -.710953E+01 0.418467E+02
 0.427611E+01 -.289255E+01 -.155335E+01 -.787096E+01 0.384061E+02
 0.397963E+01 -.287596E+01 -.171212E+01 -.734238E+01 0.345098E+02
 0.495239E+01 -.286082E+01 -.165105E+01 -.732460E+01 0.382006E+02
 0.454254E+01 -.288328E+01 -.168698E+01 -.637545E+01 0.331519E+02
 0.499976E+01 -.287927E+01 -.156646E+01 -.550000E+01 0.378400E+02
 0.432969E+01 -.288585E+01 -.166597E+01 -.764158E+01 0.328279E+02
 0.462208E+01 -.288379E+01 -.165897E+01 -.783946E+01 0.327783E+02
 0.499970E+01 -.288263E+01 -.166484E+01 -.869011E+01 0.327925E+02
 0.345063E+01 -.288250E+01 -.173232E+01 -.683179E+01 0.357242E+02
 0.500000E+01 -.289272E+01 -.165388E+01 -.768691E+01 0.334618E+02
 0.480618E+01 -.289894E+01 -.163129E+01 -.797744E+01 0.349285E+02
 0.494651E+01 -.288262E+01 -.165914E+01 -.750818E+01 0.327919E+02
 0.460746E+01 -.285663E+01 -.166266E+01 -.727343E+01 0.399412E+02
 0.379516E+01 -.285904E+01 -.164026E+01 -.766119E+01 0.394996E+02
 0.406048E+01 -.287896E+01 -.160172E+01 -.689674E+01 0.350943E+02
 0.481011E+01 -.288381E+01 -.165987E+01 -.745258E+01 0.327718E+02
 0.264083E+01 -.290814E+01 -.168585E+01 -.698864E+01 0.390137E+02
 0.439794E+01 -.289177E+01 -.166045E+01 -.705909E+01 0.333366E+02
 0.449834E+01 -.287417E+01 -.165859E+01 -.760182E+01 0.337260E+02
 0.483075E+01 -.286671E+01 -.166279E+01 -.642763E+01 0.355728E+02
 0.500000E+01 -.287985E+01 -.160314E+01 -.637739E+01 0.348850E+02
 0.464524E+01 -.289097E+01 -.163040E+01 -.798021E+01 0.335451E+02
 0.442554E+01 -.289943E+01 -.162741E+01 -.841641E+01 0.351833E+02
 0.488203E+01 -.288494E+01 -.167891E+01 -.737987E+01 0.329815E+02
 0.403727E+01 -.288379E+01 -.160734E+01 -.734489E+01 0.343063E+02
 0.470032E+01 -.288388E+01 -.162844E+01 -.764376E+01 0.333412E+02
 0.438983E+01 -.288453E+01 -.165443E+01 -.773218E+01 0.327997E+02
 0.500000E+01 -.288332E+01 -.150161E+01 -.711578E+01 0.446909E+02
 0.500000E+01 -.287774E+01 -.166526E+01 -.753522E+01 0.331265E+02
 0.473241E+01 -.288427E+01 -.176461E+01 -.751751E+01 0.393579E+02
 0.473963E+01 -.288408E+01 -.176334E+01 -.780435E+01 0.391522E+02
 0.369572E+01 -.290462E+01 -.164481E+01 -.550000E+01 0.365669E+02
 0.456914E+01 -.288587E+01 -.161997E+01 -.689490E+01 0.336294E+02
 0.373044E+01 -.289017E+01 -.167289E+01 -.756109E+01 0.332846E+02
 0.430594E+01 -.290390E+01 -.162812E+01 -.617305E+01 0.364703E+02
 0.500000E+01 -.287723E+01 -.174298E+01 -.107500E+02 0.366818E+02
 0.408348E+01 -.288356E+01 -.167525E+01 -.721790E+01 0.328893E+02
 0.431859E+01 -.289460E+01 -.154058E+01 -.868787E+01 0.398388E+02
 0.350000E+01 -.291369E+01 -.170936E+01 -.755987E+01 0.434371E+02
 0.462084E+01 -.288194E+01 -.167162E+01 -.689526E+01 0.328598E+02
 0.425828E+01 -.289522E+01 -.166111E+01 -.914032E+01 0.339618E+02
 0.447384E+01 -.285658E+01 -.165340E+01 -.797290E+01 0.402691E+02
 0.500000E+01 -.288316E+01 -.165683E+01 -.699649E+01 0.327940E+02
 0.462707E+01 -.291365E+01 -.171743E+01 -.562515E+01 0.441447E+02
 0.500000E+01 -.291638E+01 -.166487E+01 -.807409E+01 0.424589E+02
 0.458772E+01 -.289628E+01 -.163184E+01 -.786383E+01 0.343400E+02
 0.493640E+01 -.288441E+01 -.165940E+01 -.738209E+01 0.327778E+02
 0.429488E+01 -.285576E+01 -.164835E+01 -.679682E+01 0.409071E+02
 0.390297E+01 -.288692E+01 -.158056E+01 -.700392E+01 0.359350E+02
 0.485202E+01 -.288327E+01 -.165981E+01 -.745648E+01 0.327805E+02
 0.484228E+01 -.291119E+01 -.165993E+01 -.846815E+01 0.396773E+02
 0.473538E+01 -.288709E+01 -.165982E+01 -.749479E+01 0.328729E+02
 0.448168E+01 -.288275E+01 -.170969E+01 -.762667E+01 0.340962E+02
 0.461058E+01 -.288288E+01 -.163889E+01 -.803357E+01 0.330706E+02
 0.476180E+01 -.288980E+01 -.165601E+01 -.748934E+01 0.330708E+02
 0.500000E+01 -.288259E+01 -.175014E+01 -.729862E+01 0.374424E+02
 0.464062E+01 -.288930E+01 -.164608E+01 -.744014E+01 0.330876E+02
 0.443333E+01 -.288358E+01 -.167735E+01 -.741422E+01 0.329285E+02
 0.388082E+01 -.288194E+01 -.165034E+01 -.740482E+01 0.328962E+02
 0.440834E+01 -.289988E+01 -.166549E+01 -.550000E+01 0.352076E+02
 0.318653E+01 -.288733E+01 -.166855E+01 -.550000E+01 0.329518E+02
 0.486932E+01 -.285751E+01 -.163717E+01 -.786159E+01 0.404087E+02
 0.406751E+01 -.288331E+01 -.166896E+01 -.747545E+01 0.328139E+02
 0.464465E+01 -.285461E+01 -.161235E+01 -.706396E+01 0.436855E+02
 0.350000E+01 -.288345E+01 -.169854E+01 -.741980E+01 0.335746E+02
 0.393044E+01 -.289362E+01 -.159029E+01 -.655046E+01 0.356332E+02
 0.373852E+01 -.288604E+01 -.158913E+01 -.793084E+01 0.353236E+02
 0.471192E+01 -.288401E+01 -.166930E+01 -.766204E+01 0.328131E+02
 0.500000E+01 -.288589E+01 -.176051E+01 -.764355E+01 0.389888E+02
 0.426706E+01 -.288045E+01 -.164785E+01 -.613431E+01 0.330263E+02
 0.500000E+01 -.287443E+01 -.171075E+01 -.848376E+01 0.346156E+02
 0.456804E+01 -.285933E+01 -.164253E+01 -.762798E+01 0.392170E+02
 0.358582E+01 -.286313E+01 -.170171E+01 -.786660E+01 0.371216E+02
 0.352905E+01 -.287989E+01 -.157045E+01 -.140721E+02 0.373520E+02
 0.449598E+01 -.288246E+01 -.168755E+01 -.767124E+01 0.331546E+02
 0.427766E+01 -.287753E+01 -.172537E+01 -.688067E+01 0.352039E+02
 0.461188E+01 -.289162E+01 -.154572E+01 -.870325E+01 0.390860E+02
 0.417227E+01 -.288780E+01 -.167842E+01 -.761136E+01 0.331322E+02
 0.314301E+01 -.286509E+01 -.163656E+01 -.744124E+01 0.369906E+02
 0.497390E+01 -.288217E+01 -.165033E+01 -.966734E+01 0.328818E+02
 0.476976E+01 -.288176E+01 -.175105E+01 -.910376E+01 0.375031E+02
 0.500000E+01 -.289085E+01 -.165645E+01 -.742191E+01 0.332001E+02
 0.406435E+01 -.288377E+01 -.165727E+01 -.550000E+01 0.327975E+02
 0.500000E+01 -.289848E+01 -.166026E+01 -.962513E+01 0.347172E+02
 0.350000E+01 -.286375E+01 -.166430E+01 -.752017E+01 0.366763E+02
 0.475227E+01 -.287912E+01 -.166329E+01 -.765790E+01 0.330104E+02
 0.493413E+01 -.288463E+01 -.165936E+01 -.746398E+01 0.327786E+02
 0.475635E+01 -.291351E+01 -.162253E+01 -.782356E+01 0.406642E+02
 0.373973E+01 -.288455E+01 -.165673E+01 -.602818E+01 0.327928E+02
 0.491283E+01 -.288286E+01 -.165960E+01 -.745538E+01 0.327904E+02
 0.500000E+01 -.288158E+01 -.165844E+01 -.939016E+01 0.328384E+02
 0.500000E+01 -.289390E+01 -.165827E+01 -.744751E+01 0.336730E+02
 0.424149E+01 -.289930E+01 -.166787E+01 -.741561E+01 0.350999E+02
 0.461103E+01 -.285353E+01 -.168629E+01 -.890879E+01 0.413174E+02
 0.495755E+01 -.287614E+01 -.166748E+01 -.675888E+01 0.333287E+02
 0.500000E+01 -.289401E+01 -.174983E+01 -.113539E+02 0.392649E+02
 0.482838E+01 -.288214E+01 -.177850E+01 -.761754E+01 0.411341E+02
 0.500000E+01 -.288387E+01 -.170405E+01 -.750880E+01 0.338254E+02
 0.345337E+01 -.288597E+01 -.168989E+01 -.718568E+01 0.333482E+02
 0.500000E+01 -.291360E+01 -.165254E+01 -.848079E+01 0.406230E+02
 0.420067E+01 -.288198E+01 -.166571E+01 -.741005E+01 0.328202E+02
 0.470070E+01 -.290841E+01 -.167909E+01 -.705962E+01 0.388235E+02
 0.458436E+01 -.288921E+01 -.166098E+01 -.764080E+01 0.330383E+02
 0.350000E+01 -.288632E+01 -.153877E+01 -.789630E+01 0.398050E+02
 0.480842E+01 -.287542E+01 -.162417E+01 -.645669E+01 0.344734E+02
 0.366712E+01 -.286731E+01 -.166510E+01 -.947790E+01 0.353787E+02
 0.471562E+01 -.289690E+01 -.165616E+01 -.746921E+01 0.343119E+02
 0.452285E+01 -.287783E+01 -.175487E+01 -.749525E+01 0.378988E+02
 0.431545E+01 -.287120E+01 -.167437E+01 -.795478E+01 0.342529E+02
 0.484240E+01 -.290796E+01 -.172154E+01 -.800263E+01 0.415305E+02
 0.399987E+01 -.288726E+01 -.155879E+01 -.882214E+01 0.377711E+02
 0.480809E+01 -.288267E+01 -.165651E+01 -.772246E+01 0.328041E+02
 0.402390E+01 -.286086E+01 -.178287E+01 -.776914E+01 0.443080E+02
 0.437450E+01 -.287946E+01 -.163649E+01 -.817203E+01 0.333902E+02
 0.350000E+01 -.288438E+01 -.170974E+01 -.936503E+01 0.341773E+02
 0.500000E+01 -.290676E+01 -.165575E+01 -.815351E+01 0.374656E+02
 0.415645E+01 -.288498E+01 -.165570E+01 -.839375E+01 0.327888E+02
 0.443486E+01 -.285999E+01 -.164725E+01 -.806554E+01 0.386819E+02
 0.491016E+01 -.288427E+01 -.180143E+01 -.563906E+01 0.452461E+02
 0.445897E+01 -.286521E+01 -.166355E+01 -.742364E+01 0.361433E+02
 0.462680E+01 -.291902E+01 -.165926E+01 -.799655E+01 0.439124E+02
 0.457167E+01 -.288430E+01 -.166243E+01 -.825266E+01 0.327822E+02
 0.447110E+01 -.287655E+01 -.164048E+01 -.823749E+01 0.336762E+02
 0.373091E+01 -.286383E+01 -.165403E+01 -.702483E+01 0.368258E+02
 0.500000E+01 -.288154E+01 -.168661E+01 -.732575E+01 0.331389E+02
 0.494645E+01 -.288416E+01 -.165895E+01 -.751118E+01 0.327723E+02
 0.441133E+01 -.285126E+01 -.167723E+01 -.942762E+01 0.427418E+02
 0.500000E+01 -.288339E+01 -.165965E+01 -.745111E+01 0.327796E+02
 0.482653E+01 -.285980E+01 -.165761E+01 -.944528E+01 0.384397E+02
 0.356370E+01 -.289526E+01 -.163876E+01 -.803620E+01 0.340001E+02
 0.450828E+01 -.288996E+01 -.165716E+01 -.745865E+01 0.331010E+02
 0.474698E+01 -.289484E+01 -.161670E+01 -.712203E+01 0.344918E+02
 0.500000E+01 -.288561E+01 -.168603E+01 -.738936E+01 0.331866E+02
 0.499361E+01 -.288382E+01 -.155975E+01 -.783846E+01 0.378703E+02
 0.464548E+01 -.286101E+01 -.165338E+01 -.766012E+01 0.380533E+02
 0.408752E+01 -.288415E+01 -.165609E+01 -.747878E+01 0.327888E+02
 0.487133E+01 -.288684E+01 -.169974E+01 -.712306E+01 0.338082E+02
 0.454759E+01 -.292050E+01 -.163330E+01 -.931598E+01 0.445160E+02
 0.500000E+01 -.288179E+01 -.165549E+01 -.757392E+01 0.328463E+02
 0.425048E+01 -.285282E+01 -.167993E+01 -.606403E+01 0.417809E+02
 0.242490E+01 -.288405E+01 -.168104E+01 -.758897E+01 0.332068E+02
 0.497938E+01 -.288312E+01 -.168271E+01 -.598614E+01 0.330243E+02
 0.485395E+01 -.288401E+01 -.165778E+01 -.736578E+01 0.327814E+02
 0.478567E+01 -.287481E+01 -.168263E+01 -.804600E+01 0.336481E+02
 0.311466E+01 -.288266E+01 -.157520E+01 -.751501E+01 0.365826E+02
 0.386749E+01 -.288391E+01 -.158288E+01 -.126816E+02 0.358769E+02
 0.465637E+01 -.290572E+01 -.165727E+01 -.671770E+01 0.371800E+02
 0.474403E+01 -.291062E+01 -.158023E+01 -.751121E+01 0.408393E+02
 0.388127E+01 -.288253E+01 -.162005E+01 -.842183E+01 0.337327E+02
 0.488063E+01 -.291477E+01 -.165657E+01 -.700856E+01 0.413541E+02
 0.500000E+01 -.289497E+01 -.163970E+01 -.706883E+01 0.339399E+02
 0.494309E+01 -.289157E+01 -.171856E+01 -.550000E+01 0.356335E+02
 0.500000E+01 -.288336E+01 -.163257E+01 -.773462E+01 0.332280E+02
 0.384926E+01 -.285775E+01 -.165222E+01 -.759720E+01 0.396850E+02
 0.432094E+01 -.287484E+01 -.173244E+01 -.759772E+01 0.359512E+02
 0.500000E+01 -.289980E+01 -.166812E+01 -.740046E+01 0.352190E+02
 0.500000E+01 -.285738E+01 -.161922E+01 -.761791E+01 0.415579E+02
 0.437376E+01 -.290876E+01 -.170509E+01 -.887805E+01 0.404953E+02
 0.488020E+01 -.286048E+01 -.156627E+01 -.794607E+01 0.445265E+02
 0.466019E+01 -.286077E+01 -.165024E+01 -.794752E+01 0.382449E+02
 0.358168E+01 -.288526E+01 -.166851E+01 -.673415E+01 0.328315E+02
 0.455930E+01 -.290301E+01 -.163535E+01 -.862752E+01 0.360705E+02
 0.433940E+01 -.288520E+01 -.167178E+01 -.731363E+01 0.328595E+02
 0.435716E+01 -.288454E+01 -.166098E+01 -.786194E+01 0.328462E+02
 0.457105E+01 -.288415E+01 -.166628E+01 -.722533E+01 0.327906E+02
 0.405118E+01 -.286900E+01 -.164703E+01 -.604968E+01 0.352262E+02
 0.461809E+01 -.290064E+01 -.164689E+01 -.792679E+01 0.352792E+02
 0.452819E+01 -.289255E+01 -.168923E+01 -.713603E+01 0.341434E+02
 0.495122E+01 -.288329E+01 -.165878E+01 -.752889E+01 0.327875E+02
 0.398192E+01 -.288094E+01 -.172781E+01 -.693830E+01 0.352972E+02
 0.473093E+01 -.288458E+01 -.165924E+01 -.745215E+01 0.327832E+02
 0.475730E+01 -.285988E+01 -.165907E+01 -.882700E+01 0.384522E+02
 0.477404E+01 -.288335E+01 -.165887E+01 -.752045E+01 0.327771E+02
 0.497650E+01 -.288377E+01 -.163886E+01 -.697058E+01 0.330411E+02
 0.416223E+01 -.291019E+01 -.166301E+01 -.959323E+01 0.390784E+02
 0.481102E+01 -.289281E+01 -.166644E+01 -.846589E+01 0.335536E+02
 0.432118E+01 -.284948E+01 -.167148E+01 -.743222E+01 0.440003E+02
 0.500000E+01 -.288506E+01 -.149681E+01 -.787748E+01 0.451267E+02
 0.455190E+01 -.288807E+01 -.164952E+01 -.766078E+01 0.329688E+02
 0.464410E+01 -.288405E+01 -.162135E+01 -.737471E+01 0.336045E+02
 0.500000E+01 -.288260E+01 -.164170E+01 -.774848E+01 0.330167E+02
 0.388130E+01 -.284715E+01 -.169612E+01 -.810407E+01 0.454463E+02
 0.350000E+01 -.288319E+01 -.165557E+01 -.772459E+01 0.328167E+02
 0.442796E+01 -.288682E+01 -.168287E+01 -.722373E+01 0.331836E+02
 0.271185E+01 -.288430E+01 -.152430E+01 -.750819E+01 0.415536E+02
 0.500000E+01 -.287965E+01 -.165585E+01 -.726475E+01 0.329858E+02
 0.461466E+01 -.288114E+01 -.175946E+01 -.761390E+01 0.384684E+02
 0.463925E+01 -.291586E+01 -.164738E+01 -.674945E+01 0.418085E+02
 0.482835E+01 -.290154E+01 -.173061E+01 -.784465E+01 0.396285E+02
 0.500000E+01 -.289845E+01 -.165380E+01 -.564699E+01 0.346553E+02
 0.482957E+01 -.290570E+01 -.165624E+01 -.683640E+01 0.370879E+02
 0.397888E+01 -.290394E+01 -.174257E+01 -.793046E+01 0.419069E+02
 0.431074E+01 -.289275E+01 -.165249E+01 -.684966E+01 0.334859E+02
 0.472070E+01 -.288983E+01 -.159362E+01 -.706014E+01 0.350994E+02
 0.463846E+01 -.288353E+01 -.165289E+01 -.773337E+01 0.328143E+02
 0.456988E+01 -.287936E+01 -.163375E+01 -.772070E+01 0.334825E+02
 0.380996E+01 -.291549E+01 -.168900E+01 -.761071E+01 0.430992E+02
 0.473889E+01 -.286811E+01 -.166020E+01 -.702315E+01 0.351597E+02
 0.500000E+01 -.288413E+01 -.166617E+01 -.677672E+01 0.327849E+02
 0.500000E+01 -.288509E+01 -.176977E+01 -.763563E+01 0.401358E+02
 0.474013E+01 -.290201E+01 -.166134E+01 -.748930E+01 0.357854E+02
 0.459586E+01 -.285433E+01 -.165691E+01 -.736487E+01 0.414185E+02
 0.448673E+01 -.288369E+01 -.166407E+01 -.578679E+01 0.327922E+02
 0.378708E+01 -.289513E+01 -.165011E+01 -.550000E+01 0.338933E+02
 0.500000E+01 -.290371E+01 -.164805E+01 -.750201E+01 0.362393E+02
 0.455825E+01 -.289511E+01 -.165764E+01 -.748651E+01 0.339090E+02
 0.493443E+01 -.288419E+01 -.165895E+01 -.735023E+01 0.327761E+02
 0.487560E+01 -.288470E+01 -.165918E+01 -.745536E+01 0.327832E+02
 0.488612E+01 -.289406E+01 -.165997E+01 -.732095E+01 0.337227E+02
 0.405980E+01 -.287677E+01 -.170269E+01 -.618566E+01 0.339826E+02
 0.500000E+01 -.289021E+01 -.165229E+01 -.705122E+01 0.331304E+02
 0.500000E+01 -.287824E+01 -.166051E+01 -.755773E+01 0.330907E+02
 0.425301E+01 -.287530E+01 -.167924E+01 -.730458E+01 0.335270E+02
 0.387986E+01 -.287807E+01 -.168150E+01 -.110836E+02 0.332325E+02
 0.476187E+01 -.291740E+01 -.162936E+01 -.761747E+01 0.425607E+02
 0.500000E+01 -.288098E+01 -.164369E+01 -.759856E+01 0.330686E+02
 0.493121E+01 -.288390E+01 -.157543E+01 -.743849E+01 0.364701E+02
 0.470874E+01 -.290507E+01 -.164726E+01 -.745528E+01 0.367303E+02
 0.379962E+01 -.285529E+01 -.165936E+01 -.817327E+01 0.407945E+02
 0.500000E+01 -.288371E+01 -.165587E+01 -.744928E+01 0.327898E+02
 0.350000E+01 -.288277E+01 -.161503E+01 -.797790E+01 0.339528E+02
 0.500000E+01 -.284991E+01 -.165036E+01 -.790268E+01 0.444666E+02
 0.487642E+01 -.288533E+01 -.165680E+01 -.756598E+01 0.327989E+02
 0.458998E+01 -.285963E+01 -.162683E+01 -.711688E+01 0.398752E+02
 0.415835E+01 -.288417E+01 -.159101E+01 -.745786E+01 0.352773E+02
 0.462821E+01 -.288280E+01 -.165786E+01 -.728127E+01 0.327926E+02
 0.472019E+01 -.286629E+01 -.164447E+01 -.597824E+01 0.361552E+02
 0.496938E+01 -.286724E+01 -.175232E+01 -.746376E+01 0.389711E+02
 0.350000E+01 -.288779E+01 -.170247E+01 -.550000E+01 0.340497E+02
 0.455930E+01 -.287033E+01 -.165596E+01 -.718128E+01 0.346159E+02
 0.388051E+01 -.288202E+01 -.168480E+01 -.731066E+01 0.330840E+02
 0.442617E+01 -.287729E+01 -.162453E+01 -.102999E+02 0.341129E+02
 0.466832E+01 -.288283E+01 -.167807E+01 -.767323E+01 0.329367E+02
 0.500000E+01 -.288490E+01 -.166482E+01 -.793170E+01 0.327929E+02
 0.476415E+01 -.288882E+01 -.158291E+01 -.817222E+01 0.357751E+02
 0.334600E+01 -.291563E+01 -.164717E+01 -.751352E+01 0.416665E+02
 0.425902E+01 -.288699E+01 -.159167E+01 -.772205E+01 0.351462E+02
 0.500000E+01 -.290634E+01 -.165095E+01 -.652052E+01 0.372436E+02
 0.500000E+01 -.291206E+01 -.166548E+01 -.697700E+01 0.401125E+02
 0.436613E+01 -.288318E+01 -.165903E+01 -.728360E+01 0.327921E+02
 0.500000E+01 -.288324E+01 -.165135E+01 -.604652E+01 0.328374E+02
 0.409530E+01 -.289216E+01 -.166405E+01 -.823164E+01 0.334272E+02
 0.487235E+01 -.286160E+01 -.168749E+01 -.594355E+01 0.373955E+02
 0.500000E+01 -.289108E+01 -.165876E+01 -.781301E+01 0.332344E+02
 0.500000E+01 -.288419E+01 -.165681E+01 -.723380E+01 0.327843E+02
 0.479958E+01 -.288342E+01 -.165887E+01 -.640758E+01 0.327780E+02
 0.500000E+01 -.290244E+01 -.165414E+01 -.730996E+01 0.358389E+02
 0.473133E+01 -.286913E+01 -.165741E+01 -.714865E+01 0.349074E+02
 0.459969E+01 -.289138E+01 -.163511E+01 -.856407E+01 0.334758E+02
 0.492683E+01 -.288440E+01 -.165938E+01 -.742431E+01 0.327763E+02
 0.492143E+01 -.288066E+01 -.162846E+01 -.611964E+01 0.335334E+02
 0.500000E+01 -.288649E+01 -.154199E+01 -.648792E+01 0.394746E+02
 0.500000E+01 -.288025E+01 -.174793E+01 -.756183E+01 0.371220E+02
 0.495430E+01 -.288438E+01 -.165986E+01 -.745419E+01 0.327725E+02
 0.500000E+01 -.290872E+01 -.165814E+01 -.837798E+01 0.383435E+02
 0.479370E+01 -.288125E+01 -.166039E+01 -.744924E+01 0.328440E+02
 0.442495E+01 -.288304E+01 -.170652E+01 -.719182E+01 0.339377E+02
 0.488878E+01 -.286065E+01 -.174367E+01 -.770423E+01 0.401799E+02
 0.395805E+01 -.289271E+01 -.163975E+01 -.124222E+02 0.335806E+02
 0.486997E+01 -.287894E+01 -.165751E+01 -.692741E+01 0.330374E+02
 0.422790E+01 -.290877E+01 -.164369E+01 -.753081E+01 0.382721E+02
 0.494435E+01 -.288289E+01 -.179397E+01 -.713334E+01 0.437086E+02
 0.500000E+01 -.288669E+01 -.166378E+01 -.740729E+01 0.328494E+02
 0.447830E+01 -.288383E+01 -.169149E+01 -.749468E+01 0.332938E+02
 0.429448E+01 -.288647E+01 -.167701E+01 -.714547E+01 0.330143E+02
 0.379453E+01 -.291625E+01 -.162438E+01 -.738767E+01 0.420069E+02
 0.500000E+01 -.288328E+01 -.166298E+01 -.753820E+01 0.327755E+02
 0.500000E+01 -.287058E+01 -.163021E+01 -.765602E+01 0.353686E+02
 0.480421E+01 -.288647E+01 -.163518E+01 -.810182E+01 0.331310E+02
 0.366072E+01 -.291317E+01 -.160988E+01 -.749644E+01 0.407143E+02
 0.478504E+01 -.288832E+01 -.165979E+01 -.755107E+01 0.329401E+02
 0.399604E+01 -.288952E+01 -.169944E+01 -.772173E+01 0.341017E+02
 0.425429E+01 -.286880E+01 -.165968E+01 -.757561E+01 0.349903E+02
 0.258436E+01 -.287192E+01 -.164813E+01 -.660255E+01 0.345457E+02
 0.491178E+01 -.286060E+01 -.164174E+01 -.729168E+01 0.386437E+02
 0.474184E+01 -.288187E+01 -.170087E+01 -.790708E+01 0.336383E+02
 0.477090E+01 -.287254E+01 -.172032E+01 -.708240E+01 0.354248E+02
 0.395304E+01 -.287235E+01 -.154632E+01 -.101238E+02 0.416193E+02
 0.500000E+01 -.288260E+01 -.165515E+01 -.763325E+01 0.328177E+02
 0.352535E+01 -.289359E+01 -.174926E+01 -.707998E+01 0.391416E+02
 0.470684E+01 -.289443E+01 -.158932E+01 -.844427E+01 0.357825E+02
 0.328682E+01 -.289835E+01 -.165876E+01 -.748123E+01 0.346590E+02
 0.500000E+01 -.286028E+01 -.166266E+01 -.738616E+01 0.381477E+02
 0.479434E+01 -.289493E+01 -.165561E+01 -.819127E+01 0.338452E+02
 0.439308E+01 -.288306E+01 -.165364E+01 -.730463E+01 0.328214E+02
 0.431335E+01 -.288639E+01 -.158843E+01 -.856338E+01 0.353724E+02
 0.500000E+01 -.288086E+01 -.176076E+01 -.866877E+01 0.386041E+02
 0.391386E+01 -.287151E+01 -.165955E+01 -.771845E+01 0.342758E+02
 0.466583E+01 -.290836E+01 -.166102E+01 -.732290E+01 0.382790E+02
 0.500000E+01 -.288391E+01 -.165474E+01 -.838098E+01 0.327955E+02
 0.377175E+01 -.288599E+01 -.165555E+01 -.102250E+02 0.328295E+02
 0.456236E+01 -.287709E+01 -.166034E+01 -.840594E+01 0.332246E+02
 0.494122E+01 -.288388E+01 -.165941E+01 -.750396E+01 0.327763E+02
 0.457221E+01 -.290042E+01 -.153176E+01 -.970838E+01 0.416130E+02
 0.200000E+01 -.288725E+01 -.165842E+01 -.744805E+01 0.332270E+02
 0.408397E+01 -.289609E+01 -.163935E+01 -.770079E+01 0.341789E+02
 0.493416E+01 -.288367E+01 -.165958E+01 -.745214E+01 0.327752E+02
 0.486319E+01 -.290554E+01 -.165725E+01 -.102428E+02 0.370197E+02
 0.495778E+01 -.289970E+01 -.158299E+01 -.750290E+01 0.371391E+02
 0.493800E+01 -.288800E+01 -.167045E+01 -.862209E+01 0.330146E+02
 0.473633E+01 -.289080E+01 -.165649E+01 -.742169E+01 0.332099E+02
 0.500000E+01 -.289248E+01 -.164007E+01 -.728408E+01 0.335344E+02
 0.500000E+01 -.291345E+01 -.163325E+01 -.658470E+01 0.404494E+02
 0.469450E+01 -.290017E+01 -.169741E+01 -.756598E+01 0.364729E+02
 0.482954E+01 -.289095E+01 -.167187E+01 -.793459E+01 0.333809E+02
 0.500000E+01 -.289183E+01 -.155533E+01 -.882182E+01 0.381750E+02
 0.500000E+01 -.285390E+01 -.163580E+01 -.738024E+01 0.425927E+02
 0.481608E+01 -.286907E+01 -.167395E+01 -.737578E+01 0.347975E+02
 0.500000E+01 -.288527E+01 -.164648E+01 -.102002E+02 0.328876E+02
 0.417778E+01 -.288406E+01 -.170519E+01 -.741531E+01 0.338929E+02
 0.500000E+01 -.288649E+01 -.170766E+01 -.677439E+01 0.341871E+02
 0.408089E+01 -.292026E+01 -.166448E+01 -.857890E+01 0.448678E+02
 0.481254E+01 -.288236E+01 -.166691E+01 -.749129E+01 0.328076E+02
 0.412338E+01 -.289133E+01 -.168223E+01 -.786144E+01 0.336911E+02
 0.496473E+01 -.288618E+01 -.165898E+01 -.739485E+01 0.328139E+02
 0.484518E+01 -.288941E+01 -.165710E+01 -.835504E+01 0.330771E+02
 0.480908E+01 -.286987E+01 -.157572E+01 -.748213E+01 0.394064E+02
 0.238526E+01 -.288685E+01 -.161720E+01 -.748061E+01 0.337885E+02
 0.476519E+01 -.287187E+01 -.161946E+01 -.716804E+01 0.355645E+02
 0.500000E+01 -.288655E+01 -.164208E+01 -.808658E+01 0.329853E+02
 0.482250E+01 -.290081E+01 -.159032E+01 -.827842E+01 0.369974E+02
 0.492322E+01 -.288850E+01 -.153666E+01 -.108688E+02 0.399731E+02
 0.471613E+01 -.288426E+01 -.164184E+01 -.746242E+01 0.329702E+02
 0.369271E+01 -.285712E+01 -.159970E+01 -.758167E+01 0.432103E+02
 0.449088E+01 -.288127E+01 -.166954E+01 -.809599E+01 0.328743E+02
 0.478682E+01 -.286873E+01 -.168529E+01 -.743794E+01 0.349829E+02
 0.405424E+01 -.290307E+01 -.162798E+01 -.867524E+01 0.361956E+02
 0.473258E+01 -.286275E+01 -.164999E+01 -.847055E+01 0.373458E+02
 0.500000E+01 -.288455E+01 -.166320E+01 -.682970E+01 0.327768E+02
 0.500000E+01 -.288403E+01 -.165949E+01 -.699769E+01 0.327758E+02
 0.474110E+01 -.286034E+01 -.173931E+01 -.810749E+01 0.399781E+02
 0.500000E+01 -.287801E+01 -.166098E+01 -.747389E+01 0.331084E+02
 0.470568E+01 -.288512E+01 -.166191E+01 -.819783E+01 0.327883E+02
 0.474259E+01 -.288386E+01 -.165611E+01 -.981527E+01 0.327868E+02
 0.364182E+01 -.287103E+01 -.165871E+01 -.106012E+02 0.344075E+02
 0.415194E+01 -.288847E+01 -.165087E+01 -.763846E+01 0.329967E+02
 0.499164E+01 -.288021E+01 -.167984E+01 -.815186E+01 0.330395E+02
 0.495526E+01 -.288348E+01 -.165906E+01 -.745164E+01 0.327763E+02
 0.431972E+01 -.286679E+01 -.166512E+01 -.699242E+01 0.355214E+02
 0.400290E+01 -.288123E+01 -.176165E+01 -.712261E+01 0.387456E+02
 0.249886E+01 -.288983E+01 -.174798E+01 -.712446E+01 0.383534E+02
 0.477865E+01 -.288322E+01 -.165909E+01 -.745166E+01 0.327800E+02
 0.494598E+01 -.285418E+01 -.166021E+01 -.110030E+02 0.413893E+02
 0.495144E+01 -.289258E+01 -.165591E+01 -.749265E+01 0.334470E+02
 0.401005E+01 -.288770E+01 -.161009E+01 -.736610E+01 0.341108E+02
 0.500000E+01 -.287048E+01 -.154525E+01 -.710563E+01 0.424045E+02
 0.482196E+01 -.287148E+01 -.154091E+01 -.578917E+01 0.425735E+02
 0.493347E+01 -.289485E+01 -.166778E+01 -.815727E+01 0.339752E+02
 0.271103E+01 -.291372E+01 -.160523E+01 -.109278E+02 0.410374E+02
 0.433076E+01 -.286938E+01 -.164666E+01 -.739785E+01 0.351032E+02
 0.500000E+01 -.288496E+01 -.173218E+01 -.775118E+01 0.358312E+02
 0.498812E+01 -.288241E+01 -.166762E+01 -.741591E+01 0.328133E+02
 0.469345E+01 -.288413E+01 -.165878E+01 -.738583E+01 0.327767E+02
 0.405883E+01 -.288382E+01 -.166076E+01 -.743307E+01 0.327765E+02
 0.486061E+01 -.288461E+01 -.166224E+01 -.745684E+01 0.327864E+02
 0.410102E+01 -.289604E+01 -.172365E+01 -.673050E+01 0.371062E+02
 0.487971E+01 -.285328E+01 -.166250E+01 -.915795E+01 0.418337E+02
 0.500000E+01 -.288025E+01 -.165675E+01 -.725600E+01 0.329292E+02
 0.246550E+01 -.288280E+01 -.162522E+01 -.759925E+01 0.335764E+02
 0.489492E+01 -.289451E+01 -.165240E+01 -.633746E+01 0.337682E+02
 0.477261E+01 -.290234E+01 -.161537E+01 -.772636E+01 0.362653E+02
 0.388526E+01 -.289618E+01 -.170371E+01 -.768959E+01 0.356613E+02
 0.475995E+01 -.290024E+01 -.163774E+01 -.703032E+01 0.351703E+02
 0.375781E+01 -.289059E+01 -.163824E+01 -.761270E+01 0.333388E+02
 0.492309E+01 -.289608E+01 -.150600E+01 -.860096E+01 0.438807E+02
 0.500000E+01 -.289447E+01 -.172058E+01 -.109088E+02 0.364296E+02
 0.480069E+01 -.288425E+01 -.165784E+01 -.757988E+01 0.327747E+02
 0.491253E+01 -.287386E+01 -.152160E+01 -.774580E+01 0.441750E+02
 0.489498E+01 -.287065E+01 -.172138E+01 -.731954E+01 0.358237E+02
 0.500000E+01 -.286304E+01 -.169094E+01 -.750977E+01 0.368903E+02
 0.448172E+01 -.286739E+01 -.165177E+01 -.770993E+01 0.356076E+02
 0.484276E+01 -.287955E+01 -.166389E+01 -.734884E+01 0.329917E+02
 0.457470E+01 -.288539E+01 -.167105E+01 -.692399E+01 0.328618E+02
 0.500000E+01 -.288726E+01 -.175422E+01 -.722315E+01 0.383949E+02
 0.492107E+01 -.288445E+01 -.160694E+01 -.965168E+01 0.342768E+02
 0.428028E+01 -.288977E+01 -.168046E+01 -.123703E+02 0.334068E+02
 0.392191E+01 -.289998E+01 -.166739E+01 -.743904E+01 0.352969E+02
 0.478849E+01 -.286454E+01 -.166187E+01 -.867162E+01 0.363885E+02
 0.485852E+01 -.288384E+01 -.166245E+01 -.636443E+01 0.327818E+02
 0.484216E+01 -.289782E+01 -.165727E+01 -.691604E+01 0.346173E+02
 0.401497E+01 -.291690E+01 -.163981E+01 -.770560E+01 0.423758E+02
 0.500000E+01 -.288852E+01 -.166801E+01 -.772516E+01 0.330172E+02
 0.494924E+01 -.288376E+01 -.165883E+01 -.741062E+01 0.327733E+02
 0.418987E+01 -.290164E+01 -.167049E+01 -.745630E+01 0.358524E+02
 0.410775E+01 -.288994E+01 -.169561E+01 -.735877E+01 0.339740E+02
 0.485884E+01 -.287821E+01 -.161915E+01 -.652679E+01 0.342203E+02
 0.399886E+01 -.288009E+01 -.175028E+01 -.705555E+01 0.373809E+02
 0.486059E+01 -.288387E+01 -.165971E+01 -.745276E+01 0.327805E+02
 0.493300E+01 -.287586E+01 -.166168E+01 -.753329E+01 0.333868E+02
 0.385102E+01 -.288150E+01 -.167272E+01 -.659267E+01 0.328974E+02
 0.489529E+01 -.284820E+01 -.168472E+01 -.759440E+01 0.447166E+02
 0.492486E+01 -.289005E+01 -.157400E+01 -.778376E+01 0.364887E+02
 0.500000E+01 -.288654E+01 -.165303E+01 -.701608E+01 0.328521E+02
 0.470150E+01 -.291324E+01 -.167097E+01 -.752964E+01 0.409063E+02
 0.495151E+01 -.288515E+01 -.150661E+01 -.726547E+01 0.438100E+02
 0.500000E+01 -.289391E+01 -.165563E+01 -.749391E+01 0.336630E+02
 0.500000E+01 -.288378E+01 -.162099E+01 -.747052E+01 0.336290E+02
 0.374633E+01 -.288162E+01 -.161968E+01 -.798429E+01 0.338140E+02
 0.500000E+01 -.288506E+01 -.165482E+01 -.749966E+01 0.327995E+02
 0.500000E+01 -.287490E+01 -.163793E+01 -.700467E+01 0.340324E+02
 0.471966E+01 -.291557E+01 -.164603E+01 -.983479E+01 0.416599E+02
 0.500000E+01 -.288051E+01 -.175291E+01 -.657367E+01 0.376674E+02
 0.474847E+01 -.288267E+01 -.165876E+01 -.748218E+01 0.327943E+02
 0.494395E+01 -.288748E+01 -.165130E+01 -.550000E+01 0.329111E+02
 0.485637E+01 -.289561E+01 -.167514E+01 -.732354E+01 0.343072E+02
 0.500000E+01 -.287396E+01 -.167192E+01 -.662075E+01 0.336892E+02
 0.463748E+01 -.289996E+01 -.163546E+01 -.725251E+01 0.351521E+02
 0.432189E+01 -.289201E+01 -.167667E+01 -.697043E+01 0.336531E+02
 0.484211E+01 -.287623E+01 -.152250E+01 -.724370E+01 0.433837E+02
 0.467435E+01 -.288192E+01 -.177178E+01 -.730360E+01 0.401311E+02
 0.498247E+01 -.288405E+01 -.167113E+01 -.756419E+01 0.328330E+02
 0.456329E+01 -.291160E+01 -.157230E+01 -.703521E+01 0.417760E+02
 0.500000E+01 -.288522E+01 -.170595E+01 -.719820E+01 0.339940E+02
 0.352745E+01 -.289684E+01 -.163872E+01 -.749659E+01 0.343653E+02
 0.417005E+01 -.288243E+01 -.168603E+01 -.687069E+01 0.331145E+02
 0.500000E+01 -.289487E+01 -.167413E+01 -.658291E+01 0.340959E+02
 0.500000E+01 -.288409E+01 -.165757E+01 -.707625E+01 0.327811E+02
 0.490082E+01 -.286386E+01 -.165977E+01 -.737604E+01 0.366696E+02
 0.426240E+01 -.290916E+01 -.153299E+01 -.702022E+01 0.439707E+02
 0.500000E+01 -.288585E+01 -.175415E+01 -.819734E+01 0.381957E+02
 0.448994E+01 -.289110E+01 -.166514E+01 -.749266E+01 0.332943E+02
 0.473291E+01 -.286120E+01 -.165752E+01 -.708005E+01 0.378047E+02
 0.500000E+01 -.288353E+01 -.165922E+01 -.550000E+01 0.327818E+02
 0.440618E+01 -.289202E+01 -.165520E+01 -.550000E+01 0.333771E+02
 0.371322E+01 -.287248E+01 -.164318E+01 -.734674E+01 0.343810E+02
 0.470528E+01 -.288965E+01 -.164328E+01 -.772973E+01 0.331535E+02
 0.493258E+01 -.288413E+01 -.165874E+01 -.738243E+01 0.327752E+02
 0.500000E+01 -.290230E+01 -.164489E+01 -.715676E+01 0.357627E+02
 0.406038E+01 -.286477E+01 -.178814E+01 -.750294E+01 0.439578E+02
 0.404704E+01 -.287438E+01 -.152827E+01 -.718372E+01 0.431787E+02
 0.500000E+01 -.288666E+01 -.160364E+01 -.647715E+01 0.344189E+02
 0.500000E+01 -.287658E+01 -.153191E+01 -.712906E+01 0.421228E+02
 0.500000E+01 -.288441E+01 -.166025E+01 -.745458E+01 0.327762E+02
 0.491155E+01 -.286681E+01 -.165834E+01 -.675268E+01 0.356326E+02
 0.473509E+01 -.291696E+01 -.167125E+01 -.841296E+01 0.430936E+02
 0.473397E+01 -.287948E+01 -.166259E+01 -.748585E+01 0.329560E+02
 0.380250E+01 -.287956E+01 -.172179E+01 -.691227E+01 0.348689E+02
 0.496688E+01 -.286089E+01 -.170733E+01 -.752014E+01 0.380731E+02
 0.500000E+01 -.288339E+01 -.178905E+01 -.837689E+01 0.429197E+02
 0.492057E+01 -.287752E+01 -.164086E+01 -.654793E+01 0.334949E+02
 0.500000E+01 -.290703E+01 -.166329E+01 -.752993E+01 0.377117E+02
 0.496892E+01 -.288409E+01 -.168094E+01 -.718145E+01 0.330002E+02
 0.485512E+01 -.287524E+01 -.165749E+01 -.744056E+01 0.335256E+02
 0.471546E+01 -.289022E+01 -.170182E+01 -.581746E+01 0.343381E+02
 0.405556E+01 -.288379E+01 -.167076E+01 -.746417E+01 0.328316E+02
 0.500000E+01 -.288525E+01 -.159464E+01 -.767416E+01 0.349858E+02
 0.481666E+01 -.288254E+01 -.165470E+01 -.753744E+01 0.328241E+02
 0.382364E+01 -.286976E+01 -.164686E+01 -.743817E+01 0.349802E+02
 0.368624E+01 -.288396E+01 -.172284E+01 -.753376E+01 0.350156E+02
 0.486292E+01 -.288708E+01 -.165976E+01 -.749513E+01 0.328703E+02
 0.498437E+01 -.287980E+01 -.165120E+01 -.794695E+01 0.330269E+02
 0.494439E+01 -.287507E+01 -.167385E+01 -.706776E+01 0.335079E+02
 0.350000E+01 -.286647E+01 -.161868E+01 -.550000E+01 0.373499E+02
 0.466351E+01 -.287780E+01 -.163030E+01 -.730396E+01 0.338058E+02
 0.483191E+01 -.287887E+01 -.169522E+01 -.731841E+01 0.335154E+02
 0.473758E+01 -.287863E+01 -.157394E+01 -.675440E+01 0.372523E+02
 0.412485E+01 -.287925E+01 -.163462E+01 -.880765E+01 0.334684E+02
 0.490995E+01 -.288389E+01 -.165856E+01 -.749065E+01 0.327740E+02
 0.455732E+01 -.289434E+01 -.157698E+01 -.784053E+01 0.366268E+02
 0.332191E+01 -.291008E+01 -.164482E+01 -.742913E+01 0.388406E+02
 0.421754E+01 -.289850E+01 -.167014E+01 -.723404E+01 0.349189E+02
 0.317892E+01 -.285291E+01 -.175644E+01 -.758052E+01 0.447661E+02
 0.368871E+01 -.288813E+01 -.170084E+01 -.792540E+01 0.339994E+02
 0.492961E+01 -.286001E+01 -.172881E+01 -.749531E+01 0.394110E+02
 0.460441E+01 -.289998E+01 -.165586E+01 -.689668E+01 0.350980E+02
 0.467456E+01 -.288308E+01 -.165454E+01 -.755701E+01 0.328130E+02
 0.404219E+01 -.289618E+01 -.158340E+01 -.734111E+01 0.364527E+02
 0.488836E+01 -.287899E+01 -.167010E+01 -.550000E+01 0.330139E+02
 0.475157E+01 -.288256E+01 -.167343E+01 -.668766E+01 0.328825E+02
 0.500000E+01 -.287312E+01 -.166219E+01 -.755717E+01 0.338843E+02
 0.471986E+01 -.291796E+01 -.165631E+01 -.698884E+01 0.432214E+02
 0.484146E+01 -.288365E+01 -.165588E+01 -.103716E+02 0.328476E+02
 0.428295E+01 -.286748E+01 -.165695E+01 -.793170E+01 0.354321E+02
 0.462426E+01 -.285710E+01 -.164918E+01 -.719823E+01 0.401001E+02
 0.413300E+01 -.288510E+01 -.164250E+01 -.813413E+01 0.329615E+02
 0.493232E+01 -.288425E+01 -.165905E+01 -.750451E+01 0.327749E+02
 0.447939E+01 -.288262E+01 -.163565E+01 -.757662E+01 0.331842E+02
 0.470521E+01 -.287729E+01 -.154463E+01 -.756769E+01 0.404605E+02
 0.457779E+01 -.288101E+01 -.155742E+01 -.773258E+01 0.384241E+02
 0.380211E+01 -.289238E+01 -.169699E+01 -.709668E+01 0.344480E+02
 0.467995E+01 -.288411E+01 -.165918E+01 -.745412E+01 0.327762E+02
 0.499473E+01 -.290489E+01 -.165535E+01 -.565480E+01 0.367227E+02
 0.459848E+01 -.289265E+01 -.166160E+01 -.743183E+01 0.335146E+02
 0.500000E+01 -.288099E+01 -.165117E+01 -.697437E+01 0.329378E+02
 0.491067E+01 -.290849E+01 -.152838E+01 -.758999E+01 0.441617E+02
 0.494847E+01 -.288480E+01 -.163331E+01 -.750662E+01 0.331674E+02
 0.441328E+01 -.286024E+01 -.165147E+01 -.748661E+01 0.384221E+02
 0.500000E+01 -.288239E+01 -.180275E+01 -.776697E+01 0.452595E+02
 0.492293E+01 -.286568E+01 -.166278E+01 -.740150E+01 0.359238E+02
 0.494716E+01 -.288403E+01 -.169355E+01 -.744926E+01 0.333713E+02
 0.422040E+01 -.288648E+01 -.160883E+01 -.687902E+01 0.341491E+02
 0.382992E+01 -.284926E+01 -.165037E+01 -.808860E+01 0.448554E+02
 0.500000E+01 -.288129E+01 -.166874E+01 -.751281E+01 0.328516E+02
 0.434668E+01 -.287707E+01 -.167182E+01 -.772218E+01 0.332332E+02
 0.498873E+01 -.288526E+01 -.154499E+01 -.764793E+01 0.392308E+02
 0.500000E+01 -.288671E+01 -.165981E+01 -.740996E+01 0.328421E+02
 0.489849E+01 -.288641E+01 -.164222E+01 -.727880E+01 0.330226E+02
 0.494314E+01 -.288016E+01 -.165255E+01 -.632647E+01 0.329788E+02
 0.500000E+01 -.286254E+01 -.167274E+01 -.699205E+01 0.370309E+02
 0.307307E+01 -.288799E+01 -.161088E+01 -.900504E+01 0.340670E+02
 0.375797E+01 -.288487E+01 -.160600E+01 -.783763E+01 0.343117E+02
 0.478098E+01 -.287209E+01 -.162339E+01 -.737036E+01 0.352777E+02
 0.500000E+01 -.288047E+01 -.164087E+01 -.783821E+01 0.331720E+02
 0.460517E+01 -.289815E+01 -.175849E+01 -.813380E+01 0.416690E+02
 0.385776E+01 -.288702E+01 -.156215E+01 -.983843E+01 0.374576E+02
 0.485395E+01 -.288381E+01 -.164847E+01 -.741637E+01 0.328619E+02
 0.461695E+01 -.289195E+01 -.151472E+01 -.825590E+01 0.425241E+02
 0.482191E+01 -.288126E+01 -.166937E+01 -.740159E+01 0.328611E+02
 0.348396E+01 -.288559E+01 -.150966E+01 -.744294E+01 0.433252E+02
 0.473027E+01 -.286825E+01 -.164314E+01 -.820805E+01 0.355441E+02
 0.494954E+01 -.288492E+01 -.166314E+01 -.716883E+01 0.327814E+02
 0.490821E+01 -.287751E+01 -.165740E+01 -.689003E+01 0.331951E+02
 0.500000E+01 -.287856E+01 -.171234E+01 -.794019E+01 0.343095E+02
 0.495255E+01 -.287618E+01 -.157407E+01 -.833867E+01 0.377559E+02
 0.429827E+01 -.288214E+01 -.165891E+01 -.758600E+01 0.328153E+02
 0.478804E+01 -.288354E+01 -.165692E+01 -.992897E+01 0.327824E+02
 0.426346E+01 -.286353E+01 -.165903E+01 -.107910E+02 0.368130E+02
 0.500000E+01 -.288099E+01 -.165835E+01 -.757385E+01 0.328701E+02
 0.393167E+01 -.288072E+01 -.166948E+01 -.785435E+01 0.329106E+02
 0.494244E+01 -.288394E+01 -.165935E+01 -.750767E+01 0.327697E+02
 0.500000E+01 -.289733E+01 -.165749E+01 -.109864E+02 0.343967E+02
 0.448354E+01 -.289625E+01 -.173250E+01 -.795826E+01 0.379795E+02
 0.307870E+01 -.287613E+01 -.170000E+01 -.775622E+01 0.340010E+02
 0.347179E+01 -.289117E+01 -.167497E+01 -.782056E+01 0.334622E+02
 0.482165E+01 -.288361E+01 -.165854E+01 -.750409E+01 0.327756E+02
 0.500000E+01 -.291108E+01 -.165693E+01 -.743524E+01 0.394236E+02
 0.480508E+01 -.286222E+01 -.165457E+01 -.723761E+01 0.374860E+02
 0.476604E+01 -.288706E+01 -.165769E+01 -.761057E+01 0.328539E+02
 0.381464E+01 -.288496E+01 -.159988E+01 -.675980E+01 0.346823E+02
 0.489707E+01 -.287431E+01 -.158419E+01 -.752267E+01 0.373752E+02
 0.500000E+01 -.289114E+01 -.167847E+01 -.785305E+01 0.335292E+02
 0.500000E+01 -.287456E+01 -.164533E+01 -.747069E+01 0.338829E+02
 0.491638E+01 -.288379E+01 -.166099E+01 -.782889E+01 0.327775E+02
 0.500000E+01 -.287143E+01 -.166782E+01 -.738753E+01 0.342168E+02
 0.500000E+01 -.288410E+01 -.170673E+01 -.749878E+01 0.339754E+02
 0.425855E+01 -.288310E+01 -.168776E+01 -.667120E+01 0.331681E+02
 0.484982E+01 -.288406E+01 -.166719E+01 -.752892E+01 0.327967E+02
 0.500000E+01 -.289122E+01 -.168973E+01 -.705941E+01 0.339111E+02
 0.348083E+01 -.288404E+01 -.168645E+01 -.748121E+01 0.331514E+02
 0.350000E+01 -.285319E+01 -.168826E+01 -.729583E+01 0.416039E+02
 0.481452E+01 -.288075E+01 -.165777E+01 -.735871E+01 0.328865E+02
 0.490917E+01 -.288849E+01 -.165648E+01 -.550000E+01 0.329621E+02
 0.492288E+01 -.286568E+01 -.165366E+01 -.759930E+01 0.361082E+02
 0.478064E+01 -.287224E+01 -.161617E+01 -.892719E+01 0.356201E+02
 0.500000E+01 -.288618E+01 -.154266E+01 -.692319E+01 0.394206E+02
 0.368020E+01 -.290011E+01 -.165056E+01 -.701009E+01 0.351153E+02
 0.500000E+01 -.290108E+01 -.165701E+01 -.706429E+01 0.354326E+02
 0.420891E+01 -.288762E+01 -.163007E+01 -.756359E+01 0.333222E+02
 0.444743E+01 -.289188E+01 -.161888E+01 -.857112E+01 0.340034E+02
 0.496092E+01 -.288387E+01 -.164715E+01 -.744339E+01 0.328792E+02
 0.481767E+01 -.288606E+01 -.179711E+01 -.772268E+01 0.447340E+02
 0.500000E+01 -.285814E+01 -.168956E+01 -.751496E+01 0.389649E+02
 0.452905E+01 -.290392E+01 -.163809E+01 -.792800E+01 0.363750E+02
 0.500000E+01 -.286679E+01 -.164716E+01 -.797187E+01 0.359270E+02
 0.500000E+01 -.288473E+01 -.166629E+01 -.666751E+01 0.327936E+02
 0.500000E+01 -.287965E+01 -.167178E+01 -.770006E+01 0.329679E+02
 0.366450E+01 -.287604E+01 -.177590E+01 -.844009E+01 0.406422E+02
 0.500000E+01 -.287687E+01 -.169373E+01 -.581017E+01 0.336423E+02
 0.466040E+01 -.289109E+01 -.165642E+01 -.755461E+01 0.332322E+02
 0.474966E+01 -.291061E+01 -.166286E+01 -.757583E+01 0.393811E+02
 0.485067E+01 -.285134E+01 -.168773E+01 -.550000E+01 0.426333E+02
 0.474983E+01 -.288341E+01 -.166191E+01 -.550000E+01 0.328061E+02
 0.404996E+01 -.289383E+01 -.165843E+01 -.124046E+02 0.336629E+02
 0.474146E+01 -.290382E+01 -.166598E+01 -.787203E+01 0.365025E+02
 0.452277E+01 -.288175E+01 -.168487E+01 -.778680E+01 0.330941E+02
 0.495081E+01 -.288367E+01 -.165960E+01 -.751029E+01 0.327771E+02
 0.491214E+01 -.288986E+01 -.168830E+01 -.808715E+01 0.336618E+02
 0.457799E+01 -.289308E+01 -.163144E+01 -.746447E+01 0.337955E+02
 0.434750E+01 -.289785E+01 -.172340E+01 -.738336E+01 0.376288E+02
 0.457870E+01 -.288041E+01 -.161603E+01 -.738902E+01 0.340990E+02
 0.497543E+01 -.288367E+01 -.165980E+01 -.753421E+01 0.327772E+02
 0.497450E+01 -.288846E+01 -.166323E+01 -.112170E+02 0.329811E+02
 0.500000E+01 -.287688E+01 -.165631E+01 -.757926E+01 0.332936E+02
 0.327668E+01 -.288487E+01 -.171168E+01 -.736482E+01 0.343328E+02
 0.500000E+01 -.287956E+01 -.158955E+01 -.645898E+01 0.358474E+02
 0.493617E+01 -.288493E+01 -.167019E+01 -.696145E+01 0.328402E+02
 0.500000E+01 -.287532E+01 -.162837E+01 -.625646E+01 0.343124E+02
 0.433747E+01 -.290090E+01 -.164880E+01 -.749191E+01 0.353465E+02
 0.487409E+01 -.288506E+01 -.154338E+01 -.771589E+01 0.394210E+02
 0.492279E+01 -.289581E+01 -.166057E+01 -.756166E+01 0.340927E+02
 0.462522E+01 -.288369E+01 -.164693E+01 -.745085E+01 0.328855E+02
 0.429911E+01 -.288131E+01 -.169618E+01 -.829815E+01 0.334594E+02
 0.499186E+01 -.288582E+01 -.165539E+01 -.754447E+01 0.328112E+02
 0.414907E+01 -.289301E+01 -.166530E+01 -.697849E+01 0.335962E+02
 0.489279E+01 -.286063E+01 -.165834E+01 -.744435E+01 0.380950E+02
 0.492847E+01 -.288361E+01 -.177018E+01 -.631542E+01 0.400358E+02
 0.474141E+01 -.288172E+01 -.165834E+01 -.739486E+01 0.328303E+02
 0.462333E+01 -.289795E+01 -.150461E+01 -.851273E+01 0.442833E+02
 0.314170E+01 -.288264E+01 -.158492E+01 -.786023E+01 0.358396E+02
 0.492501E+01 -.289300E+01 -.165960E+01 -.778531E+01 0.335357E+02
 0.490709E+01 -.288992E+01 -.164290E+01 -.773069E+01 0.331897E+02
 0.427557E+01 -.287739E+01 -.171265E+01 -.550000E+01 0.344088E+02
 0.435425E+01 -.290328E+01 -.168009E+01 -.732770E+01 0.367495E+02
 0.363108E+01 -.289169E+01 -.178131E+01 -.777795E+01 0.432091E+02
 0.453504E+01 -.288977E+01 -.168024E+01 -.718040E+01 0.334051E+02
 0.490425E+01 -.288716E+01 -.151689E+01 -.819375E+01 0.423106E+02
 0.500000E+01 -.288512E+01 -.171265E+01 -.766030E+01 0.343783E+02
 0.500000E+01 -.288401E+01 -.165130E+01 -.752990E+01 0.328252E+02
 0.426016E+01 -.286522E+01 -.167433E+01 -.746574E+01 0.360039E+02
 0.500000E+01 -.292159E+01 -.163588E+01 -.747064E+01 0.451719E+02
 0.476804E+01 -.289442E+01 -.166003E+01 -.724717E+01 0.337708E+02
 0.484650E+01 -.288425E+01 -.166079E+01 -.737396E+01 0.327826E+02
 0.489091E+01 -.289049E+01 -.166204E+01 -.765882E+01 0.331903E+02
 0.349025E+01 -.289148E+01 -.162581E+01 -.782749E+01 0.337249E+02
 0.444854E+01 -.288613E+01 -.171622E+01 -.582840E+01 0.346935E+02
 0.493520E+01 -.288171E+01 -.177199E+01 -.550000E+01 0.401415E+02
 0.464507E+01 -.290062E+01 -.169134E+01 -.831153E+01 0.363039E+02
 0.476691E+01 -.288184E+01 -.165649E+01 -.756001E+01 0.328354E+02
 0.500000E+01 -.288382E+01 -.166335E+01 -.793596E+01 0.327728E+02
 0.479591E+01 -.290772E+01 -.165648E+01 -.107959E+02 0.378622E+02
 0.498766E+01 -.289148E+01 -.166462E+01 -.767643E+01 0.333291E+02
 0.500000E+01 -.288884E+01 -.165311E+01 -.755897E+01 0.329946E+02
 0.494281E+01 -.288360E+01 -.165946E+01 -.750845E+01 0.327714E+02
 0.432594E+01 -.292091E+01 -.165182E+01 -.762904E+01 0.449444E+02
 0.472741E+01 -.288491E+01 -.169553E+01 -.689749E+01 0.334949E+02
 0.474886E+01 -.289318E+01 -.155578E+01 -.708207E+01 0.382261E+02
 0.500000E+01 -.289049E+01 -.159062E+01 -.719139E+01 0.353225E+02
 0.500000E+01 -.288376E+01 -.166862E+01 -.759809E+01 0.327999E+02
 0.485939E+01 -.288393E+01 -.166053E+01 -.743276E+01 0.327795E+02
 0.499026E+01 -.286144E+01 -.166150E+01 -.125971E+02 0.376395E+02
 0.451955E+01 -.288401E+01 -.165903E+01 -.744414E+01 0.327751E+02
 0.476879E+01 -.288183E+01 -.170383E+01 -.773886E+01 0.337757E+02
 0.461238E+01 -.289941E+01 -.158608E+01 -.787682E+01 0.368992E+02
 0.439749E+01 -.289564E+01 -.168162E+01 -.742231E+01 0.344912E+02
 0.488418E+01 -.287878E+01 -.165499E+01 -.693422E+01 0.330744E+02
 0.500000E+01 -.290086E+01 -.165998E+01 -.751988E+01 0.353985E+02
 0.486452E+01 -.288502E+01 -.150655E+01 -.750617E+01 0.438026E+02
 0.489705E+01 -.289752E+01 -.165734E+01 -.748594E+01 0.344410E+02
 0.481422E+01 -.289546E+01 -.163646E+01 -.107716E+02 0.340969E+02
 0.433963E+01 -.288364E+01 -.161920E+01 -.740156E+01 0.337258E+02
 0.421849E+01 -.288496E+01 -.164675E+01 -.835468E+01 0.328973E+02
 0.500000E+01 -.288526E+01 -.165108E+01 -.750413E+01 0.328319E+02
 0.378087E+01 -.288539E+01 -.165709E+01 -.800773E+01 0.328049E+02
 0.456916E+01 -.291903E+01 -.165463E+01 -.740507E+01 0.438052E+02
 0.493806E+01 -.288714E+01 -.165864E+01 -.751879E+01 0.328665E+02
 0.446445E+01 -.288702E+01 -.179271E+01 -.819487E+01 0.440735E+02
 0.465271E+01 -.287917E+01 -.177182E+01 -.550000E+01 0.400035E+02
 0.494647E+01 -.287971E+01 -.164991E+01 -.714459E+01 0.330548E+02
 0.492361E+01 -.290635E+01 -.164785E+01 -.751711E+01 0.372558E+02
 0.493304E+01 -.288466E+01 -.166063E+01 -.550000E+01 0.327797E+02
 0.462145E+01 -.288879E+01 -.163828E+01 -.550000E+01 0.331847E+02
 0.414780E+01 -.286397E+01 -.166997E+01 -.898802E+01 0.365010E+02
 0.432915E+01 -.287569E+01 -.162853E+01 -.729513E+01 0.342213E+02
 0.496703E+01 -.288327E+01 -.167602E+01 -.722000E+01 0.328950E+02
 0.405924E+01 -.288039E+01 -.168423E+01 -.129103E+02 0.331242E+02
 0.483994E+01 -.288392E+01 -.167404E+01 -.755605E+01 0.329153E+02
 0.450249E+01 -.288121E+01 -.157319E+01 -.765525E+01 0.369649E+02
 0.425151E+01 -.289914E+01 -.165125E+01 -.736172E+01 0.348439E+02
 0.434595E+01 -.289833E+01 -.168029E+01 -.715456E+01 0.351432E+02
 0.469109E+01 -.288261E+01 -.149950E+01 -.756297E+01 0.450807E+02
 0.486746E+01 -.290549E+01 -.166607E+01 -.768039E+01 0.371743E+02
 0.480654E+01 -.288372E+01 -.165807E+01 -.727287E+01 0.327770E+02
 0.494696E+01 -.291134E+01 -.166128E+01 -.728116E+01 0.396335E+02
 0.500000E+01 -.288960E+01 -.178761E+01 -.722088E+01 0.437134E+02
 0.456182E+01 -.289777E+01 -.154966E+01 -.704404E+01 0.393775E+02
 0.431701E+01 -.289425E+01 -.149759E+01 -.706773E+01 0.448075E+02
 0.493995E+01 -.288738E+01 -.170843E+01 -.702130E+01 0.343264E+02
 0.476700E+01 -.287509E+01 -.165756E+01 -.756372E+01 0.335599E+02
 0.486866E+01 -.288417E+01 -.166413E+01 -.946579E+01 0.327866E+02
 0.500000E+01 -.287712E+01 -.165752E+01 -.554594E+01 0.332518E+02
 0.500000E+01 -.286005E+01 -.165920E+01 -.731416E+01 0.383322E+02
 0.449083E+01 -.289044E+01 -.171408E+01 -.697970E+01 0.351022E+02
 0.379200E+01 -.289045E+01 -.163776E+01 -.767995E+01 0.333249E+02
 0.493558E+01 -.288399E+01 -.165927E+01 -.750690E+01 0.327765E+02
 0.482716E+01 -.287150E+01 -.167257E+01 -.762040E+01 0.341747E+02
 0.500000E+01 -.288453E+01 -.159270E+01 -.698804E+01 0.351418E+02
 0.492150E+01 -.286876E+01 -.179087E+01 -.783512E+01 0.435635E+02
 0.350000E+01 -.288625E+01 -.170140E+01 -.610944E+01 0.338511E+02
 0.480939E+01 -.288402E+01 -.166051E+01 -.745014E+01 0.327706E+02
 0.494899E+01 -.287166E+01 -.165868E+01 -.123747E+02 0.342518E+02
 0.440459E+01 -.288978E+01 -.166169E+01 -.733368E+01 0.331012E+02
 0.500000E+01 -.288230E+01 -.160424E+01 -.638696E+01 0.345625E+02
 0.496765E+01 -.289694E+01 -.175418E+01 -.687843E+01 0.407068E+02
 0.440329E+01 -.289609E+01 -.160808E+01 -.835509E+01 0.350800E+02
 0.491835E+01 -.288157E+01 -.165951E+01 -.760905E+01 0.328327E+02
 0.477135E+01 -.286357E+01 -.156565E+01 -.778295E+01 0.430451E+02
 0.452034E+01 -.289771E+01 -.166533E+01 -.749896E+01 0.345732E+02
 0.500000E+01 -.286910E+01 -.166002E+01 -.736226E+01 0.349021E+02
 0.473755E+01 -.288368E+01 -.167267E+01 -.745861E+01 0.328491E+02
 0.413554E+01 -.288621E+01 -.163617E+01 -.642091E+01 0.331094E+02
 0.473532E+01 -.290580E+01 -.167081E+01 -.854177E+01 0.374451E+02
 0.496039E+01 -.288290E+01 -.165955E+01 -.750592E+01 0.327903E+02
 0.469510E+01 -.287795E+01 -.165146E+01 -.876792E+01 0.332196E+02
 0.475119E+01 -.290561E+01 -.166626E+01 -.715656E+01 0.372460E+02
 0.372372E+01 -.288396E+01 -.165493E+01 -.747187E+01 0.328014E+02
 0.494473E+01 -.288165E+01 -.156503E+01 -.662164E+01 0.376032E+02
 0.500000E+01 -.289012E+01 -.165833E+01 -.753541E+01 0.331171E+02
 0.449861E+01 -.288644E+01 -.164750E+01 -.797057E+01 0.329133E+02
 0.496027E+01 -.287572E+01 -.164241E+01 -.550000E+01 0.337541E+02
 0.493194E+01 -.291387E+01 -.166428E+01 -.747074E+01 0.410562E+02
 0.416155E+01 -.290208E+01 -.162834E+01 -.802556E+01 0.358405E+02
 0.419670E+01 -.288642E+01 -.169714E+01 -.741064E+01 0.336515E+02
 0.480600E+01 -.286349E+01 -.159169E+01 -.712237E+01 0.405547E+02
 0.500000E+01 -.287819E+01 -.165087E+01 -.747621E+01 0.332009E+02
 0.437663E+01 -.289457E+01 -.162342E+01 -.704745E+01 0.342394E+02
 0.451031E+01 -.288398E+01 -.160284E+01 -.105056E+02 0.345262E+02
 0.481520E+01 -.288383E+01 -.167225E+01 -.745483E+01 0.328470E+02
 0.494677E+01 -.290656E+01 -.164551E+01 -.750241E+01 0.372989E+02
 0.356564E+01 -.286575E+01 -.168728E+01 -.748126E+01 0.359199E+02
 0.488429E+01 -.289433E+01 -.169612E+01 -.637819E+01 0.348123E+02
 0.500000E+01 -.288562E+01 -.166534E+01 -.799373E+01 0.328122E+02
 0.496699E+01 -.288405E+01 -.165849E+01 -.709062E+01 0.327804E+02
 0.500000E+01 -.289331E+01 -.165934E+01 -.675211E+01 0.335739E+02
 0.500000E+01 -.289492E+01 -.164277E+01 -.719304E+01 0.338939E+02
 0.497466E+01 -.287868E+01 -.161928E+01 -.714791E+01 0.341474E+02
 0.442008E+01 -.289316E+01 -.162880E+01 -.567743E+01 0.338798E+02
 0.441431E+01 -.288327E+01 -.166184E+01 -.753632E+01 0.327837E+02
 0.491495E+01 -.286547E+01 -.165602E+01 -.864913E+01 0.361270E+02
 0.497969E+01 -.288407E+01 -.165806E+01 -.838321E+01 0.327758E+02
 0.350000E+01 -.286001E+01 -.165837E+01 -.713274E+01 0.384014E+02
 0.486826E+01 -.285476E+01 -.165390E+01 -.760405E+01 0.412341E+02
 0.432575E+01 -.287818E+01 -.164242E+01 -.755860E+01 0.333761E+02
 0.494359E+01 -.288421E+01 -.165925E+01 -.750567E+01 0.327707E+02
 0.451761E+01 -.285906E+01 -.163886E+01 -.802433E+01 0.395110E+02
 0.410332E+01 -.288617E+01 -.170141E+01 -.750611E+01 0.338325E+02
 0.336664E+01 -.288164E+01 -.177510E+01 -.550000E+01 0.406317E+02
 0.492070E+01 -.288239E+01 -.170425E+01 -.720436E+01 0.338082E+02
 0.493719E+01 -.288403E+01 -.165876E+01 -.747176E+01 0.327776E+02
 0.496430E+01 -.290934E+01 -.165699E+01 -.712467E+01 0.386128E+02
 0.456030E+01 -.288202E+01 -.166135E+01 -.757921E+01 0.328056E+02
 0.370702E+01 -.288316E+01 -.156836E+01 -.629597E+01 0.371386E+02
 0.500000E+01 -.288579E+01 -.156458E+01 -.643086E+01 0.372957E+02
 0.495736E+01 -.288639E+01 -.166308E+01 -.802290E+01 0.328341E+02
 0.445925E+01 -.289379E+01 -.160675E+01 -.783192E+01 0.347440E+02
 0.437769E+01 -.287165E+01 -.165844E+01 -.747577E+01 0.342499E+02
 0.492406E+01 -.285965E+01 -.167005E+01 -.735480E+01 0.382763E+02
 0.500000E+01 -.288861E+01 -.166950E+01 -.895554E+01 0.330441E+02
 0.500000E+01 -.288419E+01 -.169447E+01 -.745138E+01 0.334102E+02
 0.486632E+01 -.288074E+01 -.166817E+01 -.639891E+01 0.328849E+02
 0.496276E+01 -.288249E+01 -.166653E+01 -.754529E+01 0.328018E+02
 0.500000E+01 -.288531E+01 -.166164E+01 -.689763E+01 0.327938E+02
 0.500000E+01 -.286653E+01 -.166600E+01 -.721449E+01 0.356158E+02
 0.350000E+01 -.290846E+01 -.164150E+01 -.716919E+01 0.380737E+02
 0.481629E+01 -.288484E+01 -.165858E+01 -.745280E+01 0.327852E+02
 0.488051E+01 -.288518E+01 -.153945E+01 -.709089E+01 0.398367E+02
 0.496131E+01 -.288197E+01 -.164340E+01 -.657437E+01 0.330107E+02
 0.491184E+01 -.289928E+01 -.163929E+01 -.770926E+01 0.349199E+02
 0.494801E+01 -.288367E+01 -.176237E+01 -.614989E+01 0.389814E+02
 0.500000E+01 -.288488E+01 -.168116E+01 -.708597E+01 0.330210E+02
 0.481190E+01 -.288200E+01 -.166683E+01 -.771123E+01 0.328137E+02
 0.474315E+01 -.288707E+01 -.163626E+01 -.952931E+01 0.331213E+02
 0.262910E+01 -.285211E+01 -.163770E+01 -.688575E+01 0.438422E+02
 0.493947E+01 -.288389E+01 -.165935E+01 -.742910E+01 0.327764E+02
 0.500000E+01 -.288254E+01 -.172464E+01 -.818427E+01 0.350730E+02
 0.500000E+01 -.287876E+01 -.167509E+01 -.760274E+01 0.330697E+02
 0.400470E+01 -.285712E+01 -.161159E+01 -.799127E+01 0.422363E+02
 0.499524E+01 -.285754E+01 -.171909E+01 -.656427E+01 0.399858E+02
 0.468543E+01 -.286515E+01 -.165740E+01 -.734281E+01 0.362375E+02
 0.500000E+01 -.288458E+01 -.166125E+01 -.731621E+01 0.327796E+02
 0.492112E+01 -.286332E+01 -.165788E+01 -.732265E+01 0.369034E+02
 0.482943E+01 -.288233E+01 -.156516E+01 -.639368E+01 0.375091E+02
 0.361172E+01 -.288218E+01 -.173269E+01 -.866846E+01 0.357384E+02
 0.496408E+01 -.288009E+01 -.160378E+01 -.690733E+01 0.348096E+02
 0.424613E+01 -.289077E+01 -.166169E+01 -.748540E+01 0.332227E+02
 0.493686E+01 -.289764E+01 -.165879E+01 -.993601E+01 0.344969E+02
 0.500000E+01 -.288387E+01 -.165557E+01 -.662460E+01 0.327906E+02
 0.388623E+01 -.287582E+01 -.165611E+01 -.119730E+02 0.334641E+02
 0.483042E+01 -.286439E+01 -.165417E+01 -.771293E+01 0.365729E+02
 0.491242E+01 -.287584E+01 -.165663E+01 -.824521E+01 0.334434E+02
 0.494896E+01 -.288379E+01 -.165937E+01 -.750637E+01 0.327718E+02
 0.478278E+01 -.287915E+01 -.161549E+01 -.749149E+01 0.342777E+02
 0.494190E+01 -.289044E+01 -.169433E+01 -.831791E+01 0.339971E+02
 0.466391E+01 -.290199E+01 -.176167E+01 -.747172E+01 0.436206E+02
 0.370437E+01 -.288791E+01 -.167156E+01 -.793235E+01 0.330267E+02
 0.486664E+01 -.288478E+01 -.163026E+01 -.621767E+01 0.332695E+02
 0.496883E+01 -.288761E+01 -.179739E+01 -.778389E+01 0.450732E+02
 0.492395E+01 -.288401E+01 -.165798E+01 -.753379E+01 0.327818E+02
 0.498971E+01 -.289744E+01 -.165864E+01 -.550000E+01 0.344408E+02
 0.372412E+01 -.290563E+01 -.165670E+01 -.623209E+01 0.370424E+02
 0.486073E+01 -.288026E+01 -.165837E+01 -.774427E+01 0.329191E+02
 0.467969E+01 -.288202E+01 -.180098E+01 -.739414E+01 0.449000E+02
 0.491030E+01 -.286760E+01 -.153664E+01 -.684384E+01 0.445528E+02
 0.382054E+01 -.286977E+01 -.157534E+01 -.113176E+02 0.394431E+02
 0.492337E+01 -.288602E+01 -.165608E+01 -.770899E+01 0.328222E+02
 0.500000E+01 -.286472E+01 -.165113E+01 -.750336E+01 0.365624E+02
 0.495309E+01 -.288476E+01 -.158219E+01 -.775318E+01 0.358820E+02
 0.490134E+01 -.287678E+01 -.166728E+01 -.745926E+01 0.332414E+02
 0.495092E+01 -.285057E+01 -.162559E+01 -.115279E+02 0.453866E+02
 0.437369E+01 -.288407E+01 -.165625E+01 -.743415E+01 0.327954E+02
 0.467633E+01 -.288027E+01 -.167682E+01 -.663230E+01 0.329878E+02
 0.439513E+01 -.286919E+01 -.165210E+01 -.955389E+01 0.350326E+02
 0.496990E+01 -.288348E+01 -.166452E+01 -.753223E+01 0.327872E+02
 0.468336E+01 -.288986E+01 -.166745E+01 -.600795E+01 0.331521E+02
 0.383632E+01 -.285643E+01 -.166027E+01 -.569573E+01 0.401391E+02
 0.500000E+01 -.288393E+01 -.154129E+01 -.751704E+01 0.397497E+02
 0.473932E+01 -.288021E+01 -.165844E+01 -.734872E+01 0.329197E+02
 0.338051E+01 -.288289E+01 -.151972E+01 -.695320E+01 0.423515E+02
 0.307196E+01 -.291340E+01 -.169788E+01 -.135071E+02 0.424279E+02
 0.493505E+01 -.289491E+01 -.165875E+01 -.700561E+01 0.338770E+02
 0.493113E+01 -.288225E+01 -.163961E+01 -.765067E+01 0.330800E+02
 0.480519E+01 -.285976E+01 -.170620E+01 -.863339E+01 0.385475E+02
 0.472546E+01 -.290127E+01 -.172656E+01 -.709738E+01 0.391151E+02
 0.477713E+01 -.288798E+01 -.167574E+01 -.781714E+01 0.330946E+02
 0.498591E+01 -.286526E+01 -.164496E+01 -.825930E+01 0.365427E+02
 0.500000E+01 -.288817E+01 -.167421E+01 -.104716E+02 0.330797E+02
 0.500000E+01 -.288395E+01 -.164777E+01 -.745195E+01 0.328701E+02
 0.462001E+01 -.286715E+01 -.166543E+01 -.700742E+01 0.353964E+02
 0.420466E+01 -.288692E+01 -.161478E+01 -.808366E+01 0.338576E+02
 0.451431E+01 -.286710E+01 -.168280E+01 -.738655E+01 0.354024E+02
 0.500000E+01 -.285500E+01 -.161226E+01 -.780842E+01 0.434528E+02
 0.442038E+01 -.288286E+01 -.175085E+01 -.663096E+01 0.375512E+02
 0.341149E+01 -.288860E+01 -.160115E+01 -.550000E+01 0.345996E+02
 0.500000E+01 -.287016E+01 -.178868E+01 -.804413E+01 0.430164E+02
 0.466118E+01 -.288494E+01 -.165131E+01 -.723853E+01 0.328275E+02
 0.492936E+01 -.288474E+01 -.166430E+01 -.752119E+01 0.327870E+02
 0.488576E+01 -.286951E+01 -.165863E+01 -.782926E+01 0.347939E+02
 0.348152E+01 -.287654E+01 -.166095E+01 -.884487E+01 0.333133E+02
 0.493231E+01 -.288473E+01 -.167804E+01 -.680756E+01 0.329565E+02
 0.421127E+01 -.288825E+01 -.166103E+01 -.750721E+01 0.329476E+02
 0.464804E+01 -.291107E+01 -.166164E+01 -.701850E+01 0.395826E+02
 0.489265E+01 -.288373E+01 -.166371E+01 -.814093E+01 0.327721E+02
 0.500000E+01 -.289908E+01 -.165712E+01 -.977825E+01 0.348458E+02
 0.494861E+01 -.289987E+01 -.165568E+01 -.744996E+01 0.350465E+02
 0.500000E+01 -.289291E+01 -.167080E+01 -.828875E+01 0.336432E+02
 0.493652E+01 -.288364E+01 -.165945E+01 -.750847E+01 0.327774E+02
 0.437254E+01 -.291384E+01 -.161456E+01 -.751945E+01 0.409699E+02
 0.417720E+01 -.288786E+01 -.163398E+01 -.767982E+01 0.332141E+02
 0.500000E+01 -.288680E+01 -.153457E+01 -.828937E+01 0.402715E+02
 0.500000E+01 -.288384E+01 -.166195E+01 -.808231E+01 0.327765E+02
 0.481658E+01 -.288399E+01 -.166022E+01 -.746509E+01 0.327744E+02
 0.496039E+01 -.285640E+01 -.166036E+01 -.107500E+02 0.401385E+02
 0.498736E+01 -.285847E+01 -.165911E+01 -.850821E+01 0.390862E+02
 0.477419E+01 -.288579E+01 -.165709E+01 -.724191E+01 0.328015E+02
 0.421235E+01 -.288204E+01 -.156937E+01 -.107500E+02 0.371635E+02
 0.485246E+01 -.287621E+01 -.166799E+01 -.700811E+01 0.333118E+02
 0.350000E+01 -.290040E+01 -.156259E+01 -.766575E+01 0.387459E+02
 0.489576E+01 -.288426E+01 -.165216E+01 -.738633E+01 0.328134E+02
 0.423434E+01 -.289306E+01 -.165253E+01 -.751026E+01 0.335320E+02
 0.494024E+01 -.290764E+01 -.166224E+01 -.757882E+01 0.379696E+02
 0.496045E+01 -.285311E+01 -.164226E+01 -.110717E+02 0.427396E+02
 0.426420E+01 -.288373E+01 -.162940E+01 -.739697E+01 0.333187E+02
 0.404460E+01 -.288669E+01 -.163460E+01 -.840735E+01 0.331522E+02
 0.497701E+01 -.288446E+01 -.165556E+01 -.751449E+01 0.327914E+02
 0.500000E+01 -.288980E+01 -.166166E+01 -.646391E+01 0.330965E+02
 0.421178E+01 -.289841E+01 -.165961E+01 -.550000E+01 0.347047E+02
 0.500000E+01 -.288331E+01 -.165821E+01 -.745734E+01 0.327850E+02
 0.481844E+01 -.289456E+01 -.163005E+01 -.833237E+01 0.340577E+02
 0.426477E+01 -.288146E+01 -.174227E+01 -.694665E+01 0.365787E+02
 0.492597E+01 -.289400E+01 -.166211E+01 -.670279E+01 0.337274E+02
 0.495629E+01 -.286826E+01 -.166565E+01 -.750614E+01 0.350791E+02
 0.492454E+01 -.289309E+01 -.171940E+01 -.763965E+01 0.360333E+02
 0.498891E+01 -.288868E+01 -.166779E+01 -.745770E+01 0.330378E+02
 0.500000E+01 -.286135E+01 -.166195E+01 -.847318E+01 0.376804E+02
 0.426144E+01 -.288334E+01 -.166554E+01 -.111773E+02 0.327940E+02
 0.485008E+01 -.288398E+01 -.166402E+01 -.755232E+01 0.327800E+02
 0.494683E+01 -.288551E+01 -.174176E+01 -.726738E+01 0.367920E+02
 0.485138E+01 -.288169E+01 -.167130E+01 -.550000E+01 0.328631E+02
 0.494934E+01 -.289672E+01 -.168212E+01 -.739087E+01 0.347569E+02
 0.350000E+01 -.287950E+01 -.162036E+01 -.738340E+01 0.340051E+02
 0.365510E+01 -.289473E+01 -.178494E+01 -.685199E+01 0.446654E+02
 0.261335E+01 -.289107E+01 -.161380E+01 -.859905E+01 0.341157E+02
 0.497197E+01 -.290545E+01 -.165246E+01 -.714296E+01 0.369372E+02
 0.497072E+01 -.289797E+01 -.166028E+01 -.773849E+01 0.346073E+02
 0.493934E+01 -.288383E+01 -.166025E+01 -.764281E+01 0.327752E+02
 0.492844E+01 -.289076E+01 -.166063E+01 -.762520E+01 0.332040E+02
 0.342062E+01 -.287714E+01 -.160100E+01 -.828081E+01 0.354481E+02
 0.495326E+01 -.288344E+01 -.173832E+01 -.627519E+01 0.362792E+02
 0.433147E+01 -.290798E+01 -.171031E+01 -.893057E+01 0.405364E+02
 0.457997E+01 -.287745E+01 -.166071E+01 -.755097E+01 0.331747E+02
 0.459806E+01 -.287887E+01 -.165954E+01 -.583202E+01 0.330490E+02
 0.389798E+01 -.288879E+01 -.163907E+01 -.139587E+02 0.331511E+02
 0.483947E+01 -.289448E+01 -.171514E+01 -.885011E+01 0.360391E+02
 0.486794E+01 -.288364E+01 -.166609E+01 -.885982E+01 0.327950E+02
 0.350000E+01 -.290325E+01 -.165710E+01 -.740004E+01 0.361535E+02
 0.500000E+01 -.289814E+01 -.165991E+01 -.724591E+01 0.346222E+02
 0.466150E+01 -.289695E+01 -.166064E+01 -.735289E+01 0.343383E+02
 0.493506E+01 -.288365E+01 -.165928E+01 -.750887E+01 0.327777E+02
 0.441242E+01 -.289607E+01 -.162619E+01 -.749816E+01 0.344375E+02
 0.486859E+01 -.288146E+01 -.163183E+01 -.757677E+01 0.333556E+02
 0.493603E+01 -.289163E+01 -.166421E+01 -.692212E+01 0.333557E+02
 0.455204E+01 -.288200E+01 -.167147E+01 -.760825E+01 0.328572E+02
 0.406363E+01 -.288720E+01 -.149505E+01 -.927764E+01 0.451667E+02
 0.495952E+01 -.288076E+01 -.154860E+01 -.798055E+01 0.393695E+02
 0.482232E+01 -.288397E+01 -.166085E+01 -.743906E+01 0.327776E+02
 0.439183E+01 -.286374E+01 -.172613E+01 -.569473E+01 0.379137E+02
 0.495584E+01 -.288441E+01 -.166124E+01 -.980214E+01 0.327764E+02
 0.496791E+01 -.288200E+01 -.156085E+01 -.744014E+01 0.379498E+02
 0.451672E+01 -.288876E+01 -.166079E+01 -.703806E+01 0.329938E+02
 0.499929E+01 -.287242E+01 -.162528E+01 -.720944E+01 0.350962E+02
 0.486722E+01 -.289029E+01 -.177280E+01 -.778161E+01 0.414894E+02
 0.430240E+01 -.289809E+01 -.165201E+01 -.926830E+01 0.345692E+02
 0.487553E+01 -.288267E+01 -.165924E+01 -.723603E+01 0.327955E+02
 0.493800E+01 -.287511E+01 -.160963E+01 -.639295E+01 0.352998E+02
 0.416128E+01 -.290886E+01 -.165782E+01 -.750084E+01 0.383557E+02
 0.500000E+01 -.289445E+01 -.166469E+01 -.738049E+01 0.338318E+02
 0.497520E+01 -.290047E+01 -.166556E+01 -.643644E+01 0.353952E+02
 0.446032E+01 -.288374E+01 -.163523E+01 -.747330E+01 0.331414E+02
 0.375952E+01 -.288429E+01 -.165420E+01 -.913151E+01 0.328049E+02
 0.423871E+01 -.287971E+01 -.166921E+01 -.602360E+01 0.329468E+02
 0.499047E+01 -.288311E+01 -.165709E+01 -.751973E+01 0.327932E+02
 0.485337E+01 -.287853E+01 -.165622E+01 -.837021E+01 0.330869E+02
 0.250429E+01 -.288396E+01 -.164569E+01 -.747717E+01 0.330105E+02
 0.479165E+01 -.288762E+01 -.165905E+01 -.752458E+01 0.328877E+02
 0.500000E+01 -.290439E+01 -.168732E+01 -.984907E+01 0.374741E+02
 0.496725E+01 -.288639E+01 -.164967E+01 -.686436E+01 0.328797E+02
 0.494535E+01 -.287208E+01 -.166695E+01 -.754519E+01 0.340701E+02
 0.403792E+01 -.288672E+01 -.163212E+01 -.550000E+01 0.332408E+02
 0.500000E+01 -.286384E+01 -.163588E+01 -.743013E+01 0.374740E+02
 0.500000E+01 -.288472E+01 -.165460E+01 -.728074E+01 0.327970E+02
 0.454189E+01 -.288012E+01 -.165046E+01 -.778354E+01 0.330074E+02
 0.492495E+01 -.288386E+01 -.166972E+01 -.756711E+01 0.328168E+02
 0.486204E+01 -.287903E+01 -.153980E+01 -.759503E+01 0.406290E+02
 0.500000E+01 -.289468E+01 -.163733E+01 -.746659E+01 0.339241E+02
 0.395706E+01 -.290259E+01 -.168773E+01 -.717319E+01 0.368349E+02
 0.500000E+01 -.287369E+01 -.166705E+01 -.788920E+01 0.337399E+02
 0.495035E+01 -.288316E+01 -.165653E+01 -.768124E+01 0.327973E+02
 0.500000E+01 -.289725E+01 -.166034E+01 -.696326E+01 0.344036E+02
 0.493020E+01 -.286169E+01 -.170678E+01 -.656802E+01 0.377592E+02
 0.492062E+01 -.288679E+01 -.163215E+01 -.711636E+01 0.332290E+02
 0.413994E+01 -.288302E+01 -.150726E+01 -.698531E+01 0.439593E+02
 0.496876E+01 -.287957E+01 -.163632E+01 -.693207E+01 0.333812E+02
 0.500000E+01 -.287040E+01 -.165921E+01 -.752108E+01 0.345588E+02
 0.468957E+01 -.286007E+01 -.165690E+01 -.875034E+01 0.383864E+02
 0.489150E+01 -.288413E+01 -.166660E+01 -.832328E+01 0.327856E+02
 0.403490E+01 -.290006E+01 -.165713E+01 -.632784E+01 0.351397E+02
 0.489568E+01 -.285398E+01 -.166174E+01 -.754962E+01 0.414668E+02
 0.421584E+01 -.287087E+01 -.165186E+01 -.707513E+01 0.345600E+02
 0.494488E+01 -.288433E+01 -.165923E+01 -.750674E+01 0.327723E+02
 0.500000E+01 -.285020E+01 -.167511E+01 -.744057E+01 0.435094E+02
 0.486117E+01 -.285832E+01 -.168678E+01 -.759225E+01 0.388343E+02
 0.488185E+01 -.287946E+01 -.169977E+01 -.744554E+01 0.336567E+02
 0.414480E+01 -.288388E+01 -.170046E+01 -.569518E+01 0.336569E+02
 0.496195E+01 -.288107E+01 -.161847E+01 -.774082E+01 0.339158E+02
 0.498489E+01 -.288399E+01 -.166110E+01 -.750519E+01 0.327759E+02
 0.495006E+01 -.290682E+01 -.166087E+01 -.737695E+01 0.375885E+02
 0.492006E+01 -.288801E+01 -.166474E+01 -.790849E+01 0.329582E+02
 0.451975E+01 -.288146E+01 -.166346E+01 -.754441E+01 0.328340E+02
 0.386054E+01 -.288219E+01 -.154346E+01 -.600335E+01 0.397199E+02
 0.495762E+01 -.287781E+01 -.170344E+01 -.774944E+01 0.339149E+02
 0.490593E+01 -.287532E+01 -.172835E+01 -.711060E+01 0.355935E+02
 0.465924E+01 -.289482E+01 -.178749E+01 -.766113E+01 0.451132E+02
 0.493431E+01 -.288323E+01 -.166519E+01 -.727554E+01 0.327857E+02
 0.500000E+01 -.288834E+01 -.176513E+01 -.713481E+01 0.399799E+02
 0.383252E+01 -.290328E+01 -.170787E+01 -.861982E+01 0.383328E+02
 0.500000E+01 -.289361E+01 -.166053E+01 -.749598E+01 0.336359E+02
 0.493453E+01 -.286256E+01 -.165934E+01 -.737371E+01 0.371980E+02
 0.496711E+01 -.289906E+01 -.166316E+01 -.550000E+01 0.349445E+02
 0.500000E+01 -.288409E+01 -.166881E+01 -.755139E+01 0.328034E+02
 0.500000E+01 -.288146E+01 -.168331E+01 -.735129E+01 0.330601E+02
 0.467784E+01 -.289185E+01 -.166580E+01 -.641250E+01 0.334018E+02
 0.498072E+01 -.288303E+01 -.166042E+01 -.752910E+01 0.327799E+02
 0.489462E+01 -.288553E+01 -.165916E+01 -.840006E+01 0.327922E+02
 0.423660E+01 -.289459E+01 -.166462E+01 -.890020E+01 0.338842E+02
 0.478534E+01 -.288709E+01 -.165858E+01 -.735618E+01 0.328553E+02
 0.353241E+01 -.288629E+01 -.159613E+01 -.842872E+01 0.348702E+02
 0.499603E+01 -.287964E+01 -.165174E+01 -.794323E+01 0.330357E+02
 0.492653E+01 -.288415E+01 -.164448E+01 -.759212E+01 0.329180E+02
 0.490001E+01 -.288119E+01 -.165054E+01 -.737129E+01 0.329319E+02
 0.500000E+01 -.287958E+01 -.165660E+01 -.823591E+01 0.329846E+02
 0.499407E+01 -.288381E+01 -.166695E+01 -.751055E+01 0.327862E+02
 0.493750E+01 -.288335E+01 -.160983E+01 -.793600E+01 0.341767E+02
 0.394902E+01 -.289674E+01 -.175832E+01 -.785077E+01 0.411924E+02
 0.471447E+01 -.286097E+01 -.164074E+01 -.753116E+01 0.384805E+02
 0.500000E+01 -.291241E+01 -.168676E+01 -.775580E+01 0.411722E+02
 0.473434E+01 -.286590E+01 -.165931E+01 -.754390E+01 0.358972E+02
 0.494905E+01 -.288331E+01 -.165991E+01 -.756170E+01 0.327755E+02
 0.495771E+01 -.289333E+01 -.165954E+01 -.712846E+01 0.335773E+02
 0.500000E+01 -.289451E+01 -.169473E+01 -.619736E+01 0.347685E+02
 0.499661E+01 -.287810E+01 -.156728E+01 -.735980E+01 0.379722E+02
 0.500000E+01 -.287201E+01 -.162359E+01 -.550000E+01 0.352935E+02
 0.365892E+01 -.289549E+01 -.153777E+01 -.701422E+01 0.401950E+02
 0.411003E+01 -.288723E+01 -.165940E+01 -.749772E+01 0.328923E+02
 0.479560E+01 -.286541E+01 -.165725E+01 -.102088E+02 0.361574E+02
 0.350000E+01 -.288063E+01 -.169014E+01 -.959139E+01 0.332824E+02
 0.479370E+01 -.289128E+01 -.157565E+01 -.719214E+01 0.364142E+02
 0.491857E+01 -.288423E+01 -.165751E+01 -.729561E+01 0.327830E+02
 0.445391E+01 -.288376E+01 -.165792E+01 -.956886E+01 0.327935E+02
 0.489572E+01 -.285749E+01 -.165845E+01 -.778680E+01 0.396191E+02
 0.496292E+01 -.287324E+01 -.165700E+01 -.836133E+01 0.339166E+02
 0.495032E+01 -.288420E+01 -.165935E+01 -.750706E+01 0.327766E+02
 0.410724E+01 -.288845E+01 -.166687E+01 -.743743E+01 0.330161E+02
 0.482447E+01 -.288854E+01 -.164182E+01 -.749638E+01 0.331062E+02
 0.483321E+01 -.289228E+01 -.163674E+01 -.797535E+01 0.335671E+02
 0.494374E+01 -.288888E+01 -.153570E+01 -.579611E+01 0.401862E+02
 0.494107E+01 -.288975E+01 -.154969E+01 -.823414E+01 0.386282E+02
 0.493641E+01 -.288367E+01 -.166751E+01 -.737992E+01 0.327984E+02
 0.380991E+01 -.288156E+01 -.178976E+01 -.550000E+01 0.428884E+02
 0.493565E+01 -.288459E+01 -.178467E+01 -.759537E+01 0.423515E+02
 0.500000E+01 -.288399E+01 -.165867E+01 -.750184E+01 0.327776E+02
 0.494867E+01 -.289106E+01 -.165914E+01 -.602407E+01 0.332258E+02
 0.499114E+01 -.288063E+01 -.166395E+01 -.779265E+01 0.328748E+02
 0.496457E+01 -.285362E+01 -.174494E+01 -.721581E+01 0.433636E+02
 0.493876E+01 -.286453E+01 -.164182E+01 -.684619E+01 0.369259E+02
 0.372573E+01 -.284947E+01 -.172701E+01 -.771354E+01 0.446442E+02
 0.430715E+01 -.287784E+01 -.163638E+01 -.129063E+02 0.335919E+02
 0.499401E+01 -.288457E+01 -.166541E+01 -.762458E+01 0.327863E+02
 0.485277E+01 -.289136E+01 -.173176E+01 -.705982E+01 0.367308E+02
 0.444174E+01 -.286520E+01 -.165897E+01 -.750634E+01 0.361966E+02
 0.500000E+01 -.288420E+01 -.176127E+01 -.786244E+01 0.388944E+02
 0.495415E+01 -.284895E+01 -.166056E+01 -.747100E+01 0.447210E+02
 0.497522E+01 -.287741E+01 -.163934E+01 -.850301E+01 0.335551E+02
 0.398571E+01 -.288408E+01 -.168315E+01 -.741973E+01 0.330529E+02
 0.350000E+01 -.288127E+01 -.165712E+01 -.613292E+01 0.328753E+02
 0.458153E+01 -.291661E+01 -.165605E+01 -.767756E+01 0.423913E+02
 0.497894E+01 -.288379E+01 -.166571E+01 -.752522E+01 0.327813E+02
 0.497892E+01 -.288948E+01 -.166165E+01 -.753152E+01 0.330598E+02
 0.405303E+01 -.285665E+01 -.166690E+01 -.973483E+01 0.398577E+02
 0.500000E+01 -.287762E+01 -.165851E+01 -.733985E+01 0.331764E+02
 0.295191E+01 -.288536E+01 -.150496E+01 -.750647E+01 0.439398E+02
 0.495434E+01 -.288070E+01 -.165420E+01 -.811253E+01 0.329218E+02
 0.492103E+01 -.289389E+01 -.164347E+01 -.750947E+01 0.337219E+02
 0.488897E+01 -.288341E+01 -.155006E+01 -.966918E+01 0.388653E+02
 0.430133E+01 -.290328E+01 -.169304E+01 -.660712E+01 0.373459E+02
 0.486314E+01 -.288611E+01 -.162817E+01 -.731445E+01 0.333386E+02
 0.494413E+01 -.288452E+01 -.165088E+01 -.734373E+01 0.328257E+02
 0.411350E+01 -.288408E+01 -.166851E+01 -.122679E+02 0.328090E+02
 0.304193E+01 -.288663E+01 -.163400E+01 -.733565E+01 0.332053E+02
 0.494117E+01 -.288395E+01 -.165455E+01 -.745707E+01 0.327965E+02
 0.432668E+01 -.288308E+01 -.170524E+01 -.772619E+01 0.338683E+02
 0.474139E+01 -.288057E+01 -.165570E+01 -.738519E+01 0.329147E+02
 0.399015E+01 -.290047E+01 -.164558E+01 -.793360E+01 0.352228E+02
 0.439793E+01 -.289351E+01 -.168582E+01 -.711209E+01 0.341708E+02
 0.496118E+01 -.286900E+01 -.176753E+01 -.760961E+01 0.402855E+02
 0.460864E+01 -.287446E+01 -.164932E+01 -.738226E+01 0.338054E+02
 0.494707E+01 -.288449E+01 -.166288E+01 -.755585E+01 0.327749E+02
 0.492045E+01 -.287832E+01 -.165882E+01 -.747900E+01 0.330843E+02
 0.490973E+01 -.288214E+01 -.163744E+01 -.833556E+01 0.331415E+02
 0.445845E+01 -.289641E+01 -.164123E+01 -.695489E+01 0.341916E+02
 0.494548E+01 -.288593E+01 -.156906E+01 -.868499E+01 0.368890E+02
 0.496186E+01 -.288075E+01 -.159312E+01 -.731526E+01 0.354257E+02
 0.483179E+01 -.289386E+01 -.166193E+01 -.753487E+01 0.337089E+02
 0.498213E+01 -.289746E+01 -.165817E+01 -.713543E+01 0.344379E+02
 0.491477E+01 -.288379E+01 -.165506E+01 -.756054E+01 0.327969E+02
 0.500000E+01 -.287063E+01 -.165892E+01 -.104829E+02 0.345016E+02
 0.465537E+01 -.290380E+01 -.173264E+01 -.751295E+01 0.407316E+02
 0.497115E+01 -.288433E+01 -.165591E+01 -.759838E+01 0.327914E+02
 0.500000E+01 -.289355E+01 -.166353E+01 -.818692E+01 0.336552E+02
 0.494471E+01 -.288393E+01 -.165945E+01 -.750825E+01 0.327703E+02
 0.379765E+01 -.291730E+01 -.165624E+01 -.753719E+01 0.427850E+02
 0.495443E+01 -.291208E+01 -.163070E+01 -.743288E+01 0.397936E+02
 0.409867E+01 -.291742E+01 -.169258E+01 -.760341E+01 0.444191E+02
 0.498633E+01 -.288716E+01 -.163518E+01 -.733925E+01 0.331542E+02
 0.495765E+01 -.288127E+01 -.171445E+01 -.810245E+01 0.343556E+02
 0.496112E+01 -.288632E+01 -.166625E+01 -.752467E+01 0.328531E+02
 0.483783E+01 -.288397E+01 -.165946E+01 -.750019E+01 0.328294E+02
 0.494709E+01 -.287392E+01 -.165887E+01 -.963063E+01 0.337550E+02
 0.271147E+01 -.291168E+01 -.160769E+01 -.646884E+01 0.399869E+02
 0.494477E+01 -.290679E+01 -.166141E+01 -.747167E+01 0.375668E+02
 0.470636E+01 -.288393E+01 -.165686E+01 -.747592E+01 0.327837E+02
 0.494366E+01 -.287050E+01 -.160573E+01 -.715633E+01 0.367639E+02
 0.440479E+01 -.287663E+01 -.152613E+01 -.130869E+02 0.428452E+02
 0.500000E+01 -.288496E+01 -.165789E+01 -.744469E+01 0.327864E+02
 0.480517E+01 -.288736E+01 -.155861E+01 -.606846E+01 0.377842E+02
 0.453377E+01 -.291535E+01 -.160298E+01 -.787362E+01 0.420662E+02
 0.478858E+01 -.287259E+01 -.165636E+01 -.749729E+01 0.340705E+02
 0.498792E+01 -.289100E+01 -.166960E+01 -.751983E+01 0.333334E+02
 0.496236E+01 -.287391E+01 -.163532E+01 -.116426E+02 0.343198E+02
 0.409091E+01 -.288382E+01 -.169191E+01 -.733257E+01 0.333060E+02
 0.322011E+01 -.288627E+01 -.164184E+01 -.799131E+01 0.330012E+02
 0.499945E+01 -.288377E+01 -.166455E+01 -.752025E+01 0.327806E+02
 0.495682E+01 -.287882E+01 -.166134E+01 -.744302E+01 0.330245E+02
 0.500000E+01 -.286171E+01 -.166205E+01 -.767734E+01 0.375230E+02
 0.500000E+01 -.288396E+01 -.166887E+01 -.748663E+01 0.328029E+02
 0.493339E+01 -.287596E+01 -.161978E+01 -.791071E+01 0.345689E+02
 0.482005E+01 -.288199E+01 -.165882E+01 -.749200E+01 0.328174E+02
 0.500000E+01 -.288910E+01 -.149506E+01 -.706781E+01 0.450660E+02
 0.445191E+01 -.288428E+01 -.178553E+01 -.705128E+01 0.424379E+02
 0.491240E+01 -.288825E+01 -.166241E+01 -.668758E+01 0.329532E+02
 0.493784E+01 -.288682E+01 -.165520E+01 -.752141E+01 0.328558E+02
 0.498842E+01 -.288695E+01 -.166230E+01 -.751161E+01 0.328640E+02
 0.377584E+01 -.288736E+01 -.166370E+01 -.992227E+01 0.329033E+02
 0.486054E+01 -.288400E+01 -.164882E+01 -.747436E+01 0.328614E+02
 0.492356E+01 -.288604E+01 -.162955E+01 -.754872E+01 0.332878E+02
 0.423213E+01 -.287449E+01 -.162637E+01 -.710323E+01 0.345521E+02
 0.500000E+01 -.289928E+01 -.167291E+01 -.744613E+01 0.351766E+02
 0.418047E+01 -.286343E+01 -.162549E+01 -.736879E+01 0.381807E+02
 0.500000E+01 -.288761E+01 -.178992E+01 -.991311E+01 0.437025E+02
 0.300860E+01 -.291991E+01 -.161520E+01 -.815148E+01 0.442531E+02
 0.497540E+01 -.286909E+01 -.167622E+01 -.860569E+01 0.347864E+02
 0.500000E+01 -.289790E+01 -.166634E+01 -.780260E+01 0.346508E+02
 0.451997E+01 -.285743E+01 -.176396E+01 -.105493E+02 0.433206E+02
 0.323152E+01 -.290974E+01 -.168298E+01 -.685074E+01 0.396815E+02
 0.494355E+01 -.288478E+01 -.166260E+01 -.753419E+01 0.327762E+02
 0.492175E+01 -.286833E+01 -.165940E+01 -.765600E+01 0.351137E+02
 0.467760E+01 -.287557E+01 -.161785E+01 -.785616E+01 0.347459E+02
 0.495096E+01 -.288567E+01 -.173159E+01 -.702957E+01 0.358472E+02
 0.465946E+01 -.288857E+01 -.172977E+01 -.891077E+01 0.360465E+02
 0.500000E+01 -.288400E+01 -.166165E+01 -.754814E+01 0.327762E+02
 0.463038E+01 -.289410E+01 -.166071E+01 -.550000E+01 0.337438E+02
 0.467856E+01 -.289981E+01 -.166996E+01 -.864910E+01 0.352689E+02
 0.493405E+01 -.288356E+01 -.165919E+01 -.833825E+01 0.327756E+02
 0.426976E+01 -.286867E+01 -.165999E+01 -.968875E+01 0.350134E+02
 0.499418E+01 -.290583E+01 -.165516E+01 -.734891E+01 0.370803E+02
 0.482918E+01 -.289696E+01 -.166344E+01 -.748589E+01 0.344009E+02
 0.493997E+01 -.288372E+01 -.165934E+01 -.750898E+01 0.327771E+02
 0.382405E+01 -.291041E+01 -.166710E+01 -.757419E+01 0.393920E+02
 0.495041E+01 -.291063E+01 -.167132E+01 -.747583E+01 0.395953E+02
 0.469625E+01 -.288005E+01 -.165314E+01 -.714740E+01 0.329809E+02
 0.498146E+01 -.288607E+01 -.164627E+01 -.739056E+01 0.329061E+02
 0.500000E+01 -.288813E+01 -.158288E+01 -.729359E+01 0.357670E+02
 0.500000E+01 -.288294E+01 -.156286E+01 -.807301E+01 0.376616E+02
 0.484091E+01 -.288394E+01 -.166143E+01 -.745883E+01 0.328278E+02
 0.495503E+01 -.287580E+01 -.165909E+01 -.120646E+02 0.334231E+02
 0.497065E+01 -.292036E+01 -.166468E+01 -.787044E+01 0.449673E+02
 0.449054E+01 -.288673E+01 -.165414E+01 -.717708E+01 0.328654E+02
 0.434350E+01 -.285977E+01 -.174517E+01 -.868389E+01 0.406472E+02
 0.497387E+01 -.291633E+01 -.170444E+01 -.807059E+01 0.446560E+02
 0.494018E+01 -.288776E+01 -.168551E+01 -.724863E+01 0.333363E+02
 0.495812E+01 -.289135E+01 -.151207E+01 -.887444E+01 0.429892E+02
 0.417762E+01 -.287487E+01 -.155961E+01 -.742382E+01 0.394647E+02
 0.346042E+01 -.289610E+01 -.155277E+01 -.830454E+01 0.388205E+02
 0.495465E+01 -.288443E+01 -.165904E+01 -.716281E+01 0.327741E+02
 0.500000E+01 -.290209E+01 -.165576E+01 -.750267E+01 0.357409E+02
 0.482978E+01 -.288406E+01 -.153752E+01 -.754223E+01 0.401359E+02
 0.500000E+01 -.291650E+01 -.166606E+01 -.744846E+01 0.425663E+02
 0.495920E+01 -.288654E+01 -.165456E+01 -.103834E+02 0.328487E+02
 0.500000E+01 -.288364E+01 -.161964E+01 -.754371E+01 0.336917E+02
 0.472011E+01 -.288665E+01 -.163685E+01 -.844607E+01 0.331035E+02
 0.495287E+01 -.288338E+01 -.165905E+01 -.752796E+01 0.327778E+02
 0.484313E+01 -.287639E+01 -.165718E+01 -.782727E+01 0.333859E+02
 0.379494E+01 -.289252E+01 -.166068E+01 -.668852E+01 0.334556E+02
 0.485040E+01 -.288727E+01 -.165802E+01 -.745625E+01 0.328759E+02
 0.496651E+01 -.289168E+01 -.166495E+01 -.622809E+01 0.333768E+02
 0.495512E+01 -.287853E+01 -.167001E+01 -.752739E+01 0.330577E+02
 0.500000E+01 -.285332E+01 -.163806E+01 -.689301E+01 0.428304E+02
 0.487724E+01 -.290612E+01 -.170889E+01 -.712301E+01 0.395680E+02
 0.500000E+01 -.288523E+01 -.166859E+01 -.737455E+01 0.328240E+02
 0.500000E+01 -.289256E+01 -.155510E+01 -.719655E+01 0.382447E+02
 0.389779E+01 -.286063E+01 -.167376E+01 -.709506E+01 0.378459E+02
 0.500000E+01 -.288647E+01 -.165954E+01 -.550684E+01 0.328331E+02
 0.484633E+01 -.288381E+01 -.166397E+01 -.754933E+01 0.327852E+02
 0.500000E+01 -.288163E+01 -.160179E+01 -.739400E+01 0.347679E+02
 0.464098E+01 -.287721E+01 -.167776E+01 -.747134E+01 0.332614E+02
 0.471919E+01 -.287303E+01 -.167199E+01 -.712626E+01 0.338592E+02
 0.283033E+01 -.288719E+01 -.159926E+01 -.828837E+01 0.346673E+02
 0.493797E+01 -.287945E+01 -.159080E+01 -.876679E+01 0.357663E+02
 0.486411E+01 -.289888E+01 -.165429E+01 -.550000E+01 0.347950E+02
 0.462095E+01 -.289711E+01 -.167452E+01 -.794584E+01 0.346623E+02
 0.494278E+01 -.288398E+01 -.165964E+01 -.752179E+01 0.327698E+02
 0.500000E+01 -.289016E+01 -.165991E+01 -.684039E+01 0.331259E+02
 0.500000E+01 -.288067E+01 -.166642E+01 -.725545E+01 0.328724E+02
 0.500000E+01 -.288613E+01 -.175843E+01 -.644291E+01 0.387553E+02
 0.466910E+01 -.287586E+01 -.165962E+01 -.754193E+01 0.333988E+02
 0.474934E+01 -.288210E+01 -.166051E+01 -.852168E+01 0.328366E+02
 0.350000E+01 -.285779E+01 -.176514E+01 -.146291E+02 0.433260E+02
 0.495446E+01 -.288380E+01 -.166606E+01 -.818434E+01 0.327887E+02
 0.466371E+01 -.289193E+01 -.165725E+01 -.699464E+01 0.333484E+02
 0.498123E+01 -.287837E+01 -.165678E+01 -.748541E+01 0.330984E+02
 0.460439E+01 -.288781E+01 -.165751E+01 -.731218E+01 0.329078E+02
 0.493825E+01 -.288378E+01 -.165927E+01 -.750789E+01 0.327770E+02
 0.472831E+01 -.285903E+01 -.167179E+01 -.756361E+01 0.385415E+02
 0.484977E+01 -.288939E+01 -.168327E+01 -.755622E+01 0.334423E+02
 0.500000E+01 -.291222E+01 -.166914E+01 -.707015E+01 0.403041E+02
 0.396475E+01 -.287535E+01 -.173200E+01 -.882367E+01 0.358773E+02
 0.464895E+01 -.291541E+01 -.157794E+01 -.772373E+01 0.431982E+02
 0.489923E+01 -.287998E+01 -.167463E+01 -.744383E+01 0.329786E+02
 0.350000E+01 -.288638E+01 -.162236E+01 -.550000E+01 0.335478E+02
 0.492339E+01 -.288205E+01 -.162908E+01 -.801524E+01 0.334044E+02
 0.488251E+01 -.288401E+01 -.166189E+01 -.744810E+01 0.327747E+02
 0.224439E+01 -.286270E+01 -.176002E+01 -.590960E+01 0.418681E+02
 0.494733E+01 -.289268E+01 -.166130E+01 -.739537E+01 0.334785E+02
 0.489840E+01 -.289045E+01 -.166458E+01 -.787694E+01 0.333250E+02
 0.471378E+01 -.288598E+01 -.165908E+01 -.727840E+01 0.328150E+02
 0.338341E+01 -.287913E+01 -.164042E+01 -.599745E+01 0.333287E+02
 0.497874E+01 -.286723E+01 -.168729E+01 -.718181E+01 0.354190E+02
 0.484398E+01 -.288179E+01 -.174767E+01 -.754926E+01 0.371467E+02
 0.472463E+01 -.292001E+01 -.166654E+01 -.700557E+01 0.448207E+02
 0.476024E+01 -.290007E+01 -.164731E+01 -.579751E+01 0.350615E+02
 0.490461E+01 -.288361E+01 -.166032E+01 -.742019E+01 0.327795E+02
 0.298679E+01 -.291611E+01 -.168653E+01 -.924276E+01 0.432252E+02
 0.467014E+01 -.285913E+01 -.160981E+01 -.755405E+01 0.412179E+02
 0.457206E+01 -.289338E+01 -.165664E+01 -.750839E+01 0.335828E+02
 0.497583E+01 -.288717E+01 -.165737E+01 -.743190E+01 0.328715E+02
 0.494540E+01 -.289595E+01 -.167598E+01 -.550000E+01 0.343860E+02
 0.380935E+01 -.288391E+01 -.163713E+01 -.754737E+01 0.330998E+02
 0.500000E+01 -.288196E+01 -.165043E+01 -.822911E+01 0.328929E+02
 0.324217E+01 -.285274E+01 -.166634E+01 -.706622E+01 0.421599E+02
 0.442003E+01 -.290336E+01 -.167630E+01 -.904745E+01 0.366710E+02
 0.498080E+01 -.288312E+01 -.165592E+01 -.753252E+01 0.327997E+02
 0.481379E+01 -.288654E+01 -.165589E+01 -.853867E+01 0.328451E+02
 0.419909E+01 -.291421E+01 -.165822E+01 -.701366E+01 0.410436E+02
 0.329180E+01 -.288393E+01 -.164367E+01 -.748177E+01 0.329468E+02
 0.495405E+01 -.288305E+01 -.173590E+01 -.780083E+01 0.360313E+02
 0.500000E+01 -.288645E+01 -.165721E+01 -.738846E+01 0.328315E+02
 0.499756E+01 -.288533E+01 -.166082E+01 -.700108E+01 0.327914E+02
 0.494683E+01 -.288165E+01 -.166981E+01 -.751408E+01 0.328425E+02
 0.500000E+01 -.288423E+01 -.179709E+01 -.100972E+02 0.444331E+02
 0.475363E+01 -.290676E+01 -.166560E+01 -.945974E+01 0.377009E+02
 0.372155E+01 -.288660E+01 -.165873E+01 -.788551E+01 0.328434E+02
 0.487832E+01 -.289328E+01 -.166152E+01 -.731394E+01 0.335974E+02
 0.500000E+01 -.287523E+01 -.167445E+01 -.786882E+01 0.334953E+02
 0.497714E+01 -.288285E+01 -.166356E+01 -.737715E+01 0.327857E+02
 0.421714E+01 -.288208E+01 -.166473E+01 -.680945E+01 0.328126E+02
 0.490091E+01 -.288375E+01 -.167051E+01 -.751379E+01 0.328180E+02
 0.495054E+01 -.288375E+01 -.168303E+01 -.767237E+01 0.330394E+02
 0.425587E+01 -.288320E+01 -.153800E+01 -.845026E+01 0.401895E+02
 0.466563E+01 -.286508E+01 -.165061E+01 -.745276E+01 0.364141E+02
 0.446384E+01 -.290530E+01 -.169322E+01 -.791536E+01 0.381089E+02
 0.400600E+01 -.286982E+01 -.179077E+01 -.550000E+01 0.433986E+02
 0.373573E+01 -.291181E+01 -.172666E+01 -.660426E+01 0.440337E+02
 0.462696E+01 -.290019E+01 -.172471E+01 -.107500E+02 0.385193E+02
 0.496583E+01 -.288754E+01 -.170818E+01 -.850411E+01 0.343254E+02
 0.481811E+01 -.287310E+01 -.166166E+01 -.797764E+01 0.338851E+02
 0.494166E+01 -.288327E+01 -.165680E+01 -.750674E+01 0.327924E+02
 0.495592E+01 -.289994E+01 -.165966E+01 -.722070E+01 0.351144E+02
 0.500000E+01 -.289340E+01 -.168850E+01 -.591317E+01 0.342555E+02
 0.479204E+01 -.288678E+01 -.170086E+01 -.679233E+01 0.338474E+02
 0.430009E+01 -.289144E+01 -.156770E+01 -.811426E+01 0.370728E+02
 0.500000E+01 -.288053E+01 -.175524E+01 -.721799E+01 0.379321E+02
 0.495706E+01 -.287766E+01 -.160806E+01 -.640310E+01 0.349128E+02
 0.458020E+01 -.285929E+01 -.162558E+01 -.550000E+01 0.401046E+02
 0.467316E+01 -.288900E+01 -.165833E+01 -.752233E+01 0.330139E+02
 0.500000E+01 -.287540E+01 -.165688E+01 -.985282E+01 0.335149E+02
 0.479068E+01 -.287871E+01 -.167822E+01 -.720075E+01 0.331198E+02
 0.492805E+01 -.288401E+01 -.166350E+01 -.776953E+01 0.327765E+02
 0.500000E+01 -.289638E+01 -.165692E+01 -.607033E+01 0.341699E+02
 0.493004E+01 -.286459E+01 -.165736E+01 -.772942E+01 0.364394E+02
 0.476881E+01 -.287630E+01 -.165719E+01 -.820864E+01 0.333678E+02
 0.494763E+01 -.288409E+01 -.165931E+01 -.750665E+01 0.327716E+02
 0.500000E+01 -.284924E+01 -.166438E+01 -.748592E+01 0.444045E+02
 0.476928E+01 -.286387E+01 -.165823E+01 -.746876E+01 0.367195E+02
 0.466352E+01 -.291704E+01 -.166142E+01 -.748904E+01 0.427559E+02
 0.494152E+01 -.288919E+01 -.153070E+01 -.759396E+01 0.406252E+02
 0.500000E+01 -.291251E+01 -.160529E+01 -.950218E+01 0.405339E+02
 0.491424E+01 -.287899E+01 -.168003E+01 -.747102E+01 0.331247E+02
 0.316517E+01 -.288250E+01 -.170510E+01 -.833295E+01 0.338987E+02
 0.492280E+01 -.288584E+01 -.173575E+01 -.729197E+01 0.362530E+02
 0.492275E+01 -.288406E+01 -.165891E+01 -.745941E+01 0.327768E+02
 0.494700E+01 -.289577E+01 -.166099E+01 -.550000E+01 0.340661E+02
 0.500000E+01 -.289161E+01 -.176571E+01 -.732629E+01 0.407432E+02
 0.492129E+01 -.286007E+01 -.165816E+01 -.749104E+01 0.383193E+02
 0.487319E+01 -.288448E+01 -.166334E+01 -.768094E+01 0.327835E+02
 0.481231E+01 -.287187E+01 -.167716E+01 -.728986E+01 0.341307E+02
 0.370683E+01 -.289076E+01 -.177252E+01 -.702939E+01 0.415860E+02
 0.500000E+01 -.286771E+01 -.157091E+01 -.835505E+01 0.406730E+02
 0.497617E+01 -.288431E+01 -.166038E+01 -.759782E+01 0.327771E+02
 0.355101E+01 -.288195E+01 -.172967E+01 -.985188E+01 0.354738E+02
 0.499699E+01 -.288761E+01 -.172228E+01 -.733603E+01 0.352903E+02
 0.496273E+01 -.287431E+01 -.165954E+01 -.749708E+01 0.336731E+02
 0.481542E+01 -.288393E+01 -.167959E+01 -.779785E+01 0.329703E+02
 0.496594E+01 -.285409E+01 -.165576E+01 -.748641E+01 0.415732E+02
 0.494408E+01 -.288806E+01 -.166283E+01 -.107500E+02 0.329316E+02
 0.353621E+01 -.288417E+01 -.169317E+01 -.738294E+01 0.333764E+02
 0.350000E+01 -.288082E+01 -.166727E+01 -.603331E+01 0.328905E+02
 0.438375E+01 -.291221E+01 -.165979E+01 -.559556E+01 0.400567E+02
 0.494975E+01 -.288302E+01 -.166800E+01 -.753468E+01 0.327977E+02
 0.483095E+01 -.289148E+01 -.165993E+01 -.881595E+01 0.333177E+02
 0.438823E+01 -.289708E+01 -.165729E+01 -.757034E+01 0.343455E+02
 0.482525E+01 -.288327E+01 -.165765E+01 -.733191E+01 0.327890E+02
 0.375470E+01 -.288587E+01 -.152631E+01 -.835993E+01 0.412607E+02
 0.488659E+01 -.287628E+01 -.164603E+01 -.666680E+01 0.335521E+02
 0.497646E+01 -.287920E+01 -.165630E+01 -.820588E+01 0.330164E+02
 0.493374E+01 -.288479E+01 -.166008E+01 -.749725E+01 0.327804E+02
 0.398870E+01 -.290946E+01 -.167628E+01 -.835517E+01 0.392204E+02
 0.500000E+01 -.287304E+01 -.162855E+01 -.767007E+01 0.347980E+02
 0.495172E+01 -.288218E+01 -.165510E+01 -.738332E+01 0.328401E+02
 0.460015E+01 -.287894E+01 -.177718E+01 -.683006E+01 0.407708E+02
 0.500000E+01 -.287332E+01 -.166117E+01 -.862217E+01 0.338505E+02
 0.410810E+01 -.287994E+01 -.166149E+01 -.120595E+02 0.329400E+02
 0.500000E+01 -.288387E+01 -.165454E+01 -.746969E+01 0.327973E+02
 0.404072E+01 -.288533E+01 -.168156E+01 -.787594E+01 0.330583E+02
 0.500000E+01 -.288914E+01 -.165961E+01 -.751044E+01 0.330180E+02
 0.500000E+01 -.286293E+01 -.156064E+01 -.701628E+01 0.439002E+02
 0.495496E+01 -.287141E+01 -.178558E+01 -.715485E+01 0.423833E+02
 0.500000E+01 -.287857E+01 -.166954E+01 -.708092E+01 0.330439E+02
 0.497311E+01 -.289215E+01 -.174296E+01 -.801129E+01 0.380357E+02
 0.500000E+01 -.287047E+01 -.165084E+01 -.752275E+01 0.346986E+02
 0.355007E+01 -.290235E+01 -.166492E+01 -.777264E+01 0.359709E+02
 0.494204E+01 -.288349E+01 -.165612E+01 -.751544E+01 0.327929E+02
 0.492072E+01 -.289529E+01 -.165913E+01 -.748632E+01 0.339692E+02
 0.481312E+01 -.288186E+01 -.169732E+01 -.743405E+01 0.334917E+02
 0.496761E+01 -.287723E+01 -.154624E+01 -.755685E+01 0.402814E+02
 0.500000E+01 -.289107E+01 -.166304E+01 -.750430E+01 0.332611E+02
 0.467417E+01 -.287296E+01 -.165855E+01 -.101714E+02 0.339431E+02
 0.488219E+01 -.288401E+01 -.165750E+01 -.740876E+01 0.327795E+02
 0.415134E+01 -.288312E+01 -.165957E+01 -.950010E+01 0.327954E+02
 0.489856E+01 -.290702E+01 -.165925E+01 -.791210E+01 0.378201E+02
 0.482813E+01 -.288455E+01 -.166178E+01 -.861759E+01 0.327820E+02
 0.495034E+01 -.288414E+01 -.165936E+01 -.750733E+01 0.327765E+02
 0.460015E+01 -.290461E+01 -.165927E+01 -.745698E+01 0.366666E+02
 0.476396E+01 -.288171E+01 -.161935E+01 -.742922E+01 0.338333E+02
 0.476308E+01 -.288917E+01 -.165140E+01 -.746211E+01 0.330269E+02
 0.413327E+01 -.290132E+01 -.160149E+01 -.828061E+01 0.365560E+02
 0.500000E+01 -.291229E+01 -.164115E+01 -.775213E+01 0.398568E+02
 0.497893E+01 -.288315E+01 -.167394E+01 -.741396E+01 0.328646E+02
 0.402631E+01 -.288359E+01 -.169099E+01 -.856204E+01 0.332799E+02
 0.498480E+01 -.288383E+01 -.165320E+01 -.704830E+01 0.328098E+02
 0.490720E+01 -.288406E+01 -.165842E+01 -.751568E+01 0.327766E+02
 0.500000E+01 -.289544E+01 -.163840E+01 -.933125E+01 0.340452E+02
 0.494482E+01 -.288895E+01 -.165887E+01 -.107500E+02 0.329930E+02
 0.496339E+01 -.287395E+01 -.166129E+01 -.778402E+01 0.337246E+02
 0.455313E+01 -.288307E+01 -.166134E+01 -.792846E+01 0.327902E+02
 0.500000E+01 -.288590E+01 -.159348E+01 -.805173E+01 0.350435E+02
 0.500000E+01 -.288740E+01 -.149278E+01 -.107500E+02 0.454672E+02
 0.494085E+01 -.291967E+01 -.159642E+01 -.731053E+01 0.446691E+02
 0.487648E+01 -.287802E+01 -.160369E+01 -.686842E+01 0.351115E+02
 0.488563E+01 -.288184E+01 -.163409E+01 -.769512E+01 0.332547E+02
 0.448328E+01 -.288251E+01 -.166051E+01 -.972319E+01 0.328066E+02
 0.497938E+01 -.288458E+01 -.165856E+01 -.710507E+01 0.327767E+02
 0.500000E+01 -.289362E+01 -.150710E+01 -.600770E+01 0.435423E+02
 0.434968E+01 -.288646E+01 -.162836E+01 -.735317E+01 0.333476E+02
 0.498294E+01 -.289056E+01 -.165849E+01 -.749490E+01 0.331709E+02
 0.497127E+01 -.285853E+01 -.166660E+01 -.751273E+01 0.388605E+02
 0.496112E+01 -.288108E+01 -.163846E+01 -.132057E+02 0.331823E+02
 0.500000E+01 -.288401E+01 -.170136E+01 -.740797E+01 0.336995E+02
 0.458162E+01 -.288438E+01 -.166685E+01 -.689865E+01 0.327955E+02
 0.497718E+01 -.289938E+01 -.165909E+01 -.569346E+01 0.349586E+02
 0.491726E+01 -.288372E+01 -.165873E+01 -.749702E+01 0.327795E+02
 0.500000E+01 -.288888E+01 -.166218E+01 -.791207E+01 0.330070E+02
 0.412495E+01 -.286348E+01 -.166207E+01 -.794890E+01 0.367606E+02
 0.500000E+01 -.288395E+01 -.176906E+01 -.748714E+01 0.399086E+02
 0.498968E+01 -.288137E+01 -.170862E+01 -.638839E+01 0.340242E+02
 0.470484E+01 -.288145E+01 -.165843E+01 -.743864E+01 0.328440E+02
 0.494374E+01 -.288487E+01 -.165655E+01 -.703365E+01 0.327839E+02
 0.493502E+01 -.288710E+01 -.165174E+01 -.749019E+01 0.328892E+02
 0.436079E+01 -.289135E+01 -.167758E+01 -.550000E+01 0.335539E+02
 0.485101E+01 -.287557E+01 -.171849E+01 -.772437E+01 0.349038E+02
 0.460788E+01 -.287480E+01 -.166926E+01 -.795179E+01 0.335350E+02
 0.495001E+01 -.288299E+01 -.165951E+01 -.755784E+01 0.327863E+02
 0.473068E+01 -.286854E+01 -.159185E+01 -.730208E+01 0.384257E+02
 0.478406E+01 -.288185E+01 -.166087E+01 -.110660E+02 0.328149E+02
 0.477238E+01 -.288401E+01 -.164726E+01 -.748197E+01 0.328729E+02
 0.494353E+01 -.288274E+01 -.169390E+01 -.746539E+01 0.333600E+02
 0.490487E+01 -.288194E+01 -.177191E+01 -.740124E+01 0.401443E+02
 0.457100E+01 -.289743E+01 -.167031E+01 -.754029E+01 0.346271E+02
 0.385387E+01 -.287570E+01 -.162242E+01 -.705768E+01 0.345276E+02
 0.482188E+01 -.288150E+01 -.175460E+01 -.725472E+01 0.378895E+02
 0.351143E+01 -.288758E+01 -.149291E+01 -.739366E+01 0.454061E+02
 0.493636E+01 -.288130E+01 -.173574E+01 -.741131E+01 0.359603E+02
 0.463493E+01 -.289860E+01 -.164799E+01 -.728967E+01 0.346943E+02
 0.494314E+01 -.288393E+01 -.166109E+01 -.752145E+01 0.327680E+02
 0.498670E+01 -.286362E+01 -.165912E+01 -.719589E+01 0.367820E+02
 0.491694E+01 -.286982E+01 -.160034E+01 -.112534E+02 0.373285E+02
 0.496895E+01 -.287845E+01 -.164021E+01 -.770457E+01 0.333905E+02
 0.352585E+01 -.286751E+01 -.159297E+01 -.633436E+01 0.387275E+02
 0.500000E+01 -.288343E+01 -.151548E+01 -.774743E+01 0.428521E+02
 0.423383E+01 -.289618E+01 -.176468E+01 -.550000E+01 0.419126E+02
 0.497273E+01 -.287876E+01 -.173933E+01 -.725493E+01 0.362901E+02
 0.480241E+01 -.287708E+01 -.166032E+01 -.750756E+01 0.332307E+02
 0.440070E+01 -.288505E+01 -.166087E+01 -.681827E+01 0.327910E+02
 0.498178E+01 -.287376E+01 -.174485E+01 -.753585E+01 0.371416E+02
 0.494726E+01 -.288392E+01 -.165968E+01 -.795589E+01 0.327711E+02
 0.433217E+01 -.287297E+01 -.165992E+01 -.108444E+02 0.339310E+02
 0.493297E+01 -.287878E+01 -.165640E+01 -.791322E+01 0.330548E+02
 0.500000E+01 -.289108E+01 -.166400E+01 -.861758E+01 0.332639E+02
 0.494060E+01 -.288391E+01 -.165940E+01 -.750836E+01 0.327763E+02
 0.480768E+01 -.290045E+01 -.165384E+01 -.751526E+01 0.352008E+02
 0.500000E+01 -.285389E+01 -.165248E+01 -.712234E+01 0.418267E+02
 0.374125E+01 -.287868E+01 -.172845E+01 -.674866E+01 0.353910E+02
 0.496912E+01 -.288747E+01 -.166694E+01 -.746948E+01 0.329384E+02
 0.500000E+01 -.288625E+01 -.159548E+01 -.550000E+01 0.349122E+02
 0.498912E+01 -.288227E+01 -.159330E+01 -.851667E+01 0.352522E+02
 0.483726E+01 -.288399E+01 -.165909E+01 -.751409E+01 0.328302E+02
 0.494958E+01 -.287986E+01 -.165996E+01 -.117464E+02 0.329367E+02
 0.496749E+01 -.290274E+01 -.166496E+01 -.796063E+01 0.361334E+02
 0.430300E+01 -.288340E+01 -.165791E+01 -.697207E+01 0.327874E+02
 0.412060E+01 -.286654E+01 -.171861E+01 -.641526E+01 0.366300E+02
 0.497899E+01 -.286056E+01 -.166076E+01 -.744666E+01 0.380431E+02
 0.489498E+01 -.288944E+01 -.161281E+01 -.754290E+01 0.341141E+02
 0.500000E+01 -.287785E+01 -.156987E+01 -.937189E+01 0.377789E+02
 0.467666E+01 -.285190E+01 -.167191E+01 -.750581E+01 0.424737E+02
 0.300878E+01 -.285548E+01 -.161659E+01 -.718205E+01 0.428880E+02
 0.491392E+01 -.288392E+01 -.165801E+01 -.705354E+01 0.327832E+02
 0.500000E+01 -.291060E+01 -.165896E+01 -.675361E+01 0.392301E+02
 0.494735E+01 -.288694E+01 -.166068E+01 -.750151E+01 0.328509E+02
 0.474671E+01 -.289854E+01 -.166010E+01 -.752119E+01 0.347288E+02
 0.494516E+01 -.289564E+01 -.166990E+01 -.742010E+01 0.341683E+02
 0.495953E+01 -.287859E+01 -.163044E+01 -.795571E+01 0.336976E+02
 0.425992E+01 -.288376E+01 -.165882E+01 -.749030E+01 0.327823E+02
 0.500000E+01 -.288681E+01 -.165724E+01 -.867273E+01 0.328484E+02
 0.350000E+01 -.290426E+01 -.167304E+01 -.599365E+01 0.368577E+02
 0.500000E+01 -.288389E+01 -.165968E+01 -.751754E+01 0.327757E+02
 0.485377E+01 -.288020E+01 -.166108E+01 -.699979E+01 0.329085E+02
 0.442999E+01 -.288807E+01 -.166497E+01 -.705294E+01 0.329680E+02
 0.432122E+01 -.288395E+01 -.152100E+01 -.750185E+01 0.420875E+02
 0.494219E+01 -.285263E+01 -.169455E+01 -.835452E+01 0.419119E+02
 0.493708E+01 -.288517E+01 -.165939E+01 -.757034E+01 0.327890E+02
 0.500000E+01 -.288283E+01 -.155321E+01 -.747631E+01 0.386124E+02
 0.491662E+01 -.288844E+01 -.166338E+01 -.630052E+01 0.329849E+02
 0.493695E+01 -.288136E+01 -.165426E+01 -.753497E+01 0.328767E+02
 0.491681E+01 -.290351E+01 -.171248E+01 -.783048E+01 0.387616E+02
 0.483465E+01 -.286176E+01 -.165866E+01 -.714696E+01 0.375469E+02
 0.488575E+01 -.289286E+01 -.174589E+01 -.741651E+01 0.385282E+02
 0.412882E+01 -.286134E+01 -.159566E+01 -.791177E+01 0.411978E+02
 0.494971E+01 -.288410E+01 -.166996E+01 -.753955E+01 0.328116E+02
 0.500000E+01 -.285137E+01 -.165132E+01 -.611046E+01 0.434509E+02
 0.472637E+01 -.288574E+01 -.166518E+01 -.971497E+01 0.328289E+02
 0.494022E+01 -.286670E+01 -.164316E+01 -.752286E+01 0.360712E+02
 0.477393E+01 -.288399E+01 -.164680E+01 -.750958E+01 0.328804E+02
 0.498403E+01 -.288698E+01 -.151668E+01 -.758991E+01 0.423518E+02
 0.500000E+01 -.288126E+01 -.165708E+01 -.746793E+01 0.328632E+02
 0.473979E+01 -.289197E+01 -.167496E+01 -.738218E+01 0.335786E+02
 0.377145E+01 -.285517E+01 -.165859E+01 -.676188E+01 0.408792E+02
 0.301197E+01 -.289918E+01 -.176241E+01 -.550000E+01 0.426676E+02
 0.494318E+01 -.287958E+01 -.168588E+01 -.776637E+01 0.331988E+02
 0.485759E+01 -.290591E+01 -.166418E+01 -.768054E+01 0.372954E+02
 0.494403E+01 -.288428E+01 -.166513E+01 -.752635E+01 0.327796E+02
 0.500000E+01 -.288749E+01 -.166174E+01 -.678299E+01 0.328943E+02
 0.490237E+01 -.290356E+01 -.161266E+01 -.665208E+01 0.367470E+02
 0.500000E+01 -.288268E+01 -.162681E+01 -.745993E+01 0.334513E+02
 0.407529E+01 -.289699E+01 -.165399E+01 -.738632E+01 0.343118E+02
 0.468942E+01 -.288517E+01 -.166044E+01 -.753433E+01 0.327874E+02
 0.500000E+01 -.289211E+01 -.166232E+01 -.550000E+01 0.334043E+02
 0.499551E+01 -.288385E+01 -.166221E+01 -.788848E+01 0.327769E+02
 0.470632E+01 -.289259E+01 -.165911E+01 -.562600E+01 0.334556E+02
 0.499992E+01 -.286209E+01 -.166012E+01 -.774379E+01 0.374002E+02
 0.488333E+01 -.288104E+01 -.166456E+01 -.728161E+01 0.328532E+02
 0.493768E+01 -.288376E+01 -.165993E+01 -.752689E+01 0.327759E+02
 0.433474E+01 -.288400E+01 -.166486E+01 -.751455E+01 0.327847E+02
 0.496069E+01 -.288006E+01 -.167373E+01 -.756066E+01 0.329640E+02
 0.444099E+01 -.289747E+01 -.166384E+01 -.721287E+01 0.345041E+02
 0.500000E+01 -.285709E+01 -.166855E+01 -.669178E+01 0.395886E+02
 0.354288E+01 -.287954E+01 -.174599E+01 -.716607E+01 0.369523E+02
 0.493873E+01 -.288554E+01 -.165543E+01 -.748894E+01 0.328069E+02
 0.378556E+01 -.288491E+01 -.158103E+01 -.762480E+01 0.359606E+02
 0.496816E+01 -.288362E+01 -.165471E+01 -.860288E+01 0.328013E+02
 0.478107E+01 -.288387E+01 -.166301E+01 -.746716E+01 0.327726E+02
 0.500000E+01 -.289520E+01 -.161656E+01 -.749486E+01 0.345612E+02
 0.495479E+01 -.287721E+01 -.166332E+01 -.657778E+01 0.331984E+02
 0.493356E+01 -.290398E+01 -.166651E+01 -.806754E+01 0.365968E+02
 0.500000E+01 -.288464E+01 -.165898E+01 -.728017E+01 0.327798E+02
 0.403200E+01 -.285721E+01 -.174466E+01 -.913196E+01 0.416505E+02
 0.417063E+01 -.287415E+01 -.157654E+01 -.709135E+01 0.380287E+02
 0.487734E+01 -.289178E+01 -.165674E+01 -.736376E+01 0.333335E+02
 0.469275E+01 -.286054E+01 -.166594E+01 -.689430E+01 0.379732E+02
 0.469683E+01 -.288691E+01 -.151546E+01 -.764871E+01 0.425109E+02
 0.449227E+01 -.288828E+01 -.165692E+01 -.888455E+01 0.329531E+02
 0.493988E+01 -.288398E+01 -.165895E+01 -.708637E+01 0.327772E+02
 0.492594E+01 -.289756E+01 -.173963E+01 -.779754E+01 0.391489E+02
 0.500000E+01 -.285353E+01 -.161594E+01 -.854207E+01 0.441037E+02
 0.491985E+01 -.286985E+01 -.179847E+01 -.675189E+01 0.446405E+02
 0.459242E+01 -.287149E+01 -.163205E+01 -.734507E+01 0.350323E+02
 0.457597E+01 -.289487E+01 -.165702E+01 -.753963E+01 0.338650E+02
 0.485149E+01 -.288272E+01 -.166222E+01 -.781787E+01 0.327877E+02
 0.496089E+01 -.291553E+01 -.166469E+01 -.737151E+01 0.419719E+02
 0.494997E+01 -.288947E+01 -.164998E+01 -.550000E+01 0.330681E+02
 0.460848E+01 -.288381E+01 -.162760E+01 -.755872E+01 0.333748E+02
 0.370979E+01 -.288459E+01 -.165324E+01 -.965295E+01 0.328176E+02
 0.325569E+01 -.285617E+01 -.166738E+01 -.705725E+01 0.402101E+02
 0.496098E+01 -.288391E+01 -.166642E+01 -.756183E+01 0.327921E+02
 0.487461E+01 -.287955E+01 -.165911E+01 -.694678E+01 0.329672E+02
 0.495178E+01 -.290398E+01 -.166591E+01 -.633253E+01 0.365766E+02
 0.462969E+01 -.288394E+01 -.171573E+01 -.747738E+01 0.345099E+02
 0.493726E+01 -.289031E+01 -.151493E+01 -.636960E+01 0.424721E+02
 0.500000E+01 -.288720E+01 -.166189E+01 -.734920E+01 0.328763E+02
 0.493878E+01 -.288634E+01 -.166113E+01 -.652342E+01 0.328296E+02
 0.494474E+01 -.288223E+01 -.166331E+01 -.753349E+01 0.327968E+02
 0.500000E+01 -.288482E+01 -.153234E+01 -.627076E+01 0.406641E+02
 0.500000E+01 -.287664E+01 -.165245E+01 -.862139E+01 0.333818E+02
 0.500000E+01 -.289404E+01 -.171196E+01 -.676319E+01 0.356749E+02
 0.497704E+01 -.288381E+01 -.166619E+01 -.744595E+01 0.327913E+02
 0.452254E+01 -.288720E+01 -.161323E+01 -.818506E+01 0.339444E+02
 0.482520E+01 -.286196E+01 -.168025E+01 -.625033E+01 0.371902E+02
 0.439482E+01 -.288482E+01 -.166661E+01 -.668902E+01 0.328057E+02
 0.497666E+01 -.288388E+01 -.167944E+01 -.751224E+01 0.329610E+02
 0.496093E+01 -.288687E+01 -.149602E+01 -.791493E+01 0.450527E+02
 0.482392E+01 -.288208E+01 -.156548E+01 -.756852E+01 0.375087E+02
 0.499323E+01 -.287491E+01 -.166533E+01 -.738310E+01 0.335275E+02
 0.408382E+01 -.290571E+01 -.167791E+01 -.754021E+01 0.376185E+02
 0.353327E+01 -.291248E+01 -.172036E+01 -.891149E+01 0.438119E+02
 0.494870E+01 -.287825E+01 -.163265E+01 -.772552E+01 0.336635E+02
 0.499196E+01 -.285824E+01 -.167550E+01 -.801571E+01 0.389245E+02
 0.492741E+01 -.288467E+01 -.170023E+01 -.110848E+02 0.336779E+02
 0.494278E+01 -.288416E+01 -.166261E+01 -.752311E+01 0.327698E+02
 0.491173E+01 -.289936E+01 -.166100E+01 -.739361E+01 0.349720E+02
 0.493351E+01 -.291749E+01 -.167830E+01 -.550000E+01 0.436970E+02
 0.491033E+01 -.288479E+01 -.165069E+01 -.699661E+01 0.328316E+02
 0.458262E+01 -.288419E+01 -.177684E+01 -.835724E+01 0.410745E+02
 0.481348E+01 -.287741E+01 -.151704E+01 -.834206E+01 0.437734E+02
 0.476760E+01 -.288353E+01 -.168136E+01 -.733774E+01 0.329912E+02
 0.496883E+01 -.288306E+01 -.171443E+01 -.600241E+01 0.343987E+02
 0.468297E+01 -.288919E+01 -.166154E+01 -.755708E+01 0.330326E+02
 0.464650E+01 -.288749E+01 -.166156E+01 -.906792E+01 0.329028E+02
 0.429975E+01 -.286871E+01 -.175573E+01 -.160000E+02 0.390110E+02
 0.489258E+01 -.289726E+01 -.162995E+01 -.708294E+01 0.346467E+02
 0.492978E+01 -.288398E+01 -.166195E+01 -.753071E+01 0.327736E+02
 0.493555E+01 -.289767E+01 -.165799E+01 -.699419E+01 0.344963E+02
 0.496389E+01 -.289950E+01 -.166065E+01 -.723769E+01 0.350020E+02
 0.478141E+01 -.287737E+01 -.166401E+01 -.686902E+01 0.331740E+02
 0.494758E+01 -.288393E+01 -.166029E+01 -.751844E+01 0.327703E+02
 0.500000E+01 -.286407E+01 -.167922E+01 -.756058E+01 0.364184E+02
 0.480479E+01 -.290841E+01 -.166694E+01 -.739282E+01 0.383907E+02
 0.436085E+01 -.289701E+01 -.158648E+01 -.749260E+01 0.363899E+02
 0.491450E+01 -.287986E+01 -.166329E+01 -.745607E+01 0.329267E+02
 0.405956E+01 -.288354E+01 -.167192E+01 -.749438E+01 0.328419E+02
 0.498981E+01 -.288516E+01 -.171078E+01 -.749596E+01 0.342677E+02
 0.481540E+01 -.288388E+01 -.166031E+01 -.744836E+01 0.327743E+02
 0.470512E+01 -.286356E+01 -.172258E+01 -.711279E+01 0.377704E+02
 0.495124E+01 -.287762E+01 -.166320E+01 -.614806E+01 0.331457E+02
 0.490372E+01 -.285680E+01 -.165980E+01 -.761935E+01 0.399369E+02
 0.459246E+01 -.288419E+01 -.166283E+01 -.790112E+01 0.327769E+02
 0.437320E+01 -.288449E+01 -.163964E+01 -.757166E+01 0.330245E+02
 0.496459E+01 -.287663E+01 -.173279E+01 -.732527E+01 0.358243E+02
 0.487582E+01 -.287455E+01 -.169554E+01 -.713268E+01 0.339820E+02
 0.494859E+01 -.289531E+01 -.167851E+01 -.635434E+01 0.343116E+02
 0.438122E+01 -.289307E+01 -.173026E+01 -.800230E+01 0.369487E+02
 0.497617E+01 -.288447E+01 -.166141E+01 -.729028E+01 0.327788E+02
 0.439021E+01 -.287290E+01 -.163458E+01 -.874419E+01 0.345869E+02
 0.494149E+01 -.289880E+01 -.163140E+01 -.738268E+01 0.349218E+02
 0.470610E+01 -.288051E+01 -.165682E+01 -.750749E+01 0.329111E+02
 0.490782E+01 -.288332E+01 -.150185E+01 -.790320E+01 0.446463E+02
 0.499076E+01 -.286421E+01 -.165985E+01 -.752252E+01 0.365345E+02
 0.494578E+01 -.289261E+01 -.168135E+01 -.107500E+02 0.338598E+02
 0.500000E+01 -.288401E+01 -.165041E+01 -.755617E+01 0.328351E+02
 0.307360E+01 -.288098E+01 -.166152E+01 -.954204E+01 0.328977E+02
 0.475569E+01 -.286019E+01 -.165835E+01 -.602165E+01 0.382894E+02
 0.494079E+01 -.288342E+01 -.166399E+01 -.755299E+01 0.327804E+02
 0.498286E+01 -.288968E+01 -.165893E+01 -.881769E+01 0.330725E+02
 0.500000E+01 -.288720E+01 -.166149E+01 -.605956E+01 0.328758E+02
 0.454116E+01 -.288394E+01 -.174486E+01 -.747647E+01 0.369830E+02
 0.484485E+01 -.288160E+01 -.165848E+01 -.733268E+01 0.328853E+02
 0.301856E+01 -.288610E+01 -.165592E+01 -.760632E+01 0.328618E+02
 0.500000E+01 -.288870E+01 -.165032E+01 -.586678E+01 0.330015E+02
 0.496549E+01 -.288201E+01 -.165571E+01 -.759197E+01 0.328351E+02
 0.493333E+01 -.288516E+01 -.166585E+01 -.746834E+01 0.328032E+02
 0.490609E+01 -.288500E+01 -.165499E+01 -.550000E+01 0.328044E+02
 0.368395E+01 -.291104E+01 -.166803E+01 -.871531E+01 0.397049E+02
 0.487698E+01 -.288729E+01 -.162300E+01 -.672246E+01 0.335367E+02
 0.499710E+01 -.288246E+01 -.165500E+01 -.736119E+01 0.328234E+02
 0.473833E+01 -.290549E+01 -.172086E+01 -.759222E+01 0.403292E+02
 0.486351E+01 -.291757E+01 -.166961E+01 -.100504E+02 0.433752E+02
 0.423253E+01 -.288250E+01 -.166493E+01 -.550000E+01 0.328037E+02
 0.500000E+01 -.288385E+01 -.167424E+01 -.750385E+01 0.328648E+02
 0.493752E+01 -.288223E+01 -.161761E+01 -.782769E+01 0.338611E+02
 0.500000E+01 -.288383E+01 -.164339E+01 -.754354E+01 0.329451E+02
 0.498215E+01 -.286932E+01 -.165884E+01 -.755498E+01 0.348501E+02
 0.408585E+01 -.289845E+01 -.168727E+01 -.821550E+01 0.354470E+02
 0.435551E+01 -.288534E+01 -.164719E+01 -.727288E+01 0.328878E+02
 0.387043E+01 -.287425E+01 -.173876E+01 -.745269E+01 0.365577E+02
 0.494869E+01 -.288655E+01 -.164974E+01 -.757093E+01 0.328763E+02
 0.491480E+01 -.285458E+01 -.167731E+01 -.749060E+01 0.407727E+02
 0.494243E+01 -.288360E+01 -.165875E+01 -.751730E+01 0.327731E+02
 0.485542E+01 -.286436E+01 -.165928E+01 -.785935E+01 0.364847E+02
 0.499764E+01 -.290132E+01 -.171492E+01 -.107294E+02 0.380706E+02
 0.486542E+01 -.288555E+01 -.167257E+01 -.703430E+01 0.328960E+02
 0.458143E+01 -.288349E+01 -.166379E+01 -.792128E+01 0.327799E+02
 0.498024E+01 -.288065E+01 -.151187E+01 -.600526E+01 0.437418E+02
 0.475552E+01 -.290200E+01 -.159032E+01 -.866959E+01 0.372730E+02
 0.500000E+01 -.288325E+01 -.166200E+01 -.753169E+01 0.327810E+02
 0.464166E+01 -.287816E+01 -.165992E+01 -.938598E+01 0.331001E+02
 0.475369E+01 -.287970E+01 -.178850E+01 -.697019E+01 0.425493E+02
 0.490755E+01 -.288398E+01 -.166038E+01 -.775687E+01 0.327747E+02
 0.500000E+01 -.288179E+01 -.166016E+01 -.935432E+01 0.328238E+02
 0.493315E+01 -.292058E+01 -.165581E+01 -.772190E+01 0.448230E+02
 0.453830E+01 -.289316E+01 -.167409E+01 -.665351E+01 0.337774E+02
 0.497187E+01 -.289181E+01 -.165831E+01 -.920202E+01 0.333461E+02
 0.494663E+01 -.288407E+01 -.166014E+01 -.750736E+01 0.327704E+02
 0.350000E+01 -.287257E+01 -.166405E+01 -.759744E+01 0.340036E+02
 0.494688E+01 -.288589E+01 -.167191E+01 -.754702E+01 0.328856E+02
 0.500000E+01 -.289414E+01 -.165339E+01 -.759917E+01 0.337003E+02
 0.444547E+01 -.290236E+01 -.163225E+01 -.856250E+01 0.358853E+02
 0.492263E+01 -.288443E+01 -.166853E+01 -.743918E+01 0.328133E+02
 0.455057E+01 -.288407E+01 -.172139E+01 -.550000E+01 0.349153E+02
 0.499881E+01 -.288502E+01 -.166710E+01 -.739283E+01 0.328054E+02
 0.489262E+01 -.288411E+01 -.165873E+01 -.752040E+01 0.328181E+02
 0.476425E+01 -.288162E+01 -.165172E+01 -.828272E+01 0.328997E+02
 0.494983E+01 -.288632E+01 -.166018E+01 -.891340E+01 0.328185E+02
 0.493243E+01 -.285802E+01 -.165651E+01 -.741642E+01 0.393740E+02
 0.463762E+01 -.288350E+01 -.166147E+01 -.791786E+01 0.327769E+02
 0.495110E+01 -.290201E+01 -.158136E+01 -.734379E+01 0.378339E+02
 0.495624E+01 -.287513E+01 -.168792E+01 -.700060E+01 0.336999E+02
 0.500000E+01 -.289235E+01 -.162445E+01 -.852465E+01 0.338738E+02
 0.464846E+01 -.288075E+01 -.173671E+01 -.769137E+01 0.360317E+02
 0.399354E+01 -.290770E+01 -.174795E+01 -.776312E+01 0.443228E+02
 0.496476E+01 -.288450E+01 -.166309E+01 -.755053E+01 0.327808E+02
 0.494314E+01 -.288959E+01 -.161836E+01 -.782548E+01 0.338162E+02
 0.486780E+01 -.289515E+01 -.155121E+01 -.636803E+01 0.388542E+02
 0.497807E+01 -.291566E+01 -.170917E+01 -.704428E+01 0.445969E+02
 0.500000E+01 -.287047E+01 -.165691E+01 -.750081E+01 0.345759E+02
 0.499881E+01 -.288407E+01 -.170502E+01 -.786860E+01 0.338838E+02
 0.496038E+01 -.285229E+01 -.165885E+01 -.753121E+01 0.425762E+02
 0.494366E+01 -.288156E+01 -.170102E+01 -.106957E+02 0.336492E+02
 0.461845E+01 -.288404E+01 -.167626E+01 -.747305E+01 0.329038E+02
 0.457360E+01 -.288054E+01 -.166713E+01 -.619588E+01 0.328842E+02
 0.458021E+01 -.287229E+01 -.166434E+01 -.550000E+01 0.340359E+02
 0.493495E+01 -.288351E+01 -.165727E+01 -.749753E+01 0.327845E+02
 0.496547E+01 -.289117E+01 -.166142E+01 -.941307E+01 0.332617E+02
 0.481346E+01 -.287298E+01 -.165781E+01 -.696958E+01 0.339532E+02
 0.438332E+01 -.288393E+01 -.168098E+01 -.753501E+01 0.329964E+02
 0.497135E+01 -.287738E+01 -.161145E+01 -.766633E+01 0.347550E+02
 0.483410E+01 -.288183E+01 -.165859E+01 -.753178E+01 0.328299E+02
 0.249797E+01 -.288505E+01 -.151264E+01 -.731629E+01 0.428279E+02
 0.496634E+01 -.288065E+01 -.165227E+01 -.778147E+01 0.329441E+02
 0.493056E+01 -.288632E+01 -.166065E+01 -.751731E+01 0.328249E+02
 0.488084E+01 -.288425E+01 -.175894E+01 -.741763E+01 0.386186E+02
 0.386020E+01 -.287782E+01 -.166952E+01 -.550000E+01 0.331362E+02
 0.437790E+01 -.288602E+01 -.168372E+01 -.742849E+01 0.331428E+02
 0.484883E+01 -.287637E+01 -.163247E+01 -.682720E+01 0.339445E+02
 0.500000E+01 -.288237E+01 -.166001E+01 -.754719E+01 0.328009E+02
 0.500000E+01 -.289518E+01 -.167686E+01 -.715136E+01 0.342344E+02
 0.500000E+01 -.288210E+01 -.166314E+01 -.107500E+02 0.328022E+02
 0.481420E+01 -.288394E+01 -.163636E+01 -.750078E+01 0.331058E+02
 0.495408E+01 -.288361E+01 -.174759E+01 -.786194E+01 0.372305E+02
 0.493123E+01 -.288296E+01 -.159293E+01 -.579150E+01 0.352264E+02
 0.467116E+01 -.288580E+01 -.175646E+01 -.734313E+01 0.384890E+02
 0.483768E+01 -.288494E+01 -.173204E+01 -.748634E+01 0.358319E+02
 0.486836E+01 -.287922E+01 -.166710E+01 -.758940E+01 0.329846E+02
 0.500000E+01 -.287864E+01 -.167498E+01 -.772306E+01 0.330794E+02
 0.486011E+01 -.290973E+01 -.164240E+01 -.790347E+01 0.386719E+02
 0.494585E+01 -.289071E+01 -.166393E+01 -.743184E+01 0.332149E+02
 0.470356E+01 -.288961E+01 -.178430E+01 -.550000E+01 0.431573E+02
 0.478467E+01 -.287998E+01 -.165458E+01 -.723792E+01 0.329707E+02
 0.494309E+01 -.288382E+01 -.165849E+01 -.751768E+01 0.327730E+02
 0.494577E+01 -.288818E+01 -.166043E+01 -.687993E+01 0.329326E+02
 0.492673E+01 -.288367E+01 -.166995E+01 -.752397E+01 0.328182E+02
 0.477126E+01 -.288314E+01 -.156816E+01 -.751111E+01 0.371623E+02
 0.479727E+01 -.286460E+01 -.168563E+01 -.684244E+01 0.362699E+02
 0.469127E+01 -.287943E+01 -.166088E+01 -.751254E+01 0.329721E+02
 0.500000E+01 -.287416E+01 -.165829E+01 -.666012E+01 0.337201E+02
 0.489016E+01 -.287080E+01 -.172674E+01 -.750582E+01 0.361264E+02
 0.493556E+01 -.288390E+01 -.165862E+01 -.782085E+01 0.327767E+02
 0.410659E+01 -.287319E+01 -.166311E+01 -.866451E+01 0.338698E+02
 0.496691E+01 -.288497E+01 -.165880E+01 -.792316E+01 0.327883E+02
 0.492415E+01 -.289238E+01 -.165971E+01 -.981988E+01 0.334403E+02
 0.493853E+01 -.288403E+01 -.166052E+01 -.750059E+01 0.327749E+02
 0.490076E+01 -.290297E+01 -.165418E+01 -.753031E+01 0.360271E+02
 0.464671E+01 -.287172E+01 -.164298E+01 -.737128E+01 0.346319E+02
 0.472838E+01 -.285662E+01 -.172466E+01 -.905273E+01 0.406261E+02
 0.500000E+01 -.290687E+01 -.171769E+01 -.756801E+01 0.406060E+02
 0.495556E+01 -.288692E+01 -.166630E+01 -.744909E+01 0.328857E+02
 0.443949E+01 -.288510E+01 -.167598E+01 -.986336E+01 0.329287E+02
 0.493186E+01 -.288275E+01 -.162553E+01 -.831896E+01 0.334914E+02
 0.484597E+01 -.288391E+01 -.166200E+01 -.754886E+01 0.328051E+02
 0.482384E+01 -.289736E+01 -.160041E+01 -.896548E+01 0.356841E+02
 0.495599E+01 -.289028E+01 -.165962E+01 -.103932E+02 0.331389E+02
 0.391435E+01 -.290679E+01 -.171461E+01 -.584148E+01 0.403345E+02
 0.493860E+01 -.286403E+01 -.166356E+01 -.739089E+01 0.365294E+02
 0.500000E+01 -.288381E+01 -.165905E+01 -.698496E+01 0.327774E+02
 0.488820E+01 -.288306E+01 -.172054E+01 -.807465E+01 0.348031E+02
 0.495545E+01 -.289304E+01 -.155132E+01 -.726285E+01 0.386298E+02
 0.489709E+01 -.288092E+01 -.162534E+01 -.764618E+01 0.336909E+02
 0.475067E+01 -.287342E+01 -.163646E+01 -.826638E+01 0.344241E+02
 0.500000E+01 -.287454E+01 -.163775E+01 -.955412E+01 0.341153E+02
 0.492213E+01 -.288383E+01 -.165779E+01 -.714856E+01 0.327805E+02
 0.431510E+01 -.285691E+01 -.167570E+01 -.796521E+01 0.395433E+02
 0.495787E+01 -.289896E+01 -.170349E+01 -.739381E+01 0.364535E+02
 0.469749E+01 -.287663E+01 -.166152E+01 -.752919E+01 0.332849E+02
 0.500000E+01 -.288447E+01 -.179045E+01 -.760503E+01 0.432896E+02
 0.495125E+01 -.290210E+01 -.167335E+01 -.749035E+01 0.360983E+02
 0.495045E+01 -.287795E+01 -.170468E+01 -.583295E+01 0.339629E+02
 0.445335E+01 -.288391E+01 -.167718E+01 -.738708E+01 0.329299E+02
 0.500000E+01 -.288367E+01 -.166195E+01 -.550000E+01 0.327798E+02
 0.415987E+01 -.289520E+01 -.166591E+01 -.829696E+01 0.339791E+02
 0.346910E+01 -.290723E+01 -.167127E+01 -.868714E+01 0.380475E+02
 0.418961E+01 -.290797E+01 -.165330E+01 -.710416E+01 0.379328E+02
 0.497400E+01 -.288358E+01 -.165932E+01 -.750913E+01 0.327773E+02
 0.486203E+01 -.288330E+01 -.166230E+01 -.652458E+01 0.327845E+02
 0.492111E+01 -.287539E+01 -.166330E+01 -.792963E+01 0.334478E+02
 0.422048E+01 -.288392E+01 -.158110E+01 -.755287E+01 0.360104E+02
 0.494289E+01 -.287893E+01 -.176460E+01 -.760765E+01 0.390438E+02
 0.487272E+01 -.288712E+01 -.166052E+01 -.763567E+01 0.328713E+02
 0.500000E+01 -.291286E+01 -.165219E+01 -.720155E+01 0.402358E+02
 0.493855E+01 -.288576E+01 -.166686E+01 -.737757E+01 0.328343E+02
 0.493414E+01 -.288278E+01 -.165587E+01 -.755800E+01 0.328040E+02
 0.495213E+01 -.288393E+01 -.166732E+01 -.723959E+01 0.327970E+02
 0.430899E+01 -.291010E+01 -.168319E+01 -.786699E+01 0.398411E+02
 0.421533E+01 -.286077E+01 -.165936E+01 -.937839E+01 0.379758E+02
 0.500000E+01 -.288234E+01 -.171067E+01 -.731938E+01 0.341426E+02
 0.494961E+01 -.288261E+01 -.166836E+01 -.748991E+01 0.328057E+02
 0.445107E+01 -.288258E+01 -.162722E+01 -.731163E+01 0.334610E+02
 0.423955E+01 -.288355E+01 -.166050E+01 -.132078E+02 0.327770E+02
 0.471489E+01 -.288398E+01 -.164024E+01 -.749425E+01 0.330077E+02
 0.500000E+01 -.288508E+01 -.172817E+01 -.752902E+01 0.355018E+02
 0.487086E+01 -.288376E+01 -.170572E+01 -.745686E+01 0.339119E+02
 0.472799E+01 -.289430E+01 -.166740E+01 -.754455E+01 0.338727E+02
 0.380973E+01 -.287347E+01 -.162270E+01 -.698011E+01 0.349628E+02
 0.486335E+01 -.287953E+01 -.155574E+01 -.843303E+01 0.388233E+02
 0.487550E+01 -.289054E+01 -.162967E+01 -.799074E+01 0.335313E+02
 0.494597E+01 -.289132E+01 -.167491E+01 -.750448E+01 0.334705E+02
 0.474520E+01 -.290789E+01 -.164199E+01 -.713163E+01 0.378373E+02
 0.494370E+01 -.288422E+01 -.166153E+01 -.752189E+01 0.327687E+02
 0.500000E+01 -.289965E+01 -.166198E+01 -.688130E+01 0.350644E+02
 0.499848E+01 -.288236E+01 -.165969E+01 -.791798E+01 0.328023E+02
 0.487994E+01 -.288334E+01 -.166401E+01 -.768737E+01 0.327832E+02
 0.495609E+01 -.288103E+01 -.162699E+01 -.787471E+01 0.335685E+02
 0.479780E+01 -.284950E+01 -.173348E+01 -.570029E+01 0.449507E+02
 0.500000E+01 -.288385E+01 -.166054E+01 -.752703E+01 0.327747E+02
 0.458996E+01 -.289282E+01 -.165770E+01 -.678372E+01 0.334814E+02
 0.496855E+01 -.288388E+01 -.166020E+01 -.749416E+01 0.327772E+02
 0.463950E+01 -.288934E+01 -.166197E+01 -.777248E+01 0.330537E+02
 0.480294E+01 -.290663E+01 -.172780E+01 -.750587E+01 0.414486E+02
 0.498698E+01 -.285488E+01 -.166276E+01 -.776964E+01 0.409091E+02
 0.483357E+01 -.288522E+01 -.166190E+01 -.695984E+01 0.327944E+02
 0.493335E+01 -.288389E+01 -.166002E+01 -.751126E+01 0.327744E+02
 0.490469E+01 -.289433E+01 -.165358E+01 -.752851E+01 0.337441E+02
 0.460552E+01 -.288281E+01 -.165138E+01 -.712975E+01 0.328458E+02
 0.491830E+01 -.289042E+01 -.172678E+01 -.887951E+01 0.361059E+02
 0.495974E+01 -.288472E+01 -.166022E+01 -.754160E+01 0.327818E+02
 0.463879E+01 -.288347E+01 -.162121E+01 -.550000E+01 0.336424E+02
 0.489213E+01 -.288267E+01 -.165462E+01 -.855690E+01 0.328620E+02
 0.483547E+01 -.288385E+01 -.166402E+01 -.744243E+01 0.327859E+02
 0.488793E+01 -.289376E+01 -.162180E+01 -.829280E+01 0.341577E+02
 0.495168E+01 -.288025E+01 -.166203E+01 -.113172E+02 0.329016E+02
 0.492296E+01 -.291522E+01 -.166736E+01 -.816889E+01 0.419208E+02
 0.413888E+01 -.288445E+01 -.165895E+01 -.720873E+01 0.327746E+02
 0.500000E+01 -.286820E+01 -.171625E+01 -.716634E+01 0.360915E+02
 0.488120E+01 -.288359E+01 -.165321E+01 -.738599E+01 0.328100E+02
 0.493154E+01 -.287451E+01 -.167917E+01 -.729000E+01 0.336385E+02
 0.407557E+01 -.288507E+01 -.158355E+01 -.943135E+01 0.357708E+02
 0.489224E+01 -.288338E+01 -.165744E+01 -.728456E+01 0.328274E+02
 0.352865E+01 -.290569E+01 -.152993E+01 -.128655E+02 0.431098E+02
 0.500000E+01 -.288782E+01 -.151328E+01 -.675965E+01 0.427416E+02
 0.492846E+01 -.286480E+01 -.165289E+01 -.792315E+01 0.364681E+02
 0.478893E+01 -.288781E+01 -.165988E+01 -.752892E+01 0.329034E+02
 0.491754E+01 -.288356E+01 -.170076E+01 -.743257E+01 0.336649E+02
 0.495755E+01 -.290672E+01 -.168101E+01 -.742709E+01 0.381502E+02
 0.495082E+01 -.288374E+01 -.165075E+01 -.550000E+01 0.328399E+02
 0.446891E+01 -.288382E+01 -.165808E+01 -.739101E+01 0.327917E+02
 0.463447E+01 -.288633E+01 -.165615E+01 -.899379E+01 0.328325E+02
 0.455340E+01 -.289926E+01 -.166973E+01 -.645635E+01 0.351301E+02
 0.499549E+01 -.288360E+01 -.166809E+01 -.752762E+01 0.327957E+02
 0.488135E+01 -.287716E+01 -.166257E+01 -.550000E+01 0.332025E+02
 0.500000E+01 -.289410E+01 -.166514E+01 -.812131E+01 0.337700E+02
 0.431090E+01 -.288392E+01 -.164469E+01 -.745457E+01 0.329293E+02
 0.496940E+01 -.288664E+01 -.166131E+01 -.746446E+01 0.328515E+02
 0.400179E+01 -.288440E+01 -.152629E+01 -.799823E+01 0.414037E+02
 0.492615E+01 -.288905E+01 -.166488E+01 -.700699E+01 0.330415E+02
 0.494442E+01 -.288279E+01 -.165732E+01 -.752858E+01 0.327939E+02
 0.498053E+01 -.288371E+01 -.158221E+01 -.550000E+01 0.359442E+02
 0.476897E+01 -.289774E+01 -.165742E+01 -.557754E+01 0.344887E+02
 0.500000E+01 -.288657E+01 -.155035E+01 -.748403E+01 0.386107E+02
 0.487093E+01 -.288990E+01 -.167189E+01 -.762262E+01 0.332377E+02
 0.491507E+01 -.288382E+01 -.166971E+01 -.741486E+01 0.328198E+02
 0.423902E+01 -.287785E+01 -.164258E+01 -.779300E+01 0.334101E+02
 0.439803E+01 -.288477E+01 -.165867E+01 -.911148E+01 0.327819E+02
 0.500000E+01 -.288395E+01 -.168777E+01 -.750322E+01 0.331741E+02
 0.490571E+01 -.288494E+01 -.158715E+01 -.732935E+01 0.355055E+02
 0.492657E+01 -.287986E+01 -.175700E+01 -.669340E+01 0.381334E+02
 0.500000E+01 -.288123E+01 -.159774E+01 -.748037E+01 0.350637E+02
 0.491867E+01 -.289155E+01 -.166934E+01 -.733852E+01 0.334219E+02
 0.417693E+01 -.288568E+01 -.161211E+01 -.705350E+01 0.339818E+02
 0.407298E+01 -.288088E+01 -.156918E+01 -.765547E+01 0.373356E+02
 0.494688E+01 -.287749E+01 -.166116E+01 -.757623E+01 0.331689E+02
 0.500000E+01 -.288887E+01 -.166276E+01 -.844420E+01 0.330094E+02
 0.500000E+01 -.285454E+01 -.168491E+01 -.141298E+02 0.408011E+02
 0.494306E+01 -.288416E+01 -.166338E+01 -.752484E+01 0.327715E+02
 0.494540E+01 -.288603E+01 -.166221E+01 -.777955E+01 0.328119E+02
 0.498379E+01 -.288222E+01 -.165157E+01 -.764447E+01 0.328654E+02
 0.481152E+01 -.284846E+01 -.169929E+01 -.708100E+01 0.445480E+02
 0.468619E+01 -.288441E+01 -.174104E+01 -.781248E+01 0.366171E+02
 0.495508E+01 -.288636E+01 -.174383E+01 -.550000E+01 0.370995E+02
 0.493505E+01 -.290803E+01 -.165863E+01 -.642793E+01 0.380696E+02
 0.478253E+01 -.288746E+01 -.166085E+01 -.753701E+01 0.328820E+02
 0.464366E+01 -.289368E+01 -.165879E+01 -.724830E+01 0.336528E+02
 0.408907E+01 -.287004E+01 -.157554E+01 -.111431E+02 0.393641E+02
 0.492491E+01 -.288497E+01 -.173569E+01 -.755066E+01 0.361613E+02
 0.495629E+01 -.288393E+01 -.166171E+01 -.792613E+01 0.327742E+02
 0.500000E+01 -.289977E+01 -.165457E+01 -.965025E+01 0.350214E+02
 0.495092E+01 -.287586E+01 -.166443E+01 -.773702E+01 0.333788E+02
 0.430011E+01 -.288187E+01 -.157404E+01 -.766488E+01 0.367871E+02
 0.488182E+01 -.287836E+01 -.166244E+01 -.570355E+01 0.330636E+02
 0.494720E+01 -.288384E+01 -.165968E+01 -.752443E+01 0.327713E+02
 0.500000E+01 -.285377E+01 -.166435E+01 -.751918E+01 0.415254E+02
 0.494236E+01 -.286589E+01 -.167062E+01 -.754668E+01 0.357907E+02
 0.490572E+01 -.289280E+01 -.166696E+01 -.723852E+01 0.335693E+02
 0.443773E+01 -.287868E+01 -.166389E+01 -.672313E+01 0.330335E+02
 0.361177E+01 -.288721E+01 -.155232E+01 -.721203E+01 0.383802E+02
 0.496110E+01 -.288179E+01 -.165614E+01 -.760148E+01 0.328413E+02
 0.355093E+01 -.288276E+01 -.168377E+01 -.935267E+01 0.330636E+02
 0.498257E+01 -.288402E+01 -.169566E+01 -.765285E+01 0.334499E+02
 0.494062E+01 -.288397E+01 -.165882E+01 -.738851E+01 0.327775E+02
 0.490399E+01 -.287349E+01 -.170781E+01 -.680205E+01 0.346120E+02
 0.494023E+01 -.288068E+01 -.166290E+01 -.859712E+01 0.328707E+02
 0.434291E+01 -.289967E+01 -.169690E+01 -.694317E+01 0.362845E+02
 0.492895E+01 -.288793E+01 -.166616E+01 -.850074E+01 0.329536E+02
 0.368032E+01 -.288450E+01 -.165929E+01 -.745832E+01 0.327886E+02
 0.411561E+01 -.288265E+01 -.174779E+01 -.605166E+01 0.372101E+02
 0.420415E+01 -.286989E+01 -.167456E+01 -.978569E+01 0.345971E+02
 0.490859E+01 -.287691E+01 -.169545E+01 -.752975E+01 0.336887E+02
 0.491760E+01 -.288618E+01 -.168672E+01 -.721497E+01 0.332481E+02
 0.500000E+01 -.289803E+01 -.169815E+01 -.700086E+01 0.358534E+02
 0.416914E+01 -.289403E+01 -.159776E+01 -.739020E+01 0.352403E+02
 0.433219E+01 -.289220E+01 -.172256E+01 -.918293E+01 0.360883E+02
 0.497257E+01 -.288338E+01 -.166115E+01 -.760474E+01 0.327793E+02
 0.494896E+01 -.288369E+01 -.176476E+01 -.753658E+01 0.392932E+02
 0.480847E+01 -.289308E+01 -.163297E+01 -.926737E+01 0.337398E+02
 0.350000E+01 -.287895E+01 -.169445E+01 -.801726E+01 0.335076E+02
 0.491391E+01 -.285987E+01 -.162476E+01 -.765540E+01 0.398289E+02
 0.500000E+01 -.289195E+01 -.165933E+01 -.752611E+01 0.333575E+02
 0.487740E+01 -.288299E+01 -.155444E+01 -.743162E+01 0.384714E+02
 0.499696E+01 -.288354E+01 -.167880E+01 -.745366E+01 0.329464E+02
 0.495000E+01 -.288865E+01 -.161579E+01 -.655963E+01 0.338847E+02
 0.482794E+01 -.288393E+01 -.164347E+01 -.753917E+01 0.329432E+02
 0.388004E+01 -.288383E+01 -.166080E+01 -.976152E+01 0.327771E+02
 0.455540E+01 -.288348E+01 -.165981E+01 -.550000E+01 0.327797E+02
 0.498467E+01 -.288326E+01 -.166192E+01 -.754312E+01 0.327754E+02
 0.491748E+01 -.288131E+01 -.166260E+01 -.793829E+01 0.328375E+02
 0.488567E+01 -.289995E+01 -.166431E+01 -.694834E+01 0.352081E+02
 0.490762E+01 -.288397E+01 -.170724E+01 -.743295E+01 0.340002E+02
 0.497729E+01 -.288800E+01 -.158728E+01 -.578103E+01 0.354490E+02
 0.486714E+01 -.288192E+01 -.165652E+01 -.737742E+01 0.328374E+02
 0.494767E+01 -.288037E+01 -.165648E+01 -.686534E+01 0.329197E+02
 0.494583E+01 -.288619E+01 -.166090E+01 -.747506E+01 0.328151E+02
 0.496652E+01 -.288453E+01 -.168829E+01 -.738159E+01 0.332147E+02
 0.428663E+01 -.289349E+01 -.159303E+01 -.550000E+01 0.354528E+02
 0.478445E+01 -.290918E+01 -.166675E+01 -.550000E+01 0.387362E+02
 0.350000E+01 -.288303E+01 -.171430E+01 -.757605E+01 0.343970E+02
 0.500000E+01 -.288764E+01 -.164512E+01 -.709209E+01 0.329853E+02
 0.499780E+01 -.288437E+01 -.166069E+01 -.739047E+01 0.327758E+02
 0.461769E+01 -.287818E+01 -.165819E+01 -.797346E+01 0.331050E+02
 0.468833E+01 -.288442E+01 -.166068E+01 -.576900E+01 0.327775E+02
 0.465437E+01 -.288388E+01 -.167820E+01 -.750336E+01 0.329870E+02
 0.497225E+01 -.288338E+01 -.163215E+01 -.810157E+01 0.332413E+02
 0.486026E+01 -.287981E+01 -.161564E+01 -.751495E+01 0.341810E+02
 0.497694E+01 -.287963E+01 -.166501E+01 -.733979E+01 0.329433E+02
 0.500000E+01 -.289462E+01 -.164077E+01 -.778040E+01 0.338670E+02
 0.484192E+01 -.290783E+01 -.168469E+01 -.745576E+01 0.388509E+02
 0.492592E+01 -.286728E+01 -.179907E+01 -.627527E+01 0.451399E+02
 0.395681E+01 -.288451E+01 -.174019E+01 -.757600E+01 0.365559E+02
 0.494400E+01 -.288136E+01 -.164438E+01 -.756513E+01 0.330236E+02
 0.500000E+01 -.285035E+01 -.163550E+01 -.550000E+01 0.449240E+02
 0.481158E+01 -.286917E+01 -.167355E+01 -.799818E+01 0.347792E+02
 0.494274E+01 -.288355E+01 -.166182E+01 -.752025E+01 0.327697E+02
 0.491817E+01 -.287335E+01 -.166068E+01 -.727019E+01 0.338373E+02
 0.497160E+01 -.288287E+01 -.165620E+01 -.751764E+01 0.328044E+02
 0.447420E+01 -.288401E+01 -.165237E+01 -.788886E+01 0.328269E+02
 0.498589E+01 -.288540E+01 -.173887E+01 -.938686E+01 0.365001E+02
 0.489649E+01 -.292124E+01 -.162091E+01 -.808663E+01 0.451146E+02
 0.484981E+01 -.288484E+01 -.166077E+01 -.752579E+01 0.327829E+02
 0.497509E+01 -.287754E+01 -.166201E+01 -.826909E+01 0.331541E+02
 0.490329E+01 -.289852E+01 -.176253E+01 -.722720E+01 0.423546E+02
 0.492305E+01 -.288396E+01 -.166167E+01 -.774250E+01 0.327768E+02
 0.419771E+01 -.287480E+01 -.165176E+01 -.959135E+01 0.337041E+02
 0.471478E+01 -.291873E+01 -.165228E+01 -.752889E+01 0.436066E+02
 0.491687E+01 -.291367E+01 -.165438E+01 -.766191E+01 0.407447E+02
 0.494376E+01 -.287681E+01 -.166153E+01 -.827051E+01 0.332532E+02
 0.495046E+01 -.288394E+01 -.166131E+01 -.750869E+01 0.327746E+02
 0.497715E+01 -.286199E+01 -.167335E+01 -.753628E+01 0.372186E+02
 0.500000E+01 -.290014E+01 -.166971E+01 -.734779E+01 0.353521E+02
 0.494001E+01 -.288176E+01 -.168484E+01 -.968195E+01 0.330922E+02
 0.448555E+01 -.291245E+01 -.161697E+01 -.564666E+01 0.401960E+02
 0.495477E+01 -.288247E+01 -.166566E+01 -.755054E+01 0.328024E+02
 0.411514E+01 -.291734E+01 -.157014E+01 -.127636E+02 0.446408E+02
 0.418438E+01 -.288272E+01 -.170324E+01 -.598588E+01 0.337572E+02
 0.500000E+01 -.288477E+01 -.169464E+01 -.736463E+01 0.334397E+02
 0.486704E+01 -.288407E+01 -.165664E+01 -.746553E+01 0.327902E+02
 0.480412E+01 -.286780E+01 -.166731E+01 -.617559E+01 0.352120E+02
 0.495459E+01 -.288663E+01 -.165927E+01 -.717829E+01 0.328342E+02
 0.494912E+01 -.286423E+01 -.166439E+01 -.774753E+01 0.364610E+02
 0.500000E+01 -.288411E+01 -.166190E+01 -.759516E+01 0.327767E+02
 0.452875E+01 -.288398E+01 -.156959E+01 -.688808E+01 0.369549E+02
 0.484111E+01 -.288576E+01 -.165807E+01 -.781255E+01 0.328662E+02
 0.493480E+01 -.288372E+01 -.168176E+01 -.741321E+01 0.330072E+02
 0.486311E+01 -.288592E+01 -.159054E+01 -.803742E+01 0.352345E+02
 0.392694E+01 -.287857E+01 -.177216E+01 -.741932E+01 0.400628E+02
 0.500000E+01 -.287633E+01 -.178677E+01 -.834560E+01 0.422279E+02
 0.500000E+01 -.288454E+01 -.166110E+01 -.719438E+01 0.327791E+02
 0.500000E+01 -.286328E+01 -.166012E+01 -.113794E+02 0.369047E+02
 0.495122E+01 -.290536E+01 -.164533E+01 -.729662E+01 0.368495E+02
 0.461284E+01 -.288353E+01 -.166088E+01 -.752251E+01 0.327791E+02
 0.496021E+01 -.288401E+01 -.165908E+01 -.786072E+01 0.327790E+02
 0.498822E+01 -.286459E+01 -.165961E+01 -.751491E+01 0.363982E+02
 0.494214E+01 -.287975E+01 -.166996E+01 -.672748E+01 0.329523E+02
 0.500000E+01 -.288400E+01 -.165731E+01 -.760366E+01 0.327823E+02
 0.484136E+01 -.288183E+01 -.166491E+01 -.702581E+01 0.328640E+02
 0.485530E+01 -.287084E+01 -.165240E+01 -.752923E+01 0.345563E+02
 0.496795E+01 -.288331E+01 -.165596E+01 -.754959E+01 0.327971E+02
 0.493154E+01 -.289078E+01 -.166162E+01 -.757210E+01 0.332143E+02
 0.494580E+01 -.287659E+01 -.166122E+01 -.648976E+01 0.332869E+02
 0.500000E+01 -.288399E+01 -.173685E+01 -.749005E+01 0.361787E+02
 0.493683E+01 -.287862E+01 -.151183E+01 -.703296E+01 0.441660E+02
 0.480165E+01 -.288150E+01 -.165453E+01 -.747692E+01 0.328667E+02
 0.495984E+01 -.287963E+01 -.165410E+01 -.694816E+01 0.330050E+02
 0.493966E+01 -.288851E+01 -.166378E+01 -.748349E+01 0.329861E+02
 0.489953E+01 -.288508E+01 -.176998E+01 -.698726E+01 0.401689E+02
 0.369690E+01 -.286720E+01 -.167145E+01 -.751828E+01 0.353687E+02
 0.488870E+01 -.288422E+01 -.162686E+01 -.702031E+01 0.333872E+02
 0.500000E+01 -.288434E+01 -.165343E+01 -.738942E+01 0.328039E+02
 0.500000E+01 -.288269E+01 -.167512E+01 -.765317E+01 0.328788E+02
 0.500000E+01 -.288257E+01 -.166239E+01 -.784623E+01 0.327940E+02
 0.471663E+01 -.288383E+01 -.162577E+01 -.752626E+01 0.334375E+02
 0.482577E+01 -.288595E+01 -.171308E+01 -.752370E+01 0.344863E+02
 0.500000E+01 -.288370E+01 -.171899E+01 -.814877E+01 0.347107E+02
 0.495103E+01 -.288054E+01 -.170252E+01 -.751269E+01 0.337362E+02
 0.489408E+01 -.287313E+01 -.165854E+01 -.740263E+01 0.339466E+02
 0.350000E+01 -.289807E+01 -.168266E+01 -.801863E+01 0.351589E+02
 0.479269E+01 -.286431E+01 -.170940E+01 -.822550E+01 0.369242E+02
 0.488252E+01 -.287247E+01 -.168849E+01 -.766795E+01 0.341541E+02
 0.451431E+01 -.287522E+01 -.157449E+01 -.747446E+01 0.379160E+02
 0.494623E+01 -.289192E+01 -.165362E+01 -.754838E+01 0.333375E+02
 0.471164E+01 -.288595E+01 -.167309E+01 -.737951E+01 0.329135E+02
 0.463470E+01 -.285651E+01 -.169780E+01 -.550000E+01 0.398313E+02
 0.494314E+01 -.288316E+01 -.165952E+01 -.751871E+01 0.327769E+02
 0.499211E+01 -.288032E+01 -.165832E+01 -.652676E+01 0.329131E+02
 0.495400E+01 -.288341E+01 -.166215E+01 -.791110E+01 0.327788E+02
 0.399737E+01 -.290014E+01 -.152542E+01 -.752124E+01 0.422290E+02
 0.456495E+01 -.288322E+01 -.158390E+01 -.760752E+01 0.358567E+02
 0.497410E+01 -.288088E+01 -.153551E+01 -.110876E+02 0.407804E+02
 0.474917E+01 -.287733E+01 -.167207E+01 -.811223E+01 0.331916E+02
 0.500000E+01 -.288223E+01 -.166084E+01 -.751555E+01 0.328055E+02
 0.496663E+01 -.288070E+01 -.166138E+01 -.749992E+01 0.328738E+02
 0.435763E+01 -.286475E+01 -.171191E+01 -.134352E+02 0.368459E+02
 0.484487E+01 -.287864E+01 -.164432E+01 -.722472E+01 0.333233E+02
 0.492376E+01 -.288390E+01 -.166016E+01 -.767219E+01 0.327771E+02
 0.464942E+01 -.287168E+01 -.165498E+01 -.723504E+01 0.343028E+02
 0.493117E+01 -.291128E+01 -.165330E+01 -.752303E+01 0.394692E+02
 0.496944E+01 -.289184E+01 -.166051E+01 -.982765E+01 0.333637E+02
 0.494435E+01 -.288400E+01 -.165968E+01 -.751041E+01 0.327698E+02
 0.445493E+01 -.288062E+01 -.166744E+01 -.751755E+01 0.328833E+02
 0.495911E+01 -.289149E+01 -.166860E+01 -.752159E+01 0.333808E+02
 0.446227E+01 -.288353E+01 -.164092E+01 -.735665E+01 0.330091E+02
 0.442252E+01 -.287520E+01 -.177104E+01 -.816998E+01 0.399940E+02
 0.496738E+01 -.288196E+01 -.165393E+01 -.747588E+01 0.328525E+02
 0.494844E+01 -.288612E+01 -.166449E+01 -.749887E+01 0.328259E+02
 0.447393E+01 -.288451E+01 -.168368E+01 -.550000E+01 0.330841E+02
 0.492458E+01 -.288417E+01 -.163121E+01 -.771781E+01 0.332442E+02
 0.480490E+01 -.288403E+01 -.165982E+01 -.757047E+01 0.327715E+02
 0.467792E+01 -.287659E+01 -.161046E+01 -.102300E+02 0.349543E+02
 0.496283E+01 -.288933E+01 -.165781E+01 -.855334E+01 0.330328E+02
 0.455193E+01 -.288254E+01 -.180345E+01 -.795821E+01 0.454282E+02
 0.495427E+01 -.287117E+01 -.165916E+01 -.747232E+01 0.343603E+02
 0.350000E+01 -.288368E+01 -.166291E+01 -.715154E+01 0.327897E+02
 0.450422E+01 -.288131E+01 -.151802E+01 -.773926E+01 0.428755E+02
 0.500000E+01 -.287895E+01 -.164741E+01 -.789826E+01 0.331751E+02
 0.493534E+01 -.289080E+01 -.162905E+01 -.785298E+01 0.335723E+02
 0.489254E+01 -.288198E+01 -.164230E+01 -.764293E+01 0.330812E+02
 0.477945E+01 -.287040E+01 -.160555E+01 -.823952E+01 0.368089E+02
 0.425839E+01 -.288907E+01 -.163107E+01 -.747123E+01 0.333701E+02
 0.391117E+01 -.286445E+01 -.164638E+01 -.827575E+01 0.367984E+02
 0.493750E+01 -.288458E+01 -.165936E+01 -.704938E+01 0.327794E+02
 0.493878E+01 -.290018E+01 -.155709E+01 -.786663E+01 0.391765E+02
 0.452601E+01 -.288362E+01 -.167933E+01 -.700420E+01 0.329641E+02
 0.499652E+01 -.290090E+01 -.176122E+01 -.665645E+01 0.430636E+02
 0.335756E+01 -.285230E+01 -.170206E+01 -.719077E+01 0.422337E+02
 0.497123E+01 -.291189E+01 -.167936E+01 -.715793E+01 0.405867E+02
 0.464757E+01 -.287686E+01 -.166227E+01 -.751819E+01 0.332830E+02
 0.494879E+01 -.288448E+01 -.174425E+01 -.771228E+01 0.369427E+02
 0.497293E+01 -.286970E+01 -.165437E+01 -.750636E+01 0.348145E+02
 0.494148E+01 -.287817E+01 -.167740E+01 -.785420E+01 0.331545E+02
 0.472465E+01 -.288398E+01 -.167137E+01 -.727567E+01 0.328425E+02
 0.455531E+01 -.288175E+01 -.166327E+01 -.550000E+01 0.328172E+02
 0.499830E+01 -.287085E+01 -.165435E+01 -.876959E+01 0.345216E+02
 0.448269E+01 -.291295E+01 -.165265E+01 -.717921E+01 0.402950E+02
 0.494318E+01 -.288353E+01 -.165511E+01 -.752440E+01 0.327926E+02
 0.492138E+01 -.289429E+01 -.166150E+01 -.568597E+01 0.337840E+02
 0.500000E+01 -.287482E+01 -.165886E+01 -.669263E+01 0.335951E+02
 0.350000E+01 -.288392E+01 -.163998E+01 -.756505E+01 0.330254E+02
 0.491727E+01 -.288132E+01 -.172408E+01 -.755082E+01 0.350130E+02
 0.494883E+01 -.288459E+01 -.165694E+01 -.754425E+01 0.327800E+02
 0.495985E+01 -.288040E+01 -.166527E+01 -.713471E+01 0.328877E+02
 0.493140E+01 -.288550E+01 -.166230E+01 -.750514E+01 0.327983E+02
 0.492197E+01 -.288391E+01 -.164622E+01 -.550000E+01 0.328948E+02
 0.474724E+01 -.288572E+01 -.168438E+01 -.735871E+01 0.331387E+02
 0.484420E+01 -.288533E+01 -.163513E+01 -.721867E+01 0.331916E+02
 0.492691E+01 -.288421E+01 -.165479E+01 -.744257E+01 0.327958E+02
 0.475770E+01 -.288644E+01 -.167030E+01 -.732164E+01 0.328926E+02
 0.490193E+01 -.290676E+01 -.162916E+01 -.999053E+01 0.374978E+02
 0.402357E+01 -.288345E+01 -.166188E+01 -.130962E+02 0.327838E+02
 0.499774E+01 -.288393E+01 -.162314E+01 -.752443E+01 0.335367E+02
 0.473262E+01 -.291132E+01 -.158289E+01 -.744223E+01 0.410453E+02
 0.490390E+01 -.288522E+01 -.165932E+01 -.732740E+01 0.327876E+02
 0.500000E+01 -.288233E+01 -.167257E+01 -.748883E+01 0.328512E+02
 0.476279E+01 -.287682E+01 -.166779E+01 -.745687E+01 0.332512E+02
 0.320458E+01 -.288786E+01 -.169824E+01 -.753293E+01 0.338644E+02
 0.264237E+01 -.288385E+01 -.156140E+01 -.893110E+01 0.376575E+02
 0.453056E+01 -.286936E+01 -.163440E+01 -.854878E+01 0.355264E+02
 0.488767E+01 -.288743E+01 -.157784E+01 -.878048E+01 0.361403E+02
 0.473416E+01 -.288550E+01 -.161967E+01 -.798090E+01 0.336457E+02
 0.494745E+01 -.289674E+01 -.165635E+01 -.753272E+01 0.342444E+02
 0.480121E+01 -.289598E+01 -.165606E+01 -.747560E+01 0.340639E+02
 0.494346E+01 -.288399E+01 -.165989E+01 -.752352E+01 0.327688E+02
 0.500000E+01 -.288859E+01 -.165770E+01 -.700452E+01 0.329666E+02
 0.498288E+01 -.287308E+01 -.162253E+01 -.771325E+01 0.350651E+02
 0.493917E+01 -.288462E+01 -.166676E+01 -.785763E+01 0.328022E+02
 0.500000E+01 -.288370E+01 -.161196E+01 -.774705E+01 0.340477E+02
 0.495777E+01 -.287803E+01 -.152778E+01 -.583760E+01 0.424007E+02
 0.482371E+01 -.285615E+01 -.170120E+01 -.550000E+01 0.400370E+02
 0.488088E+01 -.288248E+01 -.166081E+01 -.752451E+01 0.327944E+02
 0.489826E+01 -.288966E+01 -.165839E+01 -.706061E+01 0.332047E+02
 0.483861E+01 -.286319E+01 -.159114E+01 -.731683E+01 0.407041E+02
 0.496161E+01 -.288389E+01 -.166029E+01 -.776149E+01 0.327742E+02
 0.500000E+01 -.287997E+01 -.166033E+01 -.856040E+01 0.329307E+02
 0.480252E+01 -.289991E+01 -.166056E+01 -.783440E+01 0.351083E+02
 0.493572E+01 -.288386E+01 -.165995E+01 -.751608E+01 0.327756E+02
 0.491686E+01 -.290877E+01 -.166429E+01 -.751792E+01 0.385436E+02
 0.444210E+01 -.286959E+01 -.164475E+01 -.713062E+01 0.351071E+02
 0.497390E+01 -.288553E+01 -.157414E+01 -.672686E+01 0.364734E+02
 0.500000E+01 -.285897E+01 -.169225E+01 -.901261E+01 0.386063E+02
 0.494367E+01 -.288707E+01 -.165616E+01 -.752100E+01 0.328577E+02
 0.456384E+01 -.288595E+01 -.165803E+01 -.894134E+01 0.328092E+02
 0.496560E+01 -.288330E+01 -.163941E+01 -.840165E+01 0.330399E+02
 0.479572E+01 -.288387E+01 -.166423E+01 -.760389E+01 0.327758E+02
 0.465208E+01 -.289013E+01 -.163527E+01 -.929852E+01 0.334422E+02
 0.495790E+01 -.288717E+01 -.166480E+01 -.105825E+02 0.328905E+02
 0.492459E+01 -.289706E+01 -.166036E+01 -.814748E+01 0.343757E+02
 0.346310E+01 -.288385E+01 -.166141E+01 -.694374E+01 0.327921E+02
 0.454238E+01 -.288176E+01 -.166825E+01 -.668168E+01 0.328342E+02
 0.421209E+01 -.287862E+01 -.150610E+01 -.915200E+01 0.449377E+02
 0.490409E+01 -.288487E+01 -.167114E+01 -.738162E+01 0.328446E+02
 0.489764E+01 -.288523E+01 -.163407E+01 -.766179E+01 0.331948E+02
 0.479685E+01 -.288229E+01 -.166341E+01 -.743151E+01 0.327977E+02
 0.500000E+01 -.289288E+01 -.154581E+01 -.755064E+01 0.391499E+02
 0.470327E+01 -.286619E+01 -.154907E+01 -.914412E+01 0.436797E+02
 0.366047E+01 -.285258E+01 -.164457E+01 -.815003E+01 0.429630E+02
 0.491227E+01 -.288428E+01 -.165796E+01 -.743005E+01 0.327799E+02
 0.350000E+01 -.290984E+01 -.167161E+01 -.774283E+01 0.392088E+02
 0.441941E+01 -.290028E+01 -.168077E+01 -.550000E+01 0.357720E+02
 0.492373E+01 -.287537E+01 -.168327E+01 -.743943E+01 0.335642E+02
 0.472655E+01 -.288076E+01 -.166289E+01 -.752223E+01 0.328687E+02
 0.490647E+01 -.288394E+01 -.165662E+01 -.763435E+01 0.327891E+02
 0.493607E+01 -.290433E+01 -.166410E+01 -.749689E+01 0.366756E+02
 0.494272E+01 -.288266E+01 -.164465E+01 -.707575E+01 0.329504E+02
 0.464125E+01 -.288389E+01 -.165669E+01 -.715257E+01 0.327813E+02
 0.396600E+01 -.288423E+01 -.165922E+01 -.101462E+02 0.327833E+02
 0.481884E+01 -.290462E+01 -.166536E+01 -.825172E+01 0.368158E+02
 0.495642E+01 -.288365E+01 -.166902E+01 -.752046E+01 0.328072E+02
 0.493836E+01 -.288716E+01 -.166142E+01 -.550000E+01 0.328767E+02
 0.489598E+01 -.289861E+01 -.165812E+01 -.704918E+01 0.347262E+02
 0.268867E+01 -.288392E+01 -.157821E+01 -.757275E+01 0.362190E+02
 0.493229E+01 -.284938E+01 -.167209E+01 -.769240E+01 0.440839E+02
 0.500000E+01 -.288648E+01 -.166474E+01 -.759731E+01 0.328487E+02
 0.495166E+01 -.286503E+01 -.167196E+01 -.706536E+01 0.360789E+02
 0.491650E+01 -.288862E+01 -.166664E+01 -.726390E+01 0.330281E+02
 0.492723E+01 -.288021E+01 -.165862E+01 -.753556E+01 0.329160E+02
 0.495988E+01 -.288357E+01 -.156001E+01 -.687218E+01 0.378708E+02
 0.491784E+01 -.285268E+01 -.165570E+01 -.610993E+01 0.423937E+02
 0.500000E+01 -.288484E+01 -.155799E+01 -.726960E+01 0.379566E+02
 0.493760E+01 -.288691E+01 -.167495E+01 -.758619E+01 0.330057E+02
 0.495254E+01 -.288415E+01 -.166414E+01 -.752309E+01 0.327803E+02
 0.463800E+01 -.288153E+01 -.166369E+01 -.736409E+01 0.328274E+02
 0.435697E+01 -.288483E+01 -.166011E+01 -.132280E+02 0.328512E+02
 0.500000E+01 -.288400E+01 -.169736E+01 -.748219E+01 0.335205E+02
 0.500000E+01 -.289672E+01 -.173978E+01 -.754019E+01 0.388827E+02
 0.484555E+01 -.288552E+01 -.161368E+01 -.670786E+01 0.339070E+02
 0.486538E+01 -.288406E+01 -.164507E+01 -.748876E+01 0.329180E+02
 0.489145E+01 -.288946E+01 -.167373E+01 -.744185E+01 0.332007E+02
 0.403256E+01 -.287642E+01 -.164769E+01 -.719014E+01 0.335007E+02
 0.426375E+01 -.289131E+01 -.159278E+01 -.754640E+01 0.352447E+02
 0.496182E+01 -.288775E+01 -.162682E+01 -.794508E+01 0.334184E+02
 0.500000E+01 -.289330E+01 -.169307E+01 -.797688E+01 0.344311E+02
 0.494929E+01 -.287854E+01 -.166018E+01 -.752694E+01 0.330563E+02
 0.489767E+01 -.289637E+01 -.164735E+01 -.792964E+01 0.342039E+02
 0.494355E+01 -.288461E+01 -.166248E+01 -.752463E+01 0.327735E+02
 0.491781E+01 -.288868E+01 -.165892E+01 -.806039E+01 0.329844E+02
 0.494901E+01 -.288504E+01 -.166189E+01 -.752963E+01 0.327807E+02
 0.393243E+01 -.286658E+01 -.175115E+01 -.687627E+01 0.390267E+02
 0.457496E+01 -.288409E+01 -.168010E+01 -.773605E+01 0.329856E+02
 0.460296E+01 -.288647E+01 -.169645E+01 -.550000E+01 0.336310E+02
 0.493427E+01 -.288291E+01 -.158114E+01 -.550000E+01 0.360935E+02
 0.489046E+01 -.286436E+01 -.167096E+01 -.103131E+02 0.363212E+02
 0.450906E+01 -.286586E+01 -.163511E+01 -.766931E+01 0.367099E+02
 0.486686E+01 -.288397E+01 -.166068E+01 -.752926E+01 0.327794E+02
 0.450629E+01 -.288794E+01 -.166077E+01 -.815759E+01 0.329299E+02
 0.391341E+01 -.290917E+01 -.155232E+01 -.123629E+02 0.422455E+02
 0.491837E+01 -.289686E+01 -.170212E+01 -.728493E+01 0.357837E+02
 0.497484E+01 -.288393E+01 -.165988E+01 -.783486E+01 0.327748E+02
 0.435297E+01 -.289241E+01 -.166475E+01 -.914978E+01 0.334817E+02
 0.500000E+01 -.289525E+01 -.177328E+01 -.918404E+01 0.428680E+02
 0.480141E+01 -.289305E+01 -.166242E+01 -.607897E+01 0.335460E+02
 0.493749E+01 -.288382E+01 -.165958E+01 -.752428E+01 0.327762E+02
 0.366916E+01 -.291353E+01 -.165831E+01 -.748751E+01 0.407249E+02
 0.490284E+01 -.288352E+01 -.166216E+01 -.753307E+01 0.327749E+02
 0.467116E+01 -.288551E+01 -.166299E+01 -.706556E+01 0.328052E+02
 0.478043E+01 -.286898E+01 -.167282E+01 -.745678E+01 0.348398E+02
 0.495283E+01 -.288199E+01 -.165393E+01 -.754416E+01 0.328558E+02
 0.323454E+01 -.286837E+01 -.169367E+01 -.854032E+01 0.352793E+02
 0.500000E+01 -.288552E+01 -.164187E+01 -.932757E+01 0.329667E+02
 0.500000E+01 -.288340E+01 -.169777E+01 -.844016E+01 0.335207E+02
 0.489312E+01 -.288398E+01 -.166539E+01 -.742917E+01 0.327793E+02
 0.500000E+01 -.289216E+01 -.170464E+01 -.699220E+01 0.348094E+02
 0.494432E+01 -.287941E+01 -.166051E+01 -.877420E+01 0.329686E+02
 0.465876E+01 -.289275E+01 -.149521E+01 -.734534E+01 0.454171E+02
 0.490736E+01 -.290700E+01 -.166236E+01 -.873381E+01 0.376856E+02
 0.496310E+01 -.288454E+01 -.165916E+01 -.682482E+01 0.327773E+02
 0.467382E+01 -.288390E+01 -.178201E+01 -.628946E+01 0.418462E+02
 0.464317E+01 -.287274E+01 -.161081E+01 -.699542E+01 0.358006E+02
 0.500000E+01 -.290137E+01 -.168989E+01 -.755825E+01 0.364817E+02
 0.493510E+01 -.287996E+01 -.170139E+01 -.704984E+01 0.337038E+02
 0.493064E+01 -.288672E+01 -.165183E+01 -.754188E+01 0.328689E+02
 0.500000E+01 -.289263E+01 -.170669E+01 -.678063E+01 0.350246E+02
 0.416436E+01 -.289505E+01 -.162762E+01 -.756040E+01 0.341850E+02
 0.500000E+01 -.287301E+01 -.167157E+01 -.806489E+01 0.338683E+02
 0.492056E+01 -.288377E+01 -.166280E+01 -.738769E+01 0.327790E+02
 0.495072E+01 -.287891E+01 -.176425E+01 -.736011E+01 0.390004E+02
 0.500000E+01 -.291111E+01 -.167261E+01 -.988297E+01 0.398578E+02
 0.448460E+01 -.290246E+01 -.164455E+01 -.860926E+01 0.358311E+02
 0.494160E+01 -.286743E+01 -.164345E+01 -.768730E+01 0.358113E+02
 0.500000E+01 -.288737E+01 -.166215E+01 -.752548E+01 0.328879E+02
 0.493392E+01 -.288332E+01 -.159187E+01 -.759917E+01 0.352669E+02
 0.492789E+01 -.289722E+01 -.167483E+01 -.747104E+01 0.346780E+02
 0.495016E+01 -.288769E+01 -.163759E+01 -.550000E+01 0.331331E+02
 0.469811E+01 -.288384E+01 -.165228E+01 -.762480E+01 0.328156E+02
 0.396446E+01 -.288532E+01 -.165858E+01 -.781776E+01 0.327992E+02
 0.473093E+01 -.287865E+01 -.166868E+01 -.550000E+01 0.330319E+02
 0.495672E+01 -.288341E+01 -.166440E+01 -.752499E+01 0.327812E+02
 0.484177E+01 -.287708E+01 -.166165E+01 -.818615E+01 0.332525E+02
 0.500000E+01 -.288456E+01 -.166249E+01 -.740000E+01 0.327751E+02
 0.418867E+01 -.288395E+01 -.158705E+01 -.743113E+01 0.355690E+02
 0.498515E+01 -.288772E+01 -.179548E+01 -.613325E+01 0.447251E+02
 0.489372E+01 -.288365E+01 -.166367E+01 -.753373E+01 0.327723E+02
 0.500000E+01 -.286224E+01 -.167789E+01 -.550000E+01 0.371295E+02
 0.490037E+01 -.288774E+01 -.164812E+01 -.738878E+01 0.329513E+02
 0.493112E+01 -.287915E+01 -.166065E+01 -.753674E+01 0.329933E+02
 0.493521E+01 -.288388E+01 -.168477E+01 -.818959E+01 0.330922E+02
 0.500000E+01 -.292053E+01 -.166049E+01 -.608589E+01 0.448928E+02
 0.404029E+01 -.288500E+01 -.162640E+01 -.742559E+01 0.334139E+02
 0.500000E+01 -.288880E+01 -.170187E+01 -.769324E+01 0.341192E+02
 0.499471E+01 -.288405E+01 -.166847E+01 -.741591E+01 0.327985E+02
 0.460236E+01 -.287946E+01 -.165788E+01 -.760670E+01 0.329864E+02
 0.488199E+01 -.285696E+01 -.170188E+01 -.609555E+01 0.396809E+02
 0.495793E+01 -.288392E+01 -.165916E+01 -.114835E+02 0.327750E+02
 0.492518E+01 -.288389E+01 -.168340E+01 -.746728E+01 0.330552E+02
 0.478219E+01 -.286988E+01 -.173853E+01 -.758372E+01 0.371902E+02
 0.499644E+01 -.288322E+01 -.169924E+01 -.773143E+01 0.335803E+02
 0.481278E+01 -.288431E+01 -.163970E+01 -.753379E+01 0.330200E+02
 0.495647E+01 -.288930E+01 -.166088E+01 -.749033E+01 0.330386E+02
 0.500000E+01 -.287137E+01 -.161383E+01 -.710211E+01 0.359945E+02
 0.430169E+01 -.289671E+01 -.169018E+01 -.649091E+01 0.350962E+02
 0.500000E+01 -.288505E+01 -.169451E+01 -.692880E+01 0.334483E+02
 0.350000E+01 -.288153E+01 -.168014E+01 -.730140E+01 0.330052E+02
 0.494752E+01 -.287579E+01 -.165057E+01 -.757630E+01 0.335467E+02
 0.486349E+01 -.287492E+01 -.165838E+01 -.815946E+01 0.335762E+02
 0.490483E+01 -.289277E+01 -.172691E+01 -.140989E+02 0.365755E+02
 0.494302E+01 -.288394E+01 -.166255E+01 -.752234E+01 0.327691E+02
 0.494497E+01 -.288106E+01 -.166177E+01 -.678776E+01 0.328491E+02
 0.495877E+01 -.288338E+01 -.165724E+01 -.762372E+01 0.327864E+02
 0.455222E+01 -.288348E+01 -.171484E+01 -.776356E+01 0.344349E+02
 0.487435E+01 -.290092E+01 -.163432E+01 -.900681E+01 0.354446E+02
 0.499904E+01 -.288500E+01 -.166109E+01 -.752747E+01 0.327859E+02
 0.431059E+01 -.287841E+01 -.166294E+01 -.818754E+01 0.330553E+02
 0.490707E+01 -.288874E+01 -.175162E+01 -.730392E+01 0.383271E+02
 0.496290E+01 -.288394E+01 -.166078E+01 -.771327E+01 0.327730E+02
 0.415185E+01 -.289176E+01 -.166268E+01 -.910344E+01 0.333659E+02
 0.494657E+01 -.289858E+01 -.166152E+01 -.744929E+01 0.347526E+02
 0.499865E+01 -.286946E+01 -.166232E+01 -.956505E+01 0.347687E+02
 0.495227E+01 -.288402E+01 -.166092E+01 -.752831E+01 0.327788E+02
 0.452164E+01 -.287781E+01 -.166101E+01 -.753800E+01 0.331243E+02
 0.469988E+01 -.290194E+01 -.155275E+01 -.757282E+01 0.399380E+02
 0.491978E+01 -.286328E+01 -.165936E+01 -.752916E+01 0.368872E+02
 0.500000E+01 -.289638E+01 -.167624E+01 -.730389E+01 0.344957E+02
 0.491760E+01 -.288056E+01 -.167970E+01 -.100937E+02 0.330225E+02
 0.500000E+01 -.288167E+01 -.162958E+01 -.622497E+01 0.334205E+02
 0.453957E+01 -.288120E+01 -.161427E+01 -.680904E+01 0.341002E+02
 0.495342E+01 -.288196E+01 -.166129E+01 -.753189E+01 0.328095E+02
 0.471056E+01 -.288263E+01 -.165182E+01 -.550000E+01 0.328501E+02
 0.495387E+01 -.288448E+01 -.171085E+01 -.716931E+01 0.342271E+02
 0.490281E+01 -.288408E+01 -.165970E+01 -.735346E+01 0.327740E+02
 0.477406E+01 -.287428E+01 -.171209E+01 -.614797E+01 0.347125E+02
 0.494526E+01 -.287484E+01 -.165817E+01 -.681000E+01 0.335931E+02
 0.491597E+01 -.288124E+01 -.166295E+01 -.909388E+01 0.328408E+02
 0.500000E+01 -.288464E+01 -.165940E+01 -.767892E+01 0.327791E+02
 0.491184E+01 -.288360E+01 -.163012E+01 -.759681E+01 0.332964E+02
 0.492424E+01 -.287876E+01 -.167740E+01 -.732526E+01 0.330943E+02
 0.495630E+01 -.288236E+01 -.167220E+01 -.740909E+01 0.328490E+02
 0.464922E+01 -.288642E+01 -.171257E+01 -.676230E+01 0.344838E+02
 0.463214E+01 -.288175E+01 -.173034E+01 -.741889E+01 0.355042E+02
 0.453081E+01 -.289457E+01 -.176576E+01 -.795382E+01 0.415630E+02
 0.497004E+01 -.288435E+01 -.166364E+01 -.715335E+01 0.327871E+02
 0.231726E+01 -.289962E+01 -.152179E+01 -.814765E+01 0.421314E+02
 0.460790E+01 -.285576E+01 -.165284E+01 -.760294E+01 0.407125E+02
 0.496063E+01 -.290194E+01 -.171294E+01 -.619127E+01 0.381485E+02
 0.359232E+01 -.291176E+01 -.168924E+01 -.792626E+01 0.409553E+02
 0.496605E+01 -.288686E+01 -.161563E+01 -.766209E+01 0.338189E+02
 0.478327E+01 -.288349E+01 -.165922E+01 -.752269E+01 0.327760E+02
 0.494916E+01 -.288395E+01 -.159384E+01 -.786224E+01 0.353328E+02
 0.500000E+01 -.287722E+01 -.165811E+01 -.745495E+01 0.332304E+02
 0.494768E+01 -.288797E+01 -.164895E+01 -.712078E+01 0.329541E+02
 0.500000E+01 -.288399E+01 -.166457E+01 -.775509E+01 0.327809E+02
 0.467241E+01 -.288307E+01 -.165918E+01 -.550000E+01 0.327911E+02
 0.468345E+01 -.286921E+01 -.165341E+01 -.864725E+01 0.349869E+02
 0.496137E+01 -.288321E+01 -.165870E+01 -.754592E+01 0.327839E+02
 0.489800E+01 -.288051E+01 -.166254E+01 -.705690E+01 0.329853E+02
 0.490433E+01 -.287239E+01 -.166530E+01 -.773803E+01 0.340157E+02
 0.500000E+01 -.288396E+01 -.172913E+01 -.750240E+01 0.354993E+02
 0.493079E+01 -.290487E+01 -.165035E+01 -.783171E+01 0.366759E+02
 0.483467E+01 -.288167E+01 -.166248E+01 -.747710E+01 0.328264E+02
 0.492312E+01 -.291803E+01 -.166207E+01 -.979004E+01 0.434110E+02
 0.497837E+01 -.288022E+01 -.165134E+01 -.715781E+01 0.329897E+02
 0.493847E+01 -.288414E+01 -.166184E+01 -.753218E+01 0.327756E+02
 0.492243E+01 -.288426E+01 -.173932E+01 -.737175E+01 0.364444E+02
 0.476939E+01 -.285685E+01 -.163035E+01 -.873489E+01 0.411687E+02
 0.468274E+01 -.288495E+01 -.174576E+01 -.758547E+01 0.371529E+02
 0.491148E+01 -.288611E+01 -.164401E+01 -.747542E+01 0.329407E+02
 0.497706E+01 -.288417E+01 -.165129E+01 -.743870E+01 0.328263E+02
 0.472767E+01 -.288322E+01 -.165820E+01 -.750913E+01 0.327887E+02
 0.500000E+01 -.288319E+01 -.165949E+01 -.623348E+01 0.327833E+02
 0.486403E+01 -.288383E+01 -.164963E+01 -.754729E+01 0.328528E+02
 0.465687E+01 -.288316E+01 -.160523E+01 -.757837E+01 0.344389E+02
 0.494176E+01 -.288432E+01 -.172419E+01 -.803241E+01 0.351310E+02
 0.485422E+01 -.288161E+01 -.164118E+01 -.755872E+01 0.330776E+02
 0.489920E+01 -.287716E+01 -.165974E+01 -.743937E+01 0.332187E+02
 0.368186E+01 -.288011E+01 -.166735E+01 -.757545E+01 0.329274E+02
 0.486338E+01 -.288722E+01 -.157379E+01 -.550000E+01 0.364692E+02
 0.491184E+01 -.287546E+01 -.171583E+01 -.710827E+01 0.347610E+02
 0.495121E+01 -.288400E+01 -.167241E+01 -.762414E+01 0.328455E+02
 0.266078E+01 -.287562E+01 -.164315E+01 -.755839E+01 0.338610E+02
 0.494562E+01 -.289064E+01 -.164575E+01 -.759285E+01 0.332241E+02
 0.485589E+01 -.287066E+01 -.166661E+01 -.714199E+01 0.344092E+02
 0.500000E+01 -.290279E+01 -.167123E+01 -.826349E+01 0.362646E+02
 0.494271E+01 -.288337E+01 -.166109E+01 -.751804E+01 0.327715E+02
 0.500000E+01 -.287695E+01 -.166169E+01 -.661004E+01 0.332351E+02
 0.494797E+01 -.288218E+01 -.165763E+01 -.768381E+01 0.328127E+02
 0.500000E+01 -.288357E+01 -.167183E+01 -.775395E+01 0.328311E+02
 0.500000E+01 -.288615E+01 -.165322E+01 -.105416E+02 0.328361E+02
 0.481331E+01 -.292094E+01 -.161586E+01 -.550000E+01 0.449275E+02
 0.500000E+01 -.288332E+01 -.166092E+01 -.752080E+01 0.327803E+02
 0.479607E+01 -.288027E+01 -.165879E+01 -.687855E+01 0.329133E+02
 0.420043E+01 -.286834E+01 -.170213E+01 -.550000E+01 0.354762E+02
 0.487454E+01 -.286543E+01 -.176584E+01 -.747437E+01 0.408506E+02
 0.491674E+01 -.288389E+01 -.166084E+01 -.767599E+01 0.327774E+02
 0.471272E+01 -.287274E+01 -.165624E+01 -.757882E+01 0.340209E+02
 0.444594E+01 -.289281E+01 -.152841E+01 -.663437E+01 0.409709E+02
 0.480557E+01 -.289331E+01 -.171318E+01 -.752485E+01 0.355928E+02
 0.486583E+01 -.285586E+01 -.166042E+01 -.963708E+01 0.404113E+02
 0.495276E+01 -.288402E+01 -.166054E+01 -.752381E+01 0.327789E+02
 0.496452E+01 -.284770E+01 -.170518E+01 -.799495E+01 0.451139E+02
 0.494863E+01 -.285703E+01 -.166883E+01 -.754930E+01 0.396265E+02
 0.494127E+01 -.290160E+01 -.166220E+01 -.752313E+01 0.356826E+02
 0.457221E+01 -.287900E+01 -.166053E+01 -.729950E+01 0.330113E+02
 0.485414E+01 -.289539E+01 -.161909E+01 -.617888E+01 0.345223E+02
 0.495647E+01 -.288447E+01 -.166585E+01 -.751515E+01 0.327907E+02
 0.497609E+01 -.288237E+01 -.179419E+01 -.644434E+01 0.437114E+02
 0.421981E+01 -.288316E+01 -.166224E+01 -.979373E+01 0.327878E+02
 0.495861E+01 -.288464E+01 -.158979E+01 -.792288E+01 0.353379E+02
 0.490493E+01 -.288388E+01 -.165736E+01 -.745556E+01 0.327861E+02
 0.481147E+01 -.287763E+01 -.162024E+01 -.898817E+01 0.342662E+02
 0.494991E+01 -.289761E+01 -.166276E+01 -.571804E+01 0.345150E+02
 0.493791E+01 -.286320E+01 -.166224E+01 -.717439E+01 0.368799E+02
 0.395005E+01 -.288449E+01 -.166133E+01 -.807395E+01 0.327813E+02
 0.477498E+01 -.288096E+01 -.157742E+01 -.839811E+01 0.366103E+02
 0.413485E+01 -.288960E+01 -.173788E+01 -.110445E+02 0.370014E+02
 0.492872E+01 -.288202E+01 -.165003E+01 -.758277E+01 0.328942E+02
 0.487130E+01 -.288186E+01 -.166776E+01 -.741478E+01 0.328339E+02
 0.480664E+01 -.287321E+01 -.168735E+01 -.689108E+01 0.340012E+02
 0.495104E+01 -.287717E+01 -.165705E+01 -.738339E+01 0.332495E+02
 0.437727E+01 -.288501E+01 -.162650E+01 -.759169E+01 0.333880E+02
 0.350000E+01 -.285663E+01 -.168723E+01 -.747601E+01 0.397287E+02
 0.378158E+01 -.285707E+01 -.160904E+01 -.730453E+01 0.424675E+02
 0.498510E+01 -.288422E+01 -.165540E+01 -.720006E+01 0.327916E+02
 0.494613E+01 -.288819E+01 -.168558E+01 -.757463E+01 0.333677E+02
 0.351861E+01 -.288813E+01 -.172399E+01 -.727808E+01 0.355326E+02
 0.495454E+01 -.289866E+01 -.169925E+01 -.747054E+01 0.361007E+02
 0.483168E+01 -.288044E+01 -.165923E+01 -.751902E+01 0.329031E+02
 0.493819E+01 -.288437E+01 -.167966E+01 -.769136E+01 0.329806E+02
 0.491445E+01 -.287215E+01 -.165179E+01 -.746809E+01 0.342338E+02
 0.494370E+01 -.287985E+01 -.166552E+01 -.666232E+01 0.329242E+02
 0.425437E+01 -.288403E+01 -.166576E+01 -.728218E+01 0.327935E+02
 0.500000E+01 -.288254E+01 -.166013E+01 -.107500E+02 0.327974E+02
 0.480994E+01 -.288789E+01 -.164678E+01 -.633136E+01 0.329712E+02
 0.497062E+01 -.288367E+01 -.165917E+01 -.754763E+01 0.327797E+02
 0.494715E+01 -.288945E+01 -.166241E+01 -.638223E+01 0.330580E+02
 0.500000E+01 -.286591E+01 -.166193E+01 -.767258E+01 0.358853E+02
 0.375344E+01 -.288396E+01 -.174004E+01 -.751649E+01 0.365011E+02
 0.494737E+01 -.288476E+01 -.154528E+01 -.719513E+01 0.393416E+02
 0.480295E+01 -.288245E+01 -.166043E+01 -.751353E+01 0.327946E+02
 0.442671E+01 -.288338E+01 -.156466E+01 -.773967E+01 0.374492E+02
 0.500000E+01 -.288191E+01 -.166515E+01 -.737008E+01 0.328141E+02
 0.495049E+01 -.288807E+01 -.166215E+01 -.751293E+01 0.329377E+02
 0.492462E+01 -.288472E+01 -.164579E+01 -.609633E+01 0.328952E+02
 0.476800E+01 -.285938E+01 -.170019E+01 -.607961E+01 0.385549E+02
 0.342754E+01 -.288336E+01 -.167279E+01 -.747035E+01 0.328616E+02
 0.484159E+01 -.288280E+01 -.161746E+01 -.734172E+01 0.339033E+02
 0.496524E+01 -.288437E+01 -.165482E+01 -.756565E+01 0.327949E+02
 0.500000E+01 -.288667E+01 -.166222E+01 -.744014E+01 0.328474E+02
 0.473902E+01 -.288436E+01 -.166031E+01 -.105923E+02 0.327832E+02
 0.494708E+01 -.288387E+01 -.163589E+01 -.752937E+01 0.331131E+02
 0.487988E+01 -.289406E+01 -.152321E+01 -.756654E+01 0.416527E+02
 0.489229E+01 -.288584E+01 -.162687E+01 -.754332E+01 0.334313E+02
 0.499224E+01 -.288094E+01 -.168354E+01 -.749494E+01 0.330810E+02
 0.481945E+01 -.287829E+01 -.166150E+01 -.748864E+01 0.330755E+02
 0.383239E+01 -.289670E+01 -.170415E+01 -.798065E+01 0.358815E+02
 0.500000E+01 -.287010E+01 -.169453E+01 -.829191E+01 0.348096E+02
 0.490486E+01 -.288309E+01 -.163836E+01 -.803715E+01 0.330740E+02
 0.416078E+01 -.288099E+01 -.162789E+01 -.790862E+01 0.335338E+02
 0.494351E+01 -.289537E+01 -.165687E+01 -.752916E+01 0.339468E+02
 0.492493E+01 -.287595E+01 -.166220E+01 -.647209E+01 0.333687E+02
 0.497341E+01 -.291343E+01 -.163920E+01 -.596518E+01 0.404633E+02
 0.494352E+01 -.288318E+01 -.165991E+01 -.752178E+01 0.327756E+02
 0.488804E+01 -.288427E+01 -.165986E+01 -.703241E+01 0.327769E+02
 0.500000E+01 -.290996E+01 -.152896E+01 -.866539E+01 0.446259E+02
 0.494059E+01 -.288349E+01 -.166426E+01 -.782673E+01 0.327807E+02
 0.333608E+01 -.286679E+01 -.166087E+01 -.780631E+01 0.356143E+02
 0.426336E+01 -.288385E+01 -.162932E+01 -.782573E+01 0.333140E+02
 0.500000E+01 -.288399E+01 -.179587E+01 -.735754E+01 0.441782E+02
 0.500000E+01 -.286707E+01 -.153700E+01 -.764974E+01 0.447617E+02
 0.495548E+01 -.288632E+01 -.153848E+01 -.699451E+01 0.398640E+02
 0.477785E+01 -.290303E+01 -.161047E+01 -.906362E+01 0.366430E+02
 0.489796E+01 -.288299E+01 -.166044E+01 -.751691E+01 0.328971E+02
 0.500000E+01 -.288639E+01 -.165802E+01 -.730987E+01 0.328279E+02
 0.488536E+01 -.287460E+01 -.155618E+01 -.751092E+01 0.398713E+02
 0.489299E+01 -.288390E+01 -.166003E+01 -.770778E+01 0.327697E+02
 0.500000E+01 -.286794E+01 -.165230E+01 -.668528E+01 0.354039E+02
 0.479191E+01 -.287305E+01 -.166053E+01 -.744337E+01 0.339182E+02
 0.493257E+01 -.288394E+01 -.165916E+01 -.749574E+01 0.327719E+02
 0.440419E+01 -.290423E+01 -.166845E+01 -.751342E+01 0.367350E+02
 0.491258E+01 -.289809E+01 -.166298E+01 -.751971E+01 0.346550E+02
 0.450097E+01 -.286949E+01 -.164912E+01 -.722339E+01 0.350286E+02
 0.494591E+01 -.288310E+01 -.158026E+01 -.603353E+01 0.361424E+02
 0.489010E+01 -.289439E+01 -.165695E+01 -.805504E+01 0.337671E+02
 0.495624E+01 -.288666E+01 -.165758E+01 -.752744E+01 0.328364E+02
 0.460603E+01 -.288443E+01 -.166960E+01 -.995015E+01 0.328205E+02
 0.500000E+01 -.288365E+01 -.155253E+01 -.846620E+01 0.385975E+02
 0.485642E+01 -.288388E+01 -.166409E+01 -.761492E+01 0.327852E+02
 0.487170E+01 -.288621E+01 -.163772E+01 -.104067E+02 0.330732E+02
 0.495505E+01 -.287979E+01 -.166426E+01 -.109680E+02 0.329348E+02
 0.500000E+01 -.289049E+01 -.158665E+01 -.779134E+01 0.355796E+02
 0.493728E+01 -.289328E+01 -.166086E+01 -.896858E+01 0.335887E+02
 0.391043E+01 -.288396E+01 -.166063E+01 -.700303E+01 0.327775E+02
 0.459525E+01 -.288207E+01 -.174639E+01 -.719826E+01 0.370169E+02
 0.364378E+01 -.288482E+01 -.161220E+01 -.674947E+01 0.339936E+02
 0.491273E+01 -.288662E+01 -.164297E+01 -.771084E+01 0.329798E+02
 0.486130E+01 -.288408E+01 -.165133E+01 -.739283E+01 0.328309E+02
 0.500000E+01 -.287205E+01 -.159800E+01 -.837729E+01 0.368484E+02
 0.500000E+01 -.288183E+01 -.160085E+01 -.740692E+01 0.348079E+02
 0.500000E+01 -.287391E+01 -.155269E+01 -.882606E+01 0.404474E+02
 0.493411E+01 -.288402E+01 -.165721E+01 -.748179E+01 0.327815E+02
 0.493934E+01 -.288985E+01 -.150732E+01 -.804476E+01 0.434219E+02
 0.492723E+01 -.291043E+01 -.166488E+01 -.578149E+01 0.392996E+02
 0.500000E+01 -.285367E+01 -.166647E+01 -.722466E+01 0.415284E+02
 0.492840E+01 -.289582E+01 -.170185E+01 -.736307E+01 0.354669E+02
 0.497538E+01 -.288251E+01 -.166030E+01 -.752004E+01 0.327952E+02
 0.492745E+01 -.288407E+01 -.172254E+01 -.740849E+01 0.349870E+02
 0.489373E+01 -.288107E+01 -.166350E+01 -.749482E+01 0.328452E+02
 0.494050E+01 -.287675E+01 -.166082E+01 -.583183E+01 0.332667E+02
 0.404103E+01 -.288394E+01 -.166362E+01 -.713284E+01 0.327869E+02
 0.392634E+01 -.288334E+01 -.166151E+01 -.101676E+02 0.327868E+02
 0.486642E+01 -.289689E+01 -.165778E+01 -.550000E+01 0.343132E+02
 0.497262E+01 -.288384E+01 -.166299E+01 -.753310E+01 0.327788E+02
 0.489322E+01 -.288712E+01 -.166169E+01 -.700735E+01 0.328636E+02
 0.490756E+01 -.288521E+01 -.165886E+01 -.719157E+01 0.327879E+02
 0.311693E+01 -.288392E+01 -.171222E+01 -.748088E+01 0.343445E+02
 0.490039E+01 -.288476E+01 -.166196E+01 -.755127E+01 0.327792E+02
 0.499894E+01 -.287364E+01 -.163317E+01 -.550000E+01 0.344734E+02
 0.489983E+01 -.288978E+01 -.166833E+01 -.747850E+01 0.331597E+02
 0.493890E+01 -.288979E+01 -.166084E+01 -.753046E+01 0.330948E+02
 0.494266E+01 -.288462E+01 -.159662E+01 -.556394E+01 0.348793E+02
 0.457232E+01 -.288443E+01 -.155261E+01 -.722841E+01 0.385186E+02
 0.492266E+01 -.288225E+01 -.163415E+01 -.735528E+01 0.332277E+02
 0.493687E+01 -.288450E+01 -.166558E+01 -.744226E+01 0.327912E+02
 0.462235E+01 -.288356E+01 -.166019E+01 -.748560E+01 0.327773E+02
 0.490219E+01 -.288062E+01 -.163921E+01 -.753048E+01 0.332099E+02
 0.480288E+01 -.288476E+01 -.166047E+01 -.109089E+02 0.327757E+02
 0.497723E+01 -.288398E+01 -.165455E+01 -.750643E+01 0.327979E+02
 0.497798E+01 -.288654E+01 -.166736E+01 -.752139E+01 0.328686E+02
 0.489698E+01 -.288386E+01 -.161429E+01 -.693700E+01 0.339894E+02
 0.500000E+01 -.288293E+01 -.178017E+01 -.768562E+01 0.414369E+02
 0.500000E+01 -.288220E+01 -.170474E+01 -.746982E+01 0.338231E+02
 0.485468E+01 -.288905E+01 -.167176E+01 -.755754E+01 0.331352E+02
 0.500000E+01 -.289226E+01 -.170329E+01 -.769342E+01 0.347477E+02
 0.270681E+01 -.288251E+01 -.161299E+01 -.863426E+01 0.340906E+02
 0.392307E+01 -.287026E+01 -.165185E+01 -.735587E+01 0.347121E+02
 0.495811E+01 -.288434E+01 -.168628E+01 -.790999E+01 0.331383E+02
 0.350000E+01 -.289787E+01 -.154012E+01 -.864498E+01 0.402681E+02
 0.500000E+01 -.289178E+01 -.168849E+01 -.809312E+01 0.339546E+02
 0.494663E+01 -.288500E+01 -.166181E+01 -.751155E+01 0.327805E+02
 0.487910E+01 -.288493E+01 -.165299E+01 -.766518E+01 0.328137E+02
 0.390869E+01 -.286344E+01 -.161565E+01 -.767500E+01 0.387454E+02
 0.494355E+01 -.288385E+01 -.166025E+01 -.752398E+01 0.327686E+02
 0.483426E+01 -.288971E+01 -.165880E+01 -.789761E+01 0.330885E+02
 0.489124E+01 -.287836E+01 -.156040E+01 -.797147E+01 0.385920E+02
 0.493911E+01 -.288481E+01 -.166481E+01 -.770552E+01 0.327926E+02
 0.492443E+01 -.288363E+01 -.163888E+01 -.776758E+01 0.330472E+02
 0.495502E+01 -.288358E+01 -.151049E+01 -.883312E+01 0.434691E+02
 0.485857E+01 -.284930E+01 -.165034E+01 -.950644E+01 0.448544E+02
 0.495720E+01 -.288301E+01 -.166033E+01 -.752035E+01 0.327824E+02
 0.457730E+01 -.288745E+01 -.165922E+01 -.818271E+01 0.328866E+02
 0.439998E+01 -.289974E+01 -.151122E+01 -.138905E+02 0.437461E+02
 0.478297E+01 -.289984E+01 -.161525E+01 -.743844E+01 0.355800E+02
 0.493509E+01 -.288393E+01 -.166078E+01 -.748341E+01 0.327748E+02
 0.456308E+01 -.289740E+01 -.166306E+01 -.108485E+02 0.344829E+02
 0.494427E+01 -.291171E+01 -.163021E+01 -.752282E+01 0.396041E+02
 0.496288E+01 -.287982E+01 -.166584E+01 -.744890E+01 0.329326E+02
 0.486508E+01 -.289475E+01 -.166153E+01 -.694550E+01 0.338757E+02
 0.491787E+01 -.288387E+01 -.165949E+01 -.750726E+01 0.327789E+02
 0.413149E+01 -.288890E+01 -.165885E+01 -.749141E+01 0.330130E+02
 0.488488E+01 -.287493E+01 -.166204E+01 -.752330E+01 0.335349E+02
 0.498807E+01 -.290276E+01 -.165711E+01 -.708577E+01 0.359862E+02
 0.494803E+01 -.288446E+01 -.149774E+01 -.101022E+02 0.451779E+02
 0.500000E+01 -.287910E+01 -.169008E+01 -.901306E+01 0.333426E+02
 0.494202E+01 -.288371E+01 -.165744E+01 -.753689E+01 0.327841E+02
 0.337286E+01 -.290944E+01 -.160123E+01 -.864297E+01 0.393233E+02
 0.500000E+01 -.288376E+01 -.166135E+01 -.926928E+01 0.327765E+02
 0.492535E+01 -.288348E+01 -.170822E+01 -.754818E+01 0.340400E+02
 0.493312E+01 -.288393E+01 -.166397E+01 -.750175E+01 0.327768E+02
 0.495433E+01 -.288730E+01 -.167669E+01 -.770029E+01 0.330630E+02
 0.495704E+01 -.287450E+01 -.166085E+01 -.116056E+02 0.336261E+02
 0.492969E+01 -.290586E+01 -.166285E+01 -.991717E+01 0.372316E+02
 0.416621E+01 -.288414E+01 -.165846E+01 -.670160E+01 0.327850E+02
 0.489450E+01 -.288371E+01 -.174458E+01 -.575683E+01 0.369217E+02
 0.500000E+01 -.287438E+01 -.160674E+01 -.550000E+01 0.356529E+02
 0.496906E+01 -.290202E+01 -.157574E+01 -.740122E+01 0.382074E+02
 0.492213E+01 -.288764E+01 -.164637E+01 -.746251E+01 0.329760E+02
 0.489513E+01 -.288529E+01 -.165220E+01 -.754418E+01 0.329203E+02
 0.459745E+01 -.289159E+01 -.153260E+01 -.807869E+01 0.404466E+02
 0.481489E+01 -.288543E+01 -.160075E+01 -.756944E+01 0.345953E+02
 0.399349E+01 -.288142E+01 -.169308E+01 -.102509E+02 0.333438E+02
 0.457582E+01 -.288161E+01 -.159532E+01 -.739905E+01 0.351841E+02
 0.407478E+01 -.289745E+01 -.155844E+01 -.822796E+01 0.385462E+02
 0.500000E+01 -.290109E+01 -.159684E+01 -.698794E+01 0.366882E+02
 0.491530E+01 -.288388E+01 -.166602E+01 -.769526E+01 0.327907E+02
 0.493801E+01 -.288968E+01 -.159965E+01 -.782510E+01 0.347317E+02
 0.500000E+01 -.291772E+01 -.169181E+01 -.737721E+01 0.445609E+02
 0.435219E+01 -.286581E+01 -.163964E+01 -.819921E+01 0.365520E+02
 0.492987E+01 -.286651E+01 -.168016E+01 -.748850E+01 0.355787E+02
 0.500000E+01 -.288622E+01 -.166027E+01 -.752483E+01 0.328202E+02
 0.493337E+01 -.288371E+01 -.167040E+01 -.731078E+01 0.328236E+02
 0.500000E+01 -.289180E+01 -.167494E+01 -.747720E+01 0.335448E+02
 0.494395E+01 -.288657E+01 -.165692E+01 -.722024E+01 0.328313E+02
 0.500000E+01 -.288384E+01 -.165718E+01 -.747843E+01 0.327836E+02
 0.462151E+01 -.288461E+01 -.166215E+01 -.763043E+01 0.327817E+02
 0.464101E+01 -.287960E+01 -.166881E+01 -.812507E+01 0.329691E+02
 0.498903E+01 -.288342E+01 -.166412E+01 -.751323E+01 0.327807E+02
 0.483877E+01 -.288028E+01 -.166167E+01 -.765605E+01 0.329435E+02
 0.489743E+01 -.289944E+01 -.166223E+01 -.755737E+01 0.351720E+02
 0.461693E+01 -.288393E+01 -.162328E+01 -.745608E+01 0.335292E+02
 0.499421E+01 -.288627E+01 -.166410E+01 -.756038E+01 0.328286E+02
 0.493497E+01 -.288712E+01 -.165480E+01 -.734597E+01 0.328739E+02
 0.492991E+01 -.288418E+01 -.166032E+01 -.753396E+01 0.327739E+02
 0.495316E+01 -.288410E+01 -.166150E+01 -.560592E+01 0.327736E+02
 0.482923E+01 -.291780E+01 -.161775E+01 -.807724E+01 0.430376E+02
 0.461479E+01 -.288508E+01 -.166094E+01 -.786779E+01 0.327913E+02
 0.487609E+01 -.288435E+01 -.153788E+01 -.708809E+01 0.400795E+02
 0.499693E+01 -.288461E+01 -.166022E+01 -.757415E+01 0.327781E+02
 0.493920E+01 -.288417E+01 -.167112E+01 -.736094E+01 0.328350E+02
 0.478425E+01 -.288158E+01 -.165900E+01 -.753384E+01 0.328330E+02
 0.500000E+01 -.288476E+01 -.165890E+01 -.817874E+01 0.327812E+02
 0.488283E+01 -.288398E+01 -.167582E+01 -.748059E+01 0.328995E+02
 0.500000E+01 -.288035E+01 -.177379E+01 -.748518E+01 0.403170E+02
 0.490388E+01 -.288421E+01 -.166127E+01 -.715676E+01 0.327737E+02
 0.493950E+01 -.288377E+01 -.168440E+01 -.752227E+01 0.330803E+02
 0.492477E+01 -.288615E+01 -.167424E+01 -.744898E+01 0.329437E+02
 0.350000E+01 -.287360E+01 -.163422E+01 -.724759E+01 0.344491E+02
 0.285476E+01 -.288485E+01 -.174450E+01 -.888823E+01 0.371325E+02
 0.378843E+01 -.289042E+01 -.162175E+01 -.674179E+01 0.337590E+02
 0.499927E+01 -.288492E+01 -.172135E+01 -.732667E+01 0.349552E+02
 0.378760E+01 -.289639E+01 -.168178E+01 -.714853E+01 0.346796E+02
 0.494652E+01 -.287543E+01 -.166574E+01 -.750765E+01 0.334368E+02
 0.481634E+01 -.288918E+01 -.165536E+01 -.856414E+01 0.330262E+02
 0.489525E+01 -.284946E+01 -.172739E+01 -.127764E+02 0.446622E+02
 0.494272E+01 -.288449E+01 -.166192E+01 -.752353E+01 0.327712E+02
 0.443135E+01 -.288401E+01 -.167880E+01 -.759787E+01 0.329621E+02
 0.500000E+01 -.288461E+01 -.165867E+01 -.741993E+01 0.327801E+02
 0.484976E+01 -.286124E+01 -.171706E+01 -.673395E+01 0.383088E+02
 0.493973E+01 -.288331E+01 -.165846E+01 -.749450E+01 0.327820E+02
 0.500000E+01 -.291186E+01 -.169002E+01 -.740696E+01 0.410613E+02
 0.500000E+01 -.288345E+01 -.166799E+01 -.774331E+01 0.327952E+02
 0.368683E+01 -.288681E+01 -.172142E+01 -.937317E+01 0.351468E+02
 0.497988E+01 -.288413E+01 -.163459E+01 -.848629E+01 0.331423E+02
 0.493504E+01 -.286294E+01 -.169293E+01 -.794210E+01 0.369377E+02
 0.500000E+01 -.288428E+01 -.166049E+01 -.752626E+01 0.327771E+02
 0.460110E+01 -.288043E+01 -.166053E+01 -.879975E+01 0.328918E+02
 0.463203E+01 -.289870E+01 -.173531E+01 -.113807E+02 0.390658E+02
 0.484466E+01 -.288264E+01 -.171457E+01 -.715981E+01 0.343897E+02
 0.494404E+01 -.288393E+01 -.166087E+01 -.740857E+01 0.327680E+02
 0.425817E+01 -.289989E+01 -.166291E+01 -.105501E+02 0.351646E+02
 0.495325E+01 -.289832E+01 -.166263E+01 -.822729E+01 0.347017E+02
 0.491538E+01 -.288386E+01 -.166002E+01 -.753143E+01 0.327780E+02
 0.500000E+01 -.287197E+01 -.165808E+01 -.751952E+01 0.341858E+02
 0.486666E+01 -.286224E+01 -.166003E+01 -.753545E+01 0.373198E+02
 0.492824E+01 -.289540E+01 -.167066E+01 -.750409E+01 0.341424E+02
 0.492321E+01 -.287919E+01 -.174908E+01 -.121524E+02 0.372435E+02
 0.485327E+01 -.286947E+01 -.165228E+01 -.738209E+01 0.349226E+02
 0.358537E+01 -.289249E+01 -.171008E+01 -.755393E+01 0.352240E+02
 0.494360E+01 -.288243E+01 -.165839E+01 -.754067E+01 0.327992E+02
 0.476685E+01 -.288327E+01 -.165445E+01 -.668918E+01 0.328019E+02
 0.495582E+01 -.288375E+01 -.176588E+01 -.757602E+01 0.394531E+02
 0.485601E+01 -.288406E+01 -.165615E+01 -.741280E+01 0.327928E+02
 0.492064E+01 -.288578E+01 -.167565E+01 -.550000E+01 0.329601E+02
 0.494190E+01 -.287431E+01 -.165878E+01 -.101657E+02 0.336759E+02
 0.492156E+01 -.285392E+01 -.166258E+01 -.942649E+01 0.414340E+02
 0.500000E+01 -.288425E+01 -.166080E+01 -.767623E+01 0.327769E+02
 0.482095E+01 -.288262E+01 -.154840E+01 -.660121E+01 0.391314E+02
 0.350000E+01 -.287828E+01 -.163815E+01 -.107500E+02 0.334916E+02
 0.483205E+01 -.285979E+01 -.174724E+01 -.800509E+01 0.407822E+02
 0.492585E+01 -.288234E+01 -.167574E+01 -.723466E+01 0.328934E+02
 0.493377E+01 -.288370E+01 -.166504E+01 -.764613E+01 0.327793E+02
 0.495608E+01 -.288655E+01 -.165146E+01 -.695697E+01 0.328671E+02
 0.485826E+01 -.287528E+01 -.166055E+01 -.755121E+01 0.334939E+02
 0.377489E+01 -.288884E+01 -.176893E+01 -.947808E+01 0.406236E+02
 0.432422E+01 -.286169E+01 -.156679E+01 -.769930E+01 0.438269E+02
 0.494239E+01 -.288406E+01 -.166438E+01 -.733642E+01 0.327735E+02
 0.494653E+01 -.288061E+01 -.177328E+01 -.720083E+01 0.402527E+02
 0.442155E+01 -.288510E+01 -.167293E+01 -.859695E+01 0.328830E+02
 0.364468E+01 -.291148E+01 -.166213E+01 -.861339E+01 0.397616E+02
 0.496065E+01 -.287524E+01 -.162536E+01 -.764109E+01 0.344547E+02
 0.468654E+01 -.288697E+01 -.165922E+01 -.752752E+01 0.328564E+02
 0.494034E+01 -.288353E+01 -.161640E+01 -.765437E+01 0.338406E+02
 0.487256E+01 -.288574E+01 -.166308E+01 -.745393E+01 0.328133E+02
 0.494648E+01 -.289315E+01 -.165938E+01 -.858789E+01 0.335423E+02
 0.437757E+01 -.288378E+01 -.165865E+01 -.775323E+01 0.327807E+02
 0.480505E+01 -.288424E+01 -.166113E+01 -.550000E+01 0.327756E+02
 0.449076E+01 -.287510E+01 -.166251E+01 -.823808E+01 0.335250E+02
 0.495130E+01 -.288298E+01 -.166079E+01 -.752246E+01 0.327838E+02
 0.490301E+01 -.287837E+01 -.166153E+01 -.718627E+01 0.330676E+02
 0.500000E+01 -.289534E+01 -.166438E+01 -.774279E+01 0.340160E+02
 0.500000E+01 -.288394E+01 -.161527E+01 -.747119E+01 0.338785E+02
 0.493627E+01 -.288606E+01 -.169658E+01 -.794791E+01 0.336026E+02
 0.499903E+01 -.288210E+01 -.166329E+01 -.752947E+01 0.328023E+02
 0.495224E+01 -.287858E+01 -.167840E+01 -.108940E+02 0.331310E+02
 0.497262E+01 -.288260E+01 -.164695E+01 -.737222E+01 0.329150E+02
 0.493410E+01 -.287963E+01 -.166025E+01 -.752676E+01 0.329512E+02
 0.495802E+01 -.288346E+01 -.171298E+01 -.652411E+01 0.343069E+02
 0.476773E+01 -.288226E+01 -.165372E+01 -.698975E+01 0.328382E+02
 0.500000E+01 -.288548E+01 -.164718E+01 -.755903E+01 0.328790E+02
 0.500000E+01 -.288589E+01 -.168179E+01 -.771260E+01 0.330816E+02
 0.500000E+01 -.288394E+01 -.166384E+01 -.750942E+01 0.327741E+02
 0.487164E+01 -.288446E+01 -.166135E+01 -.750852E+01 0.327820E+02
 0.480951E+01 -.288280E+01 -.165831E+01 -.767009E+01 0.327914E+02
 0.487825E+01 -.288390E+01 -.167610E+01 -.750038E+01 0.329052E+02
 0.493434E+01 -.288072E+01 -.179652E+01 -.749752E+01 0.439773E+02
 0.492009E+01 -.288426E+01 -.169884E+01 -.750928E+01 0.336038E+02
 0.490120E+01 -.288418E+01 -.164070E+01 -.752442E+01 0.329920E+02
 0.495102E+01 -.287487E+01 -.166436E+01 -.740522E+01 0.335388E+02
 0.383400E+01 -.288016E+01 -.160456E+01 -.739995E+01 0.347481E+02
 0.392206E+01 -.288286E+01 -.158360E+01 -.697773E+01 0.359013E+02
 0.435476E+01 -.288388E+01 -.176842E+01 -.737183E+01 0.398087E+02
 0.500000E+01 -.285619E+01 -.173562E+01 -.594947E+01 0.414829E+02
 0.392874E+01 -.289496E+01 -.167530E+01 -.697509E+01 0.341961E+02
 0.494988E+01 -.288471E+01 -.169126E+01 -.705686E+01 0.333105E+02
 0.387466E+01 -.287106E+01 -.167082E+01 -.760697E+01 0.343131E+02
 0.494214E+01 -.287405E+01 -.166334E+01 -.752209E+01 0.336825E+02
 0.488614E+01 -.288324E+01 -.165912E+01 -.730363E+01 0.327830E+02
 0.491314E+01 -.289888E+01 -.166007E+01 -.107381E+02 0.348518E+02
 0.494291E+01 -.288438E+01 -.166180E+01 -.751759E+01 0.327700E+02
 0.486504E+01 -.287885E+01 -.166148E+01 -.650953E+01 0.330224E+02
 0.495260E+01 -.288264E+01 -.165892E+01 -.762591E+01 0.328002E+02
 0.363190E+01 -.290952E+01 -.156124E+01 -.750227E+01 0.416728E+02
 0.424922E+01 -.288347E+01 -.168522E+01 -.786306E+01 0.330989E+02
 0.500000E+01 -.288530E+01 -.176429E+01 -.887693E+01 0.394088E+02
 0.497413E+01 -.291738E+01 -.169600E+01 -.606168E+01 0.446778E+02
 0.492752E+01 -.288491E+01 -.166114E+01 -.752722E+01 0.327819E+02
 0.475493E+01 -.287842E+01 -.166003E+01 -.683701E+01 0.330953E+02
 0.425372E+01 -.287603E+01 -.179574E+01 -.961395E+01 0.437090E+02
 0.494122E+01 -.286591E+01 -.176127E+01 -.710955E+01 0.402226E+02
 0.495085E+01 -.288394E+01 -.166105E+01 -.735959E+01 0.327746E+02
 0.437802E+01 -.287105E+01 -.166039E+01 -.554169E+01 0.343730E+02
 0.489275E+01 -.289057E+01 -.166305E+01 -.884061E+01 0.331885E+02
 0.497166E+01 -.288401E+01 -.166075E+01 -.751896E+01 0.327802E+02
 0.410755E+01 -.287381E+01 -.166878E+01 -.754024E+01 0.337293E+02
 0.493035E+01 -.285685E+01 -.166038E+01 -.754471E+01 0.398870E+02
 0.477590E+01 -.287217E+01 -.167506E+01 -.775595E+01 0.340615E+02
 0.400131E+01 -.286729E+01 -.164801E+01 -.794583E+01 0.357276E+02
 0.485244E+01 -.287375E+01 -.162883E+01 -.617325E+01 0.346035E+02
 0.495178E+01 -.288293E+01 -.166248E+01 -.752078E+01 0.327841E+02
 0.500000E+01 -.288356E+01 -.166018E+01 -.635708E+01 0.327771E+02
 0.499137E+01 -.288428E+01 -.177832E+01 -.796244E+01 0.413022E+02
 0.487820E+01 -.288410E+01 -.165366E+01 -.747424E+01 0.328049E+02
 0.488030E+01 -.288030E+01 -.163844E+01 -.946645E+01 0.332466E+02
 0.493035E+01 -.289057E+01 -.166186E+01 -.726240E+01 0.331880E+02
 0.493430E+01 -.287822E+01 -.166168E+01 -.603479E+01 0.330790E+02
 0.409309E+01 -.288414E+01 -.166230E+01 -.817145E+01 0.327784E+02
 0.462281E+01 -.288242E+01 -.158253E+01 -.801697E+01 0.360223E+02
 0.310388E+01 -.288757E+01 -.168783E+01 -.128993E+02 0.334276E+02
 0.472819E+01 -.289299E+01 -.177736E+01 -.743294E+01 0.428882E+02
 0.491273E+01 -.288104E+01 -.168240E+01 -.742100E+01 0.330580E+02
 0.496746E+01 -.288253E+01 -.167267E+01 -.766039E+01 0.328574E+02
 0.500000E+01 -.287903E+01 -.174914E+01 -.706643E+01 0.372481E+02
 0.497199E+01 -.287905E+01 -.170734E+01 -.748979E+01 0.340204E+02
 0.500000E+01 -.288984E+01 -.166346E+01 -.879576E+01 0.331137E+02
 0.448054E+01 -.290188E+01 -.160074E+01 -.779122E+01 0.367319E+02
 0.496484E+01 -.288414E+01 -.166045E+01 -.713054E+01 0.327724E+02
 0.495258E+01 -.288187E+01 -.166921E+01 -.722288E+01 0.328370E+02
 0.414031E+01 -.285776E+01 -.165217E+01 -.844782E+01 0.396730E+02
 0.490319E+01 -.288958E+01 -.172609E+01 -.960079E+01 0.358838E+02
 0.357648E+01 -.289398E+01 -.169161E+01 -.731761E+01 0.345070E+02
 0.496233E+01 -.289419E+01 -.161572E+01 -.761361E+01 0.344268E+02
 0.483702E+01 -.288449E+01 -.165931E+01 -.751876E+01 0.328328E+02
 0.491512E+01 -.288429E+01 -.164634E+01 -.800090E+01 0.328901E+02
 0.479067E+01 -.287988E+01 -.165082E+01 -.744367E+01 0.330244E+02
 0.494128E+01 -.288856E+01 -.166184E+01 -.945795E+01 0.329791E+02
 0.422011E+01 -.288401E+01 -.166065E+01 -.781023E+01 0.327836E+02
 0.500000E+01 -.288353E+01 -.166027E+01 -.860609E+01 0.327769E+02
 0.500000E+01 -.288378E+01 -.165610E+01 -.684661E+01 0.327896E+02
 0.495749E+01 -.288298E+01 -.165931E+01 -.753275E+01 0.327854E+02
 0.494623E+01 -.288702E+01 -.166110E+01 -.620116E+01 0.328573E+02
 0.494138E+01 -.287295E+01 -.166514E+01 -.768854E+01 0.338908E+02
 0.350000E+01 -.288396E+01 -.163220E+01 -.752306E+01 0.332254E+02
 0.483915E+01 -.288091E+01 -.166149E+01 -.750792E+01 0.329058E+02
 0.474835E+01 -.290968E+01 -.172709E+01 -.796133E+01 0.428968E+02
 0.493015E+01 -.291596E+01 -.165803E+01 -.564400E+01 0.420439E+02
 0.496381E+01 -.288066E+01 -.164907E+01 -.710692E+01 0.329870E+02
 0.494629E+01 -.288626E+01 -.166052E+01 -.752379E+01 0.328175E+02
 0.495492E+01 -.288346E+01 -.162214E+01 -.853010E+01 0.335949E+02
 0.480005E+01 -.285555E+01 -.169210E+01 -.644258E+01 0.402869E+02
 0.405425E+01 -.288465E+01 -.165881E+01 -.770722E+01 0.327898E+02
 0.490702E+01 -.288595E+01 -.174445E+01 -.789275E+01 0.371264E+02
 0.495995E+01 -.288346E+01 -.166532E+01 -.758523E+01 0.327812E+02
 0.350000E+01 -.288605E+01 -.153175E+01 -.752525E+01 0.406116E+02
 0.492084E+01 -.288373E+01 -.165686E+01 -.764475E+01 0.327865E+02
 0.473103E+01 -.288571E+01 -.166250E+01 -.747321E+01 0.328142E+02
 0.489199E+01 -.288232E+01 -.165896E+01 -.820699E+01 0.328442E+02
 0.496469E+01 -.288383E+01 -.165619E+01 -.752245E+01 0.327888E+02
 0.494369E+01 -.288697E+01 -.151415E+01 -.753475E+01 0.427851E+02
 0.493983E+01 -.288417E+01 -.167864E+01 -.764302E+01 0.329550E+02
 0.469148E+01 -.288350E+01 -.169647E+01 -.740101E+01 0.334843E+02
 0.491552E+01 -.288184E+01 -.164292E+01 -.748968E+01 0.330267E+02
 0.483740E+01 -.286949E+01 -.165604E+01 -.754294E+01 0.348649E+02
 0.494872E+01 -.287640E+01 -.165775E+01 -.746031E+01 0.333471E+02
 0.438235E+01 -.288963E+01 -.169256E+01 -.764015E+01 0.337981E+02
 0.439445E+01 -.288111E+01 -.152654E+01 -.727269E+01 0.418091E+02
 0.500000E+01 -.289137E+01 -.165852E+01 -.789148E+01 0.332722E+02
 0.490563E+01 -.288415E+01 -.165266E+01 -.742831E+01 0.328144E+02
 0.397462E+01 -.288377E+01 -.165941E+01 -.806424E+01 0.327820E+02
 0.493989E+01 -.288740E+01 -.165977E+01 -.753279E+01 0.328848E+02
 0.489956E+01 -.288616E+01 -.149443E+01 -.751461E+01 0.454353E+02
 0.408685E+01 -.288770E+01 -.176191E+01 -.651895E+01 0.394420E+02
 0.494822E+01 -.287879E+01 -.166236E+01 -.643093E+01 0.330204E+02
 0.494364E+01 -.288371E+01 -.166031E+01 -.751291E+01 0.327692E+02
 0.499632E+01 -.288401E+01 -.161115E+01 -.754806E+01 0.340750E+02
 0.484967E+01 -.287879E+01 -.166187E+01 -.757312E+01 0.330200E+02
 0.495750E+01 -.288234E+01 -.166271E+01 -.776536E+01 0.327956E+02
 0.348078E+01 -.288496E+01 -.155910E+01 -.785146E+01 0.378272E+02
 0.402219E+01 -.288383E+01 -.165942E+01 -.799502E+01 0.327780E+02
 0.379801E+01 -.288524E+01 -.166728E+01 -.550000E+01 0.328277E+02
 0.493717E+01 -.288539E+01 -.174318E+01 -.101977E+02 0.369344E+02
 0.498855E+01 -.291388E+01 -.166371E+01 -.703548E+01 0.410351E+02
 0.490742E+01 -.288448E+01 -.166083E+01 -.752447E+01 0.327752E+02
 0.487519E+01 -.287952E+01 -.166053E+01 -.680655E+01 0.329628E+02
 0.417934E+01 -.287586E+01 -.153555E+01 -.808405E+01 0.418663E+02
 0.493717E+01 -.288422E+01 -.155510E+01 -.749190E+01 0.382811E+02
 0.494542E+01 -.288393E+01 -.166115E+01 -.760695E+01 0.327698E+02
 0.500000E+01 -.287498E+01 -.165853E+01 -.786949E+01 0.335677E+02
 0.482282E+01 -.287844E+01 -.166113E+01 -.835991E+01 0.330547E+02
 0.500000E+01 -.288407E+01 -.166118E+01 -.750329E+01 0.327762E+02
 0.423474E+01 -.288193E+01 -.166713E+01 -.751583E+01 0.328248E+02
 0.497626E+01 -.288476E+01 -.166136E+01 -.752453E+01 0.327826E+02
 0.477511E+01 -.285822E+01 -.165133E+01 -.709170E+01 0.394690E+02
 0.500000E+01 -.288593E+01 -.163576E+01 -.737793E+01 0.331116E+02
 0.434051E+01 -.289611E+01 -.170117E+01 -.754532E+01 0.354955E+02
 0.494754E+01 -.288634E+01 -.166415E+01 -.751427E+01 0.328326E+02
 0.484702E+01 -.288402E+01 -.166563E+01 -.100654E+02 0.327870E+02
 0.499995E+01 -.288383E+01 -.164456E+01 -.796477E+01 0.329235E+02
 0.491476E+01 -.288391E+01 -.166759E+01 -.752995E+01 0.328026E+02
 0.477937E+01 -.287849E+01 -.164311E+01 -.113663E+02 0.333202E+02
 0.495391E+01 -.289356E+01 -.166306E+01 -.727961E+01 0.336545E+02
 0.493749E+01 -.290616E+01 -.166115E+01 -.550000E+01 0.373312E+02
 0.403535E+01 -.288414E+01 -.166059E+01 -.692170E+01 0.327796E+02
 0.462365E+01 -.288250E+01 -.171539E+01 -.724797E+01 0.344378E+02
 0.377212E+01 -.288436E+01 -.169259E+01 -.105215E+02 0.333545E+02
 0.493494E+01 -.290604E+01 -.154299E+01 -.735471E+01 0.419631E+02
 0.491029E+01 -.288444E+01 -.164718E+01 -.755830E+01 0.328751E+02
 0.494418E+01 -.288322E+01 -.166821E+01 -.750975E+01 0.327963E+02
 0.463814E+01 -.288044E+01 -.166796E+01 -.773929E+01 0.328908E+02
 0.500000E+01 -.288625E+01 -.167399E+01 -.736316E+01 0.329377E+02
 0.391044E+01 -.287951E+01 -.157576E+01 -.941261E+01 0.369518E+02
 0.496662E+01 -.288396E+01 -.165795E+01 -.711577E+01 0.327821E+02
 0.495199E+01 -.288556E+01 -.157948E+01 -.760828E+01 0.360696E+02
 0.500000E+01 -.286516E+01 -.167537E+01 -.836070E+01 0.360304E+02
 0.396533E+01 -.287648E+01 -.167998E+01 -.647599E+01 0.333767E+02
 0.472677E+01 -.291784E+01 -.161310E+01 -.762552E+01 0.431506E+02
 0.492938E+01 -.289365E+01 -.172401E+01 -.748920E+01 0.365222E+02
 0.493975E+01 -.288190E+01 -.166141E+01 -.751867E+01 0.328130E+02
 0.491446E+01 -.288481E+01 -.169297E+01 -.747513E+01 0.333898E+02
 0.477640E+01 -.288506E+01 -.165948E+01 -.747498E+01 0.327812E+02
 0.494038E+01 -.288165E+01 -.165996E+01 -.797499E+01 0.328266E+02
 0.470310E+01 -.288399E+01 -.166127E+01 -.710943E+01 0.327751E+02
 0.473494E+01 -.288398E+01 -.166155E+01 -.785919E+01 0.327759E+02
 0.436351E+01 -.289046E+01 -.166012E+01 -.579809E+01 0.331842E+02
 0.497528E+01 -.288438E+01 -.166363E+01 -.754633E+01 0.327823E+02
 0.487732E+01 -.288702E+01 -.166216E+01 -.755614E+01 0.328706E+02
 0.489894E+01 -.287011E+01 -.166246E+01 -.718804E+01 0.345857E+02
 0.267236E+01 -.288397E+01 -.169826E+01 -.749788E+01 0.336938E+02
 0.483872E+01 -.288579E+01 -.166014E+01 -.751777E+01 0.328636E+02
 0.498222E+01 -.287077E+01 -.163718E+01 -.550000E+01 0.350274E+02
 0.493726E+01 -.288475E+01 -.165764E+01 -.730738E+01 0.327836E+02
 0.493900E+01 -.288927E+01 -.166143E+01 -.752130E+01 0.330434E+02
 0.495207E+01 -.288414E+01 -.160183E+01 -.755972E+01 0.345897E+02
 0.489631E+01 -.287273E+01 -.165436E+01 -.708444E+01 0.341334E+02
 0.488341E+01 -.288371E+01 -.176918E+01 -.730870E+01 0.399116E+02
 0.494999E+01 -.288228E+01 -.164416E+01 -.740115E+01 0.329917E+02
 0.499188E+01 -.288380E+01 -.166748E+01 -.753127E+01 0.327897E+02
 0.486059E+01 -.288487E+01 -.166164E+01 -.745518E+01 0.327883E+02
 0.500000E+01 -.288522E+01 -.166033E+01 -.939680E+01 0.327884E+02
 0.499621E+01 -.288383E+01 -.164571E+01 -.749537E+01 0.329035E+02
 0.496495E+01 -.288753E+01 -.157147E+01 -.755257E+01 0.366475E+02
 0.492957E+01 -.288394E+01 -.161741E+01 -.747250E+01 0.337803E+02
 0.497643E+01 -.288144E+01 -.168269E+01 -.750675E+01 0.330438E+02
 0.484217E+01 -.287791E+01 -.167343E+01 -.756915E+01 0.331671E+02
 0.500000E+01 -.289334E+01 -.170071E+01 -.772647E+01 0.348207E+02
 0.417395E+01 -.287949E+01 -.163854E+01 -.784822E+01 0.333303E+02
 0.491602E+01 -.288358E+01 -.162793E+01 -.783814E+01 0.333738E+02
 0.500000E+01 -.289401E+01 -.165164E+01 -.773463E+01 0.336778E+02
 0.492895E+01 -.287302E+01 -.152496E+01 -.722325E+01 0.439988E+02
 0.494492E+01 -.289043E+01 -.165956E+01 -.750779E+01 0.331505E+02
 0.490726E+01 -.287572E+01 -.151096E+01 -.750612E+01 0.450280E+02
 0.498816E+01 -.287654E+01 -.166133E+01 -.795868E+01 0.332928E+02
 0.498166E+01 -.291579E+01 -.164910E+01 -.109433E+02 0.417748E+02
 0.494312E+01 -.288374E+01 -.166140E+01 -.752509E+01 0.327685E+02
 0.489390E+01 -.288483E+01 -.165799E+01 -.771319E+01 0.327799E+02
 0.494639E+01 -.288515E+01 -.166456E+01 -.774015E+01 0.327919E+02
 0.450960E+01 -.284933E+01 -.167182E+01 -.800927E+01 0.441487E+02
 0.500000E+01 -.288419E+01 -.164083E+01 -.793192E+01 0.329892E+02
 0.496103E+01 -.288432E+01 -.169125E+01 -.106192E+02 0.332949E+02
 0.496007E+01 -.288318E+01 -.166084E+01 -.752131E+01 0.327828E+02
 0.484286E+01 -.288678E+01 -.165975E+01 -.852381E+01 0.329100E+02
 0.381228E+01 -.288455E+01 -.150210E+01 -.787089E+01 0.444462E+02
 0.476814E+01 -.289261E+01 -.149898E+01 -.760423E+01 0.445221E+02
 0.493750E+01 -.288393E+01 -.166077E+01 -.764218E+01 0.327748E+02
 0.430340E+01 -.289903E+01 -.165956E+01 -.109211E+02 0.348659E+02
 0.480664E+01 -.285735E+01 -.161066E+01 -.752309E+01 0.421930E+02
 0.488370E+01 -.287676E+01 -.154848E+01 -.829769E+01 0.401746E+02
 0.493238E+01 -.287571E+01 -.166002E+01 -.818424E+01 0.334224E+02
 0.492068E+01 -.288399E+01 -.165927E+01 -.750149E+01 0.327792E+02
 0.500000E+01 -.289196E+01 -.165913E+01 -.750134E+01 0.333580E+02
 0.491222E+01 -.290517E+01 -.166191E+01 -.751513E+01 0.369413E+02
 0.479967E+01 -.291371E+01 -.164960E+01 -.667995E+01 0.406216E+02
 0.496409E+01 -.288412E+01 -.163731E+01 -.897810E+01 0.330707E+02
 0.493288E+01 -.289163E+01 -.166460E+01 -.848248E+01 0.333568E+02
 0.470977E+01 -.287773E+01 -.161751E+01 -.783970E+01 0.343840E+02
 0.495474E+01 -.288360E+01 -.166258E+01 -.753272E+01 0.327778E+02
 0.499555E+01 -.288405E+01 -.166793E+01 -.948496E+01 0.327959E+02
 0.493316E+01 -.288350E+01 -.156976E+01 -.756766E+01 0.369831E+02
 0.488747E+01 -.288393E+01 -.166488E+01 -.746672E+01 0.327831E+02
 0.471470E+01 -.288270E+01 -.166047E+01 -.780982E+01 0.327875E+02
 0.496350E+01 -.287494E+01 -.166120E+01 -.971742E+01 0.335463E+02
 0.493787E+01 -.291080E+01 -.166309E+01 -.686730E+01 0.394415E+02
 0.463462E+01 -.288412E+01 -.165938E+01 -.639779E+01 0.327773E+02
 0.455520E+01 -.288259E+01 -.174781E+01 -.685819E+01 0.371967E+02
 0.500000E+01 -.287794E+01 -.167436E+01 -.869538E+01 0.331400E+02
 0.500000E+01 -.290325E+01 -.152092E+01 -.737723E+01 0.433908E+02
 0.491161E+01 -.288651E+01 -.162965E+01 -.739233E+01 0.332899E+02
 0.491331E+01 -.288448E+01 -.165903E+01 -.757157E+01 0.327826E+02
 0.475076E+01 -.288513E+01 -.159867E+01 -.799759E+01 0.347319E+02
 0.492491E+01 -.288993E+01 -.162993E+01 -.740024E+01 0.334671E+02
 0.439508E+01 -.287330E+01 -.166786E+01 -.869928E+01 0.338223E+02
 0.458352E+01 -.290367E+01 -.166305E+01 -.766276E+01 0.364132E+02
 0.495679E+01 -.288397E+01 -.166184E+01 -.738781E+01 0.327743E+02
 0.494422E+01 -.288675E+01 -.171885E+01 -.725657E+01 0.349355E+02
 0.433888E+01 -.290930E+01 -.167830E+01 -.761539E+01 0.391997E+02
 0.500000E+01 -.286892E+01 -.163305E+01 -.587865E+01 0.357462E+02
 0.495516E+01 -.286257E+01 -.165570E+01 -.682608E+01 0.372982E+02
 0.493483E+01 -.288367E+01 -.164440E+01 -.743691E+01 0.329263E+02
 0.487688E+01 -.288357E+01 -.166102E+01 -.752249E+01 0.327780E+02
 0.494687E+01 -.288374E+01 -.166529E+01 -.707273E+01 0.327782E+02
 0.493967E+01 -.288886E+01 -.166810E+01 -.755931E+01 0.330624E+02
 0.493997E+01 -.287635E+01 -.165988E+01 -.664889E+01 0.333288E+02
 0.500000E+01 -.288395E+01 -.166162E+01 -.712869E+01 0.327762E+02
 0.481970E+01 -.288464E+01 -.166191E+01 -.550000E+01 0.327822E+02
 0.440475E+01 -.288419E+01 -.166398E+01 -.550000E+01 0.327920E+02
 0.496975E+01 -.288462E+01 -.166427E+01 -.752473E+01 0.327931E+02
 0.489865E+01 -.288497E+01 -.166221E+01 -.778626E+01 0.329028E+02
 0.491984E+01 -.288546E+01 -.165950E+01 -.699334E+01 0.328001E+02
 0.417236E+01 -.288397E+01 -.167126E+01 -.747830E+01 0.328340E+02
 0.500000E+01 -.288543E+01 -.166078E+01 -.754198E+01 0.327936E+02
 0.390509E+01 -.288388E+01 -.153175E+01 -.761249E+01 0.408138E+02
 0.499963E+01 -.286551E+01 -.163673E+01 -.852129E+01 0.367707E+02
 0.491717E+01 -.288718E+01 -.166463E+01 -.777154E+01 0.328969E+02
 0.493123E+01 -.288843E+01 -.166193E+01 -.752288E+01 0.329649E+02
 0.494216E+01 -.288451E+01 -.166205E+01 -.550000E+01 0.327789E+02
 0.500000E+01 -.289631E+01 -.162470E+01 -.776714E+01 0.345041E+02
 0.500000E+01 -.288473E+01 -.161877E+01 -.731271E+01 0.336943E+02
 0.495533E+01 -.288428E+01 -.167029E+01 -.747324E+01 0.328275E+02
 0.500000E+01 -.288399E+01 -.166664E+01 -.741037E+01 0.327866E+02
 0.473622E+01 -.288163E+01 -.165967E+01 -.757389E+01 0.328293E+02
 0.482128E+01 -.288606E+01 -.166169E+01 -.128021E+02 0.328089E+02
 0.484180E+01 -.288404E+01 -.165403E+01 -.747910E+01 0.328597E+02
 0.499543E+01 -.288399E+01 -.179338E+01 -.753075E+01 0.437353E+02
 0.490293E+01 -.288413E+01 -.162164E+01 -.729402E+01 0.335909E+02
 0.490231E+01 -.288180E+01 -.152343E+01 -.550000E+01 0.420947E+02
 0.498770E+01 -.288297E+01 -.170137E+01 -.753264E+01 0.336716E+02
 0.483410E+01 -.289185E+01 -.166581E+01 -.755341E+01 0.334177E+02
 0.426794E+01 -.287999E+01 -.162065E+01 -.749465E+01 0.339273E+02
 0.331725E+01 -.288373E+01 -.155383E+01 -.892363E+01 0.384541E+02
 0.370966E+01 -.287599E+01 -.163989E+01 -.713619E+01 0.337716E+02
 0.493764E+01 -.288402E+01 -.166665E+01 -.779882E+01 0.327941E+02
 0.384444E+01 -.288573E+01 -.166357E+01 -.750820E+01 0.328197E+02
 0.494768E+01 -.288398E+01 -.166005E+01 -.749965E+01 0.327705E+02
 0.499293E+01 -.286694E+01 -.179029E+01 -.750561E+01 0.438013E+02
 0.470291E+01 -.287147E+01 -.165084E+01 -.715457E+01 0.344402E+02
 0.487042E+01 -.288731E+01 -.165984E+01 -.828696E+01 0.328841E+02
 0.487685E+01 -.286775E+01 -.168939E+01 -.100294E+02 0.352968E+02
 0.494274E+01 -.288387E+01 -.166193E+01 -.753237E+01 0.327684E+02
 0.475934E+01 -.288409E+01 -.159408E+01 -.734211E+01 0.350864E+02
 0.500000E+01 -.288822E+01 -.165895E+01 -.682872E+01 0.329376E+02
 0.493989E+01 -.288377E+01 -.166242E+01 -.773181E+01 0.327757E+02
 0.440517E+01 -.288381E+01 -.165031E+01 -.743413E+01 0.328544E+02
 0.500000E+01 -.288522E+01 -.159416E+01 -.977408E+01 0.350180E+02
 0.484406E+01 -.289641E+01 -.178311E+01 -.692699E+01 0.448992E+02
 0.500000E+01 -.288308E+01 -.166067E+01 -.752748E+01 0.327842E+02
 0.484379E+01 -.288901E+01 -.166005E+01 -.857479E+01 0.330796E+02
 0.477628E+01 -.287773E+01 -.168054E+01 -.752684E+01 0.332475E+02
 0.494540E+01 -.288393E+01 -.166096E+01 -.755553E+01 0.327699E+02
 0.480934E+01 -.288035E+01 -.166051E+01 -.973068E+01 0.329008E+02
 0.497468E+01 -.289300E+01 -.166562E+01 -.771279E+01 0.335949E+02
 0.488484E+01 -.287489E+01 -.176275E+01 -.714400E+01 0.389597E+02
 0.491195E+01 -.287892E+01 -.165943E+01 -.782960E+01 0.330232E+02
 0.489166E+01 -.288388E+01 -.165832E+01 -.750306E+01 0.328194E+02
 0.408593E+01 -.288337E+01 -.165888E+01 -.750401E+01 0.327846E+02
 0.489720E+01 -.289838E+01 -.166130E+01 -.752099E+01 0.346987E+02
 0.480628E+01 -.290955E+01 -.165461E+01 -.693331E+01 0.386417E+02
 0.450215E+01 -.288114E+01 -.166337E+01 -.653875E+01 0.328590E+02
 0.488757E+01 -.288810E+01 -.167738E+01 -.774410E+01 0.331518E+02
 0.494851E+01 -.288166E+01 -.166049E+01 -.753623E+01 0.328222E+02
 0.321830E+01 -.286928E+01 -.156412E+01 -.924646E+01 0.407368E+02
 0.500000E+01 -.288380E+01 -.165793E+01 -.743580E+01 0.327808E+02
 0.490714E+01 -.288385E+01 -.171163E+01 -.733592E+01 0.342464E+02
 0.485753E+01 -.288394E+01 -.165855E+01 -.743415E+01 0.327831E+02
 0.479878E+01 -.288664E+01 -.167447E+01 -.550000E+01 0.329732E+02
 0.495186E+01 -.286902E+01 -.165966E+01 -.909402E+01 0.349253E+02
 0.494936E+01 -.288218E+01 -.158936E+01 -.690263E+01 0.357788E+02
 0.493244E+01 -.286799E+01 -.166246E+01 -.103031E+02 0.351776E+02
 0.495198E+01 -.288418E+01 -.166020E+01 -.686181E+01 0.327796E+02
 0.499937E+01 -.288343E+01 -.168989E+01 -.662563E+01 0.332280E+02
 0.438696E+01 -.287408E+01 -.165662E+01 -.721699E+01 0.337563E+02
 0.483754E+01 -.288792E+01 -.167226E+01 -.750772E+01 0.330905E+02
 0.487291E+01 -.289471E+01 -.178498E+01 -.758990E+01 0.446497E+02
 0.492536E+01 -.288360E+01 -.168356E+01 -.743659E+01 0.330544E+02
 0.493682E+01 -.288441E+01 -.165709E+01 -.764182E+01 0.327825E+02
 0.488957E+01 -.288461E+01 -.160757E+01 -.791667E+01 0.342354E+02
 0.493558E+01 -.288493E+01 -.167120E+01 -.753746E+01 0.328520E+02
 0.490761E+01 -.289186E+01 -.172879E+01 -.696877E+01 0.365455E+02
 0.448886E+01 -.289151E+01 -.158465E+01 -.747146E+01 0.358080E+02
 0.449547E+01 -.288174E+01 -.164972E+01 -.744552E+01 0.329282E+02
 0.494550E+01 -.288407E+01 -.166395E+01 -.754413E+01 0.327736E+02
 0.494914E+01 -.288054E+01 -.178544E+01 -.725608E+01 0.420795E+02
 0.350000E+01 -.290316E+01 -.154684E+01 -.646954E+01 0.407484E+02
 0.467686E+01 -.292069E+01 -.166018E+01 -.806532E+01 0.449933E+02
 0.498631E+01 -.289043E+01 -.164162E+01 -.661895E+01 0.332568E+02
 0.495034E+01 -.287678E+01 -.159170E+01 -.751191E+01 0.361720E+02
 0.480357E+01 -.288522E+01 -.165927E+01 -.752560E+01 0.327843E+02
 0.493174E+01 -.288318E+01 -.163679E+01 -.819667E+01 0.331090E+02
 0.486989E+01 -.288645E+01 -.166526E+01 -.754510E+01 0.328592E+02
 0.494370E+01 -.288339E+01 -.166129E+01 -.717458E+01 0.327712E+02
 0.474737E+01 -.288396E+01 -.166178E+01 -.747508E+01 0.327725E+02
 0.497667E+01 -.288381E+01 -.166121E+01 -.791569E+01 0.327741E+02
 0.500000E+01 -.287872E+01 -.166330E+01 -.609380E+01 0.330287E+02
 0.398904E+01 -.290894E+01 -.165298E+01 -.690077E+01 0.383817E+02
 0.494417E+01 -.288388E+01 -.166171E+01 -.751805E+01 0.327682E+02
 0.497980E+01 -.288123E+01 -.166172E+01 -.690402E+01 0.328413E+02
 0.500000E+01 -.289469E+01 -.166052E+01 -.790170E+01 0.338382E+02
 0.494843E+01 -.288393E+01 -.164698E+01 -.748686E+01 0.328766E+02
 0.494178E+01 -.285511E+01 -.166004E+01 -.730698E+01 0.408374E+02
 0.488589E+01 -.288244E+01 -.166412E+01 -.755084E+01 0.327970E+02
 0.494673E+01 -.289543E+01 -.166234E+01 -.624095E+01 0.340048E+02
 0.492241E+01 -.288550E+01 -.166147E+01 -.767697E+01 0.327990E+02
 0.494143E+01 -.288152E+01 -.166138E+01 -.752777E+01 0.328287E+02
 0.494353E+01 -.288444E+01 -.170929E+01 -.731823E+01 0.341337E+02
 0.455337E+01 -.290058E+01 -.163854E+01 -.760734E+01 0.353156E+02
 0.493763E+01 -.288472E+01 -.152490E+01 -.781897E+01 0.415332E+02
 0.498748E+01 -.288572E+01 -.168780E+01 -.755539E+01 0.332464E+02
 0.495698E+01 -.288404E+01 -.166473E+01 -.749013E+01 0.327815E+02
 0.451508E+01 -.288015E+01 -.165994E+01 -.757600E+01 0.329130E+02
 0.490908E+01 -.288266E+01 -.165887E+01 -.134298E+02 0.327939E+02
 0.485978E+01 -.288402E+01 -.166849E+01 -.748683E+01 0.328126E+02
 0.500000E+01 -.288325E+01 -.169012E+01 -.750176E+01 0.332356E+02
 0.492916E+01 -.288438E+01 -.166199E+01 -.733758E+01 0.327757E+02
 0.493734E+01 -.288407E+01 -.165026E+01 -.752518E+01 0.328359E+02
 0.482351E+01 -.288820E+01 -.165957E+01 -.742725E+01 0.329500E+02
 0.422384E+01 -.288071E+01 -.160495E+01 -.739466E+01 0.346642E+02
 0.296439E+01 -.288602E+01 -.179349E+01 -.700227E+01 0.441621E+02
 0.500000E+01 -.289259E+01 -.165639E+01 -.680072E+01 0.334435E+02
 0.496134E+01 -.288426E+01 -.168962E+01 -.748885E+01 0.332375E+02
 0.345215E+01 -.288951E+01 -.175596E+01 -.738664E+01 0.390263E+02
 0.396995E+01 -.287749E+01 -.166869E+01 -.805251E+01 0.331637E+02
 0.483641E+01 -.288613E+01 -.153864E+01 -.792225E+01 0.398754E+02
 0.494929E+01 -.287881E+01 -.166101E+01 -.751103E+01 0.330249E+02
 0.492596E+01 -.287795E+01 -.178082E+01 -.750048E+01 0.413003E+02
 0.480849E+01 -.289266E+01 -.165937E+01 -.716016E+01 0.334577E+02
 0.486853E+01 -.286378E+01 -.169718E+01 -.653212E+01 0.367147E+02
 0.494285E+01 -.288407E+01 -.166136E+01 -.753626E+01 0.327681E+02
 0.486790E+01 -.288007E+01 -.166014E+01 -.721927E+01 0.329238E+02
 0.487727E+01 -.287944E+01 -.169662E+01 -.724536E+01 0.335356E+02
 0.493792E+01 -.288290E+01 -.166028E+01 -.765578E+01 0.327857E+02
 0.351005E+01 -.288364E+01 -.166082E+01 -.735980E+01 0.327899E+02
 0.492450E+01 -.288637E+01 -.160936E+01 -.705669E+01 0.341139E+02
 0.496653E+01 -.288380E+01 -.166078E+01 -.752877E+01 0.327790E+02
 0.480240E+01 -.288373E+01 -.165974E+01 -.641474E+01 0.327729E+02
 0.494756E+01 -.288393E+01 -.166106E+01 -.732198E+01 0.327699E+02
 0.500000E+01 -.287367E+01 -.165869E+01 -.574096E+01 0.338130E+02
 0.483121E+01 -.289311E+01 -.166290E+01 -.798956E+01 0.335969E+02
 0.498365E+01 -.288383E+01 -.166150E+01 -.751071E+01 0.327712E+02
 0.349246E+01 -.287689E+01 -.166106E+01 -.753044E+01 0.332694E+02
 0.489847E+01 -.288946E+01 -.166190E+01 -.754218E+01 0.331929E+02
 0.477210E+01 -.286662E+01 -.167479E+01 -.729536E+01 0.355479E+02
 0.315698E+01 -.286630E+01 -.161376E+01 -.765458E+01 0.377255E+02
 0.489293E+01 -.287973E+01 -.171412E+01 -.868762E+01 0.343624E+02
 0.491139E+01 -.287256E+01 -.165379E+01 -.655102E+01 0.341128E+02
 0.414103E+01 -.287450E+01 -.165745E+01 -.732178E+01 0.336679E+02
 0.316101E+01 -.287764E+01 -.167577E+01 -.757799E+01 0.332234E+02
 0.494405E+01 -.288333E+01 -.166060E+01 -.752958E+01 0.327725E+02
 0.493276E+01 -.288369E+01 -.165431E+01 -.796989E+01 0.328010E+02
 0.495300E+01 -.288415E+01 -.170332E+01 -.791670E+01 0.338013E+02
 0.491040E+01 -.288397E+01 -.165727E+01 -.751743E+01 0.327787E+02
 0.500000E+01 -.288042E+01 -.165478E+01 -.820846E+01 0.329347E+02
 0.493526E+01 -.288282E+01 -.165983E+01 -.828034E+01 0.327884E+02
 0.493954E+01 -.285596E+01 -.166224E+01 -.108206E+02 0.403040E+02
 0.426859E+01 -.288417E+01 -.166062E+01 -.776641E+01 0.327731E+02
 0.500000E+01 -.288367E+01 -.159589E+01 -.707382E+01 0.349783E+02
 0.500000E+01 -.287462E+01 -.165964E+01 -.686007E+01 0.336214E+02
 0.484770E+01 -.287377E+01 -.178118E+01 -.763136E+01 0.415028E+02
 0.495495E+01 -.288236E+01 -.169064E+01 -.754146E+01 0.332475E+02
 0.495894E+01 -.288346E+01 -.166553E+01 -.756859E+01 0.327821E+02
 0.495668E+01 -.288332E+01 -.170774E+01 -.743425E+01 0.339982E+02
 0.494865E+01 -.288008E+01 -.169206E+01 -.763469E+01 0.333457E+02
 0.473566E+01 -.289533E+01 -.168439E+01 -.950557E+01 0.345424E+02
 0.443201E+01 -.286524E+01 -.164732E+01 -.737591E+01 0.364451E+02
 0.493432E+01 -.288408E+01 -.166304E+01 -.724096E+01 0.327770E+02
 0.495130E+01 -.288001E+01 -.173184E+01 -.746356E+01 0.356141E+02
 0.491835E+01 -.288388E+01 -.166364E+01 -.862465E+01 0.327809E+02
 0.498217E+01 -.290929E+01 -.164362E+01 -.775215E+01 0.384545E+02
 0.495196E+01 -.287279E+01 -.168916E+01 -.756536E+01 0.341119E+02
 0.478389E+01 -.288399E+01 -.165940E+01 -.752360E+01 0.327723E+02
 0.492968E+01 -.288370E+01 -.164528E+01 -.852455E+01 0.329127E+02
 0.473375E+01 -.288047E+01 -.165375E+01 -.750947E+01 0.329455E+02
 0.494641E+01 -.288919E+01 -.166236E+01 -.791010E+01 0.330312E+02
 0.474885E+01 -.288394E+01 -.166133E+01 -.777782E+01 0.327723E+02
 0.500000E+01 -.288331E+01 -.166060E+01 -.972932E+01 0.327789E+02
 0.431844E+01 -.288117E+01 -.165494E+01 -.736446E+01 0.328827E+02
 0.481050E+01 -.291265E+01 -.166056E+01 -.571001E+01 0.402690E+02
 0.492320E+01 -.288335E+01 -.165937E+01 -.751507E+01 0.327819E+02
 0.491337E+01 -.288283E+01 -.166191E+01 -.575309E+01 0.327908E+02
 0.489316E+01 -.289473E+01 -.166173E+01 -.804249E+01 0.338530E+02
 0.484781E+01 -.288394E+01 -.164871E+01 -.748609E+01 0.328639E+02
 0.497007E+01 -.287679E+01 -.154737E+01 -.661500E+01 0.402587E+02
 0.482046E+01 -.288274E+01 -.166501E+01 -.753736E+01 0.327938E+02
 0.491073E+01 -.289950E+01 -.167366E+01 -.550000E+01 0.352802E+02
 0.496422E+01 -.288306E+01 -.165457E+01 -.706408E+01 0.328112E+02
 0.493256E+01 -.287752E+01 -.165923E+01 -.753479E+01 0.331744E+02
 0.494494E+01 -.288376E+01 -.168725E+01 -.812785E+01 0.331524E+02
 0.466024E+01 -.287955E+01 -.170492E+01 -.722494E+01 0.338804E+02
 0.493646E+01 -.288463E+01 -.163624E+01 -.788486E+01 0.330919E+02
 0.499096E+01 -.288416E+01 -.167296E+01 -.757539E+01 0.328571E+02
 0.496828E+01 -.288400E+01 -.166156E+01 -.760977E+01 0.327788E+02
 0.465081E+01 -.288467E+01 -.166061E+01 -.747750E+01 0.327859E+02
 0.499645E+01 -.286015E+01 -.166116E+01 -.874366E+01 0.382394E+02
 0.500000E+01 -.288226E+01 -.165876E+01 -.101762E+02 0.328090E+02
 0.428908E+01 -.290227E+01 -.165913E+01 -.742703E+01 0.358589E+02
 0.500000E+01 -.288396E+01 -.166096E+01 -.752216E+01 0.327743E+02
 0.500000E+01 -.286386E+01 -.155166E+01 -.742292E+01 0.444618E+02
 0.497739E+01 -.288600E+01 -.154187E+01 -.749842E+01 0.395039E+02
 0.496206E+01 -.288406E+01 -.169374E+01 -.747300E+01 0.333774E+02
 0.468996E+01 -.288053E+01 -.178496E+01 -.719357E+01 0.419876E+02
 0.490079E+01 -.288478E+01 -.161930E+01 -.751671E+01 0.336664E+02
 0.484025E+01 -.287310E+01 -.166654E+01 -.732963E+01 0.338778E+02
 0.495217E+01 -.290627E+01 -.165496E+01 -.769232E+01 0.372690E+02
 0.408300E+01 -.288713E+01 -.170012E+01 -.758468E+01 0.338518E+02
 0.446439E+01 -.288176E+01 -.174847E+01 -.670903E+01 0.372124E+02
 0.479062E+01 -.288234E+01 -.152572E+01 -.804474E+01 0.417277E+02
 0.431771E+01 -.289332E+01 -.166833E+01 -.741071E+01 0.336985E+02
 0.493911E+01 -.288423E+01 -.166263E+01 -.750306E+01 0.327773E+02
 0.500000E+01 -.287838E+01 -.165923E+01 -.774663E+01 0.330825E+02
 0.471536E+01 -.288247E+01 -.163433E+01 -.955777E+01 0.332100E+02
 0.494239E+01 -.288727E+01 -.166098E+01 -.752854E+01 0.328688E+02
 0.488808E+01 -.287767E+01 -.169975E+01 -.751020E+01 0.337738E+02
 0.496365E+01 -.287422E+01 -.166128E+01 -.693562E+01 0.336750E+02
 0.500000E+01 -.290176E+01 -.166555E+01 -.550000E+01 0.357839E+02
 0.494342E+01 -.288417E+01 -.166052E+01 -.753318E+01 0.327684E+02
 0.481101E+01 -.287976E+01 -.166167E+01 -.760923E+01 0.329379E+02
 0.494015E+01 -.288293E+01 -.165937E+01 -.756769E+01 0.327873E+02
 0.375659E+01 -.287005E+01 -.164838E+01 -.758803E+01 0.348759E+02
 0.334358E+01 -.288385E+01 -.166797E+01 -.798362E+01 0.328233E+02
 0.498506E+01 -.288535E+01 -.174868E+01 -.615318E+01 0.375134E+02
 0.468981E+01 -.291524E+01 -.168580E+01 -.661328E+01 0.427380E+02
 0.495770E+01 -.288457E+01 -.166077E+01 -.752264E+01 0.327759E+02
 0.478091E+01 -.287962E+01 -.165973E+01 -.558329E+01 0.329608E+02
 0.487692E+01 -.288268E+01 -.155603E+01 -.980055E+01 0.383467E+02
 0.488573E+01 -.288118E+01 -.178080E+01 -.710627E+01 0.414093E+02
 0.494110E+01 -.288393E+01 -.166095E+01 -.723744E+01 0.327747E+02
 0.437985E+01 -.288348E+01 -.165843E+01 -.551796E+01 0.327857E+02
 0.485649E+01 -.289444E+01 -.166408E+01 -.883975E+01 0.338429E+02
 0.498109E+01 -.288386E+01 -.166092E+01 -.752450E+01 0.327711E+02
 0.425069E+01 -.288249E+01 -.166028E+01 -.751459E+01 0.327995E+02
 0.494703E+01 -.287220E+01 -.166154E+01 -.754205E+01 0.340864E+02
 0.470554E+01 -.285570E+01 -.167893E+01 -.758958E+01 0.402007E+02
 0.461730E+01 -.287394E+01 -.151874E+01 -.686489E+01 0.444908E+02
 0.497631E+01 -.288242E+01 -.163551E+01 -.717695E+01 0.331790E+02
 0.334904E+01 -.290510E+01 -.166051E+01 -.768284E+01 0.368882E+02
 0.494020E+01 -.288532E+01 -.166138E+01 -.752152E+01 0.327932E+02
 0.473201E+01 -.288056E+01 -.175825E+01 -.730871E+01 0.382998E+02
 0.494973E+01 -.288364E+01 -.166413E+01 -.940224E+01 0.327747E+02
 0.498777E+01 -.288369E+01 -.166236E+01 -.787312E+01 0.327771E+02
 0.485463E+01 -.288399E+01 -.165793E+01 -.749556E+01 0.327799E+02
 0.446274E+01 -.287939E+01 -.164143E+01 -.928551E+01 0.332767E+02
 0.493000E+01 -.289444E+01 -.166225E+01 -.799647E+01 0.338109E+02
 0.491453E+01 -.286237E+01 -.166240E+01 -.898542E+01 0.371993E+02
 0.412799E+01 -.288415E+01 -.166151E+01 -.832005E+01 0.327822E+02
 0.472174E+01 -.288285E+01 -.162974E+01 -.764608E+01 0.333373E+02
 0.463775E+01 -.289185E+01 -.167665E+01 -.816008E+01 0.336065E+02
 0.495877E+01 -.288792E+01 -.162487E+01 -.755560E+01 0.334903E+02
 0.493515E+01 -.288354E+01 -.165914E+01 -.748571E+01 0.327789E+02
 0.494234E+01 -.288350E+01 -.167003E+01 -.751195E+01 0.328115E+02
 0.495014E+01 -.288239E+01 -.169372E+01 -.714692E+01 0.333557E+02
 0.494121E+01 -.288218E+01 -.164488E+01 -.761874E+01 0.329685E+02
 0.445321E+01 -.288316E+01 -.161843E+01 -.924533E+01 0.337854E+02
 0.470943E+01 -.287479E+01 -.166017E+01 -.753858E+01 0.335812E+02
 0.495992E+01 -.288391E+01 -.166073E+01 -.701339E+01 0.327769E+02
 0.495004E+01 -.288329E+01 -.157718E+01 -.751370E+01 0.363937E+02
 0.500000E+01 -.285456E+01 -.166331E+01 -.775073E+01 0.410904E+02
 0.500000E+01 -.289165E+01 -.171402E+01 -.766766E+01 0.353174E+02
 0.493233E+01 -.288225E+01 -.166873E+01 -.710866E+01 0.328232E+02
 0.494368E+01 -.288868E+01 -.172955E+01 -.754224E+01 0.360353E+02
 0.498919E+01 -.288297E+01 -.166106E+01 -.751952E+01 0.327851E+02
 0.493379E+01 -.288425E+01 -.167625E+01 -.728361E+01 0.329121E+02
 0.480196E+01 -.288086E+01 -.166027E+01 -.748308E+01 0.328665E+02
 0.494229E+01 -.288557E+01 -.166280E+01 -.757513E+01 0.327958E+02
 0.497082E+01 -.288392E+01 -.166073E+01 -.780480E+01 0.327801E+02
 0.490690E+01 -.288355E+01 -.166106E+01 -.757627E+01 0.327756E+02
 0.422292E+01 -.288645E+01 -.165231E+01 -.693494E+01 0.328685E+02
 0.500000E+01 -.286941E+01 -.167420E+01 -.771983E+01 0.347186E+02
 0.495544E+01 -.288384E+01 -.165976E+01 -.751583E+01 0.327720E+02
 0.490181E+01 -.288515E+01 -.166156E+01 -.703486E+01 0.327941E+02
 0.493757E+01 -.287760E+01 -.166350E+01 -.724210E+01 0.331428E+02
 0.400185E+01 -.288397E+01 -.165559E+01 -.750747E+01 0.327955E+02
 0.495921E+01 -.288057E+01 -.155772E+01 -.672056E+01 0.384618E+02
 0.494786E+01 -.288428E+01 -.165945E+01 -.752378E+01 0.327718E+02
 0.493341E+01 -.286716E+01 -.167381E+01 -.729657E+01 0.353528E+02
 0.496325E+01 -.288288E+01 -.165436E+01 -.696680E+01 0.328172E+02
 0.493770E+01 -.288245E+01 -.166021E+01 -.753013E+01 0.327969E+02
 0.495409E+01 -.288357E+01 -.165298E+01 -.550000E+01 0.328174E+02
 0.490253E+01 -.286859E+01 -.169689E+01 -.684715E+01 0.352415E+02
 0.493634E+01 -.288421E+01 -.174761E+01 -.774193E+01 0.372936E+02
 0.498362E+01 -.288291E+01 -.162769E+01 -.751880E+01 0.334104E+02
 0.496637E+01 -.288381E+01 -.165992E+01 -.759507E+01 0.327776E+02
 0.494291E+01 -.288718E+01 -.166123E+01 -.742907E+01 0.328642E+02
 0.482714E+01 -.288510E+01 -.166186E+01 -.550000E+01 0.327949E+02
 0.481507E+01 -.288382E+01 -.165348E+01 -.753667E+01 0.328085E+02
 0.491795E+01 -.288695E+01 -.154428E+01 -.754080E+01 0.392048E+02
 0.491369E+01 -.288388E+01 -.163984E+01 -.740730E+01 0.330192E+02
 0.491899E+01 -.288130E+01 -.168219E+01 -.638998E+01 0.330390E+02
 0.489522E+01 -.288460E+01 -.164596E+01 -.751709E+01 0.329430E+02
 0.488335E+01 -.287132E+01 -.166826E+01 -.730871E+01 0.342364E+02
 0.381685E+01 -.289096E+01 -.171065E+01 -.776044E+01 0.349983E+02
 0.337756E+01 -.288113E+01 -.152935E+01 -.898436E+01 0.414533E+02
 0.391403E+01 -.286986E+01 -.165274E+01 -.793807E+01 0.348132E+02
 0.492405E+01 -.288376E+01 -.164102E+01 -.753100E+01 0.329959E+02
 0.353971E+01 -.288901E+01 -.165426E+01 -.746709E+01 0.330072E+02
 0.493759E+01 -.288035E+01 -.171300E+01 -.958213E+01 0.342838E+02
 0.494474E+01 -.288677E+01 -.165991E+01 -.749863E+01 0.328396E+02
 0.492892E+01 -.288679E+01 -.159079E+01 -.753474E+01 0.352006E+02
 0.496302E+01 -.286656E+01 -.165949E+01 -.761382E+01 0.357011E+02
 0.483702E+01 -.291366E+01 -.167027E+01 -.107500E+02 0.412514E+02
 0.494354E+01 -.288409E+01 -.166078E+01 -.751790E+01 0.327681E+02
 0.500000E+01 -.288299E+01 -.166048E+01 -.732217E+01 0.327843E+02
 0.494457E+01 -.288342E+01 -.166048E+01 -.761231E+01 0.327715E+02
 0.452315E+01 -.288405E+01 -.165614E+01 -.784596E+01 0.327920E+02
 0.500000E+01 -.288303E+01 -.175216E+01 -.815550E+01 0.376958E+02
 0.495527E+01 -.288431E+01 -.166087E+01 -.752286E+01 0.327756E+02
 0.490618E+01 -.288243E+01 -.166103E+01 -.720391E+01 0.327995E+02
 0.489598E+01 -.288916E+01 -.161208E+01 -.714754E+01 0.341317E+02
 0.494124E+01 -.288393E+01 -.166083E+01 -.752083E+01 0.327747E+02
 0.471013E+01 -.287639E+01 -.179283E+01 -.651502E+01 0.432191E+02
 0.391409E+01 -.289181E+01 -.166016E+01 -.782718E+01 0.333581E+02
 0.459722E+01 -.287364E+01 -.155150E+01 -.708477E+01 0.406435E+02
 0.486118E+01 -.287360E+01 -.166475E+01 -.888464E+01 0.337672E+02
 0.490581E+01 -.288399E+01 -.165912E+01 -.752622E+01 0.327800E+02
 0.500000E+01 -.288761E+01 -.165933E+01 -.750371E+01 0.328941E+02
 0.492692E+01 -.287312E+01 -.166182E+01 -.751590E+01 0.338743E+02
 0.494865E+01 -.288163E+01 -.165423E+01 -.775442E+01 0.328644E+02
 0.500000E+01 -.288604E+01 -.157253E+01 -.966154E+01 0.365986E+02
 0.499636E+01 -.289193E+01 -.167380E+01 -.852717E+01 0.335395E+02
 0.412882E+01 -.290393E+01 -.166239E+01 -.767632E+01 0.365169E+02
 0.493799E+01 -.288671E+01 -.166110E+01 -.751919E+01 0.328476E+02
 0.496104E+01 -.288362E+01 -.166996E+01 -.775227E+01 0.328185E+02
 0.497927E+01 -.288350E+01 -.162886E+01 -.761526E+01 0.333438E+02
 0.479660E+01 -.288397E+01 -.166288E+01 -.745994E+01 0.327723E+02
 0.449778E+01 -.288307E+01 -.165382E+01 -.613020E+01 0.328297E+02
 0.494889E+01 -.289647E+01 -.166172E+01 -.769364E+01 0.342235E+02
 0.500000E+01 -.289921E+01 -.166686E+01 -.843274E+01 0.350168E+02
 0.492977E+01 -.290446E+01 -.166182E+01 -.672414E+01 0.366687E+02
 0.471684E+01 -.288404E+01 -.166158E+01 -.785167E+01 0.327720E+02
 0.447096E+01 -.288187E+01 -.173835E+01 -.735799E+01 0.362025E+02
 0.500000E+01 -.288872E+01 -.168069E+01 -.877750E+01 0.332855E+02
 0.486635E+01 -.289789E+01 -.158983E+01 -.744173E+01 0.363432E+02
 0.499541E+01 -.291072E+01 -.167478E+01 -.812963E+01 0.397447E+02
 0.492381E+01 -.288477E+01 -.163457E+01 -.746949E+01 0.331375E+02
 0.491794E+01 -.288428E+01 -.166565E+01 -.752223E+01 0.327920E+02
 0.491973E+01 -.288273E+01 -.160988E+01 -.741753E+01 0.342072E+02
 0.493069E+01 -.288793E+01 -.161816E+01 -.743318E+01 0.337461E+02
 0.451042E+01 -.287286E+01 -.160982E+01 -.806194E+01 0.358191E+02
 0.492972E+01 -.289198E+01 -.165831E+01 -.761362E+01 0.333588E+02
 0.496300E+01 -.288387E+01 -.165876E+01 -.752639E+01 0.327763E+02
 0.494452E+01 -.288464E+01 -.160091E+01 -.738970E+01 0.346104E+02
 0.476942E+01 -.288541E+01 -.166163E+01 -.713086E+01 0.327903E+02
 0.490702E+01 -.286273E+01 -.168599E+01 -.668648E+01 0.369446E+02
 0.494082E+01 -.289922E+01 -.166297E+01 -.747169E+01 0.349717E+02
 0.500000E+01 -.288496E+01 -.166173E+01 -.752368E+01 0.327860E+02
 0.492646E+01 -.288413E+01 -.168121E+01 -.690970E+01 0.330049E+02
 0.485972E+01 -.289041E+01 -.166605E+01 -.750035E+01 0.332159E+02
 0.494159E+01 -.287992E+01 -.166171E+01 -.698950E+01 0.329242E+02
 0.484754E+01 -.288393E+01 -.166062E+01 -.740148E+01 0.327817E+02
 0.493002E+01 -.288420E+01 -.166149E+01 -.617125E+01 0.327745E+02
 0.488665E+01 -.288521E+01 -.166158E+01 -.661169E+01 0.327917E+02
 0.438597E+01 -.285718E+01 -.167685E+01 -.719072E+01 0.394321E+02
 0.496783E+01 -.288431E+01 -.166431E+01 -.751975E+01 0.327838E+02
 0.490103E+01 -.288556E+01 -.166140E+01 -.773951E+01 0.328000E+02
 0.500000E+01 -.288133E+01 -.166272E+01 -.681168E+01 0.328341E+02
 0.436162E+01 -.288397E+01 -.166169E+01 -.752965E+01 0.327936E+02
 0.495688E+01 -.288998E+01 -.170096E+01 -.738773E+01 0.342365E+02
 0.500000E+01 -.288502E+01 -.165629E+01 -.750972E+01 0.327930E+02
 0.500000E+01 -.287572E+01 -.167155E+01 -.781873E+01 0.333975E+02
 0.495099E+01 -.288489E+01 -.166010E+01 -.716495E+01 0.327826E+02
 0.494046E+01 -.288932E+01 -.166223E+01 -.752546E+01 0.330531E+02
 0.494860E+01 -.288384E+01 -.164281E+01 -.801328E+01 0.329534E+02
 0.500000E+01 -.288096E+01 -.167311E+01 -.751634E+01 0.329030E+02
 0.494854E+01 -.288405E+01 -.160546E+01 -.754074E+01 0.343723E+02
 0.499561E+01 -.288386E+01 -.166404E+01 -.748552E+01 0.327748E+02
 0.485893E+01 -.288170E+01 -.166090E+01 -.749836E+01 0.328266E+02
 0.489024E+01 -.285311E+01 -.163390E+01 -.670745E+01 0.431550E+02
 0.488800E+01 -.288490E+01 -.166180E+01 -.107500E+02 0.327851E+02
 0.307855E+01 -.291957E+01 -.163916E+01 -.788889E+01 0.439038E+02
 0.482305E+01 -.288390E+01 -.166087E+01 -.747800E+01 0.327775E+02
 0.491087E+01 -.288398E+01 -.172778E+01 -.756932E+01 0.353886E+02
 0.488063E+01 -.288425E+01 -.162417E+01 -.729434E+01 0.334874E+02
 0.363165E+01 -.288582E+01 -.175218E+01 -.791991E+01 0.380001E+02
 0.498549E+01 -.288305E+01 -.169073E+01 -.753079E+01 0.332487E+02
 0.484173E+01 -.288757E+01 -.166978E+01 -.743184E+01 0.330292E+02
 0.493654E+01 -.288080E+01 -.166323E+01 -.741464E+01 0.328634E+02
 0.388583E+01 -.289005E+01 -.162692E+01 -.768503E+01 0.335508E+02
 0.486619E+01 -.287969E+01 -.164160E+01 -.802663E+01 0.332273E+02
 0.494545E+01 -.288412E+01 -.165150E+01 -.753342E+01 0.328203E+02
 0.485620E+01 -.288661E+01 -.165348E+01 -.792197E+01 0.328590E+02
 0.493076E+01 -.288477E+01 -.166154E+01 -.714654E+01 0.327800E+02
 0.494863E+01 -.288387E+01 -.165960E+01 -.748089E+01 0.327710E+02
 0.495766E+01 -.288177E+01 -.156021E+01 -.754390E+01 0.380464E+02
 0.493765E+01 -.289146E+01 -.165973E+01 -.790069E+01 0.332960E+02
 0.478545E+01 -.285945E+01 -.168962E+01 -.115069E+02 0.383693E+02
 0.494340E+01 -.288374E+01 -.166137E+01 -.751179E+01 0.327685E+02
 0.485801E+01 -.288608E+01 -.165902E+01 -.707309E+01 0.328214E+02
 0.500000E+01 -.287373E+01 -.155296E+01 -.743832E+01 0.404690E+02
 0.494769E+01 -.288388E+01 -.166147E+01 -.755080E+01 0.327700E+02
 0.500000E+01 -.287704E+01 -.160854E+01 -.760741E+01 0.349904E+02
 0.500000E+01 -.288410E+01 -.164912E+01 -.747269E+01 0.328501E+02
 0.493951E+01 -.288235E+01 -.157691E+01 -.985723E+01 0.364827E+02
 0.467736E+01 -.289371E+01 -.165443E+01 -.708604E+01 0.336278E+02
 0.499504E+01 -.288344E+01 -.166096E+01 -.752396E+01 0.327770E+02
 0.500000E+01 -.288482E+01 -.166132E+01 -.800725E+01 0.327829E+02
 0.493883E+01 -.288878E+01 -.158411E+01 -.831720E+01 0.356871E+02
 0.480490E+01 -.290121E+01 -.174014E+01 -.754845E+01 0.404618E+02
 0.485879E+01 -.288713E+01 -.158620E+01 -.752174E+01 0.355167E+02
 0.494656E+01 -.288392E+01 -.166093E+01 -.758986E+01 0.327699E+02
 0.476068E+01 -.287848E+01 -.166140E+01 -.905038E+01 0.330665E+02
 0.468886E+01 -.289809E+01 -.150494E+01 -.751867E+01 0.442444E+02
 0.494685E+01 -.287117E+01 -.166547E+01 -.750557E+01 0.342912E+02
 0.466091E+01 -.286358E+01 -.172156E+01 -.797903E+01 0.377061E+02
 0.492251E+01 -.288416E+01 -.165752E+01 -.873623E+01 0.327810E+02
 0.492144E+01 -.288398E+01 -.166012E+01 -.751679E+01 0.327745E+02
 0.350000E+01 -.288238E+01 -.166027E+01 -.751958E+01 0.328104E+02
 0.485281E+01 -.287857E+01 -.175584E+01 -.743066E+01 0.379855E+02
 0.488882E+01 -.289467E+01 -.166232E+01 -.750525E+01 0.338634E+02
 0.496191E+01 -.290540E+01 -.164613E+01 -.771892E+01 0.368586E+02
 0.482338E+01 -.288482E+01 -.164307E+01 -.747181E+01 0.329437E+02
 0.492369E+01 -.289252E+01 -.168440E+01 -.782624E+01 0.339545E+02
 0.500000E+01 -.290904E+01 -.160483E+01 -.628544E+01 0.390207E+02
 0.262882E+01 -.287385E+01 -.165649E+01 -.750473E+01 0.339429E+02
 0.494130E+01 -.288314E+01 -.166015E+01 -.753036E+01 0.327816E+02
 0.361749E+01 -.286275E+01 -.167130E+01 -.840177E+01 0.369384E+02
 0.495332E+01 -.288369E+01 -.166514E+01 -.692125E+01 0.327844E+02
 0.494440E+01 -.288407E+01 -.164577E+01 -.804697E+01 0.328937E+02
 0.480018E+01 -.288394E+01 -.166291E+01 -.742121E+01 0.327723E+02
 0.500000E+01 -.288606E+01 -.167353E+01 -.550000E+01 0.329226E+02
 0.496203E+01 -.288775E+01 -.165996E+01 -.771200E+01 0.329057E+02
 0.492821E+01 -.290653E+01 -.166210E+01 -.932821E+01 0.374894E+02
 0.500000E+01 -.288389E+01 -.166162E+01 -.731430E+01 0.327763E+02
 0.432001E+01 -.288144E+01 -.173563E+01 -.697973E+01 0.359578E+02
 0.472939E+01 -.287247E+01 -.166796E+01 -.861720E+01 0.339667E+02
 0.479168E+01 -.288979E+01 -.159122E+01 -.740420E+01 0.352380E+02
 0.492562E+01 -.288396E+01 -.164617E+01 -.752694E+01 0.329021E+02
 0.493165E+01 -.288412E+01 -.165795E+01 -.759510E+01 0.327775E+02
 0.479776E+01 -.288405E+01 -.160527E+01 -.767666E+01 0.343851E+02
 0.492876E+01 -.288516E+01 -.168636E+01 -.747137E+01 0.331779E+02
 0.497716E+01 -.288574E+01 -.169375E+01 -.874975E+01 0.334658E+02
 0.500000E+01 -.288622E+01 -.167765E+01 -.739693E+01 0.330103E+02
 0.500000E+01 -.289600E+01 -.165160E+01 -.752879E+01 0.340671E+02
 0.494109E+01 -.288397E+01 -.165875E+01 -.750730E+01 0.327776E+02
 0.494114E+01 -.288166E+01 -.167836E+01 -.714243E+01 0.329578E+02
 0.488454E+01 -.290714E+01 -.166186E+01 -.786295E+01 0.377511E+02
 0.493696E+01 -.286472E+01 -.165660E+01 -.764555E+01 0.364013E+02
 0.441823E+01 -.287108E+01 -.161726E+01 -.747746E+01 0.358526E+02
 0.494178E+01 -.290181E+01 -.160523E+01 -.749049E+01 0.365087E+02
 0.465668E+01 -.288540E+01 -.165910E+01 -.752670E+01 0.328633E+02
 0.490969E+01 -.288386E+01 -.164701E+01 -.835616E+01 0.328826E+02
 0.490722E+01 -.289080E+01 -.166607E+01 -.751777E+01 0.332569E+02
 0.494206E+01 -.288267E+01 -.166053E+01 -.738243E+01 0.327879E+02
 0.468813E+01 -.288395E+01 -.166165E+01 -.720371E+01 0.327761E+02
 0.497398E+01 -.288392E+01 -.166143E+01 -.627513E+01 0.327760E+02
 0.500000E+01 -.288129E+01 -.166863E+01 -.653079E+01 0.328511E+02
 0.450806E+01 -.289459E+01 -.166722E+01 -.648699E+01 0.339110E+02
 0.494533E+01 -.288410E+01 -.166407E+01 -.752325E+01 0.327752E+02
 0.490601E+01 -.288423E+01 -.166186E+01 -.789234E+01 0.327807E+02
 0.494735E+01 -.288930E+01 -.166060E+01 -.708603E+01 0.330324E+02
 0.500000E+01 -.288391E+01 -.166576E+01 -.754109E+01 0.327839E+02
 0.496415E+01 -.288931E+01 -.174912E+01 -.613639E+01 0.381361E+02
 0.494043E+01 -.286246E+01 -.164800E+01 -.734791E+01 0.375538E+02
 0.491376E+01 -.288411E+01 -.166228E+01 -.751498E+01 0.327807E+02
 0.500000E+01 -.285142E+01 -.165112E+01 -.727735E+01 0.434214E+02
 0.493011E+01 -.289005E+01 -.164875E+01 -.550000E+01 0.331410E+02
 0.493403E+01 -.288549E+01 -.166511E+01 -.782149E+01 0.328084E+02
 0.493516E+01 -.288836E+01 -.166134E+01 -.752953E+01 0.329599E+02
 0.494774E+01 -.288427E+01 -.166403E+01 -.729521E+01 0.327752E+02
 0.467905E+01 -.289552E+01 -.163661E+01 -.754420E+01 0.340906E+02
 0.495222E+01 -.288500E+01 -.161940E+01 -.755625E+01 0.336770E+02
 0.496599E+01 -.288399E+01 -.166398E+01 -.746123E+01 0.327799E+02
 0.451167E+01 -.287891E+01 -.166004E+01 -.755089E+01 0.330210E+02
 0.500000E+01 -.288354E+01 -.165926E+01 -.144736E+02 0.327787E+02
 0.497177E+01 -.288396E+01 -.166536E+01 -.746854E+01 0.327872E+02
 0.490329E+01 -.288434E+01 -.167064E+01 -.709948E+01 0.328259E+02
 0.498348E+01 -.288362E+01 -.169468E+01 -.752939E+01 0.334001E+02
 0.482154E+01 -.289690E+01 -.166214E+01 -.755984E+01 0.343205E+02
 0.446831E+01 -.287870E+01 -.157331E+01 -.743607E+01 0.373418E+02
 0.350000E+01 -.288535E+01 -.177564E+01 -.668140E+01 0.410552E+02
 0.500000E+01 -.289420E+01 -.166113E+01 -.697906E+01 0.337483E+02
 0.495821E+01 -.288439E+01 -.167470E+01 -.753155E+01 0.328805E+02
 0.317125E+01 -.290311E+01 -.165935E+01 -.763178E+01 0.361350E+02
 0.500000E+01 -.287775E+01 -.166567E+01 -.838087E+01 0.331227E+02
 0.494330E+01 -.288748E+01 -.162007E+01 -.550000E+01 0.336515E+02
 0.494956E+01 -.288169E+01 -.166045E+01 -.751728E+01 0.328215E+02
 0.490731E+01 -.287341E+01 -.163522E+01 -.748160E+01 0.344338E+02
 0.489252E+01 -.290227E+01 -.166087E+01 -.785217E+01 0.358595E+02
 0.494314E+01 -.288383E+01 -.166149E+01 -.751802E+01 0.327682E+02
 0.500000E+01 -.288374E+01 -.165834E+01 -.743647E+01 0.327797E+02
 0.494866E+01 -.288431E+01 -.166180E+01 -.746564E+01 0.327708E+02
 0.350000E+01 -.290536E+01 -.170809E+01 -.754007E+01 0.391558E+02
 0.454652E+01 -.288383E+01 -.165932E+01 -.736985E+01 0.327798E+02
 0.497525E+01 -.288435E+01 -.152771E+01 -.891320E+01 0.412305E+02
 0.495353E+01 -.288348E+01 -.166048E+01 -.752195E+01 0.327763E+02
 0.485496E+01 -.288404E+01 -.166051E+01 -.671498E+01 0.327749E+02
 0.482036E+01 -.286906E+01 -.170800E+01 -.748108E+01 0.354888E+02
 0.494633E+01 -.288394E+01 -.166107E+01 -.748304E+01 0.327699E+02
 0.500000E+01 -.287233E+01 -.165822E+01 -.909062E+01 0.341021E+02
 0.475515E+01 -.286701E+01 -.175451E+01 -.697465E+01 0.392541E+02
 0.499856E+01 -.289232E+01 -.165319E+01 -.828498E+01 0.333994E+02
 0.497713E+01 -.288392E+01 -.166078E+01 -.750284E+01 0.327741E+02
 0.406985E+01 -.287942E+01 -.166040E+01 -.752554E+01 0.329703E+02
 0.490788E+01 -.289834E+01 -.166244E+01 -.750589E+01 0.347091E+02
 0.457426E+01 -.287407E+01 -.167798E+01 -.686519E+01 0.337087E+02
 0.488736E+01 -.288080E+01 -.162505E+01 -.661257E+01 0.336538E+02
 0.200000E+01 -.287966E+01 -.165225E+01 -.730735E+01 0.335107E+02
 0.494853E+01 -.288083E+01 -.165979E+01 -.752905E+01 0.328681E+02
 0.493682E+01 -.288378E+01 -.165979E+01 -.951095E+01 0.327760E+02
 0.497844E+01 -.288428E+01 -.168613E+01 -.835302E+01 0.331294E+02
 0.494585E+01 -.288399E+01 -.165798E+01 -.746641E+01 0.327752E+02
 0.428504E+01 -.288379E+01 -.166700E+01 -.107374E+02 0.327962E+02
 0.494080E+01 -.287709E+01 -.166048E+01 -.930377E+01 0.332218E+02
 0.384855E+01 -.288475E+01 -.162182E+01 -.631613E+01 0.335818E+02
 0.492999E+01 -.286596E+01 -.166102E+01 -.879715E+01 0.358754E+02
 0.464508E+01 -.288397E+01 -.166098E+01 -.778704E+01 0.327867E+02
 0.447008E+01 -.288310E+01 -.156316E+01 -.706107E+01 0.376552E+02
 0.480015E+01 -.286302E+01 -.166179E+01 -.804136E+01 0.369861E+02
 0.491044E+01 -.287953E+01 -.170855E+01 -.758413E+01 0.340610E+02
 0.494297E+01 -.288309E+01 -.167497E+01 -.754554E+01 0.328715E+02
 0.495878E+01 -.288379E+01 -.165636E+01 -.761532E+01 0.327861E+02
 0.484560E+01 -.288453E+01 -.164856E+01 -.746737E+01 0.328631E+02
 0.494084E+01 -.288267E+01 -.169315E+01 -.764255E+01 0.333358E+02
 0.500000E+01 -.289218E+01 -.170893E+01 -.834230E+01 0.350757E+02
 0.426315E+01 -.287631E+01 -.164717E+01 -.745304E+01 0.335270E+02
 0.495595E+01 -.288420E+01 -.166215E+01 -.715274E+01 0.327773E+02
 0.495486E+01 -.288083E+01 -.172541E+01 -.712079E+01 0.351025E+02
 0.200000E+01 -.289166E+01 -.161203E+01 -.991291E+01 0.342060E+02
 0.500000E+01 -.290236E+01 -.166168E+01 -.813846E+01 0.359074E+02
 0.496197E+01 -.287741E+01 -.164480E+01 -.819551E+01 0.334217E+02
 0.494823E+01 -.289461E+01 -.171214E+01 -.752810E+01 0.358276E+02
 0.467502E+01 -.288380E+01 -.165929E+01 -.752145E+01 0.327805E+02
 0.492406E+01 -.288360E+01 -.165493E+01 -.790651E+01 0.327981E+02
 0.486646E+01 -.288476E+01 -.165077E+01 -.748306E+01 0.328371E+02
 0.494319E+01 -.288657E+01 -.166082E+01 -.752745E+01 0.328302E+02
 0.481606E+01 -.288393E+01 -.166161E+01 -.799532E+01 0.327740E+02
 0.498371E+01 -.288362E+01 -.166111E+01 -.739982E+01 0.327720E+02
 0.480346E+01 -.288266E+01 -.165793E+01 -.652093E+01 0.327955E+02
 0.463094E+01 -.291256E+01 -.165351E+01 -.550000E+01 0.401260E+02
 0.492677E+01 -.288374E+01 -.165777E+01 -.751828E+01 0.327834E+02
 0.495601E+01 -.288276E+01 -.166109E+01 -.759302E+01 0.327879E+02
 0.493530E+01 -.289216E+01 -.166159E+01 -.770116E+01 0.334125E+02
 0.458163E+01 -.288389E+01 -.166389E+01 -.753118E+01 0.327794E+02
 0.496069E+01 -.287961E+01 -.174564E+01 -.550000E+01 0.368821E+02
 0.488946E+01 -.288351E+01 -.166260E+01 -.753332E+01 0.327794E+02
 0.473648E+01 -.290199E+01 -.152516E+01 -.755665E+01 0.426606E+02
 0.498464E+01 -.289492E+01 -.163399E+01 -.846382E+01 0.340233E+02
 0.494126E+01 -.288280E+01 -.166445E+01 -.767407E+01 0.327894E+02
 0.493070E+01 -.287554E+01 -.165938E+01 -.752684E+01 0.334580E+02
 0.494598E+01 -.288408E+01 -.167666E+01 -.607881E+01 0.329054E+02
 0.457859E+01 -.287940E+01 -.163863E+01 -.685463E+01 0.333303E+02
 0.347128E+01 -.286945E+01 -.166128E+01 -.756384E+01 0.348056E+02
 0.500000E+01 -.288426E+01 -.172730E+01 -.756220E+01 0.353696E+02
 0.492312E+01 -.288393E+01 -.166032E+01 -.751596E+01 0.327769E+02
 0.488826E+01 -.288894E+01 -.165956E+01 -.755654E+01 0.330038E+02
 0.490693E+01 -.288284E+01 -.165893E+01 -.102817E+02 0.327908E+02
 0.376204E+01 -.289939E+01 -.165188E+01 -.619555E+01 0.349235E+02
 0.499304E+01 -.288393E+01 -.166303E+01 -.755236E+01 0.327703E+02
 0.498613E+01 -.288641E+01 -.152741E+01 -.747887E+01 0.411006E+02
 0.496408E+01 -.288423E+01 -.168416E+01 -.706479E+01 0.330748E+02
 0.376624E+01 -.288133E+01 -.151352E+01 -.703270E+01 0.433989E+02
 0.491336E+01 -.288452E+01 -.162879E+01 -.751364E+01 0.333151E+02
 0.495066E+01 -.288327E+01 -.165552E+01 -.751136E+01 0.328046E+02
 0.488030E+01 -.288385E+01 -.174380E+01 -.734066E+01 0.368583E+02
 0.401563E+01 -.287783E+01 -.166018E+01 -.669490E+01 0.331404E+02
 0.493199E+01 -.288392E+01 -.168230E+01 -.749253E+01 0.330231E+02
 0.427287E+01 -.287373E+01 -.166153E+01 -.836986E+01 0.337570E+02
 0.493696E+01 -.288254E+01 -.162729E+01 -.104312E+02 0.334381E+02
 0.494206E+01 -.288125E+01 -.166195E+01 -.754109E+01 0.328398E+02
 0.489880E+01 -.287809E+01 -.179372E+01 -.745629E+01 0.433661E+02
 0.486615E+01 -.288998E+01 -.165985E+01 -.700225E+01 0.331170E+02
 0.500000E+01 -.290292E+01 -.167953E+01 -.805010E+01 0.365801E+02
 0.431575E+01 -.285487E+01 -.165727E+01 -.885897E+01 0.410355E+02
 0.494294E+01 -.288408E+01 -.166119E+01 -.752814E+01 0.327681E+02
 0.487353E+01 -.288241E+01 -.166183E+01 -.758799E+01 0.327976E+02
 0.494311E+01 -.289072E+01 -.156112E+01 -.736131E+01 0.378187E+02
 0.494106E+01 -.288384E+01 -.166127E+01 -.747734E+01 0.327747E+02
 0.396486E+01 -.288768E+01 -.168140E+01 -.751862E+01 0.332174E+02
 0.427078E+01 -.288363E+01 -.166913E+01 -.773729E+01 0.328072E+02
 0.500000E+01 -.288624E+01 -.170842E+01 -.847965E+01 0.342089E+02
 0.457384E+01 -.285709E+01 -.167431E+01 -.706901E+01 0.394869E+02
 0.492151E+01 -.288368E+01 -.166073E+01 -.752068E+01 0.327747E+02
 0.473588E+01 -.288317E+01 -.166014E+01 -.635998E+01 0.327841E+02
 0.480252E+01 -.286118E+01 -.176312E+01 -.731399E+01 0.418186E+02
 0.494252E+01 -.288393E+01 -.166094E+01 -.735033E+01 0.327680E+02
 0.420947E+01 -.287764E+01 -.165588E+01 -.550000E+01 0.331957E+02
 0.495403E+01 -.291031E+01 -.166458E+01 -.799726E+01 0.392253E+02
 0.489857E+01 -.289804E+01 -.169053E+01 -.672353E+01 0.355848E+02
 0.496123E+01 -.289088E+01 -.165843E+01 -.725382E+01 0.332090E+02
 0.494325E+01 -.288390E+01 -.166105E+01 -.749797E+01 0.327680E+02
 0.500000E+01 -.288183E+01 -.165931E+01 -.750224E+01 0.328233E+02
 0.462020E+01 -.290227E+01 -.175147E+01 -.761201E+01 0.423241E+02
 0.493566E+01 -.288315E+01 -.154681E+01 -.732438E+01 0.392311E+02
 0.492148E+01 -.287898E+01 -.166122E+01 -.754767E+01 0.330031E+02
 0.466204E+01 -.285916E+01 -.169089E+01 -.661422E+01 0.384898E+02
 0.486098E+01 -.288123E+01 -.177656E+01 -.764848E+01 0.407714E+02
 0.498469E+01 -.287505E+01 -.161906E+01 -.724858E+01 0.347947E+02
 0.379122E+01 -.285537E+01 -.167037E+01 -.662554E+01 0.405039E+02
 0.350000E+01 -.289606E+01 -.165875E+01 -.743508E+01 0.341144E+02
 0.494410E+01 -.287906E+01 -.166054E+01 -.751920E+01 0.330002E+02
 0.481615E+01 -.290335E+01 -.166508E+01 -.829143E+01 0.363396E+02
 0.494148E+01 -.288392E+01 -.166138E+01 -.112448E+02 0.327747E+02
 0.498699E+01 -.288339E+01 -.171402E+01 -.779363E+01 0.343726E+02
 0.489897E+01 -.288401E+01 -.165815E+01 -.753218E+01 0.327766E+02
 0.500000E+01 -.288092E+01 -.165392E+01 -.113991E+02 0.329091E+02
 0.494892E+01 -.288060E+01 -.166150E+01 -.100673E+02 0.328775E+02
 0.457623E+01 -.288409E+01 -.166088E+01 -.791479E+01 0.327751E+02
 0.498467E+01 -.288534E+01 -.171891E+01 -.733812E+01 0.348184E+02
 0.500000E+01 -.289412E+01 -.165884E+01 -.684876E+01 0.337157E+02
 0.491983E+01 -.287964E+01 -.173546E+01 -.768930E+01 0.359289E+02
 0.495286E+01 -.288342E+01 -.169075E+01 -.751979E+01 0.332536E+02
 0.495458E+01 -.288388E+01 -.165875E+01 -.760431E+01 0.327739E+02
 0.495840E+01 -.288422E+01 -.169006E+01 -.729673E+01 0.332544E+02
 0.495340E+01 -.288357E+01 -.167825E+01 -.762304E+01 0.329361E+02
 0.431159E+01 -.287902E+01 -.163135E+01 -.820937E+01 0.336061E+02
 0.444437E+01 -.286543E+01 -.165116E+01 -.747815E+01 0.362941E+02
 0.496215E+01 -.288401E+01 -.166253E+01 -.702327E+01 0.327765E+02
 0.496162E+01 -.288300E+01 -.173022E+01 -.733166E+01 0.355357E+02
 0.483914E+01 -.286645E+01 -.166399E+01 -.797788E+01 0.356644E+02
 0.500000E+01 -.289013E+01 -.175026E+01 -.668772E+01 0.384205E+02
 0.495027E+01 -.289311E+01 -.165437E+01 -.845803E+01 0.335293E+02
 0.495037E+01 -.287195E+01 -.167751E+01 -.751524E+01 0.341124E+02
 0.500000E+01 -.288269E+01 -.165998E+01 -.752009E+01 0.327919E+02
 0.494913E+01 -.288381E+01 -.166925E+01 -.740008E+01 0.328031E+02
 0.479538E+01 -.288003E+01 -.166399E+01 -.745203E+01 0.329141E+02
 0.494419E+01 -.288426E+01 -.166178E+01 -.719555E+01 0.327692E+02
 0.487167E+01 -.288393E+01 -.166043E+01 -.841371E+01 0.327795E+02
 0.495409E+01 -.288341E+01 -.166084E+01 -.846828E+01 0.327825E+02
 0.442500E+01 -.288534E+01 -.165442E+01 -.556398E+01 0.328166E+02
 0.499512E+01 -.288062E+01 -.166186E+01 -.929673E+01 0.328732E+02
 0.494715E+01 -.288363E+01 -.165694E+01 -.751671E+01 0.327819E+02
 0.493776E+01 -.288298E+01 -.166127E+01 -.739076E+01 0.327830E+02
 0.500000E+01 -.287977E+01 -.166336E+01 -.805681E+01 0.329316E+02
 0.433054E+01 -.288388E+01 -.166020E+01 -.752289E+01 0.327785E+02
 0.494620E+01 -.287327E+01 -.169579E+01 -.892477E+01 0.341990E+02
 0.493743E+01 -.287955E+01 -.168520E+01 -.762694E+01 0.331891E+02
 0.496314E+01 -.288368E+01 -.165699E+01 -.752578E+01 0.327841E+02
 0.485263E+01 -.288093E+01 -.159307E+01 -.811506E+01 0.354043E+02
 0.499259E+01 -.288089E+01 -.163977E+01 -.678871E+01 0.331630E+02
 0.495650E+01 -.288506E+01 -.165905E+01 -.742690E+01 0.327855E+02
 0.493477E+01 -.287434E+01 -.166022E+01 -.752335E+01 0.336545E+02
 0.494830E+01 -.288392E+01 -.164519E+01 -.550000E+01 0.329086E+02
 0.500000E+01 -.286883E+01 -.166074E+01 -.685257E+01 0.349678E+02
 0.495305E+01 -.288412E+01 -.170943E+01 -.753088E+01 0.341260E+02
 0.498125E+01 -.288389E+01 -.165998E+01 -.755784E+01 0.327718E+02
 0.480631E+01 -.289062E+01 -.166007E+01 -.751079E+01 0.331751E+02
 0.490248E+01 -.288314E+01 -.166148E+01 -.824303E+01 0.327792E+02
 0.496750E+01 -.288390E+01 -.165894E+01 -.759902E+01 0.327793E+02
 0.496556E+01 -.288412E+01 -.169365E+01 -.750899E+01 0.333792E+02
 0.290799E+01 -.288492E+01 -.171313E+01 -.729583E+01 0.344914E+02
 0.490681E+01 -.288471E+01 -.161768E+01 -.752121E+01 0.337383E+02
 0.500000E+01 -.287279E+01 -.165772E+01 -.747347E+01 0.340056E+02
 0.494025E+01 -.288762E+01 -.166448E+01 -.778532E+01 0.329200E+02
 0.459998E+01 -.289115E+01 -.172742E+01 -.778365E+01 0.362777E+02
 0.500000E+01 -.288369E+01 -.175936E+01 -.670429E+01 0.386039E+02
 0.499721E+01 -.286119E+01 -.176088E+01 -.994057E+01 0.415692E+02
 0.394901E+01 -.287912E+01 -.166016E+01 -.701711E+01 0.330040E+02
 0.492240E+01 -.288388E+01 -.166927E+01 -.750436E+01 0.328164E+02
 0.451301E+01 -.287773E+01 -.165511E+01 -.726858E+01 0.331944E+02
 0.493405E+01 -.288309E+01 -.168420E+01 -.651299E+01 0.330674E+02
 0.494229E+01 -.288270E+01 -.166038E+01 -.750055E+01 0.327845E+02
 0.493004E+01 -.288526E+01 -.170525E+01 -.752859E+01 0.339629E+02
 0.481034E+01 -.285855E+01 -.166642E+01 -.899335E+01 0.389059E+02
 0.459098E+01 -.289155E+01 -.165603E+01 -.802604E+01 0.332879E+02
 0.495302E+01 -.286469E+01 -.166065E+01 -.720733E+01 0.363471E+02
 0.484113E+01 -.291785E+01 -.164696E+01 -.848717E+01 0.430949E+02
 0.494287E+01 -.288390E+01 -.166077E+01 -.752852E+01 0.327681E+02
 0.494721E+01 -.288363E+01 -.166423E+01 -.719162E+01 0.327745E+02
 0.493925E+01 -.288356E+01 -.166092E+01 -.759261E+01 0.327760E+02
 0.487729E+01 -.287163E+01 -.165267E+01 -.750272E+01 0.343491E+02
 0.474276E+01 -.288380E+01 -.166093E+01 -.817489E+01 0.327726E+02
 0.500000E+01 -.288491E+01 -.166192E+01 -.778043E+01 0.327853E+02
 0.490452E+01 -.288405E+01 -.166136E+01 -.752072E+01 0.327779E+02
 0.482511E+01 -.288355E+01 -.165942E+01 -.726031E+01 0.327804E+02
 0.492904E+01 -.289363E+01 -.178225E+01 -.933025E+01 0.438466E+02
 0.492527E+01 -.289574E+01 -.165477E+01 -.756032E+01 0.340377E+02
 0.490802E+01 -.286829E+01 -.163754E+01 -.718674E+01 0.357524E+02
 0.493963E+01 -.288392E+01 -.166091E+01 -.730768E+01 0.327747E+02
 0.492366E+01 -.287763E+01 -.179167E+01 -.691828E+01 0.430244E+02
 0.461062E+01 -.288740E+01 -.166247E+01 -.984881E+01 0.329001E+02
 0.470317E+01 -.291414E+01 -.160308E+01 -.757763E+01 0.413941E+02
 0.487397E+01 -.287162E+01 -.166447E+01 -.674219E+01 0.341865E+02
 0.491625E+01 -.288391E+01 -.166131E+01 -.750552E+01 0.327774E+02
 0.350000E+01 -.288706E+01 -.165883E+01 -.749319E+01 0.328683E+02
 0.491202E+01 -.287427E+01 -.166126E+01 -.755199E+01 0.336590E+02
 0.500000E+01 -.288995E+01 -.167390E+01 -.694670E+01 0.332632E+02
 0.472727E+01 -.288806E+01 -.155541E+01 -.732698E+01 0.380764E+02
 0.498983E+01 -.288205E+01 -.165488E+01 -.806996E+01 0.328409E+02
 0.428724E+01 -.288845E+01 -.166650E+01 -.763416E+01 0.330043E+02
 0.439817E+01 -.288533E+01 -.174539E+01 -.762332E+01 0.371494E+02
 0.493920E+01 -.288320E+01 -.166116E+01 -.751818E+01 0.327797E+02
 0.448244E+01 -.290559E+01 -.170545E+01 -.797584E+01 0.390545E+02
 0.494529E+01 -.288403E+01 -.166253E+01 -.108488E+02 0.327710E+02
 0.497879E+01 -.288311E+01 -.169551E+01 -.748830E+01 0.334220E+02
 0.478441E+01 -.288392E+01 -.166477E+01 -.757785E+01 0.327778E+02
 0.456447E+01 -.288114E+01 -.165222E+01 -.614907E+01 0.329120E+02
 0.495549E+01 -.288584E+01 -.166185E+01 -.103759E+02 0.328088E+02
 0.500000E+01 -.288406E+01 -.166108E+01 -.759384E+01 0.327761E+02
 0.500000E+01 -.288171E+01 -.172149E+01 -.696781E+01 0.348254E+02
 0.482246E+01 -.288991E+01 -.166242E+01 -.895205E+01 0.331294E+02
 0.492613E+01 -.288318E+01 -.159407E+01 -.746721E+01 0.351259E+02
 0.493966E+01 -.288405E+01 -.166514E+01 -.747659E+01 0.327843E+02
 0.493412E+01 -.288401E+01 -.166215E+01 -.751300E+01 0.327752E+02
 0.497977E+01 -.288126E+01 -.169907E+01 -.731896E+01 0.335668E+02
 0.494795E+01 -.288492E+01 -.164426E+01 -.742155E+01 0.329156E+02
 0.417866E+01 -.287137E+01 -.161656E+01 -.911337E+01 0.358394E+02
 0.471002E+01 -.289464E+01 -.167214E+01 -.757801E+01 0.340071E+02
 0.479263E+01 -.287522E+01 -.166494E+01 -.751066E+01 0.334823E+02
 0.496349E+01 -.288399E+01 -.165920E+01 -.743009E+01 0.327767E+02
 0.493713E+01 -.288450E+01 -.161272E+01 -.753910E+01 0.339772E+02
 0.419096E+01 -.288892E+01 -.158785E+01 -.107500E+02 0.354273E+02
 0.485178E+01 -.287516E+01 -.166124E+01 -.813533E+01 0.334960E+02
 0.493049E+01 -.290028E+01 -.168778E+01 -.659983E+01 0.360278E+02
 0.493935E+01 -.287276E+01 -.163399E+01 -.750945E+01 0.346308E+02
 0.477391E+01 -.288444E+01 -.166164E+01 -.752540E+01 0.327728E+02
 0.491927E+01 -.288396E+01 -.167279E+01 -.755749E+01 0.328561E+02
 0.475015E+01 -.288903E+01 -.166928E+01 -.744723E+01 0.331156E+02
 0.494475E+01 -.288216E+01 -.166183E+01 -.729776E+01 0.327983E+02
 0.479417E+01 -.288394E+01 -.166113E+01 -.729954E+01 0.327706E+02
 0.493940E+01 -.288400E+01 -.166131E+01 -.829992E+01 0.327748E+02
 0.500000E+01 -.287043E+01 -.166152E+01 -.891661E+01 0.345166E+02
 0.471138E+01 -.288526E+01 -.166471E+01 -.550000E+01 0.328034E+02
 0.500000E+01 -.285591E+01 -.166734E+01 -.110746E+02 0.402362E+02
 0.495697E+01 -.288377E+01 -.165950E+01 -.751955E+01 0.327762E+02
 0.490858E+01 -.288558E+01 -.166157E+01 -.755900E+01 0.327967E+02
 0.491443E+01 -.287659E+01 -.166248E+01 -.716177E+01 0.332746E+02
 0.480682E+01 -.288391E+01 -.165730E+01 -.751562E+01 0.327788E+02
 0.494898E+01 -.288157E+01 -.163747E+01 -.910315E+01 0.331785E+02
 0.499528E+01 -.288494E+01 -.165433E+01 -.751371E+01 0.328011E+02
 0.492113E+01 -.286715E+01 -.178045E+01 -.800850E+01 0.423127E+02
 0.437856E+01 -.288456E+01 -.171551E+01 -.792760E+01 0.345294E+02
 0.496333E+01 -.287467E+01 -.168529E+01 -.570618E+01 0.337124E+02
 0.495315E+01 -.288670E+01 -.165805E+01 -.687477E+01 0.328428E+02
 0.494010E+01 -.289366E+01 -.166226E+01 -.753270E+01 0.336682E+02
 0.495484E+01 -.288386E+01 -.165435E+01 -.589078E+01 0.328031E+02
 0.453557E+01 -.288749E+01 -.167364E+01 -.787091E+01 0.330239E+02
 0.498306E+01 -.288490E+01 -.179972E+01 -.759717E+01 0.450220E+02
 0.495319E+01 -.288427E+01 -.157681E+01 -.755507E+01 0.363399E+02
 0.500000E+01 -.288390E+01 -.166041E+01 -.754927E+01 0.327747E+02
 0.453444E+01 -.288394E+01 -.166104E+01 -.746624E+01 0.327775E+02
 0.500000E+01 -.288505E+01 -.166031E+01 -.774245E+01 0.327847E+02
 0.334137E+01 -.289804E+01 -.166524E+01 -.865624E+01 0.346885E+02
 0.494365E+01 -.288394E+01 -.166168E+01 -.758173E+01 0.327682E+02
 0.495623E+01 -.288587E+01 -.177601E+01 -.754073E+01 0.411543E+02
 0.492496E+01 -.288392E+01 -.166394E+01 -.776784E+01 0.327763E+02
 0.435370E+01 -.288667E+01 -.174763E+01 -.775826E+01 0.375475E+02
 0.499445E+01 -.288369E+01 -.164540E+01 -.752830E+01 0.329094E+02
 0.487109E+01 -.287449E+01 -.165994E+01 -.746916E+01 0.336374E+02
 0.401373E+01 -.289075E+01 -.162861E+01 -.773802E+01 0.335932E+02
 0.500000E+01 -.288807E+01 -.165690E+01 -.764974E+01 0.329261E+02
 0.493563E+01 -.288423E+01 -.164818E+01 -.751856E+01 0.328602E+02
 0.463141E+01 -.289684E+01 -.166339E+01 -.711634E+01 0.343534E+02
 0.493138E+01 -.288597E+01 -.171859E+01 -.550000E+01 0.348461E+02
 0.494633E+01 -.288613E+01 -.165898E+01 -.748092E+01 0.328115E+02
 0.491809E+01 -.288557E+01 -.161411E+01 -.755562E+01 0.338888E+02
 0.500000E+01 -.286274E+01 -.166066E+01 -.771438E+01 0.371135E+02
 0.485466E+01 -.286588E+01 -.167585E+01 -.819786E+01 0.357664E+02
 0.494311E+01 -.288382E+01 -.166084E+01 -.751408E+01 0.327683E+02
 0.500000E+01 -.288462E+01 -.166607E+01 -.733093E+01 0.327926E+02
 0.498164E+01 -.287601E+01 -.156992E+01 -.785096E+01 0.381591E+02
 0.494471E+01 -.288369E+01 -.166141E+01 -.765253E+01 0.327688E+02
 0.500000E+01 -.289170E+01 -.165063E+01 -.750812E+01 0.333192E+02
 0.500000E+01 -.288397E+01 -.165454E+01 -.824180E+01 0.327965E+02
 0.490089E+01 -.288419E+01 -.160850E+01 -.986553E+01 0.342092E+02
 0.500000E+01 -.287855E+01 -.167073E+01 -.750395E+01 0.330520E+02
 0.492920E+01 -.288407E+01 -.166167E+01 -.752113E+01 0.327736E+02
 0.500000E+01 -.288419E+01 -.166022E+01 -.791816E+01 0.327750E+02
 0.497136E+01 -.288598E+01 -.156396E+01 -.731530E+01 0.373367E+02
 0.494614E+01 -.288393E+01 -.166102E+01 -.729747E+01 0.327699E+02
 0.500000E+01 -.288732E+01 -.166584E+01 -.783108E+01 0.329039E+02
 0.482358E+01 -.290663E+01 -.157246E+01 -.752189E+01 0.398463E+02
 0.495190E+01 -.288016E+01 -.165774E+01 -.727214E+01 0.329323E+02
 0.458854E+01 -.288771E+01 -.158788E+01 -.711766E+01 0.354029E+02
 0.489232E+01 -.287545E+01 -.165819E+01 -.821555E+01 0.335208E+02
 0.495514E+01 -.288392E+01 -.166128E+01 -.752396E+01 0.327746E+02
 0.500000E+01 -.288902E+01 -.166009E+01 -.749147E+01 0.330090E+02
 0.435877E+01 -.289161E+01 -.167294E+01 -.743910E+01 0.334740E+02
 0.491201E+01 -.288814E+01 -.166183E+01 -.753034E+01 0.329411E+02
 0.438982E+01 -.290556E+01 -.163656E+01 -.792672E+01 0.369343E+02
 0.476566E+01 -.288084E+01 -.151824E+01 -.598911E+01 0.429306E+02
 0.494797E+01 -.288814E+01 -.169239E+01 -.811794E+01 0.336062E+02
 0.500000E+01 -.287621E+01 -.166734E+01 -.778318E+01 0.333188E+02
 0.358006E+01 -.288738E+01 -.179456E+01 -.743846E+01 0.445115E+02
 0.494360E+01 -.288700E+01 -.166092E+01 -.753524E+01 0.328533E+02
 0.322621E+01 -.285905E+01 -.169779E+01 -.851345E+01 0.386703E+02
 0.494760E+01 -.288411E+01 -.166145E+01 -.584437E+01 0.327714E+02
 0.492244E+01 -.288347E+01 -.165200E+01 -.769993E+01 0.328257E+02
 0.473843E+01 -.288395E+01 -.166307E+01 -.756054E+01 0.327816E+02
 0.459560E+01 -.288213E+01 -.166721E+01 -.597962E+01 0.328199E+02
 0.494753E+01 -.288954E+01 -.166168E+01 -.101737E+02 0.330622E+02
 0.473149E+01 -.288397E+01 -.166163E+01 -.731893E+01 0.327768E+02
 0.418184E+01 -.287925E+01 -.160921E+01 -.691865E+01 0.346070E+02
 0.476113E+01 -.288491E+01 -.166339E+01 -.926191E+01 0.327833E+02
 0.487276E+01 -.289139E+01 -.154830E+01 -.735590E+01 0.388267E+02
 0.492995E+01 -.288421E+01 -.163999E+01 -.750565E+01 0.330073E+02
 0.495283E+01 -.288390E+01 -.166404E+01 -.745272E+01 0.327789E+02
 0.489530E+01 -.288209E+01 -.163910E+01 -.765341E+01 0.331512E+02
 0.492125E+01 -.288452E+01 -.164455E+01 -.734191E+01 0.329161E+02
 0.288268E+01 -.290405E+01 -.161620E+01 -.977101E+01 0.367637E+02
 0.454376E+01 -.288331E+01 -.167628E+01 -.871701E+01 0.328969E+02
 0.466029E+01 -.284947E+01 -.168547E+01 -.735941E+01 0.438510E+02
 0.500000E+01 -.289130E+01 -.166342E+01 -.750377E+01 0.332950E+02
 0.494865E+01 -.288413E+01 -.166010E+01 -.755320E+01 0.327700E+02
 0.493686E+01 -.288246E+01 -.163456E+01 -.761037E+01 0.332030E+02
 0.500000E+01 -.289169E+01 -.166075E+01 -.795252E+01 0.333278E+02
 0.495142E+01 -.287552E+01 -.178001E+01 -.637046E+01 0.412200E+02
 0.492496E+01 -.287481E+01 -.168842E+01 -.600400E+01 0.337502E+02
 0.493742E+01 -.288982E+01 -.164364E+01 -.750012E+01 0.331721E+02
 0.470921E+01 -.288457E+01 -.165949E+01 -.752733E+01 0.327775E+02
 0.491860E+01 -.288406E+01 -.166585E+01 -.800076E+01 0.327909E+02
 0.491820E+01 -.289211E+01 -.165540E+01 -.750997E+01 0.333828E+02
 0.494286E+01 -.288427E+01 -.166105E+01 -.765866E+01 0.327687E+02
 0.492321E+01 -.288394E+01 -.166165E+01 -.643497E+01 0.327771E+02
 0.496750E+01 -.288395E+01 -.166105E+01 -.703128E+01 0.327768E+02
 0.500000E+01 -.288300E+01 -.166678E+01 -.726634E+01 0.327914E+02
 0.486935E+01 -.286256E+01 -.166515E+01 -.802786E+01 0.370912E+02
 0.495739E+01 -.288407E+01 -.166250E+01 -.752135E+01 0.327727E+02
 0.490319E+01 -.288543E+01 -.166211E+01 -.781420E+01 0.327948E+02
 0.493171E+01 -.288198E+01 -.166154E+01 -.691978E+01 0.328073E+02
 0.494371E+01 -.288392E+01 -.165993E+01 -.751699E+01 0.327688E+02
 0.497262E+01 -.288899E+01 -.160187E+01 -.715743E+01 0.345768E+02
 0.494865E+01 -.288542E+01 -.166005E+01 -.752628E+01 0.327876E+02
 0.481100E+01 -.288484E+01 -.175311E+01 -.785403E+01 0.379613E+02
 0.497909E+01 -.289087E+01 -.168279E+01 -.753393E+01 0.336175E+02
 0.493479E+01 -.288459E+01 -.166401E+01 -.741014E+01 0.327848E+02
 0.494036E+01 -.288968E+01 -.166314E+01 -.753797E+01 0.330969E+02
 0.495876E+01 -.288395E+01 -.166880E+01 -.720229E+01 0.328037E+02
 0.472917E+01 -.289667E+01 -.167425E+01 -.743902E+01 0.345438E+02
 0.500000E+01 -.288444E+01 -.164541E+01 -.740606E+01 0.329017E+02
 0.499404E+01 -.288454E+01 -.154866E+01 -.755054E+01 0.389096E+02
 0.490317E+01 -.288391E+01 -.166087E+01 -.752147E+01 0.327730E+02
 0.438739E+01 -.287861E+01 -.166091E+01 -.750740E+01 0.330458E+02
 0.485295E+01 -.288449E+01 -.165822E+01 -.107423E+02 0.327817E+02
 0.484137E+01 -.291382E+01 -.166255E+01 -.750957E+01 0.411053E+02
 0.492429E+01 -.288395E+01 -.166364E+01 -.756108E+01 0.327762E+02
 0.491163E+01 -.288408E+01 -.163604E+01 -.783272E+01 0.331064E+02
 0.500000E+01 -.288386E+01 -.171525E+01 -.752655E+01 0.344675E+02
 0.499296E+01 -.288332E+01 -.166894E+01 -.752170E+01 0.328015E+02
 0.478254E+01 -.288276E+01 -.166106E+01 -.752850E+01 0.327852E+02
 0.493302E+01 -.286018E+01 -.166130E+01 -.727148E+01 0.381941E+02
 0.351743E+01 -.288206E+01 -.159870E+01 -.754999E+01 0.349164E+02
 0.499222E+01 -.288225E+01 -.179375E+01 -.734976E+01 0.436080E+02
 0.364922E+01 -.288508E+01 -.169409E+01 -.658499E+01 0.334507E+02
 0.412355E+01 -.288803E+01 -.164436E+01 -.792547E+01 0.330352E+02
 0.495329E+01 -.288433E+01 -.166463E+01 -.751823E+01 0.327848E+02
 0.344089E+01 -.290613E+01 -.167554E+01 -.766660E+01 0.376822E+02
 0.404947E+01 -.289806E+01 -.166627E+01 -.808756E+01 0.346971E+02
 0.493971E+01 -.288706E+01 -.167575E+01 -.897222E+01 0.330311E+02
 0.494990E+01 -.288381E+01 -.166062E+01 -.752381E+01 0.327700E+02
 0.492804E+01 -.287600E+01 -.157390E+01 -.754180E+01 0.377953E+02
 0.482617E+01 -.288862E+01 -.170327E+01 -.788287E+01 0.341958E+02
 0.487413E+01 -.286894E+01 -.166028E+01 -.727863E+01 0.349312E+02
 0.500000E+01 -.286354E+01 -.169634E+01 -.123355E+02 0.368002E+02
 0.494332E+01 -.288393E+01 -.166124E+01 -.751515E+01 0.327680E+02
 0.452924E+01 -.288443E+01 -.164339E+01 -.748058E+01 0.329398E+02
 0.482597E+01 -.288411E+01 -.166301E+01 -.747255E+01 0.327799E+02
 0.494833E+01 -.288414E+01 -.166131E+01 -.756140E+01 0.327702E+02
 0.359294E+01 -.289507E+01 -.169683E+01 -.753972E+01 0.350002E+02
 0.468341E+01 -.288404E+01 -.165833E+01 -.742795E+01 0.327783E+02
 0.499661E+01 -.288478E+01 -.152060E+01 -.105697E+02 0.420584E+02
 0.495231E+01 -.289849E+01 -.152223E+01 -.750734E+01 0.422971E+02
 0.495517E+01 -.288391E+01 -.166165E+01 -.752174E+01 0.327747E+02
 0.473685E+01 -.288464E+01 -.166065E+01 -.812739E+01 0.327835E+02
 0.485435E+01 -.289487E+01 -.166407E+01 -.754912E+01 0.339250E+02
 0.494372E+01 -.288394E+01 -.166111E+01 -.755968E+01 0.327680E+02
 0.486248E+01 -.287691E+01 -.172886E+01 -.671144E+01 0.354970E+02
 0.410824E+01 -.288284E+01 -.165509E+01 -.550000E+01 0.328277E+02
 0.499138E+01 -.287272E+01 -.173524E+01 -.717340E+01 0.364388E+02
 0.497147E+01 -.288746E+01 -.165427E+01 -.848536E+01 0.329003E+02
 0.496680E+01 -.288390E+01 -.166102E+01 -.750430E+01 0.327788E+02
 0.500000E+01 -.288064E+01 -.166146E+01 -.750927E+01 0.328800E+02
 0.495082E+01 -.289670E+01 -.166173E+01 -.751054E+01 0.342975E+02
 0.484546E+01 -.290306E+01 -.162084E+01 -.823176E+01 0.363616E+02
 0.450270E+01 -.287882E+01 -.165384E+01 -.602562E+01 0.331019E+02
 0.495994E+01 -.287868E+01 -.151714E+01 -.115764E+02 0.435971E+02
 0.495653E+01 -.289053E+01 -.165686E+01 -.768882E+01 0.331593E+02
 0.395022E+01 -.288918E+01 -.165790E+01 -.763172E+01 0.330286E+02
 0.438084E+01 -.288396E+01 -.173201E+01 -.762974E+01 0.357465E+02
 0.494725E+01 -.288682E+01 -.166067E+01 -.757456E+01 0.328444E+02
 0.494380E+01 -.288388E+01 -.166174E+01 -.550000E+01 0.327709E+02
 0.494511E+01 -.288408E+01 -.162178E+01 -.786034E+01 0.335837E+02
 0.496463E+01 -.288407E+01 -.165818E+01 -.740469E+01 0.327740E+02
 0.500000E+01 -.288297E+01 -.166357E+01 -.936655E+01 0.327807E+02
 0.494702E+01 -.288614E+01 -.166043E+01 -.901408E+01 0.328125E+02
 0.491758E+01 -.291688E+01 -.164729E+01 -.563205E+01 0.424209E+02
 0.455086E+01 -.288391E+01 -.166179E+01 -.757787E+01 0.327754E+02
 0.383375E+01 -.285790E+01 -.161430E+01 -.102520E+02 0.415595E+02
 0.481095E+01 -.287980E+01 -.155381E+01 -.741886E+01 0.389835E+02
 0.490840E+01 -.288022E+01 -.166187E+01 -.827834E+01 0.329015E+02
 0.489411E+01 -.288583E+01 -.171344E+01 -.745366E+01 0.344809E+02
 0.492550E+01 -.288394E+01 -.164733E+01 -.757731E+01 0.328779E+02
 0.496462E+01 -.288383E+01 -.165482E+01 -.759609E+01 0.327974E+02
 0.477076E+01 -.288456E+01 -.163423E+01 -.784111E+01 0.331447E+02
 0.493318E+01 -.288336E+01 -.168746E+01 -.746670E+01 0.331525E+02
 0.500000E+01 -.289325E+01 -.170001E+01 -.836196E+01 0.347635E+02
 0.495287E+01 -.286612E+01 -.167785E+01 -.735634E+01 0.357040E+02
 0.451325E+01 -.286376E+01 -.164437E+01 -.745401E+01 0.371427E+02
 0.462957E+01 -.289133E+01 -.164426E+01 -.748879E+01 0.333291E+02
 0.493282E+01 -.288399E+01 -.166086E+01 -.765094E+01 0.327722E+02
 0.495624E+01 -.288133E+01 -.170493E+01 -.758135E+01 0.338375E+02
 0.250400E+01 -.288968E+01 -.164621E+01 -.632254E+01 0.331815E+02
 0.475380E+01 -.289379E+01 -.166353E+01 -.828201E+01 0.337320E+02
 0.496912E+01 -.287178E+01 -.158346E+01 -.652297E+01 0.380583E+02
 0.495658E+01 -.287285E+01 -.165382E+01 -.669244E+01 0.340519E+02
 0.495071E+01 -.289602E+01 -.166826E+01 -.752527E+01 0.342330E+02
 0.494530E+01 -.288315E+01 -.165880E+01 -.756454E+01 0.327810E+02
 0.495091E+01 -.288406E+01 -.165523E+01 -.812597E+01 0.327965E+02
 0.490720E+01 -.289227E+01 -.165113E+01 -.761204E+01 0.334036E+02
 0.494164E+01 -.288551E+01 -.166048E+01 -.785320E+01 0.327975E+02
 0.486245E+01 -.288394E+01 -.166158E+01 -.785242E+01 0.327793E+02
 0.498901E+01 -.288371E+01 -.166093E+01 -.634773E+01 0.327769E+02
 0.474207E+01 -.288243E+01 -.165229E+01 -.833991E+01 0.328500E+02
 0.497383E+01 -.289804E+01 -.165803E+01 -.624804E+01 0.345991E+02
 0.493087E+01 -.288408E+01 -.166338E+01 -.756475E+01 0.327765E+02
 0.493892E+01 -.288389E+01 -.166158E+01 -.797483E+01 0.327748E+02
 0.499582E+01 -.288913E+01 -.166021E+01 -.761095E+01 0.330198E+02
 0.500000E+01 -.288396E+01 -.166242E+01 -.756184E+01 0.327711E+02
 0.495887E+01 -.288280E+01 -.171668E+01 -.550000E+01 0.345210E+02
 0.490655E+01 -.288457E+01 -.166520E+01 -.756720E+01 0.327893E+02
 0.484650E+01 -.289502E+01 -.158657E+01 -.783528E+01 0.360584E+02
 0.494691E+01 -.289313E+01 -.163944E+01 -.777679E+01 0.336300E+02
 0.493709E+01 -.288266E+01 -.166425E+01 -.777154E+01 0.327917E+02
 0.493606E+01 -.288470E+01 -.166091E+01 -.756649E+01 0.327802E+02
 0.495145E+01 -.288410E+01 -.166396E+01 -.679375E+01 0.327801E+02
 0.500000E+01 -.288623E+01 -.163238E+01 -.693880E+01 0.332052E+02
 0.493566E+01 -.288429E+01 -.152690E+01 -.750367E+01 0.413362E+02
 0.496770E+01 -.288421E+01 -.173129E+01 -.756171E+01 0.357078E+02
 0.487537E+01 -.288393E+01 -.166063E+01 -.759764E+01 0.327769E+02
 0.500000E+01 -.288123E+01 -.166026E+01 -.755311E+01 0.328499E+02
 0.492254E+01 -.288283E+01 -.166012E+01 -.129812E+02 0.327864E+02
 0.416467E+01 -.291511E+01 -.162430E+01 -.643301E+01 0.413757E+02
 0.495771E+01 -.288394E+01 -.166117E+01 -.754469E+01 0.327727E+02
 0.498644E+01 -.288375E+01 -.153953E+01 -.751642E+01 0.399465E+02
 0.490955E+01 -.288426E+01 -.164558E+01 -.710034E+01 0.328970E+02
 0.488321E+01 -.288678E+01 -.177744E+01 -.890744E+01 0.415225E+02
 0.350000E+01 -.288118E+01 -.164685E+01 -.715626E+01 0.330046E+02
 0.498344E+01 -.288379E+01 -.168756E+01 -.756835E+01 0.331595E+02
 0.478810E+01 -.288933E+01 -.166202E+01 -.762197E+01 0.330408E+02
 0.493964E+01 -.290630E+01 -.165826E+01 -.733233E+01 0.373330E+02
 0.410113E+01 -.287696E+01 -.166713E+01 -.746080E+01 0.332355E+02
 0.367326E+01 -.288356E+01 -.164323E+01 -.799709E+01 0.329571E+02
 0.496263E+01 -.288420E+01 -.167316E+01 -.752788E+01 0.328529E+02
 0.474944E+01 -.288478E+01 -.165241E+01 -.812215E+01 0.328488E+02
 0.494601E+01 -.288078E+01 -.162263E+01 -.948709E+01 0.337562E+02
 0.495181E+01 -.288214E+01 -.166259E+01 -.757697E+01 0.328043E+02
 0.491579E+01 -.287504E+01 -.158165E+01 -.754511E+01 0.373265E+02
 0.487948E+01 -.288846E+01 -.165954E+01 -.725477E+01 0.329640E+02
 0.494356E+01 -.288402E+01 -.166140E+01 -.754656E+01 0.327680E+02
 0.493033E+01 -.288340E+01 -.166027E+01 -.749006E+01 0.327768E+02
 0.494295E+01 -.288434E+01 -.166128E+01 -.751195E+01 0.327693E+02
 0.371422E+01 -.289152E+01 -.170599E+01 -.757272E+01 0.348004E+02
 0.477317E+01 -.288362E+01 -.166541E+01 -.732872E+01 0.327808E+02
 0.494408E+01 -.287446E+01 -.152407E+01 -.747653E+01 0.437743E+02
 0.500000E+01 -.288657E+01 -.167038E+01 -.839154E+01 0.329020E+02
 0.460118E+01 -.285255E+01 -.166993E+01 -.648857E+01 0.421283E+02
 0.424109E+01 -.287874E+01 -.161107E+01 -.754949E+01 0.345610E+02
 0.494931E+01 -.288389E+01 -.166116E+01 -.755647E+01 0.327696E+02
 0.465981E+01 -.288442E+01 -.166106E+01 -.679209E+01 0.327718E+02
 0.471811E+01 -.286707E+01 -.176201E+01 -.726561E+01 0.400364E+02
 0.494181E+01 -.288395E+01 -.166119E+01 -.776729E+01 0.327721E+02
 0.471255E+01 -.288158E+01 -.165600E+01 -.663606E+01 0.328527E+02
 0.495840E+01 -.288057E+01 -.165996E+01 -.797902E+01 0.328860E+02
 0.498817E+01 -.289244E+01 -.165421E+01 -.752285E+01 0.334201E+02
 0.494295E+01 -.288393E+01 -.166093E+01 -.750148E+01 0.327680E+02
 0.406613E+01 -.287780E+01 -.165948E+01 -.752703E+01 0.331472E+02
 0.495738E+01 -.286701E+01 -.166160E+01 -.756869E+01 0.355172E+02
 0.500000E+01 -.286399E+01 -.165711E+01 -.722882E+01 0.366908E+02
 0.437509E+01 -.288591E+01 -.177046E+01 -.679790E+01 0.403486E+02
 0.500000E+01 -.287653E+01 -.163236E+01 -.776684E+01 0.339351E+02
 0.485617E+01 -.289449E+01 -.170970E+01 -.703047E+01 0.356450E+02
 0.411438E+01 -.289352E+01 -.165575E+01 -.749801E+01 0.335977E+02
 0.478065E+01 -.287761E+01 -.163105E+01 -.764964E+01 0.338146E+02
 0.494630E+01 -.288168E+01 -.166076E+01 -.759548E+01 0.328204E+02
 0.379501E+01 -.290052E+01 -.169035E+01 -.792616E+01 0.362187E+02
 0.494067E+01 -.288374E+01 -.166152E+01 -.571644E+01 0.327767E+02
 0.500000E+01 -.288410E+01 -.163962E+01 -.785741E+01 0.330238E+02
 0.500000E+01 -.288402E+01 -.166036E+01 -.738364E+01 0.327765E+02
 0.476775E+01 -.288487E+01 -.165709E+01 -.942214E+01 0.327819E+02
 0.494593E+01 -.288132E+01 -.165986E+01 -.799715E+01 0.328405E+02
 0.482545E+01 -.288397E+01 -.166117E+01 -.799359E+01 0.327770E+02
 0.365548E+01 -.286389E+01 -.163928E+01 -.105425E+02 0.373009E+02
 0.500000E+01 -.288379E+01 -.156919E+01 -.750943E+01 0.370161E+02
 0.483265E+01 -.288512E+01 -.166124E+01 -.749306E+01 0.327907E+02
 0.487001E+01 -.288320E+01 -.176199E+01 -.764423E+01 0.389043E+02
 0.489580E+01 -.290290E+01 -.163808E+01 -.779521E+01 0.360677E+02
 0.495480E+01 -.288320E+01 -.167734E+01 -.756046E+01 0.329182E+02
 0.496060E+01 -.288391E+01 -.166066E+01 -.768725E+01 0.327769E+02
 0.486954E+01 -.288315E+01 -.167304E+01 -.744124E+01 0.328577E+02
 0.495488E+01 -.288338E+01 -.168926E+01 -.758004E+01 0.332089E+02
 0.386306E+01 -.289382E+01 -.171535E+01 -.890694E+01 0.358686E+02
 0.418673E+01 -.289230E+01 -.168074E+01 -.936696E+01 0.337763E+02
 0.500000E+01 -.290807E+01 -.167005E+01 -.741721E+01 0.383394E+02
 0.443843E+01 -.288657E+01 -.164043E+01 -.746847E+01 0.330202E+02
 0.493660E+01 -.288393E+01 -.166045E+01 -.768579E+01 0.327749E+02
 0.496161E+01 -.288376E+01 -.168071E+01 -.719678E+01 0.329807E+02
 0.485062E+01 -.288418E+01 -.166310E+01 -.815714E+01 0.327781E+02
 0.494635E+01 -.288408E+01 -.164474E+01 -.753054E+01 0.329116E+02
 0.495366E+01 -.288505E+01 -.168580E+01 -.756318E+01 0.331464E+02
 0.493662E+01 -.288386E+01 -.166073E+01 -.757587E+01 0.327749E+02
 0.493108E+01 -.288404E+01 -.165239E+01 -.733411E+01 0.328138E+02
 0.482048E+01 -.287296E+01 -.166126E+01 -.744574E+01 0.339154E+02
 0.494392E+01 -.288511E+01 -.166042E+01 -.786015E+01 0.327795E+02
 0.483046E+01 -.288394E+01 -.166129E+01 -.841758E+01 0.327771E+02
 0.498083E+01 -.288360E+01 -.166091E+01 -.830978E+01 0.327722E+02
 0.471612E+01 -.288373E+01 -.165384E+01 -.696095E+01 0.328045E+02
 0.500000E+01 -.290258E+01 -.166028E+01 -.850024E+01 0.359607E+02
 0.492983E+01 -.288385E+01 -.166247E+01 -.755114E+01 0.327742E+02
 0.496726E+01 -.288269E+01 -.166113E+01 -.772966E+01 0.327903E+02
 0.500000E+01 -.289167E+01 -.166099E+01 -.800971E+01 0.333262E+02
 0.493109E+01 -.288395E+01 -.166167E+01 -.753224E+01 0.327734E+02
 0.494916E+01 -.287907E+01 -.175454E+01 -.763348E+01 0.378349E+02
 0.497923E+01 -.288345E+01 -.165640E+01 -.755323E+01 0.327912E+02
 0.487905E+01 -.288199E+01 -.152312E+01 -.788184E+01 0.420947E+02
 0.336398E+01 -.288273E+01 -.160674E+01 -.768004E+01 0.343882E+02
 0.498317E+01 -.288749E+01 -.161970E+01 -.743721E+01 0.336688E+02
 0.494426E+01 -.288430E+01 -.165447E+01 -.708143E+01 0.327944E+02
 0.493705E+01 -.288006E+01 -.165865E+01 -.753790E+01 0.329282E+02
 0.494179E+01 -.288400E+01 -.165736E+01 -.659238E+01 0.327832E+02
 0.457820E+01 -.287228E+01 -.164407E+01 -.743661E+01 0.344042E+02
 0.495950E+01 -.288512E+01 -.158351E+01 -.766248E+01 0.357683E+02
 0.491891E+01 -.288434E+01 -.174226E+01 -.758542E+01 0.367487E+02
 0.497793E+01 -.286051E+01 -.171150E+01 -.776512E+01 0.383925E+02
 0.500000E+01 -.288394E+01 -.166005E+01 -.756026E+01 0.327750E+02
 0.463726E+01 -.288699E+01 -.166032E+01 -.759262E+01 0.328615E+02
 0.500000E+01 -.288365E+01 -.166192E+01 -.773115E+01 0.327772E+02
 0.275179E+01 -.289686E+01 -.161962E+01 -.716781E+01 0.347638E+02
 0.495351E+01 -.288393E+01 -.165971E+01 -.758712E+01 0.327769E+02
 0.494249E+01 -.288406E+01 -.168279E+01 -.688781E+01 0.330362E+02
 0.486474E+01 -.288098E+01 -.161315E+01 -.708754E+01 0.341800E+02
 0.493462E+01 -.288381E+01 -.168603E+01 -.754273E+01 0.331252E+02
 0.491339E+01 -.287973E+01 -.166165E+01 -.757662E+01 0.329407E+02
 0.494688E+01 -.290454E+01 -.166214E+01 -.743676E+01 0.366907E+02
 0.500000E+01 -.288275E+01 -.171136E+01 -.750523E+01 0.341907E+02
 0.436540E+01 -.288564E+01 -.172644E+01 -.741803E+01 0.354194E+02
 0.500000E+01 -.288084E+01 -.167104E+01 -.709978E+01 0.328892E+02
 0.494087E+01 -.288400E+01 -.165374E+01 -.755713E+01 0.328023E+02
 0.473763E+01 -.289825E+01 -.164854E+01 -.749805E+01 0.346340E+02
 0.454935E+01 -.287295E+01 -.165033E+01 -.726814E+01 0.340943E+02
 0.494708E+01 -.287986E+01 -.160693E+01 -.895682E+01 0.346521E+02
 0.494670E+01 -.288378E+01 -.166128E+01 -.758809E+01 0.327702E+02
 0.492511E+01 -.289560E+01 -.165982E+01 -.739071E+01 0.340367E+02
 0.483193E+01 -.285283E+01 -.166677E+01 -.750252E+01 0.419807E+02
 0.476522E+01 -.288645E+01 -.162152E+01 -.895863E+01 0.335734E+02
 0.494371E+01 -.288394E+01 -.166098E+01 -.754153E+01 0.327680E+02
 0.411089E+01 -.288369E+01 -.173832E+01 -.724719E+01 0.363171E+02
 0.500000E+01 -.288344E+01 -.166218E+01 -.731901E+01 0.327730E+02
 0.494181E+01 -.288382E+01 -.166138E+01 -.754479E+01 0.327722E+02
 0.390983E+01 -.287418E+01 -.168459E+01 -.752482E+01 0.337826E+02
 0.500000E+01 -.288362E+01 -.166374E+01 -.805489E+01 0.327743E+02
 0.500000E+01 -.288510E+01 -.169236E+01 -.550000E+01 0.333715E+02
 0.489760E+01 -.288513E+01 -.177212E+01 -.837329E+01 0.404721E+02
 0.493724E+01 -.288392E+01 -.166072E+01 -.758766E+01 0.327748E+02
 0.469552E+01 -.288374E+01 -.166142E+01 -.613798E+01 0.327746E+02
 0.500000E+01 -.289955E+01 -.166208E+01 -.119883E+02 0.350357E+02
 0.489228E+01 -.291862E+01 -.165871E+01 -.757561E+01 0.436266E+02
 0.474899E+01 -.287228E+01 -.169864E+01 -.731561E+01 0.344649E+02
 0.494184E+01 -.288394E+01 -.166108E+01 -.759345E+01 0.327721E+02
 0.494687E+01 -.286467E+01 -.168213E+01 -.796486E+01 0.362090E+02
 0.500000E+01 -.288295E+01 -.166402E+01 -.643106E+01 0.327864E+02
 0.500000E+01 -.288511E+01 -.159226E+01 -.754465E+01 0.351466E+02
 0.442810E+01 -.290695E+01 -.155721E+01 -.730928E+01 0.410705E+02
 0.490479E+01 -.289045E+01 -.166482E+01 -.749736E+01 0.332047E+02
 0.492481E+01 -.288396E+01 -.166100E+01 -.754863E+01 0.327767E+02
 0.418796E+01 -.288764E+01 -.165885E+01 -.755053E+01 0.328912E+02
 0.489595E+01 -.288025E+01 -.166091E+01 -.754934E+01 0.329020E+02
 0.464741E+01 -.286911E+01 -.169437E+01 -.664750E+01 0.350505E+02
 0.469366E+01 -.288183E+01 -.168622E+01 -.815493E+01 0.331367E+02
 0.493774E+01 -.287211E+01 -.164616E+01 -.801874E+01 0.343853E+02
 0.471640E+01 -.287507E+01 -.167149E+01 -.745890E+01 0.335026E+02
 0.332909E+01 -.287828E+01 -.162950E+01 -.750369E+01 0.337785E+02
 0.494349E+01 -.287911E+01 -.166103E+01 -.754771E+01 0.329924E+02
 0.346920E+01 -.287934E+01 -.169922E+01 -.744930E+01 0.336654E+02
 0.494449E+01 -.288394E+01 -.166133E+01 -.703024E+01 0.327681E+02
 0.494352E+01 -.288390E+01 -.170037E+01 -.792838E+01 0.336542E+02
 0.492982E+01 -.288392E+01 -.166255E+01 -.755500E+01 0.327743E+02
 0.500000E+01 -.288368E+01 -.165435E+01 -.865892E+01 0.328005E+02
 0.495610E+01 -.288029E+01 -.166081E+01 -.800830E+01 0.329030E+02
 0.500000E+01 -.285576E+01 -.168472E+01 -.112377E+02 0.401424E+02
 0.499329E+01 -.288402E+01 -.166093E+01 -.766038E+01 0.327742E+02
 0.497004E+01 -.288947E+01 -.161535E+01 -.750477E+01 0.339461E+02
 0.455488E+01 -.288939E+01 -.170036E+01 -.806642E+01 0.341271E+02
 0.472348E+01 -.288562E+01 -.174172E+01 -.701920E+01 0.368122E+02
 0.474849E+01 -.288798E+01 -.166142E+01 -.703188E+01 0.329239E+02
 0.481330E+01 -.288444E+01 -.174527E+01 -.762585E+01 0.370563E+02
 0.496284E+01 -.288282E+01 -.168611E+01 -.745660E+01 0.331103E+02
 0.494060E+01 -.288399E+01 -.166461E+01 -.755218E+01 0.327817E+02
 0.496491E+01 -.288120E+01 -.169638E+01 -.726118E+01 0.334634E+02
 0.492872E+01 -.288529E+01 -.162970E+01 -.761358E+01 0.332755E+02
 0.405137E+01 -.288059E+01 -.164328E+01 -.101373E+02 0.331182E+02
 0.485470E+01 -.289378E+01 -.166857E+01 -.762013E+01 0.337778E+02
 0.488425E+01 -.288473E+01 -.171344E+01 -.753103E+01 0.344090E+02
 0.443263E+01 -.288147E+01 -.165112E+01 -.757608E+01 0.329100E+02
 0.495636E+01 -.288408E+01 -.166016E+01 -.758078E+01 0.327746E+02
 0.493833E+01 -.288473E+01 -.164862E+01 -.719827E+01 0.328539E+02
 0.408976E+01 -.288547E+01 -.162817E+01 -.844733E+01 0.333278E+02
 0.494664E+01 -.287643E+01 -.166130E+01 -.745679E+01 0.333092E+02
 0.496776E+01 -.288508E+01 -.170432E+01 -.713620E+01 0.339111E+02
 0.492364E+01 -.289256E+01 -.166048E+01 -.798303E+01 0.334738E+02
 0.500000E+01 -.291415E+01 -.171521E+01 -.756066E+01 0.442103E+02
 0.495326E+01 -.287680E+01 -.167978E+01 -.757560E+01 0.333346E+02
 0.485401E+01 -.288460E+01 -.166165E+01 -.751972E+01 0.327801E+02
 0.490959E+01 -.288370E+01 -.166404E+01 -.722121E+01 0.327788E+02
 0.488255E+01 -.287520E+01 -.166684E+01 -.737722E+01 0.334704E+02
 0.494544E+01 -.288255E+01 -.166220E+01 -.764621E+01 0.327884E+02
 0.493726E+01 -.288394E+01 -.166070E+01 -.810607E+01 0.327748E+02
 0.493637E+01 -.288389E+01 -.166096E+01 -.939099E+01 0.327747E+02
 0.460533E+01 -.288468E+01 -.166395E+01 -.626868E+01 0.327850E+02
 0.492078E+01 -.287076E+01 -.166331E+01 -.104814E+02 0.343952E+02
 0.496478E+01 -.288381E+01 -.165974E+01 -.751648E+01 0.327710E+02
 0.498661E+01 -.288399E+01 -.166081E+01 -.774802E+01 0.327745E+02
 0.495234E+01 -.288765E+01 -.166247E+01 -.771258E+01 0.329080E+02
 0.490803E+01 -.288392E+01 -.165960E+01 -.754186E+01 0.327741E+02
 0.494962E+01 -.288433E+01 -.167555E+01 -.894564E+01 0.328892E+02
 0.496798E+01 -.288339E+01 -.165810E+01 -.753680E+01 0.327854E+02
 0.491568E+01 -.286577E+01 -.172651E+01 -.794074E+01 0.372924E+02
 0.499615E+01 -.287834E+01 -.166558E+01 -.680976E+01 0.330609E+02
 0.495768E+01 -.288567E+01 -.165137E+01 -.694133E+01 0.328406E+02
 0.493276E+01 -.288387E+01 -.165990E+01 -.753127E+01 0.327731E+02
 0.494812E+01 -.288401E+01 -.165501E+01 -.609820E+01 0.327919E+02
 0.494374E+01 -.288174E+01 -.167792E+01 -.759475E+01 0.329393E+02
 0.437491E+01 -.290521E+01 -.165924E+01 -.768233E+01 0.369172E+02
 0.500000E+01 -.288457E+01 -.175362E+01 -.756086E+01 0.379925E+02
 0.494932E+01 -.288468E+01 -.160258E+01 -.756308E+01 0.345106E+02
 0.486344E+01 -.288393E+01 -.165961E+01 -.752803E+01 0.327806E+02
 0.448933E+01 -.288841E+01 -.166148E+01 -.746086E+01 0.329706E+02
 0.490814E+01 -.288451E+01 -.165964E+01 -.645417E+01 0.327764E+02
 0.211248E+01 -.287739E+01 -.168956E+01 -.815477E+01 0.340583E+02
 0.492922E+01 -.288393E+01 -.165951E+01 -.759075E+01 0.327732E+02
 0.497143E+01 -.288894E+01 -.171783E+01 -.758419E+01 0.351578E+02
 0.496488E+01 -.288388E+01 -.169208E+01 -.719202E+01 0.333126E+02
 0.489860E+01 -.288585E+01 -.174438E+01 -.550000E+01 0.370977E+02
 0.500000E+01 -.288625E+01 -.169320E+01 -.770999E+01 0.334712E+02
 0.491109E+01 -.288388E+01 -.164916E+01 -.753488E+01 0.328532E+02
 0.500000E+01 -.287948E+01 -.166018E+01 -.750000E+01 0.329714E+02
 0.494264E+01 -.286505E+01 -.166403E+01 -.762291E+01 0.361576E+02
 0.413602E+01 -.289125E+01 -.166304E+01 -.759561E+01 0.333041E+02
 0.337413E+01 -.288264E+01 -.163578E+01 -.942141E+01 0.331692E+02
 0.369380E+01 -.288536E+01 -.167655E+01 -.678734E+01 0.329577E+02
 0.492395E+01 -.288400E+01 -.164817E+01 -.754118E+01 0.328618E+02
 0.500000E+01 -.285627E+01 -.164455E+01 -.736934E+01 0.407693E+02
 0.380946E+01 -.286977E+01 -.166154E+01 -.704994E+01 0.346922E+02
 0.493832E+01 -.288870E+01 -.165618E+01 -.738064E+01 0.329788E+02
 0.494308E+01 -.288516E+01 -.166006E+01 -.747820E+01 0.327804E+02
 0.496671E+01 -.289058E+01 -.166061E+01 -.764575E+01 0.331929E+02
 0.487821E+01 -.290561E+01 -.164428E+01 -.631824E+01 0.369509E+02
 0.494301E+01 -.288387E+01 -.166082E+01 -.754446E+01 0.327682E+02
 0.415074E+01 -.288418E+01 -.157756E+01 -.722158E+01 0.363062E+02
 0.493751E+01 -.288355E+01 -.166334E+01 -.732271E+01 0.327781E+02
 0.493051E+01 -.289255E+01 -.178272E+01 -.794438E+01 0.436206E+02
 0.494619E+01 -.288335E+01 -.166115E+01 -.769430E+01 0.327736E+02
 0.411520E+01 -.287608E+01 -.165075E+01 -.748361E+01 0.335033E+02
 0.485194E+01 -.288412E+01 -.165697E+01 -.867204E+01 0.327831E+02
 0.490012E+01 -.287663E+01 -.178685E+01 -.741007E+01 0.422396E+02
 0.485483E+01 -.288290E+01 -.167926E+01 -.888139E+01 0.329558E+02
 0.494620E+01 -.288395E+01 -.166117E+01 -.759315E+01 0.327699E+02
 0.500000E+01 -.288370E+01 -.166095E+01 -.630116E+01 0.327773E+02
 0.493673E+01 -.288202E+01 -.167436E+01 -.760018E+01 0.328875E+02
 0.483910E+01 -.288008E+01 -.162743E+01 -.726585E+01 0.336944E+02
 0.494503E+01 -.288393E+01 -.166109E+01 -.738871E+01 0.327699E+02
 0.448802E+01 -.288483E+01 -.166685E+01 -.550000E+01 0.328189E+02
 0.496302E+01 -.291505E+01 -.165750E+01 -.740463E+01 0.415090E+02
 0.490140E+01 -.287384E+01 -.166649E+01 -.928425E+01 0.337119E+02
 0.492823E+01 -.288393E+01 -.166108E+01 -.757461E+01 0.327732E+02
 0.500000E+01 -.288746E+01 -.165903E+01 -.752800E+01 0.328841E+02
 0.485996E+01 -.289722E+01 -.166072E+01 -.752899E+01 0.344172E+02
 0.441805E+01 -.289813E+01 -.168309E+01 -.720553E+01 0.352100E+02
 0.481004E+01 -.287885E+01 -.160412E+01 -.714934E+01 0.349651E+02
 0.492372E+01 -.287939E+01 -.168534E+01 -.803164E+01 0.331961E+02
 0.486362E+01 -.288517E+01 -.167639E+01 -.762430E+01 0.329433E+02
 0.246351E+01 -.288213E+01 -.166461E+01 -.746748E+01 0.329696E+02
 0.494198E+01 -.288365E+01 -.166091E+01 -.750245E+01 0.327729E+02
 0.442295E+01 -.286724E+01 -.169516E+01 -.711867E+01 0.355506E+02
 0.494661E+01 -.288410E+01 -.166104E+01 -.885050E+01 0.327700E+02
 0.495894E+01 -.288368E+01 -.169477E+01 -.775634E+01 0.334096E+02
 0.479906E+01 -.288400E+01 -.166092E+01 -.755310E+01 0.327705E+02
 0.477203E+01 -.288202E+01 -.166480E+01 -.754415E+01 0.328088E+02
 0.494751E+01 -.288683E+01 -.166162E+01 -.875247E+01 0.328478E+02
 0.500000E+01 -.288406E+01 -.166109E+01 -.742887E+01 0.327762E+02
 0.500000E+01 -.290140E+01 -.171403E+01 -.579741E+01 0.380312E+02
 0.496232E+01 -.288792E+01 -.166230E+01 -.719615E+01 0.329229E+02
 0.490547E+01 -.289035E+01 -.157327E+01 -.740215E+01 0.365578E+02
 0.496232E+01 -.288324E+01 -.163561E+01 -.745178E+01 0.331376E+02
 0.493458E+01 -.288394E+01 -.165973E+01 -.747754E+01 0.327739E+02
 0.485775E+01 -.288153E+01 -.164910E+01 -.776577E+01 0.329382E+02
 0.491604E+01 -.288567E+01 -.160462E+01 -.751663E+01 0.343736E+02
 0.478485E+01 -.287643E+01 -.164054E+01 -.703606E+01 0.336780E+02
 0.496859E+01 -.286431E+01 -.167430E+01 -.756927E+01 0.363048E+02
 0.500000E+01 -.287867E+01 -.166569E+01 -.765694E+01 0.330284E+02
 0.495253E+01 -.288409E+01 -.166071E+01 -.748219E+01 0.327789E+02
 0.493444E+01 -.288372E+01 -.166231E+01 -.764041E+01 0.327754E+02
 0.498145E+01 -.288936E+01 -.177690E+01 -.790696E+01 0.419114E+02
 0.495780E+01 -.287644E+01 -.166215E+01 -.797075E+01 0.333032E+02
 0.493091E+01 -.288631E+01 -.168206E+01 -.686330E+01 0.331208E+02
 0.493370E+01 -.288081E+01 -.164811E+01 -.748517E+01 0.329914E+02
 0.477935E+01 -.288454E+01 -.166037E+01 -.752054E+01 0.327734E+02
 0.492289E+01 -.288365E+01 -.166942E+01 -.804634E+01 0.328097E+02
 0.490676E+01 -.289720E+01 -.166903E+01 -.755140E+01 0.345313E+02
 0.494350E+01 -.288286E+01 -.166064E+01 -.745501E+01 0.327804E+02
 0.488160E+01 -.288394E+01 -.166109E+01 -.647910E+01 0.327745E+02
 0.493020E+01 -.288411E+01 -.166119E+01 -.593137E+01 0.327745E+02
 0.484521E+01 -.288410E+01 -.166398E+01 -.648844E+01 0.327865E+02
 0.462846E+01 -.287211E+01 -.176890E+01 -.759023E+01 0.399907E+02
 0.498567E+01 -.286707E+01 -.166370E+01 -.972785E+01 0.354621E+02
 0.496139E+01 -.288385E+01 -.165791E+01 -.750992E+01 0.327798E+02
 0.498896E+01 -.288494E+01 -.166087E+01 -.759756E+01 0.327848E+02
 0.493106E+01 -.288038E+01 -.166191E+01 -.723438E+01 0.328912E+02
 0.495129E+01 -.288392E+01 -.165948E+01 -.755280E+01 0.327804E+02
 0.494494E+01 -.288811E+01 -.160326E+01 -.867987E+01 0.344566E+02
 0.493575E+01 -.288918E+01 -.166570E+01 -.769305E+01 0.330669E+02
 0.492723E+01 -.288475E+01 -.166322E+01 -.754000E+01 0.327832E+02
 0.302026E+01 -.288587E+01 -.177841E+01 -.765592E+01 0.416400E+02
 0.495638E+01 -.289070E+01 -.168357E+01 -.655037E+01 0.336131E+02
 0.494887E+01 -.288331E+01 -.165847E+01 -.785037E+01 0.327793E+02
 0.493171E+01 -.288697E+01 -.166252E+01 -.755484E+01 0.328640E+02
 0.495569E+01 -.288397E+01 -.165500E+01 -.721812E+01 0.327967E+02
 0.500000E+01 -.289274E+01 -.168422E+01 -.731061E+01 0.339710E+02
 0.491722E+01 -.288440E+01 -.168452E+01 -.747922E+01 0.330989E+02
 0.500000E+01 -.288441E+01 -.159162E+01 -.755728E+01 0.352208E+02
 0.496669E+01 -.288389E+01 -.166018E+01 -.756850E+01 0.327772E+02
 0.486931E+01 -.288850E+01 -.166102E+01 -.739456E+01 0.329754E+02
 0.487443E+01 -.288436E+01 -.165847E+01 -.117042E+02 0.327799E+02
 0.361248E+01 -.287102E+01 -.163536E+01 -.685203E+01 0.350265E+02
 0.493207E+01 -.288394E+01 -.166409E+01 -.756798E+01 0.327772E+02
 0.488354E+01 -.288430E+01 -.166338E+01 -.786870E+01 0.327824E+02
 0.420752E+01 -.288452E+01 -.166170E+01 -.788130E+01 0.327756E+02
 0.495970E+01 -.288375E+01 -.165842E+01 -.751639E+01 0.327760E+02
 0.473805E+01 -.288720E+01 -.166117E+01 -.749281E+01 0.328829E+02
 0.494039E+01 -.285183E+01 -.166438E+01 -.756170E+01 0.426710E+02
 0.393300E+01 -.288839E+01 -.161008E+01 -.768411E+01 0.341265E+02
 0.500000E+01 -.288427E+01 -.164935E+01 -.694311E+01 0.328462E+02
 0.428053E+01 -.288842E+01 -.164007E+01 -.788910E+01 0.331204E+02
 0.491502E+01 -.288403E+01 -.166114E+01 -.749146E+01 0.327782E+02
 0.428524E+01 -.285487E+01 -.166151E+01 -.759369E+01 0.409301E+02
 0.449448E+01 -.287543E+01 -.166822E+01 -.843417E+01 0.334520E+02
 0.492669E+01 -.289104E+01 -.170119E+01 -.604342E+01 0.344341E+02
 0.494386E+01 -.288496E+01 -.166134E+01 -.747258E+01 0.327772E+02
 0.487354E+01 -.288294E+01 -.154437E+01 -.757191E+01 0.395205E+02
 0.485444E+01 -.286988E+01 -.166023E+01 -.750108E+01 0.346682E+02
 0.498134E+01 -.290970E+01 -.172219E+01 -.102964E+02 0.424292E+02
 0.494276E+01 -.288393E+01 -.166079E+01 -.754808E+01 0.327680E+02
 0.429410E+01 -.288436E+01 -.161623E+01 -.746125E+01 0.338325E+02
 0.494649E+01 -.288384E+01 -.166308E+01 -.757248E+01 0.327720E+02
 0.495558E+01 -.287566E+01 -.161640E+01 -.771352E+01 0.348109E+02
 0.494636E+01 -.288395E+01 -.166129E+01 -.773947E+01 0.327699E+02
 0.500000E+01 -.289667E+01 -.167324E+01 -.757353E+01 0.344845E+02
 0.462935E+01 -.288417E+01 -.165539E+01 -.843732E+01 0.327881E+02
 0.500000E+01 -.288398E+01 -.157629E+01 -.114822E+02 0.364010E+02
 0.461857E+01 -.291140E+01 -.165937E+01 -.801576E+01 0.396762E+02
 0.495395E+01 -.288390E+01 -.166152E+01 -.756217E+01 0.327793E+02
 0.467879E+01 -.288467E+01 -.166079E+01 -.753643E+01 0.327788E+02
 0.494235E+01 -.287534E+01 -.152461E+01 -.713461E+01 0.434495E+02
 0.489876E+01 -.288749E+01 -.163038E+01 -.731099E+01 0.333508E+02
 0.494586E+01 -.288394E+01 -.166112E+01 -.752050E+01 0.327699E+02
 0.439173E+01 -.288333E+01 -.165120E+01 -.813315E+01 0.328367E+02
 0.498235E+01 -.288804E+01 -.155244E+01 -.758783E+01 0.383553E+02
 0.494451E+01 -.285693E+01 -.165966E+01 -.775723E+01 0.398748E+02
 0.475448E+01 -.288419E+01 -.168474E+01 -.686377E+01 0.330875E+02
 0.494091E+01 -.287193E+01 -.166665E+01 -.939099E+01 0.341018E+02
 0.495275E+01 -.288391E+01 -.166102E+01 -.756803E+01 0.327787E+02
 0.382973E+01 -.287909E+01 -.165969E+01 -.752253E+01 0.330084E+02
 0.387223E+01 -.289267E+01 -.177647E+01 -.760782E+01 0.426287E+02
 0.496842E+01 -.288368E+01 -.166162E+01 -.752712E+01 0.327790E+02
 0.470414E+01 -.290831E+01 -.164463E+01 -.788769E+01 0.380196E+02
 0.468425E+01 -.287850E+01 -.167235E+01 -.614589E+01 0.330657E+02
 0.500000E+01 -.289014E+01 -.168075E+01 -.738993E+01 0.334570E+02
 0.498335E+01 -.289136E+01 -.165786E+01 -.766880E+01 0.332719E+02
 0.396351E+01 -.288527E+01 -.168803E+01 -.752796E+01 0.332385E+02
 0.494303E+01 -.288699E+01 -.166091E+01 -.752399E+01 0.328524E+02
 0.488229E+01 -.286241E+01 -.168602E+01 -.775575E+01 0.370649E+02
 0.485355E+01 -.286306E+01 -.168671E+01 -.754782E+01 0.368113E+02
 0.494436E+01 -.288405E+01 -.166089E+01 -.797864E+01 0.327680E+02
 0.499721E+01 -.288365E+01 -.162744E+01 -.775793E+01 0.333891E+02
 0.486050E+01 -.288404E+01 -.165991E+01 -.755910E+01 0.327801E+02
 0.500000E+01 -.288224E+01 -.167188E+01 -.863877E+01 0.328455E+02
 0.494727E+01 -.289026E+01 -.166166E+01 -.982199E+01 0.331425E+02
 0.478133E+01 -.288406E+01 -.166149E+01 -.776307E+01 0.327708E+02
 0.478683E+01 -.288780E+01 -.165188E+01 -.748835E+01 0.329187E+02
 0.431531E+01 -.290365E+01 -.169883E+01 -.641691E+01 0.378609E+02
 0.441747E+01 -.288073E+01 -.159064E+01 -.727624E+01 0.356022E+02
 0.500000E+01 -.287950E+01 -.166269E+01 -.905229E+01 0.329546E+02
 0.496629E+01 -.289113E+01 -.161487E+01 -.754636E+01 0.340970E+02
 0.490290E+01 -.292029E+01 -.162366E+01 -.765480E+01 0.443872E+02
 0.492031E+01 -.288412E+01 -.163302E+01 -.759318E+01 0.331922E+02
 0.494567E+01 -.288389E+01 -.165744E+01 -.755746E+01 0.327776E+02
 0.471027E+01 -.288416E+01 -.163371E+01 -.759176E+01 0.331676E+02
 0.494790E+01 -.288436E+01 -.164466E+01 -.748332E+01 0.329136E+02
 0.500000E+01 -.288495E+01 -.165781E+01 -.659633E+01 0.327866E+02
 0.497791E+01 -.286060E+01 -.164633E+01 -.765921E+01 0.384605E+02
 0.394049E+01 -.288338E+01 -.166062E+01 -.765448E+01 0.327827E+02
 0.494089E+01 -.288401E+01 -.166132E+01 -.745738E+01 0.327748E+02
 0.493570E+01 -.288308E+01 -.167213E+01 -.789122E+01 0.328425E+02
 0.500000E+01 -.288488E+01 -.180189E+01 -.726518E+01 0.454183E+02
 0.481146E+01 -.288724E+01 -.166223E+01 -.795117E+01 0.328744E+02
 0.495705E+01 -.287926E+01 -.166748E+01 -.692918E+01 0.329752E+02
 0.493551E+01 -.288498E+01 -.164306E+01 -.749590E+01 0.329416E+02
 0.478870E+01 -.288385E+01 -.165822E+01 -.754909E+01 0.327743E+02
 0.494586E+01 -.288386E+01 -.166907E+01 -.834031E+01 0.328017E+02
 0.482034E+01 -.289220E+01 -.166308E+01 -.764897E+01 0.334342E+02
 0.494160E+01 -.288576E+01 -.166055E+01 -.741284E+01 0.328056E+02
 0.471656E+01 -.288394E+01 -.166145E+01 -.698139E+01 0.327720E+02
 0.493982E+01 -.288359E+01 -.166123E+01 -.550000E+01 0.327784E+02
 0.478621E+01 -.288291E+01 -.165928E+01 -.671864E+01 0.327856E+02
 0.500000E+01 -.288775E+01 -.166106E+01 -.601794E+01 0.329084E+02
 0.491032E+01 -.288394E+01 -.166365E+01 -.755507E+01 0.327737E+02
 0.498243E+01 -.288397E+01 -.166112E+01 -.761568E+01 0.327710E+02
 0.496182E+01 -.287805E+01 -.166160E+01 -.712173E+01 0.331028E+02
 0.497081E+01 -.288393E+01 -.166211E+01 -.752962E+01 0.327811E+02
 0.494361E+01 -.288514E+01 -.166452E+01 -.797593E+01 0.327899E+02
 0.494159E+01 -.285904E+01 -.167906E+01 -.756041E+01 0.384954E+02
 0.492987E+01 -.288409E+01 -.166431E+01 -.752585E+01 0.327795E+02
 0.485231E+01 -.289655E+01 -.155079E+01 -.765726E+01 0.390776E+02
 0.493207E+01 -.289512E+01 -.165183E+01 -.694835E+01 0.338936E+02
 0.494063E+01 -.288187E+01 -.166739E+01 -.841032E+01 0.328264E+02
 0.493525E+01 -.288242E+01 -.166264E+01 -.756843E+01 0.327954E+02
 0.496029E+01 -.288406E+01 -.166189E+01 -.610335E+01 0.327778E+02
 0.457549E+01 -.288257E+01 -.167181E+01 -.693236E+01 0.328469E+02
 0.495588E+01 -.288509E+01 -.161721E+01 -.761633E+01 0.337548E+02
 0.494751E+01 -.288445E+01 -.166935E+01 -.756522E+01 0.328111E+02
 0.500000E+01 -.288387E+01 -.166040E+01 -.758866E+01 0.327748E+02
 0.492237E+01 -.288104E+01 -.166015E+01 -.738645E+01 0.328541E+02
 0.487679E+01 -.288383E+01 -.166006E+01 -.116236E+02 0.327776E+02
 0.485845E+01 -.289043E+01 -.161964E+01 -.674073E+01 0.338393E+02
 0.496447E+01 -.288395E+01 -.166551E+01 -.756235E+01 0.327854E+02
 0.488914E+01 -.288415E+01 -.163733E+01 -.757107E+01 0.330763E+02
 0.483166E+01 -.287806E+01 -.163623E+01 -.671527E+01 0.335576E+02
 0.455497E+01 -.288290E+01 -.163611E+01 -.786827E+01 0.331398E+02
 0.498377E+01 -.288390E+01 -.166961E+01 -.756651E+01 0.328160E+02
 0.462814E+01 -.288832E+01 -.166172E+01 -.759278E+01 0.329520E+02
 0.493634E+01 -.290433E+01 -.166135E+01 -.734269E+01 0.366185E+02
 0.500000E+01 -.288160E+01 -.162499E+01 -.759979E+01 0.335933E+02
 0.494996E+01 -.288633E+01 -.173212E+01 -.109330E+02 0.359537E+02
 0.500000E+01 -.288587E+01 -.163444E+01 -.862434E+01 0.331448E+02
 0.494859E+01 -.288427E+01 -.167218E+01 -.751350E+01 0.328412E+02
 0.429694E+01 -.289427E+01 -.165685E+01 -.763106E+01 0.337417E+02
 0.297699E+01 -.288155E+01 -.168192E+01 -.880762E+01 0.330852E+02
 0.500000E+01 -.289792E+01 -.165597E+01 -.873633E+01 0.345322E+02
 0.493769E+01 -.287917E+01 -.167861E+01 -.804179E+01 0.330877E+02
 0.495210E+01 -.288288E+01 -.166201E+01 -.756702E+01 0.327848E+02
 0.490266E+01 -.287605E+01 -.157731E+01 -.752144E+01 0.375789E+02
 0.489438E+01 -.288157E+01 -.166037E+01 -.717181E+01 0.328266E+02
 0.499790E+01 -.287986E+01 -.168227E+01 -.110623E+02 0.331060E+02
 0.494386E+01 -.288398E+01 -.166123E+01 -.753721E+01 0.327680E+02
 0.500000E+01 -.288433E+01 -.166767E+01 -.756535E+01 0.327966E+02
 0.495130E+01 -.288410E+01 -.166132E+01 -.775335E+01 0.327748E+02
 0.494232E+01 -.288410E+01 -.166140E+01 -.753100E+01 0.327682E+02
 0.350000E+01 -.289649E+01 -.168800E+01 -.755840E+01 0.349394E+02
 0.465331E+01 -.288368E+01 -.166807E+01 -.696461E+01 0.328599E+02
 0.486557E+01 -.288703E+01 -.162466E+01 -.938873E+01 0.334777E+02
 0.347087E+01 -.288079E+01 -.172727E+01 -.757914E+01 0.352730E+02
 0.500000E+01 -.286360E+01 -.175333E+01 -.749278E+01 0.400475E+02
 0.495372E+01 -.288391E+01 -.166105E+01 -.752904E+01 0.327793E+02
 0.470164E+01 -.288447E+01 -.166098E+01 -.785974E+01 0.327772E+02
 0.494635E+01 -.287495E+01 -.163413E+01 -.777374E+01 0.341536E+02
 0.492548E+01 -.288390E+01 -.167044E+01 -.737108E+01 0.328248E+02
 0.494152E+01 -.288395E+01 -.166114E+01 -.769895E+01 0.327746E+02
 0.461760E+01 -.288286E+01 -.165606E+01 -.819597E+01 0.328062E+02
 0.494513E+01 -.285675E+01 -.166267E+01 -.802615E+01 0.398908E+02
 0.496791E+01 -.288664E+01 -.166619E+01 -.846094E+01 0.328744E+02
 0.496381E+01 -.288392E+01 -.166104E+01 -.749793E+01 0.327782E+02
 0.482972E+01 -.287781E+01 -.166148E+01 -.752454E+01 0.331227E+02
 0.496761E+01 -.287303E+01 -.166193E+01 -.757463E+01 0.338891E+02
 0.498697E+01 -.286818E+01 -.163622E+01 -.811283E+01 0.358408E+02
 0.452742E+01 -.288180E+01 -.170219E+01 -.715824E+01 0.337051E+02
 0.491158E+01 -.288121E+01 -.175232E+01 -.911552E+01 0.376244E+02
 0.488210E+01 -.289248E+01 -.164459E+01 -.799009E+01 0.334774E+02
 0.490730E+01 -.289286E+01 -.176683E+01 -.677356E+01 0.412277E+02
 0.495697E+01 -.288521E+01 -.165539E+01 -.751285E+01 0.327962E+02
 0.500000E+01 -.288521E+01 -.167183E+01 -.750934E+01 0.328597E+02
 0.494447E+01 -.288853E+01 -.166112E+01 -.754846E+01 0.329622E+02
 0.374255E+01 -.290470E+01 -.167566E+01 -.773438E+01 0.371094E+02
 0.494234E+01 -.288396E+01 -.166117E+01 -.685705E+01 0.327680E+02
 0.500000E+01 -.288374E+01 -.158928E+01 -.803351E+01 0.354216E+02
 0.488702E+01 -.288400E+01 -.166172E+01 -.753142E+01 0.327755E+02
 0.479984E+01 -.288466E+01 -.166120E+01 -.931930E+01 0.327746E+02
 0.494928E+01 -.288757E+01 -.166106E+01 -.757434E+01 0.328888E+02
 0.480489E+01 -.288405E+01 -.166169E+01 -.794629E+01 0.327669E+02
 0.412211E+01 -.286279E+01 -.168079E+01 -.888718E+01 0.368739E+02
 0.462827E+01 -.288070E+01 -.166320E+01 -.873322E+01 0.328670E+02
 0.481792E+01 -.288281E+01 -.169568E+01 -.763541E+01 0.334287E+02
 0.492636E+01 -.288466E+01 -.165101E+01 -.755166E+01 0.328284E+02
 0.495404E+01 -.288391E+01 -.165648E+01 -.763185E+01 0.327880E+02
 0.476157E+01 -.288595E+01 -.168347E+01 -.722824E+01 0.331210E+02
 0.495595E+01 -.288296E+01 -.169768E+01 -.755907E+01 0.335104E+02
 0.456418E+01 -.290026E+01 -.160078E+01 -.899053E+01 0.363007E+02
 0.482451E+01 -.289055E+01 -.167191E+01 -.686135E+01 0.333293E+02
 0.493214E+01 -.285560E+01 -.166744E+01 -.731414E+01 0.403850E+02
 0.352248E+01 -.288756E+01 -.165672E+01 -.756011E+01 0.329083E+02
 0.493854E+01 -.288403E+01 -.165989E+01 -.760400E+01 0.327755E+02
 0.493909E+01 -.288463E+01 -.167073E+01 -.756281E+01 0.328387E+02
 0.475708E+01 -.288338E+01 -.152151E+01 -.583759E+01 0.422959E+02
 0.475282E+01 -.289064E+01 -.166203E+01 -.781373E+01 0.332312E+02
 0.494331E+01 -.287864E+01 -.176467E+01 -.735339E+01 0.390521E+02
 0.495340E+01 -.288331E+01 -.165111E+01 -.741491E+01 0.328386E+02
 0.422079E+01 -.288809E+01 -.162156E+01 -.726484E+01 0.336232E+02
 0.494581E+01 -.288821E+01 -.165833E+01 -.754907E+01 0.329314E+02
 0.499493E+01 -.288363E+01 -.166009E+01 -.753557E+01 0.327745E+02
 0.493390E+01 -.288404E+01 -.165291E+01 -.747541E+01 0.328115E+02
 0.480096E+01 -.288335E+01 -.165203E+01 -.735145E+01 0.328232E+02
 0.494144E+01 -.288541E+01 -.166130E+01 -.759838E+01 0.327956E+02
 0.484684E+01 -.288400E+01 -.166145E+01 -.809470E+01 0.327815E+02
 0.496131E+01 -.288360E+01 -.166113E+01 -.880590E+01 0.327730E+02
 0.488924E+01 -.288336E+01 -.165815E+01 -.666639E+01 0.327852E+02
 0.491843E+01 -.288938E+01 -.165903E+01 -.555530E+01 0.330532E+02
 0.494953E+01 -.288403E+01 -.166460E+01 -.754407E+01 0.327752E+02
 0.494938E+01 -.288322E+01 -.166140E+01 -.761823E+01 0.327750E+02
 0.500000E+01 -.288866E+01 -.166150E+01 -.713632E+01 0.329831E+02
 0.496045E+01 -.288397E+01 -.166346E+01 -.751153E+01 0.327741E+02
 0.494271E+01 -.288199E+01 -.171127E+01 -.686316E+01 0.341718E+02
 0.494169E+01 -.288521E+01 -.166951E+01 -.758947E+01 0.328419E+02
 0.495840E+01 -.288378E+01 -.165898E+01 -.751775E+01 0.327760E+02
 0.500000E+01 -.288437E+01 -.156661E+01 -.763752E+01 0.371991E+02
 0.497435E+01 -.289179E+01 -.163360E+01 -.696043E+01 0.335746E+02
 0.494066E+01 -.288367E+01 -.166885E+01 -.806505E+01 0.328085E+02
 0.493780E+01 -.288102E+01 -.166253E+01 -.753800E+01 0.328517E+02
 0.493686E+01 -.288405E+01 -.166650E+01 -.637035E+01 0.327919E+02
 0.456363E+01 -.287496E+01 -.164124E+01 -.739192E+01 0.339131E+02
 0.498111E+01 -.288483E+01 -.162998E+01 -.763437E+01 0.332748E+02
 0.493429E+01 -.288407E+01 -.172042E+01 -.757076E+01 0.348367E+02
 0.489534E+01 -.288393E+01 -.166132E+01 -.757542E+01 0.327702E+02
 0.468195E+01 -.287683E+01 -.166039E+01 -.764554E+01 0.332620E+02
 0.492407E+01 -.286255E+01 -.166311E+01 -.802039E+01 0.371141E+02
 0.489999E+01 -.288358E+01 -.166195E+01 -.913558E+01 0.327734E+02
 0.500000E+01 -.289854E+01 -.164989E+01 -.786842E+01 0.346670E+02
 0.494933E+01 -.288395E+01 -.166114E+01 -.753811E+01 0.327695E+02
 0.497315E+01 -.288243E+01 -.151683E+01 -.751475E+01 0.428011E+02
 0.494015E+01 -.288384E+01 -.168253E+01 -.714659E+01 0.330347E+02
 0.473779E+01 -.288360E+01 -.164835E+01 -.740642E+01 0.328735E+02
 0.494273E+01 -.288385E+01 -.165387E+01 -.753273E+01 0.328008E+02
 0.496054E+01 -.288376E+01 -.166123E+01 -.758799E+01 0.327771E+02
 0.493384E+01 -.289690E+01 -.166119E+01 -.751808E+01 0.343436E+02
 0.390071E+01 -.287945E+01 -.167461E+01 -.755557E+01 0.330172E+02
 0.500000E+01 -.288201E+01 -.161462E+01 -.787092E+01 0.340247E+02
 0.364493E+01 -.288307E+01 -.165827E+01 -.665322E+01 0.328070E+02
 0.496306E+01 -.288406E+01 -.166525E+01 -.754002E+01 0.327824E+02
 0.472800E+01 -.291728E+01 -.165538E+01 -.752445E+01 0.427960E+02
 0.424987E+01 -.290546E+01 -.165335E+01 -.820919E+01 0.369421E+02
 0.495194E+01 -.288052E+01 -.165471E+01 -.908680E+01 0.329343E+02
 0.495015E+01 -.288311E+01 -.166128E+01 -.754618E+01 0.327813E+02
 0.499506E+01 -.289200E+01 -.166028E+01 -.712889E+01 0.333677E+02
 0.498801E+01 -.286188E+01 -.163045E+01 -.104351E+02 0.385825E+02
 0.494472E+01 -.288401E+01 -.166157E+01 -.752864E+01 0.327681E+02
 0.390168E+01 -.288418E+01 -.170306E+01 -.752070E+01 0.337942E+02
 0.494295E+01 -.288378E+01 -.166202E+01 -.763355E+01 0.327687E+02
 0.492262E+01 -.289192E+01 -.172821E+01 -.747342E+01 0.365205E+02
 0.494030E+01 -.288421E+01 -.166145E+01 -.737545E+01 0.327756E+02
 0.430098E+01 -.287343E+01 -.165883E+01 -.750987E+01 0.338556E+02
 0.485391E+01 -.288377E+01 -.166424E+01 -.625192E+01 0.327767E+02
 0.482911E+01 -.287753E+01 -.161161E+01 -.750077E+01 0.347138E+02
 0.481076E+01 -.288580E+01 -.168103E+01 -.695783E+01 0.330547E+02
 0.463656E+01 -.285690E+01 -.167096E+01 -.631800E+01 0.396303E+02
 0.494674E+01 -.288392E+01 -.166081E+01 -.751692E+01 0.327700E+02
 0.471709E+01 -.288357E+01 -.166124E+01 -.647973E+01 0.327737E+02
 0.493526E+01 -.289041E+01 -.179362E+01 -.792769E+01 0.449907E+02
 0.497266E+01 -.288111E+01 -.170131E+01 -.744705E+01 0.336674E+02
 0.494160E+01 -.288396E+01 -.166125E+01 -.757139E+01 0.327747E+02
 0.462360E+01 -.288419E+01 -.166558E+01 -.550000E+01 0.327949E+02
 0.486681E+01 -.288474E+01 -.163070E+01 -.620164E+01 0.332537E+02
 0.494414E+01 -.289650E+01 -.164906E+01 -.700247E+01 0.341759E+02
 0.496062E+01 -.288396E+01 -.166104E+01 -.748485E+01 0.327768E+02
 0.494442E+01 -.288004E+01 -.151531E+01 -.681432E+01 0.435304E+02
 0.500000E+01 -.288169E+01 -.166080E+01 -.752958E+01 0.328263E+02
 0.500000E+01 -.288184E+01 -.172524E+01 -.745120E+01 0.351033E+02
 0.494420E+01 -.288543E+01 -.166170E+01 -.756627E+01 0.327886E+02
 0.484658E+01 -.288115E+01 -.167022E+01 -.752527E+01 0.328726E+02
 0.470711E+01 -.288518E+01 -.165812E+01 -.880832E+01 0.327887E+02
 0.481639E+01 -.287267E+01 -.164535E+01 -.847207E+01 0.342769E+02
 0.500000E+01 -.289548E+01 -.153237E+01 -.744376E+01 0.407700E+02
 0.480486E+01 -.287896E+01 -.165983E+01 -.788208E+01 0.330181E+02
 0.434895E+01 -.288379E+01 -.165433E+01 -.789119E+01 0.328170E+02
 0.480528E+01 -.288343E+01 -.166146E+01 -.787640E+01 0.327755E+02
 0.477890E+01 -.285378E+01 -.165962E+01 -.787261E+01 0.416591E+02
 0.387132E+01 -.288867E+01 -.165358E+01 -.783605E+01 0.329781E+02
 0.489600E+01 -.288401E+01 -.166137E+01 -.896253E+01 0.327702E+02
 0.492031E+01 -.288430E+01 -.166675E+01 -.826887E+01 0.327989E+02
 0.483294E+01 -.288400E+01 -.166229E+01 -.755610E+01 0.327789E+02
 0.464664E+01 -.288651E+01 -.165312E+01 -.888676E+01 0.328646E+02
 0.484127E+01 -.288058E+01 -.166078E+01 -.716946E+01 0.329267E+02
 0.405108E+01 -.288852E+01 -.158338E+01 -.987773E+01 0.357433E+02
 0.482343E+01 -.288405E+01 -.166185E+01 -.809048E+01 0.327783E+02
 0.471562E+01 -.291021E+01 -.163880E+01 -.805247E+01 0.389078E+02
 0.500000E+01 -.287263E+01 -.165412E+01 -.929402E+01 0.340969E+02
 0.430347E+01 -.288227E+01 -.167189E+01 -.696542E+01 0.328539E+02
 0.469050E+01 -.288577E+01 -.166338E+01 -.843462E+01 0.328117E+02
 0.469532E+01 -.288248E+01 -.172156E+01 -.791969E+01 0.348432E+02
 0.478508E+01 -.286679E+01 -.167956E+01 -.799970E+01 0.354951E+02
 0.484336E+01 -.288324E+01 -.166968E+01 -.761974E+01 0.328641E+02
 0.489320E+01 -.288398E+01 -.166211E+01 -.790770E+01 0.327689E+02
 0.488265E+01 -.288490E+01 -.167404E+01 -.795796E+01 0.328914E+02
 0.488446E+01 -.288473E+01 -.172332E+01 -.795867E+01 0.351007E+02
 0.490857E+01 -.288685E+01 -.165155E+01 -.696257E+01 0.328811E+02
 0.486159E+01 -.291244E+01 -.166638E+01 -.819557E+01 0.403642E+02
 0.500000E+01 -.288824E+01 -.165966E+01 -.817359E+01 0.329406E+02
 0.479656E+01 -.288419E+01 -.165901E+01 -.814919E+01 0.327729E+02
 0.484243E+01 -.288444E+01 -.165567E+01 -.782797E+01 0.328491E+02
 0.484102E+01 -.289111E+01 -.166227E+01 -.776721E+01 0.333346E+02
 0.488155E+01 -.288646E+01 -.166114E+01 -.772911E+01 0.328347E+02
 0.474592E+01 -.288741E+01 -.167564E+01 -.793278E+01 0.330500E+02
 0.498814E+01 -.288428E+01 -.166270E+01 -.777660E+01 0.327787E+02
 0.491316E+01 -.288387E+01 -.165108E+01 -.782792E+01 0.328341E+02
 0.477275E+01 -.287929E+01 -.165900E+01 -.729159E+01 0.329919E+02
 0.476899E+01 -.288229E+01 -.166192E+01 -.778630E+01 0.327975E+02
 0.492978E+01 -.288407E+01 -.166146E+01 -.834600E+01 0.327734E+02
 0.484913E+01 -.288409E+01 -.166136E+01 -.106546E+02 0.327754E+02
 0.457004E+01 -.288475E+01 -.166326E+01 -.642856E+01 0.327815E+02
 0.474483E+01 -.287912E+01 -.166143E+01 -.102043E+02 0.329934E+02
 0.483799E+01 -.288398E+01 -.166304E+01 -.804854E+01 0.328293E+02
 0.486680E+01 -.288352E+01 -.166158E+01 -.784518E+01 0.327806E+02
 0.484789E+01 -.289172E+01 -.166280E+01 -.840577E+01 0.333576E+02
 0.492172E+01 -.288400E+01 -.166177E+01 -.809942E+01 0.327777E+02
 0.474741E+01 -.288402E+01 -.164545E+01 -.726556E+01 0.329054E+02
 0.483251E+01 -.290410E+01 -.165856E+01 -.808940E+01 0.365043E+02
 0.487989E+01 -.288424E+01 -.165626E+01 -.814483E+01 0.327880E+02
 0.459790E+01 -.285937E+01 -.171405E+01 -.825824E+01 0.389368E+02
 0.350000E+01 -.288456E+01 -.179730E+01 -.825309E+01 0.445554E+02
 0.479168E+01 -.288765E+01 -.165605E+01 -.687188E+01 0.328914E+02
 0.487917E+01 -.288503E+01 -.165968E+01 -.735420E+01 0.327882E+02
 0.474198E+01 -.288396E+01 -.165987E+01 -.757240E+01 0.327732E+02
 0.476586E+01 -.288411E+01 -.166032E+01 -.649061E+01 0.327727E+02
 0.491223E+01 -.287446E+01 -.163414E+01 -.819433E+01 0.342489E+02
 0.476182E+01 -.288472E+01 -.168835E+01 -.775267E+01 0.332098E+02
 0.483460E+01 -.288413E+01 -.162874E+01 -.788356E+01 0.333230E+02
 0.468039E+01 -.288412E+01 -.166215E+01 -.802173E+01 0.327769E+02
 0.458597E+01 -.288716E+01 -.166097E+01 -.785183E+01 0.328747E+02
 0.487968E+01 -.288402E+01 -.166321E+01 -.712386E+01 0.327797E+02
 0.350000E+01 -.288887E+01 -.167187E+01 -.870815E+01 0.331266E+02
 0.480742E+01 -.288398E+01 -.165792E+01 -.771943E+01 0.327760E+02
 0.484215E+01 -.288980E+01 -.165001E+01 -.767692E+01 0.331820E+02
 0.486300E+01 -.288401E+01 -.168018E+01 -.711512E+01 0.329859E+02
 0.483914E+01 -.288982E+01 -.171880E+01 -.688642E+01 0.353613E+02
 0.482451E+01 -.288520E+01 -.166879E+01 -.810878E+01 0.328385E+02
 0.471566E+01 -.288374E+01 -.164682E+01 -.802156E+01 0.328856E+02
 0.500000E+01 -.288021E+01 -.166089E+01 -.805369E+01 0.329108E+02
 0.479248E+01 -.286906E+01 -.166201E+01 -.791133E+01 0.348892E+02
 0.349965E+01 -.287852E+01 -.169802E+01 -.758741E+01 0.336644E+02
 0.475937E+01 -.288392E+01 -.177103E+01 -.733816E+01 0.401616E+02
 0.377342E+01 -.288302E+01 -.155768E+01 -.844712E+01 0.381474E+02
 0.484950E+01 -.289072E+01 -.157228E+01 -.679462E+01 0.366494E+02
 0.312928E+01 -.288115E+01 -.167776E+01 -.633287E+01 0.330066E+02
 0.478956E+01 -.288392E+01 -.165915E+01 -.777604E+01 0.327729E+02
 0.472633E+01 -.290745E+01 -.165465E+01 -.808993E+01 0.377803E+02
 0.335188E+01 -.288477E+01 -.166342E+01 -.830404E+01 0.328069E+02
 0.366619E+01 -.286484E+01 -.166278E+01 -.738494E+01 0.362565E+02
 0.480539E+01 -.288501E+01 -.164548E+01 -.722526E+01 0.328946E+02
 0.486170E+01 -.288366E+01 -.166116E+01 -.811090E+01 0.327799E+02
 0.470818E+01 -.288188E+01 -.177967E+01 -.811458E+01 0.412744E+02
 0.454374E+01 -.288768E+01 -.155405E+01 -.841552E+01 0.382211E+02
 0.480995E+01 -.289484E+01 -.166096E+01 -.817322E+01 0.338635E+02
 0.471348E+01 -.287697E+01 -.170788E+01 -.937095E+01 0.341890E+02
 0.486929E+01 -.290273E+01 -.162285E+01 -.849359E+01 0.362180E+02
 0.475991E+01 -.288404E+01 -.166153E+01 -.788372E+01 0.327706E+02
 0.361719E+01 -.288402E+01 -.168414E+01 -.750299E+01 0.330763E+02
 0.481130E+01 -.288372E+01 -.166240E+01 -.792221E+01 0.327730E+02
 0.475106E+01 -.288410E+01 -.166181E+01 -.750893E+01 0.328023E+02
 0.500000E+01 -.287396E+01 -.165010E+01 -.768771E+01 0.338944E+02
 0.479461E+01 -.288421E+01 -.165807E+01 -.806549E+01 0.327739E+02
 0.399458E+01 -.288444E+01 -.165814E+01 -.927282E+01 0.327874E+02
 0.493326E+01 -.288391E+01 -.169131E+01 -.108617E+02 0.332918E+02
 0.459181E+01 -.288833E+01 -.166198E+01 -.689743E+01 0.329551E+02
 0.490839E+01 -.288570E+01 -.154397E+01 -.807143E+01 0.393000E+02
 0.484914E+01 -.288406E+01 -.166167E+01 -.810743E+01 0.327755E+02
 0.471104E+01 -.288428E+01 -.166158E+01 -.656667E+01 0.327764E+02
 0.478537E+01 -.289149E+01 -.165131E+01 -.793271E+01 0.332795E+02
 0.480726E+01 -.289803E+01 -.167480E+01 -.794102E+01 0.348688E+02
 0.488896E+01 -.291071E+01 -.165779E+01 -.790274E+01 0.392880E+02
 0.496916E+01 -.288179E+01 -.168341E+01 -.760988E+01 0.330582E+02
 0.479914E+01 -.288398E+01 -.166125E+01 -.799414E+01 0.327705E+02
 0.476815E+01 -.292071E+01 -.161915E+01 -.775323E+01 0.446733E+02
 0.437666E+01 -.288503E+01 -.166633E+01 -.940333E+01 0.328052E+02
 0.486328E+01 -.285282E+01 -.168588E+01 -.550000E+01 0.417533E+02
 0.494163E+01 -.288524E+01 -.165692E+01 -.768993E+01 0.327939E+02
 0.471683E+01 -.289780E+01 -.152373E+01 -.823307E+01 0.420015E+02
 0.484922E+01 -.289475E+01 -.164891E+01 -.851864E+01 0.338666E+02
 0.482867E+01 -.288405E+01 -.166102E+01 -.772173E+01 0.327773E+02
 0.478355E+01 -.287590E+01 -.153937E+01 -.762556E+01 0.414054E+02
 0.397735E+01 -.288745E+01 -.165887E+01 -.767643E+01 0.328961E+02
 0.482366E+01 -.289229E+01 -.166182E+01 -.805437E+01 0.334484E+02
 0.454525E+01 -.289712E+01 -.168441E+01 -.693679E+01 0.349737E+02
 0.490027E+01 -.288627E+01 -.162563E+01 -.977673E+01 0.334156E+02
 0.471727E+01 -.288514E+01 -.174376E+01 -.808040E+01 0.369572E+02
 0.494008E+01 -.287316E+01 -.166621E+01 -.833728E+01 0.338430E+02
 0.441413E+01 -.286582E+01 -.154766E+01 -.715776E+01 0.439655E+02
 0.472894E+01 -.287741E+01 -.165863E+01 -.775024E+01 0.331924E+02
 0.419416E+01 -.288299E+01 -.164074E+01 -.819926E+01 0.330201E+02
 0.486613E+01 -.287965E+01 -.166085E+01 -.788625E+01 0.329529E+02
 0.467459E+01 -.287358E+01 -.163837E+01 -.802183E+01 0.342754E+02
 0.480911E+01 -.288411E+01 -.166095E+01 -.921394E+01 0.327704E+02
 0.482167E+01 -.288387E+01 -.171837E+01 -.786278E+01 0.346704E+02
 0.473689E+01 -.288403E+01 -.166267E+01 -.766208E+01 0.327811E+02
 0.466983E+01 -.288658E+01 -.164895E+01 -.810074E+01 0.328969E+02
 0.475481E+01 -.287601E+01 -.166131E+01 -.107204E+02 0.333929E+02
 0.496369E+01 -.288992E+01 -.176789E+01 -.886695E+01 0.406800E+02
 0.479875E+01 -.288405E+01 -.166163E+01 -.812511E+01 0.327707E+02
 0.439315E+01 -.288694E+01 -.164202E+01 -.870420E+01 0.330037E+02
 0.478889E+01 -.288797E+01 -.166349E+01 -.855599E+01 0.329297E+02
 0.471821E+01 -.289074E+01 -.165208E+01 -.799885E+01 0.331939E+02
 0.488748E+01 -.288309E+01 -.165728E+01 -.791153E+01 0.327911E+02
 0.478661E+01 -.288411E+01 -.166633E+01 -.816828E+01 0.327863E+02
 0.480898E+01 -.288351E+01 -.166153E+01 -.852298E+01 0.327747E+02
 0.480681E+01 -.288622E+01 -.158316E+01 -.777369E+01 0.357494E+02
 0.500000E+01 -.288285E+01 -.163982E+01 -.789059E+01 0.330545E+02
 0.487302E+01 -.290693E+01 -.167111E+01 -.777593E+01 0.379062E+02
 0.390402E+01 -.287851E+01 -.166333E+01 -.834949E+01 0.330619E+02
 0.489486E+01 -.288417E+01 -.166127E+01 -.811089E+01 0.327705E+02
 0.474839E+01 -.288370E+01 -.164575E+01 -.791026E+01 0.329056E+02
 0.489889E+01 -.288106E+01 -.166244E+01 -.804510E+01 0.328515E+02
 0.482192E+01 -.288646E+01 -.167454E+01 -.753946E+01 0.329567E+02
 0.475671E+01 -.291548E+01 -.162166E+01 -.784965E+01 0.415773E+02
 0.464706E+01 -.288597E+01 -.168217E+01 -.795318E+01 0.331271E+02
 0.477554E+01 -.288425E+01 -.166083E+01 -.772029E+01 0.327712E+02
 0.479985E+01 -.288383E+01 -.167103E+01 -.817287E+01 0.328258E+02
 0.477362E+01 -.288751E+01 -.166739E+01 -.797075E+01 0.329276E+02
 0.476298E+01 -.288249E+01 -.166128E+01 -.806742E+01 0.327952E+02
 0.469037E+01 -.288399E+01 -.166125E+01 -.794204E+01 0.327718E+02
 0.475286E+01 -.288377E+01 -.166165E+01 -.812847E+01 0.328038E+02
 0.443257E+01 -.288469E+01 -.166123E+01 -.733345E+01 0.327877E+02
 0.498061E+01 -.287223E+01 -.166361E+01 -.106353E+02 0.340571E+02
 0.488921E+01 -.288398E+01 -.165862E+01 -.829844E+01 0.327791E+02
 0.480482E+01 -.288479E+01 -.166133E+01 -.789097E+01 0.327783E+02
 0.483287E+01 -.288071E+01 -.166321E+01 -.874001E+01 0.328702E+02
 0.475893E+01 -.288408E+01 -.165829E+01 -.785223E+01 0.327759E+02
 0.467978E+01 -.288698E+01 -.162281E+01 -.897734E+01 0.335306E+02
 0.489689E+01 -.286624E+01 -.166161E+01 -.766807E+01 0.357703E+02
 0.482280E+01 -.288451E+01 -.165977E+01 -.800491E+01 0.327816E+02
 0.465701E+01 -.288267E+01 -.167870E+01 -.721083E+01 0.329883E+02
 0.477491E+01 -.288406E+01 -.165484E+01 -.789173E+01 0.327892E+02
 0.477451E+01 -.288627E+01 -.165989E+01 -.783158E+01 0.328172E+02
 0.468600E+01 -.288413E+01 -.165595E+01 -.734393E+01 0.327883E+02
 0.500000E+01 -.289300E+01 -.166539E+01 -.840158E+01 0.335735E+02
 0.469440E+01 -.288450E+01 -.167378E+01 -.768237E+01 0.328738E+02
 0.493907E+01 -.288416E+01 -.160039E+01 -.801097E+01 0.346625E+02
 0.472513E+01 -.288397E+01 -.166126E+01 -.805682E+01 0.327803E+02
 0.481132E+01 -.288840E+01 -.166138E+01 -.773885E+01 0.329578E+02
 0.477499E+01 -.291682E+01 -.161861E+01 -.791849E+01 0.423874E+02
 0.487335E+01 -.288393E+01 -.166254E+01 -.889471E+01 0.327778E+02
 0.273530E+01 -.287674E+01 -.168154E+01 -.887237E+01 0.334902E+02
 0.485402E+01 -.288402E+01 -.166028E+01 -.777792E+01 0.327755E+02
 0.485941E+01 -.288643E+01 -.177483E+01 -.787180E+01 0.410696E+02
 0.474022E+01 -.288438E+01 -.167245E+01 -.781342E+01 0.328537E+02
 0.484902E+01 -.288629E+01 -.153555E+01 -.682193E+01 0.401766E+02
 0.431368E+01 -.288535E+01 -.167497E+01 -.833038E+01 0.329242E+02
 0.487308E+01 -.288389E+01 -.165957E+01 -.821620E+01 0.327781E+02
 0.488364E+01 -.288078E+01 -.166182E+01 -.762404E+01 0.328685E+02
 0.482051E+01 -.286082E+01 -.166305E+01 -.769321E+01 0.378672E+02
 0.499965E+01 -.289460E+01 -.164164E+01 -.813786E+01 0.338529E+02
 0.487836E+01 -.288558E+01 -.169001E+01 -.687251E+01 0.333190E+02
 0.462928E+01 -.288130E+01 -.167324E+01 -.799654E+01 0.328901E+02
 0.466119E+01 -.288390E+01 -.165558E+01 -.800830E+01 0.327935E+02
 0.411580E+01 -.286127E+01 -.165898E+01 -.793988E+01 0.377423E+02
 0.421647E+01 -.285309E+01 -.166502E+01 -.777890E+01 0.418771E+02
 0.486855E+01 -.288832E+01 -.164426E+01 -.666739E+01 0.330478E+02
 0.476485E+01 -.288472E+01 -.166107E+01 -.836219E+01 0.327760E+02
 0.487142E+01 -.288124E+01 -.166064E+01 -.842322E+01 0.328481E+02
 0.466614E+01 -.288134E+01 -.166028E+01 -.848514E+01 0.328432E+02
 0.477273E+01 -.289692E+01 -.168708E+01 -.795911E+01 0.350009E+02
 0.483789E+01 -.288405E+01 -.166125E+01 -.802112E+01 0.328271E+02
 0.388418E+01 -.288406E+01 -.165945E+01 -.738606E+01 0.327778E+02
 0.480349E+01 -.288388E+01 -.166156E+01 -.798612E+01 0.327708E+02
 0.487774E+01 -.286893E+01 -.179603E+01 -.814919E+01 0.443602E+02
 0.480896E+01 -.288399E+01 -.166195E+01 -.799656E+01 0.327728E+02
 0.375270E+01 -.288813E+01 -.167065E+01 -.788552E+01 0.330318E+02
 0.470990E+01 -.288420E+01 -.165987E+01 -.955179E+01 0.327747E+02
 0.495860E+01 -.288573E+01 -.161196E+01 -.128341E+02 0.339915E+02
 0.495786E+01 -.290643E+01 -.165945E+01 -.758674E+01 0.373946E+02
 0.356978E+01 -.288748E+01 -.171663E+01 -.835219E+01 0.348693E+02
 0.477834E+01 -.288410E+01 -.166188E+01 -.803828E+01 0.327711E+02
 0.465781E+01 -.288466E+01 -.166163E+01 -.699220E+01 0.328477E+02
 0.473659E+01 -.287088E+01 -.157719E+01 -.791673E+01 0.388968E+02
 0.486334E+01 -.288567E+01 -.165232E+01 -.772149E+01 0.328370E+02
 0.487392E+01 -.288407E+01 -.166175E+01 -.804672E+01 0.327773E+02
 0.468383E+01 -.288419E+01 -.166161E+01 -.616591E+01 0.327772E+02
 0.472126E+01 -.288849E+01 -.155781E+01 -.947493E+01 0.378492E+02
 0.477741E+01 -.287745E+01 -.165848E+01 -.930704E+01 0.331968E+02
 0.478684E+01 -.288397E+01 -.166134E+01 -.809548E+01 0.327707E+02
 0.476745E+01 -.289348E+01 -.156903E+01 -.893172E+01 0.371190E+02
 0.371298E+01 -.288689E+01 -.165999E+01 -.770693E+01 0.328703E+02
 0.432942E+01 -.289233E+01 -.163257E+01 -.764805E+01 0.336560E+02
 0.473890E+01 -.288349E+01 -.166213E+01 -.758438E+01 0.327808E+02
 0.469277E+01 -.290174E+01 -.166817E+01 -.661159E+01 0.358305E+02
 0.475999E+01 -.288363E+01 -.169571E+01 -.922348E+01 0.334380E+02
 0.489487E+01 -.289006E+01 -.166681E+01 -.733213E+01 0.331671E+02
 0.486773E+01 -.288475E+01 -.165472E+01 -.788548E+01 0.328037E+02
 0.479371E+01 -.288372E+01 -.165052E+01 -.798235E+01 0.328324E+02
 0.489456E+01 -.288324E+01 -.166045E+01 -.774423E+01 0.327759E+02
 0.451194E+01 -.287741E+01 -.165152E+01 -.790148E+01 0.332868E+02
 0.479595E+01 -.288411E+01 -.166123E+01 -.696649E+01 0.327708E+02
 0.473660E+01 -.288356E+01 -.163109E+01 -.789578E+01 0.332661E+02
 0.471184E+01 -.288403E+01 -.166054E+01 -.780365E+01 0.327738E+02
 0.490637E+01 -.288502E+01 -.167689E+01 -.835649E+01 0.329355E+02
 0.478706E+01 -.287613E+01 -.166181E+01 -.132661E+02 0.333534E+02
 0.500000E+01 -.286587E+01 -.155767E+01 -.619976E+01 0.428393E+02
 0.496742E+01 -.289298E+01 -.167242E+01 -.863873E+01 0.337123E+02
 0.479005E+01 -.288405E+01 -.166153E+01 -.793117E+01 0.327708E+02
 0.494394E+01 -.287687E+01 -.169047E+01 -.727994E+01 0.335446E+02
 0.423766E+01 -.289500E+01 -.165470E+01 -.808803E+01 0.338878E+02
 0.498431E+01 -.288714E+01 -.168857E+01 -.772036E+01 0.333691E+02
 0.487476E+01 -.288491E+01 -.166165E+01 -.857664E+01 0.327867E+02
 0.485966E+01 -.289200E+01 -.162353E+01 -.801975E+01 0.338705E+02
 0.500000E+01 -.291958E+01 -.164777E+01 -.782460E+01 0.439944E+02
 0.486583E+01 -.288383E+01 -.165023E+01 -.775167E+01 0.328455E+02
 0.483886E+01 -.288402E+01 -.165925E+01 -.780091E+01 0.328304E+02
 0.474818E+01 -.288302E+01 -.165193E+01 -.883561E+01 0.328351E+02
 0.488393E+01 -.288582E+01 -.164915E+01 -.752565E+01 0.328648E+02
 0.475076E+01 -.288370E+01 -.166189E+01 -.798229E+01 0.328023E+02
 0.492508E+01 -.285546E+01 -.166442E+01 -.761495E+01 0.405070E+02
 0.486575E+01 -.287660E+01 -.164176E+01 -.790320E+01 0.336166E+02
 0.402125E+01 -.288096E+01 -.166163E+01 -.754375E+01 0.328637E+02
 0.489869E+01 -.288400E+01 -.166242E+01 -.737531E+01 0.328894E+02
 0.473111E+01 -.288322E+01 -.166800E+01 -.768746E+01 0.328022E+02
 0.200000E+01 -.288895E+01 -.172178E+01 -.760776E+01 0.361280E+02
 0.477410E+01 -.288054E+01 -.166161E+01 -.816671E+01 0.328823E+02
 0.479303E+01 -.289212E+01 -.173930E+01 -.773914E+01 0.376119E+02
 0.479712E+01 -.288454E+01 -.166934E+01 -.751483E+01 0.328167E+02
 0.438544E+01 -.286746E+01 -.165076E+01 -.720951E+01 0.355956E+02
 0.488298E+01 -.288524E+01 -.166516E+01 -.776379E+01 0.328078E+02
 0.462697E+01 -.288396E+01 -.166022E+01 -.774097E+01 0.327707E+02
 0.480347E+01 -.288393E+01 -.167635E+01 -.806521E+01 0.328958E+02
 0.479839E+01 -.288918E+01 -.165706E+01 -.838070E+01 0.330100E+02
 0.494217E+01 -.288502E+01 -.166070E+01 -.789186E+01 0.327777E+02
 0.476137E+01 -.288397E+01 -.166096E+01 -.700292E+01 0.327725E+02
 0.500000E+01 -.288365E+01 -.166110E+01 -.586281E+01 0.327782E+02
 0.421270E+01 -.287555E+01 -.166961E+01 -.884514E+01 0.334266E+02
 0.464428E+01 -.288326E+01 -.165966E+01 -.746659E+01 0.327936E+02
 0.467920E+01 -.287869E+01 -.155983E+01 -.765652E+01 0.385700E+02
 0.500000E+01 -.288191E+01 -.166120E+01 -.834855E+01 0.328163E+02
 0.485373E+01 -.288387E+01 -.165962E+01 -.823251E+01 0.327738E+02
 0.489669E+01 -.288454E+01 -.166129E+01 -.763550E+01 0.327734E+02
 0.498395E+01 -.287897E+01 -.166298E+01 -.789686E+01 0.330013E+02
 0.472930E+01 -.288395E+01 -.166048E+01 -.742728E+01 0.327795E+02
 0.472813E+01 -.288353E+01 -.162912E+01 -.927251E+01 0.333303E+02
 0.492318E+01 -.286945E+01 -.167176E+01 -.754910E+01 0.346902E+02
 0.492983E+01 -.288441E+01 -.166254E+01 -.777169E+01 0.327769E+02
 0.490226E+01 -.291110E+01 -.158652E+01 -.782409E+01 0.407227E+02
 0.483911E+01 -.288429E+01 -.169404E+01 -.766405E+01 0.334074E+02
 0.476944E+01 -.288319E+01 -.166131E+01 -.835693E+01 0.327767E+02
 0.500000E+01 -.288433E+01 -.166104E+01 -.767529E+01 0.327772E+02
 0.472437E+01 -.288411E+01 -.165761E+01 -.811403E+01 0.327848E+02
 0.474800E+01 -.289640E+01 -.167049E+01 -.607896E+01 0.343644E+02
 0.475334E+01 -.288394E+01 -.165200E+01 -.782070E+01 0.328512E+02
 0.491551E+01 -.288474E+01 -.161801E+01 -.786272E+01 0.337275E+02
 0.478683E+01 -.288831E+01 -.167194E+01 -.791838E+01 0.330538E+02
 0.482597E+01 -.288394E+01 -.166069E+01 -.750639E+01 0.327803E+02
 0.475138E+01 -.288423E+01 -.166142E+01 -.756657E+01 0.328027E+02
 0.485146E+01 -.288340E+01 -.166110E+01 -.920320E+01 0.327772E+02
 0.423530E+01 -.288793E+01 -.166080E+01 -.871950E+01 0.329286E+02
 0.486312E+01 -.288401E+01 -.166458E+01 -.770316E+01 0.327873E+02
 0.486999E+01 -.288414E+01 -.164707E+01 -.791700E+01 0.328831E+02
 0.483979E+01 -.287516E+01 -.165325E+01 -.646747E+01 0.336376E+02
 0.411159E+01 -.288512E+01 -.165881E+01 -.810283E+01 0.327998E+02
 0.498782E+01 -.288394E+01 -.167044E+01 -.737053E+01 0.328245E+02
 0.487819E+01 -.288805E+01 -.166228E+01 -.751035E+01 0.329420E+02
 0.498804E+01 -.290344E+01 -.166266E+01 -.774035E+01 0.363075E+02
 0.500000E+01 -.289248E+01 -.161427E+01 -.825999E+01 0.342536E+02
 0.500000E+01 -.288602E+01 -.155928E+01 -.796618E+01 0.377719E+02
 0.500000E+01 -.288474E+01 -.162906E+01 -.998985E+01 0.333063E+02
 0.492480E+01 -.288620E+01 -.157730E+01 -.117470E+02 0.361972E+02
 0.486600E+01 -.288754E+01 -.166378E+01 -.731842E+01 0.329161E+02
 0.488921E+01 -.288402E+01 -.165910E+01 -.796604E+01 0.327780E+02
 0.487156E+01 -.291489E+01 -.166056E+01 -.819340E+01 0.415247E+02
 0.483453E+01 -.288077E+01 -.165544E+01 -.654903E+01 0.329075E+02
 0.488956E+01 -.288422E+01 -.166112E+01 -.727810E+01 0.327767E+02
 0.490406E+01 -.288485E+01 -.156764E+01 -.829651E+01 0.370726E+02
 0.466300E+01 -.288890E+01 -.175795E+01 -.777748E+01 0.391358E+02
 0.478835E+01 -.287489E+01 -.166048E+01 -.723954E+01 0.335638E+02
 0.487886E+01 -.288224E+01 -.163635E+01 -.904896E+01 0.331696E+02
 0.494214E+01 -.285510E+01 -.166009E+01 -.881642E+01 0.408383E+02
 0.500000E+01 -.288397E+01 -.166154E+01 -.767278E+01 0.327762E+02
 0.447796E+01 -.288409E+01 -.164093E+01 -.789766E+01 0.330050E+02
 0.499092E+01 -.288411E+01 -.166150E+01 -.777798E+01 0.327735E+02
 0.497560E+01 -.288406E+01 -.166153E+01 -.772843E+01 0.327759E+02
 0.357251E+01 -.289779E+01 -.168398E+01 -.810818E+01 0.351202E+02
 0.478590E+01 -.288396E+01 -.166242E+01 -.735345E+01 0.327716E+02
 0.487969E+01 -.288144E+01 -.176046E+01 -.806895E+01 0.386012E+02
 0.486212E+01 -.288657E+01 -.163722E+01 -.758409E+01 0.330937E+02
 0.500000E+01 -.287873E+01 -.167519E+01 -.810549E+01 0.330735E+02
 0.355591E+01 -.288495E+01 -.176456E+01 -.781153E+01 0.394141E+02
 0.480459E+01 -.288407E+01 -.166124E+01 -.757957E+01 0.327724E+02
 0.478611E+01 -.288461E+01 -.166135E+01 -.874917E+01 0.327743E+02
 0.372251E+01 -.286861E+01 -.166191E+01 -.822064E+01 0.350183E+02
 0.480963E+01 -.286664E+01 -.159005E+01 -.747103E+01 0.393336E+02
 0.482640E+01 -.288663E+01 -.165192E+01 -.788076E+01 0.328705E+02
 0.493319E+01 -.288398E+01 -.166176E+01 -.757238E+01 0.327725E+02
 0.485957E+01 -.287066E+01 -.178802E+01 -.733995E+01 0.428462E+02
 0.500000E+01 -.288345E+01 -.165796E+01 -.592993E+01 0.327850E+02
 0.448830E+01 -.288508E+01 -.162856E+01 -.116433E+02 0.333330E+02
 0.493371E+01 -.289168E+01 -.165979E+01 -.820051E+01 0.333295E+02
 0.487568E+01 -.287149E+01 -.166645E+01 -.901094E+01 0.342053E+02
 0.483731E+01 -.288393E+01 -.166163E+01 -.737169E+01 0.328264E+02
 0.491317E+01 -.289108E+01 -.176177E+01 -.883601E+01 0.401041E+02
 0.500000E+01 -.288449E+01 -.166193E+01 -.788252E+01 0.327793E+02
 0.471169E+01 -.286783E+01 -.169856E+01 -.755313E+01 0.354904E+02
 0.480179E+01 -.287699E+01 -.166211E+01 -.747308E+01 0.332302E+02
 0.483809E+01 -.290165E+01 -.164478E+01 -.742575E+01 0.356782E+02
 0.468028E+01 -.288283E+01 -.167016E+01 -.707066E+01 0.328173E+02
 0.495432E+01 -.289595E+01 -.166352E+01 -.739343E+01 0.341419E+02
 0.453193E+01 -.289797E+01 -.169754E+01 -.729648E+01 0.358233E+02
 0.497473E+01 -.288965E+01 -.165212E+01 -.774803E+01 0.330826E+02
 0.461723E+01 -.288460E+01 -.167039E+01 -.769505E+01 0.328315E+02
 0.489037E+01 -.288711E+01 -.166183E+01 -.755566E+01 0.328738E+02
 0.495424E+01 -.285488E+01 -.171108E+01 -.773900E+01 0.409865E+02
 0.401300E+01 -.289394E+01 -.166945E+01 -.784788E+01 0.338465E+02
 0.500000E+01 -.288395E+01 -.166179E+01 -.640504E+01 0.327766E+02
 0.500000E+01 -.288384E+01 -.163382E+01 -.798343E+01 0.331769E+02
 0.485439E+01 -.288401E+01 -.166028E+01 -.780387E+01 0.327748E+02
 0.494346E+01 -.288258E+01 -.167488E+01 -.951402E+01 0.328748E+02
 0.497349E+01 -.288871E+01 -.166182E+01 -.801609E+01 0.329954E+02
 0.481548E+01 -.288406E+01 -.166169E+01 -.780426E+01 0.327743E+02
 0.500000E+01 -.287988E+01 -.165707E+01 -.789578E+01 0.329568E+02
 0.479535E+01 -.288083E+01 -.154109E+01 -.652958E+01 0.401752E+02
 0.486036E+01 -.288162E+01 -.166101E+01 -.866065E+01 0.328296E+02
 0.495693E+01 -.288289E+01 -.163023E+01 -.727916E+01 0.333214E+02
 0.487974E+01 -.288457E+01 -.166225E+01 -.759035E+01 0.327823E+02
 0.491104E+01 -.288396E+01 -.165468E+01 -.757175E+01 0.327969E+02
 0.472299E+01 -.288370E+01 -.165483E+01 -.841233E+01 0.328011E+02
 0.485628E+01 -.288314E+01 -.171891E+01 -.776958E+01 0.346906E+02
 0.493741E+01 -.288469E+01 -.167455E+01 -.631207E+01 0.328942E+02
 0.491741E+01 -.287484E+01 -.166712E+01 -.764161E+01 0.335263E+02
 0.475494E+01 -.288619E+01 -.165912E+01 -.756519E+01 0.328498E+02
 0.485146E+01 -.288397E+01 -.166071E+01 -.767888E+01 0.327748E+02
 0.500000E+01 -.288344E+01 -.167948E+01 -.765320E+01 0.329593E+02
 0.350000E+01 -.288818E+01 -.151220E+01 -.711159E+01 0.428322E+02
 0.470705E+01 -.288302E+01 -.166243E+01 -.813303E+01 0.327834E+02
 0.490969E+01 -.288439E+01 -.156154E+01 -.789699E+01 0.376542E+02
 0.478150E+01 -.288241E+01 -.166077E+01 -.813508E+01 0.327951E+02
 0.500000E+01 -.288366E+01 -.165133E+01 -.761599E+01 0.328289E+02
 0.457706E+01 -.288373E+01 -.166166E+01 -.785125E+01 0.327752E+02
 0.482265E+01 -.288398E+01 -.166705E+01 -.784681E+01 0.327997E+02
 0.479563E+01 -.288240E+01 -.165625E+01 -.837094E+01 0.328132E+02
 0.500000E+01 -.288456E+01 -.166093E+01 -.762348E+01 0.327793E+02
 0.490758E+01 -.288397E+01 -.166181E+01 -.767874E+01 0.327744E+02
 0.487781E+01 -.288362E+01 -.166105E+01 -.777153E+01 0.327777E+02
 0.479972E+01 -.288303E+01 -.165938E+01 -.687821E+01 0.327827E+02
 0.486820E+01 -.288972E+01 -.165965E+01 -.646250E+01 0.330884E+02
 0.494605E+01 -.288380E+01 -.166360E+01 -.738795E+01 0.327732E+02
 0.493347E+01 -.288392E+01 -.166121E+01 -.755216E+01 0.327737E+02
 0.488170E+01 -.288503E+01 -.166093E+01 -.700304E+01 0.327857E+02
 0.491019E+01 -.288392E+01 -.166306E+01 -.734431E+01 0.327766E+02
 0.490504E+01 -.288335E+01 -.169275E+01 -.674526E+01 0.333265E+02
 0.493429E+01 -.289150E+01 -.167478E+01 -.800637E+01 0.335087E+02
 0.487361E+01 -.288381E+01 -.166248E+01 -.749364E+01 0.327777E+02
 0.492270E+01 -.288455E+01 -.155469E+01 -.752579E+01 0.382962E+02
 0.494101E+01 -.288796E+01 -.164404E+01 -.799328E+01 0.330214E+02
 0.479420E+01 -.288354E+01 -.166672E+01 -.870087E+01 0.327895E+02
 0.461853E+01 -.288215E+01 -.166274E+01 -.777143E+01 0.328066E+02
 0.478907E+01 -.288408E+01 -.166096E+01 -.836241E+01 0.327707E+02
 0.463359E+01 -.286649E+01 -.166610E+01 -.713938E+01 0.356195E+02
 0.480593E+01 -.288362E+01 -.164041E+01 -.799765E+01 0.330059E+02
 0.491063E+01 -.288491E+01 -.170429E+01 -.744985E+01 0.338898E+02
 0.499977E+01 -.288904E+01 -.155590E+01 -.790223E+01 0.380241E+02
 0.492587E+01 -.288396E+01 -.166231E+01 -.771879E+01 0.327719E+02
 0.465055E+01 -.288024E+01 -.166103E+01 -.750606E+01 0.329118E+02
 0.487893E+01 -.288304E+01 -.166091E+01 -.870481E+01 0.327844E+02
 0.500000E+01 -.289488E+01 -.164563E+01 -.807667E+01 0.338633E+02
 0.493146E+01 -.288389E+01 -.166487E+01 -.764194E+01 0.327774E+02
 0.488805E+01 -.288322E+01 -.157552E+01 -.764560E+01 0.365174E+02
 0.498717E+01 -.288399E+01 -.166674E+01 -.747049E+01 0.327942E+02
 0.479603E+01 -.287711E+01 -.176108E+01 -.619651E+01 0.386398E+02
 0.400209E+01 -.288320E+01 -.164796E+01 -.746477E+01 0.328906E+02
 0.480550E+01 -.288386E+01 -.166852E+01 -.693036E+01 0.327960E+02
 0.485154E+01 -.288451E+01 -.166096E+01 -.765493E+01 0.327779E+02
 0.500000E+01 -.288655E+01 -.166271E+01 -.760091E+01 0.328434E+02
 0.384491E+01 -.287643E+01 -.165475E+01 -.792689E+01 0.333859E+02
 0.470040E+01 -.288214E+01 -.159926E+01 -.836179E+01 0.348740E+02
 0.500000E+01 -.289334E+01 -.150358E+01 -.959161E+01 0.439722E+02
 0.453490E+01 -.290187E+01 -.162571E+01 -.820312E+01 0.358909E+02
 0.367892E+01 -.288313E+01 -.165285E+01 -.634051E+01 0.328321E+02
 0.500000E+01 -.288408E+01 -.166224E+01 -.785804E+01 0.327770E+02
 0.500000E+01 -.291463E+01 -.166003E+01 -.736395E+01 0.413286E+02
 0.500000E+01 -.287819E+01 -.165642E+01 -.834978E+01 0.331262E+02
 0.486156E+01 -.287998E+01 -.166971E+01 -.711307E+01 0.329384E+02
 0.488239E+01 -.288344E+01 -.166123E+01 -.718342E+01 0.327764E+02
 0.475516E+01 -.288531E+01 -.158862E+01 -.825219E+01 0.353819E+02
 0.500000E+01 -.288806E+01 -.162958E+01 -.825703E+01 0.333459E+02
 0.497590E+01 -.287353E+01 -.166139E+01 -.639207E+01 0.337960E+02
 0.500000E+01 -.287004E+01 -.169324E+01 -.973574E+01 0.347943E+02
 0.460040E+01 -.289300E+01 -.162659E+01 -.802457E+01 0.338923E+02
 0.479359E+01 -.288398E+01 -.166179E+01 -.768025E+01 0.327708E+02
 0.500000E+01 -.288408E+01 -.164316E+01 -.818673E+01 0.329455E+02
 0.500000E+01 -.288396E+01 -.166182E+01 -.763068E+01 0.327764E+02
 0.483466E+01 -.288411E+01 -.166123E+01 -.757072E+01 0.327818E+02
 0.500000E+01 -.288452E+01 -.166560E+01 -.816327E+01 0.327883E+02
 0.484569E+01 -.288380E+01 -.166425E+01 -.598114E+01 0.328097E+02
 0.492452E+01 -.288417E+01 -.180243E+01 -.889611E+01 0.454412E+02
 0.480186E+01 -.288521E+01 -.167127E+01 -.595061E+01 0.328553E+02
 0.464124E+01 -.286539E+01 -.167947E+01 -.689974E+01 0.359508E+02
 0.231488E+01 -.287990E+01 -.160952E+01 -.755822E+01 0.345884E+02
 0.487708E+01 -.286529E+01 -.172499E+01 -.621702E+01 0.373472E+02
 0.484796E+01 -.288385E+01 -.166133E+01 -.727125E+01 0.327752E+02
 0.484967E+01 -.288382E+01 -.166082E+01 -.907557E+01 0.327752E+02
 0.498250E+01 -.290263E+01 -.162552E+01 -.750085E+01 0.361003E+02
 0.485938E+01 -.288347E+01 -.167627E+01 -.774035E+01 0.329050E+02
 0.488966E+01 -.288392E+01 -.166146E+01 -.747368E+01 0.327759E+02
 0.459311E+01 -.288412E+01 -.165646E+01 -.603151E+01 0.327858E+02
 0.481877E+01 -.291838E+01 -.166430E+01 -.795204E+01 0.436828E+02
 0.500000E+01 -.287854E+01 -.161628E+01 -.615890E+01 0.343242E+02
 0.500000E+01 -.288506E+01 -.166195E+01 -.689198E+01 0.327884E+02
 0.486311E+01 -.288400E+01 -.166132E+01 -.710646E+01 0.327794E+02
 0.442243E+01 -.288257E+01 -.166344E+01 -.810414E+01 0.327942E+02
 0.426567E+01 -.288267E+01 -.171006E+01 -.762997E+01 0.341211E+02
 0.485727E+01 -.287947E+01 -.166175E+01 -.752082E+01 0.329654E+02
 0.469860E+01 -.286818E+01 -.165558E+01 -.834912E+01 0.352574E+02
 0.482184E+01 -.288503E+01 -.164441E+01 -.712747E+01 0.329110E+02
 0.500000E+01 -.288197E+01 -.165760E+01 -.844756E+01 0.328255E+02
 0.480295E+01 -.289186E+01 -.166105E+01 -.761439E+01 0.333477E+02
 0.420454E+01 -.288401E+01 -.164986E+01 -.771592E+01 0.328409E+02
 0.480134E+01 -.288530E+01 -.166259E+01 -.792311E+01 0.327893E+02
 0.434674E+01 -.289292E+01 -.165514E+01 -.787628E+01 0.335071E+02
 0.464186E+01 -.288407E+01 -.166115E+01 -.749178E+01 0.327866E+02
 0.475014E+01 -.288426E+01 -.166815E+01 -.811781E+01 0.328281E+02
 0.489180E+01 -.288399E+01 -.166137E+01 -.783385E+01 0.328587E+02
 0.479559E+01 -.288303E+01 -.163889E+01 -.902798E+01 0.330597E+02
 0.500000E+01 -.288668E+01 -.166152E+01 -.550000E+01 0.328485E+02
 0.437997E+01 -.286525E+01 -.163500E+01 -.739758E+01 0.369441E+02
 0.482353E+01 -.288405E+01 -.166181E+01 -.789532E+01 0.327783E+02
 0.456794E+01 -.287124E+01 -.166041E+01 -.777246E+01 0.343148E+02
 0.459327E+01 -.287987E+01 -.165624E+01 -.597954E+01 0.329644E+02
 0.470682E+01 -.288015E+01 -.166378E+01 -.887405E+01 0.329067E+02
 0.484190E+01 -.287874E+01 -.171817E+01 -.748090E+01 0.346505E+02
 0.492705E+01 -.288329E+01 -.166920E+01 -.772878E+01 0.328114E+02
 0.488706E+01 -.288397E+01 -.166085E+01 -.785697E+01 0.327752E+02
 0.485567E+01 -.288414E+01 -.167618E+01 -.751986E+01 0.329115E+02
 0.487346E+01 -.288167E+01 -.168900E+01 -.800153E+01 0.332063E+02
 0.422097E+01 -.286396E+01 -.177286E+01 -.955486E+01 0.420619E+02
 0.498836E+01 -.288564E+01 -.166299E+01 -.652231E+01 0.328017E+02
 0.493079E+01 -.289646E+01 -.167780E+01 -.776697E+01 0.345724E+02
 0.500000E+01 -.288880E+01 -.165933E+01 -.799371E+01 0.329865E+02
 0.493075E+01 -.288399E+01 -.166004E+01 -.803630E+01 0.327738E+02
 0.461076E+01 -.288423E+01 -.164883E+01 -.803970E+01 0.328544E+02
 0.462260E+01 -.288734E+01 -.156163E+01 -.587388E+01 0.375109E+02
 0.481030E+01 -.288715E+01 -.166295E+01 -.809509E+01 0.328726E+02
 0.500000E+01 -.287851E+01 -.156194E+01 -.758421E+01 0.383982E+02
 0.478657E+01 -.288317E+01 -.165410E+01 -.847083E+01 0.328065E+02
 0.473744E+01 -.288326E+01 -.165058E+01 -.808364E+01 0.328509E+02
 0.485044E+01 -.288392E+01 -.166083E+01 -.781906E+01 0.327751E+02
 0.484884E+01 -.288386E+01 -.165006E+01 -.773299E+01 0.328473E+02
 0.476864E+01 -.287814E+01 -.166449E+01 -.743165E+01 0.330840E+02
 0.462545E+01 -.288328E+01 -.166161E+01 -.768451E+01 0.327799E+02
 0.473381E+01 -.288396E+01 -.166186E+01 -.797375E+01 0.327794E+02
 0.485451E+01 -.288368E+01 -.166119E+01 -.907817E+01 0.327750E+02
 0.500000E+01 -.288910E+01 -.166539E+01 -.774400E+01 0.330460E+02
 0.459265E+01 -.288484E+01 -.166092E+01 -.565756E+01 0.327818E+02
 0.482195E+01 -.288418E+01 -.166060E+01 -.628220E+01 0.327700E+02
 0.500000E+01 -.288396E+01 -.166272E+01 -.764605E+01 0.327715E+02
 0.481318E+01 -.288360E+01 -.166119E+01 -.758892E+01 0.327757E+02
 0.494371E+01 -.288797E+01 -.166128E+01 -.688532E+01 0.329176E+02
 0.498306E+01 -.288405E+01 -.166000E+01 -.840012E+01 0.327751E+02
 0.500000E+01 -.288410E+01 -.168616E+01 -.629902E+01 0.331313E+02
 0.487178E+01 -.289528E+01 -.166835E+01 -.775331E+01 0.340842E+02
 0.485384E+01 -.288368E+01 -.165763E+01 -.780851E+01 0.327800E+02
 0.485470E+01 -.287963E+01 -.177640E+01 -.808494E+01 0.406779E+02
 0.479685E+01 -.288475E+01 -.153883E+01 -.779773E+01 0.399372E+02
 0.489922E+01 -.289028E+01 -.163420E+01 -.712803E+01 0.333832E+02
 0.478935E+01 -.288443E+01 -.166392E+01 -.772874E+01 0.327778E+02
 0.484206E+01 -.288259E+01 -.166114E+01 -.783749E+01 0.328417E+02
 0.485639E+01 -.288405E+01 -.166449E+01 -.803418E+01 0.327872E+02
 0.485296E+01 -.288541E+01 -.165389E+01 -.798369E+01 0.328151E+02
 0.324680E+01 -.285524E+01 -.165963E+01 -.763601E+01 0.408663E+02
 0.479845E+01 -.288360E+01 -.165718E+01 -.805954E+01 0.327804E+02
 0.491965E+01 -.288477E+01 -.168090E+01 -.716221E+01 0.330175E+02
 0.478682E+01 -.285134E+01 -.167135E+01 -.788782E+01 0.428610E+02
 0.493423E+01 -.288406E+01 -.166239E+01 -.796696E+01 0.327756E+02
 0.478194E+01 -.288289E+01 -.166065E+01 -.803096E+01 0.327829E+02
 0.482747E+01 -.288400E+01 -.166256E+01 -.772351E+01 0.327785E+02
 0.388100E+01 -.288663E+01 -.163830E+01 -.753292E+01 0.330604E+02
 0.498607E+01 -.288402E+01 -.165907E+01 -.798999E+01 0.327766E+02
 0.485605E+01 -.288771E+01 -.151080E+01 -.730737E+01 0.430454E+02
 0.473415E+01 -.288401E+01 -.167148E+01 -.737328E+01 0.328374E+02
 0.477872E+01 -.289334E+01 -.174327E+01 -.626329E+01 0.383272E+02
 0.427757E+01 -.288290E+01 -.165613E+01 -.738035E+01 0.328038E+02
 0.487590E+01 -.288376E+01 -.166079E+01 -.697118E+01 0.327772E+02
 0.496464E+01 -.288092E+01 -.166109E+01 -.811425E+01 0.328621E+02
 0.491189E+01 -.287106E+01 -.166157E+01 -.753113E+01 0.343491E+02
 0.394658E+01 -.288128E+01 -.168657E+01 -.728543E+01 0.331508E+02
 0.466233E+01 -.288059E+01 -.172373E+01 -.775046E+01 0.349790E+02
 0.459196E+01 -.289391E+01 -.162260E+01 -.937369E+01 0.341431E+02
 0.426377E+01 -.288068E+01 -.164860E+01 -.637634E+01 0.329960E+02
 0.472663E+01 -.288393E+01 -.166171E+01 -.775246E+01 0.327805E+02
 0.384996E+01 -.285246E+01 -.166153E+01 -.822221E+01 0.424083E+02
 0.489257E+01 -.288651E+01 -.167519E+01 -.834053E+01 0.329711E+02
 0.482335E+01 -.288378E+01 -.166047E+01 -.807593E+01 0.327777E+02
 0.465960E+01 -.288195E+01 -.173488E+01 -.823329E+01 0.358977E+02
 0.459717E+01 -.288318E+01 -.154555E+01 -.851599E+01 0.393609E+02
 0.500000E+01 -.288428E+01 -.166208E+01 -.781270E+01 0.327776E+02
 0.474590E+01 -.287886E+01 -.170845E+01 -.100057E+02 0.340865E+02
 0.467803E+01 -.288402E+01 -.166191E+01 -.795869E+01 0.327763E+02
 0.426570E+01 -.288404E+01 -.167310E+01 -.786938E+01 0.328592E+02
 0.484955E+01 -.288397E+01 -.166193E+01 -.769296E+01 0.327755E+02
 0.482141E+01 -.288411E+01 -.166168E+01 -.769689E+01 0.327695E+02
 0.415522E+01 -.287387E+01 -.164828E+01 -.799355E+01 0.339696E+02
 0.483948E+01 -.288396E+01 -.166185E+01 -.835611E+01 0.328287E+02
 0.500000E+01 -.288455E+01 -.164033E+01 -.917869E+01 0.330023E+02
 0.500000E+01 -.288392E+01 -.169515E+01 -.936912E+01 0.334307E+02
 0.456451E+01 -.288728E+01 -.165514E+01 -.643268E+01 0.328796E+02
 0.369736E+01 -.287142E+01 -.159110E+01 -.783713E+01 0.375629E+02
 0.494801E+01 -.288393E+01 -.166152E+01 -.748069E+01 0.327700E+02
 0.487296E+01 -.288358E+01 -.166113E+01 -.882754E+01 0.327778E+02
 0.496761E+01 -.289262E+01 -.172774E+01 -.799435E+01 0.366329E+02
 0.491750E+01 -.288229E+01 -.168553E+01 -.769837E+01 0.330996E+02
 0.477649E+01 -.288393E+01 -.166106E+01 -.785799E+01 0.327707E+02
 0.461739E+01 -.288460E+01 -.166043E+01 -.821776E+01 0.327823E+02
 0.479597E+01 -.288528E+01 -.168232E+01 -.764748E+01 0.330666E+02
 0.472772E+01 -.289446E+01 -.166051E+01 -.772159E+01 0.338164E+02
 0.444693E+01 -.288716E+01 -.155934E+01 -.696916E+01 0.377200E+02
 0.479255E+01 -.289453E+01 -.165738E+01 -.673829E+01 0.337747E+02
 0.495742E+01 -.288406E+01 -.166087E+01 -.734277E+01 0.327728E+02
 0.483792E+01 -.288424E+01 -.160190E+01 -.672546E+01 0.345903E+02
 0.433697E+01 -.288499E+01 -.166170E+01 -.784187E+01 0.327862E+02
 0.460753E+01 -.288501E+01 -.157300E+01 -.770268E+01 0.366005E+02
 0.483491E+01 -.288748E+01 -.166160E+01 -.760985E+01 0.329035E+02
 0.463519E+01 -.285832E+01 -.168130E+01 -.770749E+01 0.388326E+02
 0.488385E+01 -.288558E+01 -.164852E+01 -.988297E+01 0.328682E+02
 0.478840E+01 -.287316E+01 -.165848E+01 -.865953E+01 0.339189E+02
 0.466257E+01 -.291253E+01 -.165473E+01 -.828032E+01 0.401165E+02
 0.472589E+01 -.289101E+01 -.166069E+01 -.764702E+01 0.332515E+02
 0.469633E+01 -.288326E+01 -.164853E+01 -.779056E+01 0.328708E+02
 0.493564E+01 -.288186E+01 -.166067E+01 -.812029E+01 0.328157E+02
 0.476350E+01 -.291438E+01 -.164344E+01 -.809834E+01 0.408924E+02
 0.452492E+01 -.288249E+01 -.164368E+01 -.790435E+01 0.329802E+02
 0.479729E+01 -.288412E+01 -.166095E+01 -.916799E+01 0.327706E+02
 0.486417E+01 -.288433E+01 -.168575E+01 -.818131E+01 0.331256E+02
 0.480418E+01 -.288399E+01 -.166245E+01 -.791756E+01 0.327675E+02
 0.469271E+01 -.288593E+01 -.164955E+01 -.797916E+01 0.328627E+02
 0.474771E+01 -.288251E+01 -.166112E+01 -.101263E+02 0.327924E+02
 0.482335E+01 -.288405E+01 -.166178E+01 -.804229E+01 0.327782E+02
 0.498579E+01 -.288487E+01 -.166284E+01 -.776458E+01 0.327867E+02
 0.455215E+01 -.288675E+01 -.176296E+01 -.873570E+01 0.394466E+02
 0.464972E+01 -.288480E+01 -.166421E+01 -.886809E+01 0.327955E+02
 0.474257E+01 -.288476E+01 -.172227E+01 -.772126E+01 0.350111E+02
 0.485411E+01 -.288285E+01 -.166070E+01 -.794457E+01 0.327897E+02
 0.475499E+01 -.288400E+01 -.166720E+01 -.820863E+01 0.328178E+02
 0.485674E+01 -.288359E+01 -.167961E+01 -.721317E+01 0.329681E+02
 0.485474E+01 -.288163E+01 -.163887E+01 -.767918E+01 0.331368E+02
 0.500000E+01 -.288589E+01 -.164835E+01 -.727271E+01 0.328744E+02
 0.488793E+01 -.289188E+01 -.166801E+01 -.788983E+01 0.334428E+02
 0.453646E+01 -.288161E+01 -.166040E+01 -.805382E+01 0.328276E+02
 0.496579E+01 -.288406E+01 -.166134E+01 -.801972E+01 0.327721E+02
 0.443006E+01 -.288390E+01 -.164091E+01 -.778509E+01 0.330019E+02
 0.312260E+01 -.288724E+01 -.179442E+01 -.652734E+01 0.445283E+02
 0.490712E+01 -.288367E+01 -.166184E+01 -.791218E+01 0.327749E+02
 0.492191E+01 -.287757E+01 -.177806E+01 -.732152E+01 0.408972E+02
 0.481497E+01 -.288323E+01 -.165667E+01 -.828320E+01 0.327937E+02
 0.488590E+01 -.290349E+01 -.151548E+01 -.787809E+01 0.440597E+02
 0.482700E+01 -.288456E+01 -.167095E+01 -.804558E+01 0.328393E+02
 0.479190E+01 -.288414E+01 -.166053E+01 -.785074E+01 0.327709E+02
 0.488588E+01 -.288389E+01 -.165271E+01 -.789258E+01 0.328113E+02
 0.476633E+01 -.289097E+01 -.166971E+01 -.698116E+01 0.333219E+02
 0.456559E+01 -.288435E+01 -.166156E+01 -.793174E+01 0.327728E+02
 0.467235E+01 -.288393E+01 -.166150E+01 -.798336E+01 0.327798E+02
 0.500000E+01 -.288372E+01 -.166158E+01 -.940749E+01 0.327767E+02
 0.450743E+01 -.288556E+01 -.166104E+01 -.550000E+01 0.328118E+02
 0.476719E+01 -.287974E+01 -.166198E+01 -.648403E+01 0.329396E+02
 0.465812E+01 -.288406E+01 -.166066E+01 -.783890E+01 0.327707E+02
 0.481051E+01 -.288374E+01 -.166172E+01 -.783415E+01 0.327732E+02
 0.495317E+01 -.288369E+01 -.166239E+01 -.885312E+01 0.327725E+02
 0.480000E+01 -.288411E+01 -.165768E+01 -.814394E+01 0.327752E+02
 0.478897E+01 -.288552E+01 -.161563E+01 -.988920E+01 0.338144E+02
 0.487571E+01 -.289409E+01 -.165794E+01 -.774311E+01 0.337177E+02
 0.484429E+01 -.288458E+01 -.165632E+01 -.780632E+01 0.328471E+02
 0.329685E+01 -.288478E+01 -.171756E+01 -.809641E+01 0.347072E+02
 0.475150E+01 -.288276E+01 -.167882E+01 -.684765E+01 0.329628E+02
 0.477711E+01 -.288340E+01 -.165822E+01 -.785096E+01 0.327787E+02
 0.500000E+01 -.288489E+01 -.166039E+01 -.768469E+01 0.327818E+02
 0.475608E+01 -.288407E+01 -.165831E+01 -.785591E+01 0.328088E+02
 0.496513E+01 -.289986E+01 -.164518E+01 -.861061E+01 0.350349E+02
 0.480018E+01 -.288364E+01 -.167483E+01 -.800481E+01 0.328758E+02
 0.486498E+01 -.288392E+01 -.164231E+01 -.818234E+01 0.329695E+02
 0.481812E+01 -.288412E+01 -.166062E+01 -.802116E+01 0.327743E+02
 0.468087E+01 -.288632E+01 -.166016E+01 -.836891E+01 0.328253E+02
 0.463638E+01 -.289421E+01 -.164335E+01 -.792848E+01 0.337664E+02
 0.482835E+01 -.288470E+01 -.166224E+01 -.762150E+01 0.327851E+02
 0.386410E+01 -.288115E+01 -.166623E+01 -.778522E+01 0.328593E+02
 0.489017E+01 -.288404E+01 -.165656E+01 -.823305E+01 0.327868E+02
 0.490909E+01 -.288596E+01 -.172074E+01 -.762844E+01 0.349989E+02
 0.461473E+01 -.288409E+01 -.166630E+01 -.745283E+01 0.327889E+02
 0.485430E+01 -.287901E+01 -.165415E+01 -.675538E+01 0.330580E+02
 0.470657E+01 -.288577E+01 -.166657E+01 -.803840E+01 0.328308E+02
 0.496042E+01 -.288403E+01 -.165573E+01 -.847629E+01 0.327885E+02
 0.500000E+01 -.288486E+01 -.166197E+01 -.787772E+01 0.327844E+02
 0.470243E+01 -.286437E+01 -.166212E+01 -.760252E+01 0.364386E+02
 0.441618E+01 -.288755E+01 -.166179E+01 -.778657E+01 0.329004E+02
 0.500000E+01 -.288632E+01 -.167050E+01 -.639326E+01 0.328903E+02
 0.433622E+01 -.288183E+01 -.173044E+01 -.731455E+01 0.355172E+02
 0.440771E+01 -.288468E+01 -.166943E+01 -.708980E+01 0.328375E+02
 0.456774E+01 -.288384E+01 -.165756E+01 -.792060E+01 0.327788E+02
 0.346861E+01 -.288770E+01 -.166473E+01 -.788589E+01 0.329405E+02
 0.489749E+01 -.288981E+01 -.166546E+01 -.855082E+01 0.332530E+02
 0.481158E+01 -.288446E+01 -.166042E+01 -.815944E+01 0.327755E+02
 0.482683E+01 -.288117E+01 -.173853E+01 -.804565E+01 0.362167E+02
 0.441256E+01 -.288991E+01 -.166778E+01 -.783149E+01 0.331836E+02
 0.494216E+01 -.289243E+01 -.166234E+01 -.901658E+01 0.334620E+02
 0.460970E+01 -.289373E+01 -.168677E+01 -.869480E+01 0.342613E+02
 0.470235E+01 -.288406E+01 -.166140E+01 -.801594E+01 0.327751E+02
 0.437339E+01 -.288404E+01 -.167381E+01 -.694227E+01 0.328741E+02
 0.480959E+01 -.288402E+01 -.166211E+01 -.800862E+01 0.327730E+02
 0.476983E+01 -.287591E+01 -.165851E+01 -.796712E+01 0.334150E+02
 0.480685E+01 -.288408E+01 -.166203E+01 -.794457E+01 0.327729E+02
 0.500000E+01 -.288508E+01 -.166812E+01 -.795293E+01 0.328153E+02
 0.474035E+01 -.288409E+01 -.166040E+01 -.910165E+01 0.327726E+02
 0.460409E+01 -.288468E+01 -.154185E+01 -.881419E+01 0.396096E+02
 0.479079E+01 -.288634E+01 -.162649E+01 -.129469E+02 0.333835E+02
 0.463037E+01 -.290205E+01 -.164587E+01 -.765835E+01 0.356994E+02
 0.450033E+01 -.286612E+01 -.172693E+01 -.817755E+01 0.372393E+02
 0.484266E+01 -.288413E+01 -.166129E+01 -.840498E+01 0.328292E+02
 0.467739E+01 -.288364E+01 -.166146E+01 -.586827E+01 0.327780E+02
 0.472338E+01 -.286210E+01 -.166546E+01 -.823377E+01 0.372591E+02
 0.494953E+01 -.288584E+01 -.166445E+01 -.756038E+01 0.328118E+02
 0.472576E+01 -.288410E+01 -.166141E+01 -.789556E+01 0.327808E+02
 0.485324E+01 -.288483E+01 -.166528E+01 -.925871E+01 0.327926E+02
 0.481493E+01 -.287017E+01 -.165563E+01 -.758993E+01 0.346630E+02
 0.445609E+01 -.288965E+01 -.154943E+01 -.882201E+01 0.386492E+02
 0.466910E+01 -.288794E+01 -.165674E+01 -.695127E+01 0.329261E+02
 0.489559E+01 -.288410E+01 -.166060E+01 -.848358E+01 0.327704E+02
 0.500000E+01 -.288561E+01 -.166063E+01 -.775648E+01 0.328007E+02
 0.490538E+01 -.289140E+01 -.157153E+01 -.767664E+01 0.367542E+02
 0.476076E+01 -.286978E+01 -.154525E+01 -.796487E+01 0.427026E+02
 0.481177E+01 -.288697E+01 -.166204E+01 -.790997E+01 0.328602E+02
 0.470995E+01 -.291796E+01 -.167382E+01 -.677928E+01 0.437456E+02
 0.482423E+01 -.288374E+01 -.166299E+01 -.110963E+02 0.327794E+02
 0.477485E+01 -.287778E+01 -.166072E+01 -.865014E+01 0.331396E+02
 0.500000E+01 -.288324E+01 -.165408E+01 -.795074E+01 0.328097E+02
 0.500000E+01 -.288347E+01 -.165638E+01 -.800470E+01 0.327913E+02
 0.486829E+01 -.288157E+01 -.166053E+01 -.753391E+01 0.328331E+02
 0.485948E+01 -.291708E+01 -.161966E+01 -.776411E+01 0.425628E+02
 0.453892E+01 -.287847E+01 -.164715E+01 -.794234E+01 0.332237E+02
 0.499656E+01 -.288415E+01 -.166174E+01 -.870619E+01 0.327768E+02
 0.500000E+01 -.288417E+01 -.165302E+01 -.776176E+01 0.328077E+02
 0.473650E+01 -.288405E+01 -.166284E+01 -.800775E+01 0.327815E+02
 0.489290E+01 -.288616E+01 -.167098E+01 -.780588E+01 0.328900E+02
 0.471306E+01 -.288295E+01 -.166133E+01 -.127995E+02 0.327815E+02
 0.493183E+01 -.287549E+01 -.167726E+01 -.695473E+01 0.334735E+02
 0.481164E+01 -.288405E+01 -.166161E+01 -.802920E+01 0.327711E+02
 0.490422E+01 -.287921E+01 -.173861E+01 -.705831E+01 0.362116E+02
 0.500000E+01 -.289442E+01 -.166406E+01 -.788287E+01 0.338242E+02
 0.469703E+01 -.288918E+01 -.167899E+01 -.922307E+01 0.332918E+02
 0.469401E+01 -.288832E+01 -.166094E+01 -.835014E+01 0.329499E+02
 0.477916E+01 -.289115E+01 -.163277E+01 -.797063E+01 0.334982E+02
 0.461986E+01 -.285415E+01 -.166463E+01 -.823565E+01 0.412537E+02
 0.482534E+01 -.288434E+01 -.165358E+01 -.808047E+01 0.328133E+02
 0.481391E+01 -.288402E+01 -.166526E+01 -.813278E+01 0.327839E+02
 0.479098E+01 -.288352E+01 -.166807E+01 -.897602E+01 0.327984E+02
 0.484773E+01 -.288496E+01 -.163799E+01 -.751646E+01 0.330503E+02
 0.493463E+01 -.288338E+01 -.165396E+01 -.843702E+01 0.328087E+02
 0.487460E+01 -.287792E+01 -.166014E+01 -.731388E+01 0.331236E+02
 0.385353E+01 -.288011E+01 -.166160E+01 -.761484E+01 0.329212E+02
 0.500000E+01 -.286804E+01 -.153896E+01 -.740699E+01 0.441058E+02
 0.483629E+01 -.288421E+01 -.166119E+01 -.797104E+01 0.327823E+02
 0.500000E+01 -.288381E+01 -.168427E+01 -.768218E+01 0.330727E+02
 0.367861E+01 -.288438E+01 -.175302E+01 -.798282E+01 0.379310E+02
 0.489982E+01 -.288097E+01 -.166079E+01 -.777602E+01 0.328568E+02
 0.480690E+01 -.289338E+01 -.173915E+01 -.773720E+01 0.378890E+02
 0.482620E+01 -.288346E+01 -.166316E+01 -.790017E+01 0.327801E+02
 0.489357E+01 -.288611E+01 -.166646E+01 -.752589E+01 0.328381E+02
 0.463510E+01 -.288413E+01 -.166104E+01 -.781176E+01 0.327756E+02
 0.481134E+01 -.288395E+01 -.167001E+01 -.798809E+01 0.328126E+02
 0.481799E+01 -.289299E+01 -.166192E+01 -.780945E+01 0.335514E+02
 0.454379E+01 -.288473E+01 -.166094E+01 -.777211E+01 0.327853E+02
 0.491607E+01 -.288403E+01 -.166092E+01 -.779149E+01 0.327776E+02
 0.485810E+01 -.288382E+01 -.166132E+01 -.748437E+01 0.327793E+02
 0.492567E+01 -.288388E+01 -.166058E+01 -.750711E+01 0.327712E+02
 0.479371E+01 -.288270E+01 -.166128E+01 -.859328E+01 0.327865E+02
 0.474385E+01 -.288393E+01 -.166020E+01 -.777427E+01 0.327728E+02
 0.490846E+01 -.288444E+01 -.166198E+01 -.778690E+01 0.327740E+02
 0.486031E+01 -.288043E+01 -.166318E+01 -.956985E+01 0.328918E+02
 0.474003E+01 -.288396E+01 -.165824E+01 -.740890E+01 0.327770E+02
 0.469143E+01 -.288507E+01 -.159496E+01 -.101252E+02 0.349702E+02
 0.494639E+01 -.288315E+01 -.165635E+01 -.779034E+01 0.327922E+02
 0.487344E+01 -.288512E+01 -.165947E+01 -.761325E+01 0.327900E+02
 0.473245E+01 -.287908E+01 -.168907E+01 -.727232E+01 0.333176E+02
 0.478956E+01 -.288321E+01 -.165517E+01 -.832371E+01 0.327986E+02
 0.466915E+01 -.288602E+01 -.166055E+01 -.761828E+01 0.328198E+02
 0.476645E+01 -.288406E+01 -.165922E+01 -.775442E+01 0.327710E+02
 0.489033E+01 -.288893E+01 -.166916E+01 -.845584E+01 0.330837E+02
 0.480230E+01 -.288421E+01 -.165324E+01 -.791553E+01 0.328016E+02
 0.481698E+01 -.288402E+01 -.164144E+01 -.816028E+01 0.329802E+02
 0.477705E+01 -.288394E+01 -.166100E+01 -.740130E+01 0.327707E+02
 0.474683E+01 -.288291E+01 -.166016E+01 -.735290E+01 0.327844E+02
 0.482095E+01 -.288397E+01 -.166161E+01 -.854136E+01 0.327685E+02
 0.464217E+01 -.288035E+01 -.168631E+01 -.809881E+01 0.331692E+02
 0.479022E+01 -.288406E+01 -.166249E+01 -.759803E+01 0.327718E+02
 0.337856E+01 -.288449E+01 -.150238E+01 -.739091E+01 0.443979E+02
 0.484863E+01 -.288470E+01 -.179142E+01 -.785333E+01 0.435020E+02
 0.460563E+01 -.288419E+01 -.165337E+01 -.765481E+01 0.328052E+02
 0.486517E+01 -.287433E+01 -.160162E+01 -.766762E+01 0.359824E+02
 0.497323E+01 -.288491E+01 -.166694E+01 -.832143E+01 0.328091E+02
 0.487828E+01 -.288421E+01 -.165665E+01 -.856246E+01 0.327859E+02
 0.484625E+01 -.288717E+01 -.166224E+01 -.755355E+01 0.329035E+02
 0.491844E+01 -.289697E+01 -.166334E+01 -.766291E+01 0.343991E+02
 0.500000E+01 -.288962E+01 -.163361E+01 -.812371E+01 0.333401E+02
 0.475024E+01 -.288577E+01 -.159022E+01 -.791929E+01 0.352564E+02
 0.476893E+01 -.288977E+01 -.167668E+01 -.802696E+01 0.333021E+02
 0.392694E+01 -.288627E+01 -.166849E+01 -.801488E+01 0.328954E+02
 0.485030E+01 -.288386E+01 -.165629E+01 -.788264E+01 0.327869E+02
 0.467655E+01 -.286304E+01 -.166024E+01 -.789360E+01 0.369940E+02
 0.432237E+01 -.291063E+01 -.165626E+01 -.771099E+01 0.392108E+02
 0.488110E+01 -.288335E+01 -.165646E+01 -.733083E+01 0.327899E+02
 0.492639E+01 -.288376E+01 -.166132E+01 -.787946E+01 0.327715E+02
 0.495704E+01 -.288197E+01 -.162604E+01 -.833324E+01 0.335319E+02
 0.470945E+01 -.289017E+01 -.175441E+01 -.741798E+01 0.389275E+02
 0.493432E+01 -.289232E+01 -.166161E+01 -.708319E+01 0.334344E+02
 0.500000E+01 -.288667E+01 -.164141E+01 -.104092E+02 0.330016E+02
 0.500000E+01 -.288399E+01 -.166093E+01 -.743797E+01 0.327743E+02
 0.449685E+01 -.288407E+01 -.165846E+01 -.653109E+01 0.327894E+02
 0.486049E+01 -.288409E+01 -.166216E+01 -.762388E+01 0.327816E+02
 0.499409E+01 -.288407E+01 -.166123E+01 -.809227E+01 0.327743E+02
 0.447208E+01 -.289289E+01 -.167639E+01 -.820622E+01 0.337772E+02
 0.477967E+01 -.288406E+01 -.166123E+01 -.813556E+01 0.327707E+02
 0.382879E+01 -.288373E+01 -.169635E+01 -.817116E+01 0.334943E+02
 0.476520E+01 -.288708E+01 -.161885E+01 -.769689E+01 0.336990E+02
 0.471894E+01 -.289307E+01 -.165175E+01 -.776027E+01 0.335352E+02
 0.300033E+01 -.288423E+01 -.173169E+01 -.801259E+01 0.358129E+02
 0.484388E+01 -.288388E+01 -.166127E+01 -.834982E+01 0.328284E+02
 0.461981E+01 -.288487E+01 -.166177E+01 -.550000E+01 0.327887E+02
 0.470410E+01 -.288041E+01 -.162488E+01 -.824304E+01 0.336983E+02
 0.488526E+01 -.288733E+01 -.164571E+01 -.798920E+01 0.329643E+02
 0.486994E+01 -.288404E+01 -.166170E+01 -.757994E+01 0.327795E+02
 0.490655E+01 -.288456E+01 -.166454E+01 -.833577E+01 0.327859E+02
 0.484642E+01 -.288894E+01 -.179229E+01 -.806236E+01 0.444110E+02
 0.500000E+01 -.286095E+01 -.166207E+01 -.800060E+01 0.378550E+02
 0.472100E+01 -.288135E+01 -.169601E+01 -.753936E+01 0.334506E+02
 0.484658E+01 -.287619E+01 -.166307E+01 -.905155E+01 0.333690E+02
 0.479360E+01 -.288401E+01 -.166163E+01 -.846890E+01 0.327707E+02
 0.490854E+01 -.288750E+01 -.175949E+01 -.885250E+01 0.390962E+02
 0.454553E+01 -.288374E+01 -.166137E+01 -.795519E+01 0.327794E+02
 0.458510E+01 -.288773E+01 -.165991E+01 -.794479E+01 0.329094E+02
 0.465201E+01 -.286634E+01 -.163057E+01 -.750697E+01 0.367380E+02
 0.487366E+01 -.288413E+01 -.166218E+01 -.787741E+01 0.327780E+02
 0.483865E+01 -.288836E+01 -.165144E+01 -.668402E+01 0.330411E+02
 0.476943E+01 -.288277E+01 -.167241E+01 -.104584E+02 0.328453E+02
 0.500000E+01 -.288600E+01 -.166092E+01 -.817373E+01 0.328123E+02
 0.458003E+01 -.288042E+01 -.165216E+01 -.756826E+01 0.329637E+02
 0.457723E+01 -.288381E+01 -.166555E+01 -.811088E+01 0.327853E+02
 0.477365E+01 -.288743E+01 -.166080E+01 -.754736E+01 0.328803E+02
 0.489391E+01 -.286873E+01 -.165427E+01 -.771988E+01 0.351371E+02
 0.397108E+01 -.289176E+01 -.167729E+01 -.792921E+01 0.336161E+02
 0.487249E+01 -.288410E+01 -.166182E+01 -.760590E+01 0.327774E+02
 0.477199E+01 -.288374E+01 -.164662E+01 -.807895E+01 0.328870E+02
 0.474250E+01 -.288402E+01 -.166192E+01 -.792660E+01 0.327727E+02
 0.487718E+01 -.288437E+01 -.168071E+01 -.993127E+01 0.330017E+02
 0.498448E+01 -.288518E+01 -.166195E+01 -.754952E+01 0.327913E+02
 0.487205E+01 -.285080E+01 -.166333E+01 -.899053E+01 0.433672E+02
 0.478483E+01 -.288406E+01 -.166163E+01 -.786391E+01 0.327708E+02
 0.467152E+01 -.288581E+01 -.166037E+01 -.799340E+01 0.328114E+02
 0.471581E+01 -.287721E+01 -.159568E+01 -.640430E+01 0.357781E+02
 0.484396E+01 -.288708E+01 -.166071E+01 -.892485E+01 0.329290E+02
 0.487674E+01 -.288516E+01 -.160260E+01 -.778643E+01 0.345000E+02
 0.500000E+01 -.289611E+01 -.163970E+01 -.770126E+01 0.341630E+02
 0.489261E+01 -.288519E+01 -.165591E+01 -.786624E+01 0.328411E+02
 0.491810E+01 -.288402E+01 -.166078E+01 -.768904E+01 0.327776E+02
 0.476751E+01 -.288355E+01 -.164702E+01 -.878979E+01 0.328842E+02
 0.494912E+01 -.288682E+01 -.171834E+01 -.787793E+01 0.349026E+02
 0.500000E+01 -.290348E+01 -.153047E+01 -.663193E+01 0.424413E+02
 0.476409E+01 -.288235E+01 -.166388E+01 -.717312E+01 0.327996E+02
 0.483964E+01 -.288349E+01 -.167688E+01 -.730177E+01 0.329537E+02
 0.487090E+01 -.290538E+01 -.162630E+01 -.775814E+01 0.370393E+02
 0.413844E+01 -.288822E+01 -.166200E+01 -.763985E+01 0.329443E+02
 0.485418E+01 -.288410E+01 -.166100E+01 -.746711E+01 0.327808E+02
 0.464374E+01 -.288367E+01 -.167407E+01 -.760928E+01 0.328615E+02
 0.487744E+01 -.288339E+01 -.166071E+01 -.790752E+01 0.327798E+02
 0.491571E+01 -.289544E+01 -.158744E+01 -.815970E+01 0.360655E+02
 0.482820E+01 -.288433E+01 -.166731E+01 -.764351E+01 0.328060E+02
 0.477257E+01 -.290647E+01 -.160030E+01 -.789047E+01 0.381941E+02
 0.483777E+01 -.288639E+01 -.165814E+01 -.770039E+01 0.328896E+02
 0.475824E+01 -.288401E+01 -.166114E+01 -.786340E+01 0.327706E+02
 0.487850E+01 -.288391E+01 -.167099E+01 -.787978E+01 0.328327E+02
 0.481973E+01 -.288292E+01 -.165551E+01 -.827895E+01 0.328072E+02
 0.477828E+01 -.288431E+01 -.166125E+01 -.767816E+01 0.327716E+02
 0.485360E+01 -.288410E+01 -.166155E+01 -.752051E+01 0.327756E+02
 0.483564E+01 -.288391E+01 -.166142E+01 -.628205E+01 0.327819E+02
 0.500000E+01 -.288266E+01 -.166186E+01 -.915116E+01 0.327859E+02
 0.483087E+01 -.288713E+01 -.166095E+01 -.732277E+01 0.328834E+02
 0.491475E+01 -.288388E+01 -.166140E+01 -.765410E+01 0.327780E+02
 0.500000E+01 -.288439E+01 -.166091E+01 -.770273E+01 0.327776E+02
 0.491998E+01 -.288526E+01 -.166212E+01 -.911259E+01 0.327971E+02
 0.500000E+01 -.288391E+01 -.166204E+01 -.720386E+01 0.327766E+02
 0.500000E+01 -.288357E+01 -.169068E+01 -.550000E+01 0.332611E+02
 0.486266E+01 -.287553E+01 -.165795E+01 -.802307E+01 0.334782E+02
 0.490376E+01 -.288371E+01 -.166195E+01 -.746651E+01 0.327739E+02
 0.479691E+01 -.290673E+01 -.152208E+01 -.792953E+01 0.442118E+02
 0.450366E+01 -.288400E+01 -.158912E+01 -.773253E+01 0.354375E+02
 0.485155E+01 -.288766E+01 -.164166E+01 -.764975E+01 0.330502E+02
 0.479077E+01 -.288413E+01 -.165722E+01 -.842144E+01 0.327770E+02
 0.482782E+01 -.288452E+01 -.166162E+01 -.765055E+01 0.327814E+02
 0.485157E+01 -.288407E+01 -.166454E+01 -.784999E+01 0.327847E+02
 0.466504E+01 -.287711E+01 -.167244E+01 -.796591E+01 0.332179E+02
 0.350000E+01 -.290138E+01 -.166116E+01 -.777147E+01 0.355775E+02
 0.480601E+01 -.288435E+01 -.163877E+01 -.801130E+01 0.330352E+02
 0.487192E+01 -.288478E+01 -.167731E+01 -.739949E+01 0.329471E+02
 0.476903E+01 -.290730E+01 -.166310E+01 -.773817E+01 0.378059E+02
 0.500000E+01 -.288792E+01 -.161527E+01 -.792592E+01 0.338653E+02
 0.493666E+01 -.288389E+01 -.166225E+01 -.740692E+01 0.327754E+02
 0.476957E+01 -.288210E+01 -.166036E+01 -.669491E+01 0.328064E+02
 0.500000E+01 -.290567E+01 -.167727E+01 -.755435E+01 0.375574E+02
 0.479322E+01 -.288342E+01 -.166115E+01 -.876955E+01 0.327738E+02
 0.419766E+01 -.288372E+01 -.167765E+01 -.783748E+01 0.329218E+02
 0.480502E+01 -.288404E+01 -.166623E+01 -.752650E+01 0.327809E+02
 0.486063E+01 -.288521E+01 -.172810E+01 -.767788E+01 0.355117E+02
 0.491817E+01 -.288421E+01 -.166022E+01 -.768513E+01 0.327786E+02
 0.484721E+01 -.289454E+01 -.165099E+01 -.801087E+01 0.338211E+02
 0.385469E+01 -.288313E+01 -.165571E+01 -.838946E+01 0.328016E+02
 0.486278E+01 -.288417E+01 -.166396E+01 -.764518E+01 0.327860E+02
 0.485759E+01 -.288289E+01 -.166085E+01 -.748437E+01 0.327896E+02
 0.499027E+01 -.289454E+01 -.166371E+01 -.778347E+01 0.338445E+02
 0.350000E+01 -.287918E+01 -.165179E+01 -.771978E+01 0.330982E+02
 0.461925E+01 -.288299E+01 -.160694E+01 -.857075E+01 0.343490E+02
 0.500000E+01 -.288892E+01 -.161714E+01 -.848182E+01 0.338306E+02
 0.450917E+01 -.286150E+01 -.158912E+01 -.844554E+01 0.417364E+02
 0.380903E+01 -.288173E+01 -.165204E+01 -.712282E+01 0.328956E+02
 0.500000E+01 -.288415E+01 -.165954E+01 -.773107E+01 0.327757E+02
 0.463017E+01 -.285667E+01 -.166168E+01 -.751116E+01 0.399316E+02
 0.434932E+01 -.286030E+01 -.167668E+01 -.799525E+01 0.379495E+02
 0.500000E+01 -.291570E+01 -.165497E+01 -.814422E+01 0.418136E+02
 0.486535E+01 -.288008E+01 -.165966E+01 -.688787E+01 0.329253E+02
 0.487191E+01 -.288348E+01 -.166185E+01 -.732124E+01 0.327824E+02
 0.484637E+01 -.288182E+01 -.160664E+01 -.848485E+01 0.344539E+02
 0.472392E+01 -.288818E+01 -.168448E+01 -.773330E+01 0.333475E+02
 0.482521E+01 -.288469E+01 -.166144E+01 -.619105E+01 0.327849E+02
 0.476010E+01 -.288034E+01 -.163057E+01 -.889022E+01 0.335042E+02
 0.471998E+01 -.288395E+01 -.166181E+01 -.746219E+01 0.327764E+02
 0.437593E+01 -.288406E+01 -.165188E+01 -.703869E+01 0.328190E+02
 0.484305E+01 -.288371E+01 -.166200E+01 -.749038E+01 0.328294E+02
 0.479405E+01 -.288409E+01 -.166100E+01 -.786308E+01 0.327706E+02
 0.482946E+01 -.288794E+01 -.166144E+01 -.826765E+01 0.329344E+02
 0.481957E+01 -.288403E+01 -.166242E+01 -.733623E+01 0.327785E+02
 0.359292E+01 -.288334E+01 -.178802E+01 -.898681E+01 0.427696E+02
 0.500000E+01 -.288208E+01 -.163377E+01 -.648060E+01 0.332555E+02
 0.473827E+01 -.287399E+01 -.166967E+01 -.653849E+01 0.336654E+02
 0.280361E+01 -.288485E+01 -.156339E+01 -.772619E+01 0.374108E+02
 0.488470E+01 -.288369E+01 -.166146E+01 -.765843E+01 0.327757E+02
 0.470633E+01 -.288476E+01 -.166181E+01 -.107500E+02 0.327815E+02
 0.500000E+01 -.289826E+01 -.163185E+01 -.770425E+01 0.347635E+02
 0.486873E+01 -.288456E+01 -.165370E+01 -.802128E+01 0.328093E+02
 0.500000E+01 -.288396E+01 -.166140E+01 -.741872E+01 0.327762E+02
 0.480475E+01 -.286017E+01 -.160982E+01 -.701505E+01 0.407319E+02
 0.467562E+01 -.288401E+01 -.166193E+01 -.550000E+01 0.327790E+02
 0.490794E+01 -.287997E+01 -.152727E+01 -.796647E+01 0.419296E+02
 0.470194E+01 -.289285E+01 -.166297E+01 -.822761E+01 0.335201E+02
 0.500000E+01 -.287756E+01 -.177698E+01 -.631138E+01 0.407307E+02
 0.493486E+01 -.287910E+01 -.166088E+01 -.987079E+01 0.329941E+02
 0.478968E+01 -.288392E+01 -.166244E+01 -.759446E+01 0.327716E+02
 0.455948E+01 -.288357E+01 -.166295E+01 -.802471E+01 0.327773E+02
 0.434078E+01 -.288472E+01 -.172925E+01 -.815508E+01 0.355622E+02
 0.480398E+01 -.288069E+01 -.178414E+01 -.724016E+01 0.418894E+02
 0.488867E+01 -.288129E+01 -.166214E+01 -.755379E+01 0.328384E+02
 0.475208E+01 -.285805E+01 -.164465E+01 -.789509E+01 0.398086E+02
 0.477447E+01 -.288453E+01 -.166249E+01 -.743852E+01 0.327750E+02
 0.483179E+01 -.289046E+01 -.166138E+01 -.761082E+01 0.331804E+02
 0.460046E+01 -.291127E+01 -.170088E+01 -.742921E+01 0.414481E+02
 0.460462E+01 -.288313E+01 -.165552E+01 -.720466E+01 0.328011E+02
 0.433617E+01 -.288411E+01 -.166981E+01 -.798309E+01 0.328243E+02
 0.485735E+01 -.289173E+01 -.166116E+01 -.788170E+01 0.333483E+02
 0.455725E+01 -.288871E+01 -.166041E+01 -.793054E+01 0.329814E+02
 0.483200E+01 -.288404E+01 -.166086E+01 -.726715E+01 0.327768E+02
 0.481922E+01 -.288355E+01 -.166353E+01 -.827148E+01 0.327809E+02
 0.479056E+01 -.288398E+01 -.166115E+01 -.787055E+01 0.327706E+02
 0.479128E+01 -.288269E+01 -.167184E+01 -.929213E+01 0.328399E+02
 0.500000E+01 -.288579E+01 -.166159E+01 -.550000E+01 0.328105E+02
 0.488224E+01 -.289887E+01 -.160242E+01 -.653354E+01 0.358887E+02
 0.480383E+01 -.288405E+01 -.166174E+01 -.780228E+01 0.327709E+02
 0.454032E+01 -.287745E+01 -.166120E+01 -.770067E+01 0.331654E+02
 0.479332E+01 -.287869E+01 -.164062E+01 -.550000E+01 0.333605E+02
 0.482489E+01 -.288253E+01 -.166161E+01 -.916804E+01 0.327935E+02
 0.483022E+01 -.288062E+01 -.162846E+01 -.759436E+01 0.335354E+02
 0.472700E+01 -.292037E+01 -.163635E+01 -.746079E+01 0.444569E+02
 0.493200E+01 -.288408E+01 -.166464E+01 -.722112E+01 0.327799E+02
 0.493394E+01 -.288397E+01 -.165982E+01 -.780019E+01 0.327745E+02
 0.483171E+01 -.288374E+01 -.164878E+01 -.767838E+01 0.328588E+02
 0.491693E+01 -.288438E+01 -.168717E+01 -.766286E+01 0.331786E+02
 0.421504E+01 -.286513E+01 -.154578E+01 -.927531E+01 0.445305E+02
 0.493302E+01 -.288416E+01 -.166835E+01 -.658190E+01 0.328072E+02
 0.478442E+01 -.288853E+01 -.168316E+01 -.765588E+01 0.333260E+02
 0.465535E+01 -.288758E+01 -.166030E+01 -.775877E+01 0.329657E+02
 0.491268E+01 -.288400E+01 -.166125E+01 -.746473E+01 0.327741E+02
 0.466960E+01 -.288393E+01 -.164399E+01 -.771704E+01 0.329351E+02
 0.325655E+01 -.289067E+01 -.156102E+01 -.617792E+01 0.375905E+02
 0.487336E+01 -.288608E+01 -.166218E+01 -.806339E+01 0.328232E+02
 0.497362E+01 -.287938E+01 -.165060E+01 -.749407E+01 0.330719E+02
 0.481608E+01 -.288466E+01 -.166229E+01 -.805480E+01 0.327840E+02
 0.480262E+01 -.288453E+01 -.165923E+01 -.815965E+01 0.327741E+02
 0.486558E+01 -.288394E+01 -.166188E+01 -.799942E+01 0.327809E+02
 0.489560E+01 -.288396E+01 -.166693E+01 -.778209E+01 0.327904E+02
 0.475650E+01 -.287784E+01 -.165640E+01 -.803182E+01 0.331929E+02
 0.500000E+01 -.288389E+01 -.166171E+01 -.790062E+01 0.327763E+02
 0.469694E+01 -.288396E+01 -.166148E+01 -.751025E+01 0.327735E+02
 0.490675E+01 -.288370E+01 -.166150E+01 -.773549E+01 0.327715E+02
 0.466811E+01 -.288337E+01 -.166251E+01 -.806893E+01 0.327818E+02
 0.482974E+01 -.288393E+01 -.166070E+01 -.598814E+01 0.327813E+02
 0.500000E+01 -.288391E+01 -.166277E+01 -.794152E+01 0.327716E+02
 0.492710E+01 -.288412E+01 -.166098E+01 -.761226E+01 0.327728E+02
 0.482603E+01 -.288619E+01 -.166087E+01 -.690639E+01 0.328269E+02
 0.481046E+01 -.288401E+01 -.166157E+01 -.852154E+01 0.327726E+02
 0.463262E+01 -.288384E+01 -.171422E+01 -.107500E+02 0.344109E+02
 0.481208E+01 -.287558E+01 -.165975E+01 -.793961E+01 0.334520E+02
 0.494776E+01 -.288335E+01 -.166126E+01 -.741306E+01 0.327735E+02
 0.484231E+01 -.290426E+01 -.175448E+01 -.803984E+01 0.435976E+02
 0.312212E+01 -.288542E+01 -.151729E+01 -.794911E+01 0.423519E+02
 0.479057E+01 -.289158E+01 -.164122E+01 -.728432E+01 0.333847E+02
 0.478965E+01 -.288367E+01 -.166508E+01 -.847233E+01 0.327792E+02
 0.497483E+01 -.288204E+01 -.166036E+01 -.782397E+01 0.328099E+02
 0.485729E+01 -.288406E+01 -.166330E+01 -.804313E+01 0.327835E+02
 0.496080E+01 -.287423E+01 -.166666E+01 -.759382E+01 0.336426E+02
 0.420029E+01 -.291443E+01 -.166124E+01 -.769988E+01 0.412380E+02
 0.480467E+01 -.288368E+01 -.165767E+01 -.807171E+01 0.327790E+02
 0.496949E+01 -.288465E+01 -.168490E+01 -.759205E+01 0.331208E+02
 0.498253E+01 -.288405E+01 -.166265E+01 -.777497E+01 0.327740E+02
 0.461431E+01 -.288325E+01 -.166047E+01 -.827138E+01 0.327821E+02
 0.465761E+01 -.291590E+01 -.166954E+01 -.807147E+01 0.424547E+02
 0.482844E+01 -.288411E+01 -.166152E+01 -.773762E+01 0.327777E+02
 0.419935E+01 -.288511E+01 -.165704E+01 -.770096E+01 0.327921E+02
 0.493451E+01 -.288396E+01 -.166459E+01 -.801551E+01 0.327812E+02
 0.316886E+01 -.291829E+01 -.159439E+01 -.794373E+01 0.439143E+02
 0.485436E+01 -.288713E+01 -.155298E+01 -.768685E+01 0.383178E+02
 0.500000E+01 -.288405E+01 -.166733E+01 -.773587E+01 0.327915E+02
 0.478113E+01 -.290044E+01 -.169476E+01 -.764500E+01 0.364095E+02
 0.356050E+01 -.288281E+01 -.165641E+01 -.833178E+01 0.328092E+02
 0.477296E+01 -.288355E+01 -.166675E+01 -.683810E+01 0.327880E+02
 0.490202E+01 -.288194E+01 -.166006E+01 -.763818E+01 0.328215E+02
 0.490507E+01 -.288825E+01 -.166017E+01 -.786465E+01 0.329488E+02
 0.444695E+01 -.288188E+01 -.166812E+01 -.766054E+01 0.328327E+02
 0.486494E+01 -.288365E+01 -.167107E+01 -.720707E+01 0.328347E+02
 0.389184E+01 -.288320E+01 -.175601E+01 -.750197E+01 0.381662E+02
 0.444581E+01 -.288676E+01 -.162017E+01 -.769452E+01 0.336273E+02
 0.416264E+01 -.288108E+01 -.165383E+01 -.695676E+01 0.329077E+02
 0.438306E+01 -.288423E+01 -.166430E+01 -.771840E+01 0.327806E+02
 0.444943E+01 -.290074E+01 -.165613E+01 -.775747E+01 0.353396E+02
 0.491017E+01 -.288330E+01 -.166423E+01 -.711050E+01 0.327817E+02
 0.492719E+01 -.288362E+01 -.166029E+01 -.799781E+01 0.327748E+02
 0.474450E+01 -.288355E+01 -.164991E+01 -.789378E+01 0.328451E+02
 0.452301E+01 -.288686E+01 -.160510E+01 -.830203E+01 0.343504E+02
 0.495467E+01 -.287744E+01 -.166206E+01 -.637593E+01 0.331763E+02
 0.466636E+01 -.288141E+01 -.164132E+01 -.832095E+01 0.330884E+02
 0.465048E+01 -.288410E+01 -.166193E+01 -.782800E+01 0.327818E+02
 0.426700E+01 -.288405E+01 -.165660E+01 -.828023E+01 0.327902E+02
 0.477698E+01 -.288392E+01 -.166144E+01 -.803262E+01 0.327708E+02
 0.480388E+01 -.288408E+01 -.166137E+01 -.760989E+01 0.327707E+02
 0.500000E+01 -.287474E+01 -.165240E+01 -.811831E+01 0.336982E+02
 0.478520E+01 -.288404E+01 -.166232E+01 -.775775E+01 0.327715E+02
 0.428438E+01 -.288424E+01 -.174542E+01 -.877169E+01 0.370610E+02
 0.476633E+01 -.288224E+01 -.165703E+01 -.103439E+02 0.328141E+02
 0.474500E+01 -.287719E+01 -.167252E+01 -.735813E+01 0.332110E+02
 0.430361E+01 -.286923E+01 -.153194E+01 -.798944E+01 0.444848E+02
 0.483227E+01 -.288421E+01 -.166154E+01 -.739415E+01 0.327777E+02
 0.485709E+01 -.288316E+01 -.166106E+01 -.122340E+02 0.327848E+02
 0.467146E+01 -.289993E+01 -.173387E+01 -.758620E+01 0.393493E+02
 0.481227E+01 -.288230E+01 -.166804E+01 -.794112E+01 0.328154E+02
 0.475272E+01 -.288390E+01 -.166114E+01 -.787039E+01 0.328038E+02
 0.457903E+01 -.288367E+01 -.165964E+01 -.879546E+01 0.327781E+02
 0.472570E+01 -.290713E+01 -.166063E+01 -.807339E+01 0.377441E+02
 0.459869E+01 -.287864E+01 -.174517E+01 -.625458E+01 0.368358E+02
 0.493916E+01 -.288859E+01 -.165878E+01 -.868687E+01 0.329701E+02
 0.484414E+01 -.288404E+01 -.166252E+01 -.692243E+01 0.328309E+02
 0.479970E+01 -.288656E+01 -.157617E+01 -.775337E+01 0.362802E+02
 0.468632E+01 -.288396E+01 -.166236E+01 -.800627E+01 0.327768E+02
 0.486604E+01 -.288660E+01 -.169874E+01 -.804239E+01 0.337454E+02
 0.482177E+01 -.289276E+01 -.170482E+01 -.805005E+01 0.349207E+02
 0.487433E+01 -.288068E+01 -.166151E+01 -.748363E+01 0.328750E+02
 0.467778E+01 -.285172E+01 -.166604E+01 -.874078E+01 0.427141E+02
 0.482008E+01 -.288572E+01 -.165401E+01 -.567650E+01 0.328243E+02
 0.391853E+01 -.287790E+01 -.171919E+01 -.997125E+01 0.347675E+02
 0.475588E+01 -.289306E+01 -.166143E+01 -.782095E+01 0.335855E+02
 0.458017E+01 -.290497E+01 -.163676E+01 -.780312E+01 0.367479E+02
 0.500000E+01 -.288752E+01 -.166147E+01 -.822460E+01 0.328948E+02
 0.479231E+01 -.288410E+01 -.167016E+01 -.787885E+01 0.328188E+02
 0.494696E+01 -.288955E+01 -.166122E+01 -.773424E+01 0.330608E+02
 0.482912E+01 -.287999E+01 -.167230E+01 -.782604E+01 0.329489E+02
 0.482281E+01 -.288365E+01 -.164110E+01 -.794277E+01 0.329983E+02
 0.479243E+01 -.288402E+01 -.166083E+01 -.789068E+01 0.327706E+02
 0.492286E+01 -.288404E+01 -.167294E+01 -.804786E+01 0.328523E+02
 0.482957E+01 -.288397E+01 -.166214E+01 -.787283E+01 0.327778E+02
 0.475158E+01 -.288486E+01 -.164928E+01 -.865027E+01 0.328816E+02
 0.486727E+01 -.288295E+01 -.166127E+01 -.107500E+02 0.327880E+02
 0.500000E+01 -.285852E+01 -.167342E+01 -.763960E+01 0.388111E+02
 0.481979E+01 -.288405E+01 -.166175E+01 -.789391E+01 0.327742E+02
 0.475583E+01 -.287698E+01 -.166407E+01 -.780795E+01 0.332445E+02
 0.457567E+01 -.288204E+01 -.172010E+01 -.659635E+01 0.347379E+02
 0.475860E+01 -.288293E+01 -.166481E+01 -.811951E+01 0.327879E+02
 0.478340E+01 -.288000E+01 -.171776E+01 -.750753E+01 0.345850E+02
 0.497122E+01 -.290849E+01 -.167392E+01 -.822073E+01 0.387031E+02
 0.487828E+01 -.288244E+01 -.166648E+01 -.756373E+01 0.328062E+02
 0.488478E+01 -.288394E+01 -.165955E+01 -.815178E+01 0.327765E+02
 0.484612E+01 -.288394E+01 -.168001E+01 -.841579E+01 0.329794E+02
 0.473056E+01 -.288271E+01 -.162659E+01 -.748638E+01 0.334582E+02
 0.388032E+01 -.287635E+01 -.179611E+01 -.104982E+02 0.437887E+02
 0.500000E+01 -.288563E+01 -.165248E+01 -.750731E+01 0.328266E+02
 0.477514E+01 -.288945E+01 -.165595E+01 -.800315E+01 0.330360E+02
 0.479720E+01 -.289466E+01 -.166785E+01 -.821629E+01 0.339173E+02
 0.429820E+01 -.288338E+01 -.165995E+01 -.785183E+01 0.327818E+02
 0.495026E+01 -.288413E+01 -.166136E+01 -.774327E+01 0.327750E+02
 0.494171E+01 -.288414E+01 -.166469E+01 -.774325E+01 0.327818E+02
 0.231702E+01 -.289162E+01 -.176502E+01 -.628851E+01 0.410688E+02
 0.485692E+01 -.288323E+01 -.166325E+01 -.808098E+01 0.327862E+02
 0.483220E+01 -.286803E+01 -.170701E+01 -.716190E+01 0.357028E+02
 0.480878E+01 -.288444E+01 -.165803E+01 -.812688E+01 0.327761E+02
 0.474520E+01 -.289501E+01 -.156482E+01 -.790810E+01 0.376378E+02
 0.477666E+01 -.288263E+01 -.166238E+01 -.842278E+01 0.327878E+02
 0.481630E+01 -.288407E+01 -.166204E+01 -.794846E+01 0.327782E+02
 0.486681E+01 -.288387E+01 -.165583E+01 -.776219E+01 0.327952E+02
 0.477821E+01 -.288421E+01 -.166526E+01 -.766378E+01 0.327814E+02
 0.469492E+01 -.288380E+01 -.166125E+01 -.798154E+01 0.327737E+02
 0.484616E+01 -.288391E+01 -.166160E+01 -.779909E+01 0.327815E+02
 0.490852E+01 -.288361E+01 -.166180E+01 -.887970E+01 0.327720E+02
 0.467370E+01 -.288503E+01 -.166123E+01 -.676328E+01 0.327920E+02
 0.478866E+01 -.288156E+01 -.166123E+01 -.594840E+01 0.328274E+02
 0.461749E+01 -.288392E+01 -.166272E+01 -.783707E+01 0.327810E+02
 0.487028E+01 -.288372E+01 -.166212E+01 -.791237E+01 0.327812E+02
 0.481117E+01 -.288187E+01 -.166207E+01 -.808227E+01 0.328125E+02
 0.466341E+01 -.288404E+01 -.165892E+01 -.767669E+01 0.327743E+02
 0.483496E+01 -.288475E+01 -.170226E+01 -.137053E+02 0.337854E+02
 0.485434E+01 -.288377E+01 -.166197E+01 -.780306E+01 0.327750E+02
 0.488702E+01 -.288411E+01 -.166074E+01 -.806635E+01 0.327755E+02
 0.484140E+01 -.286886E+01 -.177692E+01 -.802491E+01 0.415076E+02
 0.209008E+01 -.288554E+01 -.175617E+01 -.805253E+01 0.391945E+02
 0.475481E+01 -.288866E+01 -.166757E+01 -.699032E+01 0.330574E+02
 0.477965E+01 -.288351E+01 -.167059E+01 -.836123E+01 0.328205E+02
 0.482496E+01 -.288478E+01 -.166064E+01 -.767797E+01 0.327854E+02
 0.469890E+01 -.288408E+01 -.165927E+01 -.841270E+01 0.327753E+02
 0.489475E+01 -.289290E+01 -.164541E+01 -.744679E+01 0.335882E+02
 0.500000E+01 -.288212E+01 -.166070E+01 -.767683E+01 0.328093E+02
 0.480375E+01 -.288345E+01 -.167430E+01 -.803947E+01 0.328603E+02
 0.487148E+01 -.288449E+01 -.164094E+01 -.786914E+01 0.329909E+02
 0.476827E+01 -.288406E+01 -.166245E+01 -.815772E+01 0.327718E+02
 0.475856E+01 -.288475E+01 -.166096E+01 -.851301E+01 0.327757E+02
 0.455553E+01 -.289741E+01 -.162261E+01 -.803057E+01 0.347973E+02
 0.482836E+01 -.288453E+01 -.166197E+01 -.794967E+01 0.327820E+02
 0.471553E+01 -.288588E+01 -.164558E+01 -.778962E+01 0.329133E+02
 0.500000E+01 -.288387E+01 -.165669E+01 -.768415E+01 0.327858E+02
 0.315971E+01 -.285109E+01 -.169277E+01 -.812749E+01 0.428777E+02
 0.493968E+01 -.288683E+01 -.168167E+01 -.788242E+01 0.331427E+02
 0.464134E+01 -.288411E+01 -.166931E+01 -.785302E+01 0.328258E+02
 0.483608E+01 -.287511E+01 -.168716E+01 -.550000E+01 0.336797E+02
 0.399247E+01 -.288433E+01 -.166480E+01 -.755079E+01 0.328000E+02
 0.496471E+01 -.288334E+01 -.165776E+01 -.718430E+01 0.327811E+02
 0.494995E+01 -.288269E+01 -.166190E+01 -.809196E+01 0.327850E+02
 0.481118E+01 -.288020E+01 -.165750E+01 -.778071E+01 0.329241E+02
 0.500000E+01 -.288520E+01 -.167297E+01 -.800067E+01 0.328751E+02
 0.500000E+01 -.288419E+01 -.171476E+01 -.708774E+01 0.344530E+02
 0.469549E+01 -.288539E+01 -.171074E+01 -.718327E+01 0.342794E+02
 0.481621E+01 -.290612E+01 -.166075E+01 -.766428E+01 0.373108E+02
 0.490348E+01 -.288255E+01 -.166069E+01 -.734164E+01 0.327926E+02
 0.447940E+01 -.288369E+01 -.166169E+01 -.784445E+01 0.327873E+02
 0.430664E+01 -.291325E+01 -.166081E+01 -.804956E+01 0.406154E+02
 0.492924E+01 -.288776E+01 -.166217E+01 -.754001E+01 0.329139E+02
 0.492241E+01 -.288420E+01 -.166009E+01 -.790880E+01 0.327754E+02
 0.474841E+01 -.288507E+01 -.170000E+01 -.745002E+01 0.336843E+02
 0.442142E+01 -.288669E+01 -.159091E+01 -.819932E+01 0.352076E+02
 0.500000E+01 -.287753E+01 -.166253E+01 -.101398E+02 0.331573E+02
 0.500000E+01 -.288734E+01 -.165246E+01 -.741899E+01 0.328943E+02
 0.466159E+01 -.291763E+01 -.156415E+01 -.835115E+01 0.451790E+02
 0.500000E+01 -.288405E+01 -.166112E+01 -.813669E+01 0.327761E+02
 0.459649E+01 -.288406E+01 -.166824E+01 -.879669E+01 0.328002E+02
 0.498354E+01 -.288391E+01 -.166199E+01 -.817932E+01 0.327714E+02
 0.489575E+01 -.287660E+01 -.153073E+01 -.756099E+01 0.422742E+02
 0.499720E+01 -.288407E+01 -.166186E+01 -.753113E+01 0.327766E+02
 0.466191E+01 -.288589E+01 -.166793E+01 -.781529E+01 0.328508E+02
 0.477949E+01 -.288408E+01 -.166159E+01 -.833694E+01 0.327709E+02
 0.483254E+01 -.288499E+01 -.155207E+01 -.801454E+01 0.385237E+02
 0.464082E+01 -.288349E+01 -.168008E+01 -.102288E+02 0.329663E+02
 0.476043E+01 -.288986E+01 -.166112E+01 -.879391E+01 0.330874E+02
 0.361275E+01 -.287152E+01 -.170154E+01 -.811319E+01 0.347267E+02
 0.482113E+01 -.288424E+01 -.166116E+01 -.776124E+01 0.327696E+02
 0.477879E+01 -.288393E+01 -.166127E+01 -.698396E+01 0.327708E+02
 0.428585E+01 -.289647E+01 -.156567E+01 -.823198E+01 0.377772E+02
 0.470722E+01 -.287532E+01 -.175364E+01 -.767947E+01 0.378835E+02
 0.477466E+01 -.288385E+01 -.167696E+01 -.792492E+01 0.329127E+02
 0.483812E+01 -.288400E+01 -.166109E+01 -.805091E+01 0.328271E+02
 0.484364E+01 -.288866E+01 -.174552E+01 -.873797E+01 0.376355E+02
 0.483096E+01 -.288422E+01 -.166127E+01 -.659215E+01 0.327856E+02
 0.499418E+01 -.287649E+01 -.165841E+01 -.769940E+01 0.333277E+02
 0.477832E+01 -.288920E+01 -.158670E+01 -.777384E+01 0.355079E+02
 0.484173E+01 -.289092E+01 -.165725E+01 -.757258E+01 0.332892E+02
 0.494017E+01 -.288399E+01 -.166116E+01 -.700757E+01 0.327748E+02
 0.487484E+01 -.288440E+01 -.166106E+01 -.794934E+01 0.327790E+02
 0.492583E+01 -.288943E+01 -.165887E+01 -.776995E+01 0.330467E+02
 0.482762E+01 -.290100E+01 -.161606E+01 -.867905E+01 0.359016E+02
 0.485676E+01 -.288783E+01 -.166196E+01 -.776827E+01 0.329254E+02
 0.476055E+01 -.291127E+01 -.167597E+01 -.749082E+01 0.400222E+02
 0.479893E+01 -.288544E+01 -.164922E+01 -.846219E+01 0.328489E+02
 0.472248E+01 -.288367E+01 -.166143E+01 -.840586E+01 0.327806E+02
 0.465554E+01 -.286057E+01 -.156344E+01 -.796762E+01 0.448276E+02
 0.444642E+01 -.288820E+01 -.166354E+01 -.786765E+01 0.329555E+02
 0.499142E+01 -.288363E+01 -.166178E+01 -.798200E+01 0.327756E+02
 0.491126E+01 -.288575E+01 -.166179E+01 -.760596E+01 0.328056E+02
 0.477470E+01 -.291439E+01 -.166282E+01 -.788908E+01 0.412539E+02
 0.410576E+01 -.288528E+01 -.163544E+01 -.783452E+01 0.331245E+02
 0.493344E+01 -.288403E+01 -.166087E+01 -.846232E+01 0.327738E+02
 0.500000E+01 -.288433E+01 -.165331E+01 -.783638E+01 0.328049E+02
 0.479877E+01 -.288406E+01 -.166283E+01 -.796214E+01 0.327723E+02
 0.474802E+01 -.288604E+01 -.166210E+01 -.780692E+01 0.328148E+02
 0.484080E+01 -.288203E+01 -.166126E+01 -.112845E+02 0.328568E+02
 0.480381E+01 -.288405E+01 -.166167E+01 -.799397E+01 0.327708E+02
 0.500000E+01 -.288741E+01 -.166301E+01 -.803112E+01 0.328885E+02
 0.464808E+01 -.288557E+01 -.174846E+01 -.755612E+01 0.375087E+02
 0.475353E+01 -.288460E+01 -.166512E+01 -.830345E+01 0.328177E+02
 0.482774E+01 -.288702E+01 -.168839E+01 -.768766E+01 0.333736E+02
 0.477328E+01 -.288313E+01 -.165890E+01 -.801607E+01 0.327807E+02
 0.481274E+01 -.288397E+01 -.166084E+01 -.816426E+01 0.327748E+02
 0.481629E+01 -.288372E+01 -.168203E+01 -.884605E+01 0.330132E+02
 0.487339E+01 -.288227E+01 -.164101E+01 -.787078E+01 0.330462E+02
 0.469176E+01 -.288585E+01 -.165707E+01 -.785943E+01 0.328089E+02
 0.483495E+01 -.288763E+01 -.164772E+01 -.795846E+01 0.329554E+02
 0.462892E+01 -.288103E+01 -.166078E+01 -.798854E+01 0.328519E+02
 0.487432E+01 -.288414E+01 -.166068E+01 -.785094E+01 0.327772E+02
 0.500000E+01 -.288388E+01 -.167923E+01 -.784685E+01 0.329588E+02
 0.381702E+01 -.288471E+01 -.171271E+01 -.727310E+01 0.343799E+02
 0.484556E+01 -.288230E+01 -.166289E+01 -.786484E+01 0.328044E+02
 0.491806E+01 -.288371E+01 -.169656E+01 -.820648E+01 0.334917E+02
 0.479860E+01 -.288396E+01 -.165953E+01 -.794594E+01 0.327720E+02
 0.479160E+01 -.288243E+01 -.166316E+01 -.824206E+01 0.327933E+02
 0.471904E+01 -.288414E+01 -.166041E+01 -.784630E+01 0.327782E+02
 0.479224E+01 -.288380E+01 -.165157E+01 -.792736E+01 0.328196E+02
 0.483314E+01 -.288996E+01 -.166224E+01 -.755454E+01 0.331271E+02
 0.461922E+01 -.288456E+01 -.166133E+01 -.782601E+01 0.327823E+02
 0.493027E+01 -.288409E+01 -.166175E+01 -.764421E+01 0.327737E+02
 0.490155E+01 -.288411E+01 -.166166E+01 -.760831E+01 0.327807E+02
 0.500000E+01 -.288588E+01 -.165993E+01 -.741405E+01 0.328072E+02
 0.469410E+01 -.287874E+01 -.165990E+01 -.785580E+01 0.330380E+02
 0.480252E+01 -.288001E+01 -.166104E+01 -.764613E+01 0.329216E+02
 0.487793E+01 -.288394E+01 -.166114E+01 -.756908E+01 0.327769E+02
 0.482513E+01 -.288404E+01 -.166115E+01 -.808229E+01 0.327778E+02
 0.485193E+01 -.288070E+01 -.166309E+01 -.963356E+01 0.328774E+02
 0.500000E+01 -.288398E+01 -.165829E+01 -.706948E+01 0.327788E+02
 0.500000E+01 -.288490E+01 -.159223E+01 -.901696E+01 0.351569E+02
 0.483402E+01 -.289037E+01 -.166362E+01 -.770023E+01 0.331908E+02
 0.487938E+01 -.288493E+01 -.165999E+01 -.797182E+01 0.327863E+02
 0.477209E+01 -.286471E+01 -.164469E+01 -.803897E+01 0.367764E+02
 0.359008E+01 -.288330E+01 -.178560E+01 -.787154E+01 0.423658E+02
 0.475385E+01 -.288440E+01 -.167811E+01 -.798490E+01 0.329645E+02
 0.478216E+01 -.288319E+01 -.166951E+01 -.801408E+01 0.328117E+02
 0.481940E+01 -.288625E+01 -.166050E+01 -.778622E+01 0.328256E+02
 0.470770E+01 -.288408E+01 -.166016E+01 -.828598E+01 0.327741E+02
 0.479190E+01 -.289196E+01 -.163706E+01 -.851443E+01 0.335050E+02
 0.357794E+01 -.286208E+01 -.165904E+01 -.785713E+01 0.374575E+02
 0.480526E+01 -.288380E+01 -.167713E+01 -.793338E+01 0.329144E+02
 0.474173E+01 -.288396E+01 -.162741E+01 -.780181E+01 0.333771E+02
 0.479538E+01 -.286396E+01 -.166888E+01 -.806654E+01 0.365166E+02
 0.464798E+01 -.288390E+01 -.166180E+01 -.744702E+01 0.328170E+02
 0.489747E+01 -.288491E+01 -.166225E+01 -.867584E+01 0.328998E+02
 0.482997E+01 -.285944E+01 -.162412E+01 -.762361E+01 0.400829E+02
 0.481408E+01 -.288407E+01 -.166169E+01 -.862137E+01 0.327752E+02
 0.448229E+01 -.288330E+01 -.167627E+01 -.786870E+01 0.329081E+02
 0.477619E+01 -.288400E+01 -.165808E+01 -.769362E+01 0.327741E+02
 0.487436E+01 -.288544E+01 -.176312E+01 -.789146E+01 0.392875E+02
 0.440559E+01 -.288414E+01 -.165600E+01 -.786499E+01 0.328037E+02
 0.485559E+01 -.286712E+01 -.163810E+01 -.913959E+01 0.361141E+02
 0.500000E+01 -.288522E+01 -.166602E+01 -.780937E+01 0.328057E+02
 0.497933E+01 -.288419E+01 -.165183E+01 -.855360E+01 0.328181E+02
 0.493826E+01 -.288639E+01 -.166211E+01 -.806676E+01 0.328346E+02
 0.491989E+01 -.288303E+01 -.166222E+01 -.772437E+01 0.327841E+02
 0.404099E+01 -.288387E+01 -.166312E+01 -.777347E+01 0.327856E+02
 0.474201E+01 -.288436E+01 -.169727E+01 -.748925E+01 0.335289E+02
 0.500000E+01 -.289022E+01 -.174619E+01 -.809809E+01 0.379662E+02
 0.500000E+01 -.288576E+01 -.166610E+01 -.784259E+01 0.328239E+02
 0.500000E+01 -.288360E+01 -.165772E+01 -.794183E+01 0.327833E+02
 0.455319E+01 -.289375E+01 -.166520E+01 -.767102E+01 0.337337E+02
 0.471902E+01 -.287665E+01 -.165050E+01 -.831093E+01 0.334028E+02
 0.394907E+01 -.285117E+01 -.165663E+01 -.780268E+01 0.433417E+02
 0.480058E+01 -.288791E+01 -.166029E+01 -.751928E+01 0.329115E+02
 0.487250E+01 -.288419E+01 -.166179E+01 -.784463E+01 0.327778E+02
 0.481186E+01 -.288431E+01 -.170796E+01 -.731920E+01 0.340532E+02
 0.474254E+01 -.288700E+01 -.169454E+01 -.747888E+01 0.335826E+02
 0.475763E+01 -.288798E+01 -.166167E+01 -.850751E+01 0.329178E+02
 0.484227E+01 -.288971E+01 -.166686E+01 -.750725E+01 0.332013E+02
 0.464526E+01 -.288395E+01 -.166073E+01 -.742002E+01 0.327869E+02
 0.432030E+01 -.288407E+01 -.166892E+01 -.777234E+01 0.328203E+02
 0.500000E+01 -.288385E+01 -.166216E+01 -.781424E+01 0.327708E+02
 0.500000E+01 -.288407E+01 -.166194E+01 -.806899E+01 0.327766E+02
 0.492114E+01 -.289251E+01 -.167645E+01 -.783447E+01 0.337141E+02
 0.478377E+01 -.288408E+01 -.166083E+01 -.816354E+01 0.327707E+02
 0.477787E+01 -.290426E+01 -.170205E+01 -.781527E+01 0.382510E+02
 0.489011E+01 -.288502E+01 -.168597E+01 -.840474E+01 0.331590E+02
 0.466527E+01 -.289510E+01 -.164789E+01 -.775315E+01 0.339135E+02
 0.476747E+01 -.290266E+01 -.169700E+01 -.809976E+01 0.373177E+02
 0.490867E+01 -.288396E+01 -.166151E+01 -.795713E+01 0.327710E+02
 0.473051E+01 -.288457E+01 -.166164E+01 -.550000E+01 0.327867E+02
 0.372092E+01 -.288793E+01 -.178023E+01 -.134820E+02 0.421873E+02
 0.495543E+01 -.286563E+01 -.156003E+01 -.809845E+01 0.426876E+02
 0.480834E+01 -.288521E+01 -.167380E+01 -.805091E+01 0.328851E+02
 0.498279E+01 -.288406E+01 -.166153E+01 -.744628E+01 0.327712E+02
 0.496965E+01 -.288442E+01 -.166291E+01 -.569510E+01 0.327875E+02
 0.495726E+01 -.285862E+01 -.165921E+01 -.777666E+01 0.390148E+02
 0.490562E+01 -.289422E+01 -.166729E+01 -.785682E+01 0.338334E+02
 0.477122E+01 -.288344E+01 -.166029E+01 -.855060E+01 0.327744E+02
 0.482501E+01 -.288388E+01 -.166019E+01 -.769065E+01 0.327779E+02
 0.477482E+01 -.288422E+01 -.166191E+01 -.794114E+01 0.327716E+02
 0.473167E+01 -.288915E+01 -.162903E+01 -.784012E+01 0.334419E+02
 0.480211E+01 -.288724E+01 -.156267E+01 -.818766E+01 0.374090E+02
 0.483160E+01 -.288466E+01 -.166218E+01 -.783596E+01 0.327914E+02
 0.483891E+01 -.290364E+01 -.165848E+01 -.651242E+01 0.364215E+02
 0.477367E+01 -.288296E+01 -.167186E+01 -.951655E+01 0.328368E+02
 0.479649E+01 -.287645E+01 -.166143E+01 -.880216E+01 0.333091E+02
 0.462674E+01 -.285798E+01 -.161956E+01 -.722016E+01 0.411757E+02
 0.462124E+01 -.288591E+01 -.165424E+01 -.756192E+01 0.328283E+02
 0.493301E+01 -.288342E+01 -.165517E+01 -.803936E+01 0.327982E+02
 0.486801E+01 -.287833E+01 -.166203E+01 -.781051E+01 0.330718E+02
 0.481996E+01 -.288038E+01 -.166706E+01 -.787739E+01 0.328973E+02
 0.394059E+01 -.288830E+01 -.166522E+01 -.781824E+01 0.329923E+02
 0.493377E+01 -.288407E+01 -.166139E+01 -.820185E+01 0.327739E+02
 0.494131E+01 -.288421E+01 -.164966E+01 -.790039E+01 0.328423E+02
 0.478402E+01 -.288407E+01 -.166163E+01 -.796146E+01 0.327709E+02
 0.478018E+01 -.288298E+01 -.167201E+01 -.753105E+01 0.328383E+02
 0.487219E+01 -.288504E+01 -.166176E+01 -.854620E+01 0.327916E+02
 0.418607E+01 -.288803E+01 -.161996E+01 -.598881E+01 0.336734E+02
 0.435846E+01 -.286651E+01 -.162432E+01 -.749108E+01 0.369935E+02
 0.490573E+01 -.292080E+01 -.166252E+01 -.854742E+01 0.451412E+02
 0.479410E+01 -.288406E+01 -.166164E+01 -.800513E+01 0.327708E+02
 0.488543E+01 -.289142E+01 -.166067E+01 -.794195E+01 0.332979E+02
 0.483830E+01 -.288472E+01 -.163716E+01 -.809711E+01 0.331369E+02
 0.476676E+01 -.288608E+01 -.165938E+01 -.892293E+01 0.328079E+02
 0.486134E+01 -.288998E+01 -.161800E+01 -.801638E+01 0.338642E+02
 0.478242E+01 -.288396E+01 -.165573E+01 -.801982E+01 0.327851E+02
 0.481888E+01 -.288401E+01 -.166382E+01 -.788958E+01 0.327816E+02
 0.477752E+01 -.288374E+01 -.167214E+01 -.859503E+01 0.328382E+02
 0.494292E+01 -.288561E+01 -.169821E+01 -.778587E+01 0.336415E+02
 0.402859E+01 -.289558E+01 -.175199E+01 -.672541E+01 0.399999E+02
 0.450982E+01 -.288369E+01 -.166371E+01 -.715161E+01 0.327813E+02
 0.485075E+01 -.288375E+01 -.166483E+01 -.755623E+01 0.327822E+02
 0.486877E+01 -.288327E+01 -.164961E+01 -.788602E+01 0.328626E+02
 0.468057E+01 -.288417E+01 -.166082E+01 -.800869E+01 0.327746E+02
 0.483309E+01 -.288404E+01 -.166108E+01 -.762188E+01 0.327767E+02
 0.470405E+01 -.288368E+01 -.166376E+01 -.799355E+01 0.327778E+02
 0.431030E+01 -.288091E+01 -.157556E+01 -.753004E+01 0.367684E+02
 0.489990E+01 -.288455E+01 -.166011E+01 -.782700E+01 0.327753E+02
 0.496243E+01 -.289160E+01 -.159989E+01 -.795516E+01 0.348517E+02
 0.479104E+01 -.288364E+01 -.166224E+01 -.780534E+01 0.327722E+02
 0.483923E+01 -.289100E+01 -.152360E+01 -.788956E+01 0.414714E+02
 0.480997E+01 -.288569E+01 -.166047E+01 -.770462E+01 0.327963E+02
 0.474003E+01 -.288406E+01 -.166109E+01 -.780066E+01 0.327723E+02
 0.482137E+01 -.288382E+01 -.166536E+01 -.797619E+01 0.327795E+02
 0.478329E+01 -.288583E+01 -.165541E+01 -.761427E+01 0.328090E+02
 0.499970E+01 -.288492E+01 -.166173E+01 -.750760E+01 0.327852E+02
 0.475433E+01 -.288412E+01 -.166098E+01 -.753201E+01 0.328017E+02
 0.482182E+01 -.288442E+01 -.166137E+01 -.697359E+01 0.327708E+02
 0.463388E+01 -.288351E+01 -.165980E+01 -.820029E+01 0.327783E+02
 0.481494E+01 -.289273E+01 -.154479E+01 -.707500E+01 0.392436E+02
 0.482813E+01 -.288356E+01 -.166154E+01 -.871406E+01 0.327779E+02
 0.500000E+01 -.288411E+01 -.166084E+01 -.774268E+01 0.327745E+02
 0.482123E+01 -.288427E+01 -.166047E+01 -.761051E+01 0.327699E+02
 0.496978E+01 -.288399E+01 -.166261E+01 -.729300E+01 0.327819E+02
 0.475707E+01 -.288387E+01 -.166164E+01 -.730419E+01 0.327685E+02
 0.491769E+01 -.288490E+01 -.169106E+01 -.550000E+01 0.333259E+02
 0.482778E+01 -.288541E+01 -.166136E+01 -.805093E+01 0.327996E+02
 0.488657E+01 -.288412E+01 -.166166E+01 -.776949E+01 0.327758E+02
 0.474658E+01 -.287251E+01 -.155923E+01 -.801190E+01 0.401697E+02
 0.500000E+01 -.288268E+01 -.161059E+01 -.772336E+01 0.341778E+02
 0.483170E+01 -.288542E+01 -.165312E+01 -.814335E+01 0.328235E+02
 0.480255E+01 -.288299E+01 -.165244E+01 -.773346E+01 0.328274E+02
 0.483610E+01 -.288264E+01 -.166123E+01 -.772160E+01 0.327963E+02
 0.486675E+01 -.288407E+01 -.166223E+01 -.812414E+01 0.327815E+02
 0.480121E+01 -.288122E+01 -.163376E+01 -.870425E+01 0.333112E+02
 0.315742E+01 -.286518E+01 -.166009E+01 -.810551E+01 0.362297E+02
 0.480584E+01 -.288420E+01 -.166524E+01 -.804452E+01 0.327792E+02
 0.500000E+01 -.288419E+01 -.169196E+01 -.770337E+01 0.333177E+02
 0.487001E+01 -.288395E+01 -.166108E+01 -.761639E+01 0.327792E+02
 0.487995E+01 -.288447E+01 -.166138E+01 -.774839E+01 0.327799E+02
 0.500000E+01 -.285422E+01 -.167664E+01 -.758652E+01 0.410362E+02
 0.480079E+01 -.288369E+01 -.166138E+01 -.851634E+01 0.327714E+02
 0.462207E+01 -.288328E+01 -.167055E+01 -.779536E+01 0.328288E+02
 0.476159E+01 -.288414E+01 -.166117E+01 -.773096E+01 0.327723E+02
 0.456461E+01 -.286793E+01 -.171561E+01 -.781986E+01 0.361163E+02
 0.488581E+01 -.288330E+01 -.164381E+01 -.794073E+01 0.329520E+02
 0.485243E+01 -.288419E+01 -.164988E+01 -.750752E+01 0.328398E+02
 0.484266E+01 -.288740E+01 -.163229E+01 -.702938E+01 0.333172E+02
 0.403401E+01 -.288455E+01 -.166031E+01 -.807746E+01 0.327827E+02
 0.481890E+01 -.288460E+01 -.166367E+01 -.907060E+01 0.327868E+02
 0.479145E+01 -.288777E+01 -.166187E+01 -.737381E+01 0.329065E+02
 0.499673E+01 -.288566E+01 -.166538E+01 -.781004E+01 0.328153E+02
 0.395561E+01 -.288285E+01 -.165475E+01 -.765789E+01 0.328213E+02
 0.454860E+01 -.288339E+01 -.163048E+01 -.784228E+01 0.332958E+02
 0.385949E+01 -.288425E+01 -.152191E+01 -.935908E+01 0.419509E+02
 0.452967E+01 -.288436E+01 -.169233E+01 -.862673E+01 0.333440E+02
 0.449254E+01 -.291753E+01 -.164190E+01 -.880930E+01 0.427026E+02
 0.464260E+01 -.288558E+01 -.166136E+01 -.764889E+01 0.328115E+02
 0.450966E+01 -.288406E+01 -.165868E+01 -.781960E+01 0.327805E+02
 0.476126E+01 -.286611E+01 -.166466E+01 -.771050E+01 0.358039E+02
 0.479568E+01 -.288426E+01 -.166105E+01 -.736409E+01 0.327712E+02
 0.481496E+01 -.288360E+01 -.166156E+01 -.748461E+01 0.327748E+02
 0.485253E+01 -.288269E+01 -.157676E+01 -.792891E+01 0.364616E+02
 0.470089E+01 -.287396E+01 -.164968E+01 -.688659E+01 0.339026E+02
 0.459445E+01 -.288563E+01 -.172532E+01 -.797450E+01 0.353191E+02
 0.468526E+01 -.288857E+01 -.166160E+01 -.612868E+01 0.329763E+02
 0.492485E+01 -.288394E+01 -.165867E+01 -.813639E+01 0.327798E+02
 0.486664E+01 -.285139E+01 -.169965E+01 -.858941E+01 0.426685E+02
 0.493194E+01 -.288403E+01 -.166218E+01 -.761413E+01 0.327730E+02
 0.379182E+01 -.288405E+01 -.164754E+01 -.703095E+01 0.328776E+02
 0.478379E+01 -.288377E+01 -.166184E+01 -.744071E+01 0.327713E+02
 0.469912E+01 -.288409E+01 -.166131E+01 -.798484E+01 0.327736E+02
 0.500000E+01 -.288631E+01 -.166441E+01 -.825954E+01 0.328338E+02
 0.479589E+01 -.288406E+01 -.166132E+01 -.777547E+01 0.327706E+02
 0.388529E+01 -.288338E+01 -.173246E+01 -.952462E+01 0.357523E+02
 0.491266E+01 -.288302E+01 -.165797E+01 -.952712E+01 0.327862E+02
 0.466655E+01 -.288026E+01 -.165466E+01 -.685524E+01 0.329460E+02
 0.269003E+01 -.289577E+01 -.169719E+01 -.781570E+01 0.352560E+02
 0.498287E+01 -.288367E+01 -.166158E+01 -.757231E+01 0.327718E+02
 0.477526E+01 -.288398E+01 -.166194E+01 -.769461E+01 0.327710E+02
 0.439466E+01 -.288211E+01 -.159135E+01 -.136325E+02 0.354115E+02
 0.500000E+01 -.288957E+01 -.165844E+01 -.794197E+01 0.330583E+02
 0.486431E+01 -.288447E+01 -.163132E+01 -.812876E+01 0.332378E+02
 0.492801E+01 -.288397E+01 -.166200E+01 -.782444E+01 0.327737E+02
 0.500000E+01 -.288411E+01 -.166253E+01 -.621281E+01 0.327780E+02
 0.472808E+01 -.288232E+01 -.165352E+01 -.133849E+02 0.328430E+02
 0.484740E+01 -.288332E+01 -.156485E+01 -.768360E+01 0.374360E+02
 0.484534E+01 -.290425E+01 -.166210E+01 -.807521E+01 0.366135E+02
 0.489920E+01 -.287735E+01 -.174354E+01 -.746479E+01 0.367274E+02
 0.472665E+01 -.287840E+01 -.166439E+01 -.926825E+01 0.330479E+02
 0.488059E+01 -.288391E+01 -.166023E+01 -.843683E+01 0.327774E+02
 0.469991E+01 -.288396E+01 -.166255E+01 -.793735E+01 0.327759E+02
 0.446187E+01 -.288197E+01 -.162852E+01 -.801904E+01 0.334491E+02
 0.491004E+01 -.288149E+01 -.166181E+01 -.782612E+01 0.328305E+02
 0.473200E+01 -.287255E+01 -.164780E+01 -.731698E+01 0.342338E+02
 0.500000E+01 -.286241E+01 -.164211E+01 -.704608E+01 0.378200E+02
 0.476861E+01 -.288238E+01 -.167044E+01 -.730548E+01 0.328318E+02
 0.488080E+01 -.288141E+01 -.170177E+01 -.102192E+02 0.336863E+02
 0.481623E+01 -.288182E+01 -.166146E+01 -.853103E+01 0.328184E+02
 0.465539E+01 -.287966E+01 -.170837E+01 -.625082E+01 0.340583E+02
 0.500000E+01 -.288277E+01 -.165157E+01 -.764948E+01 0.328468E+02
 0.492515E+01 -.288410E+01 -.166499E+01 -.797329E+01 0.327814E+02
 0.485368E+01 -.288186E+01 -.166162E+01 -.770441E+01 0.328095E+02
 0.485274E+01 -.285879E+01 -.166713E+01 -.791412E+01 0.387372E+02
 0.380499E+01 -.288577E+01 -.168103E+01 -.792728E+01 0.330750E+02
 0.492928E+01 -.288407E+01 -.166135E+01 -.762009E+01 0.327734E+02
 0.485014E+01 -.288374E+01 -.165516E+01 -.826431E+01 0.327955E+02
 0.480097E+01 -.288399E+01 -.166083E+01 -.791981E+01 0.327705E+02
 0.485405E+01 -.288259E+01 -.165306E+01 -.865332E+01 0.328367E+02
 0.494643E+01 -.288518E+01 -.166187E+01 -.770229E+01 0.327846E+02
 0.453908E+01 -.291753E+01 -.161267E+01 -.550000E+01 0.429803E+02
 0.432090E+01 -.291106E+01 -.163498E+01 -.798556E+01 0.393209E+02
 0.487143E+01 -.288259E+01 -.166192E+01 -.917298E+01 0.327966E+02
 0.480610E+01 -.288405E+01 -.166169E+01 -.791579E+01 0.327727E+02
 0.474209E+01 -.287995E+01 -.156125E+01 -.685150E+01 0.382125E+02
 0.483901E+01 -.288302E+01 -.166186E+01 -.767910E+01 0.328334E+02
 0.467502E+01 -.288251E+01 -.159450E+01 -.833808E+01 0.351482E+02
 0.481088E+01 -.288279E+01 -.166323E+01 -.951467E+01 0.327852E+02
 0.486239E+01 -.288322E+01 -.166573E+01 -.793204E+01 0.327937E+02
 0.491972E+01 -.287815E+01 -.164298E+01 -.720294E+01 0.333558E+02
 0.480151E+01 -.289892E+01 -.150132E+01 -.771499E+01 0.448002E+02
 0.493487E+01 -.288465E+01 -.166269E+01 -.748338E+01 0.327816E+02
 0.486344E+01 -.288405E+01 -.166568E+01 -.775862E+01 0.327924E+02
 0.477604E+01 -.288352E+01 -.165551E+01 -.828213E+01 0.327923E+02
 0.488124E+01 -.288697E+01 -.168830E+01 -.784503E+01 0.333516E+02
 0.438338E+01 -.287776E+01 -.158593E+01 -.751872E+01 0.364261E+02
 0.478696E+01 -.288227E+01 -.166846E+01 -.660730E+01 0.328193E+02
 0.485554E+01 -.288101E+01 -.167755E+01 -.781393E+01 0.329688E+02
 0.476485E+01 -.288649E+01 -.166193E+01 -.801949E+01 0.328294E+02
 0.484177E+01 -.288406E+01 -.166168E+01 -.752998E+01 0.328285E+02
 0.478247E+01 -.288359E+01 -.165069E+01 -.756216E+01 0.328324E+02
 0.492211E+01 -.288453E+01 -.166185E+01 -.802775E+01 0.327789E+02
 0.483796E+01 -.288561E+01 -.166746E+01 -.725140E+01 0.328884E+02
 0.479434E+01 -.288434E+01 -.166256E+01 -.808051E+01 0.327733E+02
 0.481211E+01 -.288594E+01 -.165841E+01 -.803007E+01 0.328064E+02
 0.485844E+01 -.288394E+01 -.166227E+01 -.791908E+01 0.327813E+02
 0.493900E+01 -.288393E+01 -.166714E+01 -.791238E+01 0.327967E+02
 0.474615E+01 -.288073E+01 -.165292E+01 -.770539E+01 0.329326E+02
 0.500000E+01 -.288399E+01 -.166143E+01 -.778298E+01 0.327762E+02
 0.471217E+01 -.288379E+01 -.166082E+01 -.765749E+01 0.327755E+02
 0.475919E+01 -.288434E+01 -.166129E+01 -.686309E+01 0.327722E+02
 0.449043E+01 -.288246E+01 -.166113E+01 -.835636E+01 0.328070E+02
 0.480832E+01 -.288672E+01 -.166170E+01 -.907607E+01 0.328432E+02
 0.483213E+01 -.288410E+01 -.166268E+01 -.764105E+01 0.327799E+02
 0.479915E+01 -.288427E+01 -.166171E+01 -.763515E+01 0.327715E+02
 0.485462E+01 -.288656E+01 -.166180E+01 -.552737E+01 0.328445E+02
 0.458119E+01 -.288401E+01 -.166429E+01 -.789031E+01 0.327811E+02
 0.474823E+01 -.288423E+01 -.173227E+01 -.107500E+02 0.357814E+02
 0.481439E+01 -.287916E+01 -.166039E+01 -.814316E+01 0.329930E+02
 0.490376E+01 -.288346E+01 -.166023E+01 -.756559E+01 0.327762E+02
 0.481718E+01 -.289176E+01 -.162868E+01 -.794051E+01 0.336871E+02
 0.350000E+01 -.288475E+01 -.159894E+01 -.772011E+01 0.347257E+02
 0.485275E+01 -.288465E+01 -.163511E+01 -.800025E+01 0.331233E+02
 0.480348E+01 -.288444E+01 -.165237E+01 -.797492E+01 0.328089E+02
 0.497549E+01 -.288263E+01 -.166077E+01 -.767732E+01 0.327912E+02
 0.486140E+01 -.288406E+01 -.166206E+01 -.810680E+01 0.327813E+02
 0.486680E+01 -.288216E+01 -.167477E+01 -.793930E+01 0.328926E+02
 0.465742E+01 -.289473E+01 -.166181E+01 -.803297E+01 0.339462E+02
 0.480545E+01 -.288406E+01 -.164383E+01 -.814465E+01 0.329292E+02
 0.475849E+01 -.288439E+01 -.169525E+01 -.755562E+01 0.334432E+02
 0.500000E+01 -.288403E+01 -.166143E+01 -.776913E+01 0.327762E+02
 0.476423E+01 -.288369E+01 -.166054E+01 -.819333E+01 0.327738E+02
 0.467496E+01 -.289806E+01 -.169002E+01 -.788957E+01 0.354717E+02
 0.480253E+01 -.288414E+01 -.166163E+01 -.806260E+01 0.327709E+02
 0.432640E+01 -.288538E+01 -.164968E+01 -.780727E+01 0.328484E+02
 0.486600E+01 -.288419E+01 -.166430E+01 -.781167E+01 0.327874E+02
 0.500000E+01 -.290100E+01 -.165462E+01 -.768393E+01 0.353847E+02
 0.486652E+01 -.288274E+01 -.158486E+01 -.754832E+01 0.358186E+02
 0.500000E+01 -.288422E+01 -.167063E+01 -.736684E+01 0.328225E+02
 0.478811E+01 -.289694E+01 -.166356E+01 -.550000E+01 0.343619E+02
 0.356702E+01 -.288388E+01 -.165836E+01 -.791011E+01 0.327825E+02
 0.478450E+01 -.288410E+01 -.166938E+01 -.745426E+01 0.328112E+02
 0.482434E+01 -.288266E+01 -.166079E+01 -.741231E+01 0.327913E+02
 0.486792E+01 -.288324E+01 -.166281E+01 -.792189E+01 0.327854E+02
 0.500000E+01 -.288392E+01 -.165936E+01 -.785936E+01 0.327762E+02
 0.489917E+01 -.288308E+01 -.161008E+01 -.784881E+01 0.341747E+02
 0.372126E+01 -.288273E+01 -.174875E+01 -.974421E+01 0.373268E+02
 0.472449E+01 -.288172E+01 -.160755E+01 -.733107E+01 0.344188E+02
 0.445997E+01 -.288118E+01 -.165750E+01 -.737409E+01 0.328682E+02
 0.451633E+01 -.288439E+01 -.166278E+01 -.782022E+01 0.327764E+02
 0.490362E+01 -.290781E+01 -.166062E+01 -.789947E+01 0.379920E+02
 0.301347E+01 -.285564E+01 -.167652E+01 -.802023E+01 0.403928E+02
 0.489334E+01 -.291144E+01 -.166928E+01 -.814676E+01 0.399166E+02
 0.480145E+01 -.288133E+01 -.166232E+01 -.793501E+01 0.328357E+02
 0.493533E+01 -.288334E+01 -.166126E+01 -.762040E+01 0.327779E+02
 0.486220E+01 -.288267E+01 -.153946E+01 -.841797E+01 0.400799E+02
 0.465560E+01 -.288766E+01 -.171238E+01 -.818434E+01 0.346178E+02
 0.500000E+01 -.287960E+01 -.166171E+01 -.565996E+01 0.329570E+02
 0.491509E+01 -.287959E+01 -.165529E+01 -.837774E+01 0.329931E+02
 0.500000E+01 -.288409E+01 -.166210E+01 -.812136E+01 0.327768E+02
 0.387563E+01 -.288404E+01 -.166369E+01 -.705614E+01 0.327807E+02
 0.468056E+01 -.288411E+01 -.166154E+01 -.781500E+01 0.327763E+02
 0.478812E+01 -.288410E+01 -.166135E+01 -.786808E+01 0.327708E+02
 0.483622E+01 -.287691E+01 -.165327E+01 -.844815E+01 0.333260E+02
 0.481527E+01 -.288404E+01 -.166172E+01 -.762107E+01 0.327743E+02
 0.480611E+01 -.287306E+01 -.159787E+01 -.779441E+01 0.365795E+02
 0.487896E+01 -.288175E+01 -.163985E+01 -.101521E+02 0.331020E+02
 0.458221E+01 -.287623E+01 -.166867E+01 -.681057E+01 0.333182E+02
 0.252840E+01 -.287930E+01 -.155627E+01 -.784451E+01 0.387678E+02
 0.500000E+01 -.286470E+01 -.167001E+01 -.730869E+01 0.362138E+02
 0.500000E+01 -.288367E+01 -.166109E+01 -.732981E+01 0.327770E+02
 0.482317E+01 -.288352E+01 -.166137E+01 -.883369E+01 0.327785E+02
 0.469316E+01 -.287834E+01 -.153433E+01 -.971526E+01 0.414102E+02
 0.491885E+01 -.290284E+01 -.175375E+01 -.732540E+01 0.428763E+02
 0.483163E+01 -.288333E+01 -.164418E+01 -.816411E+01 0.329441E+02
 0.472197E+01 -.288388E+01 -.166185E+01 -.794740E+01 0.327805E+02
 0.492833E+01 -.288393E+01 -.166083E+01 -.912242E+01 0.327732E+02
 0.479290E+01 -.287691E+01 -.165110E+01 -.760417E+01 0.333643E+02
 0.483861E+01 -.290495E+01 -.166079E+01 -.792033E+01 0.369473E+02
 0.481554E+01 -.288258E+01 -.167211E+01 -.665312E+01 0.328498E+02
 0.478212E+01 -.288031E+01 -.166207E+01 -.868665E+01 0.328969E+02
 0.492574E+01 -.288395E+01 -.166124E+01 -.821756E+01 0.327710E+02
 0.476996E+01 -.288686E+01 -.170416E+01 -.787906E+01 0.340243E+02
 0.478958E+01 -.288405E+01 -.166195E+01 -.795090E+01 0.327711E+02
 0.448698E+01 -.288129E+01 -.165944E+01 -.799014E+01 0.328593E+02
 0.488422E+01 -.288150E+01 -.166184E+01 -.742588E+01 0.328293E+02
 0.470562E+01 -.286328E+01 -.165643E+01 -.828969E+01 0.369843E+02
 0.350000E+01 -.285967E+01 -.172462E+01 -.791231E+01 0.393659E+02
 0.479209E+01 -.288506E+01 -.165871E+01 -.629722E+01 0.327808E+02
 0.476095E+01 -.288822E+01 -.166151E+01 -.806791E+01 0.329362E+02
 0.484723E+01 -.290268E+01 -.174466E+01 -.671839E+01 0.416235E+02
 0.474753E+01 -.288533E+01 -.165599E+01 -.773768E+01 0.327979E+02
 0.498434E+01 -.288445E+01 -.166442E+01 -.791998E+01 0.327823E+02
 0.484030E+01 -.288579E+01 -.166057E+01 -.781737E+01 0.328644E+02
 0.481545E+01 -.286443E+01 -.166068E+01 -.795864E+01 0.364269E+02
 0.423646E+01 -.288299E+01 -.165991E+01 -.798023E+01 0.327855E+02
 0.480531E+01 -.288403E+01 -.166100E+01 -.730896E+01 0.327724E+02
 0.489451E+01 -.288350E+01 -.167068E+01 -.846283E+01 0.328206E+02
 0.481922E+01 -.288401E+01 -.166253E+01 -.791322E+01 0.327786E+02
 0.483455E+01 -.288388E+01 -.164118E+01 -.104215E+02 0.329877E+02
 0.486082E+01 -.288326E+01 -.166142E+01 -.101611E+02 0.327832E+02
 0.486282E+01 -.290112E+01 -.153162E+01 -.719959E+01 0.417697E+02
 0.499878E+01 -.289148E+01 -.165310E+01 -.817408E+01 0.332808E+02
 0.478006E+01 -.285482E+01 -.166115E+01 -.861426E+01 0.410121E+02
 0.481363E+01 -.288405E+01 -.166172E+01 -.790057E+01 0.327752E+02
 0.497517E+01 -.287904E+01 -.166403E+01 -.768642E+01 0.329912E+02
 0.448824E+01 -.288013E+01 -.162333E+01 -.595395E+01 0.338165E+02
 0.481466E+01 -.288235E+01 -.166567E+01 -.951857E+01 0.328131E+02
 0.480654E+01 -.287910E+01 -.170014E+01 -.787904E+01 0.336947E+02
 0.491811E+01 -.288339E+01 -.166446E+01 -.760015E+01 0.327844E+02
 0.492034E+01 -.288402E+01 -.165981E+01 -.785677E+01 0.327784E+02
 0.481659E+01 -.288399E+01 -.164813E+01 -.838287E+01 0.328649E+02
 0.478738E+01 -.288320E+01 -.165460E+01 -.770063E+01 0.328029E+02
 0.442996E+01 -.288787E+01 -.149637E+01 -.880128E+01 0.449435E+02
 0.484217E+01 -.288508E+01 -.166645E+01 -.750792E+01 0.328644E+02
 0.484178E+01 -.288355E+01 -.166168E+01 -.796768E+01 0.328281E+02
 0.481308E+01 -.286920E+01 -.164932E+01 -.788270E+01 0.350824E+02
 0.475943E+01 -.288535E+01 -.166256E+01 -.795069E+01 0.327889E+02
 0.494939E+01 -.288412E+01 -.166011E+01 -.776495E+01 0.327700E+02
 0.500000E+01 -.288434E+01 -.165915E+01 -.752602E+01 0.327771E+02
 0.209129E+01 -.289527E+01 -.178242E+01 -.592018E+01 0.450863E+02
 0.488014E+01 -.288367E+01 -.166309E+01 -.794869E+01 0.327792E+02
 0.469855E+01 -.288023E+01 -.171492E+01 -.751811E+01 0.343964E+02
 0.481140E+01 -.288406E+01 -.165991E+01 -.821491E+01 0.327741E+02
 0.472231E+01 -.288621E+01 -.152821E+01 -.801634E+01 0.410204E+02
 0.480551E+01 -.288435E+01 -.166084E+01 -.831314E+01 0.327735E+02
 0.477109E+01 -.288391E+01 -.166199E+01 -.799263E+01 0.327711E+02
 0.485729E+01 -.288395E+01 -.165854E+01 -.781566E+01 0.327830E+02
 0.475801E+01 -.288448E+01 -.165996E+01 -.764390E+01 0.327734E+02
 0.458367E+01 -.288333E+01 -.166099E+01 -.809224E+01 0.327800E+02
 0.474893E+01 -.288405E+01 -.166147E+01 -.792184E+01 0.327724E+02
 0.485147E+01 -.288409E+01 -.166139E+01 -.715919E+01 0.327751E+02
 0.465504E+01 -.288442E+01 -.166217E+01 -.821665E+01 0.328404E+02
 0.450122E+01 -.286409E+01 -.165620E+01 -.794753E+01 0.366846E+02
 0.480008E+01 -.288254E+01 -.166060E+01 -.550000E+01 0.327943E+02
 0.466611E+01 -.288376E+01 -.166251E+01 -.771294E+01 0.327737E+02
 0.478822E+01 -.288424E+01 -.166174E+01 -.799437E+01 0.327715E+02
 0.480249E+01 -.288588E+01 -.166169E+01 -.776514E+01 0.328046E+02
 0.453713E+01 -.288410E+01 -.166079E+01 -.824449E+01 0.327777E+02
 0.474386E+01 -.288484E+01 -.174189E+01 -.783961E+01 0.367371E+02
 0.483069E+01 -.288288E+01 -.166225E+01 -.796000E+01 0.327859E+02
 0.483819E+01 -.288384E+01 -.166009E+01 -.794007E+01 0.328281E+02
 0.486236E+01 -.288690E+01 -.176700E+01 -.790550E+01 0.400108E+02
 0.220897E+01 -.288594E+01 -.169698E+01 -.787582E+01 0.339745E+02
 0.480777E+01 -.288412E+01 -.163344E+01 -.796395E+01 0.331753E+02
 0.480000E+01 -.288440E+01 -.166899E+01 -.852810E+01 0.328111E+02
 0.485201E+01 -.288339E+01 -.166083E+01 -.764113E+01 0.327768E+02
 0.480986E+01 -.288408E+01 -.166094E+01 -.816489E+01 0.327704E+02
 0.488466E+01 -.288700E+01 -.166526E+01 -.739090E+01 0.328855E+02
 0.500000E+01 -.291096E+01 -.165851E+01 -.776252E+01 0.393924E+02
 0.480427E+01 -.288363E+01 -.164912E+01 -.803286E+01 0.328523E+02
 0.492465E+01 -.288448E+01 -.167482E+01 -.793889E+01 0.328883E+02
 0.498226E+01 -.288464E+01 -.150382E+01 -.794642E+01 0.442088E+02
 0.462680E+01 -.288403E+01 -.166187E+01 -.785692E+01 0.327768E+02
 0.470005E+01 -.288341E+01 -.166065E+01 -.833738E+01 0.327769E+02
 0.459903E+01 -.290692E+01 -.162907E+01 -.785556E+01 0.376134E+02
 0.480692E+01 -.288442E+01 -.166188E+01 -.779451E+01 0.327747E+02
 0.456634E+01 -.288585E+01 -.164587E+01 -.776702E+01 0.329042E+02
 0.497198E+01 -.288391E+01 -.166274E+01 -.763248E+01 0.327784E+02
 0.470698E+01 -.291629E+01 -.161179E+01 -.776230E+01 0.422533E+02
 0.481595E+01 -.288443E+01 -.160603E+01 -.761289E+01 0.343273E+02
 0.447749E+01 -.288414E+01 -.168387E+01 -.771722E+01 0.330706E+02
 0.481042E+01 -.287328E+01 -.169532E+01 -.658497E+01 0.341899E+02
 0.451227E+01 -.288400E+01 -.166416E+01 -.780533E+01 0.327782E+02
 0.500000E+01 -.288356E+01 -.164754E+01 -.665475E+01 0.328775E+02
 0.493620E+01 -.288129E+01 -.166050E+01 -.817499E+01 0.328422E+02
 0.480615E+01 -.288223E+01 -.165922E+01 -.781112E+01 0.328049E+02
 0.442325E+01 -.288495E+01 -.166414E+01 -.804696E+01 0.327966E+02
 0.500000E+01 -.288381E+01 -.166422E+01 -.784996E+01 0.327752E+02
 0.495046E+01 -.288920E+01 -.162348E+01 -.752786E+01 0.336145E+02
 0.489441E+01 -.291961E+01 -.164256E+01 -.727823E+01 0.439484E+02
 0.500000E+01 -.288204E+01 -.165936E+01 -.778783E+01 0.328146E+02
 0.500000E+01 -.288409E+01 -.166543E+01 -.786761E+01 0.327830E+02
 0.481516E+01 -.291728E+01 -.166056E+01 -.786675E+01 0.428972E+02
 0.429922E+01 -.291710E+01 -.166538E+01 -.772392E+01 0.429071E+02
 0.370884E+01 -.286847E+01 -.166189E+01 -.807404E+01 0.350531E+02
 0.480163E+01 -.288437E+01 -.166139E+01 -.778176E+01 0.327719E+02
 0.499545E+01 -.288386E+01 -.166045E+01 -.814967E+01 0.327749E+02
 0.468631E+01 -.288474E+01 -.170368E+01 -.774637E+01 0.338477E+02
 0.444445E+01 -.288876E+01 -.164211E+01 -.783219E+01 0.330984E+02
 0.462628E+01 -.287803E+01 -.166226E+01 -.873572E+01 0.331001E+02
 0.482775E+01 -.288301E+01 -.165483E+01 -.811861E+01 0.328167E+02
 0.471166E+01 -.291055E+01 -.162570E+01 -.826404E+01 0.391284E+02
 0.487170E+01 -.286533E+01 -.166120E+01 -.907160E+01 0.360909E+02
 0.466311E+01 -.288414E+01 -.166119E+01 -.811592E+01 0.327710E+02
 0.500000E+01 -.288406E+01 -.166877E+01 -.872381E+01 0.328027E+02
 0.476465E+01 -.288403E+01 -.166203E+01 -.788870E+01 0.327724E+02
 0.492990E+01 -.287419E+01 -.172235E+01 -.792621E+01 0.353078E+02
 0.496951E+01 -.288407E+01 -.166167E+01 -.784721E+01 0.327810E+02
 0.485089E+01 -.287640E+01 -.166737E+01 -.754662E+01 0.332906E+02
 0.481862E+01 -.288405E+01 -.166167E+01 -.773641E+01 0.327743E+02
 0.448043E+01 -.288537E+01 -.158831E+01 -.750216E+01 0.354283E+02
 0.479839E+01 -.285529E+01 -.174799E+01 -.728480E+01 0.427971E+02
 0.477356E+01 -.288137E+01 -.165115E+01 -.728910E+01 0.329112E+02
 0.454111E+01 -.288516E+01 -.167043E+01 -.819199E+01 0.328513E+02
 0.228677E+01 -.287003E+01 -.155211E+01 -.797751E+01 0.417949E+02
 0.479451E+01 -.288420E+01 -.166147E+01 -.760068E+01 0.327711E+02
 0.483119E+01 -.288401E+01 -.166097E+01 -.750614E+01 0.327844E+02
 0.451622E+01 -.288965E+01 -.164599E+01 -.112967E+02 0.331295E+02
 0.470668E+01 -.287463E+01 -.165837E+01 -.722459E+01 0.336278E+02
 0.482244E+01 -.288383E+01 -.168036E+01 -.811106E+01 0.329832E+02
 0.478214E+01 -.288404E+01 -.166098E+01 -.763969E+01 0.327707E+02
 0.477708E+01 -.288380E+01 -.165999E+01 -.103694E+02 0.327719E+02
 0.447533E+01 -.286972E+01 -.166021E+01 -.958074E+01 0.347405E+02
 0.476340E+01 -.287993E+01 -.175316E+01 -.776254E+01 0.376752E+02
 0.490071E+01 -.288396E+01 -.165761E+01 -.780574E+01 0.327820E+02
 0.473851E+01 -.288812E+01 -.160207E+01 -.698232E+01 0.345326E+02
 0.483739E+01 -.288615E+01 -.165947E+01 -.710886E+01 0.328776E+02
 0.484825E+01 -.288407E+01 -.166182E+01 -.696766E+01 0.327758E+02
 0.469605E+01 -.289051E+01 -.153274E+01 -.739165E+01 0.404045E+02
 0.485961E+01 -.288413E+01 -.166139E+01 -.796081E+01 0.327797E+02
 0.484038E+01 -.288212E+01 -.168509E+01 -.790714E+01 0.331179E+02
 0.483120E+01 -.290017E+01 -.172203E+01 -.838328E+01 0.383084E+02
 0.481633E+01 -.288299E+01 -.166201E+01 -.719210E+01 0.327852E+02
 0.477460E+01 -.288937E+01 -.167455E+01 -.716898E+01 0.332081E+02
 0.200000E+01 -.290331E+01 -.175861E+01 -.821436E+01 0.443070E+02
 0.480761E+01 -.288635E+01 -.165017E+01 -.827544E+01 0.328629E+02
 0.485487E+01 -.287923E+01 -.172287E+01 -.852637E+01 0.349447E+02
 0.475564E+01 -.288526E+01 -.166166E+01 -.794073E+01 0.328185E+02
 0.468246E+01 -.289573E+01 -.171708E+01 -.763715E+01 0.364831E+02
 0.475097E+01 -.288618E+01 -.166494E+01 -.787882E+01 0.328667E+02
 0.484993E+01 -.288368E+01 -.166178E+01 -.795591E+01 0.327757E+02
 0.486920E+01 -.288727E+01 -.166133E+01 -.786297E+01 0.328848E+02
 0.478949E+01 -.289130E+01 -.165759E+01 -.794362E+01 0.332517E+02
 0.462304E+01 -.288188E+01 -.164457E+01 -.798849E+01 0.329930E+02
 0.489994E+01 -.288401E+01 -.166067E+01 -.717265E+01 0.327721E+02
 0.500000E+01 -.288393E+01 -.166222E+01 -.757321E+01 0.327708E+02
 0.482132E+01 -.288407E+01 -.166371E+01 -.792512E+01 0.327721E+02
 0.476327E+01 -.288528E+01 -.167065E+01 -.814910E+01 0.328478E+02
 0.484820E+01 -.288433E+01 -.166142E+01 -.991876E+01 0.327769E+02
 0.500000E+01 -.286746E+01 -.167568E+01 -.805739E+01 0.352789E+02
 0.476851E+01 -.288950E+01 -.166134E+01 -.840110E+01 0.330553E+02
 0.480331E+01 -.288405E+01 -.166170E+01 -.792304E+01 0.327708E+02
 0.500000E+01 -.288277E+01 -.166371E+01 -.811583E+01 0.327890E+02
 0.457225E+01 -.288192E+01 -.173245E+01 -.637006E+01 0.356899E+02
 0.479987E+01 -.288456E+01 -.166235E+01 -.853485E+01 0.327749E+02
 0.477392E+01 -.288618E+01 -.169222E+01 -.790316E+01 0.334269E+02
 0.478413E+01 -.285481E+01 -.169504E+01 -.755325E+01 0.407098E+02
 0.483379E+01 -.288287E+01 -.165866E+01 -.791983E+01 0.327922E+02
 0.488219E+01 -.288399E+01 -.165707E+01 -.797746E+01 0.327813E+02
 0.484284E+01 -.288406E+01 -.165980E+01 -.843666E+01 0.328305E+02
 0.473177E+01 -.288144E+01 -.163395E+01 -.777790E+01 0.332864E+02
 0.450343E+01 -.288491E+01 -.165955E+01 -.814873E+01 0.327927E+02
 0.480275E+01 -.288590E+01 -.165288E+01 -.763428E+01 0.328258E+02
 0.476847E+01 -.290498E+01 -.167202E+01 -.804067E+01 0.370983E+02
 0.469172E+01 -.288333E+01 -.166181E+01 -.790780E+01 0.327792E+02
 0.500000E+01 -.288417E+01 -.165921E+01 -.817477E+01 0.327764E+02
 0.481378E+01 -.288408E+01 -.167053E+01 -.751341E+01 0.328286E+02
 0.484467E+01 -.288355E+01 -.166351E+01 -.783429E+01 0.328314E+02
 0.484420E+01 -.288025E+01 -.167079E+01 -.795018E+01 0.329634E+02
 0.480675E+01 -.288373E+01 -.165934E+01 -.795650E+01 0.327732E+02
 0.491505E+01 -.286775E+01 -.162784E+01 -.781062E+01 0.363400E+02
 0.480012E+01 -.288299E+01 -.166285E+01 -.810749E+01 0.327803E+02
 0.472782E+01 -.288398E+01 -.166108E+01 -.794236E+01 0.327804E+02
 0.480331E+01 -.288411E+01 -.165499E+01 -.789302E+01 0.327890E+02
 0.483677E+01 -.288722E+01 -.166782E+01 -.786226E+01 0.329792E+02
 0.479164E+01 -.288361E+01 -.166172E+01 -.770979E+01 0.327720E+02
 0.488409E+01 -.288421E+01 -.166187E+01 -.791122E+01 0.327765E+02
 0.485874E+01 -.288392E+01 -.166183E+01 -.829062E+01 0.327809E+02
 0.500000E+01 -.288523E+01 -.166191E+01 -.695771E+01 0.327922E+02
 0.468879E+01 -.287541E+01 -.179429E+01 -.790912E+01 0.434872E+02
 0.482459E+01 -.288002E+01 -.166097E+01 -.771317E+01 0.329166E+02
 0.492376E+01 -.288367E+01 -.166179E+01 -.766766E+01 0.327785E+02
 0.483974E+01 -.288415E+01 -.166099E+01 -.806721E+01 0.328286E+02
 0.495818E+01 -.288100E+01 -.166201E+01 -.105304E+02 0.328541E+02
 0.498819E+01 -.288389E+01 -.166030E+01 -.698852E+01 0.327750E+02
 0.497699E+01 -.288479E+01 -.162640E+01 -.569391E+01 0.333930E+02
 0.484019E+01 -.288816E+01 -.166321E+01 -.771411E+01 0.330161E+02
 0.491121E+01 -.288477E+01 -.166152E+01 -.822903E+01 0.327805E+02
 0.486862E+01 -.286868E+01 -.177998E+01 -.797891E+01 0.419645E+02
 0.370897E+01 -.288342E+01 -.171150E+01 -.803890E+01 0.342404E+02
 0.479321E+01 -.288481E+01 -.169735E+01 -.805331E+01 0.335510E+02
 0.476953E+01 -.288290E+01 -.167539E+01 -.869588E+01 0.328850E+02
 0.482583E+01 -.288438E+01 -.166019E+01 -.753660E+01 0.327808E+02
 0.476870E+01 -.288408E+01 -.166032E+01 -.819145E+01 0.327710E+02
 0.477594E+01 -.288821E+01 -.165518E+01 -.804897E+01 0.329315E+02
 0.441472E+01 -.287795E+01 -.165912E+01 -.757193E+01 0.331356E+02
 0.480421E+01 -.288387E+01 -.167942E+01 -.792369E+01 0.329595E+02
 0.496396E+01 -.288404E+01 -.163412E+01 -.798193E+01 0.331576E+02
 0.461051E+01 -.288400E+01 -.166181E+01 -.781411E+01 0.327703E+02
 0.476527E+01 -.288342E+01 -.166078E+01 -.796143E+01 0.327762E+02
 0.500000E+01 -.286684E+01 -.159618E+01 -.787605E+01 0.387487E+02
 0.482877E+01 -.288425E+01 -.166158E+01 -.795053E+01 0.327786E+02
 0.475666E+01 -.288513E+01 -.166542E+01 -.786817E+01 0.327916E+02
 0.495340E+01 -.288379E+01 -.166129E+01 -.770639E+01 0.327738E+02
 0.499963E+01 -.288685E+01 -.168067E+01 -.776610E+01 0.331194E+02
 0.484306E+01 -.288413E+01 -.165730E+01 -.733584E+01 0.328390E+02
 0.485531E+01 -.287769E+01 -.169051E+01 -.763370E+01 0.334616E+02
 0.500000E+01 -.288473E+01 -.166377E+01 -.784334E+01 0.327811E+02
 0.463215E+01 -.288365E+01 -.164401E+01 -.726376E+01 0.329605E+02
 0.487280E+01 -.288466E+01 -.166158E+01 -.822583E+01 0.327824E+02
 0.491126E+01 -.288471E+01 -.165892E+01 -.779889E+01 0.327804E+02
 0.468540E+01 -.288416E+01 -.166357E+01 -.804768E+01 0.327800E+02
 0.465091E+01 -.288448E+01 -.170281E+01 -.792569E+01 0.337957E+02
 0.398187E+01 -.288399E+01 -.166307E+01 -.734805E+01 0.327843E+02
 0.483376E+01 -.289446E+01 -.174874E+01 -.875573E+01 0.392855E+02
 0.445933E+01 -.288497E+01 -.166277E+01 -.808184E+01 0.327833E+02
 0.443973E+01 -.288378E+01 -.165664E+01 -.784869E+01 0.327882E+02
 0.439715E+01 -.288886E+01 -.166356E+01 -.760273E+01 0.330133E+02
 0.393888E+01 -.285162E+01 -.165267E+01 -.785731E+01 0.431824E+02
 0.480557E+01 -.288645E+01 -.166048E+01 -.763226E+01 0.328256E+02
 0.484943E+01 -.288436E+01 -.166056E+01 -.758388E+01 0.327768E+02
 0.463170E+01 -.288455E+01 -.174481E+01 -.741708E+01 0.370150E+02
 0.451838E+01 -.288821E+01 -.159981E+01 -.769231E+01 0.346562E+02
 0.500000E+01 -.288098E+01 -.166228E+01 -.107626E+02 0.328526E+02
 0.486120E+01 -.288656E+01 -.166082E+01 -.789482E+01 0.328441E+02
 0.469825E+01 -.288401E+01 -.166103E+01 -.779716E+01 0.327735E+02
 0.372263E+01 -.288407E+01 -.165164E+01 -.874777E+01 0.328277E+02
 0.494014E+01 -.288363E+01 -.166196E+01 -.777128E+01 0.327757E+02
 0.485429E+01 -.288406E+01 -.166166E+01 -.773048E+01 0.327749E+02
 0.490624E+01 -.289042E+01 -.166928E+01 -.753891E+01 0.332463E+02
 0.479464E+01 -.288406E+01 -.166153E+01 -.801287E+01 0.327707E+02
 0.444000E+01 -.288439E+01 -.149830E+01 -.851037E+01 0.449918E+02
 0.478941E+01 -.287576E+01 -.173503E+01 -.777847E+01 0.360760E+02
 0.485563E+01 -.288421E+01 -.166484E+01 -.914716E+01 0.327897E+02
 0.452372E+01 -.289208E+01 -.166101E+01 -.901450E+01 0.334059E+02
 0.259023E+01 -.287248E+01 -.178089E+01 -.796580E+01 0.419236E+02
 0.467745E+01 -.289340E+01 -.178196E+01 -.866950E+01 0.437317E+02
 0.486638E+01 -.288440E+01 -.166163E+01 -.806247E+01 0.327817E+02
 0.479296E+01 -.288442E+01 -.166147E+01 -.572307E+01 0.327741E+02
 0.438829E+01 -.289255E+01 -.173794E+01 -.113434E+02 0.375683E+02
 0.479717E+01 -.287635E+01 -.160914E+01 -.785208E+01 0.350824E+02
 0.483992E+01 -.288477E+01 -.168725E+01 -.772487E+01 0.332204E+02
 0.498200E+01 -.288403E+01 -.166140E+01 -.758944E+01 0.327711E+02
 0.484728E+01 -.286947E+01 -.171837E+01 -.662107E+01 0.358849E+02
 0.469007E+01 -.288377E+01 -.166046E+01 -.967041E+01 0.327726E+02
 0.476073E+01 -.289230E+01 -.167037E+01 -.809881E+01 0.335198E+02
 0.490239E+01 -.286778E+01 -.165896E+01 -.780211E+01 0.353137E+02
 0.470447E+01 -.288531E+01 -.158139E+01 -.739842E+01 0.359119E+02
 0.483943E+01 -.288953E+01 -.166033E+01 -.700138E+01 0.331318E+02
 0.481219E+01 -.288407E+01 -.166107E+01 -.678586E+01 0.327736E+02
 0.490219E+01 -.288595E+01 -.154645E+01 -.753444E+01 0.390347E+02
 0.476828E+01 -.288403E+01 -.166122E+01 -.793506E+01 0.327707E+02
 0.491030E+01 -.288348E+01 -.164825E+01 -.795732E+01 0.328709E+02
 0.479741E+01 -.288985E+01 -.153281E+01 -.852538E+01 0.403884E+02
 0.478024E+01 -.288512E+01 -.166207E+01 -.808211E+01 0.327838E+02
 0.486404E+01 -.290365E+01 -.167662E+01 -.653099E+01 0.367770E+02
 0.200000E+01 -.288589E+01 -.166346E+01 -.702697E+01 0.332260E+02
 0.477195E+01 -.288658E+01 -.167278E+01 -.824879E+01 0.329376E+02
 0.486748E+01 -.288303E+01 -.155872E+01 -.858222E+01 0.380432E+02
 0.469112E+01 -.288090E+01 -.164621E+01 -.926003E+01 0.330270E+02
 0.479209E+01 -.288199E+01 -.166146E+01 -.817647E+01 0.328082E+02
 0.457521E+01 -.286516E+01 -.162561E+01 -.802281E+01 0.374268E+02
 0.483736E+01 -.288546E+01 -.166451E+01 -.804104E+01 0.328626E+02
 0.481658E+01 -.288335E+01 -.165968E+01 -.798940E+01 0.327807E+02
 0.491058E+01 -.288359E+01 -.166158E+01 -.748987E+01 0.327714E+02
 0.479368E+01 -.289684E+01 -.166880E+01 -.784586E+01 0.344229E+02
 0.487366E+01 -.288261E+01 -.164204E+01 -.795071E+01 0.330079E+02
 0.496868E+01 -.288406E+01 -.166176E+01 -.787537E+01 0.327805E+02
 0.489152E+01 -.288439E+01 -.165548E+01 -.718361E+01 0.328338E+02
 0.478783E+01 -.288400E+01 -.166352E+01 -.795474E+01 0.327738E+02
 0.475851E+01 -.288473E+01 -.168021E+01 -.706450E+01 0.329886E+02
 0.488834E+01 -.288487E+01 -.166167E+01 -.776141E+01 0.327843E+02
 0.485117E+01 -.286219E+01 -.160167E+01 -.759102E+01 0.403012E+02
 0.431135E+01 -.286469E+01 -.164153E+01 -.550000E+01 0.368687E+02
 0.455863E+01 -.287323E+01 -.166739E+01 -.793630E+01 0.338214E+02
 0.490676E+01 -.290740E+01 -.166237E+01 -.796910E+01 0.378556E+02
 0.479716E+01 -.288405E+01 -.166167E+01 -.798058E+01 0.327708E+02
 0.489089E+01 -.288783E+01 -.166155E+01 -.798403E+01 0.329255E+02
 0.485986E+01 -.288616E+01 -.166094E+01 -.756872E+01 0.328258E+02
 0.479475E+01 -.288614E+01 -.165918E+01 -.691011E+01 0.328102E+02
 0.480980E+01 -.288892E+01 -.163491E+01 -.798786E+01 0.332481E+02
 0.475011E+01 -.288427E+01 -.165842E+01 -.810558E+01 0.328092E+02
 0.482530E+01 -.288398E+01 -.165765E+01 -.795775E+01 0.327846E+02
 0.482177E+01 -.288376E+01 -.167332E+01 -.820379E+01 0.328522E+02
 0.474849E+01 -.288358E+01 -.163733E+01 -.786306E+01 0.330815E+02
 0.413220E+01 -.288789E+01 -.177616E+01 -.774443E+01 0.415410E+02
 0.462005E+01 -.288377E+01 -.165921E+01 -.736003E+01 0.327778E+02
 0.481449E+01 -.288554E+01 -.165698E+01 -.732370E+01 0.328064E+02
 0.488147E+01 -.291761E+01 -.167432E+01 -.797874E+01 0.435869E+02
 0.468781E+01 -.288250E+01 -.166038E+01 -.790806E+01 0.327953E+02
 0.486732E+01 -.288402E+01 -.166163E+01 -.775949E+01 0.327794E+02
 0.473540E+01 -.288375E+01 -.166049E+01 -.822751E+01 0.327798E+02
 0.478694E+01 -.288404E+01 -.166017E+01 -.784712E+01 0.327711E+02
 0.490602E+01 -.288612E+01 -.162000E+01 -.727484E+01 0.336280E+02
 0.479573E+01 -.288364E+01 -.166013E+01 -.773453E+01 0.327727E+02
 0.478468E+01 -.289235E+01 -.155506E+01 -.783938E+01 0.382253E+02
 0.480650E+01 -.288312E+01 -.166113E+01 -.781842E+01 0.327798E+02
 0.478213E+01 -.288407E+01 -.166132E+01 -.781392E+01 0.327707E+02
 0.480314E+01 -.288418E+01 -.166064E+01 -.796251E+01 0.327708E+02
 0.486723E+01 -.288641E+01 -.166067E+01 -.792279E+01 0.328367E+02
 0.500000E+01 -.288495E+01 -.166153E+01 -.748503E+01 0.327855E+02
 0.494012E+01 -.288427E+01 -.166117E+01 -.743539E+01 0.327758E+02
 0.475667E+01 -.288451E+01 -.166180E+01 -.764215E+01 0.327703E+02
 0.448955E+01 -.288409E+01 -.166005E+01 -.738953E+01 0.327861E+02
 0.500000E+01 -.289044E+01 -.174669E+01 -.790009E+01 0.380652E+02
 0.482981E+01 -.288171E+01 -.166172E+01 -.746901E+01 0.328201E+02
 0.500000E+01 -.288400E+01 -.166105E+01 -.783314E+01 0.327761E+02
 0.483830E+01 -.288405E+01 -.166026E+01 -.789397E+01 0.328282E+02
 0.500000E+01 -.288002E+01 -.166227E+01 -.861232E+01 0.329147E+02
 0.500000E+01 -.288383E+01 -.166295E+01 -.699927E+01 0.327720E+02
 0.498602E+01 -.288399E+01 -.160137E+01 -.550000E+01 0.346163E+02
 0.481628E+01 -.288914E+01 -.166152E+01 -.794397E+01 0.330329E+02
 0.492368E+01 -.288415E+01 -.166100E+01 -.710776E+01 0.327773E+02
 0.500000E+01 -.288295E+01 -.165002E+01 -.804335E+01 0.328602E+02
 0.482233E+01 -.288467E+01 -.168339E+01 -.812077E+01 0.330784E+02
 0.477353E+01 -.288352E+01 -.164349E+01 -.739549E+01 0.329463E+02
 0.492146E+01 -.288489E+01 -.165980E+01 -.767039E+01 0.327834E+02
 0.482890E+01 -.288406E+01 -.166100E+01 -.811788E+01 0.327773E+02
 0.482072E+01 -.288411E+01 -.165133E+01 -.854121E+01 0.328252E+02
 0.450837E+01 -.286308E+01 -.166053E+01 -.778428E+01 0.369854E+02
 0.480457E+01 -.288389E+01 -.165615E+01 -.796383E+01 0.327847E+02
 0.499750E+01 -.288411E+01 -.165490E+01 -.795251E+01 0.327935E+02
 0.500000E+01 -.288399E+01 -.166158E+01 -.770581E+01 0.327762E+02
 0.484799E+01 -.288422E+01 -.166188E+01 -.785968E+01 0.327765E+02
 0.452334E+01 -.287025E+01 -.161299E+01 -.756162E+01 0.363375E+02
 0.480995E+01 -.288383E+01 -.166139E+01 -.813493E+01 0.327727E+02
 0.490533E+01 -.288438E+01 -.167553E+01 -.796210E+01 0.328935E+02
 0.473781E+01 -.288396E+01 -.166081E+01 -.787056E+01 0.327797E+02
 0.500000E+01 -.287450E+01 -.170244E+01 -.776493E+01 0.342370E+02
 0.500000E+01 -.288658E+01 -.170433E+01 -.762014E+01 0.340113E+02
 0.500000E+01 -.288406E+01 -.164227E+01 -.758891E+01 0.329620E+02
 0.487054E+01 -.289208E+01 -.166792E+01 -.606016E+01 0.334783E+02
 0.373512E+01 -.288439E+01 -.165969E+01 -.794660E+01 0.327852E+02
 0.466434E+01 -.288414E+01 -.165053E+01 -.854553E+01 0.328371E+02
 0.486477E+01 -.288559E+01 -.166239E+01 -.769040E+01 0.328096E+02
 0.495175E+01 -.288579E+01 -.166134E+01 -.784316E+01 0.328066E+02
 0.500000E+01 -.288346E+01 -.166128E+01 -.777074E+01 0.327786E+02
 0.491851E+01 -.288462E+01 -.168407E+01 -.792079E+01 0.330938E+02
 0.471033E+01 -.289436E+01 -.167018E+01 -.847066E+01 0.339099E+02
 0.426303E+01 -.288599E+01 -.166499E+01 -.828312E+01 0.328382E+02
 0.489924E+01 -.288358E+01 -.165930E+01 -.790564E+01 0.327757E+02
 0.411203E+01 -.286012E+01 -.166573E+01 -.770658E+01 0.381246E+02
 0.467117E+01 -.290682E+01 -.165561E+01 -.782805E+01 0.375200E+02
 0.480292E+01 -.288620E+01 -.166038E+01 -.742961E+01 0.328147E+02
 0.479982E+01 -.288446E+01 -.166141E+01 -.743286E+01 0.327727E+02
 0.498520E+01 -.288347E+01 -.161461E+01 -.780972E+01 0.339297E+02
 0.479817E+01 -.288528E+01 -.166618E+01 -.771651E+01 0.328058E+02
 0.453758E+01 -.289200E+01 -.166170E+01 -.868379E+01 0.333931E+02
 0.481180E+01 -.288583E+01 -.166432E+01 -.780863E+01 0.328121E+02
 0.483560E+01 -.289748E+01 -.167212E+01 -.911298E+01 0.346836E+02
 0.481406E+01 -.288389E+01 -.166129E+01 -.756281E+01 0.327755E+02
 0.336112E+01 -.288406E+01 -.164568E+01 -.834571E+01 0.329124E+02
 0.500000E+01 -.288345E+01 -.166191E+01 -.768274E+01 0.327787E+02
 0.478610E+01 -.288409E+01 -.166136E+01 -.775619E+01 0.327708E+02
 0.488242E+01 -.289961E+01 -.165674E+01 -.888132E+01 0.350045E+02
 0.479120E+01 -.288407E+01 -.166136E+01 -.822117E+01 0.327707E+02
 0.470687E+01 -.288359E+01 -.172092E+01 -.925628E+01 0.348405E+02
 0.479595E+01 -.291100E+01 -.163916E+01 -.821867E+01 0.392141E+02
 0.490152E+01 -.288499E+01 -.166638E+01 -.963350E+01 0.328228E+02
 0.478085E+01 -.288386E+01 -.165755E+01 -.815102E+01 0.327766E+02
 0.409023E+01 -.289306E+01 -.162942E+01 -.790377E+01 0.338263E+02
 0.500000E+01 -.290364E+01 -.166577E+01 -.774802E+01 0.364372E+02
 0.487629E+01 -.288434E+01 -.166130E+01 -.776595E+01 0.327786E+02
 0.475938E+01 -.288414E+01 -.166170E+01 -.756145E+01 0.327708E+02
 0.478556E+01 -.288991E+01 -.167652E+01 -.818840E+01 0.333153E+02
 0.493698E+01 -.289059E+01 -.167801E+01 -.833311E+01 0.334545E+02
 0.484749E+01 -.288505E+01 -.166556E+01 -.779338E+01 0.328028E+02
 0.500000E+01 -.288405E+01 -.166175E+01 -.780754E+01 0.327764E+02
 0.471197E+01 -.288415E+01 -.166186E+01 -.787683E+01 0.327758E+02
 0.490735E+01 -.289172E+01 -.163288E+01 -.918606E+01 0.335696E+02
 0.481472E+01 -.289058E+01 -.161997E+01 -.806477E+01 0.338569E+02
 0.477939E+01 -.288053E+01 -.166081E+01 -.792876E+01 0.328856E+02
 0.482276E+01 -.287891E+01 -.167225E+01 -.710671E+01 0.330298E+02
 0.480196E+01 -.288412E+01 -.166108E+01 -.869901E+01 0.327706E+02
 0.489883E+01 -.288397E+01 -.166105E+01 -.840027E+01 0.327720E+02
 0.492432E+01 -.288177E+01 -.173835E+01 -.799029E+01 0.362123E+02
 0.473527E+01 -.288398E+01 -.166126E+01 -.792397E+01 0.327795E+02
 0.489625E+01 -.288346E+01 -.164705E+01 -.802281E+01 0.329357E+02
 0.480641E+01 -.288391E+01 -.162319E+01 -.783202E+01 0.335309E+02
 0.481303E+01 -.288349E+01 -.166207E+01 -.792840E+01 0.327767E+02
 0.484539E+01 -.288137E+01 -.166039E+01 -.744085E+01 0.328736E+02
 0.350000E+01 -.286937E+01 -.158870E+01 -.724893E+01 0.384356E+02
 0.477057E+01 -.288304E+01 -.168385E+01 -.756536E+01 0.330552E+02
 0.486526E+01 -.288373E+01 -.162176E+01 -.101257E+02 0.336029E+02
 0.472874E+01 -.288339E+01 -.166147E+01 -.832216E+01 0.327809E+02
 0.475326E+01 -.286725E+01 -.166224E+01 -.640410E+01 0.354399E+02
 0.487206E+01 -.288392E+01 -.166013E+01 -.737360E+01 0.327798E+02
 0.495908E+01 -.288350E+01 -.166275E+01 -.797245E+01 0.327738E+02
 0.493230E+01 -.288098E+01 -.166185E+01 -.720604E+01 0.328529E+02
 0.481354E+01 -.288466E+01 -.167054E+01 -.780201E+01 0.328385E+02
 0.443023E+01 -.288354E+01 -.165785E+01 -.791836E+01 0.327890E+02
 0.477050E+01 -.288408E+01 -.166183E+01 -.859294E+01 0.327711E+02
 0.490709E+01 -.288451E+01 -.165630E+01 -.840396E+01 0.327860E+02
 0.480092E+01 -.288401E+01 -.166101E+01 -.795532E+01 0.327705E+02
 0.477873E+01 -.288393E+01 -.165804E+01 -.724553E+01 0.327746E+02
 0.490864E+01 -.288449E+01 -.166177E+01 -.667164E+01 0.327743E+02
 0.500000E+01 -.290239E+01 -.163820E+01 -.813589E+01 0.358312E+02
 0.496198E+01 -.288014E+01 -.166200E+01 -.895021E+01 0.329101E+02
 0.479880E+01 -.288405E+01 -.166167E+01 -.798239E+01 0.327707E+02
 0.476259E+01 -.288442E+01 -.166142E+01 -.769319E+01 0.327735E+02
 0.500000E+01 -.288712E+01 -.160623E+01 -.903070E+01 0.342821E+02
 0.480637E+01 -.288365E+01 -.166141E+01 -.831437E+01 0.327735E+02
 0.488464E+01 -.288178E+01 -.166227E+01 -.795718E+01 0.328170E+02
 0.466273E+01 -.290725E+01 -.152006E+01 -.804520E+01 0.445973E+02
 0.494192E+01 -.288433E+01 -.166076E+01 -.762739E+01 0.327770E+02
 0.479698E+01 -.288399E+01 -.166364E+01 -.786622E+01 0.327741E+02
 0.479027E+01 -.288368E+01 -.167089E+01 -.840227E+01 0.328237E+02
 0.481284E+01 -.288485E+01 -.168195E+01 -.777478E+01 0.330439E+02
 0.474350E+01 -.289017E+01 -.156295E+01 -.844057E+01 0.374063E+02
 0.475200E+01 -.288331E+01 -.166184E+01 -.722145E+01 0.328047E+02
 0.481876E+01 -.288308E+01 -.166619E+01 -.790906E+01 0.327960E+02
 0.487770E+01 -.292117E+01 -.164748E+01 -.786611E+01 0.450454E+02
 0.478589E+01 -.288468E+01 -.166124E+01 -.799075E+01 0.327750E+02
 0.485954E+01 -.288399E+01 -.166193E+01 -.756459E+01 0.327810E+02
 0.494794E+01 -.288362E+01 -.165398E+01 -.834614E+01 0.328023E+02
 0.475940E+01 -.288442E+01 -.165954E+01 -.799716E+01 0.327735E+02
 0.492395E+01 -.288806E+01 -.166877E+01 -.733070E+01 0.329960E+02
 0.479797E+01 -.288411E+01 -.166125E+01 -.761967E+01 0.327707E+02
 0.482246E+01 -.289797E+01 -.176335E+01 -.785846E+01 0.423327E+02
 0.480968E+01 -.288489E+01 -.165980E+01 -.838875E+01 0.327776E+02
 0.482912E+01 -.288406E+01 -.166172E+01 -.786140E+01 0.327776E+02
 0.480382E+01 -.288420E+01 -.166637E+01 -.799337E+01 0.327828E+02
 0.478536E+01 -.288217E+01 -.165556E+01 -.762451E+01 0.328267E+02
 0.474690E+01 -.288500E+01 -.166106E+01 -.810155E+01 0.327821E+02
 0.473669E+01 -.288376E+01 -.166131E+01 -.726738E+01 0.327797E+02
 0.472015E+01 -.288494E+01 -.166162E+01 -.718148E+01 0.327873E+02
 0.500000E+01 -.286216E+01 -.166331E+01 -.796989E+01 0.373058E+02
 0.500000E+01 -.288285E+01 -.166142E+01 -.828841E+01 0.327877E+02
 0.474858E+01 -.288204E+01 -.151100E+01 -.749603E+01 0.436235E+02
 0.480599E+01 -.288491E+01 -.166195E+01 -.594356E+01 0.327822E+02
 0.481853E+01 -.288417E+01 -.166163E+01 -.771619E+01 0.327747E+02
 0.478675E+01 -.288429E+01 -.166022E+01 -.742646E+01 0.327716E+02
 0.468389E+01 -.288766E+01 -.166213E+01 -.686852E+01 0.329067E+02
 0.451532E+01 -.288413E+01 -.166246E+01 -.843918E+01 0.327747E+02
 0.472852E+01 -.288509E+01 -.167307E+01 -.103327E+02 0.328828E+02
 0.482897E+01 -.287991E+01 -.166050E+01 -.803869E+01 0.329309E+02
 0.479723E+01 -.288373E+01 -.166015E+01 -.750155E+01 0.327720E+02
 0.350000E+01 -.288644E+01 -.163301E+01 -.778501E+01 0.331914E+02
 0.483929E+01 -.288465E+01 -.160217E+01 -.803658E+01 0.345574E+02
 0.481223E+01 -.288407E+01 -.166049E+01 -.653779E+01 0.327739E+02
 0.492585E+01 -.288412E+01 -.166207E+01 -.760384E+01 0.327721E+02
 0.483849E+01 -.288406E+01 -.166148E+01 -.795808E+01 0.328274E+02
 0.486601E+01 -.288234E+01 -.164924E+01 -.814742E+01 0.328971E+02
 0.449071E+01 -.286620E+01 -.166130E+01 -.804929E+01 0.358108E+02
 0.480506E+01 -.288393E+01 -.164514E+01 -.805038E+01 0.329079E+02
 0.492878E+01 -.288466E+01 -.168516E+01 -.751079E+01 0.331228E+02
 0.479178E+01 -.288402E+01 -.166126E+01 -.765575E+01 0.327706E+02
 0.481358E+01 -.288416E+01 -.166210E+01 -.834527E+01 0.327760E+02
 0.458047E+01 -.289687E+01 -.170742E+01 -.782106E+01 0.361090E+02
 0.480496E+01 -.288378E+01 -.166155E+01 -.868333E+01 0.327728E+02
 0.483454E+01 -.288416E+01 -.165764E+01 -.794555E+01 0.327879E+02
 0.487162E+01 -.288412E+01 -.166162E+01 -.784600E+01 0.327797E+02
 0.470127E+01 -.285147E+01 -.166289E+01 -.771778E+01 0.429756E+02
 0.473619E+01 -.288567E+01 -.167169E+01 -.783531E+01 0.328861E+02
 0.469286E+01 -.288404E+01 -.167020E+01 -.745197E+01 0.328230E+02
 0.478494E+01 -.289220E+01 -.165447E+01 -.550000E+01 0.333746E+02
 0.422371E+01 -.288392E+01 -.165839E+01 -.795463E+01 0.327844E+02
 0.500000E+01 -.288433E+01 -.166749E+01 -.795015E+01 0.327954E+02
 0.488153E+01 -.288338E+01 -.166206E+01 -.731978E+01 0.327771E+02
 0.480657E+01 -.288264E+01 -.166278E+01 -.793911E+01 0.327849E+02
 0.450668E+01 -.288373E+01 -.165773E+01 -.780664E+01 0.327924E+02
 0.496630E+01 -.288335E+01 -.163916E+01 -.792786E+01 0.330454E+02
 0.441957E+01 -.288354E+01 -.176691E+01 -.727764E+01 0.395946E+02
 0.480862E+01 -.288136E+01 -.160962E+01 -.713124E+01 0.343337E+02
 0.500000E+01 -.288486E+01 -.166117E+01 -.782396E+01 0.327835E+02
 0.500000E+01 -.288434E+01 -.166425E+01 -.788434E+01 0.327777E+02
 0.435711E+01 -.288477E+01 -.165984E+01 -.777910E+01 0.328520E+02
 0.479202E+01 -.288427E+01 -.166179E+01 -.765279E+01 0.327717E+02
 0.496560E+01 -.288378E+01 -.166186E+01 -.813286E+01 0.327758E+02
 0.489647E+01 -.288276E+01 -.153759E+01 -.825571E+01 0.403051E+02
 0.500000E+01 -.288276E+01 -.171221E+01 -.784168E+01 0.342392E+02
 0.447038E+01 -.289466E+01 -.166157E+01 -.608233E+01 0.338527E+02
 0.486643E+01 -.288233E+01 -.165859E+01 -.815785E+01 0.328104E+02
 0.482822E+01 -.291579E+01 -.165420E+01 -.785421E+01 0.419147E+02
 0.496858E+01 -.288405E+01 -.166154E+01 -.751981E+01 0.327789E+02
 0.486112E+01 -.288404E+01 -.167006E+01 -.607002E+01 0.328277E+02
 0.484062E+01 -.288392E+01 -.166173E+01 -.785234E+01 0.328276E+02
 0.488026E+01 -.288411E+01 -.166165E+01 -.777412E+01 0.327775E+02
 0.481424E+01 -.288391E+01 -.165621E+01 -.766985E+01 0.327888E+02
 0.481170E+01 -.288406E+01 -.166145E+01 -.753336E+01 0.327710E+02
 0.456741E+01 -.288405E+01 -.176803E+01 -.796891E+01 0.397884E+02
 0.480902E+01 -.291115E+01 -.163145E+01 -.795155E+01 0.393219E+02
 0.487235E+01 -.288432E+01 -.165336E+01 -.795496E+01 0.328093E+02
 0.499842E+01 -.287761E+01 -.165654E+01 -.726174E+01 0.331955E+02
 0.500000E+01 -.289717E+01 -.151316E+01 -.789738E+01 0.431383E+02
 0.458382E+01 -.288130E+01 -.156867E+01 -.734041E+01 0.373181E+02
 0.488138E+01 -.288320E+01 -.166106E+01 -.746179E+01 0.327793E+02
 0.476446E+01 -.288361E+01 -.166164E+01 -.815849E+01 0.327739E+02
 0.470709E+01 -.288054E+01 -.160479E+01 -.732008E+01 0.346946E+02
 0.494294E+01 -.288522E+01 -.171235E+01 -.792533E+01 0.343652E+02
 0.485241E+01 -.288474E+01 -.164329E+01 -.803441E+01 0.329379E+02
 0.475539E+01 -.288403E+01 -.166163E+01 -.804053E+01 0.328011E+02
 0.488201E+01 -.288400E+01 -.166177E+01 -.965466E+01 0.327746E+02
 0.486116E+01 -.290855E+01 -.165436E+01 -.114954E+02 0.382353E+02
 0.482882E+01 -.288122E+01 -.164225E+01 -.749316E+01 0.330771E+02
 0.474209E+01 -.289486E+01 -.166181E+01 -.791976E+01 0.338821E+02
 0.490759E+01 -.287632E+01 -.172871E+01 -.742502E+01 0.355296E+02
 0.477598E+01 -.287984E+01 -.166231E+01 -.986066E+01 0.329308E+02
 0.492331E+01 -.288399E+01 -.166153E+01 -.889164E+01 0.327768E+02
 0.484756E+01 -.288348E+01 -.178598E+01 -.843497E+01 0.424305E+02
 0.483270E+01 -.288402E+01 -.166148E+01 -.795389E+01 0.327768E+02
 0.420186E+01 -.288388E+01 -.166759E+01 -.794667E+01 0.327948E+02
 0.481209E+01 -.287935E+01 -.171121E+01 -.730401E+01 0.342114E+02
 0.496539E+01 -.288227E+01 -.166197E+01 -.739106E+01 0.328013E+02
 0.463233E+01 -.286685E+01 -.164993E+01 -.867410E+01 0.358210E+02
 0.368338E+01 -.288240E+01 -.173599E+01 -.795935E+01 0.360330E+02
 0.481580E+01 -.288248E+01 -.165522E+01 -.745293E+01 0.328220E+02
 0.479542E+01 -.288384E+01 -.174090E+01 -.105903E+02 0.365551E+02
 0.440365E+01 -.287996E+01 -.153040E+01 -.804953E+01 0.415879E+02
 0.471964E+01 -.288488E+01 -.166150E+01 -.813559E+01 0.327858E+02
 0.479711E+01 -.290165E+01 -.170198E+01 -.652399E+01 0.372516E+02
 0.481143E+01 -.288286E+01 -.165675E+01 -.702066E+01 0.327963E+02
 0.498774E+01 -.288437E+01 -.166374E+01 -.795202E+01 0.327765E+02
 0.481297E+01 -.288215E+01 -.166169E+01 -.783646E+01 0.328037E+02
 0.481982E+01 -.287502E+01 -.166952E+01 -.779194E+01 0.335013E+02
 0.409790E+01 -.288360E+01 -.167635E+01 -.793449E+01 0.329130E+02
 0.473869E+01 -.288404E+01 -.166112E+01 -.873148E+01 0.327786E+02
 0.487107E+01 -.288399E+01 -.165984E+01 -.833454E+01 0.327801E+02
 0.481573E+01 -.288403E+01 -.166082E+01 -.794067E+01 0.327740E+02
 0.480269E+01 -.288349E+01 -.164136E+01 -.797878E+01 0.329883E+02
 0.488642E+01 -.288409E+01 -.166181E+01 -.681849E+01 0.327760E+02
 0.489045E+01 -.288969E+01 -.173325E+01 -.730008E+01 0.365507E+02
 0.414977E+01 -.290687E+01 -.162619E+01 -.104120E+02 0.375996E+02
 0.478518E+01 -.289494E+01 -.164550E+01 -.807220E+01 0.338636E+02
 0.488665E+01 -.286591E+01 -.166158E+01 -.989312E+01 0.358739E+02
 0.480611E+01 -.288405E+01 -.166170E+01 -.796190E+01 0.327727E+02
 0.480228E+01 -.289279E+01 -.176864E+01 -.758346E+01 0.414536E+02
 0.466473E+01 -.288176E+01 -.166147E+01 -.767596E+01 0.328217E+02
 0.476234E+01 -.288573E+01 -.163266E+01 -.821102E+01 0.331909E+02
 0.481520E+01 -.288184E+01 -.166315E+01 -.889734E+01 0.328163E+02
 0.491040E+01 -.287909E+01 -.168345E+01 -.791533E+01 0.331756E+02
 0.498273E+01 -.287204E+01 -.164987E+01 -.928606E+01 0.343155E+02
 0.496825E+01 -.288423E+01 -.166310E+01 -.733605E+01 0.327792E+02
 0.481764E+01 -.288407E+01 -.166628E+01 -.787595E+01 0.327947E+02
 0.479721E+01 -.288377E+01 -.166518E+01 -.862351E+01 0.327794E+02
 0.481782E+01 -.288471E+01 -.166586E+01 -.773549E+01 0.327990E+02
 0.459715E+01 -.289079E+01 -.161830E+01 -.845936E+01 0.339594E+02
 0.487806E+01 -.288366E+01 -.166021E+01 -.818438E+01 0.327782E+02
 0.486402E+01 -.288320E+01 -.166891E+01 -.813611E+01 0.328151E+02
 0.475963E+01 -.292205E+01 -.164155E+01 -.781490E+01 0.454512E+02
 0.483048E+01 -.288554E+01 -.166211E+01 -.804917E+01 0.328052E+02
 0.490292E+01 -.288405E+01 -.165991E+01 -.805838E+01 0.327737E+02
 0.500000E+01 -.288385E+01 -.165988E+01 -.765008E+01 0.327755E+02
 0.350000E+01 -.288759E+01 -.162312E+01 -.550000E+01 0.335437E+02
 0.481050E+01 -.288422E+01 -.166040E+01 -.802115E+01 0.327709E+02
 0.482521E+01 -.288103E+01 -.170242E+01 -.730583E+01 0.337244E+02
 0.480906E+01 -.288446E+01 -.166217E+01 -.788618E+01 0.327755E+02
 0.406836E+01 -.291652E+01 -.164570E+01 -.805203E+01 0.421794E+02
 0.478942E+01 -.289492E+01 -.178345E+01 -.791393E+01 0.444226E+02
 0.480454E+01 -.288504E+01 -.165999E+01 -.863504E+01 0.327804E+02
 0.478893E+01 -.288400E+01 -.166125E+01 -.800439E+01 0.327706E+02
 0.480487E+01 -.288401E+01 -.166319E+01 -.797752E+01 0.327689E+02
 0.472005E+01 -.288128E+01 -.166321E+01 -.754530E+01 0.328393E+02
 0.485367E+01 -.288372E+01 -.166148E+01 -.851878E+01 0.327754E+02
 0.468907E+01 -.288343E+01 -.166129E+01 -.768334E+01 0.327766E+02
 0.474254E+01 -.288415E+01 -.166173E+01 -.716585E+01 0.327729E+02
 0.457221E+01 -.288344E+01 -.166228E+01 -.795067E+01 0.327819E+02
 0.406172E+01 -.285579E+01 -.168372E+01 -.794444E+01 0.400865E+02
 0.479635E+01 -.288571E+01 -.166017E+01 -.550000E+01 0.327999E+02
 0.467022E+01 -.288379E+01 -.166212E+01 -.794020E+01 0.327787E+02
 0.476429E+01 -.288412E+01 -.166041E+01 -.780255E+01 0.327724E+02
 0.455407E+01 -.288814E+01 -.166166E+01 -.666302E+01 0.329397E+02
 0.459548E+01 -.288414E+01 -.166146E+01 -.777919E+01 0.327735E+02
 0.477029E+01 -.288516E+01 -.170255E+01 -.104619E+02 0.338118E+02
 0.485595E+01 -.287913E+01 -.166280E+01 -.781803E+01 0.329922E+02
 0.487314E+01 -.288391E+01 -.166069E+01 -.826197E+01 0.327768E+02
 0.484699E+01 -.289345E+01 -.154035E+01 -.786005E+01 0.397409E+02
 0.360280E+01 -.288665E+01 -.164385E+01 -.768076E+01 0.329820E+02
 0.484355E+01 -.288563E+01 -.164330E+01 -.796716E+01 0.330138E+02
 0.483580E+01 -.288448E+01 -.167477E+01 -.708967E+01 0.328923E+02
 0.474907E+01 -.288351E+01 -.166342E+01 -.762752E+01 0.327762E+02
 0.476934E+01 -.288407E+01 -.166194E+01 -.793710E+01 0.327711E+02
 0.482384E+01 -.288296E+01 -.166010E+01 -.743268E+01 0.327863E+02
 0.477478E+01 -.291101E+01 -.166009E+01 -.785977E+01 0.394375E+02
 0.480471E+01 -.288367E+01 -.166668E+01 -.808302E+01 0.327827E+02
 0.479065E+01 -.288437E+01 -.169503E+01 -.767678E+01 0.334407E+02
 0.480373E+01 -.291194E+01 -.166593E+01 -.788427E+01 0.400500E+02
 0.467943E+01 -.288395E+01 -.166112E+01 -.792256E+01 0.327741E+02
 0.472490E+01 -.288397E+01 -.166050E+01 -.812172E+01 0.327804E+02
 0.500000E+01 -.287380E+01 -.174077E+01 -.712653E+01 0.367636E+02
 0.500000E+01 -.289285E+01 -.165474E+01 -.777985E+01 0.334819E+02
 0.480382E+01 -.288425E+01 -.166179E+01 -.846763E+01 0.327716E+02
 0.476429E+01 -.288388E+01 -.164972E+01 -.793351E+01 0.328478E+02
 0.492005E+01 -.288410E+01 -.166239E+01 -.766216E+01 0.327791E+02
 0.451821E+01 -.285782E+01 -.163964E+01 -.773790E+01 0.401186E+02
 0.478485E+01 -.288404E+01 -.163517E+01 -.771334E+01 0.331260E+02
 0.458463E+01 -.288425E+01 -.168307E+01 -.789036E+01 0.330504E+02
 0.473644E+01 -.287048E+01 -.166058E+01 -.609591E+01 0.344898E+02
 0.500000E+01 -.288373E+01 -.166547E+01 -.787787E+01 0.327823E+02
 0.452014E+01 -.288409E+01 -.167261E+01 -.736974E+01 0.328490E+02
 0.499805E+01 -.288207E+01 -.166142E+01 -.728642E+01 0.328100E+02
 0.470561E+01 -.288057E+01 -.166148E+01 -.799308E+01 0.328835E+02
 0.485493E+01 -.288459E+01 -.165901E+01 -.791969E+01 0.327782E+02
 0.489823E+01 -.288279E+01 -.164192E+01 -.787979E+01 0.330441E+02
 0.432998E+01 -.288385E+01 -.177034E+01 -.840022E+01 0.400929E+02
 0.485974E+01 -.288454E+01 -.161897E+01 -.708843E+01 0.336861E+02
 0.472785E+01 -.288106E+01 -.165538E+01 -.732203E+01 0.328858E+02
 0.392287E+01 -.288384E+01 -.165981E+01 -.788244E+01 0.327813E+02
 0.451537E+01 -.288468E+01 -.165709E+01 -.777492E+01 0.327856E+02
 0.457325E+01 -.290317E+01 -.165572E+01 -.801228E+01 0.361266E+02
 0.339426E+01 -.291998E+01 -.166412E+01 -.805357E+01 0.446985E+02
 0.420714E+01 -.287655E+01 -.166801E+01 -.812158E+01 0.332807E+02
 0.478596E+01 -.288255E+01 -.166217E+01 -.813659E+01 0.327897E+02
 0.487703E+01 -.288361E+01 -.166019E+01 -.823266E+01 0.327785E+02
 0.458570E+01 -.288317E+01 -.177694E+01 -.828605E+01 0.409817E+02
 0.437432E+01 -.288283E+01 -.165130E+01 -.795526E+01 0.328544E+02
 0.497834E+01 -.287259E+01 -.166161E+01 -.725940E+01 0.339961E+02
 0.495497E+01 -.288107E+01 -.165682E+01 -.812686E+01 0.328770E+02
 0.478717E+01 -.286239E+01 -.162344E+01 -.738035E+01 0.387532E+02
 0.497405E+01 -.288567E+01 -.166129E+01 -.892459E+01 0.328050E+02
 0.500000E+01 -.288409E+01 -.166171E+01 -.777072E+01 0.327764E+02
 0.491479E+01 -.288407E+01 -.167992E+01 -.571876E+01 0.329841E+02
 0.477136E+01 -.288421E+01 -.166173E+01 -.801944E+01 0.327714E+02
 0.498634E+01 -.288409E+01 -.166181E+01 -.767680E+01 0.327764E+02
 0.488403E+01 -.287202E+01 -.165948E+01 -.735950E+01 0.341435E+02
 0.480035E+01 -.288405E+01 -.166149E+01 -.774025E+01 0.327706E+02
 0.386645E+01 -.288459E+01 -.167663E+01 -.886860E+01 0.329270E+02
 0.478020E+01 -.288181E+01 -.169578E+01 -.716779E+01 0.334282E+02
 0.480128E+01 -.288194E+01 -.165255E+01 -.880083E+01 0.328647E+02
 0.477333E+01 -.287863E+01 -.166050E+01 -.834841E+01 0.330466E+02
 0.350000E+01 -.288591E+01 -.160530E+01 -.796724E+01 0.343276E+02
 0.484716E+01 -.286732E+01 -.156164E+01 -.773469E+01 0.417602E+02
 0.489470E+01 -.288347E+01 -.166165E+01 -.736808E+01 0.327725E+02
 0.477912E+01 -.288375E+01 -.166145E+01 -.817030E+01 0.327712E+02
 0.465717E+01 -.289036E+01 -.164016E+01 -.119447E+02 0.333677E+02
 0.489294E+01 -.287808E+01 -.170450E+01 -.715185E+01 0.339434E+02
 0.479419E+01 -.288429E+01 -.165137E+01 -.796165E+01 0.328179E+02
 0.473069E+01 -.288397E+01 -.166153E+01 -.774762E+01 0.327791E+02
 0.493907E+01 -.288394E+01 -.166134E+01 -.978406E+01 0.327747E+02
 0.465387E+01 -.287544E+01 -.167120E+01 -.102554E+02 0.334839E+02
 0.476988E+01 -.287874E+01 -.171740E+01 -.733623E+01 0.346055E+02
 0.481642E+01 -.287853E+01 -.166006E+01 -.783577E+01 0.330550E+02
 0.492881E+01 -.288871E+01 -.162321E+01 -.712925E+01 0.335909E+02
 0.478563E+01 -.288724E+01 -.166167E+01 -.861207E+01 0.328710E+02
 0.476703E+01 -.288402E+01 -.166141E+01 -.778786E+01 0.327707E+02
 0.480849E+01 -.289254E+01 -.167828E+01 -.808187E+01 0.337508E+02
 0.483250E+01 -.288408E+01 -.166151E+01 -.796475E+01 0.327770E+02
 0.432994E+01 -.288444E+01 -.167476E+01 -.788755E+01 0.328909E+02
 0.480296E+01 -.288100E+01 -.167740E+01 -.810135E+01 0.329559E+02
 0.482138E+01 -.288564E+01 -.166182E+01 -.775397E+01 0.327946E+02
 0.464857E+01 -.289949E+01 -.165684E+01 -.816924E+01 0.349709E+02
 0.362284E+01 -.289280E+01 -.173356E+01 -.793850E+01 0.372369E+02
 0.482372E+01 -.288667E+01 -.164499E+01 -.792040E+01 0.329497E+02
 0.481938E+01 -.288280E+01 -.168987E+01 -.957831E+01 0.332221E+02
 0.476470E+01 -.288406E+01 -.166168E+01 -.810086E+01 0.327721E+02
 0.480679E+01 -.288066E+01 -.168622E+01 -.803825E+01 0.331539E+02
 0.482830E+01 -.288432E+01 -.165905E+01 -.839705E+01 0.327818E+02
 0.495154E+01 -.288369E+01 -.166037E+01 -.794143E+01 0.327757E+02
 0.473134E+01 -.288478E+01 -.166145E+01 -.802920E+01 0.327840E+02
 0.480143E+01 -.287058E+01 -.166398E+01 -.781308E+01 0.344588E+02
 0.462331E+01 -.288378E+01 -.166415E+01 -.800447E+01 0.327842E+02
 0.476323E+01 -.288404E+01 -.166083E+01 -.687251E+01 0.327723E+02
 0.480202E+01 -.288365E+01 -.166388E+01 -.731624E+01 0.327751E+02
 0.482131E+01 -.288405E+01 -.166083E+01 -.791841E+01 0.327693E+02
 0.478786E+01 -.288390E+01 -.163699E+01 -.764547E+01 0.330847E+02
 0.477600E+01 -.288378E+01 -.166167E+01 -.775074E+01 0.327712E+02
 0.430081E+01 -.287585E+01 -.165143E+01 -.550000E+01 0.335307E+02
 0.482319E+01 -.288295E+01 -.167984E+01 -.806767E+01 0.329648E+02
 0.470906E+01 -.287567E+01 -.166168E+01 -.970273E+01 0.334222E+02
 0.481011E+01 -.288405E+01 -.166171E+01 -.791531E+01 0.327727E+02
 0.480457E+01 -.288149E+01 -.166154E+01 -.789352E+01 0.328310E+02
 0.472126E+01 -.288261E+01 -.171763E+01 -.627696E+01 0.345872E+02
 0.480421E+01 -.288256E+01 -.166268E+01 -.806243E+01 0.327854E+02
 0.490600E+01 -.288287E+01 -.167873E+01 -.790311E+01 0.329446E+02
 0.492388E+01 -.291701E+01 -.165210E+01 -.102537E+02 0.425611E+02
 0.487584E+01 -.288123E+01 -.176297E+01 -.767830E+01 0.389072E+02
 0.475298E+01 -.288410E+01 -.166167E+01 -.756827E+01 0.328018E+02
 0.487677E+01 -.288401E+01 -.166156E+01 -.797441E+01 0.327770E+02
 0.481306E+01 -.288361E+01 -.165693E+01 -.853458E+01 0.327872E+02
 0.481832E+01 -.288386E+01 -.165059E+01 -.799678E+01 0.328369E+02
 0.470566E+01 -.288561E+01 -.170238E+01 -.800427E+01 0.338313E+02
 0.483629E+01 -.288433E+01 -.165906E+01 -.812082E+01 0.327847E+02
 0.488255E+01 -.288409E+01 -.166297E+01 -.771029E+01 0.327767E+02
 0.483688E+01 -.288271E+01 -.166203E+01 -.800777E+01 0.328378E+02
 0.480018E+01 -.288417E+01 -.166083E+01 -.829800E+01 0.327707E+02
 0.476229E+01 -.288408E+01 -.166542E+01 -.736390E+01 0.327837E+02
 0.484964E+01 -.288391E+01 -.166287E+01 -.793461E+01 0.327768E+02
 0.474376E+01 -.287941E+01 -.166543E+01 -.766853E+01 0.329616E+02
 0.480000E+01 -.288419E+01 -.166158E+01 -.781911E+01 0.327710E+02
 0.474019E+01 -.288302E+01 -.154411E+01 -.796774E+01 0.395381E+02
 0.480143E+01 -.288314E+01 -.166205E+01 -.870416E+01 0.327772E+02
 0.476325E+01 -.288396E+01 -.166136E+01 -.807154E+01 0.327722E+02
 0.480569E+01 -.288391E+01 -.165862E+01 -.793726E+01 0.327743E+02
 0.475744E+01 -.288156E+01 -.166446E+01 -.788692E+01 0.328273E+02
 0.490597E+01 -.288309E+01 -.166156E+01 -.791391E+01 0.327860E+02
 0.480454E+01 -.288441E+01 -.166158E+01 -.784659E+01 0.327742E+02
 0.479457E+01 -.288356E+01 -.166183E+01 -.821661E+01 0.327724E+02
 0.452882E+01 -.288469E+01 -.166104E+01 -.751204E+01 0.327848E+02
 0.480526E+01 -.288123E+01 -.176184E+01 -.793230E+01 0.387521E+02
 0.479253E+01 -.289048E+01 -.160652E+01 -.766508E+01 0.344046E+02
 0.482387E+01 -.288389E+01 -.165929E+01 -.829711E+01 0.327792E+02
 0.470851E+01 -.288390E+01 -.166180E+01 -.770621E+01 0.327753E+02
 0.481330E+01 -.288395E+01 -.166090E+01 -.813303E+01 0.327748E+02
 0.471869E+01 -.288420E+01 -.166192E+01 -.883256E+01 0.327793E+02
 0.500000E+01 -.288404E+01 -.166119E+01 -.693251E+01 0.327762E+02
 0.484436E+01 -.288452E+01 -.164703E+01 -.692495E+01 0.329409E+02
 0.481436E+01 -.289237E+01 -.166293E+01 -.768695E+01 0.334571E+02
 0.492737E+01 -.288441E+01 -.166113E+01 -.849222E+01 0.327752E+02
 0.489643E+01 -.289303E+01 -.163448E+01 -.807852E+01 0.337686E+02
 0.425770E+01 -.288297E+01 -.167016E+01 -.809296E+01 0.328188E+02
 0.478839E+01 -.288524E+01 -.170583E+01 -.807578E+01 0.339874E+02
 0.483053E+01 -.288420E+01 -.167372E+01 -.750510E+01 0.328682E+02
 0.486098E+01 -.288439E+01 -.166327E+01 -.805372E+01 0.327860E+02
 0.479794E+01 -.288408E+01 -.166137E+01 -.807368E+01 0.327706E+02
 0.477659E+01 -.288469E+01 -.167013E+01 -.691134E+01 0.328277E+02
 0.402575E+01 -.288505E+01 -.165907E+01 -.767586E+01 0.327902E+02
 0.480467E+01 -.288378E+01 -.167424E+01 -.792945E+01 0.328610E+02
 0.485549E+01 -.288401E+01 -.168147E+01 -.773465E+01 0.330074E+02
 0.479165E+01 -.285574E+01 -.166436E+01 -.797713E+01 0.404114E+02
 0.486918E+01 -.288001E+01 -.171799E+01 -.795355E+01 0.345959E+02
 0.492691E+01 -.288396E+01 -.166169E+01 -.812073E+01 0.327726E+02
 0.481377E+01 -.288363E+01 -.166058E+01 -.799675E+01 0.327766E+02
 0.444831E+01 -.287643E+01 -.161502E+01 -.778542E+01 0.347551E+02
 0.481378E+01 -.288424E+01 -.166180E+01 -.824006E+01 0.327761E+02
 0.477536E+01 -.288402E+01 -.166734E+01 -.792540E+01 0.327940E+02
 0.481912E+01 -.288405E+01 -.166169E+01 -.770846E+01 0.327742E+02
 0.452325E+01 -.288795E+01 -.169633E+01 -.789082E+01 0.337748E+02
 0.499030E+01 -.288531E+01 -.165936E+01 -.762427E+01 0.327911E+02
 0.468670E+01 -.288426E+01 -.166522E+01 -.761318E+01 0.327871E+02
 0.478294E+01 -.288329E+01 -.166737E+01 -.644198E+01 0.327952E+02
 0.401538E+01 -.288408E+01 -.166650E+01 -.790885E+01 0.328080E+02
 0.465126E+01 -.288350E+01 -.165662E+01 -.719189E+01 0.327864E+02
 0.485347E+01 -.288419E+01 -.166109E+01 -.794944E+01 0.327758E+02
 0.500000E+01 -.288307E+01 -.165987E+01 -.777085E+01 0.327839E+02
 0.500000E+01 -.288425E+01 -.166337E+01 -.793523E+01 0.327742E+02
 0.476765E+01 -.288388E+01 -.166822E+01 -.791047E+01 0.327999E+02
 0.415498E+01 -.288425E+01 -.163008E+01 -.803106E+01 0.332740E+02
 0.481399E+01 -.289031E+01 -.164577E+01 -.814142E+01 0.331975E+02
 0.419212E+01 -.288325E+01 -.165979E+01 -.798113E+01 0.327828E+02
 0.476916E+01 -.288343E+01 -.165899E+01 -.785916E+01 0.327757E+02
 0.494857E+01 -.286530E+01 -.165574E+01 -.809928E+01 0.362239E+02
 0.435726E+01 -.291850E+01 -.165768E+01 -.788262E+01 0.436851E+02
 0.480573E+01 -.288420E+01 -.166111E+01 -.805597E+01 0.327728E+02
 0.483528E+01 -.288435E+01 -.166104E+01 -.711618E+01 0.327833E+02
 0.410093E+01 -.288437E+01 -.161387E+01 -.783212E+01 0.339456E+02
 0.500000E+01 -.287209E+01 -.166168E+01 -.866912E+01 0.341098E+02
 0.485692E+01 -.288620E+01 -.166397E+01 -.783841E+01 0.328392E+02
 0.476845E+01 -.285243E+01 -.162500E+01 -.951899E+01 0.441943E+02
 0.485737E+01 -.288404E+01 -.166167E+01 -.801465E+01 0.327796E+02
 0.359546E+01 -.288407E+01 -.165068E+01 -.688405E+01 0.328369E+02
 0.475366E+01 -.288361E+01 -.166199E+01 -.755498E+01 0.328020E+02
 0.500000E+01 -.288403E+01 -.166138E+01 -.778288E+01 0.327762E+02
 0.498102E+01 -.289085E+01 -.166698E+01 -.786876E+01 0.332720E+02
 0.479704E+01 -.288404E+01 -.166172E+01 -.793710E+01 0.327708E+02
 0.396600E+01 -.288454E+01 -.158456E+01 -.951872E+01 0.357136E+02
 0.476516E+01 -.286050E+01 -.170522E+01 -.730235E+01 0.382316E+02
 0.490811E+01 -.288318E+01 -.166194E+01 -.976163E+01 0.327798E+02
 0.465317E+01 -.288301E+01 -.166171E+01 -.849093E+01 0.328385E+02
 0.300297E+01 -.287756E+01 -.171063E+01 -.792857E+01 0.343676E+02
 0.500000E+01 -.289196E+01 -.165993E+01 -.819168E+01 0.333619E+02
 0.491816E+01 -.288482E+01 -.166167E+01 -.767475E+01 0.327863E+02
 0.482268E+01 -.288405E+01 -.166142E+01 -.738824E+01 0.327780E+02
 0.469250E+01 -.289030E+01 -.168120E+01 -.104183E+02 0.335089E+02
 0.488030E+01 -.288050E+01 -.165016E+01 -.743900E+01 0.329836E+02
 0.479400E+01 -.288478E+01 -.168541E+01 -.777157E+01 0.331294E+02
 0.486264E+01 -.288401E+01 -.166139E+01 -.765962E+01 0.327793E+02
 0.474103E+01 -.288380E+01 -.166027E+01 -.805882E+01 0.327731E+02
 0.468817E+01 -.286593E+01 -.166735E+01 -.901228E+01 0.358033E+02
 0.475484E+01 -.289419E+01 -.170889E+01 -.806708E+01 0.355003E+02
 0.496052E+01 -.288144E+01 -.165983E+01 -.778997E+01 0.328407E+02
 0.488387E+01 -.289399E+01 -.159896E+01 -.766666E+01 0.351843E+02
 0.480977E+01 -.288448E+01 -.166035E+01 -.693744E+01 0.327726E+02
 0.485269E+01 -.288397E+01 -.166133E+01 -.692158E+01 0.327711E+02
 0.484952E+01 -.289545E+01 -.157964E+01 -.763735E+01 0.365751E+02
 0.477296E+01 -.288407E+01 -.166167E+01 -.795711E+01 0.327709E+02
 0.436996E+01 -.288397E+01 -.166903E+01 -.792934E+01 0.328160E+02
 0.479712E+01 -.288508E+01 -.165049E+01 -.848541E+01 0.328300E+02
 0.470897E+01 -.288534E+01 -.166198E+01 -.803859E+01 0.327941E+02
 0.484945E+01 -.291670E+01 -.166497E+01 -.609019E+01 0.426892E+02
 0.477542E+01 -.288584E+01 -.165393E+01 -.789406E+01 0.328161E+02
 0.487818E+01 -.288120E+01 -.161919E+01 -.751367E+01 0.338702E+02
 0.484750E+01 -.288342E+01 -.166181E+01 -.796294E+01 0.327834E+02
 0.481313E+01 -.286579E+01 -.164949E+01 -.912435E+01 0.361945E+02
 0.489416E+01 -.288477E+01 -.166338E+01 -.861552E+01 0.327806E+02
 0.484316E+01 -.288315E+01 -.165857E+01 -.795598E+01 0.328391E+02
 0.485657E+01 -.288500E+01 -.166168E+01 -.806724E+01 0.327908E+02
 0.480456E+01 -.287788E+01 -.166325E+01 -.796607E+01 0.331160E+02
 0.500000E+01 -.288401E+01 -.165329E+01 -.801805E+01 0.328061E+02
 0.490767E+01 -.288405E+01 -.166076E+01 -.697611E+01 0.327729E+02
 0.482088E+01 -.288347E+01 -.166308E+01 -.705369E+01 0.327725E+02
 0.479887E+01 -.288405E+01 -.166160E+01 -.792629E+01 0.327707E+02
 0.478127E+01 -.288426E+01 -.167345E+01 -.731410E+01 0.328609E+02
 0.469799E+01 -.288360E+01 -.166157E+01 -.852213E+01 0.327748E+02
 0.488456E+01 -.287131E+01 -.157313E+01 -.756311E+01 0.391480E+02
 0.500000E+01 -.285204E+01 -.168533E+01 -.107500E+02 0.422428E+02
 0.483575E+01 -.287500E+01 -.168888E+01 -.788612E+01 0.337334E+02
 0.479935E+01 -.289628E+01 -.166183E+01 -.645860E+01 0.341812E+02
 0.480725E+01 -.288405E+01 -.166167E+01 -.790221E+01 0.327727E+02
 0.490822E+01 -.288912E+01 -.166175E+01 -.783164E+01 0.330243E+02
 0.474272E+01 -.288289E+01 -.173463E+01 -.631901E+01 0.359102E+02
 0.479624E+01 -.288519E+01 -.165995E+01 -.769813E+01 0.327833E+02
 0.486582E+01 -.288770E+01 -.165000E+01 -.794451E+01 0.329435E+02
 0.491880E+01 -.288328E+01 -.165728E+01 -.550000E+01 0.327921E+02
 0.464147E+01 -.288411E+01 -.166057E+01 -.810562E+01 0.327869E+02
 0.485160E+01 -.288397E+01 -.165797E+01 -.792994E+01 0.327794E+02
 0.481377E+01 -.288352E+01 -.165689E+01 -.773668E+01 0.327912E+02
 0.481484E+01 -.288404E+01 -.166713E+01 -.779143E+01 0.327998E+02
 0.482409E+01 -.288097E+01 -.174128E+01 -.756623E+01 0.364730E+02
 0.446993E+01 -.288386E+01 -.165944E+01 -.767699E+01 0.327875E+02
 0.480277E+01 -.288475E+01 -.165799E+01 -.742838E+01 0.327775E+02
 0.468978E+01 -.288294E+01 -.166049E+01 -.792580E+01 0.327828E+02
 0.494405E+01 -.288412E+01 -.166178E+01 -.745382E+01 0.327685E+02
 0.473090E+01 -.288382E+01 -.166027E+01 -.748665E+01 0.327798E+02
 0.360235E+01 -.289754E+01 -.175347E+01 -.745696E+01 0.408047E+02
 0.483649E+01 -.288406E+01 -.166124E+01 -.788884E+01 0.328267E+02
 0.480305E+01 -.288864E+01 -.163674E+01 -.825148E+01 0.331911E+02
 0.479860E+01 -.288375E+01 -.166096E+01 -.779685E+01 0.327712E+02
 0.480670E+01 -.288216E+01 -.166293E+01 -.776387E+01 0.327986E+02
 0.478422E+01 -.288405E+01 -.166170E+01 -.806125E+01 0.327709E+02
 0.480529E+01 -.288389E+01 -.165917E+01 -.795313E+01 0.327730E+02
 0.481203E+01 -.288460E+01 -.166249E+01 -.782302E+01 0.327767E+02
 0.482750E+01 -.288351E+01 -.166106E+01 -.721447E+01 0.327782E+02
 0.489030E+01 -.288416E+01 -.166147E+01 -.786465E+01 0.327764E+02
 0.480866E+01 -.288474E+01 -.166175E+01 -.816286E+01 0.327782E+02
 0.470276E+01 -.288504E+01 -.166003E+01 -.733649E+01 0.327837E+02
 0.410599E+01 -.289760E+01 -.162078E+01 -.791860E+01 0.349040E+02
 0.484081E+01 -.288293E+01 -.166101E+01 -.985705E+01 0.328350E+02
 0.500000E+01 -.288415E+01 -.166144E+01 -.729718E+01 0.327765E+02
 0.485711E+01 -.288442E+01 -.166218E+01 -.807350E+01 0.327840E+02
 0.500000E+01 -.288043E+01 -.166231E+01 -.103299E+02 0.328858E+02
 0.433967E+01 -.288395E+01 -.166190E+01 -.792042E+01 0.327719E+02
 0.489074E+01 -.288363E+01 -.161274E+01 -.645756E+01 0.340179E+02
 0.481733E+01 -.289305E+01 -.166077E+01 -.761816E+01 0.335511E+02
 0.488477E+01 -.288455E+01 -.165961E+01 -.754445E+01 0.327794E+02
 0.473954E+01 -.287634E+01 -.173207E+01 -.819380E+01 0.357868E+02
 0.486610E+01 -.288020E+01 -.168731E+01 -.834801E+01 0.332017E+02
 0.478668E+01 -.288469E+01 -.168608E+01 -.805288E+01 0.331458E+02
 0.479010E+01 -.288380E+01 -.166246E+01 -.779768E+01 0.327718E+02
 0.495189E+01 -.288470E+01 -.165954E+01 -.794826E+01 0.327844E+02
 0.484340E+01 -.288408E+01 -.166097E+01 -.813258E+01 0.328292E+02
 0.481854E+01 -.288407E+01 -.166267E+01 -.727117E+01 0.327791E+02
 0.389807E+01 -.286390E+01 -.165962E+01 -.759560E+01 0.366867E+02
 0.480493E+01 -.288406E+01 -.165248E+01 -.801747E+01 0.328077E+02
 0.500000E+01 -.288433E+01 -.162810E+01 -.785243E+01 0.333463E+02
 0.493827E+01 -.288403E+01 -.166185E+01 -.784933E+01 0.327752E+02
 0.486669E+01 -.288356E+01 -.166158E+01 -.796192E+01 0.327804E+02
 0.478580E+01 -.290360E+01 -.165799E+01 -.808637E+01 0.362712E+02
 0.466013E+01 -.287935E+01 -.166589E+01 -.759477E+01 0.329674E+02
 0.482005E+01 -.288374E+01 -.166168E+01 -.804384E+01 0.327741E+02
 0.483407E+01 -.288435E+01 -.166913E+01 -.794529E+01 0.328127E+02
 0.483319E+01 -.288390E+01 -.166114E+01 -.803317E+01 0.327766E+02
 0.488848E+01 -.290846E+01 -.169409E+01 -.808793E+01 0.396368E+02
 0.496737E+01 -.288460E+01 -.167863E+01 -.780121E+01 0.329684E+02
 0.500000E+01 -.288418E+01 -.164664E+01 -.723622E+01 0.328838E+02
 0.482256E+01 -.289405E+01 -.167079E+01 -.734683E+01 0.338867E+02
 0.359742E+01 -.288492E+01 -.166288E+01 -.794772E+01 0.327966E+02
 0.500000E+01 -.288411E+01 -.164839E+01 -.752032E+01 0.328597E+02
 0.473486E+01 -.288579E+01 -.166136E+01 -.845712E+01 0.328145E+02
 0.461029E+01 -.288696E+01 -.165835E+01 -.788852E+01 0.328547E+02
 0.462281E+01 -.288379E+01 -.166502E+01 -.794987E+01 0.327874E+02
 0.470443E+01 -.288465E+01 -.168355E+01 -.787809E+01 0.330750E+02
 0.435897E+01 -.288418E+01 -.159242E+01 -.691289E+01 0.351726E+02
 0.476759E+01 -.288894E+01 -.168329E+01 -.868403E+01 0.333718E+02
 0.496334E+01 -.288472E+01 -.166052E+01 -.795362E+01 0.327833E+02
 0.500000E+01 -.288354E+01 -.166404E+01 -.787480E+01 0.327796E+02
 0.476105E+01 -.288335E+01 -.166471E+01 -.837592E+01 0.327831E+02
 0.456030E+01 -.289757E+01 -.165837E+01 -.803772E+01 0.344694E+02
 0.480609E+01 -.288534E+01 -.166100E+01 -.757460E+01 0.327872E+02
 0.485094E+01 -.288404E+01 -.166150E+01 -.801567E+01 0.327750E+02
 0.477278E+01 -.288579E+01 -.168333E+01 -.769379E+01 0.331116E+02
 0.462402E+01 -.288303E+01 -.166217E+01 -.764404E+01 0.327826E+02
 0.486404E+01 -.288560E+01 -.166714E+01 -.780807E+01 0.328375E+02
 0.478574E+01 -.290626E+01 -.162824E+01 -.108900E+02 0.372903E+02
 0.478206E+01 -.288400E+01 -.166121E+01 -.811081E+01 0.327706E+02
 0.346104E+01 -.288404E+01 -.164521E+01 -.808953E+01 0.329228E+02
 0.497167E+01 -.288374E+01 -.166185E+01 -.754139E+01 0.327773E+02
 0.496616E+01 -.288409E+01 -.166110E+01 -.781493E+01 0.327721E+02
 0.488724E+01 -.289930E+01 -.167024E+01 -.865837E+01 0.351402E+02
 0.480541E+01 -.288404E+01 -.166153E+01 -.805105E+01 0.327725E+02
 0.491504E+01 -.288380E+01 -.157381E+01 -.983308E+01 0.366066E+02
 0.478280E+01 -.288885E+01 -.169646E+01 -.771834E+01 0.338613E+02
 0.487140E+01 -.288498E+01 -.166887E+01 -.102793E+02 0.328327E+02
 0.468798E+01 -.288779E+01 -.165949E+01 -.794127E+01 0.329077E+02
 0.380799E+01 -.289111E+01 -.168204E+01 -.790432E+01 0.336463E+02
 0.477189E+01 -.290543E+01 -.173926E+01 -.818858E+01 0.421423E+02
 0.490879E+01 -.288411E+01 -.166097E+01 -.811070E+01 0.327729E+02
 0.479702E+01 -.288419E+01 -.166136E+01 -.652181E+01 0.327712E+02
 0.467601E+01 -.288654E+01 -.167603E+01 -.776198E+01 0.329958E+02
 0.492422E+01 -.288721E+01 -.164676E+01 -.832555E+01 0.329447E+02
 0.482361E+01 -.288486E+01 -.168507E+01 -.773501E+01 0.331341E+02
 0.491634E+01 -.288398E+01 -.166109E+01 -.768674E+01 0.327775E+02
 0.464777E+01 -.288403E+01 -.165981E+01 -.722647E+01 0.328192E+02
 0.482362E+01 -.287851E+01 -.165318E+01 -.954390E+01 0.331206E+02
 0.484482E+01 -.289064E+01 -.165553E+01 -.835168E+01 0.332544E+02
 0.494014E+01 -.288696E+01 -.166078E+01 -.779581E+01 0.328600E+02
 0.478488E+01 -.287038E+01 -.167020E+01 -.755638E+01 0.344729E+02
 0.482015E+01 -.288150E+01 -.166077E+01 -.749071E+01 0.328299E+02
 0.490670E+01 -.288396E+01 -.166151E+01 -.732744E+01 0.327742E+02
 0.488754E+01 -.288200E+01 -.171645E+01 -.745788E+01 0.344983E+02
 0.473773E+01 -.288402E+01 -.166137E+01 -.791490E+01 0.327799E+02
 0.482927E+01 -.288365E+01 -.166103E+01 -.798438E+01 0.327775E+02
 0.479948E+01 -.288798E+01 -.163953E+01 -.826195E+01 0.330901E+02
 0.477877E+01 -.288275E+01 -.166175E+01 -.787678E+01 0.327850E+02
 0.209921E+01 -.287673E+01 -.160775E+01 -.679451E+01 0.353147E+02
 0.475647E+01 -.288240E+01 -.168009E+01 -.778640E+01 0.329657E+02
 0.493250E+01 -.288258E+01 -.169571E+01 -.970285E+01 0.334277E+02
 0.491151E+01 -.288411E+01 -.168898E+01 -.102970E+02 0.332147E+02
 0.482520E+01 -.288395E+01 -.166185E+01 -.793518E+01 0.327780E+02
 0.480497E+01 -.288824E+01 -.163823E+01 -.790740E+01 0.331309E+02
 0.489211E+01 -.288467E+01 -.166432E+01 -.785664E+01 0.327805E+02
 0.477612E+01 -.288343E+01 -.165847E+01 -.796420E+01 0.327774E+02
 0.498655E+01 -.288445E+01 -.166183E+01 -.787549E+01 0.327787E+02
 0.480898E+01 -.289610E+01 -.166729E+01 -.783601E+01 0.342174E+02
 0.421895E+01 -.288409E+01 -.165816E+01 -.793338E+01 0.327823E+02
 0.497207E+01 -.288406E+01 -.166087E+01 -.838325E+01 0.327771E+02
 0.483246E+01 -.288480E+01 -.165934E+01 -.766923E+01 0.327844E+02
 0.479409E+01 -.288399E+01 -.166343E+01 -.794169E+01 0.327735E+02
 0.478131E+01 -.288419E+01 -.167792E+01 -.781217E+01 0.329354E+02
 0.466240E+01 -.288373E+01 -.166178E+01 -.851060E+01 0.327770E+02
 0.458198E+01 -.287075E+01 -.167902E+01 -.138030E+02 0.343884E+02
 0.481252E+01 -.287795E+01 -.168491E+01 -.802841E+01 0.333004E+02
 0.489037E+01 -.288720E+01 -.166187E+01 -.781466E+01 0.328791E+02
 0.480299E+01 -.288405E+01 -.166166E+01 -.795926E+01 0.327707E+02
 0.482927E+01 -.288576E+01 -.166186E+01 -.769512E+01 0.328123E+02
 0.485874E+01 -.288573E+01 -.168873E+01 -.807584E+01 0.332808E+02
 0.481560E+01 -.288457E+01 -.166181E+01 -.829341E+01 0.327785E+02
 0.474560E+01 -.288728E+01 -.166495E+01 -.796473E+01 0.328944E+02
 0.487113E+01 -.285829E+01 -.166278E+01 -.848808E+01 0.390798E+02
 0.496471E+01 -.288420E+01 -.166033E+01 -.775777E+01 0.327702E+02
 0.484864E+01 -.288407E+01 -.166041E+01 -.788373E+01 0.327754E+02
 0.480520E+01 -.288374E+01 -.165781E+01 -.781230E+01 0.327780E+02
 0.480199E+01 -.288472E+01 -.167120E+01 -.777123E+01 0.328405E+02
 0.488500E+01 -.287810E+01 -.166656E+01 -.797113E+01 0.330847E+02
 0.479925E+01 -.288367E+01 -.166042E+01 -.754424E+01 0.327720E+02
 0.485290E+01 -.288433E+01 -.166471E+01 -.763096E+01 0.327876E+02
 0.479490E+01 -.290733E+01 -.165697E+01 -.797838E+01 0.377040E+02
 0.462272E+01 -.288511E+01 -.166113E+01 -.791046E+01 0.327945E+02
 0.489177E+01 -.288399E+01 -.166239E+01 -.709643E+01 0.327693E+02
 0.497888E+01 -.288374E+01 -.165728E+01 -.827860E+01 0.327801E+02
 0.457103E+01 -.287085E+01 -.152859E+01 -.550000E+01 0.442859E+02
 0.474902E+01 -.288435E+01 -.165985E+01 -.805709E+01 0.327742E+02
 0.485222E+01 -.289115E+01 -.165055E+01 -.844679E+01 0.332574E+02
 0.480387E+01 -.288412E+01 -.166140E+01 -.762883E+01 0.327708E+02
 0.480747E+01 -.289796E+01 -.161065E+01 -.793714E+01 0.353061E+02
 0.480806E+01 -.288307E+01 -.166146E+01 -.739591E+01 0.327805E+02
 0.480182E+01 -.288412E+01 -.166130E+01 -.788810E+01 0.327707E+02
 0.480417E+01 -.288420E+01 -.166772E+01 -.799292E+01 0.327920E+02
 0.479192E+01 -.288678E+01 -.166015E+01 -.782429E+01 0.328414E+02
 0.478695E+01 -.288516E+01 -.166152E+01 -.719671E+01 0.327839E+02
 0.483138E+01 -.288362E+01 -.166135E+01 -.762621E+01 0.327848E+02
 0.475787E+01 -.288479E+01 -.166167E+01 -.738893E+01 0.327769E+02
 0.460587E+01 -.285825E+01 -.166183E+01 -.783814E+01 0.391265E+02
 0.493200E+01 -.288449E+01 -.166141E+01 -.779503E+01 0.327753E+02
 0.480318E+01 -.289267E+01 -.166911E+01 -.779171E+01 0.335652E+02
 0.480259E+01 -.288465E+01 -.166269E+01 -.550000E+01 0.327793E+02
 0.460013E+01 -.288417E+01 -.166186E+01 -.806122E+01 0.327713E+02
 0.480534E+01 -.288430E+01 -.166085E+01 -.721081E+01 0.327733E+02
 0.457745E+01 -.287955E+01 -.166256E+01 -.778869E+01 0.329510E+02
 0.490462E+01 -.288395E+01 -.166185E+01 -.852834E+01 0.327798E+02
 0.491635E+01 -.288347E+01 -.169702E+01 -.930036E+01 0.334998E+02
 0.485974E+01 -.288167E+01 -.166090E+01 -.779345E+01 0.328276E+02
 0.485408E+01 -.288411E+01 -.166090E+01 -.680743E+01 0.327790E+02
 0.471760E+01 -.287031E+01 -.171284E+01 -.826374E+01 0.354326E+02
 0.467675E+01 -.288028E+01 -.167005E+01 -.798509E+01 0.329111E+02
 0.484717E+01 -.288469E+01 -.162260E+01 -.801025E+01 0.335349E+02
 0.477531E+01 -.288383E+01 -.165373E+01 -.806317E+01 0.327992E+02
 0.481955E+01 -.288344E+01 -.166247E+01 -.756797E+01 0.327798E+02
 0.481954E+01 -.288404E+01 -.166151E+01 -.805388E+01 0.327741E+02
 0.483897E+01 -.288358E+01 -.165598E+01 -.761134E+01 0.328468E+02
 0.500000E+01 -.288409E+01 -.166191E+01 -.769110E+01 0.327766E+02
 0.480486E+01 -.288370E+01 -.164821E+01 -.808322E+01 0.328635E+02
 0.485741E+01 -.288462E+01 -.165239E+01 -.767742E+01 0.328206E+02
 0.480220E+01 -.288031E+01 -.166749E+01 -.792566E+01 0.329027E+02
 0.470709E+01 -.288400E+01 -.166111E+01 -.734728E+01 0.327751E+02
 0.471271E+01 -.288396E+01 -.166206E+01 -.810877E+01 0.327786E+02
 0.499682E+01 -.288322E+01 -.169969E+01 -.789086E+01 0.336010E+02
 0.482325E+01 -.288415E+01 -.166151E+01 -.791295E+01 0.327785E+02
 0.487601E+01 -.288438E+01 -.165193E+01 -.796085E+01 0.328185E+02
 0.488158E+01 -.288393E+01 -.166153E+01 -.757189E+01 0.327743E+02
 0.489432E+01 -.291281E+01 -.169205E+01 -.816483E+01 0.416916E+02
 0.492687E+01 -.288458E+01 -.165444E+01 -.788633E+01 0.327994E+02
 0.465770E+01 -.288410E+01 -.165101E+01 -.790713E+01 0.329012E+02
 0.481725E+01 -.289747E+01 -.166477E+01 -.814224E+01 0.345353E+02
 0.390198E+01 -.288429E+01 -.165763E+01 -.789632E+01 0.327908E+02
 0.469167E+01 -.288440E+01 -.167372E+01 -.815541E+01 0.328716E+02
 0.469054E+01 -.288490E+01 -.166153E+01 -.797244E+01 0.327802E+02
 0.485947E+01 -.288263E+01 -.166099E+01 -.794374E+01 0.327952E+02
 0.489514E+01 -.288427E+01 -.166183E+01 -.794071E+01 0.327715E+02
 0.500000E+01 -.288403E+01 -.167543E+01 -.789261E+01 0.328852E+02
 0.434491E+01 -.288387E+01 -.162571E+01 -.641252E+01 0.334549E+02
 0.483460E+01 -.288818E+01 -.163168E+01 -.898685E+01 0.332963E+02
 0.492558E+01 -.286110E+01 -.165716E+01 -.722646E+01 0.378674E+02
 0.424258E+01 -.288475E+01 -.166054E+01 -.784793E+01 0.327854E+02
 0.456256E+01 -.288438E+01 -.166361E+01 -.784621E+01 0.327815E+02
 0.402846E+01 -.285667E+01 -.166436E+01 -.761911E+01 0.398797E+02
 0.500000E+01 -.285714E+01 -.167005E+01 -.856411E+01 0.395461E+02
 0.479623E+01 -.288551E+01 -.166186E+01 -.731105E+01 0.327934E+02
 0.495682E+01 -.288358E+01 -.166092E+01 -.849677E+01 0.327756E+02
 0.500000E+01 -.288565E+01 -.171503E+01 -.789263E+01 0.345690E+02
 0.466460E+01 -.289346E+01 -.166204E+01 -.723900E+01 0.336410E+02
 0.488631E+01 -.288156E+01 -.166343E+01 -.795319E+01 0.328258E+02
 0.477557E+01 -.291679E+01 -.164634E+01 -.680838E+01 0.422821E+02
 0.481649E+01 -.288398E+01 -.166113E+01 -.791413E+01 0.327740E+02
 0.446754E+01 -.288406E+01 -.167275E+01 -.809344E+01 0.328620E+02
 0.500000E+01 -.288419E+01 -.166169E+01 -.799331E+01 0.327768E+02
 0.477346E+01 -.287982E+01 -.161976E+01 -.803981E+01 0.339883E+02
 0.476185E+01 -.288412E+01 -.166173E+01 -.778587E+01 0.327724E+02
 0.478175E+01 -.288775E+01 -.166603E+01 -.905252E+01 0.329327E+02
 0.480784E+01 -.288405E+01 -.166158E+01 -.788459E+01 0.327726E+02
 0.500000E+01 -.288388E+01 -.168194E+01 -.801697E+01 0.330164E+02
 0.479092E+01 -.289660E+01 -.162729E+01 -.789638E+01 0.344844E+02
 0.483125E+01 -.288371E+01 -.166378E+01 -.943896E+01 0.327879E+02
 0.484971E+01 -.288754E+01 -.165620E+01 -.777272E+01 0.328955E+02
 0.500000E+01 -.289699E+01 -.165643E+01 -.792575E+01 0.343077E+02
 0.476869E+01 -.289301E+01 -.162950E+01 -.763768E+01 0.338093E+02
 0.480524E+01 -.288341E+01 -.166137E+01 -.771530E+01 0.327756E+02
 0.475619E+01 -.288422E+01 -.166162E+01 -.731114E+01 0.328041E+02
 0.471914E+01 -.288002E+01 -.166142E+01 -.588924E+01 0.329189E+02
 0.493351E+01 -.288833E+01 -.167391E+01 -.794098E+01 0.331009E+02
 0.484643E+01 -.288436E+01 -.164183E+01 -.797600E+01 0.329739E+02
 0.482538E+01 -.288394E+01 -.166151E+01 -.757607E+01 0.327771E+02
 0.481435E+01 -.291362E+01 -.172647E+01 -.100368E+02 0.450497E+02
 0.490748E+01 -.288420E+01 -.166208E+01 -.937470E+01 0.327754E+02
 0.486845E+01 -.289177E+01 -.164825E+01 -.112653E+02 0.333546E+02
 0.483214E+01 -.288532E+01 -.163002E+01 -.717357E+01 0.332706E+02
 0.484770E+01 -.288741E+01 -.165962E+01 -.802167E+01 0.329144E+02
 0.473790E+01 -.288266E+01 -.171743E+01 -.802991E+01 0.345761E+02
 0.479375E+01 -.288078E+01 -.166232E+01 -.100755E+02 0.328659E+02
 0.481414E+01 -.288400E+01 -.166127E+01 -.855016E+01 0.327755E+02
 0.489423E+01 -.287568E+01 -.175005E+01 -.821233E+01 0.374794E+02
 0.482883E+01 -.288399E+01 -.166144E+01 -.793743E+01 0.327772E+02
 0.500000E+01 -.288368E+01 -.165488E+01 -.802371E+01 0.327966E+02
 0.480541E+01 -.288880E+01 -.166676E+01 -.809792E+01 0.330237E+02
 0.491748E+01 -.288265E+01 -.166189E+01 -.731889E+01 0.327912E+02
 0.359921E+01 -.288846E+01 -.161899E+01 -.812220E+01 0.337279E+02
 0.479668E+01 -.288317E+01 -.167122E+01 -.749546E+01 0.328281E+02
 0.489623E+01 -.288335E+01 -.170238E+01 -.972825E+01 0.337302E+02
 0.475231E+01 -.288322E+01 -.155736E+01 -.954975E+01 0.381489E+02
 0.478661E+01 -.288454E+01 -.166161E+01 -.793356E+01 0.327737E+02
 0.479863E+01 -.290474E+01 -.163576E+01 -.702789E+01 0.366330E+02
 0.483220E+01 -.288355E+01 -.166097E+01 -.682631E+01 0.327778E+02
 0.480074E+01 -.288393E+01 -.166921E+01 -.794878E+01 0.328082E+02
 0.493207E+01 -.288272E+01 -.166155E+01 -.760234E+01 0.327857E+02
 0.481246E+01 -.290622E+01 -.166558E+01 -.778571E+01 0.374555E+02
 0.411747E+01 -.288411E+01 -.166197E+01 -.788469E+01 0.327824E+02
 0.490649E+01 -.288406E+01 -.166198E+01 -.871897E+01 0.327714E+02
 0.495650E+01 -.288447E+01 -.166139E+01 -.835438E+01 0.327765E+02
 0.480488E+01 -.288399E+01 -.166316E+01 -.792137E+01 0.327688E+02
 0.478935E+01 -.288390E+01 -.165272E+01 -.803884E+01 0.328073E+02
 0.483608E+01 -.288428E+01 -.166176E+01 -.799356E+01 0.327832E+02
 0.492437E+01 -.288844E+01 -.169218E+01 -.684692E+01 0.336458E+02
 0.445998E+01 -.288984E+01 -.164572E+01 -.855304E+01 0.331401E+02
 0.479342E+01 -.289144E+01 -.167521E+01 -.806723E+01 0.334937E+02
 0.488256E+01 -.287570E+01 -.166168E+01 -.108485E+02 0.334120E+02
 0.480238E+01 -.288405E+01 -.166170E+01 -.796596E+01 0.327707E+02
 0.479560E+01 -.288140E+01 -.177448E+01 -.796765E+01 0.404687E+02
 0.467853E+01 -.288074E+01 -.166189E+01 -.787343E+01 0.328713E+02
 0.489107E+01 -.288648E+01 -.160410E+01 -.907555E+01 0.344615E+02
 0.482685E+01 -.288385E+01 -.166265E+01 -.834118E+01 0.327782E+02
 0.477891E+01 -.287951E+01 -.167310E+01 -.795101E+01 0.329959E+02
 0.481296E+01 -.285958E+01 -.166388E+01 -.951114E+01 0.384228E+02
 0.479938E+01 -.289219E+01 -.165490E+01 -.834042E+01 0.333715E+02
 0.500000E+01 -.288409E+01 -.166063E+01 -.776326E+01 0.327745E+02
 0.488702E+01 -.288405E+01 -.166431E+01 -.796307E+01 0.327814E+02
 0.480229E+01 -.288411E+01 -.166558E+01 -.819745E+01 0.327821E+02
 0.481206E+01 -.288476E+01 -.166720E+01 -.774588E+01 0.327993E+02
 0.490450E+01 -.287722E+01 -.160447E+01 -.825374E+01 0.351987E+02
 0.500000E+01 -.288377E+01 -.166195E+01 -.780668E+01 0.327767E+02
 0.493282E+01 -.288360E+01 -.166603E+01 -.819590E+01 0.327827E+02
 0.469062E+01 -.291801E+01 -.164517E+01 -.778123E+01 0.430021E+02
 0.488770E+01 -.288596E+01 -.166158E+01 -.802801E+01 0.328155E+02
 0.488628E+01 -.288406E+01 -.166214E+01 -.750370E+01 0.327762E+02
 0.488795E+01 -.288396E+01 -.166473E+01 -.807908E+01 0.327826E+02
 0.448291E+01 -.288517E+01 -.150882E+01 -.784450E+01 0.435086E+02
 0.484957E+01 -.288439E+01 -.165973E+01 -.814138E+01 0.327761E+02
 0.487653E+01 -.288483E+01 -.168080E+01 -.631063E+01 0.330180E+02
 0.480479E+01 -.288434E+01 -.166197E+01 -.782082E+01 0.327741E+02
 0.425192E+01 -.288471E+01 -.163456E+01 -.770830E+01 0.331388E+02
 0.480241E+01 -.288575E+01 -.165991E+01 -.796300E+01 0.327979E+02
 0.481651E+01 -.288395E+01 -.166106E+01 -.779582E+01 0.327739E+02
 0.480465E+01 -.288422E+01 -.166802E+01 -.795773E+01 0.327945E+02
 0.478433E+01 -.288358E+01 -.165837E+01 -.785482E+01 0.327759E+02
 0.479377E+01 -.288608E+01 -.166171E+01 -.869604E+01 0.328126E+02
 0.473744E+01 -.288404E+01 -.166109E+01 -.721481E+01 0.327799E+02
 0.477574E+01 -.288390E+01 -.166180E+01 -.751937E+01 0.327710E+02
 0.493508E+01 -.288304E+01 -.166219E+01 -.804961E+01 0.327819E+02
 0.477273E+01 -.287327E+01 -.158795E+01 -.795622E+01 0.372820E+02
 0.478022E+01 -.288517E+01 -.166331E+01 -.994762E+01 0.327884E+02
 0.500000E+01 -.288383E+01 -.166203E+01 -.804139E+01 0.327766E+02
 0.477923E+01 -.288415E+01 -.165983E+01 -.669607E+01 0.327717E+02
 0.489174E+01 -.288602E+01 -.166189E+01 -.681821E+01 0.328093E+02
 0.500000E+01 -.288396E+01 -.166139E+01 -.747182E+01 0.327761E+02
 0.488580E+01 -.288404E+01 -.173411E+01 -.895489E+01 0.359404E+02
 0.485607E+01 -.287713E+01 -.166195E+01 -.798555E+01 0.332128E+02
 0.488174E+01 -.288396E+01 -.166023E+01 -.715957E+01 0.327747E+02
 0.485779E+01 -.287089E+01 -.162978E+01 -.793444E+01 0.352845E+02
 0.424753E+01 -.288291E+01 -.165554E+01 -.774971E+01 0.328103E+02
 0.486961E+01 -.288508E+01 -.163751E+01 -.803214E+01 0.330650E+02
 0.481685E+01 -.288398E+01 -.166935E+01 -.803306E+01 0.328170E+02
 0.477489E+01 -.288421E+01 -.166330E+01 -.776596E+01 0.327741E+02
 0.479086E+01 -.288403E+01 -.166157E+01 -.803498E+01 0.327707E+02
 0.482446E+01 -.288436E+01 -.165673E+01 -.776760E+01 0.327897E+02
 0.418483E+01 -.289959E+01 -.166335E+01 -.798905E+01 0.350582E+02
 0.480477E+01 -.288376E+01 -.166266E+01 -.796853E+01 0.327680E+02
 0.487682E+01 -.288480E+01 -.167496E+01 -.774008E+01 0.329054E+02
 0.481873E+01 -.291398E+01 -.166259E+01 -.786678E+01 0.410735E+02
 0.469395E+01 -.288395E+01 -.166138E+01 -.727021E+01 0.327720E+02
 0.470916E+01 -.288419E+01 -.166088E+01 -.823362E+01 0.327755E+02
 0.483550E+01 -.288300E+01 -.164831E+01 -.774331E+01 0.328812E+02
 0.480571E+01 -.288437E+01 -.166158E+01 -.819488E+01 0.327739E+02
 0.475067E+01 -.288416E+01 -.165705E+01 -.795087E+01 0.328142E+02
 0.485565E+01 -.288397E+01 -.166187E+01 -.732556E+01 0.327810E+02
 0.456027E+01 -.291075E+01 -.169479E+01 -.782987E+01 0.407949E+02
 0.484729E+01 -.288492E+01 -.164365E+01 -.767045E+01 0.329375E+02
 0.470203E+01 -.288414E+01 -.166899E+01 -.846682E+01 0.328114E+02
 0.475499E+01 -.287981E+01 -.165966E+01 -.631450E+01 0.329695E+02
 0.500000E+01 -.288387E+01 -.165973E+01 -.792539E+01 0.327756E+02
 0.482539E+01 -.288347E+01 -.167801E+01 -.791617E+01 0.329300E+02
 0.493020E+01 -.288285E+01 -.166124E+01 -.754762E+01 0.327845E+02
 0.500000E+01 -.288195E+01 -.166229E+01 -.790811E+01 0.328076E+02
 0.500000E+01 -.288464E+01 -.165921E+01 -.794131E+01 0.327793E+02
 0.480763E+01 -.288336E+01 -.164421E+01 -.789055E+01 0.329347E+02
 0.393869E+01 -.288376E+01 -.172163E+01 -.824074E+01 0.349207E+02
 0.482465E+01 -.288795E+01 -.164752E+01 -.684708E+01 0.329894E+02
 0.416139E+01 -.288451E+01 -.166035E+01 -.792388E+01 0.327746E+02
 0.469215E+01 -.288462E+01 -.165814E+01 -.779962E+01 0.327808E+02
 0.471562E+01 -.291398E+01 -.165969E+01 -.820788E+01 0.410224E+02
 0.446383E+01 -.286838E+01 -.166737E+01 -.838162E+01 0.350569E+02
 0.384783E+01 -.290111E+01 -.166674E+01 -.801574E+01 0.356112E+02
 0.480013E+01 -.288275E+01 -.166219E+01 -.750132E+01 0.327847E+02
 0.493898E+01 -.288364E+01 -.166128E+01 -.745435E+01 0.327754E+02
 0.497116E+01 -.288315E+01 -.167466E+01 -.811717E+01 0.328788E+02
 0.435922E+01 -.288315E+01 -.164788E+01 -.801169E+01 0.328865E+02
 0.496622E+01 -.287718E+01 -.166184E+01 -.780997E+01 0.331981E+02
 0.483603E+01 -.288183E+01 -.165631E+01 -.823635E+01 0.328434E+02
 0.477454E+01 -.291301E+01 -.164903E+01 -.616928E+01 0.402594E+02
 0.499936E+01 -.288404E+01 -.166202E+01 -.768977E+01 0.327766E+02
 0.476729E+01 -.288408E+01 -.167488E+01 -.733629E+01 0.328810E+02
 0.467428E+01 -.288438E+01 -.166197E+01 -.776903E+01 0.327769E+02
 0.487042E+01 -.288410E+01 -.166213E+01 -.763458E+01 0.327815E+02
 0.488425E+01 -.287814E+01 -.165805E+01 -.737686E+01 0.331106E+02
 0.480699E+01 -.288406E+01 -.166153E+01 -.777318E+01 0.327726E+02
 0.415013E+01 -.288482E+01 -.175992E+01 -.786212E+01 0.387878E+02
 0.481323E+01 -.288289E+01 -.168576E+01 -.778297E+01 0.331060E+02
 0.481487E+01 -.288221E+01 -.165642E+01 -.813924E+01 0.328224E+02
 0.488817E+01 -.288268E+01 -.166139E+01 -.796760E+01 0.327894E+02
 0.350000E+01 -.288752E+01 -.167441E+01 -.796757E+01 0.330400E+02
 0.500000E+01 -.287855E+01 -.154675E+01 -.766851E+01 0.399657E+02
 0.477278E+01 -.288354E+01 -.166166E+01 -.728115E+01 0.327726E+02
 0.476555E+01 -.288406E+01 -.166144E+01 -.799153E+01 0.327720E+02
 0.476203E+01 -.287789E+01 -.165022E+01 -.599576E+01 0.332658E+02
 0.491491E+01 -.288564E+01 -.168190E+01 -.717462E+01 0.330794E+02
 0.480405E+01 -.288443E+01 -.164934E+01 -.803635E+01 0.328414E+02
 0.488589E+01 -.288396E+01 -.166145E+01 -.785396E+01 0.327753E+02
 0.479624E+01 -.288372E+01 -.166301E+01 -.115095E+02 0.327728E+02
 0.480109E+01 -.287955E+01 -.165252E+01 -.110911E+02 0.330309E+02
 0.478866E+01 -.288044E+01 -.164788E+01 -.663047E+01 0.330254E+02
 0.480842E+01 -.288502E+01 -.165693E+01 -.808161E+01 0.327858E+02
 0.481004E+01 -.289302E+01 -.165027E+01 -.830541E+01 0.335056E+02
 0.477948E+01 -.288524E+01 -.166171E+01 -.889402E+01 0.327859E+02
 0.481636E+01 -.288405E+01 -.166154E+01 -.842491E+01 0.327742E+02
 0.482787E+01 -.288058E+01 -.165983E+01 -.859587E+01 0.328870E+02
 0.482111E+01 -.288407E+01 -.166162E+01 -.795924E+01 0.327694E+02
 0.471397E+01 -.288389E+01 -.166149E+01 -.796359E+01 0.327777E+02
 0.480136E+01 -.288308E+01 -.167744E+01 -.797548E+01 0.329173E+02
 0.492109E+01 -.288356E+01 -.166210E+01 -.721182E+01 0.327787E+02
 0.470253E+01 -.290203E+01 -.165885E+01 -.725626E+01 0.357566E+02
 0.464997E+01 -.289068E+01 -.173494E+01 -.823334E+01 0.368850E+02
 0.481517E+01 -.288429E+01 -.165021E+01 -.753136E+01 0.328383E+02
 0.484634E+01 -.288329E+01 -.165966E+01 -.888613E+01 0.327873E+02
 0.475587E+01 -.288392E+01 -.166150E+01 -.799957E+01 0.328009E+02
 0.480860E+01 -.288647E+01 -.164809E+01 -.701898E+01 0.328894E+02
 0.476583E+01 -.288333E+01 -.165842E+01 -.685362E+01 0.327833E+02
 0.500000E+01 -.288390E+01 -.166861E+01 -.795008E+01 0.328003E+02
 0.485041E+01 -.288222E+01 -.166153E+01 -.779169E+01 0.328016E+02
 0.480878E+01 -.287584E+01 -.165948E+01 -.784460E+01 0.334163E+02
 0.440776E+01 -.288411E+01 -.166069E+01 -.792833E+01 0.327889E+02
 0.485539E+01 -.288405E+01 -.166136E+01 -.813647E+01 0.327794E+02
 0.497446E+01 -.288376E+01 -.166422E+01 -.793100E+01 0.327807E+02
 0.481308E+01 -.288408E+01 -.166114E+01 -.791097E+01 0.327750E+02
 0.478924E+01 -.288390E+01 -.164260E+01 -.697980E+01 0.329533E+02
 0.490161E+01 -.288419E+01 -.166161E+01 -.740843E+01 0.327809E+02
 0.480832E+01 -.289661E+01 -.164087E+01 -.550000E+01 0.342479E+02
 0.479862E+01 -.289098E+01 -.166078E+01 -.806665E+01 0.332243E+02
 0.484510E+01 -.287149E+01 -.166170E+01 -.846328E+01 0.342883E+02
 0.480818E+01 -.288405E+01 -.166172E+01 -.795959E+01 0.327727E+02
 0.467165E+01 -.288282E+01 -.166107E+01 -.795924E+01 0.327860E+02
 0.487270E+01 -.288406E+01 -.167392E+01 -.732030E+01 0.328731E+02
 0.481219E+01 -.288339E+01 -.166181E+01 -.798808E+01 0.327741E+02
 0.492801E+01 -.287779E+01 -.166366E+01 -.791738E+01 0.331214E+02
 0.482143E+01 -.289354E+01 -.165787E+01 -.550000E+01 0.335931E+02
 0.495178E+01 -.288413E+01 -.166100E+01 -.784268E+01 0.327748E+02
 0.481876E+01 -.288397E+01 -.166293E+01 -.797888E+01 0.327792E+02
 0.481001E+01 -.288376E+01 -.166849E+01 -.857867E+01 0.327969E+02
 0.481832E+01 -.288412E+01 -.165780E+01 -.799840E+01 0.327816E+02
 0.484485E+01 -.287952E+01 -.171003E+01 -.785457E+01 0.341411E+02
 0.461703E+01 -.288400E+01 -.166266E+01 -.782644E+01 0.327811E+02
 0.486973E+01 -.288385E+01 -.165737E+01 -.794671E+01 0.327875E+02
 0.484936E+01 -.289265E+01 -.165954E+01 -.779296E+01 0.334752E+02
 0.494425E+01 -.288449E+01 -.166136E+01 -.808490E+01 0.327706E+02
 0.489648E+01 -.288419E+01 -.166138E+01 -.840089E+01 0.327707E+02
 0.483032E+01 -.288414E+01 -.166457E+01 -.770485E+01 0.327852E+02
 0.485472E+01 -.288440E+01 -.166125E+01 -.808966E+01 0.327767E+02
 0.484499E+01 -.287996E+01 -.167161E+01 -.613058E+01 0.329469E+02
 0.480408E+01 -.288450E+01 -.166142E+01 -.787743E+01 0.327731E+02
 0.481454E+01 -.287468E+01 -.164858E+01 -.795117E+01 0.337806E+02
 0.480185E+01 -.288620E+01 -.166000E+01 -.881074E+01 0.328141E+02
 0.480557E+01 -.288388E+01 -.166118E+01 -.786536E+01 0.327725E+02
 0.480549E+01 -.288400E+01 -.166747E+01 -.794400E+01 0.327886E+02
 0.478613E+01 -.288157E+01 -.166340E+01 -.762051E+01 0.328242E+02
 0.485761E+01 -.288207E+01 -.166092E+01 -.728706E+01 0.328121E+02
 0.473856E+01 -.288434E+01 -.166181E+01 -.719004E+01 0.327786E+02
 0.480879E+01 -.288397E+01 -.166188E+01 -.782885E+01 0.327728E+02
 0.461963E+01 -.289723E+01 -.166590E+01 -.795589E+01 0.344908E+02
 0.480077E+01 -.288326E+01 -.166005E+01 -.814146E+01 0.327770E+02
 0.441786E+01 -.287534E+01 -.175728E+01 -.800138E+01 0.382898E+02
 0.480360E+01 -.288127E+01 -.170238E+01 -.789397E+01 0.337115E+02
 0.483189E+01 -.288510E+01 -.166102E+01 -.106811E+02 0.327899E+02
 0.463287E+01 -.288382E+01 -.166176E+01 -.745222E+01 0.327735E+02
 0.482811E+01 -.288403E+01 -.166116E+01 -.848065E+01 0.327772E+02
 0.500000E+01 -.288633E+01 -.166198E+01 -.945527E+01 0.328303E+02
 0.434378E+01 -.288393E+01 -.166157E+01 -.700181E+01 0.327724E+02
 0.483207E+01 -.288460E+01 -.164754E+01 -.782116E+01 0.328702E+02
 0.483241E+01 -.287499E+01 -.166273E+01 -.790601E+01 0.335193E+02
 0.496095E+01 -.288421E+01 -.166100E+01 -.881400E+01 0.327724E+02
 0.482296E+01 -.288495E+01 -.161282E+01 -.784411E+01 0.339610E+02
 0.449025E+01 -.288609E+01 -.165208E+01 -.770729E+01 0.328546E+02
 0.487643E+01 -.288424E+01 -.167292E+01 -.793740E+01 0.328605E+02
 0.483607E+01 -.288410E+01 -.167090E+01 -.780523E+01 0.328274E+02
 0.493288E+01 -.288467E+01 -.166262E+01 -.775858E+01 0.327797E+02
 0.478980E+01 -.288409E+01 -.166097E+01 -.793004E+01 0.327707E+02
 0.478396E+01 -.288446E+01 -.166416E+01 -.752641E+01 0.327791E+02
 0.456845E+01 -.289687E+01 -.166095E+01 -.799753E+01 0.343257E+02
 0.480476E+01 -.288396E+01 -.167273E+01 -.786297E+01 0.328415E+02
 0.491147E+01 -.288464E+01 -.166759E+01 -.786069E+01 0.328020E+02
 0.479723E+01 -.289493E+01 -.166423E+01 -.791178E+01 0.339177E+02
 0.484000E+01 -.288393E+01 -.166164E+01 -.775744E+01 0.328274E+02
 0.477305E+01 -.288389E+01 -.166051E+01 -.806332E+01 0.327710E+02
 0.470806E+01 -.288300E+01 -.161776E+01 -.764389E+01 0.338079E+02
 0.480109E+01 -.288366E+01 -.166171E+01 -.870483E+01 0.327716E+02
 0.475633E+01 -.288385E+01 -.166164E+01 -.793323E+01 0.328008E+02
 0.480993E+01 -.288401E+01 -.166208E+01 -.740107E+01 0.327730E+02
 0.451177E+01 -.286864E+01 -.166726E+01 -.770006E+01 0.349436E+02
 0.493262E+01 -.288477E+01 -.165062E+01 -.776048E+01 0.328309E+02
 0.496416E+01 -.288418E+01 -.166730E+01 -.796707E+01 0.327991E+02
 0.480734E+01 -.287189E+01 -.166305E+01 -.734798E+01 0.341446E+02
 0.432834E+01 -.288399E+01 -.166389E+01 -.790407E+01 0.327787E+02
 0.500000E+01 -.288304E+01 -.165561E+01 -.732710E+01 0.328023E+02
 0.494472E+01 -.288339E+01 -.166133E+01 -.815617E+01 0.327712E+02
 0.462008E+01 -.288581E+01 -.165827E+01 -.785621E+01 0.328096E+02
 0.468433E+01 -.288403E+01 -.166398E+01 -.794392E+01 0.327806E+02
 0.474592E+01 -.288421E+01 -.163380E+01 -.790782E+01 0.331621E+02
 0.402571E+01 -.288419E+01 -.169198E+01 -.907928E+01 0.333259E+02
 0.479450E+01 -.288654E+01 -.166382E+01 -.612985E+01 0.328417E+02
 0.477216E+01 -.289431E+01 -.165894E+01 -.825623E+01 0.337418E+02
 0.498354E+01 -.288397E+01 -.166032E+01 -.798410E+01 0.327748E+02
 0.499665E+01 -.288406E+01 -.165611E+01 -.791450E+01 0.327880E+02
 0.466530E+01 -.291048E+01 -.166028E+01 -.796714E+01 0.392425E+02
 0.371768E+01 -.287512E+01 -.166137E+01 -.814404E+01 0.335148E+02
 0.480211E+01 -.288361E+01 -.166203E+01 -.807129E+01 0.327721E+02
 0.476254E+01 -.288427E+01 -.166106E+01 -.706621E+01 0.327726E+02
 0.500000E+01 -.288171E+01 -.160109E+01 -.787628E+01 0.348041E+02
 0.500000E+01 -.287649E+01 -.166183E+01 -.834637E+01 0.332978E+02
 0.487480E+01 -.288363E+01 -.165489E+01 -.818838E+01 0.327989E+02
 0.477965E+01 -.286091E+01 -.164543E+01 -.984511E+01 0.383701E+02
 0.500000E+01 -.288408E+01 -.166127E+01 -.751993E+01 0.327762E+02
 0.425795E+01 -.288406E+01 -.166575E+01 -.712742E+01 0.327918E+02
 0.452963E+01 -.288340E+01 -.166190E+01 -.777194E+01 0.327855E+02
 0.495782E+01 -.288404E+01 -.166152E+01 -.766227E+01 0.327728E+02
 0.492125E+01 -.288821E+01 -.166345E+01 -.623479E+01 0.329603E+02
 0.479864E+01 -.288406E+01 -.166153E+01 -.777058E+01 0.327707E+02
 0.360110E+01 -.288507E+01 -.175768E+01 -.948145E+01 0.385539E+02
 0.481172E+01 -.287280E+01 -.172007E+01 -.775776E+01 0.353651E+02
 0.487391E+01 -.288302E+01 -.165993E+01 -.921442E+01 0.327862E+02
 0.473256E+01 -.288163E+01 -.166406E+01 -.818483E+01 0.328209E+02
 0.243774E+01 -.287683E+01 -.167335E+01 -.798921E+01 0.335016E+02
 0.487750E+01 -.287946E+01 -.154835E+01 -.800419E+01 0.396112E+02
 0.495457E+01 -.287262E+01 -.168677E+01 -.731343E+01 0.340966E+02
 0.483380E+01 -.288486E+01 -.166188E+01 -.750605E+01 0.327863E+02
 0.481273E+01 -.288393E+01 -.166147E+01 -.721857E+01 0.327749E+02
 0.481735E+01 -.288329E+01 -.166494E+01 -.882210E+01 0.327869E+02
 0.485733E+01 -.288112E+01 -.165253E+01 -.759603E+01 0.329138E+02
 0.481342E+01 -.288477E+01 -.168449E+01 -.790404E+01 0.331091E+02
 0.488106E+01 -.288403E+01 -.166121E+01 -.788057E+01 0.327743E+02
 0.485138E+01 -.288103E+01 -.163349E+01 -.555708E+01 0.333327E+02
 0.469227E+01 -.288383E+01 -.165948E+01 -.758146E+01 0.327757E+02
 0.465171E+01 -.287828E+01 -.166489E+01 -.805125E+01 0.330668E+02
 0.477875E+01 -.287764E+01 -.167005E+01 -.692892E+01 0.331482E+02
 0.491092E+01 -.288098E+01 -.165809E+01 -.790349E+01 0.328710E+02
 0.486643E+01 -.289521E+01 -.160819E+01 -.786465E+01 0.349040E+02
 0.483457E+01 -.288568E+01 -.166060E+01 -.742598E+01 0.328107E+02
 0.482098E+01 -.288401E+01 -.166141E+01 -.690752E+01 0.327694E+02
 0.477378E+01 -.288450E+01 -.159299E+01 -.866345E+01 0.351184E+02
 0.480791E+01 -.288413E+01 -.166181E+01 -.796754E+01 0.327729E+02
 0.466367E+01 -.288378E+01 -.166645E+01 -.789287E+01 0.327886E+02
 0.479914E+01 -.287993E+01 -.164829E+01 -.808049E+01 0.330604E+02
 0.477783E+01 -.288496E+01 -.166199E+01 -.767375E+01 0.327805E+02
 0.461951E+01 -.287555E+01 -.162590E+01 -.744391E+01 0.343588E+02
 0.477854E+01 -.288497E+01 -.165066E+01 -.797767E+01 0.328273E+02
 0.478191E+01 -.288361E+01 -.162854E+01 -.806981E+01 0.333441E+02
 0.474517E+01 -.288181E+01 -.168038E+01 -.669475E+01 0.329821E+02
 0.479810E+01 -.288366E+01 -.166160E+01 -.809931E+01 0.327716E+02
 0.481551E+01 -.286919E+01 -.167417E+01 -.715574E+01 0.347659E+02
 0.484867E+01 -.288424E+01 -.166366E+01 -.790989E+01 0.327804E+02
 0.467218E+01 -.288366E+01 -.165761E+01 -.796611E+01 0.327862E+02
 0.472640E+01 -.288328E+01 -.166168E+01 -.797948E+01 0.327834E+02
 0.480153E+01 -.285971E+01 -.167195E+01 -.793896E+01 0.382670E+02
 0.475443E+01 -.288402E+01 -.166053E+01 -.798139E+01 0.328040E+02
 0.484391E+01 -.288405E+01 -.166066E+01 -.733100E+01 0.328295E+02
 0.482201E+01 -.288344E+01 -.166285E+01 -.717339E+01 0.327724E+02
 0.479424E+01 -.288399E+01 -.166134E+01 -.794310E+01 0.327706E+02
 0.480130E+01 -.288407E+01 -.165791E+01 -.750834E+01 0.327744E+02
 0.483306E+01 -.288373E+01 -.166156E+01 -.774316E+01 0.327769E+02
 0.474127E+01 -.289386E+01 -.167153E+01 -.106396E+02 0.338399E+02
 0.481069E+01 -.287932E+01 -.166487E+01 -.795087E+01 0.329645E+02
 0.480056E+01 -.287723E+01 -.166186E+01 -.660771E+01 0.332016E+02
 0.480519E+01 -.288405E+01 -.166170E+01 -.793970E+01 0.327727E+02
 0.478084E+01 -.289151E+01 -.169001E+01 -.749126E+01 0.339705E+02
 0.495389E+01 -.288565E+01 -.166119E+01 -.792911E+01 0.328056E+02
 0.479875E+01 -.288484E+01 -.171174E+01 -.639644E+01 0.342994E+02
 0.479140E+01 -.288355E+01 -.166060E+01 -.807511E+01 0.327728E+02
 0.483193E+01 -.288910E+01 -.165673E+01 -.791517E+01 0.330209E+02
 0.486228E+01 -.290665E+01 -.165326E+01 -.809055E+01 0.374171E+02
 0.480225E+01 -.290877E+01 -.165455E+01 -.845844E+01 0.382924E+02
 0.488301E+01 -.288417E+01 -.166082E+01 -.797041E+01 0.327781E+02
 0.480107E+01 -.288399E+01 -.166072E+01 -.788877E+01 0.327706E+02
 0.481024E+01 -.288347E+01 -.166407E+01 -.841012E+01 0.327749E+02
 0.481878E+01 -.288353E+01 -.165490E+01 -.817700E+01 0.328005E+02
 0.483541E+01 -.288144E+01 -.171131E+01 -.763874E+01 0.341765E+02
 0.466052E+01 -.288396E+01 -.166195E+01 -.759920E+01 0.327715E+02
 0.476425E+01 -.288447E+01 -.165498E+01 -.747406E+01 0.327939E+02
 0.494031E+01 -.286587E+01 -.166741E+01 -.796523E+01 0.358124E+02
 0.497530E+01 -.288313E+01 -.166158E+01 -.803546E+01 0.327809E+02
 0.480692E+01 -.288423E+01 -.166148E+01 -.863641E+01 0.327731E+02
 0.485394E+01 -.288416E+01 -.166283E+01 -.747919E+01 0.327877E+02
 0.480685E+01 -.288379E+01 -.166277E+01 -.795898E+01 0.327696E+02
 0.480107E+01 -.288624E+01 -.165534E+01 -.100395E+02 0.328225E+02
 0.479989E+01 -.288398E+01 -.166115E+01 -.781952E+01 0.327705E+02
 0.448000E+01 -.290398E+01 -.165271E+01 -.788842E+01 0.363736E+02
 0.480696E+01 -.288188E+01 -.166307E+01 -.878443E+01 0.328089E+02
 0.478208E+01 -.288397E+01 -.166135E+01 -.817141E+01 0.327707E+02
 0.480534E+01 -.288385E+01 -.165932E+01 -.798316E+01 0.327728E+02
 0.476813E+01 -.288402E+01 -.166275E+01 -.779646E+01 0.327722E+02
 0.500000E+01 -.288082E+01 -.166116E+01 -.740420E+01 0.328703E+02
 0.484993E+01 -.288381E+01 -.166173E+01 -.832713E+01 0.327753E+02
 0.479976E+01 -.288428E+01 -.166161E+01 -.799654E+01 0.327715E+02
 0.484720E+01 -.288403E+01 -.166098E+01 -.748636E+01 0.328058E+02
 0.473549E+01 -.288402E+01 -.162180E+01 -.781751E+01 0.335914E+02
 0.417268E+01 -.288419E+01 -.174115E+01 -.797735E+01 0.366094E+02
 0.482235E+01 -.289040E+01 -.155035E+01 -.777646E+01 0.385883E+02
 0.484069E+01 -.288366E+01 -.165896E+01 -.550000E+01 0.328351E+02
 0.459586E+01 -.288392E+01 -.166144E+01 -.723705E+01 0.327735E+02
 0.484619E+01 -.288403E+01 -.166190E+01 -.883158E+01 0.328051E+02
 0.473128E+01 -.288391E+01 -.166209E+01 -.101229E+02 0.327795E+02
 0.456085E+01 -.288389E+01 -.166196E+01 -.714078E+01 0.327756E+02
 0.492988E+01 -.288498E+01 -.161185E+01 -.729674E+01 0.340044E+02
 0.481791E+01 -.289744E+01 -.166198E+01 -.773073E+01 0.344856E+02
 0.492748E+01 -.288448E+01 -.166145E+01 -.808079E+01 0.327761E+02
 0.473434E+01 -.288413E+01 -.171131E+01 -.793434E+01 0.342508E+02
 0.462120E+01 -.288449E+01 -.166264E+01 -.799333E+01 0.327811E+02
 0.487009E+01 -.288436E+01 -.167950E+01 -.807294E+01 0.329793E+02
 0.481076E+01 -.288391E+01 -.165619E+01 -.769217E+01 0.327833E+02
 0.499092E+01 -.288405E+01 -.166045E+01 -.782188E+01 0.327694E+02
 0.480201E+01 -.288406E+01 -.166147E+01 -.801040E+01 0.327706E+02
 0.477400E+01 -.288431E+01 -.166773E+01 -.782260E+01 0.327995E+02
 0.500000E+01 -.288991E+01 -.166137E+01 -.755256E+01 0.331065E+02
 0.480479E+01 -.288420E+01 -.166414E+01 -.793062E+01 0.327725E+02
 0.495049E+01 -.288386E+01 -.165688E+01 -.779205E+01 0.327868E+02
 0.478932E+01 -.287908E+01 -.166986E+01 -.798608E+01 0.330051E+02
 0.494651E+01 -.288398E+01 -.166152E+01 -.806019E+01 0.327699E+02
 0.483262E+01 -.288367E+01 -.166067E+01 -.784551E+01 0.327772E+02
 0.482731E+01 -.286885E+01 -.163870E+01 -.856343E+01 0.355091E+02
 0.475081E+01 -.288341E+01 -.164435E+01 -.781651E+01 0.329730E+02
 0.480109E+01 -.288376E+01 -.166175E+01 -.837443E+01 0.327711E+02
 0.488720E+01 -.288394E+01 -.166208E+01 -.794523E+01 0.327757E+02
 0.479588E+01 -.288404E+01 -.166137E+01 -.775585E+01 0.327706E+02
 0.450632E+01 -.286810E+01 -.167587E+01 -.785883E+01 0.350986E+02
 0.494952E+01 -.288428E+01 -.167604E+01 -.784105E+01 0.328965E+02
 0.500000E+01 -.288406E+01 -.166033E+01 -.698675E+01 0.327747E+02
 0.481335E+01 -.287854E+01 -.167036E+01 -.873878E+01 0.330500E+02
 0.445161E+01 -.288457E+01 -.166251E+01 -.791646E+01 0.327931E+02
 0.457428E+01 -.288498E+01 -.164662E+01 -.696532E+01 0.328851E+02
 0.475051E+01 -.288475E+01 -.166153E+01 -.860642E+01 0.328089E+02
 0.456184E+01 -.288709E+01 -.165896E+01 -.793116E+01 0.328605E+02
 0.458075E+01 -.288373E+01 -.166294E+01 -.794495E+01 0.327779E+02
 0.478330E+01 -.288452E+01 -.165826E+01 -.795362E+01 0.327747E+02
 0.443119E+01 -.288417E+01 -.166533E+01 -.896264E+01 0.327915E+02
 0.477913E+01 -.288232E+01 -.167340E+01 -.715595E+01 0.328647E+02
 0.500000E+01 -.288421E+01 -.166230E+01 -.795617E+01 0.327717E+02
 0.495910E+01 -.288348E+01 -.166049E+01 -.792490E+01 0.327794E+02
 0.437107E+01 -.288261E+01 -.165878E+01 -.780929E+01 0.328115E+02
 0.410924E+01 -.286889E+01 -.165700E+01 -.801838E+01 0.350224E+02
 0.479981E+01 -.288519E+01 -.166153E+01 -.836720E+01 0.327842E+02
 0.491485E+01 -.288471E+01 -.166099E+01 -.783304E+01 0.327843E+02
 0.447668E+01 -.288721E+01 -.171812E+01 -.773353E+01 0.349314E+02
 0.472060E+01 -.288874E+01 -.166182E+01 -.761684E+01 0.330022E+02
 0.497464E+01 -.288578E+01 -.166365E+01 -.798969E+01 0.328166E+02
 0.478482E+01 -.286592E+01 -.163516E+01 -.111791E+02 0.366880E+02
 0.492824E+01 -.288407E+01 -.166106E+01 -.791227E+01 0.327733E+02
 0.425806E+01 -.288405E+01 -.165112E+01 -.837334E+01 0.328291E+02
 0.461662E+01 -.288397E+01 -.166167E+01 -.781346E+01 0.327798E+02
 0.477848E+01 -.288402E+01 -.166129E+01 -.770732E+01 0.327707E+02
 0.487605E+01 -.288951E+01 -.166864E+01 -.662523E+01 0.331404E+02
 0.480077E+01 -.288404E+01 -.166160E+01 -.782142E+01 0.327707E+02
 0.492972E+01 -.288417E+01 -.162840E+01 -.867794E+01 0.333390E+02
 0.475611E+01 -.287346E+01 -.165669E+01 -.764052E+01 0.338973E+02
 0.494279E+01 -.288481E+01 -.166666E+01 -.928048E+01 0.327952E+02
 0.466372E+01 -.288337E+01 -.166193E+01 -.829319E+01 0.327750E+02
 0.238336E+01 -.288030E+01 -.167070E+01 -.792436E+01 0.331647E+02
 0.497646E+01 -.288455E+01 -.166179E+01 -.837378E+01 0.327801E+02
 0.479864E+01 -.288387E+01 -.166157E+01 -.651300E+01 0.327710E+02
 0.484646E+01 -.288777E+01 -.167257E+01 -.105006E+02 0.330291E+02
 0.485340E+01 -.288059E+01 -.164916E+01 -.843380E+01 0.329902E+02
 0.483124E+01 -.288501E+01 -.170389E+01 -.775540E+01 0.338846E+02
 0.482527E+01 -.288409E+01 -.166155E+01 -.754451E+01 0.327775E+02
 0.467083E+01 -.288394E+01 -.165803E+01 -.699652E+01 0.327794E+02
 0.459334E+01 -.288198E+01 -.166101E+01 -.126348E+02 0.328105E+02
 0.478958E+01 -.287860E+01 -.168076E+01 -.784467E+01 0.331639E+02
 0.495195E+01 -.288376E+01 -.166203E+01 -.774589E+01 0.327751E+02
 0.484842E+01 -.287767E+01 -.173081E+01 -.724283E+01 0.355982E+02
 0.482675E+01 -.288347E+01 -.166185E+01 -.769896E+01 0.327785E+02
 0.496672E+01 -.288393E+01 -.166117E+01 -.627992E+01 0.327772E+02
 0.477996E+01 -.288367E+01 -.156374E+01 -.765415E+01 0.375106E+02
 0.480912E+01 -.288405E+01 -.166184E+01 -.796732E+01 0.327728E+02
 0.489476E+01 -.288398E+01 -.166818E+01 -.796517E+01 0.327995E+02
 0.479793E+01 -.288512E+01 -.162941E+01 -.850383E+01 0.332847E+02
 0.484237E+01 -.288505E+01 -.166188E+01 -.793240E+01 0.328434E+02
 0.483888E+01 -.288836E+01 -.166375E+01 -.770056E+01 0.330358E+02
 0.406128E+01 -.287606E+01 -.158842E+01 -.678729E+01 0.365577E+02
 0.478763E+01 -.288406E+01 -.165464E+01 -.761907E+01 0.327916E+02
 0.477724E+01 -.288393E+01 -.165690E+01 -.818629E+01 0.327791E+02
 0.483252E+01 -.288398E+01 -.166172E+01 -.813398E+01 0.327783E+02
 0.481320E+01 -.288439E+01 -.168580E+01 -.746539E+01 0.331330E+02
 0.484809E+01 -.288407E+01 -.166655E+01 -.754031E+01 0.327926E+02
 0.456872E+01 -.288363E+01 -.165881E+01 -.796062E+01 0.327760E+02
 0.469054E+01 -.288468E+01 -.166171E+01 -.796670E+01 0.327770E+02
 0.480786E+01 -.286007E+01 -.167196E+01 -.798347E+01 0.381087E+02
 0.439612E+01 -.288404E+01 -.165853E+01 -.796757E+01 0.327782E+02
 0.480948E+01 -.288405E+01 -.166047E+01 -.734100E+01 0.327706E+02
 0.481399E+01 -.288411E+01 -.166161E+01 -.735804E+01 0.327753E+02
 0.478845E+01 -.288394E+01 -.166283E+01 -.793788E+01 0.327722E+02
 0.481249E+01 -.288418E+01 -.166992E+01 -.833293E+01 0.328235E+02
 0.472566E+01 -.288357E+01 -.166161E+01 -.824977E+01 0.327811E+02
 0.461321E+01 -.287884E+01 -.167897E+01 -.105480E+02 0.331142E+02
 0.481242E+01 -.287245E+01 -.166667E+01 -.786146E+01 0.339840E+02
 0.481119E+01 -.288902E+01 -.166199E+01 -.757500E+01 0.330159E+02
 0.480254E+01 -.288405E+01 -.166167E+01 -.793352E+01 0.327707E+02
 0.494366E+01 -.288728E+01 -.166202E+01 -.759398E+01 0.328734E+02
 0.479182E+01 -.288514E+01 -.164957E+01 -.789887E+01 0.328409E+02
 0.478349E+01 -.288438E+01 -.165982E+01 -.813194E+01 0.327724E+02
 0.476842E+01 -.288726E+01 -.165902E+01 -.797160E+01 0.328648E+02
 0.489648E+01 -.287874E+01 -.166384E+01 -.665789E+01 0.330217E+02
 0.480855E+01 -.287319E+01 -.163063E+01 -.786916E+01 0.346814E+02
 0.482804E+01 -.288413E+01 -.166058E+01 -.805966E+01 0.327809E+02
 0.491280E+01 -.288405E+01 -.166043E+01 -.791224E+01 0.327783E+02
 0.480225E+01 -.288397E+01 -.165433E+01 -.778104E+01 0.327943E+02
 0.481708E+01 -.288374E+01 -.165752E+01 -.808484E+01 0.327838E+02
 0.483838E+01 -.287896E+01 -.165953E+01 -.787767E+01 0.330581E+02
 0.473722E+01 -.288397E+01 -.166132E+01 -.793038E+01 0.327797E+02
 0.485653E+01 -.288474E+01 -.166637E+01 -.777420E+01 0.328073E+02
 0.489896E+01 -.286411E+01 -.164944E+01 -.807172E+01 0.368327E+02
 0.496216E+01 -.288397E+01 -.166157E+01 -.790622E+01 0.327719E+02
 0.483682E+01 -.288399E+01 -.166199E+01 -.763088E+01 0.328279E+02
 0.485231E+01 -.288369E+01 -.166059E+01 -.774939E+01 0.327757E+02
 0.392982E+01 -.289236E+01 -.150396E+01 -.576443E+01 0.438696E+02
 0.500000E+01 -.290836E+01 -.171813E+01 -.744970E+01 0.413556E+02
 0.476755E+01 -.288334E+01 -.166390E+01 -.784016E+01 0.327775E+02
 0.477115E+01 -.288987E+01 -.164661E+01 -.114737E+02 0.331299E+02
 0.480253E+01 -.288366E+01 -.166114E+01 -.789876E+01 0.327716E+02
 0.480732E+01 -.289725E+01 -.166195E+01 -.793075E+01 0.344117E+02
 0.480919E+01 -.288258E+01 -.166446E+01 -.808701E+01 0.327898E+02
 0.479975E+01 -.288414E+01 -.166152E+01 -.821660E+01 0.327708E+02
 0.480430E+01 -.288392E+01 -.165766E+01 -.795743E+01 0.327774E+02
 0.476503E+01 -.288594E+01 -.166210E+01 -.807130E+01 0.328072E+02
 0.469532E+01 -.288879E+01 -.166152E+01 -.851582E+01 0.329923E+02
 0.489572E+01 -.288387E+01 -.166156E+01 -.767926E+01 0.327704E+02
 0.475988E+01 -.288456E+01 -.166154E+01 -.754566E+01 0.327731E+02
 0.496260E+01 -.289650E+01 -.166078E+01 -.767602E+01 0.342282E+02
 0.488964E+01 -.288456E+01 -.166261E+01 -.755430E+01 0.327831E+02
 0.461382E+01 -.290229E+01 -.167634E+01 -.784384E+01 0.362835E+02
 0.480341E+01 -.289325E+01 -.170792E+01 -.770669E+01 0.352217E+02
 0.480327E+01 -.288273E+01 -.166162E+01 -.107500E+02 0.327854E+02
 0.479689E+01 -.288412E+01 -.166149E+01 -.776943E+01 0.327708E+02
 0.482741E+01 -.288427E+01 -.166089E+01 -.780721E+01 0.327784E+02
 0.479871E+01 -.288203E+01 -.166181E+01 -.919123E+01 0.328061E+02
 0.500000E+01 -.288389E+01 -.166179E+01 -.788754E+01 0.327764E+02
 0.496428E+01 -.288410E+01 -.161558E+01 -.798851E+01 0.338573E+02
 0.482786E+01 -.289309E+01 -.166120E+01 -.777135E+01 0.335714E+02
 0.483415E+01 -.288398E+01 -.166037E+01 -.714209E+01 0.327817E+02
 0.478439E+01 -.287445E+01 -.173224E+01 -.804094E+01 0.359824E+02
 0.493622E+01 -.288300E+01 -.167001E+01 -.817317E+01 0.328212E+02
 0.475352E+01 -.288468E+01 -.163710E+01 -.821220E+01 0.331138E+02
 0.476255E+01 -.288374E+01 -.165029E+01 -.771687E+01 0.328391E+02
 0.476892E+01 -.288358E+01 -.166005E+01 -.790335E+01 0.327734E+02
 0.482165E+01 -.288405E+01 -.166154E+01 -.810057E+01 0.327685E+02
 0.480263E+01 -.288413E+01 -.166130E+01 -.795403E+01 0.327707E+02
 0.446514E+01 -.286925E+01 -.166207E+01 -.748197E+01 0.348458E+02
 0.480491E+01 -.288362E+01 -.165477E+01 -.802636E+01 0.327961E+02
 0.490774E+01 -.288393E+01 -.165509E+01 -.763043E+01 0.327919E+02
 0.479377E+01 -.287346E+01 -.166581E+01 -.796580E+01 0.337950E+02
 0.494412E+01 -.289253E+01 -.162708E+01 -.790508E+01 0.338125E+02
 0.486554E+01 -.288403E+01 -.166154E+01 -.823106E+01 0.327794E+02
 0.479842E+01 -.288385E+01 -.166172E+01 -.795489E+01 0.327709E+02
 0.493940E+01 -.288436E+01 -.167668E+01 -.800639E+01 0.329219E+02
 0.480591E+01 -.288423E+01 -.166166E+01 -.822609E+01 0.327731E+02
 0.496432E+01 -.288406E+01 -.166222E+01 -.795531E+01 0.327757E+02
 0.488270E+01 -.288401E+01 -.166117E+01 -.825017E+01 0.327743E+02
 0.488854E+01 -.290039E+01 -.169444E+01 -.810391E+01 0.364068E+02
 0.498238E+01 -.288385E+01 -.166564E+01 -.789970E+01 0.327836E+02
 0.464232E+01 -.288401E+01 -.165706E+01 -.730353E+01 0.327964E+02
 0.478669E+01 -.289337E+01 -.166957E+01 -.860309E+01 0.337023E+02
 0.438285E+01 -.288481E+01 -.166063E+01 -.794288E+01 0.327837E+02
 0.500000E+01 -.288359E+01 -.166458E+01 -.788061E+01 0.327810E+02
 0.483110E+01 -.288408E+01 -.166168E+01 -.741315E+01 0.327849E+02
 0.500000E+01 -.288252E+01 -.166273E+01 -.795490E+01 0.327893E+02
 0.500000E+01 -.288387E+01 -.166109E+01 -.794224E+01 0.327762E+02
 0.482515E+01 -.288408E+01 -.167729E+01 -.797960E+01 0.329298E+02
 0.422215E+01 -.288377E+01 -.164004E+01 -.550000E+01 0.330281E+02
 0.481116E+01 -.288264E+01 -.167057E+01 -.777725E+01 0.328241E+02
 0.466460E+01 -.285001E+01 -.166151E+01 -.646357E+01 0.439180E+02
 0.489519E+01 -.288425E+01 -.166372E+01 -.792164E+01 0.327753E+02
 0.480500E+01 -.288377E+01 -.166433E+01 -.780341E+01 0.327721E+02
 0.454729E+01 -.287477E+01 -.165741E+01 -.783105E+01 0.336172E+02
 0.479830E+01 -.288425E+01 -.166091E+01 -.781463E+01 0.327711E+02
 0.489736E+01 -.288435E+01 -.166054E+01 -.844131E+01 0.328919E+02
 0.487223E+01 -.288382E+01 -.151875E+01 -.766665E+01 0.423788E+02
 0.478588E+01 -.288892E+01 -.168872E+01 -.774803E+01 0.335554E+02
 0.493655E+01 -.288934E+01 -.166178E+01 -.717632E+01 0.330528E+02
 0.492959E+01 -.288624E+01 -.166753E+01 -.779193E+01 0.328585E+02
 0.480314E+01 -.291816E+01 -.163351E+01 -.821364E+01 0.430245E+02
 0.483560E+01 -.288396E+01 -.166170E+01 -.816198E+01 0.327816E+02
 0.487830E+01 -.288406E+01 -.166343E+01 -.778980E+01 0.327803E+02
 0.490120E+01 -.288443E+01 -.166174E+01 -.761935E+01 0.327780E+02
 0.482039E+01 -.288060E+01 -.176609E+01 -.783658E+01 0.392838E+02
 0.481483E+01 -.288407E+01 -.166149E+01 -.773179E+01 0.327742E+02
 0.500000E+01 -.288434E+01 -.166936E+01 -.788169E+01 0.328113E+02
 0.480519E+01 -.288404E+01 -.166160E+01 -.789250E+01 0.327726E+02
 0.445105E+01 -.288357E+01 -.157751E+01 -.712923E+01 0.363549E+02
 0.473581E+01 -.288376E+01 -.162939E+01 -.745590E+01 0.333151E+02
 0.483747E+01 -.288355E+01 -.166309E+01 -.930587E+01 0.328287E+02
 0.470002E+01 -.288532E+01 -.165996E+01 -.813641E+01 0.327898E+02
 0.388336E+01 -.288424E+01 -.166636E+01 -.790070E+01 0.327885E+02
 0.492254E+01 -.291652E+01 -.165128E+01 -.800523E+01 0.422587E+02
 0.500000E+01 -.288362E+01 -.166084E+01 -.787128E+01 0.327756E+02
 0.478168E+01 -.288412E+01 -.166156E+01 -.868299E+01 0.327709E+02
 0.484981E+01 -.288965E+01 -.165685E+01 -.943215E+01 0.330712E+02
 0.492222E+01 -.288162E+01 -.168072E+01 -.832047E+01 0.330052E+02
 0.485730E+01 -.288445E+01 -.166489E+01 -.795442E+01 0.327926E+02
 0.491944E+01 -.288403E+01 -.166139E+01 -.762403E+01 0.327777E+02
 0.482477E+01 -.288388E+01 -.166133E+01 -.109138E+02 0.327775E+02
 0.485569E+01 -.288659E+01 -.165856E+01 -.156883E+02 0.328437E+02
 0.480718E+01 -.288202E+01 -.167618E+01 -.823906E+01 0.329102E+02
 0.483698E+01 -.288624E+01 -.166502E+01 -.782988E+01 0.328976E+02
 0.480054E+01 -.287803E+01 -.178117E+01 -.631285E+01 0.413500E+02
 0.478848E+01 -.288284E+01 -.166255E+01 -.826825E+01 0.327830E+02
 0.497909E+01 -.288403E+01 -.166109E+01 -.695469E+01 0.327711E+02
 0.484540E+01 -.287943E+01 -.169376E+01 -.741905E+01 0.334366E+02
 0.482318E+01 -.288402E+01 -.166147E+01 -.792781E+01 0.327778E+02
 0.499785E+01 -.288373E+01 -.165568E+01 -.802566E+01 0.327909E+02
 0.480082E+01 -.288891E+01 -.164374E+01 -.833510E+01 0.330817E+02
 0.491984E+01 -.288315E+01 -.166219E+01 -.794290E+01 0.327823E+02
 0.491177E+01 -.284943E+01 -.166164E+01 -.636698E+01 0.443387E+02
 0.314038E+01 -.288897E+01 -.165933E+01 -.766832E+01 0.330460E+02
 0.480160E+01 -.288366E+01 -.167092E+01 -.712821E+01 0.328240E+02
 0.478140E+01 -.288433E+01 -.167923E+01 -.809541E+01 0.329647E+02
 0.485732E+01 -.288493E+01 -.157594E+01 -.692004E+01 0.363655E+02
 0.480687E+01 -.288405E+01 -.166167E+01 -.799885E+01 0.327727E+02
 0.480266E+01 -.289861E+01 -.167807E+01 -.755653E+01 0.351256E+02
 0.478304E+01 -.288371E+01 -.166045E+01 -.734734E+01 0.327719E+02
 0.473683E+01 -.288348E+01 -.166575E+01 -.796397E+01 0.327879E+02
 0.480011E+01 -.288498E+01 -.166154E+01 -.755299E+01 0.327800E+02
 0.481317E+01 -.288813E+01 -.166728E+01 -.781218E+01 0.329843E+02
 0.471647E+01 -.288405E+01 -.165929E+01 -.795244E+01 0.327721E+02
 0.481029E+01 -.288405E+01 -.166185E+01 -.874401E+01 0.327728E+02
 0.500000E+01 -.288437E+01 -.166089E+01 -.807168E+01 0.327776E+02
 0.479191E+01 -.288411E+01 -.166293E+01 -.792685E+01 0.327727E+02
 0.480891E+01 -.288403E+01 -.166974E+01 -.772366E+01 0.328098E+02
 0.474211E+01 -.288414E+01 -.166178E+01 -.819223E+01 0.327729E+02
 0.500000E+01 -.287470E+01 -.159916E+01 -.765589E+01 0.360796E+02
 0.477195E+01 -.287480E+01 -.168293E+01 -.708299E+01 0.336548E+02
 0.480441E+01 -.288265E+01 -.166529E+01 -.803127E+01 0.327881E+02
 0.485341E+01 -.289304E+01 -.166199E+01 -.979398E+01 0.335609E+02
 0.480401E+01 -.288405E+01 -.166167E+01 -.795805E+01 0.327708E+02
 0.479215E+01 -.288138E+01 -.177433E+01 -.796670E+01 0.404505E+02
 0.456846E+01 -.288300E+01 -.166217E+01 -.781509E+01 0.327789E+02
 0.486479E+01 -.288484E+01 -.160351E+01 -.880931E+01 0.344538E+02
 0.480313E+01 -.288493E+01 -.165994E+01 -.796831E+01 0.327783E+02
 0.475646E+01 -.287845E+01 -.167096E+01 -.794430E+01 0.330828E+02
 0.490611E+01 -.286557E+01 -.166531E+01 -.614935E+01 0.359521E+02
 0.480118E+01 -.286940E+01 -.166306E+01 -.809701E+01 0.347834E+02
 0.496228E+01 -.288411E+01 -.166080E+01 -.785125E+01 0.327738E+02
 0.490302E+01 -.288409E+01 -.166378E+01 -.792900E+01 0.327772E+02
 0.480219E+01 -.288440E+01 -.165004E+01 -.792937E+01 0.328331E+02
 0.480474E+01 -.288447E+01 -.166328E+01 -.774273E+01 0.327721E+02
 0.482245E+01 -.288057E+01 -.162190E+01 -.813136E+01 0.338071E+02
 0.482870E+01 -.288409E+01 -.166202E+01 -.798201E+01 0.327781E+02
 0.495287E+01 -.288446E+01 -.166892E+01 -.817766E+01 0.328166E+02
 0.480608E+01 -.288135E+01 -.165352E+01 -.787676E+01 0.328868E+02
 0.493445E+01 -.288518E+01 -.166136E+01 -.808425E+01 0.327878E+02
 0.482402E+01 -.288404E+01 -.166193E+01 -.682544E+01 0.327785E+02
 0.486571E+01 -.288342E+01 -.166116E+01 -.809451E+01 0.327815E+02
 0.476382E+01 -.288395E+01 -.166163E+01 -.775941E+01 0.327722E+02
 0.481939E+01 -.288781E+01 -.166104E+01 -.888824E+01 0.329173E+02
 0.480280E+01 -.288394E+01 -.166135E+01 -.792129E+01 0.327705E+02
 0.458991E+01 -.287796E+01 -.163864E+01 -.759320E+01 0.335036E+02
 0.481177E+01 -.288700E+01 -.174110E+01 -.794003E+01 0.368985E+02
 0.480860E+01 -.288579E+01 -.166432E+01 -.767867E+01 0.328098E+02
 0.481817E+01 -.288398E+01 -.166178E+01 -.781957E+01 0.327742E+02
 0.480481E+01 -.288406E+01 -.166289E+01 -.793398E+01 0.327684E+02
 0.478132E+01 -.288349E+01 -.166189E+01 -.800212E+01 0.327731E+02
 0.483131E+01 -.289415E+01 -.166144E+01 -.883670E+01 0.337724E+02
 0.488695E+01 -.288410E+01 -.166152E+01 -.726094E+01 0.327757E+02
 0.473252E+01 -.288410E+01 -.166203E+01 -.740516E+01 0.327802E+02
 0.500000E+01 -.285146E+01 -.166293E+01 -.760634E+01 0.429808E+02
 0.484542E+01 -.288362E+01 -.166108E+01 -.788299E+01 0.327822E+02
 0.469332E+01 -.287616E+01 -.163763E+01 -.787375E+01 0.338123E+02
 0.480752E+01 -.290284E+01 -.153605E+01 -.794376E+01 0.417056E+02
 0.478867E+01 -.289188E+01 -.173626E+01 -.808491E+01 0.372480E+02
 0.479947E+01 -.288282E+01 -.166327E+01 -.116016E+02 0.327840E+02
 0.500000E+01 -.288398E+01 -.166185E+01 -.817097E+01 0.327763E+02
 0.478850E+01 -.288441E+01 -.165994E+01 -.684496E+01 0.327726E+02
 0.493138E+01 -.288288E+01 -.166185E+01 -.687702E+01 0.327837E+02
 0.448491E+01 -.288408E+01 -.166144E+01 -.839057E+01 0.327853E+02
 0.483439E+01 -.288405E+01 -.170406E+01 -.847770E+01 0.338401E+02
 0.482620E+01 -.288045E+01 -.166208E+01 -.794359E+01 0.328847E+02
 0.483453E+01 -.288397E+01 -.166050E+01 -.726943E+01 0.327816E+02
 0.484152E+01 -.287383E+01 -.166156E+01 -.808417E+01 0.337681E+02
 0.481758E+01 -.288314E+01 -.165994E+01 -.804951E+01 0.327812E+02
 0.471655E+01 -.288516E+01 -.165912E+01 -.799777E+01 0.327834E+02
 0.473752E+01 -.288396E+01 -.166234E+01 -.804547E+01 0.327802E+02
 0.488384E+01 -.288363E+01 -.166142E+01 -.798308E+01 0.327783E+02
 0.482068E+01 -.288405E+01 -.166166E+01 -.800535E+01 0.327685E+02
 0.482465E+01 -.288396E+01 -.165674E+01 -.804998E+01 0.327889E+02
 0.445357E+01 -.289549E+01 -.166222E+01 -.788337E+01 0.340375E+02
 0.480497E+01 -.288359E+01 -.166332E+01 -.799543E+01 0.327700E+02
 0.477554E+01 -.288486E+01 -.166443E+01 -.769607E+01 0.327862E+02
 0.481521E+01 -.288100E+01 -.166331E+01 -.789865E+01 0.328548E+02
 0.474859E+01 -.288401E+01 -.166167E+01 -.817948E+01 0.327725E+02
 0.477534E+01 -.288415E+01 -.166248E+01 -.803665E+01 0.327721E+02
 0.490926E+01 -.288389E+01 -.169173E+01 -.798777E+01 0.333077E+02
 0.482846E+01 -.288452E+01 -.166159E+01 -.793124E+01 0.327814E+02
 0.500000E+01 -.288415E+01 -.166221E+01 -.795429E+01 0.327712E+02
 0.492074E+01 -.288401E+01 -.166175E+01 -.830692E+01 0.327779E+02
 0.485647E+01 -.290341E+01 -.170566E+01 -.815038E+01 0.381974E+02
 0.497033E+01 -.288359E+01 -.165300E+01 -.797511E+01 0.328157E+02
 0.467725E+01 -.288418E+01 -.165789E+01 -.756374E+01 0.327797E+02
 0.476836E+01 -.288323E+01 -.166237E+01 -.550000E+01 0.327790E+02
 0.437811E+01 -.288389E+01 -.165996E+01 -.793319E+01 0.327776E+02
 0.478476E+01 -.288287E+01 -.166844E+01 -.846533E+01 0.328068E+02
 0.490142E+01 -.288311E+01 -.166167E+01 -.738598E+01 0.327882E+02
 0.454866E+01 -.287988E+01 -.166182E+01 -.785253E+01 0.329254E+02
 0.466060E+01 -.288447E+01 -.166014E+01 -.793958E+01 0.327743E+02
 0.481548E+01 -.288424E+01 -.166169E+01 -.793697E+01 0.327752E+02
 0.420213E+01 -.288373E+01 -.163775E+01 -.107500E+02 0.330720E+02
 0.483063E+01 -.288446E+01 -.165596E+01 -.836484E+01 0.327935E+02
 0.484224E+01 -.288421E+01 -.166123E+01 -.796827E+01 0.328296E+02
 0.468673E+01 -.288431E+01 -.166399E+01 -.778167E+01 0.327826E+02
 0.500000E+01 -.289468E+01 -.165943E+01 -.758377E+01 0.338268E+02
 0.438024E+01 -.289082E+01 -.165893E+01 -.793816E+01 0.332089E+02
 0.480571E+01 -.288334E+01 -.166092E+01 -.745729E+01 0.327749E+02
 0.494471E+01 -.288335E+01 -.166177E+01 -.783784E+01 0.327716E+02
 0.500000E+01 -.287945E+01 -.163072E+01 -.781437E+01 0.335832E+02
 0.500000E+01 -.288099E+01 -.166187E+01 -.832398E+01 0.328526E+02
 0.487104E+01 -.288318E+01 -.166112E+01 -.793981E+01 0.327843E+02
 0.476954E+01 -.290182E+01 -.165575E+01 -.588442E+01 0.356406E+02
 0.478586E+01 -.288391E+01 -.166198E+01 -.765444E+01 0.327711E+02
 0.473899E+01 -.288406E+01 -.166881E+01 -.692996E+01 0.328110E+02
 0.500000E+01 -.288416E+01 -.166187E+01 -.754576E+01 0.327769E+02
 0.500000E+01 -.288410E+01 -.166156E+01 -.790411E+01 0.327763E+02
 0.485696E+01 -.288034E+01 -.166113E+01 -.914102E+01 0.329022E+02
 0.480578E+01 -.288406E+01 -.166164E+01 -.793137E+01 0.327726E+02
 0.388475E+01 -.288388E+01 -.168157E+01 -.765712E+01 0.330058E+02
 0.477541E+01 -.289181E+01 -.168600E+01 -.797776E+01 0.338638E+02
 0.473917E+01 -.288259E+01 -.165736E+01 -.927406E+01 0.328028E+02
 0.480967E+01 -.288384E+01 -.165940E+01 -.798841E+01 0.327725E+02
 0.500000E+01 -.288711E+01 -.165800E+01 -.788929E+01 0.328632E+02
 0.475690E+01 -.288307E+01 -.180277E+01 -.764678E+01 0.453203E+02
 0.462224E+01 -.288362E+01 -.166156E+01 -.705059E+01 0.327812E+02
 0.479950E+01 -.288411E+01 -.166136E+01 -.760640E+01 0.327707E+02
 0.478312E+01 -.288203E+01 -.165363E+01 -.633508E+01 0.328488E+02
 0.495518E+01 -.288323E+01 -.168953E+01 -.705089E+01 0.332155E+02
 0.485051E+01 -.288386E+01 -.163352E+01 -.809963E+01 0.331812E+02
 0.488077E+01 -.288388E+01 -.166118E+01 -.776394E+01 0.327742E+02
 0.477286E+01 -.288131E+01 -.164349E+01 -.103340E+02 0.330468E+02
 0.484842E+01 -.288384E+01 -.166377E+01 -.109043E+02 0.327789E+02
 0.486561E+01 -.288275E+01 -.166235E+01 -.104383E+02 0.327930E+02
 0.481976E+01 -.288677E+01 -.165616E+01 -.839081E+01 0.328530E+02
 0.478972E+01 -.288417E+01 -.166299E+01 -.788968E+01 0.327731E+02
 0.477975E+01 -.288858E+01 -.163575E+01 -.675761E+01 0.332094E+02
 0.478401E+01 -.288417E+01 -.165996E+01 -.879076E+01 0.327714E+02
 0.489944E+01 -.288400E+01 -.166141E+01 -.870244E+01 0.327721E+02
 0.484327E+01 -.288241E+01 -.171216E+01 -.959956E+01 0.342371E+02
 0.482245E+01 -.288401E+01 -.166143E+01 -.796258E+01 0.327778E+02
 0.470745E+01 -.288362E+01 -.165755E+01 -.797252E+01 0.327829E+02
 0.480478E+01 -.288701E+01 -.167483E+01 -.808605E+01 0.329939E+02
 0.485598E+01 -.288306E+01 -.166180E+01 -.787148E+01 0.327873E+02
 0.460270E+01 -.288562E+01 -.166202E+01 -.684760E+01 0.328044E+02
 0.455448E+01 -.289606E+01 -.171593E+01 -.873569E+01 0.364923E+02
 0.480740E+01 -.288366E+01 -.167317E+01 -.804964E+01 0.328448E+02
 0.478781E+01 -.288444E+01 -.167287E+01 -.799064E+01 0.328561E+02
 0.476581E+01 -.288412E+01 -.155988E+01 -.709543E+01 0.378468E+02
 0.477631E+01 -.288408E+01 -.166159E+01 -.794160E+01 0.327709E+02
 0.480199E+01 -.288433E+01 -.160659E+01 -.760026E+01 0.342995E+02
 0.476302E+01 -.288356E+01 -.165591E+01 -.795654E+01 0.327936E+02
 0.500000E+01 -.288368E+01 -.166457E+01 -.796324E+01 0.327807E+02
 0.497743E+01 -.288441E+01 -.166153E+01 -.744065E+01 0.327732E+02
 0.481226E+01 -.289998E+01 -.166394E+01 -.779829E+01 0.352083E+02
 0.500000E+01 -.288406E+01 -.166312E+01 -.793699E+01 0.327725E+02
 0.483892E+01 -.288405E+01 -.166150E+01 -.822401E+01 0.328275E+02
 0.490758E+01 -.288415E+01 -.166204E+01 -.813209E+01 0.327751E+02
 0.482427E+01 -.288399E+01 -.166169E+01 -.791313E+01 0.327779E+02
 0.479254E+01 -.288393E+01 -.166535E+01 -.750591E+01 0.327803E+02
 0.481832E+01 -.288399E+01 -.166172E+01 -.787941E+01 0.327742E+02
 0.470191E+01 -.288320E+01 -.172894E+01 -.699056E+01 0.354367E+02
 0.487763E+01 -.287865E+01 -.168044E+01 -.693727E+01 0.331536E+02
 0.479861E+01 -.289063E+01 -.166066E+01 -.814953E+01 0.331785E+02
 0.486743E+01 -.287036E+01 -.166172E+01 -.111082E+02 0.345281E+02
 0.480641E+01 -.288405E+01 -.166170E+01 -.796666E+01 0.327726E+02
 0.484296E+01 -.288222E+01 -.166150E+01 -.782943E+01 0.328523E+02
 0.487735E+01 -.288509E+01 -.163674E+01 -.830651E+01 0.330832E+02
 0.480038E+01 -.288366E+01 -.166022E+01 -.784197E+01 0.327723E+02
 0.485399E+01 -.288492E+01 -.166942E+01 -.791375E+01 0.328278E+02
 0.491583E+01 -.287219E+01 -.165164E+01 -.704048E+01 0.342289E+02
 0.479593E+01 -.289129E+01 -.168402E+01 -.844385E+01 0.337165E+02
 0.500000E+01 -.288414E+01 -.166152E+01 -.772256E+01 0.327765E+02
 0.474486E+01 -.288403E+01 -.166426E+01 -.794451E+01 0.327779E+02
 0.480919E+01 -.288326E+01 -.165390E+01 -.839383E+01 0.328087E+02
 0.479547E+01 -.288452E+01 -.166567E+01 -.753231E+01 0.327868E+02
 0.480508E+01 -.288200E+01 -.166403E+01 -.826110E+01 0.328079E+02
 0.481815E+01 -.288404E+01 -.166218E+01 -.774596E+01 0.327782E+02
 0.486274E+01 -.288361E+01 -.165257E+01 -.800574E+01 0.328229E+02
 0.478503E+01 -.289917E+01 -.165321E+01 -.775018E+01 0.348331E+02
 0.482730E+01 -.288506E+01 -.166123E+01 -.815932E+01 0.327904E+02
 0.471581E+01 -.286201E+01 -.156988E+01 -.696456E+01 0.433092E+02
 0.491445E+01 -.288417E+01 -.166138E+01 -.781599E+01 0.327788E+02
 0.489325E+01 -.288370E+01 -.166344E+01 -.808923E+01 0.327715E+02
 0.361310E+01 -.288493E+01 -.174756E+01 -.847574E+01 0.373734E+02
 0.485342E+01 -.288443E+01 -.166005E+01 -.812700E+01 0.327800E+02
 0.481049E+01 -.287953E+01 -.166522E+01 -.680707E+01 0.329499E+02
 0.480294E+01 -.288436E+01 -.166163E+01 -.793265E+01 0.327720E+02
 0.481293E+01 -.287474E+01 -.171311E+01 -.796433E+01 0.346937E+02
 0.479943E+01 -.288686E+01 -.166044E+01 -.795895E+01 0.328458E+02
 0.478995E+01 -.288393E+01 -.166128E+01 -.785865E+01 0.327707E+02
 0.480525E+01 -.288417E+01 -.166540E+01 -.792284E+01 0.327798E+02
 0.480463E+01 -.288267E+01 -.166264E+01 -.789443E+01 0.327827E+02
 0.500000E+01 -.288192E+01 -.166127E+01 -.760329E+01 0.328156E+02
 0.482123E+01 -.288415E+01 -.166170E+01 -.781380E+01 0.327696E+02
 0.479695E+01 -.288378E+01 -.166183E+01 -.806162E+01 0.327712E+02
 0.493654E+01 -.287990E+01 -.166372E+01 -.798544E+01 0.329221E+02
 0.485676E+01 -.288318E+01 -.165972E+01 -.774059E+01 0.327866E+02
 0.419890E+01 -.290178E+01 -.161875E+01 -.800832E+01 0.359982E+02
 0.481710E+01 -.288967E+01 -.164302E+01 -.804085E+01 0.331685E+02
 0.482050E+01 -.288569E+01 -.166151E+01 -.644348E+01 0.328074E+02
 0.464732E+01 -.288381E+01 -.166194E+01 -.790135E+01 0.328173E+02
 0.479337E+01 -.288402E+01 -.166130E+01 -.691803E+01 0.327707E+02
 0.487240E+01 -.288565E+01 -.166214E+01 -.836815E+01 0.328108E+02
 0.452942E+01 -.288391E+01 -.166143E+01 -.819408E+01 0.327835E+02
 0.482229E+01 -.288419E+01 -.171649E+01 -.804922E+01 0.345798E+02
 0.481411E+01 -.287245E+01 -.166261E+01 -.789577E+01 0.340127E+02
 0.487204E+01 -.288439E+01 -.166022E+01 -.804276E+01 0.327813E+02
 0.479484E+01 -.287788E+01 -.161303E+01 -.806599E+01 0.345914E+02
 0.456977E+01 -.288391E+01 -.165703E+01 -.790039E+01 0.327835E+02
 0.480566E+01 -.288495E+01 -.167790E+01 -.777209E+01 0.329540E+02
 0.482044E+01 -.288397E+01 -.167092E+01 -.806278E+01 0.328318E+02
 0.490521E+01 -.288438E+01 -.166212E+01 -.784879E+01 0.327821E+02
 0.481607E+01 -.288405E+01 -.166177E+01 -.797860E+01 0.327744E+02
 0.482661E+01 -.288411E+01 -.166521E+01 -.798642E+01 0.327877E+02
 0.500000E+01 -.290611E+01 -.166144E+01 -.795477E+01 0.372935E+02
 0.480485E+01 -.288430E+01 -.166909E+01 -.790280E+01 0.328046E+02
 0.485658E+01 -.288449E+01 -.166897E+01 -.801216E+01 0.328228E+02
 0.482999E+01 -.288923E+01 -.165985E+01 -.789768E+01 0.330428E+02
 0.478519E+01 -.288404E+01 -.166170E+01 -.768508E+01 0.327709E+02
 0.481555E+01 -.288392E+01 -.166179E+01 -.801991E+01 0.327741E+02
 0.471660E+01 -.288226E+01 -.166107E+01 -.760573E+01 0.327984E+02
 0.482351E+01 -.288365E+01 -.166155E+01 -.776036E+01 0.327779E+02
 0.487919E+01 -.288416E+01 -.166142E+01 -.794969E+01 0.327776E+02
 0.483629E+01 -.288400E+01 -.166215E+01 -.688696E+01 0.327822E+02
 0.450792E+01 -.289967E+01 -.170027E+01 -.803388E+01 0.364823E+02
 0.474078E+01 -.288406E+01 -.166068E+01 -.798837E+01 0.327724E+02
 0.494265E+01 -.288419E+01 -.166285E+01 -.735966E+01 0.327697E+02
 0.477475E+01 -.287579E+01 -.165596E+01 -.720615E+01 0.334637E+02
 0.461910E+01 -.288420E+01 -.166352E+01 -.787223E+01 0.327844E+02
 0.482164E+01 -.288352E+01 -.165103E+01 -.711214E+01 0.328363E+02
 0.498169E+01 -.288379E+01 -.166159E+01 -.847687E+01 0.327713E+02
 0.499899E+01 -.288399E+01 -.165846E+01 -.770243E+01 0.327783E+02
 0.478272E+01 -.288463E+01 -.166063E+01 -.794495E+01 0.327742E+02
 0.478439E+01 -.288419E+01 -.164932E+01 -.793372E+01 0.328419E+02
 0.475390E+01 -.288386E+01 -.166443E+01 -.108614E+02 0.328084E+02
 0.482927E+01 -.288552E+01 -.164933E+01 -.868596E+01 0.328675E+02
 0.500000E+01 -.288414E+01 -.166113E+01 -.798920E+01 0.327764E+02
 0.470751E+01 -.288398E+01 -.166384E+01 -.778814E+01 0.327780E+02
 0.378756E+01 -.291438E+01 -.166001E+01 -.820535E+01 0.411895E+02
 0.469515E+01 -.289039E+01 -.166631E+01 -.823017E+01 0.332043E+02
 0.456085E+01 -.289733E+01 -.166221E+01 -.820312E+01 0.344527E+02
 0.480733E+01 -.288475E+01 -.166121E+01 -.787742E+01 0.327777E+02
 0.486535E+01 -.288353E+01 -.166138E+01 -.730291E+01 0.327806E+02
 0.458956E+01 -.288110E+01 -.162930E+01 -.794366E+01 0.334666E+02
 0.494126E+01 -.287798E+01 -.166194E+01 -.851916E+01 0.331056E+02
 0.482614E+01 -.288187E+01 -.165390E+01 -.815134E+01 0.328624E+02
 0.488508E+01 -.288400E+01 -.166154E+01 -.718491E+01 0.327755E+02
 0.359880E+01 -.288407E+01 -.165397E+01 -.740029E+01 0.328052E+02
 0.466659E+01 -.288358E+01 -.166202E+01 -.791266E+01 0.327800E+02
 0.467348E+01 -.288407E+01 -.166147E+01 -.792960E+01 0.327801E+02
 0.482431E+01 -.288195E+01 -.166127E+01 -.746969E+01 0.328112E+02
 0.479819E+01 -.288406E+01 -.166148E+01 -.785536E+01 0.327706E+02
 0.431487E+01 -.288497E+01 -.175070E+01 -.913453E+01 0.377150E+02
 0.481527E+01 -.288747E+01 -.172206E+01 -.744369E+01 0.352653E+02
 0.473519E+01 -.288374E+01 -.166305E+01 -.915928E+01 0.327810E+02
 0.489177E+01 -.288297E+01 -.165912E+01 -.784547E+01 0.328268E+02
 0.412176E+01 -.288429E+01 -.165888E+01 -.792676E+01 0.327858E+02
 0.466513E+01 -.288368E+01 -.166203E+01 -.749787E+01 0.327733E+02
 0.481394E+01 -.288407E+01 -.166136E+01 -.679666E+01 0.327751E+02
 0.477224E+01 -.287887E+01 -.166417E+01 -.575715E+01 0.330121E+02
 0.488839E+01 -.288483E+01 -.168155E+01 -.719816E+01 0.330391E+02
 0.480464E+01 -.288377E+01 -.167104E+01 -.782826E+01 0.328195E+02
 0.474821E+01 -.288386E+01 -.166156E+01 -.786314E+01 0.327725E+02
 0.475786E+01 -.288409E+01 -.165960E+01 -.802463E+01 0.327727E+02
 0.481627E+01 -.288141E+01 -.166443E+01 -.550000E+01 0.328378E+02
 0.482821E+01 -.288827E+01 -.164419E+01 -.837159E+01 0.330452E+02
 0.476238E+01 -.288251E+01 -.165953E+01 -.796987E+01 0.327986E+02
 0.484784E+01 -.288611E+01 -.153263E+01 -.871530E+01 0.405153E+02
 0.481284E+01 -.288504E+01 -.166005E+01 -.865449E+01 0.327868E+02
 0.476201E+01 -.288397E+01 -.166181E+01 -.897462E+01 0.327724E+02
 0.481523E+01 -.288558E+01 -.168633E+01 -.874344E+01 0.331936E+02
 0.481972E+01 -.288412E+01 -.166162E+01 -.797215E+01 0.327744E+02
 0.466815E+01 -.288365E+01 -.166649E+01 -.793089E+01 0.327935E+02
 0.480102E+01 -.288010E+01 -.165902E+01 -.794581E+01 0.329241E+02
 0.484196E+01 -.288305E+01 -.166185E+01 -.769253E+01 0.328340E+02
 0.457475E+01 -.291101E+01 -.166212E+01 -.828115E+01 0.395253E+02
 0.496172E+01 -.288281E+01 -.171025E+01 -.714145E+01 0.341253E+02
 0.478893E+01 -.288485E+01 -.166627E+01 -.789329E+01 0.327960E+02
 0.479612E+01 -.288407E+01 -.164180E+01 -.805898E+01 0.329664E+02
 0.469263E+01 -.288098E+01 -.171295E+01 -.750090E+01 0.342729E+02
 0.475628E+01 -.288409E+01 -.166163E+01 -.790163E+01 0.328011E+02
 0.480361E+01 -.287586E+01 -.163586E+01 -.770110E+01 0.339231E+02
 0.478133E+01 -.288360E+01 -.165853E+01 -.758932E+01 0.327752E+02
 0.457238E+01 -.288417E+01 -.166043E+01 -.797040E+01 0.327764E+02
 0.500000E+01 -.288266E+01 -.166170E+01 -.774662E+01 0.327920E+02
 0.480655E+01 -.287330E+01 -.166835E+01 -.784936E+01 0.338144E+02
 0.441622E+01 -.288405E+01 -.166069E+01 -.794106E+01 0.327783E+02
 0.485567E+01 -.288405E+01 -.166035E+01 -.738329E+01 0.327797E+02
 0.481860E+01 -.288366E+01 -.166280E+01 -.786673E+01 0.327791E+02
 0.483077E+01 -.288396E+01 -.166136E+01 -.792166E+01 0.327772E+02
 0.479355E+01 -.288397E+01 -.165021E+01 -.795189E+01 0.328328E+02
 0.485267E+01 -.288367E+01 -.166162E+01 -.751856E+01 0.327715E+02
 0.459398E+01 -.288695E+01 -.169736E+01 -.745943E+01 0.337079E+02
 0.458820E+01 -.288897E+01 -.167534E+01 -.897062E+01 0.331956E+02
 0.480387E+01 -.288727E+01 -.165815E+01 -.792406E+01 0.328672E+02
 0.479840E+01 -.285871E+01 -.166173E+01 -.963573E+01 0.389241E+02
 0.480712E+01 -.288405E+01 -.166170E+01 -.793266E+01 0.327727E+02
 0.492811E+01 -.288498E+01 -.166101E+01 -.786737E+01 0.327832E+02
 0.486734E+01 -.288567E+01 -.169631E+01 -.698875E+01 0.335713E+02
 0.479948E+01 -.288325E+01 -.166178E+01 -.787132E+01 0.327757E+02
 0.490715E+01 -.288818E+01 -.165870E+01 -.792766E+01 0.329358E+02
 0.476401E+01 -.290570E+01 -.165799E+01 -.720109E+01 0.370352E+02
 0.480701E+01 -.290523E+01 -.163377E+01 -.789762E+01 0.368321E+02
 0.492330E+01 -.288417E+01 -.166105E+01 -.780283E+01 0.327773E+02
 0.467888E+01 -.288392E+01 -.166125E+01 -.790834E+01 0.327741E+02
 0.481261E+01 -.288259E+01 -.167101E+01 -.822911E+01 0.328333E+02
 0.479668E+01 -.288424E+01 -.166355E+01 -.822387E+01 0.327749E+02
 0.479163E+01 -.288337E+01 -.169524E+01 -.806189E+01 0.334206E+02
 0.471185E+01 -.288402E+01 -.166191E+01 -.759697E+01 0.327755E+02
 0.475289E+01 -.288360E+01 -.164745E+01 -.761373E+01 0.329214E+02
 0.484798E+01 -.287450E+01 -.165429E+01 -.789135E+01 0.337553E+02
 0.481364E+01 -.288361E+01 -.166143E+01 -.799949E+01 0.327756E+02
 0.498765E+01 -.288409E+01 -.166150E+01 -.860571E+01 0.327762E+02
 0.486689E+01 -.288394E+01 -.166314E+01 -.790422E+01 0.327827E+02
 0.480111E+01 -.288409E+01 -.166461E+01 -.801720E+01 0.327776E+02
 0.480086E+01 -.287783E+01 -.166636E+01 -.851775E+01 0.331189E+02
 0.480016E+01 -.288379E+01 -.166176E+01 -.785565E+01 0.327710E+02
 0.432381E+01 -.285509E+01 -.163713E+01 -.811309E+01 0.417591E+02
 0.480498E+01 -.287204E+01 -.161052E+01 -.797173E+01 0.360066E+02
 0.479373E+01 -.288508E+01 -.165869E+01 -.846307E+01 0.327807E+02
 0.477710E+01 -.288417E+01 -.166095E+01 -.806307E+01 0.327709E+02
 0.480515E+01 -.288407E+01 -.165955E+01 -.792499E+01 0.327718E+02
 0.476990E+01 -.288380E+01 -.166290E+01 -.774389E+01 0.327725E+02
 0.476295E+01 -.287612E+01 -.166136E+01 -.700928E+01 0.333699E+02
 0.475578E+01 -.288419E+01 -.166183E+01 -.840045E+01 0.328017E+02
 0.479455E+01 -.288454E+01 -.166148E+01 -.816726E+01 0.327736E+02
 0.483832E+01 -.290279E+01 -.166146E+01 -.825888E+01 0.361662E+02
 0.486374E+01 -.288429E+01 -.166135E+01 -.766955E+01 0.327806E+02
 0.425485E+01 -.289317E+01 -.174202E+01 -.788314E+01 0.381716E+02
 0.482375E+01 -.288241E+01 -.158144E+01 -.798195E+01 0.361105E+02
 0.483520E+01 -.288545E+01 -.165982E+01 -.550000E+01 0.328059E+02
 0.463360E+01 -.288399E+01 -.166170E+01 -.741292E+01 0.327756E+02
 0.481446E+01 -.288381E+01 -.166174E+01 -.790576E+01 0.327750E+02
 0.473674E+01 -.288452E+01 -.166195E+01 -.973292E+01 0.327810E+02
 0.482167E+01 -.288383E+01 -.166195E+01 -.789067E+01 0.327698E+02
 0.482016E+01 -.288446E+01 -.161791E+01 -.760325E+01 0.337343E+02
 0.483996E+01 -.289564E+01 -.166175E+01 -.785694E+01 0.341378E+02
 0.487111E+01 -.288431E+01 -.166004E+01 -.813719E+01 0.327809E+02
 0.477078E+01 -.288185E+01 -.164403E+01 -.787541E+01 0.330030E+02
 0.440874E+01 -.288507E+01 -.166856E+01 -.784339E+01 0.328389E+02
 0.475478E+01 -.288456E+01 -.166353E+01 -.790836E+01 0.328074E+02
 0.483278E+01 -.288383E+01 -.166103E+01 -.773576E+01 0.327766E+02
 0.477436E+01 -.288463E+01 -.166120E+01 -.786114E+01 0.327744E+02
 0.480754E+01 -.288406E+01 -.166173E+01 -.809800E+01 0.327727E+02
 0.477052E+01 -.288421E+01 -.166799E+01 -.792487E+01 0.328004E+02
 0.464110E+01 -.287912E+01 -.166128E+01 -.795831E+01 0.329948E+02
 0.480474E+01 -.288399E+01 -.166473E+01 -.788842E+01 0.327745E+02
 0.500000E+01 -.288376E+01 -.166416E+01 -.771947E+01 0.327751E+02
 0.482641E+01 -.288449E+01 -.165954E+01 -.792952E+01 0.327825E+02
 0.481525E+01 -.288710E+01 -.170608E+01 -.790812E+01 0.341626E+02
 0.498464E+01 -.288403E+01 -.166158E+01 -.785166E+01 0.327712E+02
 0.482771E+01 -.288379E+01 -.166114E+01 -.793450E+01 0.327770E+02
 0.464879E+01 -.288298E+01 -.163844E+01 -.755278E+01 0.330819E+02
 0.480560E+01 -.288389E+01 -.166156E+01 -.871127E+01 0.327725E+02
 0.491479E+01 -.288413E+01 -.166168E+01 -.794967E+01 0.327788E+02
 0.477353E+01 -.288398E+01 -.166207E+01 -.813364E+01 0.327712E+02
 0.431384E+01 -.287646E+01 -.168306E+01 -.770550E+01 0.334242E+02
 0.465760E+01 -.288441E+01 -.166747E+01 -.795981E+01 0.328562E+02
 0.499055E+01 -.288419E+01 -.166520E+01 -.735187E+01 0.327851E+02
 0.479881E+01 -.287838E+01 -.165245E+01 -.853105E+01 0.331537E+02
 0.459146E+01 -.288465E+01 -.166366E+01 -.792893E+01 0.327839E+02
 0.489481E+01 -.288461E+01 -.164618E+01 -.675067E+01 0.329395E+02
 0.488955E+01 -.288392E+01 -.166133E+01 -.820967E+01 0.327758E+02
 0.500000E+01 -.288722E+01 -.165688E+01 -.776319E+01 0.328706E+02
 0.500000E+01 -.288420E+01 -.166208E+01 -.795003E+01 0.327772E+02
 0.477601E+01 -.288428E+01 -.165295E+01 -.794575E+01 0.328030E+02
 0.450328E+01 -.288403E+01 -.168123E+01 -.588902E+01 0.330044E+02
 0.481729E+01 -.288273E+01 -.166266E+01 -.796840E+01 0.327903E+02
 0.443021E+01 -.291751E+01 -.166182E+01 -.755267E+01 0.431051E+02
 0.469817E+01 -.288406E+01 -.166179E+01 -.796941E+01 0.327752E+02
 0.489336E+01 -.288371E+01 -.166168E+01 -.781686E+01 0.327690E+02
 0.327715E+01 -.290415E+01 -.166295E+01 -.853147E+01 0.365463E+02
 0.408439E+01 -.287727E+01 -.166438E+01 -.794348E+01 0.331892E+02
 0.480785E+01 -.288510E+01 -.166206E+01 -.825325E+01 0.327852E+02
 0.481666E+01 -.288412E+01 -.166069E+01 -.725385E+01 0.327744E+02
 0.447317E+01 -.289047E+01 -.170224E+01 -.784666E+01 0.343865E+02
 0.496917E+01 -.288311E+01 -.166190E+01 -.690825E+01 0.327860E+02
 0.482705E+01 -.288538E+01 -.166220E+01 -.812169E+01 0.328004E+02
 0.477413E+01 -.285464E+01 -.161484E+01 -.926653E+01 0.434897E+02
 0.487462E+01 -.289585E+01 -.166115E+01 -.965720E+01 0.341010E+02
 0.495023E+01 -.288409E+01 -.166082E+01 -.761581E+01 0.327749E+02
 0.465021E+01 -.288405E+01 -.164675E+01 -.850124E+01 0.328894E+02
 0.479700E+01 -.288382E+01 -.166197E+01 -.792758E+01 0.327711E+02
 0.500000E+01 -.287956E+01 -.177670E+01 -.780482E+01 0.407104E+02
 0.474569E+01 -.288408E+01 -.166151E+01 -.781845E+01 0.327725E+02
 0.479061E+01 -.288563E+01 -.166665E+01 -.631283E+01 0.328211E+02
 0.479449E+01 -.288405E+01 -.166141E+01 -.779440E+01 0.327707E+02
 0.490071E+01 -.288433E+01 -.171068E+01 -.102445E+02 0.342126E+02
 0.477609E+01 -.287781E+01 -.164994E+01 -.699763E+01 0.332620E+02
 0.478979E+01 -.288467E+01 -.166605E+01 -.931817E+01 0.327913E+02
 0.491089E+01 -.288369E+01 -.166124E+01 -.795398E+01 0.327729E+02
 0.360998E+01 -.288197E+01 -.166334E+01 -.796503E+01 0.328171E+02
 0.484708E+01 -.288663E+01 -.160723E+01 -.778124E+01 0.342224E+02
 0.500000E+01 -.288433E+01 -.166101E+01 -.817003E+01 0.327772E+02
 0.480079E+01 -.288406E+01 -.166146E+01 -.745298E+01 0.327706E+02
 0.478897E+01 -.287940E+01 -.166956E+01 -.105060E+02 0.329770E+02
 0.480365E+01 -.288314E+01 -.166587E+01 -.808223E+01 0.327820E+02
 0.479251E+01 -.288445E+01 -.168977E+01 -.775876E+01 0.332496E+02
 0.494055E+01 -.288393E+01 -.166168E+01 -.755038E+01 0.327748E+02
 0.479656E+01 -.290467E+01 -.165895E+01 -.777408E+01 0.366759E+02
 0.475156E+01 -.288406E+01 -.165647E+01 -.899510E+01 0.328167E+02
 0.477978E+01 -.288392E+01 -.166481E+01 -.107500E+02 0.327780E+02
 0.478942E+01 -.288891E+01 -.167043E+01 -.820987E+01 0.330877E+02
 0.480813E+01 -.288527E+01 -.166170E+01 -.788577E+01 0.327883E+02
 0.484626E+01 -.287692E+01 -.158219E+01 -.716326E+01 0.368776E+02
 0.482184E+01 -.288407E+01 -.166093E+01 -.829402E+01 0.327693E+02
 0.490189E+01 -.288400E+01 -.166145E+01 -.865416E+01 0.327802E+02
 0.479075E+01 -.288308E+01 -.162764E+01 -.761089E+01 0.333978E+02
 0.480954E+01 -.288406E+01 -.166183E+01 -.796222E+01 0.327728E+02
 0.471365E+01 -.288383E+01 -.166132E+01 -.795294E+01 0.327776E+02
 0.480163E+01 -.288400E+01 -.163701E+01 -.832974E+01 0.330818E+02
 0.482492E+01 -.288485E+01 -.166190E+01 -.777932E+01 0.327879E+02
 0.456381E+01 -.288844E+01 -.166175E+01 -.876003E+01 0.329639E+02
 0.346172E+01 -.288018E+01 -.161207E+01 -.649260E+01 0.343282E+02
 0.479225E+01 -.288456E+01 -.165717E+01 -.765004E+01 0.327785E+02
 0.479412E+01 -.288373E+01 -.164685E+01 -.813212E+01 0.328817E+02
 0.475602E+01 -.287949E+01 -.178766E+01 -.705955E+01 0.424029E+02
 0.481965E+01 -.288406E+01 -.166168E+01 -.796806E+01 0.327742E+02
 0.480790E+01 -.288950E+01 -.167005E+01 -.746033E+01 0.331374E+02
 0.482438E+01 -.288430E+01 -.166414E+01 -.755075E+01 0.327857E+02
 0.476770E+01 -.288437E+01 -.166187E+01 -.797388E+01 0.327725E+02
 0.474612E+01 -.288250E+01 -.166176E+01 -.782162E+01 0.327920E+02
 0.480253E+01 -.287215E+01 -.166270E+01 -.795664E+01 0.340924E+02
 0.438790E+01 -.288404E+01 -.165893E+01 -.795570E+01 0.327800E+02
 0.493755E+01 -.288405E+01 -.166126E+01 -.758160E+01 0.327749E+02
 0.497473E+01 -.288394E+01 -.166224E+01 -.761502E+01 0.327763E+02
 0.482249E+01 -.288402E+01 -.166241E+01 -.795291E+01 0.327789E+02
 0.480784E+01 -.288416E+01 -.165300E+01 -.780989E+01 0.328053E+02
 0.478514E+01 -.288386E+01 -.166159E+01 -.765977E+01 0.327709E+02
 0.500000E+01 -.287799E+01 -.165558E+01 -.761438E+01 0.331591E+02
 0.453439E+01 -.288140E+01 -.167062E+01 -.124187E+02 0.328679E+02
 0.480902E+01 -.287913E+01 -.166130E+01 -.790237E+01 0.329966E+02
 0.483366E+01 -.288769E+01 -.166168E+01 -.582127E+01 0.329146E+02
 0.480392E+01 -.288405E+01 -.166168E+01 -.793395E+01 0.327708E+02
 0.478956E+01 -.288912E+01 -.173341E+01 -.787018E+01 0.364517E+02
 0.464803E+01 -.288605E+01 -.166117E+01 -.786864E+01 0.328599E+02
 0.484174E+01 -.288418E+01 -.170565E+01 -.706452E+01 0.339329E+02
 0.480594E+01 -.288456E+01 -.166084E+01 -.796632E+01 0.327753E+02
 0.486945E+01 -.288869E+01 -.165520E+01 -.796587E+01 0.329870E+02
 0.470165E+01 -.289813E+01 -.166490E+01 -.603497E+01 0.346842E+02
 0.480894E+01 -.287505E+01 -.163639E+01 -.767947E+01 0.340627E+02
 0.480405E+01 -.288417E+01 -.166081E+01 -.801470E+01 0.327709E+02
 0.492812E+01 -.288395E+01 -.165993E+01 -.788772E+01 0.327740E+02
 0.481490E+01 -.288401E+01 -.166027E+01 -.809240E+01 0.327742E+02
 0.481095E+01 -.288383E+01 -.166121E+01 -.784761E+01 0.327710E+02
 0.480820E+01 -.288308E+01 -.167490E+01 -.794410E+01 0.328760E+02
 0.465072E+01 -.288396E+01 -.166140E+01 -.753574E+01 0.327812E+02
 0.472463E+01 -.288436E+01 -.167482E+01 -.748438E+01 0.328875E+02
 0.491648E+01 -.287041E+01 -.165971E+01 -.801508E+01 0.345287E+02
 0.480998E+01 -.288278E+01 -.166176E+01 -.791728E+01 0.327861E+02
 0.497844E+01 -.288401E+01 -.166215E+01 -.728674E+01 0.327732E+02
 0.476461E+01 -.288387E+01 -.166230E+01 -.787260E+01 0.327728E+02
 0.261087E+01 -.289147E+01 -.151565E+01 -.700176E+01 0.422210E+02
 0.476533E+01 -.288336E+01 -.166298E+01 -.778666E+01 0.327772E+02
 0.479807E+01 -.288111E+01 -.165331E+01 -.103715E+02 0.329015E+02
 0.479832E+01 -.288343E+01 -.166166E+01 -.787068E+01 0.327735E+02
 0.481228E+01 -.288069E+01 -.162536E+01 -.793186E+01 0.336554E+02
 0.480960E+01 -.288203E+01 -.165836E+01 -.806745E+01 0.328162E+02
 0.480544E+01 -.288412E+01 -.166143E+01 -.802953E+01 0.327726E+02
 0.480472E+01 -.288398E+01 -.166002E+01 -.794896E+01 0.327713E+02
 0.478939E+01 -.288516E+01 -.166161E+01 -.766186E+01 0.327839E+02
 0.468496E+01 -.288235E+01 -.166161E+01 -.708331E+01 0.327997E+02
 0.473924E+01 -.288416E+01 -.166180E+01 -.840201E+01 0.327729E+02
 0.477782E+01 -.288489E+01 -.166164E+01 -.786981E+01 0.327787E+02
 0.477801E+01 -.287136E+01 -.166127E+01 -.842559E+01 0.342917E+02
 0.484082E+01 -.288453E+01 -.166277E+01 -.770524E+01 0.328355E+02
 0.425506E+01 -.287741E+01 -.171298E+01 -.785701E+01 0.344240E+02
 0.479618E+01 -.288081E+01 -.160295E+01 -.797157E+01 0.347792E+02
 0.481646E+01 -.288284E+01 -.166098E+01 -.923069E+01 0.327851E+02
 0.500000E+01 -.288411E+01 -.166151E+01 -.751887E+01 0.327763E+02
 0.483070E+01 -.288413E+01 -.166195E+01 -.838784E+01 0.327783E+02
 0.479596E+01 -.288234E+01 -.166188E+01 -.951906E+01 0.327957E+02
 0.498674E+01 -.288392E+01 -.166213E+01 -.703316E+01 0.327765E+02
 0.494055E+01 -.288485E+01 -.163578E+01 -.772311E+01 0.331025E+02
 0.485870E+01 -.289200E+01 -.166130E+01 -.788676E+01 0.333894E+02
 0.497393E+01 -.288417E+01 -.165969E+01 -.714503E+01 0.327755E+02
 0.478328E+01 -.288590E+01 -.168940E+01 -.779326E+01 0.333100E+02
 0.464343E+01 -.288443E+01 -.166335E+01 -.810406E+01 0.327933E+02
 0.472447E+01 -.288463E+01 -.164971E+01 -.809095E+01 0.328526E+02
 0.480788E+01 -.288394E+01 -.165444E+01 -.782436E+01 0.327950E+02
 0.500000E+01 -.288353E+01 -.166006E+01 -.787281E+01 0.327772E+02
 0.480980E+01 -.288405E+01 -.166160E+01 -.807532E+01 0.327726E+02
 0.479283E+01 -.288412E+01 -.166428E+01 -.790974E+01 0.327766E+02
 0.500000E+01 -.286609E+01 -.166211E+01 -.781710E+01 0.358185E+02
 0.480467E+01 -.288341E+01 -.165548E+01 -.799389E+01 0.327943E+02
 0.476247E+01 -.288330E+01 -.165932E+01 -.782735E+01 0.327810E+02
 0.479741E+01 -.288032E+01 -.165997E+01 -.797408E+01 0.329032E+02
 0.500000E+01 -.288396E+01 -.166148E+01 -.834112E+01 0.327761E+02
 0.479910E+01 -.288407E+01 -.166170E+01 -.789089E+01 0.327708E+02
 0.480091E+01 -.290017E+01 -.162105E+01 -.832720E+01 0.354880E+02
 0.476480E+01 -.288375E+01 -.163032E+01 -.759483E+01 0.332893E+02
 0.481052E+01 -.288426E+01 -.166166E+01 -.834439E+01 0.327733E+02
 0.488034E+01 -.288407E+01 -.166265E+01 -.794955E+01 0.327787E+02
 0.477967E+01 -.288396E+01 -.166116E+01 -.839370E+01 0.327707E+02
 0.485027E+01 -.286577E+01 -.164596E+01 -.746239E+01 0.364615E+02
 0.474166E+01 -.288393E+01 -.166764E+01 -.793399E+01 0.327954E+02
 0.480895E+01 -.288414E+01 -.166235E+01 -.783902E+01 0.327736E+02
 0.480919E+01 -.288841E+01 -.166529E+01 -.717622E+01 0.329768E+02
 0.403523E+01 -.288450E+01 -.166265E+01 -.791565E+01 0.327861E+02
 0.488147E+01 -.288423E+01 -.166138E+01 -.751220E+01 0.327752E+02
 0.479050E+01 -.288375E+01 -.166147E+01 -.787042E+01 0.327712E+02
 0.474771E+01 -.288502E+01 -.166362E+01 -.801515E+01 0.327884E+02
 0.476694E+01 -.288385E+01 -.166249E+01 -.793750E+01 0.327717E+02
 0.478334E+01 -.288438E+01 -.166710E+01 -.796438E+01 0.327939E+02
 0.380621E+01 -.288414E+01 -.166003E+01 -.550000E+01 0.327835E+02
 0.479269E+01 -.288138E+01 -.167264E+01 -.740694E+01 0.328839E+02
 0.468106E+01 -.289542E+01 -.165484E+01 -.729534E+01 0.339551E+02
 0.482702E+01 -.288414E+01 -.166241E+01 -.794134E+01 0.327789E+02
 0.492288E+01 -.288355E+01 -.166004E+01 -.801050E+01 0.327763E+02
 0.477715E+01 -.286960E+01 -.166460E+01 -.778496E+01 0.347118E+02
 0.488383E+01 -.290252E+01 -.165915E+01 -.821700E+01 0.359455E+02
 0.376231E+01 -.287760E+01 -.166107E+01 -.785434E+01 0.331610E+02
 0.479038E+01 -.288326E+01 -.166129E+01 -.798494E+01 0.327756E+02
 0.488547E+01 -.288422E+01 -.166102E+01 -.784903E+01 0.327761E+02
 0.484806E+01 -.288430E+01 -.153441E+01 -.788837E+01 0.404666E+02
 0.447423E+01 -.288596E+01 -.171793E+01 -.765732E+01 0.347918E+02
 0.499240E+01 -.288773E+01 -.166168E+01 -.725130E+01 0.329083E+02
 0.489206E+01 -.288671E+01 -.166589E+01 -.788936E+01 0.328622E+02
 0.484492E+01 -.288407E+01 -.166108E+01 -.821844E+01 0.328062E+02
 0.500000E+01 -.288405E+01 -.164920E+01 -.814758E+01 0.328495E+02
 0.500000E+01 -.288421E+01 -.166180E+01 -.784000E+01 0.327769E+02
 0.492669E+01 -.288195E+01 -.177652E+01 -.767558E+01 0.408157E+02
 0.500000E+01 -.288406E+01 -.166165E+01 -.738000E+01 0.327764E+02
 0.478613E+01 -.288714E+01 -.166725E+01 -.891993E+01 0.329014E+02
 0.480825E+01 -.288405E+01 -.166177E+01 -.783868E+01 0.327727E+02
 0.489670E+01 -.288348E+01 -.164106E+01 -.968946E+01 0.330503E+02
 0.475173E+01 -.287226E+01 -.163067E+01 -.750784E+01 0.349272E+02
 0.497444E+01 -.288489E+01 -.166179E+01 -.838412E+01 0.327855E+02
 0.483772E+01 -.288480E+01 -.166302E+01 -.803168E+01 0.328397E+02
 0.399544E+01 -.288207E+01 -.166075E+01 -.795982E+01 0.328126E+02
 0.479224E+01 -.288412E+01 -.166069E+01 -.829458E+01 0.327708E+02
 0.479309E+01 -.288405E+01 -.166185E+01 -.830314E+01 0.327709E+02
 0.482867E+01 -.288255E+01 -.166464E+01 -.872157E+01 0.327961E+02
 0.473961E+01 -.288270E+01 -.164764E+01 -.858679E+01 0.329024E+02
 0.480230E+01 -.288472E+01 -.167003E+01 -.798254E+01 0.328273E+02
 0.493166E+01 -.288405E+01 -.166147E+01 -.772089E+01 0.327724E+02
 0.482729E+01 -.288400E+01 -.165537E+01 -.104735E+02 0.327959E+02
 0.477372E+01 -.288590E+01 -.166195E+01 -.116563E+02 0.328064E+02
 0.479575E+01 -.288307E+01 -.167293E+01 -.781435E+01 0.328485E+02
 0.484039E+01 -.288517E+01 -.166517E+01 -.788164E+01 0.328577E+02
 0.476781E+01 -.288109E+01 -.177185E+01 -.640414E+01 0.400778E+02
 0.481070E+01 -.288331E+01 -.166204E+01 -.786893E+01 0.327758E+02
 0.496586E+01 -.288395E+01 -.166075E+01 -.702646E+01 0.327721E+02
 0.480559E+01 -.288107E+01 -.159704E+01 -.746244E+01 0.351244E+02
 0.480513E+01 -.288402E+01 -.166162E+01 -.794098E+01 0.327725E+02
 0.487049E+01 -.288420E+01 -.165771E+01 -.797893E+01 0.327857E+02
 0.480025E+01 -.288777E+01 -.165755E+01 -.848297E+01 0.328968E+02
 0.490487E+01 -.288482E+01 -.166188E+01 -.798549E+01 0.327875E+02
 0.482634E+01 -.286538E+01 -.166150E+01 -.755880E+01 0.360490E+02
 0.344209E+01 -.289550E+01 -.162032E+01 -.829890E+01 0.344745E+02
 0.478924E+01 -.288380E+01 -.165726E+01 -.729686E+01 0.327783E+02
 0.478689E+01 -.288417E+01 -.167421E+01 -.819451E+01 0.328719E+02
 0.479717E+01 -.288646E+01 -.169496E+01 -.731359E+01 0.335558E+02
 0.481726E+01 -.288405E+01 -.166162E+01 -.798400E+01 0.327743E+02
 0.481075E+01 -.289473E+01 -.166765E+01 -.680451E+01 0.339309E+02
 0.483570E+01 -.288418E+01 -.166308E+01 -.799036E+01 0.327847E+02
 0.496924E+01 -.288433E+01 -.166291E+01 -.795516E+01 0.327848E+02
 0.482821E+01 -.288447E+01 -.166149E+01 -.759392E+01 0.327806E+02
 0.480841E+01 -.289046E+01 -.166065E+01 -.787305E+01 0.331583E+02
 0.500000E+01 -.288405E+01 -.165811E+01 -.796016E+01 0.327792E+02
 0.493081E+01 -.288405E+01 -.166169E+01 -.806876E+01 0.327736E+02
 0.495845E+01 -.288419E+01 -.166123E+01 -.740334E+01 0.327733E+02
 0.477960E+01 -.288403E+01 -.166310E+01 -.792102E+01 0.327729E+02
 0.481558E+01 -.288409E+01 -.166152E+01 -.752367E+01 0.327743E+02
 0.474702E+01 -.288407E+01 -.166169E+01 -.779335E+01 0.327726E+02
 0.469885E+01 -.287625E+01 -.162882E+01 -.803317E+01 0.341167E+02
 0.470732E+01 -.287881E+01 -.165713E+01 -.133129E+02 0.330535E+02
 0.481041E+01 -.287882E+01 -.166564E+01 -.808848E+01 0.330124E+02
 0.485598E+01 -.290064E+01 -.166183E+01 -.566679E+01 0.353810E+02
 0.480210E+01 -.288405E+01 -.166168E+01 -.796082E+01 0.327707E+02
 0.456797E+01 -.288521E+01 -.166231E+01 -.773781E+01 0.327887E+02
 0.479441E+01 -.288437E+01 -.164590E+01 -.884029E+01 0.328901E+02
 0.480260E+01 -.288443E+01 -.166020E+01 -.782676E+01 0.327723E+02
 0.475557E+01 -.288154E+01 -.165888E+01 -.794959E+01 0.328644E+02
 0.500000E+01 -.285430E+01 -.165681E+01 -.550000E+01 0.414318E+02
 0.480424E+01 -.286983E+01 -.166486E+01 -.865488E+01 0.346469E+02
 0.476707E+01 -.288410E+01 -.166088E+01 -.797321E+01 0.327708E+02
 0.500000E+01 -.288403E+01 -.166130E+01 -.791996E+01 0.327761E+02
 0.481136E+01 -.288515E+01 -.165403E+01 -.792061E+01 0.328031E+02
 0.481558E+01 -.288356E+01 -.166000E+01 -.765245E+01 0.327761E+02
 0.481705E+01 -.288241E+01 -.162757E+01 -.790187E+01 0.334387E+02
 0.476187E+01 -.288405E+01 -.166170E+01 -.803830E+01 0.327723E+02
 0.496562E+01 -.288483E+01 -.167823E+01 -.760169E+01 0.329545E+02
 0.492220E+01 -.289178E+01 -.166111E+01 -.793605E+01 0.333548E+02
 0.486656E+01 -.288467E+01 -.166166E+01 -.809855E+01 0.327849E+02
 0.490844E+01 -.288408E+01 -.166250E+01 -.714253E+01 0.327723E+02
 0.475380E+01 -.288378E+01 -.166264E+01 -.817980E+01 0.328008E+02
 0.402718E+01 -.288544E+01 -.158288E+01 -.699829E+01 0.358201E+02
 0.479224E+01 -.288302E+01 -.166023E+01 -.791880E+01 0.327809E+02
 0.480570E+01 -.288761E+01 -.165225E+01 -.104388E+02 0.329053E+02
 0.480655E+01 -.288380E+01 -.166098E+01 -.790135E+01 0.327708E+02
 0.489596E+01 -.290936E+01 -.165760E+01 -.747098E+01 0.386192E+02
 0.480736E+01 -.289205E+01 -.164312E+01 -.790186E+01 0.334240E+02
 0.481606E+01 -.288066E+01 -.166226E+01 -.777358E+01 0.328750E+02
 0.481438E+01 -.288399E+01 -.166187E+01 -.792928E+01 0.327751E+02
 0.480465E+01 -.288396E+01 -.166342E+01 -.794568E+01 0.327694E+02
 0.478846E+01 -.288366E+01 -.166225E+01 -.803037E+01 0.327721E+02
 0.499987E+01 -.288924E+01 -.166172E+01 -.804881E+01 0.330388E+02
 0.477436E+01 -.288410E+01 -.166170E+01 -.743577E+01 0.327710E+02
 0.476195E+01 -.288397E+01 -.166181E+01 -.764733E+01 0.327724E+02
 0.480062E+01 -.286392E+01 -.166494E+01 -.793467E+01 0.365774E+02
 0.484053E+01 -.288383E+01 -.166037E+01 -.773009E+01 0.328285E+02
 0.428188E+01 -.286651E+01 -.164347E+01 -.790362E+01 0.361317E+02
 0.479457E+01 -.288162E+01 -.176019E+01 -.795968E+01 0.385685E+02
 0.480099E+01 -.288220E+01 -.166191E+01 -.949751E+01 0.328003E+02
 0.471164E+01 -.288410E+01 -.166156E+01 -.779598E+01 0.327754E+02
 0.482920E+01 -.288436E+01 -.165974E+01 -.792908E+01 0.327811E+02
 0.499110E+01 -.288135E+01 -.166226E+01 -.851359E+01 0.328368E+02
 0.487985E+01 -.288406E+01 -.166208E+01 -.753466E+01 0.327778E+02
 0.490961E+01 -.288452E+01 -.168278E+01 -.809193E+01 0.330490E+02
 0.479771E+01 -.288056E+01 -.166164E+01 -.786321E+01 0.328809E+02
 0.500000E+01 -.288405E+01 -.166139E+01 -.746077E+01 0.327762E+02
 0.479208E+01 -.288872E+01 -.170085E+01 -.799442E+01 0.340524E+02
 0.496670E+01 -.288366E+01 -.165806E+01 -.809114E+01 0.327829E+02
 0.475337E+01 -.288414E+01 -.165456E+01 -.798738E+01 0.328274E+02
 0.476488E+01 -.288402E+01 -.165872E+01 -.798149E+01 0.327755E+02
 0.477618E+01 -.288403E+01 -.166049E+01 -.785216E+01 0.327709E+02
 0.482239E+01 -.288405E+01 -.166157E+01 -.794466E+01 0.327780E+02
 0.482619E+01 -.288400E+01 -.165584E+01 -.796370E+01 0.327931E+02
 0.461553E+01 -.290442E+01 -.166230E+01 -.768264E+01 0.366904E+02
 0.480466E+01 -.288430E+01 -.165852E+01 -.800062E+01 0.327743E+02
 0.468359E+01 -.288402E+01 -.165879E+01 -.785165E+01 0.327770E+02
 0.479239E+01 -.288286E+01 -.166003E+01 -.794161E+01 0.327847E+02
 0.500000E+01 -.289521E+01 -.163381E+01 -.792009E+01 0.340819E+02
 0.485013E+01 -.288397E+01 -.166143E+01 -.801761E+01 0.327751E+02
 0.478498E+01 -.288427E+01 -.166211E+01 -.789130E+01 0.327721E+02
 0.489393E+01 -.288319E+01 -.168761E+01 -.781920E+01 0.331529E+02
 0.481544E+01 -.288400E+01 -.166173E+01 -.785301E+01 0.327742E+02
 0.497751E+01 -.288408E+01 -.166225E+01 -.794563E+01 0.327735E+02
 0.487705E+01 -.288399E+01 -.166122E+01 -.796341E+01 0.327769E+02
 0.476556E+01 -.287185E+01 -.165132E+01 -.806088E+01 0.343573E+02
 0.485699E+01 -.288378E+01 -.166494E+01 -.800344E+01 0.327881E+02
 0.485615E+01 -.288404E+01 -.166022E+01 -.809691E+01 0.327798E+02
 0.479841E+01 -.288794E+01 -.166673E+01 -.567965E+01 0.329551E+02
 0.396268E+01 -.288380E+01 -.166110E+01 -.786440E+01 0.327828E+02
 0.482011E+01 -.288392E+01 -.167306E+01 -.839844E+01 0.328582E+02
 0.472941E+01 -.288406E+01 -.166166E+01 -.766254E+01 0.327795E+02
 0.472363E+01 -.288169E+01 -.166456E+01 -.780919E+01 0.328251E+02
 0.478698E+01 -.288402E+01 -.166095E+01 -.793489E+01 0.327706E+02
 0.479277E+01 -.288406E+01 -.166625E+01 -.795706E+01 0.327856E+02
 0.440884E+01 -.288413E+01 -.164497E+01 -.959203E+01 0.329286E+02
 0.479217E+01 -.288308E+01 -.166576E+01 -.782224E+01 0.327867E+02
 0.500000E+01 -.285606E+01 -.165250E+01 -.766726E+01 0.405742E+02
 0.496302E+01 -.288414E+01 -.166233E+01 -.794264E+01 0.327756E+02
 0.481461E+01 -.288404E+01 -.166072E+01 -.801465E+01 0.327842E+02
 0.500000E+01 -.287373E+01 -.165428E+01 -.736436E+01 0.338615E+02
 0.500000E+01 -.288704E+01 -.165723E+01 -.813315E+01 0.328601E+02
 0.479649E+01 -.288376E+01 -.166051E+01 -.751880E+01 0.327715E+02
 0.493809E+01 -.288372E+01 -.166121E+01 -.806973E+01 0.327751E+02
 0.500000E+01 -.288078E+01 -.158894E+01 -.776427E+01 0.357296E+02
 0.481985E+01 -.288473E+01 -.166184E+01 -.790849E+01 0.327807E+02
 0.483942E+01 -.288348E+01 -.166070E+01 -.798884E+01 0.328287E+02
 0.481231E+01 -.291783E+01 -.168538E+01 -.845495E+01 0.442842E+02
 0.481363E+01 -.288402E+01 -.166217E+01 -.819905E+01 0.327755E+02
 0.437865E+01 -.288406E+01 -.167331E+01 -.747854E+01 0.328578E+02
 0.477850E+01 -.288436E+01 -.166158E+01 -.773042E+01 0.327722E+02
 0.489003E+01 -.288406E+01 -.166983E+01 -.786586E+01 0.328206E+02
 0.472182E+01 -.288406E+01 -.166162E+01 -.734801E+01 0.327807E+02
 0.480127E+01 -.288541E+01 -.166505E+01 -.892733E+01 0.328026E+02
 0.481135E+01 -.288405E+01 -.166190E+01 -.791493E+01 0.327688E+02
 0.354040E+01 -.288369E+01 -.163303E+01 -.663263E+01 0.332080E+02
 0.474630E+01 -.288581E+01 -.163607E+01 -.834234E+01 0.330955E+02
 0.500000E+01 -.288147E+01 -.165844E+01 -.801386E+01 0.328436E+02
 0.473616E+01 -.288392E+01 -.165931E+01 -.804460E+01 0.327798E+02
 0.500000E+01 -.288583E+01 -.165732E+01 -.789916E+01 0.328082E+02
 0.478242E+01 -.288381E+01 -.166167E+01 -.754264E+01 0.327711E+02
 0.480138E+01 -.288406E+01 -.166168E+01 -.851667E+01 0.327707E+02
 0.481925E+01 -.288564E+01 -.165995E+01 -.654147E+01 0.328027E+02
 0.478836E+01 -.288402E+01 -.164020E+01 -.752291E+01 0.330014E+02
 0.488096E+01 -.288372E+01 -.164971E+01 -.809671E+01 0.328445E+02
 0.478801E+01 -.288399E+01 -.166139E+01 -.800147E+01 0.327707E+02
 0.475376E+01 -.286148E+01 -.164029E+01 -.943449E+01 0.383224E+02
 0.481220E+01 -.288384E+01 -.166341E+01 -.946347E+01 0.327745E+02
 0.479867E+01 -.288343E+01 -.166126E+01 -.745593E+01 0.327736E+02
 0.481045E+01 -.287922E+01 -.167462E+01 -.752312E+01 0.330323E+02
 0.481225E+01 -.288311E+01 -.166508E+01 -.791068E+01 0.327860E+02
 0.480528E+01 -.288363E+01 -.166208E+01 -.808777E+01 0.327738E+02
 0.481762E+01 -.288391E+01 -.166079E+01 -.720078E+01 0.327740E+02
 0.483847E+01 -.288233E+01 -.175274E+01 -.832091E+01 0.377320E+02
 0.480473E+01 -.288408E+01 -.166155E+01 -.794949E+01 0.327669E+02
 0.486952E+01 -.288375E+01 -.166213E+01 -.797722E+01 0.327812E+02
 0.479910E+01 -.288545E+01 -.166954E+01 -.816772E+01 0.328424E+02
 0.490701E+01 -.288257E+01 -.166200E+01 -.809892E+01 0.327914E+02
 0.487635E+01 -.287894E+01 -.166218E+01 -.649888E+01 0.330071E+02
 0.389425E+01 -.289330E+01 -.169250E+01 -.853854E+01 0.344025E+02
 0.477964E+01 -.288335E+01 -.166758E+01 -.732744E+01 0.327958E+02
 0.477175E+01 -.288437E+01 -.167401E+01 -.807361E+01 0.328709E+02
 0.482058E+01 -.288794E+01 -.157761E+01 -.756273E+01 0.361612E+02
 0.476297E+01 -.288410E+01 -.166146E+01 -.792265E+01 0.327722E+02
 0.480507E+01 -.288994E+01 -.165786E+01 -.656231E+01 0.330890E+02
 0.476387E+01 -.288383E+01 -.165898E+01 -.745077E+01 0.327758E+02
 0.500000E+01 -.288431E+01 -.166186E+01 -.794482E+01 0.327776E+02
 0.493461E+01 -.288551E+01 -.166132E+01 -.768607E+01 0.327969E+02
 0.481867E+01 -.289554E+01 -.167214E+01 -.781705E+01 0.342164E+02
 0.439390E+01 -.288410E+01 -.166168E+01 -.795121E+01 0.327756E+02
 0.486022E+01 -.288406E+01 -.166103E+01 -.829698E+01 0.327794E+02
 0.495154E+01 -.288419E+01 -.166130E+01 -.761633E+01 0.327751E+02
 0.478336E+01 -.288405E+01 -.166164E+01 -.792437E+01 0.327708E+02
 0.481541E+01 -.288403E+01 -.166802E+01 -.762757E+01 0.328061E+02
 0.483337E+01 -.288409E+01 -.166155E+01 -.791245E+01 0.327771E+02
 0.491786E+01 -.288764E+01 -.163560E+01 -.771023E+01 0.331725E+02
 0.466710E+01 -.288429E+01 -.166264E+01 -.130010E+02 0.327822E+02
 0.480291E+01 -.288658E+01 -.166676E+01 -.815555E+01 0.328636E+02
 0.485076E+01 -.287677E+01 -.166190E+01 -.993727E+01 0.332543E+02
 0.480422E+01 -.288409E+01 -.166155E+01 -.797742E+01 0.327708E+02
 0.480067E+01 -.288303E+01 -.173752E+01 -.801351E+01 0.361793E+02
 0.490679E+01 -.288345E+01 -.166221E+01 -.784907E+01 0.327767E+02
 0.476527E+01 -.288638E+01 -.162706E+01 -.859154E+01 0.333717E+02
 0.480118E+01 -.288410E+01 -.166014E+01 -.780084E+01 0.327710E+02
 0.482793E+01 -.287940E+01 -.166716E+01 -.791880E+01 0.329647E+02
 0.453384E+01 -.284905E+01 -.165226E+01 -.956597E+01 0.449246E+02
 0.479552E+01 -.289100E+01 -.167155E+01 -.804157E+01 0.333563E+02
 0.479911E+01 -.288412E+01 -.166030E+01 -.776055E+01 0.327709E+02
 0.472213E+01 -.288412E+01 -.166380E+01 -.795043E+01 0.327853E+02
 0.480637E+01 -.288357E+01 -.165921E+01 -.795617E+01 0.327748E+02
 0.481655E+01 -.288350E+01 -.166248E+01 -.794678E+01 0.327795E+02
 0.479159E+01 -.288391E+01 -.168279E+01 -.832438E+01 0.330367E+02
 0.488566E+01 -.288403E+01 -.166192E+01 -.767296E+01 0.327758E+02
 0.492341E+01 -.288424E+01 -.166636E+01 -.791002E+01 0.327944E+02
 0.480637E+01 -.289702E+01 -.165782E+01 -.783886E+01 0.343141E+02
 0.485805E+01 -.288525E+01 -.166150E+01 -.812048E+01 0.327962E+02
 0.479862E+01 -.288416E+01 -.166220E+01 -.834526E+01 0.327716E+02
 0.488033E+01 -.288397E+01 -.166285E+01 -.815695E+01 0.327787E+02
 0.500000E+01 -.288417E+01 -.169778E+01 -.695849E+01 0.335448E+02
 0.482961E+01 -.288432E+01 -.166244E+01 -.807704E+01 0.327805E+02
 0.480797E+01 -.288927E+01 -.166723E+01 -.849068E+01 0.330775E+02
 0.480692E+01 -.288449E+01 -.166104E+01 -.793453E+01 0.327747E+02
 0.429340E+01 -.292026E+01 -.164630E+01 -.766225E+01 0.444253E+02
 0.480208E+01 -.289281E+01 -.167481E+01 -.791063E+01 0.337031E+02
 0.480825E+01 -.288253E+01 -.166472E+01 -.817038E+01 0.327903E+02
 0.477388E+01 -.288391E+01 -.166144E+01 -.794999E+01 0.327708E+02
 0.480491E+01 -.288402E+01 -.166464E+01 -.794139E+01 0.327742E+02
 0.479760E+01 -.288309E+01 -.166241E+01 -.822600E+01 0.327782E+02
 0.500000E+01 -.288757E+01 -.166147E+01 -.836189E+01 0.328968E+02
 0.488757E+01 -.288404E+01 -.166150E+01 -.761470E+01 0.327755E+02
 0.476182E+01 -.288397E+01 -.166166E+01 -.753076E+01 0.327724E+02
 0.485352E+01 -.288727E+01 -.166253E+01 -.761699E+01 0.328889E+02
 0.490808E+01 -.288372E+01 -.165922E+01 -.775543E+01 0.327757E+02
 0.469825E+01 -.287949E+01 -.150299E+01 -.778447E+01 0.451819E+02
 0.431549E+01 -.287827E+01 -.166663E+01 -.792904E+01 0.330686E+02
 0.480343E+01 -.288939E+01 -.156346E+01 -.798162E+01 0.373369E+02
 0.479437E+01 -.288316E+01 -.166118E+01 -.773319E+01 0.327773E+02
 0.481536E+01 -.288403E+01 -.166179E+01 -.810983E+01 0.327743E+02
 0.480989E+01 -.288433E+01 -.165955E+01 -.753923E+01 0.327723E+02
 0.489917E+01 -.288796E+01 -.166236E+01 -.700104E+01 0.329279E+02
 0.464618E+01 -.288412E+01 -.166137E+01 -.818743E+01 0.327845E+02
 0.484564E+01 -.288382E+01 -.170434E+01 -.812292E+01 0.338470E+02
 0.481059E+01 -.287889E+01 -.166223E+01 -.782723E+01 0.330114E+02
 0.484447E+01 -.288416E+01 -.166056E+01 -.779617E+01 0.328303E+02
 0.479527E+01 -.287439E+01 -.159805E+01 -.792898E+01 0.362329E+02
 0.470618E+01 -.288370E+01 -.165850E+01 -.793709E+01 0.327787E+02
 0.476568E+01 -.288402E+01 -.166356E+01 -.786341E+01 0.327750E+02
 0.476596E+01 -.288404E+01 -.166688E+01 -.793281E+01 0.327893E+02
 0.483624E+01 -.288448E+01 -.166184E+01 -.792829E+01 0.327852E+02
 0.480966E+01 -.288407E+01 -.166152E+01 -.804268E+01 0.327726E+02
 0.479500E+01 -.288406E+01 -.165914E+01 -.798030E+01 0.327726E+02
 0.457004E+01 -.289387E+01 -.166199E+01 -.791052E+01 0.336993E+02
 0.480470E+01 -.288474E+01 -.166464E+01 -.798874E+01 0.327851E+02
 0.470503E+01 -.288448E+01 -.166854E+01 -.785348E+01 0.328120E+02
 0.481308E+01 -.288655E+01 -.166101E+01 -.792248E+01 0.328403E+02
 0.467518E+01 -.288752E+01 -.152583E+01 -.793562E+01 0.412174E+02
 0.473480E+01 -.288407E+01 -.166154E+01 -.769710E+01 0.327765E+02
 0.479479E+01 -.288423E+01 -.166173E+01 -.795353E+01 0.327714E+02
 0.476136E+01 -.290858E+01 -.166460E+01 -.799118E+01 0.383839E+02
 0.474827E+01 -.288247E+01 -.170537E+01 -.800308E+01 0.338562E+02
 0.481346E+01 -.288392E+01 -.166158E+01 -.849382E+01 0.327749E+02
 0.495008E+01 -.288417E+01 -.166087E+01 -.794547E+01 0.327751E+02
 0.487401E+01 -.288398E+01 -.166178E+01 -.726305E+01 0.327771E+02
 0.408968E+01 -.288887E+01 -.167562E+01 -.792713E+01 0.331832E+02
 0.475905E+01 -.288416E+01 -.166030E+01 -.800449E+01 0.327718E+02
 0.491814E+01 -.288409E+01 -.166418E+01 -.740904E+01 0.327836E+02
 0.477566E+01 -.288624E+01 -.166157E+01 -.550000E+01 0.328216E+02
 0.500000E+01 -.288450E+01 -.166080E+01 -.792880E+01 0.327786E+02
 0.479062E+01 -.288385E+01 -.166405E+01 -.798379E+01 0.327752E+02
 0.479021E+01 -.288390E+01 -.166164E+01 -.815695E+01 0.327708E+02
 0.484253E+01 -.288490E+01 -.166271E+01 -.769919E+01 0.328427E+02
 0.481632E+01 -.288422E+01 -.166009E+01 -.794352E+01 0.327769E+02
 0.479435E+01 -.288385E+01 -.165916E+01 -.794342E+01 0.327731E+02
 0.500000E+01 -.288411E+01 -.164070E+01 -.550776E+01 0.329965E+02
 0.479306E+01 -.288567E+01 -.165903E+01 -.828091E+01 0.327946E+02
 0.497054E+01 -.288421E+01 -.166175E+01 -.795484E+01 0.327818E+02
 0.482379E+01 -.288414E+01 -.166240E+01 -.783306E+01 0.327795E+02
 0.412436E+01 -.288871E+01 -.165830E+01 -.786172E+01 0.329923E+02
 0.474082E+01 -.289267E+01 -.166556E+01 -.808522E+01 0.335234E+02
 0.411605E+01 -.288739E+01 -.166252E+01 -.818556E+01 0.329020E+02
 0.480681E+01 -.288493E+01 -.166140E+01 -.816277E+01 0.327807E+02
 0.479546E+01 -.288392E+01 -.166138E+01 -.737876E+01 0.327707E+02
 0.475781E+01 -.288377E+01 -.167950E+01 -.775890E+01 0.329535E+02
 0.433634E+01 -.288287E+01 -.160278E+01 -.781209E+01 0.345976E+02
 0.493839E+01 -.288163E+01 -.166165E+01 -.833156E+01 0.328234E+02
 0.483925E+01 -.288188E+01 -.165627E+01 -.811105E+01 0.328867E+02
 0.481109E+01 -.286742E+01 -.168152E+01 -.676838E+01 0.353087E+02
 0.483282E+01 -.285615E+01 -.166164E+01 -.898241E+01 0.402029E+02
 0.495886E+01 -.288402E+01 -.166158E+01 -.761085E+01 0.327767E+02
 0.379345E+01 -.288407E+01 -.168520E+01 -.698141E+01 0.331064E+02
 0.474415E+01 -.288404E+01 -.166171E+01 -.758796E+01 0.327726E+02
 0.481266E+01 -.288570E+01 -.157699E+01 -.802115E+01 0.362483E+02
 0.469646E+01 -.288407E+01 -.166150E+01 -.809529E+01 0.327736E+02
 0.494681E+01 -.288238E+01 -.166263E+01 -.777610E+01 0.327930E+02
 0.481284E+01 -.288407E+01 -.166192E+01 -.799802E+01 0.327754E+02
 0.364299E+01 -.288450E+01 -.169344E+01 -.892320E+01 0.334032E+02
 0.479173E+01 -.289455E+01 -.170508E+01 -.775514E+01 0.353358E+02
 0.474955E+01 -.288324E+01 -.165921E+01 -.907320E+01 0.328134E+02
 0.471602E+01 -.288333E+01 -.165971E+01 -.799823E+01 0.327822E+02
 0.350000E+01 -.288677E+01 -.166187E+01 -.791895E+01 0.328553E+02
 0.488171E+01 -.288207E+01 -.167735E+01 -.773158E+01 0.329304E+02
 0.489109E+01 -.288392E+01 -.166174E+01 -.723069E+01 0.328131E+02
 0.481157E+01 -.288408E+01 -.166129E+01 -.687511E+01 0.327711E+02
 0.479274E+01 -.288287E+01 -.165820E+01 -.568374E+01 0.327904E+02
 0.486053E+01 -.288501E+01 -.166009E+01 -.749752E+01 0.327900E+02
 0.489906E+01 -.288351E+01 -.166483E+01 -.795232E+01 0.327832E+02
 0.485023E+01 -.288398E+01 -.166127E+01 -.754853E+01 0.327751E+02
 0.472290E+01 -.291094E+01 -.165825E+01 -.800746E+01 0.394286E+02
 0.477776E+01 -.288382E+01 -.166478E+01 -.889718E+01 0.327778E+02
 0.481894E+01 -.288187E+01 -.166079E+01 -.550000E+01 0.328169E+02
 0.480592E+01 -.288475E+01 -.166756E+01 -.757214E+01 0.327988E+02
 0.478170E+01 -.288294E+01 -.166416E+01 -.794650E+01 0.327835E+02
 0.480165E+01 -.288440E+01 -.165966E+01 -.840379E+01 0.327726E+02
 0.481236E+01 -.288391E+01 -.166169E+01 -.831199E+01 0.327750E+02
 0.482108E+01 -.288335E+01 -.176356E+01 -.894024E+01 0.391033E+02
 0.480442E+01 -.288414E+01 -.166150E+01 -.795599E+01 0.327669E+02
 0.476479E+01 -.288345E+01 -.166358E+01 -.797812E+01 0.327773E+02
 0.480459E+01 -.288291E+01 -.166088E+01 -.808239E+01 0.327838E+02
 0.480556E+01 -.288398E+01 -.166180E+01 -.734078E+01 0.327727E+02
 0.466194E+01 -.290360E+01 -.166209E+01 -.792378E+01 0.363507E+02
 0.390448E+01 -.288579E+01 -.166366E+01 -.861192E+01 0.328216E+02
 0.476726E+01 -.288543E+01 -.167081E+01 -.758444E+01 0.328564E+02
 0.478612E+01 -.288395E+01 -.165384E+01 -.795369E+01 0.327972E+02
 0.473069E+01 -.288522E+01 -.169634E+01 -.700678E+01 0.335448E+02
 0.478831E+01 -.288411E+01 -.166148E+01 -.792121E+01 0.327708E+02
 0.480210E+01 -.288387E+01 -.164323E+01 -.763991E+01 0.329436E+02
 0.472997E+01 -.288353E+01 -.165911E+01 -.766143E+01 0.327816E+02
 0.467880E+01 -.288420E+01 -.166105E+01 -.794257E+01 0.327747E+02
 0.493521E+01 -.288231E+01 -.166152E+01 -.790518E+01 0.327989E+02
 0.481462E+01 -.289369E+01 -.167070E+01 -.791574E+01 0.338101E+02
 0.434308E+01 -.288409E+01 -.166395E+01 -.794336E+01 0.327803E+02
 0.486546E+01 -.288407E+01 -.166103E+01 -.790926E+01 0.327794E+02
 0.478940E+01 -.288381E+01 -.166294E+01 -.778621E+01 0.327725E+02
 0.481127E+01 -.288402E+01 -.166101E+01 -.794299E+01 0.327709E+02
 0.481257E+01 -.288408E+01 -.166930E+01 -.802783E+01 0.328164E+02
 0.482215E+01 -.288391E+01 -.166144E+01 -.790706E+01 0.327686E+02
 0.498980E+01 -.289150E+01 -.166439E+01 -.769573E+01 0.333344E+02
 0.464875E+01 -.288828E+01 -.166549E+01 -.127225E+02 0.329808E+02
 0.480125E+01 -.288720E+01 -.166394E+01 -.773082E+01 0.328792E+02
 0.485361E+01 -.287216E+01 -.166167E+01 -.102316E+02 0.340799E+02
 0.480706E+01 -.288409E+01 -.166156E+01 -.795241E+01 0.327727E+02
 0.500000E+01 -.288415E+01 -.166130E+01 -.791652E+01 0.327764E+02
 0.479495E+01 -.288503E+01 -.168936E+01 -.721914E+01 0.332589E+02
 0.480329E+01 -.288383E+01 -.166034E+01 -.781752E+01 0.327731E+02
 0.488776E+01 -.288808E+01 -.167293E+01 -.795127E+01 0.330612E+02
 0.482002E+01 -.289017E+01 -.165613E+01 -.723007E+01 0.331277E+02
 0.479566E+01 -.290016E+01 -.167260E+01 -.751355E+01 0.354280E+02
 0.484792E+01 -.288422E+01 -.166005E+01 -.774846E+01 0.327762E+02
 0.478995E+01 -.288400E+01 -.166105E+01 -.796308E+01 0.327706E+02
 0.480967E+01 -.288343E+01 -.166502E+01 -.801074E+01 0.327784E+02
 0.481188E+01 -.288374E+01 -.166314E+01 -.814006E+01 0.327741E+02
 0.480133E+01 -.288315E+01 -.170129E+01 -.843243E+01 0.336734E+02
 0.462852E+01 -.288398E+01 -.166210E+01 -.740981E+01 0.327710E+02
 0.478954E+01 -.288354E+01 -.165217E+01 -.812953E+01 0.328173E+02
 0.473297E+01 -.286921E+01 -.165919E+01 -.788408E+01 0.348575E+02
 0.494730E+01 -.288287E+01 -.166138E+01 -.809926E+01 0.327812E+02
 0.466700E+01 -.291144E+01 -.156260E+01 -.778147E+01 0.423627E+02
 0.492234E+01 -.288414E+01 -.166134E+01 -.899991E+01 0.327750E+02
 0.495962E+01 -.288416E+01 -.166251E+01 -.791119E+01 0.327782E+02
 0.350000E+01 -.288318E+01 -.174764E+01 -.806674E+01 0.372340E+02
 0.482745E+01 -.288482E+01 -.166336E+01 -.813311E+01 0.327902E+02
 0.480674E+01 -.288554E+01 -.166539E+01 -.827983E+01 0.328070E+02
 0.479687E+01 -.288407E+01 -.166118E+01 -.788570E+01 0.327706E+02
 0.437156E+01 -.287218E+01 -.164585E+01 -.817452E+01 0.343753E+02
 0.479965E+01 -.288630E+01 -.167054E+01 -.792778E+01 0.328907E+02
 0.479895E+01 -.288676E+01 -.165649E+01 -.862762E+01 0.328405E+02
 0.478434E+01 -.288404E+01 -.166104E+01 -.801144E+01 0.327706E+02
 0.480501E+01 -.288419E+01 -.166314E+01 -.793645E+01 0.327694E+02
 0.480661E+01 -.288383E+01 -.166161E+01 -.787705E+01 0.327728E+02
 0.474249E+01 -.287816E+01 -.166079E+01 -.846597E+01 0.330941E+02
 0.481557E+01 -.288414E+01 -.166151E+01 -.806423E+01 0.327745E+02
 0.477273E+01 -.288463E+01 -.166161E+01 -.799007E+01 0.327748E+02
 0.485974E+01 -.290442E+01 -.165989E+01 -.775775E+01 0.366345E+02
 0.494532E+01 -.288390E+01 -.166256E+01 -.748109E+01 0.327710E+02
 0.468632E+01 -.288355E+01 -.153634E+01 -.774146E+01 0.403259E+02
 0.462041E+01 -.289292E+01 -.167796E+01 -.795457E+01 0.338370E+02
 0.482278E+01 -.288965E+01 -.164905E+01 -.797529E+01 0.331071E+02
 0.482059E+01 -.288590E+01 -.166090E+01 -.628084E+01 0.328142E+02
 0.500000E+01 -.288379E+01 -.166193E+01 -.761918E+01 0.327767E+02
 0.479349E+01 -.288421E+01 -.166004E+01 -.736292E+01 0.327715E+02
 0.471468E+01 -.288255E+01 -.166172E+01 -.717413E+01 0.327898E+02
 0.473570E+01 -.288395E+01 -.166100E+01 -.803108E+01 0.327796E+02
 0.485827E+01 -.288341E+01 -.162790E+01 -.790697E+01 0.333746E+02
 0.487854E+01 -.288772E+01 -.166199E+01 -.789460E+01 0.329160E+02
 0.481778E+01 -.288440E+01 -.165962E+01 -.797342E+01 0.327785E+02
 0.479773E+01 -.288482E+01 -.156360E+01 -.786674E+01 0.374325E+02
 0.456305E+01 -.288403E+01 -.166238E+01 -.782172E+01 0.327763E+02
 0.479026E+01 -.288400E+01 -.166998E+01 -.786013E+01 0.328161E+02
 0.476894E+01 -.288397E+01 -.166086E+01 -.774369E+01 0.327707E+02
 0.489112E+01 -.288414E+01 -.166201E+01 -.794742E+01 0.328152E+02
 0.480951E+01 -.288408E+01 -.166149E+01 -.809355E+01 0.327726E+02
 0.478084E+01 -.288419E+01 -.166592E+01 -.794918E+01 0.327846E+02
 0.477403E+01 -.286551E+01 -.166162E+01 -.780926E+01 0.360399E+02
 0.480482E+01 -.288273E+01 -.166301E+01 -.795356E+01 0.327816E+02
 0.486691E+01 -.288384E+01 -.166295E+01 -.787706E+01 0.327822E+02
 0.483326E+01 -.288841E+01 -.166120E+01 -.791895E+01 0.329674E+02
 0.463241E+01 -.288315E+01 -.156419E+01 -.795290E+01 0.375975E+02
 0.476042E+01 -.288403E+01 -.166163E+01 -.795934E+01 0.327724E+02
 0.480912E+01 -.288411E+01 -.166118E+01 -.790542E+01 0.327705E+02
 0.468591E+01 -.288367E+01 -.163703E+01 -.799959E+01 0.330895E+02
 0.480660E+01 -.288396E+01 -.166148E+01 -.855353E+01 0.327725E+02
 0.477576E+01 -.288413E+01 -.166082E+01 -.795572E+01 0.327708E+02
 0.489968E+01 -.288408E+01 -.166196E+01 -.707156E+01 0.327727E+02
 0.458516E+01 -.289922E+01 -.168477E+01 -.785763E+01 0.355773E+02
 0.472350E+01 -.288436E+01 -.165862E+01 -.797319E+01 0.327828E+02
 0.487647E+01 -.288419E+01 -.166444E+01 -.720416E+01 0.327844E+02
 0.476362E+01 -.288039E+01 -.165820E+01 -.650312E+01 0.329144E+02
 0.350000E+01 -.288470E+01 -.166238E+01 -.799607E+01 0.327920E+02
 0.478129E+01 -.288412E+01 -.165498E+01 -.765709E+01 0.327880E+02
 0.483997E+01 -.288386E+01 -.166160E+01 -.838471E+01 0.328272E+02
 0.493974E+01 -.288596E+01 -.165523E+01 -.779471E+01 0.328200E+02
 0.479588E+01 -.288429E+01 -.166029E+01 -.794960E+01 0.327715E+02
 0.480290E+01 -.288384E+01 -.165681E+01 -.793817E+01 0.327800E+02
 0.400165E+01 -.288412E+01 -.166898E+01 -.558528E+01 0.328196E+02
 0.480297E+01 -.288356E+01 -.166494E+01 -.788305E+01 0.327790E+02
 0.484917E+01 -.288420E+01 -.166150E+01 -.796380E+01 0.327760E+02
 0.485931E+01 -.288400E+01 -.166212E+01 -.779370E+01 0.327812E+02
 0.448949E+01 -.288785E+01 -.166224E+01 -.827137E+01 0.329303E+02
 0.474347E+01 -.291846E+01 -.166041E+01 -.794784E+01 0.435676E+02
 0.376991E+01 -.287907E+01 -.166299E+01 -.792843E+01 0.330121E+02
 0.480858E+01 -.288403E+01 -.166203E+01 -.835796E+01 0.327729E+02
 0.477698E+01 -.288400E+01 -.166057E+01 -.707357E+01 0.327709E+02
 0.467251E+01 -.288571E+01 -.168022E+01 -.797219E+01 0.330470E+02
 0.492643E+01 -.288239E+01 -.166174E+01 -.751256E+01 0.327932E+02
 0.492734E+01 -.288239E+01 -.165722E+01 -.800445E+01 0.328081E+02
 0.477348E+01 -.285878E+01 -.164268E+01 -.781866E+01 0.395192E+02
 0.484956E+01 -.288403E+01 -.166066E+01 -.741252E+01 0.327752E+02
 0.358066E+01 -.288409E+01 -.162965E+01 -.836797E+01 0.333024E+02
 0.474529E+01 -.288363E+01 -.166178E+01 -.787644E+01 0.327734E+02
 0.478767E+01 -.288512E+01 -.168455E+01 -.805384E+01 0.331195E+02
 0.485089E+01 -.288409E+01 -.166143E+01 -.846088E+01 0.327751E+02
 0.500000E+01 -.288397E+01 -.166344E+01 -.697980E+01 0.327731E+02
 0.481029E+01 -.288408E+01 -.166165E+01 -.800135E+01 0.327727E+02
 0.500000E+01 -.288484E+01 -.170582E+01 -.961019E+01 0.339642E+02
 0.481803E+01 -.288399E+01 -.172628E+01 -.693874E+01 0.352738E+02
 0.458930E+01 -.288455E+01 -.166462E+01 -.998612E+01 0.327861E+02
 0.485842E+01 -.288345E+01 -.166043E+01 -.793240E+01 0.327819E+02
 0.322875E+01 -.288247E+01 -.166278E+01 -.794615E+01 0.328203E+02
 0.485463E+01 -.288514E+01 -.153954E+01 -.795491E+01 0.398148E+02
 0.500000E+01 -.286153E+01 -.168383E+01 -.756660E+01 0.374216E+02
 0.493062E+01 -.288405E+01 -.166137E+01 -.723212E+01 0.327734E+02
 0.480885E+01 -.288408E+01 -.166124E+01 -.675942E+01 0.327706E+02
 0.480199E+01 -.288237E+01 -.166753E+01 -.108406E+02 0.328109E+02
 0.483762E+01 -.288429E+01 -.168115E+01 -.819128E+01 0.330430E+02
 0.478820E+01 -.288416E+01 -.167540E+01 -.783888E+01 0.328903E+02
 0.500000E+01 -.288401E+01 -.166140E+01 -.773826E+01 0.327761E+02
 0.475661E+01 -.288398E+01 -.165571E+01 -.718389E+01 0.327860E+02
 0.479125E+01 -.288241E+01 -.166156E+01 -.962945E+01 0.327940E+02
 0.480091E+01 -.288806E+01 -.165863E+01 -.816973E+01 0.329176E+02
 0.479825E+01 -.288459E+01 -.166185E+01 -.797516E+01 0.327744E+02
 0.483152E+01 -.288446E+01 -.166065E+01 -.798057E+01 0.327874E+02
 0.496540E+01 -.288397E+01 -.166111E+01 -.801689E+01 0.327719E+02
 0.481266E+01 -.288168E+01 -.155515E+01 -.822055E+01 0.385631E+02
 0.480434E+01 -.288411E+01 -.166152E+01 -.795091E+01 0.327726E+02
 0.468623E+01 -.288357E+01 -.166260E+01 -.797367E+01 0.327780E+02
 0.480891E+01 -.288160E+01 -.165508E+01 -.790815E+01 0.328578E+02
 0.472735E+01 -.288518E+01 -.166157E+01 -.734348E+01 0.327971E+02
 0.451318E+01 -.289808E+01 -.166127E+01 -.753217E+01 0.346385E+02
 0.434389E+01 -.287834E+01 -.164037E+01 -.808045E+01 0.334069E+02
 0.481773E+01 -.288500E+01 -.165955E+01 -.785443E+01 0.327867E+02
 0.480632E+01 -.288371E+01 -.164083E+01 -.820159E+01 0.329941E+02
 0.476296E+01 -.287865E+01 -.172635E+01 -.656965E+01 0.352113E+02
 0.482637E+01 -.288410E+01 -.166155E+01 -.793957E+01 0.327776E+02
 0.480291E+01 -.287951E+01 -.164501E+01 -.794629E+01 0.331645E+02
 0.480748E+01 -.288402E+01 -.166172E+01 -.765524E+01 0.327727E+02
 0.465161E+01 -.288416E+01 -.166181E+01 -.798796E+01 0.327711E+02
 0.479469E+01 -.288163E+01 -.166178E+01 -.793390E+01 0.328223E+02
 0.479957E+01 -.288557E+01 -.166380E+01 -.793197E+01 0.328013E+02
 0.485621E+01 -.288402E+01 -.165773E+01 -.795310E+01 0.327856E+02
 0.486996E+01 -.288408E+01 -.166090E+01 -.774020E+01 0.327794E+02
 0.481126E+01 -.288374E+01 -.166280E+01 -.785163E+01 0.327735E+02
 0.482340E+01 -.288398E+01 -.166263E+01 -.795087E+01 0.327791E+02
 0.480996E+01 -.288413E+01 -.166729E+01 -.754626E+01 0.327898E+02
 0.480273E+01 -.288385E+01 -.166149E+01 -.790706E+01 0.327707E+02
 0.498242E+01 -.287955E+01 -.167906E+01 -.797311E+01 0.330674E+02
 0.487909E+01 -.288156E+01 -.166263E+01 -.747253E+01 0.328276E+02
 0.480660E+01 -.288053E+01 -.165925E+01 -.776207E+01 0.328922E+02
 0.479468E+01 -.289314E+01 -.166159E+01 -.860610E+01 0.335536E+02
 0.480592E+01 -.288403E+01 -.166166E+01 -.792980E+01 0.327726E+02
 0.435177E+01 -.288496E+01 -.166090E+01 -.779615E+01 0.327905E+02
 0.490955E+01 -.288427E+01 -.169565E+01 -.713164E+01 0.334613E+02
 0.480382E+01 -.288391E+01 -.166124E+01 -.796728E+01 0.327707E+02
 0.489083E+01 -.288395E+01 -.166011E+01 -.795641E+01 0.327805E+02
 0.500000E+01 -.291252E+01 -.166267E+01 -.550000E+01 0.402738E+02
 0.480887E+01 -.288695E+01 -.166582E+01 -.824346E+01 0.328751E+02
 0.500000E+01 -.288413E+01 -.166020E+01 -.780673E+01 0.327749E+02
 0.496419E+01 -.288400E+01 -.166079E+01 -.791817E+01 0.327695E+02
 0.481093E+01 -.288365E+01 -.166458E+01 -.809626E+01 0.327743E+02
 0.480440E+01 -.288428E+01 -.166161E+01 -.774326E+01 0.327734E+02
 0.481320E+01 -.288308E+01 -.163817E+01 -.801541E+01 0.330843E+02
 0.457007E+01 -.288398E+01 -.166161E+01 -.731801E+01 0.327711E+02
 0.472301E+01 -.288355E+01 -.165682E+01 -.802354E+01 0.327906E+02
 0.483492E+01 -.287965E+01 -.165879E+01 -.797899E+01 0.329637E+02
 0.479992E+01 -.288154E+01 -.166142E+01 -.804419E+01 0.328271E+02
 0.484877E+01 -.288407E+01 -.166100E+01 -.771545E+01 0.327753E+02
 0.482039E+01 -.288359E+01 -.166238E+01 -.798048E+01 0.327782E+02
 0.204616E+01 -.289278E+01 -.153767E+01 -.880709E+01 0.394399E+02
 0.477914E+01 -.288379E+01 -.166264E+01 -.785068E+01 0.327721E+02
 0.480481E+01 -.288087E+01 -.165966E+01 -.800741E+01 0.328687E+02
 0.480424E+01 -.288370E+01 -.166128E+01 -.779354E+01 0.327715E+02
 0.470867E+01 -.285461E+01 -.164701E+01 -.772699E+01 0.416156E+02
 0.479792E+01 -.288046E+01 -.165566E+01 -.796222E+01 0.329212E+02
 0.479545E+01 -.288467E+01 -.165465E+01 -.791689E+01 0.327921E+02
 0.480529E+01 -.288417E+01 -.166137E+01 -.796948E+01 0.327727E+02
 0.480489E+01 -.288411E+01 -.166024E+01 -.793727E+01 0.327710E+02
 0.479253E+01 -.288423E+01 -.166131E+01 -.783995E+01 0.327711E+02
 0.464863E+01 -.288128E+01 -.166051E+01 -.686983E+01 0.328473E+02
 0.475937E+01 -.288418E+01 -.166179E+01 -.798860E+01 0.327709E+02
 0.480773E+01 -.288474E+01 -.166153E+01 -.815279E+01 0.327780E+02
 0.484971E+01 -.287313E+01 -.166363E+01 -.778640E+01 0.338589E+02
 0.479890E+01 -.288415E+01 -.166375E+01 -.730143E+01 0.327750E+02
 0.471343E+01 -.288731E+01 -.171126E+01 -.785109E+01 0.345021E+02
 0.462499E+01 -.288522E+01 -.164819E+01 -.794169E+01 0.328656E+02
 0.482240E+01 -.288777E+01 -.171899E+01 -.795694E+01 0.350843E+02
 0.483767E+01 -.288620E+01 -.166109E+01 -.670044E+01 0.328807E+02
 0.482018E+01 -.288385E+01 -.166171E+01 -.732661E+01 0.327740E+02
 0.480938E+01 -.288414E+01 -.166176E+01 -.759723E+01 0.327730E+02
 0.476751E+01 -.288158E+01 -.166175E+01 -.891569E+01 0.328246E+02
 0.485674E+01 -.288390E+01 -.166162E+01 -.688900E+01 0.327794E+02
 0.486600E+01 -.288470E+01 -.162412E+01 -.790195E+01 0.334813E+02
 0.489743E+01 -.288549E+01 -.166136E+01 -.798628E+01 0.329153E+02
 0.495015E+01 -.288430E+01 -.165956E+01 -.799094E+01 0.327767E+02
 0.477900E+01 -.288945E+01 -.164635E+01 -.793222E+01 0.330934E+02
 0.467478E+01 -.288433E+01 -.166507E+01 -.781239E+01 0.327907E+02
 0.478747E+01 -.288404E+01 -.166765E+01 -.789299E+01 0.327964E+02
 0.479996E+01 -.288402E+01 -.165635E+01 -.774970E+01 0.327813E+02
 0.492819E+01 -.288380E+01 -.166075E+01 -.788069E+01 0.327735E+02
 0.481337E+01 -.288406E+01 -.166154E+01 -.806803E+01 0.327751E+02
 0.480349E+01 -.288419E+01 -.166332E+01 -.793210E+01 0.327740E+02
 0.500000E+01 -.287284E+01 -.166137E+01 -.763729E+01 0.339472E+02
 0.480477E+01 -.288278E+01 -.166096E+01 -.794063E+01 0.327867E+02
 0.500000E+01 -.288334E+01 -.165924E+01 -.774183E+01 0.327812E+02
 0.481530E+01 -.288565E+01 -.166000E+01 -.793491E+01 0.328029E+02
 0.500000E+01 -.289161E+01 -.175193E+01 -.791289E+01 0.389329E+02
 0.486964E+01 -.288405E+01 -.166145E+01 -.826351E+01 0.327794E+02
 0.481528E+01 -.288400E+01 -.166126E+01 -.790837E+01 0.327739E+02
 0.489790E+01 -.290437E+01 -.161813E+01 -.830073E+01 0.369128E+02
 0.468627E+01 -.288447E+01 -.159667E+01 -.744791E+01 0.348840E+02
 0.480157E+01 -.288405E+01 -.166154E+01 -.806229E+01 0.327706E+02
 0.464671E+01 -.288407E+01 -.166176E+01 -.796317E+01 0.328177E+02
 0.489783E+01 -.288396E+01 -.166121E+01 -.832109E+01 0.328890E+02
 0.440640E+01 -.288853E+01 -.166191E+01 -.785578E+01 0.329898E+02
 0.483911E+01 -.288397E+01 -.165987E+01 -.794877E+01 0.328290E+02
 0.486427E+01 -.288419E+01 -.166111E+01 -.770401E+01 0.327799E+02
 0.480236E+01 -.288142E+01 -.165654E+01 -.821337E+01 0.328539E+02
 0.347533E+01 -.288446E+01 -.166200E+01 -.789030E+01 0.327931E+02
 0.477527E+01 -.288411E+01 -.165752E+01 -.776427E+01 0.327759E+02
 0.485380E+01 -.288391E+01 -.166153E+01 -.818179E+01 0.327752E+02
 0.491005E+01 -.288287E+01 -.165213E+01 -.782539E+01 0.328427E+02
 0.478294E+01 -.288415E+01 -.166278E+01 -.794300E+01 0.327726E+02
 0.480676E+01 -.288411E+01 -.166288E+01 -.794494E+01 0.327699E+02
 0.378784E+01 -.288408E+01 -.168152E+01 -.905244E+01 0.330125E+02
 0.481191E+01 -.288241E+01 -.166692E+01 -.761384E+01 0.328023E+02
 0.481438E+01 -.288409E+01 -.166151E+01 -.795835E+01 0.327751E+02
 0.486444E+01 -.288352E+01 -.166160E+01 -.783891E+01 0.327806E+02
 0.483681E+01 -.287616E+01 -.166013E+01 -.795035E+01 0.333886E+02
 0.479051E+01 -.287307E+01 -.166107E+01 -.822877E+01 0.339076E+02
 0.447068E+01 -.287840E+01 -.166182E+01 -.778432E+01 0.330779E+02
 0.480535E+01 -.288358E+01 -.166151E+01 -.743993E+01 0.327740E+02
 0.496963E+01 -.288408E+01 -.166094E+01 -.802247E+01 0.327803E+02
 0.500000E+01 -.288580E+01 -.171195E+01 -.786935E+01 0.343855E+02
 0.477647E+01 -.288711E+01 -.166183E+01 -.723539E+01 0.328635E+02
 0.495759E+01 -.288550E+01 -.166154E+01 -.800700E+01 0.327953E+02
 0.473461E+01 -.289781E+01 -.161075E+01 -.915452E+01 0.353095E+02
 0.476459E+01 -.288403E+01 -.166075E+01 -.795940E+01 0.327722E+02
 0.407832E+01 -.288407E+01 -.161903E+01 -.758362E+01 0.337183E+02
 0.488886E+01 -.288356E+01 -.166190E+01 -.784681E+01 0.327765E+02
 0.482622E+01 -.288278E+01 -.176047E+01 -.777067E+01 0.386883E+02
 0.500000E+01 -.288410E+01 -.166142E+01 -.719898E+01 0.327764E+02
 0.471699E+01 -.288528E+01 -.166248E+01 -.701898E+01 0.327904E+02
 0.480930E+01 -.288405E+01 -.166156E+01 -.792105E+01 0.327726E+02
 0.350000E+01 -.288496E+01 -.169832E+01 -.958659E+01 0.336199E+02
 0.482037E+01 -.287577E+01 -.166670E+01 -.752960E+01 0.333832E+02
 0.500000E+01 -.288445E+01 -.166492E+01 -.811159E+01 0.327859E+02
 0.484848E+01 -.288404E+01 -.166179E+01 -.797438E+01 0.327756E+02
 0.430677E+01 -.288165E+01 -.165744E+01 -.795480E+01 0.328410E+02
 0.483907E+01 -.288687E+01 -.174591E+01 -.789977E+01 0.374078E+02
 0.493245E+01 -.288415E+01 -.166113E+01 -.810596E+01 0.327726E+02
 0.480473E+01 -.288408E+01 -.166142E+01 -.676560E+01 0.327669E+02
 0.482809E+01 -.288438E+01 -.167161E+01 -.906036E+01 0.328437E+02
 0.477907E+01 -.288244E+01 -.167713E+01 -.841930E+01 0.329177E+02
 0.471607E+01 -.288453E+01 -.165527E+01 -.791245E+01 0.327937E+02
 0.465687E+01 -.288410E+01 -.166127E+01 -.788632E+01 0.328401E+02
 0.485686E+01 -.285475E+01 -.165854E+01 -.930572E+01 0.410874E+02
 0.477923E+01 -.288411E+01 -.164948E+01 -.693255E+01 0.328406E+02
 0.478037E+01 -.288644E+01 -.166171E+01 -.802617E+01 0.328279E+02
 0.480518E+01 -.288338E+01 -.166228E+01 -.822245E+01 0.327702E+02
 0.481461E+01 -.288472E+01 -.166121E+01 -.787813E+01 0.327903E+02
 0.482282E+01 -.288361E+01 -.166245E+01 -.799137E+01 0.327787E+02
 0.489143E+01 -.288408E+01 -.166066E+01 -.696345E+01 0.328139E+02
 0.481278E+01 -.288144E+01 -.157496E+01 -.775031E+01 0.367588E+02
 0.480479E+01 -.288404E+01 -.166158E+01 -.794526E+01 0.327668E+02
 0.469792E+01 -.288414E+01 -.166158E+01 -.796091E+01 0.327738E+02
 0.480249E+01 -.288247E+01 -.165797E+01 -.804032E+01 0.328008E+02
 0.487904E+01 -.288414E+01 -.166148E+01 -.742061E+01 0.327775E+02
 0.441760E+01 -.287989E+01 -.166103E+01 -.737298E+01 0.329308E+02
 0.493277E+01 -.288172E+01 -.167443E+01 -.789541E+01 0.328958E+02
 0.483893E+01 -.288334E+01 -.165552E+01 -.792864E+01 0.328524E+02
 0.478414E+01 -.288397E+01 -.164223E+01 -.816826E+01 0.329595E+02
 0.481495E+01 -.287727E+01 -.164429E+01 -.780456E+01 0.334489E+02
 0.478864E+01 -.288401E+01 -.166157E+01 -.795180E+01 0.327707E+02
 0.480889E+01 -.288506E+01 -.166150E+01 -.729183E+01 0.327813E+02
 0.484403E+01 -.288408E+01 -.166183E+01 -.786418E+01 0.328306E+02
 0.478318E+01 -.288405E+01 -.166207E+01 -.796488E+01 0.327712E+02
 0.470965E+01 -.288678E+01 -.166193E+01 -.792044E+01 0.328515E+02
 0.479165E+01 -.287759E+01 -.165817E+01 -.796287E+01 0.331824E+02
 0.500000E+01 -.288401E+01 -.165888E+01 -.795791E+01 0.327770E+02
 0.484618E+01 -.288406E+01 -.166180E+01 -.804981E+01 0.328052E+02
 0.483100E+01 -.288392E+01 -.166189E+01 -.771972E+01 0.327846E+02
 0.480962E+01 -.288398E+01 -.166213E+01 -.793474E+01 0.327730E+02
 0.480267E+01 -.288407E+01 -.165629E+01 -.767429E+01 0.327814E+02
 0.480256E+01 -.288403E+01 -.166158E+01 -.794387E+01 0.327706E+02
 0.486534E+01 -.287336E+01 -.168681E+01 -.816108E+01 0.339545E+02
 0.499302E+01 -.288025E+01 -.165890E+01 -.915977E+01 0.329138E+02
 0.480952E+01 -.287641E+01 -.166579E+01 -.830574E+01 0.332967E+02
 0.476637E+01 -.290490E+01 -.166164E+01 -.694228E+01 0.368095E+02
 0.480485E+01 -.288402E+01 -.166167E+01 -.793119E+01 0.327692E+02
 0.415358E+01 -.288462E+01 -.166155E+01 -.768892E+01 0.327939E+02
 0.492770E+01 -.288439E+01 -.166990E+01 -.767298E+01 0.328233E+02
 0.480509E+01 -.288400E+01 -.166197E+01 -.806636E+01 0.327728E+02
 0.487790E+01 -.288085E+01 -.165090E+01 -.795890E+01 0.329481E+02
 0.457833E+01 -.289699E+01 -.166435E+01 -.824592E+01 0.344072E+02
 0.481563E+01 -.287290E+01 -.165986E+01 -.864152E+01 0.339467E+02
 0.469898E+01 -.288399E+01 -.166144E+01 -.781176E+01 0.327735E+02
 0.486306E+01 -.288402E+01 -.166333E+01 -.787426E+01 0.327834E+02
 0.480641E+01 -.288387E+01 -.166060E+01 -.799893E+01 0.327728E+02
 0.480260E+01 -.288437E+01 -.166016E+01 -.755766E+01 0.327719E+02
 0.481223E+01 -.288364E+01 -.163932E+01 -.799170E+01 0.330305E+02
 0.476938E+01 -.288406E+01 -.166168E+01 -.819481E+01 0.327709E+02
 0.486081E+01 -.288384E+01 -.166868E+01 -.779055E+01 0.328129E+02
 0.491561E+01 -.289516E+01 -.165104E+01 -.795959E+01 0.339244E+02
 0.485762E+01 -.288345E+01 -.166164E+01 -.789070E+01 0.327812E+02
 0.487644E+01 -.285455E+01 -.165763E+01 -.729495E+01 0.412269E+02
 0.484167E+01 -.288399E+01 -.166253E+01 -.692439E+01 0.328301E+02
 0.472639E+01 -.288337E+01 -.166311E+01 -.807477E+01 0.327840E+02
 0.354616E+01 -.289462E+01 -.149449E+01 -.550000E+01 0.452121E+02
 0.478123E+01 -.288304E+01 -.166063E+01 -.780978E+01 0.327799E+02
 0.480499E+01 -.288237E+01 -.165998E+01 -.809756E+01 0.327979E+02
 0.480377E+01 -.288401E+01 -.166158E+01 -.774455E+01 0.327707E+02
 0.449326E+01 -.291886E+01 -.165639E+01 -.768490E+01 0.437247E+02
 0.480417E+01 -.288167E+01 -.165511E+01 -.795420E+01 0.328542E+02
 0.480510E+01 -.288234E+01 -.166473E+01 -.749776E+01 0.327965E+02
 0.481179E+01 -.288397E+01 -.166178E+01 -.793186E+01 0.327711E+02
 0.480469E+01 -.288401E+01 -.166251E+01 -.794519E+01 0.327734E+02
 0.479652E+01 -.288426E+01 -.166111E+01 -.793651E+01 0.327712E+02
 0.500000E+01 -.288579E+01 -.166141E+01 -.679771E+01 0.328075E+02
 0.475489E+01 -.288407E+01 -.166175E+01 -.783053E+01 0.328036E+02
 0.482456E+01 -.288401E+01 -.166186E+01 -.766309E+01 0.327782E+02
 0.477850E+01 -.285403E+01 -.166390E+01 -.774699E+01 0.413928E+02
 0.473127E+01 -.288392E+01 -.166275E+01 -.753054E+01 0.327805E+02
 0.489436E+01 -.287847E+01 -.164316E+01 -.793343E+01 0.333640E+02
 0.481528E+01 -.288450E+01 -.173494E+01 -.796676E+01 0.360494E+02
 0.481255E+01 -.288247E+01 -.166069E+01 -.797689E+01 0.327961E+02
 0.470446E+01 -.288400E+01 -.166154E+01 -.822011E+01 0.327751E+02
 0.482102E+01 -.288425E+01 -.166099E+01 -.806763E+01 0.327696E+02
 0.489735E+01 -.288303E+01 -.166206E+01 -.102084E+02 0.328920E+02
 0.483667E+01 -.288398E+01 -.166206E+01 -.616057E+01 0.328284E+02
 0.490623E+01 -.288530E+01 -.166593E+01 -.798482E+01 0.328098E+02
 0.471961E+01 -.288013E+01 -.166157E+01 -.787418E+01 0.329089E+02
 0.497015E+01 -.288384E+01 -.166160E+01 -.757341E+01 0.327806E+02
 0.476644E+01 -.289086E+01 -.171661E+01 -.793180E+01 0.353563E+02
 0.491054E+01 -.288421E+01 -.165836E+01 -.781455E+01 0.327748E+02
 0.477179E+01 -.288407E+01 -.165440E+01 -.798671E+01 0.327923E+02
 0.480716E+01 -.288406E+01 -.166237E+01 -.797660E+01 0.327733E+02
 0.489723E+01 -.288400E+01 -.165982E+01 -.789538E+01 0.327711E+02
 0.480657E+01 -.288402E+01 -.166158E+01 -.790833E+01 0.327726E+02
 0.482022E+01 -.288404E+01 -.165710E+01 -.795359E+01 0.327855E+02
 0.482503E+01 -.291079E+01 -.166151E+01 -.779122E+01 0.394432E+02
 0.480474E+01 -.288601E+01 -.165972E+01 -.796259E+01 0.328069E+02
 0.485879E+01 -.288359E+01 -.166376E+01 -.764611E+01 0.327845E+02
 0.481142E+01 -.288313E+01 -.166122E+01 -.794467E+01 0.327775E+02
 0.498869E+01 -.288404E+01 -.166144E+01 -.813832E+01 0.327760E+02
 0.480575E+01 -.288408E+01 -.166132E+01 -.795238E+01 0.327725E+02
 0.485883E+01 -.288145E+01 -.164255E+01 -.745126E+01 0.330635E+02
 0.481774E+01 -.288399E+01 -.166168E+01 -.819276E+01 0.327742E+02
 0.484239E+01 -.288406E+01 -.166149E+01 -.793856E+01 0.328286E+02
 0.491403E+01 -.288392E+01 -.166166E+01 -.844399E+01 0.327781E+02
 0.443664E+01 -.287979E+01 -.164424E+01 -.792286E+01 0.331504E+02
 0.484083E+01 -.288380E+01 -.166217E+01 -.797234E+01 0.328290E+02
 0.486034E+01 -.288415E+01 -.166075E+01 -.827488E+01 0.327797E+02
 0.481786E+01 -.288473E+01 -.166287E+01 -.742146E+01 0.327865E+02
 0.497533E+01 -.288395E+01 -.166100E+01 -.782545E+01 0.327755E+02
 0.478712E+01 -.288389E+01 -.166540E+01 -.816003E+01 0.327805E+02
 0.477565E+01 -.288404E+01 -.166162E+01 -.798088E+01 0.327708E+02
 0.494647E+01 -.288087E+01 -.166038E+01 -.773986E+01 0.328633E+02
 0.478136E+01 -.288373E+01 -.166172E+01 -.793804E+01 0.327714E+02
 0.480874E+01 -.288423E+01 -.166636E+01 -.795015E+01 0.327847E+02
 0.421076E+01 -.288404E+01 -.166500E+01 -.908179E+01 0.327810E+02
 0.481137E+01 -.288369E+01 -.166735E+01 -.775577E+01 0.327895E+02
 0.498998E+01 -.288600E+01 -.164942E+01 -.729323E+01 0.328650E+02
 0.489693E+01 -.288398E+01 -.166224E+01 -.794888E+01 0.327709E+02
 0.485502E+01 -.288387E+01 -.166121E+01 -.790335E+01 0.327745E+02
 0.477720E+01 -.287900E+01 -.165909E+01 -.758942E+01 0.330187E+02
 0.482366E+01 -.285983E+01 -.166586E+01 -.830338E+01 0.382367E+02
 0.447389E+01 -.288173E+01 -.165732E+01 -.794350E+01 0.328493E+02
 0.479607E+01 -.288431E+01 -.166037E+01 -.735867E+01 0.327715E+02
 0.500000E+01 -.288407E+01 -.166165E+01 -.832314E+01 0.327763E+02
 0.492101E+01 -.288418E+01 -.160591E+01 -.796974E+01 0.343437E+02
 0.458602E+01 -.288349E+01 -.160603E+01 -.769958E+01 0.343704E+02
 0.472195E+01 -.288847E+01 -.166189E+01 -.795692E+01 0.329815E+02
 0.475080E+01 -.288476E+01 -.166476E+01 -.812528E+01 0.328159E+02
 0.480842E+01 -.290891E+01 -.165109E+01 -.921412E+01 0.383123E+02
 0.496795E+01 -.288398E+01 -.166171E+01 -.776042E+01 0.327788E+02
 0.500000E+01 -.288403E+01 -.166705E+01 -.700965E+01 0.327895E+02
 0.497060E+01 -.288398E+01 -.166188E+01 -.761291E+01 0.327809E+02
 0.482677E+01 -.288239E+01 -.170188E+01 -.772609E+01 0.336987E+02
 0.476724E+01 -.288403E+01 -.166141E+01 -.699317E+01 0.327708E+02
 0.472183E+01 -.288539E+01 -.166119E+01 -.787924E+01 0.328017E+02
 0.480553E+01 -.288403E+01 -.166165E+01 -.788490E+01 0.327726E+02
 0.338916E+01 -.288391E+01 -.160754E+01 -.909676E+01 0.342740E+02
 0.480305E+01 -.288296E+01 -.162547E+01 -.829496E+01 0.334839E+02
 0.448422E+01 -.288293E+01 -.166292E+01 -.691636E+01 0.327968E+02
 0.478100E+01 -.288447E+01 -.166093E+01 -.797797E+01 0.327727E+02
 0.500000E+01 -.288180E+01 -.166026E+01 -.791068E+01 0.328213E+02
 0.487503E+01 -.288567E+01 -.170781E+01 -.788490E+01 0.341375E+02
 0.465252E+01 -.290205E+01 -.165762E+01 -.753496E+01 0.358493E+02
 0.490488E+01 -.288397E+01 -.166103E+01 -.809717E+01 0.327777E+02
 0.480163E+01 -.288407E+01 -.166162E+01 -.844111E+01 0.327707E+02
 0.481510E+01 -.288559E+01 -.166511E+01 -.613101E+01 0.328190E+02
 0.477399E+01 -.288266E+01 -.164649E+01 -.793444E+01 0.329197E+02
 0.494610E+01 -.288299E+01 -.164593E+01 -.805153E+01 0.329187E+02
 0.481025E+01 -.288406E+01 -.166147E+01 -.799253E+01 0.327705E+02
 0.484034E+01 -.285323E+01 -.165235E+01 -.982955E+01 0.421749E+02
 0.481022E+01 -.288376E+01 -.166075E+01 -.121826E+02 0.327732E+02
 0.480038E+01 -.288407E+01 -.166157E+01 -.605492E+01 0.327714E+02
 0.480798E+01 -.288009E+01 -.166503E+01 -.825963E+01 0.329069E+02
 0.480171E+01 -.288387E+01 -.166299E+01 -.786608E+01 0.327724E+02
 0.478399E+01 -.288320E+01 -.171387E+01 -.672292E+01 0.343577E+02
 0.480783E+01 -.288391E+01 -.166253E+01 -.826028E+01 0.327690E+02
 0.476477E+01 -.288402E+01 -.166087E+01 -.803083E+01 0.327721E+02
 0.481196E+01 -.288416E+01 -.176179E+01 -.801285E+01 0.389575E+02
 0.480513E+01 -.288399E+01 -.166163E+01 -.794096E+01 0.327726E+02
 0.481941E+01 -.288452E+01 -.166080E+01 -.794076E+01 0.327770E+02
 0.479966E+01 -.288582E+01 -.166185E+01 -.808709E+01 0.328032E+02
 0.490516E+01 -.288322E+01 -.166159E+01 -.779547E+01 0.327842E+02
 0.494275E+01 -.286890E+01 -.166133E+01 -.686711E+01 0.349380E+02
 0.458034E+01 -.288964E+01 -.168097E+01 -.876322E+01 0.334031E+02
 0.481543E+01 -.288405E+01 -.167035E+01 -.767588E+01 0.328275E+02
 0.476991E+01 -.288423E+01 -.167520E+01 -.796072E+01 0.328882E+02
 0.476045E+01 -.288235E+01 -.162450E+01 -.845133E+01 0.335690E+02
 0.476150E+01 -.288396E+01 -.166159E+01 -.795865E+01 0.327724E+02
 0.480746E+01 -.288778E+01 -.167404E+01 -.719167E+01 0.330369E+02
 0.480919E+01 -.288369E+01 -.166071E+01 -.756743E+01 0.327715E+02
 0.469410E+01 -.288405E+01 -.166135E+01 -.793051E+01 0.327720E+02
 0.492418E+01 -.288642E+01 -.166159E+01 -.787450E+01 0.328379E+02
 0.479266E+01 -.288100E+01 -.166398E+01 -.793409E+01 0.328522E+02
 0.480192E+01 -.288407E+01 -.166275E+01 -.794987E+01 0.327721E+02
 0.492896E+01 -.288402E+01 -.166192E+01 -.803921E+01 0.327737E+02
 0.482624E+01 -.288425E+01 -.166123E+01 -.786031E+01 0.327783E+02
 0.479341E+01 -.288407E+01 -.166103E+01 -.790797E+01 0.327706E+02
 0.481741E+01 -.288401E+01 -.165152E+01 -.792883E+01 0.328254E+02
 0.482545E+01 -.288403E+01 -.166149E+01 -.793194E+01 0.327773E+02
 0.488247E+01 -.288891E+01 -.166058E+01 -.777123E+01 0.330045E+02
 0.463276E+01 -.288096E+01 -.165909E+01 -.130224E+02 0.328658E+02
 0.480714E+01 -.288111E+01 -.166829E+01 -.836537E+01 0.328548E+02
 0.495522E+01 -.288026E+01 -.166201E+01 -.731400E+01 0.329039E+02
 0.480405E+01 -.288404E+01 -.166166E+01 -.796319E+01 0.327708E+02
 0.478072E+01 -.288423E+01 -.166202E+01 -.780207E+01 0.327718E+02
 0.475852E+01 -.288446E+01 -.164497E+01 -.845867E+01 0.329086E+02
 0.480387E+01 -.288412E+01 -.166147E+01 -.797661E+01 0.327708E+02
 0.478719E+01 -.288157E+01 -.166394E+01 -.795838E+01 0.328245E+02
 0.465326E+01 -.286717E+01 -.166127E+01 -.615116E+01 0.354982E+02
 0.481364E+01 -.287621E+01 -.165675E+01 -.790062E+01 0.333810E+02
 0.476315E+01 -.288419E+01 -.166085E+01 -.781715E+01 0.327723E+02
 0.473270E+01 -.288401E+01 -.166207E+01 -.794696E+01 0.327798E+02
 0.480255E+01 -.288415E+01 -.165882E+01 -.785666E+01 0.327732E+02
 0.481283E+01 -.288365E+01 -.165932E+01 -.812516E+01 0.327784E+02
 0.480444E+01 -.288253E+01 -.167697E+01 -.819626E+01 0.329067E+02
 0.493149E+01 -.288411E+01 -.166172E+01 -.849267E+01 0.327728E+02
 0.494225E+01 -.288438E+01 -.166195E+01 -.775755E+01 0.327701E+02
 0.493666E+01 -.289158E+01 -.164572E+01 -.790498E+01 0.333455E+02
 0.494604E+01 -.288667E+01 -.166154E+01 -.807066E+01 0.328391E+02
 0.486708E+01 -.288397E+01 -.166350E+01 -.741892E+01 0.327837E+02
 0.480246E+01 -.288431E+01 -.166316E+01 -.813629E+01 0.327742E+02
 0.500000E+01 -.290760E+01 -.161088E+01 -.754680E+01 0.382340E+02
 0.483029E+01 -.288375E+01 -.166293E+01 -.801181E+01 0.327788E+02
 0.480486E+01 -.288530E+01 -.166126E+01 -.815992E+01 0.327884E+02
 0.480258E+01 -.288423E+01 -.166164E+01 -.783090E+01 0.327712E+02
 0.480942E+01 -.288323E+01 -.166246E+01 -.794737E+01 0.327781E+02
 0.481222E+01 -.288448E+01 -.166891E+01 -.835160E+01 0.328084E+02
 0.479530E+01 -.288384E+01 -.166196E+01 -.792129E+01 0.327711E+02
 0.480466E+01 -.288402E+01 -.166441E+01 -.794605E+01 0.327768E+02
 0.480359E+01 -.288395E+01 -.166139E+01 -.791321E+01 0.327707E+02
 0.459775E+01 -.288675E+01 -.166191E+01 -.879248E+01 0.328760E+02
 0.488191E+01 -.288403E+01 -.166158E+01 -.769867E+01 0.327745E+02
 0.478442E+01 -.288387E+01 -.166173E+01 -.752599E+01 0.327709E+02
 0.479048E+01 -.288609E+01 -.166154E+01 -.777289E+01 0.328124E+02
 0.500000E+01 -.288384E+01 -.166128E+01 -.793138E+01 0.327762E+02
 0.482617E+01 -.287656E+01 -.171459E+01 -.798747E+01 0.345791E+02
 0.492153E+01 -.287830E+01 -.166778E+01 -.794184E+01 0.330599E+02
 0.479992E+01 -.288887E+01 -.171669E+01 -.795628E+01 0.350378E+02
 0.480340E+01 -.288320E+01 -.166167E+01 -.744295E+01 0.327764E+02
 0.487616E+01 -.288400E+01 -.166142E+01 -.810635E+01 0.327769E+02
 0.481700E+01 -.288431E+01 -.166052E+01 -.837159E+01 0.327754E+02
 0.488376E+01 -.288492E+01 -.166199E+01 -.730836E+01 0.327882E+02
 0.471353E+01 -.288402E+01 -.166190E+01 -.833173E+01 0.327742E+02
 0.483371E+01 -.288368E+01 -.169514E+01 -.801157E+01 0.334250E+02
 0.479250E+01 -.288521E+01 -.166198E+01 -.783159E+01 0.327856E+02
 0.485846E+01 -.288426E+01 -.166158E+01 -.740166E+01 0.327806E+02
 0.480362E+01 -.288470E+01 -.166713E+01 -.789219E+01 0.327947E+02
 0.500000E+01 -.288389E+01 -.165651E+01 -.794726E+01 0.327865E+02
 0.477491E+01 -.288403E+01 -.165368E+01 -.794603E+01 0.327980E+02
 0.480501E+01 -.288406E+01 -.166646E+01 -.789095E+01 0.327823E+02
 0.500000E+01 -.288425E+01 -.166117E+01 -.789330E+01 0.327768E+02
 0.479976E+01 -.288404E+01 -.166158E+01 -.794029E+01 0.327707E+02
 0.481375E+01 -.288395E+01 -.165877E+01 -.796196E+01 0.327785E+02
 0.492761E+01 -.288778E+01 -.166189E+01 -.791821E+01 0.329139E+02
 0.480475E+01 -.288237E+01 -.166356E+01 -.795840E+01 0.327956E+02
 0.488381E+01 -.288437E+01 -.166632E+01 -.805657E+01 0.327965E+02
 0.480808E+01 -.288235E+01 -.166218E+01 -.795289E+01 0.327971E+02
 0.476006E+01 -.288240E+01 -.159870E+01 -.793483E+01 0.349017E+02
 0.495426E+01 -.288397E+01 -.166157E+01 -.775173E+01 0.327793E+02
 0.480002E+01 -.288416E+01 -.166153E+01 -.795700E+01 0.327709E+02
 0.471743E+01 -.291718E+01 -.163142E+01 -.864882E+01 0.424749E+02
 0.480803E+01 -.288243E+01 -.169733E+01 -.809305E+01 0.334875E+02
 0.481632E+01 -.288400E+01 -.166164E+01 -.866050E+01 0.327741E+02
 0.496360E+01 -.288409E+01 -.166110E+01 -.795122E+01 0.327783E+02
 0.481359E+01 -.288397E+01 -.166193E+01 -.753578E+01 0.327752E+02
 0.486934E+01 -.288150E+01 -.166071E+01 -.789345E+01 0.328354E+02
 0.472117E+01 -.288435E+01 -.166234E+01 -.802733E+01 0.327836E+02
 0.483798E+01 -.288406E+01 -.166268E+01 -.749434E+01 0.328293E+02
 0.477310E+01 -.288530E+01 -.166680E+01 -.550000E+01 0.328136E+02
 0.500000E+01 -.288359E+01 -.166078E+01 -.783836E+01 0.327759E+02
 0.480444E+01 -.288385E+01 -.167038E+01 -.806586E+01 0.328129E+02
 0.476902E+01 -.288408E+01 -.166168E+01 -.794324E+01 0.327709E+02
 0.488922E+01 -.288227E+01 -.166493E+01 -.787005E+01 0.328032E+02
 0.478316E+01 -.288400E+01 -.166024E+01 -.793592E+01 0.327711E+02
 0.480552E+01 -.288394E+01 -.166089E+01 -.794968E+01 0.327725E+02
 0.500000E+01 -.288401E+01 -.164808E+01 -.898131E+01 0.328650E+02
 0.480452E+01 -.288472E+01 -.166603E+01 -.807261E+01 0.327876E+02
 0.485196E+01 -.288393E+01 -.166239E+01 -.793980E+01 0.327719E+02
 0.480380E+01 -.288392E+01 -.166210E+01 -.789231E+01 0.327711E+02
 0.453826E+01 -.289162E+01 -.165955E+01 -.805860E+01 0.333231E+02
 0.478357E+01 -.287524E+01 -.166739E+01 -.789527E+01 0.334719E+02
 0.443156E+01 -.288643E+01 -.165718E+01 -.807564E+01 0.328423E+02
 0.479548E+01 -.288473E+01 -.166113E+01 -.873565E+01 0.327755E+02
 0.475929E+01 -.288372E+01 -.166129E+01 -.771739E+01 0.327716E+02
 0.471849E+01 -.288487E+01 -.155618E+01 -.779746E+01 0.381182E+02
 0.495714E+01 -.288550E+01 -.166185E+01 -.838643E+01 0.327958E+02
 0.467204E+01 -.288304E+01 -.166546E+01 -.802444E+01 0.327880E+02
 0.483968E+01 -.287966E+01 -.168530E+01 -.897189E+01 0.332037E+02
 0.495168E+01 -.288397E+01 -.166211E+01 -.770525E+01 0.327750E+02
 0.350000E+01 -.288403E+01 -.169468E+01 -.805203E+01 0.334308E+02
 0.495495E+01 -.288420E+01 -.166192E+01 -.794238E+01 0.327769E+02
 0.483369E+01 -.288299E+01 -.160322E+01 -.793819E+01 0.345640E+02
 0.476433E+01 -.288400E+01 -.166142E+01 -.750699E+01 0.327721E+02
 0.482196E+01 -.288455E+01 -.166159E+01 -.781856E+01 0.327720E+02
 0.480827E+01 -.288403E+01 -.166199E+01 -.790057E+01 0.327729E+02
 0.395782E+01 -.288346E+01 -.165770E+01 -.779270E+01 0.327909E+02
 0.477355E+01 -.288970E+01 -.166389E+01 -.733359E+01 0.330930E+02
 0.428764E+01 -.288228E+01 -.166011E+01 -.720163E+01 0.328169E+02
 0.477217E+01 -.288376E+01 -.165970E+01 -.797136E+01 0.327726E+02
 0.350000E+01 -.288622E+01 -.166086E+01 -.792880E+01 0.328363E+02
 0.495119E+01 -.288380E+01 -.164856E+01 -.778391E+01 0.328638E+02
 0.490801E+01 -.288379E+01 -.166146E+01 -.770184E+01 0.327747E+02
 0.480723E+01 -.288404E+01 -.166167E+01 -.837862E+01 0.327726E+02
 0.480503E+01 -.288348E+01 -.165534E+01 -.702267E+01 0.327942E+02
 0.483192E+01 -.288548E+01 -.166730E+01 -.761480E+01 0.328331E+02
 0.500000E+01 -.288318E+01 -.167476E+01 -.811960E+01 0.328700E+02
 0.500000E+01 -.288390E+01 -.166141E+01 -.798783E+01 0.327762E+02
 0.475971E+01 -.290143E+01 -.165450E+01 -.101864E+02 0.354922E+02
 0.480289E+01 -.288372E+01 -.167042E+01 -.134316E+02 0.328128E+02
 0.481989E+01 -.288225E+01 -.166148E+01 -.568547E+01 0.328048E+02
 0.480674E+01 -.288338E+01 -.166139E+01 -.787227E+01 0.327760E+02
 0.479288E+01 -.288343E+01 -.166281E+01 -.794119E+01 0.327744E+02
 0.479531E+01 -.288430E+01 -.166165E+01 -.815292E+01 0.327717E+02
 0.494780E+01 -.288385E+01 -.166119E+01 -.826184E+01 0.327700E+02
 0.481666E+01 -.288607E+01 -.168743E+01 -.907714E+01 0.332574E+02
 0.480459E+01 -.288401E+01 -.166158E+01 -.794912E+01 0.327725E+02
 0.474119E+01 -.288390E+01 -.166219E+01 -.793249E+01 0.327729E+02
 0.480325E+01 -.288338E+01 -.166361E+01 -.807234E+01 0.327763E+02
 0.477398E+01 -.288362E+01 -.166196E+01 -.785711E+01 0.327721E+02
 0.500000E+01 -.289150E+01 -.166237E+01 -.677105E+01 0.333147E+02
 0.427863E+01 -.288752E+01 -.166340E+01 -.828311E+01 0.329062E+02
 0.477069E+01 -.288471E+01 -.166678E+01 -.745625E+01 0.327968E+02
 0.478210E+01 -.288405E+01 -.169104E+01 -.797186E+01 0.332802E+02
 0.474625E+01 -.288776E+01 -.161781E+01 -.648138E+01 0.337477E+02
 0.479685E+01 -.288400E+01 -.166157E+01 -.795210E+01 0.327707E+02
 0.480486E+01 -.288476E+01 -.166283E+01 -.737902E+01 0.327747E+02
 0.477917E+01 -.288382E+01 -.166062E+01 -.759416E+01 0.327712E+02
 0.473202E+01 -.288406E+01 -.166151E+01 -.796905E+01 0.327763E+02
 0.500000E+01 -.288215E+01 -.166133E+01 -.777185E+01 0.328072E+02
 0.480138E+01 -.288801E+01 -.166492E+01 -.792411E+01 0.329428E+02
 0.462184E+01 -.288410E+01 -.165968E+01 -.794025E+01 0.327768E+02
 0.498166E+01 -.288402E+01 -.166127E+01 -.788189E+01 0.327710E+02
 0.498577E+01 -.288425E+01 -.166218E+01 -.795015E+01 0.327776E+02
 0.479386E+01 -.288404E+01 -.166223E+01 -.794561E+01 0.327713E+02
 0.482062E+01 -.288408E+01 -.166210E+01 -.793807E+01 0.327777E+02
 0.483407E+01 -.288400E+01 -.166138E+01 -.790048E+01 0.327815E+02
 0.487984E+01 -.289744E+01 -.164132E+01 -.772809E+01 0.344508E+02
 0.463045E+01 -.288279E+01 -.166087E+01 -.900143E+01 0.327878E+02
 0.480090E+01 -.288650E+01 -.166513E+01 -.821616E+01 0.328469E+02
 0.494188E+01 -.286386E+01 -.166217E+01 -.852436E+01 0.366162E+02
 0.480353E+01 -.288406E+01 -.166160E+01 -.794615E+01 0.327708E+02
 0.500000E+01 -.288390E+01 -.166231E+01 -.806456E+01 0.327768E+02
 0.470921E+01 -.288446E+01 -.165925E+01 -.838379E+01 0.327769E+02
 0.480398E+01 -.288409E+01 -.166102E+01 -.790271E+01 0.327707E+02
 0.484938E+01 -.288596E+01 -.167133E+01 -.794240E+01 0.328933E+02
 0.500000E+01 -.288875E+01 -.165925E+01 -.594293E+01 0.329827E+02
 0.480111E+01 -.288309E+01 -.166075E+01 -.756463E+01 0.327788E+02
 0.494197E+01 -.288413E+01 -.166075E+01 -.781695E+01 0.327759E+02
 0.495916E+01 -.288402E+01 -.166086E+01 -.797648E+01 0.327766E+02
 0.480646E+01 -.288408E+01 -.165937E+01 -.788512E+01 0.327720E+02
 0.480867E+01 -.288366E+01 -.166038E+01 -.814668E+01 0.327720E+02
 0.479889E+01 -.288255E+01 -.168591E+01 -.802367E+01 0.331045E+02
 0.482456E+01 -.288401E+01 -.166169E+01 -.814496E+01 0.327780E+02
 0.485967E+01 -.288448E+01 -.165685E+01 -.774179E+01 0.327904E+02
 0.483547E+01 -.287953E+01 -.165821E+01 -.786616E+01 0.329777E+02
 0.499487E+01 -.288880E+01 -.166142E+01 -.811598E+01 0.329912E+02
 0.486418E+01 -.288416E+01 -.166195E+01 -.830174E+01 0.327816E+02
 0.497614E+01 -.288424E+01 -.166275E+01 -.800180E+01 0.327786E+02
 0.390532E+01 -.287319E+01 -.166282E+01 -.994939E+01 0.338835E+02
 0.482401E+01 -.288433E+01 -.166254E+01 -.802161E+01 0.327815E+02
 0.480468E+01 -.288623E+01 -.166243E+01 -.802909E+01 0.328226E+02
 0.480287E+01 -.288437E+01 -.166136E+01 -.798174E+01 0.327718E+02
 0.481126E+01 -.288519E+01 -.166788E+01 -.793944E+01 0.328153E+02
 0.480355E+01 -.288549E+01 -.165645E+01 -.861519E+01 0.327953E+02
 0.478658E+01 -.288387E+01 -.166142E+01 -.798114E+01 0.327708E+02
 0.480483E+01 -.288404E+01 -.166183E+01 -.794418E+01 0.327670E+02
 0.480973E+01 -.288378E+01 -.166162E+01 -.789972E+01 0.327730E+02
 0.488275E+01 -.288392E+01 -.166157E+01 -.903201E+01 0.327743E+02
 0.487236E+01 -.288408E+01 -.166155E+01 -.771832E+01 0.327795E+02
 0.476529E+01 -.288413E+01 -.166154E+01 -.744033E+01 0.327722E+02
 0.481011E+01 -.290975E+01 -.165980E+01 -.789923E+01 0.388281E+02
 0.470512E+01 -.288406E+01 -.166118E+01 -.806542E+01 0.327751E+02
 0.479782E+01 -.287951E+01 -.156627E+01 -.777083E+01 0.378038E+02
 0.474839E+01 -.288842E+01 -.165910E+01 -.795068E+01 0.329518E+02
 0.479239E+01 -.288992E+01 -.160863E+01 -.797421E+01 0.342620E+02
 0.479804E+01 -.288463E+01 -.166149E+01 -.608493E+01 0.327752E+02
 0.500000E+01 -.288399E+01 -.166174E+01 -.741393E+01 0.327764E+02
 0.480975E+01 -.288417E+01 -.166176E+01 -.846097E+01 0.327730E+02
 0.486448E+01 -.288516E+01 -.166223E+01 -.596308E+01 0.327978E+02
 0.467249E+01 -.288390E+01 -.166165E+01 -.931609E+01 0.327750E+02
 0.479215E+01 -.288488E+01 -.168484E+01 -.794929E+01 0.331170E+02
 0.487552E+01 -.288776E+01 -.166226E+01 -.789523E+01 0.329199E+02
 0.487544E+01 -.288444E+01 -.165983E+01 -.811173E+01 0.327796E+02
 0.483209E+01 -.287907E+01 -.162720E+01 -.792369E+01 0.337523E+02
 0.480800E+01 -.288376E+01 -.166305E+01 -.804450E+01 0.327746E+02
 0.478958E+01 -.288400E+01 -.166344E+01 -.789437E+01 0.327736E+02
 0.478519E+01 -.288392E+01 -.166142E+01 -.780597E+01 0.327707E+02
 0.492868E+01 -.288403E+01 -.166214E+01 -.787156E+01 0.327739E+02
 0.481782E+01 -.288407E+01 -.166153E+01 -.819739E+01 0.327743E+02
 0.480813E+01 -.288398E+01 -.166320E+01 -.793655E+01 0.327703E+02
 0.498723E+01 -.286120E+01 -.166183E+01 -.799859E+01 0.377364E+02
 0.480479E+01 -.288313E+01 -.166347E+01 -.794927E+01 0.327749E+02
 0.490920E+01 -.288444E+01 -.166393E+01 -.821551E+01 0.327823E+02
 0.480578E+01 -.288431E+01 -.166106E+01 -.795177E+01 0.327714E+02
 0.475831E+01 -.288392E+01 -.166164E+01 -.784724E+01 0.327708E+02
 0.481301E+01 -.288406E+01 -.166123E+01 -.788958E+01 0.327757E+02
 0.483099E+01 -.287491E+01 -.164865E+01 -.814447E+01 0.337260E+02
 0.463022E+01 -.288424E+01 -.168596E+01 -.770682E+01 0.331362E+02
 0.481765E+01 -.288404E+01 -.166159E+01 -.788237E+01 0.327743E+02
 0.492517E+01 -.288415E+01 -.166121E+01 -.795767E+01 0.327731E+02
 0.480109E+01 -.288407E+01 -.166184E+01 -.689887E+01 0.327710E+02
 0.500000E+01 -.288437E+01 -.167349E+01 -.793711E+01 0.328612E+02
 0.475518E+01 -.288431E+01 -.166183E+01 -.792188E+01 0.328027E+02
 0.479495E+01 -.288412E+01 -.166409E+01 -.702938E+01 0.327760E+02
 0.476651E+01 -.288315E+01 -.165927E+01 -.836835E+01 0.327807E+02
 0.458856E+01 -.288405E+01 -.166078E+01 -.785206E+01 0.327764E+02
 0.480791E+01 -.288404E+01 -.165595E+01 -.789146E+01 0.327848E+02
 0.478851E+01 -.288409E+01 -.166164E+01 -.813406E+01 0.327709E+02
 0.482247E+01 -.288444E+01 -.166162E+01 -.788554E+01 0.327811E+02
 0.480532E+01 -.288424E+01 -.166156E+01 -.793651E+01 0.327732E+02
 0.480272E+01 -.288399E+01 -.166001E+01 -.794775E+01 0.327712E+02
 0.388411E+01 -.288404E+01 -.167288E+01 -.804574E+01 0.328496E+02
 0.479813E+01 -.288527E+01 -.166125E+01 -.810353E+01 0.327858E+02
 0.473691E+01 -.288920E+01 -.165328E+01 -.745047E+01 0.330482E+02
 0.484141E+01 -.288401E+01 -.166204E+01 -.794543E+01 0.328297E+02
 0.477649E+01 -.288386E+01 -.166192E+01 -.778313E+01 0.327711E+02
 0.438690E+01 -.289128E+01 -.166157E+01 -.803618E+01 0.332819E+02
 0.474269E+01 -.290494E+01 -.166155E+01 -.819327E+01 0.368297E+02
 0.394877E+01 -.288482E+01 -.165891E+01 -.809569E+01 0.327905E+02
 0.480924E+01 -.288449E+01 -.166167E+01 -.851710E+01 0.327751E+02
 0.462883E+01 -.288376E+01 -.166053E+01 -.744752E+01 0.327710E+02
 0.464484E+01 -.288312E+01 -.175471E+01 -.792175E+01 0.379966E+02
 0.500000E+01 -.288527E+01 -.163794E+01 -.802901E+01 0.330491E+02
 0.500000E+01 -.287995E+01 -.166164E+01 -.763798E+01 0.329274E+02
 0.500000E+01 -.288195E+01 -.166105E+01 -.805695E+01 0.328151E+02
 0.486227E+01 -.285772E+01 -.167737E+01 -.771860E+01 0.391381E+02
 0.479885E+01 -.288399E+01 -.166120E+01 -.780476E+01 0.327705E+02
 0.306586E+01 -.288405E+01 -.167574E+01 -.831076E+01 0.329358E+02
 0.481129E+01 -.288364E+01 -.166183E+01 -.785291E+01 0.327696E+02
 0.488033E+01 -.288548E+01 -.155459E+01 -.799872E+01 0.382474E+02
 0.500000E+01 -.288409E+01 -.166150E+01 -.802907E+01 0.327764E+02
 0.489427E+01 -.288321E+01 -.166189E+01 -.793048E+01 0.327755E+02
 0.480716E+01 -.288405E+01 -.166204E+01 -.793823E+01 0.327729E+02
 0.500000E+01 -.288397E+01 -.169639E+01 -.837932E+01 0.334813E+02
 0.475579E+01 -.288664E+01 -.169725E+01 -.752090E+01 0.336699E+02
 0.484869E+01 -.288463E+01 -.165954E+01 -.114481E+02 0.327792E+02
 0.477920E+01 -.288369E+01 -.165970E+01 -.796030E+01 0.327730E+02
 0.477215E+01 -.288676E+01 -.166139E+01 -.796266E+01 0.328429E+02
 0.481815E+01 -.288258E+01 -.162168E+01 -.790493E+01 0.336597E+02
 0.487273E+01 -.288396E+01 -.166185E+01 -.729303E+01 0.327771E+02
 0.480544E+01 -.288404E+01 -.166156E+01 -.770559E+01 0.327726E+02
 0.479940E+01 -.288197E+01 -.165392E+01 -.981828E+01 0.328493E+02
 0.480812E+01 -.288547E+01 -.167582E+01 -.799232E+01 0.329343E+02
 0.480169E+01 -.288821E+01 -.165636E+01 -.932389E+01 0.329294E+02
 0.466358E+01 -.288402E+01 -.168326E+01 -.780076E+01 0.330477E+02
 0.464686E+01 -.288387E+01 -.166106E+01 -.784788E+01 0.328177E+02
 0.472512E+01 -.291910E+01 -.166457E+01 -.816414E+01 0.441630E+02
 0.479574E+01 -.288416E+01 -.166053E+01 -.818160E+01 0.327709E+02
 0.479462E+01 -.288556E+01 -.166161E+01 -.790249E+01 0.327941E+02
 0.480230E+01 -.288605E+01 -.165949E+01 -.819570E+01 0.328082E+02
 0.478914E+01 -.288431E+01 -.166161E+01 -.791949E+01 0.327718E+02
 0.479946E+01 -.288407E+01 -.166143E+01 -.792070E+01 0.327706E+02
 0.497496E+01 -.288403E+01 -.166125E+01 -.732020E+01 0.327757E+02
 0.481383E+01 -.288435E+01 -.159808E+01 -.876067E+01 0.348026E+02
 0.480437E+01 -.288411E+01 -.166155E+01 -.794942E+01 0.327726E+02
 0.469193E+01 -.288353E+01 -.166233E+01 -.794238E+01 0.327775E+02
 0.480713E+01 -.288244E+01 -.166299E+01 -.801661E+01 0.327897E+02
 0.468221E+01 -.288424E+01 -.166223E+01 -.796855E+01 0.327776E+02
 0.470061E+01 -.289212E+01 -.166211E+01 -.792378E+01 0.334010E+02
 0.428180E+01 -.288133E+01 -.164961E+01 -.812156E+01 0.329354E+02
 0.478723E+01 -.288420E+01 -.165186E+01 -.771734E+01 0.328133E+02
 0.479260E+01 -.288387E+01 -.165148E+01 -.820240E+01 0.328197E+02
 0.476509E+01 -.287984E+01 -.171746E+01 -.645579E+01 0.345614E+02
 0.483538E+01 -.288405E+01 -.166156E+01 -.794221E+01 0.327817E+02
 0.480286E+01 -.288228E+01 -.165380E+01 -.767033E+01 0.328374E+02
 0.476194E+01 -.288398E+01 -.166169E+01 -.780999E+01 0.327723E+02
 0.478015E+01 -.288415E+01 -.166197E+01 -.800517E+01 0.327714E+02
 0.465386E+01 -.288158E+01 -.166149E+01 -.768024E+01 0.328845E+02
 0.480710E+01 -.289062E+01 -.166134E+01 -.794074E+01 0.331813E+02
 0.451635E+01 -.288406E+01 -.165967E+01 -.793973E+01 0.327765E+02
 0.474341E+01 -.288405E+01 -.166069E+01 -.789321E+01 0.327724E+02
 0.500000E+01 -.288376E+01 -.166215E+01 -.751266E+01 0.327769E+02
 0.481516E+01 -.288398E+01 -.166293E+01 -.793560E+01 0.327792E+02
 0.480599E+01 -.288409E+01 -.166986E+01 -.732541E+01 0.328096E+02
 0.483124E+01 -.288399E+01 -.166139E+01 -.789962E+01 0.327844E+02
 0.476851E+01 -.288395E+01 -.163402E+01 -.797512E+01 0.331623E+02
 0.483720E+01 -.288549E+01 -.166309E+01 -.103256E+02 0.328582E+02
 0.480429E+01 -.288430E+01 -.166162E+01 -.758339E+01 0.327678E+02
 0.483301E+01 -.289910E+01 -.166141E+01 -.939843E+01 0.349246E+02
 0.480382E+01 -.288406E+01 -.166160E+01 -.793225E+01 0.327708E+02
 0.480020E+01 -.288079E+01 -.156348E+01 -.756187E+01 0.378721E+02
 0.466044E+01 -.288382E+01 -.166242E+01 -.795785E+01 0.327721E+02
 0.477176E+01 -.288430E+01 -.167146E+01 -.812054E+01 0.328358E+02
 0.480437E+01 -.288403E+01 -.166117E+01 -.784813E+01 0.327724E+02
 0.489479E+01 -.288818E+01 -.166627E+01 -.793481E+01 0.329721E+02
 0.475077E+01 -.289355E+01 -.165904E+01 -.694145E+01 0.336547E+02
 0.479374E+01 -.288883E+01 -.166400E+01 -.772057E+01 0.330061E+02
 0.492785E+01 -.288404E+01 -.166110E+01 -.791538E+01 0.327733E+02
 0.494647E+01 -.288401E+01 -.166166E+01 -.786314E+01 0.327700E+02
 0.480830E+01 -.288398E+01 -.166221E+01 -.791758E+01 0.327731E+02
 0.480675E+01 -.288392E+01 -.166250E+01 -.768217E+01 0.327690E+02
 0.480392E+01 -.288285E+01 -.163465E+01 -.803417E+01 0.331845E+02
 0.466825E+01 -.288404E+01 -.166152E+01 -.792289E+01 0.327758E+02
 0.475198E+01 -.288414E+01 -.165725E+01 -.803215E+01 0.328126E+02
 0.474611E+01 -.287719E+01 -.166716E+01 -.794370E+01 0.331927E+02
 0.479463E+01 -.288430E+01 -.166151E+01 -.804301E+01 0.327716E+02
 0.485827E+01 -.288422E+01 -.166059E+01 -.796256E+01 0.327801E+02
 0.489617E+01 -.288363E+01 -.166127E+01 -.796327E+01 0.327713E+02
 0.477395E+01 -.291968E+01 -.166836E+01 -.756776E+01 0.445878E+02
 0.477056E+01 -.288398E+01 -.166189E+01 -.798640E+01 0.327710E+02
 0.480478E+01 -.288321E+01 -.166153E+01 -.802029E+01 0.327781E+02
 0.480270E+01 -.288373E+01 -.166103E+01 -.798060E+01 0.327712E+02
 0.473352E+01 -.287011E+01 -.162589E+01 -.790669E+01 0.356783E+02
 0.480475E+01 -.288443E+01 -.166018E+01 -.794877E+01 0.327724E+02
 0.479806E+01 -.288383E+01 -.165351E+01 -.773727E+01 0.328019E+02
 0.479208E+01 -.288422E+01 -.166111E+01 -.799089E+01 0.327710E+02
 0.480490E+01 -.288406E+01 -.165961E+01 -.794309E+01 0.327718E+02
 0.481020E+01 -.288410E+01 -.166148E+01 -.789185E+01 0.327706E+02
 0.500000E+01 -.288237E+01 -.166092E+01 -.792655E+01 0.328006E+02
 0.472918E+01 -.288413E+01 -.166174E+01 -.809450E+01 0.327799E+02
 0.475687E+01 -.288427E+01 -.166161E+01 -.781080E+01 0.327686E+02
 0.480510E+01 -.289044E+01 -.166268E+01 -.800433E+01 0.331703E+02
 0.465862E+01 -.288411E+01 -.166124E+01 -.791774E+01 0.327725E+02
 0.473364E+01 -.288742E+01 -.163431E+01 -.776251E+01 0.331963E+02
 0.450645E+01 -.288866E+01 -.163717E+01 -.795136E+01 0.331972E+02
 0.481765E+01 -.288273E+01 -.162793E+01 -.796293E+01 0.334082E+02
 0.480369E+01 -.288481E+01 -.166096E+01 -.611269E+01 0.327773E+02
 0.473527E+01 -.288392E+01 -.166191E+01 -.738716E+01 0.327770E+02
 0.480494E+01 -.288397E+01 -.166162E+01 -.790261E+01 0.327668E+02
 0.485503E+01 -.288340E+01 -.166203E+01 -.608611E+01 0.327777E+02
 0.489033E+01 -.288386E+01 -.166139E+01 -.586793E+01 0.327770E+02
 0.491063E+01 -.288557E+01 -.162025E+01 -.791355E+01 0.336179E+02
 0.482520E+01 -.288060E+01 -.166189E+01 -.789767E+01 0.328753E+02
 0.486381E+01 -.288426E+01 -.166078E+01 -.794170E+01 0.327802E+02
 0.485066E+01 -.288272E+01 -.167245E+01 -.793275E+01 0.328495E+02
 0.466118E+01 -.288380E+01 -.166762E+01 -.811243E+01 0.328009E+02
 0.481333E+01 -.288401E+01 -.166952E+01 -.786994E+01 0.328178E+02
 0.477281E+01 -.288394E+01 -.165703E+01 -.776279E+01 0.327785E+02
 0.489095E+01 -.288390E+01 -.166144E+01 -.783274E+01 0.327799E+02
 0.481669E+01 -.288403E+01 -.166153E+01 -.815689E+01 0.327742E+02
 0.480383E+01 -.288407E+01 -.166514E+01 -.792927E+01 0.327766E+02
 0.485990E+01 -.287214E+01 -.166163E+01 -.776250E+01 0.340973E+02
 0.480481E+01 -.288496E+01 -.166029E+01 -.796314E+01 0.327789E+02
 0.494250E+01 -.288379E+01 -.166096E+01 -.787239E+01 0.327683E+02
 0.480372E+01 -.288562E+01 -.166073E+01 -.794412E+01 0.327948E+02
 0.478992E+01 -.289452E+01 -.166363E+01 -.789753E+01 0.338287E+02
 0.470916E+01 -.288405E+01 -.166166E+01 -.828449E+01 0.327753E+02
 0.481158E+01 -.288398E+01 -.166126E+01 -.787738E+01 0.327709E+02
 0.457069E+01 -.288395E+01 -.164145E+01 -.753444E+01 0.329780E+02
 0.481349E+01 -.288404E+01 -.166157E+01 -.779715E+01 0.327750E+02
 0.472948E+01 -.288413E+01 -.166111E+01 -.794803E+01 0.327764E+02
 0.480508E+01 -.288398E+01 -.166139E+01 -.768505E+01 0.327667E+02
 0.475175E+01 -.288251E+01 -.165955E+01 -.792380E+01 0.328258E+02
 0.481886E+01 -.288412E+01 -.165915E+01 -.792578E+01 0.327778E+02
 0.495052E+01 -.288416E+01 -.166145E+01 -.793984E+01 0.327751E+02
 0.476413E+01 -.288203E+01 -.165748E+01 -.791322E+01 0.328256E+02
 0.465458E+01 -.288429E+01 -.166134E+01 -.794359E+01 0.328388E+02
 0.480581E+01 -.288392E+01 -.166310E+01 -.781652E+01 0.327700E+02
 0.480631E+01 -.288404E+01 -.166156E+01 -.814841E+01 0.327726E+02
 0.481583E+01 -.288549E+01 -.165595E+01 -.783899E+01 0.328064E+02
 0.481852E+01 -.288430E+01 -.166234E+01 -.794185E+01 0.327799E+02
 0.480451E+01 -.288414E+01 -.166327E+01 -.794255E+01 0.327695E+02
 0.425246E+01 -.288406E+01 -.167340E+01 -.880872E+01 0.328604E+02
 0.479659E+01 -.288360E+01 -.166189E+01 -.795397E+01 0.327721E+02
 0.472683E+01 -.291474E+01 -.165812E+01 -.743751E+01 0.414009E+02
 0.479096E+01 -.288408E+01 -.166167E+01 -.795021E+01 0.327709E+02
 0.494175E+01 -.288382E+01 -.166102E+01 -.789675E+01 0.327722E+02
 0.431279E+01 -.287589E+01 -.165893E+01 -.776916E+01 0.334051E+02
 0.481342E+01 -.288411E+01 -.165931E+01 -.811142E+01 0.327773E+02
 0.382207E+01 -.288218E+01 -.166410E+01 -.808019E+01 0.328116E+02
 0.480847E+01 -.288400E+01 -.166140E+01 -.744380E+01 0.327725E+02
 0.496294E+01 -.288386E+01 -.166044E+01 -.800995E+01 0.327733E+02
 0.432716E+01 -.288391E+01 -.174213E+01 -.791511E+01 0.366942E+02
 0.469951E+01 -.288618E+01 -.166172E+01 -.765790E+01 0.328205E+02
 0.460207E+01 -.288174E+01 -.165722E+01 -.800280E+01 0.328311E+02
 0.480379E+01 -.286771E+01 -.168178E+01 -.816930E+01 0.352333E+02
 0.496623E+01 -.289632E+01 -.166112E+01 -.802362E+01 0.342140E+02
 0.473337E+01 -.288400E+01 -.166101E+01 -.785265E+01 0.327795E+02
 0.442753E+01 -.288406E+01 -.164851E+01 -.692245E+01 0.328642E+02
 0.483260E+01 -.288389E+01 -.166171E+01 -.755976E+01 0.327782E+02
 0.484608E+01 -.288416E+01 -.166144E+01 -.774823E+01 0.328058E+02
 0.483243E+01 -.288412E+01 -.166151E+01 -.793498E+01 0.327772E+02
 0.480745E+01 -.288405E+01 -.166139E+01 -.795889E+01 0.327725E+02
 0.361601E+01 -.288495E+01 -.164241E+01 -.984578E+01 0.329574E+02
 0.482994E+01 -.288046E+01 -.168774E+01 -.784382E+01 0.332088E+02
 0.500000E+01 -.288563E+01 -.166033E+01 -.127981E+02 0.327992E+02
 0.482790E+01 -.288401E+01 -.166226E+01 -.798331E+01 0.327780E+02
 0.500000E+01 -.288056E+01 -.166163E+01 -.796227E+01 0.328793E+02
 0.473332E+01 -.288522E+01 -.163527E+01 -.791755E+01 0.331213E+02
 0.477308E+01 -.288411E+01 -.166174E+01 -.766273E+01 0.327711E+02
 0.480262E+01 -.288410E+01 -.166145E+01 -.707136E+01 0.327707E+02
 0.480515E+01 -.288153E+01 -.166569E+01 -.889101E+01 0.328279E+02
 0.478900E+01 -.288351E+01 -.165876E+01 -.836531E+01 0.327754E+02
 0.462514E+01 -.288457E+01 -.167738E+01 -.777853E+01 0.329432E+02
 0.482854E+01 -.288407E+01 -.166104E+01 -.739876E+01 0.327774E+02
 0.481974E+01 -.287406E+01 -.166791E+01 -.758188E+01 0.336661E+02
 0.479314E+01 -.288438E+01 -.165377E+01 -.550000E+01 0.328002E+02
 0.478042E+01 -.288614E+01 -.166164E+01 -.735548E+01 0.328150E+02
 0.480148E+01 -.288445E+01 -.166300E+01 -.841535E+01 0.327751E+02
 0.479606E+01 -.288493E+01 -.166066E+01 -.793307E+01 0.327784E+02
 0.479247E+01 -.288070E+01 -.161865E+01 -.980384E+01 0.339424E+02
 0.481490E+01 -.288375E+01 -.166217E+01 -.781997E+01 0.327780E+02
 0.481186E+01 -.288412E+01 -.166148E+01 -.740514E+01 0.327737E+02
 0.481930E+01 -.287864E+01 -.160935E+01 -.822804E+01 0.346771E+02
 0.480492E+01 -.288405E+01 -.166155E+01 -.794040E+01 0.327725E+02
 0.473189E+01 -.288350E+01 -.166178E+01 -.793936E+01 0.327802E+02
 0.480493E+01 -.288322E+01 -.166088E+01 -.795067E+01 0.327726E+02
 0.479402E+01 -.288422E+01 -.166147E+01 -.801202E+01 0.327712E+02
 0.447896E+01 -.288490E+01 -.166154E+01 -.835358E+01 0.327935E+02
 0.422293E+01 -.288055E+01 -.166687E+01 -.810375E+01 0.328844E+02
 0.481538E+01 -.288400E+01 -.165006E+01 -.785037E+01 0.328417E+02
 0.481047E+01 -.288387E+01 -.162908E+01 -.777935E+01 0.333193E+02
 0.478747E+01 -.287823E+01 -.176636E+01 -.737222E+01 0.392758E+02
 0.485549E+01 -.288392E+01 -.166150E+01 -.772456E+01 0.327793E+02
 0.480418E+01 -.288585E+01 -.165741E+01 -.758715E+01 0.328040E+02
 0.480534E+01 -.288410E+01 -.166145E+01 -.786795E+01 0.327725E+02
 0.478514E+01 -.288398E+01 -.166153E+01 -.770222E+01 0.327707E+02
 0.476627E+01 -.288377E+01 -.166161E+01 -.755586E+01 0.327712E+02
 0.480658E+01 -.288369E+01 -.166147E+01 -.777061E+01 0.327732E+02
 0.492704E+01 -.288392E+01 -.165981E+01 -.788462E+01 0.327739E+02
 0.458594E+01 -.288399E+01 -.166074E+01 -.769376E+01 0.327765E+02
 0.472316E+01 -.288378E+01 -.166164E+01 -.739958E+01 0.327804E+02
 0.482108E+01 -.288394E+01 -.166266E+01 -.758249E+01 0.327696E+02
 0.479670E+01 -.288409E+01 -.166442E+01 -.757428E+01 0.327769E+02
 0.482124E+01 -.288391E+01 -.166143E+01 -.778969E+01 0.327694E+02
 0.485192E+01 -.287944E+01 -.166307E+01 -.771581E+01 0.329541E+02
 0.476911E+01 -.288489E+01 -.166319E+01 -.120014E+02 0.327822E+02
 0.480688E+01 -.288264E+01 -.165885E+01 -.720988E+01 0.327935E+02
 0.477114E+01 -.290488E+01 -.166150E+01 -.933581E+01 0.367984E+02
 0.480480E+01 -.288403E+01 -.166157E+01 -.782243E+01 0.327669E+02
 0.480250E+01 -.289463E+01 -.165007E+01 -.776193E+01 0.337828E+02
 0.463458E+01 -.288400E+01 -.166089E+01 -.765995E+01 0.327753E+02
 0.476902E+01 -.288385E+01 -.167194E+01 -.782317E+01 0.328365E+02
 0.480547E+01 -.288398E+01 -.166121E+01 -.781329E+01 0.327724E+02
 0.480414E+01 -.288334E+01 -.165073E+01 -.760294E+01 0.328378E+02
 0.478175E+01 -.288483E+01 -.166046E+01 -.817186E+01 0.327769E+02
 0.480608E+01 -.288654E+01 -.166110E+01 -.766529E+01 0.328311E+02
 0.477488E+01 -.288412E+01 -.166104E+01 -.747197E+01 0.327708E+02
 0.466316E+01 -.288395E+01 -.166243E+01 -.777591E+01 0.327710E+02
 0.480484E+01 -.288404E+01 -.166017E+01 -.787214E+01 0.327710E+02
 0.480347E+01 -.288419E+01 -.166296E+01 -.733246E+01 0.327732E+02
 0.480840E+01 -.288370E+01 -.162768E+01 -.776718E+01 0.333744E+02
 0.468023E+01 -.288402E+01 -.166140E+01 -.802800E+01 0.327742E+02
 0.477997E+01 -.288386E+01 -.166351E+01 -.760210E+01 0.327737E+02
 0.485667E+01 -.288573E+01 -.164248E+01 -.781280E+01 0.329668E+02
 0.483114E+01 -.288080E+01 -.166140E+01 -.749140E+01 0.328723E+02
 0.493945E+01 -.288416E+01 -.166043E+01 -.724856E+01 0.327753E+02
 0.483339E+01 -.288336E+01 -.166020E+01 -.759773E+01 0.327802E+02
 0.409568E+01 -.290509E+01 -.158090E+01 -.106984E+02 0.387463E+02
 0.479532E+01 -.287509E+01 -.171977E+01 -.764435E+01 0.350436E+02
 0.477620E+01 -.288354E+01 -.166190E+01 -.776874E+01 0.327727E+02
 0.480500E+01 -.288122E+01 -.166064E+01 -.779449E+01 0.328469E+02
 0.480138E+01 -.288353E+01 -.166128E+01 -.740371E+01 0.327725E+02
 0.462675E+01 -.286011E+01 -.164806E+01 -.734067E+01 0.386215E+02
 0.480005E+01 -.288358E+01 -.165541E+01 -.769721E+01 0.327906E+02
 0.480423E+01 -.288341E+01 -.165726E+01 -.706353E+01 0.327842E+02
 0.479781E+01 -.288410E+01 -.166114E+01 -.783781E+01 0.327706E+02
 0.480500E+01 -.288395E+01 -.166179E+01 -.757732E+01 0.327726E+02
 0.480674E+01 -.288434E+01 -.166134E+01 -.786887E+01 0.327736E+02
 0.480061E+01 -.288306E+01 -.166089E+01 -.687809E+01 0.327793E+02
 0.465888E+01 -.288414E+01 -.166155E+01 -.782928E+01 0.327728E+02
 0.478685E+01 -.288437E+01 -.166144E+01 -.792371E+01 0.327720E+02
 0.478217E+01 -.286486E+01 -.166346E+01 -.761534E+01 0.362455E+02
 0.493247E+01 -.288399E+01 -.166295E+01 -.764063E+01 0.327742E+02
 0.476306E+01 -.288701E+01 -.170929E+01 -.778216E+01 0.343188E+02
 0.443314E+01 -.288596E+01 -.166046E+01 -.770118E+01 0.328214E+02
 0.483113E+01 -.288450E+01 -.165839E+01 -.756782E+01 0.327906E+02
 0.483554E+01 -.288441E+01 -.166074E+01 -.827521E+01 0.327838E+02
 0.475300E+01 -.288387E+01 -.166152E+01 -.757904E+01 0.328037E+02
 0.480133E+01 -.288383E+01 -.166151E+01 -.740713E+01 0.327708E+02
 0.495242E+01 -.288265E+01 -.166138E+01 -.108345E+02 0.327901E+02
 0.492522E+01 -.288394E+01 -.166133E+01 -.565763E+01 0.327751E+02
 0.496211E+01 -.288389E+01 -.166775E+01 -.773228E+01 0.328007E+02
 0.477639E+01 -.287984E+01 -.166155E+01 -.757215E+01 0.329329E+02
 0.487727E+01 -.288411E+01 -.166020E+01 -.699397E+01 0.327776E+02
 0.477396E+01 -.288691E+01 -.169818E+01 -.782739E+01 0.337319E+02
 0.485120E+01 -.288408E+01 -.166007E+01 -.758866E+01 0.327754E+02
 0.480741E+01 -.288396E+01 -.166665E+01 -.762228E+01 0.327842E+02
 0.477944E+01 -.288399E+01 -.165835E+01 -.767342E+01 0.327733E+02
 0.491682E+01 -.288396E+01 -.165970E+01 -.777356E+01 0.327784E+02
 0.480753E+01 -.288396E+01 -.166148E+01 -.748143E+01 0.327725E+02
 0.480228E+01 -.288398E+01 -.166164E+01 -.765366E+01 0.327706E+02
 0.481622E+01 -.289269E+01 -.166133E+01 -.745372E+01 0.334955E+02
 0.480482E+01 -.288544E+01 -.166205E+01 -.765564E+01 0.327936E+02
 0.487469E+01 -.288343E+01 -.165910E+01 -.749213E+01 0.327822E+02
 0.480429E+01 -.288441E+01 -.166162E+01 -.791862E+01 0.327685E+02
 0.470356E+01 -.288709E+01 -.178632E+01 -.772039E+01 0.429986E+02
 0.500000E+01 -.288400E+01 -.166142E+01 -.826108E+01 0.327761E+02
 0.480837E+01 -.288408E+01 -.166126E+01 -.785406E+01 0.327704E+02
 0.480165E+01 -.290106E+01 -.165624E+01 -.799220E+01 0.354031E+02
 0.489139E+01 -.288246E+01 -.163781E+01 -.759811E+01 0.331650E+02
 0.480824E+01 -.288394E+01 -.166131E+01 -.786664E+01 0.327725E+02
 0.465658E+01 -.288393E+01 -.166089E+01 -.784922E+01 0.328398E+02
 0.480811E+01 -.288391E+01 -.166105E+01 -.828036E+01 0.327704E+02
 0.461083E+01 -.288187E+01 -.165173E+01 -.780406E+01 0.328822E+02
 0.479840E+01 -.288396E+01 -.165822E+01 -.774917E+01 0.327737E+02
 0.486885E+01 -.288408E+01 -.166124E+01 -.765824E+01 0.327795E+02
 0.477465E+01 -.288479E+01 -.166431E+01 -.550000E+01 0.327871E+02
 0.500000E+01 -.288385E+01 -.166140E+01 -.770983E+01 0.327762E+02
 0.480338E+01 -.288384E+01 -.166637E+01 -.764869E+01 0.327854E+02
 0.481019E+01 -.288386E+01 -.166145E+01 -.787298E+01 0.327706E+02
 0.483205E+01 -.288414E+01 -.165889E+01 -.761985E+01 0.327794E+02
 0.480840E+01 -.288427E+01 -.166134E+01 -.778246E+01 0.327732E+02
 0.480610E+01 -.288421E+01 -.166322E+01 -.787212E+01 0.327711E+02
 0.456539E+01 -.288401E+01 -.165416E+01 -.845831E+01 0.327981E+02
 0.480550E+01 -.288266E+01 -.166215E+01 -.783354E+01 0.327828E+02
 0.486616E+01 -.286496E+01 -.165651E+01 -.764362E+01 0.363206E+02
 0.481195E+01 -.288397E+01 -.166150E+01 -.780712E+01 0.327709E+02
 0.495419E+01 -.288392E+01 -.166110E+01 -.783484E+01 0.327793E+02
 0.436546E+01 -.287735E+01 -.166030E+01 -.749825E+01 0.331904E+02
 0.485895E+01 -.286833E+01 -.165846E+01 -.797907E+01 0.351443E+02
 0.488361E+01 -.288228E+01 -.166232E+01 -.789850E+01 0.328019E+02
 0.479752E+01 -.288376E+01 -.166113E+01 -.703158E+01 0.327712E+02
 0.500000E+01 -.288395E+01 -.166158E+01 -.743364E+01 0.327762E+02
 0.458616E+01 -.288439E+01 -.169366E+01 -.745067E+01 0.333900E+02
 0.479561E+01 -.288836E+01 -.166186E+01 -.771152E+01 0.329516E+02
 0.472986E+01 -.288483E+01 -.165962E+01 -.776844E+01 0.327863E+02
 0.480661E+01 -.290402E+01 -.168523E+01 -.843264E+01 0.372191E+02
 0.498897E+01 -.284941E+01 -.166100E+01 -.891911E+01 0.443760E+02
 0.500000E+01 -.288397E+01 -.166122E+01 -.748711E+01 0.327762E+02
 0.500000E+01 -.288398E+01 -.163865E+01 -.691781E+01 0.330486E+02
 0.487094E+01 -.288414E+01 -.166168E+01 -.742002E+01 0.327799E+02
 0.483610E+01 -.288268E+01 -.163721E+01 -.755808E+01 0.331194E+02
 0.480911E+01 -.288409E+01 -.166134E+01 -.720726E+01 0.327726E+02
 0.477198E+01 -.288475E+01 -.166122E+01 -.756262E+01 0.327760E+02
 0.481083E+01 -.288404E+01 -.166108E+01 -.770646E+01 0.327722E+02
 0.290576E+01 -.288530E+01 -.163694E+01 -.747305E+01 0.331021E+02
 0.483629E+01 -.287715E+01 -.167622E+01 -.775275E+01 0.332448E+02
 0.472004E+01 -.288392E+01 -.166093E+01 -.106740E+02 0.327760E+02
 0.484741E+01 -.288409E+01 -.166376E+01 -.765876E+01 0.327797E+02
 0.350000E+01 -.288124E+01 -.166162E+01 -.786673E+01 0.328586E+02
 0.499601E+01 -.288537E+01 -.165420E+01 -.753579E+01 0.328088E+02
 0.500000E+01 -.287243E+01 -.165300E+01 -.746011E+01 0.341631E+02
 0.480380E+01 -.288396E+01 -.166086E+01 -.784576E+01 0.327707E+02
 0.480567E+01 -.288411E+01 -.166125E+01 -.697307E+01 0.327726E+02
 0.481156E+01 -.288464E+01 -.167431E+01 -.675141E+01 0.328775E+02
 0.478871E+01 -.288252E+01 -.164640E+01 -.827588E+01 0.329263E+02
 0.500000E+01 -.288412E+01 -.166229E+01 -.785390E+01 0.327712E+02
 0.495255E+01 -.288408E+01 -.166111E+01 -.732656E+01 0.327788E+02
 0.484294E+01 -.285771E+01 -.164551E+01 -.114135E+02 0.399181E+02
 0.481148E+01 -.288426E+01 -.165755E+01 -.902852E+01 0.327764E+02
 0.480756E+01 -.288468E+01 -.166126E+01 -.636022E+01 0.327772E+02
 0.480746E+01 -.288246E+01 -.166315E+01 -.797490E+01 0.327899E+02
 0.480758E+01 -.288448E+01 -.166222E+01 -.789688E+01 0.327757E+02
 0.481476E+01 -.288392E+01 -.166264E+01 -.760401E+01 0.327782E+02
 0.484551E+01 -.288405E+01 -.166112E+01 -.788357E+01 0.328060E+02
 0.481423E+01 -.287710E+01 -.167221E+01 -.789296E+01 0.332144E+02
 0.480523E+01 -.288395E+01 -.166136E+01 -.764741E+01 0.327724E+02
 0.478932E+01 -.288412E+01 -.166117E+01 -.779404E+01 0.327707E+02
 0.480347E+01 -.288494E+01 -.165934E+01 -.770988E+01 0.327790E+02
 0.487981E+01 -.288385E+01 -.166086E+01 -.790670E+01 0.327770E+02
 0.446290E+01 -.287912E+01 -.166101E+01 -.853917E+01 0.330049E+02
 0.445931E+01 -.289213E+01 -.167605E+01 -.768988E+01 0.336168E+02
 0.481933E+01 -.288458E+01 -.166856E+01 -.755322E+01 0.328182E+02
 0.481373E+01 -.288392E+01 -.163540E+01 -.763344E+01 0.331320E+02
 0.477995E+01 -.288436E+01 -.167083E+01 -.826877E+01 0.328294E+02
 0.478415E+01 -.288393E+01 -.166140E+01 -.766120E+01 0.327707E+02
 0.480619E+01 -.288595E+01 -.166788E+01 -.761331E+01 0.328390E+02
 0.482158E+01 -.288402E+01 -.166060E+01 -.750199E+01 0.327694E+02
 0.481522E+01 -.288385E+01 -.166119E+01 -.744889E+01 0.327739E+02
 0.490210E+01 -.288565E+01 -.166152E+01 -.747351E+01 0.328076E+02
 0.455773E+01 -.286679E+01 -.155401E+01 -.658209E+01 0.428352E+02
 0.480550E+01 -.287850E+01 -.166153E+01 -.756832E+01 0.330509E+02
 0.499864E+01 -.288401E+01 -.166018E+01 -.763425E+01 0.327748E+02
 0.471484E+01 -.288398E+01 -.166096E+01 -.786404E+01 0.327737E+02
 0.478028E+01 -.288420E+01 -.166144E+01 -.770628E+01 0.327711E+02
 0.479666E+01 -.288393E+01 -.166170E+01 -.765937E+01 0.327708E+02
 0.480129E+01 -.288398E+01 -.165736E+01 -.781390E+01 0.327768E+02
 0.480813E+01 -.288390E+01 -.166146E+01 -.778908E+01 0.327726E+02
 0.489827E+01 -.287615E+01 -.168491E+01 -.748575E+01 0.335479E+02
 0.474104E+01 -.288400E+01 -.166031E+01 -.827683E+01 0.327726E+02
 0.480520E+01 -.288404E+01 -.165992E+01 -.731747E+01 0.327714E+02
 0.472825E+01 -.288987E+01 -.166161E+01 -.851572E+01 0.331201E+02
 0.480587E+01 -.288399E+01 -.166145E+01 -.754766E+01 0.327724E+02
 0.478973E+01 -.288335E+01 -.172629E+01 -.749624E+01 0.352368E+02
 0.484977E+01 -.288420E+01 -.166157E+01 -.751408E+01 0.327761E+02
 0.477262E+01 -.288441E+01 -.164812E+01 -.782488E+01 0.328558E+02
 0.480381E+01 -.288404E+01 -.166122E+01 -.781005E+01 0.327706E+02
 0.481563E+01 -.287998E+01 -.164736E+01 -.760948E+01 0.330719E+02
 0.480593E+01 -.287773E+01 -.166163E+01 -.899032E+01 0.331383E+02
 0.481044E+01 -.287986E+01 -.165880E+01 -.751893E+01 0.329447E+02
 0.480680E+01 -.288406E+01 -.166067E+01 -.761230E+01 0.327705E+02
 0.477556E+01 -.288395E+01 -.166258E+01 -.771903E+01 0.327718E+02
 0.480229E+01 -.288404E+01 -.165935E+01 -.761564E+01 0.327721E+02
 0.480527E+01 -.288418E+01 -.166078E+01 -.718829E+01 0.327728E+02
 0.480388E+01 -.288334E+01 -.166734E+01 -.800396E+01 0.327881E+02
 0.481456E+01 -.288403E+01 -.166153E+01 -.776116E+01 0.327750E+02
 0.496791E+01 -.288416E+01 -.166489E+01 -.734565E+01 0.327848E+02
 0.491169E+01 -.288868E+01 -.165569E+01 -.764784E+01 0.329771E+02
 0.494906E+01 -.288502E+01 -.166130E+01 -.807992E+01 0.327795E+02
 0.491187E+01 -.288387E+01 -.166176E+01 -.696909E+01 0.327743E+02
 0.478498E+01 -.288407E+01 -.166162E+01 -.768862E+01 0.327709E+02
 0.285692E+01 -.287874E+01 -.172533E+01 -.116926E+02 0.352730E+02
 0.482866E+01 -.288360E+01 -.166233E+01 -.782597E+01 0.327782E+02
 0.480523E+01 -.288243E+01 -.166154E+01 -.779407E+01 0.327953E+02
 0.480357E+01 -.288432E+01 -.166142E+01 -.735856E+01 0.327717E+02
 0.423428E+01 -.290682E+01 -.167666E+01 -.728288E+01 0.380598E+02
 0.479893E+01 -.288362E+01 -.165545E+01 -.757028E+01 0.327898E+02
 0.481069E+01 -.288464E+01 -.166413E+01 -.837291E+01 0.327785E+02
 0.481212E+01 -.288394E+01 -.166123E+01 -.769278E+01 0.327734E+02
 0.480515E+01 -.288402E+01 -.166301E+01 -.748840E+01 0.327685E+02
 0.480522E+01 -.288381E+01 -.166129E+01 -.774966E+01 0.327728E+02
 0.480993E+01 -.288584E+01 -.166110E+01 -.706947E+01 0.328020E+02
 0.489513E+01 -.288409E+01 -.166139E+01 -.742354E+01 0.327704E+02
 0.480850E+01 -.288415E+01 -.166139E+01 -.788169E+01 0.327727E+02
 0.479549E+01 -.286692E+01 -.166178E+01 -.739662E+01 0.355509E+02
 0.500000E+01 -.288381E+01 -.166308E+01 -.736188E+01 0.327722E+02
 0.478825E+01 -.287984E+01 -.169794E+01 -.782432E+01 0.335651E+02
 0.481454E+01 -.288295E+01 -.167910E+01 -.749596E+01 0.329481E+02
 0.481045E+01 -.288517E+01 -.168543E+01 -.744246E+01 0.331391E+02
 0.480283E+01 -.288344E+01 -.166066E+01 -.680444E+01 0.327740E+02
 0.482487E+01 -.288393E+01 -.166128E+01 -.774684E+01 0.327776E+02
 0.480496E+01 -.288379E+01 -.166150E+01 -.801353E+01 0.327728E+02
 0.490731E+01 -.288464E+01 -.166205E+01 -.775140E+01 0.327796E+02
 0.463166E+01 -.288400E+01 -.166172E+01 -.860751E+01 0.327973E+02
 0.494058E+01 -.288311E+01 -.170000E+01 -.774790E+01 0.336157E+02
 0.479279E+01 -.288268E+01 -.166135E+01 -.750425E+01 0.327867E+02
 0.493097E+01 -.288400E+01 -.165962E+01 -.724649E+01 0.327744E+02
 0.474880E+01 -.288453E+01 -.163470E+01 -.766459E+01 0.331316E+02
 0.496078E+01 -.288424E+01 -.165717E+01 -.747718E+01 0.327821E+02
 0.478580E+01 -.288396E+01 -.165542E+01 -.755632E+01 0.327870E+02
 0.477763E+01 -.288400E+01 -.166384E+01 -.770512E+01 0.327748E+02
 0.500000E+01 -.288413E+01 -.165926E+01 -.771400E+01 0.327762E+02
 0.481891E+01 -.288394E+01 -.166133E+01 -.739338E+01 0.327739E+02
 0.481078E+01 -.288391E+01 -.165953E+01 -.755519E+01 0.327721E+02
 0.500000E+01 -.289079E+01 -.166119E+01 -.778525E+01 0.332095E+02
 0.480477E+01 -.288472E+01 -.166331E+01 -.767279E+01 0.327754E+02
 0.480317E+01 -.288377E+01 -.165878E+01 -.751993E+01 0.327744E+02
 0.480485E+01 -.288306E+01 -.166206E+01 -.779280E+01 0.327747E+02
 0.476829E+01 -.288074E+01 -.167548E+01 -.756933E+01 0.329470E+02
 0.474436E+01 -.288392E+01 -.166127E+01 -.738519E+01 0.327724E+02
 0.480426E+01 -.288413E+01 -.166141E+01 -.767444E+01 0.327708E+02
 0.476000E+01 -.292168E+01 -.164495E+01 -.806409E+01 0.452546E+02
 0.500000E+01 -.288233E+01 -.166799E+01 -.767180E+01 0.328112E+02
 0.481174E+01 -.288391E+01 -.166132E+01 -.887085E+01 0.327734E+02
 0.492929E+01 -.288409E+01 -.166128E+01 -.769419E+01 0.327734E+02
 0.480780E+01 -.288393E+01 -.166104E+01 -.814310E+01 0.327725E+02
 0.459639E+01 -.288233E+01 -.165825E+01 -.764817E+01 0.328048E+02
 0.477904E+01 -.288403E+01 -.166237E+01 -.779020E+01 0.327716E+02
 0.486319E+01 -.288405E+01 -.166201E+01 -.725198E+01 0.327813E+02
 0.479288E+01 -.288417E+01 -.166590E+01 -.705962E+01 0.327843E+02
 0.451985E+01 -.288360E+01 -.166135E+01 -.758820E+01 0.327743E+02
 0.480241E+01 -.288395E+01 -.166405E+01 -.776852E+01 0.327752E+02
 0.480985E+01 -.288386E+01 -.166132E+01 -.738813E+01 0.327727E+02
 0.488417E+01 -.288277E+01 -.166273E+01 -.758102E+01 0.327874E+02
 0.477908E+01 -.288410E+01 -.166010E+01 -.762767E+01 0.327712E+02
 0.480687E+01 -.288396E+01 -.166057E+01 -.787243E+01 0.327705E+02
 0.472902E+01 -.288396E+01 -.165685E+01 -.850360E+01 0.327940E+02
 0.480747E+01 -.288313E+01 -.166167E+01 -.779854E+01 0.327793E+02
 0.495665E+01 -.285532E+01 -.165776E+01 -.731851E+01 0.408092E+02
 0.494599E+01 -.288390E+01 -.166230E+01 -.761346E+01 0.327706E+02
 0.471455E+01 -.288396E+01 -.166206E+01 -.759258E+01 0.327743E+02
 0.481530E+01 -.288690E+01 -.166095E+01 -.767070E+01 0.328567E+02
 0.485258E+01 -.287053E+01 -.166205E+01 -.768833E+01 0.344685E+02
 0.495327E+01 -.288707E+01 -.165942E+01 -.755937E+01 0.328624E+02
 0.479582E+01 -.288398E+01 -.166099E+01 -.716045E+01 0.327706E+02
 0.481970E+01 -.288402E+01 -.166097E+01 -.719022E+01 0.327739E+02
 0.500000E+01 -.288525E+01 -.159172E+01 -.758095E+01 0.351771E+02
 0.500000E+01 -.288446E+01 -.166154E+01 -.774718E+01 0.327786E+02
 0.500000E+01 -.288569E+01 -.166234E+01 -.760005E+01 0.328063E+02
 0.485147E+01 -.289517E+01 -.167240E+01 -.811441E+01 0.341403E+02
 0.497935E+01 -.287724E+01 -.166141E+01 -.885906E+01 0.331978E+02
 0.459651E+01 -.288395E+01 -.166159E+01 -.746371E+01 0.327700E+02
 0.350000E+01 -.288401E+01 -.166716E+01 -.784452E+01 0.328134E+02
 0.487354E+01 -.288393E+01 -.166207E+01 -.799097E+01 0.327772E+02
 0.479466E+01 -.288388E+01 -.152129E+01 -.795791E+01 0.420625E+02
 0.486634E+01 -.288390E+01 -.166131E+01 -.775135E+01 0.327792E+02
 0.483527E+01 -.288406E+01 -.166159E+01 -.757959E+01 0.327818E+02
 0.480710E+01 -.288399E+01 -.166191E+01 -.754831E+01 0.327727E+02
 0.440576E+01 -.288405E+01 -.165195E+01 -.855522E+01 0.328339E+02
 0.479733E+01 -.288165E+01 -.166672E+01 -.696289E+01 0.328302E+02
 0.455349E+01 -.288264E+01 -.166147E+01 -.589344E+01 0.327888E+02
 0.483783E+01 -.288383E+01 -.165794E+01 -.777454E+01 0.328344E+02
 0.342194E+01 -.288720E+01 -.165908E+01 -.759509E+01 0.328841E+02
 0.499497E+01 -.288373E+01 -.168168E+01 -.747012E+01 0.330064E+02
 0.460144E+01 -.291088E+01 -.164116E+01 -.735336E+01 0.391819E+02
 0.486416E+01 -.288382E+01 -.166047E+01 -.749285E+01 0.327797E+02
 0.480735E+01 -.288400E+01 -.166127E+01 -.703190E+01 0.327725E+02
 0.481665E+01 -.288627E+01 -.165476E+01 -.729541E+01 0.328367E+02
 0.479509E+01 -.288518E+01 -.166677E+01 -.804505E+01 0.328073E+02
 0.463026E+01 -.288369E+01 -.165051E+01 -.790981E+01 0.328392E+02
 0.489326E+01 -.288379E+01 -.166120E+01 -.780173E+01 0.327686E+02
 0.470451E+01 -.287789E+01 -.163332E+01 -.956862E+01 0.336854E+02
 0.481027E+01 -.288391E+01 -.166579E+01 -.931266E+01 0.327797E+02
 0.482391E+01 -.288289E+01 -.166125E+01 -.586656E+01 0.327871E+02
 0.480890E+01 -.288214E+01 -.166053E+01 -.738094E+01 0.328062E+02
 0.480145E+01 -.288346E+01 -.166179E+01 -.763139E+01 0.327732E+02
 0.482459E+01 -.288522E+01 -.164365E+01 -.550000E+01 0.329388E+02
 0.480746E+01 -.288408E+01 -.166113E+01 -.792942E+01 0.327725E+02
 0.484418E+01 -.288377E+01 -.166093E+01 -.794609E+01 0.328287E+02
 0.481536E+01 -.288327E+01 -.169668E+01 -.751307E+01 0.334758E+02
 0.480513E+01 -.288398E+01 -.166151E+01 -.780659E+01 0.327724E+02
 0.484094E+01 -.288438E+01 -.166078E+01 -.752544E+01 0.328311E+02
 0.480352E+01 -.288360E+01 -.165906E+01 -.779518E+01 0.327751E+02
 0.478850E+01 -.288408E+01 -.166195E+01 -.761812E+01 0.327711E+02
 0.462727E+01 -.288027E+01 -.166138E+01 -.825764E+01 0.328973E+02
 0.456852E+01 -.288697E+01 -.166150E+01 -.797944E+01 0.328594E+02
 0.478854E+01 -.288478E+01 -.167052E+01 -.729003E+01 0.328339E+02
 0.475155E+01 -.288399E+01 -.168704E+01 -.782938E+01 0.331480E+02
 0.479815E+01 -.288899E+01 -.159157E+01 -.821720E+01 0.351826E+02
 0.477899E+01 -.288401E+01 -.166155E+01 -.792428E+01 0.327708E+02
 0.480598E+01 -.288347E+01 -.166903E+01 -.748602E+01 0.327999E+02
 0.481426E+01 -.288392E+01 -.166068E+01 -.749271E+01 0.327756E+02
 0.483305E+01 -.288400E+01 -.166112E+01 -.781062E+01 0.327767E+02
 0.487653E+01 -.288431E+01 -.166142E+01 -.759963E+01 0.327784E+02
 0.480479E+01 -.288990E+01 -.166156E+01 -.757416E+01 0.330984E+02
 0.479446E+01 -.288413E+01 -.166126E+01 -.796515E+01 0.327707E+02
 0.500000E+01 -.288402E+01 -.166151E+01 -.798852E+01 0.327762E+02
 0.489008E+01 -.288413E+01 -.166134E+01 -.790582E+01 0.327763E+02
 0.479332E+01 -.288403E+01 -.166101E+01 -.789781E+01 0.327706E+02
 0.482139E+01 -.288405E+01 -.165465E+01 -.761604E+01 0.327913E+02
 0.480102E+01 -.288400E+01 -.166138E+01 -.782214E+01 0.327705E+02
 0.485188E+01 -.287833E+01 -.168894E+01 -.743867E+01 0.333624E+02
 0.480346E+01 -.288330E+01 -.165869E+01 -.550000E+01 0.327827E+02
 0.480289E+01 -.288547E+01 -.166463E+01 -.782567E+01 0.328023E+02
 0.483930E+01 -.286415E+01 -.166171E+01 -.797528E+01 0.365199E+02
 0.480579E+01 -.288397E+01 -.166136E+01 -.775057E+01 0.327724E+02
 0.477776E+01 -.287607E+01 -.166406E+01 -.755051E+01 0.333502E+02
 0.496240E+01 -.288412E+01 -.166233E+01 -.776565E+01 0.327750E+02
 0.478482E+01 -.288434E+01 -.166036E+01 -.777264E+01 0.327718E+02
 0.480421E+01 -.288403E+01 -.166137E+01 -.777376E+01 0.327707E+02
 0.482929E+01 -.288681E+01 -.165950E+01 -.805992E+01 0.328567E+02
 0.479163E+01 -.288192E+01 -.166127E+01 -.825325E+01 0.328113E+02
 0.479569E+01 -.287792E+01 -.165732E+01 -.764404E+01 0.331480E+02
 0.485652E+01 -.288403E+01 -.166116E+01 -.786802E+01 0.327794E+02
 0.494734E+01 -.288402E+01 -.166112E+01 -.775209E+01 0.327699E+02
 0.480444E+01 -.288403E+01 -.165989E+01 -.754025E+01 0.327713E+02
 0.480845E+01 -.288387E+01 -.166149E+01 -.772724E+01 0.327726E+02
 0.480046E+01 -.288346E+01 -.169686E+01 -.815612E+01 0.334841E+02
 0.489238E+01 -.288404E+01 -.166165E+01 -.758065E+01 0.327685E+02
 0.490295E+01 -.288445E+01 -.166258E+01 -.778312E+01 0.327768E+02
 0.480324E+01 -.288156E+01 -.166055E+01 -.784236E+01 0.328244E+02
 0.488046E+01 -.288603E+01 -.166139E+01 -.797130E+01 0.328195E+02
 0.484221E+01 -.288388E+01 -.166256E+01 -.809511E+01 0.328297E+02
 0.476283E+01 -.288455E+01 -.166262E+01 -.775656E+01 0.327762E+02
 0.395508E+01 -.286923E+01 -.163622E+01 -.644261E+01 0.355085E+02
 0.479925E+01 -.286722E+01 -.170904E+01 -.776752E+01 0.360221E+02
 0.483038E+01 -.288412E+01 -.166281E+01 -.784937E+01 0.327796E+02
 0.480495E+01 -.288524E+01 -.166203E+01 -.782980E+01 0.327883E+02
 0.480627E+01 -.288428E+01 -.166143E+01 -.763722E+01 0.327732E+02
 0.480884E+01 -.288490E+01 -.166848E+01 -.792585E+01 0.328118E+02
 0.481414E+01 -.288494E+01 -.166444E+01 -.911537E+01 0.327929E+02
 0.481041E+01 -.288400E+01 -.166121E+01 -.772164E+01 0.327725E+02
 0.480489E+01 -.288406E+01 -.166189E+01 -.817021E+01 0.327695E+02
 0.480613E+01 -.288362E+01 -.166153E+01 -.761072E+01 0.327738E+02
 0.481289E+01 -.288537E+01 -.166125E+01 -.843910E+01 0.327947E+02
 0.498547E+01 -.288407E+01 -.166171E+01 -.781925E+01 0.327762E+02
 0.474813E+01 -.288398E+01 -.166144E+01 -.757752E+01 0.327724E+02
 0.480791E+01 -.289747E+01 -.165999E+01 -.749364E+01 0.344441E+02
 0.491991E+01 -.288384E+01 -.166208E+01 -.745304E+01 0.327779E+02
 0.480083E+01 -.287591E+01 -.161981E+01 -.776454E+01 0.345864E+02
 0.454173E+01 -.288241E+01 -.168204E+01 -.763310E+01 0.330217E+02
 0.480969E+01 -.288374E+01 -.166970E+01 -.746304E+01 0.328074E+02
 0.479533E+01 -.288375E+01 -.166115E+01 -.609259E+01 0.327719E+02
 0.486194E+01 -.288399E+01 -.166174E+01 -.767307E+01 0.327795E+02
 0.480776E+01 -.288414E+01 -.166156E+01 -.825470E+01 0.327728E+02
 0.478385E+01 -.288547E+01 -.166254E+01 -.694974E+01 0.327939E+02
 0.456961E+01 -.288382E+01 -.166149E+01 -.887704E+01 0.327712E+02
 0.490260E+01 -.288588E+01 -.168850E+01 -.786778E+01 0.332768E+02
 0.486811E+01 -.288523E+01 -.166198E+01 -.758405E+01 0.327966E+02
 0.489516E+01 -.288401E+01 -.166012E+01 -.769151E+01 0.327707E+02
 0.484677E+01 -.288280E+01 -.161892E+01 -.777625E+01 0.337620E+02
 0.476145E+01 -.288383E+01 -.166525E+01 -.794782E+01 0.327826E+02
 0.478541E+01 -.288399E+01 -.166022E+01 -.797775E+01 0.327711E+02
 0.478314E+01 -.288397E+01 -.166244E+01 -.774471E+01 0.327716E+02
 0.466727E+01 -.288405E+01 -.166042E+01 -.772590E+01 0.327758E+02
 0.482064E+01 -.288402E+01 -.166122E+01 -.847842E+01 0.327769E+02
 0.481249E+01 -.288398E+01 -.166341E+01 -.796697E+01 0.327778E+02
 0.463100E+01 -.288454E+01 -.166179E+01 -.794892E+01 0.327796E+02
 0.480498E+01 -.288370E+01 -.166287E+01 -.796708E+01 0.327686E+02
 0.477284E+01 -.288404E+01 -.166143E+01 -.766225E+01 0.327708E+02
 0.480494E+01 -.288260E+01 -.166162E+01 -.779448E+01 0.327904E+02
 0.481891E+01 -.287629E+01 -.158972E+01 -.758162E+01 0.364051E+02
 0.460789E+01 -.288393E+01 -.166150E+01 -.723943E+01 0.327748E+02
 0.480405E+01 -.288400E+01 -.166146E+01 -.758625E+01 0.327707E+02
 0.479588E+01 -.287775E+01 -.164823E+01 -.806987E+01 0.333009E+02
 0.451829E+01 -.288320E+01 -.168154E+01 -.772042E+01 0.330005E+02
 0.480942E+01 -.288404E+01 -.166170E+01 -.839623E+01 0.327727E+02
 0.494504E+01 -.288419E+01 -.166135E+01 -.763862E+01 0.327703E+02
 0.480319E+01 -.288400E+01 -.166140E+01 -.768751E+01 0.327707E+02
 0.487331E+01 -.288398E+01 -.166356E+01 -.756794E+01 0.327802E+02
 0.476914E+01 -.288401E+01 -.166537E+01 -.775957E+01 0.327808E+02
 0.481519E+01 -.288413E+01 -.166335E+01 -.741079E+01 0.327809E+02
 0.481230E+01 -.288312E+01 -.166138E+01 -.659332E+01 0.327809E+02
 0.425663E+01 -.288363E+01 -.166134E+01 -.749843E+01 0.327816E+02
 0.480187E+01 -.288403E+01 -.165750E+01 -.780248E+01 0.327760E+02
 0.480663E+01 -.288400E+01 -.166132E+01 -.732428E+01 0.327725E+02
 0.484171E+01 -.288402E+01 -.165884E+01 -.773400E+01 0.328326E+02
 0.478643E+01 -.288395E+01 -.166114E+01 -.798118E+01 0.327706E+02
 0.480437E+01 -.288386E+01 -.166279E+01 -.772803E+01 0.327680E+02
 0.417532E+01 -.288393E+01 -.167453E+01 -.852046E+01 0.328694E+02
 0.480705E+01 -.288384E+01 -.166130E+01 -.795253E+01 0.327727E+02
 0.497019E+01 -.290936E+01 -.165259E+01 -.723496E+01 0.385848E+02
 0.496319E+01 -.288389E+01 -.166212E+01 -.754955E+01 0.327708E+02
 0.457882E+01 -.288366E+01 -.166222E+01 -.778745E+01 0.327770E+02
 0.456064E+01 -.288687E+01 -.165960E+01 -.790782E+01 0.328490E+02
 0.478977E+01 -.287801E+01 -.166311E+01 -.767498E+01 0.331014E+02
 0.345327E+01 -.288365E+01 -.165987E+01 -.753969E+01 0.327934E+02
 0.480528E+01 -.288414E+01 -.166138E+01 -.769814E+01 0.327726E+02
 0.479663E+01 -.288374E+01 -.166046E+01 -.758605E+01 0.327716E+02
 0.459323E+01 -.288555E+01 -.166444E+01 -.780571E+01 0.328088E+02
 0.471583E+01 -.288079E+01 -.166159E+01 -.783467E+01 0.328669E+02
 0.456444E+01 -.288376E+01 -.166272E+01 -.828776E+01 0.327723E+02
 0.482467E+01 -.286389E+01 -.167455E+01 -.857284E+01 0.364468E+02
 0.476090E+01 -.290802E+01 -.166161E+01 -.835866E+01 0.380597E+02
 0.481710E+01 -.288398E+01 -.166142E+01 -.786487E+01 0.327740E+02
 0.341658E+01 -.288406E+01 -.167850E+01 -.817279E+01 0.329714E+02
 0.481332E+01 -.288369E+01 -.166208E+01 -.772992E+01 0.327755E+02
 0.484044E+01 -.288495E+01 -.163753E+01 -.824277E+01 0.331283E+02
 0.490120E+01 -.288397E+01 -.166142E+01 -.805628E+01 0.327754E+02
 0.484145E+01 -.288388E+01 -.166163E+01 -.796597E+01 0.328278E+02
 0.480800E+01 -.288403E+01 -.166194E+01 -.802420E+01 0.327728E+02
 0.500000E+01 -.288332E+01 -.167147E+01 -.963739E+01 0.328271E+02
 0.477661E+01 -.288770E+01 -.165237E+01 -.659755E+01 0.329098E+02
 0.479204E+01 -.288363E+01 -.166105E+01 -.698813E+01 0.327720E+02
 0.479377E+01 -.288370E+01 -.165623E+01 -.785375E+01 0.327842E+02
 0.397786E+01 -.288712E+01 -.165940E+01 -.778080E+01 0.328765E+02
 0.484656E+01 -.288317E+01 -.167384E+01 -.772046E+01 0.328641E+02
 0.491568E+01 -.288386E+01 -.166205E+01 -.753027E+01 0.327779E+02
 0.480448E+01 -.288400E+01 -.166135E+01 -.688659E+01 0.327668E+02
 0.481746E+01 -.288540E+01 -.164491E+01 -.867007E+01 0.329177E+02
 0.480089E+01 -.288650E+01 -.167175E+01 -.805930E+01 0.329180E+02
 0.469473E+01 -.288394E+01 -.167424E+01 -.783139E+01 0.328714E+02
 0.479153E+01 -.288391E+01 -.166132E+01 -.788727E+01 0.327707E+02
 0.478801E+01 -.289579E+01 -.163861E+01 -.682723E+01 0.341051E+02
 0.479381E+01 -.288399E+01 -.166278E+01 -.709071E+01 0.327722E+02
 0.480098E+01 -.288430E+01 -.166151E+01 -.696561E+01 0.327716E+02
 0.480677E+01 -.288533E+01 -.166009E+01 -.798591E+01 0.327862E+02
 0.479927E+01 -.288423E+01 -.166112E+01 -.750393E+01 0.327710E+02
 0.482497E+01 -.288519E+01 -.153195E+01 -.884690E+01 0.406630E+02
 0.480107E+01 -.288397E+01 -.166129E+01 -.830992E+01 0.327705E+02
 0.492632E+01 -.288362E+01 -.166088E+01 -.741593E+01 0.327722E+02
 0.481507E+01 -.288822E+01 -.167037E+01 -.834024E+01 0.330359E+02
 0.480484E+01 -.288405E+01 -.166164E+01 -.778041E+01 0.327726E+02
 0.477869E+01 -.288428E+01 -.166114E+01 -.763521E+01 0.327714E+02
 0.480622E+01 -.288219E+01 -.166153E+01 -.795386E+01 0.328028E+02
 0.473623E+01 -.288413E+01 -.166254E+01 -.743404E+01 0.327814E+02
 0.477820E+01 -.289169E+01 -.166173E+01 -.750136E+01 0.333279E+02
 0.487796E+01 -.288075E+01 -.165134E+01 -.841684E+01 0.329494E+02
 0.478254E+01 -.288455E+01 -.166195E+01 -.716412E+01 0.327743E+02
 0.475921E+01 -.288400E+01 -.170374E+01 -.811640E+01 0.338097E+02
 0.481477E+01 -.288827E+01 -.163524E+01 -.789510E+01 0.332166E+02
 0.479528E+01 -.288405E+01 -.166161E+01 -.806599E+01 0.327707E+02
 0.480406E+01 -.288293E+01 -.166436E+01 -.732532E+01 0.327810E+02
 0.480129E+01 -.288395E+01 -.166129E+01 -.771813E+01 0.327705E+02
 0.483898E+01 -.288407E+01 -.166172E+01 -.801937E+01 0.328276E+02
 0.472757E+01 -.288263E+01 -.166156E+01 -.765071E+01 0.327945E+02
 0.480662E+01 -.288713E+01 -.166155E+01 -.785363E+01 0.328654E+02
 0.465339E+01 -.288415E+01 -.166226E+01 -.806970E+01 0.328331E+02
 0.457077E+01 -.288399E+01 -.166133E+01 -.805508E+01 0.327710E+02
 0.495714E+01 -.288398E+01 -.166211E+01 -.766327E+01 0.327720E+02
 0.479883E+01 -.288403E+01 -.166206E+01 -.801745E+01 0.327710E+02
 0.481793E+01 -.288406E+01 -.166526E+01 -.750434E+01 0.327875E+02
 0.482612E+01 -.288395E+01 -.166141E+01 -.772799E+01 0.327770E+02
 0.477347E+01 -.288559E+01 -.164179E+01 -.756399E+01 0.329644E+02
 0.482807E+01 -.288326E+01 -.166087E+01 -.102230E+02 0.327839E+02
 0.480422E+01 -.288456E+01 -.166313E+01 -.780908E+01 0.327727E+02
 0.491834E+01 -.285257E+01 -.166198E+01 -.814230E+01 0.422538E+02
 0.480457E+01 -.288396E+01 -.166135E+01 -.791878E+01 0.327724E+02
 0.480548E+01 -.288077E+01 -.161163E+01 -.773071E+01 0.342857E+02
 0.470172E+01 -.288410E+01 -.166185E+01 -.788757E+01 0.327755E+02
 0.480498E+01 -.288379E+01 -.167007E+01 -.761786E+01 0.328096E+02
 0.480534E+01 -.288403E+01 -.166140E+01 -.772456E+01 0.327724E+02
 0.484930E+01 -.288768E+01 -.167129E+01 -.827830E+01 0.330020E+02
 0.479288E+01 -.288921E+01 -.166108E+01 -.728775E+01 0.330250E+02
 0.480044E+01 -.287757E+01 -.166380E+01 -.771491E+01 0.331505E+02
 0.489775E+01 -.288403E+01 -.166110E+01 -.791712E+01 0.328893E+02
 0.493770E+01 -.288401E+01 -.166037E+01 -.796449E+01 0.327750E+02
 0.480640E+01 -.288403E+01 -.166062E+01 -.774338E+01 0.327726E+02
 0.480760E+01 -.288366E+01 -.166316E+01 -.802604E+01 0.327707E+02
 0.480524E+01 -.288366E+01 -.166597E+01 -.794733E+01 0.327814E+02
 0.494089E+01 -.288402E+01 -.166137E+01 -.745059E+01 0.327748E+02
 0.482634E+01 -.288401E+01 -.166036E+01 -.809217E+01 0.327806E+02
 0.472282E+01 -.287977E+01 -.166535E+01 -.787868E+01 0.329282E+02
 0.473458E+01 -.288536E+01 -.166145E+01 -.774413E+01 0.328009E+02
 0.486134E+01 -.288421E+01 -.166098E+01 -.823392E+01 0.327800E+02
 0.477721E+01 -.288396E+01 -.166069E+01 -.768265E+01 0.327708E+02
 0.488208E+01 -.287700E+01 -.158967E+01 -.550000E+01 0.362664E+02
 0.478416E+01 -.289174E+01 -.168180E+01 -.762774E+01 0.337181E+02
 0.481990E+01 -.288406E+01 -.166162E+01 -.770563E+01 0.327741E+02
 0.480458E+01 -.288480E+01 -.166140E+01 -.796772E+01 0.327786E+02
 0.480064E+01 -.288371E+01 -.166134E+01 -.816404E+01 0.327713E+02
 0.481349E+01 -.288403E+01 -.166458E+01 -.811102E+01 0.327811E+02
 0.479588E+01 -.288423E+01 -.166145E+01 -.776541E+01 0.327712E+02
 0.479340E+01 -.288405E+01 -.166123E+01 -.782164E+01 0.327706E+02
 0.480468E+01 -.288406E+01 -.166070E+01 -.837536E+01 0.327707E+02
 0.480681E+01 -.288415E+01 -.166147E+01 -.765970E+01 0.327728E+02
 0.494099E+01 -.288333E+01 -.166139E+01 -.838594E+01 0.327779E+02
 0.499892E+01 -.288409E+01 -.166167E+01 -.792733E+01 0.327765E+02
 0.472088E+01 -.288404E+01 -.166153E+01 -.768947E+01 0.327805E+02
 0.480258E+01 -.291919E+01 -.166232E+01 -.802815E+01 0.440652E+02
 0.482232E+01 -.288396E+01 -.166137E+01 -.782034E+01 0.327776E+02
 0.471023E+01 -.287719E+01 -.159511E+01 -.766567E+01 0.358366E+02
 0.458482E+01 -.288590E+01 -.163082E+01 -.782578E+01 0.332474E+02
 0.481624E+01 -.288303E+01 -.165258E+01 -.774207E+01 0.328298E+02
 0.481590E+01 -.288419E+01 -.166135E+01 -.703063E+01 0.327748E+02
 0.491198E+01 -.288400E+01 -.166166E+01 -.745094E+01 0.327742E+02
 0.480648E+01 -.288424E+01 -.166149E+01 -.750762E+01 0.327731E+02
 0.486928E+01 -.288230E+01 -.166179E+01 -.764865E+01 0.328047E+02
 0.479447E+01 -.288378E+01 -.166131E+01 -.796513E+01 0.327710E+02
 0.479261E+01 -.288683E+01 -.161299E+01 -.795588E+01 0.339348E+02
 0.487745E+01 -.288516E+01 -.166160E+01 -.808018E+01 0.327921E+02
 0.473491E+01 -.288398E+01 -.166091E+01 -.802043E+01 0.327795E+02
 0.484663E+01 -.288268E+01 -.165260E+01 -.788107E+01 0.328427E+02
 0.466261E+01 -.288364E+01 -.166895E+01 -.818976E+01 0.328109E+02
 0.479503E+01 -.288400E+01 -.166385E+01 -.817406E+01 0.327747E+02
 0.478714E+01 -.288395E+01 -.165901E+01 -.772022E+01 0.327716E+02
 0.455751E+01 -.288392E+01 -.166162E+01 -.774431E+01 0.327717E+02
 0.480853E+01 -.288404E+01 -.166145E+01 -.820437E+01 0.327725E+02
 0.481086E+01 -.288403E+01 -.166466E+01 -.804698E+01 0.327748E+02
 0.459828E+01 -.287910E+01 -.166225E+01 -.752102E+01 0.330139E+02
 0.480514E+01 -.288328E+01 -.166228E+01 -.800017E+01 0.327773E+02
 0.494273E+01 -.288412E+01 -.166290E+01 -.785994E+01 0.327701E+02
 0.480467E+01 -.288434E+01 -.166097E+01 -.770811E+01 0.327716E+02
 0.483074E+01 -.287863E+01 -.160296E+01 -.771202E+01 0.350522E+02
 0.493996E+01 -.288404E+01 -.166154E+01 -.879479E+01 0.327749E+02
 0.480772E+01 -.288396E+01 -.166142E+01 -.761065E+01 0.327725E+02
 0.483127E+01 -.285249E+01 -.165377E+01 -.797355E+01 0.425690E+02
 0.478093E+01 -.288319E+01 -.168881E+01 -.769853E+01 0.331938E+02
 0.480941E+01 -.288401E+01 -.166186E+01 -.723149E+01 0.327728E+02
 0.479772E+01 -.288426E+01 -.166144E+01 -.763546E+01 0.327713E+02
 0.480299E+01 -.288402E+01 -.166165E+01 -.734257E+01 0.327707E+02
 0.499785E+01 -.288523E+01 -.166718E+01 -.750851E+01 0.328117E+02
 0.480083E+01 -.288396E+01 -.166316E+01 -.775252E+01 0.327728E+02
 0.493241E+01 -.288407E+01 -.166427E+01 -.757439E+01 0.327784E+02
 0.477762E+01 -.288238E+01 -.165835E+01 -.550000E+01 0.328047E+02
 0.500000E+01 -.288384E+01 -.166136E+01 -.771024E+01 0.327763E+02
 0.480550E+01 -.288394E+01 -.165733E+01 -.770628E+01 0.327786E+02
 0.480473E+01 -.288410E+01 -.166142E+01 -.751780E+01 0.327725E+02
 0.485811E+01 -.288489E+01 -.165865E+01 -.781541E+01 0.327894E+02
 0.480875E+01 -.288394E+01 -.166173E+01 -.802725E+01 0.327727E+02
 0.480285E+01 -.288381E+01 -.166440E+01 -.758745E+01 0.327764E+02
 0.397380E+01 -.288397E+01 -.167129E+01 -.873753E+01 0.328336E+02
 0.479042E+01 -.288419E+01 -.166185E+01 -.801283E+01 0.327714E+02
 0.496098E+01 -.292150E+01 -.165758E+01 -.721180E+01 0.454538E+02
 0.484243E+01 -.288398E+01 -.166179E+01 -.771498E+01 0.328297E+02
 0.493635E+01 -.288379E+01 -.166119E+01 -.791546E+01 0.327749E+02
 0.456974E+01 -.287991E+01 -.165980E+01 -.793828E+01 0.329299E+02
 0.477523E+01 -.289210E+01 -.165958E+01 -.813879E+01 0.333727E+02
 0.365509E+01 -.288158E+01 -.166060E+01 -.779593E+01 0.328379E+02
 0.480504E+01 -.288385E+01 -.166151E+01 -.795476E+01 0.327726E+02
 0.483936E+01 -.288366E+01 -.166058E+01 -.797933E+01 0.328280E+02
 0.450777E+01 -.288472E+01 -.171890E+01 -.769411E+01 0.347622E+02
 0.480808E+01 -.288105E+01 -.166141E+01 -.780662E+01 0.328542E+02
 0.439881E+01 -.288252E+01 -.166279E+01 -.848020E+01 0.327953E+02
 0.489365E+01 -.289785E+01 -.166164E+01 -.807123E+01 0.345644E+02
 0.500000E+01 -.288400E+01 -.166099E+01 -.798618E+01 0.327761E+02
 0.358156E+01 -.288406E+01 -.167360E+01 -.699915E+01 0.328670E+02
 0.489141E+01 -.288372E+01 -.166169E+01 -.740988E+01 0.328133E+02
 0.488793E+01 -.288522E+01 -.178084E+01 -.744507E+01 0.418219E+02
 0.483310E+01 -.288403E+01 -.166148E+01 -.783475E+01 0.327768E+02
 0.479479E+01 -.288391E+01 -.166130E+01 -.767305E+01 0.327707E+02
 0.480588E+01 -.288400E+01 -.166150E+01 -.834162E+01 0.327725E+02
 0.423892E+01 -.288364E+01 -.167169E+01 -.805630E+01 0.328398E+02
 0.479097E+01 -.288187E+01 -.165945E+01 -.746869E+01 0.328183E+02
 0.497494E+01 -.288442E+01 -.166074E+01 -.815121E+01 0.327779E+02
 0.478661E+01 -.288392E+01 -.165989E+01 -.774837E+01 0.327716E+02
 0.498884E+01 -.288339E+01 -.166169E+01 -.788184E+01 0.327788E+02
 0.484563E+01 -.288447E+01 -.163935E+01 -.794866E+01 0.330263E+02
 0.493155E+01 -.286216E+01 -.171274E+01 -.763996E+01 0.377891E+02
 0.486507E+01 -.288399E+01 -.166151E+01 -.775645E+01 0.327793E+02
 0.480236E+01 -.288400E+01 -.166147E+01 -.679153E+01 0.327707E+02
 0.481685E+01 -.288100E+01 -.166941E+01 -.834658E+01 0.328757E+02
 0.480562E+01 -.288217E+01 -.166706E+01 -.826658E+01 0.328078E+02
 0.496713E+01 -.288434E+01 -.167770E+01 -.762132E+01 0.329431E+02
 0.484665E+01 -.288410E+01 -.166142E+01 -.732987E+01 0.328055E+02
 0.486249E+01 -.289973E+01 -.165169E+01 -.883067E+01 0.350167E+02
 0.479049E+01 -.288413E+01 -.165902E+01 -.697371E+01 0.327715E+02
 0.478426E+01 -.288482E+01 -.166165E+01 -.806238E+01 0.327776E+02
 0.480343E+01 -.288404E+01 -.166365E+01 -.826196E+01 0.327743E+02
 0.479966E+01 -.288459E+01 -.166096E+01 -.760394E+01 0.327737E+02
 0.480995E+01 -.288202E+01 -.152845E+01 -.104398E+02 0.414416E+02
 0.480777E+01 -.288387E+01 -.166315E+01 -.840454E+01 0.327701E+02
 0.498772E+01 -.288374E+01 -.166162E+01 -.725808E+01 0.327764E+02
 0.482264E+01 -.288331E+01 -.164379E+01 -.825367E+01 0.329536E+02
 0.480488E+01 -.288401E+01 -.166154E+01 -.792396E+01 0.327725E+02
 0.477248E+01 -.288402E+01 -.166175E+01 -.784747E+01 0.327709E+02
 0.480609E+01 -.288276E+01 -.166329E+01 -.786989E+01 0.327827E+02
 0.480237E+01 -.288415E+01 -.166103E+01 -.764642E+01 0.327707E+02
 0.453952E+01 -.289161E+01 -.166174E+01 -.799260E+01 0.333360E+02
 0.443539E+01 -.287865E+01 -.164973E+01 -.885775E+01 0.331615E+02
 0.478545E+01 -.288360E+01 -.165508E+01 -.780122E+01 0.327925E+02
 0.478474E+01 -.288393E+01 -.166797E+01 -.806360E+01 0.327981E+02
 0.479712E+01 -.288319E+01 -.173430E+01 -.778283E+01 0.358938E+02
 0.481485E+01 -.288397E+01 -.166157E+01 -.809313E+01 0.327740E+02
 0.480380E+01 -.288537E+01 -.165787E+01 -.741306E+01 0.327899E+02
 0.480726E+01 -.288405E+01 -.166152E+01 -.760841E+01 0.327726E+02
 0.479219E+01 -.288397E+01 -.166184E+01 -.782252E+01 0.327709E+02
 0.468779E+01 -.288288E+01 -.166166E+01 -.770905E+01 0.327865E+02
 0.480712E+01 -.288008E+01 -.166144E+01 -.791071E+01 0.329169E+02
 0.492124E+01 -.288392E+01 -.166154E+01 -.773475E+01 0.327742E+02
 0.472862E+01 -.288405E+01 -.166121E+01 -.773868E+01 0.327767E+02
 0.488432E+01 -.288386E+01 -.166242E+01 -.743742E+01 0.327762E+02
 0.481062E+01 -.288392E+01 -.166290E+01 -.792051E+01 0.327735E+02
 0.480202E+01 -.288395E+01 -.167020E+01 -.767901E+01 0.328179E+02
 0.481524E+01 -.288390E+01 -.166143E+01 -.779793E+01 0.327739E+02
 0.476037E+01 -.288639E+01 -.164019E+01 -.790802E+01 0.330181E+02
 0.470527E+01 -.288447E+01 -.166259E+01 -.108473E+02 0.327792E+02
 0.480626E+01 -.288319E+01 -.165975E+01 -.758462E+01 0.327787E+02
 0.487010E+01 -.290245E+01 -.166138E+01 -.872146E+01 0.359586E+02
 0.480428E+01 -.288401E+01 -.166153E+01 -.784304E+01 0.327725E+02
 0.480561E+01 -.289145E+01 -.160407E+01 -.779031E+01 0.346059E+02
 0.456535E+01 -.288404E+01 -.166169E+01 -.788187E+01 0.327752E+02
 0.480352E+01 -.288399E+01 -.166281E+01 -.766350E+01 0.327722E+02
 0.480528E+01 -.288401E+01 -.166140E+01 -.771959E+01 0.327724E+02
 0.488280E+01 -.288222E+01 -.166049E+01 -.735691E+01 0.328029E+02
 0.479103E+01 -.289113E+01 -.166042E+01 -.778981E+01 0.332417E+02
 0.481016E+01 -.288406E+01 -.166066E+01 -.754255E+01 0.327705E+02
 0.488809E+01 -.288416E+01 -.166097E+01 -.767817E+01 0.327757E+02
 0.483853E+01 -.288395E+01 -.166101E+01 -.805455E+01 0.328271E+02
 0.480592E+01 -.288400E+01 -.166159E+01 -.794961E+01 0.327725E+02
 0.480504E+01 -.288397E+01 -.166346E+01 -.779573E+01 0.327695E+02
 0.480875E+01 -.288393E+01 -.164152E+01 -.756122E+01 0.329797E+02
 0.487127E+01 -.288396E+01 -.166122E+01 -.769751E+01 0.327792E+02
 0.490277E+01 -.288396E+01 -.165943E+01 -.764635E+01 0.327745E+02
 0.473948E+01 -.288414E+01 -.165928E+01 -.760057E+01 0.327742E+02
 0.484236E+01 -.288249E+01 -.166142E+01 -.759513E+01 0.328437E+02
 0.486629E+01 -.288405E+01 -.166088E+01 -.744245E+01 0.327794E+02
 0.482054E+01 -.288351E+01 -.165998E+01 -.762887E+01 0.327795E+02
 0.338208E+01 -.290260E+01 -.164129E+01 -.104974E+02 0.358869E+02
 0.478195E+01 -.290771E+01 -.165819E+01 -.755794E+01 0.378854E+02
 0.480503E+01 -.288389E+01 -.166076E+01 -.795950E+01 0.327669E+02
 0.480471E+01 -.288224E+01 -.166100E+01 -.802649E+01 0.327985E+02
 0.479628E+01 -.288347E+01 -.166119E+01 -.797015E+01 0.327732E+02
 0.480414E+01 -.288368E+01 -.166009E+01 -.756209E+01 0.327723E+02
 0.479255E+01 -.288364E+01 -.165914E+01 -.663461E+01 0.327748E+02
 0.479011E+01 -.288412E+01 -.166124E+01 -.789612E+01 0.327708E+02
 0.480518E+01 -.288400E+01 -.166203E+01 -.704821E+01 0.327730E+02
 0.480993E+01 -.288438E+01 -.166142E+01 -.805262E+01 0.327739E+02
 0.488747E+01 -.288280E+01 -.166111E+01 -.730226E+01 0.327871E+02
 0.486009E+01 -.288399E+01 -.166147E+01 -.758748E+01 0.327793E+02
 0.477893E+01 -.288435E+01 -.166145E+01 -.779009E+01 0.327720E+02
 0.479749E+01 -.288563E+01 -.166248E+01 -.822062E+01 0.327986E+02
 0.476050E+01 -.288402E+01 -.166195E+01 -.795792E+01 0.327726E+02
 0.471863E+01 -.288156E+01 -.173928E+01 -.780832E+01 0.362981E+02
 0.472601E+01 -.288858E+01 -.159627E+01 -.789978E+01 0.348830E+02
 0.482676E+01 -.288376E+01 -.164591E+01 -.770189E+01 0.329008E+02
 0.483228E+01 -.288426E+01 -.166043E+01 -.815897E+01 0.327778E+02
 0.487140E+01 -.288384E+01 -.166162E+01 -.752977E+01 0.327793E+02
 0.480269E+01 -.288384E+01 -.166142E+01 -.763759E+01 0.327707E+02
 0.500000E+01 -.288223E+01 -.166151E+01 -.880212E+01 0.328042E+02
 0.497792E+01 -.288402E+01 -.166151E+01 -.682577E+01 0.327712E+02
 0.480783E+01 -.288244E+01 -.163231E+01 -.778728E+01 0.332748E+02
 0.485388E+01 -.288402E+01 -.166153E+01 -.756680E+01 0.327754E+02
 0.475488E+01 -.288396E+01 -.166130E+01 -.794534E+01 0.328034E+02
 0.481211E+01 -.288557E+01 -.170287E+01 -.776293E+01 0.338575E+02
 0.473220E+01 -.288399E+01 -.165663E+01 -.796416E+01 0.327875E+02
 0.480864E+01 -.288398E+01 -.166205E+01 -.760663E+01 0.327729E+02
 0.478814E+01 -.288398E+01 -.166037E+01 -.769357E+01 0.327709E+02
 0.500000E+01 -.288391E+01 -.166143E+01 -.780689E+01 0.327761E+02
 0.480063E+01 -.288400E+01 -.166162E+01 -.736443E+01 0.327707E+02
 0.479907E+01 -.288393E+01 -.166026E+01 -.742478E+01 0.327710E+02
 0.500000E+01 -.288677E+01 -.166195E+01 -.750673E+01 0.328518E+02
 0.480516E+01 -.288408E+01 -.166150E+01 -.771582E+01 0.327725E+02
 0.488531E+01 -.288365E+01 -.166118E+01 -.777809E+01 0.327759E+02
 0.480465E+01 -.288555E+01 -.166188E+01 -.786346E+01 0.327963E+02
 0.472178E+01 -.288901E+01 -.169332E+01 -.761442E+01 0.337634E+02
 0.500000E+01 -.288402E+01 -.166146E+01 -.798499E+01 0.327762E+02
 0.480716E+01 -.288409E+01 -.166114E+01 -.771860E+01 0.327725E+02
 0.479827E+01 -.289156E+01 -.165622E+01 -.766939E+01 0.332834E+02
 0.494174E+01 -.288233E+01 -.164776E+01 -.759600E+01 0.329138E+02
 0.481404E+01 -.288394E+01 -.166135E+01 -.682305E+01 0.327749E+02
 0.469487E+01 -.288387E+01 -.166138E+01 -.767337E+01 0.327735E+02
 0.480616E+01 -.288397E+01 -.166140E+01 -.729146E+01 0.327725E+02
 0.488852E+01 -.288348E+01 -.166697E+01 -.756517E+01 0.327938E+02
 0.481065E+01 -.288395E+01 -.165860E+01 -.771865E+01 0.327721E+02
 0.495713E+01 -.288414E+01 -.166247E+01 -.740489E+01 0.327730E+02
 0.477659E+01 -.288379E+01 -.166224E+01 -.926020E+01 0.327716E+02
 0.384453E+01 -.288390E+01 -.166137E+01 -.770828E+01 0.327841E+02
 0.480794E+01 -.288389E+01 -.166687E+01 -.763269E+01 0.327853E+02
 0.481092E+01 -.288387E+01 -.166146E+01 -.819677E+01 0.327710E+02
 0.500000E+01 -.288410E+01 -.166123E+01 -.756189E+01 0.327762E+02
 0.481833E+01 -.288405E+01 -.166103E+01 -.761850E+01 0.327741E+02
 0.480458E+01 -.288398E+01 -.165993E+01 -.762423E+01 0.327714E+02
 0.409833E+01 -.288404E+01 -.165746E+01 -.754885E+01 0.327827E+02
 0.479764E+01 -.288436E+01 -.166207E+01 -.791434E+01 0.327726E+02
 0.491454E+01 -.285793E+01 -.166175E+01 -.738453E+01 0.392599E+02
 0.471948E+01 -.288403E+01 -.166210E+01 -.774406E+01 0.327787E+02
 0.500000E+01 -.288405E+01 -.166071E+01 -.782685E+01 0.327763E+02
 0.470543E+01 -.287860E+01 -.166006E+01 -.746977E+01 0.330547E+02
 0.479342E+01 -.289484E+01 -.165681E+01 -.787157E+01 0.338317E+02
 0.500000E+01 -.288377E+01 -.165990E+01 -.824651E+01 0.327758E+02
 0.479781E+01 -.288382E+01 -.166068E+01 -.790834E+01 0.327710E+02
 0.485242E+01 -.288385E+01 -.166080E+01 -.797821E+01 0.327753E+02
 0.485491E+01 -.288326E+01 -.179645E+01 -.786881E+01 0.442124E+02
 0.499090E+01 -.288439E+01 -.175511E+01 -.760862E+01 0.381562E+02
 0.500000E+01 -.288309E+01 -.166184E+01 -.765213E+01 0.327832E+02
 0.494405E+01 -.288412E+01 -.166224E+01 -.770210E+01 0.327690E+02
 0.482326E+01 -.285644E+01 -.167666E+01 -.706297E+01 0.397579E+02
 0.500000E+01 -.286605E+01 -.166087E+01 -.797116E+01 0.358558E+02
 0.488626E+01 -.288399E+01 -.166134E+01 -.798813E+01 0.327753E+02
 0.418650E+01 -.288398E+01 -.164899E+01 -.716248E+01 0.328562E+02
 0.493076E+01 -.288397E+01 -.166116E+01 -.741993E+01 0.327732E+02
 0.489155E+01 -.288349E+01 -.171270E+01 -.723353E+01 0.342928E+02
 0.485405E+01 -.288410E+01 -.166133E+01 -.755277E+01 0.327755E+02
 0.477045E+01 -.288397E+01 -.166116E+01 -.746631E+01 0.327707E+02
 0.481197E+01 -.288400E+01 -.166158E+01 -.783852E+01 0.327735E+02
 0.375103E+01 -.288513E+01 -.166201E+01 -.683182E+01 0.327978E+02
 0.482016E+01 -.287977E+01 -.166680E+01 -.833354E+01 0.329378E+02
 0.490338E+01 -.288494E+01 -.166064E+01 -.721486E+01 0.327815E+02
 0.478663E+01 -.288414E+01 -.166332E+01 -.766057E+01 0.327738E+02
 0.500000E+01 -.288100E+01 -.166329E+01 -.791653E+01 0.328505E+02
 0.492441E+01 -.288537E+01 -.165939E+01 -.796146E+01 0.327965E+02
 0.484720E+01 -.288401E+01 -.166065E+01 -.776782E+01 0.328063E+02
 0.480401E+01 -.288398E+01 -.166133E+01 -.718356E+01 0.327707E+02
 0.480727E+01 -.288259E+01 -.167199E+01 -.756444E+01 0.328371E+02
 0.480709E+01 -.288172E+01 -.165122E+01 -.799746E+01 0.328915E+02
 0.500000E+01 -.288392E+01 -.166392E+01 -.756010E+01 0.327743E+02
 0.495573E+01 -.288420E+01 -.166129E+01 -.734092E+01 0.327752E+02
 0.485960E+01 -.288612E+01 -.166431E+01 -.111716E+02 0.328375E+02
 0.479884E+01 -.288421E+01 -.165978E+01 -.730626E+01 0.327717E+02
 0.477761E+01 -.288418E+01 -.166131E+01 -.656436E+01 0.327712E+02
 0.480300E+01 -.288215E+01 -.166361E+01 -.826135E+01 0.328024E+02
 0.480094E+01 -.288380E+01 -.166120E+01 -.776178E+01 0.327709E+02
 0.480187E+01 -.288255E+01 -.168651E+01 -.652421E+01 0.331177E+02
 0.480952E+01 -.288390E+01 -.166358E+01 -.732232E+01 0.327721E+02
 0.483165E+01 -.288403E+01 -.166091E+01 -.751737E+01 0.327845E+02
 0.481451E+01 -.287934E+01 -.163198E+01 -.825525E+01 0.335480E+02
 0.480486E+01 -.288397E+01 -.166127E+01 -.770422E+01 0.327724E+02
 0.479470E+01 -.288385E+01 -.166170E+01 -.780156E+01 0.327709E+02
 0.480394E+01 -.288520E+01 -.165978E+01 -.786060E+01 0.327836E+02
 0.485596E+01 -.288405E+01 -.165993E+01 -.786367E+01 0.327801E+02
 0.446294E+01 -.288174E+01 -.166111E+01 -.860590E+01 0.328237E+02
 0.422061E+01 -.289383E+01 -.166810E+01 -.869916E+01 0.338016E+02
 0.478917E+01 -.288474E+01 -.166330E+01 -.767300E+01 0.327799E+02
 0.482192E+01 -.288387E+01 -.162869E+01 -.787073E+01 0.333316E+02
 0.477485E+01 -.288045E+01 -.173431E+01 -.785862E+01 0.358211E+02
 0.481509E+01 -.288393E+01 -.166144E+01 -.780059E+01 0.327739E+02
 0.480462E+01 -.288555E+01 -.165908E+01 -.754577E+01 0.327924E+02
 0.481813E+01 -.288400E+01 -.166053E+01 -.750402E+01 0.327741E+02
 0.475056E+01 -.288391E+01 -.166130E+01 -.750538E+01 0.328021E+02
 0.477325E+01 -.288576E+01 -.166144E+01 -.751705E+01 0.328003E+02
 0.480662E+01 -.288466E+01 -.166139E+01 -.757756E+01 0.327768E+02
 0.494386E+01 -.288396E+01 -.166056E+01 -.771681E+01 0.327681E+02
 0.500000E+01 -.288408E+01 -.166090E+01 -.763136E+01 0.327762E+02
 0.482901E+01 -.288401E+01 -.166146E+01 -.757921E+01 0.327773E+02
 0.481033E+01 -.288387E+01 -.166191E+01 -.771926E+01 0.327729E+02
 0.480840E+01 -.288389E+01 -.166433E+01 -.775767E+01 0.327745E+02
 0.480780E+01 -.288390E+01 -.166145E+01 -.787015E+01 0.327726E+02
 0.485785E+01 -.288499E+01 -.166066E+01 -.793858E+01 0.327896E+02
 0.468264E+01 -.288482E+01 -.166279E+01 -.601101E+01 0.327866E+02
 0.480504E+01 -.288447E+01 -.166181E+01 -.746266E+01 0.327693E+02
 0.474636E+01 -.289623E+01 -.166169E+01 -.936529E+01 0.341697E+02
 0.480434E+01 -.288406E+01 -.166155E+01 -.758973E+01 0.327668E+02
 0.479377E+01 -.289177E+01 -.171724E+01 -.732310E+01 0.355648E+02
 0.484328E+01 -.288422E+01 -.166147E+01 -.758666E+01 0.328299E+02
 0.478696E+01 -.288435E+01 -.165481E+01 -.779918E+01 0.327899E+02
 0.480442E+01 -.288398E+01 -.166139E+01 -.777399E+01 0.327724E+02
 0.488555E+01 -.288079E+01 -.165213E+01 -.744180E+01 0.329343E+02
 0.477907E+01 -.288212E+01 -.166029E+01 -.807272E+01 0.328058E+02
 0.481602E+01 -.288884E+01 -.165915E+01 -.757992E+01 0.329959E+02
 0.489692E+01 -.288422E+01 -.166089E+01 -.752738E+01 0.327708E+02
 0.480162E+01 -.288395E+01 -.166224E+01 -.757196E+01 0.327712E+02
 0.480312E+01 -.288398E+01 -.166034E+01 -.765236E+01 0.327708E+02
 0.480420E+01 -.288416E+01 -.166311E+01 -.746498E+01 0.327693E+02
 0.480658E+01 -.288407E+01 -.165891E+01 -.766350E+01 0.327729E+02
 0.473763E+01 -.288401E+01 -.166149E+01 -.781746E+01 0.327762E+02
 0.498255E+01 -.288455E+01 -.166171E+01 -.747599E+01 0.327748E+02
 0.478131E+01 -.288728E+01 -.165739E+01 -.743648E+01 0.328665E+02
 0.489236E+01 -.288189E+01 -.166131E+01 -.797827E+01 0.328090E+02
 0.489705E+01 -.288389E+01 -.166216E+01 -.716072E+01 0.327708E+02
 0.477284E+01 -.288371E+01 -.165976E+01 -.767289E+01 0.327728E+02
 0.316510E+01 -.289502E+01 -.169752E+01 -.102554E+02 0.350676E+02
 0.481467E+01 -.289149E+01 -.164258E+01 -.760207E+01 0.333805E+02
 0.479390E+01 -.288377E+01 -.166061E+01 -.812480E+01 0.327713E+02
 0.480515E+01 -.288339E+01 -.166124E+01 -.803782E+01 0.327758E+02
 0.479728E+01 -.288463E+01 -.166127E+01 -.732569E+01 0.327744E+02
 0.479730E+01 -.288373E+01 -.165806E+01 -.720056E+01 0.327756E+02
 0.480923E+01 -.288345E+01 -.166220E+01 -.791555E+01 0.327755E+02
 0.480825E+01 -.288401E+01 -.166120E+01 -.777364E+01 0.327725E+02
 0.480524E+01 -.288401E+01 -.166244E+01 -.671424E+01 0.327736E+02
 0.480560E+01 -.288408E+01 -.166138E+01 -.801826E+01 0.327726E+02
 0.478972E+01 -.288379E+01 -.166104E+01 -.717444E+01 0.327711E+02
 0.467653E+01 -.288412E+01 -.166154E+01 -.756674E+01 0.327763E+02
 0.482746E+01 -.288446E+01 -.166144E+01 -.777939E+01 0.327804E+02
 0.480066E+01 -.285985E+01 -.166228E+01 -.787624E+01 0.383656E+02
 0.489104E+01 -.288398E+01 -.166171E+01 -.733941E+01 0.328131E+02
 0.477985E+01 -.288529E+01 -.169153E+01 -.791467E+01 0.333471E+02
 0.449356E+01 -.288452E+01 -.173168E+01 -.775288E+01 0.357484E+02
 0.481542E+01 -.288482E+01 -.167000E+01 -.752602E+01 0.328375E+02
 0.482185E+01 -.288424E+01 -.166035E+01 -.745334E+01 0.327699E+02
 0.477544E+01 -.288394E+01 -.166141E+01 -.767219E+01 0.327707E+02
 0.480355E+01 -.288383E+01 -.166136E+01 -.807575E+01 0.327709E+02
 0.466015E+01 -.288349E+01 -.166218E+01 -.821125E+01 0.327760E+02
 0.489438E+01 -.288396E+01 -.166167E+01 -.608615E+01 0.327710E+02
 0.492097E+01 -.287986E+01 -.166642E+01 -.782549E+01 0.329284E+02
 0.477510E+01 -.288312E+01 -.166155E+01 -.755612E+01 0.327777E+02
 0.483752E+01 -.288399E+01 -.166034E+01 -.769731E+01 0.328276E+02
 0.477943E+01 -.288589E+01 -.165421E+01 -.769994E+01 0.328159E+02
 0.489818E+01 -.288423E+01 -.165077E+01 -.776777E+01 0.329602E+02
 0.478836E+01 -.288397E+01 -.165945E+01 -.749915E+01 0.327722E+02
 0.479264E+01 -.288400E+01 -.166223E+01 -.767788E+01 0.327713E+02
 0.464860E+01 -.288415E+01 -.165992E+01 -.775002E+01 0.327790E+02
 0.482164E+01 -.288396E+01 -.166134E+01 -.780028E+01 0.327685E+02
 0.480650E+01 -.288389E+01 -.166227E+01 -.749940E+01 0.327731E+02
 0.474286E+01 -.288601E+01 -.166147E+01 -.787846E+01 0.328119E+02
 0.480478E+01 -.288457E+01 -.166120E+01 -.778960E+01 0.327755E+02
 0.480152E+01 -.288350E+01 -.165989E+01 -.781210E+01 0.327742E+02
 0.480415E+01 -.288486E+01 -.166190E+01 -.789732E+01 0.327784E+02
 0.466676E+01 -.289127E+01 -.171930E+01 -.755775E+01 0.356598E+02
 0.484535E+01 -.288394E+01 -.166138E+01 -.737848E+01 0.327815E+02
 0.480651E+01 -.288405E+01 -.166132E+01 -.792778E+01 0.327725E+02
 0.478246E+01 -.292056E+01 -.165878E+01 -.746222E+01 0.448381E+02
 0.459184E+01 -.288220E+01 -.163584E+01 -.765337E+01 0.331824E+02
 0.480648E+01 -.288395E+01 -.166114E+01 -.102451E+02 0.327725E+02
 0.483294E+01 -.288377E+01 -.166130E+01 -.769731E+01 0.327767E+02
 0.480688E+01 -.288394E+01 -.166120E+01 -.737956E+01 0.327725E+02
 0.476936E+01 -.288241E+01 -.166580E+01 -.772497E+01 0.327999E+02
 0.480918E+01 -.288397E+01 -.165837E+01 -.772478E+01 0.327746E+02
 0.487944E+01 -.288400E+01 -.166049E+01 -.740599E+01 0.327772E+02
 0.477664E+01 -.288496E+01 -.166514E+01 -.107998E+02 0.327917E+02
 0.443040E+01 -.288367E+01 -.166140E+01 -.763864E+01 0.327836E+02
 0.480482E+01 -.288397E+01 -.166492E+01 -.777859E+01 0.327786E+02
 0.480654E+01 -.288376E+01 -.166147E+01 -.852408E+01 0.327730E+02
 0.467020E+01 -.288336E+01 -.166327E+01 -.745100E+01 0.327823E+02
 0.476867E+01 -.288402E+01 -.166095E+01 -.770054E+01 0.327707E+02
 0.480588E+01 -.288396E+01 -.165999E+01 -.782943E+01 0.327713E+02
 0.470392E+01 -.288402E+01 -.165625E+01 -.706092E+01 0.327864E+02
 0.480210E+01 -.288438E+01 -.166110E+01 -.753510E+01 0.327718E+02
 0.479715E+01 -.288400E+01 -.166233E+01 -.756873E+01 0.327714E+02
 0.468307E+01 -.288396E+01 -.166163E+01 -.763234E+01 0.327761E+02
 0.460750E+01 -.288445E+01 -.166010E+01 -.775999E+01 0.327771E+02
 0.481143E+01 -.288792E+01 -.165852E+01 -.771787E+01 0.329097E+02
 0.430636E+01 -.288567E+01 -.166140E+01 -.788577E+01 0.328059E+02
 0.479329E+01 -.288411E+01 -.166076E+01 -.696888E+01 0.327708E+02
 0.488419E+01 -.288401E+01 -.166100E+01 -.757951E+01 0.327753E+02
 0.484867E+01 -.288371E+01 -.166579E+01 -.745891E+01 0.327868E+02
 0.500000E+01 -.288491E+01 -.167266E+01 -.775699E+01 0.328618E+02
 0.473167E+01 -.288577E+01 -.166162E+01 -.769051E+01 0.328106E+02
 0.500000E+01 -.288526E+01 -.166156E+01 -.710515E+01 0.327923E+02
 0.481711E+01 -.289160E+01 -.166323E+01 -.851156E+01 0.333421E+02
 0.481649E+01 -.289149E+01 -.166153E+01 -.894438E+01 0.333148E+02
 0.475738E+01 -.288396E+01 -.166159E+01 -.716210E+01 0.327709E+02
 0.487143E+01 -.288398E+01 -.165653E+01 -.779297E+01 0.327909E+02
 0.492166E+01 -.288415E+01 -.166086E+01 -.748052E+01 0.327746E+02
 0.481311E+01 -.288259E+01 -.163368E+01 -.764660E+01 0.332295E+02
 0.485946E+01 -.288399E+01 -.166136E+01 -.736212E+01 0.327793E+02
 0.482411E+01 -.288396E+01 -.166139E+01 -.775049E+01 0.327777E+02
 0.481444E+01 -.288403E+01 -.166182E+01 -.751981E+01 0.327752E+02
 0.465581E+01 -.288406E+01 -.164908E+01 -.753981E+01 0.329252E+02
 0.479641E+01 -.288675E+01 -.166028E+01 -.799807E+01 0.328399E+02
 0.474684E+01 -.288407E+01 -.166153E+01 -.656411E+01 0.327727E+02
 0.480330E+01 -.288387E+01 -.166116E+01 -.764467E+01 0.327708E+02
 0.454842E+01 -.288533E+01 -.166186E+01 -.787048E+01 0.327972E+02
 0.497248E+01 -.288557E+01 -.167781E+01 -.787131E+01 0.329887E+02
 0.480729E+01 -.286539E+01 -.163594E+01 -.730212E+01 0.368554E+02
 0.481547E+01 -.288393E+01 -.166076E+01 -.763303E+01 0.327739E+02
 0.480640E+01 -.288396E+01 -.166133E+01 -.754612E+01 0.327725E+02
 0.479795E+01 -.288573E+01 -.165054E+01 -.742913E+01 0.328415E+02
 0.478827E+01 -.288575E+01 -.165170E+01 -.796950E+01 0.328303E+02
 0.480601E+01 -.285935E+01 -.166365E+01 -.765033E+01 0.385688E+02
 0.475226E+01 -.288390E+01 -.165272E+01 -.775616E+01 0.328445E+02
 0.494935E+01 -.288393E+01 -.166123E+01 -.802715E+01 0.327695E+02
 0.479136E+01 -.287323E+01 -.167355E+01 -.980443E+01 0.338389E+02
 0.481309E+01 -.288418E+01 -.166092E+01 -.875994E+01 0.327754E+02
 0.480632E+01 -.288348E+01 -.166110E+01 -.667102E+01 0.327752E+02
 0.480325E+01 -.288182E+01 -.165948E+01 -.744455E+01 0.328203E+02
 0.480316E+01 -.288330E+01 -.166163E+01 -.785582E+01 0.327751E+02
 0.480804E+01 -.288353E+01 -.180031E+01 -.550000E+01 0.449315E+02
 0.481042E+01 -.288404E+01 -.166184E+01 -.693165E+01 0.327729E+02
 0.476025E+01 -.288422E+01 -.166051E+01 -.780143E+01 0.327716E+02
 0.481224E+01 -.287760E+01 -.166523E+01 -.806080E+01 0.331388E+02
 0.480500E+01 -.288399E+01 -.166138E+01 -.776314E+01 0.327724E+02
 0.482130E+01 -.288388E+01 -.166101E+01 -.776223E+01 0.327695E+02
 0.480373E+01 -.288401E+01 -.165781E+01 -.783309E+01 0.327765E+02
 0.481625E+01 -.288405E+01 -.166118E+01 -.776791E+01 0.327741E+02
 0.449709E+01 -.287680E+01 -.166161E+01 -.832408E+01 0.332720E+02
 0.425028E+01 -.288766E+01 -.166737E+01 -.846591E+01 0.329496E+02
 0.479280E+01 -.288450E+01 -.166629E+01 -.723389E+01 0.327901E+02
 0.479040E+01 -.288401E+01 -.161108E+01 -.779298E+01 0.340746E+02
 0.475967E+01 -.288188E+01 -.167891E+01 -.821293E+01 0.329552E+02
 0.480116E+01 -.288399E+01 -.166144E+01 -.774827E+01 0.327706E+02
 0.480600E+01 -.288373E+01 -.166593E+01 -.752001E+01 0.327811E+02
 0.481898E+01 -.288395E+01 -.166010E+01 -.744745E+01 0.327744E+02
 0.480910E+01 -.288397E+01 -.166107E+01 -.770128E+01 0.327725E+02
 0.486866E+01 -.288395E+01 -.166132E+01 -.743666E+01 0.327792E+02
 0.480603E+01 -.288699E+01 -.166147E+01 -.759134E+01 0.328571E+02
 0.482680E+01 -.288401E+01 -.165999E+01 -.766036E+01 0.327791E+02
 0.468831E+01 -.288390E+01 -.166113E+01 -.777135E+01 0.327741E+02
 0.497386E+01 -.288400E+01 -.166095E+01 -.772892E+01 0.327756E+02
 0.480378E+01 -.288391E+01 -.166120E+01 -.763563E+01 0.327707E+02
 0.481330E+01 -.288421E+01 -.165430E+01 -.768642E+01 0.328027E+02
 0.479958E+01 -.288395E+01 -.166142E+01 -.783843E+01 0.327706E+02
 0.489022E+01 -.288270E+01 -.167690E+01 -.777119E+01 0.329144E+02
 0.492564E+01 -.288386E+01 -.166010E+01 -.729590E+01 0.327737E+02
 0.480324E+01 -.288474E+01 -.166296E+01 -.767166E+01 0.327789E+02
 0.485391E+01 -.286120E+01 -.166188E+01 -.846672E+01 0.377160E+02
 0.480500E+01 -.288399E+01 -.166147E+01 -.743317E+01 0.327724E+02
 0.479440E+01 -.287942E+01 -.169621E+01 -.762129E+01 0.335206E+02
 0.494992E+01 -.288406E+01 -.166195E+01 -.751061E+01 0.327699E+02
 0.478105E+01 -.288416E+01 -.165780E+01 -.783045E+01 0.327748E+02
 0.480417E+01 -.288399E+01 -.166119E+01 -.782681E+01 0.327706E+02
 0.488189E+01 -.288207E+01 -.166011E+01 -.810728E+01 0.328089E+02
 0.479827E+01 -.287974E+01 -.166118E+01 -.784751E+01 0.329420E+02
 0.480545E+01 -.288465E+01 -.166237E+01 -.766512E+01 0.327780E+02
 0.488517E+01 -.288421E+01 -.166062E+01 -.763727E+01 0.327760E+02
 0.485248E+01 -.288401E+01 -.166246E+01 -.768158E+01 0.327787E+02
 0.480187E+01 -.288396E+01 -.166090E+01 -.745195E+01 0.327706E+02
 0.480592E+01 -.288393E+01 -.166033E+01 -.770338E+01 0.327710E+02
 0.480320E+01 -.288410E+01 -.167370E+01 -.775851E+01 0.328564E+02
 0.470721E+01 -.288408E+01 -.166187E+01 -.741274E+01 0.327755E+02
 0.500000E+01 -.288466E+01 -.166354E+01 -.763148E+01 0.327792E+02
 0.479090E+01 -.288435E+01 -.166113E+01 -.754011E+01 0.327718E+02
 0.484090E+01 -.288385E+01 -.166138E+01 -.789702E+01 0.328276E+02
 0.492122E+01 -.288403E+01 -.166243E+01 -.769941E+01 0.327753E+02
 0.478954E+01 -.288421E+01 -.166193E+01 -.773713E+01 0.327716E+02
 0.466510E+01 -.288549E+01 -.165193E+01 -.727862E+01 0.328286E+02
 0.483764E+01 -.287625E+01 -.165703E+01 -.771012E+01 0.334079E+02
 0.479404E+01 -.288389E+01 -.166122E+01 -.747389E+01 0.327707E+02
 0.480548E+01 -.288453E+01 -.166150E+01 -.756030E+01 0.327753E+02
 0.480840E+01 -.288471E+01 -.166134E+01 -.707191E+01 0.327773E+02
 0.479865E+01 -.288395E+01 -.165792E+01 -.784661E+01 0.327747E+02
 0.480108E+01 -.288381E+01 -.166296E+01 -.842682E+01 0.327724E+02
 0.480378E+01 -.288392E+01 -.166135E+01 -.768889E+01 0.327707E+02
 0.480469E+01 -.288403E+01 -.166099E+01 -.801497E+01 0.327667E+02
 0.480260E+01 -.288374E+01 -.166143E+01 -.740886E+01 0.327711E+02
 0.488113E+01 -.288534E+01 -.166119E+01 -.781105E+01 0.327931E+02
 0.468171E+01 -.288415E+01 -.166155E+01 -.787698E+01 0.327764E+02
 0.483060E+01 -.288383E+01 -.166154E+01 -.774140E+01 0.327771E+02
 0.480805E+01 -.285956E+01 -.166157E+01 -.748887E+01 0.385167E+02
 0.500000E+01 -.288384E+01 -.166166E+01 -.721362E+01 0.327764E+02
 0.472813E+01 -.287963E+01 -.161090E+01 -.782245E+01 0.344545E+02
 0.463947E+01 -.288176E+01 -.168231E+01 -.758468E+01 0.330318E+02
 0.481183E+01 -.288402E+01 -.167340E+01 -.766277E+01 0.328536E+02
 0.479109E+01 -.288421E+01 -.166137E+01 -.721805E+01 0.327711E+02
 0.473432E+01 -.288404E+01 -.166155E+01 -.770382E+01 0.327761E+02
 0.480596E+01 -.288393E+01 -.166143E+01 -.800055E+01 0.327725E+02
 0.472875E+01 -.288535E+01 -.166277E+01 -.754489E+01 0.328033E+02
 0.467740E+01 -.288389E+01 -.166158E+01 -.659153E+01 0.327763E+02
 0.489513E+01 -.288710E+01 -.168736E+01 -.803288E+01 0.333246E+02
 0.477270E+01 -.288338E+01 -.166199E+01 -.795845E+01 0.327743E+02
 0.493373E+01 -.288401E+01 -.166006E+01 -.751029E+01 0.327743E+02
 0.479385E+01 -.288213E+01 -.162777E+01 -.785948E+01 0.334460E+02
 0.478689E+01 -.288373E+01 -.165746E+01 -.773793E+01 0.327779E+02
 0.479312E+01 -.288399E+01 -.165872E+01 -.810979E+01 0.327722E+02
 0.477728E+01 -.288397E+01 -.166157E+01 -.776740E+01 0.327708E+02
 0.500000E+01 -.288398E+01 -.166103E+01 -.770019E+01 0.327761E+02
 0.482935E+01 -.288395E+01 -.166114E+01 -.810865E+01 0.327771E+02
 0.481152E+01 -.288403E+01 -.166448E+01 -.797520E+01 0.327782E+02
 0.466690E+01 -.288214E+01 -.166154E+01 -.794250E+01 0.328073E+02
 0.480483E+01 -.288411E+01 -.166304E+01 -.782717E+01 0.327688E+02
 0.487440E+01 -.288399E+01 -.166050E+01 -.772713E+01 0.327770E+02
 0.480438E+01 -.288331E+01 -.166107E+01 -.766509E+01 0.327769E+02
 0.476375E+01 -.287553E+01 -.169536E+01 -.758162E+01 0.338558E+02
 0.476082E+01 -.288393E+01 -.166146E+01 -.739372E+01 0.327725E+02
 0.480488E+01 -.288402E+01 -.166139E+01 -.790085E+01 0.327724E+02
 0.481587E+01 -.287233E+01 -.166353E+01 -.767121E+01 0.340326E+02
 0.442668E+01 -.288455E+01 -.167787E+01 -.767140E+01 0.329501E+02
 0.480157E+01 -.288398E+01 -.166144E+01 -.998409E+01 0.327705E+02
 0.500000E+01 -.288446E+01 -.166139E+01 -.768421E+01 0.327785E+02
 0.480488E+01 -.288398E+01 -.166126E+01 -.776326E+01 0.327667E+02
 0.472783E+01 -.288443E+01 -.166407E+01 -.757802E+01 0.327895E+02
 0.475962E+01 -.288402E+01 -.166430E+01 -.774485E+01 0.327757E+02
 0.485999E+01 -.288415E+01 -.165967E+01 -.736019E+01 0.327807E+02
 0.480755E+01 -.288379E+01 -.166031E+01 -.730841E+01 0.327713E+02
 0.500000E+01 -.288346E+01 -.166135E+01 -.757662E+01 0.327785E+02
 0.480343E+01 -.288399E+01 -.165946E+01 -.782782E+01 0.327721E+02
 0.480843E+01 -.288402E+01 -.166136E+01 -.729929E+01 0.327725E+02
 0.462041E+01 -.288412E+01 -.166215E+01 -.743954E+01 0.327769E+02
 0.475437E+01 -.288395E+01 -.166150E+01 -.807368E+01 0.328011E+02
 0.480640E+01 -.288383E+01 -.166448E+01 -.777306E+01 0.327747E+02
 0.486215E+01 -.288398E+01 -.166669E+01 -.691433E+01 0.327994E+02
 0.479176E+01 -.288404E+01 -.166167E+01 -.791053E+01 0.327708E+02
 0.480607E+01 -.289127E+01 -.164196E+01 -.730961E+01 0.333363E+02
 0.500000E+01 -.288388E+01 -.166230E+01 -.750355E+01 0.327709E+02
 0.469360E+01 -.288365E+01 -.166212E+01 -.778955E+01 0.327766E+02
 0.482373E+01 -.288834E+01 -.166065E+01 -.794519E+01 0.329650E+02
 0.481565E+01 -.287670E+01 -.166260E+01 -.775793E+01 0.332625E+02
 0.474673E+01 -.288352E+01 -.166133E+01 -.800883E+01 0.327742E+02
 0.480409E+01 -.288413E+01 -.166171E+01 -.687896E+01 0.327711E+02
 0.492201E+01 -.288408E+01 -.166109E+01 -.737314E+01 0.327747E+02
 0.478339E+01 -.288411E+01 -.156250E+01 -.746578E+01 0.375882E+02
 0.467073E+01 -.292012E+01 -.166444E+01 -.655503E+01 0.447924E+02
 0.491247E+01 -.288478E+01 -.160255E+01 -.776397E+01 0.345100E+02
 0.477679E+01 -.288539E+01 -.166177E+01 -.785632E+01 0.327898E+02
 0.482105E+01 -.288321E+01 -.166157E+01 -.696384E+01 0.327747E+02
 0.480989E+01 -.290036E+01 -.166331E+01 -.848968E+01 0.352847E+02
 0.483389E+01 -.289605E+01 -.166171E+01 -.818062E+01 0.341568E+02
 0.490265E+01 -.288397E+01 -.166099E+01 -.663195E+01 0.327731E+02
 0.411922E+01 -.288401E+01 -.166857E+01 -.823809E+01 0.328124E+02
 0.491065E+01 -.288387E+01 -.166165E+01 -.773641E+01 0.327744E+02
 0.475656E+01 -.288490E+01 -.161652E+01 -.815575E+01 0.337926E+02
 0.496375E+01 -.288402E+01 -.166146E+01 -.748966E+01 0.327783E+02
 0.480800E+01 -.288393E+01 -.166145E+01 -.781597E+01 0.327725E+02
 0.481173E+01 -.288404E+01 -.166137E+01 -.740336E+01 0.327709E+02
 0.500000E+01 -.288344E+01 -.165409E+01 -.833964E+01 0.328059E+02
 0.477577E+01 -.288785E+01 -.165649E+01 -.662736E+01 0.329038E+02
 0.468657E+01 -.288279E+01 -.166203E+01 -.709851E+01 0.327883E+02
 0.481831E+01 -.288368E+01 -.165987E+01 -.766095E+01 0.327774E+02
 0.442620E+01 -.288824E+01 -.166023E+01 -.765017E+01 0.329568E+02
 0.485687E+01 -.288265E+01 -.166826E+01 -.761294E+01 0.328170E+02
 0.483450E+01 -.288387E+01 -.166186E+01 -.754454E+01 0.327816E+02
 0.480615E+01 -.288402E+01 -.166136E+01 -.729238E+01 0.327724E+02
 0.481443E+01 -.288261E+01 -.166467E+01 -.822233E+01 0.327929E+02
 0.478457E+01 -.288555E+01 -.166675E+01 -.834638E+01 0.328186E+02
 0.487388E+01 -.288421E+01 -.165476E+01 -.792132E+01 0.327965E+02
 0.487343E+01 -.288377E+01 -.166116E+01 -.760792E+01 0.327770E+02
 0.476298E+01 -.288996E+01 -.166846E+01 -.795818E+01 0.331711E+02
 0.481360E+01 -.288410E+01 -.166203E+01 -.831966E+01 0.327756E+02
 0.479469E+01 -.288428E+01 -.166141E+01 -.811791E+01 0.327714E+02
 0.480686E+01 -.288562E+01 -.165886E+01 -.756289E+01 0.327944E+02
 0.480568E+01 -.288393E+01 -.166191E+01 -.781415E+01 0.327727E+02
 0.481184E+01 -.288478E+01 -.167421E+01 -.107336E+02 0.328801E+02
 0.480859E+01 -.288399E+01 -.166105E+01 -.721341E+01 0.327725E+02
 0.481144E+01 -.288367E+01 -.166124E+01 -.772798E+01 0.327717E+02
 0.481112E+01 -.287965E+01 -.168228E+01 -.839893E+01 0.331186E+02
 0.480516E+01 -.288403E+01 -.166176E+01 -.780137E+01 0.327726E+02
 0.483250E+01 -.288400E+01 -.166063E+01 -.769330E+01 0.327767E+02
 0.480582E+01 -.288216E+01 -.166451E+01 -.781654E+01 0.328014E+02
 0.476429E+01 -.288411E+01 -.166208E+01 -.761581E+01 0.327725E+02
 0.467117E+01 -.288524E+01 -.166174E+01 -.745052E+01 0.327926E+02
 0.454896E+01 -.287777E+01 -.166082E+01 -.821593E+01 0.331364E+02
 0.479224E+01 -.288421E+01 -.166149E+01 -.736942E+01 0.327712E+02
 0.476776E+01 -.288409E+01 -.163896E+01 -.800787E+01 0.330305E+02
 0.477924E+01 -.288494E+01 -.162059E+01 -.853739E+01 0.336094E+02
 0.479197E+01 -.288409E+01 -.166127E+01 -.799165E+01 0.327707E+02
 0.480546E+01 -.288270E+01 -.166100E+01 -.805100E+01 0.327885E+02
 0.481986E+01 -.288403E+01 -.166133E+01 -.828849E+01 0.327739E+02
 0.484750E+01 -.288411E+01 -.166093E+01 -.814226E+01 0.328059E+02
 0.479118E+01 -.288249E+01 -.166105E+01 -.785757E+01 0.327922E+02
 0.480431E+01 -.288383E+01 -.166117E+01 -.769991E+01 0.327709E+02
 0.484997E+01 -.288402E+01 -.165964E+01 -.796039E+01 0.327752E+02
 0.484855E+01 -.288408E+01 -.166090E+01 -.817844E+01 0.327753E+02
 0.491108E+01 -.288401E+01 -.166087E+01 -.821766E+01 0.327723E+02
 0.480030E+01 -.288396E+01 -.166064E+01 -.788687E+01 0.327707E+02
 0.481926E+01 -.288414E+01 -.165348E+01 -.796296E+01 0.328065E+02
 0.479763E+01 -.288396E+01 -.166123E+01 -.792805E+01 0.327706E+02
 0.485970E+01 -.288292E+01 -.165725E+01 -.792041E+01 0.328007E+02
 0.481993E+01 -.288319E+01 -.165949E+01 -.909970E+01 0.327831E+02
 0.480373E+01 -.288463E+01 -.166145E+01 -.820089E+01 0.327745E+02
 0.490672E+01 -.287282E+01 -.166072E+01 -.786522E+01 0.339546E+02
 0.480467E+01 -.288401E+01 -.166139E+01 -.825482E+01 0.327667E+02
 0.479606E+01 -.287746E+01 -.161334E+01 -.801866E+01 0.346434E+02
 0.500000E+01 -.288390E+01 -.166092E+01 -.805000E+01 0.327744E+02
 0.481357E+01 -.288417E+01 -.166495E+01 -.788887E+01 0.327835E+02
 0.480409E+01 -.288403E+01 -.166088E+01 -.813276E+01 0.327706E+02
 0.487069E+01 -.288706E+01 -.166617E+01 -.838334E+01 0.329008E+02
 0.480149E+01 -.288843E+01 -.166067E+01 -.814577E+01 0.329524E+02
 0.480000E+01 -.288071E+01 -.166252E+01 -.796890E+01 0.328695E+02
 0.491546E+01 -.288401E+01 -.166060E+01 -.835556E+01 0.327776E+02
 0.488290E+01 -.288405E+01 -.166034E+01 -.803020E+01 0.327780E+02
 0.480358E+01 -.288401E+01 -.166135E+01 -.788595E+01 0.327706E+02
 0.480629E+01 -.288378E+01 -.166218E+01 -.825750E+01 0.327732E+02
 0.480535E+01 -.288408E+01 -.167006E+01 -.789399E+01 0.328115E+02
 0.484411E+01 -.288409E+01 -.166166E+01 -.779016E+01 0.328292E+02
 0.483922E+01 -.288446E+01 -.166206E+01 -.809050E+01 0.328330E+02
 0.481026E+01 -.288168E+01 -.166392E+01 -.769996E+01 0.328182E+02
 0.482306E+01 -.288598E+01 -.166087E+01 -.790726E+01 0.328195E+02
 0.492066E+01 -.288415E+01 -.166227E+01 -.852284E+01 0.327791E+02
 0.480908E+01 -.288408E+01 -.166087E+01 -.796656E+01 0.327725E+02
 0.500000E+01 -.287658E+01 -.162472E+01 -.592830E+01 0.342358E+02
 0.483752E+01 -.288824E+01 -.165226E+01 -.806822E+01 0.330254E+02
 0.480572E+01 -.288417E+01 -.166154E+01 -.767687E+01 0.327728E+02
 0.480526E+01 -.288507E+01 -.166096E+01 -.777867E+01 0.327812E+02
 0.481019E+01 -.288279E+01 -.166087E+01 -.859318E+01 0.327866E+02
 0.424006E+01 -.287600E+01 -.161842E+01 -.815932E+01 0.346261E+02
 0.480945E+01 -.288388E+01 -.166074E+01 -.845676E+01 0.327727E+02
 0.479396E+01 -.288454E+01 -.166043E+01 -.802412E+01 0.327732E+02
 0.480036E+01 -.288410E+01 -.166122E+01 -.803460E+01 0.327706E+02
 0.480428E+01 -.288404E+01 -.165989E+01 -.899261E+01 0.327713E+02
 0.481135E+01 -.288387E+01 -.166116E+01 -.787098E+01 0.327710E+02
 0.493677E+01 -.288437E+01 -.166109E+01 -.830248E+01 0.327765E+02
 0.482144E+01 -.288399E+01 -.166143E+01 -.804270E+01 0.327684E+02
 0.479604E+01 -.288364E+01 -.166163E+01 -.795518E+01 0.327717E+02
 0.480265E+01 -.287387E+01 -.166100E+01 -.831304E+01 0.337476E+02
 0.466124E+01 -.288391E+01 -.166267E+01 -.739826E+01 0.327778E+02
 0.474615E+01 -.287484E+01 -.163511E+01 -.797154E+01 0.341370E+02
 0.457551E+01 -.288595E+01 -.160423E+01 -.788783E+01 0.343909E+02
 0.480614E+01 -.288352E+01 -.165085E+01 -.806486E+01 0.328328E+02
 0.479129E+01 -.288418E+01 -.166139E+01 -.743026E+01 0.327710E+02
 0.493553E+01 -.288386E+01 -.166117E+01 -.798033E+01 0.327748E+02
 0.480514E+01 -.288413E+01 -.166163E+01 -.786028E+01 0.327728E+02
 0.492906E+01 -.288572E+01 -.166202E+01 -.756574E+01 0.328044E+02
 0.457684E+01 -.288395E+01 -.166115E+01 -.860535E+01 0.327748E+02
 0.476663E+01 -.288743E+01 -.169586E+01 -.815732E+01 0.336782E+02
 0.481396E+01 -.288410E+01 -.166183E+01 -.830729E+01 0.327754E+02
 0.484349E+01 -.288403E+01 -.166013E+01 -.759943E+01 0.328300E+02
 0.481863E+01 -.288211E+01 -.166783E+01 -.815435E+01 0.328237E+02
 0.473655E+01 -.288355E+01 -.166752E+01 -.803924E+01 0.327981E+02
 0.480848E+01 -.288402E+01 -.165946E+01 -.837873E+01 0.327718E+02
 0.478031E+01 -.288401E+01 -.166012E+01 -.809304E+01 0.327712E+02
 0.483000E+01 -.288398E+01 -.166171E+01 -.816409E+01 0.327774E+02
 0.481067E+01 -.288404E+01 -.166087E+01 -.798534E+01 0.327722E+02
 0.480585E+01 -.288407E+01 -.166282E+01 -.837101E+01 0.327742E+02
 0.477423E+01 -.288050E+01 -.166119E+01 -.791597E+01 0.328860E+02
 0.480473E+01 -.288354E+01 -.166391E+01 -.798907E+01 0.327759E+02
 0.489629E+01 -.288414E+01 -.166170E+01 -.797227E+01 0.327707E+02
 0.480451E+01 -.288312E+01 -.166062E+01 -.779330E+01 0.327802E+02
 0.485554E+01 -.287602E+01 -.165831E+01 -.795967E+01 0.333973E+02
 0.478189E+01 -.288393E+01 -.166107E+01 -.817273E+01 0.327707E+02
 0.480344E+01 -.288403E+01 -.166129E+01 -.792941E+01 0.327706E+02
 0.481663E+01 -.285390E+01 -.165455E+01 -.784281E+01 0.417142E+02
 0.440246E+01 -.288608E+01 -.170133E+01 -.788890E+01 0.338214E+02
 0.481631E+01 -.288401E+01 -.166143E+01 -.963343E+01 0.327741E+02
 0.480610E+01 -.288443E+01 -.166120E+01 -.808207E+01 0.327742E+02
 0.480322E+01 -.288401E+01 -.166122E+01 -.814231E+01 0.327706E+02
 0.490179E+01 -.288526E+01 -.166035E+01 -.762728E+01 0.327957E+02
 0.480846E+01 -.288407E+01 -.166644E+01 -.795472E+01 0.327840E+02
 0.484656E+01 -.288416E+01 -.166087E+01 -.777056E+01 0.328063E+02
 0.482935E+01 -.288324E+01 -.165755E+01 -.550000E+01 0.327939E+02
 0.399197E+01 -.288353E+01 -.166113E+01 -.769925E+01 0.327905E+02
 0.480536E+01 -.288399E+01 -.165744E+01 -.805183E+01 0.327780E+02
 0.480981E+01 -.288420E+01 -.166099E+01 -.695879E+01 0.327708E+02
 0.485250E+01 -.288465E+01 -.165971E+01 -.751116E+01 0.327827E+02
 0.478647E+01 -.288405E+01 -.166086E+01 -.819602E+01 0.327707E+02
 0.480280E+01 -.288377E+01 -.166292E+01 -.775605E+01 0.327726E+02
 0.462469E+01 -.288403E+01 -.167237E+01 -.883313E+01 0.328530E+02
 0.480076E+01 -.288379E+01 -.166140E+01 -.825753E+01 0.327709E+02
 0.471056E+01 -.291975E+01 -.166917E+01 -.767476E+01 0.446861E+02
 0.479521E+01 -.288389E+01 -.166032E+01 -.805306E+01 0.327711E+02
 0.491039E+01 -.288403E+01 -.166152E+01 -.824498E+01 0.327703E+02
 0.482272E+01 -.288910E+01 -.166057E+01 -.812311E+01 0.330335E+02
 0.480512E+01 -.287442E+01 -.166125E+01 -.845005E+01 0.336377E+02
 0.500000E+01 -.288193E+01 -.166088E+01 -.810626E+01 0.328161E+02
 0.480382E+01 -.288403E+01 -.166121E+01 -.785448E+01 0.327706E+02
 0.489809E+01 -.288395E+01 -.166055E+01 -.738390E+01 0.328905E+02
 0.483597E+01 -.288407E+01 -.162954E+01 -.807185E+01 0.332975E+02
 0.467795E+01 -.288487E+01 -.170846E+01 -.793476E+01 0.341140E+02
 0.500000E+01 -.288298E+01 -.166208E+01 -.812666E+01 0.327850E+02
 0.471664E+01 -.288353E+01 -.166090E+01 -.884521E+01 0.327723E+02
 0.482345E+01 -.285900E+01 -.168495E+01 -.874090E+01 0.384825E+02
 0.497261E+01 -.287186E+01 -.166084E+01 -.851043E+01 0.341602E+02
 0.487940E+01 -.288402E+01 -.166055E+01 -.841424E+01 0.327771E+02
 0.381098E+01 -.288405E+01 -.166570E+01 -.790740E+01 0.328019E+02
 0.489429E+01 -.288359E+01 -.166222E+01 -.794370E+01 0.327719E+02
 0.478577E+01 -.288615E+01 -.165478E+01 -.838412E+01 0.328212E+02
 0.482926E+01 -.288409E+01 -.166097E+01 -.792429E+01 0.327774E+02
 0.478046E+01 -.288399E+01 -.166073E+01 -.798330E+01 0.327707E+02
 0.479885E+01 -.288405E+01 -.166121E+01 -.838108E+01 0.327705E+02
 0.429882E+01 -.288397E+01 -.166607E+01 -.888121E+01 0.327944E+02
 0.480743E+01 -.287528E+01 -.166223E+01 -.632827E+01 0.334821E+02
 0.482287E+01 -.288349E+01 -.166078E+01 -.829457E+01 0.327788E+02
 0.479940E+01 -.288422E+01 -.165968E+01 -.801615E+01 0.327718E+02
 0.477718E+01 -.288588E+01 -.166046E+01 -.793930E+01 0.328029E+02
 0.476049E+01 -.288438E+01 -.164450E+01 -.760908E+01 0.329198E+02
 0.491995E+01 -.286700E+01 -.168645E+01 -.800105E+01 0.354671E+02
 0.485562E+01 -.288385E+01 -.166163E+01 -.803375E+01 0.327794E+02
 0.480152E+01 -.288405E+01 -.166117E+01 -.710073E+01 0.327706E+02
 0.482504E+01 -.288136E+01 -.167079E+01 -.877227E+01 0.328683E+02
 0.479061E+01 -.288247E+01 -.166873E+01 -.861909E+01 0.328162E+02
 0.480127E+01 -.289677E+01 -.165351E+01 -.107500E+02 0.342318E+02
 0.500000E+01 -.288432E+01 -.166610E+01 -.801775E+01 0.327886E+02
 0.482400E+01 -.288372E+01 -.166102E+01 -.727337E+01 0.327777E+02
 0.492017E+01 -.289441E+01 -.165264E+01 -.925772E+01 0.337692E+02
 0.479244E+01 -.288410E+01 -.166004E+01 -.749144E+01 0.327712E+02
 0.477084E+01 -.288465E+01 -.166133E+01 -.687473E+01 0.327749E+02
 0.480698E+01 -.288540E+01 -.166283E+01 -.818147E+01 0.327944E+02
 0.480131E+01 -.288443E+01 -.166038E+01 -.795388E+01 0.327722E+02
 0.480902E+01 -.288451E+01 -.156431E+01 -.852741E+01 0.373916E+02
 0.480251E+01 -.288394E+01 -.166170E+01 -.812298E+01 0.327707E+02
 0.484335E+01 -.288372E+01 -.166110E+01 -.764830E+01 0.328284E+02
 0.481640E+01 -.288180E+01 -.166332E+01 -.882258E+01 0.328180E+02
 0.480421E+01 -.288407E+01 -.166092E+01 -.827372E+01 0.327706E+02
 0.483513E+01 -.288404E+01 -.166131E+01 -.774490E+01 0.327816E+02
 0.480595E+01 -.288289E+01 -.166825E+01 -.794947E+01 0.327991E+02
 0.482961E+01 -.288416E+01 -.166111E+01 -.809208E+01 0.327778E+02
 0.485583E+01 -.289109E+01 -.166147E+01 -.739378E+01 0.332624E+02
 0.493381E+01 -.287734E+01 -.165850E+01 -.837679E+01 0.332047E+02
 0.480956E+01 -.288386E+01 -.165761E+01 -.761981E+01 0.327777E+02
 0.480995E+01 -.288390E+01 -.167887E+01 -.829672E+01 0.329457E+02
 0.480768E+01 -.288534E+01 -.160120E+01 -.846815E+01 0.345689E+02
 0.479728E+01 -.288403E+01 -.166119E+01 -.785275E+01 0.327705E+02
 0.480342E+01 -.288335E+01 -.165747E+01 -.769064E+01 0.327824E+02
 0.481984E+01 -.288408E+01 -.166117E+01 -.817283E+01 0.327740E+02
 0.486155E+01 -.288419E+01 -.166133E+01 -.819307E+01 0.327799E+02
 0.472846E+01 -.288326E+01 -.166127E+01 -.816346E+01 0.327823E+02
 0.426952E+01 -.288090E+01 -.151862E+01 -.836889E+01 0.428269E+02
 0.480314E+01 -.288167E+01 -.166083E+01 -.812059E+01 0.328222E+02
 0.490767E+01 -.288400E+01 -.166259E+01 -.802850E+01 0.327757E+02
 0.493013E+01 -.288412E+01 -.166079E+01 -.816318E+01 0.327735E+02
 0.475666E+01 -.288396E+01 -.166221E+01 -.804757E+01 0.327686E+02
 0.480383E+01 -.288405E+01 -.166228E+01 -.829256E+01 0.327714E+02
 0.481538E+01 -.288397E+01 -.166446E+01 -.770782E+01 0.327836E+02
 0.481755E+01 -.288395E+01 -.166097E+01 -.809712E+01 0.327740E+02
 0.482012E+01 -.288509E+01 -.165145E+01 -.812414E+01 0.328295E+02
 0.469972E+01 -.288319E+01 -.166144E+01 -.854075E+01 0.327791E+02
 0.480557E+01 -.288357E+01 -.166027E+01 -.800841E+01 0.327730E+02
 0.487326E+01 -.290963E+01 -.166021E+01 -.937855E+01 0.388254E+02
 0.480442E+01 -.288403E+01 -.166126E+01 -.881623E+01 0.327667E+02
 0.480776E+01 -.288568E+01 -.161498E+01 -.798692E+01 0.338436E+02
 0.473051E+01 -.288394E+01 -.166124E+01 -.799006E+01 0.327759E+02
 0.482290E+01 -.288427E+01 -.166790E+01 -.796950E+01 0.328092E+02
 0.480433E+01 -.288406E+01 -.166102E+01 -.816080E+01 0.327706E+02
 0.482545E+01 -.288761E+01 -.166205E+01 -.815305E+01 0.329114E+02
 0.480463E+01 -.288754E+01 -.166029E+01 -.827635E+01 0.328856E+02
 0.481115E+01 -.288213E+01 -.165863E+01 -.799746E+01 0.328131E+02
 0.490714E+01 -.288417E+01 -.166072E+01 -.829126E+01 0.327749E+02
 0.479450E+01 -.288404E+01 -.166002E+01 -.817249E+01 0.327712E+02
 0.480300E+01 -.288404E+01 -.166108E+01 -.821008E+01 0.327705E+02
 0.480679E+01 -.288374E+01 -.166250E+01 -.803889E+01 0.327693E+02
 0.480790E+01 -.288404E+01 -.164904E+01 -.781044E+01 0.328476E+02
 0.490533E+01 -.288397E+01 -.166091E+01 -.809415E+01 0.327777E+02
 0.478288E+01 -.288371E+01 -.166065E+01 -.835377E+01 0.327716E+02
 0.479982E+01 -.288676E+01 -.166124E+01 -.813447E+01 0.328421E+02
 0.493906E+01 -.288431E+01 -.166087E+01 -.816985E+01 0.327760E+02
 0.488555E+01 -.288415E+01 -.166001E+01 -.884365E+01 0.327761E+02
 0.478170E+01 -.288385E+01 -.165998E+01 -.802981E+01 0.327717E+02
 0.406559E+01 -.287770E+01 -.163018E+01 -.909973E+01 0.338266E+02
 0.480953E+01 -.289620E+01 -.165136E+01 -.828836E+01 0.341000E+02
 0.481360E+01 -.288399E+01 -.166159E+01 -.829041E+01 0.327749E+02
 0.480493E+01 -.288381E+01 -.166078E+01 -.777708E+01 0.327728E+02
 0.479670E+01 -.288251E+01 -.166108E+01 -.911441E+01 0.327916E+02
 0.480677E+01 -.288380E+01 -.166301E+01 -.777438E+01 0.327745E+02
 0.479581E+01 -.288415E+01 -.166005E+01 -.753107E+01 0.327713E+02
 0.480207E+01 -.288415E+01 -.166087E+01 -.829370E+01 0.327707E+02
 0.480472E+01 -.288402E+01 -.166029E+01 -.875447E+01 0.327670E+02
 0.481670E+01 -.288432E+01 -.166118E+01 -.843679E+01 0.327754E+02
 0.496255E+01 -.288356E+01 -.166098E+01 -.811858E+01 0.327753E+02
 0.491018E+01 -.288389E+01 -.166107E+01 -.814659E+01 0.327742E+02
 0.472506E+01 -.288466E+01 -.166095E+01 -.801012E+01 0.327859E+02
 0.479542E+01 -.289874E+01 -.166117E+01 -.864697E+01 0.347848E+02
 0.474674E+01 -.288396E+01 -.166233E+01 -.759175E+01 0.327731E+02
 0.482827E+01 -.288535E+01 -.167407E+01 -.809591E+01 0.329060E+02
 0.475430E+01 -.288632E+01 -.163085E+01 -.786590E+01 0.332944E+02
 0.482880E+01 -.288449E+01 -.165118E+01 -.800878E+01 0.328261E+02
 0.482586E+01 -.288418E+01 -.166047E+01 -.761581E+01 0.327812E+02
 0.493471E+01 -.288386E+01 -.166096E+01 -.790002E+01 0.327730E+02
 0.480422E+01 -.288396E+01 -.166120E+01 -.784026E+01 0.327706E+02
 0.499990E+01 -.288277E+01 -.166076E+01 -.971987E+01 0.327903E+02
 0.492240E+01 -.288397E+01 -.166140E+01 -.885500E+01 0.327744E+02
 0.485110E+01 -.288702E+01 -.166450E+01 -.800141E+01 0.328813E+02
 0.479081E+01 -.288386E+01 -.166133E+01 -.850268E+01 0.327708E+02
 0.477710E+01 -.288401E+01 -.166029E+01 -.777083E+01 0.327710E+02
 0.482347E+01 -.288226E+01 -.168757E+01 -.792384E+01 0.331600E+02
 0.482131E+01 -.288406E+01 -.166776E+01 -.824572E+01 0.327962E+02
 0.478480E+01 -.288405E+01 -.166075E+01 -.808611E+01 0.327707E+02
 0.478815E+01 -.288403E+01 -.166006E+01 -.809476E+01 0.327712E+02
 0.490501E+01 -.288407E+01 -.166193E+01 -.794043E+01 0.327800E+02
 0.480992E+01 -.288404E+01 -.166141E+01 -.781071E+01 0.327704E+02
 0.480336E+01 -.288404E+01 -.166151E+01 -.835205E+01 0.327707E+02
 0.500000E+01 -.288670E+01 -.166109E+01 -.791994E+01 0.328456E+02
 0.480465E+01 -.288334E+01 -.166357E+01 -.813170E+01 0.327725E+02
 0.495090E+01 -.288379E+01 -.166183E+01 -.812648E+01 0.327750E+02
 0.480470E+01 -.288582E+01 -.166196E+01 -.804994E+01 0.328051E+02
 0.484601E+01 -.288606E+01 -.163809E+01 -.800759E+01 0.330585E+02
 0.491678E+01 -.288405E+01 -.166136E+01 -.850840E+01 0.327777E+02
 0.480581E+01 -.288406E+01 -.166088E+01 -.805891E+01 0.327706E+02
 0.500000E+01 -.288424E+01 -.160808E+01 -.811847E+01 0.342269E+02
 0.482407E+01 -.288399E+01 -.166122E+01 -.649818E+01 0.327779E+02
 0.477051E+01 -.288399E+01 -.166094E+01 -.784175E+01 0.327707E+02
 0.480428E+01 -.288405E+01 -.166088E+01 -.828876E+01 0.327706E+02
 0.490409E+01 -.288321E+01 -.166305E+01 -.807089E+01 0.327852E+02
 0.482215E+01 -.288403E+01 -.165902E+01 -.791836E+01 0.327717E+02
 0.481171E+01 -.288415E+01 -.166325E+01 -.782509E+01 0.327749E+02
 0.479661E+01 -.288451E+01 -.166177E+01 -.817518E+01 0.327735E+02
 0.446857E+01 -.288372E+01 -.166099E+01 -.816794E+01 0.327860E+02
 0.480633E+01 -.288394E+01 -.166201E+01 -.791869E+01 0.327728E+02
 0.480927E+01 -.288376E+01 -.166080E+01 -.776460E+01 0.327710E+02
 0.500000E+01 -.288458E+01 -.165993E+01 -.831381E+01 0.327779E+02
 0.481306E+01 -.288407E+01 -.166049E+01 -.810498E+01 0.327751E+02
 0.480171E+01 -.288413E+01 -.166121E+01 -.806897E+01 0.327706E+02
 0.442126E+01 -.288408E+01 -.166578E+01 -.103980E+02 0.327907E+02
 0.480645E+01 -.288401E+01 -.166123E+01 -.818698E+01 0.327724E+02
 0.487711E+01 -.291128E+01 -.167498E+01 -.798520E+01 0.400710E+02
 0.471764E+01 -.288392E+01 -.166129E+01 -.793412E+01 0.327719E+02
 0.500000E+01 -.288421E+01 -.166112E+01 -.817141E+01 0.327766E+02
 0.474822E+01 -.288698E+01 -.166041E+01 -.790656E+01 0.328555E+02
 0.479908E+01 -.288474E+01 -.165873E+01 -.815741E+01 0.327756E+02
 0.467276E+01 -.288241E+01 -.166104E+01 -.800246E+01 0.327958E+02
 0.480433E+01 -.288395E+01 -.166057E+01 -.861248E+01 0.327708E+02
 0.486553E+01 -.288372E+01 -.166053E+01 -.782687E+01 0.327800E+02
 0.487207E+01 -.288378E+01 -.174271E+01 -.815379E+01 0.367416E+02
 0.452595E+01 -.288435E+01 -.171364E+01 -.803859E+01 0.344044E+02
 0.467089E+01 -.288303E+01 -.166219E+01 -.783147E+01 0.327854E+02
 0.490704E+01 -.288442E+01 -.166079E+01 -.909514E+01 0.327764E+02
 0.482321E+01 -.287616E+01 -.168332E+01 -.879787E+01 0.334590E+02
 0.500000E+01 -.287589E+01 -.166060E+01 -.857392E+01 0.334004E+02
 0.483497E+01 -.288402E+01 -.166106E+01 -.881371E+01 0.327815E+02
 0.473460E+01 -.288407E+01 -.165077E+01 -.741974E+01 0.328323E+02
 0.483154E+01 -.288418E+01 -.166130E+01 -.810919E+01 0.327852E+02
 0.498609E+01 -.288477E+01 -.169959E+01 -.774202E+01 0.336588E+02
 0.477995E+01 -.288414E+01 -.166089E+01 -.804510E+01 0.327708E+02
 0.477970E+01 -.288405E+01 -.166042E+01 -.789923E+01 0.327709E+02
 0.479896E+01 -.288405E+01 -.166113E+01 -.867626E+01 0.327705E+02
 0.410998E+01 -.288468E+01 -.166856E+01 -.966021E+01 0.328365E+02
 0.482447E+01 -.287472E+01 -.166214E+01 -.903779E+01 0.335609E+02
 0.490235E+01 -.288419E+01 -.166010E+01 -.825976E+01 0.327811E+02
 0.478994E+01 -.288430E+01 -.166119E+01 -.825102E+01 0.327715E+02
 0.500000E+01 -.287982E+01 -.166217E+01 -.813060E+01 0.329302E+02
 0.480371E+01 -.288553E+01 -.165308E+01 -.784832E+01 0.328151E+02
 0.486643E+01 -.288406E+01 -.166040E+01 -.796035E+01 0.327796E+02
 0.480213E+01 -.288404E+01 -.166109E+01 -.798233E+01 0.327705E+02
 0.481621E+01 -.288225E+01 -.166548E+01 -.884260E+01 0.328075E+02
 0.481306E+01 -.288208E+01 -.164815E+01 -.827242E+01 0.329234E+02
 0.490204E+01 -.288388E+01 -.166710E+01 -.796423E+01 0.327878E+02
 0.476671E+01 -.288444E+01 -.166091E+01 -.802869E+01 0.327725E+02
 0.489471E+01 -.288622E+01 -.166199E+01 -.122532E+02 0.328195E+02
 0.478034E+01 -.288411E+01 -.165963E+01 -.775046E+01 0.327718E+02
 0.478484E+01 -.288482E+01 -.166082E+01 -.627693E+01 0.327772E+02
 0.480391E+01 -.288330E+01 -.166382E+01 -.863066E+01 0.327777E+02
 0.480190E+01 -.288384E+01 -.165956E+01 -.788116E+01 0.327723E+02
 0.481259E+01 -.288167E+01 -.166818E+01 -.550000E+01 0.328380E+02
 0.480254E+01 -.288396E+01 -.166197E+01 -.886643E+01 0.327709E+02
 0.487400E+01 -.288438E+01 -.166090E+01 -.802295E+01 0.327787E+02
 0.480765E+01 -.288425E+01 -.164764E+01 -.828845E+01 0.328649E+02
 0.480439E+01 -.288404E+01 -.166097E+01 -.798519E+01 0.327724E+02
 0.480835E+01 -.288388E+01 -.166152E+01 -.812366E+01 0.327726E+02
 0.480429E+01 -.288421E+01 -.165174E+01 -.806279E+01 0.328153E+02
 0.484138E+01 -.288404E+01 -.166017E+01 -.773511E+01 0.328295E+02
 0.471167E+01 -.289264E+01 -.166088E+01 -.815995E+01 0.334734E+02
