 0.384341E+00 0.547518E+00 0.167734E+02
 0.361437E+00 0.484018E+00 0.163782E+02
 0.377088E+00 0.504180E+00 0.165097E+02
 0.374645E+00 0.512593E+00 0.181969E+02
 0.380407E+00 0.510998E+00 0.156104E+02
 0.374226E+00 0.527220E+00 0.156387E+02
 0.383484E+00 0.548475E+00 0.167860E+02
 0.374683E+00 0.518519E+00 0.146618E+02
 0.380048E+00 0.527339E+00 0.152204E+02
 0.373527E+00 0.527564E+00 0.162572E+02
 0.375426E+00 0.513163E+00 0.157217E+02
 0.373706E+00 0.522654E+00 0.146517E+02
 0.375232E+00 0.511010E+00 0.178967E+02
 0.376213E+00 0.508074E+00 0.172271E+02
 0.375174E+00 0.511221E+00 0.177106E+02
 0.375864E+00 0.513057E+00 0.152883E+02
 0.381024E+00 0.497776E+00 0.170469E+02
 0.378518E+00 0.502015E+00 0.162387E+02
 0.374929E+00 0.511747E+00 0.179576E+02
 0.377600E+00 0.503948E+00 0.164716E+02
 0.374984E+00 0.532151E+00 0.181326E+02
 0.380472E+00 0.503541E+00 0.172727E+02
 0.384803E+00 0.545929E+00 0.170577E+02
 0.373610E+00 0.511233E+00 0.177379E+02
 0.379730E+00 0.499609E+00 0.160642E+02
 0.373891E+00 0.512923E+00 0.181133E+02
 0.379704E+00 0.485189E+00 0.179246E+02
 0.382771E+00 0.548538E+00 0.166677E+02
 0.373283E+00 0.519971E+00 0.147242E+02
 0.373943E+00 0.523059E+00 0.149032E+02
 0.371770E+00 0.468385E+00 0.179296E+02
 0.353961E+00 0.492644E+00 0.153409E+02
 0.374399E+00 0.512590E+00 0.180552E+02
 0.374223E+00 0.526471E+00 0.153639E+02
 0.372461E+00 0.523690E+00 0.141708E+02
 0.381118E+00 0.501703E+00 0.162269E+02
 0.381520E+00 0.506963E+00 0.152615E+02
 0.380212E+00 0.524315E+00 0.152721E+02
 0.372656E+00 0.525863E+00 0.147195E+02
 0.379844E+00 0.527052E+00 0.150793E+02
 0.372706E+00 0.521786E+00 0.142349E+02
 0.379756E+00 0.509924E+00 0.151627E+02
 0.372226E+00 0.521859E+00 0.140361E+02
 0.404156E+00 0.519561E+00 0.182763E+02
 0.353181E+00 0.492755E+00 0.154124E+02
 0.376328E+00 0.513777E+00 0.162880E+02
 0.379391E+00 0.504066E+00 0.175267E+02
 0.373888E+00 0.519154E+00 0.145356E+02
 0.372346E+00 0.523762E+00 0.140770E+02
 0.372129E+00 0.523950E+00 0.140210E+02
 0.372168E+00 0.522087E+00 0.139762E+02
 0.377544E+00 0.501986E+00 0.162353E+02
 0.372071E+00 0.524624E+00 0.141357E+02
 0.379541E+00 0.512678E+00 0.156035E+02
 0.399901E+00 0.519195E+00 0.173806E+02
 0.373774E+00 0.523254E+00 0.148298E+02
 0.374553E+00 0.518447E+00 0.145240E+02
 0.359739E+00 0.504214E+00 0.158515E+02
 0.373703E+00 0.520916E+00 0.143958E+02
 0.372125E+00 0.522548E+00 0.139096E+02
 0.379620E+00 0.512508E+00 0.156490E+02
 0.378161E+00 0.505148E+00 0.181068E+02
 0.381212E+00 0.497876E+00 0.171072E+02
 0.400633E+00 0.518676E+00 0.176320E+02
 0.399657E+00 0.518362E+00 0.174171E+02
 0.379734E+00 0.505284E+00 0.176272E+02
 0.379131E+00 0.525928E+00 0.148683E+02
 0.379625E+00 0.526930E+00 0.149555E+02
 0.362954E+00 0.504934E+00 0.147029E+02
 0.382075E+00 0.506073E+00 0.172755E+02
 0.379959E+00 0.512029E+00 0.156690E+02
 0.372121E+00 0.525251E+00 0.143615E+02
 0.373945E+00 0.528143E+00 0.171271E+02
 0.376922E+00 0.506118E+00 0.168892E+02
 0.372121E+00 0.524379E+00 0.140916E+02
 0.375976E+00 0.517139E+00 0.154494E+02
 0.377971E+00 0.508594E+00 0.166110E+02
 0.378169E+00 0.506092E+00 0.175265E+02
 0.373631E+00 0.518592E+00 0.148482E+02
 0.374086E+00 0.529373E+00 0.182882E+02
 0.373157E+00 0.527623E+00 0.158963E+02
 0.374407E+00 0.527921E+00 0.179463E+02
 0.373079E+00 0.521495E+00 0.145125E+02
 0.363565E+00 0.482363E+00 0.172019E+02
 0.372948E+00 0.523331E+00 0.144522E+02
 0.372527E+00 0.524511E+00 0.142360E+02
 0.403067E+00 0.519813E+00 0.180085E+02
 0.372448E+00 0.522282E+00 0.141136E+02
 0.373752E+00 0.527212E+00 0.164105E+02
 0.372253E+00 0.524384E+00 0.141725E+02
 0.372129E+00 0.468771E+00 0.181766E+02
 0.372548E+00 0.522733E+00 0.141866E+02
 0.373985E+00 0.527725E+00 0.169642E+02
 0.372008E+00 0.523472E+00 0.139215E+02
 0.372249E+00 0.522511E+00 0.140118E+02
 0.381777E+00 0.549830E+00 0.167741E+02
 0.372448E+00 0.523858E+00 0.141666E+02
 0.373446E+00 0.524410E+00 0.150878E+02
 0.380197E+00 0.548935E+00 0.181137E+02
 0.374071E+00 0.527639E+00 0.154841E+02
 0.372757E+00 0.523342E+00 0.142704E+02
 0.372176E+00 0.521850E+00 0.140304E+02
 0.372611E+00 0.520920E+00 0.142479E+02
 0.381026E+00 0.550145E+00 0.167116E+02
 0.371922E+00 0.523642E+00 0.139201E+02
 0.372537E+00 0.523277E+00 0.141516E+02
 0.373354E+00 0.524555E+00 0.150271E+02
 0.375045E+00 0.527460E+00 0.165750E+02
 0.377401E+00 0.506633E+00 0.182079E+02
 0.374365E+00 0.526329E+00 0.152825E+02
 0.373517E+00 0.518674E+00 0.148657E+02
 0.379846E+00 0.505056E+00 0.175974E+02
 0.375114E+00 0.519624E+00 0.153244E+02
 0.374739E+00 0.527953E+00 0.159649E+02
 0.372893E+00 0.526646E+00 0.152202E+02
 0.373158E+00 0.523154E+00 0.146415E+02
 0.372694E+00 0.525546E+00 0.146124E+02
 0.374466E+00 0.528199E+00 0.161752E+02
 0.373393E+00 0.522986E+00 0.145313E+02
 0.375043E+00 0.524227E+00 0.155765E+02
 0.378889E+00 0.518823E+00 0.177887E+02
 0.374908E+00 0.525571E+00 0.173704E+02
 0.372417E+00 0.526156E+00 0.146930E+02
 0.372992E+00 0.523925E+00 0.146180E+02
 0.373672E+00 0.520935E+00 0.143984E+02
 0.372321E+00 0.524041E+00 0.141190E+02
 0.372288E+00 0.523560E+00 0.140789E+02
 0.372726E+00 0.524671E+00 0.144050E+02
 0.379806E+00 0.525699E+00 0.153412E+02
 0.378092E+00 0.505285E+00 0.181554E+02
 0.372495E+00 0.469451E+00 0.182238E+02
 0.374209E+00 0.521333E+00 0.149199E+02
 0.401854E+00 0.515321E+00 0.182207E+02
 0.373341E+00 0.523334E+00 0.146022E+02
 0.374352E+00 0.525941E+00 0.151807E+02
 0.372887E+00 0.525054E+00 0.146555E+02
 0.374269E+00 0.522401E+00 0.150462E+02
 0.373317E+00 0.519682E+00 0.141297E+02
 0.373856E+00 0.522212E+00 0.146313E+02
 0.403740E+00 0.514543E+00 0.182950E+02
 0.373295E+00 0.523956E+00 0.148517E+02
 0.372990E+00 0.522821E+00 0.144317E+02
 0.380249E+00 0.513922E+00 0.165180E+02
 0.373130E+00 0.522123E+00 0.141611E+02
 0.374262E+00 0.518538E+00 0.148250E+02
 0.372805E+00 0.525952E+00 0.148030E+02
 0.373421E+00 0.521624E+00 0.143100E+02
 0.373244E+00 0.529072E+00 0.170630E+02
 0.374522E+00 0.527304E+00 0.156929E+02
 0.372114E+00 0.523077E+00 0.139199E+02
 0.372398E+00 0.521357E+00 0.141338E+02
 0.373089E+00 0.523390E+00 0.146231E+02
 0.378761E+00 0.517830E+00 0.171884E+02
 0.374161E+00 0.522640E+00 0.150010E+02
 0.379182E+00 0.506963E+00 0.175243E+02
 0.372776E+00 0.524466E+00 0.144176E+02
 0.380065E+00 0.499889E+00 0.169371E+02
 0.373766E+00 0.519868E+00 0.144207E+02
 0.372958E+00 0.524333E+00 0.146484E+02
 0.373310E+00 0.521313E+00 0.146185E+02
 0.372585E+00 0.526622E+00 0.150202E+02
 0.373749E+00 0.525954E+00 0.158304E+02
 0.372061E+00 0.523080E+00 0.138947E+02
 0.372154E+00 0.523561E+00 0.139493E+02
 0.372633E+00 0.525597E+00 0.145940E+02
 0.374450E+00 0.526368E+00 0.170030E+02
 0.372003E+00 0.523124E+00 0.138860E+02
 0.372103E+00 0.523536E+00 0.139906E+02
 0.372327E+00 0.525781E+00 0.145299E+02
 0.372039E+00 0.522791E+00 0.138687E+02
 0.372400E+00 0.522180E+00 0.140754E+02
 0.371993E+00 0.523059E+00 0.139129E+02
 0.373448E+00 0.526170E+00 0.155801E+02
 0.372077E+00 0.522423E+00 0.139102E+02
 0.372495E+00 0.524024E+00 0.141439E+02
 0.371982E+00 0.522938E+00 0.138566E+02
 0.372257E+00 0.525644E+00 0.144619E+02
 0.373379E+00 0.518968E+00 0.148608E+02
 0.373455E+00 0.522452E+00 0.146863E+02
 0.380251E+00 0.512654E+00 0.159700E+02
 0.372534E+00 0.526499E+00 0.149648E+02
 0.374933E+00 0.515546E+00 0.152885E+02
 0.372121E+00 0.523398E+00 0.139798E+02
 0.372723E+00 0.527176E+00 0.153684E+02
 0.374282E+00 0.523303E+00 0.154922E+02
 0.372089E+00 0.522710E+00 0.138989E+02
 0.373565E+00 0.525548E+00 0.155171E+02
 0.372909E+00 0.521237E+00 0.143827E+02
 0.374017E+00 0.525364E+00 0.158716E+02
 0.375640E+00 0.525635E+00 0.161316E+02
 0.372898E+00 0.523652E+00 0.144327E+02
 0.374568E+00 0.526777E+00 0.174598E+02
 0.374838E+00 0.514911E+00 0.147819E+02
 0.372022E+00 0.522807E+00 0.138715E+02
 0.375081E+00 0.512176E+00 0.182339E+02
 0.371976E+00 0.523042E+00 0.138655E+02
 0.373099E+00 0.526972E+00 0.154643E+02
 0.372755E+00 0.522706E+00 0.142929E+02
 0.371976E+00 0.523035E+00 0.138648E+02
 0.372978E+00 0.524291E+00 0.146577E+02
 0.372266E+00 0.521605E+00 0.140600E+02
 0.381831E+00 0.548896E+00 0.167556E+02
 0.372962E+00 0.527545E+00 0.157387E+02
 0.372428E+00 0.521226E+00 0.141481E+02
 0.372001E+00 0.524411E+00 0.140767E+02
 0.372990E+00 0.525597E+00 0.148941E+02
 0.374621E+00 0.520093E+00 0.150613E+02
 0.372041E+00 0.524267E+00 0.140745E+02
 0.379798E+00 0.503355E+00 0.163122E+02
 0.372007E+00 0.522895E+00 0.138581E+02
 0.372113E+00 0.522189E+00 0.139613E+02
 0.373438E+00 0.518350E+00 0.149508E+02
 0.379893E+00 0.499434E+00 0.168452E+02
 0.373616E+00 0.526849E+00 0.160640E+02
 0.374581E+00 0.526115E+00 0.157861E+02
 0.374723E+00 0.510233E+00 0.150500E+02
 0.374300E+00 0.524806E+00 0.160188E+02
 0.372203E+00 0.523413E+00 0.139531E+02
 0.371993E+00 0.522907E+00 0.138568E+02
 0.379930E+00 0.523616E+00 0.153549E+02
 0.372074E+00 0.524976E+00 0.142580E+02
 0.374834E+00 0.520033E+00 0.149873E+02
 0.379449E+00 0.525495E+00 0.148678E+02
 0.374348E+00 0.526444E+00 0.153249E+02
 0.373616E+00 0.520784E+00 0.145939E+02
 0.372120E+00 0.524999E+00 0.142825E+02
 0.372155E+00 0.525336E+00 0.143805E+02
 0.371971E+00 0.523869E+00 0.140104E+02
 0.372033E+00 0.522839E+00 0.138687E+02
 0.372317E+00 0.525584E+00 0.144618E+02
 0.371995E+00 0.522918E+00 0.138582E+02
 0.372717E+00 0.526739E+00 0.151454E+02
 0.372913E+00 0.523706E+00 0.144441E+02
 0.372059E+00 0.468986E+00 0.181127E+02
 0.372093E+00 0.523270E+00 0.139523E+02
 0.372512E+00 0.522570E+00 0.141688E+02
 0.372093E+00 0.523215E+00 0.139090E+02
 0.373300E+00 0.523111E+00 0.146943E+02
 0.373047E+00 0.523828E+00 0.146568E+02
 0.372319E+00 0.524557E+00 0.142343E+02
 0.372148E+00 0.522798E+00 0.139698E+02
 0.371992E+00 0.522946E+00 0.138805E+02
 0.372594E+00 0.526821E+00 0.151453E+02
 0.373352E+00 0.522517E+00 0.146922E+02
 0.374580E+00 0.500312E+00 0.179564E+02
 0.371941E+00 0.523402E+00 0.139169E+02
 0.371995E+00 0.522944E+00 0.138599E+02
 0.373545E+00 0.521977E+00 0.146277E+02
 0.375644E+00 0.512806E+00 0.158475E+02
 0.372879E+00 0.519854E+00 0.144926E+02
 0.372465E+00 0.522271E+00 0.140957E+02
 0.364333E+00 0.481945E+00 0.173534E+02
 0.372049E+00 0.523183E+00 0.139425E+02
 0.371978E+00 0.522946E+00 0.138565E+02
 0.375825E+00 0.509700E+00 0.177218E+02
 0.372386E+00 0.522301E+00 0.140500E+02
 0.374174E+00 0.525493E+00 0.161838E+02
 0.372733E+00 0.520579E+00 0.143391E+02
 0.378824E+00 0.508207E+00 0.178095E+02
 0.372328E+00 0.525554E+00 0.144583E+02
 0.377725E+00 0.503635E+00 0.163711E+02
 0.375142E+00 0.528377E+00 0.162759E+02
 0.379975E+00 0.525755E+00 0.156013E+02
 0.372610E+00 0.525417E+00 0.144821E+02
 0.371984E+00 0.522953E+00 0.138576E+02
 0.372072E+00 0.523161E+00 0.139438E+02
 0.379933E+00 0.525513E+00 0.147698E+02
 0.372055E+00 0.523184E+00 0.139445E+02
 0.372351E+00 0.524499E+00 0.142141E+02
 0.372941E+00 0.524230E+00 0.145329E+02
 0.372770E+00 0.522074E+00 0.142639E+02
 0.376625E+00 0.505616E+00 0.161078E+02
 0.372768E+00 0.524465E+00 0.144031E+02
 0.372058E+00 0.523605E+00 0.139940E+02
 0.372386E+00 0.521408E+00 0.141280E+02
 0.372049E+00 0.523043E+00 0.139236E+02
 0.371991E+00 0.522936E+00 0.138585E+02
 0.373132E+00 0.522213E+00 0.145330E+02
 0.372037E+00 0.523776E+00 0.139951E+02
 0.372058E+00 0.523573E+00 0.139836E+02
 0.373434E+00 0.524480E+00 0.149343E+02
 0.375223E+00 0.524268E+00 0.160947E+02
 0.372016E+00 0.522949E+00 0.138860E+02
 0.372837E+00 0.522923E+00 0.142872E+02
 0.372656E+00 0.522009E+00 0.142228E+02
 0.372302E+00 0.522115E+00 0.140012E+02
 0.373683E+00 0.522724E+00 0.146808E+02
 0.372032E+00 0.523058E+00 0.138894E+02
 0.374677E+00 0.522777E+00 0.156427E+02
 0.372834E+00 0.524096E+00 0.144066E+02
 0.373989E+00 0.520737E+00 0.146466E+02
 0.368092E+00 0.539273E+00 0.161919E+02
 0.372274E+00 0.524298E+00 0.141506E+02
 0.375498E+00 0.506710E+00 0.168949E+02
 0.372002E+00 0.522927E+00 0.138608E+02
 0.380348E+00 0.498231E+00 0.159723E+02
 0.372255E+00 0.522544E+00 0.140108E+02
 0.373296E+00 0.524008E+00 0.148729E+02
 0.379237E+00 0.525828E+00 0.149472E+02
 0.371992E+00 0.523086E+00 0.138861E+02
 0.374326E+00 0.523556E+00 0.156138E+02
 0.373376E+00 0.523897E+00 0.149237E+02
 0.372453E+00 0.523106E+00 0.141391E+02
 0.379009E+00 0.516336E+00 0.165291E+02
 0.372783E+00 0.523757E+00 0.143594E+02
 0.371982E+00 0.522913E+00 0.138541E+02
 0.372603E+00 0.522117E+00 0.141676E+02
 0.372934E+00 0.522669E+00 0.143466E+02
 0.373114E+00 0.527628E+00 0.158619E+02
 0.372148E+00 0.524706E+00 0.142113E+02
 0.372256E+00 0.522615E+00 0.139914E+02
 0.372871E+00 0.523101E+00 0.143670E+02
 0.372679E+00 0.525289E+00 0.145160E+02
 0.374075E+00 0.522319E+00 0.151195E+02
 0.371980E+00 0.523557E+00 0.139245E+02
 0.373432E+00 0.522163E+00 0.144050E+02
 0.372014E+00 0.523066E+00 0.139188E+02
 0.372699E+00 0.524070E+00 0.143296E+02
 0.375843E+00 0.508750E+00 0.172845E+02
 0.371994E+00 0.522954E+00 0.138598E+02
 0.372389E+00 0.523077E+00 0.140969E+02
 0.371997E+00 0.523037E+00 0.138986E+02
 0.372004E+00 0.523697E+00 0.139871E+02
 0.400241E+00 0.518915E+00 0.174925E+02
 0.372807E+00 0.522384E+00 0.142917E+02
 0.372451E+00 0.524518E+00 0.142000E+02
 0.371986E+00 0.523039E+00 0.138824E+02
 0.372336E+00 0.524563E+00 0.142252E+02
 0.372344E+00 0.522966E+00 0.140450E+02
 0.371983E+00 0.522939E+00 0.138567E+02
 0.380689E+00 0.502892E+00 0.170765E+02
 0.373153E+00 0.524016E+00 0.146741E+02
 0.372877E+00 0.524034E+00 0.144338E+02
 0.375465E+00 0.523744E+00 0.162164E+02
 0.372144E+00 0.523087E+00 0.139258E+02
 0.372233E+00 0.525514E+00 0.143931E+02
 0.372024E+00 0.522713E+00 0.138857E+02
 0.371982E+00 0.522982E+00 0.138593E+02
 0.371958E+00 0.523234E+00 0.138862E+02
 0.372554E+00 0.523447E+00 0.141965E+02
 0.373214E+00 0.522915E+00 0.143719E+02
 0.373160E+00 0.522385E+00 0.145645E+02
 0.372258E+00 0.523658E+00 0.140415E+02
 0.372140E+00 0.522903E+00 0.139512E+02
 0.371958E+00 0.523287E+00 0.138967E+02
 0.372547E+00 0.522852E+00 0.141810E+02
 0.371969E+00 0.523159E+00 0.139150E+02
 0.372132E+00 0.523000E+00 0.139293E+02
 0.372019E+00 0.522812E+00 0.138628E+02
 0.380408E+00 0.527942E+00 0.155350E+02
 0.372306E+00 0.522865E+00 0.140075E+02
 0.372695E+00 0.526002E+00 0.148075E+02
 0.371967E+00 0.523158E+00 0.139044E+02
 0.372346E+00 0.522963E+00 0.140493E+02
 0.374207E+00 0.526618E+00 0.154665E+02
 0.372011E+00 0.522823E+00 0.138554E+02
 0.372687E+00 0.523885E+00 0.142874E+02
 0.372672E+00 0.523534E+00 0.143628E+02
 0.371974E+00 0.523549E+00 0.139217E+02
 0.372607E+00 0.521341E+00 0.142193E+02
 0.381877E+00 0.507012E+00 0.175309E+02
 0.373397E+00 0.523629E+00 0.149034E+02
 0.375230E+00 0.518617E+00 0.150040E+02
 0.373288E+00 0.523313E+00 0.145145E+02
 0.373531E+00 0.524053E+00 0.148047E+02
 0.371982E+00 0.522928E+00 0.138540E+02
 0.372347E+00 0.522902E+00 0.140543E+02
 0.372651E+00 0.524242E+00 0.143142E+02
 0.373156E+00 0.513102E+00 0.181582E+02
 0.371987E+00 0.522951E+00 0.138594E+02
 0.372746E+00 0.523795E+00 0.143107E+02
 0.374733E+00 0.528363E+00 0.163019E+02
 0.348999E+00 0.519574E+00 0.129647E+02
 0.380112E+00 0.519260E+00 0.151373E+02
 0.376483E+00 0.513546E+00 0.155822E+02
 0.379646E+00 0.514169E+00 0.161724E+02
 0.375693E+00 0.506160E+00 0.167811E+02
 0.373393E+00 0.521682E+00 0.146431E+02
 0.373810E+00 0.520756E+00 0.145245E+02
 0.400209E+00 0.518756E+00 0.174879E+02
 0.366010E+00 0.523339E+00 0.168968E+02
 0.373803E+00 0.523433E+00 0.148999E+02
 0.382323E+00 0.499604E+00 0.163603E+02
 0.379434E+00 0.500346E+00 0.160991E+02
 0.375737E+00 0.508286E+00 0.171261E+02
 0.374170E+00 0.512795E+00 0.180339E+02
 0.376096E+00 0.519800E+00 0.159359E+02
 0.373531E+00 0.522001E+00 0.146364E+02
 0.373116E+00 0.528587E+00 0.165615E+02
 0.375874E+00 0.507629E+00 0.158363E+02
 0.377924E+00 0.513183E+00 0.173395E+02
 0.366854E+00 0.523312E+00 0.176281E+02
 0.372084E+00 0.523118E+00 0.139460E+02
 0.374314E+00 0.524702E+00 0.159960E+02
 0.378349E+00 0.504875E+00 0.166736E+02
 0.378760E+00 0.516195E+00 0.163380E+02
 0.377285E+00 0.509923E+00 0.158497E+02
 0.376027E+00 0.509168E+00 0.176212E+02
 0.373874E+00 0.523304E+00 0.149715E+02
 0.380557E+00 0.513578E+00 0.167839E+02
 0.377917E+00 0.508316E+00 0.166664E+02
 0.375600E+00 0.513315E+00 0.157014E+02
 0.358537E+00 0.509401E+00 0.161019E+02
 0.374783E+00 0.523047E+00 0.158549E+02
 0.373603E+00 0.529648E+00 0.178806E+02
 0.366710E+00 0.521905E+00 0.166734E+02
 0.375087E+00 0.530596E+00 0.182539E+02
 0.372424E+00 0.522490E+00 0.140951E+02
 0.374352E+00 0.520344E+00 0.146256E+02
 0.363871E+00 0.481259E+00 0.167038E+02
 0.377884E+00 0.507795E+00 0.168230E+02
 0.376652E+00 0.518170E+00 0.160937E+02
 0.401061E+00 0.519701E+00 0.176229E+02
 0.349173E+00 0.520232E+00 0.156669E+02
 0.375847E+00 0.523033E+00 0.160574E+02
 0.372853E+00 0.522026E+00 0.143601E+02
 0.378729E+00 0.519571E+00 0.182012E+02
 0.375945E+00 0.519049E+00 0.154015E+02
 0.376881E+00 0.505670E+00 0.166747E+02
 0.381653E+00 0.508788E+00 0.156750E+02
 0.401924E+00 0.519565E+00 0.178654E+02
 0.349134E+00 0.519678E+00 0.129629E+02
 0.379272E+00 0.512019E+00 0.154042E+02
 0.401364E+00 0.517485E+00 0.180942E+02
 0.373581E+00 0.527580E+00 0.163182E+02
 0.402102E+00 0.519034E+00 0.180285E+02
 0.383616E+00 0.503165E+00 0.171084E+02
 0.378523E+00 0.496949E+00 0.181307E+02
 0.349199E+00 0.521437E+00 0.168837E+02
 0.349082E+00 0.519762E+00 0.129567E+02
 0.375157E+00 0.523078E+00 0.159456E+02
 0.373057E+00 0.523671E+00 0.146404E+02
 0.373905E+00 0.518889E+00 0.144650E+02
 0.374374E+00 0.526745E+00 0.154281E+02
 0.373297E+00 0.521665E+00 0.146447E+02
 0.374668E+00 0.517323E+00 0.150099E+02
 0.372296E+00 0.525307E+00 0.143611E+02
 0.377091E+00 0.509103E+00 0.167301E+02
 0.380340E+00 0.511329E+00 0.156476E+02
 0.374907E+00 0.516645E+00 0.147210E+02
 0.400450E+00 0.518214E+00 0.176594E+02
 0.374325E+00 0.520585E+00 0.146740E+02
 0.374148E+00 0.522477E+00 0.150586E+02
 0.349102E+00 0.521182E+00 0.167196E+02
 0.373791E+00 0.520566E+00 0.144988E+02
 0.379833E+00 0.513150E+00 0.158975E+02
 0.349175E+00 0.518648E+00 0.178726E+02
 0.372936E+00 0.519537E+00 0.145786E+02
 0.374333E+00 0.519426E+00 0.147926E+02
 0.349142E+00 0.518677E+00 0.176505E+02
 0.349059E+00 0.520354E+00 0.130906E+02
 0.349063E+00 0.519271E+00 0.129680E+02
 0.373855E+00 0.522977E+00 0.147225E+02
 0.379410E+00 0.525189E+00 0.149673E+02
 0.374453E+00 0.520810E+00 0.150997E+02
 0.349081E+00 0.520169E+00 0.130299E+02
 0.349056E+00 0.520090E+00 0.130244E+02
 0.349069E+00 0.520187E+00 0.130341E+02
 0.349073E+00 0.519733E+00 0.129743E+02
 0.349082E+00 0.519380E+00 0.129633E+02
 0.373609E+00 0.525424E+00 0.154814E+02
 0.385021E+00 0.545286E+00 0.172915E+02
 0.349084E+00 0.519716E+00 0.129686E+02
 0.374277E+00 0.519393E+00 0.144035E+02
 0.349062E+00 0.519561E+00 0.129523E+02
 0.349053E+00 0.519832E+00 0.129640E+02
 0.401766E+00 0.519383E+00 0.178701E+02
 0.349079E+00 0.519746E+00 0.129654E+02
 0.349058E+00 0.519445E+00 0.129702E+02
 0.349034E+00 0.519439E+00 0.129596E+02
 0.349082E+00 0.519672E+00 0.129627E+02
 0.349052E+00 0.519470E+00 0.129690E+02
 0.374248E+00 0.519443E+00 0.147790E+02
 0.349036E+00 0.519575E+00 0.129670E+02
 0.378796E+00 0.518086E+00 0.173492E+02
 0.349107E+00 0.519540E+00 0.129579E+02
 0.367841E+00 0.521268E+00 0.171566E+02
 0.379361E+00 0.517885E+00 0.180969E+02
 0.373344E+00 0.526684E+00 0.156657E+02
 0.381094E+00 0.509115E+00 0.155502E+02
 0.349112E+00 0.519577E+00 0.129598E+02
 0.374695E+00 0.527176E+00 0.155549E+02
 0.349073E+00 0.519542E+00 0.129642E+02
 0.373726E+00 0.511161E+00 0.177048E+02
 0.374794E+00 0.516985E+00 0.150978E+02
 0.379118E+00 0.525288E+00 0.150448E+02
 0.349096E+00 0.519507E+00 0.129578E+02
 0.379822E+00 0.516124E+00 0.176418E+02
 0.379287E+00 0.501383E+00 0.163353E+02
 0.349083E+00 0.519597E+00 0.129583E+02
 0.366925E+00 0.525491E+00 0.177620E+02
 0.348994E+00 0.519524E+00 0.129722E+02
 0.373394E+00 0.519511E+00 0.147750E+02
 0.376818E+00 0.505950E+00 0.168042E+02
 0.375049E+00 0.516612E+00 0.151797E+02
 0.348992E+00 0.519576E+00 0.129609E+02
 0.376026E+00 0.519407E+00 0.158148E+02
 0.349011E+00 0.519768E+00 0.129668E+02
 0.349002E+00 0.519824E+00 0.129871E+02
 0.367481E+00 0.521575E+00 0.172807E+02
 0.373545E+00 0.519349E+00 0.142498E+02
 0.349017E+00 0.519436E+00 0.129672E+02
 0.372542E+00 0.521785E+00 0.141600E+02
 0.349156E+00 0.519331E+00 0.129662E+02
 0.372622E+00 0.521271E+00 0.142452E+02
 0.349209E+00 0.519469E+00 0.151917E+02
 0.349122E+00 0.519416E+00 0.129622E+02
 0.373503E+00 0.520520E+00 0.146550E+02
 0.349207E+00 0.518617E+00 0.180582E+02
 0.349088E+00 0.519319E+00 0.129649E+02
 0.373539E+00 0.521569E+00 0.146104E+02
 0.348962E+00 0.519891E+00 0.129738E+02
 0.377066E+00 0.506467E+00 0.170917E+02
 0.373213E+00 0.520766E+00 0.146206E+02
 0.349160E+00 0.519133E+00 0.129748E+02
 0.374913E+00 0.520148E+00 0.151041E+02
 0.374008E+00 0.517914E+00 0.145478E+02
 0.348945E+00 0.519692E+00 0.129797E+02
 0.348867E+00 0.519774E+00 0.175606E+02
 0.373264E+00 0.521775E+00 0.142397E+02
 0.349217E+00 0.519401E+00 0.151755E+02
 0.349013E+00 0.519698E+00 0.129643E+02
 0.380033E+00 0.527885E+00 0.154955E+02
 0.375166E+00 0.522629E+00 0.159896E+02
 0.377127E+00 0.520627E+00 0.181725E+02
 0.349113E+00 0.519310E+00 0.129639E+02
 0.354638E+00 0.575965E+00 0.170160E+02
 0.348964E+00 0.519480E+00 0.181496E+02
 0.378610E+00 0.502279E+00 0.162761E+02
 0.401732E+00 0.519752E+00 0.177752E+02
 0.380295E+00 0.512537E+00 0.159796E+02
 0.349047E+00 0.519681E+00 0.129612E+02
 0.379585E+00 0.525863E+00 0.147916E+02
 0.374791E+00 0.527634E+00 0.157682E+02
 0.401531E+00 0.518481E+00 0.179180E+02
 0.378678E+00 0.518597E+00 0.174933E+02
 0.348937E+00 0.519635E+00 0.181602E+02
 0.348797E+00 0.526075E+00 0.133919E+02
 0.349152E+00 0.519439E+00 0.129564E+02
 0.400501E+00 0.518700E+00 0.175714E+02
 0.349249E+00 0.519493E+00 0.151821E+02
 0.404687E+00 0.518102E+00 0.182280E+02
 0.375015E+00 0.523634E+00 0.165006E+02
 0.401196E+00 0.518936E+00 0.177767E+02
 0.349283E+00 0.519516E+00 0.151102E+02
 0.374555E+00 0.518064E+00 0.144892E+02
 0.372937E+00 0.523755E+00 0.144423E+02
 0.374876E+00 0.519982E+00 0.151047E+02
 0.349194E+00 0.519570E+00 0.151479E+02
 0.349316E+00 0.519547E+00 0.151210E+02
 0.349196E+00 0.519107E+00 0.129712E+02
 0.375390E+00 0.508393E+00 0.171373E+02
 0.348900E+00 0.519557E+00 0.181723E+02
 0.400975E+00 0.517094E+00 0.178441E+02
 0.348921E+00 0.519555E+00 0.181009E+02
 0.349208E+00 0.519542E+00 0.152599E+02
 0.349144E+00 0.519583E+00 0.129577E+02
 0.348959E+00 0.519584E+00 0.129737E+02
 0.349138E+00 0.518536E+00 0.179828E+02
 0.348982E+00 0.519537E+00 0.129654E+02
 0.349085E+00 0.519094E+00 0.133726E+02
 0.349154E+00 0.519523E+00 0.129524E+02
 0.349159E+00 0.519596E+00 0.129627E+02
 0.373447E+00 0.523975E+00 0.150071E+02
 0.349045E+00 0.519420E+00 0.129619E+02
 0.349139E+00 0.519567E+00 0.129647E+02
 0.348955E+00 0.519541E+00 0.179798E+02
 0.374507E+00 0.527081E+00 0.155853E+02
 0.349169E+00 0.519573E+00 0.129510E+02
 0.349221E+00 0.519591E+00 0.153082E+02
 0.349127E+00 0.519570E+00 0.129569E+02
 0.375734E+00 0.519205E+00 0.163366E+02
 0.349183E+00 0.519561E+00 0.129672E+02
 0.349151E+00 0.521070E+00 0.163901E+02
 0.349226E+00 0.519566E+00 0.152147E+02
 0.379973E+00 0.516844E+00 0.178635E+02
 0.375645E+00 0.509873E+00 0.176843E+02
 0.349225E+00 0.519524E+00 0.153266E+02
 0.373851E+00 0.517841E+00 0.144307E+02
 0.349203E+00 0.519561E+00 0.152873E+02
 0.378275E+00 0.503585E+00 0.164304E+02
 0.366490E+00 0.521503E+00 0.183019E+02
 0.349159E+00 0.519580E+00 0.129634E+02
 0.349498E+00 0.517885E+00 0.138496E+02
 0.349173E+00 0.519585E+00 0.129602E+02
 0.374989E+00 0.519524E+00 0.151828E+02
 0.349030E+00 0.519105E+00 0.129809E+02
 0.349184E+00 0.519565E+00 0.152534E+02
 0.349288E+00 0.519521E+00 0.152467E+02
 0.349156E+00 0.519581E+00 0.129577E+02
 0.378824E+00 0.519502E+00 0.182261E+02
 0.349142E+00 0.519581E+00 0.129483E+02
 0.373652E+00 0.519305E+00 0.147489E+02
 0.348826E+00 0.519782E+00 0.182182E+02
 0.349147E+00 0.519581E+00 0.129529E+02
 0.349138E+00 0.519581E+00 0.129601E+02
 0.377328E+00 0.502383E+00 0.162811E+02
 0.400408E+00 0.519469E+00 0.174848E+02
 0.349143E+00 0.519581E+00 0.129564E+02
 0.349331E+00 0.520077E+00 0.155282E+02
 0.379785E+00 0.510258E+00 0.152240E+02
 0.349142E+00 0.519581E+00 0.129479E+02
 0.349357E+00 0.519574E+00 0.151649E+02
 0.349321E+00 0.519900E+00 0.153234E+02
 0.349143E+00 0.519581E+00 0.129595E+02
 0.373756E+00 0.523616E+00 0.149525E+02
 0.373145E+00 0.523198E+00 0.146405E+02
 0.349141E+00 0.519581E+00 0.129521E+02
 0.349141E+00 0.519581E+00 0.129510E+02
 0.380095E+00 0.514435E+00 0.166426E+02
 0.373855E+00 0.521978E+00 0.146985E+02
 0.373902E+00 0.520244E+00 0.145053E+02
 0.349144E+00 0.519581E+00 0.129554E+02
 0.349140E+00 0.519581E+00 0.129659E+02
 0.372186E+00 0.523291E+00 0.139893E+02
 0.378824E+00 0.519006E+00 0.178610E+02
 0.349141E+00 0.519581E+00 0.129662E+02
 0.375858E+00 0.520186E+00 0.161841E+02
 0.373391E+00 0.520879E+00 0.142266E+02
 0.349141E+00 0.519581E+00 0.129514E+02
 0.349144E+00 0.519581E+00 0.129602E+02
 0.349189E+00 0.518590E+00 0.176663E+02
 0.349142E+00 0.519581E+00 0.129518E+02
 0.349078E+00 0.521075E+00 0.166207E+02
 0.373406E+00 0.519523E+00 0.147714E+02
 0.372603E+00 0.522328E+00 0.142208E+02
 0.349143E+00 0.519581E+00 0.129640E+02
 0.349120E+00 0.519699E+00 0.129646E+02
 0.349144E+00 0.519581E+00 0.129723E+02
 0.373443E+00 0.524875E+00 0.149731E+02
 0.373513E+00 0.519800E+00 0.147178E+02
 0.349143E+00 0.519581E+00 0.129659E+02
 0.373122E+00 0.524240E+00 0.147042E+02
 0.349141E+00 0.519581E+00 0.129554E+02
 0.349163E+00 0.520992E+00 0.163720E+02
 0.373932E+00 0.501612E+00 0.182625E+02
 0.348923E+00 0.519671E+00 0.178163E+02
 0.349142E+00 0.519581E+00 0.129490E+02
 0.349146E+00 0.520078E+00 0.130288E+02
 0.349302E+00 0.519562E+00 0.151528E+02
 0.349142E+00 0.519581E+00 0.129657E+02
 0.349142E+00 0.519581E+00 0.129686E+02
 0.349142E+00 0.519581E+00 0.129599E+02
 0.349230E+00 0.519602E+00 0.152109E+02
 0.349142E+00 0.519581E+00 0.129480E+02
 0.349148E+00 0.519505E+00 0.129551E+02
 0.349270E+00 0.519595E+00 0.153457E+02
 0.349142E+00 0.519581E+00 0.129530E+02
 0.379192E+00 0.515605E+00 0.163328E+02
 0.373628E+00 0.528697E+00 0.170458E+02
 0.349142E+00 0.519581E+00 0.129639E+02
 0.349233E+00 0.519521E+00 0.152075E+02
 0.349062E+00 0.519540E+00 0.129594E+02
 0.373320E+00 0.527588E+00 0.160340E+02
 0.349098E+00 0.519519E+00 0.129559E+02
 0.373866E+00 0.527646E+00 0.167586E+02
 0.374918E+00 0.519275E+00 0.150708E+02
 0.355559E+00 0.509775E+00 0.173794E+02
 0.349138E+00 0.519533E+00 0.129558E+02
 0.349115E+00 0.519550E+00 0.129671E+02
 0.349142E+00 0.519581E+00 0.129521E+02
 0.374372E+00 0.517911E+00 0.148587E+02
 0.373488E+00 0.519396E+00 0.147623E+02
 0.401633E+00 0.518608E+00 0.179384E+02
 0.402491E+00 0.519090E+00 0.181082E+02
 0.374099E+00 0.526687E+00 0.154742E+02
 0.349115E+00 0.519540E+00 0.129573E+02
 0.349142E+00 0.519581E+00 0.129531E+02
 0.349412E+00 0.518214E+00 0.135530E+02
 0.348964E+00 0.519535E+00 0.129740E+02
 0.372952E+00 0.521787E+00 0.144363E+02
 0.349142E+00 0.519581E+00 0.129645E+02
 0.372983E+00 0.522510E+00 0.143789E+02
 0.349142E+00 0.519581E+00 0.129573E+02
 0.349142E+00 0.519581E+00 0.129622E+02
 0.349142E+00 0.519581E+00 0.129600E+02
 0.374997E+00 0.519974E+00 0.150976E+02
 0.349131E+00 0.519529E+00 0.129721E+02
 0.374792E+00 0.510045E+00 0.150948E+02
 0.349142E+00 0.519581E+00 0.129554E+02
 0.349161E+00 0.519516E+00 0.129640E+02
 0.349157E+00 0.519497E+00 0.129616E+02
 0.349142E+00 0.519581E+00 0.129600E+02
 0.349142E+00 0.519581E+00 0.129514E+02
 0.373149E+00 0.521792E+00 0.141750E+02
 0.349140E+00 0.519594E+00 0.129575E+02
 0.349142E+00 0.519581E+00 0.129551E+02
 0.349143E+00 0.519445E+00 0.129565E+02
 0.349142E+00 0.519581E+00 0.129586E+02
 0.349152E+00 0.519493E+00 0.129636E+02
 0.349151E+00 0.519623E+00 0.129587E+02
 0.349142E+00 0.519581E+00 0.129563E+02
 0.349138E+00 0.519358E+00 0.129606E+02
 0.349136E+00 0.519286E+00 0.129674E+02
 0.349143E+00 0.519769E+00 0.129711E+02
 0.349142E+00 0.519581E+00 0.129511E+02
 0.349301E+00 0.520338E+00 0.156725E+02
 0.349142E+00 0.519581E+00 0.129613E+02
 0.349152E+00 0.519820E+00 0.129727E+02
 0.349142E+00 0.519581E+00 0.129560E+02
 0.349142E+00 0.519581E+00 0.129590E+02
 0.349142E+00 0.519581E+00 0.129687E+02
 0.349148E+00 0.519417E+00 0.129630E+02
 0.349142E+00 0.519581E+00 0.129563E+02
 0.349142E+00 0.519581E+00 0.129530E+02
 0.349142E+00 0.519581E+00 0.129624E+02
 0.349142E+00 0.519581E+00 0.129521E+02
 0.349157E+00 0.519541E+00 0.129578E+02
 0.349142E+00 0.519581E+00 0.129524E+02
 0.348980E+00 0.519522E+00 0.129649E+02
 0.349022E+00 0.519695E+00 0.129613E+02
 0.349150E+00 0.519440E+00 0.129616E+02
 0.349142E+00 0.519581E+00 0.129530E+02
 0.349150E+00 0.519458E+00 0.129571E+02
 0.349143E+00 0.519539E+00 0.129617E+02
 0.348886E+00 0.519662E+00 0.179044E+02
 0.349192E+00 0.519583E+00 0.152466E+02
 0.373465E+00 0.525125E+00 0.152250E+02
 0.349151E+00 0.519555E+00 0.129585E+02
 0.349149E+00 0.519610E+00 0.129723E+02
 0.349140E+00 0.519530E+00 0.129577E+02
 0.349052E+00 0.519540E+00 0.129623E+02
 0.349142E+00 0.519581E+00 0.129513E+02
 0.349142E+00 0.519581E+00 0.129655E+02
 0.349147E+00 0.519573E+00 0.129531E+02
 0.349140E+00 0.519598E+00 0.129541E+02
 0.372666E+00 0.520318E+00 0.143467E+02
 0.349071E+00 0.519533E+00 0.129607E+02
 0.349148E+00 0.519564E+00 0.129570E+02
 0.349142E+00 0.519581E+00 0.129517E+02
 0.349148E+00 0.519571E+00 0.129626E+02
 0.349142E+00 0.519582E+00 0.129580E+02
 0.349142E+00 0.519581E+00 0.129514E+02
 0.379962E+00 0.527776E+00 0.153958E+02
 0.373393E+00 0.519553E+00 0.147698E+02
 0.349141E+00 0.519587E+00 0.129575E+02
 0.349147E+00 0.519584E+00 0.129537E+02
 0.349071E+00 0.519593E+00 0.129591E+02
 0.349142E+00 0.519581E+00 0.129661E+02
 0.349142E+00 0.519581E+00 0.129514E+02
 0.349327E+00 0.519549E+00 0.151442E+02
 0.349150E+00 0.519563E+00 0.129584E+02
 0.349152E+00 0.519551E+00 0.129533E+02
 0.349146E+00 0.519585E+00 0.129578E+02
 0.349109E+00 0.519565E+00 0.129576E+02
 0.349142E+00 0.519581E+00 0.129660E+02
 0.376510E+00 0.520364E+00 0.169355E+02
 0.380304E+00 0.519316E+00 0.151453E+02
 0.349145E+00 0.519574E+00 0.129536E+02
 0.349142E+00 0.519581E+00 0.129689E+02
 0.349141E+00 0.519575E+00 0.129579E+02
 0.349195E+00 0.519564E+00 0.151990E+02
 0.349140E+00 0.519580E+00 0.129560E+02
 0.349380E+00 0.519237E+00 0.149245E+02
 0.349142E+00 0.519581E+00 0.129494E+02
 0.349235E+00 0.519323E+00 0.150921E+02
 0.349147E+00 0.519572E+00 0.129631E+02
 0.403137E+00 0.519828E+00 0.180176E+02
 0.349139E+00 0.519572E+00 0.129530E+02
 0.349136E+00 0.519578E+00 0.129582E+02
 0.349142E+00 0.519581E+00 0.129695E+02
 0.349140E+00 0.519583E+00 0.129579E+02
 0.349102E+00 0.519570E+00 0.129625E+02
 0.349142E+00 0.519581E+00 0.129658E+02
 0.349142E+00 0.519581E+00 0.129634E+02
 0.349069E+00 0.519616E+00 0.129621E+02
 0.349142E+00 0.519581E+00 0.129515E+02
 0.349245E+00 0.519617E+00 0.152842E+02
 0.374035E+00 0.526828E+00 0.154460E+02
 0.349126E+00 0.521309E+00 0.167721E+02
 0.349142E+00 0.519581E+00 0.129495E+02
 0.349147E+00 0.519586E+00 0.129631E+02
 0.349369E+00 0.519490E+00 0.150377E+02
 0.349151E+00 0.519570E+00 0.129526E+02
 0.349063E+00 0.519568E+00 0.129539E+02
 0.349150E+00 0.519561E+00 0.129575E+02
 0.376431E+00 0.513194E+00 0.156772E+02
 0.349148E+00 0.519582E+00 0.129699E+02
 0.349142E+00 0.519581E+00 0.129654E+02
 0.379790E+00 0.512660E+00 0.157598E+02
 0.349142E+00 0.519581E+00 0.129481E+02
 0.379079E+00 0.515085E+00 0.160884E+02
 0.349121E+00 0.519608E+00 0.129516E+02
 0.349146E+00 0.519583E+00 0.129616E+02
 0.349142E+00 0.519581E+00 0.129685E+02
 0.349143E+00 0.519581E+00 0.129866E+02
 0.349257E+00 0.519605E+00 0.153373E+02
 0.349160E+00 0.519583E+00 0.129584E+02
 0.349261E+00 0.519590E+00 0.152612E+02
 0.349048E+00 0.519531E+00 0.129583E+02
 0.349142E+00 0.519581E+00 0.129482E+02
 0.348965E+00 0.519540E+00 0.129621E+02
 0.349142E+00 0.519581E+00 0.129515E+02
 0.349135E+00 0.519579E+00 0.129566E+02
 0.349355E+00 0.519578E+00 0.152389E+02
 0.349071E+00 0.519557E+00 0.129581E+02
 0.349142E+00 0.519581E+00 0.129530E+02
 0.348929E+00 0.519546E+00 0.182031E+02
 0.374020E+00 0.509742E+00 0.173918E+02
 0.349225E+00 0.519570E+00 0.152141E+02
 0.349142E+00 0.519581E+00 0.129630E+02
 0.349140E+00 0.519573E+00 0.129611E+02
 0.349154E+00 0.520379E+00 0.157721E+02
 0.349157E+00 0.519577E+00 0.129594E+02
 0.349079E+00 0.519567E+00 0.129603E+02
 0.349241E+00 0.520017E+00 0.154953E+02
 0.349142E+00 0.519581E+00 0.129664E+02
 0.349142E+00 0.519581E+00 0.129526E+02
 0.401003E+00 0.518488E+00 0.177438E+02
 0.378845E+00 0.519405E+00 0.181264E+02
 0.349142E+00 0.519581E+00 0.129639E+02
 0.380182E+00 0.511165E+00 0.154955E+02
 0.349142E+00 0.519576E+00 0.129611E+02
 0.349153E+00 0.519572E+00 0.129621E+02
 0.349142E+00 0.519581E+00 0.129479E+02
 0.349156E+00 0.519579E+00 0.129650E+02
 0.403545E+00 0.519854E+00 0.181243E+02
 0.349156E+00 0.519207E+00 0.129698E+02
 0.349142E+00 0.519581E+00 0.129517E+02
 0.348983E+00 0.520004E+00 0.129874E+02
 0.349148E+00 0.519574E+00 0.129613E+02
 0.349149E+00 0.519580E+00 0.129508E+02
 0.349199E+00 0.520084E+00 0.154897E+02
 0.349142E+00 0.519581E+00 0.129691E+02
 0.349131E+00 0.519582E+00 0.129647E+02
 0.349142E+00 0.519581E+00 0.129482E+02
 0.349144E+00 0.519584E+00 0.129696E+02
 0.349142E+00 0.519581E+00 0.129481E+02
 0.349123E+00 0.519567E+00 0.129545E+02
 0.349142E+00 0.519581E+00 0.129644E+02
 0.348890E+00 0.520063E+00 0.166116E+02
 0.349142E+00 0.519581E+00 0.129495E+02
 0.349134E+00 0.519586E+00 0.129666E+02
 0.349261E+00 0.519650E+00 0.151815E+02
 0.349142E+00 0.519581E+00 0.129510E+02
 0.349124E+00 0.519558E+00 0.129605E+02
 0.349148E+00 0.519578E+00 0.129627E+02
 0.349142E+00 0.519581E+00 0.129513E+02
 0.349100E+00 0.519755E+00 0.129885E+02
 0.349113E+00 0.519556E+00 0.129621E+02
 0.349142E+00 0.519581E+00 0.129495E+02
 0.400819E+00 0.519324E+00 0.175923E+02
 0.379339E+00 0.526738E+00 0.149155E+02
 0.349133E+00 0.519583E+00 0.129605E+02
 0.349142E+00 0.519581E+00 0.129482E+02
 0.349146E+00 0.519576E+00 0.129655E+02
 0.349235E+00 0.519601E+00 0.152522E+02
 0.349114E+00 0.519562E+00 0.129696E+02
 0.349304E+00 0.519631E+00 0.151838E+02
 0.349142E+00 0.519581E+00 0.129514E+02
 0.349144E+00 0.519586E+00 0.129620E+02
 0.349135E+00 0.519573E+00 0.129635E+02
 0.349175E+00 0.519639E+00 0.152384E+02
 0.403392E+00 0.520136E+00 0.181497E+02
 0.349106E+00 0.519579E+00 0.129520E+02
 0.372835E+00 0.525134E+00 0.146242E+02
 0.349223E+00 0.519593E+00 0.153213E+02
 0.374117E+00 0.519770E+00 0.146897E+02
 0.349134E+00 0.519577E+00 0.129672E+02
 0.349068E+00 0.519623E+00 0.129539E+02
 0.349148E+00 0.519581E+00 0.129680E+02
 0.349151E+00 0.519580E+00 0.129527E+02
 0.349142E+00 0.519581E+00 0.129597E+02
 0.349080E+00 0.519581E+00 0.129569E+02
 0.349211E+00 0.519565E+00 0.152266E+02
 0.349160E+00 0.519577E+00 0.129523E+02
 0.349129E+00 0.519580E+00 0.129649E+02
 0.349142E+00 0.519581E+00 0.129875E+02
 0.349140E+00 0.519580E+00 0.129622E+02
 0.349017E+00 0.519416E+00 0.129734E+02
 0.361146E+00 0.484300E+00 0.163177E+02
 0.349165E+00 0.519582E+00 0.129673E+02
 0.349344E+00 0.519635E+00 0.152763E+02
 0.349085E+00 0.519580E+00 0.129548E+02
 0.349271E+00 0.519827E+00 0.153612E+02
 0.349142E+00 0.519581E+00 0.129514E+02
 0.349220E+00 0.519435E+00 0.152528E+02
 0.349142E+00 0.519581E+00 0.129514E+02
 0.348878E+00 0.519611E+00 0.180742E+02
 0.349142E+00 0.519581E+00 0.129624E+02
 0.349137E+00 0.519579E+00 0.129550E+02
 0.349156E+00 0.519581E+00 0.129606E+02
 0.349142E+00 0.519581E+00 0.129632E+02
 0.349092E+00 0.519581E+00 0.129614E+02
 0.349284E+00 0.519547E+00 0.151486E+02
 0.349142E+00 0.519581E+00 0.129494E+02
 0.349108E+00 0.519582E+00 0.129558E+02
 0.373419E+00 0.523679E+00 0.147010E+02
 0.349142E+00 0.519581E+00 0.129552E+02
 0.349142E+00 0.519581E+00 0.129569E+02
 0.349129E+00 0.519577E+00 0.129604E+02
 0.349149E+00 0.519581E+00 0.129582E+02
 0.349108E+00 0.519578E+00 0.129568E+02
 0.349142E+00 0.519581E+00 0.129496E+02
 0.349115E+00 0.519583E+00 0.129627E+02
 0.373220E+00 0.525210E+00 0.150128E+02
 0.372306E+00 0.522448E+00 0.140288E+02
 0.349136E+00 0.519579E+00 0.129624E+02
 0.348850E+00 0.519680E+00 0.181732E+02
 0.349142E+00 0.519581E+00 0.129571E+02
 0.372497E+00 0.521488E+00 0.141740E+02
 0.349142E+00 0.519581E+00 0.129703E+02
 0.349141E+00 0.519582E+00 0.129553E+02
 0.373190E+00 0.523056E+00 0.146576E+02
 0.349133E+00 0.519579E+00 0.129631E+02
 0.349271E+00 0.519487E+00 0.150971E+02
 0.349120E+00 0.519710E+00 0.129615E+02
 0.374243E+00 0.519211E+00 0.147347E+02
 0.349252E+00 0.519647E+00 0.153100E+02
 0.349204E+00 0.519529E+00 0.151712E+02
 0.349024E+00 0.519533E+00 0.129651E+02
 0.349113E+00 0.519577E+00 0.129680E+02
 0.349154E+00 0.519583E+00 0.129583E+02
 0.349144E+00 0.519576E+00 0.129575E+02
 0.349142E+00 0.519581E+00 0.129495E+02
 0.349139E+00 0.519577E+00 0.129652E+02
 0.349142E+00 0.519581E+00 0.129496E+02
 0.349241E+00 0.519512E+00 0.151515E+02
 0.373113E+00 0.519603E+00 0.146799E+02
 0.349142E+00 0.519581E+00 0.129480E+02
 0.349081E+00 0.519573E+00 0.129657E+02
 0.348972E+00 0.519626E+00 0.129842E+02
 0.349104E+00 0.519580E+00 0.129605E+02
 0.349142E+00 0.519581E+00 0.129509E+02
 0.349028E+00 0.519745E+00 0.129920E+02
 0.349142E+00 0.519581E+00 0.129495E+02
 0.349114E+00 0.519727E+00 0.129667E+02
 0.349167E+00 0.519575E+00 0.129520E+02
 0.349032E+00 0.519606E+00 0.129574E+02
 0.348962E+00 0.519741E+00 0.129889E+02
 0.375127E+00 0.519883E+00 0.149027E+02
 0.349141E+00 0.519573E+00 0.129526E+02
 0.349138E+00 0.519574E+00 0.129622E+02
 0.349201E+00 0.519685E+00 0.154295E+02
 0.349142E+00 0.519581E+00 0.129480E+02
 0.373794E+00 0.519199E+00 0.147330E+02
 0.349144E+00 0.519574E+00 0.129586E+02
 0.349142E+00 0.519581E+00 0.129496E+02
 0.349152E+00 0.519583E+00 0.129538E+02
 0.374589E+00 0.522407E+00 0.153320E+02
 0.349144E+00 0.519585E+00 0.129585E+02
 0.349142E+00 0.519581E+00 0.129575E+02
 0.349051E+00 0.519691E+00 0.129670E+02
 0.349253E+00 0.519571E+00 0.152060E+02
 0.349138E+00 0.519589E+00 0.129666E+02
 0.349142E+00 0.519581E+00 0.129513E+02
 0.349147E+00 0.519578E+00 0.129501E+02
 0.349239E+00 0.519657E+00 0.153503E+02
 0.349019E+00 0.519730E+00 0.129621E+02
 0.349125E+00 0.519688E+00 0.129531E+02
 0.374259E+00 0.512930E+00 0.181401E+02
 0.349141E+00 0.519587E+00 0.129575E+02
 0.349100E+00 0.519469E+00 0.129668E+02
 0.349142E+00 0.519581E+00 0.129510E+02
 0.349131E+00 0.519537E+00 0.129583E+02
 0.349164E+00 0.519579E+00 0.129614E+02
 0.349185E+00 0.519447E+00 0.129561E+02
 0.373097E+00 0.521684E+00 0.145102E+02
 0.348947E+00 0.519879E+00 0.129819E+02
 0.349171E+00 0.519565E+00 0.129625E+02
 0.349116E+00 0.519633E+00 0.129638E+02
 0.349163E+00 0.519579E+00 0.129574E+02
 0.349142E+00 0.519581E+00 0.129697E+02
 0.349136E+00 0.519583E+00 0.129589E+02
 0.349146E+00 0.519585E+00 0.129519E+02
 0.349180E+00 0.519550E+00 0.129600E+02
 0.379863E+00 0.525440E+00 0.148611E+02
 0.374854E+00 0.517540E+00 0.150951E+02
 0.349233E+00 0.519766E+00 0.153145E+02
 0.375992E+00 0.519593E+00 0.155647E+02
 0.349167E+00 0.519573E+00 0.129653E+02
 0.349195E+00 0.519620E+00 0.153285E+02
 0.374901E+00 0.520711E+00 0.152820E+02
 0.349154E+00 0.519583E+00 0.129544E+02
 0.349151E+00 0.519577E+00 0.129641E+02
 0.349142E+00 0.519581E+00 0.129481E+02
 0.349227E+00 0.519614E+00 0.152270E+02
 0.363835E+00 0.480924E+00 0.167492E+02
 0.349153E+00 0.519581E+00 0.129578E+02
 0.349061E+00 0.519305E+00 0.129656E+02
 0.349142E+00 0.519581E+00 0.129480E+02
 0.349131E+00 0.519585E+00 0.129516E+02
 0.349145E+00 0.519580E+00 0.129669E+02
 0.349060E+00 0.518746E+00 0.169496E+02
 0.349138E+00 0.519579E+00 0.129568E+02
 0.349124E+00 0.518872E+00 0.168272E+02
 0.349142E+00 0.519581E+00 0.129514E+02
 0.349141E+00 0.519590E+00 0.129570E+02
 0.349140E+00 0.519577E+00 0.129521E+02
 0.349180E+00 0.519731E+00 0.154024E+02
 0.373992E+00 0.518212E+00 0.144926E+02
 0.349140E+00 0.519578E+00 0.129534E+02
 0.349169E+00 0.520353E+00 0.157349E+02
 0.349155E+00 0.519572E+00 0.129699E+02
 0.349137E+00 0.519577E+00 0.129545E+02
 0.349105E+00 0.520019E+00 0.130174E+02
 0.349142E+00 0.519581E+00 0.129661E+02
 0.349076E+00 0.519601E+00 0.129547E+02
 0.349134E+00 0.519592E+00 0.129589E+02
 0.349202E+00 0.518765E+00 0.168192E+02
 0.349079E+00 0.519558E+00 0.129559E+02
 0.349228E+00 0.519558E+00 0.152291E+02
 0.373790E+00 0.521272E+00 0.145893E+02
 0.349073E+00 0.520366E+00 0.130577E+02
 0.349153E+00 0.520936E+00 0.163568E+02
 0.349142E+00 0.519581E+00 0.129692E+02
 0.349045E+00 0.519615E+00 0.129686E+02
 0.379773E+00 0.516206E+00 0.177665E+02
 0.349123E+00 0.519594E+00 0.129553E+02
 0.349149E+00 0.519577E+00 0.129512E+02
 0.349202E+00 0.519931E+00 0.154836E+02
 0.349123E+00 0.519567E+00 0.129725E+02
 0.349160E+00 0.519582E+00 0.129588E+02
 0.349142E+00 0.519581E+00 0.129494E+02
 0.349206E+00 0.519558E+00 0.151697E+02
 0.349149E+00 0.519574E+00 0.129575E+02
 0.349142E+00 0.519581E+00 0.129691E+02
 0.349104E+00 0.518867E+00 0.170437E+02
 0.349142E+00 0.519581E+00 0.129496E+02
 0.373618E+00 0.520649E+00 0.143385E+02
 0.349178E+00 0.518605E+00 0.171312E+02
 0.349145E+00 0.519606E+00 0.129576E+02
 0.349123E+00 0.519582E+00 0.129554E+02
 0.349159E+00 0.519582E+00 0.129577E+02
 0.349142E+00 0.519581E+00 0.129692E+02
 0.349184E+00 0.519616E+00 0.151873E+02
 0.349142E+00 0.519577E+00 0.129664E+02
 0.349160E+00 0.519582E+00 0.129574E+02
 0.349100E+00 0.520782E+00 0.162714E+02
 0.349121E+00 0.519590E+00 0.129588E+02
 0.349129E+00 0.519585E+00 0.129563E+02
 0.349142E+00 0.519581E+00 0.129686E+02
 0.349144E+00 0.519590E+00 0.129617E+02
 0.372601E+00 0.520615E+00 0.142684E+02
 0.349134E+00 0.519588E+00 0.129569E+02
 0.349186E+00 0.520062E+00 0.156671E+02
 0.349141E+00 0.519582E+00 0.129695E+02
 0.349155E+00 0.520191E+00 0.156854E+02
 0.349142E+00 0.519581E+00 0.129497E+02
 0.349119E+00 0.519547E+00 0.129522E+02
 0.349142E+00 0.519581E+00 0.129658E+02
 0.373617E+00 0.520289E+00 0.143130E+02
 0.349142E+00 0.519581E+00 0.129564E+02
 0.349138E+00 0.519600E+00 0.129679E+02
 0.372181E+00 0.522078E+00 0.139781E+02
 0.349124E+00 0.519581E+00 0.129567E+02
 0.375968E+00 0.516859E+00 0.155497E+02
 0.349138E+00 0.520973E+00 0.164377E+02
 0.349163E+00 0.519792E+00 0.153931E+02
 0.349188E+00 0.519605E+00 0.152972E+02
 0.379176E+00 0.515590E+00 0.163228E+02
 0.349142E+00 0.519581E+00 0.129497E+02
 0.372195E+00 0.523727E+00 0.140120E+02
 0.349101E+00 0.519383E+00 0.129627E+02
 0.349123E+00 0.519577E+00 0.129625E+02
 0.349116E+00 0.519335E+00 0.129636E+02
 0.349142E+00 0.519581E+00 0.129660E+02
 0.374029E+00 0.517571E+00 0.145805E+02
 0.349167E+00 0.519627E+00 0.129523E+02
 0.349139E+00 0.519587E+00 0.129567E+02
 0.349119E+00 0.519581E+00 0.129540E+02
 0.349132E+00 0.519582E+00 0.129642E+02
 0.349156E+00 0.519471E+00 0.129610E+02
 0.349131E+00 0.519655E+00 0.129599E+02
 0.349142E+00 0.519581E+00 0.129655E+02
 0.349177E+00 0.519575E+00 0.129623E+02
 0.380948E+00 0.501400E+00 0.162810E+02
 0.349135E+00 0.519575E+00 0.129509E+02
 0.349118E+00 0.519698E+00 0.129628E+02
 0.349140E+00 0.519584E+00 0.129696E+02
 0.349150E+00 0.519522E+00 0.129526E+02
 0.349139E+00 0.519572E+00 0.129560E+02
 0.373600E+00 0.527342E+00 0.162659E+02
 0.349150E+00 0.519606E+00 0.129702E+02
 0.349149E+00 0.519580E+00 0.129546E+02
 0.349092E+00 0.519682E+00 0.129678E+02
 0.373754E+00 0.519852E+00 0.146653E+02
 0.349138E+00 0.519577E+00 0.129602E+02
 0.349142E+00 0.519581E+00 0.129497E+02
 0.349142E+00 0.519581E+00 0.129499E+02
 0.380451E+00 0.520039E+00 0.151973E+02
 0.374935E+00 0.519841E+00 0.150388E+02
 0.349137E+00 0.519586E+00 0.129648E+02
 0.381357E+00 0.508820E+00 0.175164E+02
 0.349123E+00 0.519800E+00 0.129764E+02
 0.349029E+00 0.519601E+00 0.129649E+02
 0.349135E+00 0.519580E+00 0.129538E+02
 0.349147E+00 0.519581E+00 0.129609E+02
 0.349146E+00 0.519403E+00 0.129592E+02
 0.349142E+00 0.519581E+00 0.129631E+02
 0.349233E+00 0.519579E+00 0.152086E+02
 0.349146E+00 0.519575E+00 0.129607E+02
 0.373888E+00 0.523718E+00 0.149757E+02
 0.372423E+00 0.522727E+00 0.140875E+02
 0.349121E+00 0.519690E+00 0.129718E+02
 0.373218E+00 0.522051E+00 0.146050E+02
 0.349137E+00 0.519580E+00 0.129662E+02
 0.349142E+00 0.519579E+00 0.129531E+02
 0.380733E+00 0.509484E+00 0.174425E+02
 0.349138E+00 0.519582E+00 0.129539E+02
 0.349113E+00 0.519608E+00 0.129558E+02
 0.349142E+00 0.519581E+00 0.129629E+02
 0.349147E+00 0.519581E+00 0.129616E+02
 0.349132E+00 0.519565E+00 0.129685E+02
 0.349147E+00 0.519603E+00 0.129508E+02
 0.349175E+00 0.519575E+00 0.129538E+02
 0.351356E+00 0.514845E+00 0.178344E+02
 0.349145E+00 0.519576E+00 0.129669E+02
 0.373671E+00 0.520144E+00 0.146562E+02
 0.349142E+00 0.519581E+00 0.129480E+02
 0.349138E+00 0.519574E+00 0.129627E+02
 0.349142E+00 0.519581E+00 0.129495E+02
 0.349140E+00 0.519583E+00 0.129602E+02
 0.349142E+00 0.519581E+00 0.129516E+02
 0.349182E+00 0.519589E+00 0.152793E+02
 0.402153E+00 0.517649E+00 0.180880E+02
 0.349138E+00 0.519582E+00 0.129513E+02
 0.349138E+00 0.519577E+00 0.129579E+02
 0.349130E+00 0.519557E+00 0.129585E+02
 0.349142E+00 0.519581E+00 0.129548E+02
 0.349172E+00 0.519595E+00 0.129529E+02
 0.349147E+00 0.519578E+00 0.129563E+02
 0.349136E+00 0.519573E+00 0.129571E+02
 0.349135E+00 0.519573E+00 0.129546E+02
 0.349142E+00 0.519580E+00 0.129603E+02
 0.349142E+00 0.519581E+00 0.129483E+02
 0.374056E+00 0.522859E+00 0.150293E+02
 0.349136E+00 0.519582E+00 0.129545E+02
 0.349134E+00 0.519577E+00 0.129681E+02
 0.349142E+00 0.519581E+00 0.129692E+02
 0.349165E+00 0.519599E+00 0.129627E+02
 0.349142E+00 0.519575E+00 0.129571E+02
 0.349142E+00 0.519581E+00 0.129496E+02
 0.349141E+00 0.519574E+00 0.129610E+02
 0.349128E+00 0.519584E+00 0.129695E+02
 0.349119E+00 0.519549E+00 0.129604E+02
 0.349133E+00 0.519581E+00 0.129604E+02
 0.349137E+00 0.519573E+00 0.129567E+02
 0.349142E+00 0.519581E+00 0.129661E+02
 0.349148E+00 0.519577E+00 0.129631E+02
 0.349150E+00 0.519585E+00 0.129514E+02
 0.349142E+00 0.519581E+00 0.129481E+02
 0.374209E+00 0.527631E+00 0.156593E+02
 0.349137E+00 0.519572E+00 0.129601E+02
 0.349142E+00 0.519581E+00 0.129493E+02
 0.349122E+00 0.519579E+00 0.129574E+02
 0.349155E+00 0.519574E+00 0.129640E+02
 0.349133E+00 0.519586E+00 0.129623E+02
 0.349142E+00 0.519581E+00 0.129480E+02
 0.351237E+00 0.515641E+00 0.182501E+02
 0.349135E+00 0.519591E+00 0.129674E+02
 0.349142E+00 0.519581E+00 0.129686E+02
 0.349157E+00 0.519587E+00 0.129547E+02
 0.349142E+00 0.519581E+00 0.129494E+02
 0.349082E+00 0.519555E+00 0.129585E+02
 0.349097E+00 0.519565E+00 0.129671E+02
 0.349169E+00 0.519583E+00 0.129549E+02
 0.373308E+00 0.520361E+00 0.147037E+02
 0.349191E+00 0.519619E+00 0.152789E+02
 0.349174E+00 0.519583E+00 0.129545E+02
 0.349142E+00 0.519581E+00 0.129628E+02
 0.349161E+00 0.519574E+00 0.129575E+02
 0.349151E+00 0.519586E+00 0.129649E+02
 0.349103E+00 0.519589E+00 0.129538E+02
 0.349142E+00 0.519581E+00 0.129513E+02
 0.349138E+00 0.519540E+00 0.129577E+02
 0.349132E+00 0.519584E+00 0.129505E+02
 0.349153E+00 0.519537E+00 0.129585E+02
 0.349142E+00 0.519581E+00 0.129495E+02
 0.349158E+00 0.519555E+00 0.129560E+02
 0.373744E+00 0.520518E+00 0.145887E+02
 0.349144E+00 0.519598E+00 0.129574E+02
 0.349156E+00 0.519635E+00 0.129546E+02
 0.349149E+00 0.519611E+00 0.129559E+02
 0.372871E+00 0.520663E+00 0.143935E+02
 0.349131E+00 0.519517E+00 0.129619E+02
 0.349121E+00 0.519578E+00 0.129607E+02
 0.349142E+00 0.519581E+00 0.129693E+02
 0.349155E+00 0.519639E+00 0.129664E+02
 0.349148E+00 0.519599E+00 0.129687E+02
 0.349143E+00 0.519776E+00 0.129655E+02
 0.349142E+00 0.519581E+00 0.129625E+02
 0.349156E+00 0.519591E+00 0.129579E+02
 0.349136E+00 0.519587E+00 0.129630E+02
 0.349142E+00 0.519581E+00 0.129633E+02
 0.349141E+00 0.519576E+00 0.129618E+02
 0.349149E+00 0.519595E+00 0.129635E+02
 0.349150E+00 0.519588E+00 0.129638E+02
 0.349142E+00 0.519581E+00 0.129553E+02
 0.349154E+00 0.519590E+00 0.129675E+02
 0.349141E+00 0.519564E+00 0.129512E+02
 0.349139E+00 0.519665E+00 0.129522E+02
 0.402808E+00 0.519757E+00 0.179467E+02
 0.402340E+00 0.519683E+00 0.179703E+02
 0.349142E+00 0.519581E+00 0.129880E+02
 0.374214E+00 0.521095E+00 0.146592E+02
 0.349145E+00 0.519595E+00 0.129561E+02
 0.349139E+00 0.519563E+00 0.129559E+02
 0.349134E+00 0.519684E+00 0.129643E+02
 0.349142E+00 0.519581E+00 0.129694E+02
 0.401561E+00 0.516911E+00 0.181535E+02
 0.349141E+00 0.519566E+00 0.129590E+02
 0.349142E+00 0.519581E+00 0.129693E+02
 0.349131E+00 0.519510E+00 0.129630E+02
 0.373316E+00 0.521590E+00 0.146046E+02
 0.349151E+00 0.519592E+00 0.129669E+02
 0.402251E+00 0.519000E+00 0.180644E+02
 0.349128E+00 0.519595E+00 0.129638E+02
 0.349084E+00 0.521224E+00 0.167363E+02
 0.349150E+00 0.519571E+00 0.129678E+02
 0.375296E+00 0.518183E+00 0.153217E+02
 0.380863E+00 0.518723E+00 0.181708E+02
 0.349131E+00 0.519562E+00 0.129568E+02
 0.349142E+00 0.519581E+00 0.129696E+02
 0.349134E+00 0.519554E+00 0.129622E+02
 0.349142E+00 0.519581E+00 0.129513E+02
 0.349129E+00 0.519591E+00 0.129508E+02
 0.349142E+00 0.519581E+00 0.129729E+02
 0.349150E+00 0.519575E+00 0.129581E+02
 0.349139E+00 0.519628E+00 0.129554E+02
 0.349142E+00 0.519581E+00 0.129663E+02
 0.349137E+00 0.519621E+00 0.129561E+02
 0.349171E+00 0.519592E+00 0.129531E+02
 0.372542E+00 0.527009E+00 0.152176E+02
 0.349148E+00 0.519564E+00 0.129568E+02
 0.349136E+00 0.519569E+00 0.129648E+02
 0.349142E+00 0.519571E+00 0.129545E+02
 0.349155E+00 0.519578E+00 0.129548E+02
 0.349142E+00 0.519581E+00 0.129531E+02
 0.349106E+00 0.519607E+00 0.129552E+02
 0.349147E+00 0.519578E+00 0.129529E+02
 0.349128E+00 0.519579E+00 0.129582E+02
 0.349153E+00 0.519572E+00 0.129879E+02
 0.349133E+00 0.519574E+00 0.129596E+02
 0.349181E+00 0.519561E+00 0.151887E+02
 0.402103E+00 0.519742E+00 0.178903E+02
 0.349139E+00 0.519564E+00 0.129639E+02
 0.349120E+00 0.519586E+00 0.129493E+02
 0.349093E+00 0.519624E+00 0.129872E+02
 0.349138E+00 0.519582E+00 0.129607E+02
 0.349142E+00 0.519581E+00 0.129513E+02
 0.372298E+00 0.525029E+00 0.143382E+02
 0.379914E+00 0.523140E+00 0.154628E+02
 0.349149E+00 0.519584E+00 0.129619E+02
 0.349142E+00 0.519581E+00 0.129692E+02
 0.374051E+00 0.526706E+00 0.154618E+02
 0.349142E+00 0.519581E+00 0.129516E+02
 0.349106E+00 0.519616E+00 0.129540E+02
 0.373827E+00 0.526466E+00 0.161738E+02
 0.349134E+00 0.519570E+00 0.129552E+02
 0.349126E+00 0.519581E+00 0.129536E+02
 0.349149E+00 0.519586E+00 0.129606E+02
 0.373280E+00 0.520297E+00 0.142254E+02
 0.349169E+00 0.519577E+00 0.129628E+02
 0.349144E+00 0.519575E+00 0.129512E+02
 0.349131E+00 0.519577E+00 0.129639E+02
 0.349152E+00 0.519587E+00 0.129588E+02
 0.349142E+00 0.519581E+00 0.129510E+02
 0.349157E+00 0.519617E+00 0.129617E+02
 0.373798E+00 0.525085E+00 0.154817E+02
 0.349142E+00 0.519581E+00 0.129661E+02
 0.349140E+00 0.519594E+00 0.129507E+02
 0.349142E+00 0.519581E+00 0.129513E+02
 0.349126E+00 0.519544E+00 0.129532E+02
 0.349147E+00 0.519596E+00 0.129617E+02
 0.381213E+00 0.509020E+00 0.175407E+02
 0.373511E+00 0.518348E+00 0.142860E+02
 0.349199E+00 0.519578E+00 0.150909E+02
 0.349153E+00 0.519570E+00 0.129604E+02
 0.349142E+00 0.519581E+00 0.129510E+02
 0.349158E+00 0.519622E+00 0.129686E+02
 0.349105E+00 0.519577E+00 0.129547E+02
 0.349153E+00 0.519581E+00 0.129593E+02
 0.373483E+00 0.520193E+00 0.146884E+02
 0.349146E+00 0.519580E+00 0.129480E+02
 0.373528E+00 0.519825E+00 0.147044E+02
 0.349060E+00 0.519582E+00 0.129531E+02
 0.349137E+00 0.519587E+00 0.129593E+02
 0.349142E+00 0.519574E+00 0.129627E+02
 0.349142E+00 0.519581E+00 0.129626E+02
 0.376019E+00 0.519120E+00 0.155642E+02
 0.349059E+00 0.519587E+00 0.129615E+02
 0.349142E+00 0.519581E+00 0.129658E+02
 0.349137E+00 0.519587E+00 0.129618E+02
 0.349144E+00 0.519586E+00 0.129573E+02
 0.349143E+00 0.519585E+00 0.129512E+02
 0.349191E+00 0.519581E+00 0.152966E+02
 0.349145E+00 0.519572E+00 0.129573E+02
 0.349142E+00 0.519575E+00 0.129647E+02
 0.349145E+00 0.519577E+00 0.129643E+02
 0.349155E+00 0.519577E+00 0.129551E+02
 0.372331E+00 0.522449E+00 0.140222E+02
 0.349140E+00 0.519583E+00 0.129573E+02
 0.349147E+00 0.519591E+00 0.129547E+02
 0.372952E+00 0.521321E+00 0.143983E+02
 0.349102E+00 0.519592E+00 0.129584E+02
 0.349130E+00 0.519580E+00 0.129514E+02
 0.373762E+00 0.519612E+00 0.144462E+02
 0.349143E+00 0.519604E+00 0.129672E+02
 0.349141E+00 0.519577E+00 0.129559E+02
 0.349140E+00 0.519584E+00 0.129597E+02
 0.349142E+00 0.519581E+00 0.129559E+02
 0.372636E+00 0.525881E+00 0.147096E+02
 0.349121E+00 0.519575E+00 0.129512E+02
 0.349139E+00 0.519602E+00 0.129641E+02
 0.349149E+00 0.519597E+00 0.129726E+02
 0.349119E+00 0.519580E+00 0.129555E+02
 0.349142E+00 0.519581E+00 0.129659E+02
 0.349142E+00 0.519581E+00 0.129513E+02
 0.349164E+00 0.519577E+00 0.129556E+02
 0.401837E+00 0.519595E+00 0.178482E+02
 0.349137E+00 0.519592E+00 0.129574E+02
 0.349148E+00 0.519595E+00 0.129500E+02
 0.349108E+00 0.519582E+00 0.129603E+02
 0.349142E+00 0.519581E+00 0.129483E+02
 0.349144E+00 0.519587E+00 0.129562E+02
 0.375937E+00 0.507363E+00 0.157913E+02
 0.373056E+00 0.523118E+00 0.145703E+02
 0.349142E+00 0.519581E+00 0.129480E+02
 0.349127E+00 0.519574E+00 0.129513E+02
 0.349145E+00 0.519609E+00 0.129534E+02
 0.349136E+00 0.519585E+00 0.129560E+02
 0.375291E+00 0.530820E+00 0.183050E+02
 0.349142E+00 0.519581E+00 0.129552E+02
 0.349140E+00 0.519587E+00 0.129542E+02
 0.349162E+00 0.519581E+00 0.129626E+02
 0.373711E+00 0.524202E+00 0.150904E+02
 0.349145E+00 0.519580E+00 0.129663E+02
 0.349133E+00 0.519580E+00 0.129532E+02
 0.349143E+00 0.519599E+00 0.129546E+02
 0.349142E+00 0.519581E+00 0.129661E+02
 0.367543E+00 0.523983E+00 0.182290E+02
 0.349142E+00 0.519592E+00 0.129585E+02
 0.349142E+00 0.519581E+00 0.129480E+02
 0.349131E+00 0.519581E+00 0.129676E+02
 0.349154E+00 0.519592E+00 0.129626E+02
 0.349149E+00 0.519582E+00 0.129581E+02
 0.349156E+00 0.519576E+00 0.129651E+02
 0.349143E+00 0.519584E+00 0.129561E+02
 0.349142E+00 0.519581E+00 0.129547E+02
 0.349108E+00 0.519585E+00 0.129506E+02
 0.349141E+00 0.519576E+00 0.129629E+02
 0.349143E+00 0.519574E+00 0.129481E+02
 0.349142E+00 0.519581E+00 0.129495E+02
 0.349161E+00 0.519577E+00 0.129529E+02
 0.349137E+00 0.519581E+00 0.129491E+02
 0.349138E+00 0.519577E+00 0.129589E+02
 0.349144E+00 0.519585E+00 0.129548E+02
 0.349142E+00 0.519581E+00 0.129480E+02
 0.349145E+00 0.519595E+00 0.129551E+02
 0.348934E+00 0.519544E+00 0.180889E+02
 0.402333E+00 0.519388E+00 0.180102E+02
 0.349144E+00 0.519584E+00 0.129704E+02
 0.349261E+00 0.520135E+00 0.154870E+02
 0.349099E+00 0.519577E+00 0.129647E+02
 0.349154E+00 0.519572E+00 0.129568E+02
 0.349142E+00 0.519576E+00 0.129887E+02
 0.349138E+00 0.519579E+00 0.129603E+02
 0.349144E+00 0.519584E+00 0.129587E+02
 0.349145E+00 0.519584E+00 0.129642E+02
 0.349142E+00 0.519576E+00 0.129523E+02
 0.349259E+00 0.520084E+00 0.156139E+02
 0.349139E+00 0.519583E+00 0.129563E+02
 0.349142E+00 0.519581E+00 0.129529E+02
 0.349036E+00 0.519704E+00 0.129637E+02
 0.349201E+00 0.519587E+00 0.151963E+02
 0.349140E+00 0.519580E+00 0.129574E+02
 0.376186E+00 0.514677E+00 0.162368E+02
 0.380108E+00 0.519430E+00 0.150729E+02
 0.349135E+00 0.519578E+00 0.129624E+02
 0.349141E+00 0.519582E+00 0.129484E+02
 0.349143E+00 0.519579E+00 0.129557E+02
 0.349125E+00 0.519587E+00 0.129620E+02
 0.349142E+00 0.519580E+00 0.129588E+02
 0.349147E+00 0.519583E+00 0.129638E+02
 0.349142E+00 0.519581E+00 0.129494E+02
 0.349143E+00 0.519583E+00 0.129622E+02
 0.348897E+00 0.519548E+00 0.179132E+02
 0.349136E+00 0.519601E+00 0.129603E+02
 0.349139E+00 0.519584E+00 0.129630E+02
 0.349142E+00 0.519581E+00 0.129654E+02
 0.349143E+00 0.519591E+00 0.129558E+02
 0.349205E+00 0.519583E+00 0.152643E+02
 0.349142E+00 0.519578E+00 0.129589E+02
 0.349142E+00 0.519581E+00 0.129498E+02
 0.378573E+00 0.514968E+00 0.181982E+02
 0.349144E+00 0.519578E+00 0.129597E+02
 0.349143E+00 0.519580E+00 0.129465E+02
 0.349142E+00 0.519581E+00 0.129495E+02
 0.349140E+00 0.519585E+00 0.129561E+02
 0.349079E+00 0.519565E+00 0.129669E+02
 0.349143E+00 0.519580E+00 0.129628E+02
 0.349145E+00 0.519577E+00 0.129525E+02
 0.349144E+00 0.519581E+00 0.129576E+02
 0.349146E+00 0.519585E+00 0.129666E+02
 0.349135E+00 0.519603E+00 0.129565E+02
 0.349143E+00 0.519583E+00 0.129624E+02
 0.349146E+00 0.519581E+00 0.129559E+02
 0.373458E+00 0.519601E+00 0.141357E+02
 0.380086E+00 0.510113E+00 0.152931E+02
 0.349026E+00 0.519574E+00 0.129577E+02
 0.349166E+00 0.519580E+00 0.129540E+02
 0.349137E+00 0.519564E+00 0.129592E+02
 0.349144E+00 0.519579E+00 0.129628E+02
 0.349142E+00 0.519580E+00 0.129594E+02
 0.349107E+00 0.519579E+00 0.129692E+02
 0.374791E+00 0.523999E+00 0.158737E+02
 0.349136E+00 0.519581E+00 0.129591E+02
 0.349143E+00 0.519589E+00 0.129540E+02
 0.349076E+00 0.519629E+00 0.129625E+02
 0.349133E+00 0.519581E+00 0.129536E+02
 0.349075E+00 0.519605E+00 0.129582E+02
 0.349128E+00 0.519607E+00 0.129551E+02
 0.349143E+00 0.519581E+00 0.129547E+02
 0.349140E+00 0.519579E+00 0.129588E+02
 0.349149E+00 0.519541E+00 0.129558E+02
 0.349147E+00 0.519580E+00 0.129627E+02
 0.349137E+00 0.519575E+00 0.129591E+02
 0.349101E+00 0.519551E+00 0.129524E+02
 0.372329E+00 0.521279E+00 0.141222E+02
 0.349179E+00 0.519594E+00 0.152828E+02
 0.349134E+00 0.519582E+00 0.129680E+02
 0.349145E+00 0.519585E+00 0.129543E+02
 0.349143E+00 0.519580E+00 0.129606E+02
 0.349146E+00 0.519579E+00 0.129573E+02
 0.374988E+00 0.519153E+00 0.150964E+02
 0.349111E+00 0.519550E+00 0.129562E+02
 0.349161E+00 0.519517E+00 0.129526E+02
 0.349148E+00 0.519580E+00 0.129581E+02
 0.372240E+00 0.522605E+00 0.140002E+02
 0.349060E+00 0.519543E+00 0.129559E+02
 0.349141E+00 0.519580E+00 0.129609E+02
 0.401324E+00 0.518360E+00 0.178808E+02
 0.349138E+00 0.519582E+00 0.129649E+02
 0.373967E+00 0.520772E+00 0.146835E+02
 0.349010E+00 0.519562E+00 0.129673E+02
 0.367868E+00 0.522527E+00 0.173023E+02
 0.349161E+00 0.519560E+00 0.129535E+02
 0.349143E+00 0.519581E+00 0.129659E+02
 0.349143E+00 0.519583E+00 0.129528E+02
 0.349141E+00 0.519558E+00 0.129706E+02
 0.373692E+00 0.520183E+00 0.146521E+02
 0.349162E+00 0.519513E+00 0.129594E+02
 0.349144E+00 0.519581E+00 0.129628E+02
 0.349141E+00 0.519580E+00 0.129465E+02
 0.349138E+00 0.519601E+00 0.129646E+02
 0.349224E+00 0.519561E+00 0.152081E+02
 0.349144E+00 0.519579E+00 0.129663E+02
 0.349142E+00 0.519580E+00 0.129525E+02
 0.349148E+00 0.519566E+00 0.129659E+02
 0.349145E+00 0.519555E+00 0.129575E+02
 0.349147E+00 0.519528E+00 0.129634E+02
 0.372773E+00 0.521108E+00 0.143326E+02
 0.349144E+00 0.519581E+00 0.129629E+02
 0.349132E+00 0.519626E+00 0.129678E+02
 0.373911E+00 0.523503E+00 0.149052E+02
 0.349144E+00 0.519580E+00 0.129514E+02
 0.349142E+00 0.519580E+00 0.129574E+02
 0.349107E+00 0.519561E+00 0.129545E+02
 0.349149E+00 0.519581E+00 0.129670E+02
 0.349144E+00 0.519580E+00 0.129526E+02
 0.367324E+00 0.521752E+00 0.173980E+02
 0.349072E+00 0.519569E+00 0.129598E+02
 0.349144E+00 0.519581E+00 0.129646E+02
 0.373451E+00 0.519274E+00 0.142056E+02
 0.349140E+00 0.519580E+00 0.129668E+02
 0.349144E+00 0.519580E+00 0.129565E+02
 0.349142E+00 0.519581E+00 0.129546E+02
 0.349133E+00 0.519594E+00 0.129622E+02
 0.372020E+00 0.524330E+00 0.140813E+02
 0.349151E+00 0.519581E+00 0.129622E+02
 0.374945E+00 0.520520E+00 0.151737E+02
 0.349133E+00 0.519582E+00 0.129670E+02
 0.349137E+00 0.519567E+00 0.129563E+02
 0.401642E+00 0.517659E+00 0.180890E+02
 0.349097E+00 0.519569E+00 0.129558E+02
 0.349127E+00 0.519582E+00 0.129545E+02
 0.349143E+00 0.519581E+00 0.129541E+02
 0.374237E+00 0.525550E+00 0.161801E+02
 0.348971E+00 0.519573E+00 0.129685E+02
 0.349149E+00 0.519561E+00 0.129600E+02
 0.349143E+00 0.519580E+00 0.129610E+02
 0.349147E+00 0.519597E+00 0.129617E+02
 0.375941E+00 0.509048E+00 0.174674E+02
 0.349084E+00 0.519581E+00 0.129524E+02
 0.349167E+00 0.519602E+00 0.129521E+02
 0.374012E+00 0.521003E+00 0.147521E+02
 0.349184E+00 0.519587E+00 0.151694E+02
 0.349133E+00 0.519581E+00 0.129618E+02
 0.349143E+00 0.519580E+00 0.129499E+02
 0.349140E+00 0.519570E+00 0.129585E+02
 0.349455E+00 0.518061E+00 0.134535E+02
 0.374936E+00 0.516400E+00 0.151918E+02
 0.349035E+00 0.519577E+00 0.129650E+02
 0.349149E+00 0.519580E+00 0.129606E+02
 0.349142E+00 0.519580E+00 0.129591E+02
 0.349111E+00 0.519582E+00 0.129574E+02
 0.349147E+00 0.519562E+00 0.129550E+02
 0.349142E+00 0.519581E+00 0.129648E+02
 0.349138E+00 0.519591E+00 0.129497E+02
 0.349148E+00 0.519583E+00 0.129620E+02
 0.349153E+00 0.519582E+00 0.129621E+02
 0.349129E+00 0.519580E+00 0.129615E+02
 0.349144E+00 0.519580E+00 0.129668E+02
 0.349154E+00 0.519580E+00 0.129512E+02
 0.349118E+00 0.519592E+00 0.129679E+02
 0.401768E+00 0.519093E+00 0.178941E+02
 0.349144E+00 0.519580E+00 0.129550E+02
 0.372869E+00 0.522660E+00 0.142688E+02
 0.349133E+00 0.519577E+00 0.129547E+02
 0.349142E+00 0.519581E+00 0.129574E+02
 0.349141E+00 0.519583E+00 0.129528E+02
 0.349165E+00 0.519581E+00 0.129512E+02
 0.349151E+00 0.519586E+00 0.129532E+02
 0.349184E+00 0.519581E+00 0.152532E+02
 0.349143E+00 0.519583E+00 0.129481E+02
 0.349143E+00 0.519581E+00 0.129547E+02
 0.349147E+00 0.519593E+00 0.129612E+02
 0.373131E+00 0.519564E+00 0.146861E+02
 0.373812E+00 0.519207E+00 0.145275E+02
 0.349144E+00 0.519580E+00 0.129634E+02
 0.378552E+00 0.509118E+00 0.181515E+02
 0.349133E+00 0.519578E+00 0.129622E+02
 0.349144E+00 0.519580E+00 0.129605E+02
 0.349143E+00 0.519581E+00 0.129537E+02
 0.374731E+00 0.525126E+00 0.168005E+02
 0.349183E+00 0.519581E+00 0.153027E+02
 0.349143E+00 0.519581E+00 0.129562E+02
 0.367558E+00 0.521750E+00 0.173393E+02
 0.349142E+00 0.519580E+00 0.129602E+02
 0.349148E+00 0.519600E+00 0.129554E+02
 0.349144E+00 0.519586E+00 0.129617E+02
 0.372565E+00 0.521871E+00 0.141865E+02
 0.349143E+00 0.519581E+00 0.129602E+02
 0.349129E+00 0.519582E+00 0.129676E+02
 0.349122E+00 0.519580E+00 0.129553E+02
 0.349173E+00 0.519598E+00 0.129561E+02
 0.349143E+00 0.519579E+00 0.129659E+02
 0.349132E+00 0.519567E+00 0.129697E+02
 0.379219E+00 0.512332E+00 0.153980E+02
 0.349190E+00 0.519580E+00 0.152755E+02
 0.349143E+00 0.519579E+00 0.129541E+02
 0.349142E+00 0.519580E+00 0.129566E+02
 0.349144E+00 0.519580E+00 0.129537E+02
 0.373384E+00 0.521961E+00 0.146490E+02
 0.349169E+00 0.519590E+00 0.129576E+02
 0.349125E+00 0.519581E+00 0.129634E+02
 0.373629E+00 0.518935E+00 0.143335E+02
 0.349144E+00 0.519583E+00 0.129558E+02
 0.349144E+00 0.519580E+00 0.129568E+02
 0.349154E+00 0.519561E+00 0.129495E+02
 0.373119E+00 0.528467E+00 0.164727E+02
 0.349143E+00 0.519581E+00 0.129646E+02
 0.349144E+00 0.519580E+00 0.129516E+02
 0.349069E+00 0.519579E+00 0.129670E+02
 0.349144E+00 0.519581E+00 0.129606E+02
 0.349147E+00 0.519580E+00 0.129562E+02
 0.349143E+00 0.519582E+00 0.129530E+02
 0.349159E+00 0.519558E+00 0.129527E+02
 0.373388E+00 0.526921E+00 0.158010E+02
 0.349152E+00 0.519562E+00 0.129553E+02
 0.349148E+00 0.519592E+00 0.129496E+02
 0.349143E+00 0.519567E+00 0.129597E+02
 0.349104E+00 0.519580E+00 0.129546E+02
 0.349144E+00 0.519580E+00 0.129616E+02
 0.349146E+00 0.519585E+00 0.129538E+02
 0.349141E+00 0.519580E+00 0.129627E+02
 0.349144E+00 0.519589E+00 0.129592E+02
 0.349147E+00 0.519581E+00 0.129630E+02
 0.349143E+00 0.519581E+00 0.129607E+02
 0.349145E+00 0.519580E+00 0.129611E+02
 0.402700E+00 0.519365E+00 0.181094E+02
 0.349151E+00 0.519581E+00 0.129647E+02
 0.349137E+00 0.519581E+00 0.129596E+02
 0.349132E+00 0.519583E+00 0.129584E+02
 0.349152E+00 0.519591E+00 0.129599E+02
 0.349135E+00 0.519580E+00 0.129602E+02
 0.349152E+00 0.519529E+00 0.129618E+02
 0.373607E+00 0.521475E+00 0.146168E+02
 0.349142E+00 0.519580E+00 0.129664E+02
 0.349165E+00 0.519580E+00 0.129658E+02
 0.375332E+00 0.518637E+00 0.152928E+02
 0.349181E+00 0.519581E+00 0.129533E+02
 0.349144E+00 0.519581E+00 0.129655E+02
 0.349122E+00 0.519589E+00 0.129603E+02
 0.349144E+00 0.519582E+00 0.129573E+02
 0.349143E+00 0.519581E+00 0.129547E+02
 0.349135E+00 0.519581E+00 0.129621E+02
 0.349151E+00 0.519601E+00 0.129637E+02
 0.349145E+00 0.519589E+00 0.129513E+02
 0.349149E+00 0.519581E+00 0.129601E+02
 0.368094E+00 0.521941E+00 0.180627E+02
 0.349146E+00 0.519581E+00 0.129536E+02
 0.349141E+00 0.519580E+00 0.129501E+02
 0.349143E+00 0.519582E+00 0.129545E+02
 0.372782E+00 0.520490E+00 0.143617E+02
 0.349144E+00 0.519581E+00 0.129577E+02
 0.349152E+00 0.519580E+00 0.129623E+02
 0.349116E+00 0.519585E+00 0.129577E+02
 0.349144E+00 0.519582E+00 0.129533E+02
 0.349163E+00 0.519615E+00 0.129585E+02
 0.349144E+00 0.519581E+00 0.129482E+02
 0.349151E+00 0.519580E+00 0.129617E+02
 0.349146E+00 0.519614E+00 0.129551E+02
 0.349143E+00 0.519582E+00 0.129525E+02
 0.349135E+00 0.519580E+00 0.129537E+02
 0.349143E+00 0.519580E+00 0.129615E+02
 0.349137E+00 0.519580E+00 0.129500E+02
 0.349152E+00 0.519522E+00 0.129662E+02
 0.349152E+00 0.519601E+00 0.129639E+02
 0.349214E+00 0.521555E+00 0.169581E+02
 0.349143E+00 0.519583E+00 0.129560E+02
 0.349147E+00 0.519580E+00 0.129703E+02
 0.349142E+00 0.519602E+00 0.129692E+02
 0.349138E+00 0.519580E+00 0.129565E+02
 0.349152E+00 0.519579E+00 0.129509E+02
 0.349125E+00 0.519580E+00 0.129529E+02
 0.349143E+00 0.519582E+00 0.129662E+02
 0.349122E+00 0.519579E+00 0.129589E+02
 0.372747E+00 0.521656E+00 0.142600E+02
 0.349132E+00 0.519583E+00 0.129602E+02
 0.374939E+00 0.511482E+00 0.178728E+02
 0.349134E+00 0.519580E+00 0.129604E+02
 0.349034E+00 0.518875E+00 0.168770E+02
 0.349143E+00 0.519580E+00 0.129619E+02
 0.349157E+00 0.519580E+00 0.129534E+02
 0.349142E+00 0.519546E+00 0.129571E+02
 0.349132E+00 0.519579E+00 0.129634E+02
 0.349157E+00 0.519584E+00 0.129615E+02
 0.349143E+00 0.519580E+00 0.129536E+02
 0.349143E+00 0.519580E+00 0.129629E+02
 0.401851E+00 0.519829E+00 0.177934E+02
 0.349148E+00 0.519570E+00 0.129555E+02
 0.349140E+00 0.519567E+00 0.129694E+02
 0.349161E+00 0.519578E+00 0.129630E+02
 0.349144E+00 0.519580E+00 0.129509E+02
 0.349150E+00 0.519567E+00 0.129588E+02
 0.349132E+00 0.519596E+00 0.129598E+02
 0.349124E+00 0.519588E+00 0.129580E+02
 0.349144E+00 0.519582E+00 0.129680E+02
 0.349172E+00 0.519579E+00 0.129569E+02
 0.349142E+00 0.519572E+00 0.129671E+02
 0.379684E+00 0.515725E+00 0.170233E+02
 0.349143E+00 0.519582E+00 0.129519E+02
 0.349145E+00 0.519584E+00 0.129606E+02
 0.349150E+00 0.519573E+00 0.129541E+02
 0.372861E+00 0.519997E+00 0.144484E+02
 0.349139E+00 0.519581E+00 0.129552E+02
 0.349148E+00 0.519595E+00 0.129612E+02
 0.349131E+00 0.519574E+00 0.129591E+02
 0.349143E+00 0.519583E+00 0.129611E+02
 0.349143E+00 0.519580E+00 0.129606E+02
 0.349144E+00 0.519580E+00 0.129685E+02
 0.349147E+00 0.519579E+00 0.129550E+02
 0.349143E+00 0.519577E+00 0.129548E+02
 0.349143E+00 0.519580E+00 0.129612E+02
 0.349145E+00 0.519580E+00 0.129516E+02
 0.349206E+00 0.519580E+00 0.152795E+02
 0.349143E+00 0.519580E+00 0.129568E+02
 0.349139E+00 0.519580E+00 0.129557E+02
 0.349147E+00 0.519562E+00 0.129708E+02
 0.374636E+00 0.523289E+00 0.157565E+02
 0.349143E+00 0.519580E+00 0.129532E+02
 0.349141E+00 0.519580E+00 0.129627E+02
 0.349085E+00 0.519580E+00 0.129566E+02
 0.349143E+00 0.519580E+00 0.129635E+02
 0.349146E+00 0.519588E+00 0.129632E+02
 0.372188E+00 0.521983E+00 0.140029E+02
 0.349143E+00 0.519580E+00 0.129535E+02
 0.349146E+00 0.519589E+00 0.129634E+02
 0.349145E+00 0.519586E+00 0.129536E+02
 0.349141E+00 0.519580E+00 0.129623E+02
 0.349143E+00 0.519580E+00 0.129577E+02
 0.349139E+00 0.519580E+00 0.129702E+02
 0.349125E+00 0.519580E+00 0.129666E+02
 0.349144E+00 0.519579E+00 0.129569E+02
 0.349142E+00 0.519581E+00 0.129660E+02
 0.349142E+00 0.519582E+00 0.129620E+02
 0.349143E+00 0.519584E+00 0.129617E+02
 0.372037E+00 0.523661E+00 0.139935E+02
 0.349145E+00 0.519580E+00 0.129658E+02
 0.349309E+00 0.519990E+00 0.154507E+02
 0.349175E+00 0.519580E+00 0.151950E+02
 0.349143E+00 0.519580E+00 0.129569E+02
 0.349145E+00 0.519580E+00 0.129657E+02
 0.349139E+00 0.519580E+00 0.129634E+02
 0.349134E+00 0.519598E+00 0.129576E+02
 0.349144E+00 0.519579E+00 0.129539E+02
 0.400878E+00 0.518853E+00 0.176699E+02
 0.349142E+00 0.519581E+00 0.129642E+02
 0.349122E+00 0.519579E+00 0.129550E+02
 0.349143E+00 0.519579E+00 0.129588E+02
 0.349146E+00 0.519580E+00 0.129567E+02
 0.349199E+00 0.519929E+00 0.155196E+02
 0.349143E+00 0.519581E+00 0.129615E+02
 0.349145E+00 0.519580E+00 0.129529E+02
 0.349138E+00 0.519580E+00 0.129636E+02
 0.349133E+00 0.519580E+00 0.129631E+02
 0.349143E+00 0.519585E+00 0.129649E+02
 0.349136E+00 0.519580E+00 0.129549E+02
 0.349135E+00 0.519580E+00 0.129619E+02
 0.349144E+00 0.519580E+00 0.129568E+02
 0.349143E+00 0.519580E+00 0.129538E+02
 0.349141E+00 0.519556E+00 0.129587E+02
 0.349158E+00 0.519579E+00 0.129589E+02
 0.349156E+00 0.519574E+00 0.129564E+02
 0.349143E+00 0.519580E+00 0.129630E+02
 0.349255E+00 0.519310E+00 0.150877E+02
 0.349143E+00 0.519585E+00 0.129570E+02
 0.349143E+00 0.519580E+00 0.129598E+02
 0.349133E+00 0.519581E+00 0.129622E+02
 0.349143E+00 0.519585E+00 0.129610E+02
 0.377955E+00 0.507717E+00 0.165157E+02
 0.349141E+00 0.519554E+00 0.129555E+02
 0.349143E+00 0.519580E+00 0.129571E+02
 0.349127E+00 0.519549E+00 0.129640E+02
 0.349143E+00 0.519580E+00 0.129582E+02
 0.349126E+00 0.519546E+00 0.129654E+02
 0.375996E+00 0.519609E+00 0.155473E+02
 0.349143E+00 0.519580E+00 0.129498E+02
 0.349127E+00 0.519580E+00 0.129631E+02
 0.349173E+00 0.519585E+00 0.129615E+02
 0.349143E+00 0.519580E+00 0.129632E+02
 0.349132E+00 0.519581E+00 0.129621E+02
 0.349144E+00 0.519581E+00 0.129662E+02
 0.349115E+00 0.519564E+00 0.129556E+02
 0.349143E+00 0.519580E+00 0.129561E+02
 0.349143E+00 0.519580E+00 0.129536E+02
 0.349121E+00 0.519540E+00 0.129518E+02
 0.349143E+00 0.519580E+00 0.129584E+02
 0.349132E+00 0.519580E+00 0.129571E+02
 0.378709E+00 0.519199E+00 0.178909E+02
 0.349143E+00 0.519580E+00 0.129556E+02
 0.349141E+00 0.519577E+00 0.129659E+02
 0.349117E+00 0.519560E+00 0.129520E+02
 0.349141E+00 0.519594E+00 0.129575E+02
 0.349137E+00 0.519580E+00 0.129605E+02
 0.349132E+00 0.519532E+00 0.129685E+02
 0.349130E+00 0.519583E+00 0.129699E+02
 0.349143E+00 0.519580E+00 0.129590E+02
 0.349137E+00 0.519579E+00 0.129610E+02
 0.349130E+00 0.519564E+00 0.129623E+02
 0.349142E+00 0.519576E+00 0.129581E+02
 0.349143E+00 0.519585E+00 0.129524E+02
 0.380386E+00 0.515309E+00 0.175856E+02
 0.349170E+00 0.519581E+00 0.129562E+02
 0.349143E+00 0.519580E+00 0.129538E+02
 0.349142E+00 0.519601E+00 0.129560E+02
 0.349144E+00 0.519584E+00 0.129556E+02
 0.349143E+00 0.519580E+00 0.129557E+02
 0.374771E+00 0.521877E+00 0.153884E+02
 0.349143E+00 0.519580E+00 0.129539E+02
 0.349284E+00 0.519580E+00 0.151701E+02
 0.380350E+00 0.519753E+00 0.150268E+02
 0.349143E+00 0.519580E+00 0.129516E+02
 0.349151E+00 0.519700E+00 0.129596E+02
 0.349143E+00 0.519587E+00 0.129626E+02
 0.349143E+00 0.519580E+00 0.129537E+02
 0.349140E+00 0.519580E+00 0.129575E+02
 0.374574E+00 0.512192E+00 0.179811E+02
 0.349143E+00 0.519589E+00 0.129594E+02
 0.349121E+00 0.519599E+00 0.129668E+02
 0.349143E+00 0.519576E+00 0.129642E+02
 0.349145E+00 0.519580E+00 0.129712E+02
 0.349151E+00 0.519588E+00 0.129636E+02
 0.373800E+00 0.521099E+00 0.145413E+02
 0.349176E+00 0.519580E+00 0.129656E+02
 0.349151E+00 0.519575E+00 0.129498E+02
 0.374543E+00 0.519460E+00 0.146802E+02
 0.349143E+00 0.519580E+00 0.129500E+02
 0.349139E+00 0.519580E+00 0.129579E+02
 0.349144E+00 0.519580E+00 0.129532E+02
 0.349143E+00 0.519582E+00 0.129574E+02
 0.349143E+00 0.519580E+00 0.129535E+02
 0.349143E+00 0.519580E+00 0.129531E+02
 0.349169E+00 0.519580E+00 0.129675E+02
 0.349146E+00 0.519584E+00 0.129596E+02
 0.349143E+00 0.519580E+00 0.129531E+02
 0.349138E+00 0.519580E+00 0.129619E+02
 0.349175E+00 0.519580E+00 0.129540E+02
 0.374427E+00 0.517430E+00 0.144307E+02
 0.377199E+00 0.519425E+00 0.171533E+02
 0.349143E+00 0.519580E+00 0.129605E+02
 0.349143E+00 0.519580E+00 0.129533E+02
 0.349148E+00 0.519515E+00 0.129544E+02
 0.349142E+00 0.519583E+00 0.129667E+02
 0.349143E+00 0.519573E+00 0.129553E+02
 0.349140E+00 0.519580E+00 0.129587E+02
 0.349109E+00 0.520833E+00 0.163498E+02
 0.379156E+00 0.515566E+00 0.163031E+02
 0.349152E+00 0.519582E+00 0.129517E+02
 0.349144E+00 0.519579E+00 0.129694E+02
 0.349143E+00 0.519580E+00 0.129581E+02
 0.349143E+00 0.519580E+00 0.129612E+02
 0.349160E+00 0.518696E+00 0.170492E+02
 0.349116E+00 0.519582E+00 0.129601E+02
 0.349134E+00 0.519579E+00 0.129615E+02
 0.349142E+00 0.519591E+00 0.129583E+02
 0.349143E+00 0.519581E+00 0.129548E+02
 0.374768E+00 0.514925E+00 0.152206E+02
 0.379414E+00 0.523287E+00 0.156247E+02
 0.349143E+00 0.519584E+00 0.129595E+02
 0.349143E+00 0.519580E+00 0.129636E+02
 0.349142E+00 0.519580E+00 0.129558E+02
 0.349148E+00 0.519597E+00 0.129553E+02
 0.349306E+00 0.519385E+00 0.150755E+02
 0.349143E+00 0.519580E+00 0.129584E+02
 0.382478E+00 0.507571E+00 0.181468E+02
 0.349177E+00 0.519580E+00 0.129625E+02
 0.403217E+00 0.519202E+00 0.183100E+02
 0.349152E+00 0.519551E+00 0.129624E+02
 0.349143E+00 0.519587E+00 0.129630E+02
 0.349141E+00 0.519580E+00 0.129693E+02
 0.349109E+00 0.519585E+00 0.129686E+02
 0.349143E+00 0.519586E+00 0.129610E+02
 0.349143E+00 0.519580E+00 0.129538E+02
 0.349147E+00 0.519566E+00 0.129522E+02
 0.376548E+00 0.517341E+00 0.157591E+02
 0.373876E+00 0.520848E+00 0.146032E+02
 0.349143E+00 0.519579E+00 0.129640E+02
 0.349144E+00 0.519580E+00 0.129573E+02
 0.349282E+00 0.520202E+00 0.156172E+02
 0.373137E+00 0.520211E+00 0.146109E+02
 0.349143E+00 0.519581E+00 0.129622E+02
 0.349143E+00 0.519576E+00 0.129528E+02
 0.349143E+00 0.519580E+00 0.129535E+02
 0.373885E+00 0.522530E+00 0.146735E+02
 0.349143E+00 0.519583E+00 0.129626E+02
 0.349143E+00 0.519580E+00 0.129539E+02
 0.349142E+00 0.519580E+00 0.129613E+02
 0.379554E+00 0.514400E+00 0.160953E+02
 0.349108E+00 0.519580E+00 0.129660E+02
 0.349143E+00 0.519586E+00 0.129576E+02
 0.349143E+00 0.519580E+00 0.129586E+02
 0.349146E+00 0.519559E+00 0.129678E+02
 0.349143E+00 0.519585E+00 0.129502E+02
 0.349118E+00 0.519580E+00 0.129659E+02
 0.349143E+00 0.519580E+00 0.129504E+02
 0.349143E+00 0.519580E+00 0.129538E+02
 0.349140E+00 0.519580E+00 0.129530E+02
 0.374760E+00 0.515664E+00 0.152166E+02
 0.376964E+00 0.504535E+00 0.165503E+02
 0.349143E+00 0.519580E+00 0.129619E+02
 0.349143E+00 0.519580E+00 0.129585E+02
 0.349140E+00 0.519580E+00 0.129622E+02
 0.349096E+00 0.519580E+00 0.129616E+02
 0.349135E+00 0.519583E+00 0.129515E+02
 0.349143E+00 0.519584E+00 0.129547E+02
 0.349133E+00 0.519583E+00 0.129602E+02
 0.349143E+00 0.519583E+00 0.129516E+02
 0.349143E+00 0.519580E+00 0.129589E+02
 0.349146E+00 0.519580E+00 0.129570E+02
 0.349152E+00 0.519528E+00 0.129689E+02
 0.349195E+00 0.519580E+00 0.152568E+02
 0.349131E+00 0.519582E+00 0.129657E+02
 0.349143E+00 0.519580E+00 0.129537E+02
 0.349144E+00 0.519580E+00 0.129616E+02
 0.349143E+00 0.519580E+00 0.129582E+02
 0.349146E+00 0.519558E+00 0.129668E+02
 0.349150E+00 0.519582E+00 0.129522E+02
 0.349154E+00 0.519593E+00 0.129491E+02
 0.379023E+00 0.513092E+00 0.182534E+02
 0.349143E+00 0.519581E+00 0.129550E+02
 0.349150E+00 0.519624E+00 0.129555E+02
 0.349143E+00 0.519580E+00 0.129605E+02
 0.349137E+00 0.519482E+00 0.129623E+02
 0.349143E+00 0.519587E+00 0.129642E+02
 0.349143E+00 0.519580E+00 0.129584E+02
 0.349154E+00 0.519586E+00 0.129524E+02
 0.349108E+00 0.519580E+00 0.129587E+02
 0.349143E+00 0.519580E+00 0.129663E+02
 0.349144E+00 0.519683E+00 0.129542E+02
 0.349143E+00 0.519580E+00 0.129581E+02
 0.349153E+00 0.519730E+00 0.129614E+02
 0.372296E+00 0.524581E+00 0.142303E+02
 0.349146E+00 0.519579E+00 0.129558E+02
 0.376800E+00 0.510892E+00 0.161368E+02
 0.349146E+00 0.519564E+00 0.129602E+02
 0.349143E+00 0.519580E+00 0.129515E+02
 0.349161E+00 0.519578E+00 0.129528E+02
 0.349134E+00 0.519478E+00 0.129615E+02
 0.349138E+00 0.519586E+00 0.129511E+02
 0.349143E+00 0.519580E+00 0.129556E+02
 0.349143E+00 0.519573E+00 0.129579E+02
 0.349143E+00 0.519580E+00 0.129555E+02
 0.349185E+00 0.519580E+00 0.152893E+02
 0.349143E+00 0.519580E+00 0.129585E+02
 0.349143E+00 0.519579E+00 0.129675E+02
 0.349143E+00 0.519581E+00 0.129597E+02
 0.349147E+00 0.519581E+00 0.129651E+02
 0.349143E+00 0.519580E+00 0.129604E+02
 0.349145E+00 0.519515E+00 0.129529E+02
 0.349137E+00 0.519588E+00 0.129602E+02
 0.349143E+00 0.519580E+00 0.129539E+02
 0.349139E+00 0.519580E+00 0.129532E+02
 0.349157E+00 0.519580E+00 0.129531E+02
 0.349148E+00 0.519481E+00 0.129621E+02
 0.349143E+00 0.519580E+00 0.129636E+02
 0.349149E+00 0.519580E+00 0.129690E+02
 0.349147E+00 0.519558E+00 0.129605E+02
 0.349067E+00 0.519580E+00 0.129588E+02
 0.349150E+00 0.519580E+00 0.129593E+02
 0.349142E+00 0.519624E+00 0.129558E+02
 0.349048E+00 0.519580E+00 0.129652E+02
 0.349143E+00 0.519573E+00 0.129586E+02
 0.349140E+00 0.519594E+00 0.129569E+02
 0.374228E+00 0.524360E+00 0.156757E+02
 0.349182E+00 0.519580E+00 0.152659E+02
 0.349144E+00 0.519579E+00 0.129610E+02
 0.349141E+00 0.519602E+00 0.129623E+02
 0.349146E+00 0.519538E+00 0.129660E+02
 0.349144E+00 0.519590E+00 0.129595E+02
 0.349158E+00 0.519574E+00 0.129612E+02
 0.373477E+00 0.522386E+00 0.147479E+02
 0.372449E+00 0.523048E+00 0.141439E+02
 0.349141E+00 0.519575E+00 0.129600E+02
 0.349143E+00 0.519589E+00 0.129538E+02
 0.349146E+00 0.519580E+00 0.129581E+02
 0.349143E+00 0.519580E+00 0.129514E+02
 0.349111E+00 0.519583E+00 0.129617E+02
 0.349140E+00 0.519580E+00 0.129502E+02
 0.349110E+00 0.518626E+00 0.175651E+02
 0.349132E+00 0.519592E+00 0.129610E+02
 0.349138E+00 0.519580E+00 0.129510E+02
 0.349187E+00 0.519580E+00 0.153025E+02
 0.349143E+00 0.519606E+00 0.129662E+02
 0.349150E+00 0.519580E+00 0.129568E+02
 0.349161E+00 0.519567E+00 0.129676E+02
 0.349112E+00 0.519575E+00 0.129533E+02
 0.349143E+00 0.519580E+00 0.129556E+02
 0.349145E+00 0.519516E+00 0.129702E+02
 0.373559E+00 0.518417E+00 0.148629E+02
 0.349104E+00 0.519580E+00 0.129533E+02
 0.374104E+00 0.518847E+00 0.146552E+02
 0.349143E+00 0.519580E+00 0.129585E+02
 0.349138E+00 0.519581E+00 0.129594E+02
 0.349136E+00 0.519640E+00 0.129522E+02
 0.380022E+00 0.525189E+00 0.151951E+02
 0.349131E+00 0.519591E+00 0.129555E+02
 0.349171E+00 0.519584E+00 0.129617E+02
 0.349143E+00 0.519596E+00 0.129618E+02
 0.349143E+00 0.519580E+00 0.129540E+02
 0.349142E+00 0.519580E+00 0.129638E+02
 0.349180E+00 0.519580E+00 0.152536E+02
 0.349142E+00 0.519589E+00 0.129726E+02
 0.349147E+00 0.519581E+00 0.129510E+02
 0.349144E+00 0.519542E+00 0.129529E+02
 0.349142E+00 0.519580E+00 0.129541E+02
 0.349116E+00 0.519588E+00 0.129586E+02
 0.349145E+00 0.519614E+00 0.129655E+02
 0.349143E+00 0.519560E+00 0.129590E+02
 0.379595E+00 0.517050E+00 0.177326E+02
 0.349140E+00 0.519580E+00 0.129663E+02
 0.374450E+00 0.519628E+00 0.149826E+02
 0.349145E+00 0.519580E+00 0.129566E+02
 0.349148E+00 0.519594E+00 0.129514E+02
 0.349117E+00 0.519578E+00 0.129578E+02
 0.349143E+00 0.519580E+00 0.129517E+02
 0.349147E+00 0.519581E+00 0.129584E+02
 0.349144E+00 0.519545E+00 0.129606E+02
 0.349142E+00 0.519570E+00 0.129519E+02
 0.349144E+00 0.519581E+00 0.129722E+02
 0.349150E+00 0.519577E+00 0.129705E+02
 0.349115E+00 0.519580E+00 0.129635E+02
 0.373527E+00 0.528373E+00 0.166778E+02
 0.379999E+00 0.510764E+00 0.153432E+02
 0.349143E+00 0.519593E+00 0.129647E+02
 0.349138E+00 0.519580E+00 0.129531E+02
 0.349146E+00 0.519600E+00 0.129553E+02
 0.349143E+00 0.519603E+00 0.129650E+02
 0.402138E+00 0.518696E+00 0.180714E+02
 0.349165E+00 0.519580E+00 0.129570E+02
 0.349147E+00 0.519583E+00 0.129523E+02
 0.379675E+00 0.513050E+00 0.157978E+02
 0.372053E+00 0.522957E+00 0.139252E+02
 0.349143E+00 0.519578E+00 0.129531E+02
 0.349146E+00 0.519581E+00 0.129579E+02
 0.349143E+00 0.519580E+00 0.129575E+02
 0.349155E+00 0.519586E+00 0.129641E+02
 0.373620E+00 0.529035E+00 0.173491E+02
 0.349143E+00 0.519585E+00 0.129646E+02
 0.349144E+00 0.519592E+00 0.129541E+02
 0.349144E+00 0.519594E+00 0.129633E+02
 0.349144E+00 0.519584E+00 0.129507E+02
 0.349138E+00 0.519580E+00 0.129706E+02
 0.349142E+00 0.519580E+00 0.129571E+02
 0.349145E+00 0.519579E+00 0.129711E+02
 0.349142E+00 0.519585E+00 0.129552E+02
 0.349143E+00 0.519580E+00 0.129534E+02
 0.349151E+00 0.519581E+00 0.129712E+02
 0.349130E+00 0.519580E+00 0.129561E+02
 0.349143E+00 0.519580E+00 0.129557E+02
 0.349144E+00 0.519577E+00 0.129574E+02
 0.374929E+00 0.512400E+00 0.183214E+02
 0.349135E+00 0.519571E+00 0.129672E+02
 0.349144E+00 0.519581E+00 0.129547E+02
 0.349144E+00 0.519580E+00 0.129694E+02
 0.349141E+00 0.519589E+00 0.129538E+02
 0.349144E+00 0.519548E+00 0.129489E+02
 0.379172E+00 0.525225E+00 0.150241E+02
 0.349141E+00 0.519581E+00 0.129549E+02
 0.349143E+00 0.519591E+00 0.129533E+02
 0.375298E+00 0.520083E+00 0.162414E+02
 0.349143E+00 0.519580E+00 0.129605E+02
 0.349165E+00 0.519597E+00 0.129488E+02
 0.374143E+00 0.521826E+00 0.149267E+02
 0.349143E+00 0.519580E+00 0.129557E+02
 0.349143E+00 0.519580E+00 0.129613E+02
 0.349144E+00 0.519556E+00 0.129579E+02
 0.349143E+00 0.519580E+00 0.129579E+02
 0.349143E+00 0.519580E+00 0.129581E+02
 0.349143E+00 0.519559E+00 0.129564E+02
 0.349137E+00 0.519564E+00 0.129665E+02
 0.349142E+00 0.519581E+00 0.129524E+02
 0.349141E+00 0.519580E+00 0.129626E+02
 0.349144E+00 0.519567E+00 0.129558E+02
 0.372745E+00 0.520167E+00 0.143914E+02
 0.349143E+00 0.519580E+00 0.129539E+02
 0.349169E+00 0.519596E+00 0.129611E+02
 0.349144E+00 0.519553E+00 0.129612E+02
 0.349143E+00 0.519580E+00 0.129618E+02
 0.374815E+00 0.515135E+00 0.151384E+02
 0.349123E+00 0.519586E+00 0.129692E+02
 0.349143E+00 0.519580E+00 0.129583E+02
 0.349142E+00 0.519580E+00 0.129630E+02
 0.349126E+00 0.519576E+00 0.129604E+02
 0.349143E+00 0.519584E+00 0.129725E+02
 0.349144E+00 0.519569E+00 0.129598E+02
 0.349145E+00 0.519582E+00 0.129483E+02
 0.349143E+00 0.519580E+00 0.129580E+02
 0.349142E+00 0.519581E+00 0.129569E+02
 0.349144E+00 0.519563E+00 0.129552E+02
 0.349149E+00 0.519580E+00 0.129637E+02
 0.349143E+00 0.519581E+00 0.129543E+02
 0.349143E+00 0.519593E+00 0.129672E+02
 0.349143E+00 0.519582E+00 0.129582E+02
 0.349143E+00 0.519580E+00 0.129499E+02
 0.349141E+00 0.519580E+00 0.129577E+02
 0.349134E+00 0.519580E+00 0.129548E+02
 0.349143E+00 0.519585E+00 0.129548E+02
 0.349143E+00 0.519580E+00 0.129538E+02
 0.349180E+00 0.519578E+00 0.129518E+02
 0.349146E+00 0.519578E+00 0.129531E+02
 0.349144E+00 0.519581E+00 0.129544E+02
 0.349143E+00 0.519580E+00 0.129533E+02
 0.349144E+00 0.519581E+00 0.129660E+02
 0.349184E+00 0.519586E+00 0.152565E+02
 0.349130E+00 0.519038E+00 0.165785E+02
 0.349141E+00 0.519580E+00 0.129641E+02
 0.349144E+00 0.519580E+00 0.129686E+02
 0.349238E+00 0.520998E+00 0.163370E+02
 0.349152E+00 0.519580E+00 0.129569E+02
 0.375388E+00 0.515711E+00 0.152291E+02
 0.349143E+00 0.519580E+00 0.129537E+02
 0.349152E+00 0.518857E+00 0.166685E+02
 0.349142E+00 0.519580E+00 0.129567E+02
 0.378970E+00 0.518729E+00 0.177956E+02
 0.349143E+00 0.519584E+00 0.129586E+02
 0.349143E+00 0.519580E+00 0.129517E+02
 0.349144E+00 0.519580E+00 0.129579E+02
 0.349142E+00 0.519588E+00 0.129571E+02
 0.349143E+00 0.519580E+00 0.129680E+02
 0.349143E+00 0.519580E+00 0.129535E+02
 0.349140E+00 0.519580E+00 0.129569E+02
 0.378679E+00 0.519872E+00 0.183207E+02
 0.368792E+00 0.522094E+00 0.177780E+02
 0.349143E+00 0.519580E+00 0.129536E+02
 0.349143E+00 0.519580E+00 0.129535E+02
 0.349133E+00 0.519583E+00 0.129615E+02
 0.349144E+00 0.519579E+00 0.129657E+02
 0.349147E+00 0.519580E+00 0.129482E+02
 0.349142E+00 0.519585E+00 0.129558E+02
 0.373683E+00 0.523304E+00 0.148512E+02
 0.349143E+00 0.519580E+00 0.129518E+02
 0.349161E+00 0.519584E+00 0.129711E+02
 0.349144E+00 0.519577E+00 0.129546E+02
 0.349131E+00 0.519580E+00 0.129660E+02
 0.349144E+00 0.519586E+00 0.129623E+02
 0.349166E+00 0.519585E+00 0.129508E+02
 0.349141E+00 0.519580E+00 0.129533E+02
 0.373398E+00 0.519596E+00 0.141721E+02
 0.349143E+00 0.519577E+00 0.129533E+02
 0.349143E+00 0.519580E+00 0.129584E+02
 0.349144E+00 0.519571E+00 0.129519E+02
 0.349142E+00 0.519578E+00 0.129611E+02
 0.349144E+00 0.519580E+00 0.129512E+02
 0.349144E+00 0.519591E+00 0.129589E+02
 0.349132E+00 0.519580E+00 0.129562E+02
 0.349146E+00 0.519577E+00 0.129493E+02
 0.349143E+00 0.519575E+00 0.129563E+02
 0.374280E+00 0.513033E+00 0.181663E+02
 0.349144E+00 0.519585E+00 0.129562E+02
 0.349143E+00 0.519580E+00 0.129635E+02
 0.349105E+00 0.519578E+00 0.129671E+02
 0.349154E+00 0.519580E+00 0.129639E+02
 0.349144E+00 0.519589E+00 0.129609E+02
 0.349149E+00 0.519580E+00 0.129563E+02
 0.349144E+00 0.519570E+00 0.129719E+02
 0.349136E+00 0.519580E+00 0.129607E+02
 0.349145E+00 0.519573E+00 0.129611E+02
 0.349145E+00 0.519579E+00 0.129529E+02
 0.349228E+00 0.519526E+00 0.152411E+02
 0.349143E+00 0.519580E+00 0.129538E+02
 0.349143E+00 0.519580E+00 0.129596E+02
 0.375309E+00 0.517317E+00 0.149905E+02
 0.349130E+00 0.519555E+00 0.129651E+02
 0.373334E+00 0.521347E+00 0.142428E+02
 0.372548E+00 0.525164E+00 0.143543E+02
 0.349143E+00 0.519580E+00 0.129536E+02
 0.349139E+00 0.519580E+00 0.129539E+02
 0.349151E+00 0.519580E+00 0.129574E+02
 0.349145E+00 0.519566E+00 0.129522E+02
 0.349143E+00 0.519578E+00 0.129710E+02
 0.349143E+00 0.519580E+00 0.129518E+02
 0.349141E+00 0.519587E+00 0.129666E+02
 0.349143E+00 0.519580E+00 0.129535E+02
 0.349148E+00 0.519580E+00 0.129703E+02
 0.349143E+00 0.519587E+00 0.129595E+02
 0.372278E+00 0.522797E+00 0.140231E+02
 0.402326E+00 0.519010E+00 0.180936E+02
 0.349150E+00 0.519580E+00 0.129625E+02
 0.349143E+00 0.519592E+00 0.129687E+02
 0.349125E+00 0.519566E+00 0.129563E+02
 0.349144E+00 0.519590E+00 0.129553E+02
 0.380196E+00 0.520942E+00 0.152161E+02
 0.349143E+00 0.519580E+00 0.129533E+02
 0.374817E+00 0.525213E+00 0.158749E+02
 0.349142E+00 0.519580E+00 0.129694E+02
 0.373671E+00 0.519530E+00 0.143980E+02
 0.349179E+00 0.519602E+00 0.129691E+02
 0.349145E+00 0.519577E+00 0.129552E+02
 0.349132E+00 0.519582E+00 0.129616E+02
 0.349143E+00 0.519579E+00 0.129635E+02
 0.372578E+00 0.524616E+00 0.143046E+02
 0.349144E+00 0.519557E+00 0.129533E+02
 0.373473E+00 0.520887E+00 0.142323E+02
 0.349143E+00 0.519586E+00 0.129517E+02
 0.349143E+00 0.519580E+00 0.129583E+02
 0.349145E+00 0.519581E+00 0.129575E+02
 0.349157E+00 0.519580E+00 0.129525E+02
 0.349150E+00 0.519580E+00 0.129567E+02
 0.349144E+00 0.519554E+00 0.129635E+02
 0.372958E+00 0.521975E+00 0.144015E+02
 0.349144E+00 0.519580E+00 0.129603E+02
 0.349078E+00 0.519781E+00 0.129532E+02
 0.378977E+00 0.517535E+00 0.171361E+02
 0.349143E+00 0.519584E+00 0.129575E+02
 0.349148E+00 0.519581E+00 0.129555E+02
 0.349153E+00 0.519580E+00 0.129687E+02
 0.349143E+00 0.519585E+00 0.129709E+02
 0.349143E+00 0.519580E+00 0.129559E+02
 0.349144E+00 0.519581E+00 0.129546E+02
 0.349144E+00 0.519578E+00 0.129627E+02
 0.349143E+00 0.519580E+00 0.129537E+02
 0.349179E+00 0.519607E+00 0.152511E+02
 0.349145E+00 0.519576E+00 0.129685E+02
 0.349143E+00 0.519580E+00 0.129534E+02
 0.349159E+00 0.519610E+00 0.129529E+02
 0.349143E+00 0.519580E+00 0.129538E+02
 0.372239E+00 0.521714E+00 0.140333E+02
 0.349142E+00 0.519584E+00 0.129627E+02
 0.349143E+00 0.519581E+00 0.129641E+02
 0.349049E+00 0.520441E+00 0.130842E+02
 0.349145E+00 0.519578E+00 0.129545E+02
 0.349142E+00 0.519575E+00 0.129649E+02
 0.349143E+00 0.519580E+00 0.129572E+02
 0.373185E+00 0.521407E+00 0.145680E+02
 0.349143E+00 0.519580E+00 0.129552E+02
 0.349143E+00 0.519580E+00 0.129629E+02
 0.349190E+00 0.519608E+00 0.152562E+02
 0.349151E+00 0.519580E+00 0.129523E+02
 0.349162E+00 0.520214E+00 0.157261E+02
 0.349143E+00 0.519580E+00 0.129536E+02
 0.349141E+00 0.519580E+00 0.129571E+02
 0.349149E+00 0.519580E+00 0.129509E+02
 0.349142E+00 0.519584E+00 0.129654E+02
 0.349141E+00 0.519589E+00 0.129579E+02
 0.349144E+00 0.519567E+00 0.129641E+02
 0.349143E+00 0.519572E+00 0.129536E+02
 0.349143E+00 0.519580E+00 0.129515E+02
 0.349178E+00 0.519582E+00 0.152646E+02
 0.349139E+00 0.519580E+00 0.129524E+02
 0.349143E+00 0.519580E+00 0.129587E+02
 0.349159E+00 0.519593E+00 0.129574E+02
 0.349274E+00 0.520274E+00 0.157713E+02
 0.349144E+00 0.519580E+00 0.129492E+02
 0.349144E+00 0.519591E+00 0.129557E+02
 0.349143E+00 0.519580E+00 0.129554E+02
 0.349140E+00 0.519594E+00 0.129582E+02
 0.349144E+00 0.519594E+00 0.129662E+02
 0.373063E+00 0.519192E+00 0.146582E+02
 0.349148E+00 0.519580E+00 0.129576E+02
 0.349142E+00 0.519580E+00 0.129669E+02
 0.349143E+00 0.519580E+00 0.129556E+02
 0.349142E+00 0.519580E+00 0.129592E+02
 0.349157E+00 0.519591E+00 0.129519E+02
 0.349144E+00 0.519591E+00 0.129684E+02
 0.349140E+00 0.519580E+00 0.129570E+02
 0.349168E+00 0.519580E+00 0.129567E+02
 0.349143E+00 0.519577E+00 0.129568E+02
 0.349143E+00 0.519580E+00 0.129499E+02
 0.349143E+00 0.519580E+00 0.129606E+02
 0.349144E+00 0.519583E+00 0.129521E+02
 0.349143E+00 0.519589E+00 0.129634E+02
 0.349143E+00 0.519580E+00 0.129541E+02
 0.349164E+00 0.519589E+00 0.129583E+02
 0.349153E+00 0.519580E+00 0.129575E+02
 0.349144E+00 0.519583E+00 0.129579E+02
 0.349143E+00 0.519579E+00 0.129694E+02
 0.349144E+00 0.519580E+00 0.129503E+02
 0.349144E+00 0.519580E+00 0.129558E+02
 0.349142E+00 0.519575E+00 0.129557E+02
 0.349143E+00 0.519580E+00 0.129585E+02
 0.349145E+00 0.519580E+00 0.129581E+02
 0.349144E+00 0.519588E+00 0.129574E+02
 0.349143E+00 0.519580E+00 0.129639E+02
 0.349144E+00 0.519529E+00 0.129542E+02
 0.349144E+00 0.519586E+00 0.129569E+02
 0.380487E+00 0.519491E+00 0.150590E+02
 0.375213E+00 0.522950E+00 0.160219E+02
 0.349148E+00 0.519580E+00 0.129493E+02
 0.349143E+00 0.519583E+00 0.129543E+02
 0.349144E+00 0.519582E+00 0.129479E+02
 0.349143E+00 0.519580E+00 0.129540E+02
 0.349143E+00 0.519580E+00 0.129581E+02
 0.349173E+00 0.519592E+00 0.129558E+02
 0.349143E+00 0.519583E+00 0.129596E+02
 0.382957E+00 0.501402E+00 0.153938E+02
 0.349143E+00 0.519580E+00 0.129538E+02
 0.349144E+00 0.519529E+00 0.129513E+02
 0.349148E+00 0.519581E+00 0.129580E+02
 0.349144E+00 0.519582E+00 0.129603E+02
 0.349143E+00 0.519580E+00 0.129531E+02
 0.349151E+00 0.519580E+00 0.129575E+02
 0.349138E+00 0.519582E+00 0.129695E+02
 0.349143E+00 0.519580E+00 0.129535E+02
 0.349142E+00 0.519580E+00 0.129632E+02
 0.349144E+00 0.519623E+00 0.129541E+02
 0.349157E+00 0.519580E+00 0.129688E+02
 0.349143E+00 0.519579E+00 0.129622E+02
 0.349149E+00 0.519582E+00 0.129669E+02
 0.349143E+00 0.519579E+00 0.129559E+02
 0.349138E+00 0.519564E+00 0.129496E+02
 0.349144E+00 0.519537E+00 0.129587E+02
 0.349136E+00 0.519580E+00 0.129672E+02
 0.349145E+00 0.519582E+00 0.129628E+02
 0.349144E+00 0.519582E+00 0.129677E+02
 0.349143E+00 0.519580E+00 0.129576E+02
 0.349109E+00 0.519555E+00 0.129601E+02
 0.349144E+00 0.519561E+00 0.129533E+02
 0.349282E+00 0.519451E+00 0.151325E+02
 0.349143E+00 0.519580E+00 0.129580E+02
 0.349142E+00 0.519580E+00 0.129576E+02
 0.348982E+00 0.520013E+00 0.129983E+02
 0.349143E+00 0.519580E+00 0.129537E+02
 0.349143E+00 0.519558E+00 0.129684E+02
 0.349150E+00 0.519580E+00 0.129646E+02
 0.378740E+00 0.519262E+00 0.179583E+02
 0.349148E+00 0.519582E+00 0.129620E+02
 0.349143E+00 0.519579E+00 0.129492E+02
 0.349143E+00 0.519580E+00 0.129514E+02
 0.349140E+00 0.519580E+00 0.129543E+02
 0.349207E+00 0.519554E+00 0.152978E+02
 0.349124E+00 0.519586E+00 0.129691E+02
 0.349144E+00 0.519577E+00 0.129602E+02
 0.378711E+00 0.519544E+00 0.181792E+02
 0.349142E+00 0.519580E+00 0.129545E+02
 0.349142E+00 0.519583E+00 0.129648E+02
 0.349143E+00 0.519580E+00 0.129583E+02
 0.349143E+00 0.519580E+00 0.129561E+02
 0.349123E+00 0.519613E+00 0.129628E+02
 0.349139E+00 0.519580E+00 0.129545E+02
 0.348987E+00 0.519713E+00 0.129674E+02
 0.349144E+00 0.519583E+00 0.129570E+02
 0.349143E+00 0.519580E+00 0.129535E+02
 0.349142E+00 0.519580E+00 0.129617E+02
 0.349144E+00 0.519543E+00 0.129573E+02
 0.349144E+00 0.519579E+00 0.129509E+02
 0.349143E+00 0.519580E+00 0.129498E+02
 0.349181E+00 0.519576E+00 0.152438E+02
 0.349143E+00 0.519523E+00 0.129575E+02
 0.349144E+00 0.519580E+00 0.129556E+02
 0.349143E+00 0.519580E+00 0.129521E+02
 0.349145E+00 0.519583E+00 0.129536E+02
 0.349143E+00 0.519580E+00 0.129582E+02
 0.349137E+00 0.519580E+00 0.129695E+02
 0.372479E+00 0.523890E+00 0.142115E+02
 0.349143E+00 0.519580E+00 0.129540E+02
 0.349144E+00 0.519580E+00 0.129620E+02
 0.349144E+00 0.519560E+00 0.129666E+02
 0.349144E+00 0.519580E+00 0.129723E+02
 0.349216E+00 0.519634E+00 0.153015E+02
 0.349141E+00 0.519580E+00 0.129699E+02
 0.349153E+00 0.519594E+00 0.129606E+02
 0.349110E+00 0.519735E+00 0.129628E+02
 0.373529E+00 0.521761E+00 0.146356E+02
 0.349144E+00 0.519581E+00 0.129600E+02
 0.349144E+00 0.519579E+00 0.129614E+02
 0.349144E+00 0.519577E+00 0.129523E+02
 0.349143E+00 0.519580E+00 0.129499E+02
 0.377556E+00 0.504471E+00 0.165189E+02
 0.349144E+00 0.519583E+00 0.129586E+02
 0.349146E+00 0.519633E+00 0.129642E+02
 0.373503E+00 0.519821E+00 0.147207E+02
 0.373021E+00 0.520507E+00 0.145360E+02
 0.349002E+00 0.519592E+00 0.129912E+02
 0.349143E+00 0.519580E+00 0.129579E+02
 0.349143E+00 0.519578E+00 0.129555E+02
 0.349150E+00 0.519580E+00 0.129692E+02
 0.349187E+00 0.519721E+00 0.153671E+02
 0.349144E+00 0.519587E+00 0.129508E+02
 0.349144E+00 0.519613E+00 0.129577E+02
 0.349144E+00 0.519583E+00 0.129616E+02
 0.349143E+00 0.519580E+00 0.129583E+02
 0.349142E+00 0.519581E+00 0.129587E+02
 0.349131E+00 0.519557E+00 0.129522E+02
 0.349144E+00 0.519581E+00 0.129656E+02
 0.349140E+00 0.519580E+00 0.129502E+02
 0.349143E+00 0.519575E+00 0.129605E+02
 0.349144E+00 0.519580E+00 0.129638E+02
 0.349112E+00 0.519601E+00 0.129719E+02
 0.378879E+00 0.515615E+00 0.161765E+02
 0.349145E+00 0.519579E+00 0.129498E+02
 0.349144E+00 0.519580E+00 0.129517E+02
 0.349143E+00 0.519580E+00 0.129535E+02
 0.349142E+00 0.519580E+00 0.129637E+02
 0.349112E+00 0.519632E+00 0.129595E+02
 0.373012E+00 0.522303E+00 0.143626E+02
 0.349149E+00 0.519580E+00 0.129596E+02
 0.349287E+00 0.520277E+00 0.156899E+02
 0.348945E+00 0.519603E+00 0.129699E+02
 0.349143E+00 0.519587E+00 0.129539E+02
 0.349144E+00 0.519578E+00 0.129899E+02
 0.349143E+00 0.519594E+00 0.129659E+02
 0.349146E+00 0.519580E+00 0.129621E+02
 0.349144E+00 0.519576E+00 0.129691E+02
 0.349143E+00 0.519580E+00 0.129581E+02
 0.349144E+00 0.519580E+00 0.129573E+02
 0.373940E+00 0.520025E+00 0.145831E+02
 0.349143E+00 0.519594E+00 0.129595E+02
 0.373070E+00 0.525773E+00 0.150390E+02
 0.372915E+00 0.522074E+00 0.143755E+02
 0.349141E+00 0.519575E+00 0.129561E+02
 0.349166E+00 0.519586E+00 0.129647E+02
 0.349143E+00 0.519577E+00 0.129523E+02
 0.349143E+00 0.519578E+00 0.129591E+02
 0.349143E+00 0.519580E+00 0.129499E+02
 0.349143E+00 0.519600E+00 0.129565E+02
 0.373805E+00 0.523442E+00 0.148826E+02
 0.349147E+00 0.519587E+00 0.129627E+02
 0.349291E+00 0.519581E+00 0.151660E+02
 0.349143E+00 0.519580E+00 0.129622E+02
 0.349182E+00 0.519616E+00 0.152019E+02
 0.349140E+00 0.519580E+00 0.129684E+02
 0.349047E+00 0.519348E+00 0.129652E+02
 0.349143E+00 0.519580E+00 0.129540E+02
 0.371781E+00 0.490217E+00 0.174218E+02
 0.349138E+00 0.519580E+00 0.129679E+02
 0.348965E+00 0.519586E+00 0.129722E+02
 0.349161E+00 0.519561E+00 0.129608E+02
 0.349152E+00 0.519580E+00 0.129615E+02
 0.349247E+00 0.519759E+00 0.153046E+02
 0.349143E+00 0.519580E+00 0.129578E+02
 0.401021E+00 0.519589E+00 0.176233E+02
 0.349146E+00 0.519580E+00 0.129517E+02
 0.349221E+00 0.519573E+00 0.152950E+02
 0.349143E+00 0.519580E+00 0.129518E+02
 0.349141E+00 0.519580E+00 0.129604E+02
 0.373266E+00 0.519434E+00 0.147764E+02
 0.349145E+00 0.519580E+00 0.129607E+02
 0.349142E+00 0.519585E+00 0.129615E+02
 0.349143E+00 0.519553E+00 0.129535E+02
 0.373242E+00 0.519572E+00 0.147409E+02
 0.349103E+00 0.519296E+00 0.129693E+02
 0.349143E+00 0.519580E+00 0.129536E+02
 0.349145E+00 0.519580E+00 0.129654E+02
 0.349152E+00 0.519580E+00 0.129605E+02
 0.349146E+00 0.519580E+00 0.129547E+02
 0.349183E+00 0.519589E+00 0.152714E+02
 0.349216E+00 0.519575E+00 0.152728E+02
 0.349143E+00 0.519580E+00 0.129516E+02
 0.349141E+00 0.519580E+00 0.129605E+02
 0.349171E+00 0.519569E+00 0.129501E+02
 0.349135E+00 0.519580E+00 0.129573E+02
 0.349128E+00 0.519788E+00 0.129555E+02
 0.373718E+00 0.521076E+00 0.145799E+02
 0.349143E+00 0.519580E+00 0.129561E+02
 0.349144E+00 0.519580E+00 0.129586E+02
 0.349166E+00 0.519564E+00 0.129563E+02
 0.349143E+00 0.519588E+00 0.129621E+02
 0.349144E+00 0.519580E+00 0.129591E+02
 0.400598E+00 0.517436E+00 0.177805E+02
 0.349096E+00 0.519625E+00 0.129598E+02
 0.349143E+00 0.519580E+00 0.129517E+02
 0.349144E+00 0.519576E+00 0.129598E+02
 0.349157E+00 0.519580E+00 0.129539E+02
 0.348989E+00 0.519670E+00 0.129667E+02
 0.349138E+00 0.519580E+00 0.129634E+02
 0.349143E+00 0.519685E+00 0.129575E+02
 0.349144E+00 0.519580E+00 0.129589E+02
 0.349125E+00 0.519597E+00 0.129672E+02
 0.349142E+00 0.519565E+00 0.129572E+02
 0.349137E+00 0.519580E+00 0.129631E+02
 0.349123E+00 0.519781E+00 0.129692E+02
 0.349144E+00 0.519586E+00 0.129611E+02
 0.349143E+00 0.519583E+00 0.129516E+02
 0.349143E+00 0.519580E+00 0.129539E+02
 0.349146E+00 0.519580E+00 0.129588E+02
 0.349144E+00 0.519381E+00 0.129621E+02
 0.374941E+00 0.519594E+00 0.150023E+02
 0.349147E+00 0.519580E+00 0.129526E+02
 0.349144E+00 0.519580E+00 0.129599E+02
 0.349143E+00 0.519580E+00 0.129541E+02
 0.349149E+00 0.519580E+00 0.129611E+02
 0.349188E+00 0.519572E+00 0.129718E+02
 0.349153E+00 0.519580E+00 0.129684E+02
 0.349113E+00 0.519650E+00 0.129689E+02
 0.349143E+00 0.519580E+00 0.129557E+02
 0.374288E+00 0.520225E+00 0.148882E+02
 0.349152E+00 0.519580E+00 0.129674E+02
 0.349144E+00 0.519581E+00 0.129512E+02
 0.349147E+00 0.519618E+00 0.129675E+02
 0.349123E+00 0.519619E+00 0.129530E+02
 0.349144E+00 0.519762E+00 0.129926E+02
 0.349087E+00 0.519861E+00 0.129989E+02
 0.349143E+00 0.519581E+00 0.129624E+02
 0.349144E+00 0.519579E+00 0.129568E+02
 0.349143E+00 0.519580E+00 0.129557E+02
 0.375889E+00 0.521263E+00 0.159089E+02
 0.349149E+00 0.519580E+00 0.129521E+02
 0.376220E+00 0.515939E+00 0.152966E+02
 0.349144E+00 0.519581E+00 0.129616E+02
 0.349143E+00 0.519580E+00 0.129541E+02
 0.349155E+00 0.519602E+00 0.129707E+02
 0.349144E+00 0.519580E+00 0.129527E+02
 0.349144E+00 0.519583E+00 0.129631E+02
 0.349140E+00 0.519581E+00 0.129689E+02
 0.349205E+00 0.519530E+00 0.152394E+02
 0.349145E+00 0.519584E+00 0.129662E+02
 0.349169E+00 0.519603E+00 0.129569E+02
 0.349143E+00 0.519580E+00 0.129498E+02
 0.349144E+00 0.519687E+00 0.129504E+02
 0.349145E+00 0.519580E+00 0.129572E+02
 0.349143E+00 0.519583E+00 0.129525E+02
 0.349191E+00 0.519627E+00 0.152295E+02
 0.349147E+00 0.519580E+00 0.129607E+02
 0.349144E+00 0.519603E+00 0.129616E+02
 0.349148E+00 0.519580E+00 0.129643E+02
 0.349144E+00 0.519578E+00 0.129637E+02
 0.349170E+00 0.519591E+00 0.129532E+02
 0.349145E+00 0.519580E+00 0.129484E+02
 0.349097E+00 0.521558E+00 0.169872E+02
 0.349146E+00 0.519580E+00 0.129505E+02
 0.349143E+00 0.519580E+00 0.129540E+02
 0.349138E+00 0.519580E+00 0.129589E+02
 0.349141E+00 0.519598E+00 0.129632E+02
 0.349144E+00 0.519581E+00 0.129690E+02
 0.349143E+00 0.519584E+00 0.129661E+02
 0.349143E+00 0.519580E+00 0.129536E+02
 0.349141E+00 0.519585E+00 0.129620E+02
 0.375132E+00 0.523795E+00 0.156816E+02
 0.349145E+00 0.519580E+00 0.129505E+02
 0.349231E+00 0.519684E+00 0.153481E+02
 0.374182E+00 0.517704E+00 0.147835E+02
 0.349143E+00 0.519582E+00 0.129547E+02
 0.349204E+00 0.519590E+00 0.153461E+02
 0.349146E+00 0.519577E+00 0.129529E+02
 0.349144E+00 0.519580E+00 0.129537E+02
 0.348965E+00 0.519705E+00 0.129714E+02
 0.349143E+00 0.519580E+00 0.129516E+02
 0.349144E+00 0.519571E+00 0.129520E+02
 0.349194E+00 0.519587E+00 0.151835E+02
 0.349043E+00 0.519606E+00 0.129640E+02
 0.349143E+00 0.519580E+00 0.129537E+02
 0.349144E+00 0.519604E+00 0.129548E+02
 0.349141E+00 0.519580E+00 0.129559E+02
 0.349277E+00 0.519545E+00 0.152664E+02
 0.349144E+00 0.519523E+00 0.129674E+02
 0.349147E+00 0.519580E+00 0.129504E+02
 0.349144E+00 0.519579E+00 0.129567E+02
 0.349143E+00 0.519580E+00 0.129532E+02
 0.349144E+00 0.519580E+00 0.129506E+02
 0.373237E+00 0.520056E+00 0.146817E+02
 0.349143E+00 0.519503E+00 0.129559E+02
 0.349147E+00 0.519581E+00 0.129578E+02
 0.348993E+00 0.519826E+00 0.129914E+02
 0.349143E+00 0.519578E+00 0.129624E+02
 0.349144E+00 0.519584E+00 0.129541E+02
 0.349143E+00 0.519580E+00 0.129584E+02
 0.349144E+00 0.519581E+00 0.129609E+02
 0.349172E+00 0.519587E+00 0.129565E+02
 0.349143E+00 0.519598E+00 0.129589E+02
 0.349144E+00 0.519580E+00 0.129634E+02
 0.349145E+00 0.519579E+00 0.129565E+02
 0.349089E+00 0.519567E+00 0.129686E+02
 0.349143E+00 0.519580E+00 0.129562E+02
 0.349143E+00 0.519582E+00 0.129636E+02
 0.349145E+00 0.519580E+00 0.129612E+02
 0.349206E+00 0.519608E+00 0.153028E+02
 0.373855E+00 0.519540E+00 0.144895E+02
 0.349145E+00 0.519581E+00 0.129566E+02
 0.349082E+00 0.519639E+00 0.129711E+02
 0.349143E+00 0.519580E+00 0.129536E+02
 0.349129E+00 0.519598E+00 0.129603E+02
 0.373282E+00 0.519941E+00 0.147368E+02
 0.349062E+00 0.519784E+00 0.129578E+02
 0.349144E+00 0.519584E+00 0.129605E+02
 0.349144E+00 0.519578E+00 0.129643E+02
 0.401148E+00 0.517558E+00 0.179988E+02
 0.349240E+00 0.519646E+00 0.153321E+02
 0.349139E+00 0.519594E+00 0.129550E+02
 0.349144E+00 0.519580E+00 0.129519E+02
 0.349143E+00 0.519587E+00 0.129621E+02
 0.349079E+00 0.519527E+00 0.129555E+02
 0.349143E+00 0.519580E+00 0.129554E+02
 0.349142E+00 0.519581E+00 0.129639E+02
 0.349168E+00 0.519571E+00 0.129559E+02
 0.349144E+00 0.519589E+00 0.129595E+02
 0.349016E+00 0.519575E+00 0.129562E+02
 0.349143E+00 0.519580E+00 0.129537E+02
 0.349143E+00 0.519580E+00 0.129882E+02
 0.359082E+00 0.512114E+00 0.178206E+02
 0.372553E+00 0.521323E+00 0.141723E+02
 0.349168E+00 0.519600E+00 0.129545E+02
 0.349142E+00 0.519580E+00 0.129665E+02
 0.349135E+00 0.519596E+00 0.129632E+02
 0.349030E+00 0.520053E+00 0.129764E+02
 0.349143E+00 0.519580E+00 0.129582E+02
 0.349004E+00 0.519348E+00 0.129695E+02
 0.349143E+00 0.519580E+00 0.129584E+02
 0.349143E+00 0.519580E+00 0.129537E+02
 0.349143E+00 0.519580E+00 0.129704E+02
 0.349159E+00 0.519594E+00 0.129595E+02
 0.349145E+00 0.519580E+00 0.129654E+02
 0.349142E+00 0.519577E+00 0.129511E+02
 0.349143E+00 0.519585E+00 0.129587E+02
 0.372823E+00 0.521458E+00 0.143376E+02
 0.373042E+00 0.520213E+00 0.140504E+02
 0.349149E+00 0.519585E+00 0.129621E+02
 0.349144E+00 0.519581E+00 0.129645E+02
 0.349143E+00 0.519580E+00 0.129514E+02
 0.349144E+00 0.519554E+00 0.129639E+02
 0.349045E+00 0.519804E+00 0.129707E+02
 0.349143E+00 0.519577E+00 0.129513E+02
 0.349143E+00 0.519580E+00 0.129542E+02
 0.349186E+00 0.519585E+00 0.152584E+02
 0.349142E+00 0.519580E+00 0.129644E+02
 0.349143E+00 0.519560E+00 0.129603E+02
 0.349145E+00 0.519580E+00 0.129553E+02
 0.349143E+00 0.519586E+00 0.129536E+02
 0.349041E+00 0.519557E+00 0.129574E+02
 0.349116E+00 0.519594E+00 0.129652E+02
 0.349144E+00 0.519580E+00 0.129533E+02
 0.349177E+00 0.519585E+00 0.129598E+02
 0.349143E+00 0.519580E+00 0.129537E+02
 0.349144E+00 0.519580E+00 0.129662E+02
 0.373587E+00 0.523950E+00 0.148384E+02
 0.349142E+00 0.519580E+00 0.129633E+02
 0.349144E+00 0.519578E+00 0.129590E+02
 0.349143E+00 0.519580E+00 0.129581E+02
 0.349148E+00 0.519580E+00 0.129582E+02
 0.373254E+00 0.521740E+00 0.145765E+02
 0.349143E+00 0.519580E+00 0.129518E+02
 0.349141E+00 0.519580E+00 0.129597E+02
 0.349144E+00 0.519576E+00 0.129558E+02
 0.349151E+00 0.519580E+00 0.129612E+02
 0.348977E+00 0.519642E+00 0.129656E+02
 0.349143E+00 0.519580E+00 0.129514E+02
 0.376008E+00 0.517715E+00 0.152088E+02
 0.349143E+00 0.519582E+00 0.129714E+02
 0.349173E+00 0.519597E+00 0.129893E+02
 0.372373E+00 0.521194E+00 0.141419E+02
 0.349144E+00 0.519579E+00 0.129633E+02
 0.373117E+00 0.521057E+00 0.145517E+02
 0.349171E+00 0.519605E+00 0.129691E+02
 0.349147E+00 0.519580E+00 0.129573E+02
 0.349111E+00 0.519621E+00 0.129537E+02
 0.349142E+00 0.519576E+00 0.129578E+02
 0.349230E+00 0.519634E+00 0.152511E+02
 0.349144E+00 0.519622E+00 0.129754E+02
 0.349105E+00 0.519830E+00 0.129925E+02
 0.349144E+00 0.519585E+00 0.129518E+02
 0.349143E+00 0.519580E+00 0.129535E+02
 0.349101E+00 0.519601E+00 0.129702E+02
 0.373802E+00 0.523539E+00 0.149020E+02
 0.349198E+00 0.519937E+00 0.155300E+02
 0.349146E+00 0.519574E+00 0.129652E+02
 0.349143E+00 0.519580E+00 0.129580E+02
 0.349147E+00 0.519580E+00 0.129536E+02
 0.349143E+00 0.519580E+00 0.129538E+02
 0.349141E+00 0.519580E+00 0.129586E+02
 0.349030E+00 0.519442E+00 0.129586E+02
 0.349143E+00 0.519584E+00 0.129647E+02
 0.349143E+00 0.519580E+00 0.129537E+02
 0.349184E+00 0.519613E+00 0.152203E+02
 0.349144E+00 0.519501E+00 0.129524E+02
 0.399488E+00 0.518955E+00 0.173642E+02
 0.349147E+00 0.519580E+00 0.129616E+02
 0.349084E+00 0.519474E+00 0.129610E+02
 0.349147E+00 0.519594E+00 0.129592E+02
 0.349143E+00 0.519580E+00 0.129516E+02
 0.349144E+00 0.519658E+00 0.129521E+02
 0.349204E+00 0.520075E+00 0.156248E+02
 0.349147E+00 0.519578E+00 0.129494E+02
 0.349207E+00 0.519541E+00 0.152015E+02
 0.349142E+00 0.519581E+00 0.129546E+02
 0.349188E+00 0.519962E+00 0.155382E+02
 0.349144E+00 0.519574E+00 0.129663E+02
 0.349143E+00 0.519580E+00 0.129542E+02
 0.349141E+00 0.519581E+00 0.129544E+02
 0.349143E+00 0.519698E+00 0.129468E+02
 0.349144E+00 0.519580E+00 0.129559E+02
 0.349140E+00 0.519572E+00 0.129602E+02
 0.349143E+00 0.519580E+00 0.129498E+02
 0.373350E+00 0.524884E+00 0.150937E+02
 0.349143E+00 0.519590E+00 0.129572E+02
 0.349143E+00 0.519580E+00 0.129541E+02
 0.349145E+00 0.519580E+00 0.129681E+02
 0.349144E+00 0.519616E+00 0.129583E+02
 0.349147E+00 0.519580E+00 0.129528E+02
 0.349258E+00 0.520048E+00 0.155498E+02
 0.349187E+00 0.519568E+00 0.152862E+02
 0.349091E+00 0.520053E+00 0.130158E+02
 0.349149E+00 0.519586E+00 0.129658E+02
 0.349144E+00 0.519578E+00 0.129548E+02
 0.349141E+00 0.519580E+00 0.129625E+02
 0.349146E+00 0.519605E+00 0.129580E+02
 0.349144E+00 0.519570E+00 0.129550E+02
 0.349163E+00 0.519595E+00 0.129673E+02
 0.349028E+00 0.519228E+00 0.129731E+02
 0.349143E+00 0.519571E+00 0.129511E+02
 0.349143E+00 0.519580E+00 0.129498E+02
 0.349141E+00 0.519580E+00 0.129586E+02
 0.349142E+00 0.519585E+00 0.129648E+02
 0.349144E+00 0.519596E+00 0.129606E+02
 0.349151E+00 0.519610E+00 0.129598E+02
 0.349144E+00 0.519595E+00 0.129635E+02
 0.402577E+00 0.519937E+00 0.180132E+02
 0.349114E+00 0.519823E+00 0.129643E+02
 0.349143E+00 0.519580E+00 0.129536E+02
 0.349141E+00 0.519579E+00 0.129571E+02
 0.349143E+00 0.519580E+00 0.129534E+02
 0.349142E+00 0.519581E+00 0.129639E+02
 0.349137E+00 0.519581E+00 0.129608E+02
 0.349143E+00 0.519563E+00 0.129584E+02
 0.349143E+00 0.519581E+00 0.129590E+02
 0.349150E+00 0.519577E+00 0.129663E+02
 0.349144E+00 0.519698E+00 0.129730E+02
 0.378877E+00 0.519473E+00 0.182563E+02
 0.349143E+00 0.519580E+00 0.129537E+02
 0.349150E+00 0.519573E+00 0.129548E+02
 0.349147E+00 0.519586E+00 0.129654E+02
 0.349122E+00 0.519625E+00 0.129575E+02
 0.349141E+00 0.519580E+00 0.129644E+02
 0.349018E+00 0.519428E+00 0.129601E+02
 0.349161E+00 0.519594E+00 0.129722E+02
 0.349118E+00 0.519454E+00 0.129607E+02
 0.349144E+00 0.519578E+00 0.129561E+02
 0.349209E+00 0.519556E+00 0.152079E+02
 0.349144E+00 0.519581E+00 0.129631E+02
 0.349137E+00 0.519581E+00 0.129508E+02
 0.372937E+00 0.520133E+00 0.144797E+02
 0.349143E+00 0.519580E+00 0.129578E+02
 0.349142E+00 0.519581E+00 0.129582E+02
 0.349170E+00 0.519693E+00 0.152641E+02
 0.376142E+00 0.514358E+00 0.155379E+02
 0.400484E+00 0.519521E+00 0.174981E+02
 0.349140E+00 0.519584E+00 0.129541E+02
 0.349143E+00 0.519580E+00 0.129579E+02
 0.349142E+00 0.519580E+00 0.129550E+02
 0.349144E+00 0.519600E+00 0.129498E+02
 0.360812E+00 0.503948E+00 0.150585E+02
 0.348862E+00 0.519568E+00 0.180777E+02
 0.349144E+00 0.519589E+00 0.129575E+02
 0.349148E+00 0.519610E+00 0.129649E+02
 0.349143E+00 0.519579E+00 0.129659E+02
 0.375041E+00 0.520686E+00 0.154254E+02
 0.349159E+00 0.519617E+00 0.129512E+02
 0.349136E+00 0.519581E+00 0.129591E+02
 0.349044E+00 0.519506E+00 0.129563E+02
 0.349149E+00 0.519521E+00 0.129631E+02
 0.349091E+00 0.519669E+00 0.129654E+02
 0.349142E+00 0.519580E+00 0.129640E+02
 0.349143E+00 0.519724E+00 0.129548E+02
 0.349135E+00 0.519600E+00 0.129545E+02
 0.349143E+00 0.519580E+00 0.129555E+02
 0.349142E+00 0.519581E+00 0.129640E+02
 0.349149E+00 0.519580E+00 0.129674E+02
 0.349200E+00 0.519514E+00 0.151876E+02
 0.349155E+00 0.519598E+00 0.129749E+02
 0.349143E+00 0.519474E+00 0.129605E+02
 0.349144E+00 0.519577E+00 0.129629E+02
 0.349198E+00 0.519339E+00 0.129626E+02
 0.349146E+00 0.519582E+00 0.129512E+02
 0.349143E+00 0.519573E+00 0.129611E+02
 0.349144E+00 0.519583E+00 0.129625E+02
 0.349143E+00 0.519691E+00 0.129533E+02
 0.349143E+00 0.519580E+00 0.129666E+02
 0.349147E+00 0.519581E+00 0.129631E+02
 0.349143E+00 0.519580E+00 0.129536E+02
 0.349113E+00 0.519597E+00 0.129611E+02
 0.349146E+00 0.519580E+00 0.129576E+02
 0.349196E+00 0.519705E+00 0.153453E+02
 0.374347E+00 0.522171E+00 0.150702E+02
 0.349143E+00 0.519580E+00 0.129538E+02
 0.349139E+00 0.519598E+00 0.129574E+02
 0.349143E+00 0.519500E+00 0.129624E+02
 0.349148E+00 0.519580E+00 0.129551E+02
 0.349143E+00 0.519580E+00 0.129580E+02
 0.349144E+00 0.519580E+00 0.129511E+02
 0.349145E+00 0.519580E+00 0.129680E+02
 0.349143E+00 0.519575E+00 0.129627E+02
 0.349169E+00 0.519552E+00 0.129534E+02
 0.349143E+00 0.519580E+00 0.129583E+02
 0.349146E+00 0.519768E+00 0.129784E+02
 0.349143E+00 0.519580E+00 0.129541E+02
 0.349140E+00 0.519597E+00 0.129609E+02
 0.349145E+00 0.519581E+00 0.129600E+02
 0.349143E+00 0.519586E+00 0.129581E+02
 0.349153E+00 0.519374E+00 0.129630E+02
 0.349143E+00 0.519580E+00 0.129603E+02
 0.349143E+00 0.519580E+00 0.129674E+02
 0.349143E+00 0.519712E+00 0.129602E+02
 0.349147E+00 0.519580E+00 0.129577E+02
 0.373963E+00 0.522538E+00 0.149583E+02
 0.349143E+00 0.519581E+00 0.129704E+02
 0.349168E+00 0.519170E+00 0.129719E+02
 0.349143E+00 0.519580E+00 0.129498E+02
 0.349144E+00 0.519582E+00 0.129545E+02
 0.349143E+00 0.519580E+00 0.129637E+02
 0.374754E+00 0.519611E+00 0.150203E+02
 0.349000E+00 0.519676E+00 0.129592E+02
 0.349142E+00 0.519580E+00 0.129576E+02
 0.349140E+00 0.519580E+00 0.129606E+02
 0.349143E+00 0.519580E+00 0.129607E+02
 0.349153E+00 0.519430E+00 0.129583E+02
 0.349143E+00 0.519580E+00 0.129539E+02
 0.349140E+00 0.519580E+00 0.129565E+02
 0.349119E+00 0.519583E+00 0.129585E+02
 0.349143E+00 0.519580E+00 0.129499E+02
 0.349144E+00 0.519580E+00 0.129745E+02
 0.349146E+00 0.519581E+00 0.129572E+02
 0.349166E+00 0.519792E+00 0.129958E+02
 0.349143E+00 0.519580E+00 0.129515E+02
 0.349179E+00 0.519584E+00 0.152754E+02
 0.349163E+00 0.519943E+00 0.155494E+02
 0.349143E+00 0.519567E+00 0.129628E+02
 0.349143E+00 0.519582E+00 0.129558E+02
 0.349144E+00 0.519582E+00 0.129637E+02
 0.349143E+00 0.519580E+00 0.129559E+02
 0.349132E+00 0.519602E+00 0.129550E+02
 0.349157E+00 0.519603E+00 0.129676E+02
 0.349143E+00 0.519583E+00 0.129666E+02
 0.349165E+00 0.519596E+00 0.129591E+02
 0.349143E+00 0.519673E+00 0.129575E+02
 0.363165E+00 0.482770E+00 0.170552E+02
 0.349143E+00 0.519580E+00 0.129581E+02
 0.349141E+00 0.519580E+00 0.129623E+02
 0.349147E+00 0.519580E+00 0.129673E+02
 0.349006E+00 0.519642E+00 0.129567E+02
 0.349144E+00 0.519584E+00 0.129692E+02
 0.349143E+00 0.519580E+00 0.129498E+02
 0.349143E+00 0.519687E+00 0.129645E+02
 0.349144E+00 0.519584E+00 0.129659E+02
 0.349143E+00 0.519580E+00 0.129539E+02
 0.349144E+00 0.519659E+00 0.129698E+02
 0.349144E+00 0.519582E+00 0.129537E+02
 0.349147E+00 0.519580E+00 0.129554E+02
 0.374174E+00 0.486035E+00 0.171778E+02
 0.349143E+00 0.519580E+00 0.129515E+02
 0.349144E+00 0.519580E+00 0.129615E+02
 0.365832E+00 0.524506E+00 0.181928E+02
 0.349145E+00 0.519583E+00 0.129540E+02
 0.349143E+00 0.519580E+00 0.129516E+02
 0.349144E+00 0.519580E+00 0.129613E+02
 0.349013E+00 0.519630E+00 0.129881E+02
 0.349144E+00 0.519583E+00 0.129563E+02
 0.349144E+00 0.519583E+00 0.129610E+02
 0.349143E+00 0.519580E+00 0.129515E+02
 0.349147E+00 0.519580E+00 0.129528E+02
 0.349144E+00 0.519582E+00 0.129649E+02
 0.349141E+00 0.519580E+00 0.129635E+02
 0.349143E+00 0.519651E+00 0.129500E+02
 0.349146E+00 0.519580E+00 0.129613E+02
 0.349217E+00 0.519873E+00 0.154812E+02
 0.349144E+00 0.519580E+00 0.129539E+02
 0.349143E+00 0.519580E+00 0.129539E+02
 0.349144E+00 0.519580E+00 0.129615E+02
 0.349134E+00 0.519618E+00 0.129587E+02
 0.349143E+00 0.519580E+00 0.129497E+02
 0.349142E+00 0.519580E+00 0.129622E+02
 0.349144E+00 0.519581E+00 0.129602E+02
 0.349154E+00 0.519571E+00 0.129531E+02
 0.349146E+00 0.519580E+00 0.129557E+02
 0.348972E+00 0.519735E+00 0.129699E+02
 0.349144E+00 0.519582E+00 0.129605E+02
 0.349182E+00 0.519261E+00 0.129654E+02
 0.349146E+00 0.519580E+00 0.129697E+02
 0.349145E+00 0.519581E+00 0.129692E+02
 0.349143E+00 0.519580E+00 0.129697E+02
 0.349143E+00 0.519580E+00 0.129519E+02
 0.349143E+00 0.519583E+00 0.129547E+02
 0.349143E+00 0.519580E+00 0.129538E+02
 0.349144E+00 0.519659E+00 0.129585E+02
 0.349268E+00 0.519412E+00 0.151219E+02
 0.348983E+00 0.520418E+00 0.130712E+02
 0.349242E+00 0.519570E+00 0.151618E+02
 0.349143E+00 0.519580E+00 0.129587E+02
 0.349140E+00 0.519580E+00 0.129643E+02
 0.349147E+00 0.519591E+00 0.129579E+02
 0.349144E+00 0.519580E+00 0.129627E+02
 0.349144E+00 0.519583E+00 0.129520E+02
 0.349159E+00 0.519521E+00 0.129573E+02
 0.349143E+00 0.519580E+00 0.129538E+02
 0.349141E+00 0.519580E+00 0.129691E+02
 0.349144E+00 0.519580E+00 0.129564E+02
 0.349232E+00 0.519734E+00 0.153477E+02
 0.349144E+00 0.519578E+00 0.129584E+02
 0.349143E+00 0.519581E+00 0.129656E+02
 0.349143E+00 0.519580E+00 0.129538E+02
 0.349144E+00 0.519580E+00 0.129544E+02
 0.349172E+00 0.519604E+00 0.129629E+02
 0.349143E+00 0.519673E+00 0.129651E+02
 0.349144E+00 0.519580E+00 0.129629E+02
 0.348957E+00 0.519662E+00 0.129761E+02
 0.349137E+00 0.519547E+00 0.129553E+02
 0.349143E+00 0.519580E+00 0.129536E+02
 0.349144E+00 0.519580E+00 0.129526E+02
 0.349087E+00 0.519579E+00 0.129601E+02
 0.349144E+00 0.519581E+00 0.129604E+02
 0.349158E+00 0.519631E+00 0.129599E+02
 0.349143E+00 0.519602E+00 0.129658E+02
 0.373372E+00 0.518901E+00 0.141617E+02
 0.349243E+00 0.519528E+00 0.151768E+02
 0.349144E+00 0.519582E+00 0.129715E+02
 0.349181E+00 0.519611E+00 0.153006E+02
 0.349143E+00 0.519580E+00 0.129518E+02
 0.401820E+00 0.519645E+00 0.178229E+02
 0.349143E+00 0.519582E+00 0.129538E+02
 0.349143E+00 0.519580E+00 0.129537E+02
 0.349144E+00 0.519580E+00 0.129536E+02
 0.349143E+00 0.519579E+00 0.129563E+02
 0.349144E+00 0.519581E+00 0.129604E+02
 0.349150E+00 0.519496E+00 0.129578E+02
 0.373109E+00 0.521961E+00 0.144827E+02
 0.349135E+00 0.519578E+00 0.129642E+02
 0.349143E+00 0.519784E+00 0.129519E+02
 0.375250E+00 0.512879E+00 0.182054E+02
 0.349144E+00 0.519587E+00 0.129517E+02
 0.349226E+00 0.519684E+00 0.153515E+02
 0.349152E+00 0.519601E+00 0.129600E+02
 0.349143E+00 0.519580E+00 0.129633E+02
 0.349143E+00 0.519414E+00 0.129582E+02
 0.373685E+00 0.520142E+00 0.143463E+02
 0.349145E+00 0.519582E+00 0.129593E+02
 0.349168E+00 0.519527E+00 0.129616E+02
 0.374465E+00 0.518549E+00 0.149396E+02
 0.349117E+00 0.519511E+00 0.129614E+02
 0.349143E+00 0.519572E+00 0.129622E+02
 0.349144E+00 0.519582E+00 0.129655E+02
 0.349144E+00 0.519813E+00 0.129714E+02
 0.349141E+00 0.519587E+00 0.129507E+02
 0.349128E+00 0.519570E+00 0.129604E+02
 0.349143E+00 0.519580E+00 0.129584E+02
 0.349143E+00 0.519580E+00 0.129537E+02
 0.349144E+00 0.519580E+00 0.129650E+02
 0.349170E+00 0.519606E+00 0.129573E+02
 0.349103E+00 0.519540E+00 0.129592E+02
 0.349145E+00 0.519548E+00 0.129593E+02
 0.349156E+00 0.519585E+00 0.129563E+02
 0.349143E+00 0.519758E+00 0.129703E+02
 0.374747E+00 0.519174E+00 0.148222E+02
 0.373553E+00 0.519404E+00 0.147489E+02
 0.349147E+00 0.519578E+00 0.129596E+02
 0.349143E+00 0.519580E+00 0.129516E+02
 0.349139E+00 0.519580E+00 0.129623E+02
 0.349143E+00 0.519711E+00 0.129609E+02
 0.349144E+00 0.519595E+00 0.129602E+02
 0.349144E+00 0.519582E+00 0.129620E+02
 0.349143E+00 0.519580E+00 0.129516E+02
 0.349147E+00 0.519580E+00 0.129536E+02
 0.349146E+00 0.519580E+00 0.129603E+02
 0.349107E+00 0.519938E+00 0.130185E+02
 0.373975E+00 0.519614E+00 0.145023E+02
 0.349144E+00 0.519598E+00 0.129643E+02
 0.349144E+00 0.519581E+00 0.129558E+02
 0.349143E+00 0.519580E+00 0.129584E+02
 0.349145E+00 0.519611E+00 0.129691E+02
 0.349163E+00 0.519602E+00 0.129650E+02
 0.372741E+00 0.520804E+00 0.143186E+02
 0.349134E+00 0.519581E+00 0.129635E+02
 0.349143E+00 0.519623E+00 0.129555E+02
 0.349146E+00 0.519580E+00 0.129679E+02
 0.349132E+00 0.519580E+00 0.129580E+02
 0.349059E+00 0.519698E+00 0.129539E+02
 0.349144E+00 0.519582E+00 0.129608E+02
 0.377494E+00 0.508545E+00 0.167671E+02
 0.349143E+00 0.519580E+00 0.129579E+02
 0.349147E+00 0.519580E+00 0.129564E+02
 0.349175E+00 0.519564E+00 0.129526E+02
 0.367894E+00 0.522383E+00 0.172673E+02
 0.349144E+00 0.519580E+00 0.129867E+02
 0.349008E+00 0.519809E+00 0.129712E+02
 0.349126E+00 0.519612E+00 0.129514E+02
 0.349143E+00 0.519610E+00 0.129543E+02
 0.349140E+00 0.519580E+00 0.129624E+02
 0.349212E+00 0.519628E+00 0.152188E+02
 0.375837E+00 0.519615E+00 0.161967E+02
 0.349120E+00 0.519633E+00 0.129509E+02
 0.349144E+00 0.519629E+00 0.129620E+02
 0.349203E+00 0.519572E+00 0.151353E+02
 0.349149E+00 0.519580E+00 0.129635E+02
 0.349144E+00 0.519591E+00 0.129506E+02
 0.379489E+00 0.511511E+00 0.153100E+02
 0.349144E+00 0.519526E+00 0.129599E+02
 0.349143E+00 0.519580E+00 0.129538E+02
 0.349191E+00 0.519540E+00 0.151547E+02
 0.349169E+00 0.519335E+00 0.129657E+02
 0.349143E+00 0.519580E+00 0.129538E+02
 0.349155E+00 0.519580E+00 0.129689E+02
 0.349106E+00 0.519557E+00 0.129587E+02
 0.349142E+00 0.519672E+00 0.129503E+02
 0.349150E+00 0.519580E+00 0.129535E+02
 0.349141E+00 0.519641E+00 0.129593E+02
 0.349143E+00 0.519749E+00 0.129622E+02
 0.349281E+00 0.519583E+00 0.152848E+02
 0.380404E+00 0.520243E+00 0.152951E+02
 0.349143E+00 0.519580E+00 0.129539E+02
 0.349133E+00 0.519581E+00 0.129580E+02
 0.374812E+00 0.517687E+00 0.147461E+02
 0.349143E+00 0.519588E+00 0.129540E+02
 0.349143E+00 0.519613E+00 0.129551E+02
 0.349143E+00 0.519580E+00 0.129516E+02
 0.349144E+00 0.519444E+00 0.129555E+02
 0.348954E+00 0.519721E+00 0.129775E+02
 0.349138E+00 0.519580E+00 0.129527E+02
 0.349132E+00 0.519554E+00 0.129594E+02
 0.349143E+00 0.519651E+00 0.129703E+02
 0.348972E+00 0.519792E+00 0.129836E+02
 0.373253E+00 0.520886E+00 0.146450E+02
 0.349144E+00 0.519608E+00 0.129629E+02
 0.349141E+00 0.519533E+00 0.129514E+02
 0.402949E+00 0.519579E+00 0.181293E+02
 0.349143E+00 0.519580E+00 0.129582E+02
 0.349138E+00 0.519580E+00 0.129626E+02
 0.349143E+00 0.519581E+00 0.129744E+02
 0.402979E+00 0.517297E+00 0.179479E+02
 0.349134E+00 0.519581E+00 0.129709E+02
 0.349121E+00 0.519560E+00 0.129573E+02
 0.349144E+00 0.519584E+00 0.129605E+02
 0.349144E+00 0.519584E+00 0.129587E+02
 0.349144E+00 0.519617E+00 0.129577E+02
 0.349146E+00 0.519553E+00 0.129613E+02
 0.349144E+00 0.519190E+00 0.129726E+02
 0.349092E+00 0.519725E+00 0.129556E+02
 0.349154E+00 0.519580E+00 0.129594E+02
 0.349014E+00 0.519683E+00 0.129637E+02
 0.349145E+00 0.519596E+00 0.129581E+02
 0.349144E+00 0.519584E+00 0.129478E+02
 0.375076E+00 0.527075E+00 0.165596E+02
 0.349143E+00 0.519580E+00 0.129537E+02
 0.349159E+00 0.519580E+00 0.129586E+02
 0.349182E+00 0.519574E+00 0.129647E+02
 0.349132E+00 0.519581E+00 0.129622E+02
 0.349159E+00 0.519634E+00 0.129589E+02
 0.349143E+00 0.520114E+00 0.156980E+02
 0.349131E+00 0.519580E+00 0.129666E+02
 0.349143E+00 0.519582E+00 0.129619E+02
 0.349143E+00 0.519580E+00 0.129589E+02
 0.349144E+00 0.519390E+00 0.129630E+02
 0.349143E+00 0.519585E+00 0.129507E+02
 0.349114E+00 0.519580E+00 0.129537E+02
 0.349003E+00 0.519661E+00 0.129839E+02
 0.349144E+00 0.519583E+00 0.129671E+02
 0.349144E+00 0.519588E+00 0.129615E+02
 0.349172E+00 0.519582E+00 0.129541E+02
 0.349178E+00 0.519580E+00 0.129572E+02
 0.349143E+00 0.519580E+00 0.129536E+02
 0.372496E+00 0.523579E+00 0.141462E+02
 0.349144E+00 0.519577E+00 0.129520E+02
 0.349111E+00 0.519581E+00 0.129644E+02
 0.349128E+00 0.519596E+00 0.129649E+02
 0.348984E+00 0.519728E+00 0.129734E+02
 0.349144E+00 0.519580E+00 0.129622E+02
 0.349218E+00 0.519564E+00 0.152797E+02
 0.349143E+00 0.519310E+00 0.134179E+02
 0.349144E+00 0.519616E+00 0.129524E+02
 0.349143E+00 0.519580E+00 0.129583E+02
 0.349149E+00 0.519580E+00 0.129680E+02
 0.349025E+00 0.519691E+00 0.129698E+02
 0.349144E+00 0.519585E+00 0.129669E+02
 0.349143E+00 0.519580E+00 0.129650E+02
 0.349141E+00 0.519580E+00 0.129573E+02
 0.349143E+00 0.519490E+00 0.129540E+02
 0.380385E+00 0.521523E+00 0.158597E+02
 0.376045E+00 0.504818E+00 0.167079E+02
 0.349142E+00 0.519575E+00 0.129655E+02
 0.349143E+00 0.519665E+00 0.129651E+02
 0.349123E+00 0.519580E+00 0.129574E+02
 0.349142E+00 0.519614E+00 0.129647E+02
 0.349143E+00 0.519580E+00 0.129517E+02
 0.349134E+00 0.519580E+00 0.129605E+02
 0.349144E+00 0.519582E+00 0.129563E+02
 0.349143E+00 0.519633E+00 0.129589E+02
 0.349147E+00 0.519664E+00 0.129634E+02
 0.349143E+00 0.519580E+00 0.129519E+02
 0.349152E+00 0.519580E+00 0.129609E+02
 0.349092E+00 0.519622E+00 0.129627E+02
 0.349145E+00 0.519582E+00 0.129533E+02
 0.349187E+00 0.519589E+00 0.153064E+02
 0.372708E+00 0.522915E+00 0.142659E+02
 0.373525E+00 0.520102E+00 0.146904E+02
 0.349157E+00 0.519580E+00 0.129570E+02
 0.349144E+00 0.519582E+00 0.129607E+02
 0.379895E+00 0.525728E+00 0.147901E+02
 0.349143E+00 0.519822E+00 0.129626E+02
 0.349167E+00 0.519443E+00 0.129591E+02
 0.349134E+00 0.519580E+00 0.129516E+02
 0.373594E+00 0.519158E+00 0.147862E+02
 0.349143E+00 0.519580E+00 0.129585E+02
 0.349153E+00 0.519581E+00 0.129625E+02
 0.349162E+00 0.519590E+00 0.129604E+02
 0.349144E+00 0.519520E+00 0.129617E+02
 0.349144E+00 0.519583E+00 0.129530E+02
 0.349141E+00 0.519572E+00 0.129685E+02
 0.349143E+00 0.519580E+00 0.129631E+02
 0.349189E+00 0.519594E+00 0.153362E+02
 0.349144E+00 0.519532E+00 0.129622E+02
 0.349155E+00 0.519580E+00 0.129520E+02
 0.349139E+00 0.519594E+00 0.129521E+02
 0.349144E+00 0.519804E+00 0.129728E+02
 0.349144E+00 0.519580E+00 0.129505E+02
 0.349142E+00 0.519578E+00 0.129634E+02
 0.349143E+00 0.519580E+00 0.129532E+02
 0.349112E+00 0.519596E+00 0.129553E+02
 0.349136E+00 0.519581E+00 0.129608E+02
 0.349139E+00 0.519524E+00 0.129705E+02
 0.349160E+00 0.519580E+00 0.129529E+02
 0.349172E+00 0.519589E+00 0.129621E+02
 0.349139E+00 0.519350E+00 0.129632E+02
 0.349143E+00 0.519583E+00 0.129641E+02
 0.349143E+00 0.519614E+00 0.129614E+02
 0.349211E+00 0.519583E+00 0.152325E+02
 0.349123E+00 0.519694E+00 0.129676E+02
 0.349078E+00 0.519335E+00 0.129654E+02
 0.349171E+00 0.519591E+00 0.129674E+02
 0.373117E+00 0.518981E+00 0.147236E+02
 0.349144E+00 0.519614E+00 0.129559E+02
 0.349130E+00 0.519580E+00 0.129664E+02
 0.349030E+00 0.519665E+00 0.129595E+02
 0.349141E+00 0.519564E+00 0.129618E+02
 0.349144E+00 0.519622E+00 0.129537E+02
 0.349193E+00 0.519403E+00 0.129623E+02
 0.349122E+00 0.519576E+00 0.129585E+02
 0.349150E+00 0.519580E+00 0.129539E+02
 0.349226E+00 0.519879E+00 0.153753E+02
 0.349143E+00 0.519577E+00 0.129637E+02
 0.349144E+00 0.519581E+00 0.129647E+02
 0.349143E+00 0.519580E+00 0.129538E+02
 0.349146E+00 0.519580E+00 0.129672E+02
 0.349144E+00 0.519584E+00 0.129567E+02
 0.349143E+00 0.519581E+00 0.129617E+02
 0.349142E+00 0.519599E+00 0.129575E+02
 0.349143E+00 0.519580E+00 0.129533E+02
 0.349148E+00 0.519581E+00 0.129646E+02
 0.349178E+00 0.519600E+00 0.152812E+02
 0.349139E+00 0.519580E+00 0.129564E+02
 0.349143E+00 0.519584E+00 0.129532E+02
 0.349142E+00 0.519600E+00 0.129512E+02
 0.349158E+00 0.519602E+00 0.129582E+02
 0.349143E+00 0.519609E+00 0.129693E+02
 0.349133E+00 0.519580E+00 0.129733E+02
 0.380134E+00 0.521440E+00 0.159883E+02
 0.349149E+00 0.519580E+00 0.129635E+02
 0.349143E+00 0.519573E+00 0.129605E+02
 0.349139E+00 0.519580E+00 0.129641E+02
 0.349145E+00 0.519581E+00 0.129543E+02
 0.349143E+00 0.519572E+00 0.129597E+02
 0.373843E+00 0.522452E+00 0.146322E+02
 0.349143E+00 0.519592E+00 0.129546E+02
 0.349144E+00 0.519650E+00 0.129510E+02
 0.349141E+00 0.519598E+00 0.129599E+02
 0.349143E+00 0.519580E+00 0.129583E+02
 0.349145E+00 0.519580E+00 0.129596E+02
 0.349180E+00 0.519592E+00 0.152212E+02
 0.349144E+00 0.519590E+00 0.129619E+02
 0.349143E+00 0.519580E+00 0.129558E+02
 0.349157E+00 0.519597E+00 0.129649E+02
 0.349143E+00 0.519629E+00 0.129597E+02
 0.374393E+00 0.527040E+00 0.155941E+02
 0.349143E+00 0.519581E+00 0.129670E+02
 0.349143E+00 0.519580E+00 0.129537E+02
 0.349144E+00 0.519580E+00 0.129558E+02
 0.349143E+00 0.519576E+00 0.129538E+02
 0.402271E+00 0.517578E+00 0.181510E+02
 0.349144E+00 0.519677E+00 0.129692E+02
 0.404144E+00 0.519576E+00 0.183039E+02
 0.374164E+00 0.519615E+00 0.147343E+02
 0.349154E+00 0.519581E+00 0.129602E+02
 0.349224E+00 0.519755E+00 0.152607E+02
 0.349144E+00 0.519581E+00 0.129622E+02
 0.349142E+00 0.519589E+00 0.129608E+02
 0.349189E+00 0.519598E+00 0.152797E+02
 0.349144E+00 0.519601E+00 0.129627E+02
 0.349129E+00 0.519421E+00 0.129622E+02
 0.349143E+00 0.519580E+00 0.129665E+02
 0.349155E+00 0.519589E+00 0.129529E+02
 0.348974E+00 0.519640E+00 0.129721E+02
 0.374035E+00 0.519408E+00 0.145494E+02
 0.349144E+00 0.519580E+00 0.129477E+02
 0.349152E+00 0.519580E+00 0.129630E+02
 0.349143E+00 0.519576E+00 0.129700E+02
 0.349143E+00 0.519722E+00 0.129513E+02
 0.349162E+00 0.519481E+00 0.129568E+02
 0.349154E+00 0.519581E+00 0.129651E+02
 0.349089E+00 0.519692E+00 0.129673E+02
 0.373386E+00 0.519802E+00 0.147427E+02
 0.349143E+00 0.519665E+00 0.129737E+02
 0.349142E+00 0.519580E+00 0.129574E+02
 0.349180E+00 0.519592E+00 0.129557E+02
 0.349192E+00 0.519628E+00 0.152058E+02
 0.349144E+00 0.519582E+00 0.129587E+02
 0.349143E+00 0.519580E+00 0.129534E+02
 0.349145E+00 0.519580E+00 0.129613E+02
 0.349125E+00 0.519578E+00 0.129634E+02
 0.349152E+00 0.519580E+00 0.129552E+02
 0.349113E+00 0.519832E+00 0.129630E+02
 0.349144E+00 0.519576E+00 0.129506E+02
 0.349143E+00 0.519580E+00 0.129538E+02
 0.374673E+00 0.519645E+00 0.150187E+02
 0.372783E+00 0.523632E+00 0.143329E+02
 0.349143E+00 0.519580E+00 0.129537E+02
 0.349141E+00 0.519580E+00 0.129542E+02
 0.368293E+00 0.521653E+00 0.180712E+02
 0.349179E+00 0.519444E+00 0.129589E+02
 0.349146E+00 0.519581E+00 0.129557E+02
 0.349145E+00 0.519583E+00 0.129635E+02
 0.349143E+00 0.519580E+00 0.129500E+02
 0.349140E+00 0.519580E+00 0.129623E+02
 0.349165E+00 0.519585E+00 0.129610E+02
 0.349143E+00 0.519692E+00 0.129710E+02
 0.349143E+00 0.519583E+00 0.129538E+02
 0.349144E+00 0.519584E+00 0.129717E+02
 0.349143E+00 0.519580E+00 0.129541E+02
 0.349143E+00 0.519584E+00 0.129555E+02
 0.349143E+00 0.519580E+00 0.129536E+02
 0.349178E+00 0.519496E+00 0.129530E+02
 0.373576E+00 0.520162E+00 0.146784E+02
 0.349144E+00 0.519575E+00 0.129651E+02
 0.349143E+00 0.519580E+00 0.129518E+02
 0.349141E+00 0.519580E+00 0.129532E+02
 0.372774E+00 0.526907E+00 0.152046E+02
 0.349144E+00 0.519580E+00 0.129553E+02
 0.349141E+00 0.519580E+00 0.129645E+02
 0.349164E+00 0.519598E+00 0.129588E+02
 0.349143E+00 0.519704E+00 0.129615E+02
 0.349165E+00 0.519615E+00 0.129666E+02
 0.349142E+00 0.519580E+00 0.129657E+02
 0.349144E+00 0.519584E+00 0.129612E+02
 0.349143E+00 0.519580E+00 0.129538E+02
 0.349157E+00 0.519578E+00 0.129589E+02
 0.349143E+00 0.519608E+00 0.129532E+02
 0.349019E+00 0.519579E+00 0.129664E+02
 0.349158E+00 0.519597E+00 0.129645E+02
 0.349146E+00 0.519580E+00 0.129718E+02
 0.373248E+00 0.519490E+00 0.147576E+02
 0.349143E+00 0.519580E+00 0.129582E+02
 0.349143E+00 0.519599E+00 0.129565E+02
 0.349954E+00 0.519373E+00 0.141158E+02
 0.349162E+00 0.519563E+00 0.129575E+02
 0.349144E+00 0.519577E+00 0.129542E+02
 0.349143E+00 0.519580E+00 0.129538E+02
 0.349147E+00 0.519581E+00 0.129594E+02
 0.349004E+00 0.519694E+00 0.129946E+02
 0.349160E+00 0.519603E+00 0.129586E+02
 0.349181E+00 0.519534E+00 0.129569E+02
 0.349011E+00 0.519697E+00 0.129602E+02
 0.349143E+00 0.519581E+00 0.129613E+02
 0.349143E+00 0.519580E+00 0.129540E+02
 0.349144E+00 0.519714E+00 0.129612E+02
 0.349167E+00 0.519553E+00 0.129521E+02
 0.349160E+00 0.519731E+00 0.129571E+02
 0.349145E+00 0.519584E+00 0.129593E+02
 0.349143E+00 0.519580E+00 0.129556E+02
 0.349142E+00 0.519580E+00 0.129575E+02
 0.349143E+00 0.519736E+00 0.129611E+02
 0.373856E+00 0.519964E+00 0.144178E+02
 0.349149E+00 0.519579E+00 0.129632E+02
 0.349142E+00 0.519580E+00 0.129548E+02
 0.349128E+00 0.519662E+00 0.129526E+02
 0.373147E+00 0.519559E+00 0.147090E+02
 0.349146E+00 0.519575E+00 0.129612E+02
 0.349144E+00 0.519580E+00 0.129569E+02
 0.349144E+00 0.519581E+00 0.129541E+02
 0.349143E+00 0.519495E+00 0.129568E+02
 0.349141E+00 0.519596E+00 0.129674E+02
 0.349143E+00 0.519626E+00 0.129590E+02
 0.349144E+00 0.519581E+00 0.129612E+02
 0.349143E+00 0.519584E+00 0.129697E+02
 0.349143E+00 0.519580E+00 0.129513E+02
 0.349142E+00 0.519580E+00 0.129509E+02
 0.349143E+00 0.519707E+00 0.129649E+02
 0.349002E+00 0.519449E+00 0.129606E+02
 0.374179E+00 0.525975E+00 0.152439E+02
 0.349143E+00 0.519585E+00 0.129617E+02
 0.349145E+00 0.519579E+00 0.129507E+02
 0.349145E+00 0.519544E+00 0.129704E+02
 0.349146E+00 0.519579E+00 0.129680E+02
 0.349203E+00 0.519632E+00 0.153077E+02
 0.349143E+00 0.519579E+00 0.129698E+02
 0.349143E+00 0.519646E+00 0.129569E+02
 0.349025E+00 0.519642E+00 0.129547E+02
 0.349164E+00 0.519529E+00 0.129529E+02
 0.349142E+00 0.519618E+00 0.129514E+02
 0.373126E+00 0.521547E+00 0.141106E+02
 0.349279E+00 0.520378E+00 0.157248E+02
 0.349142E+00 0.519580E+00 0.129686E+02
 0.349145E+00 0.519581E+00 0.129581E+02
 0.349145E+00 0.519581E+00 0.129643E+02
 0.349143E+00 0.519580E+00 0.129585E+02
 0.349143E+00 0.519642E+00 0.129678E+02
 0.349087E+00 0.519435E+00 0.129569E+02
 0.349105E+00 0.519580E+00 0.129646E+02
 0.349144E+00 0.519583E+00 0.129522E+02
 0.349143E+00 0.519583E+00 0.129554E+02
 0.349146E+00 0.519580E+00 0.129560E+02
 0.349134E+00 0.519592E+00 0.129558E+02
 0.349144E+00 0.519579E+00 0.129525E+02
 0.349148E+00 0.519582E+00 0.129624E+02
 0.349143E+00 0.519622E+00 0.129624E+02
 0.349143E+00 0.519581E+00 0.129620E+02
 0.349172E+00 0.519599E+00 0.129595E+02
 0.372950E+00 0.521497E+00 0.144439E+02
 0.349145E+00 0.519581E+00 0.129509E+02
 0.348963E+00 0.519689E+00 0.129845E+02
 0.349184E+00 0.519540E+00 0.152411E+02
 0.349146E+00 0.519579E+00 0.129624E+02
 0.349143E+00 0.519580E+00 0.129608E+02
 0.349143E+00 0.519580E+00 0.129581E+02
 0.349143E+00 0.519706E+00 0.129658E+02
 0.349157E+00 0.519536E+00 0.129642E+02
 0.349113E+00 0.519588E+00 0.129514E+02
 0.349143E+00 0.519580E+00 0.129513E+02
 0.349143E+00 0.519586E+00 0.129679E+02
 0.349144E+00 0.519581E+00 0.129508E+02
 0.349143E+00 0.519580E+00 0.129541E+02
 0.349072E+00 0.519392E+00 0.129618E+02
 0.349146E+00 0.519580E+00 0.129618E+02
 0.349128E+00 0.519554E+00 0.129616E+02
 0.349145E+00 0.519580E+00 0.129594E+02
 0.349143E+00 0.519580E+00 0.129539E+02
 0.349144E+00 0.519580E+00 0.129613E+02
 0.349144E+00 0.519581E+00 0.129638E+02
 0.349143E+00 0.519580E+00 0.129539E+02
 0.349140E+00 0.519580E+00 0.129514E+02
 0.349144E+00 0.519486E+00 0.129540E+02
 0.349144E+00 0.519580E+00 0.129873E+02
 0.349145E+00 0.519580E+00 0.129516E+02
 0.381201E+00 0.509880E+00 0.157880E+02
 0.348973E+00 0.519521E+00 0.129733E+02
 0.349146E+00 0.519580E+00 0.129574E+02
 0.349145E+00 0.519581E+00 0.129602E+02
 0.349143E+00 0.519580E+00 0.129538E+02
 0.349172E+00 0.519580E+00 0.129583E+02
 0.349146E+00 0.519583E+00 0.129509E+02
 0.366833E+00 0.521400E+00 0.179570E+02
 0.349144E+00 0.519581E+00 0.129670E+02
 0.349170E+00 0.519580E+00 0.129603E+02
 0.349148E+00 0.519608E+00 0.129652E+02
 0.349170E+00 0.519565E+00 0.129580E+02
 0.349143E+00 0.519578E+00 0.129599E+02
 0.349151E+00 0.519605E+00 0.129515E+02
 0.349162E+00 0.519672E+00 0.129520E+02
 0.349160E+00 0.519576E+00 0.129564E+02
 0.349144E+00 0.519580E+00 0.129497E+02
 0.349143E+00 0.519579E+00 0.129560E+02
 0.349142E+00 0.519578E+00 0.129513E+02
 0.349143E+00 0.519580E+00 0.129585E+02
 0.349140E+00 0.519580E+00 0.129703E+02
 0.349145E+00 0.519580E+00 0.129510E+02
 0.349145E+00 0.519580E+00 0.129636E+02
 0.349137E+00 0.519592E+00 0.129603E+02
 0.349155E+00 0.519558E+00 0.129661E+02
 0.376004E+00 0.519616E+00 0.158444E+02
 0.349197E+00 0.519408E+00 0.151133E+02
 0.373620E+00 0.519477E+00 0.147367E+02
 0.349144E+00 0.519588E+00 0.129532E+02
 0.349143E+00 0.519580E+00 0.129518E+02
 0.349147E+00 0.519580E+00 0.129627E+02
 0.349143E+00 0.519632E+00 0.129567E+02
 0.349144E+00 0.519580E+00 0.129615E+02
 0.349161E+00 0.519569E+00 0.129586E+02
 0.349142E+00 0.519579E+00 0.129587E+02
 0.349182E+00 0.519559E+00 0.152404E+02
 0.401762E+00 0.519569E+00 0.178167E+02
 0.349144E+00 0.519579E+00 0.129590E+02
 0.349141E+00 0.519580E+00 0.129633E+02
 0.349150E+00 0.519595E+00 0.129487E+02
 0.349146E+00 0.519580E+00 0.129570E+02
 0.400591E+00 0.518560E+00 0.176068E+02
 0.349144E+00 0.519585E+00 0.129541E+02
 0.349143E+00 0.519580E+00 0.129538E+02
 0.349143E+00 0.519667E+00 0.129732E+02
 0.349157E+00 0.519560E+00 0.129539E+02
 0.349145E+00 0.519580E+00 0.129585E+02
 0.349141E+00 0.519580E+00 0.129620E+02
 0.373807E+00 0.523725E+00 0.149683E+02
 0.349117E+00 0.519564E+00 0.129604E+02
 0.349142E+00 0.519581E+00 0.129604E+02
 0.349144E+00 0.519583E+00 0.129619E+02
 0.349158E+00 0.519578E+00 0.129625E+02
 0.349143E+00 0.519577E+00 0.129560E+02
 0.349187E+00 0.519703E+00 0.152856E+02
 0.349145E+00 0.519581E+00 0.129617E+02
 0.349144E+00 0.519579E+00 0.129639E+02
 0.349150E+00 0.519581E+00 0.129883E+02
 0.349143E+00 0.519533E+00 0.129574E+02
 0.349335E+00 0.519699E+00 0.151530E+02
 0.349200E+00 0.519548E+00 0.152445E+02
 0.349144E+00 0.519585E+00 0.129600E+02
 0.349143E+00 0.519580E+00 0.129537E+02
 0.349143E+00 0.519513E+00 0.129572E+02
 0.349145E+00 0.519580E+00 0.129627E+02
 0.349106E+00 0.519586E+00 0.129632E+02
 0.349144E+00 0.519580E+00 0.129558E+02
 0.349143E+00 0.519580E+00 0.129513E+02
 0.349141E+00 0.519580E+00 0.129589E+02
 0.349143E+00 0.519555E+00 0.129606E+02
 0.349117E+00 0.519691E+00 0.129479E+02
 0.373278E+00 0.522136E+00 0.146285E+02
 0.349143E+00 0.519580E+00 0.129544E+02
 0.349982E+00 0.519271E+00 0.140166E+02
 0.374346E+00 0.519325E+00 0.149774E+02
 0.349144E+00 0.519579E+00 0.129624E+02
 0.349143E+00 0.519580E+00 0.129499E+02
 0.349144E+00 0.519627E+00 0.129611E+02
 0.373681E+00 0.521138E+00 0.145461E+02
 0.349143E+00 0.519580E+00 0.129581E+02
 0.349144E+00 0.519580E+00 0.129634E+02
 0.349144E+00 0.519580E+00 0.129536E+02
 0.348855E+00 0.520165E+00 0.165014E+02
 0.349102E+00 0.519588E+00 0.129555E+02
 0.349145E+00 0.519583E+00 0.129585E+02
 0.349143E+00 0.519580E+00 0.129498E+02
 0.349139E+00 0.519580E+00 0.129593E+02
 0.349145E+00 0.519578E+00 0.129703E+02
 0.349095E+00 0.519589E+00 0.129656E+02
 0.373744E+00 0.519612E+00 0.146937E+02
 0.349143E+00 0.519588E+00 0.129562E+02
 0.349147E+00 0.519579E+00 0.129604E+02
 0.349144E+00 0.519582E+00 0.129643E+02
 0.349144E+00 0.519580E+00 0.129638E+02
 0.349236E+00 0.519646E+00 0.151964E+02
 0.349143E+00 0.519580E+00 0.129502E+02
 0.349144E+00 0.519786E+00 0.129697E+02
 0.349170E+00 0.519794E+00 0.154597E+02
 0.349122E+00 0.519567E+00 0.129502E+02
 0.349143E+00 0.519580E+00 0.129537E+02
 0.349145E+00 0.519580E+00 0.129642E+02
 0.349148E+00 0.519573E+00 0.129533E+02
 0.349143E+00 0.519584E+00 0.129551E+02
 0.349032E+00 0.519966E+00 0.129975E+02
 0.349145E+00 0.519581E+00 0.129536E+02
 0.349098E+00 0.519595E+00 0.129664E+02
 0.349144E+00 0.519581E+00 0.129552E+02
 0.349143E+00 0.519577E+00 0.129542E+02
 0.349143E+00 0.519580E+00 0.129526E+02
 0.349143E+00 0.519580E+00 0.129577E+02
 0.349138E+00 0.519586E+00 0.129547E+02
 0.349106E+00 0.519568E+00 0.129642E+02
 0.349143E+00 0.519590E+00 0.129558E+02
 0.349143E+00 0.519580E+00 0.129534E+02
 0.349143E+00 0.519580E+00 0.129648E+02
 0.349143E+00 0.519606E+00 0.129715E+02
 0.380798E+00 0.509046E+00 0.172995E+02
 0.349128E+00 0.519587E+00 0.129600E+02
 0.349146E+00 0.519580E+00 0.129533E+02
 0.349127E+00 0.519583E+00 0.129516E+02
 0.349144E+00 0.519583E+00 0.129576E+02
 0.349143E+00 0.519580E+00 0.129535E+02
 0.349138E+00 0.519580E+00 0.129543E+02
 0.349144E+00 0.519700E+00 0.129583E+02
 0.349206E+00 0.519810E+00 0.153506E+02
 0.349146E+00 0.519632E+00 0.129516E+02
 0.349146E+00 0.519591E+00 0.129509E+02
 0.349149E+00 0.519579E+00 0.129521E+02
 0.349143E+00 0.519580E+00 0.129580E+02
 0.349137E+00 0.519580E+00 0.129629E+02
 0.349150E+00 0.519589E+00 0.129605E+02
 0.349133E+00 0.519550E+00 0.129629E+02
 0.349145E+00 0.519581E+00 0.129637E+02
 0.372413E+00 0.524039E+00 0.142010E+02
 0.349145E+00 0.519580E+00 0.129675E+02
 0.349143E+00 0.519580E+00 0.129540E+02
 0.349143E+00 0.519580E+00 0.129636E+02
 0.349143E+00 0.519609E+00 0.129637E+02
 0.349061E+00 0.519790E+00 0.129920E+02
 0.349126E+00 0.519566E+00 0.129636E+02
 0.349148E+00 0.519580E+00 0.129606E+02
 0.349106E+00 0.519591E+00 0.129579E+02
 0.349143E+00 0.519581E+00 0.129604E+02
 0.349144E+00 0.519580E+00 0.129498E+02
 0.349143E+00 0.519580E+00 0.129537E+02
 0.349146E+00 0.519580E+00 0.129703E+02
 0.349143E+00 0.519603E+00 0.129595E+02
 0.349143E+00 0.519724E+00 0.129607E+02
 0.373274E+00 0.521624E+00 0.146062E+02
 0.349134E+00 0.519556E+00 0.129615E+02
 0.349130E+00 0.519588E+00 0.129654E+02
 0.349143E+00 0.519580E+00 0.129584E+02
 0.349147E+00 0.519580E+00 0.129518E+02
 0.349164E+00 0.519353E+00 0.129595E+02
 0.349137E+00 0.519592E+00 0.129586E+02
 0.349148E+00 0.519585E+00 0.129564E+02
 0.349145E+00 0.519582E+00 0.129640E+02
 0.349153E+00 0.519576E+00 0.129587E+02
 0.349144E+00 0.519541E+00 0.129707E+02
 0.349213E+00 0.519448E+00 0.151002E+02
 0.349082E+00 0.519639E+00 0.129602E+02
 0.349143E+00 0.519581E+00 0.129611E+02
 0.349149E+00 0.519583E+00 0.129511E+02
 0.349145E+00 0.519579E+00 0.129569E+02
 0.374758E+00 0.519182E+00 0.149521E+02
 0.349143E+00 0.519580E+00 0.129586E+02
 0.349148E+00 0.519688E+00 0.129619E+02
 0.349131E+00 0.519583E+00 0.129608E+02
 0.349142E+00 0.519580E+00 0.129601E+02
 0.349143E+00 0.519580E+00 0.129558E+02
 0.349146E+00 0.519560E+00 0.129585E+02
 0.349143E+00 0.519580E+00 0.129584E+02
 0.349143E+00 0.519581E+00 0.129708E+02
 0.349144E+00 0.519597E+00 0.129550E+02
 0.349143E+00 0.519672E+00 0.129523E+02
 0.349032E+00 0.519579E+00 0.129588E+02
 0.349144E+00 0.519584E+00 0.129530E+02
 0.349144E+00 0.519586E+00 0.129583E+02
 0.349143E+00 0.519580E+00 0.129499E+02
 0.349139E+00 0.519580E+00 0.129547E+02
 0.349096E+00 0.519628E+00 0.129653E+02
 0.349146E+00 0.519563E+00 0.129587E+02
 0.349162E+00 0.519684E+00 0.129721E+02
 0.349146E+00 0.519730E+00 0.129664E+02
 0.349147E+00 0.519580E+00 0.129612E+02
 0.349144E+00 0.519579E+00 0.129629E+02
 0.349143E+00 0.519580E+00 0.129538E+02
 0.349143E+00 0.519580E+00 0.129558E+02
 0.349143E+00 0.519580E+00 0.129580E+02
 0.349145E+00 0.519581E+00 0.129578E+02
 0.349255E+00 0.519580E+00 0.151838E+02
 0.349144E+00 0.519586E+00 0.129572E+02
 0.349143E+00 0.519580E+00 0.129517E+02
 0.349146E+00 0.519581E+00 0.129578E+02
 0.349148E+00 0.519583E+00 0.129676E+02
 0.373150E+00 0.522875E+00 0.145841E+02
 0.349143E+00 0.519580E+00 0.129541E+02
 0.349142E+00 0.519580E+00 0.129588E+02
 0.349197E+00 0.518870E+00 0.172327E+02
 0.349125E+00 0.519526E+00 0.129537E+02
 0.349113E+00 0.519603E+00 0.129592E+02
 0.349144E+00 0.519577E+00 0.129665E+02
 0.349139E+00 0.519563E+00 0.129576E+02
 0.349144E+00 0.519762E+00 0.129509E+02
 0.349100E+00 0.519727E+00 0.129688E+02
 0.349144E+00 0.519580E+00 0.129659E+02
 0.349143E+00 0.519583E+00 0.129608E+02
 0.349143E+00 0.519580E+00 0.129558E+02
 0.374523E+00 0.520478E+00 0.148010E+02
 0.349167E+00 0.519486E+00 0.129552E+02
 0.349124E+00 0.519821E+00 0.129641E+02
 0.349144E+00 0.519578E+00 0.129658E+02
 0.349145E+00 0.519586E+00 0.129557E+02
 0.372621E+00 0.521568E+00 0.142175E+02
 0.349143E+00 0.519581E+00 0.129648E+02
 0.349143E+00 0.519580E+00 0.129517E+02
 0.349145E+00 0.519581E+00 0.129510E+02
 0.349143E+00 0.519690E+00 0.129705E+02
 0.349027E+00 0.519702E+00 0.129678E+02
 0.374382E+00 0.526353E+00 0.168851E+02
 0.349143E+00 0.519580E+00 0.129558E+02
 0.349144E+00 0.519581E+00 0.129535E+02
 0.349343E+00 0.519840E+00 0.153708E+02
 0.349117E+00 0.519517E+00 0.134416E+02
 0.349144E+00 0.519580E+00 0.129520E+02
 0.349150E+00 0.519583E+00 0.129624E+02
 0.349143E+00 0.519519E+00 0.129511E+02
 0.349119E+00 0.519554E+00 0.129646E+02
 0.349122E+00 0.519580E+00 0.129605E+02
 0.349151E+00 0.519581E+00 0.129709E+02
 0.375039E+00 0.519584E+00 0.149832E+02
 0.349143E+00 0.519584E+00 0.129510E+02
 0.349143E+00 0.519580E+00 0.129540E+02
 0.349141E+00 0.519580E+00 0.129661E+02
 0.349145E+00 0.519575E+00 0.129712E+02
 0.374150E+00 0.527982E+00 0.156101E+02
 0.349154E+00 0.519670E+00 0.129661E+02
 0.349193E+00 0.519579E+00 0.152893E+02
 0.349142E+00 0.519580E+00 0.129577E+02
 0.349144E+00 0.519580E+00 0.129555E+02
 0.349143E+00 0.519580E+00 0.129556E+02
 0.349172E+00 0.519489E+00 0.129602E+02
 0.349142E+00 0.519577E+00 0.129508E+02
 0.349144E+00 0.519580E+00 0.129488E+02
 0.349143E+00 0.519580E+00 0.129518E+02
 0.349143E+00 0.519580E+00 0.129591E+02
 0.349175E+00 0.519450E+00 0.129614E+02
 0.349183E+00 0.519540E+00 0.129625E+02
 0.349126E+00 0.519636E+00 0.129538E+02
 0.349037E+00 0.519573E+00 0.129555E+02
 0.349145E+00 0.519591E+00 0.129898E+02
 0.349181E+00 0.519579E+00 0.129658E+02
 0.349146E+00 0.519589E+00 0.129540E+02
 0.349143E+00 0.519580E+00 0.129556E+02
 0.349144E+00 0.519589E+00 0.129660E+02
 0.373828E+00 0.519973E+00 0.144152E+02
 0.349143E+00 0.519464E+00 0.129571E+02
 0.349090E+00 0.519703E+00 0.129631E+02
 0.349228E+00 0.519585E+00 0.151928E+02
 0.349148E+00 0.519583E+00 0.129542E+02
 0.349143E+00 0.519574E+00 0.129499E+02
 0.349143E+00 0.519580E+00 0.129624E+02
 0.349143E+00 0.519580E+00 0.129535E+02
 0.349141E+00 0.519580E+00 0.129568E+02
 0.349143E+00 0.519874E+00 0.129706E+02
 0.349214E+00 0.519455E+00 0.152067E+02
 0.349129E+00 0.519601E+00 0.129634E+02
 0.349146E+00 0.519580E+00 0.129574E+02
 0.349144E+00 0.519571E+00 0.129601E+02
 0.349143E+00 0.519585E+00 0.129517E+02
 0.373576E+00 0.519530E+00 0.147366E+02
 0.372267E+00 0.522508E+00 0.140141E+02
 0.349143E+00 0.519580E+00 0.129578E+02
 0.349143E+00 0.519580E+00 0.129638E+02
 0.349188E+00 0.519527E+00 0.151553E+02
 0.348932E+00 0.519579E+00 0.180777E+02
 0.349115E+00 0.519591E+00 0.129717E+02
 0.402696E+00 0.520011E+00 0.180136E+02
 0.349145E+00 0.519581E+00 0.129613E+02
 0.349145E+00 0.519581E+00 0.129658E+02
 0.349152E+00 0.519606E+00 0.129581E+02
 0.376567E+00 0.506476E+00 0.168075E+02
 0.375026E+00 0.522276E+00 0.153914E+02
 0.349143E+00 0.519580E+00 0.129584E+02
 0.374313E+00 0.521277E+00 0.147459E+02
 0.349133E+00 0.519630E+00 0.129723E+02
 0.349144E+00 0.519585E+00 0.129654E+02
 0.349143E+00 0.519576E+00 0.129598E+02
 0.349143E+00 0.519580E+00 0.129610E+02
 0.349144E+00 0.519564E+00 0.129643E+02
 0.349143E+00 0.519873E+00 0.129662E+02
 0.349209E+00 0.519389E+00 0.151569E+02
 0.372492E+00 0.525060E+00 0.143447E+02
 0.349178E+00 0.519399E+00 0.129646E+02
 0.349147E+00 0.519580E+00 0.129604E+02
 0.349143E+00 0.519580E+00 0.129543E+02
 0.349143E+00 0.519580E+00 0.129630E+02
 0.349158E+00 0.519564E+00 0.129694E+02
 0.349143E+00 0.519987E+00 0.130340E+02
 0.349143E+00 0.519671E+00 0.129531E+02
 0.349017E+00 0.519317E+00 0.129680E+02
 0.349145E+00 0.519581E+00 0.129618E+02
 0.349143E+00 0.519573E+00 0.129596E+02
 0.349143E+00 0.519584E+00 0.129601E+02
 0.349143E+00 0.519580E+00 0.129562E+02
 0.349145E+00 0.519580E+00 0.129592E+02
 0.349159E+00 0.519616E+00 0.129614E+02
 0.349090E+00 0.519820E+00 0.129787E+02
 0.349123E+00 0.519593E+00 0.129586E+02
 0.349146E+00 0.519583E+00 0.129599E+02
 0.374543E+00 0.512179E+00 0.179829E+02
 0.349143E+00 0.519580E+00 0.129585E+02
 0.349141E+00 0.519581E+00 0.129703E+02
 0.349132E+00 0.519586E+00 0.129565E+02
 0.349352E+00 0.519581E+00 0.150931E+02
 0.349109E+00 0.519665E+00 0.129702E+02
 0.374617E+00 0.519474E+00 0.150943E+02
 0.349143E+00 0.519580E+00 0.129539E+02
 0.372648E+00 0.522832E+00 0.142481E+02
 0.349344E+00 0.519572E+00 0.151639E+02
 0.349149E+00 0.519578E+00 0.129676E+02
 0.349144E+00 0.519582E+00 0.129549E+02
 0.349176E+00 0.519582E+00 0.152401E+02
 0.349143E+00 0.519888E+00 0.130036E+02
 0.348880E+00 0.519575E+00 0.182215E+02
 0.349146E+00 0.519579E+00 0.129549E+02
 0.349107E+00 0.519911E+00 0.129668E+02
 0.349143E+00 0.519580E+00 0.129636E+02
 0.349135E+00 0.519319E+00 0.134064E+02
 0.349264E+00 0.519525E+00 0.152122E+02
 0.349148E+00 0.519581E+00 0.129647E+02
 0.349143E+00 0.519587E+00 0.129635E+02
 0.349143E+00 0.519580E+00 0.129537E+02
 0.375166E+00 0.524049E+00 0.157391E+02
 0.349146E+00 0.519580E+00 0.129563E+02
 0.349144E+00 0.519582E+00 0.129667E+02
 0.349143E+00 0.519580E+00 0.129606E+02
 0.372044E+00 0.524328E+00 0.140808E+02
 0.349143E+00 0.519595E+00 0.129631E+02
 0.349160E+00 0.519142E+00 0.133941E+02
 0.349265E+00 0.519580E+00 0.151250E+02
 0.349141E+00 0.519580E+00 0.129603E+02
 0.349147E+00 0.519581E+00 0.129627E+02
 0.349145E+00 0.519578E+00 0.129608E+02
 0.349144E+00 0.519580E+00 0.129550E+02
 0.349143E+00 0.519580E+00 0.129498E+02
 0.349123E+00 0.519712E+00 0.129603E+02
 0.349147E+00 0.519581E+00 0.129550E+02
 0.373453E+00 0.519485E+00 0.147648E+02
 0.349143E+00 0.519580E+00 0.129582E+02
 0.349142E+00 0.519581E+00 0.129572E+02
 0.349124E+00 0.519573E+00 0.129582E+02
 0.349149E+00 0.519581E+00 0.129558E+02
 0.349146E+00 0.519583E+00 0.129683E+02
 0.349143E+00 0.519584E+00 0.129626E+02
 0.349143E+00 0.519581E+00 0.129540E+02
 0.349143E+00 0.519580E+00 0.129558E+02
 0.349144E+00 0.519580E+00 0.129537E+02
 0.349137E+00 0.520265E+00 0.157434E+02
 0.349251E+00 0.519699E+00 0.153402E+02
 0.349176E+00 0.519517E+00 0.129517E+02
 0.349344E+00 0.519580E+00 0.152119E+02
 0.349142E+00 0.519580E+00 0.129631E+02
 0.349144E+00 0.519580E+00 0.129523E+02
 0.349145E+00 0.519587E+00 0.129541E+02
 0.349169E+00 0.519616E+00 0.129619E+02
 0.349148E+00 0.519582E+00 0.129557E+02
 0.349144E+00 0.519586E+00 0.129695E+02
 0.373825E+00 0.520202E+00 0.146347E+02
 0.349143E+00 0.519580E+00 0.129516E+02
 0.349141E+00 0.519581E+00 0.129672E+02
 0.349143E+00 0.519467E+00 0.129618E+02
 0.380469E+00 0.521259E+00 0.159036E+02
 0.349137E+00 0.519612E+00 0.129662E+02
 0.349144E+00 0.519575E+00 0.129633E+02
 0.349141E+00 0.519620E+00 0.129597E+02
 0.373689E+00 0.521397E+00 0.146133E+02
 0.349144E+00 0.519581E+00 0.129878E+02
 0.349143E+00 0.519580E+00 0.129528E+02
 0.349132E+00 0.519633E+00 0.129496E+02
 0.349055E+00 0.519582E+00 0.129540E+02
 0.349143E+00 0.519580E+00 0.129537E+02
 0.349216E+00 0.519580E+00 0.152853E+02
 0.349308E+00 0.519573E+00 0.151912E+02
 0.349144E+00 0.519579E+00 0.129582E+02
 0.349144E+00 0.519580E+00 0.129520E+02
 0.349142E+00 0.519581E+00 0.129516E+02
 0.349147E+00 0.519564E+00 0.129555E+02
 0.349323E+00 0.519581E+00 0.151677E+02
 0.349143E+00 0.519585E+00 0.129527E+02
 0.349143E+00 0.519587E+00 0.129563E+02
 0.349142E+00 0.519580E+00 0.129540E+02
 0.349143E+00 0.519462E+00 0.129575E+02
 0.349143E+00 0.519584E+00 0.129625E+02
 0.349143E+00 0.519580E+00 0.129500E+02
 0.349145E+00 0.519603E+00 0.129614E+02
 0.348977E+00 0.519407E+00 0.129650E+02
 0.349143E+00 0.519501E+00 0.129570E+02
 0.349142E+00 0.519580E+00 0.129572E+02
 0.349150E+00 0.519580E+00 0.129522E+02
 0.349143E+00 0.519580E+00 0.129535E+02
 0.349149E+00 0.519587E+00 0.129643E+02
 0.401377E+00 0.519267E+00 0.177575E+02
 0.380445E+00 0.519968E+00 0.151145E+02
 0.349151E+00 0.519476E+00 0.129565E+02
 0.349143E+00 0.519582E+00 0.129544E+02
 0.375719E+00 0.520059E+00 0.160534E+02
 0.349148E+00 0.519568E+00 0.129651E+02
 0.349145E+00 0.519262E+00 0.134091E+02
 0.349132E+00 0.519669E+00 0.129602E+02
 0.349143E+00 0.519582E+00 0.129548E+02
 0.349143E+00 0.519596E+00 0.129574E+02
 0.349148E+00 0.519598E+00 0.129629E+02
 0.349147E+00 0.519580E+00 0.129623E+02
 0.349143E+00 0.519584E+00 0.129633E+02
 0.349295E+00 0.519535E+00 0.150935E+02
 0.349144E+00 0.519580E+00 0.129552E+02
 0.349143E+00 0.519580E+00 0.129499E+02
 0.349143E+00 0.519580E+00 0.129504E+02
 0.349141E+00 0.519596E+00 0.129547E+02
 0.373280E+00 0.523674E+00 0.147418E+02
 0.349139E+00 0.519620E+00 0.129550E+02
 0.349148E+00 0.519580E+00 0.129633E+02
 0.373229E+00 0.519362E+00 0.147550E+02
 0.349143E+00 0.519577E+00 0.129628E+02
 0.349143E+00 0.519580E+00 0.129565E+02
 0.348986E+00 0.519601E+00 0.129652E+02
 0.349032E+00 0.519530E+00 0.129558E+02
 0.376186E+00 0.520028E+00 0.165758E+02
 0.349144E+00 0.519578E+00 0.129620E+02
 0.349143E+00 0.519580E+00 0.129724E+02
 0.349143E+00 0.519580E+00 0.129514E+02
 0.349143E+00 0.519632E+00 0.129595E+02
 0.349283E+00 0.519580E+00 0.151686E+02
 0.349134E+00 0.519634E+00 0.129693E+02
 0.349143E+00 0.519580E+00 0.129500E+02
 0.349143E+00 0.519585E+00 0.129539E+02
 0.349142E+00 0.519580E+00 0.129572E+02
 0.373155E+00 0.520044E+00 0.146405E+02
 0.349146E+00 0.519401E+00 0.129601E+02
 0.349144E+00 0.519589E+00 0.129548E+02
 0.349143E+00 0.519580E+00 0.129533E+02
 0.349154E+00 0.519568E+00 0.129567E+02
 0.372856E+00 0.521151E+00 0.143710E+02
 0.349124E+00 0.519658E+00 0.129514E+02
 0.349147E+00 0.519580E+00 0.129672E+02
 0.349144E+00 0.519580E+00 0.129570E+02
 0.349142E+00 0.519583E+00 0.129554E+02
 0.373377E+00 0.511854E+00 0.178750E+02
 0.349139E+00 0.519492E+00 0.129541E+02
 0.349140E+00 0.519551E+00 0.129644E+02
 0.349146E+00 0.519582E+00 0.129643E+02
 0.349141E+00 0.519578E+00 0.129633E+02
 0.373511E+00 0.519574E+00 0.147454E+02
 0.349141E+00 0.519597E+00 0.129711E+02
 0.349141E+00 0.519483E+00 0.129628E+02
 0.348969E+00 0.519571E+00 0.129682E+02
 0.349202E+00 0.519560E+00 0.152694E+02
 0.349144E+00 0.519580E+00 0.129523E+02
 0.349143E+00 0.519580E+00 0.129599E+02
 0.349283E+00 0.519615E+00 0.152604E+02
 0.349144E+00 0.519580E+00 0.129652E+02
 0.349140E+00 0.519349E+00 0.134228E+02
 0.349053E+00 0.519480E+00 0.129656E+02
 0.349124E+00 0.519598E+00 0.129590E+02
 0.349140E+00 0.519580E+00 0.129665E+02
 0.349144E+00 0.519580E+00 0.129558E+02
 0.349141E+00 0.519580E+00 0.129526E+02
 0.349149E+00 0.519578E+00 0.129596E+02
 0.349204E+00 0.519580E+00 0.152226E+02
 0.349114E+00 0.519676E+00 0.129571E+02
 0.349143E+00 0.519580E+00 0.129532E+02
 0.349141E+00 0.519580E+00 0.129504E+02
 0.349215E+00 0.519551E+00 0.152146E+02
 0.349138E+00 0.519596E+00 0.129679E+02
 0.348981E+00 0.519580E+00 0.129670E+02
 0.349137E+00 0.519658E+00 0.129592E+02
 0.349157E+00 0.519536E+00 0.129610E+02
 0.349146E+00 0.519580E+00 0.129602E+02
 0.349145E+00 0.519579E+00 0.129580E+02
 0.349143E+00 0.519580E+00 0.129536E+02
 0.349143E+00 0.519580E+00 0.129546E+02
 0.349144E+00 0.519583E+00 0.129661E+02
 0.349028E+00 0.519620E+00 0.129624E+02
 0.348984E+00 0.519700E+00 0.129880E+02
 0.349001E+00 0.519579E+00 0.129576E+02
 0.349144E+00 0.519581E+00 0.129599E+02
 0.349142E+00 0.519580E+00 0.129542E+02
 0.349143E+00 0.519169E+00 0.134004E+02
 0.349140E+00 0.519463E+00 0.129575E+02
 0.349143E+00 0.519617E+00 0.129505E+02
 0.349082E+00 0.519595E+00 0.129579E+02
 0.349141E+00 0.519580E+00 0.129547E+02
 0.349143E+00 0.519582E+00 0.129614E+02
 0.349143E+00 0.519581E+00 0.129511E+02
 0.349150E+00 0.519575E+00 0.129494E+02
 0.349143E+00 0.520115E+00 0.155618E+02
 0.349141E+00 0.519705E+00 0.129654E+02
 0.349149E+00 0.519588E+00 0.129726E+02
 0.349210E+00 0.519496E+00 0.152547E+02
 0.349145E+00 0.519580E+00 0.129515E+02
 0.349142E+00 0.519580E+00 0.129642E+02
 0.349143E+00 0.520277E+00 0.158063E+02
 0.349146E+00 0.519869E+00 0.129704E+02
 0.349139E+00 0.519463E+00 0.129608E+02
 0.349167E+00 0.519581E+00 0.129516E+02
 0.349157E+00 0.519544E+00 0.129604E+02
 0.349149E+00 0.519580E+00 0.129566E+02
 0.349143E+00 0.519580E+00 0.129554E+02
 0.349136E+00 0.519596E+00 0.129587E+02
 0.349103E+00 0.519581E+00 0.129633E+02
 0.349143E+00 0.519579E+00 0.129660E+02
 0.349142E+00 0.519580E+00 0.129692E+02
 0.349155E+00 0.519588E+00 0.129579E+02
 0.349172E+00 0.519811E+00 0.154385E+02
 0.349166E+00 0.519552E+00 0.129630E+02
 0.349081E+00 0.519605E+00 0.129662E+02
 0.349144E+00 0.519580E+00 0.129632E+02
 0.349144E+00 0.519581E+00 0.129558E+02
 0.349143E+00 0.519580E+00 0.129538E+02
 0.349142E+00 0.519581E+00 0.129646E+02
 0.349143E+00 0.519562E+00 0.129612E+02
 0.349098E+00 0.519622E+00 0.129537E+02
 0.349144E+00 0.519581E+00 0.129626E+02
 0.349144E+00 0.519582E+00 0.129608E+02
 0.348858E+00 0.519635E+00 0.180686E+02
 0.349135E+00 0.519578E+00 0.129563E+02
 0.349143E+00 0.520006E+00 0.155174E+02
 0.349143E+00 0.519962E+00 0.130129E+02
 0.374304E+00 0.523118E+00 0.154148E+02
 0.349205E+00 0.519609E+00 0.152125E+02
 0.349144E+00 0.519581E+00 0.129598E+02
 0.349143E+00 0.519581E+00 0.129514E+02
 0.349141E+00 0.519595E+00 0.129684E+02
 0.349143E+00 0.519957E+00 0.130140E+02
 0.348999E+00 0.519570E+00 0.129575E+02
 0.349161E+00 0.519484E+00 0.129553E+02
 0.349133E+00 0.519581E+00 0.129551E+02
 0.349129E+00 0.519693E+00 0.129535E+02
 0.349052E+00 0.519590E+00 0.129644E+02
 0.349151E+00 0.519580E+00 0.129536E+02
 0.349143E+00 0.519579E+00 0.129564E+02
 0.349143E+00 0.519583E+00 0.129524E+02
 0.349143E+00 0.519579E+00 0.129604E+02
 0.349143E+00 0.519580E+00 0.129517E+02
 0.349144E+00 0.519580E+00 0.129624E+02
 0.349149E+00 0.519602E+00 0.129613E+02
 0.348948E+00 0.519795E+00 0.129775E+02
 0.349178E+00 0.519643E+00 0.152844E+02
 0.349051E+00 0.519521E+00 0.129599E+02
 0.349144E+00 0.519503E+00 0.129552E+02
 0.348984E+00 0.519852E+00 0.129687E+02
 0.349143E+00 0.519581E+00 0.129663E+02
 0.349145E+00 0.519582E+00 0.129538E+02
 0.349144E+00 0.519586E+00 0.129606E+02
 0.349145E+00 0.519581E+00 0.129523E+02
 0.349143E+00 0.519580E+00 0.129513E+02
 0.349149E+00 0.519572E+00 0.129654E+02
 0.349171E+00 0.519580E+00 0.129503E+02
 0.349144E+00 0.519581E+00 0.129604E+02
 0.349143E+00 0.519811E+00 0.129689E+02
 0.348977E+00 0.519623E+00 0.129717E+02
 0.349144E+00 0.519580E+00 0.129548E+02
 0.349144E+00 0.519579E+00 0.129494E+02
 0.349166E+00 0.519581E+00 0.129705E+02
 0.349144E+00 0.519772E+00 0.129636E+02
 0.349162E+00 0.519728E+00 0.129689E+02
 0.349153E+00 0.519546E+00 0.129870E+02
 0.349123E+00 0.519641E+00 0.129527E+02
 0.349067E+00 0.519531E+00 0.129581E+02
 0.349143E+00 0.519580E+00 0.129516E+02
 0.349143E+00 0.519584E+00 0.129585E+02
 0.349158E+00 0.519607E+00 0.129603E+02
 0.349144E+00 0.519430E+00 0.129559E+02
 0.349158E+00 0.519580E+00 0.129609E+02
 0.349124E+00 0.519541E+00 0.129640E+02
 0.349147E+00 0.519569E+00 0.129571E+02
 0.349143E+00 0.519579E+00 0.129509E+02
 0.349143E+00 0.519583E+00 0.129541E+02
 0.349144E+00 0.519579E+00 0.129638E+02
 0.349121E+00 0.519615E+00 0.129613E+02
 0.349143E+00 0.519295E+00 0.134231E+02
 0.349143E+00 0.519660E+00 0.129565E+02
 0.348957E+00 0.519743E+00 0.129770E+02
 0.349195E+00 0.519580E+00 0.152773E+02
 0.349146E+00 0.519580E+00 0.129564E+02
 0.349144E+00 0.519582E+00 0.129587E+02
 0.349143E+00 0.519580E+00 0.129562E+02
 0.349139E+00 0.519580E+00 0.129639E+02
 0.349131E+00 0.519606E+00 0.129567E+02
 0.349143E+00 0.519879E+00 0.129653E+02
 0.349143E+00 0.519763E+00 0.129613E+02
 0.349013E+00 0.519434E+00 0.129632E+02
 0.349076E+00 0.519685E+00 0.129516E+02
 0.349101E+00 0.519579E+00 0.129507E+02
 0.349144E+00 0.519581E+00 0.129585E+02
 0.349145E+00 0.519579E+00 0.129677E+02
 0.349144E+00 0.519582E+00 0.129599E+02
 0.349142E+00 0.519587E+00 0.129658E+02
 0.349143E+00 0.519509E+00 0.129568E+02
 0.349238E+00 0.519494E+00 0.152571E+02
 0.348964E+00 0.519642E+00 0.129812E+02
 0.349143E+00 0.519581E+00 0.129574E+02
 0.349147E+00 0.519581E+00 0.129647E+02
 0.349161E+00 0.519579E+00 0.129501E+02
 0.349143E+00 0.519847E+00 0.129830E+02
 0.349144E+00 0.519373E+00 0.129651E+02
 0.349132E+00 0.519580E+00 0.129585E+02
 0.349159E+00 0.519571E+00 0.129600E+02
 0.349143E+00 0.519580E+00 0.129664E+02
 0.349144E+00 0.519580E+00 0.129493E+02
 0.349162E+00 0.519518E+00 0.129689E+02
 0.349199E+00 0.519650E+00 0.153265E+02
 0.374686E+00 0.520638E+00 0.152033E+02
 0.349143E+00 0.519585E+00 0.129576E+02
 0.349698E+00 0.515975E+00 0.140066E+02
 0.349143E+00 0.519580E+00 0.129557E+02
 0.349137E+00 0.519580E+00 0.129536E+02
 0.349133E+00 0.519601E+00 0.129570E+02
 0.349143E+00 0.519829E+00 0.129591E+02
 0.349148E+00 0.519580E+00 0.129574E+02
 0.348984E+00 0.519676E+00 0.129635E+02
 0.374141E+00 0.520816E+00 0.147430E+02
 0.349144E+00 0.519587E+00 0.129522E+02
 0.349140E+00 0.519580E+00 0.129521E+02
 0.349122E+00 0.519600E+00 0.129556E+02
 0.372668E+00 0.520777E+00 0.142821E+02
 0.349193E+00 0.519580E+00 0.152870E+02
 0.349048E+00 0.519646E+00 0.129896E+02
 0.349145E+00 0.519581E+00 0.129518E+02
 0.349144E+00 0.519586E+00 0.129535E+02
 0.349143E+00 0.519745E+00 0.129597E+02
 0.349185E+00 0.519580E+00 0.152970E+02
 0.349216E+00 0.519627E+00 0.152911E+02
 0.349147E+00 0.519581E+00 0.129544E+02
 0.379533E+00 0.500187E+00 0.168372E+02
 0.349143E+00 0.519580E+00 0.129663E+02
 0.349144E+00 0.519579E+00 0.129650E+02
 0.349144E+00 0.519581E+00 0.129521E+02
 0.349124E+00 0.519580E+00 0.129574E+02
 0.349123E+00 0.519555E+00 0.129670E+02
 0.349144E+00 0.519582E+00 0.129562E+02
 0.349144E+00 0.519578E+00 0.129599E+02
 0.349144E+00 0.519982E+00 0.155517E+02
 0.349052E+00 0.519566E+00 0.129571E+02
 0.349158E+00 0.519548E+00 0.129526E+02
 0.349164E+00 0.519580E+00 0.129625E+02
 0.374673E+00 0.519682E+00 0.149983E+02
 0.349143E+00 0.519580E+00 0.129525E+02
 0.349143E+00 0.519577E+00 0.129595E+02
 0.349133E+00 0.519591E+00 0.129528E+02
 0.349144E+00 0.519924E+00 0.129788E+02
 0.349149E+00 0.519777E+00 0.129597E+02
 0.349143E+00 0.519580E+00 0.129582E+02
 0.349144E+00 0.519582E+00 0.129520E+02
 0.349142E+00 0.519585E+00 0.129582E+02
 0.349143E+00 0.519478E+00 0.129665E+02
 0.349142E+00 0.519362E+00 0.129596E+02
 0.349112E+00 0.519580E+00 0.129501E+02
 0.349166E+00 0.519670E+00 0.129586E+02
 0.349143E+00 0.519580E+00 0.129622E+02
 0.373517E+00 0.521756E+00 0.146401E+02
 0.349144E+00 0.519581E+00 0.129559E+02
 0.349144E+00 0.519452E+00 0.129557E+02
 0.349148E+00 0.519604E+00 0.129549E+02
 0.349154E+00 0.519469E+00 0.129594E+02
 0.356666E+00 0.505125E+00 0.174285E+02
 0.349145E+00 0.519581E+00 0.129603E+02
 0.349143E+00 0.519577E+00 0.129604E+02
 0.349143E+00 0.519580E+00 0.129517E+02
 0.349150E+00 0.519588E+00 0.129664E+02
 0.349018E+00 0.519595E+00 0.129617E+02
 0.360125E+00 0.504570E+00 0.143547E+02
 0.349143E+00 0.519581E+00 0.129610E+02
 0.349143E+00 0.519576E+00 0.129631E+02
 0.349143E+00 0.519580E+00 0.129582E+02
 0.349158E+00 0.519446E+00 0.129595E+02
 0.349219E+00 0.519580E+00 0.153266E+02
 0.349068E+00 0.519682E+00 0.129578E+02
 0.349120E+00 0.519573E+00 0.129556E+02
 0.349144E+00 0.519579E+00 0.129627E+02
 0.349143E+00 0.519580E+00 0.129554E+02
 0.349139E+00 0.519580E+00 0.129653E+02
 0.349165E+00 0.519787E+00 0.154594E+02
 0.349133E+00 0.519584E+00 0.129639E+02
 0.349144E+00 0.519587E+00 0.129616E+02
 0.349144E+00 0.519581E+00 0.129581E+02
 0.349146E+00 0.519580E+00 0.129631E+02
 0.349148E+00 0.519588E+00 0.129680E+02
 0.349152E+00 0.519523E+00 0.129585E+02
 0.349153E+00 0.519665E+00 0.129641E+02
 0.349032E+00 0.519580E+00 0.129892E+02
 0.349165E+00 0.519714E+00 0.129652E+02
 0.349144E+00 0.519582E+00 0.129559E+02
 0.349143E+00 0.519578E+00 0.129613E+02
 0.349144E+00 0.519582E+00 0.129589E+02
 0.349143E+00 0.519580E+00 0.129583E+02
 0.349151E+00 0.519588E+00 0.129626E+02
 0.349143E+00 0.519417E+00 0.129589E+02
 0.349329E+00 0.519597E+00 0.151582E+02
 0.349129E+00 0.519567E+00 0.129572E+02
 0.349143E+00 0.519580E+00 0.129562E+02
 0.374343E+00 0.519763E+00 0.145138E+02
 0.373336E+00 0.527307E+00 0.159200E+02
 0.349143E+00 0.519581E+00 0.129711E+02
 0.349139E+00 0.519581E+00 0.129577E+02
 0.349143E+00 0.519594E+00 0.129610E+02
 0.349143E+00 0.519767E+00 0.129621E+02
 0.349145E+00 0.519580E+00 0.129519E+02
 0.349143E+00 0.519580E+00 0.129634E+02
 0.349143E+00 0.519579E+00 0.129524E+02
 0.349143E+00 0.519580E+00 0.129582E+02
 0.349138E+00 0.519598E+00 0.129666E+02
 0.349142E+00 0.519748E+00 0.129552E+02
 0.349217E+00 0.519557E+00 0.152827E+02
 0.349166E+00 0.519604E+00 0.129605E+02
 0.349147E+00 0.519580E+00 0.129638E+02
 0.349143E+00 0.519580E+00 0.129665E+02
 0.349140E+00 0.519580E+00 0.129530E+02
 0.375862E+00 0.520382E+00 0.161105E+02
 0.349144E+00 0.519699E+00 0.129653E+02
 0.349157E+00 0.519545E+00 0.129562E+02
 0.349144E+00 0.519580E+00 0.129538E+02
 0.349143E+00 0.519588E+00 0.129649E+02
 0.349149E+00 0.519580E+00 0.129586E+02
 0.373132E+00 0.520287E+00 0.146104E+02
 0.349143E+00 0.519485E+00 0.129595E+02
 0.349143E+00 0.519580E+00 0.129508E+02
 0.349143E+00 0.519576E+00 0.129607E+02
 0.349143E+00 0.519580E+00 0.129538E+02
 0.349146E+00 0.519581E+00 0.129585E+02
 0.349143E+00 0.519600E+00 0.129665E+02
 0.349145E+00 0.520260E+00 0.158400E+02
 0.349141E+00 0.519545E+00 0.129596E+02
 0.349140E+00 0.519549E+00 0.129533E+02
 0.349339E+00 0.519630E+00 0.151521E+02
 0.349143E+00 0.519580E+00 0.129604E+02
 0.349142E+00 0.519588E+00 0.129532E+02
 0.349145E+00 0.519577E+00 0.129693E+02
 0.349148E+00 0.519579E+00 0.129629E+02
 0.349141E+00 0.519593E+00 0.129700E+02
 0.373296E+00 0.521952E+00 0.142718E+02
 0.349142E+00 0.519609E+00 0.129575E+02
 0.349010E+00 0.519555E+00 0.129621E+02
 0.349069E+00 0.519580E+00 0.129513E+02
 0.349121E+00 0.519754E+00 0.129498E+02
 0.349143E+00 0.519595E+00 0.129545E+02
 0.349147E+00 0.519581E+00 0.129640E+02
 0.349140E+00 0.519580E+00 0.129679E+02
 0.349153E+00 0.519585E+00 0.129557E+02
 0.349143E+00 0.519632E+00 0.129559E+02
 0.349146E+00 0.519580E+00 0.129525E+02
 0.349143E+00 0.519572E+00 0.129610E+02
 0.349138E+00 0.519580E+00 0.129571E+02
 0.349143E+00 0.519547E+00 0.129554E+02
 0.349140E+00 0.519650E+00 0.129530E+02
 0.349166E+00 0.519593E+00 0.129524E+02
 0.349044E+00 0.519607E+00 0.129607E+02
 0.349143E+00 0.519580E+00 0.129538E+02
 0.349147E+00 0.519587E+00 0.129518E+02
 0.349205E+00 0.519566E+00 0.152208E+02
 0.349167E+00 0.519581E+00 0.129590E+02
 0.349354E+00 0.519580E+00 0.151050E+02
 0.349116E+00 0.519673E+00 0.129482E+02
 0.349184E+00 0.519581E+00 0.153258E+02
 0.349145E+00 0.519580E+00 0.129640E+02
 0.349145E+00 0.519575E+00 0.129610E+02
 0.349143E+00 0.519580E+00 0.129538E+02
 0.349142E+00 0.519580E+00 0.129538E+02
 0.349032E+00 0.519580E+00 0.129586E+02
 0.381210E+00 0.507572E+00 0.168924E+02
 0.349071E+00 0.519559E+00 0.129634E+02
 0.349144E+00 0.519580E+00 0.129541E+02
 0.349147E+00 0.519576E+00 0.129639E+02
 0.349146E+00 0.519580E+00 0.129562E+02
 0.349148E+00 0.519598E+00 0.129559E+02
 0.349144E+00 0.520113E+00 0.156551E+02
 0.348945E+00 0.519560E+00 0.181206E+02
 0.349133E+00 0.519779E+00 0.129916E+02
 0.349143E+00 0.519580E+00 0.129540E+02
 0.374267E+00 0.527059E+00 0.156369E+02
 0.349141E+00 0.519580E+00 0.129497E+02
 0.349143E+00 0.519580E+00 0.129554E+02
 0.349136E+00 0.519580E+00 0.129579E+02
 0.349143E+00 0.519596E+00 0.129706E+02
 0.349144E+00 0.519586E+00 0.129608E+02
 0.349143E+00 0.519580E+00 0.129517E+02
 0.349144E+00 0.518893E+00 0.165332E+02
 0.349152E+00 0.519513E+00 0.129625E+02
 0.349142E+00 0.519664E+00 0.129566E+02
 0.349147E+00 0.519580E+00 0.129578E+02
 0.349143E+00 0.519580E+00 0.129635E+02
 0.349143E+00 0.519574E+00 0.129529E+02
 0.349147E+00 0.519580E+00 0.129622E+02
 0.349145E+00 0.519580E+00 0.129530E+02
 0.349145E+00 0.519592E+00 0.129679E+02
 0.349143E+00 0.519729E+00 0.129755E+02
 0.349143E+00 0.519708E+00 0.129655E+02
 0.349196E+00 0.519573E+00 0.152557E+02
 0.349100E+00 0.519675E+00 0.129650E+02
 0.349144E+00 0.519580E+00 0.129599E+02
 0.349146E+00 0.519580E+00 0.129710E+02
 0.349143E+00 0.519580E+00 0.129516E+02
 0.349137E+00 0.519580E+00 0.129514E+02
 0.349143E+00 0.519552E+00 0.129537E+02
 0.349145E+00 0.519580E+00 0.129631E+02
 0.349145E+00 0.519583E+00 0.129513E+02
 0.349145E+00 0.519580E+00 0.129522E+02
 0.349148E+00 0.519599E+00 0.129570E+02
 0.349055E+00 0.519560E+00 0.129528E+02
 0.349144E+00 0.519581E+00 0.129604E+02
 0.349148E+00 0.519577E+00 0.129609E+02
 0.349143E+00 0.519705E+00 0.129748E+02
 0.349053E+00 0.519590E+00 0.129578E+02
 0.349143E+00 0.519571E+00 0.129630E+02
 0.349144E+00 0.519579E+00 0.129563E+02
 0.349143E+00 0.519580E+00 0.129540E+02
 0.349142E+00 0.519580E+00 0.129640E+02
 0.349144E+00 0.519580E+00 0.129652E+02
 0.349143E+00 0.519535E+00 0.129638E+02
 0.349056E+00 0.519574E+00 0.129636E+02
 0.349098E+00 0.519709E+00 0.129676E+02
 0.349144E+00 0.519577E+00 0.129639E+02
 0.349143E+00 0.519893E+00 0.129831E+02
 0.349018E+00 0.519571E+00 0.129660E+02
 0.349142E+00 0.519580E+00 0.129638E+02
 0.349144E+00 0.519584E+00 0.129607E+02
 0.349148E+00 0.519581E+00 0.129676E+02
 0.349139E+00 0.519580E+00 0.129563E+02
 0.349161E+00 0.519540E+00 0.129547E+02
 0.349140E+00 0.519560E+00 0.129616E+02
 0.349145E+00 0.519582E+00 0.129645E+02
 0.380348E+00 0.519299E+00 0.150575E+02
 0.349143E+00 0.519580E+00 0.129534E+02
 0.349144E+00 0.519544E+00 0.129668E+02
 0.349018E+00 0.519580E+00 0.129690E+02
 0.349161E+00 0.519636E+00 0.129507E+02
 0.349143E+00 0.519580E+00 0.129609E+02
 0.349143E+00 0.519580E+00 0.129539E+02
 0.373319E+00 0.519849E+00 0.147411E+02
 0.349106E+00 0.519580E+00 0.129603E+02
 0.349142E+00 0.519579E+00 0.129652E+02
 0.349144E+00 0.519576E+00 0.129581E+02
 0.349144E+00 0.519563E+00 0.129606E+02
 0.349152E+00 0.519580E+00 0.129681E+02
 0.349143E+00 0.519580E+00 0.129554E+02
 0.349144E+00 0.519581E+00 0.129678E+02
 0.349142E+00 0.519601E+00 0.129578E+02
 0.349182E+00 0.519569E+00 0.129623E+02
 0.349235E+00 0.519579E+00 0.152305E+02
 0.382263E+00 0.507203E+00 0.178217E+02
 0.349144E+00 0.519578E+00 0.129572E+02
 0.349143E+00 0.519573E+00 0.129587E+02
 0.349149E+00 0.519581E+00 0.129629E+02
 0.349136E+00 0.519580E+00 0.129509E+02
 0.349191E+00 0.519519E+00 0.151634E+02
 0.349129E+00 0.519607E+00 0.129530E+02
 0.349134E+00 0.519574E+00 0.129595E+02
 0.349145E+00 0.519580E+00 0.129538E+02
 0.349143E+00 0.519585E+00 0.129629E+02
 0.349143E+00 0.519580E+00 0.129581E+02
 0.374148E+00 0.522529E+00 0.149826E+02
 0.349143E+00 0.519503E+00 0.129539E+02
 0.349144E+00 0.519557E+00 0.129533E+02
 0.349122E+00 0.519537E+00 0.129567E+02
 0.349164E+00 0.519512E+00 0.129600E+02
 0.349143E+00 0.519588E+00 0.129520E+02
 0.349143E+00 0.519580E+00 0.129582E+02
 0.349146E+00 0.519580E+00 0.129618E+02
 0.349148E+00 0.519582E+00 0.129573E+02
 0.349143E+00 0.519538E+00 0.129605E+02
 0.349092E+00 0.519748E+00 0.129583E+02
 0.349148E+00 0.519566E+00 0.129617E+02
 0.349143E+00 0.519579E+00 0.129628E+02
 0.368096E+00 0.521473E+00 0.177732E+02
 0.349146E+00 0.519580E+00 0.129711E+02
 0.349143E+00 0.519580E+00 0.129543E+02
 0.349141E+00 0.519599E+00 0.129530E+02
 0.404688E+00 0.517582E+00 0.182406E+02
 0.349129E+00 0.519739E+00 0.129500E+02
 0.349144E+00 0.519578E+00 0.129591E+02
 0.349143E+00 0.519580E+00 0.129635E+02
 0.349138E+00 0.519580E+00 0.129692E+02
 0.349144E+00 0.519580E+00 0.129598E+02
 0.349075E+00 0.519615E+00 0.129521E+02
 0.349143E+00 0.519580E+00 0.129534E+02
 0.349143E+00 0.519549E+00 0.129620E+02
 0.349054E+00 0.519539E+00 0.129592E+02
 0.349195E+00 0.519581E+00 0.152822E+02
 0.349144E+00 0.519580E+00 0.129571E+02
 0.349167E+00 0.519580E+00 0.129516E+02
 0.349074E+00 0.519690E+00 0.129541E+02
 0.374010E+00 0.522023E+00 0.146805E+02
 0.349132E+00 0.519572E+00 0.129525E+02
 0.349148E+00 0.519580E+00 0.129622E+02
 0.349141E+00 0.519581E+00 0.129508E+02
 0.349143E+00 0.519522E+00 0.129543E+02
 0.349126E+00 0.519516E+00 0.129673E+02
 0.349136E+00 0.519586E+00 0.129669E+02
 0.349145E+00 0.519580E+00 0.129522E+02
 0.349143E+00 0.519579E+00 0.129585E+02
 0.373623E+00 0.519409E+00 0.143337E+02
 0.349146E+00 0.519580E+00 0.129592E+02
 0.349144E+00 0.519580E+00 0.129671E+02
 0.349142E+00 0.519580E+00 0.129673E+02
 0.349112E+00 0.519587E+00 0.129500E+02
 0.349143E+00 0.519580E+00 0.129540E+02
 0.349143E+00 0.519758E+00 0.129592E+02
 0.349098E+00 0.519553E+00 0.129605E+02
 0.349211E+00 0.519580E+00 0.151943E+02
 0.349122E+00 0.519649E+00 0.129515E+02
 0.349141E+00 0.519580E+00 0.129532E+02
 0.349144E+00 0.519581E+00 0.129518E+02
 0.349144E+00 0.519618E+00 0.129521E+02
 0.349102E+00 0.519580E+00 0.129626E+02
 0.349128E+00 0.519757E+00 0.129899E+02
 0.349143E+00 0.519580E+00 0.129521E+02
 0.349144E+00 0.519581E+00 0.129645E+02
 0.349145E+00 0.519580E+00 0.129538E+02
 0.349052E+00 0.519572E+00 0.129661E+02
 0.349145E+00 0.519582E+00 0.129655E+02
 0.349143E+00 0.519562E+00 0.129863E+02
 0.349144E+00 0.519612E+00 0.129679E+02
 0.349192E+00 0.519626E+00 0.152919E+02
 0.349097E+00 0.519703E+00 0.129565E+02
 0.349149E+00 0.519580E+00 0.129567E+02
 0.349161E+00 0.519617E+00 0.129543E+02
 0.349077E+00 0.519580E+00 0.129550E+02
 0.349121E+00 0.519460E+00 0.129636E+02
 0.349144E+00 0.519576E+00 0.129525E+02
 0.349143E+00 0.519572E+00 0.129512E+02
 0.349144E+00 0.519580E+00 0.129650E+02
 0.349279E+00 0.519547E+00 0.151796E+02
 0.349141E+00 0.519580E+00 0.129537E+02
 0.379711E+00 0.515834E+00 0.174154E+02
 0.349107E+00 0.519433E+00 0.129624E+02
 0.349123E+00 0.519568E+00 0.129599E+02
 0.349144E+00 0.519580E+00 0.129672E+02
 0.349144E+00 0.519581E+00 0.129549E+02
 0.349143E+00 0.519603E+00 0.129660E+02
 0.349158E+00 0.520620E+00 0.159641E+02
 0.349143E+00 0.519580E+00 0.129515E+02
 0.349143E+00 0.519704E+00 0.129611E+02
 0.349135E+00 0.519514E+00 0.129574E+02
 0.349114E+00 0.519668E+00 0.129588E+02
 0.349143E+00 0.519621E+00 0.129647E+02
 0.349143E+00 0.519580E+00 0.129563E+02
 0.349140E+00 0.519559E+00 0.129692E+02
 0.349154E+00 0.519580E+00 0.129494E+02
 0.374691E+00 0.528504E+00 0.163638E+02
 0.349231E+00 0.519557E+00 0.152241E+02
 0.349143E+00 0.519580E+00 0.129539E+02
 0.349143E+00 0.519556E+00 0.129577E+02
 0.374722E+00 0.528398E+00 0.163494E+02
 0.349081E+00 0.519566E+00 0.129508E+02
 0.349199E+00 0.519569E+00 0.152204E+02
 0.349142E+00 0.519597E+00 0.129628E+02
 0.349136E+00 0.519580E+00 0.129619E+02
 0.349145E+00 0.519585E+00 0.129699E+02
 0.349143E+00 0.519580E+00 0.129518E+02
 0.349143E+00 0.519580E+00 0.129624E+02
 0.349144E+00 0.519581E+00 0.129650E+02
 0.349116E+00 0.519608E+00 0.129534E+02
 0.349144E+00 0.519582E+00 0.129718E+02
 0.349146E+00 0.519577E+00 0.129594E+02
 0.349143E+00 0.519622E+00 0.129664E+02
 0.349143E+00 0.519580E+00 0.129527E+02
 0.349143E+00 0.519580E+00 0.129580E+02
 0.349143E+00 0.519764E+00 0.129761E+02
 0.349151E+00 0.519539E+00 0.129565E+02
 0.349126E+00 0.519600E+00 0.129609E+02
 0.349145E+00 0.519582E+00 0.129494E+02
 0.349131E+00 0.521418E+00 0.168541E+02
 0.349142E+00 0.519595E+00 0.129550E+02
 0.349143E+00 0.519674E+00 0.129645E+02
 0.349143E+00 0.519607E+00 0.129563E+02
 0.349157E+00 0.519538E+00 0.129589E+02
 0.349070E+00 0.519679E+00 0.129621E+02
 0.349143E+00 0.519579E+00 0.129608E+02
 0.349144E+00 0.519515E+00 0.129589E+02
 0.349145E+00 0.519580E+00 0.129686E+02
 0.349143E+00 0.519580E+00 0.129538E+02
 0.349144E+00 0.519605E+00 0.129702E+02
 0.349084E+00 0.519614E+00 0.129644E+02
 0.400330E+00 0.519345E+00 0.174651E+02
 0.349137E+00 0.519580E+00 0.129633E+02
 0.348998E+00 0.520564E+00 0.131188E+02
 0.349143E+00 0.519580E+00 0.129534E+02
 0.349141E+00 0.519580E+00 0.129524E+02
 0.349153E+00 0.519584E+00 0.129702E+02
 0.349144E+00 0.519602E+00 0.129679E+02
 0.349088E+00 0.519618E+00 0.129494E+02
 0.349096E+00 0.519580E+00 0.129523E+02
 0.349113E+00 0.519400E+00 0.134120E+02
 0.349126E+00 0.519591E+00 0.129710E+02
 0.349143E+00 0.519580E+00 0.129595E+02
 0.373473E+00 0.520786E+00 0.146380E+02
 0.349147E+00 0.519578E+00 0.129577E+02
 0.349163E+00 0.519598E+00 0.129605E+02
 0.349137E+00 0.519732E+00 0.129531E+02
 0.349144E+00 0.519582E+00 0.129538E+02
 0.349145E+00 0.519582E+00 0.129666E+02
 0.349144E+00 0.519653E+00 0.129661E+02
 0.349188E+00 0.519600E+00 0.152244E+02
 0.349159E+00 0.519470E+00 0.129547E+02
 0.349143E+00 0.519901E+00 0.129761E+02
 0.349160E+00 0.519580E+00 0.129556E+02
 0.349143E+00 0.519643E+00 0.129745E+02
 0.349144E+00 0.519579E+00 0.129510E+02
 0.372140E+00 0.523930E+00 0.140573E+02
 0.349110E+00 0.519565E+00 0.129563E+02
 0.349144E+00 0.519580E+00 0.129570E+02
 0.349143E+00 0.519580E+00 0.129583E+02
 0.349139E+00 0.519580E+00 0.129544E+02
 0.349026E+00 0.519580E+00 0.129677E+02
 0.349095E+00 0.519580E+00 0.129540E+02
 0.349125E+00 0.519360E+00 0.134120E+02
 0.349143E+00 0.519580E+00 0.129592E+02
 0.349146E+00 0.519581E+00 0.129543E+02
 0.349143E+00 0.519495E+00 0.129579E+02
 0.349143E+00 0.519580E+00 0.129534E+02
 0.349143E+00 0.519688E+00 0.129558E+02
 0.349146E+00 0.519580E+00 0.129637E+02
 0.349138E+00 0.519499E+00 0.129539E+02
 0.349145E+00 0.519580E+00 0.129513E+02
 0.349120E+00 0.519583E+00 0.129595E+02
 0.349144E+00 0.519580E+00 0.129630E+02
 0.349154E+00 0.519626E+00 0.129527E+02
 0.349139E+00 0.519520E+00 0.129607E+02
 0.349136E+00 0.519580E+00 0.129561E+02
 0.349155E+00 0.519894E+00 0.129819E+02
 0.349127E+00 0.519555E+00 0.129579E+02
 0.349143E+00 0.519652E+00 0.129595E+02
 0.349143E+00 0.519665E+00 0.129587E+02
 0.349143E+00 0.519633E+00 0.129679E+02
 0.349153E+00 0.519580E+00 0.129526E+02
 0.349141E+00 0.519581E+00 0.129615E+02
 0.349143E+00 0.519621E+00 0.129579E+02
 0.349125E+00 0.519581E+00 0.129900E+02
 0.349143E+00 0.519580E+00 0.129539E+02
 0.349140E+00 0.519580E+00 0.129609E+02
 0.349143E+00 0.519585E+00 0.129558E+02
 0.349072E+00 0.519543E+00 0.129616E+02
 0.349106E+00 0.519580E+00 0.129872E+02
 0.349096E+00 0.519656E+00 0.129558E+02
 0.349139E+00 0.519720E+00 0.129617E+02
 0.349143E+00 0.519530E+00 0.129636E+02
 0.349142E+00 0.519580E+00 0.129648E+02
 0.349147E+00 0.519587E+00 0.129537E+02
 0.349064E+00 0.519567E+00 0.129564E+02
 0.349143E+00 0.519581E+00 0.129694E+02
 0.349149E+00 0.519581E+00 0.129519E+02
 0.349143E+00 0.519558E+00 0.129565E+02
 0.349142E+00 0.519580E+00 0.129635E+02
 0.349142E+00 0.519583E+00 0.129582E+02
 0.349143E+00 0.519580E+00 0.129538E+02
 0.349145E+00 0.519580E+00 0.129565E+02
 0.349144E+00 0.519611E+00 0.129718E+02
 0.349163E+00 0.519583E+00 0.129516E+02
 0.349143E+00 0.519580E+00 0.129624E+02
 0.373006E+00 0.521282E+00 0.144733E+02
 0.349132E+00 0.519587E+00 0.129571E+02
 0.349143E+00 0.519593E+00 0.129517E+02
 0.349143E+00 0.519727E+00 0.129704E+02
 0.349055E+00 0.519547E+00 0.129548E+02
 0.349156E+00 0.519538E+00 0.129597E+02
 0.349143E+00 0.519580E+00 0.129512E+02
 0.349144E+00 0.519562E+00 0.129668E+02
 0.349139E+00 0.519580E+00 0.129634E+02
 0.349145E+00 0.519573E+00 0.129563E+02
 0.349143E+00 0.519582E+00 0.129531E+02
 0.349143E+00 0.519550E+00 0.129614E+02
 0.349143E+00 0.519580E+00 0.129581E+02
 0.349149E+00 0.519581E+00 0.129643E+02
 0.349066E+00 0.519600E+00 0.129585E+02
 0.349100E+00 0.519463E+00 0.129632E+02
 0.349143E+00 0.519581E+00 0.129592E+02
 0.349143E+00 0.519580E+00 0.129541E+02
 0.349156E+00 0.519590E+00 0.129580E+02
 0.349143E+00 0.519589E+00 0.129501E+02
 0.349027E+00 0.519602E+00 0.129585E+02
 0.349143E+00 0.519580E+00 0.129664E+02
 0.349143E+00 0.519580E+00 0.129665E+02
 0.349145E+00 0.519581E+00 0.129741E+02
 0.349143E+00 0.519579E+00 0.129541E+02
 0.349151E+00 0.519642E+00 0.129595E+02
 0.349131E+00 0.519587E+00 0.129526E+02
 0.349137E+00 0.519581E+00 0.129511E+02
 0.349144E+00 0.519579E+00 0.129641E+02
 0.349118E+00 0.519586E+00 0.129493E+02
 0.349149E+00 0.519553E+00 0.129513E+02
 0.349128E+00 0.519747E+00 0.129581E+02
 0.349149E+00 0.519580E+00 0.129580E+02
 0.373435E+00 0.521820E+00 0.146385E+02
 0.349152E+00 0.518683E+00 0.178651E+02
 0.349142E+00 0.519578E+00 0.129621E+02
 0.349143E+00 0.519580E+00 0.129537E+02
 0.349148E+00 0.519582E+00 0.129552E+02
 0.349143E+00 0.519670E+00 0.129726E+02
 0.349143E+00 0.519586E+00 0.129597E+02
 0.349127E+00 0.519569E+00 0.129583E+02
 0.349123E+00 0.519600E+00 0.129615E+02
 0.349110E+00 0.519760E+00 0.129910E+02
 0.349143E+00 0.519556E+00 0.129596E+02
 0.349159E+00 0.519581E+00 0.129585E+02
 0.349144E+00 0.519581E+00 0.129634E+02
 0.349144E+00 0.519594E+00 0.129605E+02
 0.349137E+00 0.519569E+00 0.129610E+02
 0.349143E+00 0.519580E+00 0.129544E+02
 0.372338E+00 0.523567E+00 0.140524E+02
 0.349143E+00 0.519666E+00 0.129723E+02
 0.349144E+00 0.519578E+00 0.129585E+02
 0.349346E+00 0.519624E+00 0.151150E+02
 0.349158E+00 0.519556E+00 0.129589E+02
 0.349134E+00 0.519609E+00 0.129625E+02
 0.374029E+00 0.527767E+00 0.170738E+02
 0.349156E+00 0.519561E+00 0.129619E+02
 0.349142E+00 0.519581E+00 0.129569E+02
 0.349140E+00 0.519595E+00 0.129618E+02
 0.349143E+00 0.519578E+00 0.129633E+02
 0.349158E+00 0.519527E+00 0.129601E+02
 0.349117E+00 0.519739E+00 0.129503E+02
 0.349118E+00 0.519574E+00 0.129651E+02
 0.349144E+00 0.519565E+00 0.129510E+02
 0.349143E+00 0.519579E+00 0.129597E+02
 0.349143E+00 0.519580E+00 0.129499E+02
 0.349146E+00 0.519580E+00 0.129614E+02
 0.349142E+00 0.519603E+00 0.129589E+02
 0.349143E+00 0.519571E+00 0.129561E+02
 0.349258E+00 0.519592E+00 0.153313E+02
 0.349110E+00 0.519595E+00 0.129619E+02
 0.349147E+00 0.519580E+00 0.129525E+02
 0.349144E+00 0.519533E+00 0.129560E+02
 0.349227E+00 0.518407E+00 0.181773E+02
 0.349143E+00 0.519578E+00 0.129501E+02
 0.349143E+00 0.519580E+00 0.129517E+02
 0.349144E+00 0.519471E+00 0.129609E+02
 0.349118E+00 0.519589E+00 0.129591E+02
 0.349114E+00 0.519545E+00 0.129629E+02
 0.349143E+00 0.519580E+00 0.129615E+02
 0.349144E+00 0.519590E+00 0.129602E+02
 0.349161E+00 0.519595E+00 0.129640E+02
 0.349140E+00 0.519582E+00 0.129665E+02
 0.349147E+00 0.519580E+00 0.129708E+02
 0.349143E+00 0.519580E+00 0.129564E+02
 0.349145E+00 0.519582E+00 0.129542E+02
 0.349091E+00 0.519588E+00 0.129555E+02
 0.349143E+00 0.519580E+00 0.129555E+02
 0.349140E+00 0.519580E+00 0.129696E+02
 0.349167E+00 0.519563E+00 0.129617E+02
 0.349125E+00 0.519644E+00 0.129615E+02
 0.349153E+00 0.519706E+00 0.129738E+02
 0.349134E+00 0.519572E+00 0.129644E+02
 0.349144E+00 0.519581E+00 0.129577E+02
 0.349146E+00 0.519580E+00 0.129504E+02
 0.349143E+00 0.519585E+00 0.129542E+02
 0.349143E+00 0.519580E+00 0.129538E+02
 0.349134E+00 0.519597E+00 0.129549E+02
 0.349143E+00 0.519746E+00 0.129685E+02
 0.379573E+00 0.525499E+00 0.155387E+02
 0.349110E+00 0.519734E+00 0.129664E+02
 0.349134E+00 0.519723E+00 0.129708E+02
 0.349129E+00 0.519563E+00 0.129630E+02
 0.349144E+00 0.519580E+00 0.129502E+02
 0.349146E+00 0.519580E+00 0.129670E+02
 0.349143E+00 0.519580E+00 0.129631E+02
 0.349143E+00 0.519580E+00 0.129535E+02
 0.349143E+00 0.519626E+00 0.129635E+02
 0.374422E+00 0.520051E+00 0.146182E+02
 0.349107E+00 0.519580E+00 0.129617E+02
 0.349143E+00 0.519580E+00 0.129569E+02
 0.349144E+00 0.519570E+00 0.129623E+02
 0.380549E+00 0.498619E+00 0.170637E+02
 0.349128E+00 0.519582E+00 0.129655E+02
 0.349143E+00 0.519580E+00 0.129538E+02
 0.349143E+00 0.519585E+00 0.129681E+02
 0.349092E+00 0.519580E+00 0.129573E+02
 0.349119E+00 0.519574E+00 0.129567E+02
 0.349143E+00 0.519580E+00 0.129531E+02
 0.349143E+00 0.519601E+00 0.129577E+02
 0.349151E+00 0.519581E+00 0.129512E+02
 0.349144E+00 0.519590E+00 0.129608E+02
 0.349165E+00 0.519538E+00 0.129519E+02
 0.349126E+00 0.519570E+00 0.129567E+02
 0.349143E+00 0.519580E+00 0.129591E+02
 0.349143E+00 0.519582E+00 0.129637E+02
 0.349144E+00 0.519581E+00 0.129667E+02
 0.349143E+00 0.519614E+00 0.129629E+02
 0.367816E+00 0.521474E+00 0.172185E+02
 0.349143E+00 0.519640E+00 0.129568E+02
 0.349143E+00 0.519590E+00 0.129522E+02
 0.349153E+00 0.519609E+00 0.129656E+02
 0.349114E+00 0.519562E+00 0.129694E+02
 0.349147E+00 0.519582E+00 0.129543E+02
 0.349143E+00 0.519584E+00 0.129543E+02
 0.349144E+00 0.519580E+00 0.129628E+02
 0.349143E+00 0.519580E+00 0.129581E+02
 0.349141E+00 0.519580E+00 0.129633E+02
 0.349322E+00 0.519610E+00 0.152300E+02
 0.349134E+00 0.519602E+00 0.129644E+02
 0.349120E+00 0.519708E+00 0.129693E+02
 0.349147E+00 0.519609E+00 0.129515E+02
 0.349133E+00 0.519582E+00 0.129692E+02
 0.349144E+00 0.519580E+00 0.129653E+02
 0.349143E+00 0.519580E+00 0.129517E+02
 0.349136E+00 0.519605E+00 0.129572E+02
 0.374149E+00 0.520482E+00 0.145049E+02
 0.349069E+00 0.519580E+00 0.129533E+02
 0.349154E+00 0.519560E+00 0.129602E+02
 0.349132E+00 0.519646E+00 0.129616E+02
 0.349145E+00 0.519580E+00 0.129598E+02
 0.349143E+00 0.519580E+00 0.129555E+02
 0.375312E+00 0.515582E+00 0.153139E+02
 0.349144E+00 0.519579E+00 0.129545E+02
 0.349144E+00 0.519580E+00 0.129595E+02
 0.349133E+00 0.519649E+00 0.129562E+02
 0.349169E+00 0.519573E+00 0.129596E+02
 0.349145E+00 0.519580E+00 0.129565E+02
 0.349143E+00 0.519580E+00 0.129517E+02
 0.349144E+00 0.519580E+00 0.129606E+02
 0.349143E+00 0.519580E+00 0.129555E+02
 0.349144E+00 0.519604E+00 0.129517E+02
 0.349070E+00 0.519609E+00 0.129672E+02
 0.349141E+00 0.519497E+00 0.129542E+02
 0.349094E+00 0.519640E+00 0.129625E+02
 0.349124E+00 0.519677E+00 0.129503E+02
 0.373262E+00 0.519299E+00 0.141614E+02
 0.349144E+00 0.519581E+00 0.129544E+02
 0.349143E+00 0.519573E+00 0.129604E+02
 0.349089E+00 0.519580E+00 0.129642E+02
 0.349137E+00 0.519690E+00 0.129578E+02
 0.349104E+00 0.519559E+00 0.129625E+02
 0.349146E+00 0.519580E+00 0.129566E+02
 0.349150E+00 0.519583E+00 0.129608E+02
 0.349143E+00 0.519580E+00 0.129582E+02
 0.372389E+00 0.523016E+00 0.140610E+02
 0.349143E+00 0.519615E+00 0.129536E+02
 0.349143E+00 0.519585E+00 0.129572E+02
 0.349074E+00 0.519580E+00 0.129532E+02
 0.349138E+00 0.519579E+00 0.129595E+02
 0.349143E+00 0.519580E+00 0.129634E+02
 0.349143E+00 0.519580E+00 0.129520E+02
 0.349143E+00 0.519580E+00 0.129539E+02
 0.349086E+00 0.519600E+00 0.129515E+02
 0.349152E+00 0.519612E+00 0.129528E+02
 0.349078E+00 0.519580E+00 0.129617E+02
 0.349143E+00 0.519580E+00 0.129634E+02
 0.349205E+00 0.519585E+00 0.152031E+02
 0.349143E+00 0.519580E+00 0.129557E+02
 0.349144E+00 0.519580E+00 0.129538E+02
 0.349188E+00 0.519580E+00 0.152264E+02
 0.349098E+00 0.520571E+00 0.160352E+02
 0.349146E+00 0.519580E+00 0.129556E+02
 0.349143E+00 0.519580E+00 0.129686E+02
 0.349146E+00 0.519583E+00 0.129521E+02
 0.349143E+00 0.519585E+00 0.129632E+02
 0.349144E+00 0.519579E+00 0.129600E+02
 0.349060E+00 0.519587E+00 0.129624E+02
 0.349143E+00 0.519580E+00 0.129534E+02
 0.349112E+00 0.519621E+00 0.129622E+02
 0.349150E+00 0.519586E+00 0.129530E+02
 0.348961E+00 0.519585E+00 0.129686E+02
 0.349143E+00 0.519580E+00 0.129497E+02
 0.349142E+00 0.519580E+00 0.129643E+02
 0.349158E+00 0.519612E+00 0.129615E+02
 0.349143E+00 0.519713E+00 0.129652E+02
 0.349085E+00 0.519559E+00 0.129529E+02
 0.349143E+00 0.519580E+00 0.129535E+02
 0.349143E+00 0.519579E+00 0.129642E+02
 0.349143E+00 0.519580E+00 0.129581E+02
 0.349142E+00 0.519580E+00 0.129641E+02
 0.349143E+00 0.519614E+00 0.129576E+02
 0.349146E+00 0.519593E+00 0.129557E+02
 0.349185E+00 0.519581E+00 0.152143E+02
 0.349138E+00 0.519576E+00 0.129555E+02
 0.349144E+00 0.519580E+00 0.129693E+02
 0.349272E+00 0.519583E+00 0.152219E+02
 0.349143E+00 0.519580E+00 0.129580E+02
 0.349143E+00 0.519588E+00 0.129679E+02
 0.349159E+00 0.519580E+00 0.129636E+02
 0.349138E+00 0.519597E+00 0.129589E+02
 0.349144E+00 0.519579E+00 0.129579E+02
 0.349314E+00 0.519583E+00 0.152114E+02
 0.349143E+00 0.519580E+00 0.129606E+02
 0.349151E+00 0.519587E+00 0.129602E+02
 0.349143E+00 0.519687E+00 0.129757E+02
 0.349140E+00 0.519564E+00 0.129527E+02
 0.349130E+00 0.519681E+00 0.129638E+02
 0.349141E+00 0.519674E+00 0.129545E+02
 0.349144E+00 0.519580E+00 0.129562E+02
 0.349143E+00 0.519582E+00 0.129590E+02
 0.349207E+00 0.519580E+00 0.151821E+02
 0.349143E+00 0.519580E+00 0.129540E+02
 0.349111E+00 0.519628E+00 0.129680E+02
 0.349086E+00 0.519558E+00 0.129612E+02
 0.402040E+00 0.517093E+00 0.176652E+02
 0.349147E+00 0.519579E+00 0.129656E+02
 0.349144E+00 0.519580E+00 0.129585E+02
 0.349142E+00 0.519580E+00 0.129539E+02
 0.349143E+00 0.519583E+00 0.129569E+02
 0.349130E+00 0.519522E+00 0.129623E+02
 0.349149E+00 0.519580E+00 0.129519E+02
 0.349144E+00 0.519580E+00 0.129508E+02
 0.349143E+00 0.519574E+00 0.129563E+02
 0.349143E+00 0.519580E+00 0.129587E+02
 0.349144E+00 0.519600E+00 0.129555E+02
 0.349143E+00 0.519661E+00 0.129741E+02
 0.349125E+00 0.519580E+00 0.129693E+02
 0.349117E+00 0.519628E+00 0.129591E+02
 0.349143E+00 0.519580E+00 0.129564E+02
 0.349143E+00 0.519662E+00 0.129626E+02
 0.349143E+00 0.519576E+00 0.129739E+02
 0.349155E+00 0.519585E+00 0.129541E+02
 0.349143E+00 0.519580E+00 0.129583E+02
 0.349136E+00 0.519580E+00 0.129667E+02
 0.349163E+00 0.519554E+00 0.129618E+02
 0.349144E+00 0.519580E+00 0.129630E+02
 0.349143E+00 0.519580E+00 0.129535E+02
 0.349150E+00 0.519633E+00 0.129644E+02
 0.349143E+00 0.519593E+00 0.129537E+02
 0.349301E+00 0.519553E+00 0.151307E+02
 0.349170E+00 0.519555E+00 0.129619E+02
 0.349145E+00 0.519580E+00 0.129519E+02
 0.349141E+00 0.519575E+00 0.129694E+02
 0.349144E+00 0.519580E+00 0.129624E+02
 0.349143E+00 0.519580E+00 0.129582E+02
 0.349141E+00 0.519580E+00 0.129577E+02
 0.349143E+00 0.519595E+00 0.129678E+02
 0.349151E+00 0.519554E+00 0.129633E+02
 0.349080E+00 0.519580E+00 0.129568E+02
 0.349166E+00 0.519573E+00 0.129696E+02
 0.349144E+00 0.519582E+00 0.129608E+02
 0.349202E+00 0.519584E+00 0.152813E+02
 0.349143E+00 0.519580E+00 0.129535E+02
 0.349146E+00 0.519563E+00 0.129568E+02
 0.349139E+00 0.519608E+00 0.129602E+02
 0.349158E+00 0.519577E+00 0.129548E+02
 0.349077E+00 0.519652E+00 0.129583E+02
 0.349130E+00 0.519619E+00 0.129610E+02
 0.349143E+00 0.519580E+00 0.129537E+02
 0.349141E+00 0.519583E+00 0.129638E+02
 0.349052E+00 0.519570E+00 0.129544E+02
 0.349127E+00 0.519633E+00 0.129642E+02
 0.349146E+00 0.519585E+00 0.129610E+02
 0.349143E+00 0.519584E+00 0.129588E+02
 0.349149E+00 0.519605E+00 0.129680E+02
 0.349124E+00 0.519560E+00 0.129578E+02
 0.349135E+00 0.519587E+00 0.129557E+02
 0.349143E+00 0.519580E+00 0.129658E+02
 0.349144E+00 0.519570E+00 0.129580E+02
 0.349077E+00 0.519580E+00 0.129633E+02
 0.349136E+00 0.519613E+00 0.129581E+02
 0.349156E+00 0.519562E+00 0.129630E+02
 0.349135E+00 0.519580E+00 0.129659E+02
 0.349144E+00 0.519580E+00 0.129510E+02
 0.349144E+00 0.519593E+00 0.129868E+02
 0.349143E+00 0.519580E+00 0.129698E+02
 0.349141E+00 0.519580E+00 0.129616E+02
 0.349144E+00 0.519704E+00 0.129766E+02
 0.349168E+00 0.519561E+00 0.129666E+02
 0.349100E+00 0.519580E+00 0.129617E+02
 0.349098E+00 0.519696E+00 0.129673E+02
 0.349145E+00 0.519580E+00 0.129535E+02
 0.349141E+00 0.519580E+00 0.129724E+02
 0.349143E+00 0.519586E+00 0.129612E+02
 0.349144E+00 0.519579E+00 0.129562E+02
 0.349143E+00 0.519580E+00 0.129540E+02
 0.349146E+00 0.519580E+00 0.129556E+02
 0.349144E+00 0.519581E+00 0.129679E+02
 0.349151E+00 0.519617E+00 0.129704E+02
 0.349143E+00 0.519609E+00 0.129530E+02
 0.349127E+00 0.519563E+00 0.129517E+02
 0.349123E+00 0.519543E+00 0.129555E+02
 0.349144E+00 0.519581E+00 0.129580E+02
 0.349145E+00 0.519652E+00 0.129644E+02
 0.349194E+00 0.519597E+00 0.152606E+02
 0.349143E+00 0.519580E+00 0.129645E+02
 0.349143E+00 0.519587E+00 0.129570E+02
 0.349144E+00 0.519580E+00 0.129624E+02
 0.349142E+00 0.519575E+00 0.129632E+02
 0.349143E+00 0.519580E+00 0.129604E+02
 0.349144E+00 0.519580E+00 0.129697E+02
 0.349141E+00 0.519581E+00 0.129532E+02
 0.349143E+00 0.519577E+00 0.129563E+02
 0.349180E+00 0.519568E+00 0.151936E+02
 0.349139E+00 0.519607E+00 0.129718E+02
 0.349143E+00 0.519581E+00 0.129543E+02
 0.349143E+00 0.519584E+00 0.129561E+02
 0.374463E+00 0.519175E+00 0.149264E+02
 0.349143E+00 0.519580E+00 0.129585E+02
 0.349150E+00 0.519525E+00 0.129615E+02
 0.349143E+00 0.519702E+00 0.129483E+02
 0.349098E+00 0.519582E+00 0.129551E+02
 0.349189E+00 0.519573E+00 0.152132E+02
 0.349114E+00 0.519580E+00 0.129583E+02
 0.349150E+00 0.519660E+00 0.129631E+02
 0.349144E+00 0.519580E+00 0.129611E+02
 0.349143E+00 0.519706E+00 0.129768E+02
 0.349088E+00 0.519560E+00 0.129717E+02
 0.349148E+00 0.519638E+00 0.129632E+02
 0.349144E+00 0.519580E+00 0.129572E+02
 0.349144E+00 0.519579E+00 0.129623E+02
 0.349144E+00 0.519581E+00 0.129530E+02
 0.349137E+00 0.519580E+00 0.129523E+02
 0.349143E+00 0.519592E+00 0.129609E+02
 0.349116E+00 0.519624E+00 0.129584E+02
 0.349127E+00 0.519580E+00 0.129613E+02
 0.349110E+00 0.519499E+00 0.134330E+02
 0.349146E+00 0.519580E+00 0.129517E+02
 0.349143E+00 0.519583E+00 0.129620E+02
 0.349131E+00 0.519584E+00 0.129551E+02
 0.349144E+00 0.519650E+00 0.129736E+02
 0.349168E+00 0.519610E+00 0.129603E+02
 0.349125E+00 0.519573E+00 0.129577E+02
 0.349097E+00 0.519521E+00 0.129551E+02
 0.349143E+00 0.519585E+00 0.129571E+02
 0.349143E+00 0.519580E+00 0.129465E+02
 0.349144E+00 0.519580E+00 0.129524E+02
 0.349056E+00 0.519705E+00 0.129658E+02
 0.349177E+00 0.519625E+00 0.152625E+02
 0.349144E+00 0.519580E+00 0.129625E+02
 0.372934E+00 0.520100E+00 0.144695E+02
 0.349145E+00 0.519580E+00 0.129660E+02
 0.349143E+00 0.519580E+00 0.129516E+02
 0.349150E+00 0.519558E+00 0.129535E+02
 0.349143E+00 0.519720E+00 0.129525E+02
 0.349126E+00 0.519559E+00 0.129531E+02
 0.349217E+00 0.519588E+00 0.152406E+02
 0.349099E+00 0.519596E+00 0.129633E+02
 0.349143E+00 0.519624E+00 0.129616E+02
 0.348946E+00 0.519569E+00 0.179782E+02
 0.349127E+00 0.519513E+00 0.129588E+02
 0.349142E+00 0.519581E+00 0.129639E+02
 0.349145E+00 0.519588E+00 0.129871E+02
 0.349144E+00 0.519585E+00 0.129614E+02
 0.349145E+00 0.519580E+00 0.129627E+02
 0.349144E+00 0.519663E+00 0.129543E+02
 0.349143E+00 0.519647E+00 0.129532E+02
 0.349136E+00 0.519488E+00 0.129644E+02
 0.349143E+00 0.519580E+00 0.129535E+02
 0.349145E+00 0.519581E+00 0.129508E+02
 0.349143E+00 0.519543E+00 0.129521E+02
 0.349148E+00 0.519732E+00 0.129678E+02
 0.349118E+00 0.519558E+00 0.129595E+02
 0.349144E+00 0.519575E+00 0.129610E+02
 0.349151E+00 0.519577E+00 0.129664E+02
 0.349143E+00 0.519518E+00 0.129591E+02
 0.349064E+00 0.519762E+00 0.129569E+02
 0.349164E+00 0.519578E+00 0.129520E+02
 0.349143E+00 0.519580E+00 0.129495E+02
 0.349144E+00 0.519577E+00 0.129538E+02
 0.349150E+00 0.519599E+00 0.129596E+02
 0.373354E+00 0.519575E+00 0.141343E+02
 0.349143E+00 0.519736E+00 0.129907E+02
 0.349143E+00 0.519542E+00 0.129564E+02
 0.349178E+00 0.519566E+00 0.129606E+02
 0.349124E+00 0.519556E+00 0.129613E+02
 0.349129E+00 0.519580E+00 0.129623E+02
 0.349135E+00 0.519690E+00 0.129552E+02
 0.349144E+00 0.519579E+00 0.129630E+02
 0.349142E+00 0.519580E+00 0.129564E+02
 0.349146E+00 0.519614E+00 0.129687E+02
 0.349137E+00 0.519547E+00 0.129543E+02
 0.349146E+00 0.519879E+00 0.129745E+02
 0.349107E+00 0.519583E+00 0.129556E+02
 0.349144E+00 0.519591E+00 0.129661E+02
 0.349144E+00 0.519583E+00 0.129545E+02
 0.349108E+00 0.519584E+00 0.129691E+02
 0.349143E+00 0.519580E+00 0.129540E+02
 0.349142E+00 0.519588E+00 0.129587E+02
 0.376179E+00 0.508542E+00 0.174519E+02
 0.349102E+00 0.519610E+00 0.129577E+02
 0.349147E+00 0.519580E+00 0.129576E+02
 0.349136E+00 0.519511E+00 0.129564E+02
 0.349147E+00 0.519580E+00 0.129876E+02
 0.349144E+00 0.519580E+00 0.129646E+02
 0.349121E+00 0.519580E+00 0.129637E+02
 0.349143E+00 0.519580E+00 0.129580E+02
 0.349150E+00 0.519570E+00 0.129533E+02
 0.349085E+00 0.519668E+00 0.129573E+02
 0.349130E+00 0.519580E+00 0.129536E+02
 0.349145E+00 0.519863E+00 0.129712E+02
 0.349143E+00 0.519580E+00 0.129613E+02
 0.349143E+00 0.519580E+00 0.129510E+02
 0.349131E+00 0.519580E+00 0.129594E+02
 0.349143E+00 0.519580E+00 0.129580E+02
 0.349141E+00 0.519580E+00 0.129627E+02
 0.349144E+00 0.519748E+00 0.129621E+02
 0.349146E+00 0.519580E+00 0.129572E+02
 0.349981E+00 0.519096E+00 0.137513E+02
 0.349139E+00 0.519580E+00 0.129612E+02
 0.349143E+00 0.519580E+00 0.129538E+02
 0.349143E+00 0.519580E+00 0.129606E+02
 0.349142E+00 0.519602E+00 0.129690E+02
 0.349276E+00 0.519588E+00 0.151250E+02
 0.349126E+00 0.519580E+00 0.129544E+02
 0.349143E+00 0.519580E+00 0.129583E+02
 0.375385E+00 0.520788E+00 0.156113E+02
 0.349144E+00 0.519580E+00 0.129558E+02
 0.349120E+00 0.519587E+00 0.129573E+02
 0.349143E+00 0.519580E+00 0.129532E+02
 0.349143E+00 0.519492E+00 0.129613E+02
 0.349093E+00 0.519558E+00 0.129615E+02
 0.349138E+00 0.519580E+00 0.129604E+02
 0.375073E+00 0.519552E+00 0.149814E+02
 0.349144E+00 0.519580E+00 0.129632E+02
 0.402989E+00 0.519364E+00 0.182005E+02
 0.349123E+00 0.519591E+00 0.129535E+02
 0.349141E+00 0.519581E+00 0.129592E+02
 0.349109E+00 0.519580E+00 0.129605E+02
 0.349152E+00 0.519530E+00 0.129575E+02
 0.349141E+00 0.519580E+00 0.129669E+02
 0.349143E+00 0.519585E+00 0.129494E+02
 0.349152E+00 0.521681E+00 0.170873E+02
 0.349143E+00 0.519634E+00 0.129527E+02
 0.349153E+00 0.519548E+00 0.129538E+02
 0.349154E+00 0.519575E+00 0.129644E+02
 0.349148E+00 0.519580E+00 0.129544E+02
 0.349145E+00 0.519582E+00 0.129582E+02
 0.349123E+00 0.519572E+00 0.129620E+02
 0.349145E+00 0.519590E+00 0.129546E+02
 0.349106E+00 0.519549E+00 0.129591E+02
 0.349096E+00 0.519397E+00 0.129628E+02
 0.349122E+00 0.519613E+00 0.129597E+02
 0.349146E+00 0.519580E+00 0.129561E+02
 0.349144E+00 0.519581E+00 0.129536E+02
 0.349143E+00 0.519585E+00 0.129605E+02
 0.349144E+00 0.519580E+00 0.129513E+02
 0.349144E+00 0.519577E+00 0.129536E+02
 0.349143E+00 0.519694E+00 0.129622E+02
 0.349097E+00 0.519502E+00 0.129558E+02
 0.349131E+00 0.519539E+00 0.129522E+02
 0.349145E+00 0.519581E+00 0.129599E+02
 0.349144E+00 0.519580E+00 0.129656E+02
 0.349143E+00 0.519580E+00 0.129539E+02
 0.349143E+00 0.519556E+00 0.129586E+02
 0.349143E+00 0.519550E+00 0.129631E+02
 0.349101E+00 0.519580E+00 0.129662E+02
 0.349140E+00 0.519665E+00 0.129666E+02
 0.349145E+00 0.519580E+00 0.129581E+02
 0.349144E+00 0.519580E+00 0.129712E+02
 0.349143E+00 0.519580E+00 0.129583E+02
 0.349133E+00 0.519637E+00 0.129650E+02
 0.349149E+00 0.519572E+00 0.129605E+02
 0.349162E+00 0.519544E+00 0.129566E+02
 0.349144E+00 0.519577E+00 0.129539E+02
 0.349143E+00 0.519581E+00 0.129550E+02
 0.375576E+00 0.517602E+00 0.154097E+02
 0.349120E+00 0.519577E+00 0.129572E+02
 0.349151E+00 0.519583E+00 0.129551E+02
 0.349144E+00 0.519687E+00 0.129658E+02
 0.349153E+00 0.519679E+00 0.129742E+02
 0.349129E+00 0.519425E+00 0.129560E+02
 0.349148E+00 0.519580E+00 0.129638E+02
 0.349143E+00 0.519589E+00 0.129605E+02
 0.349143E+00 0.519579E+00 0.129575E+02
 0.349143E+00 0.519580E+00 0.129563E+02
 0.349130E+00 0.519582E+00 0.129609E+02
 0.349143E+00 0.519580E+00 0.129517E+02
 0.349125E+00 0.519567E+00 0.129676E+02
 0.372249E+00 0.524992E+00 0.143110E+02
 0.349149E+00 0.519791E+00 0.129613E+02
 0.349143E+00 0.519581E+00 0.129599E+02
 0.374712E+00 0.512680E+00 0.180717E+02
 0.349145E+00 0.519585E+00 0.129716E+02
 0.349146E+00 0.519581E+00 0.129509E+02
 0.349145E+00 0.519585E+00 0.129646E+02
 0.349135E+00 0.519566E+00 0.129571E+02
 0.349143E+00 0.519580E+00 0.129694E+02
 0.349144E+00 0.519580E+00 0.129586E+02
 0.349144E+00 0.519586E+00 0.129534E+02
 0.349143E+00 0.519889E+00 0.129977E+02
 0.349146E+00 0.519579E+00 0.129606E+02
 0.349130E+00 0.519580E+00 0.129595E+02
 0.349156E+00 0.519357E+00 0.129653E+02
 0.349123E+00 0.519588E+00 0.129599E+02
 0.349134E+00 0.519554E+00 0.129604E+02
 0.375932E+00 0.519925E+00 0.160536E+02
 0.372894E+00 0.523955E+00 0.144361E+02
 0.349145E+00 0.519595E+00 0.129509E+02
 0.349143E+00 0.519620E+00 0.129523E+02
 0.349144E+00 0.519535E+00 0.129518E+02
 0.348873E+00 0.519562E+00 0.183240E+02
 0.349152E+00 0.519591E+00 0.129705E+02
 0.349143E+00 0.519580E+00 0.129502E+02
 0.349143E+00 0.519583E+00 0.129594E+02
 0.349143E+00 0.519580E+00 0.129583E+02
 0.349145E+00 0.519583E+00 0.129591E+02
 0.373650E+00 0.520123E+00 0.143304E+02
 0.349142E+00 0.519585E+00 0.129593E+02
 0.349088E+00 0.519707E+00 0.129677E+02
 0.349149E+00 0.519581E+00 0.129901E+02
 0.349143E+00 0.519580E+00 0.129522E+02
 0.349144E+00 0.519440E+00 0.129576E+02
 0.349056E+00 0.519600E+00 0.129605E+02
 0.349141E+00 0.519576E+00 0.129546E+02
 0.349112E+00 0.519580E+00 0.129711E+02
 0.349140E+00 0.519581E+00 0.129638E+02
 0.349143E+00 0.519580E+00 0.129524E+02
 0.349145E+00 0.519580E+00 0.129654E+02
 0.349143E+00 0.519626E+00 0.129633E+02
 0.348996E+00 0.519580E+00 0.129621E+02
 0.349145E+00 0.519541E+00 0.129582E+02
 0.349151E+00 0.519947E+00 0.155373E+02
 0.349144E+00 0.519585E+00 0.129602E+02
 0.349137E+00 0.519582E+00 0.129718E+02
 0.349143E+00 0.519580E+00 0.129552E+02
 0.349143E+00 0.519580E+00 0.129579E+02
 0.349145E+00 0.519599E+00 0.129728E+02
 0.349144E+00 0.519574E+00 0.129528E+02
 0.348975E+00 0.519541E+00 0.129662E+02
 0.349153E+00 0.519569E+00 0.129635E+02
 0.349133E+00 0.519580E+00 0.129605E+02
 0.349150E+00 0.519612E+00 0.129733E+02
 0.349133E+00 0.519611E+00 0.129741E+02
 0.349134E+00 0.519564E+00 0.129542E+02
 0.349144E+00 0.519582E+00 0.129509E+02
 0.349143E+00 0.519580E+00 0.129603E+02
 0.349140E+00 0.519580E+00 0.129625E+02
 0.349197E+00 0.519595E+00 0.153561E+02
 0.349156E+00 0.519582E+00 0.129627E+02
 0.349135E+00 0.519389E+00 0.129595E+02
 0.349321E+00 0.519588E+00 0.151808E+02
 0.349145E+00 0.519580E+00 0.129563E+02
 0.349143E+00 0.519580E+00 0.129650E+02
 0.349143E+00 0.519581E+00 0.129619E+02
 0.349143E+00 0.519582E+00 0.129739E+02
 0.349143E+00 0.519580E+00 0.129637E+02
 0.349141E+00 0.519590E+00 0.129557E+02
 0.349041E+00 0.519578E+00 0.129577E+02
 0.349143E+00 0.519555E+00 0.129692E+02
 0.349145E+00 0.519579E+00 0.129578E+02
 0.349157E+00 0.519604E+00 0.129707E+02
 0.349140E+00 0.519554E+00 0.129575E+02
 0.349137E+00 0.519580E+00 0.129545E+02
 0.349132E+00 0.519586E+00 0.129544E+02
 0.349142E+00 0.519580E+00 0.129684E+02
 0.349143E+00 0.519945E+00 0.129734E+02
 0.349152E+00 0.519575E+00 0.129606E+02
 0.349153E+00 0.519580E+00 0.129661E+02
 0.349146E+00 0.519597E+00 0.129535E+02
 0.349193E+00 0.519593E+00 0.153132E+02
 0.349143E+00 0.519580E+00 0.129637E+02
 0.349145E+00 0.519575E+00 0.129544E+02
 0.349183E+00 0.519640E+00 0.153347E+02
 0.349073E+00 0.519572E+00 0.129588E+02
 0.349144E+00 0.519381E+00 0.129640E+02
 0.349143E+00 0.519534E+00 0.129592E+02
 0.349144E+00 0.519557E+00 0.129607E+02
 0.349127E+00 0.519833E+00 0.129777E+02
 0.349085E+00 0.519599E+00 0.129612E+02
 0.349144E+00 0.519584E+00 0.129567E+02
 0.373387E+00 0.519028E+00 0.148477E+02
 0.349143E+00 0.519578E+00 0.129618E+02
 0.349145E+00 0.519558E+00 0.129551E+02
 0.349143E+00 0.519580E+00 0.129617E+02
 0.349144E+00 0.519588E+00 0.129662E+02
 0.349143E+00 0.519813E+00 0.129609E+02
 0.349059E+00 0.519551E+00 0.129620E+02
 0.349169E+00 0.519574E+00 0.129550E+02
 0.349151E+00 0.519565E+00 0.129574E+02
 0.402875E+00 0.519684E+00 0.180983E+02
 0.349122E+00 0.519579E+00 0.129707E+02
 0.349143E+00 0.519580E+00 0.129576E+02
 0.349143E+00 0.519711E+00 0.129885E+02
 0.349144E+00 0.519593E+00 0.129657E+02
 0.349240E+00 0.519620E+00 0.152243E+02
 0.349074E+00 0.519570E+00 0.129579E+02
 0.349149E+00 0.519571E+00 0.129544E+02
 0.349097E+00 0.519580E+00 0.129680E+02
 0.349136E+00 0.519681E+00 0.129619E+02
 0.380216E+00 0.520101E+00 0.153470E+02
 0.349143E+00 0.519580E+00 0.129617E+02
 0.349138E+00 0.519582E+00 0.129665E+02
 0.349144E+00 0.519556E+00 0.129538E+02
 0.349259E+00 0.519615E+00 0.151554E+02
 0.349082E+00 0.519563E+00 0.129620E+02
 0.349143E+00 0.519579E+00 0.129493E+02
 0.349143E+00 0.519580E+00 0.129500E+02
 0.349143E+00 0.519580E+00 0.129578E+02
 0.349059E+00 0.519583E+00 0.129910E+02
 0.349147E+00 0.519583E+00 0.129639E+02
 0.349111E+00 0.519559E+00 0.129613E+02
 0.349142E+00 0.519580E+00 0.129591E+02
 0.349144E+00 0.519586E+00 0.129607E+02
 0.373145E+00 0.519567E+00 0.147054E+02
 0.349143E+00 0.519576E+00 0.129568E+02
 0.349147E+00 0.519573E+00 0.129620E+02
 0.349133E+00 0.519638E+00 0.129503E+02
 0.349144E+00 0.519584E+00 0.129604E+02
 0.349143E+00 0.519601E+00 0.129641E+02
 0.349147E+00 0.519580E+00 0.129683E+02
 0.349143E+00 0.519581E+00 0.129505E+02
 0.349144E+00 0.519645E+00 0.129624E+02
 0.349309E+00 0.519594E+00 0.151536E+02
 0.349052E+00 0.519572E+00 0.129587E+02
 0.349146E+00 0.519569E+00 0.129600E+02
 0.349078E+00 0.519666E+00 0.129607E+02
 0.349147E+00 0.519580E+00 0.129695E+02
 0.349123E+00 0.519589E+00 0.129527E+02
 0.349143E+00 0.519580E+00 0.129538E+02
 0.349144E+00 0.519475E+00 0.129543E+02
 0.349078E+00 0.519600E+00 0.129598E+02
 0.349079E+00 0.519580E+00 0.129555E+02
 0.349142E+00 0.519751E+00 0.129627E+02
 0.349145E+00 0.519580E+00 0.129526E+02
 0.349144E+00 0.519578E+00 0.129533E+02
 0.349143E+00 0.519579E+00 0.129510E+02
 0.349142E+00 0.519589E+00 0.129540E+02
 0.349143E+00 0.519610E+00 0.129594E+02
 0.349211E+00 0.519611E+00 0.153052E+02
 0.349143E+00 0.519581E+00 0.129577E+02
 0.349148E+00 0.519578E+00 0.129619E+02
 0.349143E+00 0.519580E+00 0.129501E+02
 0.373609E+00 0.519991E+00 0.143655E+02
 0.349145E+00 0.519580E+00 0.129623E+02
 0.349145E+00 0.519581E+00 0.129572E+02
 0.349148E+00 0.519581E+00 0.129608E+02
 0.349143E+00 0.519567E+00 0.129549E+02
 0.349228E+00 0.519579E+00 0.152832E+02
 0.349135E+00 0.519565E+00 0.129574E+02
 0.349146E+00 0.519580E+00 0.129577E+02
 0.349145E+00 0.519580E+00 0.129516E+02
 0.349127E+00 0.519584E+00 0.129568E+02
 0.349143E+00 0.519580E+00 0.129515E+02
 0.349140E+00 0.519580E+00 0.129574E+02
 0.349142E+00 0.519582E+00 0.129603E+02
 0.349153E+00 0.519570E+00 0.129582E+02
 0.349006E+00 0.519581E+00 0.129644E+02
 0.349218E+00 0.519590E+00 0.152783E+02
 0.349145E+00 0.519580E+00 0.129577E+02
 0.349143E+00 0.519581E+00 0.129625E+02
 0.374075E+00 0.519565E+00 0.147394E+02
 0.349131E+00 0.519586E+00 0.129645E+02
 0.349144E+00 0.519654E+00 0.129595E+02
 0.349144E+00 0.519596E+00 0.129652E+02
 0.349089E+00 0.519580E+00 0.129544E+02
 0.349146E+00 0.519580E+00 0.129532E+02
 0.349143E+00 0.519581E+00 0.129613E+02
 0.349143E+00 0.519580E+00 0.129538E+02
 0.349143E+00 0.519580E+00 0.129877E+02
 0.349154E+00 0.519585E+00 0.129625E+02
 0.349143E+00 0.519685E+00 0.129538E+02
 0.348970E+00 0.519615E+00 0.129626E+02
 0.349138E+00 0.519591E+00 0.129673E+02
 0.349107E+00 0.519771E+00 0.129542E+02
 0.349057E+00 0.519707E+00 0.129531E+02
 0.349144E+00 0.519584E+00 0.129570E+02
 0.373265E+00 0.524249E+00 0.148725E+02
 0.349143E+00 0.519582E+00 0.129615E+02
 0.349087E+00 0.519545E+00 0.129618E+02
 0.349132E+00 0.519454E+00 0.129728E+02
 0.349146E+00 0.519580E+00 0.129634E+02
 0.349133E+00 0.519588E+00 0.129535E+02
 0.349143E+00 0.519580E+00 0.129583E+02
 0.349143E+00 0.519580E+00 0.129576E+02
 0.349146E+00 0.519584E+00 0.129541E+02
 0.349143E+00 0.519602E+00 0.129671E+02
 0.349080E+00 0.519575E+00 0.129636E+02
 0.349156E+00 0.519559E+00 0.129541E+02
 0.349210E+00 0.519587E+00 0.152126E+02
 0.349144E+00 0.519564E+00 0.129527E+02
 0.349144E+00 0.519580E+00 0.129534E+02
 0.349127E+00 0.519590E+00 0.129512E+02
 0.349143E+00 0.519580E+00 0.129517E+02
 0.349141E+00 0.519590E+00 0.129658E+02
 0.349147E+00 0.519580E+00 0.129621E+02
 0.349143E+00 0.519579E+00 0.129550E+02
 0.372475E+00 0.523010E+00 0.141514E+02
 0.349143E+00 0.519581E+00 0.129904E+02
 0.349116E+00 0.519578E+00 0.129709E+02
 0.349138E+00 0.519580E+00 0.129699E+02
 0.349143E+00 0.519613E+00 0.129676E+02
 0.349109E+00 0.519579E+00 0.129567E+02
 0.349115E+00 0.519700E+00 0.129597E+02
 0.349064E+00 0.519636E+00 0.129580E+02
 0.349151E+00 0.519544E+00 0.129687E+02
 0.349143E+00 0.519602E+00 0.129541E+02
 0.349125E+00 0.519575E+00 0.129609E+02
 0.349143E+00 0.519580E+00 0.129537E+02
 0.349161E+00 0.519579E+00 0.129555E+02
 0.349122E+00 0.519571E+00 0.129573E+02
 0.349143E+00 0.519580E+00 0.129535E+02
 0.349143E+00 0.519580E+00 0.129602E+02
 0.349147E+00 0.519581E+00 0.129655E+02
 0.349143E+00 0.519610E+00 0.129701E+02
 0.373725E+00 0.522361E+00 0.146884E+02
 0.349154E+00 0.519560E+00 0.129526E+02
 0.349142E+00 0.519580E+00 0.129525E+02
 0.349143E+00 0.519580E+00 0.129607E+02
 0.349145E+00 0.519579E+00 0.129691E+02
 0.349156E+00 0.519591E+00 0.129602E+02
 0.349136E+00 0.519580E+00 0.129566E+02
 0.349144E+00 0.519551E+00 0.129629E+02
 0.349149E+00 0.519597E+00 0.129584E+02
 0.349135E+00 0.519627E+00 0.129560E+02
 0.349143E+00 0.519580E+00 0.129600E+02
 0.349137E+00 0.519578E+00 0.129551E+02
 0.349142E+00 0.519581E+00 0.129554E+02
 0.349114E+00 0.519584E+00 0.129588E+02
 0.349128E+00 0.519580E+00 0.129607E+02
 0.349152E+00 0.519571E+00 0.129639E+02
 0.349132E+00 0.519550E+00 0.129665E+02
 0.349143E+00 0.519579E+00 0.129628E+02
 0.349143E+00 0.519602E+00 0.129563E+02
 0.349129E+00 0.519580E+00 0.129637E+02
 0.349140E+00 0.519579E+00 0.129509E+02
 0.349143E+00 0.519569E+00 0.129672E+02
 0.373660E+00 0.526491E+00 0.158416E+02
 0.349141E+00 0.519560E+00 0.129592E+02
 0.349103E+00 0.519579E+00 0.129540E+02
 0.349062E+00 0.519594E+00 0.129631E+02
 0.379187E+00 0.516174E+00 0.165671E+02
 0.349148E+00 0.519585E+00 0.129621E+02
 0.349146E+00 0.519579E+00 0.129568E+02
 0.349122E+00 0.519569E+00 0.129571E+02
 0.349143E+00 0.519580E+00 0.129578E+02
 0.349157E+00 0.519580E+00 0.129581E+02
 0.349141E+00 0.519570E+00 0.129641E+02
 0.349132E+00 0.519594E+00 0.129660E+02
 0.349143E+00 0.519580E+00 0.129661E+02
 0.349136E+00 0.519587E+00 0.129528E+02
 0.349144E+00 0.519567E+00 0.129502E+02
 0.375922E+00 0.518657E+00 0.152682E+02
 0.349143E+00 0.519580E+00 0.129536E+02
 0.349158E+00 0.519593E+00 0.129628E+02
 0.349144E+00 0.519563E+00 0.129555E+02
 0.349147E+00 0.519568E+00 0.129656E+02
 0.349137E+00 0.519648E+00 0.129576E+02
 0.349146E+00 0.519580E+00 0.129504E+02
 0.349143E+00 0.519550E+00 0.129633E+02
 0.349143E+00 0.519596E+00 0.129559E+02
 0.349143E+00 0.519563E+00 0.129544E+02
 0.349225E+00 0.519635E+00 0.152241E+02
 0.349120E+00 0.519569E+00 0.129545E+02
 0.349152E+00 0.519546E+00 0.129638E+02
 0.349050E+00 0.519580E+00 0.129565E+02
 0.374886E+00 0.519554E+00 0.150284E+02
 0.349133E+00 0.519563E+00 0.129611E+02
 0.349150E+00 0.519577E+00 0.129598E+02
 0.349142E+00 0.519581E+00 0.129549E+02
 0.349121E+00 0.519583E+00 0.129619E+02
 0.349143E+00 0.519580E+00 0.129554E+02
 0.349143E+00 0.519617E+00 0.129578E+02
 0.349024E+00 0.519580E+00 0.129669E+02
 0.349159E+00 0.519627E+00 0.129690E+02
 0.349144E+00 0.519580E+00 0.129650E+02
 0.349145E+00 0.519580E+00 0.129546E+02
 0.349143E+00 0.519580E+00 0.129555E+02
 0.349088E+00 0.519580E+00 0.129851E+02
 0.349139E+00 0.519594E+00 0.129566E+02
 0.349143E+00 0.519585E+00 0.129517E+02
 0.349144E+00 0.519579E+00 0.129665E+02
 0.349146E+00 0.519579E+00 0.129575E+02
 0.349155E+00 0.519585E+00 0.129621E+02
 0.349144E+00 0.519566E+00 0.129574E+02
 0.349062E+00 0.519573E+00 0.129568E+02
 0.349194E+00 0.519580E+00 0.152773E+02
 0.349129E+00 0.519275E+00 0.129658E+02
 0.373498E+00 0.521804E+00 0.146475E+02
 0.349136E+00 0.519770E+00 0.129983E+02
 0.349121E+00 0.519592E+00 0.129573E+02
 0.349143E+00 0.519580E+00 0.129516E+02
 0.349144E+00 0.519553E+00 0.129568E+02
 0.349120E+00 0.519714E+00 0.129751E+02
 0.349147E+00 0.519580E+00 0.129538E+02
 0.349149E+00 0.519584E+00 0.129583E+02
 0.349143E+00 0.519587E+00 0.129585E+02
 0.349116E+00 0.519583E+00 0.129564E+02
 0.349143E+00 0.519586E+00 0.129551E+02
 0.349143E+00 0.519592E+00 0.129580E+02
 0.349133E+00 0.519627E+00 0.129596E+02
 0.349149E+00 0.519550E+00 0.129598E+02
 0.349141E+00 0.519570E+00 0.129546E+02
 0.349133E+00 0.519575E+00 0.129545E+02
 0.349147E+00 0.519580E+00 0.129527E+02
 0.349141E+00 0.519582E+00 0.129705E+02
 0.349143E+00 0.519614E+00 0.129583E+02
 0.349075E+00 0.520236E+00 0.130526E+02
 0.349155E+00 0.519577E+00 0.129602E+02
 0.349128E+00 0.519584E+00 0.129601E+02
 0.349154E+00 0.519564E+00 0.129569E+02
 0.349057E+00 0.519580E+00 0.129633E+02
 0.349118E+00 0.519571E+00 0.129570E+02
 0.349142E+00 0.519580E+00 0.129500E+02
 0.349150E+00 0.519519E+00 0.129645E+02
 0.349145E+00 0.519580E+00 0.129584E+02
 0.349143E+00 0.519580E+00 0.129535E+02
 0.349074E+00 0.519552E+00 0.129664E+02
 0.349146E+00 0.519581E+00 0.129605E+02
 0.349115E+00 0.519589E+00 0.129540E+02
 0.349131E+00 0.519445E+00 0.129608E+02
 0.349141E+00 0.519700E+00 0.129591E+02
 0.349119E+00 0.519571E+00 0.129579E+02
 0.349116E+00 0.519590E+00 0.129574E+02
 0.349124E+00 0.519589E+00 0.129514E+02
 0.349144E+00 0.519584E+00 0.129649E+02
 0.349143E+00 0.519591E+00 0.129617E+02
 0.349130E+00 0.519631E+00 0.129684E+02
 0.349144E+00 0.519613E+00 0.129569E+02
 0.373546E+00 0.520917E+00 0.146129E+02
 0.349142E+00 0.519582E+00 0.129631E+02
 0.349097E+00 0.520212E+00 0.130169E+02
 0.349143E+00 0.519580E+00 0.129534E+02
 0.349115E+00 0.519596E+00 0.129552E+02
 0.349097E+00 0.519580E+00 0.129569E+02
 0.349135E+00 0.519535E+00 0.129523E+02
 0.349147E+00 0.519580E+00 0.129556E+02
 0.349139E+00 0.519580E+00 0.129526E+02
 0.349101E+00 0.519547E+00 0.129554E+02
 0.349145E+00 0.519580E+00 0.129658E+02
 0.349148E+00 0.519576E+00 0.129618E+02
 0.349143E+00 0.519580E+00 0.129537E+02
 0.349143E+00 0.519645E+00 0.129640E+02
 0.349116E+00 0.519546E+00 0.129614E+02
 0.349158E+00 0.519562E+00 0.129702E+02
 0.349142E+00 0.519598E+00 0.129550E+02
 0.349138E+00 0.519472E+00 0.129537E+02
 0.349143E+00 0.519579E+00 0.129641E+02
 0.349114E+00 0.519029E+00 0.165743E+02
 0.349146E+00 0.519581E+00 0.129543E+02
 0.349143E+00 0.519580E+00 0.129602E+02
 0.349113E+00 0.519580E+00 0.129624E+02
 0.349143E+00 0.519629E+00 0.129546E+02
 0.349169E+00 0.519587E+00 0.129558E+02
 0.349141E+00 0.519576E+00 0.129705E+02
 0.349132E+00 0.519574E+00 0.129547E+02
 0.349146E+00 0.519580E+00 0.129634E+02
 0.373258E+00 0.519905E+00 0.147265E+02
 0.349123E+00 0.519462E+00 0.129543E+02
 0.349143E+00 0.519581E+00 0.129601E+02
 0.349238E+00 0.519580E+00 0.152408E+02
 0.349143E+00 0.519596E+00 0.129694E+02
 0.349134E+00 0.519589E+00 0.129576E+02
 0.349172E+00 0.519580E+00 0.129664E+02
 0.349143E+00 0.519565E+00 0.129554E+02
 0.349082E+00 0.519588E+00 0.129689E+02
 0.349143E+00 0.519580E+00 0.129578E+02
 0.349171E+00 0.519580E+00 0.129565E+02
 0.349143E+00 0.519644E+00 0.129520E+02
 0.349143E+00 0.519587E+00 0.129520E+02
 0.349138E+00 0.519565E+00 0.129736E+02
 0.349144E+00 0.519583E+00 0.129578E+02
 0.349141E+00 0.519580E+00 0.129524E+02
 0.349134E+00 0.519567E+00 0.129598E+02
 0.349143E+00 0.519580E+00 0.129582E+02
 0.349140E+00 0.519581E+00 0.129556E+02
 0.349143E+00 0.519580E+00 0.129531E+02
 0.349159E+00 0.519579E+00 0.129589E+02
 0.349143E+00 0.519580E+00 0.129637E+02
 0.349110E+00 0.519579E+00 0.129684E+02
 0.349143E+00 0.519603E+00 0.129530E+02
 0.349092E+00 0.519580E+00 0.129669E+02
 0.349120E+00 0.519573E+00 0.129537E+02
 0.349124E+00 0.519574E+00 0.129618E+02
 0.349142E+00 0.519580E+00 0.129562E+02
 0.373612E+00 0.519339E+00 0.142886E+02
 0.349145E+00 0.519580E+00 0.129496E+02
 0.349143E+00 0.519580E+00 0.129538E+02
 0.349143E+00 0.519583E+00 0.129629E+02
 0.349143E+00 0.519587E+00 0.129591E+02
 0.349080E+00 0.519521E+00 0.129653E+02
 0.349122E+00 0.519581E+00 0.129540E+02
 0.349145E+00 0.519580E+00 0.129656E+02
 0.349143E+00 0.519579E+00 0.129531E+02
 0.349148E+00 0.519582E+00 0.129646E+02
 0.349143E+00 0.519580E+00 0.129628E+02
 0.349143E+00 0.519580E+00 0.129635E+02
 0.349165E+00 0.519580E+00 0.129527E+02
 0.349194E+00 0.519588E+00 0.152116E+02
 0.349144E+00 0.519559E+00 0.129574E+02
 0.349144E+00 0.519567E+00 0.129601E+02
 0.349165E+00 0.519601E+00 0.129672E+02
 0.349148E+00 0.519580E+00 0.129897E+02
 0.349144E+00 0.519570E+00 0.129605E+02
 0.349158E+00 0.519059E+00 0.129810E+02
 0.349143E+00 0.519580E+00 0.129498E+02
 0.349140E+00 0.519521E+00 0.129594E+02
 0.349146E+00 0.519580E+00 0.129579E+02
 0.349150E+00 0.519562E+00 0.129542E+02
 0.349145E+00 0.519580E+00 0.129624E+02
 0.349120E+00 0.519579E+00 0.129633E+02
 0.349143E+00 0.519749E+00 0.129763E+02
 0.349143E+00 0.519588E+00 0.129594E+02
 0.349141E+00 0.519622E+00 0.129677E+02
 0.349107E+00 0.519579E+00 0.129597E+02
 0.349115E+00 0.519766E+00 0.129619E+02
 0.349119E+00 0.519703E+00 0.129555E+02
 0.349142E+00 0.519580E+00 0.129665E+02
 0.349144E+00 0.519583E+00 0.129615E+02
 0.349143E+00 0.519595E+00 0.129589E+02
 0.349119E+00 0.520170E+00 0.129998E+02
 0.349146E+00 0.519580E+00 0.129701E+02
 0.349052E+00 0.519580E+00 0.129629E+02
 0.349132E+00 0.519579E+00 0.129646E+02
 0.349047E+00 0.519564E+00 0.129572E+02
 0.349143E+00 0.519691E+00 0.129733E+02
 0.349144E+00 0.519576E+00 0.129662E+02
 0.349143E+00 0.519578E+00 0.129586E+02
 0.349131E+00 0.519585E+00 0.129602E+02
 0.349143E+00 0.519580E+00 0.129512E+02
 0.373080E+00 0.519488E+00 0.146121E+02
 0.349144E+00 0.519580E+00 0.129642E+02
 0.349144E+00 0.519563E+00 0.129660E+02
 0.349143E+00 0.519580E+00 0.129525E+02
 0.349143E+00 0.519580E+00 0.129541E+02
 0.349179E+00 0.519605E+00 0.129617E+02
 0.349143E+00 0.519541E+00 0.129600E+02
 0.349142E+00 0.519525E+00 0.129615E+02
 0.349141E+00 0.519580E+00 0.129572E+02
 0.349144E+00 0.519579E+00 0.129562E+02
 0.349143E+00 0.519601E+00 0.129597E+02
 0.349125E+00 0.519277E+00 0.129672E+02
 0.349104E+00 0.519584E+00 0.129640E+02
 0.349064E+00 0.519580E+00 0.129569E+02
 0.349143E+00 0.519685E+00 0.129734E+02
 0.349143E+00 0.519580E+00 0.129589E+02
 0.349136E+00 0.519581E+00 0.129555E+02
 0.349142E+00 0.519580E+00 0.129632E+02
 0.349144E+00 0.519578E+00 0.129602E+02
 0.373367E+00 0.528823E+00 0.169718E+02
 0.349145E+00 0.519581E+00 0.129558E+02
 0.349143E+00 0.519617E+00 0.129520E+02
 0.349123E+00 0.519810E+00 0.129514E+02
 0.349109E+00 0.519575E+00 0.129677E+02
 0.349144E+00 0.519698E+00 0.129558E+02
 0.349144E+00 0.519605E+00 0.129529E+02
 0.349111E+00 0.519580E+00 0.129606E+02
 0.349112E+00 0.519573E+00 0.129658E+02
 0.349147E+00 0.519583E+00 0.129643E+02
 0.349145E+00 0.519579E+00 0.129621E+02
 0.349136E+00 0.519598E+00 0.129605E+02
 0.349143E+00 0.519630E+00 0.129613E+02
 0.349143E+00 0.519578E+00 0.129571E+02
 0.349097E+00 0.519580E+00 0.129541E+02
 0.349143E+00 0.519580E+00 0.129571E+02
 0.380138E+00 0.521114E+00 0.162489E+02
 0.349178E+00 0.519580E+00 0.129584E+02
 0.349145E+00 0.519618E+00 0.129621E+02
 0.349143E+00 0.519638E+00 0.129518E+02
 0.349144E+00 0.519560E+00 0.129605E+02
 0.349151E+00 0.519565E+00 0.129568E+02
 0.349156E+00 0.519502E+00 0.129574E+02
 0.349113E+00 0.519580E+00 0.129526E+02
 0.349106E+00 0.519647E+00 0.129551E+02
 0.349132E+00 0.519574E+00 0.129648E+02
 0.349143E+00 0.519580E+00 0.129568E+02
 0.349143E+00 0.519580E+00 0.129515E+02
 0.349095E+00 0.519580E+00 0.129585E+02
 0.349152E+00 0.519579E+00 0.129597E+02
 0.349143E+00 0.519678E+00 0.129562E+02
 0.373261E+00 0.521923E+00 0.146376E+02
 0.349137E+00 0.519570E+00 0.129575E+02
 0.349161E+00 0.519575E+00 0.129644E+02
 0.349143E+00 0.519579E+00 0.129576E+02
 0.349102E+00 0.519587E+00 0.129695E+02
 0.374804E+00 0.511467E+00 0.177746E+02
 0.349126E+00 0.519559E+00 0.129530E+02
 0.349113E+00 0.519853E+00 0.129769E+02
 0.349126E+00 0.519581E+00 0.129603E+02
 0.349144E+00 0.519579E+00 0.129495E+02
 0.349144E+00 0.519606E+00 0.129512E+02
 0.349143E+00 0.519580E+00 0.129539E+02
 0.349143E+00 0.519573E+00 0.129588E+02
 0.349143E+00 0.519576E+00 0.129702E+02
 0.349121E+00 0.519664E+00 0.129622E+02
 0.349147E+00 0.519583E+00 0.129614E+02
 0.349133E+00 0.519542E+00 0.129566E+02
 0.349144E+00 0.519581E+00 0.129537E+02
 0.349143E+00 0.519580E+00 0.129518E+02
 0.349152E+00 0.519612E+00 0.129533E+02
 0.349144E+00 0.519584E+00 0.129497E+02
 0.349144E+00 0.519627E+00 0.129566E+02
 0.349101E+00 0.519580E+00 0.129534E+02
 0.355266E+00 0.510952E+00 0.175055E+02
 0.349139E+00 0.519586E+00 0.129543E+02
 0.349143E+00 0.519580E+00 0.129580E+02
 0.349154E+00 0.519624E+00 0.129485E+02
 0.349144E+00 0.519572E+00 0.129603E+02
 0.349144E+00 0.519709E+00 0.129709E+02
 0.349143E+00 0.519581E+00 0.129725E+02
 0.349135E+00 0.519441E+00 0.129580E+02
 0.349151E+00 0.519525E+00 0.129552E+02
 0.349099E+00 0.519590E+00 0.129553E+02
 0.349167E+00 0.519580E+00 0.129563E+02
 0.349149E+00 0.519643E+00 0.129577E+02
 0.349112E+00 0.519586E+00 0.129716E+02
 0.349143E+00 0.519580E+00 0.129538E+02
 0.349143E+00 0.519651E+00 0.129692E+02
 0.349143E+00 0.519589E+00 0.129648E+02
 0.349115E+00 0.519467E+00 0.129565E+02
 0.349149E+00 0.519610E+00 0.129627E+02
 0.349144E+00 0.519580E+00 0.129618E+02
 0.349143E+00 0.519578E+00 0.129549E+02
 0.400620E+00 0.519145E+00 0.175649E+02
 0.349144E+00 0.519593E+00 0.129524E+02
 0.349133E+00 0.519762E+00 0.129777E+02
 0.349143E+00 0.519581E+00 0.129544E+02
 0.349143E+00 0.519580E+00 0.129534E+02
 0.349098E+00 0.519580E+00 0.129569E+02
 0.349144E+00 0.519582E+00 0.129550E+02
 0.372980E+00 0.525861E+00 0.149584E+02
 0.376537E+00 0.519615E+00 0.168946E+02
 0.349116E+00 0.519484E+00 0.134341E+02
 0.349145E+00 0.519580E+00 0.129636E+02
 0.349135E+00 0.519582E+00 0.129584E+02
 0.349138E+00 0.519580E+00 0.129668E+02
 0.349153E+00 0.519607E+00 0.129677E+02
 0.349144E+00 0.519579E+00 0.129572E+02
 0.372081E+00 0.523452E+00 0.139708E+02
 0.349149E+00 0.519594E+00 0.129651E+02
 0.349148E+00 0.519580E+00 0.129599E+02
 0.349127E+00 0.519777E+00 0.129752E+02
 0.349145E+00 0.519580E+00 0.129617E+02
 0.349117E+00 0.519580E+00 0.129694E+02
 0.349143E+00 0.519578E+00 0.129522E+02
 0.349135E+00 0.519729E+00 0.129551E+02
 0.349147E+00 0.519535E+00 0.129509E+02
 0.349229E+00 0.519567E+00 0.152368E+02
 0.349194E+00 0.519580E+00 0.152800E+02
 0.349144E+00 0.519581E+00 0.129635E+02
 0.349144E+00 0.519580E+00 0.129550E+02
 0.349143E+00 0.519640E+00 0.129664E+02
 0.349144E+00 0.519490E+00 0.129553E+02
 0.349075E+00 0.519568E+00 0.129550E+02
 0.349115E+00 0.519580E+00 0.129587E+02
 0.349129E+00 0.519661E+00 0.129573E+02
 0.349106E+00 0.519625E+00 0.129513E+02
 0.349143E+00 0.519583E+00 0.129656E+02
 0.349148E+00 0.519727E+00 0.129555E+02
 0.349143E+00 0.519580E+00 0.129603E+02
 0.349143E+00 0.519580E+00 0.129583E+02
 0.349143E+00 0.519634E+00 0.129555E+02
 0.349143E+00 0.519679E+00 0.129628E+02
 0.349113E+00 0.519438E+00 0.129607E+02
 0.349109E+00 0.519602E+00 0.129599E+02
 0.349126E+00 0.519563E+00 0.129611E+02
 0.349152E+00 0.519581E+00 0.129628E+02
 0.349130E+00 0.519571E+00 0.129546E+02
 0.349143E+00 0.519580E+00 0.129500E+02
 0.349143E+00 0.519580E+00 0.129534E+02
 0.349157E+00 0.519622E+00 0.129515E+02
 0.349144E+00 0.519578E+00 0.129595E+02
 0.373325E+00 0.520912E+00 0.141615E+02
 0.349125E+00 0.519775E+00 0.129727E+02
 0.349146E+00 0.519658E+00 0.129634E+02
 0.349129E+00 0.519572E+00 0.129530E+02
 0.349142E+00 0.519580E+00 0.129531E+02
 0.349148E+00 0.519662E+00 0.129608E+02
 0.349144E+00 0.519582E+00 0.129516E+02
 0.349146E+00 0.519580E+00 0.129624E+02
 0.373365E+00 0.526024E+00 0.154319E+02
 0.349143E+00 0.519580E+00 0.129585E+02
 0.349130E+00 0.519580E+00 0.129576E+02
 0.349140E+00 0.519550E+00 0.129571E+02
 0.349145E+00 0.519510E+00 0.129548E+02
 0.349148E+00 0.519586E+00 0.129647E+02
 0.349150E+00 0.519586E+00 0.129729E+02
 0.349144E+00 0.519581E+00 0.129557E+02
 0.349143E+00 0.519595E+00 0.129673E+02
 0.349155E+00 0.519791E+00 0.129726E+02
 0.349115E+00 0.519581E+00 0.129593E+02
 0.349143E+00 0.519580E+00 0.129539E+02
 0.349143E+00 0.519588E+00 0.129585E+02
 0.349147E+00 0.519538E+00 0.129601E+02
 0.349121E+00 0.519749E+00 0.129636E+02
 0.349143E+00 0.519579E+00 0.129620E+02
 0.349143E+00 0.519487E+00 0.129566E+02
 0.349144E+00 0.519583E+00 0.129649E+02
 0.349142E+00 0.519580E+00 0.129693E+02
 0.349167E+00 0.519581E+00 0.129895E+02
 0.349143E+00 0.519727E+00 0.129582E+02
 0.349038E+00 0.519699E+00 0.129869E+02
 0.349142E+00 0.519517E+00 0.129553E+02
 0.349125E+00 0.519575E+00 0.129549E+02
 0.349143E+00 0.519579E+00 0.129541E+02
 0.349143E+00 0.519580E+00 0.129538E+02
 0.349143E+00 0.519648E+00 0.129529E+02
 0.349141E+00 0.519572E+00 0.129613E+02
 0.349145E+00 0.519580E+00 0.129606E+02
 0.349123E+00 0.519580E+00 0.129559E+02
 0.349149E+00 0.519551E+00 0.129602E+02
 0.349144E+00 0.519557E+00 0.129672E+02
 0.349157E+00 0.519570E+00 0.129584E+02
 0.349153E+00 0.519481E+00 0.129586E+02
 0.349143E+00 0.519581E+00 0.129615E+02
 0.349144E+00 0.519580E+00 0.129704E+02
 0.349143E+00 0.519586E+00 0.129669E+02
 0.349125E+00 0.519757E+00 0.129727E+02
 0.349093E+00 0.519584E+00 0.129660E+02
 0.349147E+00 0.519516E+00 0.129629E+02
 0.349139E+00 0.519580E+00 0.129634E+02
 0.349143E+00 0.519578E+00 0.129704E+02
 0.349145E+00 0.519579E+00 0.129632E+02
 0.349143E+00 0.519582E+00 0.129600E+02
 0.349162E+00 0.519936E+00 0.156280E+02
 0.349126E+00 0.519578E+00 0.129533E+02
 0.349143E+00 0.519580E+00 0.129581E+02
 0.349143E+00 0.519580E+00 0.129712E+02
 0.349144E+00 0.519585E+00 0.129594E+02
 0.349105E+00 0.519602E+00 0.129642E+02
 0.349111E+00 0.519731E+00 0.129610E+02
 0.349135E+00 0.519612E+00 0.129672E+02
 0.349144E+00 0.519577E+00 0.129576E+02
 0.349159E+00 0.519578E+00 0.129577E+02
 0.349143E+00 0.519580E+00 0.129541E+02
 0.349157E+00 0.519581E+00 0.129639E+02
 0.349157E+00 0.519595E+00 0.129497E+02
 0.349144E+00 0.519550E+00 0.129551E+02
 0.349108E+00 0.519580E+00 0.129681E+02
 0.349143E+00 0.519579E+00 0.129577E+02
 0.349162E+00 0.519565E+00 0.129601E+02
 0.349144E+00 0.519579E+00 0.129632E+02
 0.349083E+00 0.519724E+00 0.129690E+02
 0.349119E+00 0.519580E+00 0.129564E+02
 0.349123E+00 0.519656E+00 0.129473E+02
 0.349144E+00 0.519582E+00 0.129577E+02
 0.349143E+00 0.519585E+00 0.129551E+02
 0.349114E+00 0.519591E+00 0.129538E+02
 0.349117E+00 0.519580E+00 0.129535E+02
 0.379099E+00 0.515599E+00 0.162834E+02
 0.349147E+00 0.519518E+00 0.129536E+02
 0.349154E+00 0.519540E+00 0.129648E+02
 0.349150E+00 0.519580E+00 0.129557E+02
 0.349143E+00 0.519579E+00 0.129544E+02
 0.349144E+00 0.519582E+00 0.129640E+02
 0.349144E+00 0.519580E+00 0.129583E+02
 0.349143E+00 0.519580E+00 0.129537E+02
 0.349136E+00 0.519588E+00 0.129512E+02
 0.349143E+00 0.519560E+00 0.129600E+02
 0.349156E+00 0.519580E+00 0.129522E+02
 0.373827E+00 0.519391E+00 0.144727E+02
 0.349166E+00 0.519577E+00 0.129521E+02
 0.349144E+00 0.519582E+00 0.129588E+02
 0.349146E+00 0.519580E+00 0.129686E+02
 0.349144E+00 0.519580E+00 0.129545E+02
 0.349144E+00 0.519583E+00 0.129659E+02
 0.349160E+00 0.519564E+00 0.129535E+02
 0.349166E+00 0.519570E+00 0.129548E+02
 0.373711E+00 0.520410E+00 0.145808E+02
 0.349144E+00 0.519581E+00 0.129526E+02
 0.349057E+00 0.519718E+00 0.129695E+02
 0.349164E+00 0.519591E+00 0.129576E+02
 0.349141E+00 0.519580E+00 0.129508E+02
 0.349145E+00 0.519582E+00 0.129545E+02
 0.349143E+00 0.519580E+00 0.129516E+02
 0.349131E+00 0.519580E+00 0.129590E+02
 0.349144E+00 0.519585E+00 0.129631E+02
 0.349148E+00 0.519580E+00 0.129659E+02
 0.349143E+00 0.519580E+00 0.129507E+02
 0.349143E+00 0.519580E+00 0.129499E+02
 0.349140E+00 0.519618E+00 0.129625E+02
 0.349143E+00 0.519544E+00 0.129610E+02
 0.349147E+00 0.519540E+00 0.129551E+02
 0.349185E+00 0.519574E+00 0.152517E+02
 0.349144E+00 0.519580E+00 0.129526E+02
 0.349143E+00 0.519580E+00 0.129517E+02
 0.349136E+00 0.519578E+00 0.129551E+02
 0.349143E+00 0.519582E+00 0.129556E+02
 0.349152E+00 0.519443E+00 0.129552E+02
 0.349130E+00 0.519762E+00 0.129540E+02
 0.349131E+00 0.519598E+00 0.129533E+02
 0.349147E+00 0.519569E+00 0.129541E+02
 0.349147E+00 0.519580E+00 0.129517E+02
 0.378702E+00 0.519400E+00 0.180223E+02
 0.349149E+00 0.519578E+00 0.129668E+02
 0.349146E+00 0.519580E+00 0.129501E+02
 0.349143E+00 0.519744E+00 0.129576E+02
 0.349073E+00 0.519412E+00 0.129643E+02
 0.349143E+00 0.519591E+00 0.129595E+02
 0.349086E+00 0.519580E+00 0.129686E+02
 0.349122E+00 0.519588E+00 0.129687E+02
 0.349143E+00 0.519580E+00 0.129621E+02
 0.349143E+00 0.519580E+00 0.129585E+02
 0.349142E+00 0.519469E+00 0.129616E+02
 0.349143E+00 0.519580E+00 0.129555E+02
 0.349163E+00 0.519587E+00 0.129646E+02
 0.349145E+00 0.519589E+00 0.129623E+02
 0.349132E+00 0.519695E+00 0.129579E+02
 0.349095E+00 0.519581E+00 0.129579E+02
 0.349143E+00 0.519586E+00 0.129527E+02
 0.349092E+00 0.519428E+00 0.129575E+02
 0.349121E+00 0.519595E+00 0.129676E+02
 0.349143E+00 0.519580E+00 0.129538E+02
 0.349140E+00 0.519564E+00 0.129564E+02
 0.349146E+00 0.519580E+00 0.129576E+02
 0.375058E+00 0.524589E+00 0.158642E+02
 0.349142E+00 0.519579E+00 0.129567E+02
 0.349115E+00 0.519577E+00 0.129547E+02
 0.349143E+00 0.519580E+00 0.129535E+02
 0.349143E+00 0.519584E+00 0.129633E+02
 0.349162E+00 0.519403E+00 0.129633E+02
 0.349144E+00 0.519518E+00 0.129564E+02
 0.349148E+00 0.519552E+00 0.129534E+02
 0.349164E+00 0.519579E+00 0.129576E+02
 0.349125E+00 0.519573E+00 0.129530E+02
 0.349121E+00 0.519462E+00 0.129722E+02
 0.349146E+00 0.519580E+00 0.129569E+02
 0.349144E+00 0.519579E+00 0.129656E+02
 0.349144E+00 0.519583E+00 0.129668E+02
 0.349147E+00 0.519567E+00 0.129669E+02
 0.349143E+00 0.519580E+00 0.129538E+02
 0.349144E+00 0.519767E+00 0.129527E+02
 0.349143E+00 0.519581E+00 0.129599E+02
 0.349122E+00 0.519522E+00 0.129536E+02
 0.349148E+00 0.519587E+00 0.129609E+02
 0.349142E+00 0.519581E+00 0.129576E+02
 0.349143E+00 0.519812E+00 0.129768E+02
 0.349148E+00 0.519580E+00 0.129503E+02
 0.349145E+00 0.519579E+00 0.129605E+02
 0.349142E+00 0.519595E+00 0.129496E+02
 0.349137E+00 0.519557E+00 0.129627E+02
 0.349147E+00 0.519657E+00 0.129758E+02
 0.349146E+00 0.519585E+00 0.129565E+02
 0.372607E+00 0.525284E+00 0.144053E+02
 0.349145E+00 0.519580E+00 0.129590E+02
 0.349144E+00 0.519579E+00 0.129616E+02
 0.349127E+00 0.519583E+00 0.129564E+02
 0.349143E+00 0.519580E+00 0.129581E+02
 0.349143E+00 0.519424E+00 0.129586E+02
 0.349143E+00 0.519524E+00 0.129509E+02
 0.349113E+00 0.519550E+00 0.129520E+02
 0.349144E+00 0.519581E+00 0.129630E+02
 0.349143E+00 0.519580E+00 0.129517E+02
 0.349143E+00 0.519547E+00 0.129547E+02
 0.349143E+00 0.519581E+00 0.129628E+02
 0.374105E+00 0.522004E+00 0.149234E+02
 0.349090E+00 0.519580E+00 0.129633E+02
 0.349145E+00 0.519582E+00 0.129530E+02
 0.349215E+00 0.519791E+00 0.154519E+02
 0.349146E+00 0.519680E+00 0.129536E+02
 0.349143E+00 0.519787E+00 0.129648E+02
 0.349144E+00 0.519583E+00 0.129654E+02
 0.349150E+00 0.519578E+00 0.129636E+02
 0.349070E+00 0.519580E+00 0.129572E+02
 0.349208E+00 0.519189E+00 0.129700E+02
 0.349143E+00 0.519575E+00 0.129641E+02
 0.349143E+00 0.519580E+00 0.129555E+02
 0.349204E+00 0.519580E+00 0.153111E+02
 0.349176E+00 0.519651E+00 0.153457E+02
 0.376449E+00 0.511048E+00 0.157979E+02
 0.349060E+00 0.519575E+00 0.129538E+02
 0.349144E+00 0.519584E+00 0.129647E+02
 0.349162E+00 0.519595E+00 0.129587E+02
 0.349138E+00 0.519580E+00 0.129669E+02
 0.349137E+00 0.519581E+00 0.129562E+02
 0.349146E+00 0.519580E+00 0.129624E+02
 0.349253E+00 0.519707E+00 0.152738E+02
 0.349143E+00 0.519580E+00 0.129582E+02
 0.349144E+00 0.519581E+00 0.129599E+02
 0.349143E+00 0.519524E+00 0.129524E+02
 0.349113E+00 0.519663E+00 0.129718E+02
 0.349142E+00 0.519535E+00 0.129582E+02
 0.349113E+00 0.519437E+00 0.129599E+02
 0.349353E+00 0.519565E+00 0.151571E+02
 0.349144E+00 0.519581E+00 0.129665E+02
 0.349168E+00 0.520034E+00 0.156086E+02
 0.349143E+00 0.519580E+00 0.129673E+02
 0.349109E+00 0.519574E+00 0.129568E+02
 0.349143E+00 0.519580E+00 0.129520E+02
 0.349150E+00 0.519605E+00 0.129623E+02
 0.349144E+00 0.519598E+00 0.129637E+02
 0.349157E+00 0.519580E+00 0.129476E+02
 0.349087E+00 0.519580E+00 0.129536E+02
 0.349115E+00 0.519414E+00 0.129619E+02
 0.349147E+00 0.519580E+00 0.129614E+02
 0.349143E+00 0.519584E+00 0.129599E+02
 0.349144E+00 0.519579E+00 0.129592E+02
 0.349159E+00 0.519940E+00 0.153923E+02
 0.349100E+00 0.519575E+00 0.129548E+02
 0.349143E+00 0.519580E+00 0.129557E+02
 0.349142E+00 0.519580E+00 0.129694E+02
 0.349143E+00 0.519770E+00 0.129732E+02
 0.349124E+00 0.519260E+00 0.129676E+02
 0.349144E+00 0.519545E+00 0.129542E+02
 0.349151E+00 0.519581E+00 0.129649E+02
 0.349141E+00 0.519622E+00 0.129632E+02
 0.349145E+00 0.519580E+00 0.129555E+02
 0.349143E+00 0.519578E+00 0.129537E+02
 0.349143E+00 0.519580E+00 0.129534E+02
 0.349060E+00 0.519924E+00 0.129789E+02
 0.349147E+00 0.519580E+00 0.129569E+02
 0.349103E+00 0.519579E+00 0.129634E+02
 0.349082E+00 0.519585E+00 0.129572E+02
 0.349142E+00 0.519580E+00 0.129518E+02
 0.349143E+00 0.519576E+00 0.129556E+02
 0.349145E+00 0.519580E+00 0.129589E+02
 0.349143E+00 0.519580E+00 0.129497E+02
 0.349140E+00 0.519580E+00 0.129704E+02
 0.349053E+00 0.519902E+00 0.129772E+02
 0.349144E+00 0.519569E+00 0.129688E+02
 0.349074E+00 0.519580E+00 0.129614E+02
 0.349144E+00 0.519581E+00 0.129536E+02
 0.349143E+00 0.519580E+00 0.129581E+02
 0.349145E+00 0.519581E+00 0.129594E+02
 0.349145E+00 0.519584E+00 0.129521E+02
 0.349200E+00 0.519580E+00 0.152612E+02
 0.349174E+00 0.519632E+00 0.152966E+02
 0.349089E+00 0.519771E+00 0.129626E+02
 0.349143E+00 0.519581E+00 0.129699E+02
 0.349143E+00 0.519752E+00 0.129534E+02
 0.349209E+00 0.519438E+00 0.152069E+02
 0.349157E+00 0.519580E+00 0.129512E+02
 0.349094E+00 0.519412E+00 0.129603E+02
 0.349145E+00 0.519575E+00 0.129875E+02
 0.349143E+00 0.519581E+00 0.129518E+02
 0.349143E+00 0.519581E+00 0.129538E+02
 0.349144E+00 0.519578E+00 0.129616E+02
 0.349136E+00 0.520220E+00 0.157569E+02
 0.349140E+00 0.519580E+00 0.129591E+02
 0.349148E+00 0.519652E+00 0.129674E+02
 0.349089E+00 0.519304E+00 0.133568E+02
 0.349071E+00 0.519560E+00 0.129572E+02
 0.349145E+00 0.519580E+00 0.129560E+02
 0.349144E+00 0.519581E+00 0.129652E+02
 0.349143E+00 0.519576E+00 0.129578E+02
 0.374786E+00 0.519718E+00 0.150824E+02
 0.349143E+00 0.519580E+00 0.129540E+02
 0.349141E+00 0.519580E+00 0.129613E+02
 0.349012E+00 0.519541E+00 0.129649E+02
 0.349151E+00 0.519580E+00 0.129609E+02
 0.349186E+00 0.520063E+00 0.156003E+02
 0.349143E+00 0.519587E+00 0.129607E+02
 0.368053E+00 0.521369E+00 0.180352E+02
 0.349142E+00 0.519580E+00 0.129591E+02
 0.349136E+00 0.519710E+00 0.129596E+02
 0.349144E+00 0.519587E+00 0.129876E+02
 0.349143E+00 0.519580E+00 0.129587E+02
 0.349145E+00 0.519580E+00 0.129616E+02
 0.349144E+00 0.519582E+00 0.129570E+02
 0.349144E+00 0.519515E+00 0.129563E+02
 0.349212E+00 0.519566E+00 0.153112E+02
 0.349185E+00 0.519574E+00 0.151924E+02
 0.349143E+00 0.519586E+00 0.129516E+02
 0.349143E+00 0.519581E+00 0.129566E+02
 0.349201E+00 0.519453E+00 0.152014E+02
 0.349195E+00 0.519298E+00 0.129624E+02
 0.349068E+00 0.519568E+00 0.129545E+02
 0.349150E+00 0.519580E+00 0.129535E+02
 0.349145E+00 0.519581E+00 0.129586E+02
 0.349123E+00 0.519587E+00 0.129581E+02
 0.349143E+00 0.519580E+00 0.129583E+02
 0.349143E+00 0.519583E+00 0.129576E+02
 0.349163E+00 0.519580E+00 0.129543E+02
 0.349060E+00 0.519580E+00 0.129631E+02
 0.349047E+00 0.519604E+00 0.129562E+02
 0.349142E+00 0.519580E+00 0.129558E+02
 0.349144E+00 0.519580E+00 0.129671E+02
 0.349123E+00 0.519853E+00 0.130016E+02
 0.380446E+00 0.527567E+00 0.153835E+02
 0.349145E+00 0.519581E+00 0.129688E+02
 0.349145E+00 0.519580E+00 0.129516E+02
 0.349140E+00 0.519590E+00 0.129687E+02
 0.349143E+00 0.519580E+00 0.129535E+02
 0.349096E+00 0.519655E+00 0.129606E+02
 0.349139E+00 0.519580E+00 0.129532E+02
 0.349013E+00 0.519580E+00 0.129573E+02
 0.349141E+00 0.519580E+00 0.129652E+02
 0.349143E+00 0.519581E+00 0.129652E+02
 0.349137E+00 0.519326E+00 0.129678E+02
 0.349143E+00 0.519580E+00 0.129582E+02
 0.349142E+00 0.519580E+00 0.129537E+02
 0.349144E+00 0.519585E+00 0.129653E+02
 0.349144E+00 0.519592E+00 0.129580E+02
 0.349143E+00 0.519579E+00 0.129505E+02
 0.349162E+00 0.519217E+00 0.129704E+02
 0.372087E+00 0.523214E+00 0.139096E+02
 0.349123E+00 0.519612E+00 0.129623E+02
 0.349143E+00 0.519580E+00 0.129535E+02
 0.349154E+00 0.519611E+00 0.129552E+02
 0.349143E+00 0.519581E+00 0.129578E+02
 0.349131E+00 0.519546E+00 0.129686E+02
 0.349228E+00 0.519580E+00 0.151849E+02
 0.349143E+00 0.519580E+00 0.129505E+02
 0.401879E+00 0.519456E+00 0.178849E+02
 0.349147E+00 0.519672E+00 0.129493E+02
 0.349143E+00 0.519634E+00 0.129509E+02
 0.349157E+00 0.519588E+00 0.129575E+02
 0.349154E+00 0.519580E+00 0.129595E+02
 0.380214E+00 0.519382E+00 0.150631E+02
 0.349109E+00 0.519603E+00 0.129732E+02
 0.349140E+00 0.519580E+00 0.129498E+02
 0.349144E+00 0.519592E+00 0.129563E+02
 0.349143E+00 0.519580E+00 0.129574E+02
 0.349126E+00 0.519650E+00 0.129887E+02
 0.349128E+00 0.521072E+00 0.165402E+02
 0.349144E+00 0.519580E+00 0.129632E+02
 0.349056E+00 0.519642E+00 0.129629E+02
 0.374541E+00 0.516259E+00 0.145591E+02
 0.349140E+00 0.519580E+00 0.129575E+02
 0.349023E+00 0.519580E+00 0.129638E+02
 0.349094E+00 0.519824E+00 0.129645E+02
 0.349138E+00 0.519580E+00 0.129520E+02
 0.373301E+00 0.519367E+00 0.148073E+02
 0.349143E+00 0.519583E+00 0.129549E+02
 0.349143E+00 0.519580E+00 0.129698E+02
 0.349145E+00 0.519581E+00 0.129619E+02
 0.349160E+00 0.519476E+00 0.129587E+02
 0.349144E+00 0.519581E+00 0.129526E+02
 0.349148E+00 0.519580E+00 0.129615E+02
 0.349088E+00 0.519724E+00 0.129614E+02
 0.349143E+00 0.519579E+00 0.129547E+02
 0.349144E+00 0.519578E+00 0.129474E+02
 0.349144E+00 0.519580E+00 0.129606E+02
 0.349143E+00 0.519580E+00 0.129540E+02
 0.349159E+00 0.519599E+00 0.129588E+02
 0.349136E+00 0.519468E+00 0.129647E+02
 0.349113E+00 0.519587E+00 0.129609E+02
 0.349151E+00 0.519581E+00 0.129658E+02
 0.349153E+00 0.519750E+00 0.129525E+02
 0.349143E+00 0.519580E+00 0.129578E+02
 0.349103E+00 0.519580E+00 0.129519E+02
 0.349177E+00 0.519461E+00 0.129629E+02
 0.349132E+00 0.519568E+00 0.129621E+02
 0.349145E+00 0.519579E+00 0.129555E+02
 0.349121E+00 0.519734E+00 0.129573E+02
 0.349144E+00 0.519569E+00 0.129619E+02
 0.349165E+00 0.519500E+00 0.129562E+02
 0.349147E+00 0.519558E+00 0.129603E+02
 0.349142E+00 0.519583E+00 0.129581E+02
 0.349143E+00 0.519589E+00 0.129672E+02
 0.349144E+00 0.519580E+00 0.129556E+02
 0.349103E+00 0.519573E+00 0.129528E+02
 0.349143E+00 0.519580E+00 0.129604E+02
 0.349144E+00 0.519580E+00 0.129568E+02
 0.349152E+00 0.519681E+00 0.129648E+02
 0.349101E+00 0.519580E+00 0.129583E+02
 0.349157E+00 0.519402E+00 0.129586E+02
 0.349143E+00 0.519581E+00 0.129570E+02
 0.349143E+00 0.519600E+00 0.129889E+02
 0.349144E+00 0.519579E+00 0.129650E+02
 0.349124E+00 0.519580E+00 0.129569E+02
 0.349143E+00 0.519580E+00 0.129585E+02
 0.349146E+00 0.519580E+00 0.129508E+02
 0.349177E+00 0.519578E+00 0.129610E+02
 0.349143E+00 0.519770E+00 0.129923E+02
 0.349142E+00 0.519580E+00 0.129645E+02
 0.349146E+00 0.519685E+00 0.129530E+02
 0.349141E+00 0.519629E+00 0.129707E+02
 0.349146E+00 0.519581E+00 0.129581E+02
 0.373763E+00 0.519497E+00 0.147043E+02
 0.349161E+00 0.521034E+00 0.164441E+02
 0.349140E+00 0.519557E+00 0.129553E+02
 0.349143E+00 0.519538E+00 0.129685E+02
 0.349164E+00 0.519580E+00 0.129545E+02
 0.349116E+00 0.519580E+00 0.129593E+02
 0.349102E+00 0.519594E+00 0.129560E+02
 0.349154E+00 0.519514E+00 0.129659E+02
 0.349095E+00 0.519601E+00 0.129631E+02
 0.349182E+00 0.519409E+00 0.129582E+02
 0.349147E+00 0.519820E+00 0.129573E+02
 0.349143E+00 0.519584E+00 0.129621E+02
 0.349074E+00 0.519580E+00 0.129529E+02
 0.349180E+00 0.519714E+00 0.153888E+02
 0.349144E+00 0.519513E+00 0.129546E+02
 0.349143E+00 0.519554E+00 0.129624E+02
 0.349147E+00 0.519580E+00 0.129571E+02
 0.349125E+00 0.519720E+00 0.129510E+02
 0.349167E+00 0.519545E+00 0.129556E+02
 0.349140E+00 0.519580E+00 0.129652E+02
 0.349149E+00 0.519313E+00 0.129645E+02
 0.349144E+00 0.519579E+00 0.129559E+02
 0.349143E+00 0.519580E+00 0.129465E+02
 0.349143E+00 0.519698E+00 0.129725E+02
 0.349127E+00 0.519610E+00 0.129538E+02
 0.349112E+00 0.519616E+00 0.129575E+02
 0.349143E+00 0.519580E+00 0.129592E+02
 0.349141E+00 0.519581E+00 0.129608E+02
 0.349143E+00 0.519580E+00 0.129516E+02
 0.349145E+00 0.519580E+00 0.129618E+02
 0.349144E+00 0.519577E+00 0.129655E+02
 0.349096E+00 0.519580E+00 0.129531E+02
 0.375774E+00 0.519417E+00 0.162741E+02
 0.349154E+00 0.519681E+00 0.129547E+02
 0.349144E+00 0.519569E+00 0.129592E+02
 0.349143E+00 0.519581E+00 0.129667E+02
 0.349138E+00 0.519580E+00 0.129626E+02
 0.349094E+00 0.519592E+00 0.129633E+02
 0.349143E+00 0.519583E+00 0.129654E+02
 0.349149E+00 0.519645E+00 0.129660E+02
 0.375865E+00 0.519327E+00 0.161771E+02
 0.349143E+00 0.519580E+00 0.129518E+02
 0.349153E+00 0.519831E+00 0.154181E+02
 0.373054E+00 0.519495E+00 0.145991E+02
 0.349159E+00 0.519297E+00 0.129636E+02
 0.349146E+00 0.519581E+00 0.129598E+02
 0.349144E+00 0.519577E+00 0.129591E+02
 0.373668E+00 0.523187E+00 0.148098E+02
 0.349144E+00 0.519598E+00 0.129574E+02
 0.349025E+00 0.519622E+00 0.129636E+02
 0.349166E+00 0.519580E+00 0.129563E+02
 0.349127E+00 0.519635E+00 0.129654E+02
 0.373432E+00 0.521159E+00 0.145749E+02
 0.349127E+00 0.519580E+00 0.129633E+02
 0.349143E+00 0.519580E+00 0.129559E+02
 0.349134E+00 0.520141E+00 0.130405E+02
 0.349143E+00 0.519580E+00 0.129535E+02
 0.349140E+00 0.519581E+00 0.129537E+02
 0.349144E+00 0.519518E+00 0.129524E+02
 0.349144E+00 0.519584E+00 0.129696E+02
 0.349025E+00 0.519624E+00 0.129651E+02
 0.349144E+00 0.519594E+00 0.129558E+02
 0.402983E+00 0.519396E+00 0.181955E+02
 0.349162E+00 0.519594E+00 0.129665E+02
 0.349080E+00 0.519335E+00 0.129648E+02
 0.349122E+00 0.519579E+00 0.129618E+02
 0.349122E+00 0.519585E+00 0.129711E+02
 0.349144E+00 0.519754E+00 0.129691E+02
 0.349144E+00 0.519578E+00 0.129577E+02
 0.349120E+00 0.519581E+00 0.129703E+02
 0.349184E+00 0.519580E+00 0.151956E+02
 0.349143E+00 0.519581E+00 0.129549E+02
 0.349144E+00 0.519579E+00 0.129642E+02
 0.349145E+00 0.519580E+00 0.129615E+02
 0.349146E+00 0.519580E+00 0.129532E+02
 0.348979E+00 0.519551E+00 0.129665E+02
 0.349212E+00 0.519570E+00 0.152303E+02
 0.349143E+00 0.519546E+00 0.129552E+02
 0.349118E+00 0.519580E+00 0.129674E+02
 0.349190E+00 0.519555E+00 0.152329E+02
 0.349154E+00 0.519748E+00 0.129740E+02
 0.349141E+00 0.519586E+00 0.129628E+02
 0.349143E+00 0.519503E+00 0.129603E+02
 0.349149E+00 0.519673E+00 0.129684E+02
 0.349143E+00 0.519579E+00 0.129691E+02
 0.349143E+00 0.519810E+00 0.129553E+02
 0.349139E+00 0.518760E+00 0.172274E+02
 0.349145E+00 0.519583E+00 0.129573E+02
 0.349144E+00 0.519580E+00 0.129620E+02
 0.349124E+00 0.519581E+00 0.129608E+02
 0.349143E+00 0.519580E+00 0.129540E+02
 0.349143E+00 0.519425E+00 0.129655E+02
 0.349150E+00 0.519580E+00 0.129563E+02
 0.349136E+00 0.519647E+00 0.129559E+02
 0.349135E+00 0.519581E+00 0.129581E+02
 0.349145E+00 0.519584E+00 0.129654E+02
 0.349143E+00 0.519580E+00 0.129564E+02
 0.349143E+00 0.519580E+00 0.129580E+02
 0.348995E+00 0.519622E+00 0.129708E+02
 0.349139E+00 0.519580E+00 0.129522E+02
 0.349129E+00 0.519580E+00 0.129548E+02
 0.349117E+00 0.519466E+00 0.129546E+02
 0.349238E+00 0.519807E+00 0.153376E+02
 0.349143E+00 0.519580E+00 0.129580E+02
 0.349145E+00 0.519580E+00 0.129561E+02
 0.349144E+00 0.519585E+00 0.129541E+02
 0.349178E+00 0.519631E+00 0.129753E+02
 0.349124E+00 0.519534E+00 0.129552E+02
 0.349145E+00 0.519580E+00 0.129556E+02
 0.349143E+00 0.519580E+00 0.129538E+02
 0.349143E+00 0.519637E+00 0.129589E+02
 0.349143E+00 0.519550E+00 0.129545E+02
 0.349144E+00 0.519573E+00 0.129513E+02
 0.349134E+00 0.520169E+00 0.157404E+02
 0.349140E+00 0.519587E+00 0.129703E+02
 0.349143E+00 0.519580E+00 0.129532E+02
 0.349143E+00 0.519517E+00 0.129578E+02
 0.349143E+00 0.519582E+00 0.129528E+02
 0.349143E+00 0.519535E+00 0.129638E+02
 0.349142E+00 0.519580E+00 0.129669E+02
 0.349121E+00 0.519739E+00 0.129671E+02
 0.349200E+00 0.519568E+00 0.152664E+02
 0.349182E+00 0.519579E+00 0.129602E+02
 0.349143E+00 0.519671E+00 0.129560E+02
 0.349143E+00 0.519582E+00 0.129713E+02
 0.349130E+00 0.519922E+00 0.129978E+02
 0.349135E+00 0.519584E+00 0.129568E+02
 0.349143E+00 0.519548E+00 0.129613E+02
 0.349143E+00 0.519569E+00 0.129651E+02
 0.349141E+00 0.519580E+00 0.129867E+02
 0.349143E+00 0.519581E+00 0.129596E+02
 0.349143E+00 0.519585E+00 0.129637E+02
 0.349147E+00 0.519580E+00 0.129590E+02
 0.349207E+00 0.519619E+00 0.153270E+02
 0.349143E+00 0.519656E+00 0.129525E+02
 0.349346E+00 0.519649E+00 0.153013E+02
 0.349143E+00 0.519543E+00 0.129625E+02
 0.349157E+00 0.519580E+00 0.129573E+02
 0.349097E+00 0.519580E+00 0.129609E+02
 0.349103E+00 0.519611E+00 0.129625E+02
 0.349097E+00 0.519581E+00 0.129583E+02
 0.349143E+00 0.519579E+00 0.129655E+02
 0.349150E+00 0.519507E+00 0.129513E+02
 0.373069E+00 0.521384E+00 0.145021E+02
 0.349145E+00 0.519579E+00 0.129682E+02
 0.349144E+00 0.519580E+00 0.129539E+02
 0.349143E+00 0.519580E+00 0.129706E+02
 0.349126E+00 0.519568E+00 0.129685E+02
 0.349080E+00 0.519537E+00 0.129538E+02
 0.349143E+00 0.519578E+00 0.129536E+02
 0.349140E+00 0.519581E+00 0.129637E+02
 0.349204E+00 0.519611E+00 0.153042E+02
 0.349143E+00 0.519572E+00 0.129570E+02
 0.349143E+00 0.519554E+00 0.129557E+02
 0.349200E+00 0.519580E+00 0.152460E+02
 0.349128E+00 0.519651E+00 0.129558E+02
 0.349143E+00 0.519578E+00 0.129526E+02
 0.349144E+00 0.519592E+00 0.129545E+02
 0.349143E+00 0.519580E+00 0.129539E+02
 0.349177E+00 0.519580E+00 0.129578E+02
 0.349123E+00 0.519665E+00 0.129629E+02
 0.349159E+00 0.519501E+00 0.129634E+02
 0.349168E+00 0.519580E+00 0.129567E+02
 0.349109E+00 0.519578E+00 0.129619E+02
 0.349143E+00 0.519580E+00 0.129583E+02
 0.349145E+00 0.519580E+00 0.129590E+02
 0.349120E+00 0.519605E+00 0.129555E+02
 0.349144E+00 0.519582E+00 0.129700E+02
 0.349137E+00 0.519580E+00 0.129581E+02
 0.349138E+00 0.519654E+00 0.129603E+02
 0.349166E+00 0.519581E+00 0.129526E+02
 0.349143E+00 0.519580E+00 0.129575E+02
 0.372872E+00 0.525313E+00 0.147146E+02
 0.349143E+00 0.519570E+00 0.129706E+02
 0.349144E+00 0.519580E+00 0.129584E+02
 0.349143E+00 0.519652E+00 0.129667E+02
 0.349144E+00 0.519581E+00 0.129517E+02
 0.379694E+00 0.511058E+00 0.153396E+02
 0.349128E+00 0.519548E+00 0.129564E+02
 0.349144E+00 0.519579E+00 0.129669E+02
 0.349146E+00 0.519560E+00 0.129601E+02
 0.349143E+00 0.519576E+00 0.129593E+02
 0.349121E+00 0.519517E+00 0.129616E+02
 0.349144E+00 0.519580E+00 0.129619E+02
 0.349143E+00 0.519580E+00 0.129517E+02
 0.349140E+00 0.519580E+00 0.129580E+02
 0.348898E+00 0.519609E+00 0.180971E+02
 0.349143E+00 0.519554E+00 0.129626E+02
 0.349118E+00 0.519518E+00 0.134421E+02
 0.349143E+00 0.519579E+00 0.129613E+02
 0.349143E+00 0.519545E+00 0.129538E+02
 0.349144E+00 0.519591E+00 0.129533E+02
 0.349118E+00 0.519793E+00 0.129723E+02
 0.349143E+00 0.519580E+00 0.129520E+02
 0.349140E+00 0.519581E+00 0.129641E+02
 0.349344E+00 0.519608E+00 0.151897E+02
 0.349223E+00 0.519589E+00 0.152757E+02
 0.349151E+00 0.519649E+00 0.129593E+02
 0.349126E+00 0.519686E+00 0.129511E+02
 0.349144E+00 0.519500E+00 0.129871E+02
 0.349144E+00 0.519579E+00 0.129698E+02
 0.349141E+00 0.519580E+00 0.129527E+02
 0.349144E+00 0.519583E+00 0.129640E+02
 0.349144E+00 0.519584E+00 0.129677E+02
 0.378658E+00 0.519296E+00 0.179246E+02
 0.349143E+00 0.519579E+00 0.129511E+02
 0.349149E+00 0.519569E+00 0.129524E+02
 0.349135E+00 0.519608E+00 0.129716E+02
 0.349140E+00 0.519583E+00 0.129479E+02
 0.349143E+00 0.519820E+00 0.129633E+02
 0.349144E+00 0.519581E+00 0.129645E+02
 0.349118E+00 0.519658E+00 0.129658E+02
 0.349143E+00 0.519576E+00 0.129530E+02
 0.349141E+00 0.519676E+00 0.129628E+02
 0.349144E+00 0.519580E+00 0.129563E+02
 0.349143E+00 0.519580E+00 0.129583E+02
 0.349143E+00 0.519581E+00 0.129547E+02
 0.349153E+00 0.519580E+00 0.129556E+02
 0.349037E+00 0.519580E+00 0.129572E+02
 0.349143E+00 0.519573E+00 0.129502E+02
 0.349136E+00 0.519639E+00 0.129699E+02
 0.349143E+00 0.519580E+00 0.129625E+02
 0.349147E+00 0.519503E+00 0.129562E+02
 0.349145E+00 0.519585E+00 0.129539E+02
 0.349143E+00 0.519583E+00 0.129718E+02
 0.349143E+00 0.519586E+00 0.129519E+02
 0.349143E+00 0.519580E+00 0.129522E+02
 0.349152E+00 0.519580E+00 0.129582E+02
 0.349162E+00 0.519540E+00 0.129617E+02
 0.349226E+00 0.519580E+00 0.152631E+02
 0.349144E+00 0.519579E+00 0.129637E+02
 0.372705E+00 0.520563E+00 0.143222E+02
 0.349144E+00 0.519585E+00 0.129543E+02
 0.349131E+00 0.519701E+00 0.129884E+02
 0.349144E+00 0.519580E+00 0.129612E+02
 0.349143E+00 0.519584E+00 0.129567E+02
 0.348885E+00 0.519596E+00 0.182941E+02
 0.349225E+00 0.519580E+00 0.151487E+02
 0.349132E+00 0.519522E+00 0.129624E+02
 0.349145E+00 0.519581E+00 0.129555E+02
 0.349149E+00 0.519585E+00 0.129511E+02
 0.349143E+00 0.519580E+00 0.129552E+02
 0.349144E+00 0.519546E+00 0.129620E+02
 0.349157E+00 0.519580E+00 0.129584E+02
 0.349120E+00 0.519580E+00 0.129574E+02
 0.349146E+00 0.519692E+00 0.129579E+02
 0.349324E+00 0.519592E+00 0.151878E+02
 0.349164E+00 0.519580E+00 0.129553E+02
 0.349135E+00 0.519694E+00 0.129729E+02
 0.349122E+00 0.519590E+00 0.129650E+02
 0.349146E+00 0.519495E+00 0.129618E+02
 0.349143E+00 0.519575E+00 0.129642E+02
 0.349236E+00 0.519597E+00 0.153122E+02
 0.349019E+00 0.519580E+00 0.129579E+02
 0.349119E+00 0.519582E+00 0.129511E+02
 0.349121E+00 0.519580E+00 0.129571E+02
 0.349133E+00 0.519227E+00 0.133974E+02
 0.349144E+00 0.519581E+00 0.129599E+02
 0.349132E+00 0.519583E+00 0.129564E+02
 0.349139E+00 0.519580E+00 0.129507E+02
 0.349143E+00 0.519630E+00 0.129500E+02
 0.349156E+00 0.519580E+00 0.129567E+02
 0.349121E+00 0.519607E+00 0.129581E+02
 0.349149E+00 0.519559E+00 0.129602E+02
 0.349222E+00 0.519580E+00 0.152786E+02
 0.349144E+00 0.519581E+00 0.129591E+02
 0.349143E+00 0.519586E+00 0.129586E+02
 0.349137E+00 0.519584E+00 0.129592E+02
 0.349144E+00 0.520138E+00 0.156997E+02
 0.348984E+00 0.519622E+00 0.129687E+02
 0.349209E+00 0.519580E+00 0.153107E+02
 0.349181E+00 0.519580E+00 0.151852E+02
 0.349143E+00 0.519580E+00 0.129605E+02
 0.349155E+00 0.519859E+00 0.153850E+02
 0.349144E+00 0.519581E+00 0.129603E+02
 0.349148E+00 0.519580E+00 0.129562E+02
 0.349143E+00 0.519857E+00 0.129725E+02
 0.349143E+00 0.519566E+00 0.129571E+02
 0.349150E+00 0.519578E+00 0.129631E+02
 0.349143E+00 0.519312E+00 0.129650E+02
 0.349142E+00 0.519661E+00 0.129641E+02
 0.349150E+00 0.519641E+00 0.129538E+02
 0.349122E+00 0.519580E+00 0.129609E+02
 0.349144E+00 0.519580E+00 0.129646E+02
 0.349149E+00 0.519466E+00 0.129575E+02
 0.349143E+00 0.519582E+00 0.129524E+02
 0.349143E+00 0.519577E+00 0.129545E+02
 0.349137E+00 0.519900E+00 0.129807E+02
 0.349145E+00 0.519581E+00 0.129550E+02
 0.349135E+00 0.519580E+00 0.129565E+02
 0.349143E+00 0.519581E+00 0.129626E+02
 0.349143E+00 0.519625E+00 0.129669E+02
 0.349147E+00 0.519579E+00 0.129545E+02
 0.349176E+00 0.519580E+00 0.129631E+02
 0.349144E+00 0.519579E+00 0.129605E+02
 0.349126E+00 0.519679E+00 0.129593E+02
 0.349144E+00 0.519588E+00 0.129666E+02
 0.349144E+00 0.519579E+00 0.129583E+02
 0.349140E+00 0.519584E+00 0.129542E+02
 0.349143E+00 0.519580E+00 0.129573E+02
 0.400468E+00 0.517056E+00 0.176350E+02
 0.349121E+00 0.519672E+00 0.129538E+02
 0.349156E+00 0.519580E+00 0.129645E+02
 0.349144E+00 0.519581E+00 0.129500E+02
 0.349142E+00 0.519599E+00 0.129585E+02
 0.349148E+00 0.519583E+00 0.129647E+02
 0.349134E+00 0.519566E+00 0.129623E+02
 0.349143E+00 0.519579E+00 0.129602E+02
 0.349148E+00 0.519582E+00 0.129617E+02
 0.349143E+00 0.519580E+00 0.129576E+02
 0.349142E+00 0.519580E+00 0.129562E+02
 0.349143E+00 0.519954E+00 0.154767E+02
 0.349150E+00 0.519580E+00 0.129584E+02
 0.349124E+00 0.519669E+00 0.129594E+02
 0.349158E+00 0.519449E+00 0.129611E+02
 0.349137E+00 0.519844E+00 0.129708E+02
 0.349142E+00 0.519580E+00 0.129534E+02
 0.349144E+00 0.519582E+00 0.129669E+02
 0.349143E+00 0.519660E+00 0.129673E+02
 0.349149E+00 0.519582E+00 0.129540E+02
 0.349114E+00 0.519607E+00 0.129569E+02
 0.373710E+00 0.520464E+00 0.146216E+02
 0.349143E+00 0.519580E+00 0.129500E+02
 0.349143E+00 0.519581E+00 0.129595E+02
 0.349206E+00 0.519522E+00 0.152129E+02
 0.349143E+00 0.519580E+00 0.129541E+02
 0.349152E+00 0.519527E+00 0.129563E+02
 0.374139E+00 0.521280E+00 0.146110E+02
 0.349137E+00 0.519660E+00 0.129529E+02
 0.349225E+00 0.519657E+00 0.152133E+02
 0.349143E+00 0.519581E+00 0.129615E+02
 0.349212E+00 0.519602E+00 0.152023E+02
 0.349143E+00 0.519557E+00 0.129520E+02
 0.349111E+00 0.519580E+00 0.129636E+02
 0.349143E+00 0.519579E+00 0.129559E+02
 0.349111E+00 0.519562E+00 0.134474E+02
 0.349144E+00 0.519579E+00 0.129692E+02
 0.349141E+00 0.519580E+00 0.129645E+02
 0.349144E+00 0.519884E+00 0.129971E+02
 0.349144E+00 0.519584E+00 0.129579E+02
 0.349194E+00 0.519658E+00 0.152784E+02
 0.349155E+00 0.519661E+00 0.129713E+02
 0.349143E+00 0.519579E+00 0.129520E+02
 0.349171E+00 0.519557E+00 0.129664E+02
 0.349144E+00 0.519579E+00 0.129569E+02
 0.349141E+00 0.519581E+00 0.129516E+02
 0.349018E+00 0.519566E+00 0.129636E+02
 0.349144E+00 0.519582E+00 0.129512E+02
 0.349138E+00 0.519580E+00 0.129604E+02
 0.349137E+00 0.519580E+00 0.129636E+02
 0.349120E+00 0.519672E+00 0.129544E+02
 0.349164E+00 0.519580E+00 0.129574E+02
 0.349143E+00 0.519579E+00 0.129622E+02
 0.349139E+00 0.519582E+00 0.129590E+02
 0.374681E+00 0.519651E+00 0.150219E+02
 0.349143E+00 0.519580E+00 0.129538E+02
 0.349075E+00 0.519574E+00 0.129640E+02
 0.349143E+00 0.519669E+00 0.129566E+02
 0.349157E+00 0.519579E+00 0.129611E+02
 0.349141E+00 0.519455E+00 0.129654E+02
 0.349131E+00 0.519564E+00 0.129618E+02
 0.349127E+00 0.519580E+00 0.129519E+02
 0.349143E+00 0.519581E+00 0.129626E+02
 0.349147E+00 0.519549E+00 0.129590E+02
 0.349156E+00 0.519580E+00 0.129692E+02
 0.349122E+00 0.519615E+00 0.129620E+02
 0.349143E+00 0.519580E+00 0.129501E+02
 0.349143E+00 0.519714E+00 0.129574E+02
 0.349118E+00 0.519580E+00 0.129570E+02
 0.349116E+00 0.519551E+00 0.129651E+02
 0.349146E+00 0.519636E+00 0.129602E+02
 0.349142E+00 0.519611E+00 0.129540E+02
 0.349138E+00 0.519580E+00 0.129560E+02
 0.349132E+00 0.519779E+00 0.129589E+02
 0.349143E+00 0.519829E+00 0.129733E+02
 0.349144E+00 0.519582E+00 0.129554E+02
 0.349144E+00 0.519580E+00 0.129481E+02
 0.349100E+00 0.519629E+00 0.129558E+02
 0.374950E+00 0.521939E+00 0.157618E+02
 0.349143E+00 0.519579E+00 0.129690E+02
 0.349142E+00 0.519620E+00 0.129598E+02
 0.374660E+00 0.519276E+00 0.150816E+02
 0.349143E+00 0.519576E+00 0.129549E+02
 0.349143E+00 0.519580E+00 0.129515E+02
 0.349030E+00 0.519604E+00 0.129615E+02
 0.349001E+00 0.519629E+00 0.129866E+02
 0.349155E+00 0.519580E+00 0.129577E+02
 0.349143E+00 0.519624E+00 0.129488E+02
 0.349169E+00 0.519572E+00 0.129569E+02
 0.349158E+00 0.519582E+00 0.129563E+02
 0.349143E+00 0.519519E+00 0.129592E+02
 0.349143E+00 0.519653E+00 0.129637E+02
 0.349140E+00 0.519579E+00 0.129612E+02
 0.349122E+00 0.519581E+00 0.129513E+02
 0.349170E+00 0.519632E+00 0.129518E+02
 0.349134E+00 0.519588E+00 0.129612E+02
 0.349149E+00 0.519580E+00 0.129526E+02
 0.349143E+00 0.519580E+00 0.129572E+02
 0.349149E+00 0.519579E+00 0.129561E+02
 0.349149E+00 0.519581E+00 0.129599E+02
 0.349143E+00 0.519580E+00 0.129660E+02
 0.349138E+00 0.519584E+00 0.129634E+02
 0.349143E+00 0.519580E+00 0.129538E+02
 0.349142E+00 0.519580E+00 0.129588E+02
 0.349143E+00 0.519471E+00 0.129554E+02
 0.349143E+00 0.519584E+00 0.129548E+02
 0.349143E+00 0.519593E+00 0.129571E+02
 0.349160E+00 0.519581E+00 0.129612E+02
 0.349112E+00 0.519580E+00 0.129655E+02
 0.349125E+00 0.519551E+00 0.129613E+02
 0.349143E+00 0.519580E+00 0.129579E+02
 0.349111E+00 0.519736E+00 0.129606E+02
 0.349142E+00 0.519580E+00 0.129626E+02
 0.349144E+00 0.519699E+00 0.129535E+02
 0.349144E+00 0.519562E+00 0.129524E+02
 0.349154E+00 0.519581E+00 0.129621E+02
 0.349109E+00 0.519580E+00 0.129521E+02
 0.349105E+00 0.519609E+00 0.129575E+02
 0.349127E+00 0.519581E+00 0.129607E+02
 0.349143E+00 0.519576E+00 0.129635E+02
 0.349143E+00 0.519580E+00 0.129583E+02
 0.349143E+00 0.519580E+00 0.129589E+02
 0.349069E+00 0.519609E+00 0.129629E+02
 0.374578E+00 0.522469E+00 0.153142E+02
 0.349144E+00 0.519578E+00 0.129623E+02
 0.349142E+00 0.519511E+00 0.129573E+02
 0.349167E+00 0.519580E+00 0.129601E+02
 0.349147E+00 0.519582E+00 0.129613E+02
 0.349143E+00 0.519578E+00 0.129579E+02
 0.349143E+00 0.519580E+00 0.129517E+02
 0.349143E+00 0.519580E+00 0.129691E+02
 0.349145E+00 0.519579E+00 0.129577E+02
 0.349136E+00 0.519580E+00 0.129533E+02
 0.349143E+00 0.519579E+00 0.129644E+02
 0.349143E+00 0.519580E+00 0.129601E+02
 0.349158E+00 0.519470E+00 0.129607E+02
 0.349143E+00 0.519578E+00 0.129530E+02
 0.349143E+00 0.519584E+00 0.129564E+02
 0.349143E+00 0.519611E+00 0.129618E+02
 0.349119E+00 0.519650E+00 0.129585E+02
 0.349143E+00 0.519581E+00 0.129491E+02
 0.373517E+00 0.519922E+00 0.143108E+02
 0.349124E+00 0.519611E+00 0.129632E+02
 0.349123E+00 0.519996E+00 0.130089E+02
 0.349141E+00 0.519584E+00 0.129551E+02
 0.349143E+00 0.519580E+00 0.129537E+02
 0.349144E+00 0.519663E+00 0.129659E+02
 0.349142E+00 0.519581E+00 0.129599E+02
 0.349121E+00 0.519580E+00 0.129584E+02
 0.349139E+00 0.519722E+00 0.129623E+02
 0.349094E+00 0.519511E+00 0.129597E+02
 0.349139E+00 0.519581E+00 0.129607E+02
 0.349144E+00 0.519584E+00 0.129917E+02
 0.349963E+00 0.519401E+00 0.141224E+02
 0.349112E+00 0.519866E+00 0.130058E+02
 0.349145E+00 0.519580E+00 0.129566E+02
 0.349143E+00 0.519580E+00 0.129602E+02
 0.349144E+00 0.519708E+00 0.129592E+02
 0.349158E+00 0.519580E+00 0.129559E+02
 0.349111E+00 0.519638E+00 0.129631E+02
 0.354063E+00 0.491991E+00 0.154741E+02
 0.349144E+00 0.519581E+00 0.129594E+02
 0.349143E+00 0.519534E+00 0.129562E+02
 0.349155E+00 0.519583E+00 0.129572E+02
 0.349141E+00 0.519581E+00 0.129525E+02
 0.349258E+00 0.519618E+00 0.152065E+02
 0.349143E+00 0.519648E+00 0.129576E+02
 0.349143E+00 0.519580E+00 0.129600E+02
 0.349146E+00 0.519581E+00 0.129578E+02
 0.349158E+00 0.519670E+00 0.129676E+02
 0.349134E+00 0.519641E+00 0.129547E+02
 0.349159E+00 0.519582E+00 0.129686E+02
 0.349141E+00 0.519580E+00 0.129506E+02
 0.349229E+00 0.519618E+00 0.152301E+02
 0.349118E+00 0.519580E+00 0.129611E+02
 0.349143E+00 0.519621E+00 0.129675E+02
 0.349167E+00 0.519557E+00 0.129689E+02
 0.349143E+00 0.519581E+00 0.129633E+02
 0.349144E+00 0.519620E+00 0.129623E+02
 0.349152E+00 0.519555E+00 0.129619E+02
 0.349144E+00 0.519657E+00 0.129548E+02
 0.349143E+00 0.519580E+00 0.129626E+02
 0.349141E+00 0.519579E+00 0.129566E+02
 0.349143E+00 0.519639E+00 0.129548E+02
 0.349154E+00 0.519580E+00 0.129576E+02
 0.349105E+00 0.519539E+00 0.129661E+02
 0.349146E+00 0.519633E+00 0.129570E+02
 0.349143E+00 0.519579E+00 0.129638E+02
 0.349143E+00 0.519580E+00 0.129578E+02
 0.349144E+00 0.519580E+00 0.129575E+02
 0.349268E+00 0.519624E+00 0.151340E+02
 0.373182E+00 0.512680E+00 0.180700E+02
 0.349143E+00 0.519614E+00 0.129528E+02
 0.349145E+00 0.519579E+00 0.129573E+02
 0.349150E+00 0.519580E+00 0.129719E+02
 0.349143E+00 0.519581E+00 0.129557E+02
 0.349144E+00 0.519626E+00 0.129614E+02
 0.349144E+00 0.519580E+00 0.129535E+02
 0.349144E+00 0.519580E+00 0.129572E+02
 0.349143E+00 0.519580E+00 0.129536E+02
 0.349130E+00 0.519626E+00 0.129545E+02
 0.349143E+00 0.519593E+00 0.129628E+02
 0.349146E+00 0.519578E+00 0.129624E+02
 0.349144E+00 0.519579E+00 0.129604E+02
 0.349153E+00 0.519582E+00 0.129540E+02
 0.349144E+00 0.519578E+00 0.129574E+02
 0.349142E+00 0.519579E+00 0.129582E+02
 0.349138E+00 0.519580E+00 0.129588E+02
 0.349143E+00 0.519649E+00 0.129703E+02
 0.349143E+00 0.519578E+00 0.129675E+02
 0.349150E+00 0.519579E+00 0.129537E+02
 0.349144E+00 0.519579E+00 0.129609E+02
 0.349143E+00 0.519487E+00 0.129623E+02
 0.349175E+00 0.519518E+00 0.129508E+02
 0.349143E+00 0.519572E+00 0.129601E+02
 0.349127E+00 0.519784E+00 0.129636E+02
 0.349143E+00 0.519580E+00 0.129554E+02
 0.349143E+00 0.519589E+00 0.129700E+02
 0.349140E+00 0.519556E+00 0.129548E+02
 0.349143E+00 0.519627E+00 0.129504E+02
 0.349145E+00 0.519579E+00 0.129535E+02
 0.349147E+00 0.519538E+00 0.129629E+02
 0.349141E+00 0.519483E+00 0.129648E+02
 0.349143E+00 0.519582E+00 0.129614E+02
 0.349164E+00 0.519491E+00 0.129531E+02
 0.349137E+00 0.519582E+00 0.129514E+02
 0.349143E+00 0.519580E+00 0.129555E+02
 0.349146E+00 0.519580E+00 0.129545E+02
 0.349144E+00 0.519585E+00 0.129538E+02
 0.349160E+00 0.519582E+00 0.129525E+02
 0.349095E+00 0.519553E+00 0.129611E+02
 0.349143E+00 0.519582E+00 0.129509E+02
 0.349144E+00 0.519754E+00 0.129639E+02
 0.349141E+00 0.519583E+00 0.129602E+02
 0.349144E+00 0.519665E+00 0.129657E+02
 0.349085E+00 0.519612E+00 0.129615E+02
 0.349143E+00 0.519608E+00 0.129561E+02
 0.349115E+00 0.519682E+00 0.129655E+02
 0.349146E+00 0.519580E+00 0.129519E+02
 0.349144E+00 0.519581E+00 0.129641E+02
 0.376256E+00 0.519591E+00 0.162914E+02
 0.349143E+00 0.519580E+00 0.129601E+02
 0.349143E+00 0.519580E+00 0.129516E+02
 0.349140E+00 0.519580E+00 0.129677E+02
 0.349081E+00 0.519614E+00 0.129536E+02
 0.349143E+00 0.519614E+00 0.129521E+02
 0.349117E+00 0.519580E+00 0.129579E+02
 0.349123E+00 0.519249E+00 0.129680E+02
 0.349171E+00 0.519565E+00 0.129678E+02
 0.349143E+00 0.519573E+00 0.129562E+02
 0.349128E+00 0.519836E+00 0.129791E+02
 0.349145E+00 0.519580E+00 0.129525E+02
 0.349140E+00 0.519580E+00 0.129681E+02
 0.349143E+00 0.519586E+00 0.129576E+02
 0.349201E+00 0.519630E+00 0.152860E+02
 0.349156E+00 0.519578E+00 0.129556E+02
 0.349168E+00 0.519700E+00 0.129626E+02
 0.349134E+00 0.519574E+00 0.129640E+02
 0.349143E+00 0.519581E+00 0.129603E+02
 0.349145E+00 0.519532E+00 0.129571E+02
 0.349143E+00 0.519575E+00 0.129635E+02
 0.349143E+00 0.519580E+00 0.129565E+02
 0.349126E+00 0.519929E+00 0.129773E+02
 0.349143E+00 0.519580E+00 0.129535E+02
 0.349119E+00 0.519580E+00 0.129613E+02
 0.349104E+00 0.519510E+00 0.129562E+02
 0.349138E+00 0.520020E+00 0.130029E+02
 0.349121E+00 0.519480E+00 0.129678E+02
 0.349143E+00 0.519581E+00 0.129619E+02
 0.349143E+00 0.519580E+00 0.129516E+02
 0.374269E+00 0.524333E+00 0.157102E+02
 0.349125E+00 0.519616E+00 0.129567E+02
 0.349019E+00 0.519627E+00 0.129627E+02
 0.349109E+00 0.519580E+00 0.129516E+02
 0.349151E+00 0.519673E+00 0.129679E+02
 0.349145E+00 0.519580E+00 0.129532E+02
 0.349148E+00 0.519560E+00 0.129559E+02
 0.349148E+00 0.519580E+00 0.129581E+02
 0.349132E+00 0.519790E+00 0.129714E+02
 0.349143E+00 0.519581E+00 0.129547E+02
 0.349143E+00 0.519646E+00 0.129688E+02
 0.349172E+00 0.519580E+00 0.129592E+02
 0.349177E+00 0.519740E+00 0.154529E+02
 0.349144E+00 0.519483E+00 0.129663E+02
 0.349140E+00 0.519579E+00 0.129590E+02
 0.349143E+00 0.519580E+00 0.129534E+02
 0.349143E+00 0.519590E+00 0.129615E+02
 0.349129E+00 0.519580E+00 0.129622E+02
 0.349182E+00 0.519754E+00 0.154749E+02
 0.349154E+00 0.519954E+00 0.154865E+02
 0.403582E+00 0.519826E+00 0.181305E+02
 0.349141E+00 0.519508E+00 0.129597E+02
 0.349146E+00 0.519586E+00 0.129568E+02
 0.349143E+00 0.519580E+00 0.129537E+02
 0.349141E+00 0.519580E+00 0.129582E+02
 0.349142E+00 0.519410E+00 0.129618E+02
 0.349143E+00 0.519580E+00 0.129570E+02
 0.349143E+00 0.519655E+00 0.129623E+02
 0.349181E+00 0.519564E+00 0.152554E+02
 0.349144E+00 0.519582E+00 0.129537E+02
 0.349143E+00 0.519581E+00 0.129649E+02
 0.349137E+00 0.519653E+00 0.129720E+02
 0.349143E+00 0.519579E+00 0.129562E+02
 0.349143E+00 0.519580E+00 0.129602E+02
 0.349104E+00 0.519606E+00 0.129599E+02
 0.372824E+00 0.522417E+00 0.143360E+02
 0.349144E+00 0.519588E+00 0.129575E+02
 0.349145E+00 0.519579E+00 0.129610E+02
 0.349119E+00 0.519865E+00 0.130009E+02
 0.349157E+00 0.519614E+00 0.129524E+02
 0.349144E+00 0.519576E+00 0.129611E+02
 0.349170E+00 0.519581E+00 0.129550E+02
 0.349141E+00 0.519580E+00 0.129537E+02
 0.349144E+00 0.519581E+00 0.129621E+02
 0.349143E+00 0.519577E+00 0.129643E+02
 0.349142E+00 0.519593E+00 0.129621E+02
 0.349143E+00 0.519580E+00 0.129578E+02
 0.349142E+00 0.519581E+00 0.129721E+02
 0.349143E+00 0.519584E+00 0.129560E+02
 0.349124E+00 0.519543E+00 0.129542E+02
 0.349184E+00 0.519580E+00 0.129636E+02
 0.349144E+00 0.519579E+00 0.129499E+02
 0.349143E+00 0.519580E+00 0.129637E+02
 0.349144E+00 0.519718E+00 0.129695E+02
 0.349143E+00 0.519587E+00 0.129693E+02
 0.349182E+00 0.519528E+00 0.129644E+02
 0.349143E+00 0.519581E+00 0.129624E+02
 0.349142E+00 0.519581E+00 0.129562E+02
 0.380225E+00 0.523594E+00 0.152161E+02
 0.349123E+00 0.519786E+00 0.129699E+02
 0.349143E+00 0.519580E+00 0.129538E+02
 0.349144E+00 0.519428E+00 0.129597E+02
 0.349061E+00 0.520258E+00 0.129967E+02
 0.349151E+00 0.519575E+00 0.129626E+02
 0.349143E+00 0.519581E+00 0.129588E+02
 0.349144E+00 0.519596E+00 0.129520E+02
 0.349144E+00 0.519581E+00 0.129668E+02
 0.349143E+00 0.519580E+00 0.129582E+02
 0.349143E+00 0.519580E+00 0.129635E+02
 0.379450E+00 0.527154E+00 0.151003E+02
 0.349055E+00 0.519668E+00 0.129637E+02
 0.349119E+00 0.519580E+00 0.129608E+02
 0.349099E+00 0.518918E+00 0.173163E+02
 0.349153E+00 0.519605E+00 0.129600E+02
 0.349139E+00 0.519580E+00 0.129511E+02
 0.349144E+00 0.519517E+00 0.129540E+02
 0.349154E+00 0.519564E+00 0.129631E+02
 0.349144E+00 0.519581E+00 0.129574E+02
 0.349145E+00 0.519579E+00 0.129629E+02
 0.349143E+00 0.519580E+00 0.129498E+02
 0.349154E+00 0.519647E+00 0.129559E+02
 0.349144E+00 0.519582E+00 0.129510E+02
 0.349088E+00 0.519596E+00 0.129679E+02
 0.349143E+00 0.519406E+00 0.129571E+02
 0.349179E+00 0.519832E+00 0.154333E+02
 0.349107E+00 0.519605E+00 0.129539E+02
 0.349145E+00 0.519580E+00 0.129608E+02
 0.349143E+00 0.519580E+00 0.129593E+02
 0.349143E+00 0.519588E+00 0.129557E+02
 0.349143E+00 0.519690E+00 0.129533E+02
 0.349131E+00 0.519580E+00 0.129493E+02
 0.349158E+00 0.520315E+00 0.158257E+02
 0.349176E+00 0.519513E+00 0.129615E+02
 0.349144E+00 0.519579E+00 0.129621E+02
 0.372875E+00 0.487505E+00 0.170301E+02
 0.349146E+00 0.519510E+00 0.129540E+02
 0.349144E+00 0.519908E+00 0.129739E+02
 0.349114E+00 0.520036E+00 0.130134E+02
 0.349144E+00 0.519496E+00 0.129546E+02
 0.349144E+00 0.519582E+00 0.129574E+02
 0.349144E+00 0.519579E+00 0.129582E+02
 0.349149E+00 0.519581E+00 0.129618E+02
 0.349144E+00 0.519575E+00 0.129669E+02
 0.349146E+00 0.519580E+00 0.129621E+02
 0.349144E+00 0.519581E+00 0.129607E+02
 0.349143E+00 0.519579E+00 0.129717E+02
 0.349131E+00 0.519865E+00 0.129690E+02
 0.349144E+00 0.519581E+00 0.129645E+02
 0.349143E+00 0.519580E+00 0.129541E+02
 0.349143E+00 0.519580E+00 0.129561E+02
 0.349136E+00 0.519580E+00 0.129533E+02
 0.349149E+00 0.519648E+00 0.129685E+02
 0.349144E+00 0.519580E+00 0.129634E+02
 0.349142E+00 0.519715E+00 0.129693E+02
 0.349143E+00 0.519586E+00 0.129627E+02
 0.349064E+00 0.519626E+00 0.129671E+02
 0.349143E+00 0.519361E+00 0.134268E+02
 0.349151E+00 0.519579E+00 0.129595E+02
 0.349134E+00 0.519580E+00 0.129606E+02
 0.349135E+00 0.520300E+00 0.157715E+02
 0.349154E+00 0.519583E+00 0.129581E+02
 0.349155E+00 0.519580E+00 0.129587E+02
 0.349143E+00 0.519581E+00 0.129690E+02
 0.349141E+00 0.519582E+00 0.129603E+02
 0.349144E+00 0.519579E+00 0.129562E+02
 0.349144E+00 0.519580E+00 0.129650E+02
 0.349141E+00 0.519582E+00 0.129528E+02
 0.349140E+00 0.519581E+00 0.129634E+02
 0.349143E+00 0.519593E+00 0.129620E+02
 0.349165E+00 0.519607E+00 0.129657E+02
 0.349088E+00 0.520254E+00 0.130529E+02
 0.349119E+00 0.519285E+00 0.133951E+02
 0.349145E+00 0.519573E+00 0.129675E+02
 0.373244E+00 0.519497E+00 0.147602E+02
 0.349145E+00 0.519582E+00 0.129527E+02
 0.349111E+00 0.519618E+00 0.129688E+02
 0.349144E+00 0.519484E+00 0.129592E+02
 0.349143E+00 0.519583E+00 0.129527E+02
 0.349163E+00 0.519592E+00 0.129651E+02
 0.349151E+00 0.519581E+00 0.129665E+02
 0.349136E+00 0.519580E+00 0.129518E+02
 0.349133E+00 0.519580E+00 0.129606E+02
 0.349146E+00 0.519579E+00 0.129620E+02
 0.349143E+00 0.519580E+00 0.129721E+02
 0.349144E+00 0.519580E+00 0.129551E+02
 0.349172E+00 0.519593E+00 0.129596E+02
 0.349137E+00 0.520068E+00 0.130154E+02
 0.349125E+00 0.519562E+00 0.129683E+02
 0.349144E+00 0.519580E+00 0.129586E+02
 0.349142E+00 0.519588E+00 0.129509E+02
 0.349146E+00 0.519581E+00 0.129588E+02
 0.349151E+00 0.519389E+00 0.129575E+02
 0.349144E+00 0.519580E+00 0.129530E+02
 0.349144E+00 0.519580E+00 0.129509E+02
 0.349143E+00 0.519580E+00 0.129515E+02
 0.349180E+00 0.519557E+00 0.129641E+02
 0.349143E+00 0.519576E+00 0.129569E+02
 0.349143E+00 0.519579E+00 0.129574E+02
 0.349128E+00 0.519430E+00 0.134273E+02
 0.349133E+00 0.519566E+00 0.129556E+02
 0.349140E+00 0.519580E+00 0.129536E+02
 0.349143E+00 0.519579E+00 0.129587E+02
 0.374940E+00 0.521378E+00 0.154536E+02
 0.374911E+00 0.520980E+00 0.150852E+02
 0.349142E+00 0.519980E+00 0.155221E+02
 0.349143E+00 0.519584E+00 0.129508E+02
 0.349143E+00 0.519434E+00 0.129679E+02
 0.349070E+00 0.519985E+00 0.129631E+02
 0.349146E+00 0.519576E+00 0.129619E+02
 0.349142E+00 0.519581E+00 0.129549E+02
 0.349144E+00 0.519579E+00 0.129562E+02
 0.349126E+00 0.520056E+00 0.129886E+02
 0.349144E+00 0.519580E+00 0.129518E+02
 0.349143E+00 0.519580E+00 0.129539E+02
 0.349128E+00 0.519674E+00 0.129674E+02
 0.349144E+00 0.519967E+00 0.129739E+02
 0.349143E+00 0.519656E+00 0.129541E+02
 0.349145E+00 0.519575E+00 0.129637E+02
 0.349142E+00 0.519584E+00 0.129532E+02
 0.349144E+00 0.519580E+00 0.129599E+02
 0.349143E+00 0.519580E+00 0.129518E+02
 0.349146E+00 0.519580E+00 0.129531E+02
 0.349145E+00 0.519327E+00 0.129681E+02
 0.348983E+00 0.519595E+00 0.129654E+02
 0.349128E+00 0.519580E+00 0.129582E+02
 0.349128E+00 0.519837E+00 0.129627E+02
 0.349122E+00 0.519561E+00 0.129518E+02
 0.349128E+00 0.519581E+00 0.129513E+02
 0.349113E+00 0.519514E+00 0.129646E+02
 0.349144E+00 0.519578E+00 0.129576E+02
 0.401685E+00 0.519447E+00 0.178368E+02
 0.349144E+00 0.519580E+00 0.129570E+02
 0.349145E+00 0.519582E+00 0.129637E+02
 0.349143E+00 0.519580E+00 0.129580E+02
 0.349144E+00 0.519511E+00 0.129632E+02
 0.349119E+00 0.519577E+00 0.129556E+02
 0.349109E+00 0.519580E+00 0.129552E+02
 0.349140E+00 0.519592E+00 0.129601E+02
 0.349143E+00 0.519581E+00 0.129530E+02
 0.349146E+00 0.519571E+00 0.129668E+02
 0.349144E+00 0.519580E+00 0.129659E+02
 0.349141E+00 0.519581E+00 0.129608E+02
 0.349153E+00 0.519580E+00 0.129523E+02
 0.349162E+00 0.519580E+00 0.129548E+02
 0.349143E+00 0.519582E+00 0.129522E+02
 0.349140E+00 0.519580E+00 0.129529E+02
 0.349143E+00 0.519580E+00 0.129538E+02
 0.349143E+00 0.519588E+00 0.129497E+02
 0.349116E+00 0.519592E+00 0.129577E+02
 0.349146E+00 0.519568E+00 0.129576E+02
 0.349169E+00 0.519640E+00 0.152355E+02
 0.349143E+00 0.519579E+00 0.129584E+02
 0.349144E+00 0.519580E+00 0.129522E+02
 0.349111E+00 0.520088E+00 0.130048E+02
 0.349143E+00 0.519580E+00 0.129534E+02
 0.349145E+00 0.519580E+00 0.129494E+02
 0.349145E+00 0.519707E+00 0.129623E+02
 0.349144E+00 0.519818E+00 0.129696E+02
 0.349056E+00 0.519579E+00 0.129618E+02
 0.349159E+00 0.519580E+00 0.129876E+02
 0.349054E+00 0.519436E+00 0.129619E+02
 0.349127E+00 0.519930E+00 0.129747E+02
 0.349139E+00 0.519565E+00 0.129609E+02
 0.349144E+00 0.519580E+00 0.129676E+02
 0.349102E+00 0.519419E+00 0.129632E+02
 0.349117E+00 0.519133E+00 0.133772E+02
 0.349144E+00 0.519580E+00 0.129703E+02
 0.349143E+00 0.519587E+00 0.129551E+02
 0.349148E+00 0.519580E+00 0.129503E+02
 0.349096E+00 0.519580E+00 0.129557E+02
 0.349143E+00 0.519580E+00 0.129628E+02
 0.349128E+00 0.519437E+00 0.129568E+02
 0.349145E+00 0.519582E+00 0.129592E+02
 0.349143E+00 0.519579E+00 0.129627E+02
 0.373982E+00 0.522686E+00 0.149021E+02
 0.349148E+00 0.519580E+00 0.129525E+02
 0.349132E+00 0.519586E+00 0.129504E+02
 0.349126E+00 0.519580E+00 0.129605E+02
 0.373580E+00 0.523045E+00 0.147559E+02
 0.349143E+00 0.519579E+00 0.129572E+02
 0.349142E+00 0.519583E+00 0.129545E+02
 0.349144E+00 0.519520E+00 0.129562E+02
 0.349153E+00 0.519580E+00 0.129646E+02
 0.349159E+00 0.520395E+00 0.158823E+02
 0.349184E+00 0.519580E+00 0.152614E+02
 0.349144E+00 0.519581E+00 0.129620E+02
 0.349214E+00 0.519734E+00 0.153923E+02
 0.349143E+00 0.519581E+00 0.129557E+02
 0.349125E+00 0.520046E+00 0.129724E+02
 0.349144E+00 0.519580E+00 0.129505E+02
 0.349143E+00 0.519580E+00 0.129583E+02
 0.349105E+00 0.519559E+00 0.129614E+02
 0.349145E+00 0.519467E+00 0.129578E+02
 0.349133E+00 0.519580E+00 0.129574E+02
 0.349074E+00 0.519602E+00 0.129683E+02
 0.349191E+00 0.519580E+00 0.129688E+02
 0.349143E+00 0.519581E+00 0.129637E+02
 0.349144E+00 0.519583E+00 0.129617E+02
 0.349108E+00 0.519417E+00 0.129600E+02
 0.349143E+00 0.519580E+00 0.129534E+02
 0.349110E+00 0.518779E+00 0.172694E+02
 0.349147E+00 0.519582E+00 0.129578E+02
 0.349154E+00 0.519216E+00 0.134131E+02
 0.349143E+00 0.519651E+00 0.129637E+02
 0.349143E+00 0.519589E+00 0.129600E+02
 0.349117E+00 0.519567E+00 0.129591E+02
 0.349164E+00 0.519979E+00 0.155346E+02
 0.349143E+00 0.519580E+00 0.129601E+02
 0.349144E+00 0.519718E+00 0.129657E+02
 0.349146E+00 0.519580E+00 0.129614E+02
 0.349137E+00 0.519580E+00 0.129660E+02
 0.349166E+00 0.519773E+00 0.153918E+02
 0.349115E+00 0.519560E+00 0.129625E+02
 0.349143E+00 0.519581E+00 0.129515E+02
 0.349125E+00 0.519605E+00 0.129598E+02
 0.349141E+00 0.519581E+00 0.129602E+02
 0.374229E+00 0.519580E+00 0.144222E+02
 0.349144E+00 0.519581E+00 0.129518E+02
 0.349135E+00 0.519580E+00 0.129524E+02
 0.349143E+00 0.519580E+00 0.129539E+02
 0.349140E+00 0.519580E+00 0.129575E+02
 0.349143E+00 0.519582E+00 0.129583E+02
 0.373764E+00 0.519615E+00 0.146860E+02
 0.349151E+00 0.519580E+00 0.129650E+02
 0.349139E+00 0.519708E+00 0.129738E+02
 0.349144E+00 0.519575E+00 0.129660E+02
 0.349144E+00 0.519581E+00 0.129704E+02
 0.349151E+00 0.519583E+00 0.129620E+02
 0.373429E+00 0.519938E+00 0.147170E+02
 0.349100E+00 0.519633E+00 0.129593E+02
 0.349144E+00 0.519536E+00 0.129539E+02
 0.349086E+00 0.519367E+00 0.129611E+02
 0.349166E+00 0.519582E+00 0.129561E+02
 0.349144E+00 0.519581E+00 0.129592E+02
 0.349143E+00 0.519582E+00 0.129569E+02
 0.349160E+00 0.519583E+00 0.129670E+02
 0.349143E+00 0.519580E+00 0.129538E+02
 0.349152E+00 0.519580E+00 0.129532E+02
 0.349136E+00 0.519580E+00 0.129521E+02
 0.349112E+00 0.519577E+00 0.129563E+02
 0.349124E+00 0.519580E+00 0.129887E+02
 0.349143E+00 0.519580E+00 0.129583E+02
 0.373330E+00 0.518730E+00 0.148651E+02
 0.349138E+00 0.519480E+00 0.129542E+02
 0.349143E+00 0.519580E+00 0.129559E+02
 0.349145E+00 0.519538E+00 0.129501E+02
 0.349135E+00 0.519581E+00 0.129624E+02
 0.349079E+00 0.519573E+00 0.129536E+02
 0.349144E+00 0.519580E+00 0.129595E+02
 0.349132E+00 0.519662E+00 0.129546E+02
 0.349166E+00 0.519498E+00 0.129562E+02
 0.349081E+00 0.519571E+00 0.129522E+02
 0.349137E+00 0.519995E+00 0.129663E+02
 0.349143E+00 0.519580E+00 0.129621E+02
 0.349143E+00 0.519580E+00 0.129581E+02
 0.349164E+00 0.519685E+00 0.129607E+02
 0.349193E+00 0.519546E+00 0.153022E+02
 0.349143E+00 0.519581E+00 0.129578E+02
 0.378900E+00 0.517695E+00 0.171674E+02
 0.372815E+00 0.523299E+00 0.143364E+02
 0.349143E+00 0.519580E+00 0.129541E+02
 0.349143E+00 0.519616E+00 0.129718E+02
 0.349077E+00 0.519682E+00 0.129662E+02
 0.349134E+00 0.519580E+00 0.129550E+02
 0.349138E+00 0.518668E+00 0.172548E+02
 0.349143E+00 0.519581E+00 0.129714E+02
 0.349144E+00 0.519569E+00 0.129594E+02
 0.349149E+00 0.519580E+00 0.129537E+02
 0.349147E+00 0.519582E+00 0.129547E+02
 0.349147E+00 0.519581E+00 0.129575E+02
 0.349139E+00 0.519549E+00 0.129558E+02
 0.349161E+00 0.519580E+00 0.129629E+02
 0.373610E+00 0.519428E+00 0.147476E+02
 0.349156E+00 0.519543E+00 0.129689E+02
 0.349143E+00 0.519413E+00 0.129645E+02
 0.349149E+00 0.519580E+00 0.129543E+02
 0.349121E+00 0.519543E+00 0.129608E+02
 0.349144E+00 0.519581E+00 0.129635E+02
 0.349209E+00 0.519538E+00 0.151965E+02
 0.349143E+00 0.519630E+00 0.129548E+02
 0.349144E+00 0.519580E+00 0.129611E+02
 0.349142E+00 0.520026E+00 0.130168E+02
 0.349093E+00 0.519575E+00 0.129607E+02
 0.349142E+00 0.519583E+00 0.129578E+02
 0.349143E+00 0.519577E+00 0.129514E+02
 0.349140E+00 0.519580E+00 0.129519E+02
 0.349143E+00 0.519580E+00 0.129537E+02
 0.349147E+00 0.519580E+00 0.129635E+02
 0.349144E+00 0.519582E+00 0.129520E+02
 0.349152E+00 0.519580E+00 0.129611E+02
 0.349165E+00 0.519580E+00 0.129571E+02
 0.349154E+00 0.519575E+00 0.129587E+02
 0.349124E+00 0.519994E+00 0.129632E+02
 0.349143E+00 0.519580E+00 0.129463E+02
 0.349133E+00 0.519581E+00 0.129617E+02
 0.349181E+00 0.519715E+00 0.152906E+02
 0.349027E+00 0.519626E+00 0.129658E+02
 0.349143E+00 0.519548E+00 0.129634E+02
 0.349144E+00 0.519580E+00 0.129608E+02
 0.349134E+00 0.519743E+00 0.129672E+02
 0.349156E+00 0.519044E+00 0.166460E+02
 0.349144E+00 0.519582E+00 0.129610E+02
 0.349143E+00 0.519580E+00 0.129711E+02
 0.349135E+00 0.519580E+00 0.129611E+02
 0.349072E+00 0.519655E+00 0.129608E+02
 0.349152E+00 0.519580E+00 0.129652E+02
 0.349123E+00 0.519556E+00 0.129607E+02
 0.349217E+00 0.518452E+00 0.180335E+02
 0.349095E+00 0.519576E+00 0.129691E+02
 0.349132E+00 0.519580E+00 0.129604E+02
 0.349143E+00 0.519581E+00 0.129544E+02
 0.349142E+00 0.519582E+00 0.129704E+02
 0.349143E+00 0.519577E+00 0.129610E+02
 0.349140E+00 0.519584E+00 0.129531E+02
 0.349143E+00 0.519580E+00 0.129678E+02
 0.349133E+00 0.519521E+00 0.129586E+02
 0.349143E+00 0.519580E+00 0.129878E+02
 0.349149E+00 0.519580E+00 0.129697E+02
 0.349144E+00 0.519581E+00 0.129601E+02
 0.349141E+00 0.519581E+00 0.129590E+02
 0.349146E+00 0.519579E+00 0.129571E+02
 0.349144E+00 0.519531E+00 0.129533E+02
 0.349143E+00 0.519587E+00 0.129643E+02
 0.349144E+00 0.519580E+00 0.129530E+02
 0.349142E+00 0.519580E+00 0.129639E+02
 0.349073E+00 0.519729E+00 0.129637E+02
 0.349143E+00 0.519580E+00 0.129611E+02
 0.349141E+00 0.519580E+00 0.129538E+02
 0.349149E+00 0.519580E+00 0.129602E+02
 0.349140E+00 0.519759E+00 0.129669E+02
 0.349174E+00 0.519580E+00 0.129600E+02
 0.349136E+00 0.519516E+00 0.129616E+02
 0.349142E+00 0.519584E+00 0.129699E+02
 0.349110E+00 0.519817E+00 0.129698E+02
 0.349143E+00 0.519790E+00 0.129544E+02
 0.349247E+00 0.520206E+00 0.155984E+02
 0.349143E+00 0.519581E+00 0.129602E+02
 0.349193E+00 0.519197E+00 0.129704E+02
 0.349143E+00 0.519581E+00 0.129545E+02
 0.400313E+00 0.519250E+00 0.174707E+02
 0.349142E+00 0.519467E+00 0.129613E+02
 0.349121E+00 0.519694E+00 0.129735E+02
 0.349143E+00 0.519580E+00 0.129533E+02
 0.349143E+00 0.519580E+00 0.129571E+02
 0.349141E+00 0.519613E+00 0.129568E+02
 0.349143E+00 0.519761E+00 0.129926E+02
 0.349143E+00 0.519582E+00 0.129871E+02
 0.349145E+00 0.519580E+00 0.129543E+02
 0.349147E+00 0.519581E+00 0.129618E+02
 0.349171E+00 0.519543E+00 0.129522E+02
 0.349072E+00 0.519698E+00 0.129518E+02
 0.349068E+00 0.519573E+00 0.129579E+02
 0.349144E+00 0.519580E+00 0.129576E+02
 0.349142E+00 0.519578E+00 0.129550E+02
 0.349143E+00 0.519580E+00 0.129530E+02
 0.349176E+00 0.519620E+00 0.129686E+02
 0.349143E+00 0.519504E+00 0.129609E+02
 0.349152E+00 0.519580E+00 0.129569E+02
 0.349158E+00 0.519678E+00 0.129580E+02
 0.349196E+00 0.519574E+00 0.152132E+02
 0.349143E+00 0.519581E+00 0.129610E+02
 0.349295E+00 0.519581E+00 0.151941E+02
 0.349144E+00 0.519583E+00 0.129559E+02
 0.349121E+00 0.519828E+00 0.129911E+02
 0.349143E+00 0.519580E+00 0.129680E+02
 0.349145E+00 0.519580E+00 0.129636E+02
 0.349121E+00 0.519580E+00 0.129629E+02
 0.349079E+00 0.519567E+00 0.129642E+02
 0.349123E+00 0.519580E+00 0.129526E+02
 0.349115E+00 0.519561E+00 0.129630E+02
 0.349152E+00 0.519581E+00 0.129619E+02
 0.373043E+00 0.522943E+00 0.145447E+02
 0.349156E+00 0.519580E+00 0.129576E+02
 0.349144E+00 0.519580E+00 0.129732E+02
 0.349143E+00 0.519576E+00 0.129608E+02
 0.349144E+00 0.519580E+00 0.129681E+02
 0.349141E+00 0.519763E+00 0.129705E+02
 0.349143E+00 0.519590E+00 0.129553E+02
 0.349143E+00 0.519691E+00 0.129608E+02
 0.349173E+00 0.519580E+00 0.129625E+02
 0.349144E+00 0.519581E+00 0.129607E+02
 0.349121E+00 0.519862E+00 0.129572E+02
 0.349134E+00 0.519582E+00 0.129571E+02
 0.349140E+00 0.519580E+00 0.129584E+02
 0.349148E+00 0.519712E+00 0.129603E+02
 0.349143E+00 0.519492E+00 0.129531E+02
 0.349138E+00 0.519580E+00 0.129716E+02
 0.349150E+00 0.519580E+00 0.129568E+02
 0.349139E+00 0.519668E+00 0.129543E+02
 0.349086E+00 0.519464E+00 0.129643E+02
 0.349186E+00 0.519576E+00 0.152310E+02
 0.349168E+00 0.519580E+00 0.129697E+02
 0.349134E+00 0.519726E+00 0.129735E+02
 0.349143E+00 0.519580E+00 0.129626E+02
 0.349147E+00 0.519581E+00 0.129565E+02
 0.349129E+00 0.519580E+00 0.129876E+02
 0.349120E+00 0.519200E+00 0.133895E+02
 0.349143E+00 0.519580E+00 0.129666E+02
 0.349157E+00 0.519735E+00 0.129941E+02
 0.349143E+00 0.519859E+00 0.129784E+02
 0.349144E+00 0.519580E+00 0.129575E+02
 0.349179E+00 0.519572E+00 0.152101E+02
 0.349143E+00 0.519751E+00 0.129649E+02
 0.349154E+00 0.519574E+00 0.129731E+02
 0.349058E+00 0.519575E+00 0.129540E+02
 0.349144E+00 0.519581E+00 0.129509E+02
 0.349144E+00 0.519581E+00 0.129600E+02
 0.349143E+00 0.519580E+00 0.129555E+02
 0.349148E+00 0.519678E+00 0.129619E+02
 0.349143E+00 0.519580E+00 0.129535E+02
 0.349143E+00 0.519586E+00 0.129590E+02
 0.349147E+00 0.519580E+00 0.129609E+02
 0.349136E+00 0.519580E+00 0.129678E+02
 0.349136E+00 0.519582E+00 0.129550E+02
 0.349162E+00 0.519580E+00 0.129576E+02
 0.349143E+00 0.519581E+00 0.129532E+02
 0.349158E+00 0.519414E+00 0.129554E+02
 0.349142E+00 0.519576E+00 0.129598E+02
 0.349144E+00 0.519579E+00 0.129879E+02
 0.349143E+00 0.519580E+00 0.129627E+02
 0.349144E+00 0.519580E+00 0.129538E+02
 0.349143E+00 0.519342E+00 0.129651E+02
 0.349152E+00 0.519580E+00 0.129694E+02
 0.349140E+00 0.519580E+00 0.129525E+02
 0.349180E+00 0.519580E+00 0.129639E+02
 0.349143E+00 0.519581E+00 0.129564E+02
 0.349141E+00 0.519586E+00 0.129545E+02
 0.349144E+00 0.519579E+00 0.129640E+02
 0.402312E+00 0.519591E+00 0.179695E+02
 0.349124E+00 0.519831E+00 0.129684E+02
 0.349144E+00 0.519580E+00 0.129685E+02
 0.349140E+00 0.519580E+00 0.129578E+02
 0.349142E+00 0.519764E+00 0.129675E+02
 0.349143E+00 0.519463E+00 0.129538E+02
 0.349154E+00 0.519580E+00 0.129633E+02
 0.349196E+00 0.519575E+00 0.152817E+02
 0.349125E+00 0.519580E+00 0.129536E+02
 0.349145E+00 0.519580E+00 0.129516E+02
 0.349140E+00 0.519635E+00 0.129659E+02
 0.349143E+00 0.519580E+00 0.129575E+02
 0.349145E+00 0.519580E+00 0.129574E+02
 0.374057E+00 0.521498E+00 0.147416E+02
 0.349148E+00 0.519580E+00 0.129669E+02
 0.349143E+00 0.519806E+00 0.129928E+02
 0.349141E+00 0.519768E+00 0.129912E+02
 0.349147E+00 0.519577E+00 0.129652E+02
 0.349143E+00 0.519580E+00 0.129579E+02
 0.349143E+00 0.519580E+00 0.129574E+02
 0.378802E+00 0.516628E+00 0.166400E+02
 0.349143E+00 0.519408E+00 0.129567E+02
 0.349139E+00 0.519638E+00 0.129485E+02
 0.349135E+00 0.519563E+00 0.129654E+02
 0.349143E+00 0.519581E+00 0.129590E+02
 0.349144E+00 0.519581E+00 0.129545E+02
 0.349143E+00 0.519580E+00 0.129620E+02
 0.349144E+00 0.519580E+00 0.129627E+02
 0.349135E+00 0.519526E+00 0.129631E+02
 0.349143E+00 0.519592E+00 0.129588E+02
 0.349143E+00 0.519523E+00 0.129599E+02
 0.349115E+00 0.519621E+00 0.129582E+02
 0.373198E+00 0.519757E+00 0.147006E+02
 0.349143E+00 0.519911E+00 0.129680E+02
 0.372715E+00 0.520426E+00 0.143522E+02
 0.349129E+00 0.519581E+00 0.129533E+02
 0.349143E+00 0.519580E+00 0.129538E+02
 0.373716E+00 0.519371E+00 0.144015E+02
 0.349156E+00 0.519611E+00 0.129493E+02
 0.349154E+00 0.519297E+00 0.129655E+02
 0.349143E+00 0.519580E+00 0.129518E+02
 0.349143E+00 0.519580E+00 0.129574E+02
 0.349144E+00 0.519561E+00 0.129608E+02
 0.349131E+00 0.519580E+00 0.129611E+02
 0.349107E+00 0.519571E+00 0.129542E+02
 0.349142E+00 0.519690E+00 0.129517E+02
 0.349149E+00 0.519578E+00 0.129588E+02
 0.349143E+00 0.519580E+00 0.129630E+02
 0.374818E+00 0.525310E+00 0.170071E+02
 0.349143E+00 0.519582E+00 0.129603E+02
 0.349139E+00 0.519580E+00 0.129622E+02
 0.349127E+00 0.519574E+00 0.129526E+02
 0.349137E+00 0.519071E+00 0.129799E+02
 0.349142E+00 0.519576E+00 0.129553E+02
 0.349144E+00 0.519580E+00 0.129681E+02
 0.349154E+00 0.519494E+00 0.129588E+02
 0.349161E+00 0.519580E+00 0.129522E+02
 0.349121E+00 0.520131E+00 0.130181E+02
 0.349143E+00 0.519581E+00 0.129622E+02
 0.349145E+00 0.519582E+00 0.129558E+02
 0.349014E+00 0.519576E+00 0.129643E+02
 0.349144E+00 0.519580E+00 0.129597E+02
 0.349143E+00 0.519580E+00 0.129533E+02
 0.349149E+00 0.519581E+00 0.129582E+02
 0.349126E+00 0.519752E+00 0.129734E+02
 0.349109E+00 0.520233E+00 0.130313E+02
 0.349166E+00 0.519582E+00 0.129616E+02
 0.349144E+00 0.519581E+00 0.129634E+02
 0.349143E+00 0.519578E+00 0.129560E+02
 0.349143E+00 0.519580E+00 0.129632E+02
 0.349145E+00 0.519581E+00 0.129510E+02
 0.349144E+00 0.519722E+00 0.129647E+02
 0.349144E+00 0.519524E+00 0.129645E+02
 0.349145E+00 0.519580E+00 0.129628E+02
 0.349161E+00 0.519569E+00 0.129508E+02
 0.349141E+00 0.519581E+00 0.129621E+02
 0.349143E+00 0.519580E+00 0.129516E+02
 0.349255E+00 0.519587E+00 0.151471E+02
 0.349141E+00 0.519673E+00 0.129699E+02
 0.349143E+00 0.519580E+00 0.129568E+02
 0.349145E+00 0.519580E+00 0.129627E+02
 0.349143E+00 0.519465E+00 0.129569E+02
 0.349122E+00 0.519598E+00 0.129547E+02
 0.349089E+00 0.519572E+00 0.129560E+02
 0.349144E+00 0.519581E+00 0.129600E+02
 0.349143E+00 0.519592E+00 0.129524E+02
 0.349149E+00 0.519578E+00 0.129622E+02
 0.349107E+00 0.519728E+00 0.129709E+02
 0.349139E+00 0.519577E+00 0.129647E+02
 0.349142E+00 0.519580E+00 0.129603E+02
 0.349143E+00 0.519590E+00 0.129690E+02
 0.349143E+00 0.519713E+00 0.130013E+02
 0.349135E+00 0.519580E+00 0.129588E+02
 0.349071E+00 0.519577E+00 0.129585E+02
 0.349144E+00 0.519583E+00 0.129699E+02
 0.377791E+00 0.513426E+00 0.175172E+02
 0.349144E+00 0.519580E+00 0.129624E+02
 0.349105E+00 0.519591E+00 0.129577E+02
 0.349134E+00 0.519922E+00 0.129750E+02
 0.349150E+00 0.519569E+00 0.129686E+02
 0.349148E+00 0.519580E+00 0.129612E+02
 0.349141E+00 0.519580E+00 0.129874E+02
 0.349136E+00 0.519625E+00 0.129697E+02
 0.349143E+00 0.519592E+00 0.129599E+02
 0.349144E+00 0.519594E+00 0.129577E+02
 0.373718E+00 0.521857E+00 0.145767E+02
 0.349109E+00 0.519590E+00 0.129669E+02
 0.349142E+00 0.519580E+00 0.129583E+02
 0.349143E+00 0.519581E+00 0.129695E+02
 0.349144E+00 0.519577E+00 0.129692E+02
 0.349139E+00 0.519583E+00 0.129518E+02
 0.349145E+00 0.519580E+00 0.129542E+02
 0.349151E+00 0.519579E+00 0.129700E+02
 0.349141E+00 0.519580E+00 0.129581E+02
 0.349144E+00 0.519581E+00 0.129511E+02
 0.349238E+00 0.519590E+00 0.152270E+02
 0.373348E+00 0.524441E+00 0.149924E+02
 0.349149E+00 0.519580E+00 0.129739E+02
 0.349143E+00 0.519580E+00 0.129581E+02
 0.349142E+00 0.519581E+00 0.129719E+02
 0.349161E+00 0.519612E+00 0.129543E+02
 0.349143E+00 0.519687E+00 0.129509E+02
 0.349143E+00 0.519567E+00 0.129545E+02
 0.349138E+00 0.519602E+00 0.129637E+02
 0.349158E+00 0.519767E+00 0.129680E+02
 0.349113E+00 0.519575E+00 0.129501E+02
 0.349140E+00 0.519509E+00 0.129587E+02
 0.349144E+00 0.519583E+00 0.129564E+02
 0.349094E+00 0.519837E+00 0.129665E+02
 0.349142E+00 0.519578E+00 0.129592E+02
 0.349144E+00 0.519580E+00 0.129615E+02
 0.349143E+00 0.519599E+00 0.129534E+02
 0.349134E+00 0.519597E+00 0.129522E+02
 0.349143E+00 0.519718E+00 0.129742E+02
 0.349146E+00 0.519580E+00 0.129570E+02
 0.349038E+00 0.519570E+00 0.129587E+02
 0.349160E+00 0.519728E+00 0.129633E+02
 0.349143E+00 0.519580E+00 0.129603E+02
 0.349147E+00 0.519648E+00 0.129589E+02
 0.349143E+00 0.519601E+00 0.129652E+02
 0.349162E+00 0.519580E+00 0.129527E+02
 0.349139E+00 0.519580E+00 0.129518E+02
 0.349118E+00 0.519688E+00 0.129899E+02
 0.349126E+00 0.519579E+00 0.129564E+02
 0.349148E+00 0.519580E+00 0.129510E+02
 0.349143E+00 0.519581E+00 0.129641E+02
 0.349146E+00 0.519563E+00 0.129558E+02
 0.373606E+00 0.520789E+00 0.143742E+02
 0.349143E+00 0.519580E+00 0.129621E+02
 0.349143E+00 0.519580E+00 0.129583E+02
 0.349142E+00 0.519688E+00 0.129676E+02
 0.349153E+00 0.519580E+00 0.129511E+02
 0.349123E+00 0.519534E+00 0.129557E+02
 0.349116E+00 0.519578E+00 0.129547E+02
 0.349145E+00 0.519580E+00 0.129527E+02
 0.349133E+00 0.519442E+00 0.129641E+02
 0.349151E+00 0.519580E+00 0.129556E+02
 0.349144E+00 0.519579E+00 0.129670E+02
 0.349151E+00 0.519741E+00 0.129736E+02
 0.349143E+00 0.519580E+00 0.129534E+02
 0.349139E+00 0.519590E+00 0.129683E+02
 0.349143E+00 0.519580E+00 0.129636E+02
 0.349143E+00 0.519908E+00 0.129808E+02
 0.349154E+00 0.519491E+00 0.129550E+02
 0.349144E+00 0.519580E+00 0.129618E+02
 0.349144E+00 0.519581E+00 0.129548E+02
 0.349122E+00 0.519457E+00 0.129572E+02
 0.349144E+00 0.519581E+00 0.129514E+02
 0.349149E+00 0.519692E+00 0.129510E+02
 0.372765E+00 0.521543E+00 0.142860E+02
 0.349143E+00 0.519685E+00 0.129617E+02
 0.349147E+00 0.519580E+00 0.129562E+02
 0.349188E+00 0.519601E+00 0.129689E+02
 0.349169E+00 0.519737E+00 0.129645E+02
 0.349141E+00 0.519575E+00 0.129558E+02
 0.349144E+00 0.519580E+00 0.129584E+02
 0.349143E+00 0.519595E+00 0.129569E+02
 0.349143E+00 0.519580E+00 0.129541E+02
 0.349057E+00 0.519634E+00 0.129664E+02
 0.349126E+00 0.519915E+00 0.129786E+02
 0.349143E+00 0.519582E+00 0.129621E+02
 0.378742E+00 0.516585E+00 0.165849E+02
 0.349144E+00 0.519581E+00 0.129681E+02
 0.349146E+00 0.519571E+00 0.129574E+02
 0.349144E+00 0.519580E+00 0.129536E+02
 0.349144E+00 0.519580E+00 0.129571E+02
 0.349144E+00 0.519602E+00 0.129541E+02
 0.349143E+00 0.519565E+00 0.129543E+02
 0.349143E+00 0.519581E+00 0.129642E+02
 0.379910E+00 0.510911E+00 0.153668E+02
 0.349149E+00 0.519583E+00 0.129610E+02
 0.349143E+00 0.519578E+00 0.129567E+02
 0.349143E+00 0.519580E+00 0.129631E+02
 0.349145E+00 0.519613E+00 0.129565E+02
 0.349142E+00 0.519580E+00 0.129688E+02
 0.349161E+00 0.519573E+00 0.129567E+02
 0.349111E+00 0.519575E+00 0.129545E+02
 0.349148E+00 0.519580E+00 0.129569E+02
 0.348965E+00 0.519688E+00 0.129733E+02
 0.349150E+00 0.519514E+00 0.129559E+02
 0.349139E+00 0.519585E+00 0.129655E+02
 0.349143E+00 0.519861E+00 0.129713E+02
 0.349260E+00 0.519595E+00 0.152418E+02
 0.349135E+00 0.519577E+00 0.129593E+02
 0.349142E+00 0.519580E+00 0.129565E+02
 0.379610E+00 0.513581E+00 0.159205E+02
 0.349137E+00 0.519579E+00 0.129861E+02
 0.349144E+00 0.519581E+00 0.129577E+02
 0.349142E+00 0.519515E+00 0.129576E+02
 0.349144E+00 0.519580E+00 0.129535E+02
 0.349143E+00 0.519580E+00 0.129587E+02
 0.349143E+00 0.519592E+00 0.129518E+02
 0.373609E+00 0.522417E+00 0.145711E+02
 0.349143E+00 0.519654E+00 0.129656E+02
 0.349155E+00 0.519580E+00 0.129627E+02
 0.349096E+00 0.519681E+00 0.129577E+02
 0.349152E+00 0.519845E+00 0.129804E+02
 0.349143E+00 0.519580E+00 0.129638E+02
 0.349189E+00 0.519713E+00 0.153759E+02
 0.349146E+00 0.519581E+00 0.129575E+02
 0.349143E+00 0.519577E+00 0.129658E+02
 0.349144E+00 0.519580E+00 0.129636E+02
 0.349143E+00 0.519674E+00 0.129558E+02
 0.349143E+00 0.519590E+00 0.129561E+02
 0.349144E+00 0.519671E+00 0.129688E+02
 0.349162E+00 0.519580E+00 0.129562E+02
 0.349002E+00 0.519607E+00 0.129576E+02
 0.349126E+00 0.519580E+00 0.129626E+02
 0.349143E+00 0.519581E+00 0.129651E+02
 0.349146E+00 0.519847E+00 0.129964E+02
 0.349143E+00 0.519580E+00 0.129579E+02
 0.349143E+00 0.519644E+00 0.129572E+02
 0.349145E+00 0.519588E+00 0.129594E+02
 0.349143E+00 0.519646E+00 0.129614E+02
 0.349106E+00 0.519570E+00 0.129555E+02
 0.349148E+00 0.519580E+00 0.129575E+02
 0.349138E+00 0.519588E+00 0.129573E+02
 0.349143E+00 0.519581E+00 0.129581E+02
 0.349144E+00 0.519579E+00 0.129626E+02
 0.349143E+00 0.519580E+00 0.129532E+02
 0.349139E+00 0.519586E+00 0.129613E+02
 0.349143E+00 0.519580E+00 0.129573E+02
 0.349144E+00 0.519736E+00 0.129640E+02
 0.349144E+00 0.519581E+00 0.129673E+02
 0.401007E+00 0.518631E+00 0.177486E+02
 0.349264E+00 0.519659E+00 0.152514E+02
 0.349125E+00 0.519785E+00 0.129663E+02
 0.349143E+00 0.519580E+00 0.129511E+02
 0.373162E+00 0.520364E+00 0.146184E+02
 0.349143E+00 0.519579E+00 0.129557E+02
 0.349143E+00 0.519580E+00 0.129623E+02
 0.349144E+00 0.519584E+00 0.129699E+02
 0.349144E+00 0.519581E+00 0.129576E+02
 0.349156E+00 0.519586E+00 0.129491E+02
 0.349144E+00 0.519692E+00 0.129721E+02
 0.349143E+00 0.519543E+00 0.129639E+02
 0.349115E+00 0.519580E+00 0.129623E+02
 0.349132E+00 0.519789E+00 0.129676E+02
 0.349103E+00 0.519587E+00 0.129676E+02
 0.349146E+00 0.519579E+00 0.129709E+02
 0.349143E+00 0.519580E+00 0.129573E+02
 0.349140E+00 0.519602E+00 0.129621E+02
 0.349145E+00 0.519580E+00 0.129649E+02
 0.349143E+00 0.519581E+00 0.129567E+02
 0.349143E+00 0.519583E+00 0.129555E+02
 0.349131E+00 0.519572E+00 0.129602E+02
 0.349144E+00 0.519578E+00 0.129549E+02
 0.349143E+00 0.519580E+00 0.129574E+02
 0.349140E+00 0.519578E+00 0.129655E+02
 0.349142E+00 0.519580E+00 0.129716E+02
 0.349144E+00 0.519584E+00 0.129731E+02
 0.349142E+00 0.519580E+00 0.129556E+02
 0.349206E+00 0.519623E+00 0.153196E+02
 0.349143E+00 0.519581E+00 0.129596E+02
 0.349144E+00 0.519580E+00 0.129554E+02
 0.349119E+00 0.519566E+00 0.129563E+02
 0.348961E+00 0.519548E+00 0.129733E+02
 0.349143E+00 0.519580E+00 0.129534E+02
 0.349142E+00 0.519582E+00 0.129567E+02
 0.349143E+00 0.519580E+00 0.129616E+02
 0.373730E+00 0.520474E+00 0.144373E+02
 0.349143E+00 0.519693E+00 0.129665E+02
 0.349144E+00 0.519588E+00 0.129514E+02
 0.349141E+00 0.519580E+00 0.129573E+02
 0.349145E+00 0.519580E+00 0.129632E+02
 0.349145E+00 0.519578E+00 0.129643E+02
 0.349138E+00 0.519578E+00 0.129569E+02
 0.349143E+00 0.519580E+00 0.129574E+02
 0.349144E+00 0.519666E+00 0.129674E+02
 0.349143E+00 0.519522E+00 0.129660E+02
 0.349132E+00 0.519580E+00 0.129648E+02
 0.349062E+00 0.519643E+00 0.129529E+02
 0.349143E+00 0.519581E+00 0.129618E+02
 0.349111E+00 0.519574E+00 0.129563E+02
 0.349149E+00 0.519577E+00 0.129531E+02
 0.373078E+00 0.520203E+00 0.145857E+02
 0.349139E+00 0.519459E+00 0.129608E+02
 0.349140E+00 0.519587E+00 0.129519E+02
 0.349148E+00 0.519579E+00 0.129581E+02
 0.349128E+00 0.519580E+00 0.129579E+02
 0.349076E+00 0.519657E+00 0.129584E+02
 0.349143E+00 0.519582E+00 0.129541E+02
 0.349165E+00 0.519593E+00 0.129497E+02
 0.349144E+00 0.519918E+00 0.130076E+02
 0.349143E+00 0.519580E+00 0.129512E+02
 0.349144E+00 0.519580E+00 0.129585E+02
 0.349143E+00 0.519684E+00 0.129610E+02
 0.349142E+00 0.519579E+00 0.129580E+02
 0.349107E+00 0.519502E+00 0.129673E+02
 0.349126E+00 0.519576E+00 0.129656E+02
 0.349191E+00 0.519606E+00 0.152579E+02
 0.349144E+00 0.519579E+00 0.129502E+02
 0.349143E+00 0.519580E+00 0.129532E+02
 0.349140E+00 0.519580E+00 0.129652E+02
 0.349154E+00 0.519580E+00 0.129510E+02
 0.349143E+00 0.519581E+00 0.129547E+02
 0.349144E+00 0.519579E+00 0.129503E+02
 0.349143E+00 0.519500E+00 0.129595E+02
 0.349143E+00 0.519580E+00 0.129579E+02
 0.349146E+00 0.519574E+00 0.129499E+02
 0.349144E+00 0.519611E+00 0.129686E+02
 0.349141E+00 0.519635E+00 0.129521E+02
 0.349140E+00 0.519739E+00 0.129744E+02
 0.349177E+00 0.519579E+00 0.129628E+02
 0.349112E+00 0.519609E+00 0.129616E+02
 0.349139E+00 0.519576E+00 0.129578E+02
 0.349146E+00 0.519584E+00 0.129617E+02
 0.349143E+00 0.519580E+00 0.129631E+02
 0.349139E+00 0.519552E+00 0.129557E+02
 0.349143E+00 0.519504E+00 0.129568E+02
 0.349143E+00 0.519580E+00 0.129635E+02
 0.349143E+00 0.519715E+00 0.129492E+02
 0.349140E+00 0.519595E+00 0.129672E+02
 0.349142E+00 0.519579E+00 0.129626E+02
 0.349140E+00 0.519580E+00 0.129514E+02
 0.349128E+00 0.519648E+00 0.129662E+02
 0.373714E+00 0.522739E+00 0.146811E+02
 0.349144E+00 0.519577E+00 0.129548E+02
 0.349144E+00 0.519580E+00 0.129562E+02
 0.349145E+00 0.519580E+00 0.129589E+02
 0.349144E+00 0.519591E+00 0.129602E+02
 0.349143E+00 0.519691E+00 0.129604E+02
 0.349167E+00 0.519580E+00 0.129599E+02
 0.349132E+00 0.519580E+00 0.129627E+02
 0.349161E+00 0.519592E+00 0.129527E+02
 0.349143E+00 0.519580E+00 0.129653E+02
 0.349144E+00 0.519580E+00 0.129625E+02
 0.349157E+00 0.519594E+00 0.129672E+02
 0.349144E+00 0.519595E+00 0.129653E+02
 0.349137E+00 0.520200E+00 0.156791E+02
 0.349159E+00 0.519575E+00 0.129507E+02
 0.349144E+00 0.519580E+00 0.129573E+02
 0.349144E+00 0.519580E+00 0.129580E+02
 0.349153E+00 0.519584E+00 0.129537E+02
 0.349143E+00 0.519580E+00 0.129592E+02
 0.349141E+00 0.519580E+00 0.129578E+02
 0.349144E+00 0.519682E+00 0.129525E+02
 0.349146E+00 0.519628E+00 0.129740E+02
 0.349143E+00 0.519541E+00 0.129617E+02
 0.349138E+00 0.519580E+00 0.129585E+02
 0.349139E+00 0.519580E+00 0.129573E+02
 0.349145E+00 0.519581E+00 0.129590E+02
 0.349144E+00 0.519578E+00 0.129510E+02
 0.349136E+00 0.519468E+00 0.129605E+02
 0.349146E+00 0.519585E+00 0.129578E+02
 0.349143E+00 0.519574E+00 0.129562E+02
 0.349142E+00 0.519606E+00 0.129582E+02
 0.349158E+00 0.519579E+00 0.129676E+02
 0.349157E+00 0.519641E+00 0.129591E+02
 0.349151E+00 0.519580E+00 0.129746E+02
 0.349133E+00 0.519585E+00 0.129587E+02
 0.376000E+00 0.519204E+00 0.154575E+02
 0.349167E+00 0.519562E+00 0.129494E+02
 0.349143E+00 0.519580E+00 0.129554E+02
 0.349151E+00 0.519581E+00 0.129608E+02
 0.349140E+00 0.519612E+00 0.129506E+02
 0.374653E+00 0.519787E+00 0.149978E+02
 0.349144E+00 0.519668E+00 0.129725E+02
 0.349129E+00 0.519580E+00 0.129553E+02
 0.349132E+00 0.519573E+00 0.129617E+02
 0.349129E+00 0.519580E+00 0.129533E+02
 0.349144E+00 0.519580E+00 0.129553E+02
 0.349156E+00 0.519769E+00 0.129685E+02
 0.349148E+00 0.519639E+00 0.129660E+02
 0.349138E+00 0.519636E+00 0.129524E+02
 0.349143E+00 0.519495E+00 0.129622E+02
 0.349153E+00 0.519581E+00 0.129547E+02
 0.349164E+00 0.519612E+00 0.129635E+02
 0.349135E+00 0.519580E+00 0.129571E+02
 0.349143E+00 0.519578E+00 0.129583E+02
 0.349144E+00 0.519581E+00 0.129544E+02
 0.349136E+00 0.519622E+00 0.129563E+02
 0.349143E+00 0.519580E+00 0.129530E+02
 0.349139E+00 0.519581E+00 0.129594E+02
 0.349144E+00 0.519686E+00 0.129742E+02
 0.349148E+00 0.519580E+00 0.129578E+02
 0.349108E+00 0.519592E+00 0.129522E+02
 0.349124E+00 0.519584E+00 0.129527E+02
 0.349145E+00 0.519580E+00 0.129580E+02
 0.349143E+00 0.519579E+00 0.129605E+02
 0.349172E+00 0.519588E+00 0.129619E+02
 0.372288E+00 0.521853E+00 0.140463E+02
 0.349170E+00 0.519594E+00 0.129532E+02
 0.349169E+00 0.519580E+00 0.129550E+02
 0.349143E+00 0.519580E+00 0.129576E+02
 0.349143E+00 0.519690E+00 0.129649E+02
 0.349085E+00 0.519625E+00 0.129603E+02
 0.349176E+00 0.519690E+00 0.153894E+02
 0.349133E+00 0.519582E+00 0.129591E+02
 0.349129E+00 0.519588E+00 0.129551E+02
 0.349144E+00 0.519577E+00 0.129646E+02
 0.349140E+00 0.519646E+00 0.129515E+02
 0.349143E+00 0.519580E+00 0.129517E+02
 0.349143E+00 0.519582E+00 0.129607E+02
 0.349143E+00 0.519568E+00 0.129530E+02
 0.349100E+00 0.519651E+00 0.129621E+02
 0.349124E+00 0.519582E+00 0.129638E+02
 0.349133E+00 0.519576E+00 0.129576E+02
 0.349143E+00 0.519578E+00 0.129643E+02
 0.349144E+00 0.519580E+00 0.129616E+02
 0.349154E+00 0.519598E+00 0.129505E+02
 0.349143E+00 0.519584E+00 0.129536E+02
 0.349125E+00 0.519580E+00 0.129615E+02
 0.349041E+00 0.519596E+00 0.129574E+02
 0.349143E+00 0.519580E+00 0.129603E+02
 0.349118E+00 0.519581E+00 0.129527E+02
 0.349102E+00 0.519579E+00 0.129553E+02
 0.349143E+00 0.519581E+00 0.129620E+02
 0.349144E+00 0.519588E+00 0.129568E+02
 0.349127E+00 0.519575E+00 0.129486E+02
 0.349151E+00 0.519580E+00 0.129545E+02
 0.349145E+00 0.519580E+00 0.129613E+02
 0.349169E+00 0.519585E+00 0.129712E+02
 0.349143E+00 0.519584E+00 0.129647E+02
 0.349155E+00 0.519596E+00 0.129575E+02
 0.349143E+00 0.519580E+00 0.129595E+02
 0.349141E+00 0.519580E+00 0.129528E+02
 0.349144E+00 0.519766E+00 0.129651E+02
 0.349143E+00 0.519625E+00 0.129639E+02
 0.349153E+00 0.519671E+00 0.129615E+02
 0.349161E+00 0.519640E+00 0.129698E+02
 0.349129E+00 0.519581E+00 0.129676E+02
 0.349144E+00 0.519581E+00 0.129565E+02
 0.349166E+00 0.519587E+00 0.129582E+02
 0.349144E+00 0.519577E+00 0.129527E+02
 0.349140E+00 0.519583E+00 0.129608E+02
 0.349143E+00 0.519580E+00 0.129588E+02
 0.349143E+00 0.519580E+00 0.129540E+02
 0.349143E+00 0.519767E+00 0.129576E+02
 0.349125E+00 0.519609E+00 0.129593E+02
 0.349148E+00 0.519553E+00 0.129618E+02
 0.349141E+00 0.519579E+00 0.129641E+02
 0.349145E+00 0.519580E+00 0.129508E+02
 0.349143E+00 0.519580E+00 0.129709E+02
 0.349143E+00 0.519579E+00 0.129548E+02
 0.349157E+00 0.519591E+00 0.129637E+02
 0.349138E+00 0.519710E+00 0.129552E+02
 0.349145E+00 0.519580E+00 0.129538E+02
 0.349143E+00 0.519560E+00 0.129644E+02
 0.349143E+00 0.519587E+00 0.129569E+02
 0.379539E+00 0.503750E+00 0.179730E+02
 0.349137E+00 0.519580E+00 0.129613E+02
 0.349143E+00 0.519580E+00 0.129868E+02
 0.349141E+00 0.519583E+00 0.129599E+02
 0.349134E+00 0.519579E+00 0.129513E+02
 0.349138E+00 0.519859E+00 0.129629E+02
 0.349143E+00 0.519575E+00 0.129527E+02
 0.349147E+00 0.519582E+00 0.129540E+02
 0.373683E+00 0.521623E+00 0.144622E+02
 0.349140E+00 0.519580E+00 0.129527E+02
 0.349144E+00 0.519827E+00 0.129722E+02
 0.349143E+00 0.519632E+00 0.129509E+02
 0.349136E+00 0.519894E+00 0.129996E+02
 0.349189E+00 0.519628E+00 0.152079E+02
 0.349143E+00 0.519580E+00 0.129529E+02
 0.349142E+00 0.519580E+00 0.129610E+02
 0.349153E+00 0.519634E+00 0.129574E+02
 0.349140E+00 0.519572E+00 0.129608E+02
 0.349122E+00 0.519612E+00 0.129509E+02
 0.349148E+00 0.519580E+00 0.129565E+02
 0.349143E+00 0.519581E+00 0.129516E+02
 0.349141E+00 0.519579E+00 0.129603E+02
 0.349149E+00 0.519579E+00 0.129571E+02
 0.349101E+00 0.519450E+00 0.129577E+02
 0.349143E+00 0.519580E+00 0.129686E+02
 0.349143E+00 0.519588E+00 0.129654E+02
 0.349159E+00 0.519580E+00 0.129611E+02
 0.349178E+00 0.519565E+00 0.152219E+02
 0.349143E+00 0.519582E+00 0.129645E+02
 0.349144E+00 0.519577E+00 0.129657E+02
 0.349145E+00 0.519540E+00 0.129545E+02
 0.349142E+00 0.519747E+00 0.129683E+02
 0.349144E+00 0.519554E+00 0.129559E+02
 0.349145E+00 0.519618E+00 0.129641E+02
 0.349095E+00 0.519606E+00 0.129664E+02
 0.349143E+00 0.519580E+00 0.129509E+02
 0.349153E+00 0.519596E+00 0.129637E+02
 0.349143E+00 0.519580E+00 0.129579E+02
 0.349142E+00 0.519580E+00 0.129579E+02
 0.349144E+00 0.519782E+00 0.129689E+02
 0.349144E+00 0.519580E+00 0.129553E+02
 0.349144E+00 0.519581E+00 0.129520E+02
 0.349209E+00 0.519621E+00 0.152619E+02
 0.349143E+00 0.519580E+00 0.129544E+02
 0.349143E+00 0.519580E+00 0.129510E+02
 0.349143E+00 0.519580E+00 0.129636E+02
 0.349143E+00 0.519576E+00 0.129615E+02
 0.349133E+00 0.519677E+00 0.129623E+02
 0.349143E+00 0.519579E+00 0.129511E+02
 0.349141E+00 0.519634E+00 0.129522E+02
 0.349143E+00 0.519580E+00 0.129529E+02
 0.349142E+00 0.519580E+00 0.129539E+02
 0.349143E+00 0.519583E+00 0.129593E+02
 0.349137E+00 0.519400E+00 0.129576E+02
 0.349143E+00 0.519580E+00 0.129565E+02
 0.349131E+00 0.519580E+00 0.129605E+02
 0.349110E+00 0.519344E+00 0.129664E+02
 0.349095E+00 0.519598E+00 0.129639E+02
 0.349130E+00 0.519580E+00 0.129687E+02
 0.349143E+00 0.519580E+00 0.129575E+02
 0.349137E+00 0.519579E+00 0.129519E+02
 0.349143E+00 0.519580E+00 0.129573E+02
 0.349145E+00 0.519580E+00 0.129593E+02
 0.349141E+00 0.519580E+00 0.129567E+02
 0.349127E+00 0.519581E+00 0.129617E+02
 0.348978E+00 0.519669E+00 0.129618E+02
 0.349097E+00 0.519479E+00 0.129577E+02
 0.349113E+00 0.519564E+00 0.129681E+02
 0.372680E+00 0.523693E+00 0.142765E+02
 0.349143E+00 0.519705E+00 0.129598E+02
 0.349144E+00 0.519599E+00 0.129586E+02
 0.349145E+00 0.519580E+00 0.129563E+02
 0.349125E+00 0.519580E+00 0.129644E+02
 0.349098E+00 0.519675E+00 0.129639E+02
 0.349143E+00 0.519581E+00 0.129536E+02
 0.349148E+00 0.519606E+00 0.129625E+02
 0.349143E+00 0.519580E+00 0.129512E+02
 0.349146E+00 0.519582E+00 0.129603E+02
 0.349143E+00 0.519580E+00 0.129575E+02
 0.349143E+00 0.519669E+00 0.129576E+02
 0.349130E+00 0.519580E+00 0.129534E+02
 0.349101E+00 0.519578E+00 0.129642E+02
 0.349147E+00 0.519579E+00 0.129530E+02
 0.349153E+00 0.519559E+00 0.129575E+02
 0.349142E+00 0.519585E+00 0.129682E+02
 0.349150E+00 0.519648E+00 0.129632E+02
 0.349138E+00 0.519624E+00 0.129578E+02
 0.349158E+00 0.519580E+00 0.129651E+02
 0.349143E+00 0.519581E+00 0.129574E+02
 0.349188E+00 0.519562E+00 0.152471E+02
 0.349144E+00 0.519580E+00 0.129626E+02
 0.349143E+00 0.519561E+00 0.129675E+02
 0.349226E+00 0.519624E+00 0.152082E+02
 0.349144E+00 0.519580E+00 0.129554E+02
 0.349146E+00 0.519579E+00 0.129569E+02
 0.349115E+00 0.519581E+00 0.129495E+02
 0.349144E+00 0.519576E+00 0.129550E+02
 0.349143E+00 0.519601E+00 0.129562E+02
 0.349125E+00 0.519496E+00 0.129620E+02
 0.374860E+00 0.519582E+00 0.150086E+02
 0.349143E+00 0.519580E+00 0.129687E+02
 0.349146E+00 0.519582E+00 0.129669E+02
 0.349135E+00 0.519583E+00 0.129550E+02
 0.349107E+00 0.519570E+00 0.129535E+02
 0.349145E+00 0.519561E+00 0.129565E+02
 0.349160E+00 0.519584E+00 0.129619E+02
 0.349143E+00 0.519577E+00 0.129644E+02
 0.349143E+00 0.519579E+00 0.129668E+02
 0.349145E+00 0.519670E+00 0.129643E+02
 0.349138E+00 0.519580E+00 0.129602E+02
 0.349142E+00 0.519583E+00 0.129526E+02
 0.349104E+00 0.519580E+00 0.129523E+02
 0.349162E+00 0.519581E+00 0.129629E+02
 0.349143E+00 0.519580E+00 0.129575E+02
 0.349143E+00 0.519580E+00 0.129614E+02
 0.349142E+00 0.519580E+00 0.129540E+02
 0.349146E+00 0.519598E+00 0.129599E+02
 0.349143E+00 0.519599E+00 0.129689E+02
 0.349143E+00 0.519643E+00 0.129590E+02
 0.349165E+00 0.519580E+00 0.129636E+02
 0.349133E+00 0.519580E+00 0.129635E+02
 0.349143E+00 0.519581E+00 0.129520E+02
 0.349141E+00 0.519582E+00 0.129601E+02
 0.349136E+00 0.519588E+00 0.129607E+02
 0.373571E+00 0.522401E+00 0.146547E+02
 0.349144E+00 0.519580E+00 0.129634E+02
 0.349141E+00 0.519580E+00 0.129574E+02
 0.349155E+00 0.519626E+00 0.129506E+02
 0.349143E+00 0.519547E+00 0.129631E+02
 0.349143E+00 0.519590E+00 0.129601E+02
 0.349143E+00 0.519619E+00 0.129596E+02
 0.349167E+00 0.519573E+00 0.129606E+02
 0.349144E+00 0.519580E+00 0.129601E+02
 0.349141E+00 0.519612E+00 0.129520E+02
 0.349138E+00 0.519651E+00 0.129666E+02
 0.349143E+00 0.519581E+00 0.129660E+02
 0.349142E+00 0.519580E+00 0.129562E+02
 0.349149E+00 0.519580E+00 0.129541E+02
 0.349097E+00 0.519719E+00 0.129532E+02
 0.349174E+00 0.519580E+00 0.151767E+02
 0.349144E+00 0.519580E+00 0.129649E+02
 0.349148E+00 0.519603E+00 0.129707E+02
 0.349144E+00 0.519573E+00 0.129528E+02
 0.349143E+00 0.519580E+00 0.129575E+02
 0.349143E+00 0.519580E+00 0.129531E+02
 0.349143E+00 0.519702E+00 0.129679E+02
 0.349144E+00 0.519579E+00 0.129681E+02
 0.349176E+00 0.519580E+00 0.129651E+02
 0.349146E+00 0.519640E+00 0.129677E+02
 0.349145E+00 0.519580E+00 0.129617E+02
 0.349142E+00 0.519581E+00 0.129525E+02
 0.349136E+00 0.519576E+00 0.129519E+02
 0.349102E+00 0.519581E+00 0.129538E+02
 0.349143E+00 0.519585E+00 0.129563E+02
 0.349143E+00 0.519580E+00 0.129549E+02
 0.349143E+00 0.519619E+00 0.129621E+02
 0.349178E+00 0.519580E+00 0.129649E+02
 0.349175E+00 0.519559E+00 0.129557E+02
 0.372756E+00 0.520541E+00 0.143457E+02
 0.349104E+00 0.519583E+00 0.129664E+02
 0.349147E+00 0.519580E+00 0.129705E+02
 0.349143E+00 0.519581E+00 0.129541E+02
 0.374982E+00 0.520675E+00 0.152594E+02
 0.349157E+00 0.519570E+00 0.129618E+02
 0.349133E+00 0.519574E+00 0.129515E+02
 0.349143E+00 0.519580E+00 0.129577E+02
 0.349144E+00 0.519578E+00 0.129633E+02
 0.349143E+00 0.519580E+00 0.129708E+02
 0.349143E+00 0.519564E+00 0.129499E+02
 0.349140E+00 0.519580E+00 0.129624E+02
 0.349133E+00 0.519580E+00 0.129625E+02
 0.349141E+00 0.519565E+00 0.129494E+02
 0.349192E+00 0.519607E+00 0.154027E+02
 0.349143E+00 0.519580E+00 0.129591E+02
 0.349144E+00 0.519569E+00 0.129548E+02
 0.349060E+00 0.519572E+00 0.129557E+02
 0.349141E+00 0.519658E+00 0.129540E+02
 0.349098E+00 0.519675E+00 0.129569E+02
 0.349157E+00 0.519575E+00 0.129488E+02
 0.349146E+00 0.519617E+00 0.129627E+02
 0.349143E+00 0.519560E+00 0.129595E+02
 0.348953E+00 0.519585E+00 0.129705E+02
 0.349143E+00 0.519580E+00 0.129565E+02
 0.349144E+00 0.519581E+00 0.129622E+02
 0.349139E+00 0.519521E+00 0.129512E+02
 0.349127E+00 0.519581E+00 0.129584E+02
 0.349132E+00 0.519581E+00 0.129572E+02
 0.349140E+00 0.519577E+00 0.129510E+02
 0.349144E+00 0.519579E+00 0.129518E+02
 0.349152E+00 0.519587E+00 0.129674E+02
 0.349143E+00 0.519593E+00 0.129558E+02
 0.349104E+00 0.519572E+00 0.129663E+02
 0.349148E+00 0.519642E+00 0.129635E+02
 0.349143E+00 0.519580E+00 0.129615E+02
 0.349143E+00 0.519539E+00 0.129614E+02
 0.349143E+00 0.519586E+00 0.129573E+02
 0.376023E+00 0.518400E+00 0.153551E+02
 0.349187E+00 0.519580E+00 0.151644E+02
 0.349137E+00 0.519580E+00 0.129569E+02
 0.349116E+00 0.519576E+00 0.129610E+02
 0.349148E+00 0.519577E+00 0.129520E+02
 0.349159E+00 0.519567E+00 0.129748E+02
 0.349143E+00 0.519595E+00 0.129629E+02
 0.349207E+00 0.519579E+00 0.153023E+02
 0.349143E+00 0.519580E+00 0.129538E+02
 0.349143E+00 0.519582E+00 0.129538E+02
 0.349140E+00 0.519580E+00 0.129607E+02
 0.349157E+00 0.519611E+00 0.129586E+02
 0.349150E+00 0.519582E+00 0.129599E+02
 0.349147E+00 0.519579E+00 0.129632E+02
 0.349144E+00 0.519580E+00 0.129635E+02
 0.349143E+00 0.519580E+00 0.129576E+02
 0.349143E+00 0.519587E+00 0.129509E+02
 0.349083E+00 0.519579E+00 0.129625E+02
 0.349169E+00 0.519585E+00 0.129634E+02
 0.349131E+00 0.519726E+00 0.129572E+02
 0.349143E+00 0.519580E+00 0.129598E+02
 0.349144E+00 0.519581E+00 0.129544E+02
 0.349145E+00 0.519580E+00 0.129594E+02
 0.349143E+00 0.519581E+00 0.129565E+02
 0.349148E+00 0.519633E+00 0.129536E+02
 0.348984E+00 0.519576E+00 0.129593E+02
 0.349146E+00 0.519613E+00 0.129652E+02
 0.349144E+00 0.519580E+00 0.129579E+02
 0.349144E+00 0.519590E+00 0.129559E+02
 0.349134E+00 0.519580E+00 0.129682E+02
 0.349149E+00 0.519581E+00 0.129630E+02
 0.349143E+00 0.519580E+00 0.129634E+02
 0.349146E+00 0.519580E+00 0.129535E+02
 0.349140E+00 0.519578E+00 0.129609E+02
 0.349150E+00 0.519577E+00 0.129656E+02
 0.349144E+00 0.519542E+00 0.129547E+02
 0.349144E+00 0.519586E+00 0.129596E+02
 0.349142E+00 0.519580E+00 0.129605E+02
 0.349107E+00 0.519648E+00 0.129869E+02
 0.349149E+00 0.519581E+00 0.129583E+02
 0.349146E+00 0.519578E+00 0.129549E+02
 0.349155E+00 0.519477E+00 0.129584E+02
 0.349143E+00 0.519585E+00 0.129636E+02
 0.349162E+00 0.519578E+00 0.129635E+02
 0.349144E+00 0.519580E+00 0.129610E+02
 0.349139E+00 0.519647E+00 0.129515E+02
 0.349104E+00 0.519579E+00 0.129586E+02
 0.349145E+00 0.519580E+00 0.129565E+02
 0.349143E+00 0.519580E+00 0.129546E+02
 0.349143E+00 0.519581E+00 0.129645E+02
 0.372223E+00 0.521895E+00 0.140156E+02
 0.349150E+00 0.519666E+00 0.129503E+02
 0.349143E+00 0.519580E+00 0.129573E+02
 0.349144E+00 0.519580E+00 0.129564E+02
 0.349143E+00 0.519633E+00 0.129660E+02
 0.349115E+00 0.519579E+00 0.129596E+02
 0.349144E+00 0.519580E+00 0.129608E+02
 0.380182E+00 0.523340E+00 0.153286E+02
 0.349144E+00 0.519572E+00 0.129591E+02
 0.349143E+00 0.519580E+00 0.129532E+02
 0.349140E+00 0.519600E+00 0.129877E+02
 0.349144E+00 0.519582E+00 0.129680E+02
 0.349148E+00 0.519518E+00 0.129515E+02
 0.349145E+00 0.519579E+00 0.129869E+02
 0.349146E+00 0.519583E+00 0.129564E+02
 0.349144E+00 0.519573E+00 0.129620E+02
 0.349144E+00 0.519623E+00 0.129562E+02
 0.349143E+00 0.519581E+00 0.129591E+02
 0.349153E+00 0.519580E+00 0.129675E+02
 0.349143E+00 0.519615E+00 0.129668E+02
 0.349147E+00 0.519575E+00 0.129598E+02
 0.349144E+00 0.519580E+00 0.129521E+02
 0.349143E+00 0.519580E+00 0.129574E+02
 0.349145E+00 0.519580E+00 0.129624E+02
 0.349157E+00 0.519421E+00 0.129601E+02
 0.349146E+00 0.519581E+00 0.129550E+02
 0.349144E+00 0.519577E+00 0.129520E+02
 0.349080E+00 0.519570E+00 0.129551E+02
 0.349144E+00 0.519580E+00 0.129580E+02
 0.349140E+00 0.519581E+00 0.129658E+02
 0.349144E+00 0.519629E+00 0.129589E+02
 0.349138E+00 0.519674E+00 0.129686E+02
 0.349143E+00 0.519589E+00 0.129679E+02
 0.349147E+00 0.519580E+00 0.129630E+02
 0.349141E+00 0.519578E+00 0.129535E+02
 0.349140E+00 0.519579E+00 0.129605E+02
 0.367922E+00 0.521808E+00 0.172028E+02
 0.349142E+00 0.519580E+00 0.129552E+02
 0.349143E+00 0.519582E+00 0.129614E+02
 0.349137E+00 0.519579E+00 0.129661E+02
 0.349143E+00 0.519613E+00 0.129648E+02
 0.349127E+00 0.519580E+00 0.129631E+02
 0.349143E+00 0.519580E+00 0.129584E+02
 0.349146E+00 0.519758E+00 0.129609E+02
 0.349147E+00 0.519687E+00 0.129672E+02
 0.349143E+00 0.519580E+00 0.129514E+02
 0.349144E+00 0.519583E+00 0.129529E+02
 0.349135E+00 0.519586E+00 0.129696E+02
 0.349143E+00 0.519627E+00 0.129586E+02
 0.373318E+00 0.520354E+00 0.147008E+02
 0.349137E+00 0.519580E+00 0.129553E+02
 0.349144E+00 0.519581E+00 0.129598E+02
 0.349145E+00 0.519579E+00 0.129530E+02
 0.349149E+00 0.519725E+00 0.129531E+02
 0.349143E+00 0.519580E+00 0.129579E+02
 0.373707E+00 0.521479E+00 0.145530E+02
 0.349144E+00 0.519615E+00 0.129661E+02
 0.349143E+00 0.519612E+00 0.129562E+02
 0.349162E+00 0.519585E+00 0.129518E+02
 0.349092E+00 0.519548E+00 0.129609E+02
 0.349143E+00 0.519580E+00 0.129607E+02
 0.349143E+00 0.519582E+00 0.129634E+02
 0.349136E+00 0.519574E+00 0.129568E+02
 0.349145E+00 0.519525E+00 0.129567E+02
 0.349144E+00 0.519587E+00 0.129650E+02
 0.349130E+00 0.519580E+00 0.129666E+02
 0.349141E+00 0.519577E+00 0.129606E+02
 0.349143E+00 0.519581E+00 0.129647E+02
 0.349142E+00 0.519579E+00 0.129683E+02
 0.349103E+00 0.519574E+00 0.129608E+02
 0.349143E+00 0.519579E+00 0.129643E+02
 0.349143E+00 0.519580E+00 0.129562E+02
 0.349156E+00 0.519605E+00 0.129563E+02
 0.349143E+00 0.519684E+00 0.129581E+02
 0.349143E+00 0.519591E+00 0.129643E+02
 0.349148E+00 0.519579E+00 0.129626E+02
 0.349136E+00 0.519649E+00 0.129677E+02
 0.349143E+00 0.519579E+00 0.129531E+02
 0.349144E+00 0.519579E+00 0.129615E+02
 0.349142E+00 0.519581E+00 0.129727E+02
 0.403175E+00 0.519576E+00 0.181913E+02
 0.349144E+00 0.519584E+00 0.129581E+02
 0.349146E+00 0.519744E+00 0.129604E+02
 0.349143E+00 0.519580E+00 0.129533E+02
 0.349144E+00 0.519581E+00 0.129572E+02
 0.349143E+00 0.519589E+00 0.129547E+02
 0.349143E+00 0.519584E+00 0.129581E+02
 0.349144E+00 0.519577E+00 0.129621E+02
 0.349134E+00 0.519462E+00 0.129575E+02
 0.349143E+00 0.519580E+00 0.129533E+02
 0.374428E+00 0.523054E+00 0.155586E+02
 0.349155E+00 0.519501E+00 0.129631E+02
 0.349133E+00 0.519630E+00 0.129567E+02
 0.349144E+00 0.519580E+00 0.129650E+02
 0.349144E+00 0.519582E+00 0.129560E+02
 0.349143E+00 0.519580E+00 0.129532E+02
 0.349139E+00 0.519580E+00 0.129599E+02
 0.373931E+00 0.527554E+00 0.168480E+02
 0.349143E+00 0.519600E+00 0.129560E+02
 0.349143E+00 0.519613E+00 0.129651E+02
 0.349126E+00 0.519579E+00 0.129628E+02
 0.349131E+00 0.519461E+00 0.129614E+02
 0.349142E+00 0.519580E+00 0.129631E+02
 0.349144E+00 0.519580E+00 0.129719E+02
 0.349145E+00 0.519582E+00 0.129628E+02
 0.349147E+00 0.519605E+00 0.129586E+02
 0.349141E+00 0.519581E+00 0.129513E+02
 0.349150E+00 0.519592E+00 0.129641E+02
 0.349126E+00 0.519579E+00 0.129644E+02
 0.349129E+00 0.519581E+00 0.129567E+02
 0.349147E+00 0.519580E+00 0.129584E+02
 0.349144E+00 0.519580E+00 0.129571E+02
 0.373989E+00 0.517369E+00 0.145672E+02
 0.349143E+00 0.519583E+00 0.129536E+02
 0.349123E+00 0.519583E+00 0.129608E+02
 0.349148E+00 0.519583E+00 0.129675E+02
 0.349143E+00 0.519652E+00 0.129580E+02
 0.349144E+00 0.519582E+00 0.129622E+02
 0.349186E+00 0.519580E+00 0.152793E+02
 0.349128E+00 0.519580E+00 0.129615E+02
 0.349115E+00 0.519712E+00 0.129611E+02
 0.349138E+00 0.519575E+00 0.129500E+02
 0.349141E+00 0.519426E+00 0.129608E+02
 0.349144E+00 0.519581E+00 0.129562E+02
 0.349059E+00 0.519579E+00 0.129608E+02
 0.349143E+00 0.519580E+00 0.129530E+02
 0.349144E+00 0.519583E+00 0.129486E+02
 0.349143E+00 0.519580E+00 0.129533E+02
 0.349144E+00 0.519580E+00 0.129699E+02
 0.349116E+00 0.519566E+00 0.129627E+02
 0.349142E+00 0.519580E+00 0.129518E+02
 0.349143E+00 0.519648E+00 0.129624E+02
 0.349144E+00 0.519579E+00 0.129588E+02
 0.349097E+00 0.519566E+00 0.129650E+02
 0.349152E+00 0.519544E+00 0.129524E+02
 0.349144E+00 0.519580E+00 0.129511E+02
 0.349141E+00 0.519580E+00 0.129615E+02
 0.349143E+00 0.519582E+00 0.129665E+02
 0.349154E+00 0.519536E+00 0.129615E+02
 0.349138E+00 0.519569E+00 0.129562E+02
 0.349144E+00 0.519582E+00 0.129634E+02
 0.349143E+00 0.519579E+00 0.129511E+02
 0.402889E+00 0.519252E+00 0.182057E+02
 0.349144E+00 0.519580E+00 0.129574E+02
 0.349144E+00 0.519583E+00 0.129604E+02
 0.349138E+00 0.519581E+00 0.129632E+02
 0.349143E+00 0.519580E+00 0.129576E+02
 0.349140E+00 0.519580E+00 0.129686E+02
 0.349146E+00 0.519541E+00 0.129576E+02
 0.349143E+00 0.519490E+00 0.129546E+02
 0.349143E+00 0.519583E+00 0.129563E+02
 0.349152E+00 0.519514E+00 0.129537E+02
 0.349144E+00 0.519589E+00 0.129596E+02
 0.349082E+00 0.519517E+00 0.129612E+02
 0.349150E+00 0.519580E+00 0.129699E+02
 0.349143E+00 0.519578E+00 0.129891E+02
 0.349137E+00 0.519669E+00 0.129553E+02
 0.349143E+00 0.519580E+00 0.129575E+02
 0.349143E+00 0.519580E+00 0.129531E+02
 0.349143E+00 0.519584E+00 0.129640E+02
 0.349082E+00 0.519653E+00 0.129864E+02
 0.349133E+00 0.519574E+00 0.129569E+02
 0.349147E+00 0.519580E+00 0.129546E+02
 0.349143E+00 0.519580E+00 0.129575E+02
 0.349142E+00 0.519580E+00 0.129512E+02
 0.349142E+00 0.519579E+00 0.129549E+02
 0.349150E+00 0.519454E+00 0.129607E+02
 0.349143E+00 0.519576E+00 0.129604E+02
 0.349128E+00 0.519592E+00 0.129619E+02
 0.349146E+00 0.519732E+00 0.129535E+02
 0.349141E+00 0.519583E+00 0.129656E+02
 0.349144E+00 0.519580E+00 0.129621E+02
 0.349143E+00 0.519586E+00 0.129592E+02
 0.349129E+00 0.519580E+00 0.129568E+02
 0.349209E+00 0.519686E+00 0.153465E+02
 0.349144E+00 0.519580E+00 0.129686E+02
 0.349142E+00 0.519580E+00 0.129579E+02
 0.349144E+00 0.519578E+00 0.129578E+02
 0.349150E+00 0.519620E+00 0.129655E+02
 0.349143E+00 0.519580E+00 0.129498E+02
 0.349143E+00 0.519235E+00 0.129696E+02
 0.349176E+00 0.519580E+00 0.129586E+02
 0.349135E+00 0.519580E+00 0.129530E+02
 0.349133E+00 0.519574E+00 0.129615E+02
 0.375898E+00 0.524337E+00 0.163219E+02
 0.349145E+00 0.519581E+00 0.129631E+02
 0.349144E+00 0.519582E+00 0.129674E+02
 0.349143E+00 0.519580E+00 0.129623E+02
 0.349142E+00 0.519452E+00 0.129601E+02
 0.349146E+00 0.519580E+00 0.129564E+02
 0.349147E+00 0.519580E+00 0.129657E+02
 0.349143E+00 0.519581E+00 0.129533E+02
 0.349144E+00 0.519579E+00 0.129633E+02
 0.349141E+00 0.519579E+00 0.129557E+02
 0.349152E+00 0.519451E+00 0.129556E+02
 0.349144E+00 0.519579E+00 0.129579E+02
 0.349125E+00 0.519578E+00 0.129551E+02
 0.349144E+00 0.519700E+00 0.129763E+02
 0.349143E+00 0.519580E+00 0.129568E+02
 0.349143E+00 0.519580E+00 0.129645E+02
 0.349143E+00 0.519824E+00 0.129670E+02
 0.349146E+00 0.519580E+00 0.129566E+02
 0.349130E+00 0.519581E+00 0.129561E+02
 0.349143E+00 0.519580E+00 0.129657E+02
 0.349143E+00 0.519580E+00 0.129534E+02
 0.349142E+00 0.519580E+00 0.129530E+02
 0.349144E+00 0.519580E+00 0.129558E+02
 0.349140E+00 0.519580E+00 0.129626E+02
 0.349167E+00 0.519857E+00 0.155035E+02
 0.349133E+00 0.519580E+00 0.129582E+02
 0.349145E+00 0.519573E+00 0.129604E+02
 0.349143E+00 0.519580E+00 0.129623E+02
 0.349144E+00 0.519584E+00 0.129574E+02
 0.349131E+00 0.519572E+00 0.129524E+02
 0.349139E+00 0.519582E+00 0.129640E+02
 0.372804E+00 0.522931E+00 0.142898E+02
 0.349144E+00 0.519699E+00 0.129990E+02
 0.349181E+00 0.519580E+00 0.129661E+02
 0.349143E+00 0.519581E+00 0.129650E+02
 0.349143E+00 0.519580E+00 0.129643E+02
 0.349163E+00 0.519559E+00 0.129556E+02
 0.349152E+00 0.519591E+00 0.129567E+02
 0.349140E+00 0.519584E+00 0.129670E+02
 0.349113E+00 0.519391E+00 0.129668E+02
 0.349143E+00 0.519586E+00 0.129615E+02
 0.373283E+00 0.520401E+00 0.147030E+02
 0.349153E+00 0.519580E+00 0.129552E+02
 0.349132E+00 0.519580E+00 0.129567E+02
 0.349141E+00 0.519582E+00 0.129593E+02
 0.349144E+00 0.519580E+00 0.129665E+02
 0.349140E+00 0.519578E+00 0.129608E+02
 0.349159E+00 0.519544E+00 0.129607E+02
 0.349144E+00 0.519582E+00 0.129733E+02
 0.349144E+00 0.519582E+00 0.129641E+02
 0.349143E+00 0.519583E+00 0.129657E+02
 0.349119E+00 0.519443E+00 0.129603E+02
 0.349144E+00 0.519579E+00 0.129512E+02
 0.349161E+00 0.519686E+00 0.129642E+02
 0.349141E+00 0.519646E+00 0.129486E+02
 0.349143E+00 0.519604E+00 0.129583E+02
 0.349143E+00 0.519580E+00 0.129687E+02
 0.349140E+00 0.519615E+00 0.129606E+02
 0.349144E+00 0.519579E+00 0.129661E+02
 0.349144E+00 0.519587E+00 0.129626E+02
 0.349143E+00 0.519575E+00 0.129528E+02
 0.402848E+00 0.519615E+00 0.180979E+02
 0.349143E+00 0.519580E+00 0.129494E+02
 0.349165E+00 0.519742E+00 0.129726E+02
 0.349143E+00 0.519509E+00 0.129624E+02
 0.349144E+00 0.519580E+00 0.129503E+02
 0.349145E+00 0.519579E+00 0.129621E+02
 0.374870E+00 0.524547E+00 0.158647E+02
 0.349145E+00 0.519582E+00 0.129593E+02
 0.349144E+00 0.519576E+00 0.129502E+02
 0.349143E+00 0.519580E+00 0.129512E+02
 0.349139E+00 0.519597E+00 0.129636E+02
 0.349136E+00 0.519628E+00 0.129621E+02
 0.349167E+00 0.519579E+00 0.129572E+02
 0.349179E+00 0.519561E+00 0.129621E+02
 0.349143E+00 0.519580E+00 0.129531E+02
 0.349144E+00 0.519587E+00 0.129535E+02
 0.349113E+00 0.519445E+00 0.129576E+02
 0.349144E+00 0.519588E+00 0.129712E+02
 0.349139E+00 0.519580E+00 0.129527E+02
 0.349123E+00 0.519616E+00 0.129512E+02
 0.349171E+00 0.519585E+00 0.129600E+02
 0.349140E+00 0.519578E+00 0.129632E+02
 0.372005E+00 0.523750E+00 0.139942E+02
 0.349158E+00 0.519547E+00 0.129649E+02
 0.349144E+00 0.519583E+00 0.129520E+02
 0.349146E+00 0.519582E+00 0.129504E+02
 0.349143E+00 0.519628E+00 0.129580E+02
 0.349142E+00 0.519575E+00 0.129639E+02
 0.349147E+00 0.519580E+00 0.129685E+02
 0.349128E+00 0.519637E+00 0.129508E+02
 0.349108E+00 0.519582E+00 0.129688E+02
 0.349143E+00 0.519578E+00 0.129591E+02
 0.349143E+00 0.519575E+00 0.129616E+02
 0.349143E+00 0.519613E+00 0.129714E+02
 0.349143E+00 0.519580E+00 0.129514E+02
 0.349144E+00 0.519580E+00 0.129683E+02
 0.349143E+00 0.519584E+00 0.129622E+02
 0.349140E+00 0.519610E+00 0.129541E+02
 0.349142E+00 0.519604E+00 0.129738E+02
 0.349195E+00 0.519580E+00 0.152249E+02
 0.349150E+00 0.519596E+00 0.129603E+02
 0.349143E+00 0.519579E+00 0.129509E+02
 0.349147E+00 0.519582E+00 0.129607E+02
 0.349143E+00 0.519580E+00 0.129576E+02
 0.349143E+00 0.519580E+00 0.129507E+02
 0.349181E+00 0.519821E+00 0.154269E+02
 0.349143E+00 0.519584E+00 0.129611E+02
 0.349130E+00 0.519580E+00 0.129621E+02
 0.349144E+00 0.519580E+00 0.129521E+02
 0.349131E+00 0.519574E+00 0.129639E+02
 0.349143E+00 0.519580E+00 0.129514E+02
 0.349144E+00 0.519580E+00 0.129677E+02
 0.349144E+00 0.519582E+00 0.129521E+02
 0.349143E+00 0.519580E+00 0.129510E+02
 0.349143E+00 0.519580E+00 0.129505E+02
 0.349142E+00 0.519599E+00 0.129527E+02
 0.349143E+00 0.519583E+00 0.129559E+02
 0.349112E+00 0.519580E+00 0.129607E+02
 0.349144E+00 0.519580E+00 0.129577E+02
 0.349145E+00 0.519580E+00 0.129580E+02
 0.349143E+00 0.519580E+00 0.129607E+02
 0.349162E+00 0.519552E+00 0.129651E+02
 0.349143E+00 0.519581E+00 0.129531E+02
 0.349144E+00 0.519581E+00 0.129503E+02
 0.349127E+00 0.519224E+00 0.129696E+02
 0.349143E+00 0.519618E+00 0.129646E+02
 0.349144E+00 0.519580E+00 0.129640E+02
 0.349142E+00 0.519652E+00 0.129672E+02
 0.349143E+00 0.519573E+00 0.129588E+02
 0.349117E+00 0.519644E+00 0.129555E+02
 0.349145E+00 0.519580E+00 0.129538E+02
 0.349144E+00 0.519579E+00 0.129575E+02
 0.349162E+00 0.519734E+00 0.129657E+02
 0.349143E+00 0.519589E+00 0.129616E+02
 0.349141E+00 0.519683E+00 0.129535E+02
 0.349137E+00 0.519580E+00 0.129530E+02
 0.349143E+00 0.519581E+00 0.129562E+02
 0.349143E+00 0.519580E+00 0.129593E+02
 0.349144E+00 0.519581E+00 0.129675E+02
 0.349134E+00 0.519577E+00 0.129549E+02
 0.349143E+00 0.519580E+00 0.129572E+02
 0.349144E+00 0.519580E+00 0.129622E+02
 0.349141E+00 0.519683E+00 0.129661E+02
 0.349146E+00 0.519586E+00 0.129593E+02
 0.349148E+00 0.519581E+00 0.129546E+02
 0.349143E+00 0.519581E+00 0.129517E+02
 0.378823E+00 0.519012E+00 0.178601E+02
 0.349146E+00 0.519678E+00 0.129593E+02
 0.349143E+00 0.519580E+00 0.129533E+02
 0.349132E+00 0.519580E+00 0.129548E+02
 0.349143E+00 0.519580E+00 0.129559E+02
 0.349143E+00 0.519640E+00 0.129603E+02
 0.349154E+00 0.519579E+00 0.129507E+02
 0.349196E+00 0.519624E+00 0.152147E+02
 0.349151E+00 0.519578E+00 0.129588E+02
 0.349143E+00 0.519580E+00 0.129604E+02
 0.349144E+00 0.519578E+00 0.129710E+02
 0.349143E+00 0.519579E+00 0.129622E+02
 0.349143E+00 0.519580E+00 0.129496E+02
 0.349143E+00 0.519580E+00 0.129531E+02
 0.349143E+00 0.519604E+00 0.129688E+02
 0.349130E+00 0.519580E+00 0.129621E+02
 0.349122E+00 0.519648E+00 0.129620E+02
 0.349143E+00 0.519579E+00 0.129642E+02
 0.349144E+00 0.519580E+00 0.129611E+02
 0.349140E+00 0.519580E+00 0.129665E+02
 0.349162E+00 0.519254E+00 0.129690E+02
 0.349143E+00 0.519578E+00 0.129525E+02
 0.349149E+00 0.519579E+00 0.129567E+02
 0.349144E+00 0.519575E+00 0.129547E+02
 0.349140E+00 0.519545E+00 0.129562E+02
 0.349145E+00 0.519581E+00 0.129613E+02
 0.349140E+00 0.519588E+00 0.129693E+02
 0.349143E+00 0.519580E+00 0.129511E+02
 0.349143E+00 0.519580E+00 0.129523E+02
 0.349166E+00 0.519914E+00 0.154880E+02
 0.349143E+00 0.519597E+00 0.129601E+02
 0.349118E+00 0.519558E+00 0.129619E+02
 0.349143E+00 0.519580E+00 0.129611E+02
 0.349143E+00 0.519578E+00 0.129524E+02
 0.349150E+00 0.519563E+00 0.129509E+02
 0.349143E+00 0.519580E+00 0.129528E+02
 0.349143E+00 0.519580E+00 0.129626E+02
 0.349144E+00 0.519580E+00 0.129664E+02
 0.349171E+00 0.519595E+00 0.129620E+02
 0.349150E+00 0.519580E+00 0.129623E+02
 0.349140E+00 0.519585E+00 0.129541E+02
 0.349155E+00 0.519680E+00 0.129533E+02
 0.349144E+00 0.519466E+00 0.129608E+02
 0.349143E+00 0.519580E+00 0.129499E+02
 0.349139E+00 0.519555E+00 0.129726E+02
 0.349144E+00 0.519573E+00 0.129546E+02
 0.349139E+00 0.519603E+00 0.129624E+02
 0.349143E+00 0.519549E+00 0.129516E+02
 0.349144E+00 0.519589E+00 0.129660E+02
 0.349141E+00 0.519579E+00 0.129654E+02
 0.349144E+00 0.519584E+00 0.129625E+02
 0.349143E+00 0.519582E+00 0.129548E+02
 0.349133E+00 0.519580E+00 0.129505E+02
 0.349143E+00 0.519541E+00 0.129676E+02
 0.349144E+00 0.519576E+00 0.129582E+02
 0.349141E+00 0.519580E+00 0.129574E+02
 0.349110E+00 0.519718E+00 0.129594E+02
 0.373738E+00 0.519343E+00 0.147231E+02
 0.349139E+00 0.519580E+00 0.129577E+02
 0.349142E+00 0.519570E+00 0.129624E+02
 0.349143E+00 0.519580E+00 0.129706E+02
 0.349138E+00 0.519520E+00 0.129601E+02
 0.349145E+00 0.519582E+00 0.129563E+02
 0.349143E+00 0.519580E+00 0.129531E+02
 0.349147E+00 0.519584E+00 0.129682E+02
 0.349143E+00 0.519580E+00 0.129515E+02
 0.349143E+00 0.519592E+00 0.129548E+02
 0.349143E+00 0.519583E+00 0.129693E+02
 0.349138E+00 0.519580E+00 0.129642E+02
 0.349103E+00 0.519591E+00 0.129551E+02
 0.349143E+00 0.519580E+00 0.129672E+02
 0.349143E+00 0.519579E+00 0.129583E+02
 0.349150E+00 0.519576E+00 0.129581E+02
 0.349143E+00 0.519580E+00 0.129528E+02
 0.349145E+00 0.519580E+00 0.129508E+02
 0.349143E+00 0.519592E+00 0.129510E+02
 0.349145E+00 0.519717E+00 0.129629E+02
 0.349132E+00 0.519580E+00 0.129624E+02
 0.349128E+00 0.519591E+00 0.129650E+02
 0.349162E+00 0.519635E+00 0.129567E+02
 0.349149E+00 0.519771E+00 0.129685E+02
 0.349140E+00 0.519583E+00 0.129690E+02
 0.349153E+00 0.519581E+00 0.129519E+02
 0.349140E+00 0.519848E+00 0.130136E+02
 0.349143E+00 0.519748E+00 0.129672E+02
 0.349141E+00 0.519559E+00 0.129631E+02
 0.349143E+00 0.519580E+00 0.129681E+02
 0.349155E+00 0.519580E+00 0.129544E+02
 0.349141E+00 0.519385E+00 0.129585E+02
 0.349143E+00 0.519648E+00 0.129540E+02
 0.349144E+00 0.519583E+00 0.129540E+02
 0.349149E+00 0.519580E+00 0.129511E+02
 0.349136E+00 0.519580E+00 0.129598E+02
 0.349119E+00 0.519608E+00 0.129548E+02
 0.349152E+00 0.519671E+00 0.129590E+02
 0.349139E+00 0.519571E+00 0.129602E+02
 0.349143E+00 0.519547E+00 0.129511E+02
 0.349145E+00 0.519580E+00 0.129509E+02
 0.349143E+00 0.519580E+00 0.129510E+02
 0.349155E+00 0.519117E+00 0.129763E+02
 0.349144E+00 0.519570E+00 0.129663E+02
 0.349141E+00 0.519550E+00 0.129499E+02
 0.349112E+00 0.519682E+00 0.129550E+02
 0.375077E+00 0.519470E+00 0.152424E+02
 0.349144E+00 0.519582E+00 0.129686E+02
 0.349157E+00 0.519557E+00 0.129565E+02
 0.349132E+00 0.519580E+00 0.129622E+02
 0.349143E+00 0.519588E+00 0.129489E+02
 0.349143E+00 0.519580E+00 0.129511E+02
 0.349145E+00 0.519580E+00 0.129681E+02
 0.349144E+00 0.519584E+00 0.129586E+02
 0.349143E+00 0.519580E+00 0.129542E+02
 0.349164E+00 0.519578E+00 0.129619E+02
 0.349151E+00 0.519569E+00 0.129511E+02
 0.349143E+00 0.519584E+00 0.129636E+02
 0.349214E+00 0.521171E+00 0.164839E+02
 0.349156E+00 0.519580E+00 0.129524E+02
 0.349136E+00 0.519580E+00 0.129624E+02
 0.349123E+00 0.519541E+00 0.129603E+02
 0.349145E+00 0.519580E+00 0.129506E+02
 0.349143E+00 0.519582E+00 0.129574E+02
 0.349147E+00 0.519737E+00 0.129724E+02
 0.349145E+00 0.519583E+00 0.129659E+02
 0.349150E+00 0.519581E+00 0.129617E+02
 0.349158E+00 0.519581E+00 0.129572E+02
 0.349112E+00 0.519731E+00 0.129653E+02
 0.349144E+00 0.519578E+00 0.129636E+02
 0.349141E+00 0.519636E+00 0.129614E+02
 0.349145E+00 0.519581E+00 0.129618E+02
 0.349145E+00 0.519557E+00 0.129623E+02
 0.349144E+00 0.519585E+00 0.129544E+02
 0.349149E+00 0.519580E+00 0.129562E+02
 0.349120E+00 0.519662E+00 0.129664E+02
 0.349113E+00 0.519692E+00 0.129695E+02
 0.349145E+00 0.519581E+00 0.129555E+02
 0.349144E+00 0.519579E+00 0.129564E+02
 0.349144E+00 0.519583E+00 0.129577E+02
 0.349143E+00 0.519580E+00 0.129493E+02
 0.349135E+00 0.519580E+00 0.129568E+02
 0.349162E+00 0.519653E+00 0.129696E+02
 0.349128E+00 0.519571E+00 0.129631E+02
 0.349144E+00 0.519580E+00 0.129522E+02
 0.349143E+00 0.519583E+00 0.129552E+02
 0.349167E+00 0.519488E+00 0.129577E+02
 0.349143E+00 0.519583E+00 0.129589E+02
 0.349143E+00 0.519578E+00 0.129568E+02
 0.349152E+00 0.519576E+00 0.129636E+02
 0.349143E+00 0.519580E+00 0.129532E+02
 0.349142E+00 0.519580E+00 0.129512E+02
 0.349160E+00 0.519724E+00 0.129748E+02
 0.349145E+00 0.519653E+00 0.129584E+02
 0.349147E+00 0.519603E+00 0.129546E+02
 0.349143E+00 0.519581E+00 0.129558E+02
 0.349144E+00 0.519581E+00 0.129559E+02
 0.349155E+00 0.519571E+00 0.129534E+02
 0.349143E+00 0.519580E+00 0.129529E+02
 0.349143E+00 0.519583E+00 0.129592E+02
 0.349143E+00 0.519580E+00 0.129619E+02
 0.349143E+00 0.519664E+00 0.129653E+02
 0.349142E+00 0.519565E+00 0.129566E+02
 0.349133E+00 0.519580E+00 0.129578E+02
 0.349168E+00 0.519683E+00 0.129602E+02
 0.349141E+00 0.519678E+00 0.129539E+02
 0.349146E+00 0.519580E+00 0.129691E+02
 0.349148E+00 0.519638E+00 0.129686E+02
 0.349144E+00 0.519580E+00 0.129571E+02
 0.349139E+00 0.519613E+00 0.129588E+02
 0.373021E+00 0.520182E+00 0.145680E+02
 0.349160E+00 0.519670E+00 0.129624E+02
 0.375190E+00 0.521269E+00 0.157831E+02
 0.349143E+00 0.519579E+00 0.129539E+02
 0.349147E+00 0.519650E+00 0.129586E+02
 0.349144E+00 0.519580E+00 0.129570E+02
 0.349140E+00 0.519580E+00 0.129584E+02
 0.349143E+00 0.519607E+00 0.129533E+02
 0.349136E+00 0.519555E+00 0.129554E+02
 0.349143E+00 0.519599E+00 0.129636E+02
 0.349138E+00 0.519580E+00 0.129587E+02
 0.349111E+00 0.519661E+00 0.129689E+02
 0.349098E+00 0.519563E+00 0.129667E+02
 0.349144E+00 0.519581E+00 0.129660E+02
 0.349155E+00 0.519570E+00 0.129639E+02
 0.349143E+00 0.519590E+00 0.129599E+02
 0.349143E+00 0.519628E+00 0.129549E+02
 0.349143E+00 0.519581E+00 0.129498E+02
 0.349143E+00 0.519584E+00 0.129567E+02
 0.349144E+00 0.519579E+00 0.129607E+02
 0.349143E+00 0.519580E+00 0.129631E+02
 0.380094E+00 0.521254E+00 0.162065E+02
 0.349187E+00 0.519604E+00 0.152113E+02
 0.349118E+00 0.519582E+00 0.129679E+02
 0.349144E+00 0.519581E+00 0.129721E+02
 0.349147E+00 0.519628E+00 0.129498E+02
 0.349138E+00 0.519584E+00 0.129528E+02
 0.349143E+00 0.519580E+00 0.129532E+02
 0.349171E+00 0.519580E+00 0.129627E+02
 0.349134E+00 0.519658E+00 0.129639E+02
 0.349147E+00 0.519580E+00 0.129661E+02
 0.349143E+00 0.519580E+00 0.129514E+02
 0.349157E+00 0.519643E+00 0.129594E+02
 0.349144E+00 0.519580E+00 0.129639E+02
 0.349143E+00 0.519558E+00 0.129568E+02
 0.349143E+00 0.519580E+00 0.129534E+02
 0.349139E+00 0.519582E+00 0.129563E+02
 0.349143E+00 0.519580E+00 0.129625E+02
 0.349144E+00 0.519585E+00 0.129578E+02
 0.349139E+00 0.519580E+00 0.129632E+02
 0.349147E+00 0.519580E+00 0.129622E+02
 0.349154E+00 0.519568E+00 0.129501E+02
 0.349142E+00 0.519580E+00 0.129524E+02
 0.349144E+00 0.519583E+00 0.129603E+02
 0.349143E+00 0.519578E+00 0.129593E+02
 0.349143E+00 0.519580E+00 0.129523E+02
 0.349143E+00 0.519546E+00 0.129640E+02
 0.349143E+00 0.519580E+00 0.129665E+02
 0.349161E+00 0.519631E+00 0.129526E+02
 0.349143E+00 0.519588E+00 0.129495E+02
 0.349138E+00 0.519580E+00 0.129654E+02
 0.349127E+00 0.519580E+00 0.129684E+02
 0.349118E+00 0.519712E+00 0.129631E+02
 0.349110E+00 0.519572E+00 0.129648E+02
 0.349141E+00 0.519580E+00 0.129633E+02
 0.349143E+00 0.519582E+00 0.129613E+02
 0.349143E+00 0.519579E+00 0.129620E+02
 0.349143E+00 0.519578E+00 0.129604E+02
 0.349149E+00 0.519579E+00 0.129524E+02
 0.349143E+00 0.519580E+00 0.129567E+02
 0.349139E+00 0.519580E+00 0.129539E+02
 0.349143E+00 0.519587E+00 0.129531E+02
 0.349147E+00 0.519611E+00 0.129517E+02
 0.349131E+00 0.519580E+00 0.129570E+02
 0.349131E+00 0.519661E+00 0.129597E+02
 0.349124E+00 0.519603E+00 0.129554E+02
 0.373438E+00 0.519762E+00 0.147080E+02
 0.349151E+00 0.519580E+00 0.129872E+02
 0.349144E+00 0.519580E+00 0.129582E+02
 0.349147E+00 0.519578E+00 0.129581E+02
 0.349143E+00 0.519579E+00 0.129579E+02
 0.349150E+00 0.519584E+00 0.129590E+02
 0.349143E+00 0.519580E+00 0.129579E+02
 0.349164E+00 0.519580E+00 0.129560E+02
 0.349158E+00 0.519791E+00 0.153314E+02
 0.349145E+00 0.519578E+00 0.129642E+02
 0.349151E+00 0.519554E+00 0.129522E+02
 0.349143E+00 0.519580E+00 0.129510E+02
 0.349143E+00 0.519580E+00 0.129579E+02
 0.349159E+00 0.519515E+00 0.129537E+02
 0.349144E+00 0.519691E+00 0.129581E+02
 0.349140E+00 0.519580E+00 0.129693E+02
 0.349139E+00 0.519504E+00 0.129606E+02
 0.363443E+00 0.482048E+00 0.171647E+02
 0.349144E+00 0.519580E+00 0.129634E+02
 0.349143E+00 0.519581E+00 0.129646E+02
 0.349144E+00 0.519584E+00 0.129613E+02
 0.349144E+00 0.519579E+00 0.129635E+02
 0.349142E+00 0.519567E+00 0.129561E+02
 0.349143E+00 0.519579E+00 0.129609E+02
 0.349143E+00 0.519514E+00 0.129588E+02
 0.349143E+00 0.519580E+00 0.129495E+02
 0.349143E+00 0.519580E+00 0.129529E+02
 0.349143E+00 0.519594E+00 0.129911E+02
 0.349144E+00 0.519584E+00 0.129581E+02
 0.366209E+00 0.524359E+00 0.178894E+02
 0.349135E+00 0.519730E+00 0.129570E+02
 0.349146E+00 0.519570E+00 0.129591E+02
 0.349139E+00 0.519580E+00 0.129617E+02
 0.349147E+00 0.519578E+00 0.129869E+02
 0.349152E+00 0.519583E+00 0.129601E+02
 0.349143E+00 0.519580E+00 0.129533E+02
 0.349143E+00 0.519584E+00 0.129540E+02
 0.349143E+00 0.519581E+00 0.129584E+02
 0.349148E+00 0.519566E+00 0.129486E+02
 0.349097E+00 0.519445E+00 0.129572E+02
 0.349110E+00 0.519573E+00 0.129602E+02
 0.349146E+00 0.519580E+00 0.129638E+02
 0.349142E+00 0.519576E+00 0.129561E+02
 0.349149E+00 0.519580E+00 0.129672E+02
 0.402634E+00 0.519465E+00 0.180913E+02
 0.367543E+00 0.523731E+00 0.174624E+02
 0.372877E+00 0.521456E+00 0.143967E+02
 0.349143E+00 0.519580E+00 0.129713E+02
 0.349149E+00 0.519581E+00 0.129719E+02
 0.349136E+00 0.519590E+00 0.129584E+02
 0.349137E+00 0.519579E+00 0.129493E+02
 0.349143E+00 0.519579E+00 0.129568E+02
 0.349148E+00 0.519559E+00 0.129647E+02
 0.349143E+00 0.519580E+00 0.129536E+02
 0.349144E+00 0.519580E+00 0.129540E+02
 0.349143E+00 0.519616E+00 0.129545E+02
 0.349136E+00 0.519664E+00 0.129590E+02
 0.349144E+00 0.519580E+00 0.129495E+02
 0.349146E+00 0.519583E+00 0.129618E+02
 0.349144E+00 0.519581E+00 0.129627E+02
 0.349144E+00 0.519579E+00 0.129538E+02
 0.349155E+00 0.519591E+00 0.129515E+02
 0.349174E+00 0.519602E+00 0.152223E+02
 0.349204E+00 0.519572E+00 0.152158E+02
 0.349144E+00 0.519582E+00 0.129591E+02
 0.349144E+00 0.519580E+00 0.129564E+02
 0.349143E+00 0.519583E+00 0.129598E+02
 0.349144E+00 0.519578E+00 0.129555E+02
 0.349140E+00 0.519558E+00 0.129631E+02
 0.349143E+00 0.519580E+00 0.129512E+02
 0.349143E+00 0.519604E+00 0.129656E+02
 0.349144E+00 0.519642E+00 0.129665E+02
 0.349134E+00 0.519610E+00 0.129592E+02
 0.349117E+00 0.519566E+00 0.129561E+02
 0.349162E+00 0.519576E+00 0.129687E+02
 0.349143E+00 0.519580E+00 0.129540E+02
 0.349147E+00 0.519581E+00 0.129609E+02
 0.349144E+00 0.519581E+00 0.129628E+02
 0.367418E+00 0.522936E+00 0.173843E+02
 0.349142E+00 0.519590E+00 0.129611E+02
 0.349142E+00 0.519580E+00 0.129687E+02
 0.349142E+00 0.519717E+00 0.129733E+02
 0.349143E+00 0.519580E+00 0.129648E+02
 0.349138E+00 0.519578E+00 0.129534E+02
 0.349210E+00 0.519532E+00 0.152595E+02
 0.349146E+00 0.519582E+00 0.129643E+02
 0.349144E+00 0.519581E+00 0.129528E+02
 0.349155E+00 0.519661E+00 0.129687E+02
 0.349166E+00 0.519642E+00 0.129527E+02
 0.349141E+00 0.519599E+00 0.129497E+02
 0.349127E+00 0.519713E+00 0.129736E+02
 0.349132E+00 0.519790E+00 0.129518E+02
 0.349143E+00 0.519580E+00 0.129686E+02
 0.349145E+00 0.519581E+00 0.129477E+02
 0.349132E+00 0.519576E+00 0.129662E+02
 0.349144E+00 0.519582E+00 0.129645E+02
 0.349163E+00 0.519631E+00 0.129561E+02
 0.349143E+00 0.519580E+00 0.129549E+02
 0.349143E+00 0.519579E+00 0.129552E+02
 0.349141E+00 0.519612E+00 0.129588E+02
 0.373780E+00 0.527806E+00 0.167038E+02
 0.349143E+00 0.519558E+00 0.129637E+02
 0.349150E+00 0.519580E+00 0.129650E+02
 0.349133E+00 0.519580E+00 0.129568E+02
 0.349176E+00 0.519575E+00 0.129705E+02
 0.349144E+00 0.519581E+00 0.129596E+02
 0.348949E+00 0.519598E+00 0.129717E+02
 0.349147E+00 0.519584E+00 0.129613E+02
 0.349143E+00 0.519579E+00 0.129649E+02
 0.349140E+00 0.519580E+00 0.129572E+02
 0.349144E+00 0.519579E+00 0.129524E+02
 0.349141E+00 0.519583E+00 0.129605E+02
 0.349145E+00 0.519581E+00 0.129704E+02
 0.349143E+00 0.519580E+00 0.129584E+02
 0.349140E+00 0.519616E+00 0.129587E+02
 0.349143E+00 0.519651E+00 0.129667E+02
 0.349142E+00 0.519572E+00 0.129568E+02
 0.349145E+00 0.519580E+00 0.129521E+02
 0.349143E+00 0.519582E+00 0.129559E+02
 0.349143E+00 0.519580E+00 0.129509E+02
 0.349143E+00 0.519580E+00 0.129637E+02
 0.349196E+00 0.519652E+00 0.152354E+02
 0.349143E+00 0.519589E+00 0.129492E+02
 0.349136E+00 0.519623E+00 0.129595E+02
 0.349152E+00 0.519776E+00 0.129919E+02
 0.349137E+00 0.519577E+00 0.129561E+02
 0.349251E+00 0.519526E+00 0.152523E+02
 0.349153E+00 0.519510E+00 0.129565E+02
 0.349144E+00 0.519586E+00 0.129629E+02
 0.349148E+00 0.519555E+00 0.129625E+02
 0.349143E+00 0.519581E+00 0.129668E+02
 0.349143E+00 0.519580E+00 0.129558E+02
 0.349144E+00 0.519496E+00 0.129562E+02
 0.349143E+00 0.519580E+00 0.129622E+02
 0.349140E+00 0.519647E+00 0.129707E+02
 0.349143E+00 0.519568E+00 0.129591E+02
 0.349133E+00 0.519591E+00 0.129728E+02
 0.349046E+00 0.519575E+00 0.129552E+02
 0.349144E+00 0.519582E+00 0.129570E+02
 0.349143E+00 0.519581E+00 0.129641E+02
 0.349148E+00 0.519583E+00 0.129485E+02
 0.349161E+00 0.519582E+00 0.129556E+02
 0.349143E+00 0.519580E+00 0.129535E+02
 0.349144E+00 0.519583E+00 0.129646E+02
 0.349143E+00 0.519618E+00 0.129572E+02
 0.349143E+00 0.519598E+00 0.129571E+02
 0.349142E+00 0.519623E+00 0.129612E+02
 0.349143E+00 0.519664E+00 0.129677E+02
 0.349157E+00 0.519580E+00 0.129604E+02
 0.349157E+00 0.519575E+00 0.129615E+02
 0.349138E+00 0.519580E+00 0.129575E+02
 0.349144E+00 0.519579E+00 0.129599E+02
 0.349144E+00 0.519581E+00 0.129615E+02
 0.349150E+00 0.519626E+00 0.129662E+02
 0.349147E+00 0.519603E+00 0.129556E+02
 0.349143E+00 0.519581E+00 0.129661E+02
 0.349144E+00 0.519569E+00 0.129576E+02
 0.349154E+00 0.519580E+00 0.129527E+02
 0.349143E+00 0.519580E+00 0.129628E+02
 0.349143E+00 0.519581E+00 0.129604E+02
 0.349143E+00 0.519579E+00 0.129661E+02
 0.349149E+00 0.519576E+00 0.129563E+02
 0.349140E+00 0.519581E+00 0.129598E+02
 0.349143E+00 0.519575E+00 0.129519E+02
 0.349143E+00 0.519676E+00 0.129690E+02
 0.349146E+00 0.519580E+00 0.129664E+02
 0.349155E+00 0.519579E+00 0.129624E+02
 0.349143E+00 0.519577E+00 0.129630E+02
 0.349143E+00 0.519647E+00 0.129491E+02
 0.349143E+00 0.519580E+00 0.129513E+02
 0.349143E+00 0.519585E+00 0.129566E+02
 0.349138E+00 0.519580E+00 0.129483E+02
 0.349118E+00 0.519580E+00 0.129489E+02
 0.349102E+00 0.519577E+00 0.129534E+02
 0.349149E+00 0.519580E+00 0.129662E+02
 0.349144E+00 0.519581E+00 0.129513E+02
 0.349150E+00 0.519603E+00 0.129591E+02
 0.349146E+00 0.519565E+00 0.129519E+02
 0.349140E+00 0.519581E+00 0.129500E+02
 0.349143E+00 0.519580E+00 0.129575E+02
 0.349143E+00 0.519580E+00 0.129553E+02
 0.349155E+00 0.519578E+00 0.129691E+02
 0.349143E+00 0.519578E+00 0.129535E+02
 0.349143E+00 0.519569E+00 0.129636E+02
 0.349143E+00 0.519558E+00 0.129523E+02
 0.375863E+00 0.517912E+00 0.153788E+02
 0.349137E+00 0.519583E+00 0.129624E+02
 0.349144E+00 0.519576E+00 0.129606E+02
 0.374761E+00 0.529150E+00 0.168696E+02
 0.349141E+00 0.519581E+00 0.129629E+02
 0.349135E+00 0.519589E+00 0.129528E+02
 0.358553E+00 0.508519E+00 0.143993E+02
 0.349139E+00 0.519614E+00 0.129579E+02
 0.349143E+00 0.519539E+00 0.129561E+02
 0.349124E+00 0.519544E+00 0.129559E+02
 0.349143E+00 0.519581E+00 0.129620E+02
 0.349144E+00 0.519580E+00 0.129511E+02
 0.349136E+00 0.519579E+00 0.129579E+02
 0.349143E+00 0.519575E+00 0.129544E+02
 0.349143E+00 0.519576E+00 0.129631E+02
 0.349144E+00 0.519642E+00 0.129639E+02
 0.349143E+00 0.519664E+00 0.129723E+02
 0.349136E+00 0.520047E+00 0.155509E+02
 0.349118E+00 0.519587E+00 0.129650E+02
 0.349148E+00 0.519580E+00 0.129542E+02
 0.349143E+00 0.519581E+00 0.129555E+02
 0.349144E+00 0.519580E+00 0.129672E+02
 0.349144E+00 0.519664E+00 0.129503E+02
 0.349144E+00 0.519581E+00 0.129492E+02
 0.349143E+00 0.519601E+00 0.129584E+02
 0.349144E+00 0.519580E+00 0.129587E+02
 0.349143E+00 0.519580E+00 0.129536E+02
 0.349145E+00 0.519581E+00 0.129510E+02
 0.349148E+00 0.519599E+00 0.129676E+02
 0.349144E+00 0.519583E+00 0.129719E+02
 0.349138E+00 0.519581E+00 0.129566E+02
 0.349144E+00 0.519580E+00 0.129620E+02
 0.349143E+00 0.519556E+00 0.129590E+02
 0.349143E+00 0.519600E+00 0.129615E+02
 0.349131E+00 0.519580E+00 0.129582E+02
 0.349145E+00 0.519581E+00 0.129603E+02
 0.349143E+00 0.519577E+00 0.129573E+02
 0.349152E+00 0.519594E+00 0.129620E+02
 0.349144E+00 0.519586E+00 0.129663E+02
 0.349140E+00 0.519581E+00 0.129676E+02
 0.349143E+00 0.519550E+00 0.129641E+02
 0.349140E+00 0.519614E+00 0.129625E+02
 0.349150E+00 0.519580E+00 0.129618E+02
 0.349137E+00 0.519584E+00 0.129502E+02
 0.349157E+00 0.519581E+00 0.129578E+02
 0.349143E+00 0.519580E+00 0.129499E+02
 0.349150E+00 0.519575E+00 0.129592E+02
 0.349144E+00 0.519579E+00 0.129590E+02
 0.349144E+00 0.519577E+00 0.129659E+02
 0.349143E+00 0.519580E+00 0.129494E+02
 0.372729E+00 0.522467E+00 0.142710E+02
 0.349162E+00 0.519580E+00 0.129650E+02
 0.349149E+00 0.519580E+00 0.129603E+02
 0.349156E+00 0.519605E+00 0.129525E+02
 0.349140E+00 0.519581E+00 0.129650E+02
 0.349143E+00 0.519580E+00 0.129533E+02
 0.349150E+00 0.519619E+00 0.129925E+02
 0.349141E+00 0.519612E+00 0.129534E+02
 0.349119E+00 0.519585E+00 0.129566E+02
 0.349146E+00 0.519580E+00 0.129730E+02
 0.349145E+00 0.519581E+00 0.129577E+02
 0.349100E+00 0.519657E+00 0.129625E+02
 0.349158E+00 0.519600E+00 0.129477E+02
 0.349147E+00 0.519580E+00 0.129521E+02
 0.349144E+00 0.519575E+00 0.129604E+02
 0.349143E+00 0.519580E+00 0.129560E+02
 0.349147E+00 0.519580E+00 0.129619E+02
 0.349143E+00 0.519539E+00 0.129539E+02
 0.349115E+00 0.519558E+00 0.129522E+02
 0.349145E+00 0.519581E+00 0.129640E+02
 0.373766E+00 0.517814E+00 0.144554E+02
 0.349147E+00 0.519580E+00 0.129551E+02
 0.349146E+00 0.519581E+00 0.129573E+02
 0.349143E+00 0.519576E+00 0.129638E+02
 0.349145E+00 0.519580E+00 0.129559E+02
 0.349152E+00 0.519580E+00 0.129624E+02
 0.373638E+00 0.520534E+00 0.146316E+02
 0.349138E+00 0.519585E+00 0.129543E+02
 0.349143E+00 0.519608E+00 0.129622E+02
 0.349111E+00 0.519655E+00 0.129575E+02
 0.349145E+00 0.519580E+00 0.129671E+02
 0.349140E+00 0.519579E+00 0.129510E+02
 0.349144E+00 0.519578E+00 0.129562E+02
 0.349134E+00 0.519580E+00 0.129525E+02
 0.349138E+00 0.519603E+00 0.129581E+02
 0.349152E+00 0.519580E+00 0.129570E+02
 0.349131E+00 0.520402E+00 0.158482E+02
 0.349144E+00 0.519580E+00 0.129731E+02
 0.349143E+00 0.519582E+00 0.129597E+02
 0.349174E+00 0.519709E+00 0.153170E+02
 0.349144E+00 0.519577E+00 0.129564E+02
 0.349143E+00 0.519583E+00 0.129597E+02
 0.349143E+00 0.519580E+00 0.129611E+02
 0.373455E+00 0.520909E+00 0.142842E+02
 0.349114E+00 0.519736E+00 0.129591E+02
 0.349269E+00 0.519499E+00 0.152105E+02
 0.349143E+00 0.519579E+00 0.129564E+02
 0.373310E+00 0.519471E+00 0.147844E+02
 0.373594E+00 0.523171E+00 0.148055E+02
 0.349143E+00 0.519580E+00 0.129524E+02
 0.349157E+00 0.519561E+00 0.129615E+02
 0.349143E+00 0.519475E+00 0.129586E+02
 0.372719E+00 0.525862E+00 0.147605E+02
 0.349143E+00 0.519592E+00 0.129610E+02
 0.349108E+00 0.519580E+00 0.129583E+02
 0.373272E+00 0.520599E+00 0.146295E+02
 0.349143E+00 0.519580E+00 0.129710E+02
 0.349115E+00 0.519596E+00 0.129667E+02
 0.349143E+00 0.519686E+00 0.129487E+02
 0.349143E+00 0.519580E+00 0.129544E+02
 0.372350E+00 0.523929E+00 0.141228E+02
 0.349146E+00 0.519579E+00 0.129646E+02
 0.349171E+00 0.519580E+00 0.129532E+02
 0.348978E+00 0.519776E+00 0.129738E+02
 0.349153E+00 0.519600E+00 0.129517E+02
 0.349141E+00 0.519582E+00 0.129561E+02
 0.373561E+00 0.520144E+00 0.146873E+02
 0.349144E+00 0.519580E+00 0.129512E+02
 0.349137E+00 0.519601E+00 0.129506E+02
 0.349143E+00 0.519622E+00 0.129525E+02
 0.349142E+00 0.519709E+00 0.129738E+02
 0.349127E+00 0.520417E+00 0.159894E+02
 0.349128E+00 0.519575E+00 0.129550E+02
 0.349146E+00 0.519581E+00 0.129548E+02
 0.349132E+00 0.519580E+00 0.129697E+02
 0.349144E+00 0.519578E+00 0.129524E+02
 0.349143E+00 0.519495E+00 0.129535E+02
 0.349143E+00 0.519580E+00 0.129535E+02
 0.349144E+00 0.519721E+00 0.129574E+02
 0.373879E+00 0.521075E+00 0.146277E+02
 0.349159E+00 0.519602E+00 0.129677E+02
 0.349143E+00 0.519581E+00 0.129592E+02
 0.349143E+00 0.519580E+00 0.129516E+02
 0.349142E+00 0.519580E+00 0.129553E+02
 0.349144E+00 0.519640E+00 0.129597E+02
 0.349149E+00 0.519611E+00 0.129568E+02
 0.349143E+00 0.519617E+00 0.129689E+02
 0.349113E+00 0.519530E+00 0.129599E+02
 0.349113E+00 0.518583E+00 0.174886E+02
 0.349141E+00 0.519580E+00 0.129522E+02
 0.349144E+00 0.519581E+00 0.129629E+02
 0.349143E+00 0.519580E+00 0.129666E+02
 0.349148E+00 0.519543E+00 0.129544E+02
 0.349143E+00 0.519581E+00 0.129600E+02
 0.373355E+00 0.520810E+00 0.141959E+02
 0.349150E+00 0.519580E+00 0.129626E+02
 0.349141E+00 0.519570E+00 0.129526E+02
 0.349144E+00 0.519580E+00 0.129690E+02
 0.349144E+00 0.519580E+00 0.129620E+02
 0.349170E+00 0.519651E+00 0.129582E+02
 0.349143E+00 0.519578E+00 0.129490E+02
 0.349133E+00 0.519580E+00 0.129586E+02
 0.349151E+00 0.519583E+00 0.129508E+02
 0.349143E+00 0.519580E+00 0.129497E+02
 0.349140E+00 0.519581E+00 0.129583E+02
 0.349139E+00 0.519595E+00 0.129625E+02
 0.349130E+00 0.519580E+00 0.129595E+02
 0.349159E+00 0.519643E+00 0.129531E+02
 0.349143E+00 0.519580E+00 0.129522E+02
 0.349129E+00 0.519580E+00 0.129552E+02
 0.349143E+00 0.519579E+00 0.129562E+02
 0.373764E+00 0.521851E+00 0.145811E+02
 0.349146E+00 0.519587E+00 0.129565E+02
 0.349144E+00 0.519648E+00 0.129571E+02
 0.349144E+00 0.519582E+00 0.129558E+02
 0.349142E+00 0.519580E+00 0.129570E+02
 0.349151E+00 0.519670E+00 0.129601E+02
 0.349145E+00 0.519628E+00 0.129621E+02
 0.349152E+00 0.519659E+00 0.129474E+02
 0.349143E+00 0.519581E+00 0.129626E+02
 0.349145E+00 0.519580E+00 0.129517E+02
 0.349139E+00 0.519473E+00 0.129594E+02
 0.349143E+00 0.519577E+00 0.129595E+02
 0.349143E+00 0.519580E+00 0.129508E+02
 0.349144E+00 0.519582E+00 0.129699E+02
 0.349145E+00 0.519781E+00 0.129749E+02
 0.349108E+00 0.519557E+00 0.129598E+02
 0.349129E+00 0.519573E+00 0.129607E+02
 0.349142E+00 0.519580E+00 0.129566E+02
 0.349144E+00 0.519581E+00 0.129597E+02
 0.349146E+00 0.519579E+00 0.129572E+02
 0.349143E+00 0.519582E+00 0.129601E+02
 0.349142E+00 0.519595E+00 0.129680E+02
 0.349142E+00 0.519546E+00 0.129536E+02
 0.349143E+00 0.519591E+00 0.129632E+02
 0.349144E+00 0.519649E+00 0.129684E+02
 0.349139E+00 0.519580E+00 0.129617E+02
 0.349148E+00 0.519580E+00 0.129494E+02
 0.349085E+00 0.519501E+00 0.129614E+02
 0.349143E+00 0.520362E+00 0.159319E+02
 0.349128E+00 0.519576E+00 0.129560E+02
 0.349144E+00 0.519580E+00 0.129534E+02
 0.349144E+00 0.519580E+00 0.129531E+02
 0.349133E+00 0.519580E+00 0.129498E+02
 0.349145E+00 0.519746E+00 0.129740E+02
 0.349144E+00 0.519578E+00 0.129683E+02
 0.349143E+00 0.519579E+00 0.129638E+02
 0.349143E+00 0.519681E+00 0.129578E+02
 0.349144E+00 0.519581E+00 0.129662E+02
 0.349137E+00 0.519492E+00 0.129606E+02
 0.349130E+00 0.519617E+00 0.129657E+02
 0.349154E+00 0.519580E+00 0.129533E+02
 0.349103E+00 0.519664E+00 0.129670E+02
 0.349161E+00 0.519434E+00 0.129575E+02
 0.349144E+00 0.519579E+00 0.129621E+02
 0.349144E+00 0.519578E+00 0.129583E+02
 0.349143E+00 0.519720E+00 0.129661E+02
 0.349144E+00 0.519580E+00 0.129571E+02
 0.349138E+00 0.519589E+00 0.129647E+02
 0.349141E+00 0.519601E+00 0.129632E+02
 0.349143E+00 0.519593E+00 0.129592E+02
 0.349140E+00 0.519681E+00 0.129602E+02
 0.402005E+00 0.519030E+00 0.179708E+02
 0.349146E+00 0.519580E+00 0.129618E+02
 0.349146E+00 0.519580E+00 0.129675E+02
 0.349144E+00 0.519580E+00 0.129589E+02
 0.349168E+00 0.519308E+00 0.129642E+02
 0.349143E+00 0.519579E+00 0.129645E+02
 0.349144E+00 0.519577E+00 0.129619E+02
 0.349139E+00 0.519588E+00 0.129595E+02
 0.349144E+00 0.519685E+00 0.129658E+02
 0.349143E+00 0.519580E+00 0.129601E+02
 0.349163E+00 0.519635E+00 0.129547E+02
 0.349135E+00 0.519578E+00 0.129624E+02
 0.349145E+00 0.519580E+00 0.129567E+02
 0.349143E+00 0.519581E+00 0.129656E+02
 0.349144E+00 0.519580E+00 0.129674E+02
 0.349148E+00 0.519579E+00 0.129601E+02
 0.349143E+00 0.519579E+00 0.129630E+02
 0.349147E+00 0.519599E+00 0.129607E+02
 0.349150E+00 0.519581E+00 0.129692E+02
 0.349144E+00 0.519578E+00 0.129582E+02
 0.349143E+00 0.519624E+00 0.129597E+02
 0.372687E+00 0.521323E+00 0.142948E+02
 0.349143E+00 0.519589E+00 0.129564E+02
 0.349143E+00 0.519503E+00 0.129682E+02
 0.349152E+00 0.519580E+00 0.129541E+02
 0.349139E+00 0.519599E+00 0.129580E+02
 0.349125E+00 0.519577E+00 0.129612E+02
 0.349143E+00 0.519580E+00 0.129535E+02
 0.349144E+00 0.519580E+00 0.129581E+02
 0.349143E+00 0.519580E+00 0.129681E+02
 0.349141E+00 0.519579E+00 0.129670E+02
 0.349144E+00 0.519581E+00 0.129636E+02
 0.349150E+00 0.519572E+00 0.129601E+02
 0.349143E+00 0.519571E+00 0.129559E+02
 0.349139E+00 0.519583E+00 0.129537E+02
 0.349145E+00 0.519570E+00 0.129625E+02
 0.375153E+00 0.525098E+00 0.159255E+02
 0.349160E+00 0.519580E+00 0.129657E+02
 0.349149E+00 0.519580E+00 0.129530E+02
 0.349143E+00 0.519580E+00 0.129612E+02
 0.349144E+00 0.519580E+00 0.129525E+02
 0.349144E+00 0.519580E+00 0.129562E+02
 0.349143E+00 0.519579E+00 0.129564E+02
 0.349142E+00 0.519580E+00 0.129654E+02
 0.349143E+00 0.519580E+00 0.129572E+02
 0.349144E+00 0.519674E+00 0.129972E+02
 0.349143E+00 0.519581E+00 0.129515E+02
 0.349146E+00 0.519581E+00 0.129891E+02
 0.349139E+00 0.519580E+00 0.129492E+02
 0.349171E+00 0.519283E+00 0.129658E+02
 0.349143E+00 0.519579E+00 0.129532E+02
 0.349139E+00 0.519594E+00 0.129631E+02
 0.349147E+00 0.519593E+00 0.129561E+02
 0.349143E+00 0.519732E+00 0.129561E+02
 0.349144E+00 0.519578E+00 0.129579E+02
 0.349143E+00 0.519580E+00 0.129574E+02
 0.349143E+00 0.519630E+00 0.129577E+02
 0.349104E+00 0.519580E+00 0.129537E+02
 0.349137E+00 0.519647E+00 0.129643E+02
 0.349145E+00 0.519580E+00 0.129565E+02
 0.349146E+00 0.519734E+00 0.129662E+02
 0.349143E+00 0.519579E+00 0.129644E+02
 0.349130E+00 0.519596E+00 0.129581E+02
 0.349070E+00 0.519681E+00 0.129608E+02
 0.349143E+00 0.519580E+00 0.129550E+02
 0.349142E+00 0.519583E+00 0.129570E+02
 0.349143E+00 0.519585E+00 0.129672E+02
 0.349145E+00 0.519580E+00 0.129686E+02
 0.349158E+00 0.519580E+00 0.129491E+02
 0.349152E+00 0.519582E+00 0.129882E+02
 0.349145E+00 0.519580E+00 0.129572E+02
 0.349142E+00 0.519580E+00 0.129588E+02
 0.349162E+00 0.519479E+00 0.129635E+02
 0.349144E+00 0.519577E+00 0.129608E+02
 0.349142E+00 0.519576E+00 0.129734E+02
 0.349143E+00 0.519610E+00 0.129667E+02
 0.349143E+00 0.519580E+00 0.129496E+02
 0.349143E+00 0.519580E+00 0.129889E+02
 0.349130E+00 0.519665E+00 0.129676E+02
 0.349144E+00 0.519554E+00 0.129562E+02
 0.349129E+00 0.519580E+00 0.129538E+02
 0.349128E+00 0.519339E+00 0.134112E+02
 0.349145E+00 0.519580E+00 0.129530E+02
 0.349143E+00 0.519545E+00 0.129670E+02
 0.349144E+00 0.519580E+00 0.129627E+02
 0.349142E+00 0.519801E+00 0.129797E+02
 0.349143E+00 0.519589E+00 0.129610E+02
 0.366489E+00 0.522116E+00 0.181196E+02
 0.349144E+00 0.519670E+00 0.129562E+02
 0.349111E+00 0.519604E+00 0.129637E+02
 0.349129E+00 0.519869E+00 0.129971E+02
 0.349128E+00 0.519302E+00 0.133974E+02
 0.349150E+00 0.519581E+00 0.129643E+02
 0.349151E+00 0.519587E+00 0.129630E+02
 0.349143E+00 0.519580E+00 0.129527E+02
 0.349142E+00 0.519580E+00 0.129608E+02
 0.349142E+00 0.519867E+00 0.129595E+02
 0.349148E+00 0.519597E+00 0.129568E+02
 0.349144E+00 0.519664E+00 0.129564E+02
 0.349124E+00 0.519580E+00 0.129514E+02
 0.349164E+00 0.519574E+00 0.129573E+02
 0.349143E+00 0.519581E+00 0.129590E+02
 0.349147E+00 0.519581E+00 0.129568E+02
 0.349146E+00 0.519579E+00 0.129573E+02
 0.349143E+00 0.519580E+00 0.129568E+02
 0.349143E+00 0.519728E+00 0.129646E+02
 0.349143E+00 0.519580E+00 0.129495E+02
 0.349143E+00 0.519580E+00 0.129652E+02
 0.349142E+00 0.519580E+00 0.129576E+02
 0.349142E+00 0.519581E+00 0.129647E+02
 0.349158E+00 0.519580E+00 0.129514E+02
 0.349161E+00 0.519579E+00 0.129629E+02
 0.349144E+00 0.519580E+00 0.129693E+02
 0.349140E+00 0.519580E+00 0.129648E+02
 0.349143E+00 0.519748E+00 0.129622E+02
 0.349143E+00 0.519580E+00 0.129533E+02
 0.349142E+00 0.519587E+00 0.129546E+02
 0.349144E+00 0.519581E+00 0.129657E+02
 0.349144E+00 0.519399E+00 0.129585E+02
 0.349129E+00 0.519610E+00 0.129690E+02
 0.349122E+00 0.519580E+00 0.129496E+02
 0.349146E+00 0.519580E+00 0.129645E+02
 0.349143E+00 0.519580E+00 0.129577E+02
 0.349143E+00 0.519579E+00 0.129561E+02
 0.349162E+00 0.519586E+00 0.129525E+02
 0.349143E+00 0.519582E+00 0.129616E+02
 0.349144E+00 0.519579E+00 0.129640E+02
 0.349143E+00 0.519580E+00 0.129601E+02
 0.349139E+00 0.519583E+00 0.129548E+02
 0.349143E+00 0.519581E+00 0.129640E+02
 0.349148E+00 0.519581E+00 0.129640E+02
 0.349143E+00 0.519586E+00 0.129699E+02
 0.349143E+00 0.519638E+00 0.129614E+02
 0.349115E+00 0.519580E+00 0.129514E+02
 0.349128E+00 0.519559E+00 0.129582E+02
 0.349143E+00 0.519582E+00 0.129724E+02
 0.349147E+00 0.519582E+00 0.129513E+02
 0.349144E+00 0.519580E+00 0.129533E+02
 0.349150E+00 0.519636E+00 0.129675E+02
 0.349143E+00 0.519663E+00 0.129602E+02
 0.349144E+00 0.519566E+00 0.129616E+02
 0.349129E+00 0.519763E+00 0.129894E+02
 0.349144E+00 0.519578E+00 0.129558E+02
 0.349144E+00 0.519580E+00 0.129611E+02
 0.349143E+00 0.519580E+00 0.129534E+02
 0.349142E+00 0.519580E+00 0.129625E+02
 0.349144E+00 0.519812E+00 0.129634E+02
 0.349151E+00 0.519580E+00 0.129870E+02
 0.349126E+00 0.519580E+00 0.129530E+02
 0.349146E+00 0.519580E+00 0.129553E+02
 0.349144E+00 0.519579E+00 0.129641E+02
 0.349146E+00 0.519580E+00 0.129570E+02
 0.375182E+00 0.517563E+00 0.150435E+02
 0.349142E+00 0.519579E+00 0.129596E+02
 0.349145E+00 0.519586E+00 0.129535E+02
 0.349143E+00 0.519590E+00 0.129595E+02
 0.349141E+00 0.519580E+00 0.129535E+02
 0.349170E+00 0.519584E+00 0.129534E+02
 0.349143E+00 0.519581E+00 0.129577E+02
 0.349162E+00 0.519624E+00 0.129690E+02
 0.349143E+00 0.519579E+00 0.129558E+02
 0.349141E+00 0.519580E+00 0.129623E+02
 0.349143E+00 0.519581E+00 0.129565E+02
 0.349144E+00 0.519468E+00 0.129579E+02
 0.349143E+00 0.519580E+00 0.129534E+02
 0.349145E+00 0.519579E+00 0.129596E+02
 0.349146E+00 0.519660E+00 0.129544E+02
 0.349143E+00 0.519573E+00 0.129616E+02
 0.349143E+00 0.519581E+00 0.129564E+02
 0.349145E+00 0.519581E+00 0.129540E+02
 0.349152E+00 0.519597E+00 0.129584E+02
 0.349144E+00 0.519580E+00 0.129648E+02
 0.402772E+00 0.519968E+00 0.180308E+02
 0.349146E+00 0.519570E+00 0.129612E+02
 0.349143E+00 0.519401E+00 0.129622E+02
 0.349139E+00 0.519578E+00 0.129603E+02
 0.349140E+00 0.519610E+00 0.129650E+02
 0.349099E+00 0.519573E+00 0.129559E+02
 0.349143E+00 0.519581E+00 0.129558E+02
 0.349143E+00 0.519580E+00 0.129538E+02
 0.349160E+00 0.519563E+00 0.129516E+02
 0.349139E+00 0.519616E+00 0.129690E+02
 0.349144E+00 0.519562E+00 0.129627E+02
 0.349130E+00 0.519580E+00 0.129550E+02
 0.349136E+00 0.519537E+00 0.129622E+02
 0.373112E+00 0.519192E+00 0.146669E+02
 0.349150E+00 0.519580E+00 0.129628E+02
 0.349149E+00 0.519634E+00 0.129689E+02
 0.349145E+00 0.519605E+00 0.129508E+02
 0.349144E+00 0.519816E+00 0.129966E+02
 0.349143E+00 0.519580E+00 0.129550E+02
 0.349139E+00 0.519583E+00 0.129615E+02
 0.349142E+00 0.519580E+00 0.129651E+02
 0.349143E+00 0.519577E+00 0.129595E+02
 0.349134E+00 0.519631E+00 0.129672E+02
 0.349143E+00 0.519657E+00 0.129570E+02
 0.349138E+00 0.519580E+00 0.129495E+02
 0.349146E+00 0.519580E+00 0.129541E+02
 0.349144E+00 0.519581E+00 0.129581E+02
 0.349147E+00 0.519634E+00 0.129591E+02
 0.349144E+00 0.519760E+00 0.129634E+02
 0.349143E+00 0.519580E+00 0.129510E+02
 0.349148E+00 0.519582E+00 0.129533E+02
 0.349142E+00 0.519581E+00 0.129656E+02
 0.349143E+00 0.519595E+00 0.129606E+02
 0.349163E+00 0.519580E+00 0.129644E+02
 0.349123E+00 0.519694E+00 0.129676E+02
 0.349144E+00 0.519581E+00 0.129600E+02
 0.349144E+00 0.519581E+00 0.129557E+02
 0.349151E+00 0.519580E+00 0.129616E+02
 0.349141E+00 0.519581E+00 0.129635E+02
 0.349143E+00 0.519595E+00 0.129629E+02
 0.349145E+00 0.519582E+00 0.129676E+02
 0.349143E+00 0.519592E+00 0.129612E+02
 0.349128E+00 0.519580E+00 0.129550E+02
 0.349142E+00 0.519581E+00 0.129600E+02
 0.349138E+00 0.519580E+00 0.129622E+02
 0.373125E+00 0.519140E+00 0.146901E+02
 0.349144E+00 0.519578E+00 0.129609E+02
 0.349142E+00 0.519580E+00 0.129499E+02
 0.349143E+00 0.519595E+00 0.129571E+02
 0.349180E+00 0.519580E+00 0.152097E+02
 0.349144E+00 0.519580E+00 0.129598E+02
 0.349144E+00 0.519581E+00 0.129512E+02
 0.349142E+00 0.519580E+00 0.129570E+02
 0.349150E+00 0.519690E+00 0.129654E+02
 0.349142E+00 0.519610E+00 0.129598E+02
 0.349143E+00 0.519580E+00 0.129533E+02
 0.349143E+00 0.519547E+00 0.129697E+02
 0.349144E+00 0.519575E+00 0.129533E+02
 0.349143E+00 0.519580E+00 0.129520E+02
 0.349145E+00 0.519580E+00 0.129686E+02
 0.349146E+00 0.519580E+00 0.129665E+02
 0.349144E+00 0.519581E+00 0.129626E+02
 0.349157E+00 0.519591E+00 0.129723E+02
 0.349144E+00 0.519582E+00 0.129630E+02
 0.349149E+00 0.519578E+00 0.129551E+02
 0.349143E+00 0.519580E+00 0.129698E+02
 0.379899E+00 0.515934E+00 0.172501E+02
 0.349038E+00 0.519580E+00 0.129576E+02
 0.349128E+00 0.519580E+00 0.129514E+02
 0.349103E+00 0.519674E+00 0.129552E+02
 0.349144E+00 0.519579E+00 0.129684E+02
 0.349146E+00 0.519579E+00 0.129587E+02
 0.349143E+00 0.519584E+00 0.129504E+02
 0.349141E+00 0.519580E+00 0.129545E+02
 0.349143E+00 0.519651E+00 0.129868E+02
 0.349230E+00 0.519580E+00 0.152728E+02
 0.349136E+00 0.519730E+00 0.129671E+02
 0.349074E+00 0.519577E+00 0.129566E+02
 0.349143E+00 0.519582E+00 0.129606E+02
 0.349136E+00 0.519579E+00 0.129534E+02
 0.349146E+00 0.519507E+00 0.129600E+02
 0.349141E+00 0.519588E+00 0.129525E+02
 0.349144E+00 0.519581E+00 0.129577E+02
 0.349144E+00 0.519578E+00 0.129584E+02
 0.349143E+00 0.519398E+00 0.129658E+02
 0.349143E+00 0.519580E+00 0.129700E+02
 0.349158E+00 0.519676E+00 0.129516E+02
 0.349143E+00 0.519684E+00 0.129666E+02
 0.349144E+00 0.519530E+00 0.129582E+02
 0.349156E+00 0.519655E+00 0.129569E+02
 0.349145E+00 0.519582E+00 0.129496E+02
 0.349132E+00 0.519581E+00 0.129870E+02
 0.349143E+00 0.519579E+00 0.129593E+02
 0.349143E+00 0.519580E+00 0.129510E+02
 0.349143E+00 0.519580E+00 0.129567E+02
 0.349145E+00 0.519580E+00 0.129688E+02
 0.372345E+00 0.525157E+00 0.143187E+02
 0.349143E+00 0.519580E+00 0.129520E+02
 0.349146E+00 0.519582E+00 0.129698E+02
 0.349137E+00 0.519582E+00 0.129528E+02
 0.349143E+00 0.519581E+00 0.129559E+02
 0.349146E+00 0.519601E+00 0.129595E+02
 0.349143E+00 0.519580E+00 0.129549E+02
 0.375440E+00 0.522651E+00 0.161983E+02
 0.349143E+00 0.519624E+00 0.129571E+02
 0.349111E+00 0.519603E+00 0.129617E+02
 0.349211E+00 0.519581E+00 0.151922E+02
 0.349143E+00 0.519548E+00 0.129521E+02
 0.349144E+00 0.519586E+00 0.129520E+02
 0.349155E+00 0.519597E+00 0.129509E+02
 0.349144E+00 0.519579E+00 0.129642E+02
 0.349143E+00 0.519580E+00 0.129489E+02
 0.349143E+00 0.519580E+00 0.129512E+02
 0.349126E+00 0.519571E+00 0.129604E+02
 0.349143E+00 0.519582E+00 0.129527E+02
 0.349145E+00 0.519632E+00 0.129599E+02
 0.349143E+00 0.519599E+00 0.129625E+02
 0.349131E+00 0.519580E+00 0.129535E+02
 0.349143E+00 0.519580E+00 0.129567E+02
 0.373601E+00 0.519651E+00 0.147084E+02
 0.349144E+00 0.519577E+00 0.129513E+02
 0.349143E+00 0.519580E+00 0.129495E+02
 0.349143E+00 0.519621E+00 0.129532E+02
 0.349140E+00 0.519620E+00 0.129651E+02
 0.349176E+00 0.519580E+00 0.129634E+02
 0.349137E+00 0.519580E+00 0.129577E+02
 0.349144E+00 0.519582E+00 0.129605E+02
 0.349137E+00 0.519580E+00 0.129585E+02
 0.349143E+00 0.519685E+00 0.129575E+02
 0.349144E+00 0.519589E+00 0.129516E+02
 0.373070E+00 0.522865E+00 0.145184E+02
 0.349144E+00 0.519617E+00 0.129557E+02
 0.349120E+00 0.519533E+00 0.129529E+02
 0.349153E+00 0.519573E+00 0.129574E+02
 0.349145E+00 0.519580E+00 0.129569E+02
 0.349143E+00 0.519580E+00 0.129669E+02
 0.349144E+00 0.519582E+00 0.129548E+02
 0.349143E+00 0.519580E+00 0.129647E+02
 0.349147E+00 0.519603E+00 0.129682E+02
 0.349140E+00 0.519582E+00 0.129519E+02
 0.349142E+00 0.519580E+00 0.129568E+02
 0.349143E+00 0.519625E+00 0.129654E+02
 0.349129E+00 0.519551E+00 0.129540E+02
 0.349143E+00 0.519580E+00 0.129682E+02
 0.349148E+00 0.519580E+00 0.129579E+02
 0.349149E+00 0.519581E+00 0.129541E+02
 0.349143E+00 0.519588E+00 0.129577E+02
 0.349144E+00 0.519579E+00 0.129610E+02
 0.349145E+00 0.519570E+00 0.129602E+02
 0.349143E+00 0.519580E+00 0.129536E+02
 0.349139E+00 0.519582E+00 0.129630E+02
 0.349143E+00 0.519580E+00 0.129526E+02
 0.349133E+00 0.519591E+00 0.129527E+02
 0.349098E+00 0.519580E+00 0.129544E+02
 0.349141E+00 0.519624E+00 0.129559E+02
 0.349141E+00 0.519580E+00 0.129654E+02
 0.349150E+00 0.519580E+00 0.129577E+02
 0.349142E+00 0.519593E+00 0.129622E+02
 0.349144E+00 0.519583E+00 0.129551E+02
 0.349139E+00 0.519587E+00 0.129650E+02
 0.349146E+00 0.519557E+00 0.129577E+02
 0.349143E+00 0.519580E+00 0.129533E+02
 0.349145E+00 0.519582E+00 0.129600E+02
 0.349134E+00 0.519602E+00 0.129614E+02
 0.349151E+00 0.519616E+00 0.129662E+02
 0.349046E+00 0.519574E+00 0.129599E+02
 0.349142E+00 0.519581E+00 0.129516E+02
 0.349143E+00 0.519566E+00 0.129689E+02
 0.349141E+00 0.519578E+00 0.129547E+02
 0.349143E+00 0.519284E+00 0.129647E+02
 0.349143E+00 0.519580E+00 0.129623E+02
 0.349146E+00 0.519587E+00 0.129661E+02
 0.349144E+00 0.519611E+00 0.129577E+02
 0.349096E+00 0.519580E+00 0.129551E+02
 0.349146E+00 0.519597E+00 0.129645E+02
 0.349143E+00 0.519861E+00 0.130023E+02
 0.349143E+00 0.519580E+00 0.129511E+02
 0.349162E+00 0.519580E+00 0.129509E+02
 0.372939E+00 0.519567E+00 0.145639E+02
 0.349135E+00 0.519580E+00 0.129664E+02
 0.349165E+00 0.519616E+00 0.129595E+02
 0.349143E+00 0.519580E+00 0.129496E+02
 0.349140E+00 0.519580E+00 0.129546E+02
 0.349134E+00 0.519659E+00 0.129523E+02
 0.349143E+00 0.519597E+00 0.129671E+02
 0.349126E+00 0.519580E+00 0.129534E+02
 0.349169E+00 0.519574E+00 0.129573E+02
 0.349145E+00 0.519580E+00 0.129600E+02
 0.349144E+00 0.519580E+00 0.129523E+02
 0.349149E+00 0.519580E+00 0.129493E+02
 0.349164E+00 0.519587E+00 0.129560E+02
 0.349145E+00 0.519580E+00 0.129557E+02
 0.349130E+00 0.519614E+00 0.129533E+02
 0.349143E+00 0.519560E+00 0.129529E+02
 0.374488E+00 0.528920E+00 0.162773E+02
 0.374695E+00 0.519867E+00 0.149350E+02
 0.349143E+00 0.519598E+00 0.129699E+02
 0.349140E+00 0.519580E+00 0.129645E+02
 0.349148E+00 0.519580E+00 0.129561E+02
 0.349144E+00 0.519581E+00 0.129642E+02
 0.349143E+00 0.519579E+00 0.129523E+02
 0.349143E+00 0.519583E+00 0.129625E+02
 0.349141E+00 0.519584E+00 0.129511E+02
 0.349143E+00 0.519579E+00 0.129637E+02
 0.349149E+00 0.519576E+00 0.129635E+02
 0.349135E+00 0.519580E+00 0.129598E+02
 0.349130E+00 0.519661E+00 0.129598E+02
 0.374358E+00 0.521175E+00 0.150501E+02
 0.349148E+00 0.519580E+00 0.129573E+02
 0.349143E+00 0.519581E+00 0.129586E+02
 0.349143E+00 0.519584E+00 0.129619E+02
 0.349143E+00 0.519578E+00 0.129535E+02
 0.349143E+00 0.519580E+00 0.129573E+02
 0.349143E+00 0.519580E+00 0.129548E+02
 0.349146E+00 0.519566E+00 0.129693E+02
 0.349156E+00 0.519580E+00 0.129525E+02
 0.349154E+00 0.519682E+00 0.129735E+02
 0.349145E+00 0.519580E+00 0.129608E+02
 0.349137E+00 0.519580E+00 0.129512E+02
 0.349144E+00 0.519581E+00 0.129623E+02
 0.349143E+00 0.519580E+00 0.129545E+02
 0.349162E+00 0.519620E+00 0.129639E+02
 0.349144E+00 0.519632E+00 0.129515E+02
 0.349135E+00 0.519610E+00 0.129592E+02
 0.349151E+00 0.519581E+00 0.129653E+02
 0.349112E+00 0.519580E+00 0.129518E+02
 0.355392E+00 0.510269E+00 0.140651E+02
 0.349143E+00 0.519580E+00 0.129521E+02
 0.349143E+00 0.519580E+00 0.129671E+02
 0.349158E+00 0.519590E+00 0.129520E+02
 0.349147E+00 0.519575E+00 0.129549E+02
 0.349143E+00 0.519580E+00 0.129579E+02
 0.349144E+00 0.519580E+00 0.129730E+02
 0.349129E+00 0.519601E+00 0.129497E+02
 0.349133E+00 0.519610E+00 0.129685E+02
 0.349143E+00 0.519598E+00 0.129552E+02
 0.349120E+00 0.519580E+00 0.129534E+02
 0.349141E+00 0.519567E+00 0.129639E+02
 0.349114E+00 0.519586E+00 0.129618E+02
 0.349143E+00 0.519580E+00 0.129701E+02
 0.372955E+00 0.522260E+00 0.143684E+02
 0.349144E+00 0.519587E+00 0.129614E+02
 0.349142E+00 0.519582E+00 0.129588E+02
 0.349143E+00 0.519580E+00 0.129606E+02
 0.349135E+00 0.519595E+00 0.129578E+02
 0.349143E+00 0.519697E+00 0.129617E+02
 0.349144E+00 0.519587E+00 0.129593E+02
 0.349141E+00 0.519580E+00 0.129553E+02
 0.349145E+00 0.519638E+00 0.129566E+02
 0.349143E+00 0.519581E+00 0.129602E+02
 0.349144E+00 0.519548E+00 0.129627E+02
 0.349144E+00 0.519580E+00 0.129614E+02
 0.349145E+00 0.519582E+00 0.129567E+02
 0.349143E+00 0.519580E+00 0.129609E+02
 0.349146E+00 0.519591E+00 0.129485E+02
 0.349141E+00 0.519580E+00 0.129560E+02
 0.349143E+00 0.519588E+00 0.129635E+02
 0.349146E+00 0.519630E+00 0.129528E+02
 0.349143E+00 0.519580E+00 0.129531E+02
 0.349148E+00 0.519580E+00 0.129535E+02
 0.349135E+00 0.519579E+00 0.129568E+02
 0.348856E+00 0.520175E+00 0.163701E+02
 0.349144E+00 0.519631E+00 0.129615E+02
 0.402305E+00 0.519320E+00 0.180117E+02
 0.349128E+00 0.519580E+00 0.129580E+02
 0.349132E+00 0.519554E+00 0.129614E+02
 0.349144E+00 0.519577E+00 0.129576E+02
 0.349144E+00 0.519582E+00 0.129667E+02
 0.349144E+00 0.519647E+00 0.129622E+02
 0.349144E+00 0.519580E+00 0.129567E+02
 0.349144E+00 0.519580E+00 0.129472E+02
 0.349143E+00 0.519589E+00 0.129550E+02
 0.349143E+00 0.519533E+00 0.129590E+02
 0.349100E+00 0.519537E+00 0.129566E+02
 0.349046E+00 0.519577E+00 0.129573E+02
 0.349141E+00 0.519580E+00 0.129584E+02
 0.349143E+00 0.519582E+00 0.129573E+02
 0.349142E+00 0.519585E+00 0.129502E+02
 0.349145E+00 0.519581E+00 0.129668E+02
 0.349145E+00 0.519588E+00 0.129627E+02
 0.349143E+00 0.519580E+00 0.129533E+02
 0.349144E+00 0.519635E+00 0.129534E+02
 0.349143E+00 0.519589E+00 0.129576E+02
 0.349198E+00 0.519580E+00 0.152034E+02
 0.349143E+00 0.519581E+00 0.129600E+02
 0.349149E+00 0.519580E+00 0.129637E+02
 0.349143E+00 0.519580E+00 0.129558E+02
 0.349145E+00 0.519580E+00 0.129894E+02
 0.349143E+00 0.519580E+00 0.129530E+02
 0.349141E+00 0.519584E+00 0.129594E+02
 0.349144E+00 0.519565E+00 0.129590E+02
 0.349182E+00 0.519580E+00 0.152649E+02
 0.349129E+00 0.519580E+00 0.129532E+02
 0.349146E+00 0.519580E+00 0.129618E+02
 0.349147E+00 0.519579E+00 0.129697E+02
 0.349143E+00 0.519580E+00 0.129531E+02
 0.349143E+00 0.519580E+00 0.129581E+02
 0.349142E+00 0.519581E+00 0.129487E+02
 0.374316E+00 0.518702E+00 0.144135E+02
 0.349134E+00 0.519635E+00 0.129708E+02
 0.349141E+00 0.519720E+00 0.129677E+02
 0.349143E+00 0.519581E+00 0.129614E+02
 0.349144E+00 0.519578E+00 0.129604E+02
 0.349157E+00 0.519586E+00 0.129625E+02
 0.349131E+00 0.519553E+00 0.129597E+02
 0.349123E+00 0.519617E+00 0.129661E+02
 0.349148E+00 0.519573E+00 0.129559E+02
 0.349143E+00 0.519581E+00 0.129724E+02
 0.349141E+00 0.519580E+00 0.129566E+02
 0.349154E+00 0.519593E+00 0.129535E+02
 0.349143E+00 0.519577E+00 0.129529E+02
 0.349145E+00 0.519583E+00 0.129542E+02
 0.349144E+00 0.519580E+00 0.129510E+02
 0.349143E+00 0.519513E+00 0.129588E+02
 0.349124E+00 0.519689E+00 0.129690E+02
 0.349105E+00 0.519577E+00 0.129618E+02
 0.349143E+00 0.519580E+00 0.129571E+02
 0.349143E+00 0.519621E+00 0.129560E+02
 0.349143E+00 0.519580E+00 0.129545E+02
 0.349143E+00 0.519583E+00 0.129575E+02
 0.349143E+00 0.519563E+00 0.129539E+02
 0.349145E+00 0.519580E+00 0.129607E+02
 0.349144E+00 0.519543E+00 0.129579E+02
 0.365879E+00 0.521608E+00 0.168826E+02
 0.402747E+00 0.519510E+00 0.181253E+02
 0.349143E+00 0.519566E+00 0.129528E+02
 0.349143E+00 0.519580E+00 0.129661E+02
 0.349142E+00 0.519581E+00 0.129507E+02
 0.349143E+00 0.519583E+00 0.129571E+02
 0.349130E+00 0.519711E+00 0.129629E+02
 0.349145E+00 0.519581E+00 0.129592E+02
 0.349143E+00 0.519578E+00 0.129510E+02
 0.349143E+00 0.519578E+00 0.129520E+02
 0.349146E+00 0.519576E+00 0.129639E+02
 0.349143E+00 0.519641E+00 0.129517E+02
 0.349140E+00 0.519581E+00 0.129689E+02
 0.349153E+00 0.519564E+00 0.129613E+02
 0.349143E+00 0.519723E+00 0.129685E+02
 0.349143E+00 0.519583E+00 0.129613E+02
 0.349134E+00 0.519598E+00 0.129595E+02
 0.349143E+00 0.519481E+00 0.129598E+02
 0.349156E+00 0.519578E+00 0.129600E+02
 0.349137E+00 0.519619E+00 0.129580E+02
 0.349162E+00 0.519582E+00 0.129482E+02
 0.349145E+00 0.519580E+00 0.129523E+02
 0.349143E+00 0.519588E+00 0.129517E+02
 0.349164E+00 0.519576E+00 0.129547E+02
 0.349143E+00 0.519584E+00 0.129712E+02
 0.349143E+00 0.519580E+00 0.129496E+02
 0.349140E+00 0.519580E+00 0.129649E+02
 0.349154E+00 0.519580E+00 0.129653E+02
 0.349152E+00 0.519580E+00 0.129533E+02
 0.379816E+00 0.525642E+00 0.155931E+02
 0.349144E+00 0.519580E+00 0.129491E+02
 0.349143E+00 0.519712E+00 0.129559E+02
 0.349143E+00 0.519580E+00 0.129540E+02
 0.349149E+00 0.519673E+00 0.129527E+02
 0.349144E+00 0.519603E+00 0.129626E+02
 0.349143E+00 0.519582E+00 0.129609E+02
 0.349143E+00 0.519641E+00 0.129648E+02
 0.349143E+00 0.519581E+00 0.129565E+02
 0.349154E+00 0.519579E+00 0.129511E+02
 0.349142E+00 0.519581E+00 0.129508E+02
 0.349144E+00 0.519614E+00 0.129522E+02
 0.349143E+00 0.519580E+00 0.129530E+02
 0.349143E+00 0.519580E+00 0.129511E+02
 0.349147E+00 0.519581E+00 0.129518E+02
 0.349156E+00 0.519684E+00 0.129715E+02
 0.372718E+00 0.523167E+00 0.142416E+02
 0.349154E+00 0.519581E+00 0.129615E+02
 0.349119E+00 0.519580E+00 0.129532E+02
 0.349156E+00 0.519516E+00 0.129522E+02
 0.349146E+00 0.519580E+00 0.129571E+02
 0.349147E+00 0.519581E+00 0.129515E+02
 0.349137E+00 0.519580E+00 0.129601E+02
 0.349143E+00 0.519582E+00 0.129570E+02
 0.349143E+00 0.519578E+00 0.129535E+02
 0.349145E+00 0.519610E+00 0.129550E+02
 0.349144E+00 0.519582E+00 0.129535E+02
 0.349143E+00 0.519580E+00 0.129535E+02
 0.349143E+00 0.519580E+00 0.129496E+02
 0.349143E+00 0.519613E+00 0.129585E+02
 0.349087E+00 0.519580E+00 0.129523E+02
 0.349151E+00 0.519644E+00 0.129643E+02
 0.349146E+00 0.519580E+00 0.129498E+02
 0.349139E+00 0.519580E+00 0.129543E+02
 0.349144E+00 0.519580E+00 0.129599E+02
 0.349164E+00 0.519585E+00 0.129692E+02
 0.349143E+00 0.519576E+00 0.129486E+02
 0.349141E+00 0.519578E+00 0.129635E+02
 0.349143E+00 0.519580E+00 0.129530E+02
 0.349143E+00 0.519580E+00 0.129626E+02
 0.401305E+00 0.519503E+00 0.177091E+02
 0.349146E+00 0.519580E+00 0.129561E+02
 0.349144E+00 0.519639E+00 0.129582E+02
 0.349141E+00 0.519590E+00 0.129596E+02
 0.349143E+00 0.519580E+00 0.129663E+02
 0.349144E+00 0.519580E+00 0.129574E+02
 0.349111E+00 0.519541E+00 0.129644E+02
 0.349143E+00 0.519580E+00 0.129521E+02
 0.349144E+00 0.519580E+00 0.129628E+02
 0.349145E+00 0.519591E+00 0.129592E+02
 0.349144E+00 0.519581E+00 0.129611E+02
 0.349144E+00 0.519582E+00 0.129577E+02
 0.349149E+00 0.519585E+00 0.129580E+02
 0.349143E+00 0.519580E+00 0.129644E+02
 0.349144E+00 0.519605E+00 0.129612E+02
 0.349143E+00 0.519583E+00 0.129580E+02
 0.349101E+00 0.519580E+00 0.129557E+02
 0.349111E+00 0.519564E+00 0.129622E+02
 0.349169E+00 0.519579E+00 0.129554E+02
 0.349144E+00 0.519581E+00 0.129513E+02
 0.349147E+00 0.519606E+00 0.129599E+02
 0.349168E+00 0.519628E+00 0.129569E+02
 0.349143E+00 0.519580E+00 0.129495E+02
 0.349157E+00 0.519583E+00 0.129609E+02
 0.349149E+00 0.519580E+00 0.129567E+02
 0.349145E+00 0.519581E+00 0.129597E+02
 0.349145E+00 0.519582E+00 0.129537E+02
 0.349143E+00 0.519728E+00 0.129659E+02
 0.349143E+00 0.519580E+00 0.129494E+02
 0.349155E+00 0.519589E+00 0.129636E+02
 0.372462E+00 0.523685E+00 0.141702E+02
 0.349128E+00 0.519580E+00 0.129554E+02
 0.349136E+00 0.519577E+00 0.129657E+02
 0.349153E+00 0.519583E+00 0.129623E+02
 0.349142E+00 0.519580E+00 0.129677E+02
 0.349143E+00 0.519580E+00 0.129586E+02
 0.349143E+00 0.519580E+00 0.129534E+02
 0.349143E+00 0.519580E+00 0.129531E+02
 0.349146E+00 0.519587E+00 0.129660E+02
 0.349143E+00 0.519510E+00 0.129513E+02
 0.349140E+00 0.519587E+00 0.129579E+02
 0.349143E+00 0.519580E+00 0.129676E+02
 0.349143E+00 0.519724E+00 0.130001E+02
 0.349143E+00 0.519579E+00 0.129617E+02
 0.349161E+00 0.519580E+00 0.129493E+02
 0.349134E+00 0.519670E+00 0.129661E+02
 0.349150E+00 0.519621E+00 0.129576E+02
 0.349146E+00 0.519578E+00 0.129672E+02
 0.349142E+00 0.519580E+00 0.129699E+02
 0.349144E+00 0.519579E+00 0.129621E+02
 0.349147E+00 0.519588E+00 0.129609E+02
 0.349141E+00 0.519597E+00 0.129660E+02
 0.349143E+00 0.519512E+00 0.129568E+02
 0.349146E+00 0.519597E+00 0.129555E+02
 0.349143E+00 0.519650E+00 0.129668E+02
 0.349136E+00 0.519688E+00 0.129535E+02
 0.349160E+00 0.519577E+00 0.129549E+02
 0.349146E+00 0.519580E+00 0.129561E+02
 0.349143E+00 0.519580E+00 0.129630E+02
 0.349144E+00 0.519581E+00 0.129549E+02
 0.349143E+00 0.519576E+00 0.129642E+02
 0.349143E+00 0.519580E+00 0.129707E+02
 0.349140E+00 0.519581E+00 0.129514E+02
 0.349143E+00 0.519587E+00 0.129554E+02
 0.349140E+00 0.519502E+00 0.129616E+02
 0.349155E+00 0.519581E+00 0.129692E+02
 0.349114E+00 0.519580E+00 0.129581E+02
 0.349101E+00 0.519617E+00 0.129675E+02
 0.349144E+00 0.519580E+00 0.129553E+02
 0.349142E+00 0.519580E+00 0.129563E+02
 0.349143E+00 0.519581E+00 0.129509E+02
 0.349143E+00 0.519578E+00 0.129700E+02
 0.349144E+00 0.519582E+00 0.129620E+02
 0.349137E+00 0.519631E+00 0.129616E+02
 0.349120E+00 0.519580E+00 0.129540E+02
 0.349139E+00 0.519585E+00 0.129607E+02
 0.349141E+00 0.519587E+00 0.129602E+02
 0.349142E+00 0.519580E+00 0.129612E+02
 0.349159E+00 0.519580E+00 0.129591E+02
 0.349142E+00 0.519638E+00 0.129600E+02
 0.349159E+00 0.519581E+00 0.129652E+02
 0.349145E+00 0.519582E+00 0.129517E+02
 0.349141E+00 0.519582E+00 0.129628E+02
 0.349143E+00 0.519580E+00 0.129533E+02
 0.349144E+00 0.519580E+00 0.129569E+02
 0.349146E+00 0.519581E+00 0.129518E+02
 0.349146E+00 0.519605E+00 0.129598E+02
 0.349144E+00 0.519599E+00 0.129558E+02
 0.349149E+00 0.519580E+00 0.129511E+02
 0.349144E+00 0.519581E+00 0.129605E+02
 0.349144E+00 0.519580E+00 0.129617E+02
 0.349142E+00 0.519580E+00 0.129539E+02
 0.349146E+00 0.519584E+00 0.129542E+02
 0.349143E+00 0.519580E+00 0.129535E+02
 0.349140E+00 0.519579E+00 0.129499E+02
 0.349143E+00 0.519580E+00 0.129615E+02
 0.349145E+00 0.519581E+00 0.129517E+02
 0.349154E+00 0.519560E+00 0.129642E+02
 0.349144E+00 0.519670E+00 0.129591E+02
 0.349104E+00 0.519600E+00 0.129652E+02
 0.349141E+00 0.519580E+00 0.129612E+02
 0.349143E+00 0.519580E+00 0.129601E+02
 0.349142E+00 0.519581E+00 0.129514E+02
 0.349143E+00 0.519576E+00 0.129501E+02
 0.349141E+00 0.519579E+00 0.129539E+02
 0.349143E+00 0.519802E+00 0.129553E+02
 0.349141E+00 0.519619E+00 0.129712E+02
 0.349137E+00 0.519585E+00 0.129634E+02
 0.349146E+00 0.519580E+00 0.129663E+02
 0.349145E+00 0.519580E+00 0.129587E+02
 0.349143E+00 0.519576E+00 0.129520E+02
 0.349143E+00 0.519582E+00 0.129673E+02
 0.349144E+00 0.519575E+00 0.129642E+02
 0.349144E+00 0.519582E+00 0.129712E+02
 0.349158E+00 0.519585E+00 0.129601E+02
 0.349143E+00 0.519476E+00 0.129578E+02
 0.349130E+00 0.519580E+00 0.129534E+02
 0.349147E+00 0.519580E+00 0.129576E+02
 0.349144E+00 0.519580E+00 0.129488E+02
 0.349157E+00 0.519601E+00 0.129537E+02
 0.349146E+00 0.519583E+00 0.129533E+02
 0.349143E+00 0.519580E+00 0.129532E+02
 0.349138E+00 0.519581E+00 0.129612E+02
 0.349151E+00 0.519614E+00 0.129598E+02
 0.349144E+00 0.519607E+00 0.129586E+02
 0.349141E+00 0.519580E+00 0.129515E+02
 0.349125E+00 0.519666E+00 0.129750E+02
 0.349110E+00 0.519670E+00 0.129532E+02
 0.349165E+00 0.519577E+00 0.129713E+02
 0.349147E+00 0.519580E+00 0.129630E+02
 0.349151E+00 0.519580E+00 0.129578E+02
 0.349143E+00 0.519581E+00 0.129560E+02
 0.349142E+00 0.519584E+00 0.129591E+02
 0.349144E+00 0.519750E+00 0.129585E+02
 0.374165E+00 0.522049E+00 0.149741E+02
 0.349146E+00 0.519580E+00 0.129631E+02
 0.349143E+00 0.519580E+00 0.129628E+02
 0.349143E+00 0.519580E+00 0.129521E+02
 0.349143E+00 0.519579E+00 0.129536E+02
 0.349144E+00 0.519581E+00 0.129684E+02
 0.349143E+00 0.519580E+00 0.129495E+02
 0.349144E+00 0.519591E+00 0.129565E+02
 0.349137E+00 0.519707E+00 0.129473E+02
 0.349150E+00 0.519580E+00 0.129631E+02
 0.349135E+00 0.519580E+00 0.129512E+02
 0.349142E+00 0.519580E+00 0.129524E+02
 0.349143E+00 0.519577E+00 0.129649E+02
 0.349145E+00 0.519582E+00 0.129521E+02
 0.349144E+00 0.519578E+00 0.129513E+02
 0.349149E+00 0.519581E+00 0.129579E+02
 0.349143E+00 0.519618E+00 0.129559E+02
 0.349143E+00 0.519580E+00 0.129534E+02
 0.349139E+00 0.519581E+00 0.129603E+02
 0.349141E+00 0.519743E+00 0.129728E+02
 0.349149E+00 0.519580E+00 0.129680E+02
 0.349143E+00 0.519660E+00 0.129574E+02
 0.349158E+00 0.519663E+00 0.129693E+02
 0.349143E+00 0.519580E+00 0.129628E+02
 0.349143E+00 0.519579E+00 0.129615E+02
 0.349143E+00 0.519609E+00 0.129597E+02
 0.349143E+00 0.519580E+00 0.129534E+02
 0.349143E+00 0.519640E+00 0.129561E+02
 0.349149E+00 0.519580E+00 0.129550E+02
 0.349140E+00 0.519734E+00 0.129645E+02
 0.349108E+00 0.519736E+00 0.129589E+02
 0.349148E+00 0.519580E+00 0.129614E+02
 0.349146E+00 0.519581E+00 0.129605E+02
 0.349143E+00 0.519580E+00 0.129610E+02
 0.349143E+00 0.519580E+00 0.129605E+02
 0.349143E+00 0.519652E+00 0.129706E+02
 0.349143E+00 0.519582E+00 0.129663E+02
 0.349143E+00 0.519580E+00 0.129549E+02
 0.349143E+00 0.519580E+00 0.129587E+02
 0.349148E+00 0.519580E+00 0.129575E+02
 0.349145E+00 0.519580E+00 0.129671E+02
 0.349142E+00 0.519582E+00 0.129584E+02
 0.349143E+00 0.519579E+00 0.129597E+02
 0.349144E+00 0.519711E+00 0.129588E+02
 0.349143E+00 0.519580E+00 0.129528E+02
 0.349148E+00 0.519581E+00 0.129548E+02
 0.349145E+00 0.519581E+00 0.129580E+02
 0.349143E+00 0.519545E+00 0.129519E+02
 0.349151E+00 0.519580E+00 0.129532E+02
 0.349143E+00 0.519580E+00 0.129597E+02
 0.349142E+00 0.519580E+00 0.129561E+02
 0.349137E+00 0.519580E+00 0.129650E+02
 0.349169E+00 0.519384E+00 0.129614E+02
 0.349143E+00 0.519577E+00 0.129528E+02
 0.349024E+00 0.520347E+00 0.130417E+02
 0.349148E+00 0.519584E+00 0.129504E+02
 0.349143E+00 0.519578E+00 0.129517E+02
 0.349143E+00 0.519580E+00 0.129535E+02
 0.349143E+00 0.519580E+00 0.129532E+02
 0.349136E+00 0.519525E+00 0.129528E+02
 0.349144E+00 0.519512E+00 0.129612E+02
 0.349146E+00 0.519580E+00 0.129675E+02
 0.349150E+00 0.519572E+00 0.129638E+02
 0.349151E+00 0.519581E+00 0.129556E+02
 0.349144E+00 0.519580E+00 0.129545E+02
 0.349146E+00 0.519579E+00 0.129580E+02
 0.349143E+00 0.519580E+00 0.129608E+02
 0.349146E+00 0.519583E+00 0.129603E+02
 0.349144E+00 0.519576E+00 0.129503E+02
 0.349146E+00 0.519579E+00 0.129568E+02
 0.349139E+00 0.519580E+00 0.129685E+02
 0.349144E+00 0.519406E+00 0.129642E+02
 0.349143E+00 0.519574E+00 0.129565E+02
 0.349139E+00 0.519601E+00 0.129672E+02
 0.349149E+00 0.519580E+00 0.129518E+02
 0.349131E+00 0.519645E+00 0.129569E+02
 0.349145E+00 0.519580E+00 0.129548E+02
 0.349145E+00 0.519579E+00 0.129542E+02
 0.349334E+00 0.519588E+00 0.151033E+02
 0.349143E+00 0.519723E+00 0.129743E+02
 0.349143E+00 0.519580E+00 0.129534E+02
 0.349129E+00 0.519582E+00 0.129591E+02
 0.349143E+00 0.519407E+00 0.129606E+02
 0.349143E+00 0.519591E+00 0.129541E+02
 0.349150E+00 0.519583E+00 0.129542E+02
 0.349143E+00 0.519580E+00 0.129606E+02
 0.349143E+00 0.519582E+00 0.129631E+02
 0.349143E+00 0.519578E+00 0.129553E+02
 0.349176E+00 0.519584E+00 0.129593E+02
 0.349143E+00 0.519580E+00 0.129581E+02
 0.349152E+00 0.519644E+00 0.129598E+02
 0.349143E+00 0.519580E+00 0.129531E+02
 0.349153E+00 0.519581E+00 0.129668E+02
 0.349119E+00 0.519551E+00 0.129643E+02
 0.349039E+00 0.519232E+00 0.129874E+02
 0.349143E+00 0.519580E+00 0.129640E+02
 0.349147E+00 0.519581E+00 0.129493E+02
 0.349166E+00 0.519580E+00 0.129551E+02
 0.349141E+00 0.519580E+00 0.129558E+02
 0.349156E+00 0.519602E+00 0.129697E+02
 0.349144E+00 0.519767E+00 0.129694E+02
 0.349143E+00 0.519549E+00 0.129590E+02
 0.349113E+00 0.519580E+00 0.129502E+02
 0.349132E+00 0.519590E+00 0.129579E+02
 0.349144E+00 0.519581E+00 0.129587E+02
 0.349140E+00 0.519580E+00 0.129611E+02
 0.349144E+00 0.519580E+00 0.129622E+02
 0.349144E+00 0.519582E+00 0.129626E+02
 0.349144E+00 0.519579E+00 0.129609E+02
 0.349143E+00 0.519580E+00 0.129532E+02
 0.349143E+00 0.519580E+00 0.129574E+02
 0.349144E+00 0.519478E+00 0.129678E+02
 0.349148E+00 0.519580E+00 0.129611E+02
 0.349092E+00 0.519580E+00 0.129519E+02
 0.349142E+00 0.519579E+00 0.129590E+02
 0.349142E+00 0.519580E+00 0.129872E+02
 0.349144E+00 0.519581E+00 0.129620E+02
 0.349140E+00 0.519580E+00 0.129734E+02
 0.349138E+00 0.519600E+00 0.129561E+02
 0.349144E+00 0.519579E+00 0.129519E+02
 0.349144E+00 0.519584E+00 0.129564E+02
 0.349143E+00 0.519580E+00 0.129630E+02
 0.349142E+00 0.519580E+00 0.129686E+02
 0.349143E+00 0.519395E+00 0.129678E+02
 0.349143E+00 0.519586E+00 0.129618E+02
 0.349151E+00 0.519580E+00 0.129724E+02
 0.349152E+00 0.519580E+00 0.129549E+02
 0.349129E+00 0.519651E+00 0.129589E+02
 0.349150E+00 0.519580E+00 0.129570E+02
 0.349144E+00 0.519580E+00 0.129662E+02
 0.349143E+00 0.519575E+00 0.129695E+02
 0.349142E+00 0.519582E+00 0.129594E+02
 0.349143E+00 0.519580E+00 0.129496E+02
 0.349142E+00 0.519584E+00 0.129517E+02
 0.349141E+00 0.519738E+00 0.129706E+02
 0.349176E+00 0.519580E+00 0.152590E+02
 0.349159E+00 0.519585E+00 0.129488E+02
 0.349149E+00 0.519580E+00 0.129523E+02
 0.349143E+00 0.519581E+00 0.129608E+02
 0.349144E+00 0.519580E+00 0.129515E+02
 0.349302E+00 0.519841E+00 0.154248E+02
 0.349145E+00 0.519580E+00 0.129534E+02
 0.349143E+00 0.519579E+00 0.129522E+02
 0.349143E+00 0.519579E+00 0.129558E+02
 0.349167E+00 0.519649E+00 0.129702E+02
 0.349154E+00 0.519581E+00 0.129632E+02
 0.349160E+00 0.519581E+00 0.129593E+02
 0.349143E+00 0.519580E+00 0.129557E+02
 0.349119E+00 0.519608E+00 0.129527E+02
 0.349143E+00 0.519579E+00 0.129573E+02
 0.349144E+00 0.519615E+00 0.129635E+02
 0.349144E+00 0.519482E+00 0.129568E+02
 0.349143E+00 0.519583E+00 0.129574E+02
 0.349138E+00 0.519562E+00 0.129597E+02
 0.349117E+00 0.519580E+00 0.129536E+02
 0.349125E+00 0.519578E+00 0.129535E+02
 0.349129E+00 0.519648E+00 0.129662E+02
 0.349153E+00 0.519577E+00 0.129549E+02
 0.349138E+00 0.519580E+00 0.129630E+02
 0.349144E+00 0.519577E+00 0.129673E+02
 0.349144E+00 0.519584E+00 0.129579E+02
 0.349143E+00 0.519573E+00 0.129684E+02
 0.349143E+00 0.519580E+00 0.129513E+02
 0.349124E+00 0.519581E+00 0.129579E+02
 0.349140E+00 0.519629E+00 0.129628E+02
 0.349144E+00 0.519587E+00 0.129740E+02
 0.349140E+00 0.519700E+00 0.129563E+02
 0.349143E+00 0.519619E+00 0.129704E+02
 0.349150E+00 0.519580E+00 0.129582E+02
 0.349133E+00 0.519610E+00 0.129665E+02
 0.349164E+00 0.519582E+00 0.129526E+02
 0.349140E+00 0.519580E+00 0.129615E+02
 0.349143E+00 0.519580E+00 0.129563E+02
 0.349145E+00 0.519581E+00 0.129544E+02
 0.349143E+00 0.519580E+00 0.129529E+02
 0.349128E+00 0.519585E+00 0.129565E+02
 0.349142E+00 0.519581E+00 0.129593E+02
 0.373241E+00 0.519693E+00 0.147434E+02
 0.349151E+00 0.519580E+00 0.129610E+02
 0.349137E+00 0.519580E+00 0.129532E+02
 0.349133E+00 0.519675E+00 0.129896E+02
 0.349143E+00 0.519584E+00 0.129559E+02
 0.349150E+00 0.519580E+00 0.129650E+02
 0.349143E+00 0.519582E+00 0.129524E+02
 0.349142E+00 0.519582E+00 0.129685E+02
 0.349141E+00 0.519580E+00 0.129533E+02
 0.349207E+00 0.520468E+00 0.159300E+02
 0.349144E+00 0.519580E+00 0.129667E+02
 0.349143E+00 0.519580E+00 0.129575E+02
 0.349143E+00 0.519581E+00 0.129597E+02
 0.349162E+00 0.519576E+00 0.129627E+02
 0.349143E+00 0.519549E+00 0.129630E+02
 0.349143E+00 0.519581E+00 0.129606E+02
 0.349152E+00 0.519580E+00 0.129608E+02
 0.349119E+00 0.519614E+00 0.129630E+02
 0.374154E+00 0.520614E+00 0.145165E+02
 0.349149E+00 0.519580E+00 0.129700E+02
 0.349144E+00 0.519582E+00 0.129611E+02
 0.349141E+00 0.519580E+00 0.129637E+02
 0.349047E+00 0.519616E+00 0.129681E+02
 0.349143E+00 0.519581E+00 0.129623E+02
 0.349159E+00 0.519580E+00 0.129596E+02
 0.349166E+00 0.519581E+00 0.129567E+02
 0.349144E+00 0.519612E+00 0.129727E+02
 0.349131E+00 0.519543E+00 0.129527E+02
 0.349167E+00 0.519578E+00 0.129621E+02
 0.349146E+00 0.519580E+00 0.129568E+02
 0.349141E+00 0.519580E+00 0.129562E+02
 0.349161E+00 0.518854E+00 0.167473E+02
 0.349131E+00 0.519595E+00 0.129561E+02
 0.349143E+00 0.519582E+00 0.129702E+02
 0.349142E+00 0.519650E+00 0.129592E+02
 0.349143E+00 0.519580E+00 0.129531E+02
 0.349113E+00 0.519578E+00 0.129539E+02
 0.349142E+00 0.519580E+00 0.129606E+02
 0.349147E+00 0.519623E+00 0.129572E+02
 0.349144E+00 0.519710E+00 0.129650E+02
 0.349143E+00 0.519589E+00 0.129562E+02
 0.349138E+00 0.519609E+00 0.129608E+02
 0.349142E+00 0.519580E+00 0.129667E+02
 0.349115E+00 0.519608E+00 0.129612E+02
 0.349143E+00 0.519582E+00 0.129664E+02
 0.349147E+00 0.519579E+00 0.129573E+02
 0.349144E+00 0.519578E+00 0.129567E+02
 0.349145E+00 0.519582E+00 0.129558E+02
 0.349144E+00 0.519580E+00 0.129584E+02
 0.349146E+00 0.519582E+00 0.129527E+02
 0.349141E+00 0.519636E+00 0.129644E+02
 0.349143E+00 0.519580E+00 0.129532E+02
 0.349143E+00 0.519580E+00 0.129582E+02
 0.349143E+00 0.519692E+00 0.129631E+02
 0.349143E+00 0.519608E+00 0.129560E+02
 0.349152E+00 0.519580E+00 0.129596E+02
 0.349118E+00 0.519580E+00 0.129607E+02
 0.349146E+00 0.519673E+00 0.129575E+02
 0.349138E+00 0.519578E+00 0.129529E+02
 0.349150E+00 0.519580E+00 0.129522E+02
 0.349144E+00 0.519581E+00 0.129664E+02
 0.349140E+00 0.519498E+00 0.129587E+02
 0.349152E+00 0.519585E+00 0.129560E+02
 0.349141E+00 0.519580E+00 0.129583E+02
 0.349143E+00 0.519611E+00 0.129527E+02
 0.349138E+00 0.519653E+00 0.129642E+02
 0.349157E+00 0.519580E+00 0.129558E+02
 0.349153E+00 0.519580E+00 0.129550E+02
 0.374098E+00 0.519193E+00 0.145999E+02
 0.349142E+00 0.519580E+00 0.129658E+02
 0.349150E+00 0.519582E+00 0.129604E+02
 0.349139E+00 0.519608E+00 0.129517E+02
 0.349153E+00 0.519599E+00 0.129566E+02
 0.349143E+00 0.519609E+00 0.129694E+02
 0.349102E+00 0.519551E+00 0.129613E+02
 0.349147E+00 0.519580E+00 0.129605E+02
 0.349144E+00 0.519578E+00 0.129533E+02
 0.349143E+00 0.519580E+00 0.129568E+02
 0.349144E+00 0.519581E+00 0.129549E+02
 0.349155E+00 0.519582E+00 0.129627E+02
 0.349144E+00 0.519676E+00 0.129671E+02
 0.349143E+00 0.519580E+00 0.129510E+02
 0.349153E+00 0.519646E+00 0.129618E+02
 0.349144E+00 0.519641E+00 0.129576E+02
 0.349143E+00 0.519586E+00 0.129523E+02
 0.349139E+00 0.519625E+00 0.129554E+02
 0.349144E+00 0.519577E+00 0.129577E+02
 0.349134E+00 0.519589E+00 0.129556E+02
 0.349190E+00 0.519579E+00 0.153248E+02
 0.349143E+00 0.519580E+00 0.129632E+02
 0.349149E+00 0.519582E+00 0.129635E+02
 0.349143E+00 0.519583E+00 0.129608E+02
 0.349144E+00 0.519581E+00 0.129660E+02
 0.349143E+00 0.519647E+00 0.129646E+02
 0.349141E+00 0.519728E+00 0.129527E+02
 0.349143E+00 0.519580E+00 0.129551E+02
 0.378771E+00 0.518665E+00 0.176099E+02
 0.349131E+00 0.519579E+00 0.129512E+02
 0.349135E+00 0.519625E+00 0.129665E+02
 0.349187E+00 0.519578E+00 0.151785E+02
 0.349143E+00 0.519582E+00 0.129584E+02
 0.349097E+00 0.519709E+00 0.129539E+02
 0.401919E+00 0.519510E+00 0.178886E+02
 0.349136E+00 0.519580E+00 0.129616E+02
 0.349142E+00 0.519666E+00 0.129686E+02
 0.349143E+00 0.519580E+00 0.129507E+02
 0.349142E+00 0.519580E+00 0.129537E+02
 0.349143E+00 0.519575E+00 0.129549E+02
 0.374998E+00 0.517315E+00 0.148862E+02
 0.349139E+00 0.519580E+00 0.129567E+02
 0.349144E+00 0.519578E+00 0.129648E+02
 0.349132E+00 0.519581E+00 0.129622E+02
 0.349145E+00 0.519520E+00 0.129601E+02
 0.349143E+00 0.519574E+00 0.129655E+02
 0.349136E+00 0.519580E+00 0.129537E+02
 0.349063E+00 0.519582E+00 0.129528E+02
 0.349156E+00 0.519580E+00 0.129601E+02
 0.349140E+00 0.519581E+00 0.129568E+02
 0.349144E+00 0.519580E+00 0.129679E+02
 0.349143E+00 0.519576E+00 0.129532E+02
 0.349143E+00 0.519580E+00 0.129624E+02
 0.349155E+00 0.519669E+00 0.129663E+02
 0.349141E+00 0.519630E+00 0.129701E+02
 0.349125E+00 0.519517E+00 0.129607E+02
 0.349147E+00 0.519480E+00 0.129579E+02
 0.349127E+00 0.519579E+00 0.129549E+02
 0.349143E+00 0.519579E+00 0.129600E+02
 0.349143E+00 0.519580E+00 0.129557E+02
 0.349142E+00 0.519579E+00 0.129673E+02
 0.349144E+00 0.519580E+00 0.129575E+02
 0.349141E+00 0.519573E+00 0.129598E+02
 0.349143E+00 0.519595E+00 0.129885E+02
 0.349143E+00 0.519629E+00 0.129521E+02
 0.349203E+00 0.519580E+00 0.152189E+02
 0.349142E+00 0.519580E+00 0.129642E+02
 0.349144E+00 0.519580E+00 0.129662E+02
 0.349153E+00 0.519580E+00 0.129601E+02
 0.349141E+00 0.519580E+00 0.129678E+02
 0.349144E+00 0.519580E+00 0.129601E+02
 0.349147E+00 0.519580E+00 0.129561E+02
 0.349142E+00 0.519730E+00 0.129601E+02
 0.349143E+00 0.519580E+00 0.129684E+02
 0.349138E+00 0.519569E+00 0.129619E+02
 0.349143E+00 0.519696E+00 0.129695E+02
 0.349146E+00 0.519797E+00 0.129604E+02
 0.349134E+00 0.519580E+00 0.129556E+02
 0.349081E+00 0.519804E+00 0.129707E+02
 0.349170E+00 0.519593E+00 0.129573E+02
 0.349144E+00 0.519582E+00 0.129550E+02
 0.349142E+00 0.519565E+00 0.129627E+02
 0.349143E+00 0.519581E+00 0.129614E+02
 0.349139E+00 0.519608E+00 0.129545E+02
 0.349143E+00 0.519567E+00 0.129582E+02
 0.349164E+00 0.519581E+00 0.129593E+02
 0.349137E+00 0.519580E+00 0.129512E+02
 0.349136E+00 0.519392E+00 0.129615E+02
 0.349122E+00 0.519709E+00 0.129606E+02
 0.349152E+00 0.519580E+00 0.129575E+02
 0.349143E+00 0.519582E+00 0.129572E+02
 0.349144E+00 0.519580E+00 0.129573E+02
 0.349120E+00 0.519872E+00 0.129727E+02
 0.349152E+00 0.519600E+00 0.129524E+02
 0.349144E+00 0.519581E+00 0.129647E+02
 0.349143E+00 0.519580E+00 0.129574E+02
 0.349143E+00 0.519572E+00 0.129613E+02
 0.349142E+00 0.519580E+00 0.129513E+02
 0.349122E+00 0.519529E+00 0.129564E+02
 0.349114E+00 0.519598E+00 0.129890E+02
 0.349153E+00 0.519582E+00 0.129498E+02
 0.349141E+00 0.519580E+00 0.129484E+02
 0.349143E+00 0.519580E+00 0.129573E+02
 0.349143E+00 0.519577E+00 0.129559E+02
 0.349135E+00 0.519604E+00 0.129510E+02
 0.349143E+00 0.519579E+00 0.129582E+02
 0.349144E+00 0.519580E+00 0.129627E+02
 0.349143E+00 0.519580E+00 0.129511E+02
 0.349142E+00 0.519580E+00 0.129611E+02
 0.349143E+00 0.519724E+00 0.129645E+02
 0.349155E+00 0.519579E+00 0.129522E+02
 0.349142E+00 0.519580E+00 0.129532E+02
 0.349144E+00 0.519580E+00 0.129615E+02
 0.349146E+00 0.519579E+00 0.129583E+02
 0.349141E+00 0.519580E+00 0.129531E+02
 0.349144E+00 0.519580E+00 0.129690E+02
 0.349243E+00 0.520036E+00 0.155380E+02
 0.349148E+00 0.519602E+00 0.129652E+02
 0.349143E+00 0.519580E+00 0.129575E+02
 0.349143E+00 0.519580E+00 0.129486E+02
 0.349143E+00 0.519666E+00 0.129637E+02
 0.349131E+00 0.519705E+00 0.129534E+02
 0.349205E+00 0.519580E+00 0.152717E+02
 0.349161E+00 0.519581E+00 0.129558E+02
 0.349143E+00 0.519580E+00 0.129550E+02
 0.349138E+00 0.519580E+00 0.129682E+02
 0.349093E+00 0.519584E+00 0.129613E+02
 0.349144E+00 0.519579E+00 0.129611E+02
 0.349143E+00 0.519584E+00 0.129530E+02
 0.349144E+00 0.519561E+00 0.129646E+02
 0.349143E+00 0.519580E+00 0.129533E+02
 0.349145E+00 0.519581E+00 0.129558E+02
 0.349143E+00 0.519580E+00 0.129687E+02
 0.349149E+00 0.519597E+00 0.129558E+02
 0.349143E+00 0.519592E+00 0.129577E+02
 0.349140E+00 0.519580E+00 0.129586E+02
 0.373629E+00 0.520831E+00 0.145919E+02
 0.349186E+00 0.519582E+00 0.152918E+02
 0.349143E+00 0.519581E+00 0.129574E+02
 0.349144E+00 0.519580E+00 0.129542E+02
 0.348998E+00 0.520208E+00 0.130345E+02
 0.349144E+00 0.519584E+00 0.129516E+02
 0.349141E+00 0.519582E+00 0.129619E+02
 0.349143E+00 0.519586E+00 0.129682E+02
 0.349144E+00 0.519580E+00 0.129878E+02
 0.349144E+00 0.519618E+00 0.129509E+02
 0.349175E+00 0.519580E+00 0.129589E+02
 0.349152E+00 0.519580E+00 0.129533E+02
 0.349140E+00 0.519580E+00 0.129546E+02
 0.349163E+00 0.519652E+00 0.129593E+02
 0.349144E+00 0.519580E+00 0.129523E+02
 0.349143E+00 0.519578E+00 0.129549E+02
 0.348911E+00 0.519838E+00 0.174159E+02
 0.349142E+00 0.519581E+00 0.129580E+02
 0.349144E+00 0.519580E+00 0.129655E+02
 0.349139E+00 0.519602E+00 0.129486E+02
 0.349143E+00 0.519580E+00 0.129534E+02
 0.349140E+00 0.519488E+00 0.129532E+02
 0.349143E+00 0.519580E+00 0.129521E+02
 0.349145E+00 0.519580E+00 0.129525E+02
 0.349157E+00 0.519505E+00 0.129602E+02
 0.349144E+00 0.519577E+00 0.129532E+02
 0.349144E+00 0.519581E+00 0.129578E+02
 0.349138E+00 0.519587E+00 0.129557E+02
 0.349145E+00 0.519716E+00 0.129746E+02
 0.349143E+00 0.519580E+00 0.129578E+02
 0.349148E+00 0.519620E+00 0.129675E+02
 0.349138E+00 0.519591E+00 0.129517E+02
 0.349135E+00 0.519580E+00 0.129575E+02
 0.349150E+00 0.519691E+00 0.129654E+02
 0.349144E+00 0.519626E+00 0.129673E+02
 0.349142E+00 0.519580E+00 0.129565E+02
 0.349143E+00 0.519580E+00 0.129499E+02
 0.349117E+00 0.519701E+00 0.129505E+02
 0.349144E+00 0.519580E+00 0.129630E+02
 0.349155E+00 0.519596E+00 0.129600E+02
 0.349138E+00 0.519580E+00 0.129525E+02
 0.349143E+00 0.519580E+00 0.129497E+02
 0.349143E+00 0.519580E+00 0.129598E+02
 0.366599E+00 0.523832E+00 0.177767E+02
 0.349143E+00 0.519611E+00 0.129560E+02
 0.349140E+00 0.519580E+00 0.129511E+02
 0.349191E+00 0.519579E+00 0.152145E+02
 0.349142E+00 0.519580E+00 0.129706E+02
 0.349143E+00 0.519580E+00 0.129535E+02
 0.349143E+00 0.519580E+00 0.129685E+02
 0.349144E+00 0.519580E+00 0.129533E+02
 0.373249E+00 0.519210E+00 0.141152E+02
 0.349143E+00 0.519577E+00 0.129533E+02
 0.349144E+00 0.519628E+00 0.129689E+02
 0.349133E+00 0.519621E+00 0.129641E+02
 0.349223E+00 0.519581E+00 0.152950E+02
 0.349178E+00 0.519580E+00 0.152494E+02
 0.349189E+00 0.519917E+00 0.155266E+02
 0.349144E+00 0.519583E+00 0.129629E+02
 0.349144E+00 0.519580E+00 0.129599E+02
 0.349143E+00 0.519594E+00 0.129683E+02
 0.349138E+00 0.519673E+00 0.129634E+02
 0.349144E+00 0.519617E+00 0.129594E+02
 0.349118E+00 0.519412E+00 0.129629E+02
 0.349143E+00 0.519580E+00 0.129518E+02
 0.349139E+00 0.519580E+00 0.129572E+02
 0.349144E+00 0.519580E+00 0.129627E+02
 0.349144E+00 0.519578E+00 0.129635E+02
 0.349152E+00 0.519586E+00 0.129572E+02
 0.349143E+00 0.519580E+00 0.129534E+02
 0.349140E+00 0.519580E+00 0.129574E+02
 0.349143E+00 0.519580E+00 0.129604E+02
 0.349132E+00 0.519446E+00 0.129585E+02
 0.349143E+00 0.519580E+00 0.129573E+02
 0.349144E+00 0.519583E+00 0.129646E+02
 0.349153E+00 0.519581E+00 0.129612E+02
 0.349143E+00 0.519580E+00 0.129535E+02
 0.349145E+00 0.519711E+00 0.129680E+02
 0.349143E+00 0.519571E+00 0.129560E+02
 0.349142E+00 0.519545E+00 0.129584E+02
 0.349103E+00 0.519580E+00 0.129537E+02
 0.349183E+00 0.519580E+00 0.153048E+02
 0.349145E+00 0.519580E+00 0.129569E+02
 0.349143E+00 0.519579E+00 0.129574E+02
 0.349145E+00 0.519581E+00 0.129717E+02
 0.373663E+00 0.520269E+00 0.146441E+02
 0.349140E+00 0.519570E+00 0.129627E+02
 0.349144E+00 0.519610E+00 0.129630E+02
 0.349127E+00 0.519545E+00 0.129566E+02
 0.349122E+00 0.519684E+00 0.129879E+02
 0.349201E+00 0.519580E+00 0.153150E+02
 0.349144E+00 0.519581E+00 0.129524E+02
 0.349145E+00 0.519582E+00 0.129637E+02
 0.349142E+00 0.519595E+00 0.129499E+02
 0.349144E+00 0.519541E+00 0.129481E+02
 0.349141E+00 0.519585E+00 0.129616E+02
 0.349154E+00 0.519619E+00 0.129708E+02
 0.349143E+00 0.519591E+00 0.129612E+02
 0.349154E+00 0.519580E+00 0.129879E+02
 0.349175E+00 0.519581E+00 0.151925E+02
 0.349116E+00 0.519580E+00 0.129520E+02
 0.349143E+00 0.519580E+00 0.129578E+02
 0.349144E+00 0.519580E+00 0.129574E+02
 0.349137E+00 0.519580E+00 0.129596E+02
 0.349097E+00 0.520071E+00 0.130076E+02
 0.349169E+00 0.519611E+00 0.129549E+02
 0.349140E+00 0.519579E+00 0.129523E+02
 0.349143E+00 0.519580E+00 0.129605E+02
 0.349143E+00 0.519580E+00 0.129622E+02
 0.349143E+00 0.519616E+00 0.129576E+02
 0.349190E+00 0.519580E+00 0.152231E+02
 0.349165E+00 0.519580E+00 0.129525E+02
 0.349110E+00 0.519584E+00 0.129575E+02
 0.349153E+00 0.519572E+00 0.129563E+02
 0.349151E+00 0.519825E+00 0.129591E+02
 0.349144E+00 0.519583E+00 0.129665E+02
 0.349144E+00 0.519579E+00 0.129495E+02
 0.374516E+00 0.519831E+00 0.146568E+02
 0.349148E+00 0.519579E+00 0.129658E+02
 0.349143E+00 0.519579E+00 0.129589E+02
 0.349144E+00 0.519581E+00 0.129551E+02
 0.349143E+00 0.519578E+00 0.129646E+02
 0.349130E+00 0.519580E+00 0.129545E+02
 0.349074E+00 0.519580E+00 0.129542E+02
 0.349143E+00 0.519739E+00 0.129658E+02
 0.349167E+00 0.519580E+00 0.129555E+02
 0.349146E+00 0.519580E+00 0.129601E+02
 0.349151E+00 0.519577E+00 0.129616E+02
 0.349143E+00 0.519581E+00 0.129561E+02
 0.349139E+00 0.519581E+00 0.129637E+02
 0.349143E+00 0.519568E+00 0.129535E+02
 0.349143E+00 0.519607E+00 0.129549E+02
 0.349143E+00 0.519581E+00 0.129541E+02
 0.349144E+00 0.519581E+00 0.129616E+02
 0.349112E+00 0.519441E+00 0.129680E+02
 0.349133E+00 0.519586E+00 0.129662E+02
 0.349142E+00 0.519579E+00 0.129576E+02
 0.349144E+00 0.519731E+00 0.129601E+02
 0.349142E+00 0.519580E+00 0.129582E+02
 0.349154E+00 0.519384E+00 0.129597E+02
 0.379497E+00 0.521477E+00 0.164294E+02
 0.349136E+00 0.519599E+00 0.129685E+02
 0.349144E+00 0.519610E+00 0.129676E+02
 0.349159E+00 0.519576E+00 0.129584E+02
 0.349143E+00 0.519581E+00 0.129692E+02
 0.349138E+00 0.519580E+00 0.129526E+02
 0.349106E+00 0.519944E+00 0.129620E+02
 0.349144E+00 0.519580E+00 0.129562E+02
 0.349143E+00 0.519575E+00 0.129633E+02
 0.349163E+00 0.519600E+00 0.129578E+02
 0.349146E+00 0.519578E+00 0.129621E+02
 0.349124E+00 0.519704E+00 0.129678E+02
 0.349145E+00 0.519580E+00 0.129627E+02
 0.349151E+00 0.519581E+00 0.129547E+02
 0.349148E+00 0.519581E+00 0.129532E+02
 0.349143E+00 0.519401E+00 0.129619E+02
 0.349143E+00 0.519580E+00 0.129580E+02
 0.349142E+00 0.519580E+00 0.129653E+02
 0.349143E+00 0.519533E+00 0.129664E+02
 0.349143E+00 0.519583E+00 0.129528E+02
 0.349147E+00 0.519716E+00 0.129692E+02
 0.349143E+00 0.519620E+00 0.129656E+02
 0.349109E+00 0.519580E+00 0.129539E+02
 0.349142E+00 0.519692E+00 0.129707E+02
 0.349161E+00 0.519580E+00 0.129620E+02
 0.349145E+00 0.519581E+00 0.129514E+02
 0.349145E+00 0.519580E+00 0.129587E+02
 0.349140E+00 0.519919E+00 0.129672E+02
 0.349164E+00 0.519601E+00 0.129517E+02
 0.349140E+00 0.519585E+00 0.129687E+02
 0.349139E+00 0.519580E+00 0.129583E+02
 0.349143E+00 0.519481E+00 0.129590E+02
 0.349143E+00 0.519580E+00 0.129517E+02
 0.349143E+00 0.519592E+00 0.129581E+02
 0.349109E+00 0.519580E+00 0.129536E+02
 0.349144E+00 0.519579E+00 0.129628E+02
 0.349168E+00 0.519580E+00 0.129588E+02
 0.349159E+00 0.519666E+00 0.129645E+02
 0.349169E+00 0.519557E+00 0.129539E+02
 0.349144E+00 0.519581E+00 0.129522E+02
 0.349144E+00 0.519581E+00 0.129552E+02
 0.349146E+00 0.519584E+00 0.129538E+02
 0.349135E+00 0.519590E+00 0.129673E+02
 0.349143E+00 0.519645E+00 0.129510E+02
 0.349136E+00 0.519596E+00 0.129644E+02
 0.349144E+00 0.519579E+00 0.129649E+02
 0.349184E+00 0.519578E+00 0.153075E+02
 0.349144E+00 0.519582E+00 0.129529E+02
 0.349142E+00 0.519580E+00 0.129567E+02
 0.349142E+00 0.519580E+00 0.129668E+02
 0.349144E+00 0.519579E+00 0.129563E+02
 0.373658E+00 0.519160E+00 0.147704E+02
 0.349138E+00 0.519583E+00 0.129570E+02
 0.349142E+00 0.519611E+00 0.129588E+02
 0.349144E+00 0.519618E+00 0.129538E+02
 0.349164E+00 0.519580E+00 0.129625E+02
 0.349132E+00 0.519620E+00 0.129588E+02
 0.349127E+00 0.519580E+00 0.129604E+02
 0.349145E+00 0.519580E+00 0.129516E+02
 0.349143E+00 0.519574E+00 0.129555E+02
 0.349180E+00 0.519590E+00 0.129628E+02
 0.349144E+00 0.519582E+00 0.129533E+02
 0.349143E+00 0.519580E+00 0.129530E+02
 0.349143E+00 0.519578E+00 0.129596E+02
 0.349144E+00 0.519580E+00 0.129645E+02
 0.349148E+00 0.519730E+00 0.129752E+02
 0.349143E+00 0.519619E+00 0.129679E+02
 0.349158E+00 0.519580E+00 0.129662E+02
 0.349158E+00 0.519580E+00 0.129532E+02
 0.349139E+00 0.519633E+00 0.129658E+02
 0.349145E+00 0.519580E+00 0.129518E+02
 0.349076E+00 0.519810E+00 0.129604E+02
 0.349152E+00 0.519791E+00 0.129578E+02
 0.349184E+00 0.519602E+00 0.152913E+02
 0.349144E+00 0.519580E+00 0.129679E+02
 0.349148E+00 0.519580E+00 0.129546E+02
 0.349143E+00 0.519580E+00 0.129629E+02
 0.349139E+00 0.519580E+00 0.129618E+02
 0.349144E+00 0.519514E+00 0.129584E+02
 0.349143E+00 0.519583E+00 0.129503E+02
 0.349136E+00 0.519687E+00 0.129584E+02
 0.349116E+00 0.519580E+00 0.129607E+02
 0.349145E+00 0.519580E+00 0.129624E+02
 0.349175E+00 0.519754E+00 0.153823E+02
 0.349157E+00 0.519581E+00 0.129509E+02
 0.349143E+00 0.519581E+00 0.129616E+02
 0.349143E+00 0.519580E+00 0.129579E+02
 0.349145E+00 0.519583E+00 0.129626E+02
 0.349143E+00 0.519580E+00 0.129563E+02
 0.349137E+00 0.519572E+00 0.129511E+02
 0.349136E+00 0.519580E+00 0.129627E+02
 0.349126E+00 0.519678E+00 0.129577E+02
 0.349161E+00 0.519580E+00 0.129623E+02
 0.349144E+00 0.519581E+00 0.129572E+02
 0.349143E+00 0.519578E+00 0.129573E+02
 0.349144E+00 0.519584E+00 0.129689E+02
 0.349137E+00 0.519571E+00 0.129697E+02
 0.349144E+00 0.519609E+00 0.129550E+02
 0.349143E+00 0.519580E+00 0.129577E+02
 0.349144E+00 0.519580E+00 0.129668E+02
 0.349146E+00 0.519569E+00 0.129555E+02
 0.349144E+00 0.519617E+00 0.129661E+02
 0.349151E+00 0.519580E+00 0.129549E+02
 0.349124E+00 0.519580E+00 0.129541E+02
 0.349114E+00 0.519640E+00 0.129552E+02
 0.349161E+00 0.519580E+00 0.129633E+02
 0.349119E+00 0.519456E+00 0.129603E+02
 0.349146E+00 0.519583E+00 0.129547E+02
 0.349145E+00 0.519583E+00 0.129640E+02
 0.349143E+00 0.519578E+00 0.129617E+02
 0.349143E+00 0.519580E+00 0.129535E+02
 0.349139E+00 0.519584E+00 0.129579E+02
 0.349144E+00 0.519580E+00 0.129536E+02
 0.349141E+00 0.519747E+00 0.129559E+02
 0.349144E+00 0.519648E+00 0.129575E+02
 0.349158E+00 0.519585E+00 0.129536E+02
 0.349145E+00 0.519580E+00 0.129519E+02
 0.349143E+00 0.519578E+00 0.129652E+02
 0.349166E+00 0.519591E+00 0.129568E+02
 0.349144E+00 0.519581E+00 0.129602E+02
 0.349144E+00 0.519580E+00 0.129649E+02
 0.349148E+00 0.519576E+00 0.129538E+02
 0.349145E+00 0.519586E+00 0.129639E+02
 0.349144E+00 0.519495E+00 0.129608E+02
 0.349143E+00 0.519580E+00 0.129514E+02
 0.374814E+00 0.518972E+00 0.148390E+02
 0.349144E+00 0.519644E+00 0.129515E+02
 0.349143E+00 0.519581E+00 0.129676E+02
 0.349153E+00 0.519580E+00 0.129683E+02
 0.349125E+00 0.519596E+00 0.129551E+02
 0.349143E+00 0.519586E+00 0.129605E+02
 0.349171E+00 0.519631E+00 0.152933E+02
 0.349145E+00 0.519711E+00 0.129695E+02
 0.349143E+00 0.519584E+00 0.129624E+02
 0.349147E+00 0.519580E+00 0.129615E+02
 0.349125E+00 0.519679E+00 0.129704E+02
 0.349143E+00 0.519576E+00 0.129578E+02
 0.349135E+00 0.519580E+00 0.129514E+02
 0.349143E+00 0.519580E+00 0.129622E+02
 0.349143E+00 0.519578E+00 0.129582E+02
 0.349143E+00 0.519580E+00 0.129530E+02
 0.349141E+00 0.519583E+00 0.129604E+02
 0.349267E+00 0.520682E+00 0.160125E+02
 0.349142E+00 0.519639E+00 0.129582E+02
 0.349127E+00 0.519580E+00 0.129534E+02
 0.349174E+00 0.519573E+00 0.129580E+02
 0.349143E+00 0.519580E+00 0.129575E+02
 0.349143E+00 0.519580E+00 0.129664E+02
 0.349144E+00 0.519573E+00 0.129574E+02
 0.349140E+00 0.519569E+00 0.129711E+02
 0.349144E+00 0.519564E+00 0.129530E+02
 0.349143E+00 0.519580E+00 0.129512E+02
 0.349144E+00 0.519581E+00 0.129681E+02
 0.349144E+00 0.519600E+00 0.129505E+02
 0.349131E+00 0.519715E+00 0.129533E+02
 0.349116E+00 0.519641E+00 0.129720E+02
 0.349128E+00 0.519598E+00 0.129547E+02
 0.349143E+00 0.519574E+00 0.129564E+02
 0.349144E+00 0.519581E+00 0.129609E+02
 0.349144E+00 0.519500E+00 0.129616E+02
 0.349141E+00 0.519583E+00 0.129657E+02
 0.349143E+00 0.519580E+00 0.129584E+02
 0.349142E+00 0.519580E+00 0.129532E+02
 0.349143E+00 0.519657E+00 0.129506E+02
 0.349162E+00 0.519580E+00 0.129581E+02
 0.349130E+00 0.519654E+00 0.129650E+02
 0.349151E+00 0.519589E+00 0.129593E+02
 0.349143E+00 0.519581E+00 0.129518E+02
 0.349143E+00 0.519581E+00 0.129558E+02
 0.349144E+00 0.519580E+00 0.129607E+02
 0.349143E+00 0.519580E+00 0.129580E+02
 0.349140E+00 0.519580E+00 0.129534E+02
 0.349141E+00 0.519624E+00 0.129507E+02
 0.349148E+00 0.519611E+00 0.129687E+02
 0.349143E+00 0.519580E+00 0.129585E+02
 0.349145E+00 0.519581E+00 0.129614E+02
 0.349143E+00 0.519584E+00 0.129592E+02
 0.349144E+00 0.519578E+00 0.129518E+02
 0.349143E+00 0.519634E+00 0.129734E+02
 0.349143E+00 0.519562E+00 0.129639E+02
 0.349142E+00 0.519650E+00 0.129656E+02
 0.349143E+00 0.519580E+00 0.129558E+02
 0.349155E+00 0.519564E+00 0.129556E+02
 0.349143E+00 0.519582E+00 0.129601E+02
 0.349159E+00 0.519482E+00 0.129537E+02
 0.349118E+00 0.519595E+00 0.129629E+02
 0.349144E+00 0.519583E+00 0.129584E+02
 0.349143E+00 0.519579E+00 0.129670E+02
 0.349141E+00 0.519584E+00 0.129503E+02
 0.349145E+00 0.519581E+00 0.129683E+02
 0.349158E+00 0.519645E+00 0.129684E+02
 0.349144E+00 0.519582E+00 0.129592E+02
 0.349141E+00 0.519659E+00 0.129602E+02
 0.349152E+00 0.519580E+00 0.129578E+02
 0.349151E+00 0.519580E+00 0.129727E+02
 0.349145E+00 0.519580E+00 0.129685E+02
 0.349143E+00 0.519580E+00 0.129588E+02
 0.349146E+00 0.519583E+00 0.129550E+02
 0.349144E+00 0.519448E+00 0.129573E+02
 0.349143E+00 0.519580E+00 0.129512E+02
 0.349149E+00 0.519533E+00 0.129619E+02
 0.349141E+00 0.519633E+00 0.129610E+02
 0.349143E+00 0.519647E+00 0.129646E+02
 0.349143E+00 0.519581E+00 0.129632E+02
 0.349143E+00 0.519580E+00 0.129529E+02
 0.349170E+00 0.519594E+00 0.129641E+02
 0.373483E+00 0.526018E+00 0.155704E+02
 0.349137E+00 0.519601E+00 0.129526E+02
 0.349144E+00 0.519647E+00 0.129630E+02
 0.349143E+00 0.519582E+00 0.129621E+02
 0.349144E+00 0.519639E+00 0.129634E+02
 0.349144E+00 0.519581E+00 0.129523E+02
 0.349122E+00 0.519647E+00 0.129683E+02
 0.349144E+00 0.519580E+00 0.129577E+02
 0.349143E+00 0.519580E+00 0.129547E+02
 0.349145E+00 0.519579E+00 0.129530E+02
 0.349146E+00 0.519606E+00 0.129610E+02
 0.349143E+00 0.519592E+00 0.129697E+02
 0.349143E+00 0.519588E+00 0.129634E+02
 0.349136E+00 0.519581E+00 0.129496E+02
 0.349125E+00 0.519589E+00 0.129656E+02
 0.349143E+00 0.519580E+00 0.129591E+02
 0.349142E+00 0.519580E+00 0.129634E+02
 0.349144E+00 0.519580E+00 0.129529E+02
 0.349130E+00 0.519588E+00 0.129616E+02
 0.349143E+00 0.519579E+00 0.129589E+02
 0.349143E+00 0.519568E+00 0.129630E+02
 0.349143E+00 0.519580E+00 0.129492E+02
 0.349160E+00 0.519596E+00 0.129677E+02
 0.349144E+00 0.519590E+00 0.129648E+02
 0.349134E+00 0.519711E+00 0.129986E+02
 0.349147E+00 0.519581E+00 0.129551E+02
 0.349144E+00 0.519580E+00 0.129626E+02
 0.349143E+00 0.519576E+00 0.129567E+02
 0.349162E+00 0.519459E+00 0.129559E+02
 0.349137E+00 0.519569E+00 0.129601E+02
 0.349139E+00 0.519582E+00 0.129556E+02
 0.349143E+00 0.519665E+00 0.129666E+02
 0.349143E+00 0.519586E+00 0.129635E+02
 0.349135E+00 0.519695E+00 0.129641E+02
 0.349105E+00 0.519580E+00 0.129580E+02
 0.349128E+00 0.519752E+00 0.129647E+02
 0.349166E+00 0.519580E+00 0.129693E+02
 0.349145E+00 0.519580E+00 0.129711E+02
 0.349144E+00 0.519575E+00 0.129634E+02
 0.349143E+00 0.519580E+00 0.129575E+02
 0.373588E+00 0.527068E+00 0.161231E+02
 0.349158E+00 0.519581E+00 0.129517E+02
 0.349112E+00 0.519580E+00 0.129552E+02
 0.349133E+00 0.519523E+00 0.129585E+02
 0.349141E+00 0.519584E+00 0.129585E+02
 0.349145E+00 0.519581E+00 0.129674E+02
 0.349125E+00 0.519841E+00 0.129650E+02
 0.349143E+00 0.519580E+00 0.129609E+02
 0.349138E+00 0.519605E+00 0.129551E+02
 0.349181E+00 0.519589E+00 0.129571E+02
 0.349146E+00 0.519580E+00 0.129634E+02
 0.349144E+00 0.519578E+00 0.129554E+02
 0.349144E+00 0.519581E+00 0.129646E+02
 0.349142E+00 0.519582E+00 0.129608E+02
 0.349143E+00 0.519626E+00 0.129695E+02
 0.370033E+00 0.519488E+00 0.179983E+02
 0.349143E+00 0.519581E+00 0.129546E+02
 0.349143E+00 0.519580E+00 0.129683E+02
 0.349143E+00 0.519552E+00 0.129640E+02
 0.349143E+00 0.519610E+00 0.129645E+02
 0.349143E+00 0.519578E+00 0.129572E+02
 0.349136E+00 0.519605E+00 0.129523E+02
 0.349160E+00 0.519578E+00 0.129622E+02
 0.349143E+00 0.519579E+00 0.129555E+02
 0.349148E+00 0.519584E+00 0.129705E+02
 0.349138E+00 0.519594E+00 0.129612E+02
 0.349144E+00 0.519524E+00 0.129556E+02
 0.349139E+00 0.519584E+00 0.129529E+02
 0.349171E+00 0.519567E+00 0.129490E+02
 0.349143E+00 0.519740E+00 0.129669E+02
 0.349166E+00 0.519579E+00 0.129606E+02
 0.349174E+00 0.519603E+00 0.129676E+02
 0.349143E+00 0.519580E+00 0.129479E+02
 0.349143E+00 0.519580E+00 0.129502E+02
 0.349146E+00 0.519580E+00 0.129568E+02
 0.349153E+00 0.519590E+00 0.129547E+02
 0.349147E+00 0.519582E+00 0.129524E+02
 0.349135E+00 0.519582E+00 0.129611E+02
 0.349143E+00 0.519580E+00 0.129662E+02
 0.349143E+00 0.519822E+00 0.129736E+02
 0.349143E+00 0.519563E+00 0.129590E+02
 0.349180E+00 0.519582E+00 0.129626E+02
 0.349096E+00 0.519580E+00 0.129516E+02
 0.349127E+00 0.519769E+00 0.129642E+02
 0.349141E+00 0.519584E+00 0.129707E+02
 0.349143E+00 0.519580E+00 0.129548E+02
 0.349144E+00 0.519581E+00 0.129516E+02
 0.349098E+00 0.519789E+00 0.129888E+02
 0.349143E+00 0.519580E+00 0.129616E+02
 0.349145E+00 0.519581E+00 0.129503E+02
 0.349145E+00 0.519580E+00 0.129549E+02
 0.349143E+00 0.519580E+00 0.129577E+02
 0.349144E+00 0.519580E+00 0.129662E+02
 0.349130E+00 0.519650E+00 0.129611E+02
 0.349144E+00 0.519540E+00 0.129572E+02
 0.349143E+00 0.519625E+00 0.129727E+02
 0.349142E+00 0.519394E+00 0.129582E+02
 0.349142E+00 0.519580E+00 0.129494E+02
 0.349143E+00 0.519581E+00 0.129605E+02
 0.349136E+00 0.519580E+00 0.129555E+02
 0.349197E+00 0.519580E+00 0.152815E+02
 0.349143E+00 0.519580E+00 0.129513E+02
 0.349139E+00 0.519582E+00 0.129516E+02
 0.349147E+00 0.519595E+00 0.129568E+02
 0.349143E+00 0.519597E+00 0.129518E+02
 0.349186E+00 0.519580E+00 0.151810E+02
 0.349065E+00 0.519622E+00 0.129532E+02
 0.349148E+00 0.519580E+00 0.129719E+02
 0.349144E+00 0.519580E+00 0.129614E+02
 0.349136E+00 0.519580E+00 0.129626E+02
 0.349143E+00 0.519482E+00 0.129664E+02
 0.349143E+00 0.519580E+00 0.129534E+02
 0.349145E+00 0.519583E+00 0.129528E+02
 0.349143E+00 0.519580E+00 0.129568E+02
 0.349141E+00 0.519580E+00 0.129590E+02
 0.349125E+00 0.519746E+00 0.129554E+02
 0.349146E+00 0.519581E+00 0.129630E+02
 0.349116E+00 0.519597E+00 0.129556E+02
 0.349143E+00 0.519580E+00 0.129532E+02
 0.349142E+00 0.519580E+00 0.129606E+02
 0.349146E+00 0.519567E+00 0.129553E+02
 0.349143E+00 0.519894E+00 0.129779E+02
 0.349122E+00 0.519539E+00 0.129551E+02
 0.349166E+00 0.519577E+00 0.129550E+02
 0.349150E+00 0.519510E+00 0.129680E+02
 0.349144E+00 0.519577E+00 0.129553E+02
 0.349145E+00 0.519580E+00 0.129612E+02
 0.349143E+00 0.519580E+00 0.129528E+02
 0.349143E+00 0.519595E+00 0.129571E+02
 0.349143E+00 0.519575E+00 0.129532E+02
 0.349143E+00 0.519573E+00 0.129660E+02
 0.349162E+00 0.519582E+00 0.129637E+02
 0.349247E+00 0.519580E+00 0.151662E+02
 0.349123E+00 0.519486E+00 0.129599E+02
 0.349166E+00 0.519648E+00 0.129604E+02
 0.349114E+00 0.519579E+00 0.129641E+02
 0.349143E+00 0.519580E+00 0.129625E+02
 0.349070E+00 0.519712E+00 0.129520E+02
 0.349148E+00 0.519504E+00 0.129627E+02
 0.349146E+00 0.519581E+00 0.129591E+02
 0.349144E+00 0.519579E+00 0.129503E+02
 0.349137E+00 0.519743E+00 0.129547E+02
 0.349141E+00 0.519583E+00 0.129635E+02
 0.349145E+00 0.519580E+00 0.129585E+02
 0.349143E+00 0.519580E+00 0.129578E+02
 0.349143E+00 0.519581E+00 0.129643E+02
 0.349143E+00 0.519580E+00 0.129648E+02
 0.349141E+00 0.519720E+00 0.129735E+02
 0.349147E+00 0.519578E+00 0.129517E+02
 0.349144E+00 0.519580E+00 0.129612E+02
 0.349120E+00 0.519559E+00 0.129573E+02
 0.349142E+00 0.519580E+00 0.129598E+02
 0.349141E+00 0.519568E+00 0.129580E+02
 0.349143E+00 0.519580E+00 0.129533E+02
 0.349141E+00 0.519951E+00 0.129654E+02
 0.375145E+00 0.519659E+00 0.153549E+02
 0.349142E+00 0.519580E+00 0.129682E+02
 0.349143E+00 0.519580E+00 0.129698E+02
 0.349144E+00 0.519581E+00 0.129659E+02
 0.349143E+00 0.519581E+00 0.129641E+02
 0.349182E+00 0.519685E+00 0.152452E+02
 0.349145E+00 0.519581E+00 0.129578E+02
 0.349149E+00 0.519581E+00 0.129570E+02
 0.349141E+00 0.519581E+00 0.129566E+02
 0.349154E+00 0.519582E+00 0.129532E+02
 0.349143E+00 0.519790E+00 0.129706E+02
 0.349224E+00 0.519580E+00 0.151588E+02
 0.349127E+00 0.519411E+00 0.129617E+02
 0.355268E+00 0.510390E+00 0.165654E+02
 0.349143E+00 0.519580E+00 0.129532E+02
 0.349132E+00 0.519580E+00 0.129643E+02
 0.349139E+00 0.519713E+00 0.129616E+02
 0.349147E+00 0.519510E+00 0.129535E+02
 0.349160E+00 0.519591E+00 0.129553E+02
 0.349142E+00 0.519582E+00 0.129701E+02
 0.349143E+00 0.519741E+00 0.129634E+02
 0.349144E+00 0.519580E+00 0.129555E+02
 0.349134E+00 0.519472E+00 0.129552E+02
 0.349143E+00 0.519656E+00 0.129534E+02
 0.349159E+00 0.519580E+00 0.129496E+02
 0.349171E+00 0.519580E+00 0.129525E+02
 0.349139E+00 0.519526E+00 0.129633E+02
 0.349134E+00 0.519580E+00 0.129494E+02
 0.349077E+00 0.519585E+00 0.129506E+02
 0.349140E+00 0.519480E+00 0.129567E+02
 0.349137E+00 0.519594E+00 0.129614E+02
 0.349144E+00 0.519235E+00 0.129864E+02
 0.349143E+00 0.519580E+00 0.129465E+02
 0.349144E+00 0.519606E+00 0.129626E+02
 0.349143E+00 0.519580E+00 0.129518E+02
 0.349143E+00 0.519628E+00 0.129576E+02
 0.349077E+00 0.519580E+00 0.129523E+02
 0.349121E+00 0.519602E+00 0.129608E+02
 0.349145E+00 0.519580E+00 0.129559E+02
 0.349143E+00 0.519581E+00 0.129560E+02
 0.349152E+00 0.519580E+00 0.129494E+02
 0.349143E+00 0.519580E+00 0.129499E+02
 0.349146E+00 0.519592E+00 0.129612E+02
 0.349143E+00 0.519580E+00 0.129527E+02
 0.349140E+00 0.519580E+00 0.129582E+02
 0.349145E+00 0.519599E+00 0.129688E+02
 0.349143E+00 0.519594E+00 0.129697E+02
 0.374194E+00 0.522214E+00 0.150223E+02
 0.349149E+00 0.519581E+00 0.129651E+02
 0.349165E+00 0.519582E+00 0.129523E+02
 0.349144E+00 0.519580E+00 0.129497E+02
 0.349146E+00 0.519630E+00 0.129566E+02
 0.349162E+00 0.519594E+00 0.129653E+02
 0.349141E+00 0.519581E+00 0.129638E+02
 0.349143E+00 0.519580E+00 0.129535E+02
 0.349146E+00 0.519593E+00 0.129621E+02
 0.349143E+00 0.519604E+00 0.129645E+02
 0.349148E+00 0.519582E+00 0.129580E+02
 0.349134E+00 0.519533E+00 0.129583E+02
 0.349140E+00 0.519614E+00 0.129573E+02
 0.349130E+00 0.519580E+00 0.129525E+02
 0.349142E+00 0.519592E+00 0.129624E+02
 0.349143E+00 0.519581E+00 0.129634E+02
 0.349142E+00 0.519580E+00 0.129606E+02
 0.349143E+00 0.519883E+00 0.129824E+02
 0.349143E+00 0.519600E+00 0.129530E+02
 0.349150E+00 0.519580E+00 0.129530E+02
 0.349133E+00 0.519350E+00 0.129633E+02
 0.349125E+00 0.519626E+00 0.129620E+02
 0.349137E+00 0.519583E+00 0.129567E+02
 0.349145E+00 0.519581E+00 0.129507E+02
 0.349143E+00 0.519582E+00 0.129681E+02
 0.349144E+00 0.519581E+00 0.129528E+02
 0.349144E+00 0.519578E+00 0.129615E+02
 0.349145E+00 0.519581E+00 0.129512E+02
 0.349135E+00 0.519594E+00 0.129649E+02
 0.349143E+00 0.519580E+00 0.129494E+02
 0.349144E+00 0.519580E+00 0.129516E+02
 0.349146E+00 0.519636E+00 0.129484E+02
 0.349143E+00 0.519584E+00 0.129528E+02
 0.349143E+00 0.519596E+00 0.129600E+02
 0.349146E+00 0.519578E+00 0.129517E+02
 0.349133E+00 0.519361E+00 0.129600E+02
 0.349144E+00 0.519586E+00 0.129520E+02
 0.349144E+00 0.519580E+00 0.129626E+02
 0.349151E+00 0.519580E+00 0.129528E+02
 0.349147E+00 0.519597E+00 0.129662E+02
 0.349142E+00 0.519585E+00 0.129563E+02
 0.349143E+00 0.519267E+00 0.134060E+02
 0.349144E+00 0.519591E+00 0.129519E+02
 0.349151E+00 0.519579E+00 0.129697E+02
 0.349144E+00 0.519580E+00 0.129601E+02
 0.349143E+00 0.519580E+00 0.129627E+02
 0.349144E+00 0.519580E+00 0.129528E+02
 0.349130E+00 0.519723E+00 0.129550E+02
 0.349137E+00 0.519580E+00 0.129586E+02
 0.349144E+00 0.519579E+00 0.129525E+02
 0.349159E+00 0.519588E+00 0.129614E+02
 0.349147E+00 0.519576E+00 0.129562E+02
 0.349141E+00 0.519582E+00 0.129542E+02
 0.349143E+00 0.519602E+00 0.129600E+02
 0.365616E+00 0.524312E+00 0.182728E+02
 0.373637E+00 0.519075E+00 0.147880E+02
 0.349117E+00 0.519666E+00 0.129591E+02
 0.349167E+00 0.519574E+00 0.129542E+02
 0.349143E+00 0.519576E+00 0.129598E+02
 0.349147E+00 0.519572E+00 0.129511E+02
 0.349157E+00 0.519591E+00 0.129530E+02
 0.349143E+00 0.519581E+00 0.129549E+02
 0.349144E+00 0.519584E+00 0.129644E+02
 0.349143E+00 0.519580E+00 0.129565E+02
 0.349143E+00 0.519599E+00 0.129709E+02
 0.349161E+00 0.519580E+00 0.129494E+02
 0.349128E+00 0.519932E+00 0.129967E+02
 0.349130E+00 0.519666E+00 0.129668E+02
 0.349142E+00 0.519580E+00 0.129527E+02
 0.349143E+00 0.519580E+00 0.129662E+02
 0.349126E+00 0.519580E+00 0.129534E+02
 0.349149E+00 0.519580E+00 0.129530E+02
 0.349146E+00 0.519586E+00 0.129728E+02
 0.349135E+00 0.519589E+00 0.129532E+02
 0.349144E+00 0.519429E+00 0.129668E+02
 0.349141E+00 0.519582E+00 0.129718E+02
 0.349148E+00 0.519596E+00 0.129485E+02
 0.349143E+00 0.519792E+00 0.129717E+02
 0.349143E+00 0.519575E+00 0.129564E+02
 0.349147E+00 0.519763E+00 0.129733E+02
 0.349130E+00 0.519580E+00 0.129574E+02
 0.349136E+00 0.519149E+00 0.133510E+02
 0.349140E+00 0.519559E+00 0.129503E+02
 0.349143E+00 0.519580E+00 0.129522E+02
 0.349141E+00 0.519580E+00 0.129619E+02
 0.349127E+00 0.519602E+00 0.129521E+02
 0.349145E+00 0.519591E+00 0.129615E+02
 0.349135E+00 0.519585E+00 0.129548E+02
 0.349143E+00 0.519475E+00 0.129648E+02
 0.349144E+00 0.519580E+00 0.129629E+02
 0.349148E+00 0.519622E+00 0.129652E+02
 0.349143E+00 0.519578E+00 0.129509E+02
 0.349079E+00 0.519580E+00 0.129522E+02
 0.349132E+00 0.519122E+00 0.163974E+02
 0.349127E+00 0.519632E+00 0.129646E+02
 0.349128E+00 0.519567E+00 0.129543E+02
 0.349143E+00 0.519581E+00 0.129509E+02
 0.349155E+00 0.519580E+00 0.129615E+02
 0.349144E+00 0.519577E+00 0.129581E+02
 0.349144E+00 0.519579E+00 0.129629E+02
 0.349143E+00 0.519580E+00 0.129536E+02
 0.349142E+00 0.519581E+00 0.129610E+02
 0.349146E+00 0.519598E+00 0.129576E+02
 0.349143E+00 0.519317E+00 0.129633E+02
 0.349166E+00 0.519580E+00 0.129716E+02
 0.349105E+00 0.519580E+00 0.129518E+02
 0.349167E+00 0.519576E+00 0.129615E+02
 0.349143E+00 0.519580E+00 0.129669E+02
 0.349144E+00 0.519581E+00 0.129617E+02
 0.349145E+00 0.519728E+00 0.129695E+02
 0.349138E+00 0.519580E+00 0.129583E+02
 0.349147E+00 0.519621E+00 0.129645E+02
 0.349146E+00 0.519582E+00 0.129556E+02
 0.349142E+00 0.519585E+00 0.129626E+02
 0.349143E+00 0.519580E+00 0.129609E+02
 0.374474E+00 0.524445E+00 0.161626E+02
 0.349143E+00 0.519578E+00 0.129590E+02
 0.349168E+00 0.519580E+00 0.129688E+02
 0.349136E+00 0.520059E+00 0.155656E+02
 0.349131E+00 0.519644E+00 0.129654E+02
 0.349196E+00 0.519591E+00 0.152886E+02
 0.349145E+00 0.519580E+00 0.129581E+02
 0.349143E+00 0.519580E+00 0.129537E+02
 0.349141E+00 0.519600E+00 0.129639E+02
 0.349143E+00 0.519580E+00 0.129634E+02
 0.349143E+00 0.519584E+00 0.129548E+02
 0.349144E+00 0.519552E+00 0.129561E+02
 0.349143E+00 0.519608E+00 0.129532E+02
 0.349143E+00 0.519879E+00 0.129822E+02
 0.349139E+00 0.519734E+00 0.129505E+02
 0.349144E+00 0.519579E+00 0.129605E+02
 0.349135E+00 0.519600E+00 0.129660E+02
 0.349103E+00 0.519582E+00 0.129524E+02
 0.349113E+00 0.519563E+00 0.129708E+02
 0.349139E+00 0.519600E+00 0.129613E+02
 0.349144E+00 0.519577E+00 0.129517E+02
 0.349130E+00 0.519595E+00 0.129615E+02
 0.349082E+00 0.519580E+00 0.129522E+02
 0.349143E+00 0.518910E+00 0.168560E+02
 0.349124E+00 0.519572E+00 0.129575E+02
 0.349143E+00 0.519580E+00 0.129544E+02
 0.349145E+00 0.519581E+00 0.129512E+02
 0.349104E+00 0.519667E+00 0.129509E+02
 0.349144E+00 0.519580E+00 0.129511E+02
 0.349143E+00 0.519579E+00 0.129665E+02
 0.349154E+00 0.519581E+00 0.129643E+02
 0.349140E+00 0.519581E+00 0.129605E+02
 0.349143E+00 0.519580E+00 0.129537E+02
 0.373743E+00 0.520205E+00 0.146432E+02
 0.349101E+00 0.519580E+00 0.129537E+02
 0.349163E+00 0.519579E+00 0.129612E+02
 0.375660E+00 0.519484E+00 0.163076E+02
 0.349143E+00 0.519580E+00 0.129519E+02
 0.349140E+00 0.519585E+00 0.129675E+02
 0.349143E+00 0.519581E+00 0.129574E+02
 0.349143E+00 0.519590E+00 0.129584E+02
 0.349134E+00 0.519580E+00 0.129532E+02
 0.349122E+00 0.520944E+00 0.163489E+02
 0.349145E+00 0.519612E+00 0.129580E+02
 0.349143E+00 0.519580E+00 0.129531E+02
 0.349143E+00 0.519581E+00 0.129621E+02
 0.349146E+00 0.519630E+00 0.129519E+02
 0.349145E+00 0.519580E+00 0.129515E+02
 0.349149E+00 0.519584E+00 0.129635E+02
 0.349143E+00 0.519580E+00 0.129613E+02
 0.349142E+00 0.519580E+00 0.129585E+02
 0.349135E+00 0.519641E+00 0.129651E+02
 0.349158E+00 0.519580E+00 0.129532E+02
 0.349131E+00 0.519533E+00 0.129526E+02
 0.349143E+00 0.519580E+00 0.129524E+02
 0.349144E+00 0.519580E+00 0.129660E+02
 0.349143E+00 0.519583E+00 0.129580E+02
 0.373818E+00 0.523356E+00 0.148297E+02
 0.349143E+00 0.519580E+00 0.129584E+02
 0.378519E+00 0.503794E+00 0.164754E+02
 0.349146E+00 0.519774E+00 0.129647E+02
 0.349081E+00 0.519579E+00 0.129566E+02
 0.349143E+00 0.519581E+00 0.129524E+02
 0.349119E+00 0.519529E+00 0.129566E+02
 0.349144E+00 0.519473E+00 0.129646E+02
 0.349143E+00 0.519580E+00 0.129510E+02
 0.349142E+00 0.519580E+00 0.129663E+02
 0.349144E+00 0.519605E+00 0.129641E+02
 0.349115E+00 0.519579E+00 0.129637E+02
 0.349116E+00 0.519580E+00 0.129514E+02
 0.349143E+00 0.519580E+00 0.129625E+02
 0.349143E+00 0.519580E+00 0.129626E+02
 0.349133E+00 0.519723E+00 0.129638E+02
 0.349146E+00 0.519580E+00 0.129572E+02
 0.349144E+00 0.519637E+00 0.129716E+02
 0.349140E+00 0.519581E+00 0.129609E+02
 0.349145E+00 0.519579E+00 0.129568E+02
 0.349144E+00 0.519579E+00 0.129535E+02
 0.349140E+00 0.519586E+00 0.129653E+02
 0.349144E+00 0.519568E+00 0.129579E+02
 0.349143E+00 0.519644E+00 0.129544E+02
 0.349144E+00 0.519581E+00 0.129514E+02
 0.349141E+00 0.519665E+00 0.129985E+02
 0.349143E+00 0.519584E+00 0.129658E+02
 0.349144E+00 0.519577E+00 0.129600E+02
 0.349144E+00 0.519646E+00 0.129656E+02
 0.349143E+00 0.519580E+00 0.129573E+02
 0.349144E+00 0.519667E+00 0.129683E+02
 0.379561E+00 0.505908E+00 0.172276E+02
 0.373044E+00 0.520303E+00 0.145602E+02
 0.349143E+00 0.519631E+00 0.129721E+02
 0.349186E+00 0.519580E+00 0.151956E+02
 0.349121E+00 0.519608E+00 0.129686E+02
 0.349144E+00 0.519581E+00 0.129557E+02
 0.349144E+00 0.519580E+00 0.129605E+02
 0.349144E+00 0.519525E+00 0.129649E+02
 0.349154E+00 0.519589E+00 0.129639E+02
 0.349143E+00 0.519581E+00 0.129586E+02
 0.349120E+00 0.519592E+00 0.129551E+02
 0.349144E+00 0.519616E+00 0.129566E+02
 0.349143E+00 0.519580E+00 0.129532E+02
 0.349143E+00 0.519685E+00 0.129640E+02
 0.349115E+00 0.519580E+00 0.129536E+02
 0.349143E+00 0.519580E+00 0.129548E+02
 0.349124E+00 0.519655E+00 0.129540E+02
 0.349145E+00 0.519580E+00 0.129622E+02
 0.349149E+00 0.519594E+00 0.129611E+02
 0.349145E+00 0.519583E+00 0.129654E+02
 0.349144E+00 0.519578E+00 0.129622E+02
 0.349147E+00 0.519578E+00 0.129609E+02
 0.349140E+00 0.519583E+00 0.129875E+02
 0.349143E+00 0.519705E+00 0.129708E+02
 0.349114E+00 0.519670E+00 0.129659E+02
 0.349116E+00 0.519580E+00 0.129664E+02
 0.349143E+00 0.519688E+00 0.129666E+02
 0.349142E+00 0.519580E+00 0.129661E+02
 0.349151E+00 0.519590E+00 0.129621E+02
 0.349144E+00 0.519581E+00 0.129597E+02
 0.349154E+00 0.519601E+00 0.129898E+02
 0.349144E+00 0.519528E+00 0.129575E+02
 0.349143E+00 0.519580E+00 0.129494E+02
 0.349143E+00 0.519580E+00 0.129585E+02
 0.349151E+00 0.519650E+00 0.129553E+02
 0.349144E+00 0.519576E+00 0.129664E+02
 0.349180E+00 0.519580E+00 0.152524E+02
 0.349116E+00 0.519545E+00 0.129602E+02
 0.349175E+00 0.519579E+00 0.129575E+02
 0.349143E+00 0.519580E+00 0.129672E+02
 0.349141E+00 0.519580E+00 0.129516E+02
 0.349146E+00 0.519580E+00 0.129564E+02
 0.349153E+00 0.519595E+00 0.129603E+02
 0.349144E+00 0.519550E+00 0.129611E+02
 0.349143E+00 0.519580E+00 0.129511E+02
 0.349143E+00 0.519581E+00 0.129534E+02
 0.349144E+00 0.519581E+00 0.129511E+02
 0.349143E+00 0.519592E+00 0.129682E+02
 0.349127E+00 0.519581E+00 0.129561E+02
 0.349143E+00 0.519580E+00 0.129530E+02
 0.349141E+00 0.519591E+00 0.129592E+02
 0.349143E+00 0.519625E+00 0.129669E+02
 0.349122E+00 0.519580E+00 0.129560E+02
 0.349144E+00 0.519580E+00 0.129594E+02
 0.374055E+00 0.527628E+00 0.155293E+02
 0.349143E+00 0.519592E+00 0.129553E+02
 0.349147E+00 0.519576E+00 0.129587E+02
 0.349151E+00 0.519579E+00 0.129668E+02
 0.349144E+00 0.519578E+00 0.129692E+02
 0.349150E+00 0.519572E+00 0.129570E+02
 0.349144E+00 0.519556E+00 0.129623E+02
 0.349143E+00 0.519581E+00 0.129541E+02
 0.349140E+00 0.519580E+00 0.129589E+02
 0.349183E+00 0.519580E+00 0.153161E+02
 0.349150E+00 0.519579E+00 0.129612E+02
 0.349144E+00 0.519580E+00 0.129629E+02
 0.349124E+00 0.519579E+00 0.129553E+02
 0.349142E+00 0.519580E+00 0.129496E+02
 0.349146E+00 0.519598E+00 0.129712E+02
 0.349154E+00 0.519603E+00 0.129658E+02
 0.349144E+00 0.519580E+00 0.129575E+02
 0.349144E+00 0.519556E+00 0.129694E+02
 0.349143E+00 0.519661E+00 0.129590E+02
 0.349143E+00 0.519581E+00 0.129513E+02
 0.349144E+00 0.519574E+00 0.129571E+02
 0.349102E+00 0.519580E+00 0.129540E+02
 0.349144E+00 0.519598E+00 0.129592E+02
 0.349151E+00 0.519580E+00 0.129535E+02
 0.349133E+00 0.519587E+00 0.129722E+02
 0.349179E+00 0.519583E+00 0.152513E+02
 0.349143E+00 0.519580E+00 0.129742E+02
 0.349156E+00 0.519580E+00 0.129542E+02
 0.349142E+00 0.519576E+00 0.129606E+02
 0.349138E+00 0.519580E+00 0.129589E+02
 0.349143E+00 0.519580E+00 0.129575E+02
 0.349145E+00 0.519646E+00 0.129581E+02
 0.349143E+00 0.519749E+00 0.129524E+02
 0.358775E+00 0.507537E+00 0.146805E+02
 0.349187E+00 0.519580E+00 0.152470E+02
 0.349089E+00 0.519556E+00 0.129585E+02
 0.349104E+00 0.519672E+00 0.129631E+02
 0.349093E+00 0.519771E+00 0.129579E+02
 0.349145E+00 0.519580E+00 0.129586E+02
 0.349143E+00 0.519602E+00 0.129533E+02
 0.349139E+00 0.519571E+00 0.129525E+02
 0.349138E+00 0.519589E+00 0.129596E+02
 0.349143E+00 0.519580E+00 0.129512E+02
 0.349144E+00 0.519580E+00 0.129560E+02
 0.349143E+00 0.519585E+00 0.129525E+02
 0.349203E+00 0.519580E+00 0.152888E+02
 0.349083E+00 0.519580E+00 0.129542E+02
 0.349126E+00 0.519581E+00 0.129605E+02
 0.349143E+00 0.519581E+00 0.129706E+02
 0.349144E+00 0.519580E+00 0.129665E+02
 0.349143E+00 0.519569E+00 0.129596E+02
 0.349144E+00 0.519586E+00 0.129634E+02
 0.349144E+00 0.519582E+00 0.129668E+02
 0.349140E+00 0.519588E+00 0.129547E+02
 0.349143E+00 0.519580E+00 0.129498E+02
 0.349143E+00 0.519580E+00 0.129615E+02
 0.349144E+00 0.519500E+00 0.129570E+02
 0.349073E+00 0.519580E+00 0.129544E+02
 0.349144E+00 0.519581E+00 0.129723E+02
 0.349145E+00 0.519585E+00 0.129604E+02
 0.349144E+00 0.519544E+00 0.129557E+02
 0.349142E+00 0.519583E+00 0.129558E+02
 0.349137E+00 0.519556E+00 0.129503E+02
 0.349203E+00 0.519580E+00 0.152010E+02
 0.349176E+00 0.519581E+00 0.129678E+02
 0.349144E+00 0.519559E+00 0.129613E+02
 0.349144E+00 0.519581E+00 0.129572E+02
 0.349143E+00 0.519579E+00 0.129562E+02
 0.349144E+00 0.519553E+00 0.129592E+02
 0.349143E+00 0.519580E+00 0.129535E+02
 0.349140E+00 0.519580E+00 0.129632E+02
 0.349143E+00 0.519580E+00 0.129528E+02
 0.349172E+00 0.519752E+00 0.154601E+02
 0.349155E+00 0.519586E+00 0.129516E+02
 0.349144E+00 0.519579E+00 0.129545E+02
 0.349143E+00 0.519577E+00 0.129533E+02
 0.349142E+00 0.519582E+00 0.129595E+02
 0.349139E+00 0.519580E+00 0.129611E+02
 0.349143E+00 0.519653E+00 0.129554E+02
 0.349143E+00 0.519581E+00 0.129616E+02
 0.349107E+00 0.523469E+00 0.129306E+02
 0.349126E+00 0.519582E+00 0.129557E+02
 0.349144E+00 0.519581E+00 0.129566E+02
 0.349143E+00 0.519580E+00 0.129609E+02
 0.349089E+00 0.519693E+00 0.129667E+02
 0.349144E+00 0.519581E+00 0.129524E+02
 0.349143E+00 0.519598E+00 0.129617E+02
 0.349159E+00 0.519602E+00 0.129677E+02
 0.349144E+00 0.519580E+00 0.129575E+02
 0.349144E+00 0.519578E+00 0.129562E+02
 0.349144E+00 0.519583E+00 0.129680E+02
 0.349143E+00 0.519580E+00 0.129534E+02
 0.349142E+00 0.519599E+00 0.129674E+02
 0.349134E+00 0.520925E+00 0.164212E+02
 0.349135E+00 0.520106E+00 0.156408E+02
 0.349093E+00 0.520710E+00 0.160983E+02
 0.349099E+00 0.523346E+00 0.129126E+02
 0.349111E+00 0.520476E+00 0.159400E+02
 0.349130E+00 0.521786E+00 0.172155E+02
 0.349152E+00 0.521633E+00 0.170975E+02
 0.372410E+00 0.521841E+00 0.141185E+02
 0.349108E+00 0.519564E+00 0.129650E+02
 0.373707E+00 0.521941E+00 0.146034E+02
 0.349118E+00 0.518283E+00 0.182392E+02
 0.349152E+00 0.520477E+00 0.158945E+02
 0.349052E+00 0.521639E+00 0.171863E+02
 0.349102E+00 0.523277E+00 0.129157E+02
 0.349112E+00 0.519658E+00 0.129583E+02
 0.349102E+00 0.521273E+00 0.167566E+02
 0.349132E+00 0.519492E+00 0.129600E+02
 0.349113E+00 0.518890E+00 0.170917E+02
 0.349124E+00 0.521786E+00 0.171942E+02
 0.349135E+00 0.520685E+00 0.160604E+02
 0.349097E+00 0.521452E+00 0.169413E+02
 0.349080E+00 0.519704E+00 0.129640E+02
 0.349092E+00 0.520130E+00 0.129903E+02
 0.349142E+00 0.520790E+00 0.161194E+02
 0.349170E+00 0.521101E+00 0.164251E+02
 0.349130E+00 0.523224E+00 0.128896E+02
 0.349112E+00 0.521074E+00 0.165109E+02
 0.349123E+00 0.520179E+00 0.129960E+02
 0.349171E+00 0.519137E+00 0.129741E+02
 0.349132E+00 0.521637E+00 0.171483E+02
 0.349127E+00 0.519378E+00 0.129615E+02
 0.349164E+00 0.520222E+00 0.157550E+02
 0.349093E+00 0.521002E+00 0.163593E+02
 0.349117E+00 0.520662E+00 0.162133E+02
 0.349158E+00 0.518588E+00 0.177913E+02
 0.349172E+00 0.520467E+00 0.158677E+02
 0.349141E+00 0.518542E+00 0.178725E+02
 0.349115E+00 0.519869E+00 0.129605E+02
 0.349142E+00 0.521752E+00 0.171860E+02
 0.349180E+00 0.520888E+00 0.162044E+02
 0.349180E+00 0.518579E+00 0.180458E+02
 0.349076E+00 0.519716E+00 0.129658E+02
 0.349149E+00 0.519789E+00 0.129600E+02
 0.349150E+00 0.523218E+00 0.128914E+02
 0.349109E+00 0.521569E+00 0.169906E+02
 0.349098E+00 0.521035E+00 0.164984E+02
 0.349101E+00 0.519171E+00 0.129739E+02
 0.374990E+00 0.523930E+00 0.157592E+02
 0.349120E+00 0.519679E+00 0.129648E+02
 0.349141E+00 0.520518E+00 0.160208E+02
 0.349134E+00 0.521276E+00 0.166573E+02
 0.349153E+00 0.520350E+00 0.158055E+02
 0.349123E+00 0.523292E+00 0.129144E+02
 0.349166E+00 0.520463E+00 0.160098E+02
 0.349118E+00 0.520711E+00 0.161603E+02
 0.349104E+00 0.523233E+00 0.129115E+02
 0.349160E+00 0.518594E+00 0.180040E+02
 0.349150E+00 0.519166E+00 0.129735E+02
 0.349140E+00 0.521614E+00 0.169470E+02
 0.349141E+00 0.520773E+00 0.162058E+02
 0.349127E+00 0.520387E+00 0.158762E+02
 0.374053E+00 0.520621E+00 0.144093E+02
 0.349163E+00 0.520142E+00 0.156685E+02
 0.349123E+00 0.520948E+00 0.163022E+02
 0.349133E+00 0.519244E+00 0.129705E+02
 0.349119E+00 0.519591E+00 0.129536E+02
 0.349109E+00 0.521793E+00 0.172599E+02
 0.349122E+00 0.519626E+00 0.129635E+02
 0.349124E+00 0.518373E+00 0.181528E+02
 0.349132E+00 0.520972E+00 0.163644E+02
 0.349133E+00 0.523218E+00 0.129060E+02
 0.374533E+00 0.529050E+00 0.163756E+02
 0.349127E+00 0.519697E+00 0.129697E+02
 0.349128E+00 0.520588E+00 0.161253E+02
 0.349209E+00 0.521329E+00 0.167452E+02
 0.375898E+00 0.520926E+00 0.160324E+02
 0.349145E+00 0.520158E+00 0.155793E+02
 0.349127E+00 0.519464E+00 0.129556E+02
 0.349124E+00 0.518858E+00 0.171151E+02
 0.373138E+00 0.523121E+00 0.145863E+02
 0.349109E+00 0.521557E+00 0.170630E+02
 0.349145E+00 0.521151E+00 0.165513E+02
 0.349110E+00 0.523345E+00 0.129130E+02
 0.373316E+00 0.524524E+00 0.149778E+02
 0.349146E+00 0.519824E+00 0.129711E+02
 0.349108E+00 0.520586E+00 0.159565E+02
 0.349145E+00 0.520417E+00 0.159056E+02
 0.349121E+00 0.521404E+00 0.167983E+02
 0.373205E+00 0.522762E+00 0.146058E+02
 0.349128E+00 0.520627E+00 0.161582E+02
 0.349081E+00 0.519836E+00 0.129664E+02
 0.349101E+00 0.519888E+00 0.129647E+02
 0.349134E+00 0.519424E+00 0.129588E+02
 0.349156E+00 0.521455E+00 0.169804E+02
 0.349188E+00 0.520878E+00 0.163246E+02
 0.349156E+00 0.519980E+00 0.155405E+02
 0.349133E+00 0.519084E+00 0.133685E+02
 0.349142E+00 0.518568E+00 0.172420E+02
 0.349115E+00 0.520572E+00 0.159778E+02
 0.349144E+00 0.518739E+00 0.174392E+02
 0.349126E+00 0.520435E+00 0.158900E+02
 0.349121E+00 0.520825E+00 0.163690E+02
 0.349141E+00 0.519838E+00 0.129587E+02
 0.349147E+00 0.519145E+00 0.129752E+02
 0.349138E+00 0.522716E+00 0.130616E+02
 0.349125E+00 0.521684E+00 0.172104E+02
 0.349162E+00 0.520751E+00 0.161350E+02
 0.349141E+00 0.521309E+00 0.166510E+02
 0.349132E+00 0.521689E+00 0.171944E+02
 0.372547E+00 0.522652E+00 0.141839E+02
 0.349143E+00 0.520553E+00 0.159641E+02
 0.349161E+00 0.519550E+00 0.129570E+02
 0.349138E+00 0.520967E+00 0.163556E+02
 0.349117E+00 0.520334E+00 0.130469E+02
 0.349125E+00 0.519661E+00 0.129522E+02
 0.349104E+00 0.518933E+00 0.168632E+02
 0.349099E+00 0.523242E+00 0.128890E+02
 0.349102E+00 0.521524E+00 0.168789E+02
 0.349123E+00 0.521583E+00 0.171652E+02
 0.349108E+00 0.521704E+00 0.172285E+02
 0.349103E+00 0.521124E+00 0.165185E+02
 0.349136E+00 0.518696E+00 0.176789E+02
 0.349122E+00 0.520548E+00 0.160724E+02
 0.349107E+00 0.520185E+00 0.130434E+02
 0.349132E+00 0.519530E+00 0.129544E+02
 0.349127E+00 0.520515E+00 0.159748E+02
 0.349084E+00 0.519886E+00 0.129730E+02
 0.349105E+00 0.521457E+00 0.168526E+02
 0.349114E+00 0.521161E+00 0.165580E+02
 0.348950E+00 0.519902E+00 0.129773E+02
 0.349107E+00 0.521613E+00 0.170588E+02
 0.349050E+00 0.520079E+00 0.130179E+02
 0.349095E+00 0.518834E+00 0.168884E+02
 0.349119E+00 0.520854E+00 0.162782E+02
 0.349139E+00 0.521029E+00 0.163858E+02
 0.349126E+00 0.520831E+00 0.162044E+02
 0.349141E+00 0.520710E+00 0.160257E+02
 0.349158E+00 0.519888E+00 0.155277E+02
 0.349098E+00 0.521042E+00 0.164570E+02
 0.349143E+00 0.519637E+00 0.129701E+02
 0.349118E+00 0.521266E+00 0.167351E+02
 0.349116E+00 0.521681E+00 0.171289E+02
 0.349117E+00 0.521302E+00 0.166724E+02
 0.349106E+00 0.520533E+00 0.131262E+02
 0.349110E+00 0.519935E+00 0.129748E+02
 0.349115E+00 0.520285E+00 0.157252E+02
 0.349125E+00 0.521093E+00 0.166008E+02
 0.349140E+00 0.523338E+00 0.129318E+02
 0.349088E+00 0.520399E+00 0.130677E+02
 0.349114E+00 0.521510E+00 0.169693E+02
 0.349145E+00 0.519924E+00 0.154563E+02
 0.349138E+00 0.521326E+00 0.166459E+02
 0.349168E+00 0.520500E+00 0.158609E+02
 0.349120E+00 0.519028E+00 0.129846E+02
 0.349194E+00 0.519409E+00 0.129613E+02
 0.349173E+00 0.520481E+00 0.158185E+02
 0.349131E+00 0.520812E+00 0.162418E+02
 0.349000E+00 0.519777E+00 0.129629E+02
 0.349110E+00 0.519286E+00 0.129666E+02
 0.349118E+00 0.520271E+00 0.130508E+02
 0.349095E+00 0.519920E+00 0.129605E+02
 0.349112E+00 0.518413E+00 0.181906E+02
 0.372385E+00 0.523151E+00 0.141066E+02
 0.349129E+00 0.523374E+00 0.128974E+02
 0.349095E+00 0.521171E+00 0.166259E+02
 0.349135E+00 0.521558E+00 0.170546E+02
 0.373031E+00 0.523896E+00 0.146506E+02
 0.349131E+00 0.519242E+00 0.129680E+02
 0.349149E+00 0.519566E+00 0.129542E+02
 0.349147E+00 0.519308E+00 0.129660E+02
 0.349130E+00 0.521427E+00 0.167582E+02
 0.349126E+00 0.523399E+00 0.128999E+02
 0.349139E+00 0.520120E+00 0.156911E+02
 0.349130E+00 0.523137E+00 0.128844E+02
 0.349230E+00 0.519126E+00 0.129734E+02
 0.349234E+00 0.521081E+00 0.164492E+02
 0.349131E+00 0.523258E+00 0.129130E+02
 0.349134E+00 0.521080E+00 0.165002E+02
 0.349205E+00 0.519391E+00 0.151561E+02
 0.349121E+00 0.520057E+00 0.129893E+02
 0.349158E+00 0.519925E+00 0.155361E+02
 0.349118E+00 0.523232E+00 0.128886E+02
 0.349148E+00 0.519057E+00 0.133687E+02
 0.349120E+00 0.521351E+00 0.168440E+02
 0.349099E+00 0.519799E+00 0.129701E+02
 0.349070E+00 0.521159E+00 0.165944E+02
 0.349135E+00 0.519215E+00 0.129701E+02
 0.349193E+00 0.520196E+00 0.157294E+02
 0.373771E+00 0.522875E+00 0.147457E+02
 0.349122E+00 0.523387E+00 0.129287E+02
 0.349191E+00 0.521276E+00 0.166884E+02
 0.349134E+00 0.519495E+00 0.129563E+02
 0.349136E+00 0.521593E+00 0.170542E+02
 0.373164E+00 0.527910E+00 0.160987E+02
 0.349139E+00 0.519872E+00 0.129617E+02
 0.349161E+00 0.520820E+00 0.162326E+02
 0.349152E+00 0.519062E+00 0.163311E+02
 0.349198E+00 0.518484E+00 0.180975E+02
 0.349157E+00 0.519419E+00 0.129591E+02
 0.349151E+00 0.518767E+00 0.174585E+02
 0.349124E+00 0.520089E+00 0.130403E+02
 0.349127E+00 0.521270E+00 0.166537E+02
 0.349132E+00 0.519505E+00 0.129522E+02
 0.349115E+00 0.523318E+00 0.129199E+02
 0.372316E+00 0.521360E+00 0.140981E+02
 0.349143E+00 0.519427E+00 0.129566E+02
 0.349120E+00 0.520192E+00 0.130420E+02
 0.349126E+00 0.523217E+00 0.129093E+02
 0.372153E+00 0.522647E+00 0.139712E+02
 0.349129E+00 0.518913E+00 0.165267E+02
 0.349156E+00 0.521037E+00 0.164770E+02
 0.349152E+00 0.521153E+00 0.165560E+02
 0.349062E+00 0.519373E+00 0.129625E+02
 0.349143E+00 0.523357E+00 0.129171E+02
 0.349121E+00 0.521391E+00 0.168520E+02
 0.349148E+00 0.520502E+00 0.158358E+02
 0.349134E+00 0.523432E+00 0.129390E+02
 0.349141E+00 0.519172E+00 0.129738E+02
 0.349127E+00 0.521417E+00 0.168195E+02
 0.349093E+00 0.521326E+00 0.168054E+02
 0.349129E+00 0.521600E+00 0.169440E+02
 0.349126E+00 0.523406E+00 0.129328E+02
 0.349103E+00 0.520219E+00 0.129875E+02
 0.349113E+00 0.521410E+00 0.167218E+02
 0.349144E+00 0.520770E+00 0.161450E+02
 0.349140E+00 0.523205E+00 0.129067E+02
 0.349130E+00 0.519283E+00 0.164005E+02
 0.349138E+00 0.523334E+00 0.129013E+02
 0.349120E+00 0.519785E+00 0.129596E+02
 0.349153E+00 0.523288E+00 0.129158E+02
 0.375150E+00 0.524140E+00 0.159748E+02
 0.349105E+00 0.520667E+00 0.161613E+02
 0.349139E+00 0.523384E+00 0.129028E+02
 0.349120E+00 0.523314E+00 0.129259E+02
 0.349134E+00 0.520444E+00 0.158488E+02
 0.372879E+00 0.523513E+00 0.144150E+02
 0.349121E+00 0.520175E+00 0.130349E+02
 0.349178E+00 0.521555E+00 0.170440E+02
 0.349124E+00 0.519943E+00 0.130100E+02
 0.349135E+00 0.523190E+00 0.128865E+02
 0.349162E+00 0.519857E+00 0.154966E+02
 0.349112E+00 0.523274E+00 0.129120E+02
 0.349113E+00 0.518762E+00 0.172329E+02
 0.349165E+00 0.519110E+00 0.129935E+02
 0.349089E+00 0.523313E+00 0.129127E+02
 0.349103E+00 0.521014E+00 0.165335E+02
 0.349104E+00 0.518636E+00 0.174632E+02
 0.349140E+00 0.520099E+00 0.130252E+02
 0.349126E+00 0.520032E+00 0.130088E+02
 0.349107E+00 0.519240E+00 0.129716E+02
 0.349137E+00 0.523278E+00 0.129168E+02
 0.349119E+00 0.523235E+00 0.128880E+02
 0.349127E+00 0.520242E+00 0.157686E+02
 0.349123E+00 0.523310E+00 0.129107E+02
 0.349356E+00 0.519599E+00 0.152412E+02
 0.349143E+00 0.523259E+00 0.128941E+02
 0.349128E+00 0.520225E+00 0.156906E+02
 0.379932E+00 0.523598E+00 0.158524E+02
 0.349124E+00 0.518794E+00 0.171203E+02
 0.349125E+00 0.523375E+00 0.129174E+02
 0.349111E+00 0.518623E+00 0.173105E+02
 0.349068E+00 0.523256E+00 0.129032E+02
 0.349136E+00 0.519763E+00 0.129526E+02
 0.349111E+00 0.521197E+00 0.165749E+02
 0.349121E+00 0.523281E+00 0.129124E+02
 0.349120E+00 0.518811E+00 0.170541E+02
 0.349136E+00 0.521657E+00 0.170858E+02
 0.349235E+00 0.520270E+00 0.157894E+02
 0.349121E+00 0.523358E+00 0.129165E+02
 0.349198E+00 0.520614E+00 0.160320E+02
 0.349128E+00 0.523488E+00 0.129322E+02
 0.349114E+00 0.519470E+00 0.129584E+02
 0.349121E+00 0.518758E+00 0.173153E+02
 0.373504E+00 0.521344E+00 0.146301E+02
 0.349110E+00 0.521256E+00 0.166174E+02
 0.349139E+00 0.523289E+00 0.129189E+02
 0.349166E+00 0.519001E+00 0.165146E+02
 0.349132E+00 0.519943E+00 0.129748E+02
 0.349137E+00 0.523279E+00 0.128944E+02
 0.349130E+00 0.523134E+00 0.128856E+02
 0.349106E+00 0.520117E+00 0.130150E+02
 0.349129E+00 0.521660E+00 0.171097E+02
 0.349146E+00 0.521854E+00 0.172822E+02
 0.349136E+00 0.520044E+00 0.129883E+02
 0.349142E+00 0.519935E+00 0.130283E+02
 0.349144E+00 0.518826E+00 0.167745E+02
 0.349141E+00 0.521003E+00 0.163555E+02
 0.349123E+00 0.518868E+00 0.173117E+02
 0.349138E+00 0.518916E+00 0.165038E+02
 0.349091E+00 0.523176E+00 0.129013E+02
 0.367474E+00 0.523001E+00 0.174196E+02
 0.349125E+00 0.520376E+00 0.157453E+02
 0.349120E+00 0.519881E+00 0.129723E+02
 0.349132E+00 0.520215E+00 0.130485E+02
 0.349144E+00 0.523391E+00 0.129387E+02
 0.349111E+00 0.519857E+00 0.129598E+02
 0.349140E+00 0.520253E+00 0.157072E+02
 0.349136E+00 0.518985E+00 0.167889E+02
 0.349131E+00 0.520017E+00 0.129743E+02
 0.349122E+00 0.520043E+00 0.129788E+02
 0.349124E+00 0.519847E+00 0.129598E+02
 0.349152E+00 0.518913E+00 0.165937E+02
 0.349124E+00 0.523343E+00 0.128914E+02
 0.349162E+00 0.521166E+00 0.165158E+02
 0.349132E+00 0.523388E+00 0.129368E+02
 0.349142E+00 0.521427E+00 0.168706E+02
 0.349119E+00 0.518707E+00 0.170261E+02
 0.349136E+00 0.523245E+00 0.128925E+02
 0.349144E+00 0.519969E+00 0.129869E+02
 0.349123E+00 0.520479E+00 0.159850E+02
 0.349129E+00 0.523232E+00 0.128935E+02
 0.349097E+00 0.521372E+00 0.169063E+02
 0.349139E+00 0.520686E+00 0.162046E+02
 0.373810E+00 0.523854E+00 0.150027E+02
 0.349115E+00 0.523189E+00 0.128832E+02
 0.349144E+00 0.523177E+00 0.128920E+02
 0.349124E+00 0.518851E+00 0.168123E+02
 0.349122E+00 0.520024E+00 0.129856E+02
 0.349123E+00 0.523242E+00 0.128873E+02
 0.349107E+00 0.523257E+00 0.129080E+02
 0.349133E+00 0.523380E+00 0.129301E+02
 0.349121E+00 0.523177E+00 0.128871E+02
 0.372837E+00 0.524804E+00 0.145596E+02
 0.373868E+00 0.522412E+00 0.146349E+02
 0.349113E+00 0.519584E+00 0.129615E+02
 0.349115E+00 0.523348E+00 0.129255E+02
 0.349120E+00 0.523142E+00 0.128833E+02
 0.349108E+00 0.523246E+00 0.128901E+02
 0.349118E+00 0.518815E+00 0.174207E+02
 0.349141E+00 0.523241E+00 0.128943E+02
 0.349171E+00 0.521579E+00 0.169400E+02
 0.349137E+00 0.521380E+00 0.168691E+02
 0.349122E+00 0.521103E+00 0.165182E+02
 0.349117E+00 0.523206E+00 0.129065E+02
 0.349124E+00 0.518881E+00 0.168512E+02
 0.373856E+00 0.523106E+00 0.147823E+02
 0.349133E+00 0.523356E+00 0.129198E+02
 0.349129E+00 0.519078E+00 0.129797E+02
 0.349173E+00 0.521649E+00 0.169819E+02
 0.349184E+00 0.520003E+00 0.154277E+02
 0.349096E+00 0.520165E+00 0.129913E+02
 0.349139E+00 0.521618E+00 0.170922E+02
 0.349093E+00 0.523189E+00 0.129024E+02
 0.349136E+00 0.519333E+00 0.129622E+02
 0.349118E+00 0.523208E+00 0.128861E+02
 0.349127E+00 0.519531E+00 0.129638E+02
 0.349113E+00 0.521436E+00 0.169496E+02
 0.349090E+00 0.523308E+00 0.129116E+02
 0.349135E+00 0.519580E+00 0.129524E+02
 0.349127E+00 0.523290E+00 0.128939E+02
 0.379982E+00 0.523177E+00 0.154387E+02
 0.349118E+00 0.518578E+00 0.178652E+02
 0.349091E+00 0.520635E+00 0.131312E+02
 0.372661E+00 0.522679E+00 0.142529E+02
 0.349117E+00 0.520695E+00 0.161552E+02
 0.349217E+00 0.519814E+00 0.153931E+02
 0.349073E+00 0.523304E+00 0.129120E+02
 0.349103E+00 0.523301E+00 0.128903E+02
 0.349137E+00 0.519142E+00 0.164394E+02
 0.349126E+00 0.520506E+00 0.160292E+02
 0.349120E+00 0.523259E+00 0.128917E+02
 0.349137E+00 0.521243E+00 0.166491E+02
 0.349127E+00 0.521290E+00 0.167811E+02
 0.349134E+00 0.521192E+00 0.165919E+02
 0.349132E+00 0.518506E+00 0.177014E+02
 0.349117E+00 0.523260E+00 0.129043E+02
 0.349084E+00 0.520168E+00 0.130274E+02
 0.349134E+00 0.520323E+00 0.159000E+02
 0.349117E+00 0.523241E+00 0.128881E+02
 0.349134E+00 0.521458E+00 0.167829E+02
 0.349134E+00 0.520628E+00 0.160357E+02
 0.349114E+00 0.523226E+00 0.128885E+02
 0.349122E+00 0.523270E+00 0.128885E+02
 0.349123E+00 0.520646E+00 0.161623E+02
 0.349139E+00 0.520390E+00 0.158196E+02
 0.349123E+00 0.520014E+00 0.130081E+02
 0.349070E+00 0.519791E+00 0.129685E+02
 0.349151E+00 0.520738E+00 0.161764E+02
 0.349116E+00 0.523227E+00 0.128869E+02
 0.349117E+00 0.520427E+00 0.158731E+02
 0.348945E+00 0.519669E+00 0.129700E+02
 0.349126E+00 0.523374E+00 0.129332E+02
 0.375042E+00 0.524068E+00 0.157808E+02
 0.349110E+00 0.521672E+00 0.171449E+02
 0.373714E+00 0.523036E+00 0.147392E+02
 0.349096E+00 0.523260E+00 0.129118E+02
 0.349112E+00 0.523257E+00 0.129126E+02
 0.349229E+00 0.521090E+00 0.165543E+02
 0.349113E+00 0.523331E+00 0.128937E+02
 0.349148E+00 0.520000E+00 0.156037E+02
 0.349060E+00 0.521818E+00 0.172765E+02
 0.349157E+00 0.523202E+00 0.128902E+02
 0.349103E+00 0.523250E+00 0.129022E+02
 0.349122E+00 0.520418E+00 0.159018E+02
 0.375867E+00 0.523195E+00 0.160653E+02
 0.349133E+00 0.520986E+00 0.164453E+02
 0.349142E+00 0.520766E+00 0.161260E+02
 0.349134E+00 0.523302E+00 0.129104E+02
 0.372075E+00 0.523185E+00 0.139064E+02
 0.349133E+00 0.523188E+00 0.128885E+02
 0.349119E+00 0.523200E+00 0.129077E+02
 0.349115E+00 0.520582E+00 0.161151E+02
 0.348928E+00 0.519642E+00 0.179704E+02
 0.349114E+00 0.523206E+00 0.128893E+02
 0.349101E+00 0.520083E+00 0.130190E+02
 0.349117E+00 0.523285E+00 0.128932E+02
 0.349115E+00 0.519030E+00 0.133582E+02
 0.349119E+00 0.518411E+00 0.181033E+02
 0.349137E+00 0.520795E+00 0.162844E+02
 0.349148E+00 0.518611E+00 0.180613E+02
 0.349109E+00 0.523260E+00 0.128890E+02
 0.349116E+00 0.523261E+00 0.129062E+02
 0.349116E+00 0.520464E+00 0.131167E+02
 0.349126E+00 0.523265E+00 0.128909E+02
 0.349091E+00 0.523216E+00 0.129064E+02
 0.349048E+00 0.520152E+00 0.130259E+02
 0.373648E+00 0.523334E+00 0.147169E+02
 0.349114E+00 0.523324E+00 0.129169E+02
 0.349105E+00 0.523262E+00 0.129061E+02
 0.349107E+00 0.520375E+00 0.130897E+02
 0.349136E+00 0.519279E+00 0.134102E+02
 0.349125E+00 0.523394E+00 0.129319E+02
 0.349116E+00 0.523183E+00 0.128845E+02
 0.349100E+00 0.520661E+00 0.161663E+02
 0.349069E+00 0.519772E+00 0.129711E+02
 0.349121E+00 0.523361E+00 0.129350E+02
 0.349130E+00 0.523238E+00 0.128915E+02
 0.349141E+00 0.523182E+00 0.128860E+02
 0.349148E+00 0.521359E+00 0.168273E+02
 0.349124E+00 0.523445E+00 0.129268E+02
 0.349121E+00 0.523220E+00 0.129099E+02
 0.349121E+00 0.520198E+00 0.130429E+02
 0.349117E+00 0.523399E+00 0.129339E+02
 0.349140E+00 0.523196E+00 0.128878E+02
 0.349148E+00 0.520641E+00 0.160986E+02
 0.349130E+00 0.520154E+00 0.156327E+02
 0.349118E+00 0.523240E+00 0.128892E+02
 0.349134E+00 0.519824E+00 0.129784E+02
 0.349079E+00 0.520502E+00 0.130966E+02
 0.349190E+00 0.518508E+00 0.181546E+02
 0.349134E+00 0.521419E+00 0.167234E+02
 0.349098E+00 0.523211E+00 0.128841E+02
 0.349117E+00 0.523199E+00 0.128883E+02
 0.349126E+00 0.518810E+00 0.167903E+02
 0.349173E+00 0.521922E+00 0.173158E+02
 0.349111E+00 0.523284E+00 0.128903E+02
 0.349115E+00 0.523190E+00 0.129079E+02
 0.373746E+00 0.518866E+00 0.148035E+02
 0.349134E+00 0.521347E+00 0.167697E+02
 0.349115E+00 0.523184E+00 0.128854E+02
 0.349101E+00 0.520551E+00 0.160385E+02
 0.349134E+00 0.523134E+00 0.128846E+02
 0.349115E+00 0.523204E+00 0.129061E+02
 0.349113E+00 0.521691E+00 0.172344E+02
 0.349116E+00 0.519033E+00 0.133559E+02
 0.349242E+00 0.519078E+00 0.149797E+02
 0.349191E+00 0.520477E+00 0.159536E+02
 0.349133E+00 0.519235E+00 0.129698E+02
 0.349108E+00 0.523344E+00 0.128937E+02
 0.349077E+00 0.523184E+00 0.129036E+02
 0.349125E+00 0.521422E+00 0.168453E+02
 0.349136E+00 0.520559E+00 0.160608E+02
 0.349151E+00 0.520046E+00 0.156149E+02
 0.349116E+00 0.519050E+00 0.133573E+02
 0.349109E+00 0.518497E+00 0.178906E+02
 0.349098E+00 0.523391E+00 0.129159E+02
 0.349142E+00 0.519898E+00 0.130089E+02
 0.349116E+00 0.523390E+00 0.129307E+02
 0.349116E+00 0.523315E+00 0.129154E+02
 0.349109E+00 0.519207E+00 0.129712E+02
 0.349128E+00 0.519243E+00 0.129686E+02
 0.349129E+00 0.520875E+00 0.163796E+02
 0.373078E+00 0.523163E+00 0.145435E+02
 0.349117E+00 0.521207E+00 0.165546E+02
 0.349114E+00 0.523279E+00 0.129210E+02
 0.349119E+00 0.523262E+00 0.129092E+02
 0.349124E+00 0.523262E+00 0.129130E+02
 0.349115E+00 0.523188E+00 0.128892E+02
 0.349144E+00 0.523214E+00 0.128897E+02
 0.349107E+00 0.523363E+00 0.128954E+02
 0.349135E+00 0.523340E+00 0.129174E+02
 0.349094E+00 0.523261E+00 0.129123E+02
 0.349078E+00 0.521022E+00 0.165181E+02
 0.349138E+00 0.519899E+00 0.130077E+02
 0.349117E+00 0.523410E+00 0.129293E+02
 0.349119E+00 0.523240E+00 0.128865E+02
 0.349116E+00 0.521795E+00 0.172499E+02
 0.373657E+00 0.523185E+00 0.147749E+02
 0.349123E+00 0.520373E+00 0.159076E+02
 0.349156E+00 0.519624E+00 0.129685E+02
 0.349119E+00 0.520508E+00 0.160486E+02
 0.349119E+00 0.523183E+00 0.129018E+02
 0.349116E+00 0.523216E+00 0.129070E+02
 0.349206E+00 0.519404E+00 0.152013E+02
 0.349125E+00 0.523526E+00 0.129441E+02
 0.349097E+00 0.523216E+00 0.128833E+02
 0.349144E+00 0.518789E+00 0.166255E+02
 0.372768E+00 0.523397E+00 0.143134E+02
 0.349118E+00 0.523249E+00 0.129137E+02
 0.349136E+00 0.523186E+00 0.129116E+02
 0.349111E+00 0.520715E+00 0.161689E+02
 0.349117E+00 0.523233E+00 0.129096E+02
 0.349124E+00 0.523238E+00 0.128918E+02
 0.349116E+00 0.523188E+00 0.128849E+02
 0.349109E+00 0.523191E+00 0.129037E+02
 0.349122E+00 0.523219E+00 0.129086E+02
 0.349140E+00 0.521152E+00 0.165302E+02
 0.349139E+00 0.519230E+00 0.134029E+02
 0.349118E+00 0.523276E+00 0.129120E+02
 0.349107E+00 0.523305E+00 0.129138E+02
 0.349092E+00 0.519325E+00 0.129657E+02
 0.349117E+00 0.523373E+00 0.129258E+02
 0.349118E+00 0.521652E+00 0.170829E+02
 0.349097E+00 0.523257E+00 0.129050E+02
 0.349108E+00 0.523183E+00 0.128825E+02
 0.349108E+00 0.523242E+00 0.129048E+02
 0.349112E+00 0.523246E+00 0.129109E+02
 0.349116E+00 0.518550E+00 0.181238E+02
 0.349112E+00 0.523181E+00 0.129065E+02
 0.349132E+00 0.519054E+00 0.129813E+02
 0.349110E+00 0.523375E+00 0.129196E+02
 0.349118E+00 0.518937E+00 0.166588E+02
 0.349154E+00 0.521140E+00 0.164347E+02
 0.349126E+00 0.523193E+00 0.128876E+02
 0.349113E+00 0.521619E+00 0.171907E+02
 0.372218E+00 0.524326E+00 0.141374E+02
 0.349136E+00 0.520951E+00 0.164204E+02
 0.349104E+00 0.520718E+00 0.161731E+02
 0.349134E+00 0.519841E+00 0.129678E+02
 0.373839E+00 0.525063E+00 0.155207E+02
 0.375900E+00 0.522652E+00 0.160274E+02
 0.349110E+00 0.523252E+00 0.128911E+02
 0.349110E+00 0.523185E+00 0.129076E+02
 0.349112E+00 0.523194E+00 0.129065E+02
 0.349115E+00 0.523228E+00 0.129056E+02
 0.349118E+00 0.523191E+00 0.128859E+02
 0.349159E+00 0.520710E+00 0.161470E+02
 0.349112E+00 0.523202E+00 0.129076E+02
 0.349137E+00 0.519714E+00 0.129632E+02
 0.379897E+00 0.525210E+00 0.153553E+02
 0.349108E+00 0.523254E+00 0.129084E+02
 0.349125E+00 0.523184E+00 0.128852E+02
 0.349113E+00 0.519870E+00 0.129753E+02
 0.349116E+00 0.523211E+00 0.129054E+02
 0.349109E+00 0.520067E+00 0.130105E+02
 0.349133E+00 0.520703E+00 0.161202E+02
 0.349102E+00 0.523280E+00 0.128914E+02
 0.349135E+00 0.519950E+00 0.129790E+02
 0.349123E+00 0.521445E+00 0.168814E+02
 0.349131E+00 0.521252E+00 0.167733E+02
 0.349109E+00 0.523186E+00 0.129047E+02
 0.349126E+00 0.523195E+00 0.128865E+02
 0.349132E+00 0.520588E+00 0.160833E+02
 0.349153E+00 0.519786E+00 0.129632E+02
 0.349109E+00 0.523223E+00 0.128892E+02
 0.349110E+00 0.523195E+00 0.128847E+02
 0.349146E+00 0.523342E+00 0.129189E+02
 0.349105E+00 0.523233E+00 0.128857E+02
 0.349111E+00 0.521739E+00 0.171208E+02
 0.349106E+00 0.523183E+00 0.129017E+02
 0.349117E+00 0.523219E+00 0.128881E+02
 0.349119E+00 0.519285E+00 0.134038E+02
 0.349110E+00 0.519840E+00 0.129713E+02
 0.349105E+00 0.523189E+00 0.128842E+02
 0.349103E+00 0.523255E+00 0.128854E+02
 0.349160E+00 0.520391E+00 0.160040E+02
 0.349108E+00 0.521633E+00 0.171598E+02
 0.349123E+00 0.523198E+00 0.128875E+02
 0.349153E+00 0.521507E+00 0.169870E+02
 0.372459E+00 0.523949E+00 0.142193E+02
 0.373870E+00 0.522912E+00 0.148405E+02
 0.349105E+00 0.523182E+00 0.129029E+02
 0.349110E+00 0.523273E+00 0.129189E+02
 0.349116E+00 0.523286E+00 0.129071E+02
 0.349117E+00 0.523161E+00 0.128836E+02
 0.349106E+00 0.523332E+00 0.129203E+02
 0.349111E+00 0.523180E+00 0.128832E+02
 0.349114E+00 0.523182E+00 0.129063E+02
 0.349124E+00 0.523364E+00 0.129325E+02
 0.349115E+00 0.523220E+00 0.129104E+02
 0.349123E+00 0.521149E+00 0.166719E+02
 0.372847E+00 0.523706E+00 0.144032E+02
 0.349128E+00 0.523198E+00 0.128889E+02
 0.349102E+00 0.523185E+00 0.129041E+02
 0.349089E+00 0.523219E+00 0.129020E+02
 0.349117E+00 0.523184E+00 0.128860E+02
 0.349205E+00 0.521174E+00 0.165398E+02
 0.349102E+00 0.523391E+00 0.129268E+02
 0.349121E+00 0.523277E+00 0.129094E+02
 0.349111E+00 0.523156E+00 0.129042E+02
 0.349106E+00 0.523496E+00 0.129334E+02
 0.349035E+00 0.519657E+00 0.129554E+02
 0.349103E+00 0.523224E+00 0.128856E+02
 0.349085E+00 0.521030E+00 0.164388E+02
 0.349156E+00 0.523183E+00 0.128854E+02
 0.349119E+00 0.519668E+00 0.129955E+02
 0.349106E+00 0.523481E+00 0.129334E+02
 0.349120E+00 0.523270E+00 0.129133E+02
 0.349118E+00 0.523206E+00 0.128849E+02
 0.349114E+00 0.523262E+00 0.128889E+02
 0.349124E+00 0.521401E+00 0.169507E+02
 0.349104E+00 0.523182E+00 0.128853E+02
 0.349121E+00 0.523354E+00 0.129152E+02
 0.349116E+00 0.523185E+00 0.128846E+02
 0.349128E+00 0.523235E+00 0.128938E+02
 0.349095E+00 0.519488E+00 0.129584E+02
 0.349106E+00 0.523519E+00 0.129264E+02
 0.349108E+00 0.523189E+00 0.128826E+02
 0.349122E+00 0.518771E+00 0.176946E+02
 0.349105E+00 0.523183E+00 0.128841E+02
 0.349109E+00 0.523226E+00 0.129012E+02
 0.349144E+00 0.523183E+00 0.128888E+02
 0.349111E+00 0.523163E+00 0.128823E+02
 0.349087E+00 0.519823E+00 0.129631E+02
 0.349109E+00 0.523188E+00 0.128847E+02
 0.349126E+00 0.523215E+00 0.128873E+02
 0.349110E+00 0.518846E+00 0.168249E+02
 0.349108E+00 0.523228E+00 0.129102E+02
 0.349121E+00 0.523243E+00 0.129126E+02
 0.349110E+00 0.523172E+00 0.129045E+02
 0.373160E+00 0.523905E+00 0.146602E+02
 0.349110E+00 0.523190E+00 0.129069E+02
 0.349113E+00 0.523179E+00 0.128854E+02
 0.349135E+00 0.519870E+00 0.129763E+02
 0.372239E+00 0.524132E+00 0.140791E+02
 0.349112E+00 0.523409E+00 0.129383E+02
 0.349127E+00 0.520170E+00 0.156500E+02
 0.349089E+00 0.520414E+00 0.130617E+02
 0.349109E+00 0.523289E+00 0.129124E+02
 0.349119E+00 0.523215E+00 0.128879E+02
 0.349051E+00 0.518981E+00 0.129914E+02
 0.349109E+00 0.523314E+00 0.129159E+02
 0.349147E+00 0.523190E+00 0.128895E+02
 0.349111E+00 0.523163E+00 0.128817E+02
 0.349109E+00 0.523177E+00 0.129012E+02
 0.349106E+00 0.523168E+00 0.128855E+02
 0.349138E+00 0.523350E+00 0.129374E+02
 0.349106E+00 0.523191E+00 0.129029E+02
 0.349126E+00 0.523222E+00 0.128888E+02
 0.349109E+00 0.520176E+00 0.130231E+02
 0.349129E+00 0.523165E+00 0.128850E+02
 0.349092E+00 0.520256E+00 0.130741E+02
 0.349116E+00 0.523187E+00 0.129033E+02
 0.349116E+00 0.519920E+00 0.130019E+02
 0.349136E+00 0.523187E+00 0.128919E+02
 0.349130E+00 0.521380E+00 0.166808E+02
 0.349111E+00 0.523378E+00 0.129158E+02
 0.349117E+00 0.523209E+00 0.128879E+02
 0.349109E+00 0.519511E+00 0.129583E+02
 0.349114E+00 0.523241E+00 0.129099E+02
 0.349126E+00 0.519446E+00 0.129584E+02
 0.349112E+00 0.521713E+00 0.170993E+02
 0.349109E+00 0.523262E+00 0.129100E+02
 0.349111E+00 0.523332E+00 0.129149E+02
 0.349125E+00 0.523208E+00 0.128867E+02
 0.349072E+00 0.523195E+00 0.129009E+02
 0.349109E+00 0.523188E+00 0.128840E+02
 0.349118E+00 0.523154E+00 0.128842E+02
 0.349091E+00 0.520700E+00 0.161458E+02
 0.349112E+00 0.523218E+00 0.129074E+02
 0.349112E+00 0.518547E+00 0.179949E+02
 0.349139E+00 0.521366E+00 0.168183E+02
 0.349123E+00 0.521459E+00 0.168598E+02
 0.349093E+00 0.519816E+00 0.129789E+02
 0.349165E+00 0.519307E+00 0.129627E+02
 0.349094E+00 0.520123E+00 0.130342E+02
 0.349111E+00 0.523163E+00 0.128828E+02
 0.349109E+00 0.523179E+00 0.128850E+02
 0.349105E+00 0.523247E+00 0.129079E+02
 0.349120E+00 0.523188E+00 0.128867E+02
 0.372097E+00 0.522845E+00 0.139418E+02
 0.349108E+00 0.523218E+00 0.128866E+02
 0.349130E+00 0.521721E+00 0.171092E+02
 0.349108E+00 0.521605E+00 0.170909E+02
 0.349111E+00 0.523176E+00 0.129032E+02
 0.349110E+00 0.523170E+00 0.129031E+02
 0.349092E+00 0.519336E+00 0.129659E+02
 0.349113E+00 0.523175E+00 0.129045E+02
 0.349352E+00 0.519575E+00 0.151583E+02
 0.349126E+00 0.519741E+00 0.129701E+02
 0.349122E+00 0.519327E+00 0.129640E+02
 0.349160E+00 0.523192E+00 0.128882E+02
 0.349147E+00 0.521445E+00 0.168216E+02
 0.349112E+00 0.523180E+00 0.128862E+02
 0.349108E+00 0.523205E+00 0.129069E+02
 0.349111E+00 0.523163E+00 0.128855E+02
 0.349105E+00 0.523177E+00 0.128861E+02
 0.349106E+00 0.518925E+00 0.167761E+02
 0.349095E+00 0.519581E+00 0.129653E+02
 0.349108E+00 0.523171E+00 0.128840E+02
 0.349141E+00 0.520603E+00 0.160837E+02
 0.349226E+00 0.519646E+00 0.152835E+02
 0.349101E+00 0.523299E+00 0.128887E+02
 0.349112E+00 0.523354E+00 0.129142E+02
 0.349134E+00 0.520996E+00 0.164427E+02
 0.349194E+00 0.520067E+00 0.156712E+02
 0.349074E+00 0.523214E+00 0.129033E+02
 0.349054E+00 0.523379E+00 0.129079E+02
 0.349112E+00 0.523347E+00 0.128922E+02
 0.349121E+00 0.523157E+00 0.128819E+02
 0.349210E+00 0.519533E+00 0.152312E+02
 0.367480E+00 0.523090E+00 0.170319E+02
 0.366417E+00 0.524171E+00 0.178541E+02
 0.349143E+00 0.519000E+00 0.163572E+02
 0.349117E+00 0.523171E+00 0.128842E+02
 0.349101E+00 0.523183E+00 0.128828E+02
 0.349097E+00 0.523237E+00 0.129048E+02
 0.349111E+00 0.523163E+00 0.128826E+02
 0.349086E+00 0.523302E+00 0.129147E+02
 0.349107E+00 0.523232E+00 0.129070E+02
 0.349133E+00 0.520211E+00 0.157634E+02
 0.349109E+00 0.523164E+00 0.128815E+02
 0.349107E+00 0.523171E+00 0.129036E+02
 0.349113E+00 0.523186E+00 0.128849E+02
 0.349148E+00 0.520822E+00 0.161143E+02
 0.349110E+00 0.523191E+00 0.128829E+02
 0.349105E+00 0.523163E+00 0.128824E+02
 0.349105E+00 0.523269E+00 0.128880E+02
 0.349116E+00 0.520129E+00 0.130400E+02
 0.349131E+00 0.523335E+00 0.128918E+02
 0.349108E+00 0.523151E+00 0.128845E+02
 0.349111E+00 0.523254E+00 0.128875E+02
 0.349098E+00 0.523340E+00 0.129289E+02
 0.349123E+00 0.523281E+00 0.129120E+02
 0.349104E+00 0.523151E+00 0.128816E+02
 0.349121E+00 0.523173E+00 0.129048E+02
 0.349103E+00 0.523247E+00 0.128899E+02
 0.349098E+00 0.523299E+00 0.129139E+02
 0.349122E+00 0.523298E+00 0.128905E+02
 0.380286E+00 0.528066E+00 0.156640E+02
 0.349115E+00 0.523186E+00 0.128833E+02
 0.349119E+00 0.523190E+00 0.128892E+02
 0.349058E+00 0.520529E+00 0.130669E+02
 0.349112E+00 0.523277E+00 0.129088E+02
 0.349110E+00 0.523291E+00 0.129059E+02
 0.349109E+00 0.518752E+00 0.166519E+02
 0.349133E+00 0.518533E+00 0.177114E+02
 0.349114E+00 0.523302E+00 0.129066E+02
 0.349116E+00 0.523167E+00 0.129047E+02
 0.349144E+00 0.521692E+00 0.171238E+02
 0.349118E+00 0.523183E+00 0.129010E+02
 0.349111E+00 0.523190E+00 0.128836E+02
 0.349135E+00 0.523263E+00 0.128945E+02
 0.349116E+00 0.523223E+00 0.128872E+02
 0.349111E+00 0.523293E+00 0.129189E+02
 0.349091E+00 0.519749E+00 0.129749E+02
 0.349116E+00 0.523150E+00 0.128838E+02
 0.349107E+00 0.523179E+00 0.128820E+02
 0.349117E+00 0.521694E+00 0.171237E+02
 0.349106E+00 0.523173E+00 0.128820E+02
 0.349117E+00 0.519011E+00 0.129854E+02
 0.349115E+00 0.523193E+00 0.128842E+02
 0.349093E+00 0.523145E+00 0.129006E+02
 0.349106E+00 0.523193E+00 0.128844E+02
 0.349108E+00 0.523179E+00 0.129074E+02
 0.349126E+00 0.520724E+00 0.161831E+02
 0.349108E+00 0.523181E+00 0.128860E+02
 0.349101E+00 0.521459E+00 0.168508E+02
 0.349104E+00 0.523177E+00 0.128871E+02
 0.349108E+00 0.523207E+00 0.129048E+02
 0.349110E+00 0.523254E+00 0.129109E+02
 0.349167E+00 0.518556E+00 0.177473E+02
 0.349101E+00 0.523185E+00 0.129042E+02
 0.349106E+00 0.523170E+00 0.128835E+02
 0.349143E+00 0.523203E+00 0.128908E+02
 0.349109E+00 0.523198E+00 0.128858E+02
 0.349120E+00 0.523266E+00 0.129133E+02
 0.349099E+00 0.523229E+00 0.128875E+02
 0.349095E+00 0.523192E+00 0.129038E+02
 0.373532E+00 0.522846E+00 0.145541E+02
 0.349113E+00 0.523203E+00 0.128876E+02
 0.349099E+00 0.523416E+00 0.129203E+02
 0.349125E+00 0.521453E+00 0.167765E+02
 0.349103E+00 0.523201E+00 0.128836E+02
 0.349099E+00 0.523226E+00 0.129067E+02
 0.349109E+00 0.523295E+00 0.129159E+02
 0.349108E+00 0.523172E+00 0.128824E+02
 0.349113E+00 0.523332E+00 0.129212E+02
 0.374587E+00 0.525601E+00 0.168091E+02
 0.349141E+00 0.519055E+00 0.133475E+02
 0.349122E+00 0.523275E+00 0.128898E+02
 0.372472E+00 0.523122E+00 0.141511E+02
 0.349059E+00 0.518862E+00 0.166120E+02
 0.373180E+00 0.521527E+00 0.142050E+02
 0.349113E+00 0.523174E+00 0.128867E+02
 0.349113E+00 0.521241E+00 0.165650E+02
 0.372123E+00 0.523660E+00 0.139828E+02
 0.349118E+00 0.523189E+00 0.129053E+02
 0.349109E+00 0.523278E+00 0.129111E+02
 0.374000E+00 0.523158E+00 0.151249E+02
 0.349060E+00 0.520648E+00 0.130945E+02
 0.349175E+00 0.519822E+00 0.154665E+02
 0.349077E+00 0.519544E+00 0.129617E+02
 0.349106E+00 0.523168E+00 0.128987E+02
 0.349114E+00 0.523244E+00 0.128907E+02
 0.349120E+00 0.521421E+00 0.168537E+02
 0.349134E+00 0.523165E+00 0.128849E+02
 0.349126E+00 0.523218E+00 0.128878E+02
 0.349112E+00 0.523174E+00 0.128872E+02
 0.349104E+00 0.523200E+00 0.128823E+02
 0.349109E+00 0.523197E+00 0.129066E+02
 0.349126E+00 0.523225E+00 0.129112E+02
 0.349090E+00 0.523243E+00 0.129056E+02
 0.349113E+00 0.523186E+00 0.128890E+02
 0.349101E+00 0.523206E+00 0.129001E+02
 0.349115E+00 0.523213E+00 0.129105E+02
 0.349111E+00 0.523324E+00 0.129218E+02
 0.349138E+00 0.520716E+00 0.161136E+02
 0.349106E+00 0.523162E+00 0.129017E+02
 0.349119E+00 0.518788E+00 0.174157E+02
 0.349130E+00 0.523183E+00 0.128913E+02
 0.349089E+00 0.523165E+00 0.128997E+02
 0.349126E+00 0.523181E+00 0.128859E+02
 0.349098E+00 0.523256E+00 0.129076E+02
 0.349104E+00 0.519663E+00 0.129613E+02
 0.349109E+00 0.523166E+00 0.128832E+02
 0.349118E+00 0.523164E+00 0.128827E+02
 0.349108E+00 0.523240E+00 0.129108E+02
 0.349103E+00 0.523184E+00 0.129068E+02
 0.349118E+00 0.520473E+00 0.160348E+02
 0.372982E+00 0.521377E+00 0.144584E+02
 0.349109E+00 0.523393E+00 0.128987E+02
 0.349113E+00 0.519647E+00 0.129651E+02
 0.349097E+00 0.523248E+00 0.129026E+02
 0.349119E+00 0.523229E+00 0.129101E+02
 0.367622E+00 0.523626E+00 0.175678E+02
 0.349116E+00 0.523378E+00 0.129248E+02
 0.349109E+00 0.523235E+00 0.129101E+02
 0.349108E+00 0.523206E+00 0.128837E+02
 0.373441E+00 0.526566E+00 0.156971E+02
 0.349087E+00 0.523202E+00 0.128973E+02
 0.349112E+00 0.520570E+00 0.160297E+02
 0.349109E+00 0.523171E+00 0.128843E+02
 0.373275E+00 0.522578E+00 0.146515E+02
 0.349102E+00 0.518700E+00 0.179044E+02
 0.349100E+00 0.523214E+00 0.128867E+02
 0.349103E+00 0.523255E+00 0.129062E+02
 0.349107E+00 0.523167E+00 0.129041E+02
 0.349108E+00 0.523217E+00 0.128836E+02
 0.349118E+00 0.523235E+00 0.129119E+02
 0.349135E+00 0.520400E+00 0.158921E+02
 0.373845E+00 0.523189E+00 0.147831E+02
 0.374175E+00 0.521857E+00 0.149671E+02
 0.349115E+00 0.523220E+00 0.129052E+02
 0.374001E+00 0.523109E+00 0.149669E+02
 0.349114E+00 0.523164E+00 0.128818E+02
 0.349112E+00 0.523187E+00 0.129010E+02
 0.373144E+00 0.525609E+00 0.150417E+02
 0.349103E+00 0.523230E+00 0.129007E+02
 0.349108E+00 0.523172E+00 0.128845E+02
 0.349110E+00 0.523253E+00 0.129096E+02
 0.349115E+00 0.523232E+00 0.128888E+02
 0.349106E+00 0.523192E+00 0.128845E+02
 0.349115E+00 0.523185E+00 0.128838E+02
 0.373769E+00 0.523120E+00 0.148018E+02
 0.349105E+00 0.523182E+00 0.128833E+02
 0.349114E+00 0.519459E+00 0.129580E+02
 0.349095E+00 0.519817E+00 0.130022E+02
 0.349116E+00 0.523202E+00 0.128873E+02
 0.349112E+00 0.523277E+00 0.129101E+02
 0.349096E+00 0.523186E+00 0.128840E+02
 0.349110E+00 0.523357E+00 0.128949E+02
 0.349061E+00 0.523235E+00 0.129012E+02
 0.373360E+00 0.523520E+00 0.148282E+02
 0.349075E+00 0.523210E+00 0.129019E+02
 0.349189E+00 0.521210E+00 0.165600E+02
 0.349115E+00 0.519139E+00 0.129758E+02
 0.349101E+00 0.523164E+00 0.128970E+02
 0.349111E+00 0.523353E+00 0.129228E+02
 0.349160E+00 0.520913E+00 0.163564E+02
 0.349109E+00 0.523172E+00 0.128855E+02
 0.349114E+00 0.523232E+00 0.128888E+02
 0.349100E+00 0.523186E+00 0.128840E+02
 0.349091E+00 0.523189E+00 0.129017E+02
 0.349016E+00 0.520587E+00 0.130706E+02
 0.349110E+00 0.523285E+00 0.129207E+02
 0.349136E+00 0.519762E+00 0.129694E+02
 0.349093E+00 0.523178E+00 0.128824E+02
 0.349109E+00 0.523165E+00 0.128818E+02
 0.349151E+00 0.521226E+00 0.165414E+02
 0.349124E+00 0.523171E+00 0.129098E+02
 0.349109E+00 0.523199E+00 0.129046E+02
 0.349167E+00 0.518490E+00 0.181706E+02
 0.349152E+00 0.519351E+00 0.129625E+02
 0.349150E+00 0.519412E+00 0.129619E+02
 0.349111E+00 0.523162E+00 0.128856E+02
 0.349111E+00 0.523155E+00 0.129060E+02
 0.349108E+00 0.523148E+00 0.128850E+02
 0.349147E+00 0.519209E+00 0.129698E+02
 0.349108E+00 0.523179E+00 0.128875E+02
 0.349091E+00 0.523159E+00 0.128831E+02
 0.373742E+00 0.523151E+00 0.148089E+02
 0.349101E+00 0.520011E+00 0.129834E+02
 0.374259E+00 0.523226E+00 0.154001E+02
 0.372169E+00 0.524510E+00 0.141760E+02
 0.349108E+00 0.523378E+00 0.129173E+02
 0.349107E+00 0.523171E+00 0.129037E+02
 0.349202E+00 0.518820E+00 0.177288E+02
 0.349108E+00 0.523208E+00 0.129057E+02
 0.349108E+00 0.523340E+00 0.129211E+02
 0.349109E+00 0.523149E+00 0.128849E+02
 0.349109E+00 0.523375E+00 0.129267E+02
 0.349109E+00 0.523233E+00 0.129090E+02
 0.349151E+00 0.521660E+00 0.171558E+02
 0.349107E+00 0.523221E+00 0.128886E+02
 0.349116E+00 0.523225E+00 0.129043E+02
 0.349109E+00 0.523218E+00 0.128859E+02
 0.349107E+00 0.523189E+00 0.128873E+02
 0.349108E+00 0.523216E+00 0.129071E+02
 0.349105E+00 0.523149E+00 0.129021E+02
 0.373420E+00 0.523549E+00 0.147069E+02
 0.349133E+00 0.520545E+00 0.160763E+02
 0.349083E+00 0.519368E+00 0.129667E+02
 0.349103E+00 0.523220E+00 0.129083E+02
 0.349110E+00 0.523161E+00 0.129036E+02
 0.349109E+00 0.523224E+00 0.128856E+02
 0.349151E+00 0.521387E+00 0.168507E+02
 0.372540E+00 0.523033E+00 0.141928E+02
 0.349080E+00 0.523179E+00 0.128828E+02
 0.349136E+00 0.523190E+00 0.128893E+02
 0.349120E+00 0.523238E+00 0.129111E+02
 0.349103E+00 0.523220E+00 0.129022E+02
 0.349107E+00 0.523155E+00 0.128846E+02
 0.349115E+00 0.521279E+00 0.166049E+02
 0.349109E+00 0.523168E+00 0.128835E+02
 0.349109E+00 0.523202E+00 0.129069E+02
 0.349109E+00 0.523227E+00 0.128872E+02
 0.349133E+00 0.523227E+00 0.128920E+02
 0.349089E+00 0.523162E+00 0.129010E+02
 0.349096E+00 0.520376E+00 0.130883E+02
 0.349108E+00 0.523197E+00 0.128872E+02
 0.349110E+00 0.523340E+00 0.128949E+02
 0.349110E+00 0.523164E+00 0.129043E+02
 0.349090E+00 0.519366E+00 0.129613E+02
 0.349120E+00 0.518595E+00 0.176309E+02
 0.349110E+00 0.523197E+00 0.128831E+02
 0.349152E+00 0.519049E+00 0.133662E+02
 0.372155E+00 0.522584E+00 0.139840E+02
 0.349147E+00 0.520677E+00 0.161878E+02
 0.349107E+00 0.523151E+00 0.129046E+02
 0.349102E+00 0.523197E+00 0.129076E+02
 0.349118E+00 0.523177E+00 0.128864E+02
 0.349093E+00 0.523210E+00 0.129038E+02
 0.349142E+00 0.520427E+00 0.158528E+02
 0.349114E+00 0.523163E+00 0.128979E+02
 0.349122E+00 0.523167E+00 0.128860E+02
 0.349109E+00 0.523238E+00 0.128893E+02
 0.349112E+00 0.523182E+00 0.128872E+02
 0.373382E+00 0.521363E+00 0.146562E+02
 0.349134E+00 0.519296E+00 0.129683E+02
 0.373097E+00 0.523138E+00 0.145478E+02
 0.349105E+00 0.518916E+00 0.169216E+02
 0.349115E+00 0.523158E+00 0.129047E+02
 0.349111E+00 0.523163E+00 0.128833E+02
 0.349103E+00 0.523211E+00 0.129041E+02
 0.349087E+00 0.523226E+00 0.128989E+02
 0.349161E+00 0.520859E+00 0.162819E+02
 0.349109E+00 0.523252E+00 0.129088E+02
 0.349112E+00 0.523291E+00 0.128890E+02
 0.373607E+00 0.523067E+00 0.147759E+02
 0.349109E+00 0.523164E+00 0.128834E+02
 0.373599E+00 0.522615E+00 0.147151E+02
 0.349110E+00 0.523175E+00 0.128842E+02
 0.349111E+00 0.519884E+00 0.129747E+02
 0.349109E+00 0.523244E+00 0.128878E+02
 0.349108E+00 0.523350E+00 0.128939E+02
 0.349128E+00 0.523346E+00 0.129246E+02
 0.349072E+00 0.523172E+00 0.128992E+02
 0.349143E+00 0.520456E+00 0.159478E+02
 0.379768E+00 0.523538E+00 0.154843E+02
 0.349108E+00 0.523164E+00 0.128848E+02
 0.349133E+00 0.523235E+00 0.128867E+02
 0.349095E+00 0.520974E+00 0.164133E+02
 0.349110E+00 0.523364E+00 0.129249E+02
 0.373592E+00 0.521432E+00 0.146168E+02
 0.349108E+00 0.523254E+00 0.128873E+02
 0.349134E+00 0.523161E+00 0.129062E+02
 0.349110E+00 0.523163E+00 0.128827E+02
 0.349131E+00 0.523419E+00 0.129439E+02
 0.349108E+00 0.523296E+00 0.129226E+02
 0.349109E+00 0.523164E+00 0.128852E+02
 0.349102E+00 0.523202E+00 0.128870E+02
 0.349107E+00 0.523165E+00 0.129065E+02
 0.349106E+00 0.523136E+00 0.129010E+02
 0.349109E+00 0.519734E+00 0.129605E+02
 0.349109E+00 0.523164E+00 0.128841E+02
 0.349109E+00 0.523177E+00 0.128850E+02
 0.349183E+00 0.518551E+00 0.176212E+02
 0.373553E+00 0.523034E+00 0.147617E+02
 0.349096E+00 0.523146E+00 0.128841E+02
 0.349102E+00 0.523154E+00 0.128958E+02
 0.349107E+00 0.523169E+00 0.128842E+02
 0.349111E+00 0.523240E+00 0.129108E+02
 0.349139E+00 0.519931E+00 0.129684E+02
 0.349126E+00 0.523168E+00 0.128862E+02
 0.349108E+00 0.523149E+00 0.129045E+02
 0.349151E+00 0.520663E+00 0.161711E+02
 0.349156E+00 0.521426E+00 0.168788E+02
 0.372392E+00 0.523236E+00 0.141134E+02
 0.373827E+00 0.520270E+00 0.144650E+02
 0.349108E+00 0.520855E+00 0.163739E+02
 0.349109E+00 0.523164E+00 0.128864E+02
 0.349112E+00 0.523352E+00 0.129157E+02
 0.349128E+00 0.520381E+00 0.158667E+02
 0.349103E+00 0.523219E+00 0.129012E+02
 0.349101E+00 0.523143E+00 0.129010E+02
 0.349108E+00 0.523161E+00 0.128865E+02
 0.349108E+00 0.523251E+00 0.129093E+02
 0.349109E+00 0.523164E+00 0.128854E+02
 0.349100E+00 0.523184E+00 0.128822E+02
 0.349125E+00 0.520693E+00 0.162014E+02
 0.349109E+00 0.523164E+00 0.128847E+02
 0.349109E+00 0.523249E+00 0.129051E+02
 0.349120E+00 0.520994E+00 0.164736E+02
 0.349132E+00 0.521076E+00 0.164007E+02
 0.349131E+00 0.520837E+00 0.163778E+02
 0.349111E+00 0.523165E+00 0.128841E+02
 0.349143E+00 0.521614E+00 0.171547E+02
 0.349142E+00 0.521595E+00 0.169468E+02
 0.349109E+00 0.523164E+00 0.128858E+02
 0.349075E+00 0.519906E+00 0.129724E+02
 0.349109E+00 0.523164E+00 0.128866E+02
 0.349109E+00 0.523223E+00 0.128863E+02
 0.349077E+00 0.519272E+00 0.129678E+02
 0.349124E+00 0.519978E+00 0.129876E+02
 0.373272E+00 0.522731E+00 0.146519E+02
 0.349109E+00 0.523177E+00 0.128846E+02
 0.349109E+00 0.523164E+00 0.128861E+02
 0.349106E+00 0.523332E+00 0.129190E+02
 0.349128E+00 0.521056E+00 0.165070E+02
 0.349100E+00 0.523438E+00 0.129294E+02
 0.349109E+00 0.523164E+00 0.128866E+02
 0.349109E+00 0.523164E+00 0.129042E+02
 0.349109E+00 0.523177E+00 0.129056E+02
 0.349110E+00 0.523166E+00 0.128870E+02
 0.349109E+00 0.523164E+00 0.128861E+02
 0.349099E+00 0.523180E+00 0.129004E+02
 0.349108E+00 0.523165E+00 0.129059E+02
 0.349120E+00 0.519449E+00 0.129571E+02
 0.349108E+00 0.523262E+00 0.129053E+02
 0.349112E+00 0.523244E+00 0.128905E+02
 0.349132E+00 0.521144E+00 0.164951E+02
 0.349105E+00 0.523193E+00 0.129070E+02
 0.349109E+00 0.523164E+00 0.128862E+02
 0.349118E+00 0.523164E+00 0.128836E+02
 0.349112E+00 0.523227E+00 0.128890E+02
 0.349098E+00 0.523195E+00 0.128851E+02
 0.349100E+00 0.523168E+00 0.129021E+02
 0.349123E+00 0.519792E+00 0.129527E+02
 0.349108E+00 0.521121E+00 0.166063E+02
 0.349114E+00 0.523192E+00 0.128862E+02
 0.349083E+00 0.523149E+00 0.128933E+02
 0.349110E+00 0.523163E+00 0.128838E+02
 0.349109E+00 0.523164E+00 0.128854E+02
 0.349093E+00 0.521519E+00 0.170568E+02
 0.349103E+00 0.523157E+00 0.128837E+02
 0.349109E+00 0.523165E+00 0.129065E+02
 0.349109E+00 0.523217E+00 0.128888E+02
 0.349111E+00 0.523237E+00 0.129067E+02
 0.349117E+00 0.523272E+00 0.129109E+02
 0.349048E+00 0.520590E+00 0.131389E+02
 0.349104E+00 0.523184E+00 0.128839E+02
 0.349107E+00 0.523218E+00 0.129063E+02
 0.349108E+00 0.523155E+00 0.128858E+02
 0.349102E+00 0.523246E+00 0.128870E+02
 0.372039E+00 0.522871E+00 0.138926E+02
 0.349090E+00 0.521489E+00 0.170502E+02
 0.349171E+00 0.521243E+00 0.166585E+02
 0.349093E+00 0.523377E+00 0.129177E+02
 0.349109E+00 0.523164E+00 0.128815E+02
 0.349115E+00 0.521838E+00 0.172942E+02
 0.349127E+00 0.520971E+00 0.164433E+02
 0.349108E+00 0.523178E+00 0.128856E+02
 0.349108E+00 0.521032E+00 0.164413E+02
 0.349107E+00 0.523171E+00 0.128869E+02
 0.379874E+00 0.523125E+00 0.154058E+02
 0.349107E+00 0.523166E+00 0.128868E+02
 0.349118E+00 0.523164E+00 0.129036E+02
 0.349107E+00 0.523178E+00 0.128870E+02
 0.349108E+00 0.523306E+00 0.128887E+02
 0.349105E+00 0.523272E+00 0.129109E+02
 0.349109E+00 0.523164E+00 0.128868E+02
 0.372203E+00 0.523165E+00 0.140021E+02
 0.349075E+00 0.521221E+00 0.167151E+02
 0.349091E+00 0.520152E+00 0.130362E+02
 0.349109E+00 0.523198E+00 0.128831E+02
 0.349100E+00 0.523287E+00 0.129034E+02
 0.349109E+00 0.523210E+00 0.129083E+02
 0.349108E+00 0.523209E+00 0.128864E+02
 0.349107E+00 0.523163E+00 0.128862E+02
 0.349179E+00 0.520778E+00 0.162087E+02
 0.349007E+00 0.519081E+00 0.129859E+02
 0.349114E+00 0.523164E+00 0.128821E+02
 0.349109E+00 0.523165E+00 0.128837E+02
 0.349109E+00 0.523164E+00 0.128850E+02
 0.374479E+00 0.523747E+00 0.158922E+02
 0.349127E+00 0.523166E+00 0.129073E+02
 0.349133E+00 0.520436E+00 0.160150E+02
 0.349107E+00 0.523164E+00 0.128820E+02
 0.349109E+00 0.523163E+00 0.128846E+02
 0.349109E+00 0.523164E+00 0.128830E+02
 0.349109E+00 0.523164E+00 0.128860E+02
 0.349102E+00 0.520289E+00 0.130430E+02
 0.349145E+00 0.519488E+00 0.129548E+02
 0.349114E+00 0.523185E+00 0.128832E+02
 0.380412E+00 0.520831E+00 0.162484E+02
 0.349109E+00 0.520643E+00 0.159484E+02
 0.349109E+00 0.523184E+00 0.129044E+02
 0.349109E+00 0.523164E+00 0.129025E+02
 0.349113E+00 0.523204E+00 0.129068E+02
 0.349115E+00 0.523164E+00 0.128847E+02
 0.349109E+00 0.523164E+00 0.128859E+02
 0.349065E+00 0.523209E+00 0.128997E+02
 0.349102E+00 0.523196E+00 0.128845E+02
 0.349109E+00 0.523164E+00 0.129026E+02
 0.349115E+00 0.523167E+00 0.128835E+02
 0.349117E+00 0.523186E+00 0.128854E+02
 0.349105E+00 0.523168E+00 0.129050E+02
 0.349091E+00 0.520790E+00 0.163382E+02
 0.349109E+00 0.523164E+00 0.128847E+02
 0.349118E+00 0.523295E+00 0.129061E+02
 0.349100E+00 0.523181E+00 0.128828E+02
 0.349112E+00 0.523177E+00 0.128846E+02
 0.349108E+00 0.523229E+00 0.129095E+02
 0.349109E+00 0.523164E+00 0.128816E+02
 0.349149E+00 0.518575E+00 0.179708E+02
 0.349116E+00 0.519692E+00 0.129618E+02
 0.349109E+00 0.523164E+00 0.128829E+02
 0.367471E+00 0.523182E+00 0.174137E+02
 0.349110E+00 0.523197E+00 0.128849E+02
 0.349109E+00 0.523189E+00 0.128867E+02
 0.349095E+00 0.523312E+00 0.129111E+02
 0.373236E+00 0.523174E+00 0.146345E+02
 0.349109E+00 0.523182E+00 0.128862E+02
 0.349096E+00 0.523290E+00 0.129093E+02
 0.349125E+00 0.518712E+00 0.169760E+02
 0.349135E+00 0.518511E+00 0.183120E+02
 0.349109E+00 0.523164E+00 0.128824E+02
 0.349109E+00 0.523178E+00 0.128864E+02
 0.349106E+00 0.520118E+00 0.130381E+02
 0.349115E+00 0.521506E+00 0.168795E+02
 0.349124E+00 0.523382E+00 0.129256E+02
 0.349112E+00 0.523196E+00 0.129006E+02
 0.349146E+00 0.520213E+00 0.158021E+02
 0.349137E+00 0.523186E+00 0.128875E+02
 0.349104E+00 0.523159E+00 0.128860E+02
 0.349093E+00 0.523243E+00 0.129057E+02
 0.349119E+00 0.520374E+00 0.158522E+02
 0.349128E+00 0.523295E+00 0.129110E+02
 0.349191E+00 0.519616E+00 0.153482E+02
 0.349108E+00 0.523187E+00 0.128847E+02
 0.349102E+00 0.523252E+00 0.129065E+02
 0.349109E+00 0.523164E+00 0.128817E+02
 0.349142E+00 0.518825E+00 0.165524E+02
 0.349111E+00 0.519768E+00 0.129596E+02
 0.349090E+00 0.523291E+00 0.129134E+02
 0.349133E+00 0.523233E+00 0.128891E+02
 0.349115E+00 0.521000E+00 0.164373E+02
 0.349109E+00 0.523164E+00 0.128854E+02
 0.349071E+00 0.520539E+00 0.130783E+02
 0.349109E+00 0.523207E+00 0.129069E+02
 0.349125E+00 0.523240E+00 0.128935E+02
 0.349040E+00 0.520082E+00 0.130088E+02
 0.349119E+00 0.523203E+00 0.128847E+02
 0.349155E+00 0.519661E+00 0.129624E+02
 0.349164E+00 0.518924E+00 0.172365E+02
 0.349114E+00 0.523162E+00 0.129037E+02
 0.349108E+00 0.523162E+00 0.129045E+02
 0.349119E+00 0.523206E+00 0.129068E+02
 0.349109E+00 0.523155E+00 0.129020E+02
 0.349139E+00 0.519198E+00 0.129712E+02
 0.349144E+00 0.520482E+00 0.160467E+02
 0.349146E+00 0.520819E+00 0.163611E+02
 0.349092E+00 0.523189E+00 0.128852E+02
 0.349109E+00 0.523160E+00 0.129034E+02
 0.349129E+00 0.521534E+00 0.168826E+02
 0.349109E+00 0.523164E+00 0.128817E+02
 0.349106E+00 0.523255E+00 0.129086E+02
 0.349110E+00 0.523201E+00 0.128859E+02
 0.349136E+00 0.519142E+00 0.164565E+02
 0.349119E+00 0.523172E+00 0.129062E+02
 0.349109E+00 0.523164E+00 0.128869E+02
 0.349115E+00 0.523187E+00 0.129002E+02
 0.349059E+00 0.519427E+00 0.129579E+02
 0.348990E+00 0.523549E+00 0.130661E+02
 0.349128E+00 0.521710E+00 0.172641E+02
 0.349104E+00 0.523160E+00 0.128816E+02
 0.349111E+00 0.523203E+00 0.128833E+02
 0.349107E+00 0.523169E+00 0.129037E+02
 0.349104E+00 0.523148E+00 0.128850E+02
 0.349112E+00 0.521866E+00 0.172877E+02
 0.349108E+00 0.523190E+00 0.129041E+02
 0.349109E+00 0.523164E+00 0.128858E+02
 0.349101E+00 0.523168E+00 0.128851E+02
 0.349118E+00 0.523184E+00 0.129073E+02
 0.349107E+00 0.523165E+00 0.128829E+02
 0.349109E+00 0.523164E+00 0.128816E+02
 0.372528E+00 0.522516E+00 0.141758E+02
 0.349130E+00 0.520000E+00 0.129776E+02
 0.349107E+00 0.523174E+00 0.129042E+02
 0.349114E+00 0.523164E+00 0.128826E+02
 0.349103E+00 0.521326E+00 0.167909E+02
 0.349108E+00 0.523173E+00 0.129038E+02
 0.349111E+00 0.523165E+00 0.128832E+02
 0.349108E+00 0.523165E+00 0.128834E+02
 0.349109E+00 0.523167E+00 0.129067E+02
 0.349107E+00 0.523164E+00 0.128831E+02
 0.349139E+00 0.523315E+00 0.128937E+02
 0.349115E+00 0.523243E+00 0.129101E+02
 0.349113E+00 0.523190E+00 0.128842E+02
 0.349106E+00 0.523169E+00 0.128818E+02
 0.349163E+00 0.520149E+00 0.156518E+02
 0.349147E+00 0.523424E+00 0.129475E+02
 0.349102E+00 0.523173E+00 0.128862E+02
 0.368052E+00 0.522374E+00 0.172069E+02
 0.349105E+00 0.523166E+00 0.128974E+02
 0.349115E+00 0.523234E+00 0.129030E+02
 0.349108E+00 0.523194E+00 0.128824E+02
 0.349111E+00 0.519236E+00 0.129705E+02
 0.349108E+00 0.523193E+00 0.128833E+02
 0.349073E+00 0.518615E+00 0.175105E+02
 0.349109E+00 0.523164E+00 0.128819E+02
 0.349109E+00 0.523165E+00 0.129067E+02
 0.349136E+00 0.519165E+00 0.129733E+02
 0.349109E+00 0.523164E+00 0.128861E+02
 0.349115E+00 0.523162E+00 0.128840E+02
 0.349035E+00 0.520433E+00 0.131145E+02
 0.349219E+00 0.520444E+00 0.158139E+02
 0.349089E+00 0.523217E+00 0.129036E+02
 0.349121E+00 0.520098E+00 0.130161E+02
 0.372461E+00 0.524721E+00 0.142360E+02
 0.349084E+00 0.523310E+00 0.129113E+02
 0.349149E+00 0.520787E+00 0.161347E+02
 0.349075E+00 0.519235E+00 0.129704E+02
 0.349104E+00 0.523173E+00 0.128858E+02
 0.349109E+00 0.523165E+00 0.129023E+02
 0.373784E+00 0.523181E+00 0.148202E+02
 0.372545E+00 0.522483E+00 0.141374E+02
 0.349210E+00 0.521155E+00 0.163961E+02
 0.349110E+00 0.523187E+00 0.128833E+02
 0.349091E+00 0.520583E+00 0.131083E+02
 0.349110E+00 0.523181E+00 0.128852E+02
 0.349116E+00 0.523163E+00 0.128828E+02
 0.373460E+00 0.523928E+00 0.150113E+02
 0.349097E+00 0.518718E+00 0.169849E+02
 0.349112E+00 0.523182E+00 0.128861E+02
 0.349109E+00 0.523178E+00 0.129061E+02
 0.349109E+00 0.523164E+00 0.128839E+02
 0.349125E+00 0.523318E+00 0.129093E+02
 0.349070E+00 0.521641E+00 0.171389E+02
 0.349170E+00 0.520354E+00 0.158357E+02
 0.349115E+00 0.523183E+00 0.128872E+02
 0.349118E+00 0.523226E+00 0.128878E+02
 0.349080E+00 0.523177E+00 0.128995E+02
 0.349109E+00 0.523164E+00 0.128835E+02
 0.349117E+00 0.519734E+00 0.129672E+02
 0.349111E+00 0.523176E+00 0.128830E+02
 0.349117E+00 0.523183E+00 0.128862E+02
 0.349109E+00 0.523194E+00 0.129066E+02
 0.349049E+00 0.521355E+00 0.167742E+02
 0.349109E+00 0.523211E+00 0.129003E+02
 0.349109E+00 0.523164E+00 0.128863E+02
 0.349092E+00 0.523172E+00 0.129006E+02
 0.349111E+00 0.523163E+00 0.128838E+02
 0.349109E+00 0.523160E+00 0.129024E+02
 0.349131E+00 0.518683E+00 0.177850E+02
 0.349134E+00 0.523278E+00 0.129084E+02
 0.349144E+00 0.523397E+00 0.129374E+02
 0.349111E+00 0.523145E+00 0.128816E+02
 0.349109E+00 0.523159E+00 0.129032E+02
 0.349112E+00 0.523196E+00 0.128869E+02
 0.349100E+00 0.521006E+00 0.162996E+02
 0.349150E+00 0.523344E+00 0.129402E+02
 0.349109E+00 0.523164E+00 0.128870E+02
 0.349105E+00 0.523171E+00 0.128821E+02
 0.349115E+00 0.523208E+00 0.128872E+02
 0.349092E+00 0.523193E+00 0.128842E+02
 0.349127E+00 0.518695E+00 0.179537E+02
 0.349136E+00 0.523209E+00 0.128901E+02
 0.349155E+00 0.521084E+00 0.164789E+02
 0.376102E+00 0.523514E+00 0.182653E+02
 0.348983E+00 0.519608E+00 0.129731E+02
 0.349103E+00 0.519770E+00 0.129560E+02
 0.349122E+00 0.523199E+00 0.128905E+02
 0.349117E+00 0.521184E+00 0.166547E+02
 0.349108E+00 0.523170E+00 0.128817E+02
 0.349109E+00 0.523195E+00 0.128850E+02
 0.349109E+00 0.523180E+00 0.129066E+02
 0.349060E+00 0.518948E+00 0.130383E+02
 0.349108E+00 0.523164E+00 0.129039E+02
 0.349108E+00 0.523168E+00 0.128834E+02
 0.349105E+00 0.523188E+00 0.128832E+02
 0.349136E+00 0.520999E+00 0.163595E+02
 0.349109E+00 0.523155E+00 0.128832E+02
 0.349112E+00 0.523280E+00 0.129120E+02
 0.349106E+00 0.523270E+00 0.129053E+02
 0.349177E+00 0.520019E+00 0.156117E+02
 0.349011E+00 0.520192E+00 0.130487E+02
 0.349109E+00 0.523162E+00 0.128835E+02
 0.349113E+00 0.523164E+00 0.128827E+02
 0.349159E+00 0.520630E+00 0.161545E+02
 0.349085E+00 0.520895E+00 0.163745E+02
 0.349152E+00 0.519441E+00 0.129629E+02
 0.349104E+00 0.520247E+00 0.130417E+02
 0.349109E+00 0.523164E+00 0.128839E+02
 0.349107E+00 0.523163E+00 0.128971E+02
 0.349103E+00 0.523173E+00 0.128845E+02
 0.372572E+00 0.524021E+00 0.142334E+02
 0.349085E+00 0.520958E+00 0.164288E+02
 0.349141E+00 0.523207E+00 0.128914E+02
 0.373494E+00 0.522642E+00 0.145232E+02
 0.349109E+00 0.523164E+00 0.128833E+02
 0.349107E+00 0.523267E+00 0.129117E+02
 0.349117E+00 0.523174E+00 0.128840E+02
 0.373289E+00 0.524746E+00 0.149965E+02
 0.349141E+00 0.523508E+00 0.129315E+02
 0.349111E+00 0.523315E+00 0.129137E+02
 0.349111E+00 0.523184E+00 0.129063E+02
 0.349105E+00 0.523178E+00 0.128820E+02
 0.349038E+00 0.520271E+00 0.130696E+02
 0.349106E+00 0.523265E+00 0.129081E+02
 0.349170E+00 0.521152E+00 0.164570E+02
 0.349110E+00 0.523156E+00 0.128869E+02
 0.349144E+00 0.520772E+00 0.162688E+02
 0.349177E+00 0.520079E+00 0.155261E+02
 0.349109E+00 0.523165E+00 0.128860E+02
 0.349077E+00 0.519804E+00 0.129551E+02
 0.349100E+00 0.523254E+00 0.129079E+02
 0.349101E+00 0.521382E+00 0.168289E+02
 0.349111E+00 0.523175E+00 0.128838E+02
 0.349109E+00 0.523163E+00 0.128864E+02
 0.349132E+00 0.523175E+00 0.128877E+02
 0.349105E+00 0.523184E+00 0.128850E+02
 0.380378E+00 0.523149E+00 0.155995E+02
 0.349109E+00 0.523164E+00 0.128814E+02
 0.349138E+00 0.521132E+00 0.164133E+02
 0.366637E+00 0.526598E+00 0.179666E+02
 0.349108E+00 0.523161E+00 0.128972E+02
 0.349109E+00 0.523164E+00 0.128843E+02
 0.349108E+00 0.523179E+00 0.129056E+02
 0.374904E+00 0.522052E+00 0.154026E+02
 0.349109E+00 0.523216E+00 0.128880E+02
 0.349099E+00 0.520625E+00 0.131447E+02
 0.349109E+00 0.523164E+00 0.128822E+02
 0.349127E+00 0.519585E+00 0.129653E+02
 0.349104E+00 0.523294E+00 0.129091E+02
 0.349110E+00 0.523341E+00 0.129253E+02
 0.373504E+00 0.522748E+00 0.145718E+02
 0.349225E+00 0.520668E+00 0.161216E+02
 0.349071E+00 0.523331E+00 0.129222E+02
 0.349077E+00 0.521283E+00 0.168559E+02
 0.349111E+00 0.523164E+00 0.128822E+02
 0.349106E+00 0.523165E+00 0.129027E+02
 0.349107E+00 0.523161E+00 0.128841E+02
 0.349113E+00 0.520392E+00 0.158195E+02
 0.349109E+00 0.523164E+00 0.128867E+02
 0.349079E+00 0.523218E+00 0.128968E+02
 0.349109E+00 0.523165E+00 0.128986E+02
 0.349109E+00 0.523164E+00 0.128830E+02
 0.349109E+00 0.523173E+00 0.128867E+02
 0.349113E+00 0.519408E+00 0.129620E+02
 0.349104E+00 0.523182E+00 0.129029E+02
 0.373202E+00 0.524070E+00 0.147554E+02
 0.349110E+00 0.523181E+00 0.128863E+02
 0.349113E+00 0.523208E+00 0.129057E+02
 0.349105E+00 0.521005E+00 0.164212E+02
 0.349109E+00 0.523225E+00 0.129014E+02
 0.349077E+00 0.521751E+00 0.172644E+02
 0.349109E+00 0.523164E+00 0.128818E+02
 0.349151E+00 0.523151E+00 0.128870E+02
 0.349110E+00 0.523171E+00 0.129033E+02
 0.349198E+00 0.520786E+00 0.160952E+02
 0.349110E+00 0.523168E+00 0.129051E+02
 0.349089E+00 0.523240E+00 0.129062E+02
 0.349109E+00 0.523164E+00 0.128826E+02
 0.349107E+00 0.523165E+00 0.128859E+02
 0.372295E+00 0.523075E+00 0.140245E+02
 0.349109E+00 0.523164E+00 0.128815E+02
 0.349185E+00 0.521664E+00 0.170013E+02
 0.349175E+00 0.521164E+00 0.166638E+02
 0.349109E+00 0.523164E+00 0.129022E+02
 0.349109E+00 0.523164E+00 0.128840E+02
 0.349063E+00 0.521516E+00 0.170570E+02
 0.349102E+00 0.520599E+00 0.160756E+02
 0.349090E+00 0.520188E+00 0.130311E+02
 0.349102E+00 0.523227E+00 0.129092E+02
 0.349108E+00 0.523356E+00 0.129170E+02
 0.349091E+00 0.523130E+00 0.128997E+02
 0.349109E+00 0.523223E+00 0.128844E+02
 0.349110E+00 0.520014E+00 0.129823E+02
 0.372948E+00 0.523284E+00 0.144502E+02
 0.349109E+00 0.523164E+00 0.128821E+02
 0.366942E+00 0.523740E+00 0.176291E+02
 0.349101E+00 0.523198E+00 0.128835E+02
 0.349153E+00 0.523352E+00 0.129236E+02
 0.349132E+00 0.521721E+00 0.171517E+02
 0.374514E+00 0.522547E+00 0.152732E+02
 0.379735E+00 0.523468E+00 0.153890E+02
 0.372388E+00 0.523389E+00 0.141096E+02
 0.349202E+00 0.519889E+00 0.155464E+02
 0.349115E+00 0.523324E+00 0.128903E+02
 0.349109E+00 0.523164E+00 0.128828E+02
 0.349103E+00 0.523160E+00 0.129050E+02
 0.349194E+00 0.519461E+00 0.152058E+02
 0.372458E+00 0.523807E+00 0.141777E+02
 0.349109E+00 0.523175E+00 0.128873E+02
 0.349089E+00 0.520073E+00 0.130207E+02
 0.349087E+00 0.521596E+00 0.171408E+02
 0.349109E+00 0.523164E+00 0.128862E+02
 0.349109E+00 0.523164E+00 0.128863E+02
 0.349070E+00 0.523344E+00 0.129190E+02
 0.374121E+00 0.523606E+00 0.153875E+02
 0.349074E+00 0.521170E+00 0.167312E+02
 0.349109E+00 0.523258E+00 0.129030E+02
 0.349105E+00 0.523160E+00 0.128813E+02
 0.349108E+00 0.523165E+00 0.128822E+02
 0.349194E+00 0.520632E+00 0.159721E+02
 0.349110E+00 0.523184E+00 0.128867E+02
 0.349102E+00 0.523162E+00 0.128831E+02
 0.349115E+00 0.519161E+00 0.133760E+02
 0.349175E+00 0.518789E+00 0.168761E+02
 0.349071E+00 0.519695E+00 0.129920E+02
 0.349109E+00 0.523169E+00 0.128858E+02
 0.349105E+00 0.523207E+00 0.128831E+02
 0.349115E+00 0.523180E+00 0.128833E+02
 0.349109E+00 0.521802E+00 0.172250E+02
 0.349107E+00 0.523152E+00 0.128847E+02
 0.349103E+00 0.523161E+00 0.129017E+02
 0.349107E+00 0.523171E+00 0.128850E+02
 0.349106E+00 0.523169E+00 0.128832E+02
 0.349110E+00 0.523160E+00 0.129070E+02
 0.349114E+00 0.523156E+00 0.128844E+02
 0.349093E+00 0.521712E+00 0.171004E+02
 0.349103E+00 0.523182E+00 0.129040E+02
 0.349098E+00 0.521023E+00 0.165165E+02
 0.349140E+00 0.521050E+00 0.165083E+02
 0.349194E+00 0.521518E+00 0.168881E+02
 0.349079E+00 0.520509E+00 0.131103E+02
 0.349103E+00 0.523183E+00 0.129036E+02
 0.349111E+00 0.523171E+00 0.128869E+02
 0.349105E+00 0.523161E+00 0.129020E+02
 0.349096E+00 0.519939E+00 0.130076E+02
 0.349140E+00 0.518756E+00 0.169780E+02
 0.349123E+00 0.523155E+00 0.128846E+02
 0.349115E+00 0.523174E+00 0.128856E+02
 0.349107E+00 0.523162E+00 0.128814E+02
 0.349101E+00 0.523165E+00 0.128824E+02
 0.349134E+00 0.520642E+00 0.162248E+02
 0.349098E+00 0.523137E+00 0.128822E+02
 0.348878E+00 0.519693E+00 0.177333E+02
 0.349157E+00 0.520361E+00 0.157510E+02
 0.349164E+00 0.520962E+00 0.164238E+02
 0.349102E+00 0.520785E+00 0.162502E+02
 0.372242E+00 0.523200E+00 0.140052E+02
 0.349121E+00 0.518755E+00 0.176075E+02
 0.349148E+00 0.520010E+00 0.154856E+02
 0.349104E+00 0.523165E+00 0.128993E+02
 0.349154E+00 0.519937E+00 0.154366E+02
 0.349103E+00 0.523166E+00 0.128981E+02
 0.349074E+00 0.519290E+00 0.133858E+02
 0.349080E+00 0.519434E+00 0.129647E+02
 0.349116E+00 0.523266E+00 0.129100E+02
 0.349107E+00 0.523159E+00 0.129023E+02
 0.349106E+00 0.523161E+00 0.128855E+02
 0.349129E+00 0.519922E+00 0.129555E+02
 0.349113E+00 0.523157E+00 0.128816E+02
 0.349154E+00 0.521054E+00 0.164595E+02
 0.349099E+00 0.523155E+00 0.128833E+02
 0.349085E+00 0.520261E+00 0.130338E+02
 0.349073E+00 0.518630E+00 0.175749E+02
 0.349103E+00 0.523171E+00 0.129028E+02
 0.349127E+00 0.520390E+00 0.158293E+02
 0.349113E+00 0.523166E+00 0.129031E+02
 0.349107E+00 0.523172E+00 0.129056E+02
 0.372954E+00 0.523165E+00 0.144192E+02
 0.349126E+00 0.523287E+00 0.129143E+02
 0.373303E+00 0.523425E+00 0.147354E+02
 0.349108E+00 0.523156E+00 0.128837E+02
 0.349120E+00 0.523234E+00 0.128882E+02
 0.349106E+00 0.523155E+00 0.128831E+02
 0.349132E+00 0.520561E+00 0.159655E+02
 0.349108E+00 0.523246E+00 0.129061E+02
 0.349122E+00 0.523155E+00 0.128876E+02
 0.349109E+00 0.523166E+00 0.129065E+02
 0.371917E+00 0.523509E+00 0.139086E+02
 0.349055E+00 0.519492E+00 0.129545E+02
 0.349110E+00 0.523159E+00 0.128836E+02
 0.349108E+00 0.523151E+00 0.129049E+02
 0.349131E+00 0.523204E+00 0.128897E+02
 0.349108E+00 0.523162E+00 0.128817E+02
 0.349107E+00 0.523161E+00 0.129029E+02
 0.349174E+00 0.520070E+00 0.156410E+02
 0.349106E+00 0.523167E+00 0.129054E+02
 0.349137E+00 0.523211E+00 0.128857E+02
 0.349157E+00 0.521933E+00 0.173090E+02
 0.349112E+00 0.523216E+00 0.129066E+02
 0.349146E+00 0.518672E+00 0.169045E+02
 0.349107E+00 0.518898E+00 0.163828E+02
 0.349104E+00 0.523164E+00 0.129040E+02
 0.349124E+00 0.523408E+00 0.129347E+02
 0.349102E+00 0.523165E+00 0.128828E+02
 0.349119E+00 0.523379E+00 0.128977E+02
 0.349107E+00 0.523151E+00 0.128840E+02
 0.349104E+00 0.523149E+00 0.128814E+02
 0.349152E+00 0.520021E+00 0.154694E+02
 0.349105E+00 0.523168E+00 0.128863E+02
 0.349108E+00 0.523157E+00 0.128855E+02
 0.349105E+00 0.523167E+00 0.129018E+02
 0.349159E+00 0.520104E+00 0.155508E+02
 0.349105E+00 0.523160E+00 0.128819E+02
 0.349140E+00 0.519550E+00 0.129574E+02
 0.373677E+00 0.519676E+00 0.143483E+02
 0.349108E+00 0.523166E+00 0.128866E+02
 0.349105E+00 0.523149E+00 0.129022E+02
 0.373781E+00 0.523555E+00 0.148293E+02
 0.349103E+00 0.523234E+00 0.129066E+02
 0.349125E+00 0.518945E+00 0.172897E+02
 0.349108E+00 0.523160E+00 0.129058E+02
 0.349100E+00 0.518534E+00 0.173117E+02
 0.375997E+00 0.523036E+00 0.160348E+02
 0.349117E+00 0.523157E+00 0.128842E+02
 0.349106E+00 0.523165E+00 0.128844E+02
 0.349107E+00 0.523182E+00 0.128848E+02
 0.349105E+00 0.523168E+00 0.128831E+02
 0.349105E+00 0.523161E+00 0.129047E+02
 0.349106E+00 0.523227E+00 0.129011E+02
 0.349108E+00 0.523163E+00 0.128862E+02
 0.349097E+00 0.519167E+00 0.133704E+02
 0.349107E+00 0.523161E+00 0.128836E+02
 0.349116E+00 0.523271E+00 0.128903E+02
 0.349100E+00 0.523205E+00 0.128846E+02
 0.349139E+00 0.520681E+00 0.162280E+02
 0.349107E+00 0.523171E+00 0.129039E+02
 0.349117E+00 0.523182E+00 0.128883E+02
 0.349123E+00 0.520058E+00 0.130052E+02
 0.349105E+00 0.523160E+00 0.128823E+02
 0.349105E+00 0.523159E+00 0.128825E+02
 0.349108E+00 0.523163E+00 0.128814E+02
 0.349113E+00 0.523169E+00 0.128822E+02
 0.349167E+00 0.520213E+00 0.157373E+02
 0.349105E+00 0.523160E+00 0.129013E+02
 0.349113E+00 0.523276E+00 0.129131E+02
 0.349110E+00 0.523158E+00 0.129027E+02
 0.349105E+00 0.523160E+00 0.128855E+02
 0.349114E+00 0.523301E+00 0.129120E+02
 0.349107E+00 0.523175E+00 0.128989E+02
 0.349108E+00 0.523154E+00 0.128852E+02
 0.349107E+00 0.523160E+00 0.128827E+02
 0.349122E+00 0.518748E+00 0.175838E+02
 0.349105E+00 0.523160E+00 0.129024E+02
 0.349093E+00 0.521486E+00 0.168781E+02
 0.349169E+00 0.519193E+00 0.129705E+02
 0.349110E+00 0.523191E+00 0.129000E+02
 0.349112E+00 0.523381E+00 0.128986E+02
 0.349109E+00 0.523162E+00 0.128815E+02
 0.349105E+00 0.523186E+00 0.129078E+02
 0.375452E+00 0.523379E+00 0.161732E+02
 0.349105E+00 0.523197E+00 0.129078E+02
 0.349056E+00 0.521404E+00 0.168078E+02
 0.349108E+00 0.523165E+00 0.128829E+02
 0.349130E+00 0.519467E+00 0.129597E+02
 0.349111E+00 0.523164E+00 0.128854E+02
 0.349109E+00 0.523202E+00 0.128863E+02
 0.349136E+00 0.521487E+00 0.168640E+02
 0.349107E+00 0.523161E+00 0.129029E+02
 0.349104E+00 0.523163E+00 0.129033E+02
 0.373284E+00 0.523260E+00 0.146832E+02
 0.349118E+00 0.519996E+00 0.129713E+02
 0.349129E+00 0.523369E+00 0.129129E+02
 0.349113E+00 0.523174E+00 0.128847E+02
 0.349105E+00 0.523169E+00 0.129042E+02
 0.373910E+00 0.520382E+00 0.145435E+02
 0.349107E+00 0.523162E+00 0.129033E+02
 0.349100E+00 0.523167E+00 0.129021E+02
 0.349107E+00 0.523159E+00 0.128827E+02
 0.349075E+00 0.521334E+00 0.168815E+02
 0.349108E+00 0.523163E+00 0.128854E+02
 0.349105E+00 0.523152E+00 0.129024E+02
 0.349102E+00 0.523162E+00 0.128842E+02
 0.349105E+00 0.523187E+00 0.128838E+02
 0.349105E+00 0.523161E+00 0.128849E+02
 0.349107E+00 0.523162E+00 0.129047E+02
 0.349135E+00 0.521373E+00 0.168306E+02
 0.349112E+00 0.519560E+00 0.129624E+02
 0.349106E+00 0.523192E+00 0.128835E+02
 0.379571E+00 0.523452E+00 0.155171E+02
 0.349107E+00 0.523162E+00 0.128842E+02
 0.349106E+00 0.523159E+00 0.129029E+02
 0.349101E+00 0.523156E+00 0.129050E+02
 0.349216E+00 0.520179E+00 0.157223E+02
 0.349143E+00 0.519917E+00 0.130123E+02
 0.349063E+00 0.519685E+00 0.129695E+02
 0.349269E+00 0.520572E+00 0.159140E+02
 0.349109E+00 0.523171E+00 0.128869E+02
 0.349207E+00 0.520970E+00 0.161941E+02
 0.349105E+00 0.523159E+00 0.129040E+02
 0.374192E+00 0.522584E+00 0.150145E+02
 0.349119E+00 0.518744E+00 0.172625E+02
 0.349106E+00 0.523160E+00 0.128831E+02
 0.349108E+00 0.523160E+00 0.128816E+02
 0.374090E+00 0.522689E+00 0.151129E+02
 0.349083E+00 0.518601E+00 0.178759E+02
 0.349115E+00 0.523159E+00 0.128834E+02
 0.372000E+00 0.524378E+00 0.140734E+02
 0.349106E+00 0.523168E+00 0.128850E+02
 0.349106E+00 0.523165E+00 0.128853E+02
 0.372061E+00 0.524614E+00 0.141359E+02
 0.349102E+00 0.523207E+00 0.129008E+02
 0.349104E+00 0.523156E+00 0.129028E+02
 0.349105E+00 0.523160E+00 0.129024E+02
 0.349135E+00 0.520110E+00 0.130261E+02
 0.349105E+00 0.523156E+00 0.128818E+02
 0.349109E+00 0.523154E+00 0.128835E+02
 0.349105E+00 0.523160E+00 0.129033E+02
 0.349110E+00 0.523163E+00 0.128863E+02
 0.349066E+00 0.521622E+00 0.170721E+02
 0.349095E+00 0.523240E+00 0.128995E+02
 0.349103E+00 0.523148E+00 0.128824E+02
 0.372976E+00 0.523453E+00 0.145075E+02
 0.349107E+00 0.523178E+00 0.128859E+02
 0.349055E+00 0.519104E+00 0.129823E+02
 0.349108E+00 0.523155E+00 0.128848E+02
 0.349106E+00 0.523361E+00 0.129335E+02
 0.349096E+00 0.523201E+00 0.129046E+02
 0.349105E+00 0.523167E+00 0.128855E+02
 0.349127E+00 0.523370E+00 0.129191E+02
 0.349100E+00 0.523180E+00 0.128829E+02
 0.373265E+00 0.523399E+00 0.147138E+02
 0.349139E+00 0.518956E+00 0.166620E+02
 0.349099E+00 0.523160E+00 0.128848E+02
 0.349105E+00 0.523160E+00 0.129030E+02
 0.349105E+00 0.520435E+00 0.130784E+02
 0.349106E+00 0.523159E+00 0.128831E+02
 0.349191E+00 0.519528E+00 0.152437E+02
 0.349137E+00 0.519595E+00 0.129527E+02
 0.349114E+00 0.523184E+00 0.129045E+02
 0.349106E+00 0.523181E+00 0.129062E+02
 0.349112E+00 0.523158E+00 0.128819E+02
 0.349105E+00 0.523165E+00 0.128823E+02
 0.349126E+00 0.519613E+00 0.129536E+02
 0.349113E+00 0.523163E+00 0.128827E+02
 0.349046E+00 0.521653E+00 0.172172E+02
 0.349104E+00 0.523203E+00 0.129051E+02
 0.349106E+00 0.519754E+00 0.129684E+02
 0.373205E+00 0.525057E+00 0.149596E+02
 0.349121E+00 0.521698E+00 0.170672E+02
 0.374909E+00 0.522157E+00 0.157084E+02
 0.349106E+00 0.523166E+00 0.129051E+02
 0.349105E+00 0.523160E+00 0.128861E+02
 0.349104E+00 0.523190E+00 0.128867E+02
 0.349036E+00 0.519818E+00 0.129624E+02
 0.349106E+00 0.523184E+00 0.128853E+02
 0.349105E+00 0.523161E+00 0.128834E+02
 0.349105E+00 0.523160E+00 0.129025E+02
 0.349105E+00 0.523153E+00 0.128839E+02
 0.349103E+00 0.523235E+00 0.129013E+02
 0.349103E+00 0.523160E+00 0.128972E+02
 0.349102E+00 0.523305E+00 0.128916E+02
 0.349098E+00 0.519625E+00 0.129544E+02
 0.349106E+00 0.523167E+00 0.128838E+02
 0.349106E+00 0.523160E+00 0.128977E+02
 0.349109E+00 0.523175E+00 0.128828E+02
 0.349142E+00 0.520519E+00 0.159746E+02
 0.349105E+00 0.523160E+00 0.128850E+02
 0.349105E+00 0.523159E+00 0.128973E+02
 0.349121E+00 0.523201E+00 0.128907E+02
 0.349142E+00 0.520982E+00 0.163453E+02
 0.349104E+00 0.523167E+00 0.129058E+02
 0.349101E+00 0.523181E+00 0.129051E+02
 0.349090E+00 0.523176E+00 0.128824E+02
 0.349112E+00 0.523146E+00 0.128826E+02
 0.349105E+00 0.523170E+00 0.128867E+02
 0.349073E+00 0.521128E+00 0.165721E+02
 0.349102E+00 0.523424E+00 0.129172E+02
 0.349102E+00 0.521162E+00 0.165253E+02
 0.349106E+00 0.523160E+00 0.129027E+02
 0.349104E+00 0.523248E+00 0.129157E+02
 0.349125E+00 0.519259E+00 0.134064E+02
 0.349107E+00 0.523166E+00 0.128850E+02
 0.373528E+00 0.522877E+00 0.147131E+02
 0.349103E+00 0.523259E+00 0.128875E+02
 0.349095E+00 0.521006E+00 0.164252E+02
 0.349105E+00 0.523160E+00 0.128838E+02
 0.349105E+00 0.523176E+00 0.128821E+02
 0.349106E+00 0.519426E+00 0.129580E+02
 0.349105E+00 0.523170E+00 0.129043E+02
 0.349104E+00 0.523254E+00 0.128887E+02
 0.349110E+00 0.521296E+00 0.168058E+02
 0.373063E+00 0.523212E+00 0.145484E+02
 0.349107E+00 0.518737E+00 0.174033E+02
 0.349111E+00 0.523160E+00 0.128829E+02
 0.349104E+00 0.523161E+00 0.128819E+02
 0.349105E+00 0.523160E+00 0.129018E+02
 0.349137E+00 0.519445E+00 0.129575E+02
 0.349108E+00 0.523159E+00 0.129026E+02
 0.373156E+00 0.523148E+00 0.146368E+02
 0.349108E+00 0.523159E+00 0.128823E+02
 0.349108E+00 0.523155E+00 0.129031E+02
 0.349104E+00 0.523190E+00 0.129061E+02
 0.349101E+00 0.521397E+00 0.168439E+02
 0.349105E+00 0.523162E+00 0.128858E+02
 0.349101E+00 0.523414E+00 0.129246E+02
 0.349116E+00 0.523189E+00 0.128875E+02
 0.349107E+00 0.523162E+00 0.128850E+02
 0.349105E+00 0.523166E+00 0.128844E+02
 0.349116E+00 0.518396E+00 0.179281E+02
 0.349106E+00 0.523165E+00 0.128859E+02
 0.349105E+00 0.523164E+00 0.129022E+02
 0.349103E+00 0.523162E+00 0.128849E+02
 0.349107E+00 0.523159E+00 0.129029E+02
 0.349148E+00 0.519225E+00 0.129761E+02
 0.349109E+00 0.523161E+00 0.128820E+02
 0.349147E+00 0.521771E+00 0.172457E+02
 0.349107E+00 0.523160E+00 0.128861E+02
 0.349107E+00 0.523197E+00 0.128836E+02
 0.372714E+00 0.523148E+00 0.142425E+02
 0.349121E+00 0.523308E+00 0.128908E+02
 0.349107E+00 0.523175E+00 0.129035E+02
 0.349107E+00 0.521078E+00 0.165386E+02
 0.349105E+00 0.523172E+00 0.128821E+02
 0.349109E+00 0.523171E+00 0.128852E+02
 0.349102E+00 0.523159E+00 0.128968E+02
 0.349108E+00 0.523186E+00 0.128858E+02
 0.349105E+00 0.523160E+00 0.128859E+02
 0.349123E+00 0.520928E+00 0.163984E+02
 0.349101E+00 0.523214E+00 0.128842E+02
 0.349104E+00 0.520457E+00 0.130640E+02
 0.349105E+00 0.523160E+00 0.128828E+02
 0.349109E+00 0.523159E+00 0.128868E+02
 0.349053E+00 0.523260E+00 0.129011E+02
 0.349106E+00 0.523237E+00 0.129095E+02
 0.349106E+00 0.523157E+00 0.128843E+02
 0.375306E+00 0.525026E+00 0.162728E+02
 0.349101E+00 0.520060E+00 0.130275E+02
 0.349102E+00 0.523202E+00 0.129048E+02
 0.349105E+00 0.523160E+00 0.128843E+02
 0.373818E+00 0.522942E+00 0.147064E+02
 0.349103E+00 0.523162E+00 0.128855E+02
 0.349155E+00 0.521404E+00 0.168219E+02
 0.349087E+00 0.523256E+00 0.129026E+02
 0.349105E+00 0.523160E+00 0.129026E+02
 0.349105E+00 0.523163E+00 0.128831E+02
 0.349105E+00 0.523160E+00 0.129020E+02
 0.349105E+00 0.523219E+00 0.129056E+02
 0.349149E+00 0.521400E+00 0.168058E+02
 0.349147E+00 0.521399E+00 0.168363E+02
 0.349104E+00 0.523150E+00 0.128846E+02
 0.373890E+00 0.523238E+00 0.148158E+02
 0.349143E+00 0.521396E+00 0.168636E+02
 0.349117E+00 0.523165E+00 0.128851E+02
 0.349084E+00 0.523255E+00 0.129175E+02
 0.373835E+00 0.523112E+00 0.147393E+02
 0.349125E+00 0.519742E+00 0.129730E+02
 0.349104E+00 0.523159E+00 0.128823E+02
 0.349105E+00 0.523173E+00 0.128819E+02
 0.372346E+00 0.523298E+00 0.140897E+02
 0.349109E+00 0.521526E+00 0.170348E+02
 0.349105E+00 0.523160E+00 0.128861E+02
 0.372454E+00 0.522993E+00 0.141370E+02
 0.349106E+00 0.523161E+00 0.128970E+02
 0.349105E+00 0.523160E+00 0.129022E+02
 0.349104E+00 0.520176E+00 0.129872E+02
 0.349104E+00 0.523163E+00 0.128829E+02
 0.349105E+00 0.523160E+00 0.128840E+02
 0.349110E+00 0.523268E+00 0.128922E+02
 0.349105E+00 0.523160E+00 0.128853E+02
 0.349104E+00 0.523171E+00 0.129029E+02
 0.372632E+00 0.522308E+00 0.142357E+02
 0.349144E+00 0.520107E+00 0.156929E+02
 0.349105E+00 0.523173E+00 0.129001E+02
 0.349105E+00 0.523160E+00 0.128818E+02
 0.349139E+00 0.518469E+00 0.182530E+02
 0.349105E+00 0.523160E+00 0.129027E+02
 0.349105E+00 0.523296E+00 0.128881E+02
 0.349104E+00 0.520853E+00 0.163650E+02
 0.349105E+00 0.523160E+00 0.128850E+02
 0.349099E+00 0.523161E+00 0.128962E+02
 0.349105E+00 0.523153E+00 0.128829E+02
 0.349105E+00 0.523153E+00 0.129030E+02
 0.373371E+00 0.521438E+00 0.146509E+02
 0.349110E+00 0.523162E+00 0.128834E+02
 0.349105E+00 0.523170E+00 0.128834E+02
 0.349104E+00 0.523153E+00 0.129012E+02
 0.349110E+00 0.523164E+00 0.128816E+02
 0.349105E+00 0.523166E+00 0.128857E+02
 0.349138E+00 0.519566E+00 0.129615E+02
 0.349105E+00 0.523160E+00 0.129018E+02
 0.349105E+00 0.523202E+00 0.129046E+02
 0.349105E+00 0.523160E+00 0.128825E+02
 0.349118E+00 0.523151E+00 0.128819E+02
 0.349102E+00 0.523196E+00 0.128851E+02
 0.349258E+00 0.518155E+00 0.139936E+02
 0.349109E+00 0.523161E+00 0.129052E+02
 0.349103E+00 0.523161E+00 0.128850E+02
 0.373262E+00 0.523952E+00 0.148195E+02
 0.349111E+00 0.521196E+00 0.166073E+02
 0.349106E+00 0.523162E+00 0.129048E+02
 0.349104E+00 0.520116E+00 0.130239E+02
 0.349106E+00 0.523159E+00 0.128820E+02
 0.349105E+00 0.523161E+00 0.129021E+02
 0.349104E+00 0.523160E+00 0.128814E+02
 0.349103E+00 0.523189E+00 0.129039E+02
 0.373223E+00 0.523284E+00 0.144699E+02
 0.349105E+00 0.523175E+00 0.128821E+02
 0.349105E+00 0.523160E+00 0.128854E+02
 0.349122E+00 0.523207E+00 0.129038E+02
 0.349062E+00 0.519240E+00 0.129704E+02
 0.349106E+00 0.523153E+00 0.129050E+02
 0.349105E+00 0.523155E+00 0.128824E+02
 0.373407E+00 0.523923E+00 0.149566E+02
 0.373372E+00 0.523370E+00 0.146294E+02
 0.372110E+00 0.523547E+00 0.139753E+02
 0.349105E+00 0.523160E+00 0.128858E+02
 0.349111E+00 0.523158E+00 0.128834E+02
 0.349105E+00 0.523162E+00 0.129059E+02
 0.349105E+00 0.523143E+00 0.129033E+02
 0.349119E+00 0.523161E+00 0.128832E+02
 0.373206E+00 0.526833E+00 0.155556E+02
 0.349105E+00 0.523160E+00 0.128851E+02
 0.349107E+00 0.523161E+00 0.128816E+02
 0.349105E+00 0.523160E+00 0.128846E+02
 0.349105E+00 0.523160E+00 0.129034E+02
 0.349109E+00 0.523190E+00 0.128867E+02
 0.349104E+00 0.523172E+00 0.128826E+02
 0.349111E+00 0.523158E+00 0.129052E+02
 0.372745E+00 0.522470E+00 0.142801E+02
 0.349109E+00 0.523156E+00 0.129040E+02
 0.349105E+00 0.523160E+00 0.128850E+02
 0.349110E+00 0.523155E+00 0.128852E+02
 0.349106E+00 0.523203E+00 0.129050E+02
 0.349104E+00 0.523161E+00 0.128814E+02
 0.349105E+00 0.523140E+00 0.129028E+02
 0.373176E+00 0.523651E+00 0.146299E+02
 0.349106E+00 0.523182E+00 0.128841E+02
 0.349102E+00 0.523217E+00 0.128847E+02
 0.349104E+00 0.523159E+00 0.128852E+02
 0.349174E+00 0.520154E+00 0.157083E+02
 0.349105E+00 0.523157E+00 0.128851E+02
 0.349123E+00 0.519122E+00 0.129820E+02
 0.373392E+00 0.523287E+00 0.145748E+02
 0.349105E+00 0.523160E+00 0.128859E+02
 0.349024E+00 0.520588E+00 0.131058E+02
 0.349103E+00 0.523162E+00 0.129033E+02
 0.349107E+00 0.523182E+00 0.128866E+02
 0.349119E+00 0.523378E+00 0.129223E+02
 0.349105E+00 0.523160E+00 0.129027E+02
 0.349104E+00 0.523160E+00 0.129017E+02
 0.349110E+00 0.519791E+00 0.129680E+02
 0.349104E+00 0.523161E+00 0.128826E+02
 0.349105E+00 0.523224E+00 0.129014E+02
 0.349111E+00 0.518913E+00 0.165637E+02
 0.349108E+00 0.523159E+00 0.128832E+02
 0.349105E+00 0.523162E+00 0.128831E+02
 0.349086E+00 0.519454E+00 0.129592E+02
 0.349105E+00 0.523160E+00 0.128814E+02
 0.349107E+00 0.523159E+00 0.128818E+02
 0.349016E+00 0.520144E+00 0.130290E+02
 0.349107E+00 0.523157E+00 0.128866E+02
 0.349105E+00 0.523160E+00 0.128853E+02
 0.349111E+00 0.523161E+00 0.128833E+02
 0.349118E+00 0.523187E+00 0.128858E+02
 0.349138E+00 0.519600E+00 0.129535E+02
 0.349112E+00 0.523164E+00 0.129049E+02
 0.349105E+00 0.523160E+00 0.129022E+02
 0.349105E+00 0.523159E+00 0.128852E+02
 0.349107E+00 0.523175E+00 0.128856E+02
 0.349042E+00 0.523371E+00 0.129058E+02
 0.349101E+00 0.523160E+00 0.128843E+02
 0.349105E+00 0.523175E+00 0.129057E+02
 0.349110E+00 0.523170E+00 0.129029E+02
 0.349105E+00 0.523160E+00 0.128859E+02
 0.349134E+00 0.523160E+00 0.128863E+02
 0.349105E+00 0.523160E+00 0.129020E+02
 0.372388E+00 0.523323E+00 0.141169E+02
 0.372016E+00 0.523173E+00 0.139210E+02
 0.373287E+00 0.523170E+00 0.144753E+02
 0.349151E+00 0.520868E+00 0.163278E+02
 0.349105E+00 0.523160E+00 0.128852E+02
 0.349105E+00 0.523166E+00 0.128850E+02
 0.349105E+00 0.523161E+00 0.128976E+02
 0.349098E+00 0.523167E+00 0.128997E+02
 0.349104E+00 0.523160E+00 0.128850E+02
 0.349107E+00 0.523151E+00 0.128862E+02
 0.349171E+00 0.520884E+00 0.162622E+02
 0.349113E+00 0.523163E+00 0.128856E+02
 0.349109E+00 0.523164E+00 0.128850E+02
 0.349105E+00 0.523162E+00 0.128830E+02
 0.349105E+00 0.523168E+00 0.128831E+02
 0.372896E+00 0.523303E+00 0.143865E+02
 0.349121E+00 0.523155E+00 0.129050E+02
 0.349105E+00 0.523160E+00 0.128823E+02
 0.349095E+00 0.523195E+00 0.128831E+02
 0.349135E+00 0.521533E+00 0.170170E+02
 0.372637E+00 0.523166E+00 0.142275E+02
 0.349105E+00 0.523160E+00 0.128853E+02
 0.373228E+00 0.523089E+00 0.146685E+02
 0.349160E+00 0.519631E+00 0.129754E+02
 0.349106E+00 0.523192E+00 0.128845E+02
 0.349141E+00 0.523239E+00 0.128902E+02
 0.373733E+00 0.523629E+00 0.149157E+02
 0.349119E+00 0.521705E+00 0.171204E+02
 0.349105E+00 0.523160E+00 0.129019E+02
 0.349105E+00 0.523160E+00 0.128835E+02
 0.349109E+00 0.523191E+00 0.128874E+02
 0.349106E+00 0.520321E+00 0.130499E+02
 0.349105E+00 0.523160E+00 0.129024E+02
 0.349108E+00 0.523161E+00 0.128863E+02
 0.349104E+00 0.523168E+00 0.128830E+02
 0.349153E+00 0.518844E+00 0.171649E+02
 0.349105E+00 0.523160E+00 0.128847E+02
 0.349104E+00 0.523159E+00 0.129042E+02
 0.349171E+00 0.520894E+00 0.162057E+02
 0.349105E+00 0.523161E+00 0.128827E+02
 0.349110E+00 0.523164E+00 0.128856E+02
 0.349144E+00 0.523233E+00 0.128911E+02
 0.349105E+00 0.523161E+00 0.129019E+02
 0.372075E+00 0.523402E+00 0.140063E+02
 0.349105E+00 0.523160E+00 0.129021E+02
 0.349094E+00 0.523150E+00 0.129007E+02
 0.349109E+00 0.523164E+00 0.128837E+02
 0.349109E+00 0.523159E+00 0.129057E+02
 0.349102E+00 0.523180E+00 0.128819E+02
 0.349105E+00 0.523160E+00 0.128841E+02
 0.349104E+00 0.523175E+00 0.128868E+02
 0.372257E+00 0.522981E+00 0.140295E+02
 0.349105E+00 0.523155E+00 0.128845E+02
 0.349105E+00 0.523160E+00 0.128858E+02
 0.372348E+00 0.522884E+00 0.140532E+02
 0.373263E+00 0.523103E+00 0.146428E+02
 0.349163E+00 0.520309E+00 0.158506E+02
 0.349106E+00 0.523160E+00 0.128858E+02
 0.349104E+00 0.523161E+00 0.128830E+02
 0.374463E+00 0.522763E+00 0.152979E+02
 0.349104E+00 0.523174E+00 0.128840E+02
 0.349122E+00 0.523166E+00 0.128856E+02
 0.349105E+00 0.523149E+00 0.128836E+02
 0.349106E+00 0.521357E+00 0.168394E+02
 0.349109E+00 0.523164E+00 0.128858E+02
 0.349105E+00 0.523160E+00 0.129019E+02
 0.349105E+00 0.523187E+00 0.128827E+02
 0.349106E+00 0.523160E+00 0.129054E+02
 0.349105E+00 0.523160E+00 0.128856E+02
 0.349130E+00 0.521162E+00 0.165732E+02
 0.349128E+00 0.523208E+00 0.128877E+02
 0.349105E+00 0.523160E+00 0.128834E+02
 0.349104E+00 0.523168E+00 0.129024E+02
 0.349105E+00 0.523160E+00 0.128854E+02
 0.349106E+00 0.523191E+00 0.129038E+02
 0.378731E+00 0.519569E+00 0.182097E+02
 0.349106E+00 0.523159E+00 0.128821E+02
 0.349104E+00 0.523240E+00 0.129098E+02
 0.349121E+00 0.520004E+00 0.129728E+02
 0.349140E+00 0.523196E+00 0.128936E+02
 0.349105E+00 0.523160E+00 0.128855E+02
 0.372617E+00 0.523101E+00 0.142282E+02
 0.349133E+00 0.520527E+00 0.159692E+02
 0.349108E+00 0.523162E+00 0.129054E+02
 0.349105E+00 0.523160E+00 0.128843E+02
 0.349116E+00 0.520398E+00 0.131152E+02
 0.349132E+00 0.523439E+00 0.129407E+02
 0.349106E+00 0.523239E+00 0.128878E+02
 0.349105E+00 0.523184E+00 0.129030E+02
 0.349105E+00 0.523160E+00 0.128819E+02
 0.349130E+00 0.520777E+00 0.162621E+02
 0.349106E+00 0.523159E+00 0.129047E+02
 0.349105E+00 0.523160E+00 0.128842E+02
 0.349147E+00 0.518901E+00 0.172511E+02
 0.372684E+00 0.520498E+00 0.143094E+02
 0.349135E+00 0.521689E+00 0.170906E+02
 0.375102E+00 0.523094E+00 0.159488E+02
 0.349107E+00 0.523159E+00 0.129049E+02
 0.372570E+00 0.523072E+00 0.141747E+02
 0.349133E+00 0.519522E+00 0.129534E+02
 0.349104E+00 0.523161E+00 0.128816E+02
 0.349105E+00 0.523215E+00 0.129080E+02
 0.349105E+00 0.523160E+00 0.128860E+02
 0.349088E+00 0.521180E+00 0.165047E+02
 0.349124E+00 0.523204E+00 0.129100E+02
 0.349105E+00 0.523160E+00 0.129023E+02
 0.349139E+00 0.520616E+00 0.161479E+02
 0.349105E+00 0.523153E+00 0.129056E+02
 0.349119E+00 0.523165E+00 0.128838E+02
 0.349168E+00 0.518925E+00 0.164116E+02
 0.349104E+00 0.523165E+00 0.129059E+02
 0.349135E+00 0.523259E+00 0.129094E+02
 0.373417E+00 0.522412E+00 0.147550E+02
 0.349126E+00 0.523220E+00 0.129060E+02
 0.349105E+00 0.523160E+00 0.128858E+02
 0.349114E+00 0.523159E+00 0.129075E+02
 0.349105E+00 0.523168E+00 0.128849E+02
 0.349105E+00 0.523160E+00 0.129018E+02
 0.349102E+00 0.523160E+00 0.129037E+02
 0.349104E+00 0.523159E+00 0.128846E+02
 0.373206E+00 0.523651E+00 0.146868E+02
 0.349105E+00 0.523160E+00 0.129025E+02
 0.349140E+00 0.520798E+00 0.162126E+02
