     1   1 0.372262E+00  0.523907E+00  0.927661E+02
     1   2 -.221187E+01  0.156531E+01  0.258129E+04
     1   3 -.197187E+01  0.857948E+00  0.856766E+03
     1   4 -.255791E+01  0.702346E+00  0.880702E+03
     1   5 0.185989E+01  0.143142E+00  0.102065E+06
     1   6 -.214754E+01  0.792096E+00  0.867383E+03
     1   7 -.999073E+00  0.135676E+01  0.230512E+04
     1   8 -.180828E+01  0.397303E+00  0.842745E+03
     1   9 -.273598E+01  0.169592E+01  0.258182E+04
     1  10 -.246888E+00  0.118574E+01  0.233848E+04
     1  11 -.231068E+01  0.903655E+00  0.874078E+03
     1  12 0.152642E+00  -.452195E+00  0.909993E+02
     1  13 0.905955E+00  0.225924E+00  0.145862E+04
     1  14 -.224651E+01  0.115249E+01  0.871799E+03
     1  15 -.222274E+01  0.630341E+00  0.870820E+03
     1  16 -.400257E+00  0.112113E+00  0.331913E+03
     1  17 -.782880E+00  -.267724E+00  0.542510E+03
     1  18 0.774449E+00  0.112979E+01  0.258967E+04
     1  19 -.203070E+01  0.178520E+01  0.258092E+04
     1  20 -.232502E+01  -.180665E+00  0.874614E+03
     1  21 -.195779E+01  0.964229E+00  0.855909E+03
     1  22 0.207259E+01  0.791386E+00  0.281781E+06
     1  23 -.191774E+00  0.191192E+00  0.226125E+03
     1  24 0.830814E+00  -.243214E+00  0.985852E+03
     1  25 -.438741E+00  0.123474E+00  0.353018E+03
     1  26 -.189837E+00  0.159249E+01  0.251249E+04
     1  27 -.189402E+01  0.232102E+00  0.850709E+03
     1  28 -.771786E+00  0.764436E+00  0.536774E+03
     1  29 0.147063E+01  -.318384E+00  0.205281E+05
     1  30 0.970947E+00  0.732823E+00  0.311219E+04
     1  31 -.334232E+00  -.685778E-01  0.297073E+03
     1  32 -.198073E+01  0.881469E+00  0.857405E+03
     1  33 -.104967E+01  0.750922E+00  0.667235E+03
     1  34 -.468749E+00  -.200986E+00  0.369461E+03
     1  35 -.253627E+01  0.169014E+00  0.880158E+03
     1  36 -.117576E+01  0.184308E+01  0.257407E+04
     1  37 -.786808E+00  0.128492E+01  0.180781E+04
     1  38 0.108385E+01  0.937881E+00  0.408150E+04
     1  39 0.993728E+00  0.182958E+01  0.338979E+04
     1  40 -.886513E+00  0.150949E+01  0.256657E+04
     1  41 0.185685E+01  0.183644E+01  0.102155E+06
     1  42 -.382474E+00  0.861403E-01  0.322473E+03
     1  43 0.189742E+01  0.395218E+00  0.118777E+06
     1  44 -.798595E+00  -.365719E+00  0.550696E+03
     1  45 0.188733E+01  0.166170E+01  0.116018E+06
     1  46 -.629753E-01  0.178874E+01  0.249299E+04
     1  47 0.107048E+01  -.226555E+00  0.379626E+04
     1  48 -.102638E+01  0.165470E+01  0.257085E+04
     1  49 0.924058E+00  0.105828E+01  0.301814E+04
     1  50 0.154561E+01  0.943485E+00  0.219851E+05
     2   1 -.196217E+01  -.383623E+00  0.856177E+03
     2   2 -.290000E+01  0.153772E+01  0.258170E+04
     2   3 0.578132E+00  -.322307E+00  0.170971E+03
     2   4 -.791230E-02  -.500000E+00  0.146646E+03
     2   5 0.220000E+01  -.500000E+00  0.523153E+06
     2   6 -.116848E+01  -.215450E+00  0.711574E+03
     2   7 -.259707E+01  0.106758E+00  0.881323E+03
     2   8 0.741717E+00  -.500000E+00  0.548243E+03
     2   9 -.228305E+01  0.161799E+01  0.258141E+04
     2  10 -.129378E+00  0.594668E+00  0.197758E+03
     2  11 0.239319E+00  -.346345E+00  0.695298E+02
     2  12 0.220000E+01  -.500000E+00  0.520554E+06
     2  13 0.220000E+01  -.500000E+00  0.523153E+06
     2  14 -.126195E+01  0.177566E+01  0.257550E+04
     2  15 -.542999E+00  -.500000E+00  0.410788E+03
     2  16 0.171477E+01  0.313903E+00  0.509006E+05
     2  17 -.467183E+00  0.579345E+00  0.368644E+03
     2  18 -.788642E+00  -.120207E+00  0.545532E+03
     2  19 0.519296E+00  0.128534E+01  0.240416E+04
     2  20 -.290000E+01  0.327751E+00  0.885215E+03
     2  21 0.592215E+00  0.734471E+00  0.214128E+04
     2  22 -.477414E+00  0.920391E+00  0.374465E+03
     2  23 -.169196E+01  0.805137E+00  0.829145E+03
     2  24 0.164298E+01  -.500000E+00  0.466444E+05
     2  25 0.570784E+00  -.500000E+00  0.162609E+03
     2  26 -.403408E+00  0.342489E+00  0.333594E+03
     2  27 -.303548E+00  -.259495E+00  0.281245E+03
     2  28 -.520866E+00  0.126638E+00  0.398387E+03
     2  29 0.255538E+00  0.874620E-01  0.665010E+02
     2  30 -.154960E+01  -.868269E-01  0.807576E+03
     2  31 0.147737E+01  -.500000E+00  0.270002E+05
     2  32 0.569273E+00  0.149398E+01  0.241722E+04
     2  33 -.220910E+01  -.173581E+00  0.870238E+03
     2  34 0.459655E+00  -.306794E+00  0.790939E+02
     2  35 -.155578E+01  -.499993E-01  0.808636E+03
     2  36 0.710480E-01  0.593076E+00  0.112721E+03
     2  37 -.144710E+01  0.662215E+00  0.787773E+03
     2  38 0.142796E+01  -.312119E+00  0.166999E+05
     2  39 0.184392E+01  0.579583E+00  0.933281E+05
     2  40 -.714559E+00  0.175989E+01  0.255901E+04
     2  41 -.693152E+00  0.194544E+01  0.255839E+04
     2  42 -.163568E+01  -.256909E+00  0.821378E+03
     2  43 -.652577E+00  -.500000E+00  0.471996E+03
     2  44 0.103639E+01  0.191093E+00  0.320694E+04
     2  45 0.286380E+00  0.200000E+01  0.242567E+04
     2  46 -.167698E+01  0.601738E+00  0.827153E+03
     2  47 -.705873E+00  0.417388E+00  0.501454E+03
     2  48 0.139198E+01  0.130625E+01  0.120384E+05
     2  49 -.200781E-01  0.160438E+01  0.248537E+04
     2  50 -.175703E+00  -.306515E+00  0.218663E+03
     3   1 -.222677E+01  -.500000E+00  0.870980E+03
     3   2 -.350000E+00  0.287716E+00  0.305262E+03
     3   3 0.220000E+01  -.500000E+00  0.542783E+06
     3   4 0.220000E+01  0.576939E+00  0.118551E+07
     3   5 0.929354E+00  0.309347E+00  0.256502E+04
     3   6 0.720098E+00  -.500000E+00  0.472997E+03
     3   7 -.363186E+00  -.500000E+00  0.312093E+03
     3   8 0.220000E+01  0.750000E+00  0.527532E+06
     3   9 -.183192E+00  0.132220E+01  0.250177E+04
     3  10 0.529579E+00  -.500000E+00  0.121598E+03
     3  11 0.220000E+01  -.500000E+00  0.542784E+06
     3  12 -.209703E+00  0.478420E+00  0.234536E+03
     3  13 -.350000E+00  0.750000E+00  0.305238E+03
     3  14 0.395694E+00  0.525659E+00  0.369077E+02
     3  15 0.200700E+01  0.645590E+00  0.795022E+05
     3  16 -.458332E+00  0.865041E-01  0.363599E+03
     3  17 0.512486E+00  0.118192E+01  0.240115E+04
     3  18 -.166857E+01  -.500000E+00  0.826044E+03
     3  19 0.220000E+01  0.353404E-01  0.485452E+06
     3  20 -.350000E+00  0.369659E+00  0.305131E+03
     3  21 0.220000E+01  0.650677E+00  0.511350E+06
     3  22 -.184383E+01  0.628835E+00  0.846177E+03
     3  23 -.226823E+01  0.116229E+01  0.872672E+03
     3  24 0.133335E+01  0.413930E+00  0.969222E+04
     3  25 0.107832E+01  0.190995E+00  0.373707E+04
     3  26 -.224531E+00  -.500000E+00  0.241820E+03
     3  27 0.184127E+01  -.418070E+00  0.934983E+05
     3  28 0.977104E-01  -.500000E+00  0.108283E+03
     3  29 -.898754E+00  0.472999E+00  0.600704E+03
     3  30 -.221665E+01  -.500000E+00  0.870598E+03
     3  31 0.220000E+01  0.750000E+00  0.519191E+06
     3  32 0.220000E+01  0.656386E+00  0.506129E+06
     3  33 0.340900E+00  0.512122E+00  0.512869E+02
     3  34 0.105850E+01  0.176058E+00  0.345321E+04
     3  35 0.324961E-01  -.776712E-01  0.131154E+03
     3  36 0.150414E+01  -.500000E+00  0.356259E+05
     3  37 -.153860E+00  -.500000E+00  0.208642E+03
     3  38 0.239372E+00  0.671587E+00  0.247928E+03
     3  39 0.127224E+01  -.177310E+00  0.830450E+04
     3  40 -.410465E+00  0.509888E+00  0.337469E+03
     3  41 -.223084E+01  0.122889E+01  0.871925E+03
     3  42 0.654491E+00  -.154609E+00  0.297785E+03
     3  43 -.182021E+01  0.298525E+00  0.843895E+03
     3  44 0.235695E+00  0.111095E+00  0.702911E+02
     3  45 -.125942E+01  0.118326E+01  0.741357E+03
     3  46 -.249425E+01  -.500000E+00  0.879253E+03
     3  47 -.102955E+01  0.757646E+00  0.659003E+03
     3  48 0.220000E+01  0.689719E+00  0.512402E+06
     3  49 -.727846E+00  0.354384E+00  0.513078E+03
     3  50 -.167980E+01  -.500000E+00  0.827588E+03
     4   1 0.323235E+00  0.365648E+00  0.534315E+02
     4   2 0.220000E+01  -.500000E+00  0.542782E+06
     4   3 0.460444E-01  0.750000E+00  0.159430E+03
     4   4 -.350000E+00  0.362453E+00  0.305258E+03
     4   5 -.971376E+00  0.123023E+01  0.708078E+03
     4   6 0.220000E+01  0.750000E+00  0.527533E+06
     4   7 0.218681E+01  0.639016E+00  0.272142E+07
     4   8 0.871652E+00  0.139364E+01  0.282193E+04
     4   9 0.220000E+01  0.839754E+00  0.525862E+06
     4  10 0.110630E+01  0.750000E+00  0.439500E+04
     4  11 -.350000E+00  0.581373E+00  0.305387E+03
     4  12 -.207756E+01  0.229296E+00  0.863652E+03
     4  13 -.241227E+01  0.178674E+01  0.258158E+04
     4  14 0.197032E+01  -.500000E+00  0.171251E+06
     4  15 0.101101E+01  0.152993E+00  0.304249E+05
     4  16 -.146988E+01  0.225655E+00  0.792616E+03
     4  17 0.658753E+00  0.998025E+00  0.243425E+04
     4  18 0.294616E+00  0.284842E+00  0.607879E+02
     4  19 -.350000E+00  0.214680E-01  0.305319E+03
     4  20 0.218459E+01  0.561289E+00  0.499416E+06
     4  21 -.350000E+00  0.885845E+00  0.305365E+03
     4  22 0.706174E+00  0.237314E+00  0.335682E+03
     4  23 0.281774E+00  0.707811E+00  0.687495E+03
     4  24 0.286032E+00  0.102302E+01  0.239208E+04
     4  25 0.639372E+00  0.101063E+01  0.242345E+04
     4  26 0.203099E+00  0.750000E+00  0.536525E+03
     4  27 0.220000E+01  0.670842E+00  0.471561E+06
     4  28 0.776566E+00  0.750000E+00  0.258408E+04
     4  29 0.112491E+00  0.866655E+00  0.112751E+04
     4  30 -.325734E+00  0.750000E+00  0.291956E+03
     4  31 -.350000E+00  0.154962E+01  0.253218E+04
     4  32 0.339764E+00  0.185724E+00  0.580709E+02
     4  33 0.220000E+01  0.116532E+01  0.456035E+06
     4  34 0.670326E+00  0.366356E+00  0.493547E+03
     4  35 0.184085E+01  0.582665E+00  0.934787E+05
     4  36 0.560659E+00  0.448815E+00  0.421090E+03
     4  37 0.184350E+01  0.248391E+00  0.969209E+05
     4  38 -.759147E+00  0.153766E+01  0.256139E+04
     4  39 -.838444E+00  0.107269E+01  0.571516E+03
     4  40 0.493317E+00  -.500000E+00  0.958882E+02
     4  41 -.103150E+00  0.281864E+00  0.186118E+03
     4  42 0.220000E+01  0.667817E+00  0.470973E+06
     4  43 -.882386E+00  0.365077E+00  0.592794E+03
     4  44 -.452975E+00  0.695573E-01  0.360619E+03
     4  45 -.100439E+01  0.194335E+00  0.648520E+03
     4  46 0.557489E-01  0.750000E+00  0.165226E+03
     4  47 -.587349E+00  0.662490E+00  0.435581E+03
     4  48 -.350000E+00  0.719604E-01  0.305327E+03
     4  49 -.464858E-01  -.500000E+00  0.162134E+03
     4  50 -.149234E+01  0.480646E+00  0.797062E+03
     5   1 0.220000E+01  0.125381E+01  0.480689E+06
     5   2 -.350000E+00  0.750000E+00  0.305238E+03
     5   3 -.196147E+01  0.164906E+01  0.258073E+04
     5   4 -.125684E+01  -.500000E+00  0.739636E+03
     5   5 -.224902E+01  0.110900E+01  0.871888E+03
     5   6 -.350000E+00  0.130580E+00  0.305324E+03
     5   7 -.363186E+00  0.511863E+00  0.312253E+03
     5   8 -.667547E+00  0.143635E+00  0.480226E+03
     5   9 -.350000E+00  0.269696E+00  0.305148E+03
     5  10 0.113550E+01  0.167180E+01  0.480859E+04
     5  11 -.258686E+01  0.120538E+01  0.881438E+03
     5  12 -.197822E+01  -.157361E+00  0.857357E+03
     5  13 -.688650E+00  0.167961E+01  0.255815E+04
     5  14 0.220000E+01  0.585165E+00  0.223046E+08
     5  15 -.153899E+01  -.459295E+00  0.805754E+03
     5  16 0.863711E+00  0.498776E+00  0.270667E+04
     5  17 0.328196E+00  0.272036E+00  0.560877E+02
     5  18 0.220000E+01  0.121110E+01  0.466386E+06
     5  19 -.251603E+01  0.252450E+00  0.879712E+03
     5  20 0.156321E+01  0.713240E+00  0.208647E+05
     5  21 -.276077E+01  0.765452E+00  0.883879E+03
     5  22 0.220000E+01  0.186860E+00  0.520426E+06
     5  23 0.219597E+01  -.272198E+00  0.500349E+06
     5  24 -.648739E+00  -.181970E+00  0.469913E+03
     5  25 0.123893E+00  -.239372E+00  0.997892E+02
     5  26 0.366350E+00  0.167086E+01  0.241268E+04
     5  27 -.350000E+00  0.161551E+01  0.253218E+04
     5  28 0.583247E+00  -.412920E-01  0.177934E+03
     5  29 0.129976E+01  -.256038E+00  0.989894E+04
     5  30 0.174428E+01  0.183253E+01  0.584627E+05
     5  31 -.227611E+01  0.299620E+00  0.872870E+03
     5  32 -.134383E+01  0.247818E+00  0.763710E+03
     5  33 -.350000E+00  0.121266E+01  0.229608E+04
     5  34 0.115996E+00  0.379266E+00  0.102269E+03
     5  35 0.151686E+01  0.958342E+00  0.207438E+05
     5  36 -.615936E+00  0.155864E+01  0.255398E+04
     5  37 0.389606E+00  0.169302E+00  0.607403E+02
     5  38 -.898888E+00  0.200000E+01  0.256698E+04
     5  39 -.106351E+01  0.145574E+01  0.256523E+04
     5  40 0.128774E+01  0.750000E+00  0.795466E+04
     5  41 0.201035E+01  -.500000E+00  0.191887E+06
     5  42 -.350000E+00  0.214965E+00  0.305011E+03
     5  43 0.827112E+00  0.856333E-01  0.779826E+03
     5  44 -.273049E+00  0.659855E+00  0.265610E+03
     5  45 0.129604E+01  -.500000E+00  0.132299E+05
     5  46 0.220000E+01  0.185187E+01  0.512070E+06
     5  47 0.105739E+01  0.412444E+00  0.382811E+04
     5  48 -.248502E+01  -.237064E+00  0.879136E+03
     5  49 0.802180E+00  0.697980E+00  0.259335E+04
     5  50 0.325999E+00  0.547683E+00  0.731651E+02
     6   1 -.350000E+00  0.856657E+00  0.304940E+03
     6   2 -.269091E+01  0.188364E+01  0.258180E+04
     6   3 -.273822E+01  0.200000E+01  0.258182E+04
     6   4 0.685302E+00  0.750000E+00  0.245232E+04
     6   5 0.300984E+00  0.535287E+00  0.521930E+02
     6   6 -.189552E+01  -.437797E-01  0.850881E+03
     6   7 -.266679E+01  -.192564E+00  0.882340E+03
     6   8 -.143314E+01  -.500000E+00  0.784809E+03
     6   9 -.255652E+01  -.379835E-02  0.880578E+03
     6  10 0.726742E+00  0.421804E+00  0.100000E+11
     6  11 -.368551E-01  -.446213E-01  0.158246E+03
     6  12 0.571778E+00  -.463924E+00  0.163693E+03
     6  13 0.152071E+01  0.429612E+00  0.220692E+05
     6  14 -.350000E+00  0.154047E+01  0.253218E+04
     6  15 -.290000E+01  -.381298E+00  0.885343E+03
     6  16 0.161909E+01  0.734499E+00  0.100000E+11
     6  17 0.756670E-01  -.407669E-01  0.115761E+03
     6  18 0.170423E+00  0.826797E+00  0.109792E+04
     6  19 -.162965E-01  0.486838E+00  0.150244E+03
     6  20 0.313033E+00  0.536821E+00  0.320262E+02
     6  21 -.188468E+01  0.510859E+00  0.849776E+03
     6  22 -.350000E+00  0.189186E+00  0.305319E+03
     6  23 0.201021E+01  -.500000E+00  0.213335E+06
     6  24 -.101761E+01  -.380210E+00  0.654080E+03
     6  25 -.474581E-01  -.500000E+00  0.162554E+03
     6  26 -.193139E+00  0.648863E+00  0.226698E+03
     6  27 -.251044E+01  0.365509E+00  0.879591E+03
     6  28 -.519415E+00  -.500000E+00  0.397462E+03
     6  29 0.302584E+00  -.137448E+00  0.600990E+02
     6  30 0.220000E+01  0.132890E+01  0.533712E+06
     6  31 -.212159E+01  -.500000E+00  0.866039E+03
     6  32 0.388944E+00  0.419269E+00  0.400356E+02
     6  33 -.203753E+01  0.451425E+00  0.861284E+03
     6  34 0.276109E-01  0.143528E+00  0.133022E+03
     6  35 -.103314E+01  0.429890E+00  0.660555E+03
     6  36 -.122246E+00  0.145035E+01  0.250115E+04
     6  37 -.984702E+00  0.117526E+00  0.640019E+03
     6  38 -.261127E+00  0.750000E+00  0.259410E+03
     6  39 0.173630E+00  0.699376E+00  0.195932E+03
     6  40 0.876754E+00  0.901169E+00  0.283271E+04
     6  41 0.127964E+01  0.750000E+00  0.791718E+04
     6  42 -.205083E+01  -.500000E+00  0.862152E+03
     6  43 0.177310E+01  -.471628E+00  0.710938E+05
     6  44 0.852631E+00  0.930338E+00  0.276053E+04
     6  45 0.141462E+01  0.750000E+00  0.131782E+05
     6  46 -.350000E+00  0.601866E+00  0.305110E+03
     6  47 0.186479E+01  0.250861E+00  0.101862E+06
     6  48 -.290000E+01  0.405527E+00  0.885346E+03
     6  49 0.549625E+00  -.889235E-02  0.140290E+03
     6  50 0.209225E+01  0.591948E+00  0.300857E+06
     7   1 -.214513E+01  -.142426E+00  0.867238E+03
     7   2 -.175027E+01  0.633640E+00  0.836329E+03
     7   3 -.188224E+00  0.750000E+00  0.223774E+03
     7   4 0.151181E+01  0.334202E-03  0.208659E+05
     7   5 0.220000E+01  -.929110E-02  0.523637E+06
     7   6 -.301087E+00  0.170620E+00  0.279799E+03
     7   7 -.117144E+01  -.292401E+00  0.712504E+03
     7   8 -.797347E+00  0.750000E+00  0.549924E+03
     7   9 -.651804E-02  -.365111E-01  0.146053E+03
     7  10 0.928275E-02  -.500000E+00  0.140032E+03
     7  11 0.220000E+01  -.500000E+00  0.542788E+06
     7  12 0.220000E+01  0.719986E+00  0.506355E+06
     7  13 0.220000E+01  -.500000E+00  0.542784E+06
     7  14 -.121249E+01  0.290471E+00  0.725954E+03
     7  15 -.350000E+00  0.353895E+00  0.305324E+03
     7  16 -.772236E+00  0.696613E+00  0.536815E+03
     7  17 0.269266E+00  0.513609E+00  0.496829E+02
     7  18 -.157751E+01  -.182928E+00  0.812303E+03
     7  19 0.220000E+01  0.778183E+00  0.517796E+06
     7  20 -.874382E+00  0.369258E+00  0.588921E+03
     7  21 0.665318E+00  0.765148E+00  0.244150E+04
     7  22 -.220724E+01  0.411364E+00  0.870134E+03
     7  23 -.539786E+00  0.722339E+00  0.408959E+03
     7  24 -.517560E+00  0.799620E+00  0.396577E+03
     7  25 0.314108E+00  0.750000E+00  0.133778E+04
     7  26 0.148190E-01  -.349702E+00  0.137844E+03
     7  27 0.395578E-01  -.500000E+00  0.128579E+03
     7  28 -.872034E-01  -.167370E+00  0.179223E+03
     7  29 -.642658E+00  0.141805E+00  0.466507E+03
     7  30 0.954096E+00  0.788966E-01  0.162237E+04
     7  31 -.264426E+00  0.694584E+00  0.262310E+03
     7  32 0.200988E+01  0.687953E+00  0.147088E+05
     7  33 0.512465E+00  -.157770E+00  0.108285E+03
     7  34 0.529335E+00  -.155456E+00  0.121102E+03
     7  35 -.911223E+00  -.112488E+00  0.606563E+03
     7  36 0.109322E+01  0.313901E+00  0.421752E+04
     7  37 0.372238E-01  0.386678E+00  0.129616E+03
     7  38 0.153684E+01  -.500000E+00  0.360736E+05
     7  39 0.137410E+01  -.219687E+00  0.121153E+05
     7  40 0.312859E+00  0.771078E-01  0.592655E+02
     7  41 -.127036E+01  0.133096E+01  0.132847E+04
     7  42 0.499171E+00  0.750000E+00  0.221476E+04
     7  43 0.155418E-01  -.306210E+00  0.137598E+03
     7  44 0.599859E+00  -.319662E+00  0.200526E+03
     7  45 0.241442E+00  0.121955E+01  0.242767E+04
     7  46 -.136121E+01  -.434046E+00  0.768073E+03
     7  47 0.577670E+00  0.799284E+00  0.236579E+04
     7  48 -.350000E+00  0.861544E+00  0.305003E+03
     7  49 -.140773E-01  -.312110E+00  0.149045E+03
     7  50 -.258346E+00  0.521441E+00  0.258194E+03
     8   1 -.290000E+01  0.435965E-01  0.885235E+03
     8   2 0.214793E+00  -.500000E+00  0.748108E+02
     8   3 0.220000E+01  -.500000E+00  0.523154E+06
     8   4 -.154399E+00  -.500000E+00  0.208892E+03
     8   5 -.350000E+00  -.166358E+00  0.305122E+03
     8   6 0.167538E+01  0.792581E+00  0.431214E+05
     8   7 0.137856E+01  0.480987E+00  0.540126E+04
     8   8 0.100982E+01  0.129743E+01  0.349940E+04
     8   9 0.220000E+01  0.353185E+00  0.438829E+06
     8  10 -.308871E+00  0.398128E+00  0.283816E+03
     8  11 -.350000E+00  0.504953E+00  0.305239E+03
     8  12 -.350000E+00  0.197418E+00  0.305267E+03
     8  13 0.328029E+00  0.750000E+00  0.142112E+04
     8  14 0.833372E+00  -.500000E+00  0.100090E+04
     8  15 0.220000E+01  0.128506E+01  0.468163E+06
     8  16 -.290000E+01  0.510421E+00  0.885245E+03
     8  17 0.453499E+00  0.104227E+01  0.239606E+04
     8  18 -.578981E-01  0.575431E+00  0.166697E+03
     8  19 -.350000E+00  0.559105E+00  0.305092E+03
     8  20 -.542992E+00  0.524386E+00  0.410731E+03
     8  21 0.220000E+01  0.711054E+00  0.506455E+06
     8  22 -.495094E-01  0.403212E+00  0.163422E+03
     8  23 -.241905E+01  0.138736E+01  0.167262E+04
     8  24 0.915623E-01  0.168584E+01  0.246431E+04
     8  25 0.372601E+00  0.111033E+01  0.240211E+04
     8  26 0.437298E+00  -.500000E+00  0.710087E+02
     8  27 0.220000E+01  0.750000E+00  0.519117E+06
     8  28 0.111760E+01  0.488235E+00  0.455661E+04
     8  29 -.145841E-01  0.448193E+00  0.149329E+03
     8  30 -.159590E+01  0.187544E+00  0.815344E+03
     8  31 0.165105E+01  0.167776E+01  0.384397E+05
     8  32 0.134927E+01  0.378508E+00  0.103337E+05
     8  33 0.220000E+01  0.297771E+00  0.463200E+06
     8  34 0.873541E+00  -.195360E+00  0.128545E+04
     8  35 0.103860E+01  -.500000E+00  0.342029E+04
     8  36 0.867821E+00  -.312070E+00  0.124409E+04
     8  37 0.163905E+01  0.631001E+00  0.363619E+05
     8  38 0.881606E+00  -.988213E-01  0.128710E+04
     8  39 0.956939E+00  0.529883E+00  0.297803E+04
     8  40 -.222506E+00  -.317507E+00  0.240822E+03
     8  41 -.739121E+00  0.809628E-01  0.519256E+03
     8  42 0.220000E+01  0.158939E+01  0.512070E+06
     8  43 -.131247E+01  0.488803E-01  0.755432E+03
     8  44 -.658982E-01  -.500000E+00  0.170189E+03
     8  45 -.230856E+01  -.304452E-01  0.874057E+03
     8  46 0.582230E+00  -.500000E+00  0.176548E+03
     8  47 -.186710E+01  0.832617E+00  0.848337E+03
     8  48 0.220000E+01  0.112509E+01  0.519918E+06
     8  49 -.230037E+00  0.323886E+00  0.244471E+03
     8  50 -.110469E+01  0.473043E+00  0.688670E+03
     9   1 -.350000E+00  0.102574E+01  0.445941E+03
     9   2 0.208338E+01  0.534871E+00  0.295201E+06
     9   3 -.290619E+00  0.750000E+00  0.274336E+03
     9   4 -.941029E+00  0.750000E+00  0.620295E+03
     9   5 -.152806E+01  0.108364E+01  0.803674E+03
     9   6 -.800390E-01  0.982385E+00  0.116832E+04
     9   7 0.208451E+01  0.105159E+01  0.296503E+06
     9   8 0.147988E+01  0.107843E+01  0.176697E+05
     9   9 -.108413E+00  0.449138E+00  0.188297E+03
     9  10 0.687904E+00  0.568838E+00  0.219370E+04
     9  11 -.212976E+01  0.918899E+00  0.866595E+03
     9  12 -.262374E+01  -.500000E+00  0.881704E+03
     9  13 -.158729E+01  0.184567E+01  0.257895E+04
     9  14 0.216038E+01  0.750000E+00  0.397804E+06
     9  15 0.220000E+01  0.135646E+01  0.512225E+06
     9  16 -.350000E+00  -.104586E+00  0.304988E+03
     9  17 0.214446E+00  0.774264E+00  0.585297E+03
     9  18 0.220000E+01  0.102996E+01  0.505586E+06
     9  19 -.179849E+01  0.305343E+00  0.841617E+03
     9  20 0.131441E+01  0.675621E+00  0.889866E+04
     9  21 -.350000E+00  0.430529E+00  0.305457E+03
     9  22 0.220000E+01  0.479147E+00  0.521269E+06
     9  23 -.913451E+00  0.137356E+00  0.607647E+03
     9  24 0.445728E+00  0.595522E+00  0.787528E+03
     9  25 0.133110E+00  -.139666E+00  0.969363E+02
     9  26 0.833450E+00  0.750000E+00  0.259705E+04
     9  27 -.350000E+00  0.112175E+01  0.132063E+04
     9  28 0.125546E+01  0.797996E+00  0.701883E+04
     9  29 0.116945E+01  0.382773E+00  0.378089E+05
     9  30 -.175141E+01  0.956011E+00  0.836459E+03
     9  31 0.220000E+01  0.115830E+01  0.481114E+06
     9  32 -.341634E+00  0.152406E+00  0.300719E+03
     9  33 -.350000E+00  0.124469E+01  0.242466E+04
     9  34 0.347498E+00  0.709739E+00  0.116803E+04
     9  35 0.782543E+00  0.750000E+00  0.259421E+04
     9  36 -.542773E+00  0.595293E+00  0.410651E+03
     9  37 -.442287E+00  0.576473E+00  0.354903E+03
     9  38 -.992417E+00  0.115118E+01  0.644872E+03
     9  39 -.876380E+00  0.132428E+01  0.214466E+04
     9  40 -.776721E-02  -.437752E+00  0.146676E+03
     9  41 0.117305E+01  -.500000E+00  0.704273E+04
     9  42 -.302026E+00  0.339395E+00  0.280276E+03
     9  43 0.104225E+01  0.495419E+00  0.373610E+04
     9  44 -.634172E+00  0.750000E+00  0.461867E+03
     9  45 -.122540E+01  -.500000E+00  0.730063E+03
     9  46 0.154093E+01  0.750000E+00  0.251816E+05
     9  47 -.143555E+01  0.551133E+00  0.785393E+03
     9  48 0.220000E+01  0.869151E+00  0.545999E+06
     9  49 0.893297E+00  0.821339E+00  0.288571E+04
     9  50 -.126736E+01  0.553090E+00  0.742779E+03
    10   1 0.216186E+01  0.913145E+00  0.440036E+06
    10   2 0.136448E+01  0.798879E+00  0.107935E+05
    10   3 -.251987E+01  0.175153E+01  0.258168E+04
    10   4 0.134213E+00  0.256922E+00  0.966737E+02
    10   5 0.587394E+00  0.139388E+01  0.242017E+04
    10   6 -.161364E+01  -.267615E+00  0.818097E+03
    10   7 -.465489E+00  0.160098E+00  0.367653E+03
    10   8 -.107012E+01  -.766550E-01  0.675461E+03
    10   9 -.181638E+01  0.215217E+00  0.843572E+03
    10  10 0.147978E+01  -.500000E+00  0.271021E+05
    10  11 -.257494E+01  -.331101E+00  0.880759E+03
    10  12 -.737412E-01  0.750000E+00  0.170257E+03
    10  13 -.109512E+01  0.200000E+01  0.257247E+04
    10  14 0.785238E+00  0.140215E+01  0.261226E+04
    10  15 -.350000E+00  0.106462E+00  0.305322E+03
    10  16 0.220000E+01  0.125150E+00  0.457989E+06
    10  17 0.616437E-01  0.205633E+00  0.120576E+03
    10  18 -.350000E+00  -.192552E+00  0.305114E+03
    10  19 0.751513E+00  0.288848E+00  0.705785E+03
    10  20 0.115719E+01  0.714080E+00  0.509792E+04
    10  21 -.258481E+01  0.315735E+00  0.881080E+03
    10  22 -.350000E+00  0.555059E+00  0.305333E+03
    10  23 0.109567E+01  -.500000E+00  0.468965E+04
    10  24 -.220814E+00  -.413766E+00  0.240027E+03
    10  25 0.106456E+00  -.500000E+00  0.105380E+03
    10  26 0.300115E-01  0.537667E+00  0.131836E+03
    10  27 -.179167E+01  -.128246E+00  0.840963E+03
    10  28 -.392979E+00  -.432390E+00  0.327988E+03
    10  29 0.166404E+01  0.141280E+00  0.424913E+05
    10  30 0.798586E+00  0.159234E+01  0.263633E+04
    10  31 -.350000E+00  -.916984E-01  0.305131E+03
    10  32 -.113137E+01  0.834473E+00  0.698399E+03
    10  33 -.189301E+01  0.115109E+01  0.850758E+03
    10  34 -.230398E-01  0.385766E+00  0.152558E+03
    10  35 0.437596E+00  0.169993E+01  0.240575E+04
    10  36 -.852428E+00  0.139642E+01  0.253665E+04
    10  37 -.204076E+01  0.832108E-01  0.861536E+03
    10  38 -.932684E+00  0.176559E+01  0.256822E+04
    10  39 -.807107E+00  0.103360E+01  0.554668E+03
    10  40 0.773931E+00  0.564981E+00  0.248037E+04
    10  41 0.606060E+00  0.750000E+00  0.232104E+04
    10  42 -.213078E+01  -.500000E+00  0.866572E+03
    10  43 0.205478E+01  0.532485E+00  0.100000E+11
    10  44 0.118453E+01  0.173469E+01  0.559598E+04
    10  45 0.926980E+00  0.750000E+00  0.259310E+04
    10  46 0.815368E+00  0.177418E+01  0.267199E+04
    10  47 -.674006E+00  0.283601E+00  0.483766E+03
    10  48 -.350000E+00  0.352437E+00  0.305254E+03
    10  49 0.103575E+01  0.796257E+00  0.367435E+04
    10  50 0.121656E+01  0.606746E+00  0.505979E+04
    11   1 0.319331E+00  0.273588E+00  0.585140E+02
    11   2 -.118552E+01  0.758395E+00  0.717199E+03
    11   3 -.972788E-01  0.114395E+01  0.238082E+04
    11   4 0.130592E+01  -.123664E+00  0.880165E+04
    11   5 0.198090E+01  0.440767E+00  0.177011E+06
    11   6 -.789837E+00  -.500000E+00  0.546188E+03
    11   7 -.212059E+01  -.134862E+00  0.866046E+03
    11   8 -.198822E+01  -.500000E+00  0.857936E+03
    11   9 0.733624E+00  -.198303E+00  0.519542E+03
    11  10 -.737181E+00  0.740786E+00  0.518398E+03
    11  11 -.249359E-01  -.500000E+00  0.153448E+03
    11  12 0.220000E+01  0.694658E+00  0.514205E+06
    11  13 0.176807E+00  0.750000E+00  0.443971E+03
    11  14 -.116463E+01  0.826270E+00  0.710160E+03
    11  15 -.225455E+01  -.500000E+00  0.872034E+03
    11  16 -.790619E-01  0.827897E+00  0.208946E+03
    11  17 0.435372E+00  0.459843E-01  0.702037E+02
    11  18 -.227475E+01  0.372923E-01  0.872688E+03
    11  19 0.219924E+01  0.426817E+00  0.499885E+06
    11  20 -.652451E+00  0.459319E+00  0.472259E+03
    11  21 -.219607E+01  0.501844E+00  0.869709E+03
    11  22 -.219626E+01  0.515211E+00  0.869716E+03
    11  23 0.104440E+01  0.245874E+00  0.351785E+04
    11  24 -.169171E+00  -.314202E+00  0.215667E+03
    11  25 0.246752E+00  0.640148E+00  0.155468E+03
    11  26 -.291434E+00  -.500000E+00  0.274886E+03
    11  27 0.497491E+00  -.500000E+00  0.983755E+02
    11  28 -.161791E+01  -.500000E+00  0.818720E+03
    11  29 0.709032E-01  0.185988E+00  0.117382E+03
    11  30 0.201311E+01  0.159046E+01  0.221304E+06
    11  31 -.203106E+01  -.500000E+00  0.860904E+03
    11  32 -.913454E+00  0.910021E+00  0.607485E+03
    11  33 -.463254E+00  0.168355E+00  0.366406E+03
    11  34 0.184077E+00  -.420290E-01  0.823421E+02
    11  35 -.498473E+00  0.449930E+00  0.386039E+03
    11  36 0.107654E+00  0.654055E+00  0.990737E+02
    11  37 0.509238E+00  -.949542E-01  0.106201E+03
    11  38 0.104015E+01  0.134689E+01  0.374169E+04
    11  39 0.130041E+01  0.114236E+00  0.849636E+04
    11  40 0.510173E+00  0.876470E+00  0.235696E+04
    11  41 -.763417E+00  0.101895E+01  0.532323E+03
    11  42 0.419221E+00  0.750000E+00  0.197553E+04
    11  43 -.495216E+00  0.268975E+00  0.384099E+03
    11  44 0.220000E+01  0.484686E+00  0.520752E+06
    11  45 0.662865E+00  0.130778E+01  0.246084E+04
    11  46 -.373927E+00  0.152489E+01  0.253463E+04
    11  47 0.317091E+00  0.786015E+00  0.167088E+04
    11  48 -.214330E+01  0.451690E-01  0.867127E+03
    11  49 -.211779E+00  0.238158E+00  0.235208E+03
    11  50 0.218949E+01  0.579080E+00  0.499848E+06
    12   1 -.143496E+01  -.118815E+00  0.785230E+03
    12   2 -.290000E+01  0.286253E+00  0.885215E+03
    12   3 0.220000E+01  -.354714E-01  0.531945E+06
    12   4 0.333342E+00  0.585654E+00  0.168274E+03
    12   5 0.985522E+00  -.356256E+00  0.251593E+04
    12   6 0.223210E+00  0.750000E+00  0.693429E+03
    12   7 0.429415E+00  -.105336E+00  0.687725E+02
    12   8 -.903623E+00  0.750000E+00  0.602934E+03
    12   9 0.180025E+01  -.173980E+00  0.780144E+05
    12  10 -.170554E+01  0.134194E+01  0.109290E+04
    12  11 0.220000E+01  0.750000E+00  0.531967E+06
    12  12 -.350000E+00  -.500000E+00  0.305133E+03
    12  13 0.121763E+01  -.500000E+00  0.902099E+04
    12  14 0.103733E+00  0.109781E+00  0.106195E+03
    12  15 -.671452E+00  0.750000E+00  0.482319E+03
    12  16 -.187715E+01  0.132015E+01  0.920498E+03
    12  17 0.613987E+00  0.643279E+00  0.215298E+04
    12  18 -.151198E+01  0.111621E+01  0.800779E+03
    12  19 0.122557E+01  0.703817E+00  0.630334E+04
    12  20 -.488423E+00  0.311839E+00  0.380425E+03
    12  21 0.353931E+00  0.118589E+01  0.240677E+04
    12  22 -.597308E+00  0.427328E+00  0.441271E+03
    12  23 0.359441E+00  0.126880E+01  0.240617E+04
    12  24 -.845797E-01  -.600427E-01  0.178052E+03
    12  25 0.335658E+00  0.836902E+00  0.210572E+04
    12  26 0.456385E+00  0.750000E+00  0.226580E+04
    12  27 0.220000E+01  0.750000E+00  0.516320E+06
    12  28 0.176745E+00  0.750000E+00  0.443708E+03
    12  29 -.835556E+00  -.145437E+00  0.569594E+03
    12  30 0.200941E+01  0.453998E+00  0.255102E+08
    12  31 -.139927E+01  0.750000E+00  0.777210E+03
    12  32 0.112379E+01  0.805296E+00  0.458717E+04
    12  33 0.208675E+01  -.500000E+00  0.299198E+06
    12  34 0.547155E+00  -.367409E+00  0.137351E+03
    12  35 -.260141E-01  -.500000E+00  0.153844E+03
    12  36 0.111954E+01  -.129255E+00  0.407330E+04
    12  37 0.220000E+01  0.614289E+00  0.105746E+07
    12  38 0.134148E+01  0.968872E-01  0.113213E+05
    12  39 0.213157E+01  0.536332E+00  0.381634E+06
    12  40 -.170789E+00  0.819257E+00  0.216778E+03
    12  41 -.298100E+00  0.115728E+00  0.278332E+03
    12  42 0.220000E+01  0.155394E+01  0.512070E+06
    12  43 -.214415E+01  -.500000E+00  0.867183E+03
    12  44 -.350000E+00  -.500000E+00  0.305283E+03
    12  45 -.674276E+00  0.102718E+01  0.484451E+03
    12  46 0.669096E-01  0.274893E+00  0.118879E+03
    12  47 0.118005E+01  0.114434E+01  0.548662E+04
    12  48 -.170206E+01  0.190305E+00  0.830414E+03
    12  49 -.586536E+00  -.235444E+00  0.435223E+03
    12  50 0.832525E+00  0.496099E+00  0.256450E+04
    13   1 -.105035E+01  0.939714E+00  0.667476E+03
    13   2 -.350000E+00  -.500000E+00  0.305283E+03
    13   3 -.350000E+00  -.443957E+00  0.305321E+03
    13   4 -.715014E+00  0.893895E+00  0.506423E+03
    13   5 -.120551E+01  -.259769E+00  0.723686E+03
    13   6 0.104128E+01  0.108517E+01  0.374896E+04
    13   7 0.220000E+01  0.485125E+00  0.549315E+06
    13   8 0.128263E+01  0.130297E+01  0.784987E+04
    13   9 0.154561E+01  0.363997E+00  0.244526E+05
    13  10 0.100950E+00  0.108784E+01  0.234633E+04
    13  11 -.350000E+00  0.487312E+00  0.305315E+03
    13  12 -.215831E+01  0.471686E+00  0.867910E+03
    13  13 -.305639E+00  0.750000E+00  0.282196E+03
    13  14 0.182681E+01  -.243895E+00  0.901447E+05
    13  15 0.187855E+01  0.144711E+01  0.108550E+06
    13  16 -.203757E+01  0.610613E+00  0.861263E+03
    13  17 0.233716E+00  0.101517E+01  0.237855E+04
    13  18 0.103802E+01  0.247354E+00  0.338069E+04
    13  19 -.132443E+01  0.667271E+00  0.758652E+03
    13  20 0.207576E+00  0.311305E+00  0.767021E+02
    13  21 0.214717E+01  0.807105E+00  0.409358E+06
    13  22 0.195269E+01  0.413900E+00  0.154299E+06
    13  23 -.746275E+00  0.689486E-01  0.523172E+03
    13  24 0.407040E+00  0.409781E+00  0.411864E+02
    13  25 0.104897E+00  0.798362E-01  0.105860E+03
    13  26 0.955102E+00  0.509582E+00  0.312402E+04
    13  27 -.350000E+00  0.813604E+00  0.305148E+03
    13  28 0.184467E+01  0.908928E+00  0.927381E+05
    13  29 -.666758E-01  -.354496E+00  0.170549E+03
    13  30 -.540586E+00  -.276737E+00  0.409293E+03
    13  31 0.115073E+01  0.180778E+01  0.503485E+04
    13  32 0.142496E+01  -.179555E+00  0.144989E+05
    13  33 0.220000E+01  0.750000E+00  0.527532E+06
    13  34 0.768724E+00  -.500000E+00  0.657721E+03
    13  35 0.748200E+00  0.750000E+00  0.253654E+04
    13  36 0.106053E+01  -.500000E+00  0.385962E+04
    13  37 -.350000E+00  0.120752E+01  0.226641E+04
    13  38 0.100370E+01  -.447917E+00  0.279699E+04
    13  39 0.102627E+01  0.110719E+01  0.362604E+04
    13  40 0.287620E+00  -.279543E+00  0.617315E+02
    13  41 0.534736E+00  -.260030E+00  0.125813E+03
    13  42 -.350000E+00  0.143704E+01  0.252908E+04
    13  43 -.409572E+00  0.750000E+00  0.336975E+03
    13  44 -.253650E+01  0.750000E+00  0.880275E+03
    13  45 -.913539E+00  0.707507E+00  0.607534E+03
    13  46 0.628318E+00  -.500000E+00  0.246623E+03
    13  47 0.408775E+00  0.768994E+00  0.202724E+04
    13  48 0.250883E+00  0.714743E+00  0.581452E+03
    13  49 0.195926E+01  0.290704E+00  0.165037E+06
    13  50 -.863593E+00  0.495157E+00  0.583538E+03
    14   1 0.134412E+01  0.125177E+01  0.992918E+04
    14   2 0.220000E+01  0.625429E+00  0.525503E+06
    14   3 -.144862E+01  0.806043E+00  0.787933E+03
    14   4 0.235354E+00  0.408724E+00  0.679917E+02
    14   5 -.428436E+00  0.990231E+00  0.359903E+03
    14   6 -.416026E+00  -.119325E+00  0.340589E+03
    14   7 -.350000E+00  0.478104E+00  0.305370E+03
    14   8 0.307303E-01  0.517245E+00  0.131480E+03
    14   9 -.100439E+01  0.778611E+00  0.648461E+03
    14  10 0.220000E+01  -.162162E+00  0.656843E+06
    14  11 -.148403E+01  -.310247E+00  0.795399E+03
    14  12 -.274480E+00  0.109018E+01  0.132686E+04
    14  13 -.106226E+01  0.189808E+01  0.257175E+04
    14  14 0.141448E+01  0.522524E+00  0.132013E+05
    14  15 0.220000E+01  0.789257E+00  0.478394E+06
    14  16 0.512428E+00  -.450882E-01  0.108353E+03
    14  17 0.345716E-01  0.540740E+00  0.130264E+03
    14  18 0.220000E+01  -.335960E+00  0.529244E+06
    14  19 -.277910E+01  0.197376E+00  0.884034E+03
    14  20 0.105543E+01  0.633148E+00  0.384763E+04
    14  21 0.220000E+01  0.221477E+00  0.515006E+06
    14  22 0.220000E+01  0.449125E+00  0.511661E+06
    14  23 -.106500E+01  -.500000E+00  0.673404E+03
    14  24 0.814668E+00  0.939037E+00  0.250643E+04
    14  25 0.184389E+00  -.321880E+00  0.822354E+02
    14  26 0.352044E+00  -.500000E+00  0.580683E+02
    14  27 -.160091E+01  0.728107E+00  0.816049E+03
    14  28 0.108143E+01  -.268443E+00  0.433205E+04
    14  29 0.123868E+01  0.506170E+00  0.379676E+04
    14  30 -.273866E+01  -.500000E+00  0.883444E+03
    14  31 0.220000E+01  0.929074E+00  0.459541E+06
    14  32 0.779133E+00  0.570143E-01  0.632408E+03
    14  33 -.350000E+00  0.140999E+01  0.252778E+04
    14  34 0.570628E+00  0.584467E+00  0.164389E+04
    14  35 0.308794E+00  0.107737E+01  0.240504E+04
    14  36 -.524213E+00  0.682192E+00  0.400267E+03
    14  37 -.215142E+01  0.142577E+01  0.238256E+04
    14  38 -.248856E+00  0.802083E+00  0.253102E+03
    14  39 -.128911E+01  0.134685E+01  0.161824E+04
    14  40 0.743260E+00  -.500000E+00  0.553878E+03
    14  41 0.120493E+01  0.385915E+00  0.599756E+04
    14  42 -.222124E+01  0.187043E+00  0.870637E+03
    14  43 0.197675E+01  0.913324E+00  0.149842E+06
    14  44 -.132971E+01  0.150359E+01  0.257580E+04
    14  45 -.354950E+00  0.575384E+00  0.307749E+03
    14  46 0.483290E+00  0.750000E+00  0.218227E+04
    14  47 -.499662E+00  0.170967E+00  0.386644E+03
    14  48 0.198634E+01  0.108475E+01  0.180800E+06
    14  49 0.220000E+01  0.883188E+00  0.451627E+06
    14  50 -.367165E-01  0.553139E+00  0.159356E+03
    15   1 0.147228E+01  0.798758E+00  0.171429E+05
    15   2 0.934641E+00  0.559344E+00  0.286304E+04
    15   3 0.717560E+00  0.197432E+01  0.251121E+04
    15   4 0.115585E+01  -.132531E-01  0.451580E+04
    15   5 0.212156E+01  0.153282E+01  0.341934E+06
    15   6 -.728145E+00  -.500000E+00  0.513470E+03
    15   7 -.825538E+00  -.744818E-01  0.564539E+03
    15   8 -.888040E+00  -.225948E+00  0.595453E+03
    15   9 -.537044E+00  0.654471E+00  0.407392E+03
    15  10 0.338347E+00  -.500000E+00  0.580907E+02
    15  11 0.401689E+00  -.500000E+00  0.626112E+02
    15  12 0.220000E+01  0.995874E-01  0.594210E+06
    15  13 -.803943E+00  0.679267E+00  0.553441E+03
    15  14 -.397119E+00  0.127191E+01  0.245882E+04
    15  15 -.350000E+00  -.141602E+00  0.305309E+03
    15  16 0.220000E+01  -.119272E+00  0.538996E+06
    15  17 0.921992E-01  0.671992E-01  0.110120E+03
    15  18 -.350000E+00  -.213670E+00  0.305294E+03
    15  19 -.229096E+00  0.208181E+00  0.244007E+03
    15  20 0.782181E+00  0.790034E+00  0.259706E+04
    15  21 -.350000E+00  0.746899E+00  0.305237E+03
    15  22 -.350000E+00  0.470283E+00  0.305290E+03
    15  23 0.459518E+00  0.750000E+00  0.215189E+04
    15  24 0.136937E+00  0.402756E+00  0.957754E+02
    15  25 0.403039E+00  0.676151E-01  0.628736E+02
    15  26 -.256120E+00  0.242830E+00  0.257180E+03
    15  27 -.149358E+01  -.500000E+00  0.797169E+03
    15  28 -.604464E-02  -.500000E+00  0.145916E+03
    15  29 0.146473E+01  0.109731E+01  0.163208E+05
    15  30 -.188661E+00  0.750000E+00  0.223988E+03
    15  31 -.350000E+00  -.179049E+00  0.305323E+03
    15  32 -.835517E+00  0.116681E+01  0.592457E+03
    15  33 -.204547E+01  0.159986E+00  0.861849E+03
    15  34 0.987653E-01  0.104546E+01  0.234218E+04
    15  35 -.214988E+00  0.197888E+00  0.237058E+03
    15  36 -.794749E+00  0.172520E+01  0.256319E+04
    15  37 -.156041E+01  0.226848E+00  0.809439E+03
    15  38 -.372227E+00  0.162657E+01  0.253448E+04
    15  39 -.994782E-01  0.463530E+00  0.184698E+03
    15  40 0.559094E+00  0.750000E+00  0.230355E+04
    15  41 0.113052E+01  0.321476E+00  0.454878E+04
    15  42 -.189853E+01  -.500000E+00  0.851124E+03
    15  43 0.220000E+01  -.299456E+00  0.549146E+06
    15  44 0.122029E+01  0.575061E+00  0.625372E+04
    15  45 0.115483E+01  0.410175E+00  0.501853E+04
    15  46 -.346096E+00  0.150143E+01  0.253169E+04
    15  47 -.117614E+01  -.119431E+00  0.714025E+03
    15  48 -.892532E-01  0.788028E+00  0.184396E+03
    15  49 -.350000E+00  0.920597E+00  0.307561E+03
    15  50 0.999329E+00  0.581213E+00  0.286916E+04
    16   1 0.330446E+00  -.232411E+00  0.583197E+02
    16   2 -.114868E+01  -.500000E+00  0.704637E+03
    16   3 0.216039E+01  0.933248E+00  0.429251E+06
    16   4 0.801709E+00  0.505845E-01  0.725823E+03
    16   5 0.100478E+01  0.282823E+00  0.318343E+04
    16   6 -.450336E+00  0.750000E+00  0.358897E+03
    16   7 0.112349E+01  0.608840E-01  0.100000E+11
    16   8 -.144447E+01  0.258683E+00  0.787286E+03
    16   9 0.101350E+01  0.335402E+00  0.339306E+04
    16  10 -.145521E+01  0.750000E+00  0.789518E+03
    16  11 0.214748E+01  0.133455E+00  0.379131E+06
    16  12 -.350000E+00  -.500000E+00  0.305126E+03
    16  13 0.549082E+00  -.500000E+00  0.139370E+03
    16  14 -.650890E+00  0.923182E+00  0.470932E+03
    16  15 -.180905E+01  -.500000E+00  0.842687E+03
    16  16 -.350000E+00  0.999634E-01  0.305328E+03
    16  17 0.468437E+00  0.527453E+00  0.272503E+03
    16  18 -.170752E+01  0.368238E+00  0.831140E+03
    16  19 0.220000E+01  0.600249E+00  0.502722E+06
    16  20 -.462089E+00  0.566304E+00  0.365798E+03
    16  21 -.257255E+01  0.116771E+01  0.880940E+03
    16  22 -.159817E+01  0.480045E+00  0.815608E+03
    16  23 0.116116E+01  0.109240E+01  0.517474E+04
    16  24 -.192596E+00  -.366520E-01  0.226576E+03
    16  25 0.498222E+00  0.715088E+00  0.208667E+04
    16  26 -.278593E+00  0.683503E+00  0.268348E+03
    16  27 0.105642E+01  0.750000E+00  0.387907E+04
    16  28 -.102788E+01  0.262697E+00  0.658356E+03
    16  29 -.108527E+01  -.152691E+00  0.681355E+03
    16  30 0.220000E+01  0.178070E+01  0.512070E+06
    16  31 -.222607E+01  -.224356E+00  0.870952E+03
    16  32 -.138081E+01  0.945361E+00  0.772824E+03
    16  33 -.416549E+00  -.276916E+00  0.340718E+03
    16  34 0.208024E+00  0.119325E+01  0.242811E+04
    16  35 0.386831E+00  -.249296E+00  0.604616E+02
    16  36 0.124495E+01  0.154036E+01  0.682622E+04
    16  37 -.233865E+00  -.500000E+00  0.246322E+03
    16  38 0.486395E+00  0.376573E+00  0.614455E+02
    16  39 0.141001E+01  -.333157E+00  0.150609E+05
    16  40 -.861871E-01  0.105552E+01  0.193906E+04
    16  41 -.163235E+00  0.163863E+00  0.212860E+03
    16  42 -.981327E-01  0.750000E+00  0.180676E+03
    16  43 -.350000E+00  -.499755E+00  0.305135E+03
    16  44 0.114315E+01  -.500000E+00  0.607258E+04
    16  45 -.153667E-01  0.532480E+00  0.149306E+03
    16  46 -.151944E+00  0.251431E+00  0.207783E+03
    16  47 0.174466E+00  0.749067E+00  0.427702E+03
    16  48 -.167616E+01  0.459258E+00  0.827075E+03
    16  49 -.199597E+01  0.399632E+00  0.858558E+03
    16  50 0.840197E+00  0.600304E+00  0.268771E+04
    17   1 -.781987E+00  -.500000E+00  0.542041E+03
    17   2 0.391039E+00  0.750000E+00  0.182260E+04
    17   3 0.143349E+01  -.316752E+00  0.167631E+05
    17   4 0.787508E-01  0.598617E+00  0.109160E+03
    17   5 -.740366E+00  -.353314E+00  0.519972E+03
    17   6 0.842342E+00  0.136421E+01  0.273917E+04
    17   7 0.220000E+01  0.122153E+00  0.508209E+06
    17   8 -.167767E+01  0.107836E+01  0.827242E+03
    17   9 0.617989E+00  -.458447E-01  0.228297E+03
    17  10 -.178194E+00  0.893094E+00  0.245445E+03
    17  11 0.145910E+01  0.395836E+00  0.164609E+05
    17  12 -.177149E+01  0.116008E+00  0.838738E+03
    17  13 0.175937E+01  0.750000E+00  0.631372E+05
    17  14 0.874367E+00  0.431572E+00  0.262793E+04
    17  15 -.116675E+01  0.750000E+00  0.710847E+03
    17  16 -.201903E+01  0.638734E+00  0.860053E+03
    17  17 0.673962E+00  0.955369E+00  0.246428E+04
    17  18 -.596260E+00  0.105773E+01  0.449857E+03
    17  19 -.350000E+00  0.722691E+00  0.305288E+03
    17  20 -.101754E+01  0.307611E+00  0.653994E+03
    17  21 -.131923E+01  0.693839E+00  0.757303E+03
    17  22 0.951831E+00  0.459126E+00  0.286003E+04
    17  23 -.469739E+00  0.698754E+00  0.369906E+03
    17  24 0.234815E+00  0.179400E+00  0.704977E+02
    17  25 0.424701E+00  0.520665E+00  0.188048E+03
    17  26 0.101503E+01  -.115310E+00  0.259242E+04
    17  27 0.217218E+01  0.952535E+00  0.477666E+06
    17  28 -.956720E+00  0.922351E+00  0.627620E+03
    17  29 -.146956E+01  -.490259E+00  0.792489E+03
    17  30 -.350000E+00  0.530700E+00  0.305378E+03
    17  31 -.228503E+01  0.842000E+00  0.873196E+03
    17  32 -.318263E+00  0.231732E+00  0.288544E+03
    17  33 0.177781E+01  0.554313E+00  0.242898E+04
    17  34 0.680964E+00  -.567487E-01  0.376582E+03
    17  35 0.908571E+00  0.375163E+00  0.268960E+04
    17  36 0.104255E+01  0.290356E+00  0.359906E+04
    17  37 0.179995E+01  0.750000E+00  0.768685E+05
    17  38 0.112445E+01  -.500000E+00  0.548530E+04
    17  39 0.159364E+01  0.293606E+00  0.296677E+05
    17  40 -.178182E+00  -.191279E-01  0.219821E+03
    17  41 -.684829E+00  0.273264E+00  0.489769E+03
    17  42 0.173847E+01  0.173035E+01  0.568874E+05
    17  43 -.182762E+01  0.750245E+00  0.844607E+03
    17  44 0.530217E+00  0.750000E+00  0.227241E+04
    17  45 -.830719E+00  0.650497E+00  0.567162E+03
    17  46 0.728614E+00  -.500000E+00  0.501430E+03
    17  47 0.139579E+01  0.145788E+01  0.122292E+05
    17  48 0.158845E-01  0.277654E+00  0.137477E+03
    17  49 0.554035E+00  -.278424E+00  0.144225E+03
    17  50 0.361865E+00  0.588313E+00  0.436964E+03
    18   1 -.495236E+00  0.750000E+00  0.384236E+03
    18   2 0.163614E+01  0.817071E+00  0.357395E+05
    18   3 -.111651E+01  0.693391E+00  0.693102E+03
    18   4 -.407508E+00  0.934557E+00  0.337648E+03
    18   5 -.180261E+00  0.896686E+00  0.268584E+03
    18   6 0.112342E+01  0.144026E+01  0.460750E+04
    18   7 -.341886E+00  0.366525E+00  0.300888E+03
    18   8 0.872333E+00  0.811843E+00  0.278820E+04
    18   9 -.345972E+00  0.423421E+00  0.303224E+03
    18  10 0.144475E+01  -.470624E-02  0.155660E+05
    18  11 -.629783E+00  -.115811E+00  0.459292E+03
    18  12 0.430202E+00  0.552374E+00  0.215888E+03
    18  13 0.478413E+00  0.959024E+00  0.238475E+04
    18  14 0.161045E+01  0.120349E+00  0.331867E+05
    18  15 0.138325E+01  0.123898E+01  0.117023E+05
    18  16 -.853361E+00  0.461329E+00  0.578457E+03
    18  17 0.650033E+00  0.990721E+00  0.242680E+04
    18  18 0.795880E+00  0.829694E+00  0.262466E+04
    18  19 -.196815E+01  0.582505E+00  0.856549E+03
    18  20 0.139338E+01  0.397154E+00  0.125499E+05
    18  21 0.123077E+01  0.192266E+00  0.653073E+04
    18  22 0.181883E+01  0.496565E+00  0.833934E+05
    18  23 -.150071E+01  -.252375E+00  0.798598E+03
    18  24 0.800660E+00  0.117595E+01  0.263988E+04
    18  25 0.194696E+00  0.125161E+00  0.795748E+02
    18  26 0.150697E+01  -.500000E+00  0.334745E+05
    18  27 0.505808E+00  -.430625E-01  0.103945E+03
    18  28 0.159328E+01  0.106469E+01  0.292636E+05
    18  29 -.114321E+01  0.156713E+00  0.702720E+03
    18  30 -.263073E+01  -.428415E+00  0.881917E+03
    18  31 0.264974E+00  0.152811E+01  0.242945E+04
    18  32 0.166253E+01  0.100335E+00  0.401729E+05
    18  33 0.787450E+00  0.129401E+01  0.261168E+04
    18  34 0.790191E+00  -.500000E+00  0.757868E+03
    18  35 0.868118E+00  0.493438E+00  0.270875E+04
    18  36 0.509186E+00  -.265432E+00  0.106112E+03
    18  37 0.220000E+01  0.129386E+01  0.499314E+06
    18  38 0.880506E+00  0.750000E+00  0.283577E+04
    18  39 -.956358E+00  0.122988E+01  0.711870E+03
    18  40 0.936220E+00  -.261074E+00  0.188021E+04
    18  41 0.146832E+01  0.378178E-03  0.171759E+05
    18  42 0.220000E+01  0.110392E+01  0.550731E+06
    18  43 -.290000E+01  0.712190E+00  0.885346E+03
    18  44 -.459666E+00  0.189776E+01  0.254260E+04
    18  45 0.692728E+00  0.583598E+00  0.224637E+04
    18  46 0.903062E+00  0.750000E+00  0.292431E+04
    18  47 0.163263E+01  0.473746E+00  0.353889E+05
    18  48 0.198816E+01  0.219841E+00  0.202196E+06
    18  49 0.220000E+01  -.500000E+00  0.542782E+06
    18  50 -.184261E+00  0.509456E+00  0.222544E+03
    19   1 0.124699E+01  0.184790E+01  0.687436E+04
    19   2 0.126542E+01  -.292605E+00  0.939647E+04
    19   3 -.473323E+00  0.149288E+01  0.254353E+04
    19   4 -.241696E+00  0.572940E+00  0.250124E+03
    19   5 0.964674E+00  0.166794E+01  0.320756E+04
    19   6 0.874869E+00  0.439477E+00  0.261698E+04
    19   7 -.169890E+01  0.292925E+00  0.830046E+03
    19   8 0.220000E+01  0.718734E-01  0.553239E+06
    19   9 -.507100E+00  0.750814E+00  0.390797E+03
    19  10 0.220000E+01  -.500000E+00  0.609220E+06
    19  11 -.112076E+01  -.433958E+00  0.694590E+03
    19  12 0.220000E+01  0.461143E+00  0.511980E+06
    19  13 -.878618E+00  -.290976E+00  0.590884E+03
    19  14 0.971213E+00  0.231804E+00  0.259907E+04
    19  15 0.149921E+01  -.110164E-01  0.196999E+05
    19  16 0.169664E+01  0.220230E+00  0.474813E+05
    19  17 0.783930E-01  0.509274E+00  0.114263E+03
    19  18 0.120457E+01  -.306036E+00  0.743418E+04
    19  19 -.517644E+00  0.326558E+00  0.396635E+03
    19  20 0.163241E+01  0.675805E+00  0.234813E+05
    19  21 0.971562E+00  0.282906E+00  0.177824E+04
    19  22 0.902221E+00  0.426994E+00  0.241547E+04
    19  23 -.133044E+01  -.500000E+00  0.760182E+03
    19  24 0.568510E+00  0.685208E+00  0.214751E+04
    19  25 0.143300E+00  -.187744E+00  0.938191E+02
    19  26 0.417786E+00  0.750000E+00  0.199301E+04
    19  27 -.122284E+01  -.500000E+00  0.729199E+03
    19  28 0.194700E+01  -.185309E+00  0.157028E+06
    19  29 0.583347E+00  0.125435E+01  0.241726E+04
    19  30 -.807323E-01  0.332399E-01  0.176449E+03
    19  31 0.195401E+01  0.278113E+00  0.158945E+06
    19  32 0.167994E+01  0.792277E+00  0.440284E+05
    19  33 -.281590E+00  0.807820E+00  0.269660E+03
    19  34 -.180415E+00  0.750000E+00  0.219777E+03
    19  35 -.472692E+00  0.371360E+00  0.371670E+03
    19  36 -.922896E-01  0.614314E-02  0.181396E+03
    19  37 -.350000E+00  0.430971E+00  0.305331E+03
    19  38 -.291292E+00  0.157296E+01  0.252564E+04
    19  39 -.238552E+01  0.664455E+00  0.876482E+03
    19  40 0.352297E+00  0.378623E+00  0.484995E+02
    19  41 0.220000E+01  0.375862E+00  0.516415E+06
    19  42 -.350000E+00  -.146081E+00  0.305324E+03
    19  43 -.350000E+00  -.252233E-01  0.305138E+03
    19  44 -.615323E+00  0.714367E+00  0.451316E+03
    19  45 0.153121E+01  0.442464E+00  0.843583E+06
    19  46 -.935782E+00  0.949970E+00  0.617871E+03
    19  47 -.917366E+00  -.500000E+00  0.609410E+03
    19  48 0.624922E+00  0.675191E+00  0.228230E+04
    19  49 -.350000E+00  0.172578E+00  0.305137E+03
    19  50 0.464322E+00  0.510846E+00  0.293896E+03
    20   1 0.909546E+00  0.611616E+00  0.289528E+04
    20   2 -.500219E+00  -.500000E+00  0.386750E+03
    20   3 0.279434E+00  0.190106E+01  0.242682E+04
    20   4 0.685783E+00  0.759952E-01  0.352185E+03
    20   5 0.402864E+00  0.417943E+00  0.401025E+02
    20   6 -.864346E+00  -.500000E+00  0.583877E+03
    20   7 -.105163E+00  0.356448E+00  0.186824E+03
    20   8 -.350000E+00  0.264499E+00  0.305274E+03
    20   9 -.266484E+00  0.593528E+00  0.262673E+03
    20  10 -.350000E+00  0.750000E+00  0.305238E+03
    20  11 0.102768E+00  0.619906E+00  0.982134E+02
    20  12 -.350000E+00  -.500000E+00  0.305284E+03
    20  13 0.734473E+00  -.500000E+00  0.521804E+03
    20  14 -.141262E+01  0.499092E+00  0.780214E+03
    20  15 -.198716E+00  -.500000E+00  0.229434E+03
    20  16 0.220000E+01  -.901154E-01  0.521752E+06
    20  17 -.199482E+00  0.781133E-01  0.229724E+03
    20  18 -.441976E+00  -.500000E+00  0.354724E+03
    20  19 0.203236E+01  0.290318E+00  0.238545E+06
    20  20 0.112981E+01  0.779713E+00  0.471054E+04
    20  21 -.877411E+00  0.105434E+01  0.590336E+03
    20  22 -.153532E+01  0.387269E+00  0.805126E+03
    20  23 -.305230E+00  0.750000E+00  0.281988E+03
    20  24 0.128891E+00  -.375181E-01  0.981701E+02
    20  25 0.200697E+00  0.438137E-01  0.781250E+02
    20  26 -.720752E+00  0.909501E-01  0.509471E+03
    20  27 -.227968E+00  0.750000E+00  0.243287E+03
    20  28 0.149373E+01  -.500000E+00  0.286817E+05
    20  29 0.174486E+01  0.434622E-02  0.667771E+05
    20  30 0.220000E+01  0.854932E+00  0.454791E+06
    20  31 -.595989E+00  -.500000E+00  0.440457E+03
    20  32 0.100832E+00  0.858186E+00  0.957403E+03
    20  33 -.367402E+00  -.210794E+00  0.314341E+03
    20  34 -.849650E-01  0.115207E+01  0.240711E+04
    20  35 0.111195E+00  0.292252E+00  0.103845E+03
    20  36 -.198518E+00  0.125614E+01  0.247918E+04
    20  37 -.184361E+01  -.500000E+00  0.846100E+03
    20  38 -.622421E+00  0.167530E+01  0.255438E+04
    20  39 -.245555E+01  -.631137E-01  0.878433E+03
    20  40 -.242245E+00  0.110580E+01  0.170624E+04
    20  41 -.350000E+00  0.150489E+00  0.305148E+03
    20  42 -.220991E+01  -.500000E+00  0.870272E+03
    20  43 0.220000E+01  -.156706E+00  0.645750E+06
    20  44 0.525916E+00  -.500000E+00  0.118588E+03
    20  45 0.297072E+00  0.408090E+00  0.415111E+03
    20  46 -.129338E+01  0.911322E+00  0.750198E+03
    20  47 -.218097E+01  0.750000E+00  0.868976E+03
    20  48 -.151463E+01  0.869605E+00  0.801120E+03
    20  49 -.105522E+01  0.956875E+00  0.669432E+03
    20  50 0.885196E+00  0.539590E+00  0.274839E+04
    21   1 -.231692E+00  -.500000E+00  0.245267E+03
    21   2 -.636295E+00  0.750000E+00  0.463045E+03
    21   3 0.999825E+00  0.172960E+01  0.342967E+04
    21   4 0.873409E+00  0.179089E+00  0.122039E+04
    21   5 -.257087E+00  -.500000E+00  0.257741E+03
    21   6 -.137170E+01  0.750000E+00  0.770715E+03
    21   7 0.214956E+01  0.402577E+00  0.412456E+06
    21   8 -.198433E+01  0.531109E+00  0.857721E+03
    21   9 0.351925E+00  -.307865E+00  0.581006E+02
    21  10 -.157471E+01  0.104027E+01  0.811848E+03
    21  11 0.169624E+01  0.370046E+00  0.468376E+05
    21  12 -.205354E+01  0.605377E+00  0.862324E+03
    21  13 0.191985E+01  0.750000E+00  0.100000E+11
    21  14 -.697938E-01  0.793472E+00  0.180410E+03
    21  15 -.168699E+01  0.686512E-01  0.828517E+03
    21  16 -.350000E+00  -.160956E+00  0.305169E+03
    21  17 -.315950E+00  0.559965E+00  0.287486E+03
    21  18 -.160083E+01  0.750000E+00  0.816036E+03
    21  19 0.220000E+01  0.677492E+00  0.531748E+06
    21  20 -.352387E+00  0.405637E+00  0.304959E+03
    21  21 -.958420E+00  0.746752E+00  0.628153E+03
    21  22 -.191668E+01  0.399673E+00  0.852599E+03
    21  23 0.136358E+01  0.130794E+01  0.107521E+05
    21  24 -.388316E-01  0.136794E+00  0.159046E+03
    21  25 0.449578E+00  0.536736E+00  0.361863E+03
    21  26 -.131244E+01  -.500000E+00  0.755367E+03
    21  27 0.113502E+01  0.166797E+01  0.480189E+04
    21  28 -.105627E+01  0.713542E+00  0.669829E+03
    21  29 0.493590E+00  -.500000E+00  0.960605E+02
    21  30 -.350000E+00  0.956462E+00  0.320438E+03
    21  31 -.188054E+01  0.750000E+00  0.849538E+03
    21  32 -.842826E+00  0.158331E+00  0.573290E+03
    21  33 0.422371E+00  0.127015E+00  0.668409E+02
    21  34 0.460206E+00  0.793035E-02  0.792018E+02
    21  35 0.792511E+00  0.189584E+00  0.610468E+03
    21  36 0.530350E-01  0.156249E+01  0.247181E+04
    21  37 -.151042E+01  0.435803E+00  0.800536E+03
    21  38 0.308236E+00  0.425300E+00  0.495261E+02
    21  39 -.127312E+01  -.338705E-01  0.744448E+03
    21  40 -.736691E-01  0.280720E+00  0.173498E+03
    21  41 -.251660E+01  -.331676E+00  0.879827E+03
    21  42 -.123181E+01  0.750000E+00  0.732092E+03
    21  43 0.103894E+01  -.523177E-01  0.263020E+04
    21  44 0.144677E+01  0.750000E+00  0.152718E+05
    21  45 -.120044E+01  0.506444E+00  0.722142E+03
    21  46 0.896192E+00  -.338678E+00  0.148160E+04
    21  47 0.369025E+00  0.169802E+01  0.241232E+04
    21  48 -.832982E+00  0.292514E+00  0.568223E+03
    21  49 0.619719E+00  0.539491E+00  0.163189E+04
    21  50 0.195203E+00  0.564314E+00  0.685858E+02
    22   1 -.644327E+00  0.750000E+00  0.467487E+03
    22   2 -.138615E-01  0.168685E+00  0.148986E+03
    22   3 0.106674E+01  0.607053E+00  0.342915E+04
    22   4 -.301391E+00  0.552294E+00  0.279980E+03
    22   5 -.236072E+00  0.750000E+00  0.247186E+03
    22   6 0.616399E+00  0.148088E+01  0.243423E+04
    22   7 0.196937E+01  0.308534E+00  0.177811E+06
    22   8 0.565674E+00  0.771979E+00  0.233968E+04
    22   9 0.925925E+00  -.500000E+00  0.177065E+04
    22  10 -.143797E+01  0.118733E+01  0.786388E+03
    22  11 -.173241E+00  -.155460E+00  0.217547E+03
    22  12 0.496461E+00  0.812556E+00  0.232415E+04
    22  13 -.354658E+00  0.327146E+00  0.307708E+03
    22  14 0.167589E+01  0.791114E+00  0.430431E+05
    22  15 -.785143E+00  0.705714E+00  0.543741E+03
    22  16 -.195564E+01  0.540563E+00  0.855639E+03
    22  17 0.208188E+00  0.972282E+00  0.230182E+04
    22  18 0.768789E+00  0.160849E+01  0.258296E+04
    22  19 -.350000E+00  0.973500E+00  0.334808E+03
    22  20 -.320623E-01  0.247855E+00  0.156305E+03
    22  21 0.503118E+00  0.178506E+00  0.981988E+02
    22  22 0.633320E+00  0.549282E+00  0.180134E+04
    22  23 0.449004E+00  0.579438E-01  0.751923E+02
    22  24 0.398320E+00  0.865114E+00  0.230162E+04
    22  25 0.493709E+00  0.766452E+00  0.227300E+04
    22  26 0.271104E+00  0.750000E+00  0.101230E+04
    22  27 0.138036E+01  0.417972E+00  0.117854E+05
    22  28 -.130073E+01  0.108486E+01  0.752147E+03
    22  29 -.121825E+01  0.595219E+00  0.727826E+03
    22  30 -.195083E+01  -.205748E+00  0.855314E+03
    22  31 -.895219E+00  0.158418E+01  0.256685E+04
    22  32 0.456248E+00  -.339025E+00  0.776731E+02
    22  33 0.964844E+00  0.991942E+00  0.316809E+04
    22  34 0.781419E+00  -.500000E+00  0.715413E+03
    22  35 0.705625E+00  -.212658E-01  0.423637E+03
    22  36 0.374016E+00  0.150084E+01  0.241166E+04
    22  37 0.103958E+01  0.130699E+01  0.374003E+04
    22  38 0.119580E+01  -.500000E+00  0.803276E+04
    22  39 0.920819E+00  0.746409E+00  0.281592E+04
    22  40 0.829746E+00  -.366940E+00  0.978829E+03
    22  41 0.333980E-01  -.357701E+00  0.130873E+03
    22  42 0.131819E+01  0.161990E+01  0.907497E+04
    22  43 -.151106E+01  0.250521E+00  0.800636E+03
    22  44 -.737795E-01  0.140774E+01  0.249141E+04
    22  45 -.751567E+00  0.618432E+00  0.526110E+03
    22  46 0.117471E+01  0.511485E+00  0.538833E+04
    22  47 0.220000E+01  0.448017E+00  0.458919E+06
    22  48 0.171702E+01  0.321424E-01  0.534917E+05
    22  49 0.183428E+01  -.339560E+00  0.930367E+05
    22  50 -.382387E+00  0.556860E+00  0.322423E+03
    23   1 0.180510E+00  0.159877E+01  0.244631E+04
    23   2 0.984579E+00  -.500000E+00  0.250449E+04
    23   3 -.502066E+00  -.400517E+00  0.387935E+03
    23   4 -.106692E+01  0.764813E+00  0.674171E+03
    23   5 0.723881E+00  0.129161E+01  0.251694E+04
    23   6 0.171038E+01  0.394052E+00  0.498075E+05
    23   7 0.200523E+00  0.239697E+00  0.782124E+02
    23   8 0.220000E+01  0.835293E+00  0.476538E+06
    23   9 0.707043E-01  0.459519E+00  0.117530E+03
    23  10 0.111203E+01  -.626667E-01  0.362701E+04
    23  11 -.101412E+01  -.500000E+00  0.652627E+03
    23  12 0.220000E+01  0.554944E+00  0.510685E+06
    23  13 -.889028E+00  -.500000E+00  0.596002E+03
    23  14 0.851783E+00  0.359881E+00  0.218686E+04
    23  15 0.176486E+01  0.100510E+01  0.645042E+05
    23  16 -.218264E+01  0.116510E+01  0.869259E+03
    23  17 0.740207E+00  0.597500E+00  0.235597E+04
    23  18 0.220000E+01  0.427508E+00  0.511281E+06
    23  19 -.155941E+01  0.591430E+00  0.809219E+03
    23  20 0.967109E+00  0.736511E+00  0.309175E+04
    23  21 0.180411E+01  -.271556E+00  0.802925E+05
    23  22 0.220000E+01  0.620959E+00  0.516965E+06
    23  23 -.549572E+00  -.500000E+00  0.414469E+03
    23  24 0.738943E+00  0.120463E+01  0.253696E+04
    23  25 0.388388E+00  -.742904E-01  0.606285E+02
    23  26 0.193373E+01  0.123152E+01  0.146372E+06
    23  27 0.274028E+00  -.500000E+00  0.635666E+02
    23  28 0.124927E+01  0.732946E+00  0.813793E+04
    23  29 0.582636E+00  0.496908E+00  0.875660E+03
    23  30 0.338426E+00  -.621970E-01  0.580814E+02
    23  31 0.922693E+00  0.167329E+01  0.301400E+04
    23  32 0.152470E+01  -.214293E+00  0.223511E+05
    23  33 0.544664E+00  0.140330E+01  0.240913E+04
    23  34 0.150718E+00  0.565678E+00  0.839535E+02
    23  35 0.150241E+00  0.286466E+00  0.919931E+02
    23  36 0.591022E+00  0.120288E+01  0.241989E+04
    23  37 0.216223E+01  0.105719E+01  0.428154E+06
    23  38 0.838591E+00  0.750000E+00  0.264140E+04
    23  39 0.217198E+01  0.850003E+00  0.447510E+06
    23  40 0.113696E+01  0.197404E+00  0.462776E+04
    23  41 0.220000E+01  -.221910E+00  0.518832E+06
    23  42 0.220000E+01  0.665414E+00  0.456028E+06
    23  43 -.167992E+01  0.434609E+00  0.827596E+03
    23  44 -.118667E+01  0.730207E+00  0.717578E+03
    23  45 0.334949E+00  0.610078E+00  0.277890E+03
    23  46 -.638894E+00  0.121605E+01  0.126482E+04
    23  47 -.350000E+00  -.500000E+00  0.305283E+03
    23  48 0.161346E+01  0.218003E+00  0.338222E+05
    23  49 0.103124E+01  -.500000E+00  0.327492E+04
    23  50 0.206730E-01  0.553096E+00  0.135175E+03
    24   1 0.126642E+01  0.357176E+00  0.737068E+04
    24   2 0.113544E+01  0.164858E+00  0.463840E+04
    24   3 -.136814E+01  -.238748E+00  0.769803E+03
    24   4 0.815059E+00  0.439431E+00  0.208655E+04
    24   5 0.975915E+00  0.265986E+00  0.100000E+11
    24   6 0.213899E+01  -.500000E+00  0.391798E+06
    24   7 -.112634E+01  0.294829E+00  0.696653E+03
    24   8 -.350000E+00  0.364463E+00  0.305139E+03
    24   9 -.119026E+00  0.111487E+01  0.224438E+04
    24  10 0.220000E+01  -.500000E+00  0.523153E+06
    24  11 -.882438E+00  0.750000E+00  0.592798E+03
    24  12 0.521056E+00  -.500000E+00  0.114889E+03
    24  13 0.118070E+01  0.750000E+00  0.545505E+04
    24  14 -.534010E+00  0.346363E+00  0.405805E+03
    24  15 0.220000E+01  -.244897E+00  0.529333E+06
    24  16 0.367361E+00  0.143720E+01  0.241139E+04
    24  17 0.214118E+00  0.110855E+00  0.750288E+02
    24  18 -.350000E+00  -.500000E+00  0.305132E+03
    24  19 0.990587E+00  0.180191E+00  0.251575E+04
    24  20 0.408888E+00  0.854711E+00  0.229420E+04
    24  21 0.220000E+01  0.403489E+00  0.463988E+06
    24  22 -.350000E+00  0.528582E+00  0.305203E+03
    24  23 -.442761E+00  0.251002E+00  0.355085E+03
    24  24 0.829487E+00  0.861646E+00  0.267042E+04
    24  25 0.263815E+00  -.500000E+00  0.651454E+02
    24  26 -.488686E+00  -.184781E-01  0.380545E+03
    24  27 -.729030E+00  0.750000E+00  0.513961E+03
    24  28 0.220000E+01  -.500000E+00  0.523152E+06
    24  29 0.167052E+01  0.265066E+00  0.447039E+05
    24  30 0.220000E+01  0.637952E+00  0.195536E+07
    24  31 0.169715E+01  0.423290E+00  0.393161E+06
    24  32 0.811128E+00  0.784464E+00  0.265500E+04
    24  33 -.498324E-01  0.153303E+00  0.163506E+03
    24  34 -.624464E-02  0.980538E+00  0.161096E+04
    24  35 0.180264E-01  0.639892E+00  0.132490E+03
    24  36 0.330586E+00  -.180464E-01  0.581496E+02
    24  37 -.387773E+00  -.192810E+00  0.325194E+03
    24  38 -.473498E+00  0.157053E+01  0.254376E+04
    24  39 -.378024E+00  0.335118E+00  0.320205E+03
    24  40 0.539795E+00  0.116947E+01  0.240563E+04
    24  41 -.350000E+00  0.555323E+00  0.305333E+03
    24  42 0.442151E+00  -.290219E+00  0.726392E+02
    24  43 0.870076E+00  0.627790E+00  0.277565E+04
    24  44 -.119096E+01  -.500000E+00  0.718962E+03
    24  45 0.123142E+01  0.516730E+00  0.641514E+04
    24  46 -.122395E+01  0.114250E+01  0.729971E+03
    24  47 -.197603E+01  0.166026E+00  0.857075E+03
    24  48 -.409503E+00  0.672365E+00  0.336741E+03
    24  49 -.105500E+01  0.545419E+00  0.669432E+03
    24  50 0.779386E+00  0.546337E+00  0.245166E+04
    25   1 0.717549E+00  -.500000E+00  0.464916E+03
    25   2 0.942355E+00  0.667815E+00  0.306611E+04
    25   3 -.563794E+00  0.607261E+00  0.422534E+03
    25   4 0.187044E+01  0.205049E+00  0.105171E+06
    25   5 0.404391E+00  -.500000E+00  0.630715E+02
    25   6 -.973721E-01  0.750000E+00  0.180336E+03
    25   7 0.426774E+00  0.347243E+00  0.516343E+02
    25   8 -.226150E+01  0.276719E+00  0.872322E+03
    25   9 0.299825E+00  0.126892E+01  0.241841E+04
    25  10 -.350000E+00  -.122002E+00  0.305149E+03
    25  11 0.116707E+00  0.301492E+00  0.102087E+03
    25  12 -.156884E+01  0.562816E+00  0.810842E+03
    25  13 0.137526E+01  -.121580E-01  0.113649E+05
    25  14 -.951435E+00  0.579548E+00  0.625245E+03
    25  15 0.863577E+00  -.500000E+00  0.121111E+04
    25  16 0.220000E+01  0.187196E+00  0.461014E+06
    25  17 -.215083E+00  0.649845E+00  0.237413E+03
    25  18 -.203524E+01  0.750000E+00  0.861105E+03
    25  19 0.186473E+01  0.597328E+00  0.104421E+06
    25  20 -.307199E+00  0.590185E+00  0.282923E+03
    25  21 0.367737E+00  0.987103E+00  0.236705E+04
    25  22 -.153726E+01  0.291633E+00  0.805363E+03
    25  23 0.298024E-01  0.131719E+01  0.246976E+04
    25  24 0.626683E+00  -.289707E+00  0.243858E+03
    25  25 0.274929E+00  0.406732E+00  0.585092E+02
    25  26 -.175411E+01  -.500000E+00  0.836812E+03
    25  27 -.507140E-01  0.927981E-01  0.163953E+03
    25  28 -.147557E-01  0.750000E+00  0.151633E+03
    25  29 0.381610E-01  0.154019E+00  0.129099E+03
    25  30 -.350000E+00  0.428168E+00  0.305145E+03
    25  31 0.884919E-01  -.364798E+00  0.111333E+03
    25  32 -.297300E+00  0.111544E+01  0.153222E+04
    25  33 0.112604E+00  -.500000E+00  0.103031E+03
    25  34 0.200548E+00  -.255120E+00  0.781540E+02
    25  35 0.143289E+00  0.822090E+00  0.866534E+03
    25  36 0.787674E-01  -.500000E+00  0.114647E+03
    25  37 -.175830E+01  -.247509E+00  0.837240E+03
    25  38 -.110599E+01  0.111306E+01  0.689279E+03
    25  39 -.242806E+01  0.533624E-01  0.877739E+03
    25  40 -.486911E+00  0.112663E+01  0.768544E+03
    25  41 -.737677E+00  0.526228E+00  0.518437E+03
    25  42 -.136370E+01  -.500000E+00  0.768639E+03
    25  43 0.220000E+01  0.752793E+00  0.491077E+06
    25  44 0.135904E+01  0.750000E+00  0.105623E+05
    25  45 0.174677E+01  0.468621E+00  0.759907E+05
    25  46 0.132605E+01  0.276719E+00  0.921630E+04
    25  47 0.558638E+00  0.102815E+00  0.150039E+03
    25  48 -.130822E+01  0.769524E+00  0.754318E+03
    25  49 -.270579E-01  0.860110E+00  0.371847E+03
    25  50 0.594825E+00  0.533029E+00  0.117778E+04
    26   1 -.275688E+00  0.272220E+00  0.266959E+03
    26   2 -.446854E+00  -.126825E+00  0.357370E+03
    26   3 0.119658E+01  0.158521E+01  0.575840E+04
    26   4 0.765911E+00  0.447448E+00  0.204192E+04
    26   5 -.161476E+00  0.750000E+00  0.210860E+03
    26   6 -.207454E+01  0.185268E+01  0.258103E+04
    26   7 0.173357E+01  0.668411E+00  0.562126E+05
    26   8 -.217842E+01  0.582081E+00  0.868919E+03
    26   9 0.709323E+00  0.189170E-01  0.427751E+03
    26  10 -.121281E+01  0.169672E+00  0.726110E+03
    26  11 0.155064E+01  -.410960E+00  0.284611E+05
    26  12 -.102193E+01  0.903563E+00  0.655825E+03
    26  13 -.168613E+00  -.157578E+00  0.215333E+03
    26  14 0.253236E+00  0.754502E+00  0.934001E+03
    26  15 -.168642E+01  0.750000E+00  0.828414E+03
    26  16 -.350000E+00  -.500000E+00  0.305132E+03
    26  17 0.385824E+00  0.903979E+00  0.233936E+04
    26  18 -.241561E+00  0.140564E+01  0.251566E+04
    26  19 -.146125E+00  0.919773E+00  0.367845E+03
    26  20 -.909906E+00  0.247722E+00  0.605947E+03
    26  21 -.136397E+01  0.444535E+00  0.768809E+03
    26  22 -.613590E+00  0.519437E+00  0.450482E+03
    26  23 0.118738E+01  0.671912E-01  0.523954E+04
    26  24 0.180197E+00  -.105959E+00  0.832269E+02
    26  25 0.313926E+00  0.141167E+01  0.241790E+04
    26  26 0.795890E+00  0.750000E+00  0.261128E+04
    26  27 0.117464E+01  -.267590E+00  0.631059E+04
    26  28 -.176975E+01  0.159880E+01  0.258000E+04
    26  29 -.102709E+01  0.478294E+00  0.658018E+03
    26  30 -.150007E+01  -.290339E-01  0.798457E+03
    26  31 -.120430E+01  -.500000E+00  0.723319E+03
    26  32 -.279656E+00  -.125172E+00  0.268997E+03
    26  33 0.449723E+00  0.750000E+00  0.217197E+04
    26  34 0.554538E+00  -.500000E+00  0.144671E+03
    26  35 0.704957E+00  -.316258E+00  0.425347E+03
    26  36 0.108143E+00  0.750000E+00  0.230742E+03
    26  37 0.791705E+00  0.100249E+01  0.261161E+04
    26  38 -.104930E+01  -.934642E-02  0.667115E+03
    26  39 0.121941E+00  0.764315E+00  0.227993E+03
    26  40 -.133588E+00  0.594878E+00  0.199781E+03
    26  41 0.164889E+01  0.251600E+00  0.378331E+05
    26  42 0.305556E+00  0.729052E+00  0.104557E+04
    26  43 0.848099E-01  0.398356E+00  0.112310E+03
    26  44 0.220000E+01  0.151875E+01  0.512070E+06
    26  45 -.325917E+00  0.434954E+00  0.292653E+03
    26  46 0.182515E+01  -.349188E+00  0.888431E+05
    26  47 0.220000E+01  0.393469E+00  0.517043E+06
    26  48 0.850944E+00  0.577192E+00  0.266109E+04
    26  49 0.178970E+01  0.950382E+00  0.687698E+05
    26  50 -.661299E-01  0.530874E+00  0.170302E+03
    27   1 -.737262E+00  0.114259E+01  0.549993E+03
    27   2 -.909921E+00  -.500000E+00  0.605990E+03
    27   3 0.169560E+01  0.703750E+00  0.536523E+05
    27   4 -.628812E+00  0.672783E+00  0.458793E+03
    27   5 0.312332E+00  0.120129E+01  0.241461E+04
    27   6 -.237981E+01  0.602677E+00  0.876234E+03
    27   7 0.220000E+01  0.788457E+00  0.453940E+06
    27   8 0.371579E+00  0.837498E+00  0.219875E+04
    27   9 0.714134E+00  -.500000E+00  0.453906E+03
    27  10 0.208784E+00  0.647256E+00  0.285563E+03
    27  11 0.561979E+00  -.500000E+00  0.152605E+03
    27  12 0.641647E+00  0.281683E+00  0.209194E+03
    27  13 -.106069E+01  -.500000E+00  0.671728E+03
    27  14 0.154092E+01  0.551150E+00  0.231974E+05
    27  15 -.290000E+01  0.161803E+01  0.258189E+04
    27  16 -.221159E+01  0.750000E+00  0.870306E+03
    27  17 0.903374E+00  0.600990E+00  0.287863E+04
    27  18 0.199612E+01  0.138041E+01  0.185392E+06
    27  19 -.146349E+01  0.425997E+00  0.791329E+03
    27  20 0.414708E-01  0.487609E+00  0.127913E+03
    27  21 -.233716E+01  -.114919E+00  0.875002E+03
    27  22 0.193641E+01  0.699960E+00  0.427678E+05
    27  23 0.140463E+01  -.500000E+00  0.213819E+05
    27  24 -.201714E+00  0.446336E+00  0.230843E+03
    27  25 0.342852E+00  0.309265E+00  0.520826E+02
    27  26 0.220000E+01  -.101269E+00  0.100000E+11
    27  27 0.507786E+00  -.500000E+00  0.105102E+03
    27  28 -.796136E+00  0.348800E+00  0.549445E+03
    27  29 -.296533E+00  0.328096E+00  0.277615E+03
    27  30 0.104993E+01  0.155268E+00  0.320315E+04
    27  31 -.311012E+00  0.303634E+00  0.284930E+03
    27  32 0.880399E+00  -.500000E+00  0.134630E+04
    27  33 0.744072E+00  0.162919E+01  0.254407E+04
    27  34 0.236494E+00  0.750000E+00  0.775606E+03
    27  35 0.682943E+00  -.113508E+00  0.365636E+03
    27  36 0.544867E+00  0.162581E+01  0.241187E+04
    27  37 0.220000E+01  0.109543E+01  0.509393E+06
    27  38 0.103855E+01  -.271165E+00  0.334275E+04
    27  39 0.220000E+01  0.878254E+00  0.532835E+06
    27  40 0.781888E+00  -.500599E-01  0.701197E+03
    27  41 0.149920E+01  0.189092E+00  0.183009E+05
    27  42 0.203425E+01  0.140339E+01  0.228326E+06
    27  43 -.187106E+01  0.940274E-01  0.848775E+03
    27  44 -.350000E+00  0.145101E+01  0.253018E+04
    27  45 -.157134E+01  0.567440E+00  0.811260E+03
    27  46 0.279775E+00  -.500000E+00  0.627500E+02
    27  47 -.350000E+00  0.690141E+00  0.305189E+03
    27  48 0.175707E+01  0.208396E+00  0.621978E+05
    27  49 0.102463E+01  0.888552E+00  0.353362E+04
    27  50 -.315866E+00  0.560652E+00  0.287429E+03
    28   1 -.381717E+00  0.169220E+00  0.322079E+03
    28   2 -.114041E+00  0.281504E+00  0.190886E+03
    28   3 -.729850E+00  -.337395E+00  0.514244E+03
    28   4 -.111979E+01  0.764025E+00  0.694394E+03
    28   5 0.772019E+00  0.389172E+00  0.165506E+04
    28   6 0.170190E+00  -.500000E+00  0.860512E+02
    28   7 -.350000E+00  0.527705E+00  0.305209E+03
    28   8 0.220000E+01  0.274705E+00  0.516020E+06
    28   9 0.387479E+00  0.750000E+00  0.180128E+04
    28  10 0.167218E+01  -.172513E+00  0.432325E+05
    28  11 -.677818E+00  0.970782E-01  0.485911E+03
    28  12 0.162087E+01  -.175338E+00  0.349321E+05
    28  13 0.440982E+00  0.103597E-01  0.722762E+02
    28  14 0.102845E+01  0.304200E+00  0.346416E+04
    28  15 -.350000E+00  0.368033E+00  0.305231E+03
    28  16 0.338408E+00  0.691604E+00  0.923770E+03
    28  17 0.805518E+00  0.234709E+00  0.765610E+03
    28  18 0.109755E+01  0.520739E+00  0.424987E+04
    28  19 -.104083E+01  0.337755E-01  0.663730E+03
    28  20 0.148468E+01  0.731576E+00  0.179262E+05
    28  21 -.248633E+01  0.157336E+00  0.879145E+03
    28  22 -.262618E+00  0.310764E+00  0.260567E+03
    28  23 -.230527E+00  0.734279E+00  0.244541E+03
    28  24 0.362279E+00  0.975686E+00  0.237071E+04
    28  25 0.332919E+00  -.500000E+00  0.582182E+02
    28  26 -.350000E+00  -.500000E+00  0.305319E+03
    28  27 -.617896E+00  0.750000E+00  0.452674E+03
    28  28 0.171850E+01  -.500000E+00  0.569595E+05
    28  29 0.127772E+01  0.255577E+00  0.782709E+04
    28  30 0.220000E+01  0.411450E+00  0.572769E+06
    28  31 0.765338E+00  0.107095E+01  0.257159E+04
    28  32 0.164621E+01  0.750000E+00  0.375073E+05
    28  33 0.711490E+00  0.381885E+00  0.103800E+04
    28  34 -.100217E-01  0.106412E+01  0.224141E+04
    28  35 0.320454E+00  0.499649E+00  0.431745E+02
    28  36 0.675691E+00  0.375808E+00  0.693688E+03
    28  37 -.350000E+00  0.524971E+00  0.305215E+03
    28  38 0.220000E+01  0.749636E-02  0.511968E+06
    28  39 -.350000E+00  0.239614E+00  0.305209E+03
    28  40 0.114339E+01  -.433535E-01  0.407296E+04
    28  41 -.244153E+00  -.500000E+00  0.251325E+03
    28  42 0.220000E+01  0.249332E+00  0.514931E+06
    28  43 -.868537E+00  0.800369E+00  0.585894E+03
    28  44 -.214917E+01  0.201013E+00  0.867536E+03
    28  45 0.107425E+00  0.670076E+00  0.103142E+03
    28  46 -.117569E+01  -.394979E+00  0.713939E+03
    28  47 -.108983E+01  0.443548E+00  0.683046E+03
    28  48 -.363737E+00  0.911669E-01  0.312563E+03
    28  49 -.328631E+00  -.209011E+00  0.293965E+03
    28  50 0.440503E+00  0.560080E+00  0.466692E+03
    29   1 0.776817E+00  -.500000E+00  0.694044E+03
    29   2 0.162055E+01  0.891610E+00  0.325427E+05
    29   3 -.266855E+01  -.133709E+00  0.882517E+03
    29   4 -.105192E+01  0.216248E+00  0.668220E+03
    29   5 0.376946E+00  -.226320E+00  0.594964E+02
    29   6 0.220000E+01  0.531524E+00  0.460135E+06
    29   7 -.221765E+01  0.104445E+00  0.870626E+03
    29   8 -.350000E+00  0.352982E-01  0.305318E+03
    29   9 0.308790E-01  0.865019E+00  0.617967E+03
    29  10 0.111863E+01  -.263981E+00  0.497145E+04
    29  11 0.640893E+00  0.318037E+00  0.250670E+03
    29  12 0.410557E+00  -.297679E-01  0.642804E+02
    29  13 0.176746E+01  0.117706E+01  0.653627E+05
    29  14 0.927876E-01  0.344746E+00  0.109886E+03
    29  15 0.220000E+01  -.500000E+00  0.520551E+06
    29  16 0.220000E+01  -.426323E-01  0.507188E+06
    29  17 0.433445E-01  0.418875E+00  0.127300E+03
    29  18 -.271004E+00  -.434906E+00  0.264698E+03
    29  19 0.150917E+01  0.168385E+00  0.205469E+05
    29  20 0.165284E+01  0.538932E+00  0.155716E+05
    29  21 -.226129E+01  0.747936E+00  0.872303E+03
    29  22 -.189154E+01  0.501177E-01  0.850574E+03
    29  23 -.101538E+01  0.107169E+01  0.653175E+03
    29  24 0.870003E+00  0.748818E+00  0.280862E+04
    29  25 0.315593E+00  0.349116E+00  0.558294E+02
    29  26 -.148605E+01  0.750000E+00  0.795859E+03
    29  27 -.122528E+01  0.614248E+00  0.730040E+03
    29  28 0.220000E+01  0.504089E+00  0.509861E+06
    29  29 0.525248E+00  0.369462E+00  0.696648E+02
    29  30 -.350000E+00  0.366204E+00  0.305113E+03
    29  31 0.841405E+00  0.834910E+00  0.272786E+04
    29  32 0.181984E+00  0.171747E+01  0.244605E+04
    29  33 0.136668E+00  -.500000E+00  0.958535E+02
    29  34 0.362788E-02  -.237434E-01  0.142191E+03
    29  35 -.240067E-01  0.111406E+01  0.237668E+04
    29  36 0.847602E-01  -.500000E+00  0.112640E+03
    29  37 -.152954E+01  -.132639E+00  0.803923E+03
    29  38 -.350000E+00  0.111649E+01  0.125287E+04
    29  39 -.185655E+01  0.285456E+00  0.847373E+03
    29  40 0.662708E+00  0.966919E+00  0.245666E+04
    29  41 -.719711E-01  0.729136E+00  0.168435E+03
    29  42 -.350000E+00  -.500000E+00  0.305284E+03
    29  43 0.164517E+01  0.910820E+00  0.317862E+05
    29  44 0.400827E+00  -.500000E+00  0.624587E+02
    29  45 0.194909E+01  0.679739E+00  0.241640E+04
    29  46 -.745194E+00  0.727971E+00  0.522678E+03
    29  47 0.338417E+00  0.382067E-01  0.580533E+02
    29  48 -.201762E+01  0.513918E+00  0.859983E+03
    29  49 -.623604E+00  -.115675E+00  0.455956E+03
    29  50 0.107950E+01  0.541437E+00  0.403458E+04
    30   1 0.139515E+01  0.570183E+00  0.582673E+04
    30   2 0.156266E+01  -.358390E+00  0.285334E+05
    30   3 -.118549E+00  0.111629E+01  0.225375E+04
    30   4 0.137658E+01  -.412398E-01  0.113166E+05
    30   5 -.810674E-02  0.127302E+00  0.146759E+03
    30   6 0.424936E+00  0.751180E-01  0.674564E+02
    30   7 -.916975E-01  0.353132E+00  0.181128E+03
    30   8 -.185897E+01  0.372415E+00  0.847332E+03
    30   9 -.525708E-01  0.318219E+00  0.164648E+03
    30  10 -.468283E+00  -.232855E+00  0.369068E+03
    30  11 0.175583E+01  -.112184E+00  0.644275E+05
    30  12 -.784745E+00  0.152956E+00  0.543451E+03
    30  13 0.127987E+01  0.218746E+00  0.783560E+04
    30  14 -.241960E+00  0.652011E+00  0.250092E+03
    30  15 0.123782E+01  0.750000E+00  0.683045E+04
    30  16 -.350000E+00  -.130943E+00  0.305207E+03
    30  17 -.174132E+00  0.736261E+00  0.217214E+03
    30  18 -.802532E+00  -.125573E+00  0.552728E+03
    30  19 0.161926E+01  0.110869E+01  0.332376E+05
    30  20 -.897163E+00  0.352133E+00  0.599887E+03
    30  21 0.288710E+00  0.611206E+00  0.151530E+03
    30  22 -.436760E+00  0.486982E+00  0.351876E+03
    30  23 0.965369E+00  -.726015E-02  0.174938E+04
    30  24 0.580738E+00  0.364979E+00  0.178732E+03
    30  25 0.318287E+00  0.116815E+01  0.241057E+04
    30  26 0.418691E+00  0.564658E+00  0.105394E+03
    30  27 -.903110E+00  -.500000E+00  0.602762E+03
    30  28 -.350000E+00  0.110415E+00  0.305178E+03
    30  29 -.448050E+00  -.525518E-02  0.358095E+03
    30  30 -.887988E+00  0.316832E-01  0.595437E+03
    30  31 0.170779E+00  -.415090E+00  0.859012E+02
    30  32 -.820463E+00  0.568664E+00  0.561920E+03
    30  33 -.200598E+00  0.503763E+00  0.230342E+03
    30  34 0.535004E+00  -.500000E+00  0.126374E+03
    30  35 0.177968E+00  0.739897E+00  0.387096E+03
    30  36 -.439299E+00  0.750000E+00  0.353297E+03
    30  37 0.188555E+00  0.437606E+00  0.798692E+02
    30  38 -.199401E+01  0.109333E+01  0.858373E+03
    30  39 0.693450E+00  0.714466E+00  0.242356E+04
    30  40 -.156807E+00  0.163599E+01  0.250782E+04
    30  41 0.519618E+00  0.229495E+00  0.956701E+03
    30  42 -.163508E+01  0.376898E+00  0.821334E+03
    30  43 0.220000E+01  0.112143E+00  0.543468E+06
    30  44 0.220000E+01  0.696746E+00  0.526884E+06
    30  45 0.200131E+01  0.564690E+00  0.242930E+04
    30  46 0.443322E+00  0.392438E-01  0.729704E+02
    30  47 0.168028E+01  0.387895E+00  0.440362E+05
    30  48 0.322738E+00  0.777299E+00  0.163915E+04
    30  49 -.652722E+00  0.448387E+00  0.472104E+03
    30  50 0.638933E+00  0.539706E+00  0.177088E+04
    31   1 0.664448E+00  0.148409E+01  0.246327E+04
    31   2 -.538837E+00  -.500000E+00  0.408317E+03
    31   3 0.220000E+01  0.111710E+01  0.546865E+06
    31   4 0.125918E+01  0.690850E+00  0.715164E+04
    31   5 0.171181E+00  0.997963E+00  0.213258E+04
    31   6 -.128169E+01  0.250279E+00  0.746910E+03
    31   7 0.220000E+01  0.824677E+00  0.509699E+06
    31   8 0.691025E+00  0.103642E+01  0.248082E+04
    31   9 0.527643E+00  -.500000E+00  0.119972E+03
    31  10 -.552133E+00  0.690459E+00  0.415853E+03
    31  11 0.146159E+01  -.500000E+00  0.257134E+05
    31  12 -.213865E+00  0.845459E+00  0.258569E+03
    31  13 0.304096E-01  -.500000E+00  0.131919E+03
    31  14 -.105345E+00  0.755009E+00  0.180433E+03
    31  15 -.489184E+00  0.635593E+00  0.380805E+03
    31  16 -.179353E+01  -.183904E+00  0.841167E+03
    31  17 0.280050E+00  0.819760E+00  0.175371E+04
    31  18 0.132279E+01  0.102777E+01  0.912644E+04
    31  19 -.569896E+00  0.112490E+01  0.579394E+03
    31  20 -.318084E+00  0.261414E+00  0.288530E+03
    31  21 0.220000E+01  0.487632E-01  0.548401E+06
    31  22 0.211324E+01  0.842356E+00  0.335274E+06
    31  23 0.220000E+01  -.500000E+00  0.523154E+06
    31  24 0.759266E-01  0.136513E+00  0.115638E+03
    31  25 0.344223E+00  0.127468E+01  0.240925E+04
    31  26 0.210247E+01  -.500000E+00  0.333305E+06
    31  27 0.150691E+01  0.750000E+00  0.194885E+05
    31  28 -.193612E+01  -.500000E+00  0.854180E+03
    31  29 -.266292E+00  -.500000E+00  0.262308E+03
    31  30 0.540290E+00  -.308387E+00  0.130986E+03
    31  31 -.328845E+00  -.500000E+00  0.294080E+03
    31  32 -.789289E+00  -.500000E+00  0.545903E+03
    31  33 0.659604E+00  0.151063E+01  0.245980E+04
    31  34 0.694110E+00  0.750000E+00  0.246237E+04
    31  35 0.489185E+00  -.700378E-01  0.935653E+02
    31  36 -.392814E+00  0.132759E+01  0.251516E+04
    31  37 0.212411E+01  0.713122E+00  0.328093E+06
    31  38 0.555995E+00  -.156674E+00  0.145995E+03
    31  39 0.220000E+01  0.781399E+00  0.517829E+06
    31  40 -.599256E+00  0.120751E+01  0.130704E+04
    31  41 0.914337E+00  -.500000E+00  0.165452E+04
    31  42 0.914923E+00  0.469805E+00  0.175644E+04
    31  43 -.350000E+00  -.685148E-01  0.305289E+03
    31  44 -.350000E+00  0.155621E+01  0.253218E+04
    31  45 -.548695E+00  0.501299E+00  0.413849E+03
    31  46 0.131462E+01  -.173076E+00  0.935732E+04
    31  47 0.145536E+01  0.585351E+00  0.155037E+05
    31  48 0.220000E+01  0.500964E+00  0.506233E+06
    31  49 0.631672E+00  0.583292E+00  0.200009E+04
    31  50 -.877602E+00  0.560525E+00  0.590414E+03
    32   1 -.597603E+00  0.119034E+01  0.107148E+04
    32   2 -.138075E+01  0.750000E+00  0.772861E+03
    32   3 -.350000E+00  0.164632E+00  0.305317E+03
    32   4 -.601357E+00  0.123022E+01  0.165467E+04
    32   5 0.747479E+00  0.143975E+01  0.254833E+04
    32   6 -.146966E+01  0.308269E+00  0.792580E+03
    32   7 -.350000E+00  0.100176E+01  0.380239E+03
    32   8 0.220000E+01  0.521142E+00  0.287473E+05
    32   9 0.743825E+00  0.750000E+00  0.252859E+04
    32  10 0.475528E+00  0.560011E+00  0.690321E+03
    32  11 -.108841E+01  0.750000E+00  0.682640E+03
    32  12 0.414616E+00  0.121960E+01  0.240107E+04
    32  13 -.854778E+00  0.750000E+00  0.579255E+03
    32  14 0.702366E+00  0.750220E+00  0.247341E+04
    32  15 -.156676E+01  0.286894E+00  0.810575E+03
    32  16 0.756466E+00  0.790625E+00  0.255533E+04
    32  17 0.710907E+00  0.424788E+00  0.141240E+04
    32  18 0.147448E+01  0.118648E+01  0.170611E+05
    32  19 -.124294E+01  -.694307E-01  0.735496E+03
    32  20 0.154580E+01  0.323518E+00  0.236347E+05
    32  21 -.350000E+00  0.854526E-02  0.305098E+03
    32  22 0.220000E+01  0.547539E+00  0.458817E+06
    32  23 -.350000E+00  0.667403E+00  0.305223E+03
    32  24 0.179028E-01  0.377863E+00  0.136707E+03
    32  25 0.321500E+00  0.246759E-01  0.586384E+02
    32  26 0.144564E+01  0.750000E+00  0.150866E+05
    32  27 0.101484E+01  0.143972E+01  0.353393E+04
    32  28 -.203819E+00  0.453728E+00  0.231871E+03
    32  29 0.849422E+00  0.750000E+00  0.266348E+04
    32  30 0.153469E+01  0.184391E+00  0.228950E+05
    32  31 -.467432E+00  0.750000E+00  0.368858E+03
    32  32 -.782451E-01  0.750000E+00  0.170362E+03
    32  33 0.846273E+00  0.260635E+00  0.112821E+04
    32  34 0.634670E+00  0.146001E+01  0.244343E+04
    32  35 0.511024E+00  -.500000E+00  0.107389E+03
    32  36 0.375109E+00  0.110696E+01  0.240161E+04
    32  37 0.220000E+01  0.844960E+00  0.517585E+06
    32  38 0.220000E+01  -.160916E+00  0.201681E+08
    32  39 -.350000E+00  0.620699E+00  0.305193E+03
    32  40 0.515851E-01  0.240940E-01  0.124181E+03
    32  41 0.119923E+01  0.750000E+00  0.581921E+04
    32  42 0.220000E+01  0.469159E+00  0.528753E+06
    32  43 -.192801E+01  0.201448E+00  0.853460E+03
    32  44 -.236717E+01  0.306213E+00  0.875932E+03
    32  45 -.236731E+01  0.636338E+00  0.875946E+03
    32  46 0.363274E+00  -.500000E+00  0.584660E+02
    32  47 0.301082E+00  0.231072E-02  0.602458E+02
    32  48 -.350000E+00  0.269021E-01  0.305147E+03
    32  49 0.175748E+01  -.167841E+00  0.639317E+05
    32  50 0.431758E+00  0.570535E+00  0.489435E+03
    33   1 -.836831E-01  -.596605E-01  0.177659E+03
    33   2 0.498725E+00  0.142104E+01  0.240419E+04
    33   3 -.218458E+01  -.386944E+00  0.869158E+03
    33   4 -.160418E+01  0.520778E+00  0.816495E+03
    33   5 0.330779E+00  0.189747E+00  0.596067E+02
    33   6 0.108034E+01  0.347911E+00  0.100000E+11
    33   7 -.143567E+01  0.481148E+00  0.785414E+03
    33   8 -.350000E+00  0.506540E-01  0.305238E+03
    33   9 0.498932E+00  0.755394E+00  0.222940E+04
    33  10 0.112022E+01  -.113247E+00  0.400660E+04
    33  11 -.189065E+01  0.616549E+00  0.850399E+03
    33  12 0.870829E+00  0.101263E+01  0.281541E+04
    33  13 -.711551E+00  0.122615E+01  0.112773E+04
    33  14 0.746505E+00  0.354155E+00  0.100000E+11
    33  15 0.983240E+00  -.500000E+00  0.248688E+04
    33  16 0.220000E+01  0.165788E+01  0.512070E+06
    33  17 0.464706E+00  0.265340E+00  0.722263E+02
    33  18 -.700908E+00  0.188384E+00  0.498536E+03
    33  19 0.130706E+01  0.374929E+00  0.510980E+04
    33  20 0.197090E+01  0.656805E+00  0.242430E+04
    33  21 -.180758E+01  0.790164E+00  0.842590E+03
    33  22 -.350000E+00  0.664038E-01  0.305329E+03
    33  23 -.864409E+00  0.832519E+00  0.583971E+03
    33  24 0.662925E+00  0.661538E+00  0.219108E+04
    33  25 0.305705E+00  -.500000E+00  0.597720E+02
    33  26 -.587795E+00  0.720467E+00  0.435848E+03
    33  27 -.774320E+00  0.189716E+00  0.538064E+03
    33  28 0.155112E+01  0.361769E+00  0.243528E+05
    33  29 0.149433E+01  0.151000E+01  0.185932E+05
    33  30 -.983690E-01  0.111861E+01  0.230104E+04
    33  31 0.508410E+00  0.823474E+00  0.234109E+04
    33  32 0.822516E+00  0.165963E+01  0.268838E+04
    33  33 0.316307E+00  -.495047E+00  0.590052E+02
    33  34 0.234689E+00  0.114336E+01  0.242244E+04
    33  35 0.315493E+00  0.750000E+00  0.133584E+04
    33  36 0.993215E+00  -.143045E+00  0.243198E+04
    33  37 -.350000E+00  0.351097E+00  0.305111E+03
    33  38 -.350000E+00  0.314655E+00  0.305343E+03
    33  39 -.176472E+01  0.273584E+00  0.838081E+03
    33  40 0.111793E+01  -.500000E+00  0.529821E+04
    33  41 -.104202E+00  0.500161E+00  0.186594E+03
    33  42 0.988868E-01  -.500000E+00  0.107863E+03
    33  43 0.421660E+00  0.745365E+00  0.194107E+04
    33  44 0.182829E+00  -.500000E+00  0.826778E+02
    33  45 -.891253E+00  0.679600E+00  0.596959E+03
    33  46 -.578764E+00  0.750000E+00  0.430790E+03
    33  47 -.783584E+00  0.211099E+00  0.542789E+03
    33  48 -.192589E+01  0.449332E+00  0.853341E+03
    33  49 -.391264E+00  -.341262E+00  0.327098E+03
    33  50 0.125873E+01  0.555120E+00  0.714061E+04
    34   1 0.133467E+01  -.140917E+00  0.997159E+04
    34   2 0.202529E+01  0.102957E+01  0.220638E+06
    34   3 -.101578E+01  0.327686E+00  0.653351E+03
    34   4 -.579992E+00  -.158361E+00  0.431431E+03
    34   5 -.314037E-01  -.500000E+00  0.155937E+03
    34   6 0.220000E+01  0.213224E+00  0.461261E+06
    34   7 0.278777E+00  -.153913E+00  0.628970E+02
    34   8 -.175147E+01  0.812476E+00  0.836468E+03
    34   9 -.815396E-01  -.494606E+00  0.176801E+03
    34  10 0.134575E+01  -.500000E+00  0.166380E+05
    34  11 0.141310E+00  0.122412E+00  0.945174E+02
    34  12 0.369177E+00  -.237369E+00  0.588227E+02
    34  13 0.537383E+00  0.549950E+00  0.828512E+03
    34  14 0.356930E+00  0.122270E+00  0.581253E+02
    34  15 0.220000E+01  0.538463E+00  0.476053E+06
    34  16 -.350000E+00  0.586570E+00  0.305054E+03
    34  17 -.116792E+00  0.703710E+00  0.191017E+03
    34  18 -.100974E+01  -.387745E+00  0.650800E+03
    34  19 0.150251E+01  0.100816E+01  0.197517E+05
    34  20 -.579102E+00  0.731908E+00  0.430991E+03
    34  21 0.742420E+00  0.955800E+00  0.249453E+04
    34  22 -.198471E+01  0.169490E+00  0.857720E+03
    34  23 -.326700E-02  0.299149E+00  0.144831E+03
    34  24 0.710639E+00  0.521183E+00  0.209137E+04
    34  25 0.340027E+00  0.750000E+00  0.150849E+04
    34  26 -.149319E+01  0.210345E+00  0.797136E+03
    34  27 -.521651E+00  -.500000E+00  0.398707E+03
    34  28 0.423640E+00  -.280277E+00  0.671441E+02
    34  29 -.758722E+00  0.161151E+01  0.256139E+04
    34  30 -.109400E+01  -.131387E+00  0.684643E+03
    34  31 0.948570E+00  -.426526E+00  0.202789E+04
    34  32 0.539449E+00  0.140485E+01  0.240833E+04
    34  33 -.177760E+00  -.997366E-01  0.219641E+03
    34  34 -.127493E+00  0.509785E+00  0.196710E+03
    34  35 0.132792E+00  0.179584E+01  0.245599E+04
    34  36 0.110266E+01  -.500000E+00  0.488257E+04
    34  37 -.218902E+01  -.605091E-01  0.869358E+03
    34  38 -.131111E+01  0.819241E+00  0.755025E+03
    34  39 0.785278E+00  0.438689E+00  0.212620E+04
    34  40 0.974226E+00  0.750000E+00  0.321020E+04
    34  41 -.584147E+00  -.500000E+00  0.433883E+03
    34  42 -.158070E+01  0.379322E+00  0.812891E+03
    34  43 0.220000E+01  0.750163E+00  0.510127E+06
    34  44 0.220000E+01  0.215495E+00  0.179519E+06
    34  45 0.165875E+01  0.574717E+00  0.149425E+05
    34  46 -.171562E+00  0.151472E+01  0.250996E+04
    34  47 0.850239E-01  0.447838E+00  0.111220E+03
    34  48 -.699576E+00  0.656136E+00  0.497844E+03
    34  49 -.131488E+01  0.908738E+00  0.756069E+03
    34  50 0.625316E+00  0.553228E+00  0.178791E+04
    35   1 0.125424E+01  0.678450E+00  0.700105E+04
    35   2 -.524706E+00  -.220432E+00  0.400412E+03
    35   3 0.911930E+00  0.157480E+01  0.297026E+04
    35   4 0.178028E+01  0.246405E+00  0.730220E+05
    35   5 0.132257E-01  0.750000E+00  0.140845E+03
    35   6 -.350000E+00  0.448217E+00  0.305342E+03
    35   7 0.207967E+01  0.416443E-01  0.304218E+06
    35   8 -.114050E+01  0.140476E+01  0.250172E+04
    35   9 -.617719E+00  -.500000E+00  0.452602E+03
    35  10 -.573092E+00  0.296951E+00  0.427684E+03
    35  11 0.220000E+01  -.212886E+00  0.512679E+06
    35  12 -.141089E+00  -.500000E+00  0.202844E+03
    35  13 0.167082E+01  -.283688E+00  0.129961E+07
    35  14 -.244340E-01  0.154747E+00  0.153237E+03
    35  15 0.163939E+00  0.396503E-01  0.878560E+02
    35  16 -.172073E+01  -.500000E+00  0.832853E+03
    35  17 0.209955E-01  0.781256E+00  0.194168E+03
    35  18 0.135670E+01  0.514113E+00  0.566643E+04
    35  19 -.716949E+00  0.898296E+00  0.507147E+03
    35  20 -.185074E+01  0.418908E+00  0.846831E+03
    35  21 0.220000E+01  0.680240E+00  0.513129E+06
    35  22 0.174235E+00  0.422928E+00  0.841333E+02
    35  23 0.157647E+01  -.500000E+00  0.301235E+06
    35  24 0.547543E-01  0.348808E+00  0.123092E+03
    35  25 0.367882E+00  0.148352E+01  0.241241E+04
    35  26 -.844577E+00  -.500000E+00  0.574129E+03
    35  27 0.546755E+00  0.750000E+00  0.228403E+04
    35  28 -.792732E+00  -.158561E+00  0.547649E+03
    35  29 -.108063E+01  0.361511E+00  0.679496E+03
    35  30 -.972450E+00  -.492213E+00  0.634575E+03
    35  31 0.751929E+00  -.500000E+00  0.587428E+03
    35  32 -.822272E-01  0.154847E+00  0.177068E+03
    35  33 0.145180E-01  0.115026E+01  0.242861E+04
    35  34 0.284239E+00  -.500000E+00  0.621677E+02
    35  35 0.275692E+00  0.135239E+01  0.242410E+04
    35  36 0.292904E+00  0.750000E+00  0.117031E+04
    35  37 -.509771E+00  0.504263E+00  0.392262E+03
    35  38 -.119570E+01  0.102670E+01  0.720499E+03
    35  39 0.142881E+01  0.756616E+00  0.141998E+05
    35  40 0.514308E-01  0.161630E+01  0.247214E+04
    35  41 0.824360E+00  0.750000E+00  0.267447E+04
    35  42 0.969304E+00  0.119575E+01  0.323736E+04
    35  43 -.350000E+00  0.295804E+00  0.305315E+03
    35  44 -.350000E+00  0.915674E+00  0.306343E+03
    35  45 0.113114E+01  0.584557E+00  0.474058E+04
    35  46 0.682257E+00  0.134090E+01  0.247522E+04
    35  47 0.123355E+01  0.426601E+00  0.653326E+04
    35  48 0.109045E+01  0.232294E+00  0.407055E+04
    35  49 0.692583E+00  0.499944E+00  0.185685E+04
    35  50 -.868128E+00  0.558119E+00  0.585731E+03
    36   1 -.809376E+00  0.902847E+00  0.556324E+03
    36   2 -.120266E+01  -.500000E+00  0.722788E+03
    36   3 0.882032E+00  0.128092E+01  0.285544E+04
    36   4 0.220000E+01  0.847821E+00  0.456337E+06
    36   5 0.485003E+00  0.141698E+01  0.240327E+04
    36   6 -.141908E+01  0.491307E+00  0.781703E+03
    36   7 0.134470E+01  0.129164E+01  0.991980E+04
    36   8 0.140950E+01  0.421799E+00  0.131434E+05
    36   9 -.771042E-02  0.750000E+00  0.150589E+03
    36  10 -.404865E+00  0.558695E+00  0.334426E+03
    36  11 -.350000E+00  0.856367E-01  0.305323E+03
    36  12 -.915548E-01  0.750000E+00  0.178183E+03
    36  13 -.269817E+00  0.266977E+00  0.264021E+03
    36  14 0.823696E-01  0.110261E+01  0.240409E+04
    36  15 -.154718E+01  -.173593E+00  0.807112E+03
    36  16 0.829265E+00  0.653954E+00  0.265731E+04
    36  17 0.321595E+00  0.378656E+00  0.543481E+02
    36  18 0.220000E+01  0.129066E+01  0.501986E+06
    36  19 -.963656E+00  0.630915E+00  0.630668E+03
    36  20 -.101839E+00  0.247506E+00  0.185456E+03
    36  21 -.350000E+00  0.199485E-01  0.305299E+03
    36  22 0.220000E+01  0.670311E+00  0.466617E+06
    36  23 0.220000E+01  0.750000E+00  0.516320E+06
    36  24 -.476839E-01  0.381839E+00  0.162608E+03
    36  25 0.387725E+00  0.233521E+00  0.597595E+02
    36  26 0.870320E+00  0.750000E+00  0.281015E+04
    36  27 0.125134E+01  0.914089E+00  0.694015E+04
    36  28 0.256208E+00  -.128200E+00  0.663272E+02
    36  29 0.146937E+01  -.500000E+00  0.250792E+05
    36  30 0.122533E+01  0.428123E-01  0.616640E+04
    36  31 -.151736E+00  0.237435E+00  0.207685E+03
    36  32 0.961931E-02  -.281915E+00  0.139888E+03
    36  33 0.635654E+00  0.119610E+01  0.244108E+04
    36  34 0.694917E+00  0.262941E+00  0.332341E+03
    36  35 0.511094E+00  0.526927E+00  0.663388E+03
    36  36 -.407196E+00  0.152237E+01  0.253787E+04
    36  37 0.204023E+01  0.556590E+00  0.220332E+06
    36  38 0.665474E+00  0.279773E-01  0.317033E+03
    36  39 -.451944E+00  0.691691E+00  0.359529E+03
    36  40 -.367167E-01  0.544628E+00  0.158349E+03
    36  41 0.162050E+01  0.141179E+01  0.333714E+05
    36  42 0.219943E+01  0.888066E-01  0.514672E+06
    36  43 -.248380E+01  0.236712E+00  0.879056E+03
    36  44 -.134027E+01  0.430332E+00  0.762832E+03
    36  45 -.979578E+00  0.683879E+00  0.637714E+03
    36  46 0.953943E+00  0.325567E+00  0.287954E+04
    36  47 0.982642E+00  0.304478E+00  0.306537E+04
    36  48 0.195029E+01  0.173042E+00  0.162023E+06
    36  49 0.220000E+01  -.106448E+00  0.542410E+06
    36  50 0.133692E+00  0.564993E+00  0.902923E+02
    37   1 -.117863E+01  0.339018E+00  0.714838E+03
    37   2 0.134734E+01  0.750000E+00  0.100787E+05
    37   3 -.577942E+00  0.309167E-01  0.430376E+03
    37   4 -.379442E-01  0.694966E+00  0.156073E+03
    37   5 0.906694E+00  0.166982E+00  0.141193E+04
    37   6 0.856427E+00  0.404675E-01  0.989891E+03
    37   7 -.567503E+00  0.158971E+01  0.255084E+04
    37   8 0.220000E+01  -.232403E+00  0.544266E+06
    37   9 0.714497E+00  0.157842E+00  0.368260E+03
    37  10 0.126656E+01  0.160088E+00  0.788955E+04
    37  11 -.146387E+01  0.106309E+00  0.791398E+03
    37  12 0.659590E+00  0.173722E+01  0.245979E+04
    37  13 -.741203E+00  0.805214E+00  0.520401E+03
    37  14 0.479039E+00  0.103589E+01  0.239680E+04
    37  15 -.680356E+00  -.490333E-01  0.487412E+03
    37  16 0.220000E+01  0.140452E+01  0.512086E+06
    37  17 0.519469E+00  0.164268E+00  0.110213E+03
    37  18 -.350000E+00  0.869702E+00  0.304896E+03
    37  19 0.136641E+01  0.483866E-01  0.112362E+05
    37  20 0.188177E+01  0.468483E+00  0.111566E+06
    37  21 -.188918E+01  -.131121E+00  0.850321E+03
    37  22 -.350000E+00  0.844443E+00  0.305391E+03
    37  23 -.350000E+00  0.860215E+00  0.305012E+03
    37  24 0.764575E+00  0.627755E+00  0.251553E+04
    37  25 0.314895E+00  -.500000E+00  0.591165E+02
    37  26 0.152868E+01  0.530701E+00  0.221347E+05
    37  27 0.494647E-01  0.667822E+00  0.118329E+03
    37  28 0.132422E+01  0.511315E+00  0.800159E+04
    37  29 0.902260E+00  0.626750E+00  0.284843E+04
    37  30 0.195419E+01  0.103788E+01  0.158861E+06
    37  31 -.721301E+00  0.105741E+01  0.510568E+03
    37  32 0.342169E+00  -.367093E+00  0.580518E+02
    37  33 0.104582E+01  0.113126E+00  0.292321E+04
    37  34 0.568708E+00  0.450032E+00  0.475944E+03
    37  35 0.536095E+00  -.262587E+00  0.127261E+03
    37  36 -.173658E+00  0.272365E+00  0.217736E+03
    37  37 0.186334E+01  0.258258E+00  0.108791E+06
    37  38 0.220000E+01  -.451838E+00  0.536994E+06
    37  39 -.150926E+01  0.147192E+00  0.800328E+03
    37  40 0.529931E+00  -.500000E+00  0.121895E+03
    37  41 0.472988E+00  0.104869E+01  0.239560E+04
    37  42 -.350572E+00  -.500000E+00  0.305435E+03
    37  43 -.642295E+00  0.311187E+00  0.466190E+03
    37  44 0.170142E+00  -.322086E+00  0.860944E+02
    37  45 -.899865E+00  0.741407E+00  0.601141E+03
    37  46 -.237068E+00  -.500000E+00  0.247874E+03
    37  47 -.236442E+00  0.215055E+00  0.247518E+03
    37  48 0.175070E+00  0.486071E+00  0.812377E+02
    37  49 -.350000E+00  0.199011E+00  0.305320E+03
    37  50 0.132755E+01  0.555843E+00  0.496638E+04
    38   1 0.137137E+01  -.150232E+00  0.113463E+05
    38   2 0.158861E+01  0.158635E+01  0.289118E+05
    38   3 -.601572E+00  -.536946E-01  0.443584E+03
    38   4 -.180193E+01  -.214899E-01  0.842002E+03
    38   5 0.736592E+00  -.322965E+00  0.529243E+03
    38   6 0.197197E+01  -.320259E+00  0.169337E+06
    38   7 -.444329E+00  0.384742E+00  0.355916E+03
    38   8 -.350000E+00  0.347573E+00  0.305267E+03
    38   9 0.435178E+00  -.500000E+00  0.703717E+02
    38  10 0.146418E+01  -.500000E+00  0.260357E+05
    38  11 0.108613E+01  0.571955E+00  0.243028E+04
    38  12 0.821282E+00  0.487223E+00  0.246556E+04
    38  13 0.731909E+00  0.300680E+00  0.633733E+03
    38  14 0.643086E+00  0.214029E+00  0.218578E+03
    38  15 0.766337E+00  0.195827E+00  0.512300E+03
    38  16 -.350000E+00  0.154523E+00  0.305110E+03
    38  17 0.560335E+00  0.544576E+00  0.100245E+04
    38  18 -.217493E+01  -.218538E+00  0.868717E+03
    38  19 0.220000E+01  0.413902E+00  0.511431E+06
    38  20 0.220000E+01  0.741755E+00  0.524052E+06
    38  21 0.660816E+00  0.375878E-03  0.309926E+03
    38  22 -.187535E+01  0.818118E+00  0.849078E+03
    38  23 -.204437E+01  0.308257E+00  0.861665E+03
    38  24 0.888769E+00  0.508355E+00  0.252758E+04
    38  25 0.249875E+00  0.750000E+00  0.865327E+03
    38  26 0.102307E+01  -.500000E+00  0.312852E+04
    38  27 -.588548E+00  -.500000E+00  0.436220E+03
    38  28 0.139909E+01  0.476838E+00  0.124466E+05
    38  29 -.824475E+00  0.134110E+01  0.238213E+04
    38  30 -.595809E+00  0.104419E+01  0.445755E+03
    38  31 0.126324E+01  0.164878E+01  0.725035E+04
    38  32 0.656947E+00  0.503762E+00  0.935598E+03
    38  33 0.344560E+00  -.217835E+00  0.580705E+02
    38  34 -.397326E-02  -.302684E+00  0.145100E+03
    38  35 0.266689E+00  0.378977E+00  0.630753E+02
    38  36 0.457313E+00  -.500000E+00  0.781565E+02
    38  37 -.686658E+00  -.323232E-01  0.490843E+03
    38  38 -.350000E+00  0.798162E+00  0.305498E+03
    38  39 0.698191E+00  0.586008E-01  0.389226E+03
    38  40 0.629301E+00  0.521707E+00  0.145984E+04
    38  41 -.748869E+00  -.201309E+00  0.524455E+03
    38  42 -.172709E+01  0.240681E+00  0.833577E+03
    38  43 0.190770E+01  0.599945E+00  0.120369E+06
    38  44 0.192826E+01  0.824881E-01  0.136511E+06
    38  45 0.601873E+00  0.492671E+00  0.107344E+04
    38  46 -.493853E+00  0.750000E+00  0.383467E+03
    38  47 -.619746E+00  -.329174E-01  0.453700E+03
    38  48 -.142625E+01  0.841761E+00  0.783315E+03
    38  49 -.110470E+01  0.586885E+00  0.688619E+03
    38  50 0.105734E+01  0.537991E+00  0.387504E+04
    39   1 0.193399E+01  0.281898E+00  0.150696E+06
    39   2 0.105719E+01  0.135821E+01  0.389153E+04
    39   3 0.659041E+00  0.119631E+01  0.245609E+04
    39   4 0.748070E+00  -.343361E+00  0.572247E+03
    39   5 0.412679E-01  0.133611E+00  0.127905E+03
    39   6 0.219175E+01  -.418917E-01  0.439075E+06
    39   7 0.681875E+00  -.500000E+00  0.361987E+03
    39   8 -.128411E+01  0.108831E+01  0.747637E+03
    39   9 0.254365E-01  0.750000E+00  0.151701E+03
    39  10 -.442815E+00  0.750000E+00  0.355206E+03
    39  11 0.220000E+01  -.500000E+00  0.520555E+06
    39  12 -.105153E+00  -.500000E+00  0.186921E+03
    39  13 0.121366E+01  -.314759E+00  0.793042E+04
    39  14 0.715759E+00  -.337799E+00  0.458988E+03
    39  15 0.171580E+01  0.653720E+00  0.173857E+05
    39  16 -.188760E+01  -.500000E+00  0.850188E+03
    39  17 0.548144E-01  0.878374E+00  0.874613E+03
    39  18 -.198089E+01  -.470943E+00  0.857460E+03
    39  19 -.350000E+00  0.907028E+00  0.305870E+03
    39  20 -.350000E+00  0.692791E+00  0.305255E+03
    39  21 0.220000E+01  0.585154E+00  0.532982E+06
    39  22 -.137043E+01  0.386671E+00  0.770397E+03
    39  23 0.505634E+00  -.226103E+00  0.103735E+03
    39  24 -.205714E+00  0.353617E+00  0.232756E+03
    39  25 0.249377E+00  0.138842E+01  0.242960E+04
    39  26 0.110955E+00  0.750000E+00  0.237873E+03
    39  27 0.667545E+00  0.750000E+00  0.242905E+04
    39  28 -.800696E+00  0.316541E+00  0.551771E+03
    39  29 0.152437E+00  0.152246E+00  0.910341E+02
    39  30 -.443713E+00  -.205808E+00  0.355544E+03
    39  31 0.212160E+01  0.398780E+00  0.353906E+06
    39  32 0.378315E+00  0.128152E+01  0.240701E+04
    39  33 -.368105E+00  0.802479E+00  0.314710E+03
    39  34 0.106694E+00  -.500000E+00  0.105283E+03
    39  35 0.880765E-01  0.119876E+01  0.244921E+04
    39  36 0.817801E+00  0.750000E+00  0.266018E+04
    39  37 -.977421E+00  -.149534E+00  0.636734E+03
    39  38 -.147603E+01  0.121104E+01  0.795100E+03
    39  39 0.157436E+01  0.750700E+00  0.100000E+11
    39  40 0.288000E+00  0.149536E+01  0.242534E+04
    39  41 0.331536E+00  -.500000E+00  0.582316E+02
    39  42 0.822913E+00  0.128682E+01  0.268459E+04
    39  43 0.220000E+01  0.609575E+00  0.513428E+06
    39  44 0.842428E+00  0.124435E+00  0.827895E+03
    39  45 0.188013E+01  0.426486E+00  0.997707E+05
    39  46 0.102944E+01  0.405978E+00  0.361166E+04
    39  47 0.875050E+00  0.451898E+00  0.257131E+04
    39  48 -.773019E+00  0.953307E+00  0.537311E+03
    39  49 0.805334E+00  0.844769E+00  0.263124E+04
    39  50 -.138268E+00  0.540733E+00  0.201709E+03
    40   1 0.158650E+01  0.108012E+01  0.283152E+05
    40   2 0.142608E+00  0.108207E+00  0.940077E+02
    40   3 0.147492E+01  0.200000E+01  0.170890E+05
    40   4 0.220000E+01  0.865925E+00  0.534304E+06
    40   5 -.438472E+00  0.734858E+00  0.353141E+03
    40   6 0.162383E+01  0.957246E+00  0.326333E+05
    40   7 0.101033E+01  0.750000E+00  0.349906E+04
    40   8 0.265380E+00  0.757663E+00  0.105490E+04
    40   9 0.443148E-01  0.124415E+01  0.245895E+04
    40  10 -.128515E+01  0.137181E+00  0.747844E+03
    40  11 -.350000E+00  0.275143E+00  0.305338E+03
    40  12 -.143072E-03  0.750000E+00  0.149602E+03
    40  13 0.159505E+01  0.210225E+00  0.303364E+05
    40  14 -.135446E+00  0.170980E+00  0.200328E+03
    40  15 0.981959E-01  0.685383E+00  0.111934E+03
    40  16 0.662396E+00  0.750000E+00  0.242434E+04
    40  17 -.329200E-01  0.108878E+01  0.229637E+04
    40  18 0.569110E+00  0.944216E-01  0.158953E+03
    40  19 -.256822E+01  0.604966E+00  0.880898E+03
    40  20 -.188642E+01  0.417886E+00  0.850070E+03
    40  21 -.350000E+00  0.787438E+00  0.305187E+03
    40  22 0.117957E+01  0.193031E+00  0.543141E+04
    40  23 0.220000E+01  -.500000E+00  0.542781E+06
    40  24 -.118468E+00  0.273692E+00  0.192790E+03
    40  25 0.368315E+00  0.812609E+00  0.209616E+04
    40  26 -.557511E+00  0.415128E-01  0.418835E+03
    40  27 0.128744E+01  0.207715E+00  0.803701E+04
    40  28 -.126800E+01  -.259665E-01  0.742978E+03
    40  29 0.125980E+01  -.500000E+00  0.111641E+05
    40  30 0.117135E+01  -.500000E+00  0.708887E+04
    40  31 -.428402E+00  -.500000E+00  0.347170E+03
    40  32 0.419537E-01  0.184660E+01  0.247398E+04
    40  33 0.360429E+00  0.133772E+01  0.240708E+04
    40  34 0.527626E+00  0.452710E-01  0.117472E+03
    40  35 0.187193E+00  0.996068E+00  0.221290E+04
    40  36 0.503801E+00  0.892946E+00  0.235883E+04
    40  37 0.889641E+00  0.219039E+00  0.153253E+04
    40  38 -.818809E+00  0.114771E+01  0.573193E+03
    40  39 0.658477E+00  0.121453E+01  0.245646E+04
    40  40 0.232414E-01  0.141903E+01  0.247471E+04
    40  41 0.133032E+01  0.168510E-01  0.945136E+04
    40  42 0.210453E+01  0.132553E+01  0.309767E+06
    40  43 -.350000E+00  0.230031E+00  0.305319E+03
    40  44 -.144996E+01  0.360852E+00  0.788456E+03
    40  45 0.103277E+00  0.852139E+00  0.911853E+03
    40  46 0.113834E+01  -.500000E+00  0.591385E+04
    40  47 0.139154E+01  0.578428E+00  0.251659E+04
    40  48 0.177698E+01  -.154446E+00  0.714524E+05
    40  49 0.202744E+01  0.107903E+00  0.233898E+06
    40  50 -.336134E+00  0.543208E+00  0.298112E+03
    41   1 -.963501E+00  0.751180E+00  0.630497E+03
    41   2 -.632143E+00  -.500000E+00  0.460749E+03
    41   3 0.369436E+00  0.750000E+00  0.170435E+04
    41   4 -.350000E+00  0.112964E+01  0.143216E+04
    41   5 -.325628E+00  0.113576E+01  0.164532E+04
    41   6 -.926173E+00  0.106514E+01  0.614043E+03
    41   7 -.315652E+00  0.130627E+01  0.250715E+04
    41   8 0.177548E+01  0.105665E+00  0.677588E+05
    41   9 0.843407E+00  -.584961E-02  0.989040E+03
    41  10 0.126485E+01  -.500000E+00  0.114745E+05
    41  11 -.226945E+01  0.572836E+00  0.872651E+03
    41  12 0.387901E+00  0.847892E+00  0.225509E+04
    41  13 -.144676E+00  0.971578E+00  0.699504E+03
    41  14 -.253410E+00  0.884650E+00  0.261185E+03
    41  15 -.117365E+01  -.666162E-01  0.713163E+03
    41  16 0.220000E+01  0.470930E+00  0.517074E+06
    41  17 0.738225E-01  0.874258E+00  0.952157E+03
    41  18 0.220000E+01  0.134442E+01  0.512255E+06
    41  19 -.182180E-01  0.295885E+00  0.150870E+03
    41  20 0.415071E+00  0.369317E+00  0.465697E+02
    41  21 -.154312E+01  0.537538E+00  0.806395E+03
    41  22 0.188590E+01  0.370963E+00  0.119269E+06
    41  23 -.350000E+00  0.750000E+00  0.305238E+03
    41  24 0.916762E+00  0.552482E+00  0.294752E+04
    41  25 0.389466E+00  -.341669E+00  0.608825E+02
    41  26 0.135742E+00  -.500000E+00  0.960333E+02
    41  27 0.162160E-01  -.183432E+00  0.137336E+03
    41  28 0.782907E+00  0.189473E+00  0.573642E+03
    41  29 0.846335E+00  0.750000E+00  0.264953E+04
    41  30 0.197773E+01  0.504162E+00  0.509648E+04
    41  31 -.132457E+01  0.750000E+00  0.758697E+03
    41  32 0.120062E+00  0.596600E+00  0.926194E+02
    41  33 0.995176E+00  0.863623E+00  0.332406E+04
    41  34 0.765006E+00  0.822966E-01  0.568671E+03
    41  35 0.391942E+00  0.383255E+00  0.449543E+02
    41  36 0.942903E-01  -.357054E+00  0.109379E+03
    41  37 0.158480E+01  0.796454E+00  0.277450E+05
    41  38 0.173119E+01  0.614445E+00  0.219381E+05
    41  39 -.844539E+00  0.483646E+00  0.574101E+03
    41  40 -.234775E-01  0.169030E+00  0.152884E+03
    41  41 0.107254E+01  0.130626E+00  0.344879E+04
    41  42 -.445469E+00  0.755287E-01  0.356642E+03
    41  43 -.234337E+01  0.267080E-01  0.875051E+03
    41  44 -.447894E+00  0.269013E+00  0.357937E+03
    41  45 -.136776E+01  0.835208E+00  0.769718E+03
    41  46 -.277241E+00  0.750000E+00  0.267748E+03
    41  47 -.114613E+00  0.536276E+00  0.191621E+03
    41  48 0.106494E-01  0.200389E+00  0.139446E+03
    41  49 0.428000E+00  -.500000E+00  0.683502E+02
    41  50 0.424225E+00  0.571720E+00  0.347634E+03
    42   1 -.114985E+01  0.112004E+00  0.705047E+03
    42   2 -.857421E-01  0.565394E+00  0.178698E+03
    42   3 -.113023E+01  -.446356E+00  0.697980E+03
    42   4 -.187243E+01  0.998050E+00  0.848821E+03
    42   5 0.142682E+01  0.542661E+00  0.241484E+04
    42   6 -.169574E+01  0.726240E+00  0.829636E+03
    42   7 -.669129E+00  0.103217E+01  0.481958E+03
    42   8 -.774517E+00  -.175950E+00  0.538083E+03
    42   9 0.122368E+01  -.500000E+00  0.928613E+04
    42  10 0.220000E+01  0.701772E+00  0.517763E+06
    42  11 -.334055E+00  0.858250E-01  0.296980E+03
    42  12 0.700022E+00  -.261514E+00  0.411773E+03
    42  13 -.840583E+00  0.650233E+00  0.572085E+03
    42  14 0.531378E+00  0.650326E+00  0.187918E+04
    42  15 0.637227E+00  -.167698E+00  0.263132E+03
    42  16 -.350000E+00  0.107365E-01  0.305318E+03
    42  17 0.436809E+00  0.339131E+00  0.184614E+03
    42  18 -.350000E+00  0.783914E+00  0.305193E+03
    42  19 0.220000E+01  0.531738E+00  0.458641E+06
    42  20 0.220000E+01  0.586080E+00  0.543391E+06
    42  21 0.140962E+00  -.156663E+00  0.946273E+02
    42  22 -.664100E+00  0.590881E+00  0.478332E+03
    42  23 -.172361E+01  0.104827E+01  0.833142E+03
    42  24 0.131004E+01  0.683570E+00  0.861175E+04
    42  25 0.298547E+00  -.424525E+00  0.605164E+02
    42  26 0.117360E+01  0.175480E+00  0.523678E+04
    42  27 -.803979E+00  0.315429E+00  0.553410E+03
    42  28 0.184742E+01  0.625301E+00  0.941688E+05
    42  29 -.297961E+00  0.132497E+01  0.251252E+04
    42  30 -.309430E+00  0.730650E+00  0.284473E+03
    42  31 -.152039E+01  0.930221E+00  0.802222E+03
    42  32 0.491028E+00  -.500000E+00  0.945445E+02
    42  33 0.577209E+00  -.180576E-01  0.170229E+03
    42  34 0.545595E-02  -.433179E-01  0.141537E+03
    42  35 0.468810E+00  0.105764E+00  0.829932E+02
    42  36 -.229465E+00  -.500000E+00  0.244184E+03
    42  37 0.524168E+00  0.647368E+00  0.181051E+04
    42  38 0.220000E+01  -.146797E+00  0.100000E+11
    42  39 -.103613E+00  -.150249E+00  0.186258E+03
    42  40 0.598992E+00  -.320314E+00  0.199458E+03
    42  41 -.743390E-02  0.468972E+00  0.146374E+03
    42  42 -.116358E+01  -.500000E+00  0.709817E+03
    42  43 -.294685E+00  -.140360E-01  0.276539E+03
    42  44 0.146167E+01  0.264960E-01  0.166149E+05
    42  45 0.110252E+00  0.361257E+00  0.104083E+03
    42  46 -.719667E+00  0.898645E+00  0.508953E+03
    42  47 -.716752E+00  -.236791E+00  0.507149E+03
    42  48 -.130307E+01  0.117850E+01  0.753481E+03
    42  49 -.112161E+01  0.430014E+00  0.695033E+03
    42  50 0.106746E+01  0.587611E+00  0.396579E+04
    43   1 0.676074E+00  0.203245E+00  0.273005E+03
    43   2 0.867309E+00  0.351357E+00  0.224515E+04
    43   3 -.903298E-01  -.226080E+00  0.180518E+03
    43   4 0.122566E+00  -.232361E+00  0.100126E+03
    43   5 0.564069E+00  -.369270E-01  0.153621E+03
    43   6 -.955431E+00  -.215748E-01  0.627052E+03
    43   7 0.717433E+00  -.217833E+00  0.464344E+03
    43   8 -.880287E+00  0.107405E+01  0.591927E+03
    43   9 0.129929E+00  0.410500E+00  0.978688E+02
    43  10 -.350000E+00  0.115855E+01  0.181175E+04
    43  11 0.220000E+01  -.463814E+00  0.528082E+06
    43  12 0.881300E+00  -.500000E+00  0.135199E+04
    43  13 -.450701E+00  0.117089E+00  0.359496E+03
    43  14 0.104314E+01  0.233376E+00  0.348106E+04
    43  15 0.153504E+01  0.782291E+00  0.225050E+05
    43  16 -.198160E+01  -.213679E+00  0.857544E+03
    43  17 0.663209E+00  -.908882E-02  0.314804E+03
    43  18 -.201338E+01  -.114134E+00  0.859717E+03
    43  19 -.350000E+00  0.746470E+00  0.305236E+03
    43  20 -.350000E+00  0.667771E+00  0.305198E+03
    43  21 0.186833E+01  -.500000E+00  0.114199E+06
    43  22 -.227891E+01  0.610427E+00  0.872992E+03
    43  23 0.503778E+00  -.890099E-01  0.102458E+03
    43  24 -.485850E+00  0.606619E+00  0.378957E+03
    43  25 0.252472E+00  0.825475E+00  0.164374E+04
    43  26 0.137922E+01  0.885718E+00  0.115489E+05
    43  27 -.108450E+01  0.525880E+00  0.680976E+03
    43  28 -.702575E+00  0.386712E+00  0.499462E+03
    43  29 -.336134E+00  0.749662E-01  0.298072E+03
    43  30 -.225565E+01  0.652862E+00  0.872108E+03
    43  31 0.979432E+00  0.643415E+00  0.312929E+04
    43  32 0.735135E+00  0.750000E+00  0.251203E+04
    43  33 -.277423E+00  0.410868E+00  0.267875E+03
    43  34 -.147588E-01  0.120024E-01  0.149329E+03
    43  35 0.281303E+00  0.232856E+00  0.625638E+02
    43  36 0.360937E+00  0.750000E+00  0.165020E+04
    43  37 -.808937E+00  -.588101E-01  0.555982E+03
    43  38 -.350000E+00  -.181389E+00  0.305276E+03
    43  39 0.689179E+00  -.102043E+00  0.380998E+03
    43  40 0.771778E+00  0.929686E+00  0.252418E+04
    43  41 -.643956E+00  0.129327E+00  0.467278E+03
    43  42 0.138642E+01  0.294207E+00  0.118140E+05
    43  43 0.220000E+01  0.747752E+00  0.535613E+06
    43  44 0.131893E+01  -.200780E+00  0.970877E+04
    43  45 0.171317E+01  0.320257E+00  0.511908E+05
    43  46 -.316808E+00  -.159970E+00  0.288031E+03
    43  47 0.481148E+00  -.295683E+00  0.890682E+02
    43  48 0.106760E+01  0.156985E+01  0.398956E+04
    43  49 -.317705E-01  0.396465E+00  0.156098E+03
    43  50 0.591306E+00  0.547565E+00  0.148131E+04
    44   1 0.195957E+01  0.887808E+00  0.159776E+06
    44   2 0.140676E+01  0.391951E-01  0.131261E+05
    44   3 0.100620E+01  0.102392E+01  0.346713E+04
    44   4 0.220000E+01  -.500000E+00  0.523154E+06
    44   5 -.771635E+00  -.331060E+00  0.536574E+03
    44   6 0.124458E+01  0.146728E+00  0.131582E+05
    44   7 0.126018E+01  0.812073E-01  0.719300E+04
    44   8 0.425954E+00  0.123899E+01  0.240231E+04
    44   9 -.518908E+00  0.411436E+00  0.397247E+03
    44  10 -.221286E+01  0.125953E+00  0.870388E+03
    44  11 -.350000E+00  -.500000E+00  0.305319E+03
    44  12 0.185881E+00  0.750000E+00  0.367121E+03
    44  13 0.106098E+01  -.226406E-01  0.280742E+04
    44  14 0.101518E+01  0.314976E+00  0.339584E+04
    44  15 -.682292E+00  0.142586E+01  0.255092E+04
    44  16 0.222222E+00  0.318764E+00  0.730628E+02
    44  17 0.295892E-01  0.450153E+00  0.131282E+03
    44  18 0.796347E-01  -.692195E-01  0.114415E+03
    44  19 -.175391E+01  0.578168E+00  0.836710E+03
    44  20 -.238815E+01  0.523469E+00  0.876555E+03
    44  21 0.192298E+01  0.563878E+00  0.139223E+06
    44  22 -.178601E+01  0.585054E+00  0.840323E+03
    44  23 0.220000E+01  -.500000E+00  0.540303E+06
    44  24 -.123574E+01  0.170119E+00  0.733232E+03
    44  25 0.229845E+00  0.123036E+01  0.243014E+04
    44  26 -.292500E+00  0.145281E+00  0.275672E+03
    44  27 0.130156E+01  -.500000E+00  0.134867E+05
    44  28 -.584015E+00  -.128334E+00  0.433824E+03
    44  29 0.140415E+01  -.500000E+00  0.209447E+05
    44  30 -.225052E+01  0.355666E+00  0.871966E+03
    44  31 0.175236E+01  -.500000E+00  0.638993E+05
    44  32 0.592368E+00  0.153985E+01  0.242484E+04
    44  33 -.628002E+00  0.883408E+00  0.458396E+03
    44  34 0.479826E+00  0.592767E-02  0.882528E+02
    44  35 0.148297E+00  0.696848E+00  0.148044E+03
    44  36 0.848912E+00  0.857886E+00  0.274785E+04
    44  37 -.551836E-01  -.607541E-02  0.165695E+03
    44  38 -.167420E+01  0.358726E+00  0.826771E+03
    44  39 0.325770E+00  0.501346E+00  0.417195E+02
    44  40 0.719952E+00  0.126818E+01  0.251323E+04
    44  41 -.618837E+00  -.500000E+00  0.453150E+03
    44  42 0.220000E+01  0.316135E+00  0.573961E+06
    44  43 -.350000E+00  0.121001E+01  0.228141E+04
    44  44 0.801334E-01  -.500000E+00  0.114152E+03
    44  45 0.326926E+00  0.821119E+00  0.201159E+04
    44  46 0.955577E+00  -.500000E+00  0.210827E+04
    44  47 0.138640E+01  0.234845E+00  0.120756E+05
    44  48 0.179630E+01  0.401685E+00  0.127585E+06
    44  49 0.114009E+01  -.500000E+00  0.597980E+04
    44  50 -.510100E+00  0.528859E+00  0.392389E+03
    45   1 0.248515E+00  0.102432E+01  0.238931E+04
    45   2 0.141824E+01  -.142718E+00  0.136449E+05
    45   3 0.273132E+00  0.129222E+01  0.242136E+04
    45   4 -.350000E+00  0.750000E+00  0.305238E+03
    45   5 -.198099E-01  0.505601E+00  0.151309E+03
    45   6 0.220000E+01  0.542138E+00  0.487010E+06
    45   7 0.511307E+00  0.480829E+00  0.320962E+03
    45   8 0.102565E+01  0.155367E+00  0.285701E+04
    45   9 -.497087E+00  -.444229E+00  0.385012E+03
    45  10 0.337142E+00  -.500000E+00  0.581118E+02
    45  11 -.141816E+01  0.795283E-01  0.781338E+03
    45  12 -.375006E+00  0.733309E+00  0.318762E+03
    45  13 0.885074E+00  0.131261E+00  0.110800E+04
    45  14 -.403504E+00  0.806035E+00  0.333723E+03
    45  15 -.180119E+01  0.105111E+01  0.841934E+03
    45  16 0.220000E+01  0.100928E+01  0.513615E+06
    45  17 -.143882E+00  0.973044E+00  0.715262E+03
    45  18 0.220000E+01  0.233443E+00  0.524367E+06
    45  19 -.824488E+00  0.360428E+00  0.563885E+03
    45  20 -.733398E+00  0.413513E+00  0.516198E+03
    45  21 -.627023E+00  0.955048E+00  0.457971E+03
    45  22 0.394301E+00  0.270310E+00  0.589763E+02
    45  23 -.350000E+00  0.750000E+00  0.305239E+03
    45  24 0.286300E+00  0.435714E+00  0.527142E+02
    45  25 0.287645E+00  0.279007E+00  0.612678E+02
    45  26 -.890243E+00  -.500000E+00  0.596644E+03
    45  27 0.955317E+00  0.750000E+00  0.312697E+04
    45  28 0.114962E+01  0.102661E+00  0.468600E+04
    45  29 0.132527E+01  0.526602E+00  0.762420E+04
    45  30 0.299479E+00  -.982676E-02  0.604602E+02
    45  31 0.689243E+00  0.750000E+00  0.245677E+04
    45  32 -.543246E-01  0.682911E+00  0.162407E+03
    45  33 0.475370E+00  0.811630E+00  0.233573E+04
    45  34 0.596625E+00  0.358017E+00  0.211565E+03
    45  35 0.139408E+00  0.767070E+00  0.399415E+03
    45  36 0.385872E+00  0.659871E+00  0.952571E+03
    45  37 0.898531E+00  0.896634E+00  0.291337E+04
    45  38 0.875795E+00  0.117607E+01  0.283433E+04
    45  39 -.252017E-01  0.112179E+01  0.239165E+04
    45  40 0.856739E-02  0.181848E-01  0.140171E+03
    45  41 0.780003E+00  0.750000E+00  0.259084E+04
    45  42 -.217366E+00  -.456234E-01  0.238358E+03
    45  43 -.205124E+01  0.873358E+00  0.862121E+03
    45  44 -.813836E+00  0.427301E+00  0.558561E+03
    45  45 -.116211E+01  0.968718E+00  0.709351E+03
    45  46 0.140355E+01  0.750000E+00  0.126272E+05
    45  47 0.400741E+00  0.871537E+00  0.231214E+04
    45  48 -.396396E+00  -.500000E+00  0.329825E+03
    45  49 0.543835E+00  0.750000E+00  0.227999E+04
    45  50 -.100125E+01  0.543702E+00  0.647124E+03
    46   1 -.128110E+01  0.292654E+00  0.746738E+03
    46   2 -.126826E+00  0.874630E-01  0.196476E+03
    46   3 -.624892E+00  0.760257E+00  0.456477E+03
    46   4 -.214788E+01  0.127735E+01  0.874949E+03
    46   5 0.101309E+01  0.129581E+01  0.352264E+04
    46   6 -.350000E+00  0.878169E+00  0.305230E+03
    46   7 -.291939E+00  0.895859E+00  0.278419E+03
    46   8 0.763503E+00  -.272266E+00  0.635508E+03
    46   9 0.109764E+01  -.283962E+00  0.467514E+04
    46  10 0.220000E+01  0.750000E+00  0.519117E+06
    46  11 -.186171E+00  0.213706E+00  0.223578E+03
    46  12 -.415852E-02  -.475786E+00  0.145170E+03
    46  13 0.613129E-01  0.402059E+00  0.120930E+03
    46  14 0.967816E-01  0.806631E+00  0.481797E+03
    46  15 0.748806E+00  -.198889E+00  0.575624E+03
    46  16 -.350000E+00  0.121256E+01  0.229546E+04
    46  17 0.674613E+00  0.598710E+00  0.224017E+04
    46  18 -.350000E+00  0.101545E+01  0.417959E+03
    46  19 0.172551E+01  0.454460E+00  0.547388E+05
    46  20 0.181660E+01  0.420940E+00  0.828178E+05
    46  21 -.130820E+01  0.545679E+00  0.754291E+03
    46  22 0.220000E+01  0.276494E+00  0.507304E+06
    46  23 -.230306E+01  0.170088E+01  0.258144E+04
    46  24 0.177488E+01  0.676175E+00  0.693904E+05
    46  25 0.445446E+00  -.500000E+00  0.737005E+02
    46  26 -.824879E+00  0.591053E+00  0.564184E+03
    46  27 0.206798E-01  0.116604E+01  0.244731E+04
    46  28 0.899241E+00  0.685736E+00  0.289044E+04
    46  29 0.472595E+00  0.515019E+00  0.349689E+03
    46  30 0.220000E+01  -.250269E+00  0.676280E+08
    46  31 -.123554E+01  0.605580E+00  0.733219E+03
    46  32 -.334147E+00  -.500000E+00  0.296838E+03
    46  33 0.113398E+01  0.275053E+00  0.463443E+04
    46  34 0.512696E+00  0.255777E+00  0.916000E+02
    46  35 0.421629E+00  0.388388E+00  0.450674E+02
    46  36 -.120843E+00  0.303903E+00  0.193726E+03
    46  37 0.120721E+01  0.132318E+01  0.601736E+04
    46  38 0.192905E+01  0.170837E+01  0.138583E+06
    46  39 0.169965E-01  0.593274E+00  0.135294E+03
    46  40 -.107534E+00  0.593445E-01  0.187949E+03
    46  41 0.123497E+01  0.880741E+00  0.658420E+04
    46  42 -.189584E+01  -.239619E+00  0.850898E+03
    46  43 0.230689E+00  0.739571E-01  0.712660E+02
    46  44 -.697941E-03  0.571444E+00  0.143424E+03
    46  45 -.388165E+00  0.798103E+00  0.325528E+03
    46  46 0.255309E+00  0.493339E+00  0.546932E+02
    46  47 -.591958E+00  0.116350E+01  0.792304E+03
    46  48 -.140854E+01  0.750000E+00  0.779316E+03
    46  49 -.392718E+00  0.118059E+01  0.188810E+04
    46  50 0.626816E+00  0.566757E+00  0.188099E+04
    47   1 0.672010E+00  -.136308E+00  0.337552E+03
    47   2 -.128778E+01  0.350367E+00  0.748629E+03
    47   3 -.294260E+00  0.194843E+00  0.276459E+03
    47   4 -.185353E+01  0.674404E+00  0.847092E+03
    47   5 0.112515E+01  0.890134E+00  0.450004E+04
    47   6 -.178890E+01  0.546631E+00  0.840577E+03
    47   7 0.105926E+00  0.370074E+00  0.105616E+03
    47   8 -.220803E+00  -.375793E+00  0.240018E+03
    47   9 0.134650E+01  0.249007E+00  0.102353E+05
    47  10 -.112922E+00  0.128366E+01  0.248785E+04
    47  11 0.164941E+01  -.461010E+00  0.507128E+05
    47  12 0.478678E+00  -.500000E+00  0.878181E+02
    47  13 -.288441E+00  0.406934E+00  0.273418E+03
    47  14 0.650585E+00  0.981793E-01  0.274259E+03
    47  15 0.220000E+01  -.500000E+00  0.523153E+06
    47  16 -.172376E+01  0.342876E+00  0.833219E+03
    47  17 0.898660E+00  0.702027E-01  0.115348E+04
    47  18 -.108588E+01  0.884371E+00  0.681518E+03
    47  19 0.205030E+01  0.584793E+00  0.242591E+04
    47  20 0.220000E+01  0.641467E+00  0.235774E+07
    47  21 0.122128E+01  -.500000E+00  0.914841E+04
    47  22 -.350000E+00  0.399241E+00  0.305347E+03
    47  23 -.258628E+00  0.450884E+00  0.258507E+03
    47  24 0.220000E+01  0.739014E+00  0.537280E+06
    47  25 0.344405E+00  0.750000E+00  0.154061E+04
    47  26 0.885035E+00  0.148755E+01  0.286924E+04
    47  27 -.429952E+00  -.839553E-01  0.348108E+03
    47  28 -.538137E-01  0.104908E+01  0.201979E+04
    47  29 -.499992E+00  0.185889E+00  0.386754E+03
    47  30 -.350000E+00  0.528009E+00  0.305247E+03
    47  31 0.577311E+00  -.142559E+00  0.172516E+03
    47  32 0.477437E+00  0.750000E+00  0.216741E+04
    47  33 0.393463E+00  0.268718E+00  0.586247E+02
    47  34 -.109682E+00  -.237901E+00  0.188907E+03
    47  35 0.496738E+00  0.168200E+00  0.955277E+02
    47  36 0.172969E+00  -.397191E+00  0.852778E+02
    47  37 -.574874E-01  0.731837E-01  0.166645E+03
    47  38 0.417903E+00  0.118845E+01  0.240208E+04
    47  39 0.479779E+00  0.166795E-01  0.100000E+11
    47  40 0.541830E+00  0.598113E+00  0.155370E+04
    47  41 0.511678E+00  -.859009E-01  0.107941E+03
    47  42 0.252819E+00  0.420909E+00  0.627961E+02
    47  43 0.220000E+01  -.449211E-01  0.510148E+06
    47  44 0.133217E+01  0.111539E+00  0.132793E+05
    47  45 0.159740E+01  0.225128E+00  0.305983E+05
    47  46 -.760785E+00  0.264363E+00  0.530917E+03
    47  47 -.116518E+01  -.864982E-01  0.710282E+03
    47  48 0.204836E+00  0.180608E+01  0.244151E+04
    47  49 -.771933E+00  0.306401E+00  0.536761E+03
    47  50 0.140808E+01  0.551083E+00  0.243889E+04
    48   1 0.195691E+01  0.507429E+00  0.159298E+06
    48   2 -.114811E+01  -.360096E+00  0.704512E+03
    48   3 0.453727E+00  0.416313E+00  0.523071E+02
    48   4 0.696466E+00  -.354296E+00  0.401186E+03
    48   5 0.608298E+00  -.308070E+00  0.213185E+03
    48   6 0.648416E+00  0.210546E+00  0.229469E+03
    48   7 0.835063E+00  0.103210E+00  0.804646E+03
    48   8 -.106810E+01  0.874207E+00  0.674598E+03
    48   9 -.274097E+00  0.629027E+00  0.266412E+03
    48  10 -.112213E+01  0.368254E+00  0.695193E+03
    48  11 0.601723E+00  -.862517E-01  0.203417E+03
    48  12 0.655945E+00  0.750000E+00  0.241262E+04
    48  13 0.237989E+00  0.233632E+00  0.726120E+02
    48  14 0.485394E+00  -.720626E-02  0.914078E+02
    48  15 -.350000E+00  0.750000E+00  0.305238E+03
    48  16 0.826243E+00  -.302398E+00  0.956418E+03
    48  17 0.110213E+00  -.482152E-02  0.104130E+03
    48  18 -.544621E+00  0.714142E-01  0.411725E+03
    48  19 0.321801E+00  0.623886E+00  0.297322E+03
    48  20 -.350000E+00  0.671908E+00  0.305324E+03
    48  21 0.220000E+01  0.532208E+00  0.457075E+06
    48  22 -.234846E+01  0.681203E+00  0.875363E+03
    48  23 0.220000E+01  -.500000E+00  0.523153E+06
    48  24 -.350000E+00  0.350910E+00  0.305282E+03
    48  25 0.226817E+00  0.139878E+01  0.243421E+04
    48  26 0.137758E+01  0.237548E+00  0.123864E+05
    48  27 0.923944E+00  -.500000E+00  0.175102E+04
    48  28 -.210698E+00  0.975894E+00  0.494100E+03
    48  29 -.468596E+00  -.386676E+00  0.369241E+03
    48  30 -.164369E+01  0.602103E+00  0.822504E+03
    48  31 0.202379E+01  -.418487E+00  0.239790E+06
    48  32 0.911995E+00  0.170591E+01  0.297052E+04
    48  33 -.457465E+00  0.381008E+00  0.363156E+03
    48  34 0.210380E+00  0.874981E-01  0.757847E+02
    48  35 0.341199E+00  0.735553E+00  0.140753E+04
    48  36 0.604876E+00  -.303817E+00  0.208960E+03
    48  37 -.771884E+00  -.500000E+00  0.536793E+03
    48  38 -.112387E+01  -.615548E-01  0.695717E+03
    48  39 0.833302E+00  0.377653E+00  0.212184E+04
    48  40 0.872732E+00  0.820387E+00  0.282340E+04
    48  41 -.686749E+00  -.500000E+00  0.490866E+03
    48  42 0.220000E+01  0.105912E+01  0.505619E+06
    48  43 -.350000E+00  0.525264E+00  0.305373E+03
    48  44 0.165518E+01  -.500000E+00  0.457877E+05
    48  45 0.198396E+01  0.658409E+00  0.241621E+04
    48  46 0.129963E+01  0.314834E+00  0.843971E+04
    48  47 0.650444E+00  -.500000E+00  0.289340E+03
    48  48 0.189003E+01  0.168573E+01  0.117589E+06
    48  49 0.169279E+00  -.500000E+00  0.863122E+02
    48  50 0.426056E+00  0.533141E+00  0.274537E+03
    49   1 0.220000E+01  0.107621E+01  0.505644E+06
    49   2 0.118242E+01  -.500000E+00  0.748293E+04
    49   3 0.107175E+01  0.699989E+00  0.386141E+04
    49   4 0.220000E+01  -.500000E+00  0.542785E+06
    49   5 -.178849E+00  -.500000E+00  0.220150E+03
    49   6 0.220000E+01  0.139438E+00  0.511856E+06
    49   7 0.974414E+00  0.700469E+00  0.324432E+04
    49   8 0.799475E+00  0.142093E+01  0.263821E+04
    49   9 -.120067E+01  0.144783E+00  0.722203E+03
    49  10 0.600872E+00  -.500000E+00  0.202007E+03
    49  11 -.862654E+00  0.250116E+00  0.583136E+03
    49  12 0.575903E+00  0.264433E+00  0.128712E+03
    49  13 0.883443E+00  0.179108E-02  0.118677E+04
    49  14 0.434560E-01  0.102963E+01  0.220407E+04
    49  15 -.216410E+01  0.159684E+01  0.258122E+04
    49  16 0.220000E+01  -.389562E-01  0.491367E+06
    49  17 -.357465E+00  0.859999E+00  0.309050E+03
    49  18 0.618538E+00  -.418737E+00  0.229670E+03
    49  19 -.151119E+01  0.562904E+00  0.800649E+03
    49  20 -.151146E+01  0.322698E+00  0.800698E+03
    49  21 -.350000E+00  0.105233E+01  0.593858E+03
    49  22 -.117066E+01  0.339105E+00  0.712296E+03
    49  23 -.350000E+00  0.750000E+00  0.305238E+03
    49  24 -.228749E+01  0.191311E+00  0.873164E+03
    49  25 0.223618E+00  0.224233E+00  0.727909E+02
    49  26 0.394962E+00  -.500000E+00  0.615480E+02
    49  27 0.986177E+00  0.620986E+00  0.333545E+04
    49  28 0.443646E+00  0.366932E+00  0.642071E+02
    49  29 0.976106E+00  -.500000E+00  0.238602E+04
    49  30 0.906315E+00  0.556339E+00  0.289265E+04
    49  31 0.585883E+00  -.229326E+00  0.180081E+03
    49  32 -.280424E-01  0.149258E+01  0.248666E+04
    49  33 0.244286E+00  0.696515E+00  0.394195E+03
    49  34 0.746540E+00  -.101899E+00  0.564760E+03
    49  35 0.184127E+00  0.853525E+00  0.132894E+04
    49  36 0.593291E+00  0.372458E+00  0.139745E+03
    49  37 -.790423E+00  0.367675E+00  0.546419E+03
    49  38 -.253366E+00  -.500000E+00  0.255924E+03
    49  39 0.384541E-01  0.957733E+00  0.163494E+04
    49  40 0.577621E+00  0.502935E+00  0.798028E+03
    49  41 -.392390E+00  0.750000E+00  0.328023E+03
    49  42 -.350000E+00  0.742736E+00  0.305230E+03
    49  43 -.223970E+01  0.574306E+00  0.871499E+03
    49  44 0.812627E+00  0.750000E+00  0.264951E+04
    49  45 -.566039E+00  0.930819E+00  0.423711E+03
    49  46 0.198886E+01  0.666575E+00  0.658629E+05
    49  47 0.191511E+01  0.591307E+00  0.123969E+06
    49  48 0.168060E+01  0.727357E+00  0.100000E+11
    49  49 0.119732E+01  0.750000E+00  0.578569E+04
    49  50 -.924852E+00  0.543052E+00  0.613019E+03
    50   1 -.350000E+00  0.131598E+01  0.251135E+04
    50   2 0.220000E+01  0.750000E+00  0.527532E+06
    50   3 0.594706E+00  0.433373E+00  0.523703E+03
    50   4 -.350000E+00  0.750000E+00  0.305238E+03
    50   5 -.190834E+00  0.750000E+00  0.225030E+03
    50   6 -.350000E+00  0.555523E+00  0.305370E+03
    50   7 0.429492E+00  0.673531E+00  0.142927E+04
    50   8 0.156126E+01  0.408642E+00  0.255900E+05
    50   9 -.784887E+00  -.500000E+00  0.543607E+03
    50  10 0.200543E+01  0.750000E+00  0.100000E+11
    50  11 0.853580E+00  0.258568E+00  0.146343E+04
    50  12 0.467356E+00  -.500000E+00  0.823985E+02
    50  13 0.108787E+01  0.159380E+00  0.369301E+04
    50  14 0.206632E+00  0.602127E+00  0.736767E+02
    50  15 -.322301E+00  0.928054E+00  0.298957E+03
    50  16 -.350000E+00  0.877406E+00  0.305313E+03
    50  17 -.165173E-01  0.116341E+01  0.244389E+04
    50  18 0.115491E+01  0.728919E+00  0.506654E+04
    50  19 0.173053E-01  0.467707E+00  0.136781E+03
    50  20 -.175327E-01  0.388505E+00  0.150351E+03
    50  21 -.176542E+01  -.197668E+00  0.838061E+03
    50  22 0.137934E+01  0.259665E+00  0.115694E+05
    50  23 -.174492E+01  0.120348E+01  0.836265E+03
    50  24 -.110129E+01  0.404205E+00  0.687460E+03
    50  25 0.282894E+00  -.500000E+00  0.623340E+02
    50  26 -.668804E+00  0.750000E+00  0.480955E+03
    50  27 0.336313E+00  0.143002E+01  0.241544E+04
    50  28 0.911380E+00  -.111167E+00  0.156013E+04
    50  29 0.159887E+01  0.750000E+00  0.100000E+11
    50  30 0.220000E+01  0.418092E+00  0.535205E+06
    50  31 -.114656E+01  0.426778E+00  0.703968E+03
    50  32 -.756251E-01  0.242584E+00  0.174323E+03
    50  33 0.108126E+01  0.539232E+00  0.411014E+04
    50  34 0.681938E+00  0.112083E+00  0.330595E+03
    50  35 0.240452E+00  0.606703E+00  0.856733E+02
    50  36 -.111621E+00  0.691431E+00  0.189011E+03
    50  37 0.847499E+00  0.118879E+01  0.275000E+04
    50  38 0.150486E+01  0.750000E+00  0.193112E+05
    50  39 -.269581E+00  0.695288E+00  0.263897E+03
    50  40 -.133602E+00  0.140955E+00  0.199599E+03
    50  41 0.134240E+01  0.107561E+01  0.977355E+04
    50  42 -.215049E+01  -.169002E+00  0.867509E+03
    50  43 0.198832E+00  0.360683E+00  0.785177E+02
    50  44 -.412294E+00  0.261391E+00  0.338500E+03
    50  45 -.188601E+01  0.868138E+00  0.850016E+03
    50  46 -.561139E+00  0.887254E+00  0.420985E+03
    50  47 -.327724E+00  0.127734E+01  0.248811E+04
    50  48 0.346431E+00  -.500000E+00  0.580376E+02
    50  49 0.136968E+01  0.167743E+01  0.110906E+05
    50  50 0.679842E+00  0.582561E+00  0.220555E+04
    51   1 -.176208E+01  0.118936E+00  0.837683E+03
    51   2 -.350000E+00  0.648845E+00  0.305162E+03
    51   3 -.391100E+00  0.296992E+00  0.326990E+03
    51   4 -.134981E+01  0.156998E+01  0.257670E+04
    51   5 0.736308E+00  0.148718E+01  0.253376E+04
    51   6 -.178302E+01  0.329416E+00  0.840051E+03
    51   7 -.138205E+00  0.176690E+00  0.201571E+03
    51   8 -.393415E+00  -.325493E+00  0.328279E+03
    51   9 0.633640E-01  0.750000E+00  0.171335E+03
    51  10 0.204023E+01  -.588446E-02  0.248117E+06
    51  11 0.187808E+01  -.170299E+00  0.114351E+06
    51  12 0.280536E+00  0.738810E+00  0.963579E+03
    51  13 -.475565E-01  0.738916E+00  0.160195E+03
    51  14 0.528796E+00  0.126634E+00  0.120822E+03
    51  15 0.220000E+01  -.261698E+00  0.520255E+06
    51  16 -.222244E+01  0.880175E+00  0.870748E+03
    51  17 0.812987E+00  0.699213E+00  0.261679E+04
    51  18 -.110549E+00  0.115525E+01  0.239492E+04
    51  19 0.163498E+01  0.466475E+00  0.355123E+05
    51  20 0.215453E+01  0.815693E+00  0.413764E+06
    51  21 0.336473E+00  -.500000E+00  0.581339E+02
    51  22 0.220000E+01  0.319948E+00  0.476850E+06
    51  23 0.805077E+00  0.504405E+00  0.246259E+04
    51  24 0.144871E+01  0.696330E+00  0.155282E+05
    51  25 0.389417E+00  0.750000E+00  0.181139E+04
    51  26 -.293960E+00  0.104410E+01  0.713125E+03
    51  27 -.350486E+00  0.508743E+00  0.305401E+03
    51  28 0.403356E+00  0.299580E+00  0.568232E+02
    51  29 0.131023E+01  0.151679E+01  0.868666E+04
    51  30 -.350000E+00  0.300450E+00  0.305323E+03
    51  31 0.484569E+00  0.280668E+00  0.748080E+02
    51  32 0.650642E+00  -.300125E+00  0.289972E+03
    51  33 0.145916E+01  0.348857E+00  0.166733E+05
    51  34 0.844426E-01  0.517245E+00  0.111556E+03
    51  35 0.386556E+00  0.147267E+00  0.604759E+02
    51  36 -.392947E+00  0.450467E+00  0.328055E+03
    51  37 0.140515E+01  0.533754E+00  0.100000E+11
    51  38 0.102488E+01  0.152972E+01  0.360874E+04
    51  39 0.163301E+00  0.232755E+00  0.880558E+02
    51  40 0.173567E-01  0.144585E+00  0.136870E+03
    51  41 0.544845E+00  -.174391E+00  0.135259E+03
    51  42 0.399509E+00  0.113892E+00  0.623375E+02
    51  43 0.220000E+01  0.206641E+00  0.530169E+06
    51  44 -.417351E+00  -.500000E+00  0.341154E+03
    51  45 0.663986E+00  0.865215E-01  0.333701E+03
    51  46 -.108563E+01  0.676372E+00  0.681470E+03
    51  47 -.118229E+01  0.127165E+01  0.797877E+03
    51  48 -.929657E+00  0.424453E+00  0.615186E+03
    51  49 0.198501E+00  0.427430E+00  0.766744E+02
    51  50 0.141009E+01  0.605972E+00  0.131760E+05
    52   1 -.170751E+00  -.500000E+00  0.216391E+03
    52   2 -.234577E+01  -.115320E+00  0.874749E+03
    52   3 -.412799E+00  0.553446E+00  0.338683E+03
    52   4 -.635920E+00  0.885919E+00  0.462860E+03
    52   5 0.101043E+01  0.472749E+00  0.346997E+04
    52   6 -.552236E-01  0.995753E-01  0.165785E+03
    52   7 0.413556E+00  0.261125E+00  0.613924E+02
    52   8 -.103934E+01  0.558963E+00  0.663092E+03
    52   9 0.155329E+01  0.986808E+00  0.251010E+05
    52  10 -.509768E+00  -.500000E+00  0.392206E+03
    52  11 0.150009E+01  0.869166E-01  0.197431E+05
    52  12 0.221354E+00  0.949962E+00  0.226265E+04
    52  13 -.738882E+00  0.806520E+00  0.519148E+03
    52  14 0.622435E+00  0.419151E+00  0.615104E+03
    52  15 -.350000E+00  -.228417E+00  0.305319E+03
    52  16 -.378893E+00  0.167272E+00  0.320626E+03
    52  17 0.561072E+00  -.117094E+00  0.152298E+03
    52  18 -.106130E+01  0.442267E+00  0.671978E+03
    52  19 0.837750E+00  0.566312E+00  0.259970E+04
    52  20 0.117053E+00  0.965295E+00  0.207195E+04
    52  21 0.220000E+01  0.750000E+00  0.531967E+06
    52  22 -.350000E+00  0.578265E+00  0.305398E+03
    52  23 0.220000E+01  -.500000E+00  0.523153E+06
    52  24 0.139091E+01  0.725198E+00  0.142647E+05
    52  25 0.363902E+00  0.167810E+01  0.241301E+04
    52  26 0.128709E+01  0.552396E+00  0.730845E+04
    52  27 -.291646E+00  -.500000E+00  0.275050E+03
    52  28 -.124707E+00  0.904016E+00  0.347000E+03
    52  29 -.677878E+00  0.568441E+00  0.486106E+03
    52  30 -.199984E+01  0.205669E+00  0.858876E+03
    52  31 0.177454E+01  0.172453E+00  0.675087E+05
    52  32 0.952707E+00  0.949875E+00  0.314978E+04
    52  33 0.133834E+00  0.286558E+00  0.959260E+02
    52  34 -.391033E+00  0.372685E+00  0.326977E+03
    52  35 0.444134E+00  0.574869E+00  0.599207E+03
    52  36 0.474651E+00  0.155054E+00  0.846470E+02
    52  37 0.182538E+00  -.135332E+00  0.827542E+02
    52  38 -.136438E+01  0.899328E+00  0.768816E+03
    52  39 0.829792E+00  0.153191E+00  0.783384E+03
    52  40 0.902855E+00  0.883555E+00  0.292368E+04
    52  41 -.475554E+00  -.500000E+00  0.373147E+03
    52  42 0.220000E+01  0.623045E+00  0.520449E+06
    52  43 -.350000E+00  0.360045E+00  0.305143E+03
    52  44 0.546423E+00  0.303577E+00  0.980116E+02
    52  45 0.220000E+01  0.783758E+00  0.454266E+06
    52  46 0.146437E+01  0.268557E+00  0.169456E+05
    52  47 -.475872E-02  0.216457E-01  0.145524E+03
    52  48 -.109021E+00  0.103075E+01  0.156088E+04
    52  49 -.497852E+00  -.500000E+00  0.385569E+03
    52  50 0.674103E+00  0.519640E+00  0.176395E+04
    53   1 0.198881E+01  0.750000E+00  0.602358E+07
    53   2 -.824198E-01  -.500000E+00  0.177166E+03
    53   3 0.929048E+00  0.599234E+00  0.302136E+04
    53   4 0.151143E+01  -.239033E+00  0.216043E+05
    53   5 -.319777E+00  -.500000E+00  0.289391E+03
    53   6 0.220000E+01  0.455928E+00  0.536723E+06
    53   7 0.890343E+00  0.616853E+00  0.285034E+04
    53   8 0.121508E+00  0.134942E+01  0.245561E+04
    53   9 -.194498E+00  -.263192E+00  0.227461E+03
    53  10 -.290000E+01  0.750000E+00  0.885347E+03
    53  11 0.390554E+00  -.130183E+00  0.609302E+02
    53  12 0.389348E+00  0.848627E+00  0.225886E+04
    53  13 -.610353E+00  0.150131E+00  0.448584E+03
    53  14 0.315127E+00  0.723544E+00  0.110495E+04
    53  15 -.239241E+01  0.710247E+00  0.876680E+03
    53  16 0.207632E+01  0.496836E-01  0.294712E+06
    53  17 -.958801E-01  0.256072E+00  0.182908E+03
    53  18 0.739421E+00  -.371728E+00  0.539732E+03
    53  19 -.171225E+01  0.498275E+00  0.831723E+03
    53  20 -.152473E+01  -.111387E+00  0.803191E+03
    53  21 -.350000E+00  0.154105E+01  0.253218E+04
    53  22 -.796395E+00  0.628314E+00  0.549415E+03
    53  23 -.350000E+00  0.453986E+00  0.305360E+03
    53  24 -.352998E+00  0.934931E-01  0.306905E+03
    53  25 0.311688E+00  0.428096E+00  0.487216E+02
    53  26 0.931532E+00  -.500000E+00  0.183244E+04
    53  27 0.147367E+00  0.347318E+00  0.926968E+02
    53  28 -.243341E+00  0.117924E+01  0.231523E+04
    53  29 -.110605E+01  -.500000E+00  0.689222E+03
    53  30 -.146261E+01  0.367318E+00  0.791166E+03
    53  31 0.202127E+01  0.737939E+00  0.733309E+07
    53  32 0.771681E+00  0.170600E+01  0.258775E+04
    53  33 -.845132E+00  0.619355E+00  0.574378E+03
    53  34 -.294448E+00  -.500000E+00  0.276474E+03
    53  35 0.153346E+00  0.856293E+00  0.129657E+04
    53  36 0.115883E+01  -.767099E-01  0.453339E+04
    53  37 -.663187E+00  -.415897E+00  0.477922E+03
    53  38 -.223944E+01  -.350672E+00  0.871495E+03
    53  39 0.910989E+00  0.761562E+00  0.293121E+04
    53  40 0.421094E+00  0.143616E+01  0.240567E+04
    53  41 -.585713E+00  0.272486E+00  0.434640E+03
    53  42 -.350000E+00  0.984945E+00  0.350549E+03
    53  43 -.212900E+01  0.672116E+00  0.866539E+03
    53  44 0.132614E+01  0.698792E+00  0.936671E+04
    53  45 -.350000E+00  0.112881E+01  0.141971E+04
    53  46 0.217274E+01  0.241921E+00  0.420290E+06
    53  47 0.147730E+01  -.500000E+00  0.273140E+05
    53  48 0.171639E+01  0.838771E-01  0.530149E+05
    53  49 0.116772E+01  0.630345E+00  0.526628E+04
    53  50 -.478563E+00  0.474483E+00  0.374865E+03
    54   1 0.890305E+00  0.152632E+01  0.288763E+04
    54   2 0.220000E+01  0.632667E+00  0.515603E+06
    54   3 0.134859E+01  0.404228E+00  0.236420E+05
    54   4 0.220000E+01  -.500000E+00  0.542782E+06
    54   5 -.919120E+00  0.334622E+00  0.610323E+03
    54   6 -.350000E+00  0.563601E+00  0.304988E+03
    54   7 0.212096E+00  0.740773E+00  0.529489E+03
    54   8 0.136238E+01  0.181578E+01  0.107662E+05
    54   9 -.127549E+01  -.500000E+00  0.745089E+03
    54  10 -.350000E+00  0.115076E+01  0.171520E+04
    54  11 -.685851E+00  0.368332E+00  0.490221E+03
    54  12 0.507382E+00  0.673502E+00  0.190530E+04
    54  13 0.109030E+01  -.352737E+00  0.450449E+04
    54  14 0.110305E+00  0.683884E+00  0.111752E+03
    54  15 -.204896E+01  0.978319E+00  0.861935E+03
    54  16 0.273713E-01  0.865207E+00  0.604349E+03
    54  17 -.129776E+00  0.114581E+01  0.235263E+04
    54  18 0.175072E+01  -.269038E-01  0.628396E+05
    54  19 -.287648E+01  0.453205E+00  0.885129E+03
    54  20 -.315072E+00  0.274345E+00  0.287159E+03
    54  21 -.919588E+00  0.386469E+00  0.610455E+03
    54  22 -.578764E+00  0.108095E+00  0.430858E+03
    54  23 -.984533E+00  0.131108E+01  0.163249E+04
    54  24 -.926425E+00  0.209686E+00  0.613616E+03
    54  25 0.263849E+00  -.500000E+00  0.651154E+02
    54  26 -.340870E+00  0.408961E+00  0.300551E+03
    54  27 0.927871E+00  0.895613E+00  0.303038E+04
    54  28 0.532727E+00  0.502536E+00  0.390456E+03
    54  29 0.111282E+01  0.655378E+00  0.449331E+04
    54  30 0.835737E+00  0.114323E+00  0.804984E+03
    54  31 -.528731E+00  0.667724E+00  0.402738E+03
    54  32 -.145902E+00  0.147798E+01  0.250561E+04
    54  33 0.974685E+00  0.782863E+00  0.326908E+04
    54  34 0.732701E+00  0.660474E+00  0.245169E+04
    54  35 0.223923E+00  0.105880E+01  0.240409E+04
    54  36 0.437360E+00  0.310764E+00  0.588995E+02
    54  37 0.166081E+00  0.455226E+00  0.853524E+02
    54  38 0.310558E+00  -.477464E+00  0.594106E+02
    54  39 -.422259E+00  0.927104E+00  0.344583E+03
    54  40 -.214289E+00  0.702744E+00  0.237299E+03
    54  41 0.384092E+00  0.424827E+00  0.387455E+02
    54  42 -.173747E+01  -.265055E+00  0.834865E+03
    54  43 -.216827E+00  0.557312E+00  0.237983E+03
    54  44 0.135399E+01  0.314727E+00  0.103785E+05
    54  45 -.132237E+01  -.162469E-01  0.758107E+03
    54  46 -.377257E+00  0.654208E+00  0.319585E+03
    54  47 0.293890E+00  0.500264E+00  0.450464E+02
    54  48 0.758361E+00  -.500000E+00  0.613617E+03
    54  49 0.126677E+01  0.452283E+00  0.739694E+04
    54  50 -.380379E+00  0.526401E+00  0.321274E+03
    55   1 -.874273E+00  0.150483E+01  0.256606E+04
    55   2 -.350000E+00  0.762359E+00  0.305395E+03
    55   3 0.431746E+00  0.313633E+00  0.578079E+02
    55   4 -.350000E+00  0.750000E+00  0.305238E+03
    55   5 0.163088E+01  0.124341E+01  0.348357E+05
    55   6 -.789985E+00  0.126982E+00  0.546110E+03
    55   7 -.239841E+00  0.442717E+00  0.249313E+03
    55   8 0.156483E+01  0.657777E+00  0.824164E+04
    55   9 0.127451E+01  0.274900E+00  0.770976E+04
    55  10 0.220000E+01  -.992396E-01  0.528440E+06
    55  11 -.420163E+00  0.572551E+00  0.342638E+03
    55  12 0.371962E+00  -.500000E+00  0.590129E+02
    55  13 0.220000E+01  0.230445E+00  0.513698E+06
    55  14 0.438899E+00  0.421118E+00  0.609194E+02
    55  15 0.501040E+00  0.216941E+00  0.957714E+02
    55  16 -.147521E+01  0.134456E+01  0.128997E+04
    55  17 0.259830E+00  0.106282E+01  0.240469E+04
    55  18 -.494795E+00  0.793435E+00  0.383804E+03
    55  19 -.643238E+00  0.459446E+00  0.466929E+03
    55  20 0.135007E+01  0.930350E+00  0.100950E+05
    55  21 0.606293E+00  -.500000E+00  0.210141E+03
    55  22 0.859050E+00  -.127180E+00  0.115418E+04
    55  23 -.277115E+00  0.105338E+01  0.871734E+03
    55  24 -.980597E+00  0.815889E+00  0.638169E+03
    55  25 0.297432E+00  0.291936E+00  0.602798E+02
    55  26 0.311027E-01  0.261854E+00  0.131738E+03
    55  27 0.769856E+00  0.810510E+00  0.257028E+04
    55  28 0.832822E+00  -.344589E+00  0.997259E+03
    55  29 0.104388E+01  0.797403E+00  0.368301E+04
    55  30 0.212783E+01  0.301928E+00  0.353964E+06
    55  31 -.853625E+00  0.817714E-01  0.578651E+03
    55  32 -.218370E+00  0.227979E+00  0.238801E+03
    55  33 0.203869E+01  0.753317E+00  0.238130E+06
    55  34 0.139591E+01  0.110862E+01  0.122708E+05
    55  35 0.494322E+00  -.191198E+00  0.964415E+02
    55  36 -.315431E+00  0.392531E+00  0.287107E+03
    55  37 0.102950E+01  0.123506E+01  0.365991E+04
    55  38 0.220000E+01  0.333521E+00  0.478315E+06
    55  39 -.848819E+00  0.389134E+00  0.576060E+03
    55  40 -.192113E-01  -.435989E+00  0.151171E+03
    55  41 0.126428E+01  0.666664E+00  0.724549E+04
    55  42 -.139104E+01  -.500000E+00  0.775222E+03
    55  43 0.189182E+01  0.875230E-01  0.117563E+06
    55  44 -.111434E+01  -.500000E+00  0.692300E+03
    55  45 -.135533E+01  0.193464E-01  0.766635E+03
    55  46 -.179985E+01  0.946929E+00  0.841818E+03
    55  47 -.805416E+00  0.147222E+01  0.256190E+04
    55  48 -.971183E+00  0.750000E+00  0.633995E+03
    55  49 -.573540E+00  -.500000E+00  0.427888E+03
    55  50 0.754116E+00  0.591963E+00  0.244643E+04
    56   1 -.834387E+00  0.254828E+00  0.568978E+03
    56   2 -.177642E+01  0.450134E+00  0.839277E+03
    56   3 -.442120E+00  0.357974E+00  0.354851E+03
    56   4 -.164332E+01  0.133583E+01  0.104991E+04
    56   5 0.143649E+01  0.261009E+00  0.149698E+05
    56   6 0.356593E+00  0.255881E+00  0.572991E+02
    56   7 0.119370E+00  0.153346E+00  0.101180E+03
    56   8 -.985167E+00  -.500000E+00  0.640131E+03
    56   9 0.188106E+01  0.798767E+00  0.109846E+06
    56  10 0.220000E+01  -.500000E+00  0.542780E+06
    56  11 0.555512E+00  0.250001E-01  0.145655E+03
    56  12 0.194986E+00  0.722848E+00  0.360633E+03
    56  13 -.350000E+00  0.804850E+00  0.305203E+03
    56  14 0.617050E+00  0.342098E+00  0.229020E+03
    56  15 0.220000E+01  -.500000E+00  0.542786E+06
    56  16 -.224928E+01  0.561408E+00  0.871893E+03
    56  17 0.654929E+00  0.176309E+00  0.251892E+03
    56  18 -.168499E+01  0.125816E+01  0.834160E+03
    56  19 0.190676E+01  0.514136E+00  0.130583E+06
    56  20 0.111321E+01  0.672974E+00  0.445545E+04
    56  21 0.152344E+01  0.481918E+00  0.220653E+05
    56  22 0.152361E+01  0.927694E+00  0.216895E+05
    56  23 0.159887E+01  -.196618E+00  0.392937E+05
    56  24 0.737622E+00  0.371385E+00  0.117869E+04
    56  25 0.370848E+00  0.121861E+01  0.240634E+04
    56  26 0.894674E+00  -.453249E+00  0.146858E+04
    56  27 -.215931E+00  0.313951E+00  0.237659E+03
    56  28 0.486201E+00  0.809915E-01  0.918409E+02
    56  29 -.978877E+00  0.763672E-01  0.637413E+03
    56  30 -.130759E+00  0.237949E+00  0.198190E+03
    56  31 0.117799E+01  -.299717E+00  0.100000E+11
    56  32 0.516398E+00  -.500000E+00  0.111291E+03
    56  33 0.446687E+00  0.312476E+00  0.600930E+02
    56  34 -.675235E+00  -.141377E+00  0.484616E+03
    56  35 0.362232E+00  -.110785E+00  0.583586E+02
    56  36 0.428424E+00  0.494447E+00  0.125579E+03
    56  37 0.551869E+00  0.479340E+00  0.457603E+03
    56  38 -.350000E+00  0.131220E+01  0.250991E+04
    56  39 0.170118E+01  0.220759E+00  0.499173E+05
    56  40 0.488464E+00  0.243361E-01  0.931039E+02
    56  41 0.949611E+00  0.781758E+00  0.314437E+04
    56  42 0.115896E+01  0.750000E+00  0.511766E+04
    56  43 0.220000E+01  -.151241E+00  0.100000E+11
    56  44 -.128926E+01  0.728347E+00  0.749062E+03
    56  45 0.105745E+00  0.482744E+00  0.105846E+03
    56  46 -.119025E+00  0.560304E+00  0.193008E+03
    56  47 0.601704E+00  0.359675E+00  0.218019E+03
    56  48 -.617874E+00  0.699492E+00  0.452585E+03
    56  49 -.954619E+00  0.750000E+00  0.626616E+03
    56  50 0.171891E+01  0.582533E+00  0.197308E+05
    57   1 0.825299E+00  -.500000E+00  0.951313E+03
    57   2 0.773576E+00  -.168850E+00  0.690541E+03
    57   3 -.121215E+00  0.623293E+00  0.193584E+03
    57   4 0.906682E+00  0.303197E+00  0.234078E+04
    57   5 0.362611E+00  -.213193E+00  0.584720E+02
    57   6 0.139409E+01  0.668328E+00  0.122114E+05
    57   7 0.675684E+00  0.868799E-01  0.327802E+03
    57   8 -.419361E+00  0.750000E+00  0.342200E+03
    57   9 0.141365E+01  0.258412E-01  0.135161E+05
    57  10 -.350000E+00  0.750000E+00  0.305238E+03
    57  11 0.122398E+01  -.845641E-01  0.698532E+04
    57  12 0.260442E+00  0.763868E+00  0.107672E+04
    57  13 -.185704E+01  0.381498E+00  0.847462E+03
    57  14 0.534214E+00  0.611557E+00  0.160433E+04
    57  15 -.350000E+00  0.374653E+00  0.305324E+03
    57  16 0.125711E-01  -.408382E+00  0.138765E+03
    57  17 0.426858E+00  -.352785E+00  0.680693E+02
    57  18 -.692957E+00  0.116081E+01  0.606800E+03
    57  19 0.122335E+01  0.547136E+00  0.641500E+04
    57  20 -.736615E+00  0.361518E+00  0.517999E+03
    57  21 -.119537E+00  0.209602E+00  0.193235E+03
    57  22 0.625401E+00  0.148995E+01  0.243863E+04
    57  23 0.198525E+01  -.292783E+00  0.183482E+06
    57  24 0.170270E+01  0.108138E+00  0.506866E+05
    57  25 0.328622E+00  0.525919E+00  0.553555E+02
    57  26 0.584644E+00  -.488229E+00  0.179571E+03
    57  27 -.419950E-01  -.500000E+00  0.160296E+03
    57  28 0.366974E-01  0.808888E+00  0.298542E+03
    57  29 -.140049E+01  -.369632E+00  0.777508E+03
    57  30 -.119182E+01  -.172818E-01  0.719407E+03
    57  31 0.220000E+01  0.175835E+00  0.519011E+06
    57  32 0.106068E+01  0.750000E+00  0.389970E+04
    57  33 -.134173E+01  0.491524E+00  0.763148E+03
    57  34 -.597058E+00  -.500000E+00  0.440925E+03
    57  35 0.215517E+00  0.899451E+00  0.232658E+04
    57  36 0.947739E+00  0.395787E+00  0.291247E+04
    57  37 -.236421E+00  -.203462E+00  0.247544E+03
    57  38 -.165906E+01  0.276995E+00  0.824684E+03
    57  39 0.220000E+01  0.392223E+00  0.498274E+06
    57  40 0.780366E+00  0.127434E+01  0.260077E+04
    57  41 -.402087E+00  0.421170E+00  0.332976E+03
    57  42 0.203608E+01  0.159837E+01  0.230286E+06
    57  43 -.350000E+00  0.231474E+00  0.305319E+03
    57  44 0.126074E+01  0.128341E+01  0.723139E+04
    57  45 0.164859E+01  0.109251E+01  0.375399E+05
    57  46 0.196726E+01  0.167118E+00  0.173342E+06
    57  47 0.126128E+01  -.454292E+00  0.118549E+05
    57  48 0.107841E+01  -.227581E+00  0.394157E+04
    57  49 0.558395E+00  0.994555E+00  0.238712E+04
    57  50 0.127076E+00  0.520988E+00  0.951313E+02
    58   1 0.102334E+01  0.750000E+00  0.361579E+04
    58   2 0.203831E+01  -.500000E+00  0.245044E+06
    58   3 0.115464E+01  0.511962E+00  0.506362E+04
    58   4 0.220000E+01  -.500000E+00  0.523153E+06
    58   5 -.676813E+00  0.668001E+00  0.485548E+03
    58   6 0.123825E+01  0.988124E+00  0.649074E+04
    58   7 0.758528E+00  0.419162E+00  0.100000E+11
    58   8 0.160942E+01  0.163488E+01  0.318392E+05
    58   9 -.316226E+00  -.500000E+00  0.287554E+03
    58  10 -.221835E+01  0.103001E+01  0.870574E+03
    58  11 -.611698E+00  0.435743E+00  0.449463E+03
    58  12 0.399874E+00  -.387555E+00  0.623138E+02
    58  13 0.692960E+00  -.103630E+00  0.391318E+03
    58  14 0.323967E+00  0.769518E+00  0.157917E+04
    58  15 -.196614E+01  0.778482E+00  0.856365E+03
    58  16 0.220000E+01  0.515751E-01  0.518756E+06
    58  17 0.118099E+00  0.266057E+00  0.101668E+03
    58  18 0.185704E+01  -.891884E-01  0.105100E+06
    58  19 -.132665E+01  0.487808E+00  0.759280E+03
    58  20 -.118488E+01  0.359947E+00  0.716957E+03
    58  21 -.827305E+00  -.664743E-01  0.565417E+03
    58  22 -.646816E+00  0.350701E+00  0.468697E+03
    58  23 0.156237E+01  0.831352E+00  0.252505E+05
    58  24 0.127650E+01  0.538567E+00  0.755590E+04
    58  25 0.257861E+00  -.186856E+00  0.661430E+02
    58  26 -.222081E-01  -.369760E+00  0.152367E+03
    58  27 0.621902E+00  0.664263E+00  0.225186E+04
    58  28 0.369879E+00  0.738809E+00  0.160518E+04
    58  29 0.648144E+00  -.243551E+00  0.284516E+03
    58  30 0.135818E+01  0.482287E+00  0.114829E+05
    58  31 -.350000E+00  0.105647E+01  0.622551E+03
    58  32 0.776381E+00  0.160273E+01  0.259599E+04
    58  33 0.987401E+00  0.693266E+00  0.331466E+04
    58  34 0.119824E+01  0.750000E+00  0.580361E+04
    58  35 0.306292E+00  0.146904E+01  0.242175E+04
    58  36 0.342984E+00  0.916120E-01  0.580589E+02
    58  37 -.464209E+00  0.616458E+00  0.366934E+03
    58  38 -.767328E+00  -.307949E+00  0.534392E+03
    58  39 -.350000E+00  0.768188E+00  0.305085E+03
    58  40 0.200195E+00  0.119405E+01  0.231881E+04
    58  41 -.590380E+00  0.102842E+00  0.437240E+03
    58  42 -.513920E+00  0.350142E+00  0.394408E+03
    58  43 -.176545E+01  0.685115E+00  0.838112E+03
    58  44 0.141480E+01  0.334107E-01  0.225100E+05
    58  45 0.220000E+01  0.644988E+00  0.530033E+06
    58  46 0.220000E+01  0.281761E+00  0.563399E+06
    58  47 0.116307E+01  -.500000E+00  0.675523E+04
    58  48 0.136843E+01  -.500000E+00  0.183957E+05
    58  49 0.173450E+01  0.231441E+00  0.578906E+05
    58  50 -.120469E+01  0.522697E+00  0.723510E+03
    59   1 -.149335E+00  0.161366E+01  0.250663E+04
    59   2 -.511691E+00  0.750000E+00  0.393379E+03
    59   3 0.463050E+00  0.286471E+00  0.681655E+02
    59   4 -.350000E+00  0.468590E+00  0.305274E+03
    59   5 -.664714E+00  0.101476E+01  0.479267E+03
    59   6 -.636403E+00  0.390938E+00  0.462904E+03
    59   7 -.490942E-01  0.780710E+00  0.170946E+03
    59   8 0.219964E+01  0.146939E+01  0.511206E+06
    59   9 -.103515E+01  0.750000E+00  0.661353E+03
    59  10 0.242635E+00  -.219994E+00  0.689235E+02
    59  11 -.347504E+00  0.850912E+00  0.304066E+03
    59  12 0.511613E+00  -.500000E+00  0.107778E+03
    59  13 0.220000E+01  -.257590E+00  0.530756E+06
    59  14 0.186812E+00  0.693826E+00  0.180889E+03
    59  15 0.583864E+00  0.752953E+00  0.231697E+04
    59  16 -.350000E+00  0.924464E+00  0.307841E+03
    59  17 0.193258E+00  0.127332E+01  0.243834E+04
    59  18 0.149120E+01  -.500000E+00  0.146669E+06
    59  19 -.177343E+01  0.423538E+00  0.838988E+03
    59  20 0.123763E+01  0.770843E+00  0.669101E+04
    59  21 0.187466E+00  -.500000E+00  0.814618E+02
    59  22 -.492344E+00  -.500000E+00  0.382371E+03
    59  23 -.987634E+00  0.517078E+00  0.641316E+03
    59  24 -.531272E+00  0.878294E+00  0.404923E+03
    59  25 0.245716E+00  -.720682E-01  0.683379E+02
    59  26 -.294820E+00  -.151979E+00  0.276720E+03
    59  27 0.764279E+00  0.581166E+00  0.100000E+11
    59  28 0.673070E+00  0.484611E+00  0.157536E+04
    59  29 0.196077E+01  0.804087E+00  0.161297E+06
    59  30 0.179715E+01  0.301773E+00  0.798465E+05
    59  31 -.220533E+01  0.696371E+00  0.870041E+03
    59  32 0.230058E+00  0.175475E+01  0.243609E+04
    59  33 0.220000E+01  0.635734E+00  0.297178E+07
    59  34 0.220000E+01  0.158810E+01  0.512070E+06
    59  35 0.410508E+00  0.219041E+00  0.630950E+02
    59  36 -.250143E+00  -.693811E-01  0.254288E+03
    59  37 -.369650E+00  0.838227E+00  0.315524E+03
    59  38 0.178267E+01  0.942051E+00  0.621249E+05
    59  39 -.113691E+01  0.777643E+00  0.700432E+03
    59  40 -.306095E+00  -.559485E-01  0.282415E+03
    59  41 0.688470E+00  0.499613E+00  0.182563E+04
    59  42 -.681983E+00  -.500000E+00  0.488250E+03
    59  43 -.472302E+00  0.803667E+00  0.371426E+03
    59  44 0.872915E+00  -.500000E+00  0.128414E+04
    59  45 -.350000E+00  0.118132E+00  0.305321E+03
    59  46 -.350000E+00  0.748126E+00  0.305237E+03
    59  47 0.495522E+00  0.750000E+00  0.220620E+04
    59  48 0.695582E-02  0.473439E+00  0.140974E+03
    59  49 -.559706E+00  -.360408E+00  0.420088E+03
    59  50 0.853588E+00  0.554944E+00  0.270909E+04
    60   1 -.967305E+00  0.121191E+01  0.666840E+03
    60   2 -.206915E+01  0.265964E+00  0.863053E+03
    60   3 -.272071E+00  0.522933E+00  0.265165E+03
    60   4 -.178057E+01  0.139494E+01  0.205778E+04
    60   5 0.795520E+00  -.109069E+00  0.779104E+03
    60   6 -.167039E+01  -.124683E+00  0.826280E+03
    60   7 -.341656E+00  0.887128E+00  0.301187E+03
    60   8 0.147606E+00  0.219395E+00  0.925472E+02
    60   9 0.195006E+00  0.183104E+00  0.796113E+02
    60  10 0.220000E+01  -.500000E+00  0.542784E+06
    60  11 0.165836E+01  0.194621E+00  0.396678E+05
    60  12 0.240433E+00  0.750000E+00  0.798427E+03
    60  13 -.350000E+00  0.825285E+00  0.305027E+03
    60  14 0.352733E+00  0.460398E+00  0.390269E+02
    60  15 0.220000E+01  -.171014E+00  0.513522E+06
    60  16 -.213704E+01  0.142594E+01  0.238591E+04
    60  17 0.407956E+00  0.215962E+00  0.628195E+02
    60  18 -.502653E+00  0.157789E+00  0.388271E+03
    60  19 0.776574E+00  0.410875E+00  0.187283E+04
    60  20 0.220000E+01  0.917785E+00  0.518621E+06
    60  21 0.133359E+01  0.750000E+00  0.954350E+04
    60  22 -.311951E-02  0.750000E+00  0.150251E+03
    60  23 -.185187E+01  -.168710E+00  0.846979E+03
    60  24 -.167637E+01  0.515907E+00  0.827035E+03
    60  25 0.336573E+00  0.113347E+01  0.240705E+04
    60  26 0.103434E+01  0.358281E+00  0.246045E+04
    60  27 0.409317E+00  -.500000E+00  0.640321E+02
    60  28 0.280622E+00  -.254644E-01  0.626299E+02
    60  29 0.324664E+00  0.127004E+01  0.241342E+04
    60  30 -.752852E+00  0.161952E+00  0.526611E+03
    60  31 -.606367E-01  -.171506E+00  0.167955E+03
    60  32 0.153305E-01  0.504754E+00  0.138121E+03
    60  33 -.350000E+00  0.434559E+00  0.305151E+03
    60  34 -.350000E+00  0.784040E+00  0.305194E+03
    60  35 0.293893E+00  -.500000E+00  0.609944E+02
    60  36 -.683529E-01  0.133080E+00  0.170967E+03
    60  37 0.116401E+01  0.568381E+00  0.524103E+04
    60  38 0.429306E+00  0.135317E+01  0.240312E+04
    60  39 -.119323E+00  0.365821E+00  0.192997E+03
    60  40 -.497600E-01  -.330026E+00  0.163415E+03
    60  41 0.143459E+01  0.830240E+00  0.145380E+05
    60  42 -.346278E+00  0.549065E+00  0.303097E+03
    60  43 0.122471E+01  0.586015E+00  0.361573E+04
    60  44 -.519019E+00  0.641381E+00  0.397394E+03
    60  45 -.190800E+01  0.397941E+00  0.851932E+03
    60  46 -.216121E+01  0.758556E+00  0.868059E+03
    60  47 -.427369E+00  0.162680E+01  0.253976E+04
    60  48 -.638581E+00  0.278017E+00  0.464331E+03
    60  49 -.103313E+01  -.500000E+00  0.660567E+03
    60  50 0.185207E+01  0.576061E+00  0.963854E+05
    61   1 0.134047E+01  -.380930E-01  0.977761E+04
    61   2 -.153209E+01  -.500000E+00  0.804483E+03
    61   3 0.312648E+00  0.740122E+00  0.126499E+04
    61   4 -.647445E+00  0.156500E+01  0.255587E+04
    61   5 0.122052E+01  0.282467E+00  0.629925E+04
    61   6 0.371541E+00  0.689067E+00  0.113569E+04
    61   7 -.575333E+00  0.368188E+00  0.428849E+03
    61   8 -.162833E+01  -.500000E+00  0.820288E+03
    61   9 0.159992E+01  -.214277E+00  0.305220E+05
    61  10 -.350000E+00  0.750000E+00  0.305238E+03
    61  11 0.220000E+01  -.218609E+00  0.100000E+11
    61  12 0.167496E+00  0.102685E+01  0.222586E+04
    61  13 -.228454E+01  0.640693E+00  0.873195E+03
    61  14 0.544554E+00  0.374436E+00  0.948309E+02
    61  15 -.350000E+00  -.498940E+00  0.305291E+03
    61  16 0.412962E+00  0.175944E+00  0.643170E+02
    61  17 0.434431E+00  -.193499E+00  0.700965E+02
    61  18 -.117978E+01  0.108564E+01  0.715359E+03
    61  19 0.192274E+01  0.523921E+00  0.242188E+04
    61  20 -.350000E+00  0.955567E+00  0.319726E+03
    61  21 0.695107E+00  0.122947E+01  0.248666E+04
    61  22 0.709341E+00  0.123230E+01  0.249986E+04
    61  23 0.698128E+00  -.286313E-02  0.399557E+03
    61  24 0.873632E+00  0.182238E+00  0.116259E+04
    61  25 0.390954E+00  0.108966E+01  0.239969E+04
    61  26 0.130448E+01  0.824696E+00  0.852003E+04
    61  27 0.234998E-01  0.750000E+00  0.152351E+03
    61  28 -.525524E-01  -.206571E+00  0.164649E+03
    61  29 -.125913E+01  0.777745E+00  0.740355E+03
    61  30 -.202118E+01  0.402401E+00  0.860243E+03
    61  31 0.220000E+01  0.198175E-01  0.528421E+06
    61  32 0.445744E+00  -.500000E+00  0.741134E+02
    61  33 -.944949E+00  0.366542E+00  0.622296E+03
    61  34 -.133036E+01  -.465960E+00  0.760179E+03
    61  35 0.212721E+00  0.750000E+00  0.578954E+03
    61  36 0.800874E+00  0.834491E+00  0.263209E+04
    61  37 0.100862E+01  0.201483E+00  0.288555E+04
    61  38 -.978821E+00  0.217533E+00  0.637330E+03
    61  39 0.131333E+01  0.178617E+00  0.890352E+04
    61  40 0.843729E+00  0.438813E+00  0.248626E+04
    61  41 0.736759E+00  0.788305E+00  0.252910E+04
    61  42 0.166347E+01  0.949709E+00  0.405403E+05
    61  43 0.122068E+01  -.363393E+00  0.853206E+04
    61  44 -.103950E+00  0.119622E+00  0.186400E+03
    61  45 -.124532E+01  0.107623E+01  0.736233E+03
    61  46 0.388795E+00  0.634264E+00  0.734822E+03
    61  47 0.174670E-01  0.173888E+01  0.247860E+04
    61  48 -.742566E+00  0.612958E-01  0.521156E+03
    61  49 0.137125E+01  0.750000E+00  0.110927E+05
    61  50 0.139080E+01  0.560832E+00  0.550218E+04
    62   1 0.161395E+01  -.500000E+00  0.424128E+05
    62   2 0.101791E+01  0.651848E+00  0.353977E+04
    62   3 0.875776E+00  0.360216E+00  0.236055E+04
    62   4 0.190255E+01  0.569525E+00  0.127683E+06
    62   5 0.528666E+00  0.860900E+00  0.235725E+04
    62   6 0.220000E+01  0.829501E+00  0.525927E+06
    62   7 -.101726E+00  -.364970E-01  0.185427E+03
    62   8 -.182152E+01  0.368821E+00  0.844025E+03
    62   9 -.217941E+00  0.212857E+00  0.238569E+03
    62  10 -.220872E+01  0.457791E-01  0.870216E+03
    62  11 0.177263E+00  0.503044E+00  0.790164E+02
    62  12 0.527920E+00  -.219493E+00  0.120089E+03
    62  13 -.290000E+01  -.146428E+00  0.885235E+03
    62  14 0.344450E+00  0.623606E+00  0.391930E+03
    62  15 -.254816E+01  -.754593E-01  0.880257E+03
    62  16 0.220000E+01  -.500000E+00  0.520552E+06
    62  17 0.258601E+00  0.105650E+01  0.240351E+04
    62  18 0.108669E+01  0.110835E+01  0.416253E+04
    62  19 0.169474E+01  0.561381E+00  0.241722E+04
    62  20 -.229695E+01  0.113882E+00  0.873630E+03
    62  21 -.496556E+00  0.715242E+00  0.385000E+03
    62  22 0.443341E+00  0.983601E+00  0.236567E+04
    62  23 0.220000E+01  0.416043E+00  0.512373E+06
    62  24 0.220000E+01  0.448982E+00  0.520877E+06
    62  25 0.328044E+00  -.160336E+00  0.583478E+02
    62  26 0.184889E+00  -.425304E+00  0.821078E+02
    62  27 0.194782E+00  0.168797E+01  0.244348E+04
    62  28 -.192266E+00  0.785942E+00  0.225697E+03
    62  29 0.208977E+00  -.238416E+00  0.761118E+02
    62  30 0.528819E+00  0.169457E+00  0.115689E+03
    62  31 -.350000E+00  0.111842E+01  0.127730E+04
    62  32 0.815948E+00  0.750000E+00  0.265966E+04
    62  33 0.675940E-01  0.568362E+00  0.116113E+03
    62  34 0.525636E+00  -.376178E+00  0.118369E+03
    62  35 0.323116E+00  0.150482E+01  0.241920E+04
    62  36 0.762415E+00  0.424083E+00  0.184119E+04
    62  37 0.556105E-01  0.219259E+00  0.122774E+03
    62  38 -.387414E+00  -.326914E+00  0.325173E+03
    62  39 0.216364E+01  0.306909E+00  0.401440E+06
    62  40 0.585508E+00  0.111921E+01  0.241753E+04
    62  41 -.141276E+00  0.489748E-01  0.202940E+03
    62  42 0.220000E+01  -.281755E+00  0.503658E+06
    62  43 -.699546E+00  -.345483E+00  0.497872E+03
    62  44 0.106701E+01  -.500000E+00  0.400587E+04
    62  45 0.130468E+01  0.140194E+01  0.846715E+04
    62  46 0.220000E+01  0.417678E+00  0.478868E+06
    62  47 0.822951E+00  0.871078E+00  0.265338E+04
    62  48 0.174988E+00  0.122151E+00  0.847753E+02
    62  49 0.211347E+01  0.229886E+00  0.319550E+06
    62  50 -.640043E+00  0.519807E+00  0.465197E+03
    63   1 0.212448E+00  0.750000E+00  0.577759E+03
    63   2 0.170945E+01  0.158344E+01  0.505093E+05
    63   3 0.789703E+00  0.313600E+00  0.129220E+04
    63   4 0.209877E+01  -.438648E+00  0.339456E+06
    63   5 -.481241E+00  0.797812E+00  0.376493E+03
    63   6 -.350000E+00  0.394880E+00  0.305212E+03
    63   7 0.107135E+01  0.642400E+00  0.399194E+04
    63   8 0.728478E+00  0.128592E+01  0.252245E+04
    63   9 -.123544E+01  0.412830E+00  0.733217E+03
    63  10 -.355052E+00  -.500000E+00  0.307789E+03
    63  11 -.159397E+01  0.969594E+00  0.815008E+03
    63  12 0.438320E+00  -.500000E+00  0.713534E+02
    63  13 -.350000E+00  0.178019E+00  0.305146E+03
    63  14 0.136422E+00  0.719641E+00  0.176857E+03
    63  15 -.780923E+00  0.558881E+00  0.541453E+03
    63  16 -.350000E+00  0.750000E+00  0.305238E+03
    63  17 0.179058E+00  0.117644E+01  0.222658E+04
    63  18 0.191756E+01  -.141654E+00  0.139862E+06
    63  19 -.855259E+00  0.451356E+00  0.579440E+03
    63  20 0.253046E+00  0.394761E+00  0.645699E+02
    63  21 -.405676E+00  -.500000E+00  0.334951E+03
    63  22 0.755997E-01  -.600068E-01  0.115663E+03
    63  23 -.350000E+00  0.729830E+00  0.305250E+03
    63  24 -.350000E+00  0.712794E+00  0.305273E+03
    63  25 0.248755E+00  -.297662E+00  0.677419E+02
    63  26 -.805369E+00  -.500000E+00  0.554243E+03
    63  27 0.435315E+00  0.476984E+00  0.968701E+02
    63  28 0.878269E+00  0.115628E+01  0.284155E+04
    63  29 0.171625E+01  -.500000E+00  0.559921E+05
    63  30 0.220000E+01  0.272850E+00  0.510416E+06
    63  31 -.145660E+01  0.837937E+00  0.789803E+03
    63  32 0.997604E-02  0.131143E+01  0.247111E+04
    63  33 0.115785E+01  0.682687E+00  0.517436E+04
    63  34 0.191231E+01  0.873822E+00  0.132542E+06
    63  35 0.424453E+00  0.385297E+00  0.444693E+02
    63  36 0.449128E+00  -.177403E+00  0.750334E+02
    63  37 -.312283E+00  0.433238E+00  0.285638E+03
    63  38 0.535802E+00  -.428111E+00  0.126859E+03
    63  39 -.175624E+00  0.682553E+00  0.218626E+03
    63  40 -.411502E-01  0.749463E+00  0.158174E+03
    63  41 -.187738E-01  0.854021E-01  0.150894E+03
    63  42 -.350000E+00  -.500000E+00  0.305322E+03
    63  43 -.103577E+01  0.904517E+00  0.661597E+03
    63  44 0.182903E+01  0.171626E+00  0.926298E+05
    63  45 0.220000E+01  0.104468E+01  0.505602E+06
    63  46 -.350000E+00  0.405573E+00  0.305270E+03
    63  47 0.128243E+00  -.378922E+00  0.984259E+02
    63  48 0.139382E+01  0.143387E+00  0.124680E+05
    63  49 -.436529E+00  -.347738E+00  0.351687E+03
    63  50 -.179033E+01  0.512580E+00  0.840785E+03
    64   1 -.978719E+00  0.141115E+01  0.254096E+04
    64   2 0.375594E-01  0.333436E+00  0.129484E+03
    64   3 0.434186E+00  0.317075E+00  0.688332E+02
    64   4 -.451226E+00  0.582038E+00  0.359916E+03
    64   5 -.558035E-01  0.428560E+00  0.166081E+03
    64   6 -.174249E+01  -.155364E+00  0.835492E+03
    64   7 0.143944E+01  0.111411E+01  0.146028E+05
    64   8 0.220000E+01  0.418729E+00  0.519751E+06
    64   9 0.127093E+00  0.433840E+00  0.101090E+03
    64  10 0.219495E+01  0.750000E+00  0.541547E+06
    64  11 0.956032E+00  0.469733E-01  0.161777E+04
    64  12 0.219558E+00  0.707501E+00  0.100000E+11
    64  13 0.220000E+01  0.554117E+00  0.510694E+06
    64  14 0.186071E-01  0.526941E+00  0.136254E+03
    64  15 0.176908E+01  0.628968E+00  0.671781E+05
    64  16 -.132599E+01  0.157125E+01  0.257640E+04
    64  17 0.189029E+00  0.320504E+00  0.812261E+02
    64  18 0.791158E+00  0.166365E-01  0.702745E+03
    64  19 -.102441E+01  0.454081E+00  0.656969E+03
    64  20 0.220000E+01  0.964863E+00  0.501618E+06
    64  21 0.101000E+01  0.750000E+00  0.349674E+04
    64  22 0.181410E-01  -.492745E+00  0.136543E+03
    64  23 -.136272E+01  0.892923E+00  0.768424E+03
    64  24 -.112654E+01  0.327661E+00  0.696799E+03
    64  25 0.199469E+00  -.372505E-01  0.784181E+02
    64  26 -.268629E+00  0.229987E+00  0.263347E+03
    64  27 0.513012E+00  -.500000E+00  0.108786E+03
    64  28 0.770975E+00  0.123600E+00  0.550699E+03
    64  29 0.111429E+01  0.750000E+00  0.450939E+04
    64  30 -.350000E+00  0.447708E+00  0.305106E+03
    64  31 0.619373E+00  -.171093E+00  0.231066E+03
    64  32 -.198529E+00  0.666892E+00  0.229681E+03
    64  33 0.499699E+00  0.500010E+00  0.400312E+03
    64  34 0.100070E+01  0.136066E+01  0.344249E+04
    64  35 0.323649E+00  -.500000E+00  0.585516E+02
    64  36 0.424251E-01  -.839657E-02  0.127493E+03
    64  37 0.982504E+00  0.579525E+00  0.321967E+04
    64  38 0.953835E+00  -.122636E-01  0.171855E+04
    64  39 -.211148E+01  0.784732E+00  0.865545E+03
    64  40 0.461575E-01  -.166916E+00  0.126150E+03
    64  41 0.773073E+00  0.895444E+00  0.253230E+04
    64  42 -.188159E+01  0.750000E+00  0.849631E+03
    64  43 0.151423E+01  0.167273E+01  0.204353E+05
    64  44 0.111915E+01  0.276416E+00  0.450346E+04
    64  45 -.350000E+00  -.205323E+00  0.305116E+03
    64  46 -.162498E+01  0.488577E+00  0.819738E+03
    64  47 -.242418E+00  0.148693E+00  0.250571E+03
    64  48 0.611295E+00  0.547951E+00  0.154465E+04
    64  49 -.170441E+01  -.302399E+00  0.830796E+03
    64  50 -.157890E+01  0.530933E+00  0.812440E+03
    65   1 -.693665E+00  0.177701E+01  0.255841E+04
    65   2 -.121392E+01  -.500000E+00  0.726466E+03
    65   3 0.281953E-01  0.504915E+00  0.132701E+03
    65   4 -.233466E+01  0.128025E+01  0.882633E+03
    65   5 0.985278E+00  0.208078E+00  0.262984E+04
    65   6 0.162544E+00  -.442402E+00  0.881798E+02
    65   7 0.274794E+00  0.610596E+00  0.127094E+03
    65   8 -.350000E+00  -.467347E+00  0.305301E+03
    65   9 0.150967E+01  0.796734E-01  0.201724E+05
    65  10 0.220000E+01  0.565658E+00  0.512374E+06
    65  11 0.178732E+01  -.500000E+00  0.720678E+05
    65  12 0.240858E+00  0.144883E+01  0.243336E+04
    65  13 0.220000E+01  0.319578E+00  0.516595E+06
    65  14 0.810394E-01  0.347072E+00  0.113784E+03
    65  15 0.963251E+00  0.255958E+00  0.257983E+04
    65  16 0.122401E+01  0.321254E+00  0.634992E+04
    65  17 0.281035E+00  -.142241E-01  0.625670E+02
    65  18 -.100130E+01  0.413050E+00  0.647179E+03
    65  19 0.262201E+00  0.517678E+00  0.538744E+02
    65  20 -.350000E+00  0.872662E+00  0.305236E+03
    65  21 0.139940E+01  0.121243E+01  0.123777E+05
    65  22 0.846848E+00  0.404684E+00  0.100000E+11
    65  23 0.213475E+00  -.357077E+00  0.750656E+02
    65  24 -.415137E+00  0.171050E+00  0.339987E+03
    65  25 0.308002E+00  0.120076E+01  0.241510E+04
    65  26 0.805881E+00  0.813573E+00  0.264231E+04
    65  27 0.223124E+00  0.750000E+00  0.692899E+03
    65  28 -.223813E+00  -.356511E+00  0.241434E+03
    65  29 0.332768E+00  0.540746E+00  0.706247E+02
    65  30 -.110663E+01  0.486626E+00  0.689396E+03
    65  31 0.210345E+01  -.151389E+00  0.362161E+06
    65  32 -.547723E-01  -.181537E+00  0.165540E+03
    65  33 -.623386E+00  0.357956E+00  0.455614E+03
    65  34 -.627982E+00  0.110660E+00  0.458249E+03
    65  35 0.218285E+00  0.750000E+00  0.606596E+03
    65  36 -.508767E-02  0.826066E+00  0.278080E+03
    65  37 0.155538E+01  0.557202E+00  0.962350E+04
    65  38 0.511051E+00  0.123774E+01  0.240240E+04
    65  39 -.175879E+01  0.227552E+00  0.837091E+03
    65  40 0.738405E+00  -.406542E+00  0.536004E+03
    65  41 0.470127E+00  0.887052E+00  0.239254E+04
    65  42 -.535801E+00  0.125747E+01  0.221792E+04
    65  43 0.165452E+01  0.115709E+01  0.385779E+05
    65  44 -.646875E+00  -.123737E+00  0.468877E+03
    65  45 -.236707E+01  0.294055E+00  0.875941E+03
    65  46 -.206650E+01  0.623429E+00  0.863096E+03
    65  47 0.507490E+00  0.119125E+01  0.240126E+04
    65  48 -.678732E+00  -.319498E+00  0.486477E+03
    65  49 -.238833E+01  0.888250E+00  0.876603E+03
    65  50 -.616021E+00  0.578857E+00  0.451746E+03
    66   1 0.693484E+00  0.527008E+00  0.202684E+04
    66   2 -.128863E+01  0.750000E+00  0.748894E+03
    66   3 -.311916E-01  0.685947E+00  0.155209E+03
    66   4 -.128369E+01  0.333330E+00  0.747486E+03
    66   5 0.466683E+00  0.926738E-01  0.820661E+02
    66   6 0.220000E+01  -.277900E+00  0.497677E+06
    66   7 -.624066E+00  -.238421E+00  0.456173E+03
    66   8 -.254339E+01  0.254182E+00  0.880317E+03
    66   9 0.762797E+00  -.178178E+00  0.630765E+03
    66  10 -.350000E+00  0.197740E+00  0.305318E+03
    66  11 0.106217E+01  0.750000E+00  0.393739E+04
    66  12 0.429448E+00  0.198832E+00  0.678427E+02
    66  13 0.469392E+00  -.427508E-01  0.833334E+02
    66  14 0.576509E+00  0.429357E+00  0.396326E+03
    66  15 -.963503E+00  -.194353E+00  0.630557E+03
    66  16 0.220000E+01  -.500000E+00  0.542784E+06
    66  17 0.356456E+00  0.106246E+01  0.240000E+04
    66  18 -.146255E+01  0.848685E+00  0.791038E+03
    66  19 0.151135E+01  0.595938E+00  0.203307E+05
    66  20 -.159559E+01  0.382413E+00  0.815332E+03
    66  21 -.616000E-01  -.375657E-01  0.168469E+03
    66  22 0.610021E+00  0.135692E+01  0.242917E+04
    66  23 0.177062E+01  -.235476E+00  0.686125E+05
    66  24 0.213486E+01  0.747637E+00  0.375250E+06
    66  25 0.417883E+00  0.977303E+00  0.236186E+04
    66  26 0.840034E+00  0.525085E+00  0.263945E+04
    66  27 0.466749E-01  0.964760E+00  0.175402E+04
    66  28 -.630828E-01  0.893489E+00  0.444408E+03
    66  29 -.449915E+00  0.261594E+00  0.358916E+03
    66  30 0.279404E+00  -.164017E+00  0.627628E+02
    66  31 0.220000E+01  0.597089E+00  0.515993E+06
    66  32 0.102913E+01  0.296915E+00  0.348556E+04
    66  33 -.722098E+00  0.477875E+00  0.510179E+03
    66  34 -.105550E+01  -.500000E+00  0.669662E+03
    66  35 0.312248E+00  0.159127E+01  0.242096E+04
    66  36 0.446205E+00  0.555011E+00  0.464739E+03
    66  37 0.109617E+01  0.385193E+00  0.425646E+04
    66  38 -.355393E+00  0.154719E+01  0.253275E+04
    66  39 0.791214E+00  0.482425E+00  0.213405E+04
    66  40 0.811240E+00  0.719681E+00  0.261225E+04
    66  41 -.572228E-01  0.366140E+00  0.166546E+03
    66  42 0.111615E+01  0.267279E+00  0.439763E+04
    66  43 -.516610E+00  -.929071E-01  0.395889E+03
    66  44 -.169138E+01  -.100170E+00  0.829070E+03
    66  45 -.226692E+01  0.148774E+01  0.257486E+04
    66  46 -.170918E+01  0.516301E+00  0.831333E+03
    66  47 0.843049E+00  0.188969E+01  0.274327E+04
    66  48 -.530996E-01  -.500000E+00  0.164837E+03
    66  49 0.161668E+00  0.807633E+00  0.826163E+03
    66  50 0.193398E+01  0.558947E+00  0.242695E+04
    67   1 0.139928E+01  -.500000E+00  0.206877E+05
    67   2 0.261549E+00  0.666388E+00  0.293232E+03
    67   3 0.737569E+00  0.823228E+00  0.252223E+04
    67   4 0.126631E+01  -.311762E+00  0.966668E+04
    67   5 -.194942E+00  0.920351E+00  0.302731E+03
    67   6 -.350000E+00  0.562161E+00  0.305137E+03
    67   7 -.245648E+00  0.694686E+00  0.251968E+03
    67   8 0.660514E-02  0.990282E+00  0.178415E+04
    67   9 -.615008E+00  -.116155E+00  0.451105E+03
    67  10 -.158961E+01  -.500000E+00  0.814325E+03
    67  11 -.130574E+01  0.100219E+01  0.753548E+03
    67  12 0.518050E+00  -.500000E+00  0.112447E+03
    67  13 -.135302E+01  -.686588E-02  0.765936E+03
    67  14 0.819344E+00  0.773324E+00  0.267474E+04
    67  15 -.181995E+01  0.234644E-01  0.843714E+03
    67  16 -.350000E+00  0.750000E+00  0.305238E+03
    67  17 0.324544E+00  0.925392E+00  0.233390E+04
    67  18 -.501952E+00  0.839260E+00  0.388087E+03
    67  19 0.176383E+01  0.518407E+00  0.100000E+11
    67  20 0.954406E+00  -.526615E-01  0.174886E+04
    67  21 -.474550E+00  -.500000E+00  0.372592E+03
    67  22 -.182581E-01  0.125121E+01  0.246961E+04
    67  23 0.890491E+00  -.278126E+00  0.143029E+04
    67  24 0.414026E+00  0.782365E+00  0.216456E+04
    67  25 0.396603E+00  -.272697E+00  0.617800E+02
    67  26 0.539453E+00  -.500000E+00  0.130128E+03
    67  27 0.320769E+00  0.922497E+00  0.232666E+04
    67  28 0.130053E+01  0.132884E+01  0.832985E+04
    67  29 -.823810E-01  -.201392E+00  0.177150E+03
    67  30 0.172249E+01  0.558381E-01  0.553967E+05
    67  31 -.350000E+00  0.101709E+01  0.423223E+03
    67  32 0.608808E+00  0.987919E+00  0.242317E+04
    67  33 0.181638E+01  0.692482E+00  0.829647E+05
    67  34 0.557938E+00  0.750000E+00  0.230239E+04
    67  35 0.406544E+00  0.492446E+00  0.834604E+02
    67  36 0.720199E+00  -.219105E+00  0.473560E+03
    67  37 -.740222E+00  0.156668E+00  0.519842E+03
    67  38 0.204751E+00  0.103023E+01  0.238404E+04
    67  39 0.220000E+01  0.766650E+00  0.494490E+06
    67  40 0.671073E-01  0.134643E+01  0.246601E+04
    67  41 0.282518E+00  -.838517E-01  0.623946E+02
    67  42 0.194604E+01  -.500000E+00  0.146499E+07
    67  43 -.158232E+01  -.500000E+00  0.813030E+03
    67  44 -.183965E+00  -.874671E-01  0.222451E+03
    67  45 0.283076E+00  0.468192E+00  0.501054E+02
    67  46 0.628950E+00  0.388991E+00  0.465662E+03
    67  47 0.417707E-01  0.639690E+00  0.125576E+03
    67  48 0.116317E+01  0.750000E+00  0.518429E+04
    67  49 0.220000E+01  -.253566E+00  0.524500E+06
    67  50 -.769974E-01  0.530727E+00  0.175506E+03
    68   1 0.225099E+00  0.750000E+00  0.705238E+03
    68   2 0.176318E+01  -.500000E+00  0.672561E+05
    68   3 0.102317E+01  0.535748E+00  0.358651E+04
    68   4 0.220000E+01  0.357733E+00  0.510787E+06
    68   5 0.515742E-01  0.880832E+00  0.877567E+03
    68   6 -.264696E+01  0.113795E+01  0.882178E+03
    68   7 0.835309E+00  0.150381E+01  0.272332E+04
    68   8 0.220000E+01  0.187452E+00  0.460791E+06
    68   9 -.886079E+00  -.698311E-01  0.594505E+03
    68  10 0.960388E+00  0.435928E+00  0.311725E+04
    68  11 -.179010E+01  -.247809E+00  0.840769E+03
    68  12 0.361568E+00  0.617975E+00  0.508429E+03
    68  13 -.245458E+01  0.628837E+00  0.878325E+03
    68  14 0.627129E+00  0.460010E+00  0.988034E+03
    68  15 0.236244E+00  0.783625E+00  0.110895E+04
    68  16 -.180654E+01  0.151681E+01  0.257964E+04
    68  17 0.240956E+00  0.386668E+00  0.677917E+02
    68  18 0.783219E+00  0.242048E+00  0.706854E+03
    68  19 0.117205E+01  0.468849E+00  0.529758E+04
    68  20 0.220000E+01  0.525781E+00  0.465554E+06
    68  21 0.216214E+00  0.560050E+00  0.623126E+02
    68  22 -.485082E-01  0.120905E-02  0.162834E+03
    68  23 -.121931E+01  0.340663E+00  0.728179E+03
    68  24 -.125309E+01  0.328015E+00  0.738560E+03
    68  25 0.206599E+00  0.220661E+00  0.765920E+02
    68  26 -.117518E-01  0.750000E+00  0.151134E+03
    68  27 0.542834E+00  -.327503E+00  0.133271E+03
    68  28 0.103912E+01  0.314213E+00  0.362887E+04
    68  29 0.684933E+00  0.277301E+00  0.322790E+03
    68  30 0.405913E-01  0.180584E+00  0.128241E+03
    68  31 -.223119E+01  0.441726E+00  0.871175E+03
    68  32 -.307692E+00  0.752070E+00  0.283334E+03
    68  33 0.220000E+01  0.660520E+00  0.517337E+06
    68  34 0.152604E+01  0.360598E+00  0.213005E+05
    68  35 0.321538E+00  -.500000E+00  0.586894E+02
    68  36 0.362129E+00  0.560587E-01  0.586925E+02
    68  37 -.129917E+01  0.487970E+00  0.751820E+03
    68  38 0.918301E+00  -.219772E+00  0.166553E+04
    68  39 -.350000E+00  0.675836E+00  0.305299E+03
    68  40 -.399218E+00  0.964291E-01  0.331448E+03
    68  41 0.630036E+00  0.580520E+00  0.198235E+04
    68  42 0.419719E-01  0.750000E+00  0.157066E+03
    68  43 0.478605E-01  0.634896E+00  0.119829E+03
    68  44 0.181479E+01  -.882642E-01  0.846370E+05
    68  45 0.220000E+01  -.495070E+00  0.533687E+06
    68  46 0.220000E+01  0.435961E+00  0.475592E+06
    68  47 -.237290E+00  -.500000E+00  0.247992E+03
    68  48 0.830610E+00  0.179101E+01  0.271145E+04
    68  49 -.350000E+00  -.500000E+00  0.305320E+03
    68  50 -.127784E+01  0.557504E+00  0.745802E+03
    69   1 -.858208E+00  0.126300E+01  0.117588E+04
    69   2 0.220000E+01  0.169653E+00  0.539998E+06
    69   3 -.210620E+00  0.119879E+00  0.235066E+03
    69   4 -.350000E+00  0.121661E+01  0.231729E+04
    69   5 0.808146E+00  0.463274E+00  0.236624E+04
    69   6 -.969570E-01  0.106586E+01  0.198433E+04
    69   7 0.123452E+01  0.253807E+00  0.654319E+04
    69   8 0.365037E+00  -.136888E+00  0.586005E+02
    69   9 0.166392E+01  0.221231E+00  0.411631E+05
    69  10 0.220000E+01  0.135724E+01  0.512222E+06
    69  11 0.759905E+00  -.500000E+00  0.620032E+03
    69  12 0.174406E+00  0.414754E+00  0.842390E+02
    69  13 0.954168E-01  0.342904E+00  0.108950E+03
    69  14 0.367057E+00  0.228856E+00  0.585341E+02
    69  15 0.220000E+01  0.748282E+00  0.442767E+06
    69  16 -.623076E+00  0.377400E+00  0.455609E+03
    69  17 0.184812E+00  0.250953E+00  0.821506E+02
    69  18 0.169132E+01  -.482124E-01  0.464484E+05
    69  19 -.841335E-01  0.540153E+00  0.177881E+03
    69  20 -.350000E+00  0.108918E+01  0.918539E+03
    69  21 0.108932E+01  0.428265E+00  0.416400E+04
    69  22 0.888907E+00  -.155453E+00  0.139751E+04
    69  23 -.618448E+00  0.881502E+00  0.452978E+03
    69  24 0.522866E-01  0.258400E+00  0.124117E+03
    69  25 0.787447E-01  0.900855E+00  0.127433E+04
    69  26 0.179390E+00  0.113604E+01  0.242019E+04
    69  27 0.619382E+00  -.500000E+00  0.231242E+03
    69  28 -.144823E+00  -.500000E+00  0.204527E+03
    69  29 0.860506E+00  0.484103E+00  0.157640E+04
    69  30 -.133955E+01  0.131968E+00  0.762612E+03
    69  31 -.207520E+01  -.111872E+00  0.863535E+03
    69  32 -.995990E+00  0.490024E-01  0.644916E+03
    69  33 -.350000E+00  0.416761E+00  0.305232E+03
    69  34 0.188003E+01  -.500000E+00  0.113920E+06
    69  35 0.227865E+00  0.527987E+00  0.596896E+02
    69  36 -.580268E-01  0.396694E+00  0.167004E+03
    69  37 0.125083E+01  0.524114E+00  0.384819E+04
    69  38 0.528585E+00  0.100060E-01  0.120293E+03
    69  39 -.167507E+01  0.398648E+00  0.826896E+03
    69  40 -.174203E+00  -.500000E+00  0.217976E+03
    69  41 0.497794E+00  0.113945E+01  0.239956E+04
    69  42 -.131607E+01  0.115446E+01  0.756875E+03
    69  43 0.194021E+01  0.989343E+00  0.154116E+06
    69  44 0.146358E+01  -.798213E-01  0.168121E+05
    69  45 -.350000E+00  0.608118E+00  0.305102E+03
    69  46 0.875947E+00  0.649580E+00  0.281979E+04
    69  47 0.214423E+00  0.750000E+00  0.587079E+03
    69  48 0.578458E-01  0.541011E+00  0.121075E+03
    69  49 -.109870E+01  0.578749E+00  0.686412E+03
    69  50 -.580598E+00  0.574551E+00  0.431862E+03
    70   1 0.603730E+00  0.241523E+00  0.171662E+03
    70   2 -.350000E+00  0.849752E+00  0.305116E+03
    70   3 -.135786E+01  -.564381E-01  0.767252E+03
    70   4 -.171877E+01  0.135794E+01  0.132492E+04
    70   5 0.838505E+00  0.935257E-01  0.816901E+03
    70   6 0.220000E+01  -.184142E+00  0.591976E+06
    70   7 -.597016E+00  -.500000E+00  0.440960E+03
    70   8 -.142013E+01  0.195106E+00  0.781935E+03
    70   9 0.388885E+00  -.615164E-01  0.607355E+02
    70  10 -.350000E+00  0.870042E+00  0.304898E+03
    70  11 0.220000E+01  0.750000E+00  0.519117E+06
    70  12 0.328548E+00  -.500000E+00  0.583720E+02
    70  13 0.220000E+01  0.147546E+00  0.529379E+06
    70  14 0.644083E-01  0.332138E+00  0.119673E+03
    70  15 -.960076E-01  0.277331E+00  0.182994E+03
    70  16 0.192692E+01  -.500000E+00  0.253403E+06
    70  17 0.276773E+00  0.548195E+00  0.537371E+02
    70  18 0.687773E+00  0.643307E+00  0.237109E+04
    70  19 -.414713E+00  0.581926E+00  0.340138E+03
    70  20 -.230175E+01  0.941473E+00  0.873772E+03
    70  21 0.580958E+00  -.500000E+00  0.174817E+03
    70  22 0.148045E+01  0.326324E+00  0.181677E+05
    70  23 0.193155E+01  -.358882E+00  0.152761E+06
    70  24 0.203207E+01  0.549803E+00  0.852266E+05
    70  25 0.332263E+00  0.796613E+00  0.191403E+04
    70  26 0.706087E+00  -.113958E+00  0.428369E+03
    70  27 -.100125E+00  -.337165E+00  0.184736E+03
    70  28 -.110043E+01  0.750000E+00  0.687196E+03
    70  29 -.147469E+00  -.176694E+00  0.205728E+03
    70  30 0.332393E+00  0.458058E+00  0.410062E+02
    70  31 0.474805E+00  0.289364E+00  0.697021E+02
    70  32 -.703521E+00  0.409972E+00  0.500005E+03
    70  33 -.196533E+01  0.359759E+00  0.856388E+03
    70  34 -.669970E+00  0.750000E+00  0.481499E+03
    70  35 0.294367E+00  0.147078E+01  0.242391E+04
    70  36 0.429038E+00  0.418058E+00  0.442887E+02
    70  37 0.220000E+01  0.280174E+00  0.512821E+06
    70  38 0.503744E-01  0.126001E+01  0.246408E+04
    70  39 0.196764E+00  0.385317E+00  0.792201E+02
    70  40 0.113112E+01  0.750000E+00  0.470564E+04
    70  41 0.492878E-01  0.605201E+00  0.121061E+03
    70  42 -.980926E+00  0.118131E+01  0.645723E+03
    70  43 0.696041E+00  -.882566E-01  0.399431E+03
    70  44 -.892292E+00  -.264600E+00  0.597574E+03
    70  45 -.259120E+01  0.139340E+01  0.178332E+04
    70  46 -.117037E+01  0.627478E+00  0.712133E+03
    70  47 0.817197E+00  0.138284E+01  0.267484E+04
    70  48 -.223669E+00  -.500000E+00  0.241382E+03
    70  49 0.642990E+00  0.722784E+00  0.237282E+04
    70  50 0.142347E+01  0.539168E+00  0.140500E+05
    71   1 0.158956E+01  -.468937E+00  0.353046E+05
    71   2 -.225096E+01  -.340747E+00  0.871926E+03
    71   3 -.177218E+01  0.244292E+00  0.838836E+03
    71   4 0.681683E+00  0.209348E+00  0.280517E+03
    71   5 -.243242E-01  0.232399E+00  0.153271E+03
    71   6 -.350000E+00  -.366653E+00  0.305297E+03
    71   7 -.111051E+01  0.750000E+00  0.690960E+03
    71   8 -.565188E+00  0.432543E+00  0.422955E+03
    71   9 -.912057E+00  0.704850E-01  0.606913E+03
    71  10 -.194478E+01  -.379958E+00  0.854852E+03
    71  11 -.350000E+00  0.103006E+01  0.473859E+03
    71  12 0.465119E+00  -.398162E-01  0.814880E+02
    71  13 -.350000E+00  0.119340E+00  0.305321E+03
    71  14 0.537550E-01  0.508126E+00  0.123654E+03
    71  15 -.193761E+01  0.103749E+00  0.854210E+03
    71  16 0.153378E+01  0.750000E+00  0.224216E+05
    71  17 0.404568E+00  0.785004E+00  0.209583E+04
    71  18 -.399835E+00  0.951149E+00  0.335713E+03
    71  19 0.214334E-03  0.556218E+00  0.143375E+03
    71  20 0.248251E+00  -.228706E+00  0.678093E+02
    71  21 -.186891E+00  0.750000E+00  0.223120E+03
    71  22 0.724314E+00  0.980236E+00  0.251449E+04
    71  23 0.220000E+01  -.271934E+00  0.511500E+06
    71  24 0.220000E+01  0.711851E+00  0.511529E+06
    71  25 0.528669E+00  0.311019E+00  0.863613E+02
    71  26 0.244354E+00  -.500000E+00  0.685891E+02
    71  27 -.140056E+00  0.443135E+00  0.202351E+03
    71  28 -.122679E+00  0.171204E+01  0.250226E+04
    71  29 -.679590E+00  -.370997E+00  0.486885E+03
    71  30 0.191167E+01  0.830811E+00  0.128078E+06
    71  31 0.220000E+01  0.995432E+00  0.513461E+06
    71  32 0.107502E+01  0.782745E+00  0.403193E+04
    71  33 0.584670E+00  0.676010E+00  0.223241E+04
    71  34 -.246308E+01  -.188401E+00  0.878513E+03
    71  35 0.404955E+00  0.120297E+01  0.240250E+04
    71  36 0.792982E+00  0.568150E+00  0.252023E+04
    71  37 0.770187E+00  0.113862E-01  0.634533E+03
    71  38 0.580739E-01  0.169506E+01  0.247084E+04
    71  39 0.205823E+01  0.625247E+00  0.243576E+04
    71  40 0.182904E+01  0.160092E+01  0.893843E+05
    71  41 0.163221E+00  -.127958E+00  0.880142E+02
    71  42 0.156907E+01  0.220395E+00  0.269725E+05
    71  43 -.102750E+01  -.268901E+00  0.658242E+03
    71  44 -.265129E+01  0.326516E+00  0.882242E+03
    71  45 -.193414E+01  0.665994E+00  0.853975E+03
    71  46 0.440645E+00  0.566967E+00  0.122596E+04
    71  47 0.446090E+00  0.117084E+01  0.239934E+04
    71  48 0.520854E+00  0.750000E+00  0.225731E+04
    71  49 0.190023E+01  0.219428E+00  0.124538E+06
    71  50 0.171327E+01  0.521032E+00  0.516236E+05
    72   1 0.192442E+01  0.292012E+00  0.139958E+06
    72   2 0.299045E+00  -.500000E+00  0.604048E+02
    72   3 -.120273E+01  0.105671E+01  0.722904E+03
    72   4 0.220000E+01  -.340526E+00  0.541900E+06
    72   5 -.176607E+00  0.988181E+00  0.702161E+03
    72   6 -.151126E+01  0.587755E+00  0.800720E+03
    72   7 0.205654E-01  0.169534E+01  0.247800E+04
    72   8 0.113604E+01  0.193882E+00  0.416255E+04
    72   9 0.616126E+00  0.655814E+00  0.218927E+04
    72  10 0.605217E+00  -.451639E+00  0.208541E+03
    72  11 -.164157E+01  -.219943E+00  0.822234E+03
    72  12 0.580217E+00  0.415523E+00  0.146068E+03
    72  13 -.212553E+01  0.241996E+00  0.866134E+03
    72  14 0.800631E+00  0.711702E+00  0.251486E+04
    72  15 0.612389E+00  0.334718E+00  0.100000E+11
    72  16 0.325068E+00  0.170367E+01  0.241889E+04
    72  17 0.334421E+00  0.500142E+00  0.443396E+02
    72  18 -.554450E+00  0.669533E-01  0.417142E+03
    72  19 0.770673E+00  0.455407E+00  0.100000E+11
    72  20 0.220000E+01  0.197648E+00  0.547086E+06
    72  21 0.264856E+00  0.450927E+00  0.567139E+02
    72  22 -.698671E+00  0.112343E+01  0.523481E+03
    72  23 -.350000E+00  0.823893E+00  0.305240E+03
    72  24 -.350000E+00  0.318585E+00  0.305358E+03
    72  25 0.576038E+00  0.102991E+00  0.191539E+03
    72  26 -.101842E+00  0.449692E+00  0.185452E+03
    72  27 0.501443E+00  0.204688E+00  0.946386E+02
    72  28 0.914560E+00  0.462045E+00  0.288551E+04
    72  29 -.572712E+00  0.374296E+00  0.427539E+03
    72  30 0.216608E+01  0.451298E+00  0.439745E+06
    72  31 0.364191E+00  0.305379E+00  0.292656E+03
    72  32 0.126831E+01  0.821195E+00  0.738525E+04
    72  33 0.220000E+01  0.821559E+00  0.513286E+06
    72  34 0.869245E-01  -.500000E+00  0.111850E+03
    72  35 0.337934E+00  0.503800E-01  0.580606E+02
    72  36 0.876249E+00  0.650583E+00  0.282080E+04
    72  37 -.147349E+01  -.692196E-01  0.792807E+03
    72  38 0.141919E+00  0.112713E+01  0.241914E+04
    72  39 0.823398E+00  0.747839E+00  0.267230E+04
    72  40 -.399283E+00  0.123527E+01  0.233291E+04
    72  41 0.501107E+00  -.335786E+00  0.100697E+03
    72  42 0.220000E+01  -.446309E+00  0.521273E+06
    72  43 -.461085E+00  0.559965E+00  0.365166E+03
    72  44 -.268331E+01  0.952762E+00  0.882818E+03
    72  45 0.615859E+00  -.225022E+00  0.225294E+03
    72  46 0.162828E+01  0.374485E+00  0.339388E+05
    72  47 -.157878E+00  -.791563E-01  0.210478E+03
    72  48 0.926979E+00  0.815395E+00  0.302068E+04
    72  49 0.383563E+00  -.372396E+00  0.600973E+02
    72  50 0.334521E-01  0.541094E+00  0.130643E+03
    73   1 -.625578E+00  0.109752E+01  0.484970E+03
    73   2 0.220000E+01  0.425140E-01  0.100000E+11
    73   3 0.134727E+01  0.885689E+00  0.995186E+04
    73   4 -.350000E+00  0.909474E+00  0.305606E+03
    73   5 0.261747E+00  0.832469E+00  0.175961E+04
    73   6 -.290716E+00  0.121935E+01  0.240332E+04
    73   7 0.154391E+01  0.150592E+01  0.237702E+05
    73   8 0.113936E+01  -.534020E-01  0.416812E+04
    73   9 0.185320E+01  0.103132E+01  0.978223E+05
    73  10 0.220000E+01  0.675135E+00  0.465758E+06
    73  11 0.880506E+00  -.500000E+00  0.134618E+04
    73  12 0.192795E+00  0.877341E+00  0.179785E+04
    73  13 0.424468E+00  0.550071E+00  0.317492E+03
    73  14 0.103305E+01  0.599649E+00  0.365649E+04
    73  15 0.218079E+01  0.412704E+00  0.490279E+06
    73  16 -.780414E+00  0.184679E+01  0.256258E+04
    73  17 0.241327E+00  0.241008E+00  0.689389E+02
    73  18 0.984991E+00  -.500000E+00  0.251201E+04
    73  19 0.124064E+01  0.498814E+00  0.681035E+04
    73  20 -.350000E+00  0.102737E+01  0.461212E+03
    73  21 0.740869E+00  0.209510E+00  0.433374E+03
    73  22 -.271145E+00  0.797464E+00  0.264447E+03
    73  23 -.214526E+01  0.258840E+00  0.867295E+03
    73  24 -.145403E+01  0.108763E+00  0.788506E+03
    73  25 0.211158E+00  0.677535E+00  0.218598E+03
    73  26 0.468441E-01  0.126486E+01  0.246444E+04
    73  27 0.564960E+00  -.500000E+00  0.155831E+03
    73  28 0.411949E+00  -.500000E+00  0.645787E+02
    73  29 0.180431E+01  0.104865E+01  0.789282E+05
    73  30 0.615323E+00  0.164584E+00  0.204013E+03
    73  31 -.134448E+01  -.291522E-01  0.763869E+03
    73  32 0.111218E+01  0.154094E+00  0.419470E+04
    73  33 -.350000E+00  0.696560E+00  0.305181E+03
    73  34 0.220000E+01  0.728924E-01  0.456260E+06
    73  35 0.243603E+00  0.129825E+00  0.686321E+02
    73  36 0.351337E+00  0.496461E+00  0.460794E+02
    73  37 0.108778E+00  0.619662E+00  0.960993E+02
    73  38 0.617851E+00  -.891111E-01  0.228235E+03
    73  39 -.114451E+01  0.742837E+00  0.703136E+03
    73  40 -.449138E+00  -.147306E-01  0.358520E+03
    73  41 0.674533E+00  0.914214E+00  0.246622E+04
    73  42 -.866376E-01  -.363393E+00  0.178949E+03
    73  43 0.132758E+01  0.102580E+01  0.929893E+04
    73  44 -.133305E+00  0.101843E+01  0.126459E+04
    73  45 0.220000E+01  0.583878E+00  0.100000E+11
    73  46 -.717892E-01  0.535605E+00  0.172852E+03
    73  47 0.621973E-01  -.500000E+00  0.120506E+03
    73  48 0.274103E-01  -.434605E+00  0.133132E+03
    73  49 -.114500E+01  -.375790E+00  0.703412E+03
    73  50 -.126368E+01  0.565638E+00  0.741706E+03
