 0.807499E+00 -.343634E+01 -.163404E+01 -.175441E+01 0.235166E+02
 0.130644E+01 -.343737E+01 -.174862E+01 -.170253E+01 0.234881E+02
 0.116912E+01 -.346059E+01 -.178247E+01 -.152398E+01 0.237872E+02
 0.612403E+00 -.350819E+01 -.162040E+01 -.170752E+01 0.224147E+02
 0.138640E+01 -.344543E+01 -.189360E+01 -.148254E+01 0.208095E+02
 0.297803E+00 -.351553E+01 -.145653E+01 -.163261E+01 0.218789E+02
 0.973414E+00 -.344784E+01 -.185427E+01 -.147481E+01 0.200774E+02
 0.795241E+00 -.345684E+01 -.177541E+01 -.157831E+01 0.182289E+02
 0.769900E+00 -.346583E+01 -.160185E+01 -.181950E+01 0.236204E+02
 0.923183E+00 -.346052E+01 -.174994E+01 -.170752E+01 0.204628E+02
 0.714236E+00 -.350206E+01 -.177189E+01 -.155660E+01 0.226192E+02
 0.749921E+00 -.344030E+01 -.174388E+01 -.159037E+01 0.186209E+02
 0.896767E+00 -.342540E+01 -.168812E+01 -.170815E+01 0.230400E+02
 0.808008E+00 -.345461E+01 -.171797E+01 -.154474E+01 0.221644E+02
 0.885859E+00 -.346363E+01 -.182660E+01 -.159357E+01 0.207169E+02
 0.495262E+00 -.342799E+01 -.160155E+01 -.174920E+01 0.225861E+02
 0.837957E+00 -.344162E+01 -.181972E+01 -.163821E+01 0.222663E+02
 0.798450E+00 -.343699E+01 -.171101E+01 -.157787E+01 0.214248E+02
 0.252314E+00 -.348679E+01 -.120167E+01 -.176822E+01 0.227879E+02
 0.752203E+00 -.343839E+01 -.166188E+01 -.161555E+01 0.228171E+02
 0.780634E+00 -.342966E+01 -.177380E+01 -.160068E+01 0.196133E+02
 0.441102E+00 -.350087E+01 -.157626E+01 -.172218E+01 0.195154E+02
 0.509017E+00 -.348512E+01 -.160069E+01 -.159979E+01 0.208481E+02
 0.770793E+00 -.344555E+01 -.169576E+01 -.162107E+01 0.197805E+02
 0.733586E+00 -.344935E+01 -.173118E+01 -.170675E+01 0.193803E+02
 0.602103E+00 -.341972E+01 -.173992E+01 -.160575E+01 0.228382E+02
 0.797833E+00 -.341508E+01 -.182938E+01 -.157703E+01 0.235934E+02
 0.516477E+00 -.344910E+01 -.167554E+01 -.154356E+01 0.209120E+02
 0.840156E+00 -.344916E+01 -.179724E+01 -.162506E+01 0.196483E+02
 0.101856E+01 -.341747E+01 -.187429E+01 -.156555E+01 0.238650E+02
 0.823978E+00 -.343847E+01 -.172856E+01 -.173377E+01 0.205104E+02
 0.102021E+01 -.344994E+01 -.187986E+01 -.157432E+01 0.235070E+02
 0.557237E+00 -.347584E+01 -.161594E+01 -.161139E+01 0.202316E+02
 0.794860E+00 -.346725E+01 -.178940E+01 -.165781E+01 0.212061E+02
 0.839412E+00 -.342829E+01 -.168922E+01 -.173239E+01 0.218383E+02
 0.871178E+00 -.347014E+01 -.169559E+01 -.182639E+01 0.229150E+02
 0.200000E+00 -.350188E+01 -.110393E+01 -.191250E+01 0.218317E+02
 0.981781E+00 -.343547E+01 -.187486E+01 -.155385E+01 0.221416E+02
 0.816388E+00 -.343758E+01 -.171094E+01 -.164943E+01 0.197057E+02
 0.823369E+00 -.346867E+01 -.183798E+01 -.145149E+01 0.217286E+02
 0.716470E+00 -.346113E+01 -.174609E+01 -.166183E+01 0.188091E+02
 0.802027E+00 -.347139E+01 -.172797E+01 -.160489E+01 0.193389E+02
 0.773741E+00 -.345720E+01 -.164658E+01 -.171966E+01 0.208836E+02
 0.973964E+00 -.345341E+01 -.173521E+01 -.182168E+01 0.239328E+02
 0.777134E+00 -.345006E+01 -.179315E+01 -.162698E+01 0.199331E+02
 0.855455E+00 -.347166E+01 -.168759E+01 -.179218E+01 0.219565E+02
 0.741162E+00 -.345432E+01 -.163227E+01 -.176507E+01 0.208016E+02
 0.827581E+00 -.348050E+01 -.185664E+01 -.146821E+01 0.222330E+02
 0.680321E+00 -.348561E+01 -.171285E+01 -.180325E+01 0.238631E+02
 0.772518E+00 -.345889E+01 -.182402E+01 -.149920E+01 0.195018E+02
 0.795294E+00 -.347811E+01 -.187464E+01 -.149001E+01 0.231169E+02
 0.837368E+00 -.346346E+01 -.176083E+01 -.152112E+01 0.209629E+02
 0.107514E+01 -.346183E+01 -.174635E+01 -.174123E+01 0.226273E+02
 0.597313E+00 -.348472E+01 -.163980E+01 -.162986E+01 0.197074E+02
 0.765021E+00 -.349896E+01 -.173553E+01 -.166119E+01 0.221994E+02
 0.590864E+00 -.345825E+01 -.179319E+01 -.155565E+01 0.213367E+02
 0.777681E+00 -.345638E+01 -.179153E+01 -.162530E+01 0.197621E+02
 0.770757E+00 -.345888E+01 -.184174E+01 -.155882E+01 0.214927E+02
 0.700175E+00 -.347357E+01 -.177758E+01 -.168247E+01 0.230053E+02
 0.783028E+00 -.346377E+01 -.176110E+01 -.159457E+01 0.182855E+02
 0.116830E+01 -.346025E+01 -.182652E+01 -.152841E+01 0.207318E+02
 0.902551E+00 -.347540E+01 -.178032E+01 -.150778E+01 0.223844E+02
 0.828374E+00 -.346754E+01 -.182907E+01 -.153321E+01 0.198251E+02
 0.102024E+01 -.346148E+01 -.179251E+01 -.158634E+01 0.197356E+02
 0.783047E+00 -.345747E+01 -.179740E+01 -.159889E+01 0.192674E+02
 0.965007E+00 -.343870E+01 -.182277E+01 -.158760E+01 0.197346E+02
 0.814361E+00 -.345393E+01 -.181088E+01 -.156151E+01 0.188947E+02
 0.716546E+00 -.345235E+01 -.170961E+01 -.168659E+01 0.182835E+02
 0.812470E+00 -.343902E+01 -.180819E+01 -.156914E+01 0.192399E+02
 0.783805E+00 -.344249E+01 -.177670E+01 -.159537E+01 0.185654E+02
 0.749018E+00 -.343490E+01 -.184468E+01 -.152828E+01 0.215027E+02
 0.608727E+00 -.346006E+01 -.161320E+01 -.173053E+01 0.187290E+02
 0.796711E+00 -.346235E+01 -.170602E+01 -.163508E+01 0.191763E+02
 0.700329E+00 -.341801E+01 -.179368E+01 -.156944E+01 0.225268E+02
 0.727300E+00 -.342882E+01 -.172145E+01 -.158503E+01 0.204898E+02
 0.773814E+00 -.343396E+01 -.174576E+01 -.160499E+01 0.190802E+02
 0.918667E+00 -.346057E+01 -.176078E+01 -.170711E+01 0.207499E+02
 0.811268E+00 -.346212E+01 -.163506E+01 -.172428E+01 0.228064E+02
 0.818165E+00 -.344053E+01 -.172917E+01 -.162682E+01 0.190468E+02
 0.773613E+00 -.343492E+01 -.178525E+01 -.158504E+01 0.192268E+02
 0.772270E+00 -.348569E+01 -.171930E+01 -.172575E+01 0.212402E+02
 0.723728E+00 -.345624E+01 -.167880E+01 -.168730E+01 0.185516E+02
 0.771333E+00 -.346900E+01 -.180246E+01 -.159746E+01 0.201648E+02
 0.829830E+00 -.344208E+01 -.182697E+01 -.157521E+01 0.201371E+02
 0.797492E+00 -.344826E+01 -.181526E+01 -.158570E+01 0.198445E+02
 0.767335E+00 -.345728E+01 -.174318E+01 -.164112E+01 0.181683E+02
 0.786473E+00 -.344564E+01 -.176986E+01 -.157322E+01 0.183398E+02
 0.810206E+00 -.342348E+01 -.175235E+01 -.157355E+01 0.208074E+02
 0.570084E+00 -.346084E+01 -.166441E+01 -.180038E+01 0.207168E+02
 0.774213E+00 -.347644E+01 -.180492E+01 -.163452E+01 0.225382E+02
 0.726313E+00 -.346431E+01 -.171162E+01 -.159030E+01 0.188865E+02
 0.780818E+00 -.344859E+01 -.171562E+01 -.167776E+01 0.186124E+02
 0.694416E+00 -.350504E+01 -.174458E+01 -.160914E+01 0.225258E+02
 0.697493E+00 -.345744E+01 -.176526E+01 -.168269E+01 0.211264E+02
 0.790852E+00 -.348890E+01 -.174181E+01 -.170437E+01 0.220190E+02
 0.525270E+00 -.346114E+01 -.175359E+01 -.160340E+01 0.219816E+02
 0.695452E+00 -.345307E+01 -.170094E+01 -.157032E+01 0.197553E+02
 0.793040E+00 -.344935E+01 -.173906E+01 -.162850E+01 0.182487E+02
 0.749627E+00 -.347050E+01 -.177346E+01 -.171203E+01 0.230606E+02
 0.718491E+00 -.345720E+01 -.170689E+01 -.157074E+01 0.196840E+02
 0.806836E+00 -.345764E+01 -.174100E+01 -.153434E+01 0.208860E+02
 0.847279E+00 -.344564E+01 -.176388E+01 -.167093E+01 0.194820E+02
 0.751739E+00 -.347393E+01 -.163532E+01 -.191798E+01 0.235958E+02
 0.825093E+00 -.345740E+01 -.172379E+01 -.154171E+01 0.222193E+02
 0.821571E+00 -.344488E+01 -.167832E+01 -.162419E+01 0.221623E+02
 0.727754E+00 -.344532E+01 -.174303E+01 -.162006E+01 0.182042E+02
 0.795835E+00 -.344184E+01 -.177098E+01 -.157721E+01 0.184971E+02
 0.537710E+00 -.344191E+01 -.168117E+01 -.160334E+01 0.195621E+02
 0.966621E+00 -.345850E+01 -.175852E+01 -.163264E+01 0.196159E+02
 0.697889E+00 -.345699E+01 -.173825E+01 -.170283E+01 0.198172E+02
 0.803460E+00 -.346602E+01 -.169453E+01 -.168949E+01 0.194551E+02
 0.829709E+00 -.342883E+01 -.176089E+01 -.165526E+01 0.201826E+02
 0.678499E+00 -.345795E+01 -.172514E+01 -.158438E+01 0.180687E+02
 0.416049E+00 -.349370E+01 -.149765E+01 -.166948E+01 0.207713E+02
 0.435875E+00 -.347204E+01 -.172636E+01 -.157604E+01 0.231122E+02
 0.974350E+00 -.345875E+01 -.184386E+01 -.160589E+01 0.220540E+02
 0.590679E+00 -.345768E+01 -.174070E+01 -.168563E+01 0.217212E+02
 0.636256E+00 -.346878E+01 -.170980E+01 -.155378E+01 0.192852E+02
 0.743297E+00 -.345758E+01 -.167866E+01 -.161729E+01 0.201422E+02
 0.771223E+00 -.346862E+01 -.171376E+01 -.162741E+01 0.188377E+02
 0.810059E+00 -.345839E+01 -.175056E+01 -.156485E+01 0.189918E+02
 0.785143E+00 -.345846E+01 -.174478E+01 -.156884E+01 0.188095E+02
 0.648150E+00 -.347595E+01 -.167195E+01 -.160112E+01 0.195718E+02
 0.657162E+00 -.347338E+01 -.171204E+01 -.158944E+01 0.184602E+02
 0.722735E+00 -.345819E+01 -.175801E+01 -.166437E+01 0.194489E+02
 0.108027E+01 -.343224E+01 -.179173E+01 -.150219E+01 0.233830E+02
 0.590254E+00 -.345807E+01 -.165365E+01 -.155514E+01 0.217613E+02
 0.668794E+00 -.347564E+01 -.179843E+01 -.151526E+01 0.202399E+02
 0.677630E+00 -.344944E+01 -.174334E+01 -.161286E+01 0.181910E+02
 0.660672E+00 -.345631E+01 -.160935E+01 -.167242E+01 0.213951E+02
 0.730538E+00 -.343459E+01 -.178324E+01 -.151944E+01 0.199569E+02
 0.611843E+00 -.342319E+01 -.168310E+01 -.156121E+01 0.236205E+02
 0.737580E+00 -.343749E+01 -.176413E+01 -.159452E+01 0.188325E+02
 0.817739E+00 -.344725E+01 -.169667E+01 -.158760E+01 0.219350E+02
 0.593562E+00 -.345802E+01 -.177616E+01 -.157817E+01 0.205437E+02
 0.623778E+00 -.345796E+01 -.172695E+01 -.160998E+01 0.180179E+02
 0.427283E+00 -.347714E+01 -.155564E+01 -.164119E+01 0.190856E+02
 0.696344E+00 -.344156E+01 -.174609E+01 -.158491E+01 0.185377E+02
 0.735689E+00 -.343290E+01 -.176972E+01 -.150011E+01 0.214847E+02
 0.113525E+01 -.346058E+01 -.188533E+01 -.155382E+01 0.229997E+02
 0.893623E+00 -.345844E+01 -.186120E+01 -.158677E+01 0.234592E+02
 0.743291E+00 -.345980E+01 -.163318E+01 -.178987E+01 0.208369E+02
 0.620537E+00 -.347014E+01 -.173111E+01 -.157138E+01 0.183994E+02
 0.672482E+00 -.344548E+01 -.170138E+01 -.158649E+01 0.191471E+02
 0.659471E+00 -.349259E+01 -.162556E+01 -.173420E+01 0.210208E+02
 0.488243E+00 -.347343E+01 -.174988E+01 -.158723E+01 0.228845E+02
 0.610946E+00 -.348767E+01 -.170968E+01 -.158702E+01 0.194094E+02
 0.692801E+00 -.347683E+01 -.177096E+01 -.148905E+01 0.214028E+02
 0.642455E+00 -.345730E+01 -.177647E+01 -.160204E+01 0.199879E+02
 0.582037E+00 -.346659E+01 -.167055E+01 -.168296E+01 0.177865E+02
 0.710605E+00 -.345493E+01 -.175923E+01 -.165906E+01 0.194751E+02
 0.655167E+00 -.347156E+01 -.173390E+01 -.159077E+01 0.182287E+02
 0.618382E+00 -.343916E+01 -.167245E+01 -.166678E+01 0.190036E+02
 0.504905E+00 -.348460E+01 -.164426E+01 -.176523E+01 0.204104E+02
 0.655736E+00 -.343639E+01 -.165472E+01 -.158559E+01 0.228984E+02
 0.601584E+00 -.342034E+01 -.171531E+01 -.166731E+01 0.229448E+02
 0.872377E+00 -.345959E+01 -.167416E+01 -.162487E+01 0.236851E+02
 0.522811E+00 -.347914E+01 -.165506E+01 -.168125E+01 0.182916E+02
 0.682722E+00 -.343973E+01 -.167866E+01 -.169617E+01 0.190776E+02
 0.565158E+00 -.347068E+01 -.161388E+01 -.157556E+01 0.226701E+02
 0.826671E+00 -.341669E+01 -.170911E+01 -.170091E+01 0.226669E+02
 0.804617E+00 -.347210E+01 -.186991E+01 -.153577E+01 0.237242E+02
 0.519660E+00 -.346183E+01 -.172759E+01 -.169547E+01 0.238072E+02
 0.518683E+00 -.349305E+01 -.171236E+01 -.168904E+01 0.234194E+02
 0.628658E+00 -.345308E+01 -.164004E+01 -.157691E+01 0.226118E+02
 0.629952E+00 -.343328E+01 -.170282E+01 -.164959E+01 0.196026E+02
 0.659880E+00 -.344388E+01 -.169636E+01 -.161278E+01 0.186737E+02
 0.767020E+00 -.348197E+01 -.178358E+01 -.168875E+01 0.237811E+02
 0.747803E+00 -.343041E+01 -.169191E+01 -.170311E+01 0.203469E+02
 0.789517E+00 -.344249E+01 -.168689E+01 -.179956E+01 0.211858E+02
 0.542473E+00 -.347052E+01 -.163920E+01 -.169154E+01 0.177185E+02
 0.654838E+00 -.348854E+01 -.174389E+01 -.156094E+01 0.200718E+02
 0.843428E+00 -.345474E+01 -.178498E+01 -.161380E+01 0.187814E+02
 0.654586E+00 -.343314E+01 -.169589E+01 -.165903E+01 0.194929E+02
 0.533562E+00 -.348345E+01 -.167267E+01 -.163463E+01 0.185260E+02
 0.719107E+00 -.345912E+01 -.171089E+01 -.173572E+01 0.193422E+02
 0.628103E+00 -.345970E+01 -.163351E+01 -.161458E+01 0.206903E+02
 0.562686E+00 -.345138E+01 -.157703E+01 -.169366E+01 0.204705E+02
 0.721326E+00 -.345234E+01 -.176025E+01 -.174091E+01 0.231341E+02
 0.625228E+00 -.348050E+01 -.158610E+01 -.172734E+01 0.209680E+02
 0.575163E+00 -.346571E+01 -.160192E+01 -.190473E+01 0.210903E+02
 0.602804E+00 -.345268E+01 -.165639E+01 -.168925E+01 0.180385E+02
 0.768294E+00 -.346244E+01 -.170363E+01 -.164054E+01 0.187364E+02
 0.554103E+00 -.346837E+01 -.161342E+01 -.169050E+01 0.180502E+02
 0.911693E+00 -.342192E+01 -.171656E+01 -.168552E+01 0.222610E+02
 0.645347E+00 -.349959E+01 -.166264E+01 -.164950E+01 0.211173E+02
 0.732651E+00 -.347287E+01 -.171489E+01 -.170955E+01 0.193098E+02
 0.567287E+00 -.346076E+01 -.174399E+01 -.168837E+01 0.230930E+02
 0.539208E+00 -.348619E+01 -.170580E+01 -.168916E+01 0.214064E+02
 0.669825E+00 -.343173E+01 -.167322E+01 -.171013E+01 0.201509E+02
 0.521025E+00 -.347502E+01 -.171238E+01 -.168989E+01 0.219678E+02
 0.568424E+00 -.343929E+01 -.177909E+01 -.157149E+01 0.225367E+02
 0.725395E+00 -.343181E+01 -.168412E+01 -.171331E+01 0.202436E+02
 0.533665E+00 -.348238E+01 -.163753E+01 -.167434E+01 0.181286E+02
 0.900000E+00 -.342538E+01 -.177063E+01 -.165028E+01 0.206526E+02
 0.758467E+00 -.347619E+01 -.174769E+01 -.168689E+01 0.202860E+02
 0.400377E+00 -.346092E+01 -.161523E+01 -.162319E+01 0.197640E+02
 0.531549E+00 -.346132E+01 -.160918E+01 -.169278E+01 0.180277E+02
 0.409730E+00 -.348854E+01 -.168407E+01 -.164415E+01 0.236719E+02
 0.200000E+00 -.349864E+01 -.137004E+01 -.168564E+01 0.199256E+02
 0.726698E+00 -.344308E+01 -.175372E+01 -.159899E+01 0.183537E+02
 0.625472E+00 -.344013E+01 -.159013E+01 -.165384E+01 0.239308E+02
 0.581097E+00 -.345002E+01 -.155051E+01 -.175844E+01 0.217011E+02
 0.546997E+00 -.345333E+01 -.159212E+01 -.169456E+01 0.191617E+02
 0.784997E+00 -.345597E+01 -.172264E+01 -.159327E+01 0.190391E+02
 0.582862E+00 -.346739E+01 -.160284E+01 -.167055E+01 0.193962E+02
 0.570500E+00 -.345321E+01 -.155040E+01 -.173349E+01 0.215046E+02
 0.568110E+00 -.343986E+01 -.163817E+01 -.165631E+01 0.196157E+02
 0.651034E+00 -.344331E+01 -.164609E+01 -.170386E+01 0.192563E+02
 0.602362E+00 -.344189E+01 -.164672E+01 -.170748E+01 0.190585E+02
 0.594973E+00 -.349999E+01 -.175306E+01 -.161516E+01 0.229886E+02
 0.640327E+00 -.347074E+01 -.169453E+01 -.162707E+01 0.179175E+02
 0.548813E+00 -.346284E+01 -.166014E+01 -.169023E+01 0.179580E+02
 0.498150E+00 -.351138E+01 -.163407E+01 -.166566E+01 0.214107E+02
 0.517711E+00 -.349383E+01 -.165546E+01 -.171402E+01 0.201295E+02
 0.200000E+00 -.352318E+01 -.141311E+01 -.161559E+01 0.227871E+02
 0.200000E+00 -.354184E+01 -.127576E+01 -.179279E+01 0.235362E+02
 0.514012E+00 -.345896E+01 -.178215E+01 -.153619E+01 0.229147E+02
 0.540302E+00 -.347958E+01 -.169168E+01 -.168909E+01 0.198306E+02
 0.523647E+00 -.345109E+01 -.151973E+01 -.170549E+01 0.230296E+02
 0.757958E+00 -.346224E+01 -.172380E+01 -.153756E+01 0.211593E+02
 0.539078E+00 -.345874E+01 -.171271E+01 -.171331E+01 0.221885E+02
 0.613223E+00 -.347245E+01 -.166399E+01 -.178670E+01 0.197487E+02
 0.504334E+00 -.347139E+01 -.161264E+01 -.175555E+01 0.183586E+02
 0.446054E+00 -.348171E+01 -.159848E+01 -.163446E+01 0.185726E+02
 0.468858E+00 -.346634E+01 -.172685E+01 -.163906E+01 0.236820E+02
 0.534895E+00 -.347383E+01 -.169703E+01 -.169139E+01 0.201499E+02
 0.644375E+00 -.342979E+01 -.178582E+01 -.157446E+01 0.216610E+02
 0.485395E+00 -.344132E+01 -.165084E+01 -.177474E+01 0.232265E+02
 0.615920E+00 -.344497E+01 -.172540E+01 -.165285E+01 0.192968E+02
 0.901867E+00 -.346290E+01 -.173850E+01 -.153828E+01 0.228659E+02
 0.801267E+00 -.346723E+01 -.179253E+01 -.152766E+01 0.192506E+02
 0.729070E+00 -.346830E+01 -.164156E+01 -.186748E+01 0.217561E+02
 0.542018E+00 -.346615E+01 -.157573E+01 -.162572E+01 0.218139E+02
 0.532070E+00 -.346237E+01 -.165267E+01 -.169369E+01 0.180495E+02
 0.537495E+00 -.345919E+01 -.165479E+01 -.161655E+01 0.182540E+02
 0.738380E+00 -.347154E+01 -.166953E+01 -.180268E+01 0.206121E+02
 0.900000E+00 -.345214E+01 -.172063E+01 -.166603E+01 0.197702E+02
 0.594772E+00 -.347335E+01 -.168024E+01 -.165238E+01 0.178354E+02
 0.598450E+00 -.347960E+01 -.156230E+01 -.188811E+01 0.214305E+02
 0.993838E+00 -.344435E+01 -.168590E+01 -.171507E+01 0.233534E+02
 0.676270E+00 -.348490E+01 -.182020E+01 -.156121E+01 0.232744E+02
 0.589022E+00 -.346800E+01 -.173348E+01 -.157717E+01 0.185549E+02
 0.536758E+00 -.345680E+01 -.159311E+01 -.169246E+01 0.187637E+02
 0.810499E+00 -.342441E+01 -.173623E+01 -.158309E+01 0.211541E+02
 0.598736E+00 -.348446E+01 -.161428E+01 -.169696E+01 0.194186E+02
 0.518259E+00 -.348492E+01 -.159367E+01 -.171204E+01 0.184459E+02
 0.516747E+00 -.349959E+01 -.163011E+01 -.158621E+01 0.216092E+02
 0.592687E+00 -.344496E+01 -.164560E+01 -.167332E+01 0.187802E+02
 0.388261E+00 -.347911E+01 -.164661E+01 -.168934E+01 0.228420E+02
 0.502173E+00 -.347256E+01 -.171527E+01 -.151282E+01 0.209151E+02
 0.646771E+00 -.347054E+01 -.170285E+01 -.173224E+01 0.195700E+02
 0.543176E+00 -.346370E+01 -.164663E+01 -.168956E+01 0.177685E+02
 0.547403E+00 -.345161E+01 -.167684E+01 -.171526E+01 0.195822E+02
 0.681065E+00 -.348224E+01 -.172170E+01 -.166171E+01 0.192490E+02
 0.434523E+00 -.348418E+01 -.163977E+01 -.161562E+01 0.192491E+02
 0.765135E+00 -.346643E+01 -.173497E+01 -.171413E+01 0.198368E+02
 0.557120E+00 -.347616E+01 -.164304E+01 -.172894E+01 0.182653E+02
 0.517994E+00 -.345255E+01 -.164973E+01 -.169893E+01 0.187534E+02
 0.714347E+00 -.348028E+01 -.166239E+01 -.172307E+01 0.197929E+02
 0.550373E+00 -.345673E+01 -.166148E+01 -.185517E+01 0.233774E+02
 0.531450E+00 -.351909E+01 -.166675E+01 -.168474E+01 0.238030E+02
 0.651759E+00 -.342689E+01 -.175596E+01 -.148817E+01 0.235440E+02
 0.473180E+00 -.347466E+01 -.167291E+01 -.175814E+01 0.233305E+02
 0.546894E+00 -.348354E+01 -.167496E+01 -.168886E+01 0.190654E+02
 0.536128E+00 -.346633E+01 -.154398E+01 -.173037E+01 0.201958E+02
 0.567512E+00 -.347309E+01 -.175354E+01 -.164335E+01 0.221407E+02
 0.582831E+00 -.345702E+01 -.169703E+01 -.171471E+01 0.195927E+02
 0.552712E+00 -.348033E+01 -.165690E+01 -.176779E+01 0.199530E+02
 0.907020E+00 -.343749E+01 -.181257E+01 -.156812E+01 0.191502E+02
 0.559412E+00 -.346994E+01 -.163087E+01 -.175409E+01 0.182804E+02
 0.532474E+00 -.345815E+01 -.171299E+01 -.161499E+01 0.192093E+02
 0.543983E+00 -.347289E+01 -.164168E+01 -.168995E+01 0.177662E+02
 0.545027E+00 -.347116E+01 -.159708E+01 -.170091E+01 0.183136E+02
 0.449277E+00 -.346737E+01 -.164321E+01 -.170326E+01 0.198827E+02
 0.580278E+00 -.345923E+01 -.166044E+01 -.167337E+01 0.177156E+02
 0.864543E+00 -.341729E+01 -.170273E+01 -.167063E+01 0.231873E+02
 0.592975E+00 -.345778E+01 -.164252E+01 -.169781E+01 0.179405E+02
 0.559782E+00 -.346365E+01 -.163291E+01 -.159008E+01 0.201996E+02
 0.146760E+01 -.345982E+01 -.184035E+01 -.149274E+01 0.230553E+02
 0.577458E+00 -.350547E+01 -.168713E+01 -.166422E+01 0.214730E+02
 0.497207E+00 -.344264E+01 -.160321E+01 -.159568E+01 0.221337E+02
 0.559084E+00 -.347022E+01 -.163609E+01 -.155224E+01 0.224307E+02
 0.673914E+00 -.345779E+01 -.163665E+01 -.169524E+01 0.193205E+02
 0.634627E+00 -.345517E+01 -.164564E+01 -.158668E+01 0.215508E+02
 0.584377E+00 -.345238E+01 -.162799E+01 -.168690E+01 0.184950E+02
 0.599277E+00 -.346641E+01 -.164939E+01 -.164178E+01 0.182298E+02
 0.704347E+00 -.346750E+01 -.179177E+01 -.155179E+01 0.191371E+02
 0.578136E+00 -.346109E+01 -.162974E+01 -.163867E+01 0.188301E+02
 0.387391E+00 -.347993E+01 -.169228E+01 -.155548E+01 0.229384E+02
 0.620616E+00 -.342095E+01 -.165783E+01 -.166495E+01 0.222499E+02
 0.507331E+00 -.346650E+01 -.160281E+01 -.167682E+01 0.179972E+02
 0.411676E+00 -.344830E+01 -.159996E+01 -.170161E+01 0.207528E+02
 0.699552E+00 -.345306E+01 -.171805E+01 -.152742E+01 0.212074E+02
 0.696744E+00 -.345379E+01 -.169826E+01 -.160546E+01 0.186102E+02
 0.573808E+00 -.343559E+01 -.165538E+01 -.168456E+01 0.197811E+02
 0.642129E+00 -.345423E+01 -.170451E+01 -.160809E+01 0.179404E+02
 0.440512E+00 -.344191E+01 -.165424E+01 -.161342E+01 0.214391E+02
 0.642580E+00 -.344731E+01 -.179500E+01 -.163071E+01 0.233534E+02
 0.798843E+00 -.344485E+01 -.171083E+01 -.165695E+01 0.189770E+02
 0.579456E+00 -.346073E+01 -.160524E+01 -.162542E+01 0.208887E+02
 0.571119E+00 -.350282E+01 -.170744E+01 -.167594E+01 0.223922E+02
 0.607199E+00 -.345614E+01 -.171566E+01 -.152692E+01 0.201417E+02
 0.514573E+00 -.346099E+01 -.172585E+01 -.167764E+01 0.229644E+02
 0.555855E+00 -.345672E+01 -.166854E+01 -.167874E+01 0.180937E+02
 0.666261E+00 -.345018E+01 -.174544E+01 -.161523E+01 0.183491E+02
 0.649309E+00 -.346654E+01 -.171068E+01 -.170505E+01 0.189804E+02
 0.582639E+00 -.345831E+01 -.169608E+01 -.168656E+01 0.187008E+02
 0.599589E+00 -.343760E+01 -.169927E+01 -.173656E+01 0.214988E+02
 0.606631E+00 -.350985E+01 -.163081E+01 -.174153E+01 0.224147E+02
 0.536443E+00 -.346120E+01 -.169391E+01 -.171766E+01 0.207182E+02
 0.669548E+00 -.345361E+01 -.163264E+01 -.173325E+01 0.192851E+02
 0.709242E+00 -.348994E+01 -.165214E+01 -.167641E+01 0.213355E+02
 0.815823E+00 -.346639E+01 -.170321E+01 -.163634E+01 0.197919E+02
 0.608723E+00 -.345013E+01 -.168188E+01 -.160453E+01 0.185486E+02
 0.555011E+00 -.346401E+01 -.167945E+01 -.181746E+01 0.230315E+02
 0.502086E+00 -.346114E+01 -.169235E+01 -.167638E+01 0.203982E+02
 0.572880E+00 -.348507E+01 -.163427E+01 -.168232E+01 0.185825E+02
 0.548531E+00 -.343224E+01 -.168838E+01 -.168531E+01 0.215082E+02
 0.668049E+00 -.346075E+01 -.169819E+01 -.167824E+01 0.178968E+02
 0.758540E+00 -.342060E+01 -.177501E+01 -.162067E+01 0.214247E+02
 0.614966E+00 -.347805E+01 -.171982E+01 -.157995E+01 0.186782E+02
 0.639753E+00 -.349930E+01 -.164200E+01 -.185331E+01 0.233909E+02
 0.500294E+00 -.344609E+01 -.163847E+01 -.170420E+01 0.195058E+02
 0.539742E+00 -.346882E+01 -.164293E+01 -.171560E+01 0.179995E+02
 0.581189E+00 -.345818E+01 -.173009E+01 -.171141E+01 0.222047E+02
 0.441198E+00 -.350079E+01 -.164321E+01 -.158472E+01 0.209615E+02
 0.802633E+00 -.342497E+01 -.166473E+01 -.172991E+01 0.228681E+02
 0.476243E+00 -.347925E+01 -.166403E+01 -.167475E+01 0.195388E+02
 0.659942E+00 -.346868E+01 -.175495E+01 -.169872E+01 0.219756E+02
 0.589278E+00 -.350110E+01 -.168336E+01 -.166287E+01 0.206363E+02
 0.521731E+00 -.344418E+01 -.167404E+01 -.163194E+01 0.193636E+02
 0.608908E+00 -.347014E+01 -.166735E+01 -.161044E+01 0.185434E+02
 0.529836E+00 -.345722E+01 -.164504E+01 -.161567E+01 0.185475E+02
 0.572165E+00 -.348335E+01 -.164772E+01 -.168659E+01 0.183315E+02
 0.542641E+00 -.346926E+01 -.160271E+01 -.172611E+01 0.180124E+02
 0.555664E+00 -.348206E+01 -.165112E+01 -.169871E+01 0.183349E+02
 0.425743E+00 -.347195E+01 -.143429E+01 -.176953E+01 0.216274E+02
 0.715770E+00 -.349266E+01 -.168724E+01 -.171380E+01 0.208714E+02
 0.507647E+00 -.346286E+01 -.160762E+01 -.172071E+01 0.179588E+02
 0.578397E+00 -.345835E+01 -.165016E+01 -.169315E+01 0.178174E+02
 0.993285E+00 -.343588E+01 -.169165E+01 -.167052E+01 0.239066E+02
 0.621849E+00 -.342073E+01 -.172567E+01 -.162612E+01 0.219919E+02
 0.424610E+00 -.349725E+01 -.165859E+01 -.165787E+01 0.219224E+02
 0.581337E+00 -.344806E+01 -.163077E+01 -.176169E+01 0.190855E+02
 0.534156E+00 -.347310E+01 -.156233E+01 -.160948E+01 0.236494E+02
 0.708232E+00 -.346744E+01 -.176890E+01 -.154144E+01 0.187825E+02
 0.451320E+00 -.345409E+01 -.168908E+01 -.168251E+01 0.232926E+02
 0.557724E+00 -.346460E+01 -.168371E+01 -.157112E+01 0.188098E+02
 0.557865E+00 -.345790E+01 -.164001E+01 -.159798E+01 0.195548E+02
 0.581342E+00 -.347110E+01 -.166338E+01 -.167700E+01 0.177411E+02
 0.537057E+00 -.346007E+01 -.159747E+01 -.170393E+01 0.183322E+02
 0.407672E+00 -.346529E+01 -.157590E+01 -.168825E+01 0.186200E+02
 0.535478E+00 -.345537E+01 -.162220E+01 -.169088E+01 0.181293E+02
 0.578794E+00 -.346005E+01 -.159850E+01 -.165130E+01 0.202868E+02
 0.663693E+00 -.346026E+01 -.165966E+01 -.156285E+01 0.226340E+02
 0.484666E+00 -.343033E+01 -.167279E+01 -.157515E+01 0.227893E+02
 0.672628E+00 -.343029E+01 -.166351E+01 -.175291E+01 0.209591E+02
 0.644492E+00 -.342508E+01 -.165694E+01 -.169972E+01 0.213819E+02
 0.820491E+00 -.347521E+01 -.170579E+01 -.167319E+01 0.199939E+02
 0.588505E+00 -.345912E+01 -.167682E+01 -.159855E+01 0.183513E+02
 0.642838E+00 -.346024E+01 -.166026E+01 -.169001E+01 0.179842E+02
 0.535266E+00 -.344679E+01 -.167265E+01 -.168431E+01 0.193399E+02
 0.618303E+00 -.345222E+01 -.177163E+01 -.164930E+01 0.223387E+02
 0.587818E+00 -.348984E+01 -.172781E+01 -.166119E+01 0.212971E+02
 0.636874E+00 -.346918E+01 -.166226E+01 -.167888E+01 0.179861E+02
 0.683496E+00 -.346411E+01 -.168505E+01 -.168429E+01 0.180211E+02
 0.559036E+00 -.346292E+01 -.164655E+01 -.166761E+01 0.176978E+02
 0.581617E+00 -.345913E+01 -.166009E+01 -.166137E+01 0.177244E+02
 0.579691E+00 -.347921E+01 -.155508E+01 -.166916E+01 0.232214E+02
 0.724260E+00 -.346702E+01 -.177791E+01 -.165494E+01 0.208465E+02
 0.582056E+00 -.347146E+01 -.162777E+01 -.169029E+01 0.180760E+02
 0.450862E+00 -.345926E+01 -.165041E+01 -.168544E+01 0.200905E+02
 0.629640E+00 -.346990E+01 -.164989E+01 -.166980E+01 0.182798E+02
 0.556607E+00 -.346750E+01 -.170042E+01 -.170201E+01 0.199752E+02
 0.777498E+00 -.348942E+01 -.168597E+01 -.174126E+01 0.216805E+02
 0.548188E+00 -.348229E+01 -.160800E+01 -.166737E+01 0.188867E+02
 0.866097E+00 -.347060E+01 -.177198E+01 -.154882E+01 0.199484E+02
 0.551064E+00 -.344077E+01 -.157197E+01 -.168028E+01 0.220233E+02
 0.588565E+00 -.345208E+01 -.165785E+01 -.179373E+01 0.201240E+02
 0.555519E+00 -.346228E+01 -.166905E+01 -.176621E+01 0.201190E+02
 0.637125E+00 -.346268E+01 -.166165E+01 -.173408E+01 0.182610E+02
 0.503066E+00 -.345377E+01 -.163851E+01 -.168955E+01 0.185550E+02
 0.753523E+00 -.347975E+01 -.176590E+01 -.164322E+01 0.203023E+02
 0.775944E+00 -.344230E+01 -.168481E+01 -.184601E+01 0.224211E+02
 0.578672E+00 -.346921E+01 -.166684E+01 -.164821E+01 0.176904E+02
 0.552679E+00 -.345977E+01 -.170399E+01 -.168036E+01 0.196447E+02
 0.508830E+00 -.347113E+01 -.160841E+01 -.189901E+01 0.221284E+02
 0.548969E+00 -.345847E+01 -.166493E+01 -.169506E+01 0.182642E+02
 0.524740E+00 -.346875E+01 -.162737E+01 -.154139E+01 0.230314E+02
 0.514414E+00 -.348522E+01 -.164285E+01 -.164542E+01 0.184158E+02
 0.536209E+00 -.347381E+01 -.161778E+01 -.170136E+01 0.178325E+02
 0.601512E+00 -.343966E+01 -.171960E+01 -.164374E+01 0.196059E+02
 0.716682E+00 -.346797E+01 -.165908E+01 -.180511E+01 0.202144E+02
 0.574591E+00 -.347851E+01 -.167603E+01 -.175459E+01 0.201389E+02
 0.604907E+00 -.346521E+01 -.166543E+01 -.170829E+01 0.179228E+02
 0.574788E+00 -.349193E+01 -.162028E+01 -.165395E+01 0.200704E+02
 0.613146E+00 -.347327E+01 -.157084E+01 -.166552E+01 0.232570E+02
 0.985898E+00 -.344004E+01 -.169434E+01 -.172737E+01 0.227674E+02
 0.512368E+00 -.346120E+01 -.157326E+01 -.161728E+01 0.215945E+02
 0.728999E+00 -.348404E+01 -.170847E+01 -.166478E+01 0.195205E+02
 0.455941E+00 -.344880E+01 -.166773E+01 -.166401E+01 0.211927E+02
 0.595024E+00 -.347446E+01 -.168375E+01 -.163206E+01 0.179272E+02
 0.557212E+00 -.346486E+01 -.164570E+01 -.165778E+01 0.177337E+02
 0.290731E+00 -.345430E+01 -.146954E+01 -.174188E+01 0.220016E+02
 0.602252E+00 -.343783E+01 -.171227E+01 -.168055E+01 0.203402E+02
 0.496674E+00 -.350421E+01 -.166787E+01 -.161387E+01 0.209772E+02
 0.634713E+00 -.343834E+01 -.167550E+01 -.166771E+01 0.190596E+02
 0.574807E+00 -.346567E+01 -.159503E+01 -.168038E+01 0.193946E+02
 0.481692E+00 -.348124E+01 -.169163E+01 -.165427E+01 0.207064E+02
 0.527495E+00 -.346253E+01 -.161456E+01 -.163352E+01 0.188115E+02
 0.652894E+00 -.347533E+01 -.167458E+01 -.168584E+01 0.182723E+02
 0.673490E+00 -.348456E+01 -.169235E+01 -.157140E+01 0.209504E+02
 0.557681E+00 -.346814E+01 -.166929E+01 -.168529E+01 0.180020E+02
 0.601234E+00 -.349487E+01 -.165746E+01 -.165071E+01 0.198203E+02
 0.725375E+00 -.344197E+01 -.170939E+01 -.158289E+01 0.197432E+02
 0.642869E+00 -.350371E+01 -.167370E+01 -.171631E+01 0.217228E+02
 0.536243E+00 -.348979E+01 -.164353E+01 -.162254E+01 0.192078E+02
 0.585318E+00 -.347629E+01 -.165991E+01 -.163078E+01 0.182462E+02
 0.587502E+00 -.346570E+01 -.162469E+01 -.164919E+01 0.188995E+02
 0.571258E+00 -.347324E+01 -.161209E+01 -.189415E+01 0.212067E+02
 0.790511E+00 -.344991E+01 -.169977E+01 -.159316E+01 0.206961E+02
 0.664675E+00 -.345379E+01 -.172312E+01 -.148890E+01 0.234651E+02
 0.604819E+00 -.345299E+01 -.167907E+01 -.174002E+01 0.191800E+02
 0.538064E+00 -.345407E+01 -.164746E+01 -.178667E+01 0.202879E+02
 0.705466E+00 -.342419E+01 -.166748E+01 -.169321E+01 0.216210E+02
 0.561043E+00 -.345141E+01 -.175188E+01 -.164726E+01 0.224238E+02
 0.668450E+00 -.347123E+01 -.167041E+01 -.167198E+01 0.183022E+02
 0.548931E+00 -.347706E+01 -.167707E+01 -.154450E+01 0.204305E+02
 0.537788E+00 -.346866E+01 -.166928E+01 -.164325E+01 0.178587E+02
 0.552603E+00 -.346899E+01 -.168598E+01 -.167356E+01 0.184670E+02
 0.518913E+00 -.344320E+01 -.172833E+01 -.157769E+01 0.209413E+02
 0.875461E+00 -.346089E+01 -.168205E+01 -.170758E+01 0.211747E+02
 0.482824E+00 -.346317E+01 -.151264E+01 -.166462E+01 0.225703E+02
 0.569010E+00 -.346591E+01 -.164359E+01 -.167148E+01 0.177161E+02
 0.596239E+00 -.346747E+01 -.165239E+01 -.166527E+01 0.178079E+02
 0.575227E+00 -.347454E+01 -.158287E+01 -.166544E+01 0.207216E+02
 0.649679E+00 -.348454E+01 -.164137E+01 -.163605E+01 0.207500E+02
 0.461879E+00 -.345460E+01 -.167233E+01 -.166134E+01 0.206201E+02
 0.519193E+00 -.345433E+01 -.165428E+01 -.165348E+01 0.182898E+02
 0.100217E+01 -.347091E+01 -.173315E+01 -.162665E+01 0.219788E+02
 0.566382E+00 -.347411E+01 -.167731E+01 -.154350E+01 0.205939E+02
 0.532940E+00 -.346987E+01 -.168133E+01 -.159992E+01 0.182431E+02
 0.571625E+00 -.346953E+01 -.166583E+01 -.161021E+01 0.181971E+02
 0.524151E+00 -.345009E+01 -.168314E+01 -.170362E+01 0.204099E+02
 0.821147E+00 -.347106E+01 -.166629E+01 -.166150E+01 0.221042E+02
 0.615526E+00 -.350077E+01 -.165534E+01 -.162102E+01 0.215556E+02
 0.840099E+00 -.345413E+01 -.170525E+01 -.161356E+01 0.204604E+02
 0.564951E+00 -.346584E+01 -.168785E+01 -.166820E+01 0.182046E+02
 0.491645E+00 -.345431E+01 -.156274E+01 -.182068E+01 0.195956E+02
 0.591041E+00 -.346925E+01 -.168300E+01 -.165652E+01 0.177547E+02
 0.714172E+00 -.345144E+01 -.163017E+01 -.172427E+01 0.205256E+02
 0.566943E+00 -.345062E+01 -.157637E+01 -.182044E+01 0.200721E+02
 0.633253E+00 -.342772E+01 -.165171E+01 -.172503E+01 0.210969E+02
 0.548549E+00 -.346119E+01 -.165563E+01 -.156938E+01 0.198890E+02
 0.455700E+00 -.349772E+01 -.166176E+01 -.165450E+01 0.209967E+02
 0.469600E+00 -.342532E+01 -.164981E+01 -.163356E+01 0.235057E+02
 0.572178E+00 -.350152E+01 -.164190E+01 -.182866E+01 0.230301E+02
 0.899032E+00 -.341819E+01 -.175404E+01 -.164453E+01 0.215217E+02
 0.111065E+01 -.346008E+01 -.175813E+01 -.161203E+01 0.215343E+02
 0.551756E+00 -.346482E+01 -.160289E+01 -.164057E+01 0.195654E+02
 0.647522E+00 -.347072E+01 -.167473E+01 -.168364E+01 0.179962E+02
 0.558594E+00 -.346270E+01 -.167165E+01 -.178746E+01 0.209933E+02
 0.585037E+00 -.346941E+01 -.166563E+01 -.166934E+01 0.176811E+02
 0.570696E+00 -.348085E+01 -.164710E+01 -.166488E+01 0.181893E+02
 0.550691E+00 -.345048E+01 -.164845E+01 -.167887E+01 0.182811E+02
 0.814866E+00 -.347079E+01 -.170353E+01 -.168552E+01 0.196408E+02
 0.665979E+00 -.341808E+01 -.164295E+01 -.167089E+01 0.238601E+02
 0.374298E+00 -.347424E+01 -.161520E+01 -.163808E+01 0.201608E+02
 0.790711E+00 -.349926E+01 -.168287E+01 -.175037E+01 0.235463E+02
 0.433119E+00 -.347939E+01 -.157297E+01 -.165630E+01 0.184047E+02
 0.578188E+00 -.346782E+01 -.169567E+01 -.165439E+01 0.180982E+02
 0.560653E+00 -.347050E+01 -.168916E+01 -.165329E+01 0.181569E+02
 0.913131E+00 -.345975E+01 -.170944E+01 -.161163E+01 0.218126E+02
 0.542202E+00 -.350267E+01 -.162654E+01 -.167724E+01 0.202887E+02
 0.586981E+00 -.347942E+01 -.163772E+01 -.166816E+01 0.184226E+02
 0.672254E+00 -.348995E+01 -.166806E+01 -.170253E+01 0.199218E+02
 0.560520E+00 -.345630E+01 -.169697E+01 -.162063E+01 0.182046E+02
 0.545735E+00 -.347501E+01 -.150887E+01 -.172912E+01 0.232628E+02
 0.686555E+00 -.342844E+01 -.169912E+01 -.165539E+01 0.200821E+02
 0.650592E+00 -.342024E+01 -.170004E+01 -.166170E+01 0.216709E+02
 0.468684E+00 -.346745E+01 -.166026E+01 -.159747E+01 0.188657E+02
 0.709622E+00 -.346785E+01 -.166935E+01 -.178434E+01 0.197597E+02
 0.635160E+00 -.346112E+01 -.166045E+01 -.157563E+01 0.208958E+02
 0.596152E+00 -.346930E+01 -.166546E+01 -.171833E+01 0.181613E+02
 0.589834E+00 -.348306E+01 -.164237E+01 -.165339E+01 0.187880E+02
 0.656515E+00 -.344131E+01 -.176030E+01 -.168239E+01 0.221886E+02
 0.559697E+00 -.345600E+01 -.167278E+01 -.171515E+01 0.188732E+02
 0.580447E+00 -.349317E+01 -.155338E+01 -.190569E+01 0.225184E+02
 0.511430E+00 -.350814E+01 -.156904E+01 -.188688E+01 0.230953E+02
 0.590075E+00 -.347143E+01 -.164189E+01 -.164217E+01 0.184366E+02
 0.396817E+00 -.345262E+01 -.141768E+01 -.175001E+01 0.234078E+02
 0.575882E+00 -.347082E+01 -.168092E+01 -.165360E+01 0.178224E+02
 0.819912E+00 -.346632E+01 -.176895E+01 -.165473E+01 0.195790E+02
 0.585405E+00 -.348083E+01 -.168106E+01 -.154027E+01 0.212626E+02
 0.548610E+00 -.348154E+01 -.165259E+01 -.169232E+01 0.182851E+02
 0.614899E+00 -.344630E+01 -.168763E+01 -.173069E+01 0.195399E+02
 0.501669E+00 -.346375E+01 -.162713E+01 -.175901E+01 0.190035E+02
 0.721101E+00 -.344334E+01 -.166784E+01 -.169709E+01 0.194141E+02
 0.860716E+00 -.343177E+01 -.169841E+01 -.168457E+01 0.212125E+02
 0.574674E+00 -.346605E+01 -.181098E+01 -.153670E+01 0.230022E+02
 0.469867E+00 -.347498E+01 -.161029E+01 -.160704E+01 0.190407E+02
 0.520961E+00 -.344960E+01 -.159280E+01 -.189606E+01 0.219242E+02
 0.740698E+00 -.347562E+01 -.164569E+01 -.169540E+01 0.209222E+02
 0.692122E+00 -.346958E+01 -.165986E+01 -.170775E+01 0.187706E+02
 0.584283E+00 -.346938E+01 -.166562E+01 -.165137E+01 0.176960E+02
 0.569605E+00 -.346140E+01 -.165863E+01 -.169730E+01 0.178579E+02
 0.654998E+00 -.345067E+01 -.166684E+01 -.166950E+01 0.183190E+02
 0.780320E+00 -.346076E+01 -.171133E+01 -.179579E+01 0.213125E+02
 0.884307E+00 -.344685E+01 -.170907E+01 -.178768E+01 0.216046E+02
 0.493214E+00 -.346614E+01 -.167013E+01 -.168585E+01 0.194312E+02
 0.590589E+00 -.346881E+01 -.164835E+01 -.164574E+01 0.181031E+02
 0.601056E+00 -.345956E+01 -.164608E+01 -.168213E+01 0.179144E+02
 0.499677E+00 -.343316E+01 -.167542E+01 -.168321E+01 0.223798E+02
 0.444733E+00 -.347692E+01 -.163409E+01 -.164429E+01 0.186530E+02
 0.619633E+00 -.342101E+01 -.166925E+01 -.170453E+01 0.221200E+02
 0.517447E+00 -.345560E+01 -.165000E+01 -.166365E+01 0.182129E+02
 0.570274E+00 -.344119E+01 -.166561E+01 -.167229E+01 0.190459E+02
 0.592226E+00 -.346254E+01 -.165441E+01 -.167681E+01 0.177018E+02
 0.669695E+00 -.347334E+01 -.166891E+01 -.168179E+01 0.184167E+02
 0.641751E+00 -.346000E+01 -.163894E+01 -.165853E+01 0.191162E+02
 0.679105E+00 -.347701E+01 -.165932E+01 -.166785E+01 0.191968E+02
 0.679358E+00 -.347472E+01 -.177865E+01 -.166991E+01 0.229910E+02
 0.605007E+00 -.347254E+01 -.166835E+01 -.156807E+01 0.202653E+02
 0.568826E+00 -.347145E+01 -.167580E+01 -.165300E+01 0.178023E+02
 0.575317E+00 -.346950E+01 -.166576E+01 -.160402E+01 0.183806E+02
 0.551181E+00 -.346347E+01 -.166881E+01 -.170930E+01 0.185267E+02
 0.513968E+00 -.345193E+01 -.164685E+01 -.168139E+01 0.185845E+02
 0.440236E+00 -.344904E+01 -.162648E+01 -.163700E+01 0.199262E+02
 0.655251E+00 -.341526E+01 -.168386E+01 -.167251E+01 0.228532E+02
 0.553736E+00 -.348000E+01 -.158588E+01 -.176919E+01 0.188540E+02
 0.624480E+00 -.347341E+01 -.159919E+01 -.164293E+01 0.221551E+02
 0.578323E+00 -.346790E+01 -.167752E+01 -.166641E+01 0.177823E+02
 0.562061E+00 -.347113E+01 -.166516E+01 -.160918E+01 0.182076E+02
 0.612773E+00 -.344071E+01 -.163215E+01 -.175581E+01 0.197443E+02
 0.602582E+00 -.346055E+01 -.163017E+01 -.169043E+01 0.182745E+02
 0.428437E+00 -.346944E+01 -.158960E+01 -.185440E+01 0.222305E+02
 0.900000E+00 -.343588E+01 -.168405E+01 -.177106E+01 0.224818E+02
 0.627940E+00 -.347982E+01 -.166966E+01 -.162357E+01 0.188838E+02
 0.597750E+00 -.347342E+01 -.161648E+01 -.161440E+01 0.211707E+02
 0.617777E+00 -.347150E+01 -.162109E+01 -.159577E+01 0.225086E+02
 0.487696E+00 -.348210E+01 -.165749E+01 -.166043E+01 0.188176E+02
 0.479499E+00 -.350223E+01 -.164025E+01 -.167485E+01 0.203840E+02
 0.549463E+00 -.346503E+01 -.157029E+01 -.163057E+01 0.223060E+02
 0.862237E+00 -.346827E+01 -.175732E+01 -.161172E+01 0.190937E+02
 0.541779E+00 -.347122E+01 -.168535E+01 -.164870E+01 0.182698E+02
 0.523896E+00 -.347257E+01 -.167844E+01 -.164903E+01 0.183722E+02
 0.592590E+00 -.346941E+01 -.166580E+01 -.160974E+01 0.183938E+02
 0.529719E+00 -.347277E+01 -.164131E+01 -.169494E+01 0.178596E+02
 0.625893E+00 -.349344E+01 -.165088E+01 -.163127E+01 0.207022E+02
 0.497223E+00 -.348237E+01 -.165340E+01 -.172497E+01 0.197918E+02
 0.541882E+00 -.346976E+01 -.170878E+01 -.165679E+01 0.195616E+02
 0.445592E+00 -.347716E+01 -.159953E+01 -.161480E+01 0.189189E+02
 0.575245E+00 -.346985E+01 -.169343E+01 -.167226E+01 0.183987E+02
 0.486274E+00 -.348160E+01 -.170371E+01 -.161376E+01 0.203784E+02
 0.586706E+00 -.346829E+01 -.166641E+01 -.167467E+01 0.176834E+02
 0.568453E+00 -.345373E+01 -.160407E+01 -.172837E+01 0.187176E+02
 0.483731E+00 -.346516E+01 -.158494E+01 -.173596E+01 0.180534E+02
 0.783829E+00 -.345845E+01 -.165846E+01 -.160319E+01 0.238518E+02
 0.636142E+00 -.343009E+01 -.168953E+01 -.164340E+01 0.200293E+02
 0.590270E+00 -.351248E+01 -.165902E+01 -.173858E+01 0.230823E+02
 0.535962E+00 -.347515E+01 -.160642E+01 -.170463E+01 0.180068E+02
 0.616041E+00 -.349331E+01 -.165629E+01 -.169831E+01 0.196809E+02
 0.584456E+00 -.345998E+01 -.166404E+01 -.168964E+01 0.177970E+02
 0.507865E+00 -.349612E+01 -.167855E+01 -.167614E+01 0.209098E+02
 0.710640E+00 -.345602E+01 -.176905E+01 -.161839E+01 0.188313E+02
 0.455253E+00 -.346603E+01 -.158432E+01 -.164119E+01 0.187291E+02
 0.554701E+00 -.347062E+01 -.167056E+01 -.177551E+01 0.206090E+02
 0.586347E+00 -.346961E+01 -.166282E+01 -.168576E+01 0.177508E+02
 0.586033E+00 -.346933E+01 -.166577E+01 -.171859E+01 0.182299E+02
 0.590663E+00 -.347914E+01 -.162927E+01 -.164747E+01 0.191622E+02
 0.637693E+00 -.350477E+01 -.166721E+01 -.166910E+01 0.215255E+02
 0.970434E+00 -.345993E+01 -.175506E+01 -.160283E+01 0.200363E+02
 0.560537E+00 -.343149E+01 -.167296E+01 -.163752E+01 0.204964E+02
 0.582773E+00 -.349920E+01 -.165516E+01 -.166648E+01 0.200874E+02
 0.441489E+00 -.351634E+01 -.150762E+01 -.166826E+01 0.239250E+02
 0.380434E+00 -.347642E+01 -.161102E+01 -.162924E+01 0.196892E+02
 0.584036E+00 -.347047E+01 -.168578E+01 -.165149E+01 0.178321E+02
 0.572445E+00 -.347471E+01 -.169624E+01 -.165850E+01 0.184713E+02
 0.664777E+00 -.346798E+01 -.166740E+01 -.160196E+01 0.198189E+02
 0.494634E+00 -.346381E+01 -.166579E+01 -.165009E+01 0.185512E+02
 0.559450E+00 -.345677E+01 -.158307E+01 -.170033E+01 0.195283E+02
 0.590951E+00 -.348267E+01 -.169007E+01 -.159587E+01 0.188408E+02
 0.294489E+00 -.349097E+01 -.149419E+01 -.165917E+01 0.195190E+02
 0.554049E+00 -.347544E+01 -.164148E+01 -.178184E+01 0.193691E+02
 0.471243E+00 -.346414E+01 -.164506E+01 -.170449E+01 0.192993E+02
 0.686950E+00 -.344258E+01 -.165844E+01 -.170221E+01 0.193425E+02
 0.117069E+01 -.343246E+01 -.181638E+01 -.164237E+01 0.215485E+02
 0.567942E+00 -.347880E+01 -.159249E+01 -.164359E+01 0.207873E+02
 0.829955E+00 -.348598E+01 -.174503E+01 -.162159E+01 0.206322E+02
 0.592562E+00 -.346093E+01 -.159323E+01 -.188965E+01 0.207106E+02
 0.657167E+00 -.345022E+01 -.169399E+01 -.167966E+01 0.181128E+02
 0.591177E+00 -.346672E+01 -.164048E+01 -.164763E+01 0.183159E+02
 0.488634E+00 -.346998E+01 -.161837E+01 -.166084E+01 0.178758E+02
 0.625729E+00 -.346800E+01 -.166706E+01 -.172379E+01 0.181994E+02
 0.579779E+00 -.346936E+01 -.166551E+01 -.174510E+01 0.188777E+02
 0.625041E+00 -.347589E+01 -.167115E+01 -.167912E+01 0.180890E+02
 0.650211E+00 -.350361E+01 -.165094E+01 -.167167E+01 0.219148E+02
 0.676177E+00 -.346444E+01 -.168561E+01 -.176361E+01 0.193895E+02
 0.459845E+00 -.346868E+01 -.163093E+01 -.166488E+01 0.183485E+02
 0.588091E+00 -.346945E+01 -.164442E+01 -.164899E+01 0.181454E+02
 0.580745E+00 -.347581E+01 -.166607E+01 -.166633E+01 0.178908E+02
 0.596183E+00 -.343490E+01 -.171796E+01 -.163057E+01 0.200072E+02
 0.594081E+00 -.346849E+01 -.162036E+01 -.161038E+01 0.208652E+02
 0.549569E+00 -.349710E+01 -.166333E+01 -.156629E+01 0.215512E+02
 0.613571E+00 -.347641E+01 -.169388E+01 -.158467E+01 0.187814E+02
 0.810057E+00 -.347496E+01 -.167507E+01 -.175250E+01 0.210344E+02
 0.602527E+00 -.343166E+01 -.169556E+01 -.170494E+01 0.210225E+02
 0.618928E+00 -.345909E+01 -.170057E+01 -.164829E+01 0.177700E+02
 0.695179E+00 -.342424E+01 -.166021E+01 -.166555E+01 0.221126E+02
 0.575473E+00 -.348037E+01 -.156975E+01 -.165070E+01 0.226305E+02
 0.735103E+00 -.342536E+01 -.168807E+01 -.167725E+01 0.210011E+02
 0.695191E+00 -.346313E+01 -.178242E+01 -.161168E+01 0.198012E+02
 0.532912E+00 -.347259E+01 -.168684E+01 -.167819E+01 0.191088E+02
 0.671709E+00 -.346837E+01 -.166385E+01 -.155801E+01 0.229145E+02
 0.704044E+00 -.347255E+01 -.166083E+01 -.178550E+01 0.198921E+02
 0.580576E+00 -.346945E+01 -.166535E+01 -.168700E+01 0.177974E+02
 0.634830E+00 -.346049E+01 -.167842E+01 -.170746E+01 0.180443E+02
 0.661835E+00 -.343482E+01 -.167178E+01 -.170818E+01 0.197219E+02
 0.572201E+00 -.347769E+01 -.162838E+01 -.175066E+01 0.184522E+02
 0.642784E+00 -.341432E+01 -.167648E+01 -.167249E+01 0.232359E+02
 0.643053E+00 -.345572E+01 -.163704E+01 -.157456E+01 0.234237E+02
 0.662409E+00 -.345465E+01 -.163397E+01 -.167035E+01 0.197467E+02
 0.681223E+00 -.341710E+01 -.170675E+01 -.174044E+01 0.237035E+02
 0.673661E+00 -.346325E+01 -.169618E+01 -.169984E+01 0.181994E+02
 0.588122E+00 -.346836E+01 -.165069E+01 -.166941E+01 0.177587E+02
 0.653111E+00 -.346776E+01 -.173319E+01 -.173625E+01 0.217483E+02
 0.534653E+00 -.345707E+01 -.168105E+01 -.169674E+01 0.193363E+02
 0.594876E+00 -.346613E+01 -.164126E+01 -.168682E+01 0.178708E+02
 0.469886E+00 -.346579E+01 -.159326E+01 -.185275E+01 0.208914E+02
 0.580198E+00 -.345806E+01 -.164883E+01 -.169308E+01 0.178297E+02
 0.557321E+00 -.348983E+01 -.167275E+01 -.167242E+01 0.191606E+02
 0.615607E+00 -.350400E+01 -.171220E+01 -.167342E+01 0.222640E+02
 0.673582E+00 -.343489E+01 -.168794E+01 -.178087E+01 0.214295E+02
 0.919710E+00 -.345440E+01 -.169933E+01 -.168907E+01 0.210333E+02
 0.582072E+00 -.348109E+01 -.164091E+01 -.182097E+01 0.204835E+02
 0.610107E+00 -.344851E+01 -.168987E+01 -.160025E+01 0.185528E+02
 0.652874E+00 -.347506E+01 -.168514E+01 -.157015E+01 0.202544E+02
 0.732456E+00 -.345945E+01 -.172262E+01 -.162806E+01 0.179372E+02
 0.575022E+00 -.346912E+01 -.166842E+01 -.166930E+01 0.177117E+02
 0.611156E+00 -.344737E+01 -.163923E+01 -.169794E+01 0.187239E+02
 0.597267E+00 -.344809E+01 -.160092E+01 -.164899E+01 0.214482E+02
 0.589283E+00 -.346011E+01 -.167850E+01 -.167059E+01 0.177765E+02
 0.900000E+00 -.341902E+01 -.172907E+01 -.172533E+01 0.228062E+02
 0.694770E+00 -.346546E+01 -.167786E+01 -.163466E+01 0.187611E+02
 0.644767E+00 -.347109E+01 -.171569E+01 -.167968E+01 0.187517E+02
 0.605363E+00 -.347006E+01 -.167377E+01 -.165593E+01 0.177234E+02
 0.516990E+00 -.346577E+01 -.166711E+01 -.177122E+01 0.213088E+02
 0.593381E+00 -.346942E+01 -.166589E+01 -.162740E+01 0.180074E+02
 0.526541E+00 -.346729E+01 -.162945E+01 -.165458E+01 0.178645E+02
 0.461046E+00 -.345268E+01 -.164962E+01 -.167267E+01 0.198591E+02
 0.515366E+00 -.348240E+01 -.159919E+01 -.161873E+01 0.200420E+02
 0.577007E+00 -.342295E+01 -.168381E+01 -.166617E+01 0.220164E+02
 0.578172E+00 -.345650E+01 -.152693E+01 -.196098E+01 0.230907E+02
 0.463171E+00 -.346781E+01 -.173794E+01 -.149372E+01 0.224927E+02
 0.748327E+00 -.346153E+01 -.170586E+01 -.172528E+01 0.190213E+02
 0.576192E+00 -.346871E+01 -.167893E+01 -.168302E+01 0.180482E+02
 0.589682E+00 -.346202E+01 -.166125E+01 -.168914E+01 0.177240E+02
 0.559510E+00 -.344096E+01 -.166849E+01 -.182975E+01 0.237912E+02
 0.474482E+00 -.346695E+01 -.157033E+01 -.195556E+01 0.227857E+02
 0.774126E+00 -.346589E+01 -.171186E+01 -.159914E+01 0.194451E+02
 0.621589E+00 -.346753E+01 -.171638E+01 -.175648E+01 0.218165E+02
 0.587561E+00 -.348254E+01 -.167778E+01 -.152924E+01 0.224275E+02
 0.644512E+00 -.346920E+01 -.167503E+01 -.167374E+01 0.178952E+02
 0.482121E+00 -.350616E+01 -.167150E+01 -.167241E+01 0.223597E+02
 0.633329E+00 -.345311E+01 -.170661E+01 -.172014E+01 0.194815E+02
 0.467342E+00 -.349026E+01 -.165395E+01 -.166406E+01 0.197324E+02
 0.543596E+00 -.346673E+01 -.169471E+01 -.165890E+01 0.187248E+02
 0.789314E+00 -.345553E+01 -.182541E+01 -.159552E+01 0.212133E+02
 0.680052E+00 -.346809E+01 -.165718E+01 -.164839E+01 0.192535E+02
 0.608688E+00 -.343616E+01 -.160581E+01 -.178193E+01 0.210530E+02
 0.543821E+00 -.347084E+01 -.167119E+01 -.174779E+01 0.199453E+02
 0.472930E+00 -.346806E+01 -.166671E+01 -.162018E+01 0.188095E+02
 0.585120E+00 -.346937E+01 -.166595E+01 -.162039E+01 0.180672E+02
 0.456449E+00 -.347989E+01 -.159654E+01 -.164832E+01 0.183147E+02
 0.595930E+00 -.349457E+01 -.164310E+01 -.163938E+01 0.202812E+02
 0.579426E+00 -.343700E+01 -.166794E+01 -.169969E+01 0.197697E+02
 0.483797E+00 -.346724E+01 -.159461E+01 -.169955E+01 0.178769E+02
 0.590356E+00 -.346746E+01 -.167607E+01 -.174004E+01 0.190307E+02
 0.579944E+00 -.346949E+01 -.167401E+01 -.167288E+01 0.177989E+02
 0.900000E+00 -.347038E+01 -.168603E+01 -.166736E+01 0.223924E+02
 0.584372E+00 -.346970E+01 -.168873E+01 -.165926E+01 0.179376E+02
 0.533755E+00 -.346674E+01 -.156288E+01 -.174542E+01 0.189716E+02
 0.585053E+00 -.345313E+01 -.175031E+01 -.165939E+01 0.217781E+02
 0.574552E+00 -.344442E+01 -.166002E+01 -.164369E+01 0.187630E+02
 0.331560E+00 -.350649E+01 -.142268E+01 -.167172E+01 0.215758E+02
 0.297342E+00 -.347349E+01 -.148058E+01 -.168748E+01 0.195112E+02
 0.593448E+00 -.347841E+01 -.168361E+01 -.155523E+01 0.202258E+02
 0.200000E+00 -.348209E+01 -.116191E+01 -.189172E+01 0.215535E+02
 0.627484E+00 -.346413E+01 -.166364E+01 -.179526E+01 0.196966E+02
 0.471898E+00 -.346925E+01 -.165939E+01 -.167862E+01 0.193287E+02
 0.522826E+00 -.349147E+01 -.166274E+01 -.167345E+01 0.193460E+02
 0.638083E+00 -.347670E+01 -.171375E+01 -.167958E+01 0.190390E+02
 0.764939E+00 -.347550E+01 -.178187E+01 -.165359E+01 0.212800E+02
 0.634881E+00 -.346917E+01 -.166954E+01 -.178173E+01 0.195822E+02
 0.526686E+00 -.349205E+01 -.166858E+01 -.166679E+01 0.194700E+02
 0.538090E+00 -.347259E+01 -.156760E+01 -.168762E+01 0.197593E+02
 0.678547E+00 -.346882E+01 -.171689E+01 -.159102E+01 0.182875E+02
 0.367925E+00 -.346856E+01 -.160822E+01 -.165038E+01 0.204442E+02
 0.541850E+00 -.346940E+01 -.167115E+01 -.171107E+01 0.188596E+02
 0.655880E+00 -.347151E+01 -.166142E+01 -.159496E+01 0.204446E+02
 0.578294E+00 -.346939E+01 -.166573E+01 -.170870E+01 0.181082E+02
 0.622851E+00 -.346820E+01 -.159684E+01 -.172770E+01 0.197729E+02
 0.682638E+00 -.347073E+01 -.166612E+01 -.167997E+01 0.185610E+02
 0.908064E+00 -.341633E+01 -.177059E+01 -.157847E+01 0.217063E+02
 0.591091E+00 -.343317E+01 -.167543E+01 -.172770E+01 0.208621E+02
 0.626420E+00 -.350415E+01 -.166044E+01 -.167254E+01 0.213205E+02
 0.493627E+00 -.351514E+01 -.157945E+01 -.164682E+01 0.230063E+02
 0.541115E+00 -.347243E+01 -.165155E+01 -.163561E+01 0.179016E+02
 0.584848E+00 -.346973E+01 -.165413E+01 -.163923E+01 0.180090E+02
 0.583341E+00 -.347556E+01 -.167756E+01 -.166346E+01 0.179772E+02
 0.562257E+00 -.346808E+01 -.166995E+01 -.158263E+01 0.188119E+02
 0.578900E+00 -.345571E+01 -.161959E+01 -.162472E+01 0.201099E+02
 0.767473E+00 -.343803E+01 -.169119E+01 -.166072E+01 0.197687E+02
 0.597314E+00 -.344636E+01 -.168816E+01 -.173160E+01 0.198907E+02
 0.665725E+00 -.343556E+01 -.164054E+01 -.167713E+01 0.208422E+02
 0.608287E+00 -.345444E+01 -.170326E+01 -.165220E+01 0.180658E+02
 0.656422E+00 -.343330E+01 -.166070E+01 -.167124E+01 0.201418E+02
 0.587190E+00 -.349117E+01 -.166803E+01 -.163731E+01 0.192295E+02
 0.606347E+00 -.348570E+01 -.173697E+01 -.171095E+01 0.233338E+02
 0.294845E+00 -.344879E+01 -.146017E+01 -.175924E+01 0.228217E+02
 0.653763E+00 -.348733E+01 -.168607E+01 -.167272E+01 0.192124E+02
 0.579610E+00 -.346958E+01 -.168547E+01 -.166557E+01 0.179684E+02
 0.599767E+00 -.347933E+01 -.159174E+01 -.167243E+01 0.209133E+02
 0.551880E+00 -.348422E+01 -.150177E+01 -.192603E+01 0.229338E+02
 0.352046E+00 -.349864E+01 -.161222E+01 -.170581E+01 0.237144E+02
 0.489820E+00 -.345761E+01 -.153360E+01 -.171328E+01 0.201336E+02
 0.343842E+00 -.347112E+01 -.162476E+01 -.166945E+01 0.233656E+02
 0.595492E+00 -.346861E+01 -.167163E+01 -.157680E+01 0.193728E+02
 0.693237E+00 -.347223E+01 -.166018E+01 -.178124E+01 0.196794E+02
 0.586521E+00 -.346942E+01 -.166536E+01 -.171879E+01 0.182214E+02
 0.642650E+00 -.346171E+01 -.171924E+01 -.169030E+01 0.189859E+02
 0.624571E+00 -.350821E+01 -.166178E+01 -.166625E+01 0.219940E+02
 0.612112E+00 -.343220E+01 -.168718E+01 -.175900E+01 0.219940E+02
 0.448209E+00 -.346911E+01 -.164940E+01 -.156583E+01 0.197821E+02
 0.555699E+00 -.347520E+01 -.163710E+01 -.155984E+01 0.217941E+02
 0.581885E+00 -.346924E+01 -.164395E+01 -.164679E+01 0.181152E+02
 0.587205E+00 -.346887E+01 -.165928E+01 -.168405E+01 0.177081E+02
 0.763805E+00 -.348226E+01 -.168024E+01 -.178476E+01 0.214414E+02
 0.538854E+00 -.346789E+01 -.170448E+01 -.157738E+01 0.186343E+02
 0.562278E+00 -.349077E+01 -.172188E+01 -.162453E+01 0.205191E+02
 0.584184E+00 -.349814E+01 -.161176E+01 -.179575E+01 0.209637E+02
 0.900000E+00 -.346388E+01 -.182036E+01 -.158858E+01 0.200934E+02
 0.596200E+00 -.344135E+01 -.166177E+01 -.171036E+01 0.191381E+02
 0.563796E+00 -.343942E+01 -.166805E+01 -.156556E+01 0.212822E+02
 0.699925E+00 -.346470E+01 -.168956E+01 -.164176E+01 0.182604E+02
 0.625175E+00 -.344611E+01 -.166344E+01 -.166562E+01 0.184946E+02
 0.543667E+00 -.344415E+01 -.161817E+01 -.165282E+01 0.196860E+02
 0.530884E+00 -.344400E+01 -.157792E+01 -.176012E+01 0.199804E+02
 0.486576E+00 -.347719E+01 -.154836E+01 -.164800E+01 0.206699E+02
 0.631910E+00 -.347204E+01 -.169057E+01 -.159812E+01 0.184655E+02
 0.664377E+00 -.346939E+01 -.167803E+01 -.167232E+01 0.180401E+02
 0.618612E+00 -.346693E+01 -.177076E+01 -.165040E+01 0.223122E+02
 0.613229E+00 -.349181E+01 -.174431E+01 -.157964E+01 0.204599E+02
 0.501456E+00 -.347351E+01 -.170825E+01 -.154803E+01 0.197833E+02
 0.753538E+00 -.346147E+01 -.177823E+01 -.163367E+01 0.194871E+02
 0.698506E+00 -.346992E+01 -.166994E+01 -.167913E+01 0.186737E+02
 0.647814E+00 -.346925E+01 -.167181E+01 -.154785E+01 0.222925E+02
 0.610619E+00 -.346735E+01 -.166487E+01 -.187562E+01 0.228185E+02
 0.590338E+00 -.346943E+01 -.166528E+01 -.161279E+01 0.183063E+02
 0.580077E+00 -.347529E+01 -.174700E+01 -.164970E+01 0.214451E+02
 0.433239E+00 -.344885E+01 -.164606E+01 -.167279E+01 0.212221E+02
 0.622976E+00 -.348943E+01 -.168025E+01 -.166471E+01 0.191784E+02
 0.613619E+00 -.345893E+01 -.165353E+01 -.166932E+01 0.179545E+02
 0.457884E+00 -.346928E+01 -.163869E+01 -.155023E+01 0.206414E+02
 0.796419E+00 -.344441E+01 -.175687E+01 -.161259E+01 0.183440E+02
 0.817134E+00 -.347511E+01 -.184737E+01 -.156218E+01 0.227197E+02
 0.606687E+00 -.347093E+01 -.165040E+01 -.163292E+01 0.185834E+02
 0.579001E+00 -.346887E+01 -.169064E+01 -.167884E+01 0.183431E+02
 0.588751E+00 -.346361E+01 -.165514E+01 -.168747E+01 0.176923E+02
 0.604127E+00 -.344975E+01 -.175702E+01 -.153482E+01 0.194337E+02
 0.578647E+00 -.346803E+01 -.167684E+01 -.161640E+01 0.178976E+02
 0.584252E+00 -.347277E+01 -.171273E+01 -.170821E+01 0.205618E+02
 0.884071E+00 -.348065E+01 -.167150E+01 -.167941E+01 0.238161E+02
 0.615980E+00 -.343906E+01 -.166614E+01 -.178556E+01 0.209300E+02
 0.568308E+00 -.343667E+01 -.154864E+01 -.181419E+01 0.227691E+02
 0.626899E+00 -.348220E+01 -.161984E+01 -.159165E+01 0.237908E+02
 0.563707E+00 -.346849E+01 -.167345E+01 -.167588E+01 0.179238E+02
 0.521261E+00 -.348548E+01 -.167033E+01 -.166530E+01 0.189924E+02
 0.546999E+00 -.343026E+01 -.164570E+01 -.169958E+01 0.210169E+02
 0.606618E+00 -.345028E+01 -.166668E+01 -.167037E+01 0.180783E+02
 0.620209E+00 -.346779E+01 -.175296E+01 -.167272E+01 0.215059E+02
 0.563105E+00 -.346446E+01 -.163371E+01 -.174363E+01 0.181317E+02
 0.780303E+00 -.345924E+01 -.179406E+01 -.160375E+01 0.192726E+02
 0.580295E+00 -.347105E+01 -.164759E+01 -.174100E+01 0.182956E+02
 0.656781E+00 -.346877E+01 -.167742E+01 -.166563E+01 0.179664E+02
 0.664458E+00 -.347012E+01 -.166969E+01 -.160591E+01 0.195807E+02
 0.508971E+00 -.346753E+01 -.166799E+01 -.154955E+01 0.199769E+02
 0.583703E+00 -.346941E+01 -.166587E+01 -.153523E+01 0.221191E+02
 0.479192E+00 -.347766E+01 -.162761E+01 -.165327E+01 0.180699E+02
 0.363787E+00 -.348573E+01 -.153459E+01 -.173557E+01 0.188662E+02
 0.627078E+00 -.349741E+01 -.165932E+01 -.160394E+01 0.217570E+02
 0.535878E+00 -.347392E+01 -.171797E+01 -.168397E+01 0.216142E+02
 0.556049E+00 -.350661E+01 -.166050E+01 -.166554E+01 0.210644E+02
 0.621007E+00 -.343359E+01 -.172056E+01 -.169033E+01 0.211580E+02
 0.418846E+00 -.346716E+01 -.170109E+01 -.148959E+01 0.233992E+02
 0.533457E+00 -.344594E+01 -.163952E+01 -.159161E+01 0.204452E+02
 0.574613E+00 -.346564E+01 -.166810E+01 -.171402E+01 0.182623E+02
 0.582567E+00 -.346910E+01 -.170183E+01 -.165736E+01 0.183350E+02
 0.765341E+00 -.345684E+01 -.171193E+01 -.169636E+01 0.186027E+02
 0.582532E+00 -.346993E+01 -.166626E+01 -.166698E+01 0.176889E+02
 0.293863E+00 -.350396E+01 -.156068E+01 -.166667E+01 0.227191E+02
 0.485204E+00 -.346880E+01 -.152530E+01 -.202351E+01 0.228137E+02
 0.586422E+00 -.346314E+01 -.163542E+01 -.154678E+01 0.238102E+02
 0.768022E+00 -.347496E+01 -.166587E+01 -.167150E+01 0.207315E+02
 0.621795E+00 -.345317E+01 -.171209E+01 -.168969E+01 0.190344E+02
 0.584063E+00 -.347963E+01 -.170499E+01 -.149189E+01 0.235423E+02
 0.807967E+00 -.346326E+01 -.166823E+01 -.189494E+01 0.234493E+02
 0.626206E+00 -.347131E+01 -.166032E+01 -.166545E+01 0.180405E+02
 0.686141E+00 -.348091E+01 -.163163E+01 -.172431E+01 0.203132E+02
 0.529671E+00 -.346378E+01 -.169109E+01 -.168133E+01 0.194564E+02
 0.502435E+00 -.345066E+01 -.157502E+01 -.193536E+01 0.226870E+02
 0.483975E+00 -.349569E+01 -.167022E+01 -.167062E+01 0.208262E+02
 0.622257E+00 -.347078E+01 -.168179E+01 -.170828E+01 0.183086E+02
 0.517892E+00 -.345255E+01 -.167156E+01 -.166826E+01 0.189667E+02
 0.596670E+00 -.347035E+01 -.165147E+01 -.168255E+01 0.178061E+02
 0.535031E+00 -.344593E+01 -.154491E+01 -.177124E+01 0.210346E+02
 0.584851E+00 -.347347E+01 -.175044E+01 -.168373E+01 0.231863E+02
 0.608868E+00 -.347110E+01 -.167079E+01 -.162303E+01 0.181605E+02
 0.466262E+00 -.346951E+01 -.166389E+01 -.165539E+01 0.192664E+02
 0.552071E+00 -.346985E+01 -.166579E+01 -.169592E+01 0.181581E+02
 0.540634E+00 -.347077E+01 -.166790E+01 -.153983E+01 0.208468E+02
 0.580369E+00 -.346940E+01 -.166605E+01 -.155395E+01 0.206837E+02
 0.588182E+00 -.346870E+01 -.154849E+01 -.171081E+01 0.223785E+02
 0.638363E+00 -.345061E+01 -.166147E+01 -.168356E+01 0.182460E+02
 0.582762E+00 -.347775E+01 -.165103E+01 -.159593E+01 0.196284E+02
 0.570291E+00 -.350445E+01 -.170103E+01 -.165962E+01 0.218710E+02
 0.581296E+00 -.350417E+01 -.166050E+01 -.166551E+01 0.208053E+02
 0.605489E+00 -.346686E+01 -.166746E+01 -.173864E+01 0.185189E+02
 0.525275E+00 -.347016E+01 -.167805E+01 -.173053E+01 0.203328E+02
 0.583848E+00 -.346978E+01 -.166690E+01 -.163733E+01 0.177968E+02
 0.580262E+00 -.347442E+01 -.167482E+01 -.165192E+01 0.178551E+02
 0.577364E+00 -.346930E+01 -.151187E+01 -.184661E+01 0.227191E+02
 0.769745E+00 -.346941E+01 -.170894E+01 -.158489E+01 0.202066E+02
 0.544743E+00 -.346478E+01 -.166112E+01 -.164950E+01 0.177306E+02
 0.627376E+00 -.345475E+01 -.161986E+01 -.164454E+01 0.205892E+02
 0.557414E+00 -.349259E+01 -.166410E+01 -.159860E+01 0.198855E+02
 0.596874E+00 -.343434E+01 -.168342E+01 -.159174E+01 0.203974E+02
 0.644947E+00 -.345824E+01 -.169793E+01 -.165012E+01 0.176917E+02
 0.616696E+00 -.345797E+01 -.166440E+01 -.167300E+01 0.177913E+02
 0.804483E+00 -.347755E+01 -.169306E+01 -.164792E+01 0.206506E+02
 0.656377E+00 -.349622E+01 -.170708E+01 -.168670E+01 0.209535E+02
 0.569682E+00 -.346232E+01 -.168005E+01 -.167096E+01 0.179544E+02
 0.573687E+00 -.347138E+01 -.157488E+01 -.168106E+01 0.206487E+02
 0.626670E+00 -.346302E+01 -.161485E+01 -.172785E+01 0.189704E+02
 0.468567E+00 -.347865E+01 -.156743E+01 -.167222E+01 0.185759E+02
 0.460224E+00 -.347055E+01 -.161229E+01 -.165102E+01 0.181017E+02
 0.551447E+00 -.346979E+01 -.167122E+01 -.170995E+01 0.186590E+02
 0.657670E+00 -.347246E+01 -.166124E+01 -.171400E+01 0.184173E+02
 0.586650E+00 -.346940E+01 -.166561E+01 -.172176E+01 0.182836E+02
 0.654053E+00 -.346331E+01 -.159928E+01 -.172354E+01 0.205942E+02
 0.739491E+00 -.350189E+01 -.166935E+01 -.168224E+01 0.229795E+02
 0.631474E+00 -.345087E+01 -.170404E+01 -.176131E+01 0.209300E+02
 0.609687E+00 -.345427E+01 -.167494E+01 -.169663E+01 0.180696E+02
 0.631504E+00 -.344355E+01 -.165933E+01 -.166977E+01 0.188282E+02
 0.493394E+00 -.343131E+01 -.160631E+01 -.162858E+01 0.225142E+02
 0.632835E+00 -.346799E+01 -.154349E+01 -.188642E+01 0.229445E+02
 0.491666E+00 -.350338E+01 -.167685E+01 -.153953E+01 0.226467E+02
 0.523494E+00 -.347384E+01 -.165787E+01 -.170127E+01 0.184949E+02
 0.581930E+00 -.346962E+01 -.163651E+01 -.163507E+01 0.186547E+02
 0.536715E+00 -.347405E+01 -.169523E+01 -.168812E+01 0.198663E+02
 0.591838E+00 -.347140E+01 -.166557E+01 -.167392E+01 0.177500E+02
 0.684682E+00 -.347545E+01 -.170304E+01 -.170838E+01 0.190408E+02
 0.578336E+00 -.349836E+01 -.159561E+01 -.173172E+01 0.207410E+02
 0.395816E+00 -.345947E+01 -.166348E+01 -.164084E+01 0.226176E+02
 0.530298E+00 -.346918E+01 -.156074E+01 -.168824E+01 0.199022E+02
 0.759524E+00 -.346625E+01 -.166704E+01 -.173399E+01 0.196839E+02
 0.877140E+00 -.346784E+01 -.181533E+01 -.161603E+01 0.210822E+02
 0.610967E+00 -.344317E+01 -.166787E+01 -.171924E+01 0.190486E+02
 0.584838E+00 -.344875E+01 -.164433E+01 -.161140E+01 0.197500E+02
 0.593578E+00 -.343802E+01 -.165603E+01 -.166956E+01 0.193676E+02
 0.623273E+00 -.347785E+01 -.179786E+01 -.147560E+01 0.216910E+02
 0.699333E+00 -.345861E+01 -.168830E+01 -.163551E+01 0.183276E+02
 0.642077E+00 -.348813E+01 -.159970E+01 -.174292E+01 0.211590E+02
 0.674127E+00 -.344550E+01 -.166366E+01 -.166819E+01 0.189772E+02
 0.557211E+00 -.342646E+01 -.161496E+01 -.165324E+01 0.227652E+02
 0.554136E+00 -.347628E+01 -.153832E+01 -.175056E+01 0.208959E+02
 0.363828E+00 -.347956E+01 -.158502E+01 -.164336E+01 0.194564E+02
 0.642754E+00 -.347394E+01 -.167617E+01 -.167159E+01 0.180680E+02
 0.559453E+00 -.346901E+01 -.166694E+01 -.167726E+01 0.178417E+02
 0.576028E+00 -.347966E+01 -.173257E+01 -.164229E+01 0.203484E+02
 0.645929E+00 -.347100E+01 -.165474E+01 -.169751E+01 0.182627E+02
 0.538807E+00 -.347048E+01 -.163099E+01 -.165857E+01 0.178588E+02
 0.628859E+00 -.346930E+01 -.167536E+01 -.161090E+01 0.184869E+02
 0.641789E+00 -.347271E+01 -.166126E+01 -.177581E+01 0.193010E+02
 0.590021E+00 -.346942E+01 -.166527E+01 -.179312E+01 0.201718E+02
 0.568862E+00 -.346580E+01 -.174138E+01 -.168618E+01 0.226335E+02
 0.591476E+00 -.345279E+01 -.166475E+01 -.166574E+01 0.179460E+02
 0.650146E+00 -.345750E+01 -.166748E+01 -.173924E+01 0.184670E+02
 0.600561E+00 -.343593E+01 -.166739E+01 -.167286E+01 0.194847E+02
 0.845585E+00 -.343249E+01 -.169848E+01 -.178008E+01 0.219960E+02
 0.583905E+00 -.347075E+01 -.164493E+01 -.159949E+01 0.195603E+02
 0.582055E+00 -.346902E+01 -.166283E+01 -.166432E+01 0.176631E+02
 0.595979E+00 -.346308E+01 -.165887E+01 -.169150E+01 0.177219E+02
 0.583737E+00 -.341711E+01 -.168646E+01 -.169820E+01 0.237518E+02
 0.528241E+00 -.351578E+01 -.162616E+01 -.164964E+01 0.225259E+02
 0.579430E+00 -.347392E+01 -.161914E+01 -.166590E+01 0.187163E+02
 0.599057E+00 -.348815E+01 -.160072E+01 -.193253E+01 0.228539E+02
 0.607628E+00 -.346973E+01 -.166436E+01 -.164446E+01 0.179204E+02
 0.575485E+00 -.347893E+01 -.156528E+01 -.171210E+01 0.207573E+02
 0.760727E+00 -.343369E+01 -.166805E+01 -.183266E+01 0.225197E+02
 0.582217E+00 -.348375E+01 -.157980E+01 -.168952E+01 0.208693E+02
 0.119471E+01 -.346641E+01 -.181271E+01 -.161116E+01 0.214817E+02
 0.616069E+00 -.349004E+01 -.165595E+01 -.166973E+01 0.193233E+02
 0.558592E+00 -.345700E+01 -.170754E+01 -.150687E+01 0.214857E+02
 0.585871E+00 -.347173E+01 -.165900E+01 -.166582E+01 0.177486E+02
 0.564681E+00 -.345829E+01 -.166792E+01 -.166554E+01 0.178223E+02
 0.805991E+00 -.342414E+01 -.170448E+01 -.167161E+01 0.212735E+02
 0.644679E+00 -.346226E+01 -.168808E+01 -.181366E+01 0.214217E+02
 0.600440E+00 -.347795E+01 -.166242E+01 -.166757E+01 0.180781E+02
 0.621578E+00 -.346734E+01 -.172190E+01 -.165828E+01 0.186488E+02
 0.535646E+00 -.348094E+01 -.168374E+01 -.170897E+01 0.201270E+02
 0.715515E+00 -.343334E+01 -.163580E+01 -.164868E+01 0.234457E+02
 0.693894E+00 -.346228E+01 -.175026E+01 -.163436E+01 0.185203E+02
 0.624807E+00 -.346865E+01 -.169186E+01 -.166711E+01 0.178471E+02
 0.612105E+00 -.346905E+01 -.167595E+01 -.160200E+01 0.184946E+02
 0.571141E+00 -.346926E+01 -.166324E+01 -.169699E+01 0.179190E+02
 0.587776E+00 -.346905E+01 -.166455E+01 -.173766E+01 0.185729E+02
 0.483265E+00 -.347411E+01 -.166522E+01 -.162580E+01 0.185884E+02
 0.466525E+00 -.343124E+01 -.166020E+01 -.165221E+01 0.227577E+02
 0.613180E+00 -.348692E+01 -.165770E+01 -.164297E+01 0.192259E+02
 0.555649E+00 -.347182E+01 -.166234E+01 -.166466E+01 0.177619E+02
 0.719161E+00 -.343925E+01 -.169109E+01 -.170650E+01 0.192591E+02
 0.548150E+00 -.347189E+01 -.162584E+01 -.179345E+01 0.190763E+02
 0.399373E+00 -.350582E+01 -.163686E+01 -.154440E+01 0.230530E+02
 0.593173E+00 -.346841E+01 -.165033E+01 -.164865E+01 0.180238E+02
 0.582156E+00 -.346853E+01 -.168431E+01 -.168818E+01 0.182434E+02
 0.489130E+00 -.344701E+01 -.167906E+01 -.165778E+01 0.204759E+02
 0.578400E+00 -.345976E+01 -.165865E+01 -.167863E+01 0.177187E+02
 0.564394E+00 -.346385E+01 -.167110E+01 -.182781E+01 0.224178E+02
 0.490352E+00 -.346257E+01 -.164217E+01 -.160501E+01 0.186412E+02
 0.404975E+00 -.346710E+01 -.155071E+01 -.182039E+01 0.200729E+02
 0.743390E+00 -.347699E+01 -.166042E+01 -.167278E+01 0.205584E+02
 0.632185E+00 -.347605E+01 -.170617E+01 -.165843E+01 0.183642E+02
 0.604225E+00 -.346772E+01 -.167664E+01 -.157128E+01 0.195074E+02
 0.564314E+00 -.348508E+01 -.167742E+01 -.157713E+01 0.195994E+02
 0.744640E+00 -.347426E+01 -.166964E+01 -.186970E+01 0.226708E+02
 0.607691E+00 -.343849E+01 -.166809E+01 -.163465E+01 0.193879E+02
 0.590152E+00 -.347482E+01 -.170033E+01 -.155189E+01 0.194978E+02
 0.604293E+00 -.347167E+01 -.179264E+01 -.156871E+01 0.215919E+02
 0.575391E+00 -.346969E+01 -.168037E+01 -.167075E+01 0.179424E+02
 0.528041E+00 -.346260E+01 -.165640E+01 -.156895E+01 0.196234E+02
 0.490328E+00 -.348475E+01 -.166580E+01 -.166890E+01 0.194139E+02
 0.888833E+00 -.347755E+01 -.167636E+01 -.169295E+01 0.230227E+02
 0.539849E+00 -.345406E+01 -.167181E+01 -.166396E+01 0.183669E+02
 0.606863E+00 -.346979E+01 -.164538E+01 -.167182E+01 0.180625E+02
 0.547758E+00 -.346391E+01 -.160057E+01 -.174013E+01 0.181665E+02
 0.483677E+00 -.346346E+01 -.171459E+01 -.160454E+01 0.206386E+02
 0.419568E+00 -.342957E+01 -.154423E+01 -.177239E+01 0.238558E+02
 0.689933E+00 -.346732E+01 -.174060E+01 -.167209E+01 0.192201E+02
 0.597268E+00 -.346896E+01 -.165826E+01 -.168454E+01 0.177356E+02
 0.527305E+00 -.346629E+01 -.166455E+01 -.159070E+01 0.185340E+02
 0.578882E+00 -.346887E+01 -.166261E+01 -.154958E+01 0.211475E+02
 0.487852E+00 -.347529E+01 -.166489E+01 -.166983E+01 0.190087E+02
 0.744678E+00 -.346275E+01 -.168232E+01 -.166738E+01 0.188871E+02
 0.602444E+00 -.349609E+01 -.165857E+01 -.160970E+01 0.208449E+02
 0.556796E+00 -.349928E+01 -.165848E+01 -.165782E+01 0.199467E+02
 0.526871E+00 -.349641E+01 -.166890E+01 -.171746E+01 0.210772E+02
 0.690853E+00 -.345229E+01 -.166369E+01 -.179869E+01 0.199056E+02
 0.538242E+00 -.346860E+01 -.167383E+01 -.168226E+01 0.183923E+02
 0.582203E+00 -.346894E+01 -.166816E+01 -.166560E+01 0.176737E+02
 0.571478E+00 -.347740E+01 -.166456E+01 -.164962E+01 0.179657E+02
 0.566770E+00 -.350050E+01 -.158717E+01 -.177748E+01 0.209972E+02
 0.698453E+00 -.347556E+01 -.166660E+01 -.165770E+01 0.193434E+02
 0.587214E+00 -.349085E+01 -.157614E+01 -.169105E+01 0.218501E+02
 0.442455E+00 -.346413E+01 -.165821E+01 -.168462E+01 0.207132E+02
 0.642593E+00 -.345562E+01 -.173940E+01 -.166971E+01 0.195934E+02
 0.676531E+00 -.347884E+01 -.171606E+01 -.164886E+01 0.186358E+02
 0.394244E+00 -.345070E+01 -.166150E+01 -.160017E+01 0.225510E+02
 0.517093E+00 -.346454E+01 -.166314E+01 -.165936E+01 0.181027E+02
 0.602127E+00 -.344298E+01 -.168582E+01 -.157013E+01 0.200767E+02
 0.645759E+00 -.346416E+01 -.167509E+01 -.183063E+01 0.212478E+02
 0.608088E+00 -.348104E+01 -.167209E+01 -.167604E+01 0.183343E+02
 0.588154E+00 -.345971E+01 -.169347E+01 -.164611E+01 0.178470E+02
 0.543262E+00 -.347836E+01 -.166284E+01 -.166798E+01 0.181089E+02
 0.530076E+00 -.351300E+01 -.161049E+01 -.163007E+01 0.229604E+02
 0.760218E+00 -.347152E+01 -.168075E+01 -.172761E+01 0.195739E+02
 0.579816E+00 -.345371E+01 -.168168E+01 -.166939E+01 0.181154E+02
 0.579674E+00 -.347182E+01 -.159982E+01 -.168298E+01 0.192329E+02
 0.580324E+00 -.345349E+01 -.158500E+01 -.171151E+01 0.199278E+02
 0.473261E+00 -.348267E+01 -.164392E+01 -.179374E+01 0.223874E+02
 0.466498E+00 -.347674E+01 -.165434E+01 -.164418E+01 0.187760E+02
 0.546255E+00 -.346965E+01 -.174378E+01 -.167363E+01 0.233095E+02
 0.591686E+00 -.346943E+01 -.165464E+01 -.170923E+01 0.178904E+02
 0.589337E+00 -.346707E+01 -.166354E+01 -.157086E+01 0.199684E+02
 0.583243E+00 -.346937E+01 -.166433E+01 -.159313E+01 0.188620E+02
 0.676988E+00 -.346774E+01 -.165993E+01 -.166028E+01 0.188031E+02
 0.531076E+00 -.347939E+01 -.166795E+01 -.167516E+01 0.185114E+02
 0.410003E+00 -.348306E+01 -.154882E+01 -.175139E+01 0.184275E+02
 0.631436E+00 -.346517E+01 -.166364E+01 -.170581E+01 0.179323E+02
 0.472808E+00 -.345888E+01 -.147595E+01 -.184279E+01 0.212738E+02
 0.559872E+00 -.347007E+01 -.166424E+01 -.166298E+01 0.177186E+02
 0.434426E+00 -.348334E+01 -.153584E+01 -.198087E+01 0.229914E+02
 0.504331E+00 -.347092E+01 -.165273E+01 -.167359E+01 0.181613E+02
 0.582020E+00 -.346939E+01 -.164292E+01 -.164606E+01 0.181634E+02
 0.876688E+00 -.347310E+01 -.170807E+01 -.174267E+01 0.212621E+02
 0.573510E+00 -.347146E+01 -.167022E+01 -.165967E+01 0.177457E+02
 0.624132E+00 -.346793E+01 -.166292E+01 -.167972E+01 0.178299E+02
 0.781306E+00 -.347772E+01 -.168468E+01 -.174567E+01 0.205193E+02
 0.845261E+00 -.346684E+01 -.170524E+01 -.158277E+01 0.221878E+02
 0.474774E+00 -.345895E+01 -.166263E+01 -.166515E+01 0.193991E+02
 0.556790E+00 -.349867E+01 -.166265E+01 -.158023E+01 0.212756E+02
 0.879826E+00 -.346895E+01 -.184529E+01 -.158261E+01 0.223155E+02
 0.623713E+00 -.341857E+01 -.166280E+01 -.164279E+01 0.228898E+02
 0.454419E+00 -.344838E+01 -.165327E+01 -.170281E+01 0.214979E+02
 0.615997E+00 -.343360E+01 -.165428E+01 -.170067E+01 0.199946E+02
 0.585429E+00 -.347687E+01 -.163830E+01 -.176881E+01 0.188474E+02
 0.604386E+00 -.349992E+01 -.173314E+01 -.166471E+01 0.228762E+02
 0.580764E+00 -.347247E+01 -.165708E+01 -.170282E+01 0.179324E+02
 0.625321E+00 -.346297E+01 -.168859E+01 -.163319E+01 0.176903E+02
 0.628310E+00 -.347032E+01 -.168455E+01 -.160621E+01 0.183331E+02
 0.623179E+00 -.345290E+01 -.166631E+01 -.166330E+01 0.180104E+02
 0.551895E+00 -.349471E+01 -.157413E+01 -.166430E+01 0.218598E+02
 0.587784E+00 -.347285E+01 -.173908E+01 -.168815E+01 0.220209E+02
 0.619041E+00 -.347990E+01 -.167792E+01 -.167135E+01 0.182994E+02
 0.576240E+00 -.347206E+01 -.169856E+01 -.168417E+01 0.189659E+02
 0.597249E+00 -.345933E+01 -.167348E+01 -.168600E+01 0.178277E+02
 0.530306E+00 -.347553E+01 -.160632E+01 -.166098E+01 0.184529E+02
 0.586292E+00 -.346675E+01 -.167089E+01 -.180294E+01 0.208796E+02
 0.724272E+00 -.348722E+01 -.167592E+01 -.163310E+01 0.210424E+02
 0.469458E+00 -.346990E+01 -.166532E+01 -.165652E+01 0.192535E+02
 0.583712E+00 -.346981E+01 -.166297E+01 -.168675E+01 0.177671E+02
 0.634530E+00 -.347089E+01 -.166235E+01 -.173093E+01 0.183617E+02
 0.587811E+00 -.346976E+01 -.166664E+01 -.177830E+01 0.198002E+02
 0.667743E+00 -.344774E+01 -.166768E+01 -.166594E+01 0.186268E+02
 0.629770E+00 -.344221E+01 -.174206E+01 -.169921E+01 0.219715E+02
 0.622942E+00 -.344391E+01 -.166677E+01 -.172946E+01 0.190645E+02
 0.576321E+00 -.344494E+01 -.166836E+01 -.166789E+01 0.185948E+02
 0.421695E+00 -.345449E+01 -.154051E+01 -.172337E+01 0.192786E+02
 0.542137E+00 -.347169E+01 -.163852E+01 -.163128E+01 0.181837E+02
 0.581929E+00 -.346912E+01 -.165784E+01 -.166336E+01 0.176869E+02
 0.594159E+00 -.346137E+01 -.166348E+01 -.169580E+01 0.177944E+02
 0.590962E+00 -.347083E+01 -.170952E+01 -.157461E+01 0.184380E+02
 0.707203E+00 -.346296E+01 -.167369E+01 -.167346E+01 0.185347E+02
 0.702970E+00 -.347098E+01 -.168637E+01 -.185674E+01 0.227019E+02
 0.656850E+00 -.347179E+01 -.168054E+01 -.169825E+01 0.182081E+02
 0.625654E+00 -.346861E+01 -.169187E+01 -.179544E+01 0.213875E+02
 0.807596E+00 -.347776E+01 -.178472E+01 -.153399E+01 0.201004E+02
 0.652346E+00 -.347282E+01 -.166414E+01 -.162838E+01 0.190038E+02
 0.577123E+00 -.346507E+01 -.167032E+01 -.166488E+01 0.176626E+02
 0.683500E+00 -.346200E+01 -.166421E+01 -.170043E+01 0.183631E+02
 0.637099E+00 -.346442E+01 -.166234E+01 -.168535E+01 0.178928E+02
 0.584924E+00 -.350122E+01 -.164932E+01 -.168018E+01 0.203948E+02
 0.404108E+00 -.343888E+01 -.164516E+01 -.158367E+01 0.232622E+02
 0.564303E+00 -.347344E+01 -.169218E+01 -.174877E+01 0.210595E+02
 0.578818E+00 -.348121E+01 -.174717E+01 -.168878E+01 0.238211E+02
 0.649578E+00 -.347300E+01 -.166420E+01 -.165454E+01 0.184388E+02
 0.634627E+00 -.346157E+01 -.166967E+01 -.166668E+01 0.177920E+02
 0.641652E+00 -.345049E+01 -.159423E+01 -.168534E+01 0.219187E+02
 0.679321E+00 -.347376E+01 -.168117E+01 -.176352E+01 0.196166E+02
 0.366596E+00 -.346675E+01 -.158585E+01 -.163023E+01 0.197804E+02
 0.846963E+00 -.344351E+01 -.177253E+01 -.168118E+01 0.202862E+02
 0.594344E+00 -.348145E+01 -.166472E+01 -.166852E+01 0.182654E+02
 0.586165E+00 -.346494E+01 -.174126E+01 -.165787E+01 0.206876E+02
 0.669734E+00 -.345504E+01 -.167047E+01 -.166178E+01 0.182642E+02
 0.657236E+00 -.346954E+01 -.161080E+01 -.165281E+01 0.218158E+02
 0.568590E+00 -.346983E+01 -.168393E+01 -.160849E+01 0.179852E+02
 0.602806E+00 -.346860E+01 -.167179E+01 -.182080E+01 0.213385E+02
 0.582122E+00 -.346876E+01 -.166993E+01 -.173819E+01 0.188394E+02
 0.468459E+00 -.346577E+01 -.164789E+01 -.168407E+01 0.190312E+02
 0.692638E+00 -.344534E+01 -.167088E+01 -.165759E+01 0.190783E+02
 0.468869E+00 -.346271E+01 -.151433E+01 -.168263E+01 0.211485E+02
 0.870118E+00 -.348550E+01 -.171885E+01 -.165228E+01 0.216231E+02
 0.685789E+00 -.348370E+01 -.163872E+01 -.172447E+01 0.202444E+02
 0.589360E+00 -.345084E+01 -.167133E+01 -.163361E+01 0.181751E+02
 0.812455E+00 -.344140E+01 -.171608E+01 -.172274E+01 0.198177E+02
 0.571045E+00 -.345311E+01 -.166908E+01 -.166920E+01 0.180356E+02
 0.100395E+01 -.342486E+01 -.170315E+01 -.172162E+01 0.238310E+02
 0.541855E+00 -.345596E+01 -.151101E+01 -.180501E+01 0.220351E+02
 0.377456E+00 -.346660E+01 -.155825E+01 -.156942E+01 0.218770E+02
 0.608781E+00 -.346922E+01 -.163258E+01 -.159827E+01 0.210364E+02
 0.551166E+00 -.344836E+01 -.180122E+01 -.153662E+01 0.233493E+02
 0.742919E+00 -.344378E+01 -.174239E+01 -.173248E+01 0.211093E+02
 0.603642E+00 -.346955E+01 -.165009E+01 -.160889E+01 0.192701E+02
 0.578528E+00 -.346426E+01 -.167561E+01 -.167974E+01 0.178607E+02
 0.860831E+00 -.344233E+01 -.169366E+01 -.166359E+01 0.208424E+02
 0.596827E+00 -.345614E+01 -.166311E+01 -.168709E+01 0.178513E+02
 0.500459E+00 -.347156E+01 -.165178E+01 -.176657E+01 0.205611E+02
 0.658068E+00 -.347590E+01 -.166343E+01 -.165227E+01 0.187935E+02
 0.952868E+00 -.345684E+01 -.168128E+01 -.166959E+01 0.234522E+02
 0.650153E+00 -.346271E+01 -.160238E+01 -.174511E+01 0.200435E+02
 0.558612E+00 -.348700E+01 -.170696E+01 -.166928E+01 0.203985E+02
 0.593800E+00 -.351509E+01 -.167827E+01 -.158841E+01 0.238346E+02
 0.591461E+00 -.346809E+01 -.168697E+01 -.167265E+01 0.179653E+02
 0.578448E+00 -.346423E+01 -.160944E+01 -.165798E+01 0.192736E+02
 0.642413E+00 -.345794E+01 -.165699E+01 -.166002E+01 0.183135E+02
 0.743145E+00 -.346405E+01 -.167136E+01 -.172561E+01 0.191749E+02
 0.576593E+00 -.347305E+01 -.167117E+01 -.167154E+01 0.178601E+02
 0.677119E+00 -.346521E+01 -.166660E+01 -.177985E+01 0.193507E+02
 0.546114E+00 -.344151E+01 -.167716E+01 -.166728E+01 0.195174E+02
 0.619518E+00 -.343468E+01 -.163437E+01 -.169626E+01 0.203773E+02
 0.603568E+00 -.346188E+01 -.174892E+01 -.166042E+01 0.209301E+02
 0.580371E+00 -.346377E+01 -.162860E+01 -.166291E+01 0.183114E+02
 0.543860E+00 -.345318E+01 -.166241E+01 -.185540E+01 0.238808E+02
 0.647624E+00 -.346649E+01 -.172289E+01 -.165923E+01 0.183955E+02
 0.404363E+00 -.343803E+01 -.147411E+01 -.174073E+01 0.234286E+02
 0.661549E+00 -.346762E+01 -.169886E+01 -.167056E+01 0.179323E+02
 0.550066E+00 -.347761E+01 -.157849E+01 -.187265E+01 0.201541E+02
 0.569961E+00 -.346426E+01 -.169232E+01 -.161113E+01 0.179097E+02
 0.534994E+00 -.346478E+01 -.167787E+01 -.178326E+01 0.220801E+02
 0.571805E+00 -.346590E+01 -.166760E+01 -.165985E+01 0.176475E+02
 0.630599E+00 -.346558E+01 -.162635E+01 -.161146E+01 0.214569E+02
 0.681446E+00 -.347905E+01 -.167132E+01 -.166691E+01 0.189818E+02
 0.631114E+00 -.344749E+01 -.166958E+01 -.161846E+01 0.189949E+02
 0.590264E+00 -.347106E+01 -.166313E+01 -.165295E+01 0.177704E+02
 0.557704E+00 -.346433E+01 -.165241E+01 -.171259E+01 0.179995E+02
 0.556211E+00 -.347230E+01 -.164463E+01 -.167350E+01 0.177267E+02
 0.566557E+00 -.346225E+01 -.166802E+01 -.165693E+01 0.176875E+02
 0.935796E+00 -.347121E+01 -.173167E+01 -.176123E+01 0.223729E+02
 0.426592E+00 -.346571E+01 -.166500E+01 -.161487E+01 0.202472E+02
 0.484083E+00 -.349720E+01 -.165870E+01 -.158837E+01 0.203574E+02
 0.575325E+00 -.346660E+01 -.167482E+01 -.168870E+01 0.180031E+02
 0.575223E+00 -.346383E+01 -.167758E+01 -.165279E+01 0.176969E+02
 0.506936E+00 -.346827E+01 -.164422E+01 -.152121E+01 0.231208E+02
 0.558687E+00 -.346194E+01 -.167197E+01 -.164706E+01 0.177551E+02
 0.576312E+00 -.348728E+01 -.166928E+01 -.171886E+01 0.194689E+02
 0.425643E+00 -.345836E+01 -.164588E+01 -.160886E+01 0.199271E+02
 0.560429E+00 -.346847E+01 -.165333E+01 -.176030E+01 0.190125E+02
 0.510724E+00 -.347616E+01 -.167167E+01 -.167800E+01 0.189580E+02
 0.528950E+00 -.345546E+01 -.160916E+01 -.164819E+01 0.189772E+02
 0.486575E+00 -.346590E+01 -.167192E+01 -.170170E+01 0.202610E+02
 0.798898E+00 -.345708E+01 -.168100E+01 -.166155E+01 0.200404E+02
 0.596240E+00 -.345361E+01 -.172749E+01 -.163576E+01 0.189201E+02
 0.599573E+00 -.346129E+01 -.168223E+01 -.160194E+01 0.181532E+02
 0.578198E+00 -.346154E+01 -.156193E+01 -.166715E+01 0.224952E+02
 0.603962E+00 -.345656E+01 -.168451E+01 -.163181E+01 0.177866E+02
 0.528161E+00 -.346987E+01 -.167040E+01 -.166363E+01 0.181638E+02
 0.664529E+00 -.345678E+01 -.171311E+01 -.175222E+01 0.204590E+02
 0.763548E+00 -.346954E+01 -.167285E+01 -.174099E+01 0.197942E+02
 0.528612E+00 -.342118E+01 -.170774E+01 -.160093E+01 0.236565E+02
 0.546774E+00 -.344686E+01 -.168015E+01 -.165723E+01 0.189077E+02
 0.590775E+00 -.346768E+01 -.166903E+01 -.165009E+01 0.176701E+02
 0.565982E+00 -.346325E+01 -.167870E+01 -.165817E+01 0.178204E+02
 0.590907E+00 -.346286E+01 -.162410E+01 -.166831E+01 0.185794E+02
 0.598107E+00 -.347787E+01 -.164554E+01 -.161574E+01 0.194488E+02
 0.593201E+00 -.346471E+01 -.174330E+01 -.167595E+01 0.214382E+02
 0.607562E+00 -.346860E+01 -.166155E+01 -.168983E+01 0.177807E+02
 0.498407E+00 -.346652E+01 -.164588E+01 -.157334E+01 0.195123E+02
 0.563437E+00 -.346358E+01 -.166571E+01 -.159631E+01 0.184973E+02
 0.675322E+00 -.346856E+01 -.165512E+01 -.161819E+01 0.202513E+02
 0.541390E+00 -.345841E+01 -.166590E+01 -.167120E+01 0.180761E+02
 0.975826E+00 -.346421E+01 -.181684E+01 -.164390E+01 0.218781E+02
 0.537033E+00 -.343024E+01 -.159510E+01 -.167078E+01 0.223806E+02
 0.541213E+00 -.348166E+01 -.159758E+01 -.187842E+01 0.208247E+02
 0.301201E+00 -.347279E+01 -.153038E+01 -.165709E+01 0.203856E+02
 0.586345E+00 -.348489E+01 -.165714E+01 -.167758E+01 0.185062E+02
 0.566321E+00 -.349707E+01 -.157409E+01 -.167268E+01 0.224014E+02
 0.569072E+00 -.347271E+01 -.166682E+01 -.164841E+01 0.177734E+02
 0.609206E+00 -.347239E+01 -.166457E+01 -.165012E+01 0.179520E+02
 0.401694E+00 -.347902E+01 -.148811E+01 -.172433E+01 0.189200E+02
 0.450592E+00 -.348858E+01 -.167791E+01 -.166394E+01 0.216989E+02
 0.597304E+00 -.346663E+01 -.174435E+01 -.169603E+01 0.224264E+02
 0.661115E+00 -.349036E+01 -.165011E+01 -.158327E+01 0.236093E+02
 0.481684E+00 -.344584E+01 -.172475E+01 -.154223E+01 0.218089E+02
 0.507752E+00 -.346512E+01 -.166035E+01 -.170668E+01 0.190162E+02
 0.574346E+00 -.347024E+01 -.165343E+01 -.164113E+01 0.179175E+02
 0.887070E+00 -.348475E+01 -.172759E+01 -.167029E+01 0.215602E+02
 0.569652E+00 -.347341E+01 -.167003E+01 -.165564E+01 0.178059E+02
 0.643885E+00 -.346423E+01 -.170153E+01 -.162733E+01 0.177090E+02
 0.512343E+00 -.345556E+01 -.166076E+01 -.165460E+01 0.184249E+02
 0.621124E+00 -.346122E+01 -.159146E+01 -.169791E+01 0.206320E+02
 0.657377E+00 -.348456E+01 -.166832E+01 -.159120E+01 0.210738E+02
 0.490673E+00 -.343650E+01 -.170081E+01 -.163859E+01 0.225492E+02
 0.398317E+00 -.346895E+01 -.165683E+01 -.166046E+01 0.220916E+02
 0.620672E+00 -.343332E+01 -.169253E+01 -.163717E+01 0.196138E+02
 0.548321E+00 -.348583E+01 -.166314E+01 -.175908E+01 0.205111E+02
 0.947709E+00 -.346119E+01 -.173379E+01 -.163160E+01 0.203477E+02
 0.581439E+00 -.347136E+01 -.166509E+01 -.163720E+01 0.178484E+02
 0.577385E+00 -.347194E+01 -.165790E+01 -.172192E+01 0.182149E+02
 0.540486E+00 -.346418E+01 -.171029E+01 -.162464E+01 0.189085E+02
 0.528447E+00 -.347166E+01 -.170929E+01 -.153358E+01 0.198765E+02
 0.546437E+00 -.346267E+01 -.166725E+01 -.165840E+01 0.178245E+02
 0.629001E+00 -.348267E+01 -.170225E+01 -.165224E+01 0.187143E+02
 0.689101E+00 -.345929E+01 -.173189E+01 -.160578E+01 0.178067E+02
 0.592857E+00 -.346799E+01 -.177483E+01 -.164642E+01 0.235577E+02
 0.810773E+00 -.347000E+01 -.165732E+01 -.187976E+01 0.233330E+02
 0.633461E+00 -.346896E+01 -.166291E+01 -.166639E+01 0.179892E+02
 0.561116E+00 -.347109E+01 -.160306E+01 -.164397E+01 0.196529E+02
 0.599140E+00 -.346071E+01 -.169542E+01 -.168398E+01 0.183158E+02
 0.511562E+00 -.346640E+01 -.163782E+01 -.165431E+01 0.178157E+02
 0.534131E+00 -.348171E+01 -.161910E+01 -.160521E+01 0.200141E+02
 0.627732E+00 -.346929E+01 -.167359E+01 -.165027E+01 0.178603E+02
 0.543954E+00 -.346466E+01 -.167657E+01 -.165660E+01 0.180089E+02
 0.562695E+00 -.349849E+01 -.167377E+01 -.179548E+01 0.237171E+02
 0.620428E+00 -.346994E+01 -.165558E+01 -.167529E+01 0.179682E+02
 0.607351E+00 -.347124E+01 -.165925E+01 -.157302E+01 0.205672E+02
 0.575201E+00 -.346622E+01 -.166709E+01 -.168937E+01 0.178359E+02
 0.595828E+00 -.347088E+01 -.167912E+01 -.173225E+01 0.189675E+02
 0.493912E+00 -.344140E+01 -.166264E+01 -.166276E+01 0.203593E+02
 0.306907E+00 -.346131E+01 -.151986E+01 -.157232E+01 0.230162E+02
 0.611049E+00 -.342038E+01 -.167169E+01 -.167963E+01 0.221175E+02
 0.583704E+00 -.347250E+01 -.166895E+01 -.167689E+01 0.178300E+02
 0.566261E+00 -.346494E+01 -.169852E+01 -.150363E+01 0.221456E+02
 0.573122E+00 -.347207E+01 -.166730E+01 -.167065E+01 0.177845E+02
 0.418188E+00 -.344097E+01 -.163937E+01 -.159811E+01 0.221386E+02
 0.696792E+00 -.346246E+01 -.168850E+01 -.153756E+01 0.228050E+02
 0.607292E+00 -.345050E+01 -.164061E+01 -.166038E+01 0.187829E+02
 0.580735E+00 -.346470E+01 -.163836E+01 -.161653E+01 0.191158E+02
 0.575115E+00 -.347294E+01 -.164621E+01 -.167233E+01 0.178187E+02
 0.540099E+00 -.346472E+01 -.164295E+01 -.170378E+01 0.178597E+02
 0.604671E+00 -.347072E+01 -.166423E+01 -.167661E+01 0.177721E+02
 0.577709E+00 -.346369E+01 -.176022E+01 -.152489E+01 0.197319E+02
 0.613894E+00 -.346788E+01 -.166129E+01 -.165494E+01 0.178900E+02
 0.640010E+00 -.346255E+01 -.172414E+01 -.153860E+01 0.193522E+02
 0.572860E+00 -.343833E+01 -.159511E+01 -.168206E+01 0.213220E+02
 0.604943E+00 -.345248E+01 -.165636E+01 -.163570E+01 0.185080E+02
 0.611988E+00 -.346945E+01 -.174449E+01 -.166273E+01 0.205661E+02
 0.590307E+00 -.343908E+01 -.166448E+01 -.161583E+01 0.197429E+02
 0.501696E+00 -.347715E+01 -.165350E+01 -.167342E+01 0.183657E+02
 0.623095E+00 -.346627E+01 -.165753E+01 -.159445E+01 0.198121E+02
 0.843972E+00 -.346559E+01 -.170519E+01 -.178460E+01 0.213198E+02
 0.617522E+00 -.346073E+01 -.167700E+01 -.167423E+01 0.176946E+02
 0.560376E+00 -.347523E+01 -.165457E+01 -.169405E+01 0.179603E+02
 0.575715E+00 -.347283E+01 -.174951E+01 -.168379E+01 0.234009E+02
 0.566135E+00 -.346999E+01 -.164529E+01 -.166732E+01 0.177330E+02
 0.604927E+00 -.346665E+01 -.166536E+01 -.165771E+01 0.177118E+02
 0.569551E+00 -.347143E+01 -.156907E+01 -.168033E+01 0.209467E+02
 0.666170E+00 -.346383E+01 -.167998E+01 -.153141E+01 0.233310E+02
 0.447817E+00 -.347172E+01 -.171561E+01 -.158669E+01 0.218764E+02
 0.606196E+00 -.347727E+01 -.165415E+01 -.167198E+01 0.181639E+02
 0.571679E+00 -.347090E+01 -.168592E+01 -.165867E+01 0.180074E+02
 0.599615E+00 -.346358E+01 -.169630E+01 -.167229E+01 0.181060E+02
 0.542372E+00 -.347023E+01 -.166305E+01 -.164191E+01 0.177862E+02
 0.817218E+00 -.348163E+01 -.172254E+01 -.163840E+01 0.202444E+02
 0.630693E+00 -.346814E+01 -.162139E+01 -.165242E+01 0.200953E+02
 0.550627E+00 -.346709E+01 -.168247E+01 -.165063E+01 0.180137E+02
 0.638998E+00 -.347270E+01 -.167084E+01 -.168935E+01 0.180611E+02
 0.577376E+00 -.346792E+01 -.166918E+01 -.172804E+01 0.185998E+02
 0.436097E+00 -.346941E+01 -.164377E+01 -.170744E+01 0.205773E+02
 0.579365E+00 -.343944E+01 -.166557E+01 -.165479E+01 0.191567E+02
 0.559063E+00 -.347368E+01 -.157133E+01 -.172650E+01 0.194318E+02
 0.714383E+00 -.346965E+01 -.172786E+01 -.165246E+01 0.183294E+02
 0.652876E+00 -.347150E+01 -.167178E+01 -.167594E+01 0.180902E+02
 0.586424E+00 -.345956E+01 -.167534E+01 -.163555E+01 0.177427E+02
 0.574081E+00 -.345875E+01 -.169174E+01 -.166924E+01 0.182913E+02
 0.525974E+00 -.346527E+01 -.173058E+01 -.160476E+01 0.201054E+02
 0.566951E+00 -.345465E+01 -.166889E+01 -.167146E+01 0.180031E+02
 0.516531E+00 -.342762E+01 -.170100E+01 -.164097E+01 0.230341E+02
 0.424758E+00 -.346698E+01 -.166099E+01 -.163571E+01 0.203909E+02
 0.778903E+00 -.346430E+01 -.163100E+01 -.180414E+01 0.219580E+02
 0.563639E+00 -.343664E+01 -.165761E+01 -.172232E+01 0.202235E+02
 0.648951E+00 -.345189E+01 -.161226E+01 -.184972E+01 0.207010E+02
 0.577773E+00 -.347601E+01 -.163714E+01 -.159556E+01 0.202221E+02
 0.576762E+00 -.346316E+01 -.166127E+01 -.167150E+01 0.176464E+02
 0.605915E+00 -.346504E+01 -.166180E+01 -.168558E+01 0.177108E+02
 0.697896E+00 -.346060E+01 -.165400E+01 -.178095E+01 0.194303E+02
 0.584950E+00 -.346749E+01 -.170027E+01 -.159791E+01 0.180134E+02
 0.430806E+00 -.348136E+01 -.166795E+01 -.167067E+01 0.216238E+02
 0.620273E+00 -.346051E+01 -.166969E+01 -.164827E+01 0.178161E+02
 0.854298E+00 -.347454E+01 -.165446E+01 -.167914E+01 0.239108E+02
 0.579343E+00 -.347588E+01 -.166877E+01 -.162318E+01 0.181411E+02
 0.800202E+00 -.346605E+01 -.170062E+01 -.180153E+01 0.213729E+02
 0.549437E+00 -.346833E+01 -.166429E+01 -.165218E+01 0.177239E+02
 0.572847E+00 -.346789E+01 -.173937E+01 -.163522E+01 0.201517E+02
 0.671793E+00 -.345973E+01 -.161233E+01 -.165209E+01 0.221966E+02
 0.493685E+00 -.346251E+01 -.165139E+01 -.166294E+01 0.183062E+02
 0.618253E+00 -.347055E+01 -.166432E+01 -.166771E+01 0.178576E+02
 0.593577E+00 -.345661E+01 -.166024E+01 -.168974E+01 0.178490E+02
 0.642181E+00 -.346595E+01 -.163727E+01 -.168810E+01 0.186801E+02
 0.806805E+00 -.344375E+01 -.170459E+01 -.169321E+01 0.193356E+02
 0.578435E+00 -.344287E+01 -.168421E+01 -.167414E+01 0.190634E+02
 0.591719E+00 -.346195E+01 -.173329E+01 -.167205E+01 0.203856E+02
 0.569781E+00 -.346324E+01 -.164966E+01 -.167539E+01 0.176698E+02
 0.538037E+00 -.345937E+01 -.172149E+01 -.160899E+01 0.193466E+02
 0.592179E+00 -.345802E+01 -.165153E+01 -.167744E+01 0.178271E+02
 0.585030E+00 -.345225E+01 -.169602E+01 -.168876E+01 0.189325E+02
 0.631066E+00 -.346662E+01 -.167631E+01 -.168083E+01 0.177777E+02
 0.563317E+00 -.344175E+01 -.156459E+01 -.173597E+01 0.214815E+02
 0.373029E+00 -.346770E+01 -.149667E+01 -.172962E+01 0.187774E+02
 0.565453E+00 -.346424E+01 -.167565E+01 -.165644E+01 0.177546E+02
 0.540080E+00 -.346590E+01 -.167015E+01 -.177091E+01 0.207609E+02
 0.575782E+00 -.346800E+01 -.166093E+01 -.169018E+01 0.177636E+02
 0.590688E+00 -.346468E+01 -.162563E+01 -.167235E+01 0.184222E+02
 0.647514E+00 -.348361E+01 -.166420E+01 -.165619E+01 0.191061E+02
 0.626029E+00 -.350780E+01 -.165735E+01 -.167266E+01 0.219758E+02
 0.577506E+00 -.345215E+01 -.166155E+01 -.160831E+01 0.187796E+02
 0.557722E+00 -.346214E+01 -.158749E+01 -.185722E+01 0.198312E+02
 0.570411E+00 -.345687E+01 -.166488E+01 -.165245E+01 0.178137E+02
 0.325443E+00 -.346163E+01 -.154596E+01 -.162204E+01 0.209242E+02
 0.722092E+00 -.347401E+01 -.162393E+01 -.187842E+01 0.223010E+02
 0.672190E+00 -.345880E+01 -.170591E+01 -.166776E+01 0.178726E+02
 0.582188E+00 -.345902E+01 -.166342E+01 -.163092E+01 0.179619E+02
 0.517186E+00 -.346612E+01 -.160014E+01 -.193287E+01 0.225956E+02
 0.526438E+00 -.347808E+01 -.167577E+01 -.164960E+01 0.184463E+02
 0.578094E+00 -.345526E+01 -.167345E+01 -.167083E+01 0.179361E+02
 0.599778E+00 -.346359E+01 -.166475E+01 -.167634E+01 0.176590E+02
 0.588689E+00 -.346357E+01 -.164056E+01 -.173974E+01 0.181177E+02
 0.486174E+00 -.345698E+01 -.165343E+01 -.175744E+01 0.212152E+02
 0.559168E+00 -.346199E+01 -.164763E+01 -.167704E+01 0.176956E+02
 0.612140E+00 -.346039E+01 -.163992E+01 -.174106E+01 0.182510E+02
 0.234342E+00 -.348948E+01 -.152173E+01 -.163993E+01 0.231467E+02
 0.516378E+00 -.347000E+01 -.166443E+01 -.165904E+01 0.181290E+02
 0.492960E+00 -.345830E+01 -.161451E+01 -.166564E+01 0.182145E+02
 0.776611E+00 -.343146E+01 -.170135E+01 -.172914E+01 0.206136E+02
 0.608682E+00 -.348131E+01 -.165896E+01 -.171420E+01 0.185870E+02
 0.623892E+00 -.345219E+01 -.166672E+01 -.168070E+01 0.180121E+02
 0.542393E+00 -.347123E+01 -.167034E+01 -.167872E+01 0.181787E+02
 0.661678E+00 -.346535E+01 -.164956E+01 -.177402E+01 0.190125E+02
 0.575092E+00 -.350072E+01 -.167819E+01 -.167727E+01 0.206396E+02
 0.548664E+00 -.346113E+01 -.167197E+01 -.162562E+01 0.179032E+02
 0.706302E+00 -.345592E+01 -.167605E+01 -.164777E+01 0.187563E+02
 0.590660E+00 -.346497E+01 -.166455E+01 -.167873E+01 0.176613E+02
 0.588388E+00 -.344924E+01 -.173507E+01 -.168305E+01 0.214592E+02
 0.550115E+00 -.345974E+01 -.164546E+01 -.175130E+01 0.187377E+02
 0.493843E+00 -.346329E+01 -.163506E+01 -.155265E+01 0.211133E+02
 0.769985E+00 -.348159E+01 -.165137E+01 -.176309E+01 0.216188E+02
 0.570051E+00 -.345690E+01 -.167206E+01 -.166751E+01 0.178913E+02
 0.639976E+00 -.346265E+01 -.169335E+01 -.167499E+01 0.178184E+02
 0.605644E+00 -.345886E+01 -.163693E+01 -.167964E+01 0.182402E+02
 0.545796E+00 -.346290E+01 -.162703E+01 -.167249E+01 0.178773E+02
 0.576727E+00 -.351397E+01 -.164448E+01 -.165648E+01 0.225996E+02
 0.555173E+00 -.347698E+01 -.169112E+01 -.167345E+01 0.189251E+02
 0.553407E+00 -.346275E+01 -.170107E+01 -.169217E+01 0.197627E+02
 0.615850E+00 -.346607E+01 -.166427E+01 -.166201E+01 0.177708E+02
 0.480837E+00 -.346001E+01 -.165528E+01 -.176593E+01 0.217713E+02
 0.569082E+00 -.346368E+01 -.165874E+01 -.164163E+01 0.177647E+02
 0.632815E+00 -.346699E+01 -.164073E+01 -.164464E+01 0.191699E+02
 0.555918E+00 -.347996E+01 -.166080E+01 -.168111E+01 0.181920E+02
 0.619920E+00 -.350452E+01 -.168647E+01 -.172979E+01 0.225082E+02
 0.582821E+00 -.348375E+01 -.167153E+01 -.167110E+01 0.184748E+02
 0.576570E+00 -.346896E+01 -.165501E+01 -.165216E+01 0.177571E+02
 0.557404E+00 -.347719E+01 -.154591E+01 -.167691E+01 0.225621E+02
 0.575551E+00 -.347224E+01 -.166103E+01 -.164234E+01 0.178416E+02
 0.423407E+00 -.352765E+01 -.154670E+01 -.173477E+01 0.234344E+02
 0.756929E+00 -.348634E+01 -.169512E+01 -.182642E+01 0.234416E+02
 0.585137E+00 -.346293E+01 -.156235E+01 -.173695E+01 0.206353E+02
 0.663621E+00 -.346947E+01 -.168633E+01 -.178494E+01 0.202604E+02
 0.591232E+00 -.348238E+01 -.166541E+01 -.159634E+01 0.194265E+02
 0.443637E+00 -.344728E+01 -.163174E+01 -.158269E+01 0.209696E+02
 0.542623E+00 -.347078E+01 -.167966E+01 -.170345E+01 0.191077E+02
 0.576384E+00 -.346554E+01 -.166631E+01 -.167171E+01 0.176648E+02
 0.732249E+00 -.347763E+01 -.172519E+01 -.169915E+01 0.197595E+02
 0.592384E+00 -.346191E+01 -.166219E+01 -.166408E+01 0.176659E+02
 0.483572E+00 -.346320E+01 -.150181E+01 -.169167E+01 0.222814E+02
 0.617404E+00 -.346044E+01 -.164445E+01 -.176578E+01 0.186181E+02
 0.587882E+00 -.343284E+01 -.168288E+01 -.171539E+01 0.209291E+02
 0.515840E+00 -.347012E+01 -.165766E+01 -.167810E+01 0.181638E+02
 0.570149E+00 -.345515E+01 -.154596E+01 -.169382E+01 0.228260E+02
 0.674477E+00 -.348861E+01 -.166313E+01 -.166800E+01 0.200054E+02
 0.426852E+00 -.344533E+01 -.166711E+01 -.167907E+01 0.236293E+02
 0.546309E+00 -.346843E+01 -.166192E+01 -.171202E+01 0.183958E+02
 0.555665E+00 -.346025E+01 -.166749E+01 -.169908E+01 0.182578E+02
 0.500078E+00 -.345868E+01 -.173335E+01 -.165327E+01 0.234359E+02
 0.523414E+00 -.346330E+01 -.166460E+01 -.173603E+01 0.196804E+02
 0.548646E+00 -.345788E+01 -.166115E+01 -.168285E+01 0.180300E+02
 0.579791E+00 -.346173E+01 -.173931E+01 -.167871E+01 0.216011E+02
 0.686312E+00 -.345571E+01 -.177648E+01 -.155957E+01 0.185422E+02
 0.567593E+00 -.347257E+01 -.165675E+01 -.167067E+01 0.177378E+02
 0.567598E+00 -.347548E+01 -.160372E+01 -.166472E+01 0.192517E+02
 0.582108E+00 -.346285E+01 -.164405E+01 -.167179E+01 0.178059E+02
 0.523389E+00 -.349323E+01 -.164781E+01 -.164304E+01 0.191431E+02
 0.527812E+00 -.347685E+01 -.163523E+01 -.163614E+01 0.181891E+02
 0.595381E+00 -.346162E+01 -.166508E+01 -.166651E+01 0.176546E+02
 0.552517E+00 -.348466E+01 -.166189E+01 -.173352E+01 0.195356E+02
 0.596850E+00 -.346707E+01 -.165887E+01 -.167929E+01 0.176910E+02
 0.499015E+00 -.346230E+01 -.165382E+01 -.170593E+01 0.189827E+02
 0.575914E+00 -.346134E+01 -.166713E+01 -.161262E+01 0.181367E+02
 0.481591E+00 -.346495E+01 -.167023E+01 -.167109E+01 0.194757E+02
 0.524381E+00 -.345090E+01 -.166148E+01 -.167398E+01 0.187168E+02
 0.737643E+00 -.346111E+01 -.172761E+01 -.170277E+01 0.190440E+02
 0.574227E+00 -.344839E+01 -.167452E+01 -.167333E+01 0.184232E+02
 0.577904E+00 -.347131E+01 -.166268E+01 -.170468E+01 0.180227E+02
 0.575403E+00 -.346852E+01 -.165917E+01 -.166558E+01 0.176531E+02
 0.397430E+00 -.347291E+01 -.155116E+01 -.163437E+01 0.191587E+02
 0.764230E+00 -.346817E+01 -.163970E+01 -.173059E+01 0.211675E+02
 0.585261E+00 -.346271E+01 -.172443E+01 -.157649E+01 0.183678E+02
 0.699103E+00 -.346245E+01 -.169396E+01 -.171409E+01 0.184424E+02
 0.496104E+00 -.346678E+01 -.145335E+01 -.201793E+01 0.238308E+02
 0.588925E+00 -.346647E+01 -.166112E+01 -.161430E+01 0.183448E+02
 0.667857E+00 -.347509E+01 -.159825E+01 -.166565E+01 0.230604E+02
 0.590275E+00 -.345535E+01 -.162149E+01 -.170311E+01 0.184743E+02
 0.575966E+00 -.346976E+01 -.165109E+01 -.167218E+01 0.177010E+02
 0.577632E+00 -.346197E+01 -.165936E+01 -.167743E+01 0.176731E+02
 0.579792E+00 -.346359E+01 -.159584E+01 -.176797E+01 0.187472E+02
 0.629268E+00 -.346441E+01 -.162788E+01 -.166908E+01 0.191669E+02
 0.626863E+00 -.346681E+01 -.167979E+01 -.162941E+01 0.179050E+02
 0.900000E+00 -.346339E+01 -.166486E+01 -.171845E+01 0.229336E+02
 0.595602E+00 -.346146E+01 -.165398E+01 -.165156E+01 0.179149E+02
 0.640069E+00 -.346550E+01 -.177073E+01 -.168636E+01 0.235388E+02
 0.539950E+00 -.343000E+01 -.166703E+01 -.166515E+01 0.211158E+02
 0.626033E+00 -.345120E+01 -.165740E+01 -.167301E+01 0.182487E+02
 0.898002E+00 -.346481E+01 -.169568E+01 -.163330E+01 0.221006E+02
 0.590116E+00 -.347369E+01 -.166443E+01 -.164474E+01 0.179074E+02
 0.678386E+00 -.343496E+01 -.165973E+01 -.173137E+01 0.201225E+02
 0.572565E+00 -.346548E+01 -.165709E+01 -.171286E+01 0.179806E+02
 0.607857E+00 -.346790E+01 -.174066E+01 -.163801E+01 0.194534E+02
 0.729143E+00 -.347150E+01 -.166186E+01 -.163328E+01 0.207632E+02
 0.524998E+00 -.345817E+01 -.166318E+01 -.167467E+01 0.183210E+02
 0.587604E+00 -.346601E+01 -.163095E+01 -.167275E+01 0.181711E+02
 0.644529E+00 -.346175E+01 -.181072E+01 -.153332E+01 0.206386E+02
 0.654118E+00 -.346417E+01 -.166845E+01 -.155513E+01 0.221154E+02
 0.571837E+00 -.347506E+01 -.164848E+01 -.167438E+01 0.178491E+02
 0.604712E+00 -.344785E+01 -.171785E+01 -.167830E+01 0.196226E+02
 0.579048E+00 -.346954E+01 -.169527E+01 -.163985E+01 0.179574E+02
 0.602949E+00 -.346351E+01 -.167501E+01 -.167468E+01 0.176829E+02
 0.504620E+00 -.344284E+01 -.165120E+01 -.166494E+01 0.196269E+02
 0.561274E+00 -.347153E+01 -.164308E+01 -.161264E+01 0.187678E+02
 0.729397E+00 -.348269E+01 -.174877E+01 -.163504E+01 0.197040E+02
 0.613093E+00 -.346198E+01 -.163184E+01 -.165015E+01 0.190684E+02
 0.585245E+00 -.346605E+01 -.166072E+01 -.171921E+01 0.180820E+02
 0.576776E+00 -.346466E+01 -.165776E+01 -.169223E+01 0.177304E+02
 0.616558E+00 -.346807E+01 -.166812E+01 -.164772E+01 0.178533E+02
 0.580701E+00 -.346405E+01 -.166941E+01 -.167164E+01 0.176769E+02
 0.466524E+00 -.346631E+01 -.166872E+01 -.170408E+01 0.209527E+02
 0.608674E+00 -.344245E+01 -.166514E+01 -.166419E+01 0.187458E+02
 0.512753E+00 -.342661E+01 -.166835E+01 -.166167E+01 0.224532E+02
 0.636628E+00 -.342942E+01 -.166887E+01 -.167650E+01 0.203684E+02
 0.588241E+00 -.345915E+01 -.167023E+01 -.167924E+01 0.177722E+02
 0.924769E+00 -.342420E+01 -.179045E+01 -.153990E+01 0.208090E+02
 0.575737E+00 -.346449E+01 -.166057E+01 -.168832E+01 0.177280E+02
 0.616535E+00 -.347016E+01 -.165806E+01 -.162560E+01 0.186036E+02
 0.583193E+00 -.344211E+01 -.166105E+01 -.165167E+01 0.189124E+02
 0.595453E+00 -.346653E+01 -.163618E+01 -.167503E+01 0.180912E+02
 0.576038E+00 -.347226E+01 -.165992E+01 -.167147E+01 0.177401E+02
 0.650338E+00 -.346624E+01 -.170421E+01 -.180547E+01 0.222936E+02
 0.557206E+00 -.345310E+01 -.157321E+01 -.169139E+01 0.204874E+02
 0.587441E+00 -.346451E+01 -.166430E+01 -.168175E+01 0.176797E+02
 0.575361E+00 -.346047E+01 -.175724E+01 -.163836E+01 0.217248E+02
 0.120762E+01 -.346218E+01 -.180788E+01 -.166537E+01 0.225494E+02
 0.738763E+00 -.347018E+01 -.165427E+01 -.162025E+01 0.221550E+02
 0.509493E+00 -.346509E+01 -.168380E+01 -.169007E+01 0.198793E+02
 0.594861E+00 -.346924E+01 -.171647E+01 -.155587E+01 0.188025E+02
 0.583067E+00 -.345196E+01 -.158789E+01 -.167107E+01 0.209044E+02
 0.572844E+00 -.347933E+01 -.167803E+01 -.170659E+01 0.189473E+02
 0.637807E+00 -.345802E+01 -.165447E+01 -.163063E+01 0.189742E+02
 0.490058E+00 -.345526E+01 -.166653E+01 -.169038E+01 0.198629E+02
 0.749487E+00 -.347562E+01 -.166006E+01 -.167114E+01 0.206680E+02
 0.621422E+00 -.347621E+01 -.166617E+01 -.161596E+01 0.188709E+02
 0.396256E+00 -.345034E+01 -.166164E+01 -.161400E+01 0.226838E+02
 0.638294E+00 -.346487E+01 -.166217E+01 -.187985E+01 0.223678E+02
 0.557369E+00 -.346914E+01 -.165716E+01 -.165459E+01 0.176814E+02
 0.667582E+00 -.346785E+01 -.165005E+01 -.163313E+01 0.198165E+02
 0.553570E+00 -.345622E+01 -.165801E+01 -.160043E+01 0.187572E+02
 0.532561E+00 -.346797E+01 -.166656E+01 -.166962E+01 0.180413E+02
 0.587127E+00 -.346726E+01 -.158977E+01 -.168702E+01 0.198858E+02
 0.527753E+00 -.346582E+01 -.159075E+01 -.158033E+01 0.229949E+02
 0.622623E+00 -.346758E+01 -.170766E+01 -.181615E+01 0.237727E+02
 0.576588E+00 -.346353E+01 -.166045E+01 -.167281E+01 0.176451E+02
 0.603349E+00 -.351700E+01 -.165536E+01 -.172122E+01 0.236484E+02
 0.476400E+00 -.350786E+01 -.167958E+01 -.156356E+01 0.224920E+02
 0.597229E+00 -.345993E+01 -.169769E+01 -.163481E+01 0.177780E+02
 0.553710E+00 -.346330E+01 -.168837E+01 -.167270E+01 0.185095E+02
 0.528775E+00 -.343472E+01 -.164857E+01 -.168950E+01 0.204816E+02
 0.577615E+00 -.345612E+01 -.167795E+01 -.167950E+01 0.180804E+02
 0.572336E+00 -.346840E+01 -.150935E+01 -.200354E+01 0.237975E+02
 0.103851E+01 -.347138E+01 -.172392E+01 -.168386E+01 0.225973E+02
 0.567623E+00 -.346276E+01 -.161333E+01 -.167390E+01 0.185231E+02
 0.567561E+00 -.346464E+01 -.165840E+01 -.167521E+01 0.176573E+02
 0.697916E+00 -.347026E+01 -.167299E+01 -.164858E+01 0.189190E+02
 0.575717E+00 -.346689E+01 -.166105E+01 -.171457E+01 0.180763E+02
 0.522521E+00 -.346706E+01 -.162103E+01 -.168394E+01 0.177416E+02
 0.646222E+00 -.345254E+01 -.166253E+01 -.166620E+01 0.182876E+02
 0.444346E+00 -.346283E+01 -.164195E+01 -.168174E+01 0.196264E+02
 0.639273E+00 -.349720E+01 -.166219E+01 -.167593E+01 0.204266E+02
 0.580918E+00 -.345193E+01 -.168017E+01 -.160962E+01 0.183174E+02
 0.564205E+00 -.346054E+01 -.166204E+01 -.174713E+01 0.190115E+02
 0.575927E+00 -.346497E+01 -.166167E+01 -.168319E+01 0.176968E+02
 0.616888E+00 -.344911E+01 -.165478E+01 -.188772E+01 0.229058E+02
 0.325704E+00 -.346008E+01 -.160517E+01 -.162543E+01 0.229032E+02
 0.573158E+00 -.346124E+01 -.167381E+01 -.158570E+01 0.186943E+02
 0.575509E+00 -.344238E+01 -.166162E+01 -.168259E+01 0.189096E+02
 0.550045E+00 -.347836E+01 -.160518E+01 -.184064E+01 0.198638E+02
 0.603808E+00 -.344880E+01 -.157491E+01 -.188594E+01 0.216020E+02
 0.547346E+00 -.347510E+01 -.167455E+01 -.164847E+01 0.180324E+02
 0.577631E+00 -.345931E+01 -.166773E+01 -.167095E+01 0.177403E+02
 0.499947E+00 -.344728E+01 -.151534E+01 -.179326E+01 0.214027E+02
 0.592442E+00 -.346526E+01 -.166667E+01 -.167425E+01 0.176494E+02
 0.583313E+00 -.346256E+01 -.169413E+01 -.164164E+01 0.178404E+02
 0.849626E+00 -.346185E+01 -.165799E+01 -.172410E+01 0.220641E+02
 0.560876E+00 -.346597E+01 -.165508E+01 -.187101E+01 0.229726E+02
 0.516829E+00 -.346296E+01 -.167400E+01 -.166408E+01 0.185474E+02
 0.781517E+00 -.341011E+01 -.175538E+01 -.167139E+01 0.237559E+02
 0.576148E+00 -.346272E+01 -.173186E+01 -.162886E+01 0.192936E+02
 0.620470E+00 -.346391E+01 -.166821E+01 -.163951E+01 0.179399E+02
 0.593605E+00 -.348680E+01 -.166074E+01 -.171208E+01 0.190090E+02
 0.711330E+00 -.347145E+01 -.166527E+01 -.169113E+01 0.190602E+02
 0.580644E+00 -.345445E+01 -.177350E+01 -.145916E+01 0.225550E+02
 0.571799E+00 -.347417E+01 -.166640E+01 -.171410E+01 0.184210E+02
 0.585401E+00 -.348597E+01 -.164624E+01 -.167501E+01 0.186627E+02
 0.833131E+00 -.346245E+01 -.167987E+01 -.167696E+01 0.207049E+02
 0.560757E+00 -.346434E+01 -.166303E+01 -.162843E+01 0.178453E+02
 0.628219E+00 -.345873E+01 -.158425E+01 -.167355E+01 0.223175E+02
 0.631393E+00 -.347369E+01 -.166515E+01 -.166715E+01 0.180918E+02
 0.580268E+00 -.345902E+01 -.165038E+01 -.168361E+01 0.177689E+02
 0.577264E+00 -.344576E+01 -.168038E+01 -.168509E+01 0.188809E+02
 0.560602E+00 -.345849E+01 -.162041E+01 -.177097E+01 0.185782E+02
 0.745686E+00 -.346286E+01 -.186844E+01 -.149979E+01 0.223111E+02
 0.597861E+00 -.346475E+01 -.171217E+01 -.154006E+01 0.194381E+02
 0.657995E+00 -.343652E+01 -.161109E+01 -.169559E+01 0.221537E+02
 0.580411E+00 -.345425E+01 -.167009E+01 -.167154E+01 0.179345E+02
 0.627651E+00 -.348380E+01 -.165177E+01 -.164017E+01 0.194744E+02
 0.575376E+00 -.346223E+01 -.163907E+01 -.168740E+01 0.177863E+02
 0.532402E+00 -.346308E+01 -.161679E+01 -.167305E+01 0.179887E+02
 0.601725E+00 -.348185E+01 -.165088E+01 -.168059E+01 0.184274E+02
 0.577564E+00 -.346374E+01 -.168126E+01 -.168252E+01 0.180567E+02
 0.533827E+00 -.346300E+01 -.166456E+01 -.168571E+01 0.182220E+02
 0.577820E+00 -.349186E+01 -.153873E+01 -.172891E+01 0.233197E+02
 0.571461E+00 -.346319E+01 -.165918E+01 -.165889E+01 0.176548E+02
 0.639219E+00 -.347150E+01 -.165691E+01 -.169069E+01 0.181616E+02
 0.568470E+00 -.346598E+01 -.165681E+01 -.165579E+01 0.176636E+02
 0.592795E+00 -.346916E+01 -.160837E+01 -.166905E+01 0.193892E+02
 0.624406E+00 -.346280E+01 -.166184E+01 -.166908E+01 0.178285E+02
 0.610633E+00 -.350416E+01 -.162606E+01 -.172919E+01 0.215209E+02
 0.649691E+00 -.350190E+01 -.166905E+01 -.167447E+01 0.212019E+02
 0.577835E+00 -.346598E+01 -.168106E+01 -.164719E+01 0.177045E+02
 0.708207E+00 -.341571E+01 -.170883E+01 -.158875E+01 0.231419E+02
 0.575873E+00 -.346833E+01 -.165995E+01 -.164583E+01 0.177395E+02
 0.800532E+00 -.349120E+01 -.169599E+01 -.176785E+01 0.227864E+02
 0.356566E+00 -.346245E+01 -.160439E+01 -.173221E+01 0.235116E+02
 0.641840E+00 -.346574E+01 -.166908E+01 -.175477E+01 0.187814E+02
 0.580514E+00 -.347957E+01 -.166244E+01 -.165784E+01 0.180922E+02
 0.542728E+00 -.346490E+01 -.166145E+01 -.162662E+01 0.178818E+02
 0.578330E+00 -.345671E+01 -.167242E+01 -.167168E+01 0.178697E+02
 0.546827E+00 -.344307E+01 -.162804E+01 -.167499E+01 0.192154E+02
 0.517209E+00 -.346615E+01 -.166653E+01 -.162743E+01 0.180472E+02
 0.575059E+00 -.346331E+01 -.165967E+01 -.166782E+01 0.176406E+02
 0.583428E+00 -.346541E+01 -.162751E+01 -.164470E+01 0.188032E+02
 0.551852E+00 -.346168E+01 -.163498E+01 -.165763E+01 0.179439E+02
 0.581004E+00 -.345876E+01 -.164519E+01 -.174322E+01 0.183200E+02
 0.573600E+00 -.347380E+01 -.174536E+01 -.169575E+01 0.236847E+02
 0.571756E+00 -.350807E+01 -.167045E+01 -.166030E+01 0.214690E+02
 0.583651E+00 -.344055E+01 -.160169E+01 -.164204E+01 0.220960E+02
 0.271765E+00 -.350195E+01 -.148288E+01 -.161070E+01 0.209838E+02
 0.515754E+00 -.346863E+01 -.166606E+01 -.166340E+01 0.182278E+02
 0.571043E+00 -.346095E+01 -.156857E+01 -.166266E+01 0.218417E+02
 0.659300E+00 -.341860E+01 -.171005E+01 -.170850E+01 0.229254E+02
 0.617635E+00 -.347472E+01 -.165859E+01 -.171125E+01 0.181900E+02
 0.499843E+00 -.345685E+01 -.166103E+01 -.168155E+01 0.189915E+02
 0.541092E+00 -.346759E+01 -.165849E+01 -.164826E+01 0.177308E+02
 0.564678E+00 -.346098E+01 -.166221E+01 -.163786E+01 0.178000E+02
 0.587456E+00 -.345973E+01 -.166567E+01 -.165617E+01 0.176937E+02
 0.455204E+00 -.347355E+01 -.165653E+01 -.174760E+01 0.221555E+02
 0.636284E+00 -.346443E+01 -.166093E+01 -.167633E+01 0.179300E+02
 0.572680E+00 -.345464E+01 -.170573E+01 -.167958E+01 0.193518E+02
 0.608915E+00 -.346342E+01 -.164921E+01 -.163156E+01 0.186208E+02
 0.590418E+00 -.344793E+01 -.163363E+01 -.172656E+01 0.187066E+02
 0.573134E+00 -.345676E+01 -.166392E+01 -.166605E+01 0.178041E+02
 0.603855E+00 -.342020E+01 -.165710E+01 -.160092E+01 0.238875E+02
 0.563658E+00 -.346487E+01 -.162243E+01 -.171622E+01 0.178975E+02
 0.595994E+00 -.346311E+01 -.160142E+01 -.167123E+01 0.198529E+02
 0.568864E+00 -.350364E+01 -.165161E+01 -.164090E+01 0.208186E+02
 0.605558E+00 -.347104E+01 -.161386E+01 -.170836E+01 0.187756E+02
 0.563561E+00 -.347377E+01 -.165483E+01 -.162809E+01 0.181124E+02
 0.454844E+00 -.346453E+01 -.159457E+01 -.168797E+01 0.181206E+02
 0.640874E+00 -.346275E+01 -.170476E+01 -.167020E+01 0.179798E+02
 0.577000E+00 -.346214E+01 -.166013E+01 -.165833E+01 0.176681E+02
 0.532968E+00 -.345865E+01 -.164654E+01 -.170644E+01 0.181939E+02
 0.564972E+00 -.346435E+01 -.167161E+01 -.161059E+01 0.180213E+02
 0.580618E+00 -.347029E+01 -.162611E+01 -.168011E+01 0.181704E+02
 0.587108E+00 -.347111E+01 -.165841E+01 -.167044E+01 0.177318E+02
 0.573713E+00 -.349849E+01 -.165320E+01 -.176169E+01 0.211704E+02
 0.625021E+00 -.348292E+01 -.166566E+01 -.166757E+01 0.186176E+02
 0.572425E+00 -.347698E+01 -.167640E+01 -.170804E+01 0.187810E+02
 0.557118E+00 -.346554E+01 -.158929E+01 -.166476E+01 0.196828E+02
 0.561961E+00 -.347474E+01 -.159551E+01 -.167248E+01 0.193125E+02
 0.507324E+00 -.348054E+01 -.161190E+01 -.171945E+01 0.180914E+02
 0.575317E+00 -.346702E+01 -.165834E+01 -.166265E+01 0.176445E+02
 0.641743E+00 -.346660E+01 -.164312E+01 -.173193E+01 0.184023E+02
 0.620351E+00 -.346320E+01 -.169444E+01 -.153511E+01 0.208138E+02
 0.471859E+00 -.346175E+01 -.150200E+01 -.176568E+01 0.201667E+02
 0.578403E+00 -.349082E+01 -.166302E+01 -.163804E+01 0.191575E+02
 0.478727E+00 -.348109E+01 -.167338E+01 -.165435E+01 0.196198E+02
 0.483090E+00 -.344296E+01 -.172906E+01 -.150556E+01 0.229527E+02
 0.543207E+00 -.345501E+01 -.164868E+01 -.162597E+01 0.183925E+02
 0.577869E+00 -.347062E+01 -.166346E+01 -.166785E+01 0.176978E+02
 0.566289E+00 -.349609E+01 -.159272E+01 -.165023E+01 0.218538E+02
 0.754436E+00 -.346597E+01 -.162685E+01 -.166173E+01 0.234191E+02
 0.561087E+00 -.346175E+01 -.165404E+01 -.166264E+01 0.176922E+02
 0.581371E+00 -.346452E+01 -.161821E+01 -.165174E+01 0.190383E+02
 0.608500E+00 -.346264E+01 -.164128E+01 -.166763E+01 0.182084E+02
 0.646456E+00 -.344908E+01 -.166636E+01 -.166365E+01 0.183857E+02
 0.661204E+00 -.346653E+01 -.164464E+01 -.173557E+01 0.186507E+02
 0.570326E+00 -.346409E+01 -.157996E+01 -.167417E+01 0.204181E+02
 0.576369E+00 -.348127E+01 -.164235E+01 -.167551E+01 0.182632E+02
 0.521354E+00 -.346171E+01 -.164836E+01 -.167873E+01 0.179579E+02
 0.594981E+00 -.346627E+01 -.172781E+01 -.167292E+01 0.199391E+02
 0.671366E+00 -.345743E+01 -.178026E+01 -.167223E+01 0.227967E+02
 0.599265E+00 -.349025E+01 -.156951E+01 -.166355E+01 0.238685E+02
 0.603115E+00 -.346026E+01 -.165783E+01 -.168696E+01 0.177544E+02
 0.396130E+00 -.345170E+01 -.165788E+01 -.166151E+01 0.235183E+02
 0.579291E+00 -.346923E+01 -.154390E+01 -.204563E+01 0.238910E+02
 0.543162E+00 -.345687E+01 -.165230E+01 -.160075E+01 0.188358E+02
 0.658619E+00 -.349717E+01 -.166091E+01 -.167577E+01 0.207819E+02
 0.860591E+00 -.346212E+01 -.168022E+01 -.173483E+01 0.209988E+02
 0.564336E+00 -.346563E+01 -.165582E+01 -.168094E+01 0.176748E+02
 0.582687E+00 -.346480E+01 -.176373E+01 -.164041E+01 0.222519E+02
 0.589281E+00 -.347054E+01 -.166196E+01 -.172146E+01 0.181996E+02
 0.525292E+00 -.345672E+01 -.165895E+01 -.167828E+01 0.183157E+02
 0.574052E+00 -.345748E+01 -.161144E+01 -.167148E+01 0.189397E+02
 0.691503E+00 -.345715E+01 -.170482E+01 -.160393E+01 0.182781E+02
 0.579402E+00 -.343716E+01 -.156396E+01 -.190035E+01 0.231255E+02
 0.558944E+00 -.346896E+01 -.165482E+01 -.151779E+01 0.239394E+02
 0.594101E+00 -.344698E+01 -.169943E+01 -.167855E+01 0.190079E+02
 0.529807E+00 -.348776E+01 -.164856E+01 -.183602E+01 0.228769E+02
 0.569684E+00 -.347115E+01 -.165193E+01 -.166743E+01 0.177130E+02
 0.594093E+00 -.346596E+01 -.169622E+01 -.170953E+01 0.190875E+02
 0.563229E+00 -.346541E+01 -.164997E+01 -.168804E+01 0.176835E+02
 0.608743E+00 -.346354E+01 -.162727E+01 -.166764E+01 0.187829E+02
 0.599355E+00 -.347616E+01 -.163605E+01 -.170967E+01 0.182386E+02
 0.483403E+00 -.346543E+01 -.165176E+01 -.163996E+01 0.183075E+02
 0.559500E+00 -.347786E+01 -.164678E+01 -.164940E+01 0.180760E+02
 0.370308E+00 -.347272E+01 -.164290E+01 -.158849E+01 0.212829E+02
 0.604714E+00 -.346235E+01 -.168182E+01 -.165277E+01 0.176311E+02
 0.558657E+00 -.345813E+01 -.170499E+01 -.170063E+01 0.202692E+02
 0.572795E+00 -.346246E+01 -.165972E+01 -.165984E+01 0.176592E+02
 0.528411E+00 -.345921E+01 -.165767E+01 -.168500E+01 0.182075E+02
 0.583661E+00 -.346261E+01 -.167400E+01 -.159798E+01 0.183594E+02
 0.544693E+00 -.346928E+01 -.167530E+01 -.168581E+01 0.184124E+02
 0.548160E+00 -.347354E+01 -.165574E+01 -.167021E+01 0.177952E+02
 0.851808E+00 -.346338E+01 -.167713E+01 -.170230E+01 0.210586E+02
 0.542059E+00 -.345500E+01 -.172456E+01 -.168470E+01 0.220488E+02
 0.542848E+00 -.343065E+01 -.165364E+01 -.176318E+01 0.224946E+02
 0.606206E+00 -.346179E+01 -.168344E+01 -.158702E+01 0.185836E+02
 0.613025E+00 -.343217E+01 -.166518E+01 -.166692E+01 0.200209E+02
 0.571900E+00 -.346726E+01 -.165919E+01 -.171220E+01 0.180256E+02
 0.763871E+00 -.345266E+01 -.168701E+01 -.169417E+01 0.189270E+02
 0.561116E+00 -.346466E+01 -.154413E+01 -.170457E+01 0.218088E+02
 0.574850E+00 -.346327E+01 -.165770E+01 -.167847E+01 0.176612E+02
 0.730202E+00 -.346621E+01 -.165899E+01 -.165849E+01 0.200448E+02
 0.577714E+00 -.346083E+01 -.170151E+01 -.152429E+01 0.206161E+02
 0.579599E+00 -.343922E+01 -.165969E+01 -.162158E+01 0.197082E+02
 0.569414E+00 -.345886E+01 -.165429E+01 -.166506E+01 0.177562E+02
 0.574520E+00 -.346667E+01 -.165195E+01 -.167012E+01 0.176601E+02
 0.572310E+00 -.347804E+01 -.163192E+01 -.167370E+01 0.182329E+02
 0.555917E+00 -.346238E+01 -.169219E+01 -.175185E+01 0.212765E+02
 0.582146E+00 -.346307E+01 -.166295E+01 -.166410E+01 0.176358E+02
 0.579256E+00 -.346326E+01 -.167703E+01 -.166572E+01 0.177420E+02
 0.107911E+01 -.346278E+01 -.174714E+01 -.165931E+01 0.214899E+02
 0.613883E+00 -.346913E+01 -.166501E+01 -.157864E+01 0.199824E+02
 0.589060E+00 -.346303E+01 -.166382E+01 -.168568E+01 0.177056E+02
 0.578252E+00 -.348110E+01 -.172057E+01 -.161935E+01 0.191816E+02
 0.675652E+00 -.346742E+01 -.171510E+01 -.157890E+01 0.185498E+02
 0.585177E+00 -.345146E+01 -.160936E+01 -.167089E+01 0.196242E+02
 0.578703E+00 -.344109E+01 -.162159E+01 -.168187E+01 0.197546E+02
 0.857401E+00 -.345914E+01 -.170537E+01 -.176672E+01 0.207754E+02
 0.587794E+00 -.345993E+01 -.165263E+01 -.167247E+01 0.177571E+02
 0.564406E+00 -.348865E+01 -.162537E+01 -.164259E+01 0.195981E+02
 0.581540E+00 -.344878E+01 -.165876E+01 -.163884E+01 0.184736E+02
 0.728285E+00 -.346617E+01 -.165818E+01 -.167931E+01 0.196469E+02
 0.376575E+00 -.351594E+01 -.145406E+01 -.191974E+01 0.228114E+02
 0.556298E+00 -.346257E+01 -.165021E+01 -.168865E+01 0.177410E+02
 0.560024E+00 -.347587E+01 -.165675E+01 -.163321E+01 0.180533E+02
 0.866084E+00 -.346257E+01 -.168381E+01 -.186153E+01 0.233338E+02
 0.638486E+00 -.348592E+01 -.168345E+01 -.164353E+01 0.189533E+02
 0.570818E+00 -.346830E+01 -.165483E+01 -.171337E+01 0.179733E+02
 0.585429E+00 -.346798E+01 -.175686E+01 -.165266E+01 0.220736E+02
 0.681932E+00 -.345960E+01 -.166481E+01 -.168135E+01 0.183767E+02
 0.541421E+00 -.345942E+01 -.165968E+01 -.166513E+01 0.178872E+02
 0.584163E+00 -.346789E+01 -.162573E+01 -.166713E+01 0.183974E+02
 0.560930E+00 -.346512E+01 -.163571E+01 -.165089E+01 0.180376E+02
 0.618300E+00 -.346930E+01 -.165833E+01 -.164041E+01 0.182627E+02
 0.534806E+00 -.347729E+01 -.165290E+01 -.168161E+01 0.180446E+02
 0.608801E+00 -.346315E+01 -.168978E+01 -.166270E+01 0.177449E+02
 0.645220E+00 -.346432E+01 -.172435E+01 -.159250E+01 0.179264E+02
 0.565954E+00 -.346260E+01 -.167921E+01 -.164608E+01 0.177677E+02
 0.608259E+00 -.343406E+01 -.165644E+01 -.164621E+01 0.201563E+02
 0.561414E+00 -.346848E+01 -.167015E+01 -.166750E+01 0.177896E+02
 0.601060E+00 -.347199E+01 -.177204E+01 -.154443E+01 0.198294E+02
 0.575706E+00 -.346202E+01 -.166342E+01 -.163878E+01 0.177704E+02
 0.606827E+00 -.344542E+01 -.176634E+01 -.167209E+01 0.237284E+02
 0.612225E+00 -.346267E+01 -.166901E+01 -.165064E+01 0.177363E+02
 0.625047E+00 -.347521E+01 -.168082E+01 -.165173E+01 0.180045E+02
 0.605849E+00 -.346469E+01 -.167360E+01 -.165096E+01 0.176524E+02
 0.518687E+00 -.346191E+01 -.170891E+01 -.168340E+01 0.213123E+02
 0.581703E+00 -.346614E+01 -.167995E+01 -.166609E+01 0.177807E+02
 0.624017E+00 -.346246E+01 -.173876E+01 -.168289E+01 0.204236E+02
 0.597000E+00 -.342189E+01 -.167936E+01 -.165725E+01 0.218299E+02
 0.575340E+00 -.345751E+01 -.166930E+01 -.160255E+01 0.184297E+02
 0.647756E+00 -.347974E+01 -.178348E+01 -.145973E+01 0.229077E+02
 0.621470E+00 -.346040E+01 -.166232E+01 -.170344E+01 0.178809E+02
 0.613741E+00 -.345506E+01 -.153586E+01 -.179377E+01 0.232540E+02
 0.603679E+00 -.346337E+01 -.167748E+01 -.166542E+01 0.176471E+02
 0.340304E+00 -.346444E+01 -.161127E+01 -.161125E+01 0.218221E+02
 0.578162E+00 -.346183E+01 -.172413E+01 -.155029E+01 0.188742E+02
 0.914306E+00 -.346038E+01 -.184009E+01 -.157444E+01 0.206880E+02
 0.293527E+00 -.345295E+01 -.140171E+01 -.167009E+01 0.232292E+02
 0.605905E+00 -.341633E+01 -.168435E+01 -.165985E+01 0.229575E+02
 0.593839E+00 -.346175E+01 -.166092E+01 -.165503E+01 0.177307E+02
 0.665782E+00 -.346963E+01 -.156473E+01 -.185743E+01 0.227139E+02
 0.622807E+00 -.346223E+01 -.169144E+01 -.168352E+01 0.179599E+02
 0.601801E+00 -.346013E+01 -.166988E+01 -.166516E+01 0.176661E+02
 0.597260E+00 -.346245E+01 -.168482E+01 -.168434E+01 0.179912E+02
 0.511935E+00 -.346041E+01 -.158737E+01 -.169153E+01 0.184557E+02
 0.630165E+00 -.346409E+01 -.167562E+01 -.165696E+01 0.177202E+02
 0.589416E+00 -.346143E+01 -.172951E+01 -.167557E+01 0.202773E+02
 0.798111E+00 -.346482E+01 -.168114E+01 -.177219E+01 0.204137E+02
 0.629014E+00 -.347262E+01 -.166432E+01 -.184868E+01 0.216813E+02
 0.568893E+00 -.346182E+01 -.169057E+01 -.167756E+01 0.184360E+02
 0.631791E+00 -.348460E+01 -.166108E+01 -.167445E+01 0.188837E+02
 0.575889E+00 -.345829E+01 -.176055E+01 -.159118E+01 0.202794E+02
 0.599758E+00 -.346180E+01 -.170218E+01 -.166689E+01 0.182128E+02
 0.616532E+00 -.346812E+01 -.168198E+01 -.163017E+01 0.178145E+02
 0.601121E+00 -.346462E+01 -.172139E+01 -.164863E+01 0.186627E+02
 0.675737E+00 -.347477E+01 -.159959E+01 -.167250E+01 0.229681E+02
 0.626143E+00 -.344481E+01 -.168908E+01 -.165676E+01 0.183506E+02
 0.841841E+00 -.347183E+01 -.168684E+01 -.168703E+01 0.208497E+02
 0.603518E+00 -.347017E+01 -.167086E+01 -.169809E+01 0.179567E+02
 0.534411E+00 -.344225E+01 -.168610E+01 -.161963E+01 0.195178E+02
 0.633050E+00 -.346225E+01 -.169074E+01 -.158742E+01 0.185744E+02
 0.577511E+00 -.345914E+01 -.167983E+01 -.166084E+01 0.178237E+02
 0.636236E+00 -.346275E+01 -.165405E+01 -.163503E+01 0.187833E+02
 0.686790E+00 -.346224E+01 -.167315E+01 -.166184E+01 0.183364E+02
 0.632164E+00 -.347057E+01 -.167974E+01 -.166275E+01 0.178278E+02
 0.613798E+00 -.347470E+01 -.167130E+01 -.167803E+01 0.179696E+02
 0.654372E+00 -.346217E+01 -.167971E+01 -.175138E+01 0.189126E+02
 0.604036E+00 -.344904E+01 -.169648E+01 -.163731E+01 0.181482E+02
 0.556067E+00 -.344663E+01 -.166910E+01 -.152386E+01 0.231149E+02
 0.614336E+00 -.345610E+01 -.170284E+01 -.166188E+01 0.180705E+02
 0.663449E+00 -.346110E+01 -.172511E+01 -.169712E+01 0.192508E+02
 0.677715E+00 -.346265E+01 -.174050E+01 -.167072E+01 0.191555E+02
 0.542556E+00 -.346264E+01 -.169345E+01 -.165327E+01 0.185961E+02
 0.655448E+00 -.347064E+01 -.165575E+01 -.186394E+01 0.215320E+02
 0.583989E+00 -.346699E+01 -.167305E+01 -.166927E+01 0.176982E+02
 0.568377E+00 -.350494E+01 -.169622E+01 -.160151E+01 0.213901E+02
 0.581707E+00 -.345599E+01 -.169582E+01 -.167771E+01 0.185705E+02
 0.824265E+00 -.345527E+01 -.175200E+01 -.170378E+01 0.199284E+02
 0.384688E+00 -.346232E+01 -.148016E+01 -.162856E+01 0.227407E+02
 0.624460E+00 -.346230E+01 -.167668E+01 -.164076E+01 0.177748E+02
 0.639444E+00 -.349794E+01 -.174188E+01 -.164753E+01 0.221323E+02
 0.627760E+00 -.346326E+01 -.167538E+01 -.164783E+01 0.177568E+02
 0.632293E+00 -.347190E+01 -.167966E+01 -.164486E+01 0.179394E+02
 0.587942E+00 -.346435E+01 -.168716E+01 -.155587E+01 0.195392E+02
 0.256131E+00 -.345618E+01 -.150614E+01 -.161626E+01 0.237639E+02
 0.594932E+00 -.346340E+01 -.167232E+01 -.170513E+01 0.180369E+02
 0.592216E+00 -.346898E+01 -.170076E+01 -.167440E+01 0.184886E+02
 0.645425E+00 -.346407E+01 -.169939E+01 -.165225E+01 0.177087E+02
 0.494081E+00 -.346153E+01 -.168328E+01 -.163624E+01 0.191414E+02
 0.624564E+00 -.348817E+01 -.165041E+01 -.167449E+01 0.193358E+02
 0.729455E+00 -.347157E+01 -.164031E+01 -.173924E+01 0.203332E+02
 0.598440E+00 -.346406E+01 -.169159E+01 -.160098E+01 0.179820E+02
 0.601859E+00 -.345538E+01 -.167809E+01 -.164931E+01 0.177830E+02
 0.668784E+00 -.345842E+01 -.177028E+01 -.164170E+01 0.203620E+02
 0.420950E+00 -.347999E+01 -.152587E+01 -.173755E+01 0.182425E+02
 0.600619E+00 -.346496E+01 -.167277E+01 -.163749E+01 0.177359E+02
 0.707637E+00 -.347414E+01 -.170166E+01 -.172807E+01 0.193946E+02
 0.376357E+00 -.346329E+01 -.161130E+01 -.167987E+01 0.210133E+02
 0.601599E+00 -.346354E+01 -.173215E+01 -.168909E+01 0.207084E+02
 0.601607E+00 -.343745E+01 -.168235E+01 -.166994E+01 0.192945E+02
 0.633823E+00 -.344381E+01 -.166813E+01 -.179971E+01 0.207394E+02
 0.589838E+00 -.346196E+01 -.169842E+01 -.165077E+01 0.179636E+02
 0.600391E+00 -.345745E+01 -.169119E+01 -.165581E+01 0.178301E+02
 0.617341E+00 -.344994E+01 -.172280E+01 -.167143E+01 0.193113E+02
 0.597039E+00 -.346608E+01 -.171919E+01 -.175406E+01 0.226335E+02
 0.607564E+00 -.346313E+01 -.168807E+01 -.165088E+01 0.176543E+02
 0.598477E+00 -.346149E+01 -.172613E+01 -.166346E+01 0.193761E+02
 0.609635E+00 -.345965E+01 -.166784E+01 -.168414E+01 0.177410E+02
 0.585575E+00 -.346162E+01 -.165381E+01 -.165222E+01 0.178317E+02
 0.673496E+00 -.348235E+01 -.163443E+01 -.170608E+01 0.201169E+02
 0.541727E+00 -.345740E+01 -.166281E+01 -.172658E+01 0.190350E+02
 0.618291E+00 -.347853E+01 -.176292E+01 -.164579E+01 0.219344E+02
 0.687804E+00 -.349134E+01 -.168407E+01 -.166878E+01 0.200702E+02
 0.605250E+00 -.346825E+01 -.169027E+01 -.162202E+01 0.177822E+02
 0.593719E+00 -.345794E+01 -.157898E+01 -.164940E+01 0.225354E+02
 0.636017E+00 -.345276E+01 -.166075E+01 -.167720E+01 0.181523E+02
 0.708213E+00 -.346944E+01 -.168602E+01 -.166211E+01 0.184463E+02
 0.558894E+00 -.347162E+01 -.168794E+01 -.160350E+01 0.181125E+02
 0.620312E+00 -.346795E+01 -.167430E+01 -.166630E+01 0.177202E+02
 0.602812E+00 -.344505E+01 -.168382E+01 -.164855E+01 0.184090E+02
 0.580258E+00 -.345849E+01 -.168064E+01 -.161423E+01 0.179560E+02
 0.639751E+00 -.345865E+01 -.161949E+01 -.163011E+01 0.214706E+02
 0.458523E+00 -.346589E+01 -.166685E+01 -.170570E+01 0.212552E+02
 0.647763E+00 -.347392E+01 -.169620E+01 -.164828E+01 0.180233E+02
 0.584334E+00 -.346365E+01 -.169177E+01 -.165641E+01 0.179073E+02
 0.591244E+00 -.349217E+01 -.168533E+01 -.167855E+01 0.196861E+02
 0.578666E+00 -.346523E+01 -.161407E+01 -.176389E+01 0.183816E+02
 0.620236E+00 -.346294E+01 -.169062E+01 -.167885E+01 0.178887E+02
 0.607308E+00 -.346061E+01 -.169109E+01 -.171130E+01 0.186764E+02
 0.583259E+00 -.346867E+01 -.167680E+01 -.166460E+01 0.177427E+02
 0.660713E+00 -.343815E+01 -.166581E+01 -.158934E+01 0.216672E+02
 0.649408E+00 -.346530E+01 -.168730E+01 -.171525E+01 0.183510E+02
 0.601891E+00 -.341700E+01 -.169720E+01 -.162540E+01 0.228126E+02
 0.546302E+00 -.346307E+01 -.163896E+01 -.167332E+01 0.177186E+02
 0.592259E+00 -.348711E+01 -.169322E+01 -.166690E+01 0.192047E+02
 0.604540E+00 -.344938E+01 -.169667E+01 -.162877E+01 0.181195E+02
 0.628991E+00 -.346263E+01 -.169123E+01 -.167502E+01 0.178147E+02
 0.609014E+00 -.348532E+01 -.161369E+01 -.174119E+01 0.194899E+02
 0.610115E+00 -.346278E+01 -.167465E+01 -.165057E+01 0.176583E+02
 0.590432E+00 -.346365E+01 -.166506E+01 -.168885E+01 0.177339E+02
 0.562076E+00 -.346309E+01 -.168108E+01 -.166753E+01 0.180234E+02
 0.590388E+00 -.347347E+01 -.165671E+01 -.164261E+01 0.180581E+02
 0.685874E+00 -.346087E+01 -.169774E+01 -.164187E+01 0.178654E+02
 0.679353E+00 -.346101E+01 -.164593E+01 -.162430E+01 0.207014E+02
 0.638479E+00 -.349816E+01 -.172981E+01 -.170169E+01 0.231746E+02
 0.637282E+00 -.348017E+01 -.180229E+01 -.148082E+01 0.216485E+02
 0.591421E+00 -.347169E+01 -.168680E+01 -.171428E+01 0.189213E+02
 0.566249E+00 -.344050E+01 -.159373E+01 -.180363E+01 0.206382E+02
 0.618097E+00 -.346324E+01 -.178648E+01 -.162197E+01 0.225458E+02
 0.575157E+00 -.347571E+01 -.161382E+01 -.166039E+01 0.190499E+02
 0.562300E+00 -.346654E+01 -.167730E+01 -.163367E+01 0.177577E+02
 0.463868E+00 -.348980E+01 -.170093E+01 -.161622E+01 0.216433E+02
 0.693635E+00 -.346618E+01 -.170138E+01 -.173058E+01 0.190457E+02
 0.607917E+00 -.346285E+01 -.169976E+01 -.163013E+01 0.177130E+02
 0.581512E+00 -.350771E+01 -.166067E+01 -.166210E+01 0.213860E+02
 0.621039E+00 -.344442E+01 -.166916E+01 -.173142E+01 0.191018E+02
 0.561595E+00 -.345993E+01 -.165913E+01 -.162911E+01 0.179713E+02
 0.577604E+00 -.346510E+01 -.166796E+01 -.165415E+01 0.176329E+02
 0.594130E+00 -.346326E+01 -.169529E+01 -.166059E+01 0.179520E+02
 0.467301E+00 -.347246E+01 -.171044E+01 -.161745E+01 0.213682E+02
 0.582214E+00 -.346132E+01 -.166608E+01 -.165386E+01 0.176656E+02
 0.603951E+00 -.346223E+01 -.168150E+01 -.164770E+01 0.176310E+02
 0.333521E+00 -.346357E+01 -.148051E+01 -.167482E+01 0.199631E+02
 0.590722E+00 -.344930E+01 -.168438E+01 -.154732E+01 0.206813E+02
 0.608538E+00 -.346249E+01 -.162226E+01 -.165730E+01 0.193006E+02
 0.682229E+00 -.342909E+01 -.169200E+01 -.161068E+01 0.207204E+02
 0.679324E+00 -.346698E+01 -.161279E+01 -.168062E+01 0.213944E+02
 0.593395E+00 -.347148E+01 -.170485E+01 -.164777E+01 0.182302E+02
 0.601578E+00 -.345831E+01 -.167383E+01 -.166091E+01 0.176938E+02
 0.516672E+00 -.346500E+01 -.167476E+01 -.167371E+01 0.187283E+02
 0.598324E+00 -.346613E+01 -.159848E+01 -.165452E+01 0.206570E+02
 0.634009E+00 -.348690E+01 -.175296E+01 -.167311E+01 0.226210E+02
 0.636911E+00 -.346952E+01 -.165840E+01 -.168122E+01 0.180613E+02
 0.446600E+00 -.345374E+01 -.165648E+01 -.163681E+01 0.200447E+02
 0.561065E+00 -.351579E+01 -.165914E+01 -.160134E+01 0.234957E+02
 0.546835E+00 -.346616E+01 -.166775E+01 -.160706E+01 0.181140E+02
 0.684648E+00 -.348174E+01 -.166599E+01 -.169528E+01 0.192736E+02
 0.552359E+00 -.346224E+01 -.168033E+01 -.181129E+01 0.229464E+02
 0.605813E+00 -.346411E+01 -.164506E+01 -.165927E+01 0.181546E+02
 0.603382E+00 -.342324E+01 -.167829E+01 -.166474E+01 0.215111E+02
 0.604174E+00 -.346132E+01 -.174210E+01 -.165537E+01 0.201207E+02
 0.521413E+00 -.346917E+01 -.167342E+01 -.170627E+01 0.193358E+02
 0.586036E+00 -.345960E+01 -.168864E+01 -.163887E+01 0.177599E+02
 0.579814E+00 -.345225E+01 -.165101E+01 -.167321E+01 0.180776E+02
 0.621811E+00 -.349036E+01 -.162915E+01 -.167458E+01 0.202375E+02
 0.597288E+00 -.347450E+01 -.165684E+01 -.173833E+01 0.185067E+02
 0.577778E+00 -.346307E+01 -.169006E+01 -.158748E+01 0.182565E+02
 0.603991E+00 -.348612E+01 -.164884E+01 -.161459E+01 0.200506E+02
 0.570722E+00 -.348814E+01 -.169595E+01 -.178393E+01 0.238206E+02
 0.690906E+00 -.343572E+01 -.169599E+01 -.165026E+01 0.192006E+02
 0.566493E+00 -.346674E+01 -.165425E+01 -.166551E+01 0.176432E+02
 0.585079E+00 -.346258E+01 -.163725E+01 -.156017E+01 0.224815E+02
 0.491377E+00 -.346623E+01 -.162294E+01 -.163350E+01 0.182149E+02
 0.623384E+00 -.346262E+01 -.163819E+01 -.168743E+01 0.183133E+02
 0.610523E+00 -.347151E+01 -.168170E+01 -.164114E+01 0.178032E+02
 0.636198E+00 -.348346E+01 -.159643E+01 -.176279E+01 0.206290E+02
 0.539380E+00 -.347670E+01 -.165405E+01 -.161002E+01 0.184469E+02
 0.602446E+00 -.347590E+01 -.164492E+01 -.160025E+01 0.201201E+02
 0.622431E+00 -.346238E+01 -.168605E+01 -.163560E+01 0.176857E+02
 0.579405E+00 -.347062E+01 -.151952E+01 -.181112E+01 0.224557E+02
 0.580730E+00 -.346224E+01 -.165789E+01 -.165560E+01 0.177068E+02
 0.559834E+00 -.345698E+01 -.165835E+01 -.171515E+01 0.183386E+02
 0.562945E+00 -.346734E+01 -.171059E+01 -.156847E+01 0.185888E+02
 0.551725E+00 -.346282E+01 -.167885E+01 -.162871E+01 0.178702E+02
 0.582481E+00 -.347413E+01 -.163086E+01 -.167325E+01 0.182373E+02
 0.605088E+00 -.346071E+01 -.168235E+01 -.163461E+01 0.176921E+02
 0.757910E+00 -.346044E+01 -.170409E+01 -.162720E+01 0.187192E+02
 0.685115E+00 -.347214E+01 -.168844E+01 -.164813E+01 0.183137E+02
 0.599380E+00 -.345800E+01 -.173731E+01 -.166837E+01 0.203820E+02
 0.570237E+00 -.345293E+01 -.176427E+01 -.144972E+01 0.237456E+02
 0.625715E+00 -.347725E+01 -.166360E+01 -.167183E+01 0.182278E+02
 0.580382E+00 -.347189E+01 -.166935E+01 -.166067E+01 0.177425E+02
 0.578725E+00 -.344782E+01 -.164392E+01 -.172622E+01 0.186912E+02
 0.560088E+00 -.346279E+01 -.175177E+01 -.167947E+01 0.238684E+02
 0.567905E+00 -.346742E+01 -.165914E+01 -.165398E+01 0.176636E+02
 0.807367E+00 -.346438E+01 -.165824E+01 -.176126E+01 0.210649E+02
 0.610210E+00 -.346143E+01 -.166265E+01 -.158406E+01 0.197405E+02
 0.329684E+00 -.346066E+01 -.133993E+01 -.174428E+01 0.237685E+02
 0.577471E+00 -.344016E+01 -.166519E+01 -.162530E+01 0.193748E+02
 0.558548E+00 -.347267E+01 -.166777E+01 -.156253E+01 0.198152E+02
 0.543069E+00 -.345827E+01 -.163502E+01 -.165050E+01 0.181070E+02
 0.565735E+00 -.346957E+01 -.165047E+01 -.164529E+01 0.178456E+02
 0.582217E+00 -.347248E+01 -.165515E+01 -.164979E+01 0.178926E+02
 0.548437E+00 -.346185E+01 -.159952E+01 -.168495E+01 0.185908E+02
 0.737084E+00 -.346723E+01 -.170701E+01 -.165484E+01 0.183134E+02
 0.569201E+00 -.346302E+01 -.165700E+01 -.166398E+01 0.176541E+02
 0.608329E+00 -.346282E+01 -.164581E+01 -.163511E+01 0.186737E+02
 0.637131E+00 -.345629E+01 -.177488E+01 -.151133E+01 0.195375E+02
 0.605263E+00 -.345098E+01 -.168787E+01 -.160063E+01 0.184251E+02
 0.595561E+00 -.346231E+01 -.161583E+01 -.165960E+01 0.193022E+02
 0.730390E+00 -.346840E+01 -.168083E+01 -.157775E+01 0.217185E+02
 0.574183E+00 -.345551E+01 -.154552E+01 -.169469E+01 0.229838E+02
 0.589010E+00 -.344677E+01 -.161249E+01 -.166930E+01 0.199483E+02
 0.636327E+00 -.348162E+01 -.176332E+01 -.165386E+01 0.221541E+02
 0.559976E+00 -.345925E+01 -.164727E+01 -.167354E+01 0.177705E+02
 0.608214E+00 -.347015E+01 -.175332E+01 -.166014E+01 0.214002E+02
 0.588563E+00 -.347559E+01 -.165579E+01 -.164881E+01 0.180670E+02
 0.616239E+00 -.347021E+01 -.166287E+01 -.163596E+01 0.181973E+02
 0.372006E+00 -.345835E+01 -.164585E+01 -.164789E+01 0.231329E+02
 0.588596E+00 -.347840E+01 -.171288E+01 -.168935E+01 0.200968E+02
 0.551336E+00 -.345977E+01 -.164803E+01 -.166896E+01 0.177674E+02
 0.584380E+00 -.344896E+01 -.168530E+01 -.165076E+01 0.182542E+02
 0.792819E+00 -.346233E+01 -.167760E+01 -.163642E+01 0.208088E+02
 0.607465E+00 -.350663E+01 -.166421E+01 -.167817E+01 0.214641E+02
 0.591730E+00 -.346755E+01 -.164091E+01 -.168510E+01 0.178645E+02
 0.602956E+00 -.346555E+01 -.176213E+01 -.164615E+01 0.216485E+02
 0.661064E+00 -.347020E+01 -.167347E+01 -.164480E+01 0.183376E+02
 0.563788E+00 -.345305E+01 -.166131E+01 -.167214E+01 0.180454E+02
 0.587139E+00 -.345302E+01 -.165447E+01 -.166547E+01 0.180314E+02
 0.625623E+00 -.344228E+01 -.161718E+01 -.166327E+01 0.210575E+02
 0.605974E+00 -.346930E+01 -.168818E+01 -.158324E+01 0.186164E+02
 0.576418E+00 -.346271E+01 -.168448E+01 -.167318E+01 0.180223E+02
 0.603979E+00 -.347981E+01 -.173929E+01 -.167880E+01 0.215910E+02
 0.787932E+00 -.345627E+01 -.166310E+01 -.168762E+01 0.205238E+02
 0.505302E+00 -.346551E+01 -.169499E+01 -.164112E+01 0.194009E+02
 0.570813E+00 -.346220E+01 -.164970E+01 -.165550E+01 0.177837E+02
 0.574262E+00 -.348187E+01 -.168190E+01 -.163420E+01 0.183550E+02
 0.417088E+00 -.346678E+01 -.166009E+01 -.159570E+01 0.202460E+02
 0.526573E+00 -.346774E+01 -.167698E+01 -.153374E+01 0.206342E+02
 0.621482E+00 -.346242E+01 -.169854E+01 -.167955E+01 0.180932E+02
 0.595662E+00 -.344988E+01 -.165980E+01 -.163771E+01 0.184468E+02
 0.525497E+00 -.348086E+01 -.163371E+01 -.164835E+01 0.181944E+02
 0.489959E+00 -.347339E+01 -.174931E+01 -.154128E+01 0.216615E+02
 0.564809E+00 -.346192E+01 -.167439E+01 -.161043E+01 0.180135E+02
 0.570286E+00 -.347046E+01 -.167314E+01 -.171591E+01 0.186053E+02
 0.578888E+00 -.346243E+01 -.166691E+01 -.165798E+01 0.176430E+02
 0.595262E+00 -.346263E+01 -.168770E+01 -.166126E+01 0.177768E+02
 0.574063E+00 -.346433E+01 -.167611E+01 -.166421E+01 0.177475E+02
 0.532243E+00 -.346764E+01 -.165735E+01 -.170088E+01 0.182344E+02
 0.539510E+00 -.346179E+01 -.166976E+01 -.164495E+01 0.178989E+02
 0.584501E+00 -.346281E+01 -.172310E+01 -.170254E+01 0.209710E+02
 0.584318E+00 -.342864E+01 -.171921E+01 -.162444E+01 0.211622E+02
 0.566721E+00 -.345063E+01 -.159463E+01 -.190983E+01 0.217248E+02
 0.583783E+00 -.345053E+01 -.167683E+01 -.159843E+01 0.187144E+02
 0.615996E+00 -.348308E+01 -.172316E+01 -.155508E+01 0.196069E+02
 0.569069E+00 -.346183E+01 -.155425E+01 -.171899E+01 0.210254E+02
 0.580720E+00 -.346127E+01 -.161967E+01 -.167526E+01 0.184961E+02
 0.670780E+00 -.344900E+01 -.166467E+01 -.172424E+01 0.186773E+02
 0.630447E+00 -.346258E+01 -.167470E+01 -.166394E+01 0.177067E+02
 0.551519E+00 -.346495E+01 -.171122E+01 -.158936E+01 0.184734E+02
 0.544647E+00 -.343594E+01 -.165537E+01 -.181435E+01 0.233954E+02
 0.382626E+00 -.346226E+01 -.161281E+01 -.164794E+01 0.203108E+02
 0.610795E+00 -.346302E+01 -.170724E+01 -.164004E+01 0.178691E+02
 0.404709E+00 -.345982E+01 -.147490E+01 -.166098E+01 0.223845E+02
 0.546168E+00 -.346562E+01 -.167309E+01 -.153679E+01 0.208265E+02
 0.549396E+00 -.345850E+01 -.164190E+01 -.166724E+01 0.178555E+02
 0.610183E+00 -.346488E+01 -.168625E+01 -.164137E+01 0.176450E+02
 0.585735E+00 -.347176E+01 -.165059E+01 -.163864E+01 0.181726E+02
 0.856033E+00 -.345708E+01 -.166097E+01 -.170861E+01 0.220925E+02
 0.106902E+01 -.343920E+01 -.171884E+01 -.171641E+01 0.226127E+02
 0.599650E+00 -.346359E+01 -.168549E+01 -.165023E+01 0.176547E+02
 0.604729E+00 -.346233E+01 -.165487E+01 -.164307E+01 0.180989E+02
 0.620121E+00 -.347137E+01 -.167933E+01 -.177957E+01 0.201621E+02
 0.587232E+00 -.346205E+01 -.167170E+01 -.166771E+01 0.176652E+02
 0.572093E+00 -.347049E+01 -.164910E+01 -.166572E+01 0.177383E+02
 0.557551E+00 -.345810E+01 -.175823E+01 -.159747E+01 0.209120E+02
 0.600100E+00 -.345063E+01 -.158853E+01 -.172552E+01 0.202081E+02
 0.614739E+00 -.345305E+01 -.170205E+01 -.164754E+01 0.179841E+02
 0.616008E+00 -.346045E+01 -.167860E+01 -.164967E+01 0.176665E+02
 0.593425E+00 -.346108E+01 -.175803E+01 -.166130E+01 0.222258E+02
 0.556745E+00 -.344846E+01 -.160092E+01 -.162906E+01 0.211654E+02
 0.588637E+00 -.345112E+01 -.166850E+01 -.163779E+01 0.181533E+02
 0.471113E+00 -.346903E+01 -.169786E+01 -.169894E+01 0.232206E+02
 0.556439E+00 -.346641E+01 -.166881E+01 -.167211E+01 0.178319E+02
 0.567162E+00 -.343136E+01 -.168406E+01 -.162230E+01 0.204924E+02
 0.523215E+00 -.346226E+01 -.169506E+01 -.148826E+01 0.232488E+02
 0.556494E+00 -.346423E+01 -.167857E+01 -.168220E+01 0.182487E+02
 0.598355E+00 -.348745E+01 -.168266E+01 -.165157E+01 0.188543E+02
 0.611470E+00 -.346642E+01 -.168078E+01 -.163819E+01 0.177010E+02
 0.703736E+00 -.346780E+01 -.167474E+01 -.161839E+01 0.196184E+02
 0.643188E+00 -.346027E+01 -.165302E+01 -.168048E+01 0.181998E+02
 0.602842E+00 -.347215E+01 -.167886E+01 -.166622E+01 0.178252E+02
 0.626707E+00 -.344128E+01 -.168592E+01 -.171877E+01 0.194614E+02
 0.557694E+00 -.341585E+01 -.166990E+01 -.164260E+01 0.238128E+02
 0.607104E+00 -.346002E+01 -.167932E+01 -.153799E+01 0.214228E+02
 0.600977E+00 -.346228E+01 -.168139E+01 -.170906E+01 0.183177E+02
 0.603962E+00 -.344413E+01 -.171135E+01 -.169583E+01 0.200794E+02
 0.538034E+00 -.345436E+01 -.163519E+01 -.154317E+01 0.231006E+02
 0.588323E+00 -.346181E+01 -.167080E+01 -.165380E+01 0.176422E+02
 0.668187E+00 -.346792E+01 -.172054E+01 -.169918E+01 0.191764E+02
 0.656802E+00 -.346214E+01 -.173211E+01 -.168744E+01 0.194591E+02
 0.572794E+00 -.346285E+01 -.171437E+01 -.163532E+01 0.185718E+02
 0.594974E+00 -.344803E+01 -.167610E+01 -.168118E+01 0.183550E+02
 0.580023E+00 -.347773E+01 -.172989E+01 -.162663E+01 0.195239E+02
 0.565898E+00 -.346561E+01 -.162636E+01 -.167253E+01 0.180355E+02
 0.598701E+00 -.346745E+01 -.172004E+01 -.172675E+01 0.214063E+02
 0.599683E+00 -.344247E+01 -.162423E+01 -.165991E+01 0.201588E+02
 0.575741E+00 -.346241E+01 -.166969E+01 -.166021E+01 0.176623E+02
 0.567519E+00 -.345930E+01 -.169393E+01 -.163815E+01 0.180381E+02
 0.584835E+00 -.346245E+01 -.168316E+01 -.165498E+01 0.177260E+02
 0.630164E+00 -.346801E+01 -.168663E+01 -.161183E+01 0.181040E+02
 0.615935E+00 -.348810E+01 -.171210E+01 -.158331E+01 0.195307E+02
 0.613753E+00 -.346507E+01 -.166836E+01 -.166844E+01 0.176827E+02
 0.572031E+00 -.346162E+01 -.169426E+01 -.164001E+01 0.179609E+02
 0.526451E+00 -.346272E+01 -.168322E+01 -.164653E+01 0.184306E+02
 0.485032E+00 -.346337E+01 -.168224E+01 -.167566E+01 0.202701E+02
 0.900000E+00 -.345815E+01 -.169586E+01 -.165615E+01 0.213272E+02
 0.603679E+00 -.349518E+01 -.167608E+01 -.167915E+01 0.198353E+02
 0.651038E+00 -.347718E+01 -.170896E+01 -.181772E+01 0.238296E+02
 0.601596E+00 -.346208E+01 -.169122E+01 -.162262E+01 0.177225E+02
 0.627880E+00 -.345731E+01 -.175530E+01 -.156225E+01 0.185900E+02
 0.626198E+00 -.346243E+01 -.167488E+01 -.166394E+01 0.176849E+02
 0.578531E+00 -.345486E+01 -.164183E+01 -.177204E+01 0.189896E+02
 0.597784E+00 -.346317E+01 -.172981E+01 -.167937E+01 0.202216E+02
 0.977243E+00 -.345734E+01 -.186470E+01 -.149637E+01 0.201039E+02
 0.607162E+00 -.346198E+01 -.168217E+01 -.165065E+01 0.176301E+02
 0.681872E+00 -.345059E+01 -.167557E+01 -.156370E+01 0.218653E+02
 0.575657E+00 -.346382E+01 -.166703E+01 -.166420E+01 0.176459E+02
 0.609997E+00 -.345920E+01 -.170769E+01 -.165633E+01 0.181169E+02
 0.589503E+00 -.346194E+01 -.168217E+01 -.165248E+01 0.176799E+02
 0.598079E+00 -.346483E+01 -.173013E+01 -.167082E+01 0.199373E+02
 0.611741E+00 -.346199E+01 -.169238E+01 -.165057E+01 0.176825E+02
 0.600569E+00 -.346184E+01 -.168244E+01 -.165802E+01 0.176617E+02
 0.612082E+00 -.347176E+01 -.166192E+01 -.175942E+01 0.189297E+02
 0.584275E+00 -.346189E+01 -.172468E+01 -.165704E+01 0.194167E+02
 0.569995E+00 -.345912E+01 -.172601E+01 -.170895E+01 0.220674E+02
 0.609988E+00 -.346139E+01 -.178741E+01 -.161891E+01 0.227593E+02
 0.606611E+00 -.346789E+01 -.173496E+01 -.164805E+01 0.193992E+02
 0.801823E+00 -.350088E+01 -.170460E+01 -.162504E+01 0.235884E+02
 0.628684E+00 -.350319E+01 -.165631E+01 -.165640E+01 0.214236E+02
 0.654565E+00 -.346311E+01 -.170440E+01 -.162919E+01 0.177057E+02
 0.559957E+00 -.346017E+01 -.159638E+01 -.166012E+01 0.196140E+02
 0.585581E+00 -.346895E+01 -.164888E+01 -.166651E+01 0.177936E+02
 0.585143E+00 -.344399E+01 -.167329E+01 -.168151E+01 0.187520E+02
 0.730028E+00 -.346643E+01 -.169888E+01 -.169137E+01 0.184542E+02
 0.574788E+00 -.345255E+01 -.165792E+01 -.178469E+01 0.200492E+02
 0.609063E+00 -.345882E+01 -.176140E+01 -.166116E+01 0.220290E+02
 0.595208E+00 -.346754E+01 -.168897E+01 -.164927E+01 0.177438E+02
 0.672683E+00 -.347729E+01 -.167682E+01 -.163660E+01 0.189236E+02
 0.482192E+00 -.346219E+01 -.168974E+01 -.164311E+01 0.200126E+02
 0.616995E+00 -.341701E+01 -.169362E+01 -.165019E+01 0.226281E+02
 0.592842E+00 -.346131E+01 -.169267E+01 -.165134E+01 0.178099E+02
 0.629182E+00 -.346141E+01 -.161843E+01 -.163696E+01 0.208537E+02
 0.701654E+00 -.346554E+01 -.166553E+01 -.170986E+01 0.186513E+02
 0.604678E+00 -.347109E+01 -.167908E+01 -.167315E+01 0.178354E+02
 0.588343E+00 -.346112E+01 -.169856E+01 -.167314E+01 0.183622E+02
 0.557662E+00 -.343233E+01 -.170285E+01 -.166178E+01 0.213271E+02
 0.639846E+00 -.345955E+01 -.174668E+01 -.164817E+01 0.193900E+02
 0.563270E+00 -.346481E+01 -.164295E+01 -.162534E+01 0.183840E+02
 0.592167E+00 -.346510E+01 -.158004E+01 -.195757E+01 0.221137E+02
 0.643240E+00 -.346196E+01 -.168086E+01 -.168292E+01 0.177895E+02
 0.608405E+00 -.343890E+01 -.165544E+01 -.161717E+01 0.202508E+02
 0.616115E+00 -.348856E+01 -.161692E+01 -.163693E+01 0.216846E+02
 0.616711E+00 -.346155E+01 -.169741E+01 -.165054E+01 0.177289E+02
 0.534936E+00 -.345278E+01 -.180420E+01 -.145258E+01 0.236812E+02
 0.634458E+00 -.344539E+01 -.166726E+01 -.170869E+01 0.186336E+02
 0.805595E+00 -.345889E+01 -.173035E+01 -.170255E+01 0.191834E+02
 0.626080E+00 -.348406E+01 -.167714E+01 -.177439E+01 0.206605E+02
 0.581507E+00 -.346332E+01 -.166279E+01 -.165358E+01 0.176618E+02
 0.654934E+00 -.344679E+01 -.161965E+01 -.177629E+01 0.200283E+02
 0.596645E+00 -.346019E+01 -.168914E+01 -.167665E+01 0.180125E+02
 0.595160E+00 -.345487E+01 -.174542E+01 -.165542E+01 0.207434E+02
 0.616263E+00 -.347463E+01 -.159946E+01 -.179061E+01 0.195563E+02
 0.730456E+00 -.346381E+01 -.165502E+01 -.182795E+01 0.207428E+02
 0.410535E+00 -.346199E+01 -.156103E+01 -.166185E+01 0.189279E+02
 0.636156E+00 -.346255E+01 -.169058E+01 -.167804E+01 0.178218E+02
 0.587258E+00 -.346315E+01 -.167603E+01 -.160307E+01 0.181873E+02
 0.613323E+00 -.346201E+01 -.168674E+01 -.165363E+01 0.176439E+02
 0.634155E+00 -.346107E+01 -.165633E+01 -.165708E+01 0.182131E+02
 0.591685E+00 -.346550E+01 -.167859E+01 -.165977E+01 0.176632E+02
 0.636678E+00 -.346645E+01 -.168465E+01 -.162988E+01 0.178765E+02
 0.591391E+00 -.346183E+01 -.169258E+01 -.164192E+01 0.177529E+02
 0.599746E+00 -.346100E+01 -.166388E+01 -.162653E+01 0.181050E+02
 0.631937E+00 -.349453E+01 -.163093E+01 -.171005E+01 0.205083E+02
 0.673467E+00 -.345295E+01 -.167908E+01 -.165764E+01 0.181593E+02
 0.619266E+00 -.347468E+01 -.168209E+01 -.167880E+01 0.180691E+02
 0.593610E+00 -.343789E+01 -.168431E+01 -.176866E+01 0.218447E+02
 0.670057E+00 -.346092E+01 -.171212E+01 -.165469E+01 0.178240E+02
 0.520511E+00 -.347137E+01 -.158255E+01 -.166262E+01 0.191481E+02
 0.584884E+00 -.346819E+01 -.166711E+01 -.164693E+01 0.176910E+02
 0.663270E+00 -.344689E+01 -.170810E+01 -.154720E+01 0.203395E+02
 0.900000E+00 -.346780E+01 -.169589E+01 -.166812E+01 0.215055E+02
 0.590860E+00 -.346237E+01 -.170623E+01 -.163244E+01 0.179700E+02
 0.841691E+00 -.346090E+01 -.167735E+01 -.170588E+01 0.207301E+02
 0.611679E+00 -.351513E+01 -.168393E+01 -.166805E+01 0.232321E+02
 0.574459E+00 -.345190E+01 -.167898E+01 -.179043E+01 0.215772E+02
 0.626279E+00 -.346776E+01 -.169730E+01 -.164603E+01 0.177440E+02
 0.583544E+00 -.346089E+01 -.169513E+01 -.166459E+01 0.181490E+02
 0.606807E+00 -.345411E+01 -.170735E+01 -.166168E+01 0.183666E+02
 0.602524E+00 -.347001E+01 -.165217E+01 -.154790E+01 0.227075E+02
 0.584404E+00 -.349225E+01 -.163186E+01 -.167857E+01 0.195033E+02
 0.615674E+00 -.346148E+01 -.166652E+01 -.166888E+01 0.177102E+02
 0.604623E+00 -.346181E+01 -.170358E+01 -.165343E+01 0.179842E+02
 0.890341E+00 -.345724E+01 -.170746E+01 -.172318E+01 0.203668E+02
 0.597697E+00 -.345089E+01 -.168323E+01 -.154866E+01 0.206526E+02
 0.600175E+00 -.346180E+01 -.167102E+01 -.165273E+01 0.176557E+02
 0.589956E+00 -.345183E+01 -.164346E+01 -.170877E+01 0.182358E+02
 0.656445E+00 -.346487E+01 -.168535E+01 -.165222E+01 0.178062E+02
 0.599145E+00 -.346809E+01 -.163502E+01 -.166209E+01 0.183853E+02
 0.634947E+00 -.350369E+01 -.159104E+01 -.174770E+01 0.233183E+02
 0.575395E+00 -.346268E+01 -.170232E+01 -.165216E+01 0.183094E+02
 0.586226E+00 -.346786E+01 -.168158E+01 -.165248E+01 0.177093E+02
 0.615725E+00 -.348137E+01 -.169900E+01 -.167543E+01 0.188794E+02
 0.603119E+00 -.347068E+01 -.167264E+01 -.171738E+01 0.183223E+02
 0.723535E+00 -.345707E+01 -.165644E+01 -.166267E+01 0.198797E+02
 0.549483E+00 -.346828E+01 -.169513E+01 -.163127E+01 0.182288E+02
 0.669028E+00 -.349162E+01 -.167127E+01 -.166529E+01 0.200587E+02
 0.668449E+00 -.346196E+01 -.168287E+01 -.174653E+01 0.188557E+02
 0.595193E+00 -.346458E+01 -.165508E+01 -.166658E+01 0.177315E+02
 0.604703E+00 -.342140E+01 -.169215E+01 -.164094E+01 0.218051E+02
 0.607521E+00 -.345983E+01 -.161498E+01 -.164997E+01 0.200109E+02
 0.613252E+00 -.345966E+01 -.167214E+01 -.177379E+01 0.195496E+02
 0.575358E+00 -.347467E+01 -.169853E+01 -.166530E+01 0.186488E+02
 0.592376E+00 -.345154E+01 -.165948E+01 -.166937E+01 0.180530E+02
 0.564470E+00 -.346113E+01 -.168211E+01 -.171169E+01 0.189690E+02
 0.637858E+00 -.349802E+01 -.167491E+01 -.169373E+01 0.205344E+02
 0.521811E+00 -.347912E+01 -.159320E+01 -.177077E+01 0.184507E+02
 0.634516E+00 -.346172E+01 -.168123E+01 -.163846E+01 0.177877E+02
 0.298107E+00 -.345612E+01 -.145239E+01 -.183634E+01 0.226956E+02
 0.604327E+00 -.347831E+01 -.169369E+01 -.160373E+01 0.184151E+02
 0.527839E+00 -.342585E+01 -.165907E+01 -.168868E+01 0.223216E+02
 0.628248E+00 -.345772E+01 -.168412E+01 -.169524E+01 0.180072E+02
 0.558172E+00 -.350265E+01 -.165295E+01 -.173116E+01 0.211184E+02
 0.619848E+00 -.346185E+01 -.167671E+01 -.164980E+01 0.176844E+02
 0.604513E+00 -.346349E+01 -.165510E+01 -.165450E+01 0.179138E+02
 0.528931E+00 -.346790E+01 -.169498E+01 -.166817E+01 0.193442E+02
 0.609899E+00 -.346241E+01 -.163066E+01 -.166408E+01 0.187278E+02
 0.600677E+00 -.347923E+01 -.168389E+01 -.166434E+01 0.182509E+02
 0.627174E+00 -.346238E+01 -.166019E+01 -.177778E+01 0.191120E+02
 0.588899E+00 -.346290E+01 -.169579E+01 -.163012E+01 0.177721E+02
 0.736229E+00 -.346757E+01 -.163017E+01 -.173421E+01 0.209404E+02
 0.618939E+00 -.346225E+01 -.169607E+01 -.163954E+01 0.176591E+02
 0.623030E+00 -.346186E+01 -.165955E+01 -.165741E+01 0.179668E+02
 0.603769E+00 -.346186E+01 -.168917E+01 -.165604E+01 0.177109E+02
 0.570215E+00 -.345748E+01 -.163836E+01 -.172966E+01 0.181379E+02
 0.575923E+00 -.346211E+01 -.167751E+01 -.165091E+01 0.177003E+02
 0.547125E+00 -.346945E+01 -.161251E+01 -.163541E+01 0.190960E+02
 0.658641E+00 -.346088E+01 -.168334E+01 -.164669E+01 0.178639E+02
 0.739915E+00 -.345964E+01 -.170935E+01 -.162272E+01 0.183384E+02
 0.699460E+00 -.347039E+01 -.165272E+01 -.164732E+01 0.201038E+02
 0.646245E+00 -.346253E+01 -.169052E+01 -.165006E+01 0.176821E+02
 0.603732E+00 -.347176E+01 -.167374E+01 -.165198E+01 0.177808E+02
 0.591961E+00 -.344338E+01 -.162278E+01 -.186254E+01 0.215740E+02
 0.606622E+00 -.346258E+01 -.157098E+01 -.165593E+01 0.233738E+02
 0.556626E+00 -.346937E+01 -.166514E+01 -.165448E+01 0.177098E+02
 0.520142E+00 -.347483E+01 -.157642E+01 -.171242E+01 0.184889E+02
 0.642032E+00 -.346884E+01 -.170104E+01 -.171302E+01 0.188933E+02
 0.614840E+00 -.346196E+01 -.166987E+01 -.159671E+01 0.188913E+02
 0.290145E+00 -.346334E+01 -.133180E+01 -.176644E+01 0.217340E+02
 0.887394E+00 -.345461E+01 -.169692E+01 -.170654E+01 0.205416E+02
 0.605345E+00 -.351143E+01 -.168319E+01 -.166156E+01 0.224120E+02
 0.541599E+00 -.345771E+01 -.168175E+01 -.162987E+01 0.181525E+02
 0.654219E+00 -.346403E+01 -.168380E+01 -.166216E+01 0.177721E+02
 0.590044E+00 -.346591E+01 -.164644E+01 -.165759E+01 0.179456E+02
 0.601886E+00 -.345844E+01 -.167983E+01 -.165806E+01 0.176944E+02
 0.592398E+00 -.347295E+01 -.162496E+01 -.162782E+01 0.197989E+02
 0.572745E+00 -.346199E+01 -.166741E+01 -.167163E+01 0.177123E+02
 0.610702E+00 -.346249E+01 -.166979E+01 -.164543E+01 0.177587E+02
 0.620083E+00 -.346192E+01 -.164010E+01 -.164890E+01 0.188158E+02
 0.656234E+00 -.346677E+01 -.165723E+01 -.157937E+01 0.215132E+02
 0.599463E+00 -.345124E+01 -.160337E+01 -.165811E+01 0.207382E+02
 0.541091E+00 -.344932E+01 -.159302E+01 -.168739E+01 0.194766E+02
 0.621358E+00 -.348718E+01 -.164285E+01 -.165284E+01 0.197356E+02
 0.555517E+00 -.346026E+01 -.168350E+01 -.167022E+01 0.182866E+02
 0.608259E+00 -.346768E+01 -.174382E+01 -.165766E+01 0.203441E+02
 0.614448E+00 -.345950E+01 -.169297E+01 -.164439E+01 0.176770E+02
 0.623132E+00 -.347019E+01 -.165682E+01 -.170390E+01 0.179947E+02
 0.645639E+00 -.345459E+01 -.165492E+01 -.166134E+01 0.185184E+02
 0.601580E+00 -.342816E+01 -.168669E+01 -.171484E+01 0.215180E+02
 0.580257E+00 -.348795E+01 -.157686E+01 -.164337E+01 0.230988E+02
 0.577047E+00 -.346503E+01 -.165445E+01 -.166278E+01 0.176709E+02
 0.602505E+00 -.344661E+01 -.167808E+01 -.167989E+01 0.184174E+02
 0.608410E+00 -.347264E+01 -.167721E+01 -.169307E+01 0.180740E+02
 0.588099E+00 -.346657E+01 -.164651E+01 -.167079E+01 0.178009E+02
 0.602239E+00 -.351816E+01 -.167083E+01 -.164643E+01 0.236357E+02
 0.612549E+00 -.346430E+01 -.172627E+01 -.166029E+01 0.190177E+02
 0.522744E+00 -.346478E+01 -.167176E+01 -.165621E+01 0.182096E+02
 0.576709E+00 -.346376E+01 -.166550E+01 -.166482E+01 0.176386E+02
 0.589467E+00 -.345981E+01 -.164803E+01 -.164978E+01 0.180741E+02
 0.618289E+00 -.349433E+01 -.163678E+01 -.166183E+01 0.205180E+02
 0.570032E+00 -.348391E+01 -.164443E+01 -.174764E+01 0.190392E+02
 0.560183E+00 -.347734E+01 -.176637E+01 -.160577E+01 0.223165E+02
 0.606582E+00 -.346170E+01 -.168189E+01 -.160936E+01 0.180347E+02
 0.603169E+00 -.347796E+01 -.172594E+01 -.162948E+01 0.190059E+02
 0.584172E+00 -.346206E+01 -.166352E+01 -.165113E+01 0.176876E+02
 0.598546E+00 -.347716E+01 -.170023E+01 -.163798E+01 0.182388E+02
 0.356596E+00 -.347348E+01 -.164956E+01 -.162189E+01 0.229279E+02
 0.610578E+00 -.346171E+01 -.168247E+01 -.165403E+01 0.176331E+02
 0.524650E+00 -.347121E+01 -.165651E+01 -.168348E+01 0.180807E+02
 0.549389E+00 -.342569E+01 -.160240E+01 -.164326E+01 0.238541E+02
 0.634293E+00 -.342352E+01 -.170707E+01 -.174991E+01 0.237105E+02
 0.606033E+00 -.346710E+01 -.167213E+01 -.165286E+01 0.176797E+02
 0.603190E+00 -.346807E+01 -.163592E+01 -.163434E+01 0.190976E+02
 0.579073E+00 -.346178E+01 -.166781E+01 -.161158E+01 0.181578E+02
 0.614728E+00 -.346217E+01 -.161922E+01 -.167229E+01 0.192491E+02
 0.640642E+00 -.346468E+01 -.169873E+01 -.178921E+01 0.212989E+02
 0.574888E+00 -.346197E+01 -.166659E+01 -.165223E+01 0.176644E+02
 0.594383E+00 -.346650E+01 -.164756E+01 -.173693E+01 0.181351E+02
 0.585036E+00 -.346329E+01 -.167668E+01 -.165430E+01 0.176500E+02
 0.545980E+00 -.346417E+01 -.160160E+01 -.168226E+01 0.184508E+02
 0.653349E+00 -.346136E+01 -.167430E+01 -.164449E+01 0.180571E+02
 0.740776E+00 -.346076E+01 -.170084E+01 -.165489E+01 0.182918E+02
 0.617307E+00 -.343682E+01 -.173004E+01 -.160297E+01 0.194709E+02
 0.596157E+00 -.346871E+01 -.165502E+01 -.190893E+01 0.236856E+02
 0.583645E+00 -.348567E+01 -.168029E+01 -.168678E+01 0.190239E+02
 0.553274E+00 -.346677E+01 -.167585E+01 -.162570E+01 0.178321E+02
 0.640426E+00 -.346261E+01 -.168426E+01 -.164194E+01 0.177486E+02
 0.559997E+00 -.346682E+01 -.167117E+01 -.165743E+01 0.177369E+02
 0.777778E+00 -.344202E+01 -.166137E+01 -.175867E+01 0.207872E+02
 0.629496E+00 -.346250E+01 -.169403E+01 -.164805E+01 0.176504E+02
 0.615140E+00 -.345995E+01 -.160183E+01 -.176353E+01 0.192336E+02
 0.601481E+00 -.343671E+01 -.168169E+01 -.163575E+01 0.193456E+02
 0.596831E+00 -.346797E+01 -.167031E+01 -.152489E+01 0.229554E+02
 0.609846E+00 -.345955E+01 -.166494E+01 -.166019E+01 0.177567E+02
 0.611635E+00 -.346613E+01 -.163678E+01 -.164613E+01 0.188726E+02
 0.603044E+00 -.346885E+01 -.166158E+01 -.164069E+01 0.179690E+02
 0.738822E+00 -.346542E+01 -.163268E+01 -.166251E+01 0.222498E+02
 0.924062E+00 -.345471E+01 -.172574E+01 -.173286E+01 0.206624E+02
 0.597970E+00 -.345128E+01 -.159979E+01 -.165695E+01 0.209972E+02
 0.553691E+00 -.346369E+01 -.168927E+01 -.164043E+01 0.180622E+02
 0.605772E+00 -.346248E+01 -.165889E+01 -.164485E+01 0.179636E+02
 0.614780E+00 -.346819E+01 -.167405E+01 -.154227E+01 0.216552E+02
 0.601949E+00 -.346197E+01 -.166834E+01 -.164715E+01 0.177219E+02
 0.586748E+00 -.343757E+01 -.169390E+01 -.162232E+01 0.193684E+02
 0.617492E+00 -.346294E+01 -.170049E+01 -.157551E+01 0.185084E+02
 0.607476E+00 -.345539E+01 -.172404E+01 -.165315E+01 0.188640E+02
 0.603750E+00 -.346314E+01 -.170293E+01 -.168631E+01 0.186137E+02
 0.578214E+00 -.346038E+01 -.166267E+01 -.164295E+01 0.177751E+02
 0.578002E+00 -.346207E+01 -.166076E+01 -.166798E+01 0.176521E+02
 0.610287E+00 -.344462E+01 -.167567E+01 -.162085E+01 0.187896E+02
 0.610338E+00 -.346442E+01 -.165054E+01 -.160464E+01 0.195010E+02
 0.543494E+00 -.346677E+01 -.168708E+01 -.168203E+01 0.188720E+02
 0.592208E+00 -.342098E+01 -.165529E+01 -.167485E+01 0.222917E+02
 0.560452E+00 -.346228E+01 -.163262E+01 -.172174E+01 0.179064E+02
 0.632818E+00 -.346192E+01 -.164426E+01 -.168685E+01 0.182641E+02
 0.571922E+00 -.345330E+01 -.168384E+01 -.166983E+01 0.182943E+02
 0.608697E+00 -.350545E+01 -.167672E+01 -.162887E+01 0.214436E+02
 0.578845E+00 -.346074E+01 -.164345E+01 -.164969E+01 0.180813E+02
 0.599709E+00 -.351060E+01 -.167071E+01 -.166062E+01 0.220867E+02
 0.624801E+00 -.346373E+01 -.172800E+01 -.162774E+01 0.182103E+02
 0.611990E+00 -.347322E+01 -.167436E+01 -.156908E+01 0.200274E+02
 0.608318E+00 -.345411E+01 -.165202E+01 -.165922E+01 0.182136E+02
 0.587707E+00 -.346587E+01 -.168369E+01 -.167382E+01 0.178986E+02
 0.630030E+00 -.346218E+01 -.168216E+01 -.170588E+01 0.180893E+02
 0.588511E+00 -.342206E+01 -.167165E+01 -.165546E+01 0.219189E+02
 0.679222E+00 -.346155E+01 -.176944E+01 -.164675E+01 0.203204E+02
 0.597169E+00 -.344798E+01 -.167670E+01 -.165938E+01 0.182099E+02
 0.596117E+00 -.346192E+01 -.168213E+01 -.160215E+01 0.181255E+02
 0.606903E+00 -.345355E+01 -.172008E+01 -.165760E+01 0.188426E+02
 0.643966E+00 -.346984E+01 -.168688E+01 -.163191E+01 0.179654E+02
 0.558968E+00 -.344906E+01 -.171894E+01 -.159910E+01 0.190995E+02
 0.568059E+00 -.346182E+01 -.166379E+01 -.165167E+01 0.176845E+02
 0.653656E+00 -.346790E+01 -.171951E+01 -.169353E+01 0.190939E+02
 0.481622E+00 -.345784E+01 -.168405E+01 -.160805E+01 0.194091E+02
 0.552009E+00 -.345763E+01 -.162902E+01 -.163771E+01 0.186336E+02
 0.504324E+00 -.347380E+01 -.169129E+01 -.172484E+01 0.221215E+02
 0.610631E+00 -.346149E+01 -.172322E+01 -.164595E+01 0.185167E+02
 0.667180E+00 -.349581E+01 -.169578E+01 -.177669E+01 0.229495E+02
 0.611051E+00 -.345269E+01 -.166384E+01 -.164046E+01 0.182287E+02
 0.586990E+00 -.347419E+01 -.164236E+01 -.164240E+01 0.184539E+02
 0.606185E+00 -.346882E+01 -.172000E+01 -.164243E+01 0.184785E+02
 0.527969E+00 -.346508E+01 -.172268E+01 -.158440E+01 0.193029E+02
 0.584643E+00 -.346158E+01 -.166443E+01 -.160937E+01 0.183535E+02
 0.606316E+00 -.346242E+01 -.171290E+01 -.166441E+01 0.185124E+02
 0.636763E+00 -.346475E+01 -.171081E+01 -.159523E+01 0.179542E+02
 0.558336E+00 -.346208E+01 -.165785E+01 -.165003E+01 0.177202E+02
 0.609133E+00 -.346766E+01 -.166787E+01 -.167356E+01 0.177011E+02
 0.602040E+00 -.346324E+01 -.167050E+01 -.165929E+01 0.176360E+02
 0.555659E+00 -.346360E+01 -.163414E+01 -.171659E+01 0.178475E+02
 0.568543E+00 -.346198E+01 -.168498E+01 -.163760E+01 0.178077E+02
 0.559981E+00 -.346175E+01 -.167506E+01 -.170637E+01 0.185843E+02
 0.900000E+00 -.346330E+01 -.174113E+01 -.165448E+01 0.194720E+02
 0.595494E+00 -.345151E+01 -.164942E+01 -.161284E+01 0.193865E+02
 0.622015E+00 -.342610E+01 -.168879E+01 -.164232E+01 0.207600E+02
 0.560540E+00 -.346015E+01 -.167956E+01 -.164117E+01 0.178486E+02
 0.612399E+00 -.346620E+01 -.169513E+01 -.154511E+01 0.200397E+02
 0.633562E+00 -.346259E+01 -.158583E+01 -.164844E+01 0.234321E+02
 0.572239E+00 -.346613E+01 -.158126E+01 -.166626E+01 0.206276E+02
 0.605134E+00 -.346055E+01 -.162618E+01 -.174267E+01 0.183539E+02
 0.644252E+00 -.346197E+01 -.166560E+01 -.166223E+01 0.179946E+02
 0.549104E+00 -.345803E+01 -.164222E+01 -.160316E+01 0.191157E+02
 0.640868E+00 -.344388E+01 -.162907E+01 -.164418E+01 0.210294E+02
 0.389679E+00 -.346575E+01 -.161093E+01 -.166269E+01 0.199009E+02
 0.616264E+00 -.346229E+01 -.170061E+01 -.169150E+01 0.184691E+02
 0.640754E+00 -.345861E+01 -.167037E+01 -.163923E+01 0.181373E+02
 0.549994E+00 -.346041E+01 -.165210E+01 -.165819E+01 0.177628E+02
 0.580269E+00 -.346253E+01 -.171116E+01 -.164231E+01 0.184166E+02
 0.600810E+00 -.347277E+01 -.165321E+01 -.163784E+01 0.183362E+02
 0.614514E+00 -.346381E+01 -.166506E+01 -.163012E+01 0.181288E+02
 0.601456E+00 -.346210E+01 -.166226E+01 -.165612E+01 0.177392E+02
 0.613225E+00 -.347399E+01 -.166064E+01 -.169999E+01 0.180445E+02
 0.591871E+00 -.346197E+01 -.169409E+01 -.165009E+01 0.178310E+02
 0.550175E+00 -.349499E+01 -.164575E+01 -.169446E+01 0.194083E+02
 0.611359E+00 -.346101E+01 -.171384E+01 -.170687E+01 0.197261E+02
 0.612691E+00 -.345945E+01 -.172304E+01 -.165108E+01 0.185966E+02
 0.468341E+00 -.351085E+01 -.159356E+01 -.179282E+01 0.222498E+02
 0.593428E+00 -.344253E+01 -.172706E+01 -.167223E+01 0.207254E+02
 0.626529E+00 -.346211E+01 -.167443E+01 -.163579E+01 0.178961E+02
 0.589594E+00 -.345748E+01 -.161991E+01 -.166806E+01 0.188972E+02
 0.607539E+00 -.347358E+01 -.167614E+01 -.165239E+01 0.178572E+02
 0.589766E+00 -.345280E+01 -.165616E+01 -.156457E+01 0.211601E+02
 0.542765E+00 -.346821E+01 -.167592E+01 -.169008E+01 0.185501E+02
 0.585433E+00 -.347349E+01 -.164114E+01 -.176204E+01 0.186259E+02
 0.567260E+00 -.344167E+01 -.169391E+01 -.169775E+01 0.203137E+02
 0.650715E+00 -.346141E+01 -.167269E+01 -.168734E+01 0.178723E+02
 0.601065E+00 -.348674E+01 -.168095E+01 -.165537E+01 0.187845E+02
 0.417001E+00 -.346237E+01 -.168452E+01 -.154149E+01 0.216396E+02
 0.619435E+00 -.350655E+01 -.167843E+01 -.160745E+01 0.221558E+02
 0.579080E+00 -.346186E+01 -.167212E+01 -.167078E+01 0.177264E+02
 0.602494E+00 -.343461E+01 -.169044E+01 -.165953E+01 0.196533E+02
 0.620582E+00 -.346057E+01 -.165416E+01 -.163660E+01 0.184922E+02
 0.652019E+00 -.347577E+01 -.167558E+01 -.166544E+01 0.182679E+02
 0.612780E+00 -.345046E+01 -.166633E+01 -.165641E+01 0.181332E+02
 0.578717E+00 -.346769E+01 -.167971E+01 -.167402E+01 0.179026E+02
 0.650063E+00 -.346178E+01 -.178035E+01 -.161385E+01 0.205821E+02
 0.628629E+00 -.345699E+01 -.163496E+01 -.159958E+01 0.214513E+02
 0.605437E+00 -.346202E+01 -.168134E+01 -.164437E+01 0.176386E+02
 0.607128E+00 -.344060E+01 -.165694E+01 -.165500E+01 0.191839E+02
 0.564586E+00 -.344900E+01 -.168653E+01 -.159801E+01 0.186851E+02
 0.543569E+00 -.344723E+01 -.164893E+01 -.158435E+01 0.202837E+02
 0.601858E+00 -.346169E+01 -.167647E+01 -.165386E+01 0.176333E+02
 0.640765E+00 -.344885E+01 -.169347E+01 -.166396E+01 0.180775E+02
 0.801088E+00 -.346008E+01 -.170881E+01 -.166864E+01 0.188259E+02
 0.674529E+00 -.349720E+01 -.167787E+01 -.173472E+01 0.213296E+02
 0.606171E+00 -.346198E+01 -.170038E+01 -.164154E+01 0.177748E+02
 0.601833E+00 -.343645E+01 -.169762E+01 -.165235E+01 0.194628E+02
 0.598678E+00 -.346193E+01 -.156273E+01 -.165588E+01 0.238675E+02
 0.682419E+00 -.347317E+01 -.167369E+01 -.172735E+01 0.187768E+02
 0.607666E+00 -.346986E+01 -.166896E+01 -.163971E+01 0.178919E+02
 0.581963E+00 -.348271E+01 -.173914E+01 -.158414E+01 0.196716E+02
 0.594406E+00 -.345902E+01 -.172578E+01 -.164742E+01 0.190051E+02
 0.711426E+00 -.346308E+01 -.171567E+01 -.177408E+01 0.209992E+02
 0.618463E+00 -.346227E+01 -.168946E+01 -.168051E+01 0.178959E+02
 0.576658E+00 -.346221E+01 -.174461E+01 -.155481E+01 0.190429E+02
 0.616349E+00 -.346260E+01 -.166525E+01 -.166010E+01 0.177580E+02
 0.620679E+00 -.346020E+01 -.168834E+01 -.161796E+01 0.178476E+02
 0.619817E+00 -.346263E+01 -.167056E+01 -.165163E+01 0.177526E+02
 0.573870E+00 -.346174E+01 -.173063E+01 -.169045E+01 0.214928E+02
 0.589658E+00 -.346204E+01 -.168895E+01 -.164048E+01 0.177110E+02
 0.614382E+00 -.346251E+01 -.169792E+01 -.162971E+01 0.176785E+02
 0.613545E+00 -.347860E+01 -.163576E+01 -.170152E+01 0.185769E+02
 0.678945E+00 -.346543E+01 -.173004E+01 -.168002E+01 0.189209E+02
 0.654518E+00 -.343939E+01 -.168472E+01 -.162038E+01 0.192726E+02
 0.632953E+00 -.346054E+01 -.168266E+01 -.166423E+01 0.176800E+02
 0.609155E+00 -.345872E+01 -.174058E+01 -.169361E+01 0.214634E+02
 0.601238E+00 -.346230E+01 -.165584E+01 -.165317E+01 0.178893E+02
 0.581195E+00 -.346582E+01 -.174765E+01 -.165848E+01 0.214927E+02
 0.476020E+00 -.343297E+01 -.164609E+01 -.160122E+01 0.220625E+02
 0.593906E+00 -.345883E+01 -.166189E+01 -.165292E+01 0.177894E+02
 0.557151E+00 -.346675E+01 -.165380E+01 -.182466E+01 0.211724E+02
 0.547792E+00 -.346002E+01 -.170700E+01 -.157778E+01 0.186042E+02
 0.594274E+00 -.346215E+01 -.164935E+01 -.189693E+01 0.228078E+02
 0.630743E+00 -.346265E+01 -.162131E+01 -.163281E+01 0.208383E+02
 0.599973E+00 -.346215E+01 -.169371E+01 -.170401E+01 0.186953E+02
 0.599649E+00 -.345647E+01 -.167263E+01 -.174871E+01 0.190885E+02
 0.586727E+00 -.346754E+01 -.165877E+01 -.165026E+01 0.177579E+02
 0.567006E+00 -.346098E+01 -.171451E+01 -.164268E+01 0.188632E+02
 0.594163E+00 -.345971E+01 -.167872E+01 -.167079E+01 0.177597E+02
 0.665889E+00 -.348648E+01 -.173223E+01 -.162506E+01 0.195127E+02
 0.588500E+00 -.348183E+01 -.161094E+01 -.167116E+01 0.195776E+02
 0.632651E+00 -.346227E+01 -.165850E+01 -.163769E+01 0.184562E+02
 0.606423E+00 -.346169E+01 -.169121E+01 -.165076E+01 0.176933E+02
 0.900000E+00 -.346278E+01 -.167033E+01 -.186121E+01 0.239141E+02
 0.604312E+00 -.344842E+01 -.169006E+01 -.181296E+01 0.227851E+02
 0.606583E+00 -.346189E+01 -.167608E+01 -.165339E+01 0.176369E+02
 0.543226E+00 -.351576E+01 -.164661E+01 -.168174E+01 0.225139E+02
 0.651457E+00 -.346067E+01 -.169611E+01 -.170176E+01 0.182571E+02
 0.595644E+00 -.345827E+01 -.173994E+01 -.169431E+01 0.218780E+02
 0.611665E+00 -.346117E+01 -.168230E+01 -.165672E+01 0.176407E+02
 0.617345E+00 -.349494E+01 -.156181E+01 -.185373E+01 0.229520E+02
 0.602311E+00 -.346792E+01 -.170894E+01 -.167165E+01 0.186283E+02
 0.646120E+00 -.346249E+01 -.169618E+01 -.164765E+01 0.176684E+02
 0.595578E+00 -.345697E+01 -.167370E+01 -.165485E+01 0.177368E+02
 0.614566E+00 -.348606E+01 -.169158E+01 -.166788E+01 0.189825E+02
 0.616277E+00 -.346549E+01 -.168560E+01 -.171797E+01 0.185371E+02
 0.657381E+00 -.346219E+01 -.166433E+01 -.164967E+01 0.183736E+02
 0.600954E+00 -.349876E+01 -.166747E+01 -.174393E+01 0.212233E+02
 0.580602E+00 -.347585E+01 -.172554E+01 -.163044E+01 0.192353E+02
 0.616651E+00 -.346376E+01 -.168474E+01 -.164344E+01 0.176431E+02
 0.645608E+00 -.348054E+01 -.167835E+01 -.165223E+01 0.185535E+02
 0.487312E+00 -.346216E+01 -.168488E+01 -.166721E+01 0.201398E+02
 0.624186E+00 -.347183E+01 -.168298E+01 -.163806E+01 0.178920E+02
 0.584121E+00 -.346629E+01 -.168911E+01 -.167185E+01 0.180592E+02
 0.603628E+00 -.346476E+01 -.168672E+01 -.164535E+01 0.176475E+02
 0.610781E+00 -.345870E+01 -.164683E+01 -.165661E+01 0.182794E+02
 0.660011E+00 -.347471E+01 -.167329E+01 -.178270E+01 0.199270E+02
 0.590242E+00 -.347110E+01 -.167859E+01 -.164882E+01 0.177440E+02
 0.578196E+00 -.345404E+01 -.166809E+01 -.167600E+01 0.179708E+02
 0.611849E+00 -.346232E+01 -.168222E+01 -.167964E+01 0.177850E+02
 0.582002E+00 -.347178E+01 -.166683E+01 -.165540E+01 0.177342E+02
 0.614233E+00 -.346173E+01 -.160277E+01 -.160400E+01 0.235692E+02
 0.524591E+00 -.347171E+01 -.161891E+01 -.164455E+01 0.182554E+02
 0.614002E+00 -.346204E+01 -.168150E+01 -.168044E+01 0.177778E+02
 0.607202E+00 -.343626E+01 -.164165E+01 -.162671E+01 0.210128E+02
 0.633910E+00 -.342100E+01 -.167621E+01 -.166908E+01 0.217842E+02
 0.571109E+00 -.347691E+01 -.161018E+01 -.175777E+01 0.185115E+02
 0.635919E+00 -.346176E+01 -.169498E+01 -.165166E+01 0.176628E+02
 0.622093E+00 -.345011E+01 -.165730E+01 -.162983E+01 0.189477E+02
 0.680197E+00 -.345900E+01 -.168550E+01 -.167747E+01 0.179342E+02
 0.582300E+00 -.346764E+01 -.173382E+01 -.165691E+01 0.201924E+02
 0.698472E+00 -.347850E+01 -.166901E+01 -.157548E+01 0.225550E+02
 0.606570E+00 -.346218E+01 -.165050E+01 -.166323E+01 0.179627E+02
 0.432759E+00 -.346948E+01 -.163845E+01 -.168783E+01 0.198333E+02
 0.652850E+00 -.348375E+01 -.166649E+01 -.175150E+01 0.196815E+02
 0.678875E+00 -.347520E+01 -.174812E+01 -.166172E+01 0.199241E+02
 0.598447E+00 -.347713E+01 -.163330E+01 -.167185E+01 0.185670E+02
 0.603480E+00 -.348003E+01 -.167681E+01 -.166292E+01 0.182199E+02
 0.592546E+00 -.346071E+01 -.173038E+01 -.157905E+01 0.183755E+02
 0.599232E+00 -.345786E+01 -.166720E+01 -.163575E+01 0.179307E+02
 0.739050E+00 -.346422E+01 -.165983E+01 -.173022E+01 0.194679E+02
 0.636351E+00 -.346282E+01 -.169862E+01 -.170408E+01 0.184904E+02
 0.576886E+00 -.347682E+01 -.168541E+01 -.152161E+01 0.219573E+02
 0.603364E+00 -.346267E+01 -.163063E+01 -.165629E+01 0.187696E+02
 0.602112E+00 -.346289E+01 -.167623E+01 -.165816E+01 0.176263E+02
 0.611075E+00 -.345959E+01 -.168699E+01 -.161478E+01 0.178849E+02
 0.625449E+00 -.346204E+01 -.167225E+01 -.164985E+01 0.177781E+02
 0.606627E+00 -.346962E+01 -.172140E+01 -.163820E+01 0.184817E+02
 0.652042E+00 -.346038E+01 -.168687E+01 -.164869E+01 0.177459E+02
 0.656854E+00 -.346241E+01 -.171210E+01 -.159692E+01 0.179605E+02
 0.359233E+00 -.347552E+01 -.162927E+01 -.164434E+01 0.218116E+02
 0.630505E+00 -.346118E+01 -.174345E+01 -.169879E+01 0.213658E+02
 0.661412E+00 -.345542E+01 -.166139E+01 -.163737E+01 0.189293E+02
 0.679501E+00 -.346091E+01 -.168457E+01 -.166393E+01 0.179358E+02
 0.600651E+00 -.345059E+01 -.166512E+01 -.169936E+01 0.182266E+02
 0.632503E+00 -.346190E+01 -.174406E+01 -.165430E+01 0.195687E+02
 0.600202E+00 -.346798E+01 -.164828E+01 -.165750E+01 0.180303E+02
 0.551475E+00 -.346726E+01 -.164347E+01 -.157857E+01 0.199964E+02
 0.545993E+00 -.346283E+01 -.166428E+01 -.165308E+01 0.177707E+02
 0.497428E+00 -.347523E+01 -.176344E+01 -.158442E+01 0.237739E+02
 0.715943E+00 -.346379E+01 -.168913E+01 -.169479E+01 0.183301E+02
 0.597339E+00 -.346239E+01 -.168210E+01 -.161536E+01 0.178752E+02
 0.621449E+00 -.348517E+01 -.168317E+01 -.165968E+01 0.187321E+02
 0.575497E+00 -.346915E+01 -.167018E+01 -.168354E+01 0.178586E+02
 0.615195E+00 -.347058E+01 -.167769E+01 -.164728E+01 0.177873E+02
 0.603233E+00 -.346418E+01 -.163105E+01 -.165058E+01 0.188722E+02
 0.589384E+00 -.345001E+01 -.170558E+01 -.166759E+01 0.189062E+02
 0.385487E+00 -.345761E+01 -.167415E+01 -.161537E+01 0.235352E+02
 0.539140E+00 -.346113E+01 -.167016E+01 -.165845E+01 0.179963E+02
 0.609459E+00 -.346192E+01 -.169368E+01 -.164382E+01 0.176767E+02
 0.599671E+00 -.346062E+01 -.168647E+01 -.176744E+01 0.203274E+02
 0.618366E+00 -.346186E+01 -.166502E+01 -.165451E+01 0.178234E+02
 0.673947E+00 -.346637E+01 -.168350E+01 -.163516E+01 0.182296E+02
 0.608104E+00 -.346365E+01 -.164982E+01 -.165246E+01 0.181354E+02
 0.779929E+00 -.346933E+01 -.169279E+01 -.172568E+01 0.195540E+02
 0.485999E+00 -.345094E+01 -.161418E+01 -.164871E+01 0.189917E+02
 0.612118E+00 -.348172E+01 -.168322E+01 -.166078E+01 0.184050E+02
 0.631207E+00 -.346005E+01 -.169316E+01 -.165980E+01 0.177016E+02
 0.588918E+00 -.346762E+01 -.171224E+01 -.165499E+01 0.186114E+02
 0.610734E+00 -.345734E+01 -.169052E+01 -.163075E+01 0.177385E+02
 0.625804E+00 -.346412E+01 -.169444E+01 -.174765E+01 0.196826E+02
 0.686159E+00 -.345926E+01 -.165713E+01 -.164110E+01 0.194937E+02
 0.602198E+00 -.349273E+01 -.166964E+01 -.168394E+01 0.194795E+02
 0.615800E+00 -.348561E+01 -.157884E+01 -.168808E+01 0.224431E+02
 0.585651E+00 -.346544E+01 -.169186E+01 -.161563E+01 0.178047E+02
 0.653496E+00 -.346962E+01 -.167673E+01 -.166231E+01 0.179848E+02
 0.721380E+00 -.346191E+01 -.168452E+01 -.171311E+01 0.185464E+02
 0.613467E+00 -.342200E+01 -.167963E+01 -.171542E+01 0.222697E+02
 0.601779E+00 -.346344E+01 -.164600E+01 -.165317E+01 0.181688E+02
 0.605866E+00 -.348579E+01 -.167965E+01 -.163507E+01 0.187580E+02
 0.621085E+00 -.346161E+01 -.169102E+01 -.163376E+01 0.176632E+02
 0.556932E+00 -.346626E+01 -.167585E+01 -.167849E+01 0.180864E+02
 0.556144E+00 -.348003E+01 -.167802E+01 -.166420E+01 0.184186E+02
 0.583433E+00 -.345396E+01 -.163319E+01 -.168200E+01 0.182856E+02
 0.608442E+00 -.346031E+01 -.168221E+01 -.180136E+01 0.211520E+02
 0.618752E+00 -.350494E+01 -.164419E+01 -.165135E+01 0.219618E+02
 0.602493E+00 -.345856E+01 -.175057E+01 -.165221E+01 0.207734E+02
 0.498933E+00 -.347752E+01 -.165956E+01 -.171790E+01 0.196740E+02
 0.611039E+00 -.346204E+01 -.168235E+01 -.163132E+01 0.177202E+02
 0.602218E+00 -.346673E+01 -.173536E+01 -.162596E+01 0.189045E+02
 0.587241E+00 -.348478E+01 -.169505E+01 -.173543E+01 0.209784E+02
 0.102639E+01 -.346069E+01 -.174790E+01 -.168569E+01 0.209435E+02
 0.628555E+00 -.346236E+01 -.170302E+01 -.165368E+01 0.177925E+02
 0.596331E+00 -.346692E+01 -.167736E+01 -.161150E+01 0.180374E+02
 0.428163E+00 -.346914E+01 -.161104E+01 -.164043E+01 0.185773E+02
 0.491761E+00 -.343474E+01 -.167565E+01 -.158030E+01 0.217213E+02
 0.607187E+00 -.346201E+01 -.168385E+01 -.167786E+01 0.178133E+02
 0.559009E+00 -.348545E+01 -.168004E+01 -.166149E+01 0.188184E+02
 0.600849E+00 -.347708E+01 -.169931E+01 -.167372E+01 0.186674E+02
 0.544450E+00 -.343528E+01 -.159529E+01 -.163471E+01 0.227346E+02
 0.601912E+00 -.346722E+01 -.168013E+01 -.166650E+01 0.177073E+02
 0.611031E+00 -.344468E+01 -.170912E+01 -.160829E+01 0.185243E+02
 0.588162E+00 -.346091E+01 -.163389E+01 -.165302E+01 0.184630E+02
 0.559338E+00 -.346808E+01 -.163262E+01 -.154811E+01 0.230544E+02
 0.734953E+00 -.344166E+01 -.167285E+01 -.164859E+01 0.201135E+02
 0.587747E+00 -.346272E+01 -.166710E+01 -.164658E+01 0.176836E+02
 0.598515E+00 -.350932E+01 -.167981E+01 -.162555E+01 0.220133E+02
 0.618578E+00 -.346397E+01 -.163395E+01 -.172885E+01 0.182569E+02
 0.601193E+00 -.346251E+01 -.168715E+01 -.165340E+01 0.176793E+02
 0.590828E+00 -.346312E+01 -.168494E+01 -.165663E+01 0.177209E+02
 0.594583E+00 -.346029E+01 -.164816E+01 -.166915E+01 0.178815E+02
 0.600361E+00 -.346307E+01 -.167716E+01 -.165359E+01 0.176247E+02
 0.546851E+00 -.347205E+01 -.159027E+01 -.164053E+01 0.201888E+02
 0.690066E+00 -.346082E+01 -.167413E+01 -.164283E+01 0.186230E+02
 0.616673E+00 -.346280E+01 -.167877E+01 -.165495E+01 0.176398E+02
 0.642162E+00 -.344978E+01 -.177325E+01 -.161357E+01 0.202986E+02
 0.610900E+00 -.347889E+01 -.164884E+01 -.162365E+01 0.193510E+02
 0.621463E+00 -.348493E+01 -.166237E+01 -.169885E+01 0.188357E+02
 0.633627E+00 -.346096E+01 -.167303E+01 -.166143E+01 0.177582E+02
 0.596600E+00 -.346838E+01 -.162801E+01 -.166285E+01 0.186164E+02
 0.655702E+00 -.346304E+01 -.174767E+01 -.164182E+01 0.190256E+02
 0.603659E+00 -.347070E+01 -.160449E+01 -.168091E+01 0.196421E+02
 0.611127E+00 -.348950E+01 -.165433E+01 -.176678E+01 0.201733E+02
 0.614315E+00 -.346767E+01 -.167770E+01 -.165714E+01 0.176820E+02
 0.538990E+00 -.347611E+01 -.165372E+01 -.159375E+01 0.188968E+02
 0.628948E+00 -.346626E+01 -.166724E+01 -.169696E+01 0.178640E+02
 0.900000E+00 -.344839E+01 -.176672E+01 -.149251E+01 0.234766E+02
 0.642819E+00 -.346297E+01 -.166903E+01 -.163147E+01 0.183248E+02
 0.672302E+00 -.346195E+01 -.158702E+01 -.173274E+01 0.220045E+02
 0.598042E+00 -.346714E+01 -.167168E+01 -.160194E+01 0.184448E+02
 0.600809E+00 -.346174E+01 -.169157E+01 -.165535E+01 0.177607E+02
 0.597042E+00 -.346636E+01 -.160359E+01 -.166646E+01 0.198546E+02
 0.592841E+00 -.346686E+01 -.168271E+01 -.164351E+01 0.176672E+02
 0.900000E+00 -.346548E+01 -.170599E+01 -.172215E+01 0.208274E+02
 0.467433E+00 -.346584E+01 -.164586E+01 -.164170E+01 0.184871E+02
 0.577589E+00 -.349896E+01 -.167989E+01 -.165003E+01 0.201713E+02
 0.561343E+00 -.346288E+01 -.167492E+01 -.168291E+01 0.180815E+02
 0.597980E+00 -.346259E+01 -.166968E+01 -.166178E+01 0.176333E+02
 0.614098E+00 -.347243E+01 -.166206E+01 -.155858E+01 0.214924E+02
 0.624551E+00 -.346339E+01 -.167793E+01 -.166076E+01 0.176618E+02
 0.653490E+00 -.346593E+01 -.168643E+01 -.161548E+01 0.182338E+02
 0.603926E+00 -.346329E+01 -.157451E+01 -.165679E+01 0.228535E+02
 0.599961E+00 -.346309E+01 -.168107E+01 -.165858E+01 0.176491E+02
 0.635343E+00 -.344276E+01 -.175972E+01 -.168752E+01 0.229356E+02
 0.421244E+00 -.343235E+01 -.163398E+01 -.167401E+01 0.238996E+02
 0.608031E+00 -.346996E+01 -.165497E+01 -.164977E+01 0.180868E+02
 0.571988E+00 -.346098E+01 -.167223E+01 -.165713E+01 0.177109E+02
 0.585725E+00 -.347182E+01 -.171562E+01 -.166212E+01 0.191505E+02
 0.598073E+00 -.343884E+01 -.167191E+01 -.161181E+01 0.196505E+02
 0.582444E+00 -.346038E+01 -.163896E+01 -.165032E+01 0.182605E+02
 0.614963E+00 -.345667E+01 -.160672E+01 -.165591E+01 0.207133E+02
 0.541459E+00 -.345967E+01 -.168273E+01 -.166063E+01 0.183797E+02
 0.585820E+00 -.342298E+01 -.165624E+01 -.163644E+01 0.222328E+02
 0.591134E+00 -.346322E+01 -.168117E+01 -.163183E+01 0.176903E+02
 0.596563E+00 -.345701E+01 -.167410E+01 -.167128E+01 0.177751E+02
 0.816404E+00 -.346278E+01 -.168096E+01 -.174575E+01 0.202609E+02
 0.601862E+00 -.347818E+01 -.166936E+01 -.170186E+01 0.183460E+02
 0.601904E+00 -.346335E+01 -.164985E+01 -.164312E+01 0.182218E+02
 0.601408E+00 -.346367E+01 -.168155E+01 -.165832E+01 0.176475E+02
 0.613453E+00 -.346397E+01 -.171348E+01 -.164811E+01 0.181334E+02
 0.479469E+00 -.345628E+01 -.167809E+01 -.159087E+01 0.194167E+02
 0.564184E+00 -.346129E+01 -.166276E+01 -.167472E+01 0.177453E+02
 0.587544E+00 -.346497E+01 -.168864E+01 -.166101E+01 0.178554E+02
 0.600898E+00 -.346057E+01 -.168211E+01 -.162686E+01 0.177558E+02
 0.621803E+00 -.347274E+01 -.164429E+01 -.168111E+01 0.183111E+02
 0.668367E+00 -.346418E+01 -.166630E+01 -.173653E+01 0.184788E+02
 0.603318E+00 -.346252E+01 -.168085E+01 -.160908E+01 0.180387E+02
 0.838553E+00 -.345726E+01 -.168713E+01 -.188613E+01 0.237283E+02
 0.598083E+00 -.346166E+01 -.176436E+01 -.164549E+01 0.219619E+02
 0.695963E+00 -.342189E+01 -.167985E+01 -.166195E+01 0.216783E+02
 0.579214E+00 -.347977E+01 -.167327E+01 -.155103E+01 0.208295E+02
 0.576761E+00 -.346288E+01 -.166531E+01 -.165537E+01 0.176462E+02
 0.585890E+00 -.347420E+01 -.171158E+01 -.165585E+01 0.188782E+02
 0.717697E+00 -.342168E+01 -.168163E+01 -.166872E+01 0.217602E+02
 0.598493E+00 -.346234E+01 -.169993E+01 -.166230E+01 0.180696E+02
 0.693255E+00 -.346563E+01 -.167666E+01 -.174986E+01 0.189383E+02
 0.624811E+00 -.346419E+01 -.167090E+01 -.162534E+01 0.181591E+02
 0.497285E+00 -.347241E+01 -.162504E+01 -.165482E+01 0.178795E+02
 0.600437E+00 -.346951E+01 -.173305E+01 -.165991E+01 0.198330E+02
 0.647619E+00 -.346000E+01 -.167063E+01 -.170786E+01 0.180135E+02
 0.601870E+00 -.345316E+01 -.167049E+01 -.165340E+01 0.179153E+02
 0.603404E+00 -.345345E+01 -.169750E+01 -.169431E+01 0.187608E+02
 0.589792E+00 -.346523E+01 -.167065E+01 -.164433E+01 0.176662E+02
 0.513355E+00 -.346393E+01 -.167261E+01 -.158190E+01 0.187353E+02
 0.565306E+00 -.346218E+01 -.167517E+01 -.160216E+01 0.181575E+02
 0.613813E+00 -.345780E+01 -.168030E+01 -.165196E+01 0.176943E+02
 0.575904E+00 -.346419E+01 -.174147E+01 -.156668E+01 0.189297E+02
 0.601926E+00 -.346202E+01 -.167200E+01 -.184245E+01 0.221585E+02
 0.598321E+00 -.346302E+01 -.167319E+01 -.165340E+01 0.176308E+02
 0.600088E+00 -.346496E+01 -.165145E+01 -.169625E+01 0.177720E+02
 0.580496E+00 -.346388E+01 -.168105E+01 -.165656E+01 0.177267E+02
 0.513710E+00 -.345992E+01 -.156254E+01 -.172397E+01 0.190015E+02
 0.564798E+00 -.346432E+01 -.167579E+01 -.163428E+01 0.177365E+02
 0.571762E+00 -.346332E+01 -.165129E+01 -.169939E+01 0.177629E+02
 0.561974E+00 -.345790E+01 -.172167E+01 -.166367E+01 0.201063E+02
 0.626651E+00 -.344637E+01 -.172850E+01 -.160118E+01 0.184551E+02
 0.589889E+00 -.346474E+01 -.166401E+01 -.183642E+01 0.215884E+02
 0.590546E+00 -.348812E+01 -.168501E+01 -.165062E+01 0.189444E+02
 0.566590E+00 -.346125E+01 -.167148E+01 -.165227E+01 0.177199E+02
 0.599906E+00 -.347724E+01 -.166106E+01 -.162170E+01 0.186287E+02
 0.586535E+00 -.346371E+01 -.167706E+01 -.164764E+01 0.176408E+02
 0.605301E+00 -.347220E+01 -.166478E+01 -.168969E+01 0.178808E+02
 0.585374E+00 -.349228E+01 -.161342E+01 -.169635E+01 0.198774E+02
 0.521819E+00 -.348917E+01 -.167417E+01 -.168609E+01 0.198691E+02
 0.627240E+00 -.346744E+01 -.168265E+01 -.166436E+01 0.177189E+02
 0.663990E+00 -.349810E+01 -.166141E+01 -.166804E+01 0.210752E+02
 0.619679E+00 -.346859E+01 -.163211E+01 -.160012E+01 0.212894E+02
 0.537739E+00 -.346729E+01 -.165881E+01 -.166584E+01 0.177833E+02
 0.666107E+00 -.346288E+01 -.166603E+01 -.165289E+01 0.183964E+02
 0.592101E+00 -.347288E+01 -.167477E+01 -.165363E+01 0.177912E+02
 0.613256E+00 -.345895E+01 -.166576E+01 -.166061E+01 0.177737E+02
 0.595862E+00 -.346443E+01 -.173191E+01 -.171508E+01 0.220531E+02
 0.561547E+00 -.345653E+01 -.166977E+01 -.166730E+01 0.179492E+02
 0.571338E+00 -.346284E+01 -.164270E+01 -.167135E+01 0.177662E+02
 0.598977E+00 -.347940E+01 -.166402E+01 -.163385E+01 0.184226E+02
 0.875902E+00 -.346188E+01 -.167423E+01 -.163898E+01 0.232330E+02
 0.654756E+00 -.347176E+01 -.163068E+01 -.166973E+01 0.197724E+02
 0.617466E+00 -.346445E+01 -.167650E+01 -.168499E+01 0.177643E+02
 0.591682E+00 -.346357E+01 -.167711E+01 -.166044E+01 0.176495E+02
 0.600227E+00 -.346272E+01 -.158343E+01 -.165332E+01 0.220496E+02
 0.614644E+00 -.347479E+01 -.165411E+01 -.165864E+01 0.182516E+02
 0.588770E+00 -.346231E+01 -.168583E+01 -.165456E+01 0.177373E+02
 0.552913E+00 -.347926E+01 -.163998E+01 -.162447E+01 0.186908E+02
 0.555792E+00 -.346372E+01 -.169476E+01 -.162105E+01 0.180570E+02
 0.579173E+00 -.345944E+01 -.160400E+01 -.161565E+01 0.215230E+02
 0.607846E+00 -.346051E+01 -.170645E+01 -.165838E+01 0.181207E+02
 0.507726E+00 -.344498E+01 -.173172E+01 -.155842E+01 0.211881E+02
 0.601252E+00 -.345638E+01 -.163551E+01 -.164260E+01 0.190000E+02
 0.610672E+00 -.346277E+01 -.166719E+01 -.165154E+01 0.177469E+02
 0.582820E+00 -.346023E+01 -.164451E+01 -.167179E+01 0.178508E+02
 0.597897E+00 -.347376E+01 -.167612E+01 -.168260E+01 0.179997E+02
 0.584538E+00 -.345919E+01 -.164453E+01 -.159328E+01 0.199337E+02
 0.610451E+00 -.350398E+01 -.170469E+01 -.160416E+01 0.213985E+02
 0.648019E+00 -.346579E+01 -.167235E+01 -.167495E+01 0.178694E+02
 0.573548E+00 -.342948E+01 -.165117E+01 -.163195E+01 0.212351E+02
 0.621312E+00 -.346205E+01 -.166911E+01 -.167989E+01 0.177187E+02
 0.568754E+00 -.345463E+01 -.167601E+01 -.166149E+01 0.180132E+02
 0.640142E+00 -.346252E+01 -.168046E+01 -.169843E+01 0.179361E+02
 0.598762E+00 -.349481E+01 -.167460E+01 -.164603E+01 0.196568E+02
 0.601203E+00 -.346429E+01 -.168697E+01 -.164855E+01 0.176588E+02
 0.598699E+00 -.344627E+01 -.168268E+01 -.166883E+01 0.184235E+02
 0.603361E+00 -.346290E+01 -.170945E+01 -.165522E+01 0.182235E+02
 0.519494E+00 -.345987E+01 -.167814E+01 -.160594E+01 0.184005E+02
 0.635958E+00 -.344986E+01 -.166383E+01 -.164292E+01 0.185809E+02
 0.592596E+00 -.346664E+01 -.167899E+01 -.163857E+01 0.176721E+02
 0.594802E+00 -.346247E+01 -.167830E+01 -.151234E+01 0.233767E+02
 0.560636E+00 -.343120E+01 -.169434E+01 -.168553E+01 0.216003E+02
 0.646792E+00 -.346682E+01 -.161369E+01 -.172719E+01 0.194996E+02
 0.753893E+00 -.344598E+01 -.165368E+01 -.172552E+01 0.203451E+02
 0.597365E+00 -.346304E+01 -.167496E+01 -.160574E+01 0.182191E+02
 0.606121E+00 -.344948E+01 -.166082E+01 -.166702E+01 0.182040E+02
 0.546908E+00 -.346789E+01 -.163342E+01 -.157080E+01 0.209520E+02
 0.492976E+00 -.347261E+01 -.166475E+01 -.170835E+01 0.197633E+02
 0.102604E+01 -.341507E+01 -.174764E+01 -.164564E+01 0.231234E+02
 0.592164E+00 -.346212E+01 -.165720E+01 -.165414E+01 0.177842E+02
 0.646777E+00 -.345853E+01 -.167738E+01 -.170484E+01 0.180183E+02
 0.594287E+00 -.344438E+01 -.168762E+01 -.174790E+01 0.206163E+02
 0.809353E+00 -.346544E+01 -.175500E+01 -.166613E+01 0.192544E+02
 0.596829E+00 -.346254E+01 -.169463E+01 -.163739E+01 0.177251E+02
 0.585960E+00 -.345984E+01 -.165231E+01 -.164926E+01 0.179391E+02
 0.661691E+00 -.348023E+01 -.173102E+01 -.170207E+01 0.207812E+02
 0.603635E+00 -.344773E+01 -.167131E+01 -.164286E+01 0.183149E+02
 0.900000E+00 -.347026E+01 -.178134E+01 -.164370E+01 0.202253E+02
 0.585320E+00 -.346392E+01 -.169242E+01 -.163707E+01 0.177662E+02
 0.605252E+00 -.346780E+01 -.170701E+01 -.165067E+01 0.181063E+02
 0.613654E+00 -.346585E+01 -.170034E+01 -.166331E+01 0.179748E+02
 0.686747E+00 -.348029E+01 -.166444E+01 -.165049E+01 0.196679E+02
 0.595935E+00 -.346295E+01 -.168878E+01 -.162332E+01 0.177250E+02
 0.620837E+00 -.342483E+01 -.167717E+01 -.167518E+01 0.211091E+02
 0.601153E+00 -.346218E+01 -.168233E+01 -.164022E+01 0.176480E+02
 0.608722E+00 -.346288E+01 -.167056E+01 -.165469E+01 0.176722E+02
 0.618074E+00 -.346705E+01 -.170227E+01 -.166515E+01 0.180472E+02
 0.684886E+00 -.346229E+01 -.161201E+01 -.171374E+01 0.208273E+02
 0.615138E+00 -.346280E+01 -.167803E+01 -.165196E+01 0.176454E+02
 0.622169E+00 -.345994E+01 -.172792E+01 -.173844E+01 0.219573E+02
 0.509479E+00 -.346340E+01 -.168141E+01 -.163665E+01 0.186123E+02
 0.595734E+00 -.346289E+01 -.165396E+01 -.166826E+01 0.177504E+02
 0.577919E+00 -.346845E+01 -.161046E+01 -.168953E+01 0.185355E+02
 0.653934E+00 -.344556E+01 -.169934E+01 -.162546E+01 0.182871E+02
 0.538482E+00 -.346260E+01 -.168101E+01 -.166019E+01 0.183028E+02
 0.603849E+00 -.343706E+01 -.170044E+01 -.162486E+01 0.192736E+02
 0.464709E+00 -.346256E+01 -.167699E+01 -.157094E+01 0.196537E+02
 0.534578E+00 -.346403E+01 -.162123E+01 -.165851E+01 0.180687E+02
 0.554852E+00 -.346079E+01 -.170803E+01 -.166615E+01 0.193957E+02
 0.462259E+00 -.345263E+01 -.160003E+01 -.160598E+01 0.202820E+02
 0.566962E+00 -.346626E+01 -.165721E+01 -.165641E+01 0.176567E+02
 0.588525E+00 -.345201E+01 -.171386E+01 -.165084E+01 0.188179E+02
 0.482826E+00 -.346481E+01 -.165611E+01 -.163884E+01 0.184245E+02
 0.617018E+00 -.346254E+01 -.167797E+01 -.166779E+01 0.176571E+02
 0.598016E+00 -.345901E+01 -.166623E+01 -.170065E+01 0.179060E+02
 0.559556E+00 -.346000E+01 -.165436E+01 -.167144E+01 0.177350E+02
 0.578050E+00 -.346288E+01 -.168062E+01 -.164506E+01 0.176965E+02
 0.597566E+00 -.346110E+01 -.167237E+01 -.163739E+01 0.177466E+02
 0.479790E+00 -.344783E+01 -.157490E+01 -.159541E+01 0.229464E+02
 0.553678E+00 -.346208E+01 -.165769E+01 -.165751E+01 0.177070E+02
 0.604511E+00 -.342872E+01 -.169063E+01 -.168383E+01 0.208296E+02
 0.592960E+00 -.346363E+01 -.167396E+01 -.163906E+01 0.176832E+02
 0.604180E+00 -.346382E+01 -.168599E+01 -.164812E+01 0.176418E+02
 0.594851E+00 -.346684E+01 -.167688E+01 -.173787E+01 0.189399E+02
 0.589673E+00 -.346166E+01 -.168119E+01 -.164668E+01 0.176621E+02
 0.609983E+00 -.346243E+01 -.169140E+01 -.165390E+01 0.176956E+02
 0.562478E+00 -.345564E+01 -.168726E+01 -.164875E+01 0.181589E+02
 0.616131E+00 -.346262E+01 -.168064E+01 -.165439E+01 0.176336E+02
 0.518235E+00 -.348129E+01 -.156138E+01 -.186517E+01 0.198977E+02
 0.604144E+00 -.346692E+01 -.164928E+01 -.164445E+01 0.182528E+02
 0.629261E+00 -.346124E+01 -.167767E+01 -.164845E+01 0.177310E+02
 0.590930E+00 -.345140E+01 -.164168E+01 -.165323E+01 0.186145E+02
 0.614303E+00 -.349154E+01 -.168833E+01 -.172011E+01 0.204865E+02
 0.602452E+00 -.346186E+01 -.170511E+01 -.164876E+01 0.179892E+02
 0.623395E+00 -.343839E+01 -.162280E+01 -.165504E+01 0.213071E+02
 0.687328E+00 -.346954E+01 -.166675E+01 -.166285E+01 0.187322E+02
 0.583335E+00 -.344383E+01 -.166237E+01 -.171680E+01 0.190968E+02
 0.590715E+00 -.348921E+01 -.171333E+01 -.163902E+01 0.197636E+02
 0.651845E+00 -.346844E+01 -.159770E+01 -.194641E+01 0.225587E+02
 0.630063E+00 -.346369E+01 -.168544E+01 -.168670E+01 0.178682E+02
 0.590944E+00 -.346800E+01 -.167750E+01 -.164366E+01 0.176743E+02
 0.465963E+00 -.346260E+01 -.167694E+01 -.162849E+01 0.196101E+02
 0.613648E+00 -.345424E+01 -.168118E+01 -.163996E+01 0.178482E+02
 0.600195E+00 -.346412E+01 -.171193E+01 -.165470E+01 0.183632E+02
 0.599933E+00 -.344729E+01 -.168484E+01 -.165200E+01 0.182549E+02
 0.594040E+00 -.342567E+01 -.166350E+01 -.174718E+01 0.221962E+02
 0.599940E+00 -.346189E+01 -.169418E+01 -.164732E+01 0.177499E+02
 0.686132E+00 -.346805E+01 -.167616E+01 -.162877E+01 0.188907E+02
 0.592374E+00 -.345117E+01 -.166876E+01 -.165856E+01 0.180239E+02
 0.608144E+00 -.346758E+01 -.167130E+01 -.164188E+01 0.177832E+02
 0.597931E+00 -.346335E+01 -.167923E+01 -.162391E+01 0.177924E+02
 0.605892E+00 -.345149E+01 -.165617E+01 -.166099E+01 0.182064E+02
 0.564033E+00 -.347366E+01 -.158198E+01 -.164859E+01 0.210269E+02
 0.609594E+00 -.348853E+01 -.172043E+01 -.173788E+01 0.231441E+02
 0.604843E+00 -.346304E+01 -.167639E+01 -.165953E+01 0.176275E+02
 0.610994E+00 -.344012E+01 -.164097E+01 -.165840E+01 0.197953E+02
 0.566685E+00 -.346118E+01 -.163434E+01 -.177398E+01 0.187233E+02
 0.613430E+00 -.346187E+01 -.167640E+01 -.165216E+01 0.176541E+02
 0.631003E+00 -.344996E+01 -.166522E+01 -.169969E+01 0.182430E+02
 0.582095E+00 -.349178E+01 -.168025E+01 -.177456E+01 0.221796E+02
 0.844263E+00 -.346961E+01 -.167688E+01 -.169410E+01 0.212640E+02
 0.613508E+00 -.346177E+01 -.167503E+01 -.164457E+01 0.177090E+02
 0.578763E+00 -.346603E+01 -.167175E+01 -.164995E+01 0.176434E+02
 0.599539E+00 -.347786E+01 -.166816E+01 -.165460E+01 0.180683E+02
 0.638637E+00 -.346974E+01 -.171350E+01 -.168516E+01 0.187847E+02
 0.604775E+00 -.346386E+01 -.167614E+01 -.164524E+01 0.176552E+02
 0.584075E+00 -.347161E+01 -.168722E+01 -.160989E+01 0.179924E+02
 0.602587E+00 -.346749E+01 -.165921E+01 -.165522E+01 0.178186E+02
 0.584482E+00 -.346212E+01 -.170195E+01 -.161398E+01 0.178902E+02
 0.630352E+00 -.346287E+01 -.168721E+01 -.165233E+01 0.176469E+02
 0.591850E+00 -.345386E+01 -.167781E+01 -.167292E+01 0.179707E+02
 0.617230E+00 -.346177E+01 -.163020E+01 -.175661E+01 0.185040E+02
 0.601584E+00 -.346296E+01 -.167255E+01 -.165565E+01 0.176336E+02
 0.628984E+00 -.346422E+01 -.168427E+01 -.163875E+01 0.177147E+02
 0.708741E+00 -.341332E+01 -.168140E+01 -.166747E+01 0.234428E+02
 0.623272E+00 -.346241E+01 -.167400E+01 -.165072E+01 0.177278E+02
 0.540471E+00 -.346211E+01 -.168141E+01 -.165620E+01 0.182333E+02
 0.650072E+00 -.346269E+01 -.167861E+01 -.162137E+01 0.182895E+02
 0.659060E+00 -.348254E+01 -.165497E+01 -.171440E+01 0.191816E+02
 0.599799E+00 -.345734E+01 -.175888E+01 -.161373E+01 0.201254E+02
 0.702699E+00 -.344392E+01 -.168277E+01 -.168773E+01 0.187494E+02
 0.584625E+00 -.346184E+01 -.168681E+01 -.166522E+01 0.178948E+02
 0.598908E+00 -.345225E+01 -.169711E+01 -.165822E+01 0.181859E+02
 0.575623E+00 -.346376E+01 -.164933E+01 -.165531E+01 0.177971E+02
 0.558967E+00 -.346623E+01 -.165213E+01 -.164275E+01 0.177946E+02
 0.548544E+00 -.346477E+01 -.164616E+01 -.165062E+01 0.177673E+02
 0.488342E+00 -.346222E+01 -.168369E+01 -.176311E+01 0.239364E+02
 0.560080E+00 -.346342E+01 -.167339E+01 -.167412E+01 0.179272E+02
 0.571551E+00 -.346301E+01 -.169468E+01 -.165457E+01 0.181292E+02
 0.622920E+00 -.346011E+01 -.168837E+01 -.165186E+01 0.176511E+02
 0.583539E+00 -.346292E+01 -.167281E+01 -.163318E+01 0.177303E+02
 0.549491E+00 -.345720E+01 -.155895E+01 -.164414E+01 0.228832E+02
 0.584147E+00 -.346601E+01 -.166707E+01 -.166107E+01 0.176273E+02
 0.615343E+00 -.346605E+01 -.169619E+01 -.163623E+01 0.176930E+02
 0.590369E+00 -.345235E+01 -.169229E+01 -.165303E+01 0.181138E+02
 0.506495E+00 -.345574E+01 -.168915E+01 -.164388E+01 0.194168E+02
 0.563435E+00 -.346170E+01 -.166920E+01 -.163727E+01 0.177514E+02
 0.607994E+00 -.346283E+01 -.168264E+01 -.163948E+01 0.176511E+02
 0.601298E+00 -.345291E+01 -.169176E+01 -.159921E+01 0.182678E+02
 0.622350E+00 -.346168E+01 -.166948E+01 -.165471E+01 0.177688E+02
 0.631856E+00 -.347735E+01 -.170343E+01 -.169309E+01 0.190106E+02
 0.640809E+00 -.346206E+01 -.167115E+01 -.167954E+01 0.178015E+02
 0.588058E+00 -.346452E+01 -.171697E+01 -.172677E+01 0.213819E+02
 0.619749E+00 -.346474E+01 -.165808E+01 -.165018E+01 0.180603E+02
 0.614850E+00 -.348083E+01 -.171195E+01 -.172388E+01 0.209544E+02
 0.441517E+00 -.346064E+01 -.160694E+01 -.182826E+01 0.222515E+02
 0.607381E+00 -.347836E+01 -.167572E+01 -.165732E+01 0.181081E+02
 0.597466E+00 -.346122E+01 -.168560E+01 -.165171E+01 0.176811E+02
 0.597636E+00 -.345888E+01 -.167769E+01 -.166062E+01 0.176937E+02
 0.615593E+00 -.344226E+01 -.168545E+01 -.165180E+01 0.186066E+02
 0.616373E+00 -.346346E+01 -.170916E+01 -.169739E+01 0.190444E+02
 0.514678E+00 -.346349E+01 -.168376E+01 -.165634E+01 0.188772E+02
 0.655017E+00 -.346622E+01 -.166695E+01 -.166897E+01 0.180724E+02
 0.608915E+00 -.349285E+01 -.164688E+01 -.173926E+01 0.199140E+02
 0.587733E+00 -.348133E+01 -.165294E+01 -.167505E+01 0.182569E+02
 0.597666E+00 -.346442E+01 -.168723E+01 -.165340E+01 0.176968E+02
 0.609299E+00 -.347498E+01 -.167821E+01 -.164015E+01 0.179743E+02
 0.657984E+00 -.346281E+01 -.167579E+01 -.161164E+01 0.187836E+02
 0.621262E+00 -.343725E+01 -.167766E+01 -.164516E+01 0.192282E+02
 0.600692E+00 -.346298E+01 -.166259E+01 -.165264E+01 0.177498E+02
 0.606479E+00 -.346327E+01 -.167897E+01 -.163562E+01 0.176993E+02
 0.601858E+00 -.346108E+01 -.165760E+01 -.163354E+01 0.181759E+02
 0.685713E+00 -.347023E+01 -.167550E+01 -.166405E+01 0.184266E+02
 0.555464E+00 -.347709E+01 -.167531E+01 -.167413E+01 0.183107E+02
 0.607313E+00 -.346197E+01 -.167936E+01 -.164335E+01 0.176532E+02
 0.607167E+00 -.346209E+01 -.168181E+01 -.174335E+01 0.191360E+02
 0.633280E+00 -.348891E+01 -.163247E+01 -.166193E+01 0.204844E+02
 0.603152E+00 -.346158E+01 -.167282E+01 -.165564E+01 0.176446E+02
 0.507341E+00 -.346582E+01 -.170641E+01 -.166690E+01 0.208863E+02
 0.608597E+00 -.346308E+01 -.167801E+01 -.169709E+01 0.179521E+02
 0.593432E+00 -.346473E+01 -.169965E+01 -.163385E+01 0.178145E+02
 0.679261E+00 -.345612E+01 -.184323E+01 -.144694E+01 0.217499E+02
 0.668745E+00 -.343913E+01 -.167946E+01 -.178743E+01 0.209001E+02
 0.574380E+00 -.347808E+01 -.168273E+01 -.173779E+01 0.199727E+02
 0.605704E+00 -.346249E+01 -.169231E+01 -.165413E+01 0.177305E+02
 0.605560E+00 -.345566E+01 -.168022E+01 -.167223E+01 0.178413E+02
 0.623473E+00 -.348113E+01 -.167229E+01 -.166540E+01 0.184045E+02
 0.535875E+00 -.345435E+01 -.167107E+01 -.162417E+01 0.182871E+02
 0.605942E+00 -.346181E+01 -.167085E+01 -.166399E+01 0.176470E+02
 0.475738E+00 -.347178E+01 -.167001E+01 -.174223E+01 0.221323E+02
 0.550166E+00 -.347785E+01 -.167641E+01 -.175670E+01 0.207292E+02
 0.573922E+00 -.346823E+01 -.169460E+01 -.165516E+01 0.181345E+02
 0.601380E+00 -.348561E+01 -.176604E+01 -.165301E+01 0.237892E+02
 0.599772E+00 -.345469E+01 -.167378E+01 -.168231E+01 0.179266E+02
 0.601568E+00 -.347567E+01 -.168041E+01 -.164828E+01 0.179449E+02
 0.586871E+00 -.347011E+01 -.167606E+01 -.167233E+01 0.178083E+02
 0.599217E+00 -.346024E+01 -.164581E+01 -.164277E+01 0.183850E+02
 0.631261E+00 -.346588E+01 -.163909E+01 -.171985E+01 0.182930E+02
 0.677378E+00 -.347502E+01 -.178879E+01 -.165374E+01 0.233680E+02
 0.639057E+00 -.346276E+01 -.167303E+01 -.167647E+01 0.177698E+02
 0.583612E+00 -.347883E+01 -.168096E+01 -.162816E+01 0.181696E+02
 0.594266E+00 -.346451E+01 -.166262E+01 -.161813E+01 0.182500E+02
 0.600749E+00 -.346311E+01 -.167572E+01 -.151978E+01 0.230429E+02
 0.594600E+00 -.346302E+01 -.167974E+01 -.165927E+01 0.176580E+02
 0.589305E+00 -.346373E+01 -.164743E+01 -.163924E+01 0.182195E+02
 0.553589E+00 -.346471E+01 -.168880E+01 -.151451E+01 0.216752E+02
 0.585237E+00 -.346301E+01 -.167547E+01 -.165489E+01 0.176449E+02
 0.512288E+00 -.347023E+01 -.174566E+01 -.163230E+01 0.230790E+02
 0.656744E+00 -.346142E+01 -.167829E+01 -.166759E+01 0.178317E+02
 0.647611E+00 -.346294E+01 -.169716E+01 -.167262E+01 0.178382E+02
 0.750714E+00 -.348038E+01 -.170751E+01 -.165817E+01 0.193837E+02
 0.662219E+00 -.347057E+01 -.172898E+01 -.170810E+01 0.201774E+02
 0.589315E+00 -.347739E+01 -.165453E+01 -.171818E+01 0.182933E+02
 0.657414E+00 -.346287E+01 -.168251E+01 -.165463E+01 0.178214E+02
 0.597452E+00 -.347235E+01 -.164902E+01 -.166921E+01 0.179623E+02
 0.633544E+00 -.346256E+01 -.172996E+01 -.165078E+01 0.186108E+02
 0.600177E+00 -.347097E+01 -.163683E+01 -.166924E+01 0.182792E+02
 0.542739E+00 -.346360E+01 -.164136E+01 -.165305E+01 0.178040E+02
 0.202102E+00 -.348347E+01 -.140167E+01 -.162636E+01 0.211253E+02
 0.556238E+00 -.346807E+01 -.167840E+01 -.155909E+01 0.194518E+02
 0.542317E+00 -.343792E+01 -.161633E+01 -.176136E+01 0.203991E+02
 0.656161E+00 -.346551E+01 -.169031E+01 -.168198E+01 0.178984E+02
 0.595133E+00 -.346316E+01 -.168254E+01 -.163606E+01 0.176623E+02
 0.826762E+00 -.345932E+01 -.176496E+01 -.173323E+01 0.220230E+02
 0.576346E+00 -.346603E+01 -.168221E+01 -.160208E+01 0.180490E+02
 0.605978E+00 -.347010E+01 -.168211E+01 -.164192E+01 0.177397E+02
 0.625552E+00 -.346619E+01 -.167206E+01 -.164440E+01 0.178555E+02
 0.585034E+00 -.348280E+01 -.170160E+01 -.165408E+01 0.189746E+02
 0.934621E+00 -.346038E+01 -.172640E+01 -.156992E+01 0.226555E+02
 0.900000E+00 -.346576E+01 -.169379E+01 -.173820E+01 0.213661E+02
 0.523247E+00 -.346432E+01 -.166958E+01 -.165604E+01 0.181417E+02
 0.592288E+00 -.346090E+01 -.165760E+01 -.165067E+01 0.178301E+02
 0.604710E+00 -.346157E+01 -.167558E+01 -.164346E+01 0.176793E+02
 0.613754E+00 -.345632E+01 -.168518E+01 -.160993E+01 0.180910E+02
 0.606291E+00 -.346283E+01 -.167373E+01 -.165973E+01 0.176325E+02
 0.627431E+00 -.341695E+01 -.165885E+01 -.164670E+01 0.233655E+02
 0.619657E+00 -.346276E+01 -.168477E+01 -.168323E+01 0.178388E+02
 0.607632E+00 -.346260E+01 -.171046E+01 -.167750E+01 0.186931E+02
 0.604916E+00 -.346427E+01 -.167276E+01 -.164929E+01 0.176622E+02
 0.763171E+00 -.343824E+01 -.166384E+01 -.170230E+01 0.206892E+02
 0.488212E+00 -.343271E+01 -.169895E+01 -.161487E+01 0.226777E+02
 0.477082E+00 -.348410E+01 -.159262E+01 -.168778E+01 0.181792E+02
 0.600747E+00 -.346523E+01 -.167671E+01 -.166169E+01 0.176384E+02
 0.594341E+00 -.346314E+01 -.167941E+01 -.165303E+01 0.176371E+02
 0.596811E+00 -.347264E+01 -.169197E+01 -.166182E+01 0.180508E+02
 0.599944E+00 -.343406E+01 -.168612E+01 -.158964E+01 0.204162E+02
 0.600761E+00 -.346125E+01 -.168590E+01 -.166497E+01 0.177541E+02
 0.519279E+00 -.348311E+01 -.172341E+01 -.165505E+01 0.220938E+02
 0.636425E+00 -.347011E+01 -.165604E+01 -.162243E+01 0.191594E+02
 0.604070E+00 -.345995E+01 -.168763E+01 -.167168E+01 0.178494E+02
 0.598801E+00 -.349524E+01 -.165140E+01 -.169672E+01 0.197493E+02
 0.598986E+00 -.345989E+01 -.158797E+01 -.170712E+01 0.200195E+02
 0.595807E+00 -.346335E+01 -.167545E+01 -.161580E+01 0.179748E+02
 0.592839E+00 -.347782E+01 -.167637E+01 -.165159E+01 0.180366E+02
 0.757189E+00 -.346291E+01 -.168047E+01 -.172391E+01 0.191474E+02
 0.614106E+00 -.343660E+01 -.167428E+01 -.169551E+01 0.194922E+02
 0.601689E+00 -.346265E+01 -.167566E+01 -.165021E+01 0.176349E+02
 0.605838E+00 -.347649E+01 -.168056E+01 -.163087E+01 0.180905E+02
 0.619429E+00 -.346120E+01 -.165302E+01 -.163631E+01 0.185212E+02
 0.541215E+00 -.346360E+01 -.167704E+01 -.170077E+01 0.188934E+02
 0.583877E+00 -.347933E+01 -.167862E+01 -.164967E+01 0.181396E+02
 0.599077E+00 -.345852E+01 -.168405E+01 -.164698E+01 0.176976E+02
 0.603501E+00 -.346101E+01 -.167706E+01 -.163732E+01 0.177119E+02
 0.546947E+00 -.348102E+01 -.164295E+01 -.166448E+01 0.180941E+02
 0.594381E+00 -.346889E+01 -.173575E+01 -.168398E+01 0.211352E+02
 0.607217E+00 -.346306E+01 -.167813E+01 -.167511E+01 0.177049E+02
 0.586397E+00 -.348274E+01 -.173596E+01 -.162516E+01 0.201144E+02
 0.543871E+00 -.345040E+01 -.168195E+01 -.167585E+01 0.190321E+02
 0.545220E+00 -.347254E+01 -.167299E+01 -.162540E+01 0.179492E+02
 0.592841E+00 -.346276E+01 -.169022E+01 -.165477E+01 0.177824E+02
 0.523871E+00 -.345341E+01 -.161978E+01 -.169884E+01 0.182929E+02
 0.595828E+00 -.347710E+01 -.170727E+01 -.164787E+01 0.185680E+02
 0.658127E+00 -.345083E+01 -.167321E+01 -.158114E+01 0.204672E+02
 0.455978E+00 -.346094E+01 -.169188E+01 -.164210E+01 0.213511E+02
 0.601625E+00 -.346367E+01 -.167903E+01 -.166655E+01 0.176677E+02
 0.713147E+00 -.347655E+01 -.167780E+01 -.183442E+01 0.218429E+02
 0.612640E+00 -.350003E+01 -.167059E+01 -.171763E+01 0.209498E+02
 0.608374E+00 -.346471E+01 -.168750E+01 -.165307E+01 0.176620E+02
 0.601096E+00 -.345861E+01 -.157006E+01 -.165239E+01 0.235259E+02
 0.569280E+00 -.344965E+01 -.164478E+01 -.167050E+01 0.183353E+02
 0.598848E+00 -.346945E+01 -.167882E+01 -.165338E+01 0.176986E+02
 0.607047E+00 -.346106E+01 -.168866E+01 -.166902E+01 0.178063E+02
 0.587437E+00 -.345585E+01 -.167053E+01 -.163644E+01 0.178964E+02
 0.602131E+00 -.346288E+01 -.172449E+01 -.166175E+01 0.191433E+02
 0.691527E+00 -.346325E+01 -.171780E+01 -.165078E+01 0.178905E+02
 0.599474E+00 -.346236E+01 -.167180E+01 -.168067E+01 0.177112E+02
 0.609494E+00 -.347670E+01 -.168023E+01 -.164870E+01 0.180228E+02
 0.569921E+00 -.346389E+01 -.170062E+01 -.152227E+01 0.206907E+02
 0.601346E+00 -.346302E+01 -.167362E+01 -.162964E+01 0.178181E+02
 0.605928E+00 -.346301E+01 -.168044E+01 -.165623E+01 0.176291E+02
 0.593385E+00 -.346546E+01 -.164978E+01 -.169321E+01 0.177438E+02
 0.575334E+00 -.346360E+01 -.167947E+01 -.165581E+01 0.177358E+02
 0.522100E+00 -.346920E+01 -.160498E+01 -.172463E+01 0.178631E+02
 0.599156E+00 -.346211E+01 -.167986E+01 -.162781E+01 0.177492E+02
 0.571798E+00 -.346323E+01 -.168900E+01 -.167528E+01 0.182683E+02
 0.627982E+00 -.344791E+01 -.176336E+01 -.163434E+01 0.207352E+02
 0.789997E+00 -.347051E+01 -.166078E+01 -.172864E+01 0.207502E+02
 0.590532E+00 -.348974E+01 -.165801E+01 -.166701E+01 0.189932E+02
 0.695475E+00 -.346138E+01 -.167785E+01 -.165455E+01 0.183796E+02
 0.603367E+00 -.346670E+01 -.165762E+01 -.163325E+01 0.181837E+02
 0.678265E+00 -.344341E+01 -.167976E+01 -.167522E+01 0.186584E+02
 0.645049E+00 -.346338E+01 -.174639E+01 -.164390E+01 0.191825E+02
 0.601060E+00 -.346501E+01 -.162927E+01 -.168992E+01 0.182352E+02
 0.608600E+00 -.346671E+01 -.169313E+01 -.166766E+01 0.179003E+02
 0.610941E+00 -.346468E+01 -.163643E+01 -.159714E+01 0.208297E+02
 0.665901E+00 -.346634E+01 -.165225E+01 -.165895E+01 0.189312E+02
 0.655711E+00 -.346226E+01 -.168269E+01 -.162762E+01 0.180963E+02
 0.528270E+00 -.346118E+01 -.165010E+01 -.170016E+01 0.181626E+02
 0.590721E+00 -.346517E+01 -.167564E+01 -.158903E+01 0.186305E+02
 0.639029E+00 -.344465E+01 -.171282E+01 -.159483E+01 0.185299E+02
 0.598388E+00 -.346496E+01 -.168174E+01 -.165914E+01 0.176651E+02
 0.575942E+00 -.346249E+01 -.165627E+01 -.166408E+01 0.176685E+02
 0.590547E+00 -.350025E+01 -.168786E+01 -.165027E+01 0.205074E+02
 0.553042E+00 -.347798E+01 -.159115E+01 -.172032E+01 0.186577E+02
 0.616092E+00 -.346957E+01 -.165424E+01 -.166590E+01 0.180043E+02
 0.574491E+00 -.346876E+01 -.167181E+01 -.166192E+01 0.177060E+02
 0.626385E+00 -.346203E+01 -.166892E+01 -.167488E+01 0.177340E+02
 0.599334E+00 -.346137E+01 -.167408E+01 -.165850E+01 0.176378E+02
 0.601448E+00 -.346915E+01 -.165181E+01 -.177215E+01 0.189123E+02
 0.586247E+00 -.346402E+01 -.167713E+01 -.165770E+01 0.176567E+02
 0.527833E+00 -.346541E+01 -.162640E+01 -.163305E+01 0.183451E+02
 0.588090E+00 -.346337E+01 -.170081E+01 -.166263E+01 0.182393E+02
 0.573679E+00 -.346126E+01 -.162478E+01 -.162131E+01 0.195910E+02
 0.597367E+00 -.346122E+01 -.169486E+01 -.165274E+01 0.178303E+02
 0.546749E+00 -.345338E+01 -.171860E+01 -.169568E+01 0.218417E+02
 0.572842E+00 -.345885E+01 -.174580E+01 -.149409E+01 0.209282E+02
 0.595500E+00 -.345362E+01 -.167767E+01 -.165645E+01 0.178717E+02
 0.595631E+00 -.346456E+01 -.167141E+01 -.165473E+01 0.176285E+02
 0.593808E+00 -.346789E+01 -.168557E+01 -.166460E+01 0.178173E+02
 0.600266E+00 -.346329E+01 -.168756E+01 -.166258E+01 0.177530E+02
 0.593978E+00 -.348382E+01 -.172950E+01 -.165677E+01 0.205272E+02
 0.588320E+00 -.345959E+01 -.166497E+01 -.163116E+01 0.179399E+02
 0.526275E+00 -.347016E+01 -.165743E+01 -.165294E+01 0.178333E+02
 0.559079E+00 -.345948E+01 -.170274E+01 -.164833E+01 0.186132E+02
 0.574085E+00 -.344628E+01 -.164756E+01 -.172471E+01 0.188614E+02
 0.568410E+00 -.344994E+01 -.159497E+01 -.169686E+01 0.196400E+02
 0.613689E+00 -.346249E+01 -.167437E+01 -.165745E+01 0.176517E+02
 0.580467E+00 -.345505E+01 -.167609E+01 -.165286E+01 0.178642E+02
 0.571324E+00 -.346258E+01 -.168201E+01 -.171290E+01 0.188449E+02
 0.599668E+00 -.346489E+01 -.167190E+01 -.168146E+01 0.177152E+02
 0.601091E+00 -.346277E+01 -.168763E+01 -.164962E+01 0.176674E+02
 0.595945E+00 -.345757E+01 -.168265E+01 -.167422E+01 0.178927E+02
 0.608125E+00 -.346208E+01 -.170834E+01 -.166431E+01 0.182885E+02
 0.454708E+00 -.345825E+01 -.167732E+01 -.163049E+01 0.202955E+02
 0.617148E+00 -.346664E+01 -.166774E+01 -.163675E+01 0.179825E+02
 0.603795E+00 -.346295E+01 -.168107E+01 -.165192E+01 0.176271E+02
 0.600461E+00 -.346080E+01 -.167333E+01 -.156800E+01 0.197822E+02
 0.525741E+00 -.344223E+01 -.167061E+01 -.166496E+01 0.196726E+02
 0.663827E+00 -.346929E+01 -.161058E+01 -.171170E+01 0.203905E+02
 0.751888E+00 -.346959E+01 -.172455E+01 -.160190E+01 0.186957E+02
 0.597956E+00 -.346302E+01 -.167470E+01 -.164378E+01 0.176591E+02
 0.591782E+00 -.348052E+01 -.163511E+01 -.165513E+01 0.188539E+02
 0.634689E+00 -.347884E+01 -.174545E+01 -.160192E+01 0.191439E+02
 0.530475E+00 -.346202E+01 -.167057E+01 -.155956E+01 0.195852E+02
 0.109074E+01 -.344572E+01 -.178424E+01 -.167122E+01 0.208797E+02
 0.600325E+00 -.346285E+01 -.167513E+01 -.165419E+01 0.176268E+02
 0.609066E+00 -.348679E+01 -.167795E+01 -.165184E+01 0.188032E+02
 0.638344E+00 -.344110E+01 -.167601E+01 -.167177E+01 0.187628E+02
 0.641735E+00 -.344339E+01 -.162295E+01 -.180149E+01 0.203363E+02
 0.488689E+00 -.346530E+01 -.168519E+01 -.164172E+01 0.194135E+02
 0.607861E+00 -.346264E+01 -.168348E+01 -.163952E+01 0.176478E+02
 0.673267E+00 -.342222E+01 -.167007E+01 -.165330E+01 0.219485E+02
 0.589476E+00 -.346250E+01 -.166909E+01 -.164859E+01 0.176606E+02
 0.576705E+00 -.346734E+01 -.166290E+01 -.166200E+01 0.176385E+02
 0.599565E+00 -.346269E+01 -.167502E+01 -.165179E+01 0.176310E+02
 0.605510E+00 -.345833E+01 -.169085E+01 -.161248E+01 0.178774E+02
 0.584299E+00 -.347067E+01 -.169817E+01 -.164755E+01 0.180863E+02
 0.578567E+00 -.346135E+01 -.171166E+01 -.169222E+01 0.198244E+02
 0.659263E+00 -.345377E+01 -.162421E+01 -.165106E+01 0.209720E+02
 0.570046E+00 -.346272E+01 -.167408E+01 -.161560E+01 0.179245E+02
 0.634016E+00 -.345021E+01 -.167545E+01 -.166711E+01 0.180541E+02
 0.562226E+00 -.346238E+01 -.170730E+01 -.166218E+01 0.190347E+02
 0.600423E+00 -.346201E+01 -.168646E+01 -.174456E+01 0.195122E+02
 0.604308E+00 -.346293E+01 -.167871E+01 -.165182E+01 0.176253E+02
 0.600598E+00 -.346396E+01 -.169751E+01 -.167165E+01 0.181259E+02
 0.649273E+00 -.346237E+01 -.167464E+01 -.163462E+01 0.181503E+02
 0.861269E+00 -.346906E+01 -.177009E+01 -.157969E+01 0.191846E+02
 0.583176E+00 -.346321E+01 -.167720E+01 -.165365E+01 0.176597E+02
 0.628596E+00 -.346267E+01 -.156760E+01 -.176300E+01 0.214388E+02
 0.563742E+00 -.346197E+01 -.168270E+01 -.160863E+01 0.179740E+02
 0.556997E+00 -.346280E+01 -.166403E+01 -.164278E+01 0.177296E+02
 0.752398E+00 -.346100E+01 -.169441E+01 -.166493E+01 0.185731E+02
 0.586579E+00 -.346012E+01 -.159636E+01 -.160700E+01 0.229559E+02
 0.617478E+00 -.346134E+01 -.167777E+01 -.188143E+01 0.239277E+02
 0.636839E+00 -.346996E+01 -.167692E+01 -.162978E+01 0.181474E+02
 0.676192E+00 -.346051E+01 -.167652E+01 -.166215E+01 0.180851E+02
 0.604085E+00 -.345686E+01 -.170563E+01 -.162697E+01 0.178782E+02
 0.565362E+00 -.346368E+01 -.171654E+01 -.164695E+01 0.190972E+02
 0.590459E+00 -.346779E+01 -.165904E+01 -.167044E+01 0.176739E+02
 0.625598E+00 -.346721E+01 -.168657E+01 -.166284E+01 0.177214E+02
 0.585669E+00 -.345676E+01 -.170187E+01 -.165022E+01 0.182062E+02
 0.588016E+00 -.346543E+01 -.162567E+01 -.163898E+01 0.191603E+02
 0.665044E+00 -.346251E+01 -.168011E+01 -.163914E+01 0.180999E+02
 0.395254E+00 -.346300E+01 -.158668E+01 -.160535E+01 0.198704E+02
 0.607289E+00 -.342683E+01 -.167345E+01 -.164868E+01 0.208657E+02
 0.602551E+00 -.346247E+01 -.166752E+01 -.167173E+01 0.176531E+02
 0.589443E+00 -.346043E+01 -.167016E+01 -.166861E+01 0.176775E+02
 0.574451E+00 -.346205E+01 -.168108E+01 -.165793E+01 0.177959E+02
 0.596595E+00 -.346972E+01 -.166387E+01 -.164101E+01 0.178779E+02
 0.590836E+00 -.346363E+01 -.164267E+01 -.159307E+01 0.201059E+02
 0.626811E+00 -.346096E+01 -.168015E+01 -.165065E+01 0.176802E+02
 0.574823E+00 -.343358E+01 -.161794E+01 -.165047E+01 0.215740E+02
 0.628558E+00 -.346512E+01 -.167438E+01 -.166978E+01 0.177127E+02
 0.602334E+00 -.346231E+01 -.167860E+01 -.165761E+01 0.176324E+02
 0.596671E+00 -.347186E+01 -.166791E+01 -.173202E+01 0.185642E+02
 0.585034E+00 -.346226E+01 -.167946E+01 -.165669E+01 0.176891E+02
 0.557474E+00 -.350509E+01 -.163408E+01 -.163489E+01 0.213516E+02
 0.578617E+00 -.346259E+01 -.168261E+01 -.163330E+01 0.177168E+02
 0.562090E+00 -.346102E+01 -.158303E+01 -.166475E+01 0.203415E+02
 0.600927E+00 -.346109E+01 -.169122E+01 -.165812E+01 0.177829E+02
 0.793309E+00 -.346869E+01 -.187724E+01 -.149775E+01 0.226592E+02
 0.576100E+00 -.347412E+01 -.172262E+01 -.164307E+01 0.193643E+02
 0.761064E+00 -.345712E+01 -.172909E+01 -.165290E+01 0.181376E+02
 0.599854E+00 -.345342E+01 -.167764E+01 -.165632E+01 0.178671E+02
 0.599388E+00 -.346567E+01 -.166848E+01 -.165439E+01 0.176607E+02
 0.577431E+00 -.346018E+01 -.164889E+01 -.165494E+01 0.178797E+02
 0.620403E+00 -.348545E+01 -.169121E+01 -.170711E+01 0.195885E+02
 0.588001E+00 -.346201E+01 -.166311E+01 -.160680E+01 0.184923E+02
 0.614661E+00 -.345758E+01 -.162165E+01 -.165170E+01 0.197676E+02
 0.594703E+00 -.348426E+01 -.162683E+01 -.165244E+01 0.195859E+02
 0.626374E+00 -.345986E+01 -.169119E+01 -.165132E+01 0.176590E+02
 0.591360E+00 -.342548E+01 -.165535E+01 -.174514E+01 0.220646E+02
 0.724977E+00 -.346560E+01 -.181587E+01 -.150456E+01 0.197530E+02
 0.612446E+00 -.346413E+01 -.168605E+01 -.167540E+01 0.177994E+02
 0.604343E+00 -.345232E+01 -.167688E+01 -.165251E+01 0.179156E+02
 0.485129E+00 -.346229E+01 -.167819E+01 -.165605E+01 0.195202E+02
 0.613370E+00 -.348304E+01 -.167477E+01 -.165409E+01 0.184937E+02
 0.600597E+00 -.346284E+01 -.168156E+01 -.165159E+01 0.176326E+02
 0.600121E+00 -.345205E+01 -.168147E+01 -.167848E+01 0.181098E+02
 0.608753E+00 -.346255E+01 -.170620E+01 -.164643E+01 0.179270E+02
 0.655376E+00 -.345804E+01 -.167650E+01 -.161684E+01 0.185890E+02
 0.587167E+00 -.345521E+01 -.167045E+01 -.165334E+01 0.178253E+02
 0.606579E+00 -.346645E+01 -.167623E+01 -.165821E+01 0.176461E+02
 0.602344E+00 -.346395E+01 -.167481E+01 -.162927E+01 0.178064E+02
 0.599952E+00 -.344382E+01 -.169711E+01 -.166204E+01 0.188069E+02
 0.500421E+00 -.346781E+01 -.161249E+01 -.167730E+01 0.178121E+02
 0.602009E+00 -.346306E+01 -.167423E+01 -.165591E+01 0.176276E+02
 0.602506E+00 -.344309E+01 -.165708E+01 -.167187E+01 0.187713E+02
 0.606303E+00 -.341642E+01 -.168001E+01 -.164465E+01 0.229590E+02
 0.532416E+00 -.345932E+01 -.167304E+01 -.163241E+01 0.180847E+02
 0.569298E+00 -.349452E+01 -.165829E+01 -.179872E+01 0.220800E+02
 0.606245E+00 -.346324E+01 -.166620E+01 -.165331E+01 0.177205E+02
 0.545162E+00 -.345928E+01 -.166913E+01 -.164352E+01 0.179029E+02
 0.660036E+00 -.345953E+01 -.165987E+01 -.166749E+01 0.183428E+02
 0.630611E+00 -.347194E+01 -.168971E+01 -.174533E+01 0.195197E+02
 0.844061E+00 -.347143E+01 -.168179E+01 -.167825E+01 0.212531E+02
 0.605594E+00 -.346173E+01 -.168343E+01 -.163830E+01 0.176562E+02
 0.581691E+00 -.346173E+01 -.166162E+01 -.165111E+01 0.177055E+02
 0.606004E+00 -.347962E+01 -.169018E+01 -.164623E+01 0.182561E+02
 0.601207E+00 -.345758E+01 -.167471E+01 -.165078E+01 0.177209E+02
 0.594757E+00 -.346831E+01 -.167534E+01 -.159879E+01 0.184063E+02
 0.603785E+00 -.347423E+01 -.170553E+01 -.165741E+01 0.184158E+02
 0.593441E+00 -.347899E+01 -.169524E+01 -.168880E+01 0.190242E+02
 0.555484E+00 -.346215E+01 -.172415E+01 -.164454E+01 0.197962E+02
 0.654035E+00 -.346424E+01 -.167585E+01 -.165135E+01 0.179581E+02
 0.595098E+00 -.346268E+01 -.168779E+01 -.162841E+01 0.176975E+02
 0.580114E+00 -.345257E+01 -.167885E+01 -.165991E+01 0.180416E+02
 0.594900E+00 -.346250E+01 -.166024E+01 -.173576E+01 0.183209E+02
 0.600260E+00 -.346173E+01 -.167941E+01 -.172937E+01 0.187357E+02
 0.598728E+00 -.346290E+01 -.167596E+01 -.165022E+01 0.176302E+02
 0.611295E+00 -.346275E+01 -.170725E+01 -.164286E+01 0.178922E+02
 0.611266E+00 -.346276E+01 -.167539E+01 -.165182E+01 0.176512E+02
 0.615433E+00 -.346580E+01 -.170881E+01 -.156760E+01 0.185619E+02
 0.586756E+00 -.346090E+01 -.168062E+01 -.161457E+01 0.178998E+02
 0.593391E+00 -.346247E+01 -.164540E+01 -.162915E+01 0.186143E+02
 0.645839E+00 -.347139E+01 -.162102E+01 -.163052E+01 0.215641E+02
 0.527901E+00 -.346008E+01 -.174736E+01 -.150021E+01 0.210713E+02
 0.660756E+00 -.345433E+01 -.168648E+01 -.165190E+01 0.178940E+02
 0.604560E+00 -.346198E+01 -.168016E+01 -.166346E+01 0.176579E+02
 0.600959E+00 -.344889E+01 -.168073E+01 -.163659E+01 0.181654E+02
 0.629430E+00 -.345910E+01 -.172225E+01 -.166975E+01 0.187555E+02
 0.504038E+00 -.346327E+01 -.161312E+01 -.165565E+01 0.181279E+02
 0.594841E+00 -.346951E+01 -.169299E+01 -.163837E+01 0.177990E+02
 0.547566E+00 -.346457E+01 -.164395E+01 -.165716E+01 0.177350E+02
 0.734844E+00 -.347251E+01 -.163202E+01 -.177622E+01 0.209491E+02
 0.581289E+00 -.345982E+01 -.171996E+01 -.169266E+01 0.204117E+02
 0.490883E+00 -.346531E+01 -.170682E+01 -.164094E+01 0.207288E+02
 0.592860E+00 -.346293E+01 -.168603E+01 -.166469E+01 0.177948E+02
 0.373279E+00 -.346396E+01 -.161626E+01 -.165773E+01 0.209477E+02
 0.610141E+00 -.346043E+01 -.166537E+01 -.171806E+01 0.180671E+02
 0.588455E+00 -.346133E+01 -.166281E+01 -.167231E+01 0.176630E+02
 0.597142E+00 -.346520E+01 -.168836E+01 -.165056E+01 0.177032E+02
 0.601741E+00 -.344293E+01 -.165196E+01 -.165291E+01 0.190763E+02
 0.579241E+00 -.345201E+01 -.174796E+01 -.153076E+01 0.196570E+02
 0.631402E+00 -.345652E+01 -.169965E+01 -.164113E+01 0.177227E+02
 0.581205E+00 -.345155E+01 -.167038E+01 -.165179E+01 0.180354E+02
 0.531997E+00 -.346681E+01 -.167480E+01 -.165976E+01 0.181716E+02
 0.606249E+00 -.346368E+01 -.168322E+01 -.164928E+01 0.176287E+02
 0.739148E+00 -.346434E+01 -.167617E+01 -.165485E+01 0.192688E+02
 0.607023E+00 -.346118E+01 -.169404E+01 -.164453E+01 0.176976E+02
 0.599536E+00 -.346193E+01 -.167793E+01 -.165469E+01 0.176325E+02
 0.636702E+00 -.346999E+01 -.167986E+01 -.165260E+01 0.178536E+02
 0.613215E+00 -.346209E+01 -.167185E+01 -.163564E+01 0.178502E+02
 0.611352E+00 -.345776E+01 -.163971E+01 -.173024E+01 0.182161E+02
 0.617423E+00 -.346339E+01 -.167139E+01 -.165657E+01 0.176961E+02
 0.124204E+01 -.346277E+01 -.188091E+01 -.153077E+01 0.218783E+02
 0.606655E+00 -.344346E+01 -.165442E+01 -.165384E+01 0.189676E+02
 0.968967E+00 -.346566E+01 -.176626E+01 -.155192E+01 0.211809E+02
 0.471025E+00 -.345417E+01 -.163531E+01 -.177835E+01 0.215226E+02
 0.585068E+00 -.347191E+01 -.173177E+01 -.169967E+01 0.218630E+02
 0.603794E+00 -.346441E+01 -.167649E+01 -.165691E+01 0.176259E+02
 0.601968E+00 -.346569E+01 -.168022E+01 -.165458E+01 0.176389E+02
 0.592284E+00 -.345782E+01 -.162923E+01 -.165770E+01 0.187192E+02
 0.617856E+00 -.348429E+01 -.169552E+01 -.165758E+01 0.187861E+02
 0.614352E+00 -.346399E+01 -.168717E+01 -.163816E+01 0.176504E+02
 0.590030E+00 -.345490E+01 -.168863E+01 -.165230E+01 0.179305E+02
 0.671149E+00 -.346155E+01 -.167723E+01 -.165702E+01 0.180468E+02
 0.611135E+00 -.347540E+01 -.167170E+01 -.171184E+01 0.183707E+02
 0.573565E+00 -.346577E+01 -.166428E+01 -.165568E+01 0.176369E+02
 0.599701E+00 -.346463E+01 -.168532E+01 -.165391E+01 0.176697E+02
 0.603043E+00 -.346977E+01 -.167804E+01 -.164910E+01 0.177124E+02
 0.626728E+00 -.346272E+01 -.167495E+01 -.166672E+01 0.176856E+02
 0.627704E+00 -.347925E+01 -.168016E+01 -.164675E+01 0.182990E+02
 0.600155E+00 -.346295E+01 -.167459E+01 -.165556E+01 0.176260E+02
 0.606193E+00 -.347399E+01 -.167964E+01 -.164417E+01 0.178840E+02
 0.605867E+00 -.346202E+01 -.166163E+01 -.161960E+01 0.183949E+02
 0.664540E+00 -.347553E+01 -.167582E+01 -.166659E+01 0.183883E+02
 0.579292E+00 -.346365E+01 -.167381E+01 -.167975E+01 0.178202E+02
 0.601497E+00 -.346777E+01 -.167617E+01 -.165387E+01 0.176602E+02
 0.602178E+00 -.346255E+01 -.167767E+01 -.169475E+01 0.179463E+02
 0.655399E+00 -.347721E+01 -.162688E+01 -.165284E+01 0.207848E+02
 0.603775E+00 -.346184E+01 -.173609E+01 -.163717E+01 0.191261E+02
 0.430833E+00 -.346628E+01 -.166313E+01 -.164754E+01 0.205130E+02
 0.607147E+00 -.346309E+01 -.167861E+01 -.166799E+01 0.176619E+02
 0.602683E+00 -.345193E+01 -.171579E+01 -.167340E+01 0.191827E+02
 0.599364E+00 -.346330E+01 -.167655E+01 -.171083E+01 0.182169E+02
 0.599094E+00 -.346297E+01 -.166427E+01 -.165377E+01 0.177072E+02
 0.675438E+00 -.344615E+01 -.169794E+01 -.166507E+01 0.182323E+02
 0.623973E+00 -.347195E+01 -.169349E+01 -.175093E+01 0.199802E+02
 0.654448E+00 -.347206E+01 -.176587E+01 -.165386E+01 0.212454E+02
 0.578032E+00 -.345324E+01 -.165617E+01 -.172104E+01 0.183856E+02
 0.698198E+00 -.345641E+01 -.167115E+01 -.168913E+01 0.184186E+02
 0.603425E+00 -.346126E+01 -.167362E+01 -.166277E+01 0.176429E+02
 0.514781E+00 -.347101E+01 -.165419E+01 -.156622E+01 0.196601E+02
 0.572095E+00 -.350004E+01 -.168070E+01 -.164824E+01 0.203356E+02
 0.598516E+00 -.346344E+01 -.168318E+01 -.165422E+01 0.176525E+02
 0.586744E+00 -.347134E+01 -.168327E+01 -.164933E+01 0.177988E+02
 0.601290E+00 -.346656E+01 -.167544E+01 -.165326E+01 0.176432E+02
 0.579097E+00 -.347168E+01 -.166593E+01 -.163294E+01 0.178846E+02
 0.611916E+00 -.347034E+01 -.163855E+01 -.164681E+01 0.188384E+02
 0.639910E+00 -.346970E+01 -.168454E+01 -.172623E+01 0.186514E+02
 0.644173E+00 -.347012E+01 -.175454E+01 -.165356E+01 0.203449E+02
 0.621087E+00 -.346235E+01 -.168466E+01 -.167083E+01 0.177092E+02
 0.599815E+00 -.346939E+01 -.168071E+01 -.164650E+01 0.177024E+02
 0.616375E+00 -.346329E+01 -.164794E+01 -.170885E+01 0.179516E+02
 0.600792E+00 -.346222E+01 -.167180E+01 -.154123E+01 0.215589E+02
 0.601606E+00 -.346300E+01 -.167802E+01 -.165219E+01 0.176253E+02
 0.604667E+00 -.346272E+01 -.163315E+01 -.163872E+01 0.191392E+02
 0.622660E+00 -.346276E+01 -.167686E+01 -.165383E+01 0.176754E+02
 0.578092E+00 -.346515E+01 -.175163E+01 -.168536E+01 0.234017E+02
 0.609596E+00 -.346029E+01 -.167822E+01 -.167969E+01 0.177585E+02
 0.639925E+00 -.346250E+01 -.167366E+01 -.164406E+01 0.179339E+02
 0.691032E+00 -.346710E+01 -.167847E+01 -.167264E+01 0.182612E+02
 0.658991E+00 -.347320E+01 -.172105E+01 -.149284E+01 0.233823E+02
 0.643385E+00 -.344671E+01 -.168321E+01 -.167026E+01 0.182370E+02
 0.544805E+00 -.346386E+01 -.167995E+01 -.166275E+01 0.181752E+02
 0.599297E+00 -.345278E+01 -.165518E+01 -.168429E+01 0.180277E+02
 0.587708E+00 -.346357E+01 -.157642E+01 -.165530E+01 0.220720E+02
 0.601309E+00 -.346110E+01 -.170679E+01 -.165468E+01 0.181473E+02
 0.595257E+00 -.346370E+01 -.162057E+01 -.165928E+01 0.190243E+02
 0.600992E+00 -.345976E+01 -.167375E+01 -.165661E+01 0.176629E+02
 0.578169E+00 -.346292E+01 -.169240E+01 -.166219E+01 0.180767E+02
 0.814957E+00 -.346129E+01 -.170172E+01 -.171427E+01 0.194392E+02
 0.606799E+00 -.344155E+01 -.167772E+01 -.165711E+01 0.187347E+02
 0.592423E+00 -.346295E+01 -.168132E+01 -.172542E+01 0.188079E+02
 0.639297E+00 -.346499E+01 -.168594E+01 -.165651E+01 0.176953E+02
 0.593120E+00 -.346434E+01 -.167267E+01 -.164477E+01 0.176557E+02
 0.589585E+00 -.346686E+01 -.165817E+01 -.164881E+01 0.177934E+02
 0.592015E+00 -.347646E+01 -.167210E+01 -.164958E+01 0.179577E+02
 0.748540E+00 -.345437E+01 -.168847E+01 -.157471E+01 0.215393E+02
 0.518676E+00 -.347601E+01 -.167533E+01 -.155712E+01 0.195970E+02
 0.622045E+00 -.346659E+01 -.169428E+01 -.164628E+01 0.176974E+02
 0.590982E+00 -.350512E+01 -.172123E+01 -.166910E+01 0.231927E+02
 0.575975E+00 -.346034E+01 -.166310E+01 -.164893E+01 0.177229E+02
 0.600547E+00 -.346388E+01 -.168173E+01 -.164779E+01 0.176302E+02
 0.608820E+00 -.345557E+01 -.169314E+01 -.157648E+01 0.187683E+02
 0.617594E+00 -.346355E+01 -.167420E+01 -.165558E+01 0.176719E+02
 0.606571E+00 -.344221E+01 -.169852E+01 -.168217E+01 0.192463E+02
 0.621674E+00 -.346228E+01 -.167478E+01 -.164988E+01 0.177144E+02
 0.642410E+00 -.346077E+01 -.171932E+01 -.166784E+01 0.184002E+02
 0.615692E+00 -.346417E+01 -.166682E+01 -.165255E+01 0.177801E+02
 0.810449E+00 -.344257E+01 -.168184E+01 -.162539E+01 0.216595E+02
 0.773495E+00 -.343781E+01 -.164423E+01 -.166129E+01 0.232954E+02
 0.100517E+01 -.344255E+01 -.172398E+01 -.159244E+01 0.231400E+02
 0.590084E+00 -.344671E+01 -.155913E+01 -.173046E+01 0.221586E+02
 0.909764E+00 -.346790E+01 -.171487E+01 -.165253E+01 0.207814E+02
 0.605885E+00 -.347198E+01 -.167622E+01 -.165657E+01 0.177824E+02
 0.596126E+00 -.346266E+01 -.167884E+01 -.165353E+01 0.176338E+02
 0.595994E+00 -.346070E+01 -.165866E+01 -.166464E+01 0.177310E+02
 0.599119E+00 -.344312E+01 -.167626E+01 -.161253E+01 0.190421E+02
 0.619724E+00 -.346489E+01 -.170164E+01 -.168209E+01 0.182815E+02
 0.503084E+00 -.345939E+01 -.169087E+01 -.165458E+01 0.196878E+02
 0.626528E+00 -.346221E+01 -.167216E+01 -.165883E+01 0.177295E+02
 0.621353E+00 -.350067E+01 -.169119E+01 -.161780E+01 0.208263E+02
 0.615656E+00 -.347334E+01 -.160537E+01 -.161364E+01 0.228207E+02
 0.755951E+00 -.346345E+01 -.165514E+01 -.173444E+01 0.199793E+02
 0.602195E+00 -.346393E+01 -.168172E+01 -.163473E+01 0.176743E+02
 0.588054E+00 -.348141E+01 -.167735E+01 -.164523E+01 0.182744E+02
 0.735664E+00 -.346342E+01 -.167458E+01 -.167364E+01 0.189991E+02
 0.595627E+00 -.344746E+01 -.167970E+01 -.166291E+01 0.182831E+02
 0.600002E+00 -.346316E+01 -.167015E+01 -.165629E+01 0.176401E+02
 0.609121E+00 -.346965E+01 -.168069E+01 -.161731E+01 0.180028E+02
 0.599871E+00 -.346185E+01 -.166981E+01 -.161269E+01 0.182288E+02
 0.511892E+00 -.346649E+01 -.167578E+01 -.171341E+01 0.199939E+02
 0.601690E+00 -.347024E+01 -.166657E+01 -.167415E+01 0.177392E+02
 0.599236E+00 -.346714E+01 -.168010E+01 -.164949E+01 0.176538E+02
 0.601720E+00 -.345967E+01 -.167948E+01 -.167678E+01 0.177864E+02
 0.599124E+00 -.348706E+01 -.165437E+01 -.167495E+01 0.188147E+02
 0.483283E+00 -.346345E+01 -.167476E+01 -.166784E+01 0.196331E+02
 0.606230E+00 -.346308E+01 -.167828E+01 -.167258E+01 0.176897E+02
 0.595756E+00 -.347301E+01 -.168915E+01 -.162092E+01 0.179341E+02
 0.501828E+00 -.345245E+01 -.168716E+01 -.167325E+01 0.203857E+02
 0.580943E+00 -.347796E+01 -.167683E+01 -.165507E+01 0.180569E+02
 0.761461E+00 -.347059E+01 -.168858E+01 -.167922E+01 0.191782E+02
 0.595435E+00 -.346277E+01 -.168035E+01 -.165419E+01 0.176430E+02
 0.623620E+00 -.346553E+01 -.163477E+01 -.164864E+01 0.191664E+02
 0.578180E+00 -.345788E+01 -.170223E+01 -.166405E+01 0.185572E+02
 0.652453E+00 -.345966E+01 -.166846E+01 -.165413E+01 0.181093E+02
 0.475360E+00 -.345313E+01 -.167261E+01 -.168113E+01 0.207047E+02
 0.603444E+00 -.346237E+01 -.167651E+01 -.167804E+01 0.177246E+02
 0.712004E+00 -.348085E+01 -.167003E+01 -.169833E+01 0.195634E+02
 0.616961E+00 -.350813E+01 -.166700E+01 -.167095E+01 0.218223E+02
 0.599198E+00 -.346652E+01 -.168788E+01 -.165431E+01 0.177230E+02
 0.573109E+00 -.345425E+01 -.164826E+01 -.167211E+01 0.179866E+02
 0.598678E+00 -.346734E+01 -.167568E+01 -.165390E+01 0.176502E+02
 0.581911E+00 -.347287E+01 -.169690E+01 -.167868E+01 0.186893E+02
 0.600710E+00 -.345881E+01 -.163669E+01 -.164078E+01 0.188962E+02
 0.582971E+00 -.344580E+01 -.155747E+01 -.174192E+01 0.219302E+02
 0.603271E+00 -.346354E+01 -.162073E+01 -.161929E+01 0.206661E+02
 0.633845E+00 -.346903E+01 -.172758E+01 -.165402E+01 0.187215E+02
 0.627973E+00 -.346296E+01 -.167485E+01 -.166915E+01 0.176935E+02
 0.631693E+00 -.346098E+01 -.168086E+01 -.164585E+01 0.177202E+02
 0.622030E+00 -.346376E+01 -.167711E+01 -.168648E+01 0.177777E+02
 0.601572E+00 -.346279E+01 -.167567E+01 -.152893E+01 0.222625E+02
 0.605401E+00 -.346315E+01 -.167986E+01 -.165394E+01 0.176251E+02
 0.601102E+00 -.346733E+01 -.163084E+01 -.167865E+01 0.183137E+02
 0.630887E+00 -.346308E+01 -.182716E+01 -.151489E+01 0.218455E+02
 0.598854E+00 -.346300E+01 -.167879E+01 -.165506E+01 0.176299E+02
 0.552307E+00 -.346679E+01 -.162445E+01 -.176269E+01 0.183382E+02
 0.620230E+00 -.346397E+01 -.167666E+01 -.163929E+01 0.177650E+02
 0.617362E+00 -.346337E+01 -.170293E+01 -.166443E+01 0.180083E+02
 0.639209E+00 -.345680E+01 -.172274E+01 -.167045E+01 0.186794E+02
 0.720317E+00 -.346624E+01 -.164137E+01 -.186111E+01 0.214255E+02
 0.621864E+00 -.346279E+01 -.168036E+01 -.163286E+01 0.177804E+02
 0.657029E+00 -.346388E+01 -.167868E+01 -.165752E+01 0.178775E+02
 0.600287E+00 -.346728E+01 -.166859E+01 -.169144E+01 0.177944E+02
 0.679895E+00 -.344667E+01 -.163995E+01 -.166018E+01 0.204535E+02
 0.666248E+00 -.346393E+01 -.170716E+01 -.164591E+01 0.177463E+02
 0.603466E+00 -.345732E+01 -.162788E+01 -.167382E+01 0.186793E+02
 0.621474E+00 -.346391E+01 -.164822E+01 -.166062E+01 0.182501E+02
 0.654105E+00 -.349735E+01 -.165475E+01 -.166847E+01 0.209616E+02
 0.615551E+00 -.346452E+01 -.164059E+01 -.162624E+01 0.193568E+02
 0.569198E+00 -.346103E+01 -.167437E+01 -.152183E+01 0.223064E+02
 0.534258E+00 -.346558E+01 -.166437E+01 -.164205E+01 0.178294E+02
 0.523738E+00 -.344891E+01 -.170424E+01 -.162179E+01 0.196862E+02
 0.651889E+00 -.346287E+01 -.167770E+01 -.164482E+01 0.179472E+02
 0.846051E+00 -.346155E+01 -.166771E+01 -.172750E+01 0.213138E+02
 0.601198E+00 -.350862E+01 -.166479E+01 -.165250E+01 0.217818E+02
 0.586010E+00 -.346486E+01 -.167959E+01 -.167674E+01 0.178496E+02
 0.620907E+00 -.346358E+01 -.167680E+01 -.179859E+01 0.204906E+02
 0.588802E+00 -.346858E+01 -.167791E+01 -.163633E+01 0.177143E+02
 0.580398E+00 -.346435E+01 -.164683E+01 -.165834E+01 0.178414E+02
 0.592874E+00 -.348252E+01 -.170182E+01 -.164567E+01 0.187702E+02
 0.761817E+00 -.347025E+01 -.162215E+01 -.169686E+01 0.231382E+02
 0.719960E+00 -.346383E+01 -.163788E+01 -.176394E+01 0.200092E+02
 0.609624E+00 -.347104E+01 -.166103E+01 -.166085E+01 0.178819E+02
 0.578804E+00 -.345550E+01 -.168312E+01 -.167116E+01 0.181026E+02
 0.645413E+00 -.346178E+01 -.166264E+01 -.166231E+01 0.180907E+02
 0.599580E+00 -.346324E+01 -.167716E+01 -.165286E+01 0.176246E+02
 0.870258E+00 -.346236E+01 -.166779E+01 -.177882E+01 0.220543E+02
 0.598780E+00 -.346023E+01 -.168995E+01 -.158078E+01 0.185433E+02
 0.628331E+00 -.346414E+01 -.167316E+01 -.165961E+01 0.177286E+02
 0.567946E+00 -.345669E+01 -.168536E+01 -.168696E+01 0.185617E+02
 0.616951E+00 -.346332E+01 -.169370E+01 -.166965E+01 0.178512E+02
 0.554692E+00 -.346453E+01 -.168823E+01 -.164117E+01 0.180223E+02
 0.611988E+00 -.346372E+01 -.168005E+01 -.165122E+01 0.176311E+02
 0.676914E+00 -.344826E+01 -.164887E+01 -.164824E+01 0.200055E+02
 0.717176E+00 -.345138E+01 -.181950E+01 -.153617E+01 0.198221E+02
 0.605142E+00 -.347761E+01 -.167807E+01 -.167210E+01 0.181237E+02
 0.630204E+00 -.346105E+01 -.161303E+01 -.167020E+01 0.201153E+02
 0.602620E+00 -.347358E+01 -.167659E+01 -.165193E+01 0.178413E+02
 0.596772E+00 -.346272E+01 -.167543E+01 -.165426E+01 0.176268E+02
 0.586278E+00 -.346528E+01 -.169715E+01 -.166472E+01 0.181743E+02
 0.607364E+00 -.343772E+01 -.167962E+01 -.161970E+01 0.194280E+02
 0.596054E+00 -.346466E+01 -.167510E+01 -.164492E+01 0.176466E+02
 0.585614E+00 -.347183E+01 -.164646E+01 -.165415E+01 0.180328E+02
 0.585164E+00 -.346223E+01 -.168513E+01 -.165206E+01 0.177362E+02
 0.611231E+00 -.348542E+01 -.169563E+01 -.172524E+01 0.203747E+02
 0.629022E+00 -.347589E+01 -.161376E+01 -.166792E+01 0.203270E+02
 0.605536E+00 -.346239E+01 -.167936E+01 -.164325E+01 0.176483E+02
 0.591784E+00 -.346016E+01 -.167682E+01 -.165003E+01 0.176651E+02
 0.741690E+00 -.346319E+01 -.167698E+01 -.166063E+01 0.191593E+02
 0.580422E+00 -.344900E+01 -.167551E+01 -.168256E+01 0.184291E+02
 0.600067E+00 -.346311E+01 -.167416E+01 -.165332E+01 0.176293E+02
 0.602746E+00 -.346335E+01 -.168072E+01 -.163748E+01 0.176636E+02
 0.619863E+00 -.344779E+01 -.171060E+01 -.172681E+01 0.204723E+02
 0.624619E+00 -.346171E+01 -.169505E+01 -.165370E+01 0.176893E+02
 0.470600E+00 -.345835E+01 -.167699E+01 -.164255E+01 0.198685E+02
 0.587467E+00 -.346208E+01 -.166157E+01 -.165878E+01 0.176740E+02
 0.602495E+00 -.346597E+01 -.168144E+01 -.164713E+01 0.176419E+02
 0.600082E+00 -.346399E+01 -.167680E+01 -.160527E+01 0.181997E+02
 0.552244E+00 -.344900E+01 -.169795E+01 -.167272E+01 0.195919E+02
 0.602945E+00 -.346307E+01 -.167731E+01 -.166243E+01 0.176365E+02
 0.561195E+00 -.346208E+01 -.160320E+01 -.169529E+01 0.185046E+02
 0.598704E+00 -.346303E+01 -.167526E+01 -.165210E+01 0.176277E+02
 0.591153E+00 -.347144E+01 -.167933E+01 -.162927E+01 0.178342E+02
 0.545251E+00 -.346423E+01 -.167344E+01 -.157708E+01 0.188177E+02
 0.601783E+00 -.346317E+01 -.169216E+01 -.165410E+01 0.177503E+02
 0.548531E+00 -.345135E+01 -.158216E+01 -.166262E+01 0.206657E+02
 0.612881E+00 -.347192E+01 -.169130E+01 -.165748E+01 0.178946E+02
 0.709161E+00 -.345508E+01 -.166889E+01 -.157950E+01 0.219930E+02
 0.563987E+00 -.346771E+01 -.168565E+01 -.164112E+01 0.178696E+02
 0.608044E+00 -.346381E+01 -.168440E+01 -.164228E+01 0.176367E+02
 0.692661E+00 -.348222E+01 -.168398E+01 -.173387E+01 0.197238E+02
 0.655027E+00 -.342461E+01 -.166464E+01 -.162933E+01 0.220959E+02
 0.586190E+00 -.346843E+01 -.168452E+01 -.165145E+01 0.177524E+02
 0.602945E+00 -.346946E+01 -.167240E+01 -.167842E+01 0.177618E+02
 0.597581E+00 -.345906E+01 -.167718E+01 -.165265E+01 0.176763E+02
 0.587963E+00 -.346136E+01 -.169672E+01 -.168878E+01 0.186413E+02
 0.579258E+00 -.346514E+01 -.170054E+01 -.164315E+01 0.180619E+02
 0.586508E+00 -.346105E+01 -.162817E+01 -.166574E+01 0.184177E+02
 0.613488E+00 -.345828E+01 -.162979E+01 -.165193E+01 0.192221E+02
 0.594848E+00 -.346310E+01 -.167421E+01 -.164171E+01 0.176688E+02
 0.597402E+00 -.345334E+01 -.167992E+01 -.164777E+01 0.178779E+02
 0.614608E+00 -.346400E+01 -.169999E+01 -.166187E+01 0.179168E+02
 0.598969E+00 -.346351E+01 -.168605E+01 -.159951E+01 0.181058E+02
 0.601342E+00 -.346328E+01 -.167925E+01 -.165468E+01 0.176267E+02
 0.607949E+00 -.346942E+01 -.171444E+01 -.170110E+01 0.197644E+02
 0.423526E+00 -.346189E+01 -.151946E+01 -.164038E+01 0.211385E+02
 0.581711E+00 -.346330E+01 -.167707E+01 -.165101E+01 0.176586E+02
 0.599123E+00 -.346847E+01 -.154587E+01 -.172341E+01 0.227338E+02
 0.620882E+00 -.346302E+01 -.168124E+01 -.161785E+01 0.179781E+02
 0.588481E+00 -.346325E+01 -.169981E+01 -.166658E+01 0.182687E+02
 0.591456E+00 -.346034E+01 -.173397E+01 -.165730E+01 0.199049E+02
 0.592887E+00 -.347607E+01 -.167785E+01 -.162029E+01 0.181499E+02
 0.665881E+00 -.346309E+01 -.167790E+01 -.164923E+01 0.180499E+02
 0.601550E+00 -.345841E+01 -.168895E+01 -.163056E+01 0.177315E+02
 0.565419E+00 -.346308E+01 -.175635E+01 -.164687E+01 0.224324E+02
 0.595958E+00 -.346111E+01 -.159812E+01 -.168289E+01 0.197937E+02
 0.553324E+00 -.346758E+01 -.167659E+01 -.165327E+01 0.178674E+02
 0.651704E+00 -.346722E+01 -.172834E+01 -.151920E+01 0.204301E+02
 0.669235E+00 -.346303E+01 -.176552E+01 -.166959E+01 0.212142E+02
 0.606619E+00 -.346455E+01 -.164094E+01 -.165681E+01 0.183553E+02
 0.647715E+00 -.346607E+01 -.162458E+01 -.164950E+01 0.204467E+02
 0.651058E+00 -.346309E+01 -.166921E+01 -.164536E+01 0.181774E+02
 0.602925E+00 -.350507E+01 -.167788E+01 -.164875E+01 0.211841E+02
 0.618259E+00 -.346356E+01 -.166075E+01 -.162714E+01 0.183955E+02
 0.607906E+00 -.346221E+01 -.168104E+01 -.152047E+01 0.227095E+02
 0.587925E+00 -.346750E+01 -.166711E+01 -.165897E+01 0.176445E+02
 0.591025E+00 -.346180E+01 -.165531E+01 -.165780E+01 0.177825E+02
 0.599184E+00 -.346521E+01 -.167996E+01 -.165108E+01 0.176326E+02
 0.720846E+00 -.346302E+01 -.162281E+01 -.170236E+01 0.213626E+02
 0.615690E+00 -.345819E+01 -.165413E+01 -.165034E+01 0.182035E+02
 0.582840E+00 -.343605E+01 -.164140E+01 -.165469E+01 0.201149E+02
 0.578629E+00 -.346699E+01 -.166520E+01 -.167451E+01 0.176718E+02
 0.598820E+00 -.346274E+01 -.167358E+01 -.165684E+01 0.176270E+02
 0.437507E+00 -.346268E+01 -.150622E+01 -.164193E+01 0.223005E+02
 0.599973E+00 -.346862E+01 -.168430E+01 -.168931E+01 0.180955E+02
 0.589570E+00 -.346353E+01 -.167557E+01 -.165295E+01 0.176307E+02
 0.549131E+00 -.347648E+01 -.164403E+01 -.166958E+01 0.178560E+02
 0.595927E+00 -.346363E+01 -.169313E+01 -.164157E+01 0.177243E+02
 0.533597E+00 -.346062E+01 -.164144E+01 -.169770E+01 0.179243E+02
 0.596119E+00 -.346303E+01 -.168780E+01 -.165227E+01 0.177042E+02
 0.953132E+00 -.344394E+01 -.177528E+01 -.159353E+01 0.191318E+02
 0.726678E+00 -.349094E+01 -.167573E+01 -.172618E+01 0.209660E+02
 0.635151E+00 -.346595E+01 -.162140E+01 -.166428E+01 0.198335E+02
 0.496932E+00 -.346288E+01 -.166766E+01 -.164166E+01 0.185019E+02
 0.477197E+00 -.345396E+01 -.157871E+01 -.166578E+01 0.192473E+02
 0.599551E+00 -.346059E+01 -.167755E+01 -.165379E+01 0.176467E+02
 0.599432E+00 -.346335E+01 -.167534E+01 -.165288E+01 0.176258E+02
 0.581218E+00 -.346503E+01 -.170900E+01 -.165747E+01 0.186064E+02
 0.619240E+00 -.348125E+01 -.168515E+01 -.168138E+01 0.185783E+02
 0.579349E+00 -.346428E+01 -.165690E+01 -.161917E+01 0.182537E+02
 0.573005E+00 -.347920E+01 -.164202E+01 -.165334E+01 0.183144E+02
 0.589498E+00 -.346277E+01 -.169250E+01 -.164672E+01 0.177885E+02
 0.600999E+00 -.345642E+01 -.167401E+01 -.171785E+01 0.183876E+02
 0.639167E+00 -.347378E+01 -.177471E+01 -.167577E+01 0.238673E+02
 0.601563E+00 -.346204E+01 -.168318E+01 -.165852E+01 0.176658E+02
 0.599073E+00 -.344394E+01 -.167653E+01 -.165458E+01 0.185347E+02
 0.569854E+00 -.346253E+01 -.167699E+01 -.164253E+01 0.177155E+02
 0.616479E+00 -.345977E+01 -.167305E+01 -.168200E+01 0.177400E+02
 0.600005E+00 -.346310E+01 -.168213E+01 -.165307E+01 0.176384E+02
 0.596534E+00 -.345999E+01 -.168086E+01 -.166414E+01 0.177186E+02
 0.619312E+00 -.346289E+01 -.169803E+01 -.167213E+01 0.179726E+02
 0.722387E+00 -.345616E+01 -.167645E+01 -.162751E+01 0.195099E+02
 0.593081E+00 -.345653E+01 -.167113E+01 -.164130E+01 0.178281E+02
 0.601177E+00 -.346416E+01 -.168176E+01 -.165033E+01 0.176308E+02
 0.601105E+00 -.346601E+01 -.167546E+01 -.160515E+01 0.182584E+02
 0.560250E+00 -.343344E+01 -.169610E+01 -.166301E+01 0.208186E+02
 0.599138E+00 -.346363E+01 -.159815E+01 -.164868E+01 0.209621E+02
 0.622891E+00 -.346485E+01 -.157873E+01 -.166954E+01 0.226606E+02
 0.596863E+00 -.346329E+01 -.167514E+01 -.164445E+01 0.176500E+02
 0.592875E+00 -.345966E+01 -.172386E+01 -.160018E+01 0.182267E+02
 0.594889E+00 -.345324E+01 -.167558E+01 -.166908E+01 0.179313E+02
 0.567399E+00 -.343740E+01 -.169655E+01 -.155250E+01 0.209920E+02
 0.552169E+00 -.345477E+01 -.167089E+01 -.161346E+01 0.182695E+02
 0.574249E+00 -.347128E+01 -.165087E+01 -.154334E+01 0.224055E+02
 0.666035E+00 -.346336E+01 -.166291E+01 -.166856E+01 0.183098E+02
 0.602767E+00 -.346314E+01 -.166789E+01 -.165354E+01 0.176804E+02
 0.518236E+00 -.344548E+01 -.160898E+01 -.164258E+01 0.199195E+02
 0.634747E+00 -.346600E+01 -.167317E+01 -.167059E+01 0.177673E+02
 0.617653E+00 -.345750E+01 -.167964E+01 -.163987E+01 0.177702E+02
 0.624622E+00 -.351222E+01 -.166925E+01 -.168532E+01 0.227083E+02
 0.673290E+00 -.347099E+01 -.168510E+01 -.162989E+01 0.184168E+02
 0.609028E+00 -.346292E+01 -.168115E+01 -.164010E+01 0.176580E+02
 0.628907E+00 -.343005E+01 -.167224E+01 -.161635E+01 0.209056E+02
 0.572376E+00 -.346072E+01 -.166404E+01 -.164921E+01 0.177067E+02
 0.611908E+00 -.347663E+01 -.168427E+01 -.164866E+01 0.180312E+02
 0.599468E+00 -.345684E+01 -.167824E+01 -.165185E+01 0.177326E+02
 0.599507E+00 -.345331E+01 -.166964E+01 -.166764E+01 0.178943E+02
 0.599551E+00 -.347004E+01 -.170484E+01 -.165454E+01 0.182141E+02
 0.603817E+00 -.349612E+01 -.160370E+01 -.167455E+01 0.217007E+02
 0.597672E+00 -.346631E+01 -.167038E+01 -.179511E+01 0.203572E+02
 0.577696E+00 -.346304E+01 -.168621E+01 -.163137E+01 0.177426E+02
 0.573242E+00 -.345754E+01 -.167549E+01 -.165323E+01 0.178086E+02
 0.594642E+00 -.346324E+01 -.168535E+01 -.165384E+01 0.176887E+02
 0.599444E+00 -.346344E+01 -.168159E+01 -.170092E+01 0.181707E+02
 0.602950E+00 -.346334E+01 -.167704E+01 -.165332E+01 0.176248E+02
 0.607433E+00 -.346329E+01 -.167589E+01 -.165308E+01 0.176339E+02
 0.609825E+00 -.346484E+01 -.168626E+01 -.162583E+01 0.177326E+02
 0.593135E+00 -.346104E+01 -.168182E+01 -.165016E+01 0.176654E+02
 0.588516E+00 -.346286E+01 -.165480E+01 -.164099E+01 0.179656E+02
 0.859507E+00 -.346464E+01 -.166018E+01 -.165412E+01 0.237271E+02
 0.597377E+00 -.346961E+01 -.165542E+01 -.163477E+01 0.181932E+02
 0.634046E+00 -.346978E+01 -.173711E+01 -.154267E+01 0.190008E+02
 0.591198E+00 -.347783E+01 -.167655E+01 -.164138E+01 0.180555E+02
 0.642378E+00 -.346235E+01 -.167935E+01 -.166039E+01 0.177341E+02
 0.602246E+00 -.345246E+01 -.170049E+01 -.160589E+01 0.180959E+02
 0.603105E+00 -.345148E+01 -.167037E+01 -.167915E+01 0.180265E+02
 0.536964E+00 -.346286E+01 -.172638E+01 -.165132E+01 0.208342E+02
 0.590526E+00 -.347046E+01 -.169818E+01 -.168259E+01 0.186254E+02
 0.588819E+00 -.347350E+01 -.156556E+01 -.167881E+01 0.220976E+02
 0.501419E+00 -.349917E+01 -.154196E+01 -.171405E+01 0.209564E+02
 0.511761E+00 -.346775E+01 -.169365E+01 -.165668E+01 0.194773E+02
 0.595158E+00 -.345908E+01 -.170334E+01 -.167934E+01 0.186259E+02
 0.576982E+00 -.348609E+01 -.153232E+01 -.181588E+01 0.220612E+02
 0.548987E+00 -.346460E+01 -.167089E+01 -.167136E+01 0.179575E+02
 0.563981E+00 -.346277E+01 -.167414E+01 -.165373E+01 0.177440E+02
 0.502014E+00 -.346355E+01 -.161568E+01 -.156838E+01 0.213181E+02
 0.605342E+00 -.346179E+01 -.167001E+01 -.167179E+01 0.176585E+02
 0.595241E+00 -.346363E+01 -.166187E+01 -.167739E+01 0.176593E+02
 0.610445E+00 -.346077E+01 -.169845E+01 -.164804E+01 0.177654E+02
 0.604403E+00 -.345068E+01 -.166256E+01 -.165664E+01 0.181515E+02
 0.538303E+00 -.346460E+01 -.165557E+01 -.164843E+01 0.177493E+02
 0.599264E+00 -.345274E+01 -.167746E+01 -.164573E+01 0.179148E+02
 0.610066E+00 -.348769E+01 -.166086E+01 -.164805E+01 0.191034E+02
 0.541045E+00 -.346154E+01 -.167043E+01 -.166233E+01 0.180007E+02
 0.599736E+00 -.346323E+01 -.167408E+01 -.165478E+01 0.176265E+02
 0.610515E+00 -.346944E+01 -.167382E+01 -.171574E+01 0.182504E+02
 0.559481E+00 -.346267E+01 -.167838E+01 -.164770E+01 0.178176E+02
 0.578453E+00 -.348385E+01 -.162231E+01 -.164901E+01 0.194703E+02
 0.593734E+00 -.346203E+01 -.168861E+01 -.164469E+01 0.176973E+02
 0.558340E+00 -.345758E+01 -.161896E+01 -.167840E+01 0.183026E+02
 0.606598E+00 -.346338E+01 -.168923E+01 -.165286E+01 0.176774E+02
 0.108206E+01 -.345381E+01 -.179595E+01 -.161509E+01 0.199575E+02
 0.588274E+00 -.345714E+01 -.167368E+01 -.154868E+01 0.207880E+02
 0.615430E+00 -.346416E+01 -.177317E+01 -.164074E+01 0.221168E+02
 0.598686E+00 -.345878E+01 -.167706E+01 -.165597E+01 0.176818E+02
 0.601693E+00 -.346373E+01 -.167580E+01 -.165178E+01 0.176280E+02
 0.589061E+00 -.346297E+01 -.168405E+01 -.166646E+01 0.178024E+02
 0.597999E+00 -.348090E+01 -.169511E+01 -.168355E+01 0.189896E+02
 0.597379E+00 -.346301E+01 -.167187E+01 -.166700E+01 0.176371E+02
 0.537060E+00 -.347164E+01 -.168844E+01 -.165230E+01 0.185302E+02
 0.625070E+00 -.346947E+01 -.165257E+01 -.162646E+01 0.189629E+02
 0.602770E+00 -.346120E+01 -.168627E+01 -.165002E+01 0.176607E+02
 0.606651E+00 -.346632E+01 -.165709E+01 -.170481E+01 0.178391E+02
 0.603183E+00 -.346008E+01 -.173877E+01 -.164369E+01 0.195028E+02
 0.610474E+00 -.346492E+01 -.167908E+01 -.164562E+01 0.176535E+02
 0.599309E+00 -.346791E+01 -.167727E+01 -.165441E+01 0.176618E+02
 0.538649E+00 -.346258E+01 -.167526E+01 -.165067E+01 0.180248E+02
 0.626910E+00 -.347331E+01 -.167857E+01 -.165323E+01 0.179297E+02
 0.599960E+00 -.346293E+01 -.168428E+01 -.165601E+01 0.176658E+02
 0.602796E+00 -.346035E+01 -.168321E+01 -.166039E+01 0.176882E+02
 0.606033E+00 -.346367E+01 -.167421E+01 -.165096E+01 0.176463E+02
 0.846099E+00 -.346733E+01 -.167570E+01 -.172445E+01 0.211046E+02
 0.605161E+00 -.346064E+01 -.168089E+01 -.163394E+01 0.177094E+02
 0.601400E+00 -.346039E+01 -.167883E+01 -.165635E+01 0.176515E+02
 0.603487E+00 -.346199E+01 -.167706E+01 -.164407E+01 0.176579E+02
 0.590904E+00 -.347101E+01 -.162829E+01 -.165154E+01 0.187881E+02
 0.596942E+00 -.346290E+01 -.164856E+01 -.166194E+01 0.179207E+02
 0.593012E+00 -.346957E+01 -.162662E+01 -.164069E+01 0.191915E+02
 0.708952E+00 -.344944E+01 -.175431E+01 -.152714E+01 0.194114E+02
 0.609576E+00 -.346332E+01 -.167859E+01 -.164565E+01 0.176483E+02
 0.599114E+00 -.343932E+01 -.167859E+01 -.167901E+01 0.191489E+02
 0.567482E+00 -.345356E+01 -.168004E+01 -.170370E+01 0.188680E+02
 0.602946E+00 -.346288E+01 -.166300E+01 -.165332E+01 0.177519E+02
 0.606840E+00 -.346474E+01 -.172307E+01 -.164239E+01 0.185167E+02
 0.599501E+00 -.345926E+01 -.166431E+01 -.167011E+01 0.177055E+02
 0.545821E+00 -.345973E+01 -.168787E+01 -.168860E+01 0.191018E+02
 0.662855E+00 -.349767E+01 -.165502E+01 -.166766E+01 0.212009E+02
 0.697026E+00 -.346633E+01 -.166659E+01 -.168118E+01 0.186247E+02
 0.609586E+00 -.346260E+01 -.167500E+01 -.164848E+01 0.176639E+02
 0.586150E+00 -.346333E+01 -.168177E+01 -.164331E+01 0.176641E+02
 0.577455E+00 -.346239E+01 -.165853E+01 -.165025E+01 0.177251E+02
 0.588376E+00 -.345853E+01 -.167117E+01 -.163516E+01 0.178124E+02
 0.601053E+00 -.346048E+01 -.167854E+01 -.165225E+01 0.176473E+02
 0.588640E+00 -.346091E+01 -.167610E+01 -.161524E+01 0.179620E+02
 0.612533E+00 -.346737E+01 -.168606E+01 -.164758E+01 0.176742E+02
 0.619047E+00 -.347050E+01 -.171293E+01 -.180308E+01 0.238907E+02
 0.610749E+00 -.346182E+01 -.169737E+01 -.159785E+01 0.179892E+02
 0.787443E+00 -.342237E+01 -.173127E+01 -.165328E+01 0.207906E+02
 0.567713E+00 -.346296E+01 -.169148E+01 -.162856E+01 0.178831E+02
 0.635475E+00 -.346756E+01 -.167968E+01 -.165531E+01 0.177673E+02
 0.583447E+00 -.346265E+01 -.167159E+01 -.164734E+01 0.176501E+02
 0.600087E+00 -.346245E+01 -.167566E+01 -.170791E+01 0.181340E+02
 0.602496E+00 -.346332E+01 -.167541E+01 -.165189E+01 0.176304E+02
 0.604653E+00 -.346050E+01 -.160177E+01 -.162308E+01 0.221470E+02
 0.694943E+00 -.342608E+01 -.172233E+01 -.165380E+01 0.203787E+02
 0.615773E+00 -.346308E+01 -.167630E+01 -.165471E+01 0.176507E+02
 0.568492E+00 -.346456E+01 -.172555E+01 -.163305E+01 0.192109E+02
 0.573239E+00 -.345950E+01 -.167781E+01 -.167772E+01 0.179959E+02
 0.632373E+00 -.346271E+01 -.168283E+01 -.164633E+01 0.176940E+02
 0.664020E+00 -.346303E+01 -.164238E+01 -.164160E+01 0.198905E+02
 0.621957E+00 -.345771E+01 -.167688E+01 -.165306E+01 0.177350E+02
 0.523110E+00 -.346258E+01 -.168005E+01 -.166736E+01 0.187206E+02
 0.599264E+00 -.346327E+01 -.168363E+01 -.164353E+01 0.176387E+02
 0.601052E+00 -.344987E+01 -.158680E+01 -.163161E+01 0.235125E+02
 0.664464E+00 -.346373E+01 -.165727E+01 -.165524E+01 0.187017E+02
 0.597078E+00 -.346352E+01 -.172264E+01 -.164238E+01 0.186480E+02
 0.597335E+00 -.346698E+01 -.169098E+01 -.165836E+01 0.178257E+02
 0.563717E+00 -.346460E+01 -.160774E+01 -.172357E+01 0.181599E+02
 0.590212E+00 -.346029E+01 -.173741E+01 -.164694E+01 0.198418E+02
 0.478131E+00 -.346472E+01 -.170068E+01 -.166063E+01 0.214963E+02
 0.539253E+00 -.346257E+01 -.170396E+01 -.165921E+01 0.193670E+02
 0.712205E+00 -.346289E+01 -.167407E+01 -.174373E+01 0.189142E+02
 0.589347E+00 -.346137E+01 -.168248E+01 -.170073E+01 0.183138E+02
 0.595147E+00 -.346233E+01 -.167505E+01 -.168784E+01 0.178430E+02
 0.618861E+00 -.346727E+01 -.166801E+01 -.164640E+01 0.178745E+02
 0.602471E+00 -.346903E+01 -.165674E+01 -.165536E+01 0.178916E+02
 0.631791E+00 -.344256E+01 -.169092E+01 -.159333E+01 0.192581E+02
 0.434580E+00 -.346494E+01 -.170491E+01 -.161076E+01 0.224505E+02
 0.607188E+00 -.345973E+01 -.169937E+01 -.164766E+01 0.178130E+02
 0.589780E+00 -.349810E+01 -.169465E+01 -.167036E+01 0.206542E+02
 0.518407E+00 -.346053E+01 -.166813E+01 -.164743E+01 0.182067E+02
 0.600043E+00 -.346364E+01 -.167970E+01 -.165161E+01 0.176262E+02
 0.874435E+00 -.346382E+01 -.175439E+01 -.167218E+01 0.195542E+02
 0.602589E+00 -.345811E+01 -.169827E+01 -.170610E+01 0.189777E+02
 0.565349E+00 -.346294E+01 -.167875E+01 -.165481E+01 0.178055E+02
 0.627644E+00 -.347969E+01 -.169653E+01 -.165335E+01 0.183796E+02
 0.609386E+00 -.346219E+01 -.167023E+01 -.166470E+01 0.176551E+02
 0.598189E+00 -.346394E+01 -.164320E+01 -.168060E+01 0.178948E+02
 0.616847E+00 -.346367E+01 -.167883E+01 -.165144E+01 0.176477E+02
 0.451880E+00 -.345218E+01 -.167906E+01 -.165307E+01 0.215073E+02
 0.605337E+00 -.347649E+01 -.168664E+01 -.181877E+01 0.226888E+02
 0.726351E+00 -.346998E+01 -.178224E+01 -.163527E+01 0.205382E+02
 0.599626E+00 -.346167E+01 -.167594E+01 -.165761E+01 0.176345E+02
 0.598718E+00 -.346349E+01 -.167653E+01 -.165167E+01 0.176252E+02
 0.588043E+00 -.346068E+01 -.164131E+01 -.165705E+01 0.181290E+02
 0.586113E+00 -.344676E+01 -.167846E+01 -.162830E+01 0.184461E+02
 0.200000E+00 -.348835E+01 -.137825E+01 -.166242E+01 0.202583E+02
 0.612592E+00 -.346225E+01 -.168562E+01 -.169927E+01 0.181488E+02
 0.596239E+00 -.346058E+01 -.167061E+01 -.165243E+01 0.176683E+02
 0.642496E+00 -.346018E+01 -.167406E+01 -.165548E+01 0.178469E+02
 0.607456E+00 -.347135E+01 -.166199E+01 -.163449E+01 0.181736E+02
 0.572053E+00 -.345331E+01 -.165869E+01 -.164389E+01 0.180901E+02
 0.620839E+00 -.346356E+01 -.168287E+01 -.163808E+01 0.176946E+02
 0.599518E+00 -.348502E+01 -.167770E+01 -.165373E+01 0.185942E+02
 0.674921E+00 -.346356E+01 -.167457E+01 -.166756E+01 0.181003E+02
 0.631089E+00 -.346645E+01 -.168120E+01 -.163693E+01 0.178153E+02
 0.599823E+00 -.346288E+01 -.167953E+01 -.165594E+01 0.176327E+02
 0.606524E+00 -.346976E+01 -.168859E+01 -.164019E+01 0.177419E+02
 0.612359E+00 -.345961E+01 -.168812E+01 -.162218E+01 0.177770E+02
 0.588849E+00 -.346423E+01 -.165763E+01 -.163646E+01 0.179625E+02
 0.586865E+00 -.347085E+01 -.168138E+01 -.165530E+01 0.177854E+02
 0.601066E+00 -.346253E+01 -.167696E+01 -.165340E+01 0.176270E+02
 0.602117E+00 -.345912E+01 -.167845E+01 -.167536E+01 0.177686E+02
 0.627564E+00 -.348882E+01 -.160284E+01 -.165235E+01 0.225708E+02
 0.599248E+00 -.346268E+01 -.172602E+01 -.166427E+01 0.193779E+02
 0.535179E+00 -.347110E+01 -.172079E+01 -.162726E+01 0.197861E+02
 0.612785E+00 -.346285E+01 -.167983E+01 -.167235E+01 0.176897E+02
 0.601932E+00 -.346010E+01 -.168171E+01 -.165480E+01 0.176618E+02
 0.649169E+00 -.343818E+01 -.164589E+01 -.166568E+01 0.201713E+02
 0.644164E+00 -.351238E+01 -.167224E+01 -.173722E+01 0.236464E+02
 0.619836E+00 -.346835E+01 -.167899E+01 -.161431E+01 0.181599E+02
 0.475234E+00 -.347028E+01 -.165991E+01 -.165298E+01 0.187806E+02
 0.600250E+00 -.346295E+01 -.167729E+01 -.165403E+01 0.176251E+02
 0.575028E+00 -.347674E+01 -.172675E+01 -.164688E+01 0.199029E+02
 0.572003E+00 -.345985E+01 -.165762E+01 -.166613E+01 0.177088E+02
 0.527992E+00 -.346112E+01 -.168133E+01 -.169779E+01 0.194357E+02
 0.589460E+00 -.346083E+01 -.166145E+01 -.169376E+01 0.177788E+02
 0.584015E+00 -.345941E+01 -.166990E+01 -.170790E+01 0.181649E+02
 0.596705E+00 -.346179E+01 -.167676E+01 -.165872E+01 0.176406E+02
 0.592264E+00 -.347472E+01 -.166837E+01 -.162528E+01 0.181544E+02
 0.561433E+00 -.348932E+01 -.168769E+01 -.166780E+01 0.195161E+02
 0.587738E+00 -.346437E+01 -.168105E+01 -.165334E+01 0.176702E+02
 0.603073E+00 -.347098E+01 -.173586E+01 -.165325E+01 0.198118E+02
 0.579272E+00 -.345480E+01 -.165805E+01 -.164950E+01 0.179799E+02
 0.599769E+00 -.346674E+01 -.167202E+01 -.165260E+01 0.176557E+02
 0.576216E+00 -.347019E+01 -.168695E+01 -.163811E+01 0.178314E+02
 0.577236E+00 -.345781E+01 -.163768E+01 -.163909E+01 0.185639E+02
 0.624017E+00 -.346643E+01 -.169440E+01 -.171999E+01 0.188894E+02
 0.605715E+00 -.347712E+01 -.170886E+01 -.165252E+01 0.186034E+02
 0.602907E+00 -.346320E+01 -.166818E+01 -.166869E+01 0.176444E+02
 0.648500E+00 -.345938E+01 -.168173E+01 -.165198E+01 0.177866E+02
 0.576140E+00 -.346279E+01 -.166686E+01 -.164820E+01 0.176660E+02
 0.601413E+00 -.346177E+01 -.167944E+01 -.164676E+01 0.176377E+02
 0.599172E+00 -.346326E+01 -.167815E+01 -.165405E+01 0.176260E+02
 0.602456E+00 -.346612E+01 -.161988E+01 -.163082E+01 0.201783E+02
 0.378600E+00 -.350476E+01 -.149400E+01 -.164769E+01 0.213377E+02
 0.610244E+00 -.346312E+01 -.167787E+01 -.165291E+01 0.176318E+02
 0.542789E+00 -.346383E+01 -.167212E+01 -.169281E+01 0.184519E+02
 0.600133E+00 -.346082E+01 -.167910E+01 -.165686E+01 0.176497E+02
 0.616382E+00 -.346303E+01 -.169660E+01 -.166724E+01 0.178872E+02
 0.582763E+00 -.347305E+01 -.168786E+01 -.164620E+01 0.179310E+02
 0.604817E+00 -.345766E+01 -.173699E+01 -.166242E+01 0.199890E+02
 0.681402E+00 -.346593E+01 -.168640E+01 -.161909E+01 0.185372E+02
 0.617686E+00 -.344266E+01 -.167716E+01 -.166211E+01 0.186000E+02
 0.538872E+00 -.346291E+01 -.167812E+01 -.166117E+01 0.182072E+02
 0.597262E+00 -.347171E+01 -.166440E+01 -.168528E+01 0.178178E+02
 0.643877E+00 -.346418E+01 -.163791E+01 -.164400E+01 0.195968E+02
 0.596083E+00 -.345830E+01 -.166880E+01 -.163467E+01 0.178851E+02
 0.658880E+00 -.346611E+01 -.165406E+01 -.165323E+01 0.188125E+02
 0.608818E+00 -.346455E+01 -.170174E+01 -.162629E+01 0.177351E+02
 0.529540E+00 -.346489E+01 -.165877E+01 -.164865E+01 0.178200E+02
 0.635969E+00 -.346328E+01 -.170143E+01 -.164236E+01 0.176797E+02
 0.719055E+00 -.346337E+01 -.171784E+01 -.176157E+01 0.206107E+02
 0.609713E+00 -.346389E+01 -.166876E+01 -.165809E+01 0.176793E+02
 0.588087E+00 -.346454E+01 -.167640E+01 -.172539E+01 0.186578E+02
 0.589416E+00 -.346455E+01 -.168130E+01 -.167218E+01 0.178058E+02
 0.597980E+00 -.346666E+01 -.164672E+01 -.165267E+01 0.181056E+02
 0.597318E+00 -.347453E+01 -.169303E+01 -.165131E+01 0.180506E+02
 0.568255E+00 -.346471E+01 -.166969E+01 -.168868E+01 0.179366E+02
 0.635856E+00 -.344011E+01 -.167808E+01 -.155379E+01 0.221497E+02
 0.620053E+00 -.346973E+01 -.168381E+01 -.165825E+01 0.177510E+02
 0.573561E+00 -.342859E+01 -.168897E+01 -.167337E+01 0.212341E+02
 0.672704E+00 -.346214E+01 -.167227E+01 -.163793E+01 0.185126E+02
 0.594636E+00 -.343859E+01 -.167300E+01 -.165536E+01 0.191352E+02
 0.599806E+00 -.346312E+01 -.168023E+01 -.165199E+01 0.176288E+02
 0.600591E+00 -.345378E+01 -.171117E+01 -.161564E+01 0.180688E+02
 0.639174E+00 -.346351E+01 -.167229E+01 -.165894E+01 0.178236E+02
 0.556162E+00 -.345990E+01 -.173035E+01 -.167244E+01 0.213429E+02
 0.612637E+00 -.346296E+01 -.165890E+01 -.167735E+01 0.177573E+02
 0.609325E+00 -.346314E+01 -.167062E+01 -.164994E+01 0.177001E+02
 0.607631E+00 -.346373E+01 -.167179E+01 -.165013E+01 0.176768E+02
 0.589821E+00 -.344902E+01 -.176244E+01 -.164979E+01 0.225802E+02
 0.581525E+00 -.345407E+01 -.167054E+01 -.164329E+01 0.179268E+02
 0.664250E+00 -.344971E+01 -.178331E+01 -.156932E+01 0.193117E+02
 0.610000E+00 -.348457E+01 -.168462E+01 -.158834E+01 0.194895E+02
 0.852893E+00 -.344856E+01 -.171742E+01 -.164326E+01 0.194122E+02
 0.605098E+00 -.346754E+01 -.167607E+01 -.165477E+01 0.176614E+02
 0.596902E+00 -.346308E+01 -.167781E+01 -.165219E+01 0.176272E+02
 0.583023E+00 -.346073E+01 -.164113E+01 -.165065E+01 0.181801E+02
 0.631059E+00 -.345340E+01 -.166956E+01 -.161945E+01 0.186287E+02
 0.598162E+00 -.346269E+01 -.167689E+01 -.170527E+01 0.181315E+02
 0.646841E+00 -.345578E+01 -.166427E+01 -.165258E+01 0.182754E+02
 0.626039E+00 -.343750E+01 -.167333E+01 -.162775E+01 0.195472E+02
 0.607508E+00 -.345957E+01 -.169102E+01 -.165613E+01 0.177412E+02
 0.598991E+00 -.345885E+01 -.167548E+01 -.161739E+01 0.180219E+02
 0.565900E+00 -.347151E+01 -.161735E+01 -.166146E+01 0.185606E+02
 0.592992E+00 -.346250E+01 -.168424E+01 -.164969E+01 0.176702E+02
 0.599486E+00 -.345481E+01 -.167759E+01 -.165288E+01 0.178057E+02
 0.671242E+00 -.346316E+01 -.167576E+01 -.167537E+01 0.179990E+02
 0.588094E+00 -.345478E+01 -.167919E+01 -.167907E+01 0.180486E+02
 0.599596E+00 -.346331E+01 -.167352E+01 -.165111E+01 0.176362E+02
 0.602396E+00 -.346835E+01 -.168085E+01 -.162996E+01 0.177682E+02
 0.598675E+00 -.346422E+01 -.167879E+01 -.164173E+01 0.176465E+02
 0.572982E+00 -.347503E+01 -.167188E+01 -.167221E+01 0.179713E+02
 0.600332E+00 -.346513E+01 -.167578E+01 -.165086E+01 0.176324E+02
 0.598915E+00 -.346475E+01 -.167707E+01 -.166224E+01 0.176412E+02
 0.569613E+00 -.345201E+01 -.170190E+01 -.167392E+01 0.191896E+02
 0.605184E+00 -.346360E+01 -.167832E+01 -.165729E+01 0.176259E+02
 0.527534E+00 -.346702E+01 -.165014E+01 -.163194E+01 0.179046E+02
 0.647852E+00 -.345726E+01 -.164580E+01 -.156916E+01 0.230704E+02
 0.603724E+00 -.346262E+01 -.167666E+01 -.167059E+01 0.176702E+02
 0.602834E+00 -.348072E+01 -.168184E+01 -.163414E+01 0.183143E+02
 0.560572E+00 -.349887E+01 -.164136E+01 -.165070E+01 0.200615E+02
 0.629861E+00 -.344217E+01 -.166693E+01 -.167616E+01 0.187609E+02
 0.649680E+00 -.347677E+01 -.167612E+01 -.158426E+01 0.201311E+02
 0.676759E+00 -.341875E+01 -.165951E+01 -.170273E+01 0.227116E+02
 0.889888E+00 -.348682E+01 -.169849E+01 -.166065E+01 0.230929E+02
 0.597731E+00 -.346311E+01 -.168827E+01 -.165310E+01 0.177067E+02
 0.530997E+00 -.344752E+01 -.159669E+01 -.165339E+01 0.200993E+02
 0.584542E+00 -.346228E+01 -.167233E+01 -.165413E+01 0.176407E+02
 0.609926E+00 -.346054E+01 -.167073E+01 -.160814E+01 0.184369E+02
 0.546049E+00 -.343422E+01 -.167823E+01 -.165912E+01 0.204347E+02
 0.509265E+00 -.345945E+01 -.168248E+01 -.165392E+01 0.190310E+02
 0.600104E+00 -.346322E+01 -.167992E+01 -.165722E+01 0.176365E+02
 0.792988E+00 -.348764E+01 -.168092E+01 -.166284E+01 0.218770E+02
 0.574071E+00 -.345985E+01 -.168647E+01 -.164421E+01 0.178394E+02
 0.598402E+00 -.346562E+01 -.168823E+01 -.165447E+01 0.177219E+02
 0.582762E+00 -.345744E+01 -.167679E+01 -.167930E+01 0.179552E+02
 0.598285E+00 -.346965E+01 -.166895E+01 -.165269E+01 0.177222E+02
 0.591793E+00 -.347336E+01 -.169230E+01 -.166405E+01 0.181550E+02
 0.569298E+00 -.346280E+01 -.164410E+01 -.163913E+01 0.181220E+02
 0.593202E+00 -.349330E+01 -.172468E+01 -.170899E+01 0.232162E+02
 0.578683E+00 -.346391E+01 -.173334E+01 -.164329E+01 0.197382E+02
 0.650998E+00 -.341918E+01 -.168224E+01 -.165207E+01 0.220682E+02
 0.629972E+00 -.346283E+01 -.167245E+01 -.167458E+01 0.177229E+02
 0.601000E+00 -.345500E+01 -.167816E+01 -.165052E+01 0.177966E+02
 0.597011E+00 -.346313E+01 -.168160E+01 -.164934E+01 0.176361E+02
 0.601042E+00 -.346279E+01 -.168158E+01 -.160205E+01 0.181632E+02
 0.601033E+00 -.346320E+01 -.167910E+01 -.165401E+01 0.176260E+02
 0.603129E+00 -.347220E+01 -.172091E+01 -.168471E+01 0.198548E+02
 0.590658E+00 -.346315E+01 -.167822E+01 -.165194E+01 0.176386E+02
 0.538339E+00 -.346817E+01 -.159903E+01 -.172047E+01 0.180425E+02
 0.620524E+00 -.346255E+01 -.167988E+01 -.163648E+01 0.177427E+02
 0.604252E+00 -.346356E+01 -.168204E+01 -.168216E+01 0.178456E+02
 0.602723E+00 -.346263E+01 -.172071E+01 -.165251E+01 0.186755E+02
 0.647747E+00 -.346532E+01 -.169167E+01 -.176741E+01 0.199498E+02
 0.619435E+00 -.345784E+01 -.167718E+01 -.165778E+01 0.177098E+02
 0.717920E+00 -.346264E+01 -.167735E+01 -.165435E+01 0.187817E+02
 0.597655E+00 -.346650E+01 -.166698E+01 -.164116E+01 0.177776E+02
 0.600625E+00 -.346470E+01 -.164608E+01 -.168085E+01 0.178553E+02
 0.560760E+00 -.346329E+01 -.171097E+01 -.164794E+01 0.189199E+02
 0.592413E+00 -.346558E+01 -.162202E+01 -.168700E+01 0.183790E+02
 0.640373E+00 -.346609E+01 -.164515E+01 -.165168E+01 0.189086E+02
 0.869867E+00 -.348314E+01 -.171416E+01 -.164373E+01 0.215963E+02
 0.606817E+00 -.346303E+01 -.164489E+01 -.165585E+01 0.182343E+02
 0.600889E+00 -.347701E+01 -.174200E+01 -.159862E+01 0.192341E+02
 0.636446E+00 -.346612E+01 -.162951E+01 -.166200E+01 0.194247E+02
 0.682806E+00 -.346369E+01 -.167227E+01 -.164582E+01 0.185456E+02
 0.349070E+00 -.346340E+01 -.162126E+01 -.159215E+01 0.218258E+02
 0.605826E+00 -.346397E+01 -.165896E+01 -.162917E+01 0.182461E+02
 0.589470E+00 -.346676E+01 -.167424E+01 -.165124E+01 0.176413E+02
 0.565931E+00 -.346131E+01 -.165277E+01 -.165993E+01 0.177192E+02
 0.594441E+00 -.345725E+01 -.171606E+01 -.164809E+01 0.185591E+02
 0.609861E+00 -.348686E+01 -.164199E+01 -.167411E+01 0.191768E+02
 0.669425E+00 -.346262E+01 -.164535E+01 -.168522E+01 0.188775E+02
 0.622424E+00 -.346520E+01 -.165738E+01 -.165188E+01 0.180932E+02
 0.600712E+00 -.344104E+01 -.165992E+01 -.165863E+01 0.190058E+02
 0.639788E+00 -.346453E+01 -.166480E+01 -.166155E+01 0.179774E+02
 0.599464E+00 -.346293E+01 -.167605E+01 -.165283E+01 0.176262E+02
 0.602869E+00 -.347508E+01 -.167964E+01 -.158438E+01 0.190433E+02
 0.609592E+00 -.346359E+01 -.167467E+01 -.165680E+01 0.176372E+02
 0.548858E+00 -.345875E+01 -.171147E+01 -.167985E+01 0.203089E+02
 0.611978E+00 -.346341E+01 -.165350E+01 -.165729E+01 0.180016E+02
 0.609397E+00 -.346265E+01 -.170082E+01 -.162786E+01 0.177156E+02
 0.594315E+00 -.346338E+01 -.168513E+01 -.165327E+01 0.176846E+02
 0.698076E+00 -.345950E+01 -.166980E+01 -.164405E+01 0.189483E+02
 0.568448E+00 -.345398E+01 -.165012E+01 -.166833E+01 0.179920E+02
 0.600768E+00 -.346682E+01 -.167754E+01 -.165265E+01 0.176454E+02
 0.598110E+00 -.346307E+01 -.167706E+01 -.165265E+01 0.176256E+02
 0.596562E+00 -.346384E+01 -.165206E+01 -.166988E+01 0.177722E+02
 0.634428E+00 -.347030E+01 -.168558E+01 -.168385E+01 0.179778E+02
 0.957926E+00 -.344308E+01 -.175262E+01 -.164734E+01 0.196399E+02
 0.587507E+00 -.346349E+01 -.166520E+01 -.165247E+01 0.176600E+02
 0.624911E+00 -.346554E+01 -.168057E+01 -.165301E+01 0.176757E+02
 0.599665E+00 -.346456E+01 -.168852E+01 -.164796E+01 0.176786E+02
 0.603953E+00 -.345392E+01 -.167185E+01 -.160819E+01 0.185385E+02
 0.577411E+00 -.347363E+01 -.169841E+01 -.166729E+01 0.186067E+02
 0.589196E+00 -.346266E+01 -.168351E+01 -.165217E+01 0.176889E+02
 0.599543E+00 -.344659E+01 -.167698E+01 -.165265E+01 0.183026E+02
 0.572514E+00 -.346266E+01 -.167698E+01 -.165481E+01 0.177237E+02
 0.577965E+00 -.344983E+01 -.167310E+01 -.167118E+01 0.182410E+02
 0.600129E+00 -.346325E+01 -.167232E+01 -.164988E+01 0.176493E+02
 0.596596E+00 -.345971E+01 -.168153E+01 -.166042E+01 0.177078E+02
 0.615767E+00 -.346207E+01 -.169015E+01 -.165518E+01 0.176713E+02
 0.757524E+00 -.345781E+01 -.167621E+01 -.163936E+01 0.199338E+02
 0.570088E+00 -.346595E+01 -.166512E+01 -.167241E+01 0.176830E+02
 0.599627E+00 -.346507E+01 -.167796E+01 -.165310E+01 0.176283E+02
 0.597304E+00 -.346860E+01 -.167606E+01 -.164625E+01 0.176856E+02
 0.568214E+00 -.343000E+01 -.170738E+01 -.168967E+01 0.223986E+02
 0.606609E+00 -.346414E+01 -.163943E+01 -.164940E+01 0.185700E+02
 0.548924E+00 -.346094E+01 -.155864E+01 -.171258E+01 0.202183E+02
 0.592586E+00 -.346329E+01 -.167387E+01 -.166113E+01 0.176322E+02
 0.599743E+00 -.346426E+01 -.168166E+01 -.164601E+01 0.176326E+02
 0.518561E+00 -.343311E+01 -.169224E+01 -.167347E+01 0.223097E+02
 0.640994E+00 -.342592E+01 -.176531E+01 -.161227E+01 0.220493E+02
 0.601380E+00 -.342891E+01 -.170017E+01 -.161482E+01 0.205077E+02
 0.513451E+00 -.347300E+01 -.167189E+01 -.163403E+01 0.182438E+02
 0.974161E+00 -.346990E+01 -.169616E+01 -.166981E+01 0.232119E+02
 0.598979E+00 -.346326E+01 -.167997E+01 -.165350E+01 0.176305E+02
 0.548249E+00 -.344387E+01 -.168518E+01 -.165439E+01 0.192688E+02
 0.595874E+00 -.346478E+01 -.168689E+01 -.164466E+01 0.176689E+02
 0.677486E+00 -.345961E+01 -.167224E+01 -.156610E+01 0.216344E+02
 0.556379E+00 -.345896E+01 -.168848E+01 -.164991E+01 0.181780E+02
 0.514991E+00 -.346613E+01 -.168789E+01 -.161154E+01 0.185024E+02
 0.615814E+00 -.346414E+01 -.168009E+01 -.164790E+01 0.176501E+02
 0.749885E+00 -.345163E+01 -.167855E+01 -.169167E+01 0.190263E+02
 0.602068E+00 -.343862E+01 -.167611E+01 -.163401E+01 0.191968E+02
 0.595512E+00 -.346339E+01 -.165676E+01 -.165393E+01 0.178058E+02
 0.596834E+00 -.347718E+01 -.173548E+01 -.165415E+01 0.202929E+02
 0.597770E+00 -.346665E+01 -.167984E+01 -.169806E+01 0.181036E+02
 0.598336E+00 -.346797E+01 -.167688E+01 -.165238E+01 0.176618E+02
 0.600510E+00 -.347057E+01 -.169108E+01 -.164685E+01 0.178148E+02
 0.619899E+00 -.346957E+01 -.169340E+01 -.166121E+01 0.178559E+02
 0.683487E+00 -.349993E+01 -.171589E+01 -.165574E+01 0.213396E+02
 0.718401E+00 -.345875E+01 -.164286E+01 -.165225E+01 0.210216E+02
 0.603027E+00 -.346255E+01 -.169109E+01 -.167476E+01 0.179577E+02
 0.569744E+00 -.345975E+01 -.167653E+01 -.165292E+01 0.177803E+02
 0.615917E+00 -.346346E+01 -.168823E+01 -.165163E+01 0.176437E+02
 0.598997E+00 -.346360E+01 -.167725E+01 -.164261E+01 0.176500E+02
 0.601852E+00 -.346332E+01 -.167816E+01 -.165167E+01 0.176249E+02
 0.602521E+00 -.346386E+01 -.171620E+01 -.171405E+01 0.203783E+02
 0.684006E+00 -.348463E+01 -.173757E+01 -.160923E+01 0.193232E+02
 0.819397E+00 -.343444E+01 -.170619E+01 -.164417E+01 0.203092E+02
 0.586314E+00 -.346314E+01 -.167742E+01 -.165293E+01 0.176484E+02
 0.596762E+00 -.347138E+01 -.159111E+01 -.161100E+01 0.235383E+02
 0.607599E+00 -.346343E+01 -.167700E+01 -.163772E+01 0.177075E+02
 0.594450E+00 -.346344E+01 -.166410E+01 -.165080E+01 0.177061E+02
 0.706694E+00 -.346674E+01 -.166143E+01 -.165787E+01 0.193674E+02
 0.641170E+00 -.346713E+01 -.162958E+01 -.164317E+01 0.201324E+02
 0.660158E+00 -.346397E+01 -.173937E+01 -.167119E+01 0.193646E+02
 0.593411E+00 -.347137E+01 -.167717E+01 -.165272E+01 0.177466E+02
 0.803947E+00 -.346289E+01 -.167808E+01 -.165789E+01 0.204957E+02
 0.599877E+00 -.345607E+01 -.168453E+01 -.162541E+01 0.178553E+02
 0.602315E+00 -.346563E+01 -.174417E+01 -.172012E+01 0.234906E+02
 0.549461E+00 -.346313E+01 -.175023E+01 -.165198E+01 0.226986E+02
 0.590652E+00 -.347118E+01 -.166452E+01 -.168071E+01 0.177685E+02
 0.539948E+00 -.349777E+01 -.153966E+01 -.170788E+01 0.226384E+02
 0.542948E+00 -.346514E+01 -.167400E+01 -.166098E+01 0.179983E+02
 0.593508E+00 -.345712E+01 -.164270E+01 -.167576E+01 0.180369E+02
 0.525338E+00 -.346599E+01 -.165608E+01 -.167238E+01 0.179192E+02
 0.594852E+00 -.346286E+01 -.168508E+01 -.165803E+01 0.177103E+02
 0.597887E+00 -.347399E+01 -.168659E+01 -.165065E+01 0.179141E+02
 0.594725E+00 -.346140E+01 -.165409E+01 -.163860E+01 0.181060E+02
 0.639964E+00 -.346419E+01 -.168827E+01 -.151424E+01 0.234315E+02
 0.582632E+00 -.346289E+01 -.166378E+01 -.164400E+01 0.177238E+02
 0.553165E+00 -.346010E+01 -.170184E+01 -.165739E+01 0.188760E+02
 0.601619E+00 -.345512E+01 -.168791E+01 -.165043E+01 0.178214E+02
 0.555549E+00 -.346258E+01 -.163719E+01 -.166252E+01 0.178473E+02
 0.619042E+00 -.345577E+01 -.165490E+01 -.164633E+01 0.183626E+02
 0.618575E+00 -.347609E+01 -.165730E+01 -.164370E+01 0.185025E+02
 0.533979E+00 -.346325E+01 -.166829E+01 -.168331E+01 0.182997E+02
 0.628430E+00 -.347181E+01 -.168803E+01 -.156411E+01 0.197859E+02
 0.599422E+00 -.346316E+01 -.167569E+01 -.165351E+01 0.176251E+02
 0.603723E+00 -.346207E+01 -.174432E+01 -.166207E+01 0.205821E+02
 0.603453E+00 -.346892E+01 -.166926E+01 -.170343E+01 0.179699E+02
 0.570965E+00 -.346345E+01 -.168099E+01 -.164616E+01 0.177447E+02
 0.636801E+00 -.347035E+01 -.157977E+01 -.165680E+01 0.237991E+02
 0.608779E+00 -.346340E+01 -.166371E+01 -.164372E+01 0.178819E+02
 0.600577E+00 -.346266E+01 -.165504E+01 -.163743E+01 0.181474E+02
 0.612429E+00 -.346313E+01 -.168831E+01 -.165425E+01 0.176577E+02
 0.617423E+00 -.346368E+01 -.167389E+01 -.164598E+01 0.177296E+02
 0.463256E+00 -.345568E+01 -.159336E+01 -.163851E+01 0.192111E+02
 0.595764E+00 -.345066E+01 -.167262E+01 -.154516E+01 0.215432E+02
 0.348246E+00 -.346876E+01 -.161433E+01 -.167418E+01 0.224689E+02
 0.598194E+00 -.346516E+01 -.167778E+01 -.165379E+01 0.176293E+02
 0.600318E+00 -.346351E+01 -.167607E+01 -.165287E+01 0.176249E+02
 0.601481E+00 -.346535E+01 -.168447E+01 -.166658E+01 0.177415E+02
 0.574439E+00 -.346366E+01 -.170339E+01 -.169007E+01 0.192956E+02
 0.609335E+00 -.346364E+01 -.165913E+01 -.162153E+01 0.184772E+02
 0.570302E+00 -.347162E+01 -.168184E+01 -.165293E+01 0.178946E+02
 0.597484E+00 -.346152E+01 -.165535E+01 -.166205E+01 0.177940E+02
 0.604205E+00 -.346129E+01 -.167309E+01 -.164739E+01 0.176805E+02
 0.602697E+00 -.345239E+01 -.167071E+01 -.175310E+01 0.192642E+02
 0.598437E+00 -.346608E+01 -.169370E+01 -.164599E+01 0.177582E+02
 0.629542E+00 -.346371E+01 -.167631E+01 -.165436E+01 0.177172E+02
 0.420660E+00 -.348276E+01 -.152828E+01 -.169958E+01 0.185398E+02
 0.599503E+00 -.344989E+01 -.167684E+01 -.165490E+01 0.180641E+02
 0.557317E+00 -.346253E+01 -.167790E+01 -.165162E+01 0.178542E+02
 0.648602E+00 -.346920E+01 -.167475E+01 -.164835E+01 0.180600E+02
 0.600391E+00 -.346308E+01 -.168005E+01 -.165444E+01 0.176305E+02
 0.602688E+00 -.345887E+01 -.167914E+01 -.166728E+01 0.177187E+02
 0.598907E+00 -.346456E+01 -.169673E+01 -.182866E+01 0.238557E+02
 0.592761E+00 -.346323E+01 -.168424E+01 -.165960E+01 0.177198E+02
 0.883435E+00 -.345324E+01 -.167585E+01 -.166894E+01 0.222586E+02
 0.606001E+00 -.345574E+01 -.166056E+01 -.165004E+01 0.180106E+02
 0.600081E+00 -.346117E+01 -.167890E+01 -.165490E+01 0.176416E+02
 0.600294E+00 -.346362E+01 -.167546E+01 -.164530E+01 0.176492E+02
 0.598023E+00 -.344980E+01 -.163290E+01 -.166865E+01 0.188811E+02
 0.598615E+00 -.346392E+01 -.163880E+01 -.165461E+01 0.183556E+02
 0.532233E+00 -.346073E+01 -.169044E+01 -.171614E+01 0.205444E+02
 0.701843E+00 -.344760E+01 -.178000E+01 -.157110E+01 0.187369E+02
 0.605652E+00 -.346342E+01 -.167388E+01 -.165308E+01 0.176403E+02
 0.597098E+00 -.345135E+01 -.167797E+01 -.166534E+01 0.180162E+02
 0.580863E+00 -.351778E+01 -.170556E+01 -.160664E+01 0.239001E+02
 0.421971E+00 -.346025E+01 -.167363E+01 -.169293E+01 0.237217E+02
 0.794242E+00 -.344383E+01 -.166035E+01 -.165767E+01 0.219870E+02
 0.600628E+00 -.346313E+01 -.166844E+01 -.165350E+01 0.176662E+02
 0.561746E+00 -.344898E+01 -.173935E+01 -.164387E+01 0.212075E+02
 0.590577E+00 -.346168E+01 -.167007E+01 -.164716E+01 0.176716E+02
 0.675326E+00 -.346043E+01 -.168553E+01 -.170917E+01 0.181855E+02
 0.610101E+00 -.348194E+01 -.166288E+01 -.167541E+01 0.184101E+02
 0.622507E+00 -.346477E+01 -.167424E+01 -.164398E+01 0.177801E+02
 0.599468E+00 -.346353E+01 -.168046E+01 -.164597E+01 0.176310E+02
 0.608049E+00 -.348016E+01 -.167324E+01 -.165725E+01 0.182356E+02
 0.573355E+00 -.346463E+01 -.166141E+01 -.165286E+01 0.176570E+02
 0.585338E+00 -.347073E+01 -.166873E+01 -.160451E+01 0.184007E+02
 0.600625E+00 -.345581E+01 -.168259E+01 -.165208E+01 0.177722E+02
 0.605874E+00 -.345593E+01 -.168809E+01 -.163138E+01 0.177898E+02
 0.633674E+00 -.346687E+01 -.168242E+01 -.165575E+01 0.177205E+02
 0.594915E+00 -.346794E+01 -.159868E+01 -.163198E+01 0.215138E+02
 0.602511E+00 -.346201E+01 -.175907E+01 -.164104E+01 0.210763E+02
 0.645572E+00 -.345944E+01 -.175394E+01 -.165112E+01 0.198985E+02
 0.581995E+00 -.346249E+01 -.169238E+01 -.162400E+01 0.177859E+02
 0.579693E+00 -.346572E+01 -.167624E+01 -.165365E+01 0.176649E+02
 0.610575E+00 -.346322E+01 -.167878E+01 -.165096E+01 0.176326E+02
 0.597861E+00 -.346151E+01 -.167512E+01 -.168391E+01 0.177917E+02
 0.600784E+00 -.346339E+01 -.167724E+01 -.165105E+01 0.176259E+02
 0.599582E+00 -.346166E+01 -.160471E+01 -.163277E+01 0.211935E+02
 0.800220E+00 -.344287E+01 -.174012E+01 -.162417E+01 0.185319E+02
 0.602309E+00 -.346314E+01 -.167649E+01 -.165404E+01 0.176250E+02
 0.615248E+00 -.346446E+01 -.166094E+01 -.163748E+01 0.181265E+02
 0.580250E+00 -.346076E+01 -.167496E+01 -.167371E+01 0.178011E+02
 0.594932E+00 -.346287E+01 -.167095E+01 -.163249E+01 0.177937E+02
 0.637783E+00 -.346745E+01 -.161534E+01 -.164986E+01 0.208419E+02
 0.664879E+00 -.346275E+01 -.174775E+01 -.158129E+01 0.181020E+02
 0.598957E+00 -.346668E+01 -.167716E+01 -.165142E+01 0.176431E+02
 0.736130E+00 -.346292E+01 -.167936E+01 -.166310E+01 0.189078E+02
 0.600718E+00 -.345920E+01 -.169067E+01 -.163525E+01 0.177082E+02
 0.598970E+00 -.346159E+01 -.171583E+01 -.166380E+01 0.187670E+02
 0.609682E+00 -.346360E+01 -.172216E+01 -.165097E+01 0.186006E+02
 0.600642E+00 -.346186E+01 -.170883E+01 -.165816E+01 0.182905E+02
 0.609086E+00 -.349565E+01 -.164817E+01 -.161711E+01 0.211468E+02
 0.544346E+00 -.346452E+01 -.168629E+01 -.166091E+01 0.183774E+02
 0.598350E+00 -.346057E+01 -.172444E+01 -.165528E+01 0.190375E+02
 0.515815E+00 -.346575E+01 -.169811E+01 -.164458E+01 0.193268E+02
 0.541327E+00 -.346248E+01 -.170061E+01 -.166014E+01 0.191366E+02
 0.816361E+00 -.346072E+01 -.170684E+01 -.172759E+01 0.195884E+02
 0.613013E+00 -.341414E+01 -.168242E+01 -.165279E+01 0.234014E+02
 0.595482E+00 -.346168E+01 -.168003E+01 -.165651E+01 0.176553E+02
 0.583318E+00 -.346146E+01 -.167635E+01 -.167247E+01 0.177792E+02
 0.626859E+00 -.346399E+01 -.170946E+01 -.164878E+01 0.179020E+02
 0.602649E+00 -.346679E+01 -.165445E+01 -.165307E+01 0.179385E+02
 0.429558E+00 -.344862E+01 -.167984E+01 -.161382E+01 0.221283E+02
 0.513632E+00 -.346313E+01 -.167921E+01 -.162283E+01 0.183717E+02
 0.388987E+00 -.348722E+01 -.168162E+01 -.158654E+01 0.228426E+02
 0.611139E+00 -.345392E+01 -.168123E+01 -.164475E+01 0.178356E+02
 0.557750E+00 -.349330E+01 -.167138E+01 -.166242E+01 0.193975E+02
 0.574492E+00 -.346205E+01 -.167771E+01 -.166251E+01 0.177736E+02
 0.599584E+00 -.346346E+01 -.167886E+01 -.165306E+01 0.176261E+02
 0.600582E+00 -.345414E+01 -.170249E+01 -.170558E+01 0.193397E+02
 0.568771E+00 -.346307E+01 -.168198E+01 -.164013E+01 0.177614E+02
 0.600436E+00 -.347903E+01 -.159142E+01 -.164368E+01 0.220841E+02
 0.603057E+00 -.346323E+01 -.169480E+01 -.166358E+01 0.178960E+02
 0.606141E+00 -.346275E+01 -.164033E+01 -.167918E+01 0.180755E+02
 0.621176E+00 -.346327E+01 -.168068E+01 -.165186E+01 0.176481E+02
 0.641349E+00 -.345530E+01 -.176833E+01 -.165554E+01 0.214948E+02
 0.529156E+00 -.346641E+01 -.168191E+01 -.165329E+01 0.183827E+02
 0.566310E+00 -.342905E+01 -.166373E+01 -.175175E+01 0.222574E+02
 0.586551E+00 -.345455E+01 -.168466E+01 -.179416E+01 0.217058E+02
 0.602960E+00 -.347639E+01 -.167850E+01 -.177669E+01 0.204736E+02
 0.482996E+00 -.347164E+01 -.171571E+01 -.165806E+01 0.225809E+02
 0.597353E+00 -.346094E+01 -.167600E+01 -.165667E+01 0.176440E+02
 0.601695E+00 -.346362E+01 -.167542E+01 -.165304E+01 0.176269E+02
 0.575315E+00 -.346306E+01 -.168761E+01 -.165292E+01 0.178675E+02
 0.605253E+00 -.345319E+01 -.167136E+01 -.167084E+01 0.178981E+02
 0.616745E+00 -.346301E+01 -.167280E+01 -.168098E+01 0.177081E+02
 0.584044E+00 -.345833E+01 -.167533E+01 -.165231E+01 0.177256E+02
 0.612473E+00 -.345992E+01 -.168682E+01 -.165452E+01 0.176666E+02
 0.601520E+00 -.346675E+01 -.167709E+01 -.181206E+01 0.213602E+02
 0.612604E+00 -.345908E+01 -.168009E+01 -.164455E+01 0.176887E+02
 0.630134E+00 -.346454E+01 -.167645E+01 -.165445E+01 0.177242E+02
 0.599423E+00 -.348376E+01 -.167740E+01 -.165626E+01 0.184860E+02
 0.610580E+00 -.346297E+01 -.167753E+01 -.167145E+01 0.176706E+02
 0.616268E+00 -.347360E+01 -.168095E+01 -.165179E+01 0.178828E+02
 0.600463E+00 -.346281E+01 -.168177E+01 -.165855E+01 0.176538E+02
 0.607156E+00 -.346417E+01 -.168286E+01 -.166239E+01 0.176655E+02
 0.584058E+00 -.346448E+01 -.166192E+01 -.166068E+01 0.176396E+02
 0.725487E+00 -.346774E+01 -.167711E+01 -.167631E+01 0.188231E+02
 0.616758E+00 -.346095E+01 -.167659E+01 -.165362E+01 0.176652E+02
 0.600112E+00 -.345975E+01 -.167521E+01 -.165608E+01 0.176605E+02
 0.600673E+00 -.346069E+01 -.167784E+01 -.166873E+01 0.176923E+02
 0.620927E+00 -.348294E+01 -.165945E+01 -.164772E+01 0.188712E+02
 0.596436E+00 -.346340E+01 -.169860E+01 -.165774E+01 0.179830E+02
 0.568010E+00 -.347001E+01 -.172828E+01 -.165521E+01 0.201696E+02
 0.613260E+00 -.346280E+01 -.168046E+01 -.164810E+01 0.176390E+02
 0.599086E+00 -.346735E+01 -.168027E+01 -.166599E+01 0.177147E+02
 0.645037E+00 -.345889E+01 -.162993E+01 -.167827E+01 0.192874E+02
 0.624054E+00 -.349985E+01 -.167118E+01 -.162585E+01 0.209373E+02
 0.625986E+00 -.346697E+01 -.166869E+01 -.166437E+01 0.177853E+02
 0.625633E+00 -.345549E+01 -.167977E+01 -.166200E+01 0.177705E+02
 0.468027E+00 -.346398E+01 -.163888E+01 -.165988E+01 0.184502E+02
 0.600142E+00 -.346313E+01 -.167505E+01 -.165288E+01 0.176276E+02
 0.617509E+00 -.348319E+01 -.166073E+01 -.164387E+01 0.188640E+02
 0.580501E+00 -.346070E+01 -.165965E+01 -.166173E+01 0.176877E+02
 0.603635E+00 -.346179E+01 -.168677E+01 -.167888E+01 0.179094E+02
 0.620262E+00 -.345984E+01 -.164878E+01 -.171120E+01 0.180160E+02
 0.702708E+00 -.346343E+01 -.166424E+01 -.167691E+01 0.187920E+02
 0.586838E+00 -.346303E+01 -.167976E+01 -.165199E+01 0.176608E+02
 0.596407E+00 -.349379E+01 -.168511E+01 -.165429E+01 0.196050E+02
 0.573136E+00 -.346597E+01 -.168339E+01 -.165063E+01 0.177855E+02
 0.575737E+00 -.346888E+01 -.166106E+01 -.160002E+01 0.186457E+02
 0.601104E+00 -.345842E+01 -.167986E+01 -.165227E+01 0.176872E+02
 0.582763E+00 -.345742E+01 -.168440E+01 -.162478E+01 0.178494E+02
 0.585613E+00 -.345927E+01 -.165520E+01 -.164692E+01 0.179164E+02
 0.578585E+00 -.342798E+01 -.162965E+01 -.168418E+01 0.214614E+02
 0.640552E+00 -.347249E+01 -.170396E+01 -.171953E+01 0.193826E+02
 0.601057E+00 -.346224E+01 -.166042E+01 -.165620E+01 0.177650E+02
 0.606303E+00 -.346252E+01 -.167015E+01 -.166077E+01 0.176495E+02
 0.604244E+00 -.346724E+01 -.167651E+01 -.165404E+01 0.176549E+02
 0.602294E+00 -.346306E+01 -.167107E+01 -.165197E+01 0.176562E+02
 0.600373E+00 -.346068E+01 -.167608E+01 -.163139E+01 0.177759E+02
 0.601367E+00 -.346320E+01 -.167636E+01 -.165130E+01 0.176278E+02
 0.600774E+00 -.346955E+01 -.161521E+01 -.160440E+01 0.218459E+02
 0.654970E+00 -.348066E+01 -.168895E+01 -.164847E+01 0.185542E+02
 0.561618E+00 -.346339E+01 -.153247E+01 -.185560E+01 0.210475E+02
 0.349584E+00 -.347423E+01 -.152633E+01 -.164083E+01 0.193218E+02
 0.609161E+00 -.346315E+01 -.167593E+01 -.165334E+01 0.176370E+02
 0.571130E+00 -.346163E+01 -.170976E+01 -.169840E+01 0.201075E+02
 0.583130E+00 -.346190E+01 -.167861E+01 -.167271E+01 0.178175E+02
 0.632471E+00 -.346239E+01 -.168705E+01 -.165306E+01 0.176506E+02
 0.424900E+00 -.346929E+01 -.166990E+01 -.164069E+01 0.210142E+02
 0.590398E+00 -.346626E+01 -.175650E+01 -.165723E+01 0.220334E+02
 0.591711E+00 -.346202E+01 -.175130E+01 -.160207E+01 0.194605E+02
 0.603436E+00 -.345820E+01 -.167715E+01 -.165081E+01 0.176944E+02
 0.471467E+00 -.346305E+01 -.167876E+01 -.166351E+01 0.202400E+02
 0.599665E+00 -.346794E+01 -.168855E+01 -.165204E+01 0.177410E+02
 0.598766E+00 -.346304E+01 -.164208E+01 -.162525E+01 0.189739E+02
 0.639622E+00 -.346363E+01 -.161212E+01 -.165147E+01 0.210808E+02
 0.606966E+00 -.345539E+01 -.167752E+01 -.164764E+01 0.177892E+02
 0.550053E+00 -.344985E+01 -.174944E+01 -.164757E+01 0.227658E+02
 0.614614E+00 -.346628E+01 -.168998E+01 -.165063E+01 0.176812E+02
 0.606098E+00 -.346319E+01 -.177489E+01 -.163711E+01 0.224314E+02
 0.581844E+00 -.346360E+01 -.170417E+01 -.165480E+01 0.183239E+02
 0.657964E+00 -.346289E+01 -.170166E+01 -.163560E+01 0.177037E+02
 0.825747E+00 -.346150E+01 -.169507E+01 -.186757E+01 0.233491E+02
 0.606956E+00 -.346499E+01 -.169678E+01 -.167094E+01 0.180343E+02
 0.604153E+00 -.346607E+01 -.168474E+01 -.166440E+01 0.177244E+02
 0.603234E+00 -.346797E+01 -.165299E+01 -.164306E+01 0.181556E+02
 0.595352E+00 -.346969E+01 -.165345E+01 -.165312E+01 0.179319E+02
 0.714936E+00 -.347802E+01 -.164490E+01 -.164380E+01 0.216781E+02
 0.489657E+00 -.346432E+01 -.170850E+01 -.165814E+01 0.215435E+02
 0.622509E+00 -.346224E+01 -.169773E+01 -.165748E+01 0.177629E+02
 0.521230E+00 -.346322E+01 -.168595E+01 -.167205E+01 0.191587E+02
 0.631757E+00 -.346220E+01 -.166997E+01 -.164746E+01 0.179016E+02
 0.563798E+00 -.345562E+01 -.172144E+01 -.169437E+01 0.212878E+02
 0.599699E+00 -.346352E+01 -.168050E+01 -.165238E+01 0.176296E+02
 0.603399E+00 -.345845E+01 -.170785E+01 -.154013E+01 0.196676E+02
 0.587470E+00 -.346314E+01 -.167114E+01 -.165705E+01 0.176280E+02
 0.536186E+00 -.346745E+01 -.166522E+01 -.165063E+01 0.178262E+02
 0.600227E+00 -.346193E+01 -.170364E+01 -.166742E+01 0.182715E+02
 0.604563E+00 -.346347E+01 -.170990E+01 -.166400E+01 0.183995E+02
 0.589717E+00 -.346352E+01 -.166935E+01 -.165115E+01 0.176413E+02
 0.605684E+00 -.343785E+01 -.172140E+01 -.165741E+01 0.200922E+02
 0.556952E+00 -.346544E+01 -.168238E+01 -.165675E+01 0.179847E+02
 0.726986E+00 -.344665E+01 -.166189E+01 -.160351E+01 0.220986E+02
 0.685151E+00 -.345507E+01 -.171497E+01 -.163217E+01 0.177746E+02
 0.748383E+00 -.344630E+01 -.170436E+01 -.164971E+01 0.185752E+02
 0.603665E+00 -.346395E+01 -.167585E+01 -.165547E+01 0.176254E+02
 0.599613E+00 -.346355E+01 -.167532E+01 -.165289E+01 0.176256E+02
 0.586580E+00 -.346051E+01 -.165066E+01 -.165064E+01 0.179504E+02
 0.638807E+00 -.345141E+01 -.166516E+01 -.161250E+01 0.192482E+02
 0.602094E+00 -.346254E+01 -.168433E+01 -.172613E+01 0.188308E+02
 0.606804E+00 -.345292E+01 -.166504E+01 -.165198E+01 0.180277E+02
 0.635788E+00 -.345926E+01 -.168692E+01 -.165935E+01 0.176810E+02
 0.600928E+00 -.346237E+01 -.165162E+01 -.164539E+01 0.181164E+02
 0.604482E+00 -.346416E+01 -.168023E+01 -.164381E+01 0.176392E+02
 0.475465E+00 -.345979E+01 -.166958E+01 -.171786E+01 0.213208E+02
 0.599336E+00 -.350099E+01 -.167748E+01 -.165239E+01 0.205114E+02
 0.645752E+00 -.346367E+01 -.167712E+01 -.166475E+01 0.177791E+02
 0.591551E+00 -.345359E+01 -.167939E+01 -.166910E+01 0.179732E+02
 0.600343E+00 -.346320E+01 -.167288E+01 -.165783E+01 0.176270E+02
 0.605774E+00 -.346839E+01 -.168136E+01 -.163468E+01 0.177371E+02
 0.557625E+00 -.342533E+01 -.168117E+01 -.165788E+01 0.217995E+02
 0.585990E+00 -.346413E+01 -.165891E+01 -.165636E+01 0.176924E+02
 0.403956E+00 -.347375E+01 -.167730E+01 -.166735E+01 0.238329E+02
 0.612953E+00 -.346800E+01 -.168493E+01 -.166817E+01 0.177663E+02
 0.601037E+00 -.345948E+01 -.167638E+01 -.165191E+01 0.176670E+02
 0.599527E+00 -.346482E+01 -.167801E+01 -.166486E+01 0.176580E+02
 0.605848E+00 -.349355E+01 -.168141E+01 -.165707E+01 0.195623E+02
 0.608263E+00 -.346303E+01 -.171518E+01 -.165862E+01 0.184601E+02
 0.540709E+00 -.347422E+01 -.165955E+01 -.161020E+01 0.182672E+02
 0.759359E+00 -.345046E+01 -.175232E+01 -.165843E+01 0.187678E+02
 0.606725E+00 -.346249E+01 -.168139E+01 -.164645E+01 0.176317E+02
 0.601927E+00 -.347224E+01 -.167833E+01 -.165859E+01 0.177936E+02
 0.577053E+00 -.349751E+01 -.162063E+01 -.166511E+01 0.205048E+02
 0.660322E+00 -.342625E+01 -.165199E+01 -.170912E+01 0.213906E+02
 0.780785E+00 -.345924E+01 -.168307E+01 -.163356E+01 0.201595E+02
 0.395841E+00 -.347870E+01 -.165624E+01 -.165898E+01 0.221011E+02
 0.599805E+00 -.346295E+01 -.168405E+01 -.165279E+01 0.176514E+02
 0.574012E+00 -.350521E+01 -.162460E+01 -.164898E+01 0.217134E+02
 0.585453E+00 -.346058E+01 -.166647E+01 -.166585E+01 0.176656E+02
 0.546211E+00 -.345814E+01 -.167852E+01 -.164408E+01 0.180653E+02
 0.564542E+00 -.344451E+01 -.167997E+01 -.170720E+01 0.196780E+02
 0.640158E+00 -.346228E+01 -.168559E+01 -.165891E+01 0.176791E+02
 0.613764E+00 -.346325E+01 -.167884E+01 -.165170E+01 0.176382E+02
 0.588750E+00 -.348209E+01 -.170934E+01 -.163113E+01 0.188471E+02
 0.577681E+00 -.344923E+01 -.168187E+01 -.163913E+01 0.182387E+02
 0.611406E+00 -.346379E+01 -.168310E+01 -.165140E+01 0.176286E+02
 0.574788E+00 -.346141E+01 -.166383E+01 -.173098E+01 0.185110E+02
 0.597950E+00 -.346803E+01 -.167147E+01 -.165264E+01 0.176719E+02
 0.567253E+00 -.347280E+01 -.168322E+01 -.167026E+01 0.181887E+02
 0.560668E+00 -.345962E+01 -.164737E+01 -.163967E+01 0.180395E+02
 0.590515E+00 -.346972E+01 -.165775E+01 -.153259E+01 0.231833E+02
 0.599721E+00 -.346381E+01 -.158719E+01 -.166721E+01 0.211219E+02
 0.528587E+00 -.346344E+01 -.172012E+01 -.165036E+01 0.205920E+02
 0.616948E+00 -.346301E+01 -.166394E+01 -.167288E+01 0.177300E+02
 0.617106E+00 -.346424E+01 -.167691E+01 -.165353E+01 0.176573E+02
 0.601737E+00 -.346304E+01 -.167935E+01 -.165273E+01 0.176255E+02
 0.601700E+00 -.346273E+01 -.167834E+01 -.161442E+01 0.179768E+02
 0.601228E+00 -.346308E+01 -.167640E+01 -.165271E+01 0.176259E+02
 0.610287E+00 -.347160E+01 -.173034E+01 -.172741E+01 0.222642E+02
 0.645518E+00 -.346280E+01 -.164497E+01 -.182961E+01 0.200526E+02
 0.600610E+00 -.346311E+01 -.167580E+01 -.165276E+01 0.176265E+02
 0.550367E+00 -.346966E+01 -.167657E+01 -.168276E+01 0.183154E+02
 0.618373E+00 -.346285E+01 -.168086E+01 -.164088E+01 0.176849E+02
 0.608320E+00 -.346321E+01 -.169545E+01 -.167011E+01 0.179597E+02
 0.634623E+00 -.345675E+01 -.178798E+01 -.165044E+01 0.236858E+02
 0.584518E+00 -.346234E+01 -.171218E+01 -.163262E+01 0.182382E+02
 0.600822E+00 -.346266E+01 -.167716E+01 -.165192E+01 0.176273E+02
 0.432858E+00 -.346189E+01 -.167728E+01 -.165248E+01 0.217166E+02
 0.598201E+00 -.346481E+01 -.167349E+01 -.165820E+01 0.176250E+02
 0.600037E+00 -.346475E+01 -.160173E+01 -.166376E+01 0.201580E+02
 0.117849E+01 -.344611E+01 -.174637E+01 -.175079E+01 0.232841E+02
 0.620724E+00 -.346332E+01 -.171141E+01 -.164765E+01 0.179824E+02
 0.596589E+00 -.346167E+01 -.164862E+01 -.165891E+01 0.179652E+02
 0.524380E+00 -.346729E+01 -.169109E+01 -.170382E+01 0.203507E+02
 0.605710E+00 -.346826E+01 -.164964E+01 -.165284E+01 0.181325E+02
 0.456769E+00 -.345949E+01 -.172672E+01 -.160269E+01 0.230265E+02
 0.704800E+00 -.347779E+01 -.178804E+01 -.162983E+01 0.217575E+02
 0.601473E+00 -.346266E+01 -.166986E+01 -.164767E+01 0.176911E+02
 0.584949E+00 -.346503E+01 -.170278E+01 -.167139E+01 0.185588E+02
 0.681877E+00 -.346293E+01 -.166891E+01 -.162807E+01 0.190882E+02
 0.439451E+00 -.346324E+01 -.162509E+01 -.165133E+01 0.187705E+02
 0.609828E+00 -.346450E+01 -.165219E+01 -.166879E+01 0.178925E+02
 0.631619E+00 -.346445E+01 -.168220E+01 -.166089E+01 0.176765E+02
 0.591750E+00 -.346766E+01 -.166498E+01 -.163779E+01 0.178265E+02
 0.557139E+00 -.346750E+01 -.164156E+01 -.164355E+01 0.179701E+02
 0.592641E+00 -.346196E+01 -.166440E+01 -.165160E+01 0.177018E+02
 0.760757E+00 -.346999E+01 -.163195E+01 -.165497E+01 0.235369E+02
 0.584482E+00 -.346439E+01 -.167751E+01 -.167547E+01 0.178033E+02
 0.511660E+00 -.344939E+01 -.167267E+01 -.162525E+01 0.190161E+02
 0.606723E+00 -.346970E+01 -.168547E+01 -.166435E+01 0.178009E+02
 0.598172E+00 -.344758E+01 -.167077E+01 -.167187E+01 0.182670E+02
 0.649782E+00 -.346334E+01 -.166787E+01 -.165508E+01 0.180730E+02
 0.592416E+00 -.348405E+01 -.167864E+01 -.182807E+01 0.232273E+02
 0.599669E+00 -.346332E+01 -.167744E+01 -.165258E+01 0.176245E+02
 0.521959E+00 -.346365E+01 -.161307E+01 -.166029E+01 0.181572E+02
 0.609390E+00 -.346327E+01 -.166942E+01 -.166680E+01 0.176544E+02
 0.563109E+00 -.345366E+01 -.172362E+01 -.167767E+01 0.208906E+02
 0.603213E+00 -.346288E+01 -.166175E+01 -.164968E+01 0.178108E+02
 0.608024E+00 -.346371E+01 -.175322E+01 -.163389E+01 0.201457E+02
 0.566854E+00 -.346397E+01 -.168168E+01 -.165119E+01 0.178126E+02
 0.599904E+00 -.342082E+01 -.167466E+01 -.165852E+01 0.220493E+02
 0.637635E+00 -.346270E+01 -.167030E+01 -.164344E+01 0.180052E+02
 0.613100E+00 -.348442E+01 -.161459E+01 -.192468E+01 0.227329E+02
 0.483455E+00 -.344287E+01 -.159201E+01 -.161456E+01 0.216279E+02
 0.598095E+00 -.346211E+01 -.167747E+01 -.164042E+01 0.176659E+02
 0.605632E+00 -.346554E+01 -.167586E+01 -.165325E+01 0.176390E+02
 0.598709E+00 -.346303E+01 -.167548E+01 -.165273E+01 0.176264E+02
 0.593388E+00 -.346401E+01 -.163333E+01 -.166664E+01 0.182701E+02
 0.612201E+00 -.346294E+01 -.169000E+01 -.157860E+01 0.186928E+02
 0.942917E+00 -.344816E+01 -.170526E+01 -.165427E+01 0.215268E+02
 0.587788E+00 -.346352E+01 -.167943E+01 -.158643E+01 0.185686E+02
 0.610298E+00 -.346060E+01 -.167243E+01 -.165256E+01 0.176881E+02
 0.607906E+00 -.350514E+01 -.166404E+01 -.165899E+01 0.212428E+02
 0.593232E+00 -.345945E+01 -.168664E+01 -.165857E+01 0.177857E+02
 0.607765E+00 -.346077E+01 -.165361E+01 -.160840E+01 0.191624E+02
 0.588967E+00 -.346925E+01 -.167131E+01 -.165477E+01 0.176755E+02
 0.581042E+00 -.346386E+01 -.168294E+01 -.164055E+01 0.176918E+02
 0.599516E+00 -.343690E+01 -.167743E+01 -.165266E+01 0.193003E+02
 0.605506E+00 -.346300E+01 -.167687E+01 -.164702E+01 0.176446E+02
 0.594892E+00 -.345728E+01 -.167542E+01 -.166869E+01 0.177676E+02
 0.598919E+00 -.346340E+01 -.167365E+01 -.165534E+01 0.176257E+02
 0.600843E+00 -.346229E+01 -.167997E+01 -.164537E+01 0.176363E+02
 0.603529E+00 -.346271E+01 -.167229E+01 -.165022E+01 0.176594E+02
 0.488489E+00 -.346984E+01 -.167590E+01 -.164255E+01 0.189497E+02
 0.568150E+00 -.347142E+01 -.166493E+01 -.165975E+01 0.177218E+02
 0.600005E+00 -.346196E+01 -.167847E+01 -.165085E+01 0.176322E+02
 0.598177E+00 -.346715E+01 -.167653E+01 -.164716E+01 0.176576E+02
 0.586085E+00 -.344613E+01 -.169127E+01 -.166541E+01 0.187020E+02
 0.608008E+00 -.346368E+01 -.166090E+01 -.165279E+01 0.178307E+02
 0.504509E+00 -.346003E+01 -.157059E+01 -.161785E+01 0.215612E+02
 0.535125E+00 -.348189E+01 -.162288E+01 -.165228E+01 0.184719E+02
 0.588927E+00 -.346233E+01 -.167379E+01 -.166307E+01 0.176519E+02
 0.598128E+00 -.346944E+01 -.167666E+01 -.164735E+01 0.177012E+02
 0.545572E+00 -.347567E+01 -.170573E+01 -.166560E+01 0.197128E+02
 0.564247E+00 -.345017E+01 -.167919E+01 -.164568E+01 0.182836E+02
 0.882928E+00 -.346180E+01 -.168439E+01 -.166055E+01 0.218283E+02
 0.714731E+00 -.347584E+01 -.170071E+01 -.166351E+01 0.186527E+02
 0.599570E+00 -.346320E+01 -.168091E+01 -.165338E+01 0.176334E+02
 0.589086E+00 -.346566E+01 -.168396E+01 -.163980E+01 0.176720E+02
 0.529076E+00 -.346083E+01 -.167203E+01 -.161949E+01 0.181091E+02
 0.528685E+00 -.345379E+01 -.169634E+01 -.162477E+01 0.189362E+02
 0.532850E+00 -.346227E+01 -.169901E+01 -.164404E+01 0.189204E+02
 0.597748E+00 -.346368E+01 -.167871E+01 -.164866E+01 0.176281E+02
 0.751299E+00 -.347869E+01 -.163638E+01 -.170056E+01 0.220224E+02
 0.581448E+00 -.344290E+01 -.167512E+01 -.164606E+01 0.187436E+02
 0.626700E+00 -.346184E+01 -.167458E+01 -.165214E+01 0.177333E+02
 0.582765E+00 -.346281E+01 -.166858E+01 -.171688E+01 0.182585E+02
 0.596184E+00 -.346422E+01 -.166978E+01 -.165251E+01 0.176440E+02
 0.597362E+00 -.347377E+01 -.167758E+01 -.164291E+01 0.178584E+02
 0.590844E+00 -.346519E+01 -.168735E+01 -.165729E+01 0.177685E+02
 0.608528E+00 -.345751E+01 -.164089E+01 -.170095E+01 0.180886E+02
 0.599179E+00 -.346318E+01 -.168754E+01 -.165225E+01 0.176851E+02
 0.695371E+00 -.345942E+01 -.164778E+01 -.165098E+01 0.200476E+02
 0.596059E+00 -.346251E+01 -.167704E+01 -.164261E+01 0.176524E+02
 0.610163E+00 -.346149E+01 -.167765E+01 -.165287E+01 0.176400E+02
 0.598993E+00 -.346322E+01 -.168375E+01 -.165320E+01 0.176523E+02
 0.600881E+00 -.346428E+01 -.168007E+01 -.162857E+01 0.177371E+02
 0.602141E+00 -.346324E+01 -.167717E+01 -.165379E+01 0.176243E+02
 0.573197E+00 -.346210E+01 -.160647E+01 -.164737E+01 0.196947E+02
 0.558827E+00 -.346967E+01 -.158440E+01 -.169824E+01 0.191610E+02
 0.657272E+00 -.346243E+01 -.177922E+01 -.165832E+01 0.223853E+02
 0.664814E+00 -.349076E+01 -.176492E+01 -.165019E+01 0.226408E+02
 0.593188E+00 -.346306E+01 -.167789E+01 -.165296E+01 0.176332E+02
 0.589816E+00 -.347582E+01 -.162984E+01 -.164596E+01 0.189928E+02
 0.619637E+00 -.346134E+01 -.167791E+01 -.163497E+01 0.177905E+02
 0.588875E+00 -.346327E+01 -.167941E+01 -.167036E+01 0.177573E+02
 0.656923E+00 -.345734E+01 -.167606E+01 -.164713E+01 0.180555E+02
 0.595104E+00 -.346382E+01 -.164936E+01 -.162819E+01 0.184870E+02
 0.598409E+00 -.346621E+01 -.167733E+01 -.165348E+01 0.176370E+02
 0.622105E+00 -.346231E+01 -.167657E+01 -.164619E+01 0.177174E+02
 0.597519E+00 -.346079E+01 -.166587E+01 -.165571E+01 0.176941E+02
 0.601158E+00 -.346461E+01 -.161816E+01 -.169982E+01 0.185408E+02
 0.124069E+01 -.344817E+01 -.190903E+01 -.143745E+01 0.214737E+02
 0.554499E+00 -.346343E+01 -.172922E+01 -.164923E+01 0.203592E+02
 0.587317E+00 -.347187E+01 -.164968E+01 -.166963E+01 0.178414E+02
 0.580748E+00 -.348434E+01 -.157161E+01 -.174030E+01 0.203911E+02
 0.578316E+00 -.346321E+01 -.163268E+01 -.166057E+01 0.181863E+02
 0.595844E+00 -.345927E+01 -.160304E+01 -.165771E+01 0.202577E+02
 0.677845E+00 -.347730E+01 -.171996E+01 -.169750E+01 0.195748E+02
 0.534005E+00 -.346614E+01 -.167831E+01 -.166845E+01 0.183887E+02
 0.897518E+00 -.345861E+01 -.169879E+01 -.163408E+01 0.215946E+02
 0.662964E+00 -.346291E+01 -.166908E+01 -.165311E+01 0.182338E+02
 0.589094E+00 -.342746E+01 -.168167E+01 -.165219E+01 0.208339E+02
 0.600007E+00 -.346250E+01 -.167222E+01 -.165994E+01 0.176305E+02
 0.589576E+00 -.346082E+01 -.165337E+01 -.165754E+01 0.178277E+02
 0.565754E+00 -.346121E+01 -.167379E+01 -.165749E+01 0.177666E+02
 0.605013E+00 -.345769E+01 -.168116E+01 -.165069E+01 0.176998E+02
 0.573999E+00 -.345451E+01 -.171162E+01 -.161960E+01 0.184253E+02
 0.638453E+00 -.346306E+01 -.163458E+01 -.167329E+01 0.189362E+02
 0.623354E+00 -.348332E+01 -.166482E+01 -.167741E+01 0.186266E+02
 0.619816E+00 -.346782E+01 -.166856E+01 -.163968E+01 0.179660E+02
 0.657494E+00 -.346840E+01 -.166743E+01 -.165816E+01 0.182403E+02
 0.579011E+00 -.346383E+01 -.167555E+01 -.166932E+01 0.177474E+02
 0.617005E+00 -.346131E+01 -.163655E+01 -.179564E+01 0.190984E+02
 0.599645E+00 -.346317E+01 -.167506E+01 -.165273E+01 0.176273E+02
 0.605472E+00 -.346283E+01 -.166299E+01 -.164600E+01 0.178443E+02
 0.612675E+00 -.346327E+01 -.167060E+01 -.165918E+01 0.176714E+02
 0.594020E+00 -.345462E+01 -.167459E+01 -.164980E+01 0.178338E+02
 0.603321E+00 -.346329E+01 -.164889E+01 -.165937E+01 0.180072E+02
 0.602341E+00 -.346304E+01 -.170439E+01 -.163957E+01 0.178710E+02
 0.630496E+00 -.346317E+01 -.168996E+01 -.165295E+01 0.176501E+02
 0.106111E+01 -.343042E+01 -.176052E+01 -.156832E+01 0.223696E+02
 0.678008E+00 -.345060E+01 -.167490E+01 -.169588E+01 0.183257E+02
 0.639735E+00 -.343975E+01 -.163632E+01 -.166213E+01 0.204296E+02
 0.648110E+00 -.346258E+01 -.166987E+01 -.163926E+01 0.182149E+02
 0.665098E+00 -.348576E+01 -.166289E+01 -.183037E+01 0.218383E+02
 0.561662E+00 -.344898E+01 -.172336E+01 -.161852E+01 0.194413E+02
 0.681605E+00 -.346881E+01 -.168529E+01 -.173180E+01 0.187535E+02
 0.398272E+00 -.344477E+01 -.164302E+01 -.166485E+01 0.232845E+02
 0.601987E+00 -.346476E+01 -.167735E+01 -.165124E+01 0.176285E+02
 0.599445E+00 -.346342E+01 -.167846E+01 -.165261E+01 0.176254E+02
 0.596667E+00 -.346530E+01 -.168571E+01 -.167575E+01 0.178970E+02
 0.583245E+00 -.346910E+01 -.170796E+01 -.168914E+01 0.194348E+02
 0.588699E+00 -.346413E+01 -.166972E+01 -.158644E+01 0.189264E+02
 0.603853E+00 -.346759E+01 -.167803E+01 -.165301E+01 0.176601E+02
 0.610923E+00 -.348817E+01 -.165447E+01 -.165955E+01 0.191681E+02
 0.597813E+00 -.346204E+01 -.168798E+01 -.164804E+01 0.176823E+02
 0.606516E+00 -.346076E+01 -.167316E+01 -.176028E+01 0.192580E+02
 0.592469E+00 -.346968E+01 -.168441E+01 -.166150E+01 0.178155E+02
 0.583912E+00 -.346390E+01 -.168134E+01 -.164094E+01 0.176688E+02
 0.573780E+00 -.346268E+01 -.167682E+01 -.163414E+01 0.177161E+02
 0.632406E+00 -.346660E+01 -.167724E+01 -.166608E+01 0.177341E+02
 0.598321E+00 -.346347E+01 -.167808E+01 -.165025E+01 0.176263E+02
 0.595762E+00 -.345775E+01 -.167660E+01 -.165760E+01 0.177154E+02
 0.589757E+00 -.346125E+01 -.168276E+01 -.182060E+01 0.224171E+02
 0.620413E+00 -.347045E+01 -.155614E+01 -.170731E+01 0.232935E+02
 0.601983E+00 -.346407E+01 -.168065E+01 -.166329E+01 0.176629E+02
 0.757541E+00 -.345418E+01 -.167673E+01 -.164637E+01 0.197588E+02
 0.559922E+00 -.346195E+01 -.165206E+01 -.164415E+01 0.178283E+02
 0.600571E+00 -.346521E+01 -.167755E+01 -.165099E+01 0.176302E+02
 0.597994E+00 -.346207E+01 -.167651E+01 -.165551E+01 0.176313E+02
 0.595976E+00 -.342701E+01 -.166626E+01 -.166864E+01 0.209233E+02
 0.596287E+00 -.346385E+01 -.163211E+01 -.164947E+01 0.187157E+02
 0.604475E+00 -.346163E+01 -.166185E+01 -.167751E+01 0.176975E+02
 0.570716E+00 -.348792E+01 -.175613E+01 -.164593E+01 0.235875E+02
 0.603188E+00 -.346312E+01 -.167116E+01 -.167192E+01 0.176504E+02
 0.597619E+00 -.345777E+01 -.168188E+01 -.164632E+01 0.177145E+02
 0.555817E+00 -.344561E+01 -.174027E+01 -.166695E+01 0.227718E+02
 0.520994E+00 -.348418E+01 -.168685E+01 -.160777E+01 0.190015E+02
 0.766582E+00 -.346191E+01 -.167992E+01 -.167880E+01 0.192692E+02
 0.817619E+00 -.346602E+01 -.166672E+01 -.166153E+01 0.217164E+02
 0.602796E+00 -.346324E+01 -.167268E+01 -.165464E+01 0.176367E+02
 0.596303E+00 -.346397E+01 -.167611E+01 -.163618E+01 0.176940E+02
 0.568440E+00 -.346319E+01 -.167059E+01 -.164481E+01 0.176838E+02
 0.631094E+00 -.346783E+01 -.164740E+01 -.166428E+01 0.184159E+02
 0.661244E+00 -.346352E+01 -.166270E+01 -.166328E+01 0.183025E+02
 0.591294E+00 -.346377E+01 -.167652E+01 -.165340E+01 0.176302E+02
 0.493580E+00 -.345652E+01 -.162021E+01 -.169071E+01 0.182725E+02
 0.589968E+00 -.345431E+01 -.167884E+01 -.165391E+01 0.178633E+02
 0.614656E+00 -.346317E+01 -.167051E+01 -.165364E+01 0.177073E+02
 0.600039E+00 -.346535E+01 -.167319E+01 -.160398E+01 0.183434E+02
 0.605678E+00 -.346039E+01 -.168277E+01 -.165257E+01 0.176499E+02
 0.619851E+00 -.346690E+01 -.168977E+01 -.162005E+01 0.178234E+02
 0.614126E+00 -.346916E+01 -.169949E+01 -.165717E+01 0.179471E+02
 0.593405E+00 -.347382E+01 -.165770E+01 -.164629E+01 0.180307E+02
 0.642650E+00 -.345263E+01 -.167140E+01 -.178630E+01 0.198191E+02
 0.599111E+00 -.346277E+01 -.175420E+01 -.164180E+01 0.207693E+02
 0.593985E+00 -.346305E+01 -.169309E+01 -.162662E+01 0.177211E+02
 0.595258E+00 -.346177E+01 -.167812E+01 -.165241E+01 0.176387E+02
 0.602764E+00 -.346311E+01 -.167929E+01 -.165411E+01 0.176254E+02
 0.601377E+00 -.346241E+01 -.167921E+01 -.168617E+01 0.178615E+02
 0.602850E+00 -.346337E+01 -.167777E+01 -.165463E+01 0.176241E+02
 0.606327E+00 -.346223E+01 -.176910E+01 -.160853E+01 0.205739E+02
 0.606213E+00 -.347091E+01 -.165764E+01 -.170665E+01 0.179468E+02
 0.779575E+00 -.345172E+01 -.175136E+01 -.162310E+01 0.181288E+02
 0.771163E+00 -.348253E+01 -.174426E+01 -.163963E+01 0.197678E+02
 0.597334E+00 -.346311E+01 -.167866E+01 -.165422E+01 0.176301E+02
 0.596101E+00 -.345439E+01 -.163880E+01 -.164078E+01 0.188948E+02
 0.592477E+00 -.346196E+01 -.167597E+01 -.166796E+01 0.176845E+02
 0.607845E+00 -.346319E+01 -.166581E+01 -.164550E+01 0.178084E+02
 0.874433E+00 -.346236E+01 -.168184E+01 -.165215E+01 0.220614E+02
 0.659821E+00 -.346771E+01 -.160802E+01 -.165062E+01 0.222216E+02
 0.636905E+00 -.346328E+01 -.173351E+01 -.158782E+01 0.180273E+02
 0.600399E+00 -.346507E+01 -.167721E+01 -.165415E+01 0.176275E+02
 0.762509E+00 -.346315E+01 -.167694E+01 -.166671E+01 0.194919E+02
 0.602802E+00 -.346053E+01 -.167804E+01 -.165645E+01 0.176465E+02
 0.602889E+00 -.346339E+01 -.164445E+01 -.168281E+01 0.179048E+02
 0.540693E+00 -.345854E+01 -.170623E+01 -.153373E+01 0.199162E+02
 0.530052E+00 -.346348E+01 -.162686E+01 -.165257E+01 0.180117E+02
 0.583893E+00 -.347629E+01 -.166618E+01 -.167214E+01 0.179356E+02
 0.590270E+00 -.348743E+01 -.160863E+01 -.173577E+01 0.194314E+02
 0.569233E+00 -.346124E+01 -.165997E+01 -.166039E+01 0.176807E+02
 0.656990E+00 -.347071E+01 -.164916E+01 -.164939E+01 0.192263E+02
 0.390764E+00 -.347679E+01 -.151423E+01 -.165594E+01 0.193879E+02
 0.598575E+00 -.346020E+01 -.173158E+01 -.166185E+01 0.197005E+02
 0.501243E+00 -.346380E+01 -.165472E+01 -.165680E+01 0.181636E+02
 0.637927E+00 -.346264E+01 -.167935E+01 -.167020E+01 0.177130E+02
 0.594435E+00 -.346100E+01 -.169399E+01 -.165113E+01 0.178241E+02
 0.598058E+00 -.345903E+01 -.167099E+01 -.167338E+01 0.177117E+02
 0.606148E+00 -.345926E+01 -.169704E+01 -.165930E+01 0.178978E+02
 0.504773E+00 -.346776E+01 -.156963E+01 -.173994E+01 0.182744E+02
 0.605898E+00 -.346909E+01 -.168845E+01 -.165490E+01 0.177617E+02
 0.620092E+00 -.346386E+01 -.163332E+01 -.163829E+01 0.194832E+02
 0.691964E+00 -.349139E+01 -.166606E+01 -.170169E+01 0.204378E+02
 0.626212E+00 -.345737E+01 -.166596E+01 -.163749E+01 0.181738E+02
 0.590429E+00 -.348193E+01 -.167689E+01 -.164748E+01 0.183131E+02
 0.550761E+00 -.346333E+01 -.167464E+01 -.165561E+01 0.178814E+02
 0.620538E+00 -.344609E+01 -.161321E+01 -.160517E+01 0.235196E+02
 0.603193E+00 -.346320E+01 -.167737E+01 -.165303E+01 0.176250E+02
 0.478355E+00 -.346325E+01 -.163538E+01 -.165400E+01 0.181976E+02
 0.593464E+00 -.346228E+01 -.165983E+01 -.179276E+01 0.197823E+02
 0.600840E+00 -.345672E+01 -.169958E+01 -.176858E+01 0.213830E+02
 0.607907E+00 -.346323E+01 -.167707E+01 -.164696E+01 0.176484E+02
 0.620393E+00 -.346751E+01 -.160289E+01 -.164970E+01 0.212594E+02
 0.607215E+00 -.346263E+01 -.168809E+01 -.166964E+01 0.177939E+02
 0.598361E+00 -.346286E+01 -.161897E+01 -.165632E+01 0.192714E+02
 0.640994E+00 -.346313E+01 -.166674E+01 -.165407E+01 0.180090E+02
 0.634946E+00 -.349395E+01 -.162830E+01 -.166155E+01 0.213348E+02
 0.607734E+00 -.346453E+01 -.167974E+01 -.164388E+01 0.176480E+02
 0.604522E+00 -.343744E+01 -.167034E+01 -.159514E+01 0.204229E+02
 0.679534E+00 -.346837E+01 -.175884E+01 -.160704E+01 0.186985E+02
 0.610779E+00 -.345895E+01 -.170920E+01 -.166085E+01 0.182423E+02
 0.592942E+00 -.347849E+01 -.167686E+01 -.169212E+01 0.184103E+02
 0.599448E+00 -.346175E+01 -.167826E+01 -.165276E+01 0.176338E+02
 0.603416E+00 -.346360E+01 -.167690E+01 -.165339E+01 0.176250E+02
 0.595707E+00 -.346243E+01 -.171082E+01 -.166060E+01 0.185008E+02
 0.607003E+00 -.346054E+01 -.169412E+01 -.167746E+01 0.180609E+02
 0.603969E+00 -.346274E+01 -.166884E+01 -.164380E+01 0.177490E+02
 0.596479E+00 -.347005E+01 -.168154E+01 -.165386E+01 0.177326E+02
 0.605517E+00 -.345417E+01 -.167732E+01 -.165780E+01 0.178233E+02
 0.623709E+00 -.346487E+01 -.168551E+01 -.164708E+01 0.176546E+02
 0.602379E+00 -.346897E+01 -.166892E+01 -.172370E+01 0.183045E+02
 0.595068E+00 -.346392E+01 -.166373E+01 -.164867E+01 0.177298E+02
 0.611638E+00 -.346326E+01 -.167657E+01 -.165855E+01 0.176332E+02
 0.600918E+00 -.350584E+01 -.167714E+01 -.165532E+01 0.212931E+02
 0.628235E+00 -.346320E+01 -.167714E+01 -.164007E+01 0.178004E+02
 0.596051E+00 -.346649E+01 -.167862E+01 -.165923E+01 0.176592E+02
 0.598253E+00 -.346325E+01 -.167774E+01 -.165022E+01 0.176268E+02
 0.597086E+00 -.345931E+01 -.167802E+01 -.166329E+01 0.176989E+02
 0.583432E+00 -.346451E+01 -.168496E+01 -.166820E+01 0.178884E+02
 0.524264E+00 -.344744E+01 -.167724E+01 -.169001E+01 0.199042E+02
 0.613234E+00 -.345562E+01 -.165517E+01 -.166221E+01 0.180744E+02
 0.602776E+00 -.346688E+01 -.167621E+01 -.165740E+01 0.176473E+02
 0.599234E+00 -.345965E+01 -.167682E+01 -.166025E+01 0.176696E+02
 0.607710E+00 -.349180E+01 -.164619E+01 -.166250E+01 0.196691E+02
 0.602413E+00 -.346334E+01 -.171440E+01 -.165733E+01 0.184877E+02
 0.680107E+00 -.346410E+01 -.174490E+01 -.170508E+01 0.207546E+02
 0.615047E+00 -.346374E+01 -.168303E+01 -.165262E+01 0.176316E+02
 0.607562E+00 -.345793E+01 -.167968E+01 -.165405E+01 0.176914E+02
 0.609422E+00 -.343043E+01 -.162583E+01 -.165769E+01 0.219480E+02
 0.617702E+00 -.346534E+01 -.166187E+01 -.163366E+01 0.182060E+02
 0.699016E+00 -.345328E+01 -.164240E+01 -.166202E+01 0.203478E+02
 0.603789E+00 -.346309E+01 -.167132E+01 -.165485E+01 0.176473E+02
 0.595663E+00 -.345989E+01 -.167198E+01 -.164878E+01 0.176854E+02
 0.640136E+00 -.346511E+01 -.167163E+01 -.167780E+01 0.178077E+02
 0.665116E+00 -.347255E+01 -.165853E+01 -.169309E+01 0.185195E+02
 0.701049E+00 -.346284E+01 -.166898E+01 -.166315E+01 0.187192E+02
 0.592807E+00 -.346354E+01 -.167840E+01 -.165525E+01 0.176387E+02
 0.592001E+00 -.347585E+01 -.168380E+01 -.165061E+01 0.179833E+02
 0.594268E+00 -.346527E+01 -.167809E+01 -.165463E+01 0.176361E+02
 0.601209E+00 -.346755E+01 -.166484E+01 -.159712E+01 0.189190E+02
 0.609547E+00 -.346034E+01 -.167854E+01 -.165380E+01 0.176476E+02
 0.639045E+00 -.347289E+01 -.160107E+01 -.164695E+01 0.223526E+02
 0.610424E+00 -.345710E+01 -.169606E+01 -.165771E+01 0.178680E+02
 0.621662E+00 -.346941E+01 -.165982E+01 -.164631E+01 0.181619E+02
 0.615715E+00 -.346165E+01 -.170144E+01 -.173056E+01 0.196639E+02
 0.601105E+00 -.346273E+01 -.167397E+01 -.165392E+01 0.176316E+02
 0.707134E+00 -.346716E+01 -.178633E+01 -.165476E+01 0.219550E+02
 0.611098E+00 -.346324E+01 -.168555E+01 -.164484E+01 0.176317E+02
 0.586220E+00 -.346317E+01 -.167819E+01 -.165483E+01 0.176586E+02
 0.605757E+00 -.346304E+01 -.167559E+01 -.165522E+01 0.176291E+02
 0.603934E+00 -.346128E+01 -.167694E+01 -.171297E+01 0.182435E+02
 0.603401E+00 -.346347E+01 -.167824E+01 -.165529E+01 0.176246E+02
 0.607389E+00 -.346858E+01 -.170919E+01 -.158869E+01 0.181087E+02
 0.631019E+00 -.347564E+01 -.170059E+01 -.171840E+01 0.194507E+02
 0.620117E+00 -.346211E+01 -.159211E+01 -.173971E+01 0.198490E+02
 0.607458E+00 -.346328E+01 -.167872E+01 -.165547E+01 0.176254E+02
 0.604358E+00 -.346083E+01 -.164654E+01 -.169824E+01 0.178801E+02
 0.582053E+00 -.346425E+01 -.167708E+01 -.167140E+01 0.177703E+02
 0.623577E+00 -.346276E+01 -.166750E+01 -.164252E+01 0.179446E+02
 0.607099E+00 -.346885E+01 -.166161E+01 -.165741E+01 0.178189E+02
 0.629911E+00 -.346299E+01 -.174525E+01 -.157949E+01 0.183026E+02
 0.602178E+00 -.346272E+01 -.167743E+01 -.165329E+01 0.176260E+02
 0.758130E+00 -.346319E+01 -.168105E+01 -.167320E+01 0.191373E+02
 0.601215E+00 -.346761E+01 -.168653E+01 -.165676E+01 0.177297E+02
 0.601773E+00 -.346348E+01 -.170383E+01 -.164581E+01 0.179254E+02
 0.605585E+00 -.345208E+01 -.168459E+01 -.165583E+01 0.179332E+02
 0.599207E+00 -.342708E+01 -.167853E+01 -.178404E+01 0.235269E+02
 0.598589E+00 -.345347E+01 -.167576E+01 -.171074E+01 0.184330E+02
 0.582712E+00 -.346789E+01 -.168047E+01 -.165594E+01 0.177289E+02
 0.605990E+00 -.346329E+01 -.170257E+01 -.165345E+01 0.179428E+02
 0.463892E+00 -.348394E+01 -.161478E+01 -.165521E+01 0.183311E+02
 0.598817E+00 -.346538E+01 -.167116E+01 -.165903E+01 0.176311E+02
 0.588250E+00 -.346303E+01 -.169298E+01 -.165513E+01 0.178846E+02
 0.605328E+00 -.346314E+01 -.168456E+01 -.165599E+01 0.176513E+02
 0.614487E+00 -.346377E+01 -.167661E+01 -.176210E+01 0.193643E+02
 0.596198E+00 -.346951E+01 -.168621E+01 -.165124E+01 0.177564E+02
 0.626944E+00 -.346431E+01 -.167196E+01 -.165114E+01 0.177877E+02
 0.598886E+00 -.347315E+01 -.167122E+01 -.165740E+01 0.178116E+02
 0.470060E+00 -.346751E+01 -.159814E+01 -.165072E+01 0.182548E+02
 0.565123E+00 -.346446E+01 -.168326E+01 -.161916E+01 0.178406E+02
 0.609609E+00 -.349053E+01 -.168227E+01 -.168740E+01 0.194986E+02
 0.614328E+00 -.345098E+01 -.168285E+01 -.166871E+01 0.180100E+02
 0.545493E+00 -.346421E+01 -.168351E+01 -.166782E+01 0.183680E+02
 0.576159E+00 -.346297E+01 -.166216E+01 -.165667E+01 0.176522E+02
 0.601562E+00 -.345632E+01 -.164248E+01 -.165560E+01 0.184117E+02
 0.601233E+00 -.346338E+01 -.167979E+01 -.165459E+01 0.176282E+02
 0.599137E+00 -.346597E+01 -.171056E+01 -.179452E+01 0.236655E+02
 0.599114E+00 -.346324E+01 -.167596E+01 -.164867E+01 0.176331E+02
 0.593359E+00 -.347727E+01 -.165857E+01 -.166871E+01 0.180171E+02
 0.605501E+00 -.346226E+01 -.171374E+01 -.166007E+01 0.184662E+02
 0.600916E+00 -.346300E+01 -.165833E+01 -.166197E+01 0.177511E+02
 0.607509E+00 -.346373E+01 -.165541E+01 -.165170E+01 0.179716E+02
 0.630786E+00 -.349887E+01 -.166781E+01 -.165930E+01 0.205384E+02
 0.571623E+00 -.346504E+01 -.168466E+01 -.165133E+01 0.178238E+02
 0.704588E+00 -.348303E+01 -.171051E+01 -.164452E+01 0.191114E+02
 0.589250E+00 -.345133E+01 -.170262E+01 -.160083E+01 0.182688E+02
 0.595116E+00 -.348110E+01 -.168045E+01 -.177805E+01 0.210809E+02
 0.602767E+00 -.346089E+01 -.167577E+01 -.165663E+01 0.176418E+02
 0.603579E+00 -.346350E+01 -.167607E+01 -.165415E+01 0.176259E+02
 0.582711E+00 -.346069E+01 -.166365E+01 -.165374E+01 0.176922E+02
 0.629141E+00 -.345441E+01 -.165976E+01 -.164744E+01 0.183434E+02
 0.611379E+00 -.346213E+01 -.167841E+01 -.172286E+01 0.184304E+02
 0.591876E+00 -.346145E+01 -.167956E+01 -.165499E+01 0.176623E+02
 0.588061E+00 -.343846E+01 -.168587E+01 -.165729E+01 0.192586E+02
 0.638920E+00 -.346628E+01 -.167286E+01 -.165310E+01 0.178831E+02
 0.599750E+00 -.346911E+01 -.167311E+01 -.163574E+01 0.178007E+02
 0.600185E+00 -.346105E+01 -.166722E+01 -.164771E+01 0.177361E+02
 0.628119E+00 -.346289E+01 -.167301E+01 -.166699E+01 0.177073E+02
 0.629685E+00 -.346361E+01 -.167759E+01 -.165365E+01 0.177057E+02
 0.569802E+00 -.346192E+01 -.167968E+01 -.165036E+01 0.177683E+02
 0.602302E+00 -.346336E+01 -.167187E+01 -.165685E+01 0.176345E+02
 0.601815E+00 -.346525E+01 -.168118E+01 -.164050E+01 0.176517E+02
 0.569419E+00 -.346428E+01 -.166978E+01 -.165259E+01 0.176613E+02
 0.495314E+00 -.347823E+01 -.167764E+01 -.168461E+01 0.199900E+02
 0.639488E+00 -.345977E+01 -.168187E+01 -.166954E+01 0.177187E+02
 0.603318E+00 -.346370E+01 -.167639E+01 -.165906E+01 0.176260E+02
 0.600191E+00 -.346177E+01 -.167777E+01 -.165737E+01 0.176361E+02
 0.598754E+00 -.347942E+01 -.164611E+01 -.165388E+01 0.185614E+02
 0.610417E+00 -.346298E+01 -.172797E+01 -.166339E+01 0.192400E+02
 0.589389E+00 -.346264E+01 -.165362E+01 -.166993E+01 0.177142E+02
 0.604143E+00 -.346304E+01 -.168155E+01 -.163941E+01 0.176514E+02
 0.606222E+00 -.346991E+01 -.167630E+01 -.166006E+01 0.177181E+02
 0.614499E+00 -.346067E+01 -.161934E+01 -.165604E+01 0.196916E+02
 0.681391E+00 -.345055E+01 -.165482E+01 -.171104E+01 0.188411E+02
 0.481702E+00 -.346432E+01 -.165259E+01 -.165994E+01 0.185170E+02
 0.601734E+00 -.346323E+01 -.167728E+01 -.165460E+01 0.176241E+02
 0.591159E+00 -.346225E+01 -.167762E+01 -.166790E+01 0.177049E+02
 0.628050E+00 -.346384E+01 -.168030E+01 -.165304E+01 0.176744E+02
 0.537559E+00 -.345051E+01 -.167139E+01 -.167086E+01 0.187172E+02
 0.630271E+00 -.346288E+01 -.169183E+01 -.164756E+01 0.176444E+02
 0.609017E+00 -.346329E+01 -.167948E+01 -.165157E+01 0.176274E+02
 0.597689E+00 -.348427E+01 -.168345E+01 -.164317E+01 0.185529E+02
 0.591336E+00 -.346463E+01 -.168999E+01 -.165458E+01 0.177886E+02
 0.592853E+00 -.346525E+01 -.166233E+01 -.167698E+01 0.176536E+02
 0.593637E+00 -.346159E+01 -.166995E+01 -.165378E+01 0.176499E+02
 0.508962E+00 -.346547E+01 -.161219E+01 -.165727E+01 0.180885E+02
 0.568359E+00 -.345871E+01 -.167366E+01 -.166934E+01 0.178861E+02
 0.587325E+00 -.346425E+01 -.163843E+01 -.164446E+01 0.184074E+02
 0.599959E+00 -.343769E+01 -.174034E+01 -.166091E+01 0.215784E+02
 0.591454E+00 -.348133E+01 -.169312E+01 -.160610E+01 0.185506E+02
 0.604858E+00 -.346322E+01 -.161276E+01 -.166418E+01 0.195753E+02
 0.619999E+00 -.346342E+01 -.166900E+01 -.167200E+01 0.176989E+02
 0.593964E+00 -.346430E+01 -.167766E+01 -.165612E+01 0.176340E+02
 0.601860E+00 -.346333E+01 -.167452E+01 -.165479E+01 0.176273E+02
 0.601905E+00 -.346233E+01 -.167719E+01 -.166340E+01 0.176435E+02
 0.603251E+00 -.346340E+01 -.167814E+01 -.165455E+01 0.176242E+02
 0.605683E+00 -.347015E+01 -.160482E+01 -.163744E+01 0.211558E+02
 0.572826E+00 -.345525E+01 -.170994E+01 -.164946E+01 0.187956E+02
 0.655495E+00 -.346326E+01 -.172402E+01 -.173105E+01 0.205667E+02
 0.601461E+00 -.346331E+01 -.167809E+01 -.165383E+01 0.176244E+02
 0.535101E+00 -.347010E+01 -.165197E+01 -.171626E+01 0.183188E+02
 0.600202E+00 -.346366E+01 -.167905E+01 -.164850E+01 0.176270E+02
 0.617770E+00 -.346260E+01 -.168364E+01 -.166323E+01 0.176583E+02
 0.568756E+00 -.345766E+01 -.173057E+01 -.165324E+01 0.202118E+02
 0.619670E+00 -.346355E+01 -.166304E+01 -.159772E+01 0.192681E+02
 0.604482E+00 -.346182E+01 -.167786E+01 -.165417E+01 0.176310E+02
 0.680453E+00 -.346264E+01 -.168061E+01 -.165271E+01 0.181155E+02
 0.599882E+00 -.346564E+01 -.166995E+01 -.165818E+01 0.176407E+02
 0.601940E+00 -.346435E+01 -.166888E+01 -.166686E+01 0.176383E+02
 0.900000E+00 -.346680E+01 -.179082E+01 -.164768E+01 0.205139E+02
 0.639986E+00 -.346364E+01 -.165285E+01 -.164721E+01 0.186141E+02
 0.619868E+00 -.345168E+01 -.167211E+01 -.164245E+01 0.181100E+02
 0.542743E+00 -.343450E+01 -.165333E+01 -.168043E+01 0.202606E+02
 0.595789E+00 -.346633E+01 -.167202E+01 -.165272E+01 0.176415E+02
 0.671784E+00 -.345849E+01 -.163117E+01 -.166876E+01 0.201000E+02
 0.605102E+00 -.346213E+01 -.164668E+01 -.165045E+01 0.182497E+02
 0.680006E+00 -.346628E+01 -.169028E+01 -.165438E+01 0.179577E+02
 0.581620E+00 -.346350E+01 -.168867E+01 -.163942E+01 0.177482E+02
 0.709830E+00 -.346375E+01 -.162279E+01 -.165650E+01 0.223732E+02
 0.591097E+00 -.347481E+01 -.167970E+01 -.164948E+01 0.178930E+02
 0.609099E+00 -.346461E+01 -.166186E+01 -.166170E+01 0.177495E+02
 0.623327E+00 -.346353E+01 -.167955E+01 -.180604E+01 0.208912E+02
 0.584838E+00 -.347321E+01 -.167177E+01 -.164652E+01 0.178047E+02
 0.610507E+00 -.346868E+01 -.165402E+01 -.165251E+01 0.180770E+02
 0.594025E+00 -.346602E+01 -.165932E+01 -.165301E+01 0.177577E+02
 0.613833E+00 -.347200E+01 -.160963E+01 -.163907E+01 0.210227E+02
 0.493859E+00 -.346454E+01 -.169268E+01 -.167339E+01 0.205817E+02
 0.550759E+00 -.346756E+01 -.166703E+01 -.165560E+01 0.177454E+02
 0.606710E+00 -.346234E+01 -.169514E+01 -.167414E+01 0.180283E+02
 0.548904E+00 -.345225E+01 -.168288E+01 -.166713E+01 0.186767E+02
 0.634879E+00 -.346318E+01 -.166761E+01 -.166243E+01 0.178499E+02
 0.588616E+00 -.346663E+01 -.170117E+01 -.169362E+01 0.190040E+02
 0.598359E+00 -.346347E+01 -.168031E+01 -.165532E+01 0.176366E+02
 0.711761E+00 -.346383E+01 -.163246E+01 -.166159E+01 0.213793E+02
 0.604418E+00 -.346697E+01 -.165456E+01 -.162637E+01 0.184721E+02
 0.582769E+00 -.346325E+01 -.167272E+01 -.166655E+01 0.176744E+02
 0.568004E+00 -.346562E+01 -.172353E+01 -.166333E+01 0.199949E+02
 0.601199E+00 -.346244E+01 -.164752E+01 -.165276E+01 0.181263E+02
 0.613379E+00 -.346319E+01 -.172677E+01 -.166103E+01 0.190404E+02
 0.585081E+00 -.346386E+01 -.166842E+01 -.165361E+01 0.176322E+02
 0.614507E+00 -.345092E+01 -.163740E+01 -.166030E+01 0.189994E+02
 0.567035E+00 -.346456E+01 -.167483E+01 -.165132E+01 0.177096E+02
 0.585420E+00 -.348153E+01 -.170500E+01 -.165625E+01 0.190468E+02
 0.648665E+00 -.346170E+01 -.168838E+01 -.166235E+01 0.177047E+02
 0.605602E+00 -.346623E+01 -.167691E+01 -.165840E+01 0.176425E+02
 0.603202E+00 -.346324E+01 -.167595E+01 -.165482E+01 0.176255E+02
 0.588266E+00 -.346355E+01 -.163029E+01 -.165550E+01 0.185175E+02
 0.630745E+00 -.346650E+01 -.166180E+01 -.163061E+01 0.184753E+02
 0.559480E+00 -.347909E+01 -.161679E+01 -.165287E+01 0.189151E+02
 0.594155E+00 -.346349E+01 -.168091E+01 -.172391E+01 0.187264E+02
 0.600643E+00 -.346533E+01 -.167561E+01 -.165274E+01 0.176311E+02
 0.586853E+00 -.345802E+01 -.165728E+01 -.165772E+01 0.178172E+02
 0.648737E+00 -.346510E+01 -.167629E+01 -.165307E+01 0.178901E+02
 0.598698E+00 -.346663E+01 -.168175E+01 -.159278E+01 0.184002E+02
 0.585225E+00 -.346338E+01 -.167891E+01 -.166143E+01 0.177006E+02
 0.603239E+00 -.346280E+01 -.167707E+01 -.164792E+01 0.176371E+02
 0.591818E+00 -.346313E+01 -.167752E+01 -.166250E+01 0.176629E+02
 0.571709E+00 -.346391E+01 -.167797E+01 -.165791E+01 0.177514E+02
 0.603557E+00 -.346347E+01 -.167515E+01 -.166051E+01 0.176270E+02
 0.606604E+00 -.346838E+01 -.168131E+01 -.163230E+01 0.177588E+02
 0.619445E+00 -.346127E+01 -.167370E+01 -.152977E+01 0.227911E+02
 0.572491E+00 -.346403E+01 -.165316E+01 -.164637E+01 0.178064E+02
 0.684408E+00 -.348646E+01 -.167671E+01 -.163731E+01 0.199443E+02
 0.624831E+00 -.346532E+01 -.169297E+01 -.165431E+01 0.176943E+02
 0.603108E+00 -.346096E+01 -.167764E+01 -.165582E+01 0.176400E+02
 0.602288E+00 -.346484E+01 -.167737E+01 -.165249E+01 0.176277E+02
 0.590302E+00 -.345391E+01 -.167172E+01 -.165228E+01 0.178765E+02
 0.606923E+00 -.346288E+01 -.162948E+01 -.165773E+01 0.188608E+02
 0.544800E+00 -.346048E+01 -.159464E+01 -.164965E+01 0.196769E+02
 0.595655E+00 -.346287E+01 -.167740E+01 -.167162E+01 0.177067E+02
 0.557958E+00 -.346763E+01 -.161545E+01 -.182616E+01 0.194706E+02
 0.600956E+00 -.347430E+01 -.168199E+01 -.164839E+01 0.178824E+02
 0.563386E+00 -.348379E+01 -.164028E+01 -.165574E+01 0.185052E+02
 0.690990E+00 -.346269E+01 -.165669E+01 -.169022E+01 0.187574E+02
 0.749575E+00 -.345352E+01 -.168436E+01 -.165112E+01 0.190928E+02
 0.441391E+00 -.347068E+01 -.169851E+01 -.166415E+01 0.234403E+02
 0.600919E+00 -.346355E+01 -.168230E+01 -.165445E+01 0.176405E+02
 0.596685E+00 -.346521E+01 -.168155E+01 -.166870E+01 0.177365E+02
 0.586639E+00 -.346253E+01 -.168679E+01 -.163440E+01 0.177014E+02
 0.446303E+00 -.344926E+01 -.168313E+01 -.166279E+01 0.227095E+02
 0.563501E+00 -.346361E+01 -.170688E+01 -.164577E+01 0.186068E+02
 0.616918E+00 -.346310E+01 -.167968E+01 -.165323E+01 0.176389E+02
 0.630135E+00 -.347188E+01 -.166979E+01 -.166931E+01 0.179310E+02
 0.601513E+00 -.347773E+01 -.167547E+01 -.164564E+01 0.180713E+02
 0.601367E+00 -.346206E+01 -.168259E+01 -.165106E+01 0.176385E+02
 0.571459E+00 -.346236E+01 -.168376E+01 -.171450E+01 0.189751E+02
 0.590563E+00 -.346469E+01 -.167582E+01 -.165352E+01 0.176295E+02
 0.535466E+00 -.345804E+01 -.170614E+01 -.166490E+01 0.198933E+02
 0.597669E+00 -.347239E+01 -.166174E+01 -.166051E+01 0.178282E+02
 0.580840E+00 -.346116E+01 -.169885E+01 -.165481E+01 0.181550E+02
 0.632540E+00 -.346517E+01 -.166021E+01 -.158323E+01 0.204088E+02
 0.603862E+00 -.346336E+01 -.166467E+01 -.166129E+01 0.176831E+02
 0.550227E+00 -.348771E+01 -.163841E+01 -.165313E+01 0.187410E+02
 0.533920E+00 -.346096E+01 -.165179E+01 -.164934E+01 0.178413E+02
 0.600293E+00 -.346265E+01 -.167452E+01 -.165729E+01 0.176268E+02
 0.609342E+00 -.346413E+01 -.167736E+01 -.165492E+01 0.176306E+02
 0.599296E+00 -.346337E+01 -.168325E+01 -.165411E+01 0.176504E+02
 0.600553E+00 -.346373E+01 -.168072E+01 -.160387E+01 0.181356E+02
 0.602252E+00 -.346328E+01 -.167796E+01 -.165409E+01 0.176242E+02
 0.606236E+00 -.345877E+01 -.168057E+01 -.170121E+01 0.181365E+02
 0.534753E+00 -.344684E+01 -.162103E+01 -.165847E+01 0.191342E+02
 0.623878E+00 -.345887E+01 -.159454E+01 -.170155E+01 0.204742E+02
 0.641019E+00 -.346311E+01 -.178627E+01 -.159998E+01 0.208161E+02
 0.598156E+00 -.346341E+01 -.167747E+01 -.165328E+01 0.176250E+02
 0.545917E+00 -.347339E+01 -.166679E+01 -.170670E+01 0.185774E+02
 0.616214E+00 -.346319E+01 -.167869E+01 -.163184E+01 0.177867E+02
 0.605506E+00 -.346374E+01 -.168717E+01 -.167621E+01 0.178660E+02
 0.650958E+00 -.345557E+01 -.173612E+01 -.164850E+01 0.186397E+02
 0.614032E+00 -.346384E+01 -.170758E+01 -.164780E+01 0.179389E+02
 0.603515E+00 -.346226E+01 -.167752E+01 -.165493E+01 0.176280E+02
 0.556382E+00 -.346186E+01 -.167813E+01 -.165053E+01 0.178721E+02
 0.598751E+00 -.346035E+01 -.166351E+01 -.165821E+01 0.177198E+02
 0.602808E+00 -.346494E+01 -.164453E+01 -.167544E+01 0.179462E+02
 0.145454E+01 -.343042E+01 -.181241E+01 -.162603E+01 0.218710E+02
 0.568426E+00 -.347450E+01 -.165056E+01 -.169128E+01 0.178557E+02
 0.479542E+00 -.347825E+01 -.165509E+01 -.168140E+01 0.190814E+02
 0.605952E+00 -.346466E+01 -.167267E+01 -.165193E+01 0.176556E+02
 0.451192E+00 -.346334E+01 -.150311E+01 -.163976E+01 0.231938E+02
 0.597151E+00 -.346070E+01 -.166212E+01 -.165495E+01 0.177456E+02
 0.628471E+00 -.347349E+01 -.175603E+01 -.165990E+01 0.212764E+02
 0.597175E+00 -.346431E+01 -.167231E+01 -.165142E+01 0.176361E+02
 0.614448E+00 -.346364E+01 -.168413E+01 -.164607E+01 0.176347E+02
 0.690920E+00 -.346363E+01 -.168390E+01 -.157884E+01 0.203028E+02
 0.574847E+00 -.342529E+01 -.167734E+01 -.165091E+01 0.214208E+02
 0.598078E+00 -.346336E+01 -.167296E+01 -.165481E+01 0.176275E+02
 0.620257E+00 -.346427E+01 -.168199E+01 -.152277E+01 0.227068E+02
 0.581484E+00 -.346376E+01 -.166353E+01 -.166139E+01 0.176315E+02
 0.544345E+00 -.346366E+01 -.166718E+01 -.165673E+01 0.178209E+02
 0.606378E+00 -.345906E+01 -.169231E+01 -.165098E+01 0.177387E+02
 0.638651E+00 -.346153E+01 -.169611E+01 -.164068E+01 0.176533E+02
 0.520521E+00 -.346360E+01 -.166669E+01 -.170418E+01 0.189614E+02
 0.520222E+00 -.344611E+01 -.165842E+01 -.163040E+01 0.190564E+02
 0.600228E+00 -.347175E+01 -.168505E+01 -.164351E+01 0.177909E+02
 0.625356E+00 -.346810E+01 -.166913E+01 -.165781E+01 0.178293E+02
 0.660691E+00 -.346339E+01 -.167676E+01 -.166442E+01 0.179090E+02
 0.613565E+00 -.346072E+01 -.171269E+01 -.166144E+01 0.183369E+02
 0.599991E+00 -.346334E+01 -.167396E+01 -.165085E+01 0.176355E+02
 0.543665E+00 -.346318E+01 -.174160E+01 -.165519E+01 0.221728E+02
 0.607460E+00 -.345911E+01 -.169264E+01 -.154593E+01 0.200866E+02
 0.594323E+00 -.346312E+01 -.167210E+01 -.165368E+01 0.176292E+02
 0.563331E+00 -.345770E+01 -.170370E+01 -.165782E+01 0.188036E+02
 0.601283E+00 -.346338E+01 -.162991E+01 -.166029E+01 0.186671E+02
 0.619635E+00 -.346341E+01 -.172958E+01 -.165319E+01 0.188778E+02
 0.584832E+00 -.346374E+01 -.170220E+01 -.165306E+01 0.181741E+02
 0.496025E+00 -.345876E+01 -.158320E+01 -.165793E+01 0.191293E+02
 0.597221E+00 -.342538E+01 -.167045E+01 -.165534E+01 0.211959E+02
 0.598013E+00 -.346270E+01 -.167524E+01 -.165561E+01 0.176262E+02
 0.627445E+00 -.348583E+01 -.166212E+01 -.170876E+01 0.190440E+02
 0.588286E+00 -.343947E+01 -.174462E+01 -.161625E+01 0.206113E+02
 0.637199E+00 -.347180E+01 -.166318E+01 -.170877E+01 0.181594E+02
 0.604095E+00 -.346426E+01 -.167763E+01 -.165643E+01 0.176258E+02
 0.602466E+00 -.346362E+01 -.167687E+01 -.165515E+01 0.176237E+02
 0.608525E+00 -.346542E+01 -.164298E+01 -.167225E+01 0.180898E+02
 0.597734E+00 -.346503E+01 -.169298E+01 -.166770E+01 0.179596E+02
 0.588034E+00 -.346390E+01 -.167272E+01 -.160517E+01 0.182204E+02
 0.608228E+00 -.346707E+01 -.167426E+01 -.165246E+01 0.176743E+02
 0.609291E+00 -.347970E+01 -.165048E+01 -.165660E+01 0.185742E+02
 0.628868E+00 -.346171E+01 -.169126E+01 -.165446E+01 0.176562E+02
 0.601195E+00 -.346422E+01 -.167637E+01 -.168777E+01 0.178305E+02
 0.581931E+00 -.346689E+01 -.168434E+01 -.166704E+01 0.178895E+02
 0.586277E+00 -.346342E+01 -.168037E+01 -.164740E+01 0.176571E+02
 0.599952E+00 -.343304E+01 -.167791E+01 -.165417E+01 0.198263E+02
 0.585941E+00 -.346293E+01 -.167771E+01 -.164876E+01 0.176479E+02
 0.631695E+00 -.346656E+01 -.167687E+01 -.166386E+01 0.177318E+02
 0.597279E+00 -.346342E+01 -.167808E+01 -.165810E+01 0.176347E+02
 0.603239E+00 -.346439E+01 -.168012E+01 -.164345E+01 0.176402E+02
 0.601812E+00 -.346393E+01 -.167933E+01 -.181525E+01 0.216188E+02
 0.607557E+00 -.346366E+01 -.167294E+01 -.164550E+01 0.176935E+02
 0.736043E+00 -.345876E+01 -.167541E+01 -.161295E+01 0.203734E+02
 0.596224E+00 -.346752E+01 -.167309E+01 -.164886E+01 0.176656E+02
 0.603045E+00 -.346547E+01 -.167840E+01 -.165610E+01 0.176336E+02
 0.604672E+00 -.346647E+01 -.167748E+01 -.164983E+01 0.176493E+02
 0.587177E+00 -.345261E+01 -.168906E+01 -.166618E+01 0.182124E+02
 0.599126E+00 -.346343E+01 -.161032E+01 -.165280E+01 0.199253E+02
 0.670776E+00 -.346439E+01 -.160959E+01 -.166736E+01 0.217765E+02
 0.563473E+00 -.347525E+01 -.161021E+01 -.164951E+01 0.192333E+02
 0.593879E+00 -.346306E+01 -.167453E+01 -.166275E+01 0.176383E+02
 0.597918E+00 -.346327E+01 -.168023E+01 -.164203E+01 0.176416E+02
 0.581120E+00 -.348586E+01 -.169779E+01 -.165528E+01 0.191566E+02
 0.560407E+00 -.347935E+01 -.168078E+01 -.161347E+01 0.183242E+02
 0.867946E+00 -.345033E+01 -.168827E+01 -.167387E+01 0.208893E+02
 0.558321E+00 -.346754E+01 -.167709E+01 -.167310E+01 0.180335E+02
 0.602130E+00 -.346357E+01 -.167973E+01 -.165455E+01 0.176270E+02
 0.589971E+00 -.346283E+01 -.167816E+01 -.165748E+01 0.176549E+02
 0.577549E+00 -.346411E+01 -.167602E+01 -.163037E+01 0.177253E+02
 0.581319E+00 -.345619E+01 -.166859E+01 -.166136E+01 0.177992E+02
 0.622980E+00 -.346376E+01 -.166022E+01 -.165022E+01 0.180323E+02
 0.609210E+00 -.346384E+01 -.167847E+01 -.165281E+01 0.176291E+02
 0.818501E+00 -.346697E+01 -.164858E+01 -.167972E+01 0.228841E+02
 0.583866E+00 -.343690E+01 -.167270E+01 -.164686E+01 0.194313E+02
 0.614780E+00 -.346150E+01 -.167570E+01 -.165156E+01 0.176687E+02
 0.557503E+00 -.346769E+01 -.167946E+01 -.161750E+01 0.178886E+02
 0.589586E+00 -.346648E+01 -.168143E+01 -.165406E+01 0.176820E+02
 0.614016E+00 -.346134E+01 -.169232E+01 -.165995E+01 0.177395E+02
 0.612586E+00 -.345930E+01 -.171159E+01 -.162560E+01 0.178586E+02
 0.614175E+00 -.346137E+01 -.168754E+01 -.166285E+01 0.176990E+02
 0.599773E+00 -.349870E+01 -.162953E+01 -.164447E+01 0.213424E+02
 0.651852E+00 -.345583E+01 -.165936E+01 -.164258E+01 0.187291E+02
 0.600946E+00 -.346312E+01 -.171169E+01 -.164828E+01 0.182202E+02
 0.519218E+00 -.346039E+01 -.153743E+01 -.165269E+01 0.228756E+02
 0.586601E+00 -.346226E+01 -.168195E+01 -.164378E+01 0.176703E+02
 0.612793E+00 -.346388E+01 -.167693E+01 -.165427E+01 0.176405E+02
 0.601656E+00 -.346311E+01 -.167728E+01 -.165422E+01 0.176244E+02
 0.601024E+00 -.346447E+01 -.168151E+01 -.157099E+01 0.192171E+02
 0.602321E+00 -.346354E+01 -.167726E+01 -.165533E+01 0.176238E+02
 0.604905E+00 -.345402E+01 -.173671E+01 -.170062E+01 0.216427E+02
 0.539264E+00 -.345098E+01 -.164529E+01 -.168949E+01 0.183722E+02
 0.604126E+00 -.346240E+01 -.162048E+01 -.157788E+01 0.232904E+02
 0.775035E+00 -.346799E+01 -.177796E+01 -.156810E+01 0.186555E+02
 0.794549E+00 -.348722E+01 -.170346E+01 -.167208E+01 0.208935E+02
 0.597008E+00 -.346336E+01 -.167677E+01 -.165530E+01 0.176257E+02
 0.579333E+00 -.346700E+01 -.168824E+01 -.168410E+01 0.183186E+02
 0.614183E+00 -.346346E+01 -.167727E+01 -.165694E+01 0.176380E+02
 0.603824E+00 -.346419E+01 -.168469E+01 -.164919E+01 0.176383E+02
 0.578069E+00 -.346396E+01 -.167079E+01 -.165946E+01 0.176459E+02
 0.637374E+00 -.346298E+01 -.165846E+01 -.165288E+01 0.182382E+02
 0.595359E+00 -.346379E+01 -.173208E+01 -.168679E+01 0.207855E+02
 0.600769E+00 -.346391E+01 -.167694E+01 -.165521E+01 0.176237E+02
 0.573518E+00 -.346171E+01 -.167496E+01 -.165435E+01 0.177055E+02
 0.602077E+00 -.345901E+01 -.166914E+01 -.165473E+01 0.177133E+02
 0.601877E+00 -.346373E+01 -.166552E+01 -.167411E+01 0.176561E+02
 0.117368E+01 -.343396E+01 -.177626E+01 -.162278E+01 0.211507E+02
 0.546377E+00 -.346370E+01 -.175078E+01 -.165706E+01 0.231653E+02
 0.559140E+00 -.347608E+01 -.164712E+01 -.167367E+01 0.178509E+02
 0.570140E+00 -.350920E+01 -.163816E+01 -.169182E+01 0.215299E+02
 0.608279E+00 -.346458E+01 -.167296E+01 -.165315E+01 0.176563E+02
 0.328837E+00 -.346987E+01 -.158069E+01 -.173014E+01 0.231130E+02
 0.599149E+00 -.346049E+01 -.169279E+01 -.166049E+01 0.178587E+02
 0.523177E+00 -.348079E+01 -.152880E+01 -.168149E+01 0.222948E+02
 0.536185E+00 -.346299E+01 -.166287E+01 -.166130E+01 0.178736E+02
 0.623516E+00 -.346376E+01 -.167151E+01 -.165341E+01 0.177494E+02
 0.473907E+00 -.346230E+01 -.167433E+01 -.167371E+01 0.201593E+02
 0.593968E+00 -.341313E+01 -.168097E+01 -.165700E+01 0.239015E+02
 0.589963E+00 -.346252E+01 -.168538E+01 -.164980E+01 0.176964E+02
 0.595381E+00 -.345957E+01 -.167520E+01 -.166345E+01 0.176829E+02
 0.580685E+00 -.346040E+01 -.168095E+01 -.165578E+01 0.177549E+02
 0.600449E+00 -.346028E+01 -.168076E+01 -.165278E+01 0.176548E+02
 0.638609E+00 -.345637E+01 -.176006E+01 -.165496E+01 0.207343E+02
 0.570503E+00 -.346396E+01 -.164840E+01 -.166953E+01 0.176863E+02
 0.566916E+00 -.345807E+01 -.167179E+01 -.166342E+01 0.178453E+02
 0.603542E+00 -.346354E+01 -.166423E+01 -.164212E+01 0.178477E+02
 0.584653E+00 -.348026E+01 -.166629E+01 -.164857E+01 0.181774E+02
 0.557031E+00 -.346367E+01 -.168147E+01 -.165915E+01 0.179926E+02
 0.628808E+00 -.345870E+01 -.171146E+01 -.163447E+01 0.178007E+02
 0.601941E+00 -.346352E+01 -.167512E+01 -.165284E+01 0.176285E+02
 0.465492E+00 -.346355E+01 -.157391E+01 -.165230E+01 0.189631E+02
 0.607853E+00 -.345643E+01 -.171559E+01 -.161188E+01 0.179792E+02
 0.606302E+00 -.346344E+01 -.167196E+01 -.164807E+01 0.176820E+02
 0.623640E+00 -.347517E+01 -.157505E+01 -.165644E+01 0.238287E+02
 0.605158E+00 -.346267E+01 -.171647E+01 -.167115E+01 0.188821E+02
 0.608803E+00 -.346378E+01 -.164225E+01 -.164386E+01 0.186144E+02
 0.606842E+00 -.346355E+01 -.169357E+01 -.165290E+01 0.177357E+02
 0.668050E+00 -.350855E+01 -.167447E+01 -.167054E+01 0.225941E+02
 0.397525E+00 -.346244E+01 -.162763E+01 -.171622E+01 0.220130E+02
 0.538121E+00 -.350888E+01 -.167299E+01 -.161058E+01 0.217051E+02
 0.598330E+00 -.343894E+01 -.168806E+01 -.165780E+01 0.191126E+02
 0.626246E+00 -.346128E+01 -.167656E+01 -.165853E+01 0.176842E+02
 0.622480E+00 -.344928E+01 -.169273E+01 -.158141E+01 0.189980E+02
 0.635505E+00 -.346149E+01 -.168362E+01 -.168358E+01 0.178006E+02
 0.590709E+00 -.344883E+01 -.167406E+01 -.168824E+01 0.183847E+02
 0.604679E+00 -.346539E+01 -.172185E+01 -.166000E+01 0.189161E+02
 0.601448E+00 -.346239E+01 -.167675E+01 -.165244E+01 0.176288E+02
 0.601897E+00 -.346391E+01 -.167759E+01 -.165540E+01 0.176243E+02
 0.610598E+00 -.346193E+01 -.170804E+01 -.167695E+01 0.185189E+02
 0.581197E+00 -.345722E+01 -.169846E+01 -.166902E+01 0.184667E+02
 0.606136E+00 -.346337E+01 -.167057E+01 -.157719E+01 0.195392E+02
 0.600208E+00 -.346639E+01 -.167476E+01 -.165446E+01 0.176393E+02
 0.607754E+00 -.348313E+01 -.168522E+01 -.165932E+01 0.185290E+02
 0.589893E+00 -.346021E+01 -.168587E+01 -.164949E+01 0.177277E+02
 0.602825E+00 -.346202E+01 -.167047E+01 -.173947E+01 0.186313E+02
 0.599042E+00 -.346608E+01 -.167256E+01 -.165964E+01 0.176344E+02
 0.585950E+00 -.346400E+01 -.167692E+01 -.165689E+01 0.176533E+02
 0.599348E+00 -.346345E+01 -.167674E+01 -.164614E+01 0.176381E+02
 0.625591E+00 -.346574E+01 -.167732E+01 -.165976E+01 0.176895E+02
 0.598753E+00 -.346345E+01 -.167408E+01 -.165495E+01 0.176250E+02
 0.596620E+00 -.345967E+01 -.167758E+01 -.166958E+01 0.177264E+02
 0.599631E+00 -.346347E+01 -.169599E+01 -.175556E+01 0.205322E+02
 0.588576E+00 -.344457E+01 -.158718E+01 -.165345E+01 0.224574E+02
 0.599380E+00 -.346366E+01 -.169127E+01 -.165734E+01 0.177780E+02
 0.583478E+00 -.344930E+01 -.167566E+01 -.162177E+01 0.183654E+02
 0.575903E+00 -.346094E+01 -.165263E+01 -.167292E+01 0.177015E+02
 0.602765E+00 -.346508E+01 -.167626E+01 -.165633E+01 0.176285E+02
 0.603446E+00 -.346203E+01 -.167685E+01 -.165639E+01 0.176299E+02
 0.606633E+00 -.346444E+01 -.165972E+01 -.167752E+01 0.177105E+02
 0.597470E+00 -.346396E+01 -.168653E+01 -.165265E+01 0.176837E+02
 0.727765E+00 -.346268E+01 -.171759E+01 -.167620E+01 0.182525E+02
 0.782687E+00 -.345590E+01 -.173056E+01 -.159763E+01 0.185668E+02
 0.611124E+00 -.346328E+01 -.167355E+01 -.164538E+01 0.177037E+02
 0.596677E+00 -.345612E+01 -.167887E+01 -.165910E+01 0.177766E+02
 0.589485E+00 -.348350E+01 -.167315E+01 -.165540E+01 0.184149E+02
 0.578114E+00 -.349037E+01 -.163166E+01 -.168341E+01 0.191664E+02
 0.572992E+00 -.346293E+01 -.169732E+01 -.164773E+01 0.181020E+02
 0.760926E+00 -.346081E+01 -.168247E+01 -.166870E+01 0.191271E+02
 0.686746E+00 -.346904E+01 -.168552E+01 -.173359E+01 0.188192E+02
 0.703692E+00 -.346244E+01 -.166046E+01 -.165479E+01 0.193416E+02
 0.601055E+00 -.346374E+01 -.167376E+01 -.165546E+01 0.176270E+02
 0.582807E+00 -.346129E+01 -.166747E+01 -.164519E+01 0.176995E+02
 0.604333E+00 -.346503E+01 -.166893E+01 -.165931E+01 0.176545E+02
 0.590757E+00 -.346402E+01 -.162319E+01 -.164919E+01 0.190549E+02
 0.715969E+00 -.347291E+01 -.166531E+01 -.169319E+01 0.192134E+02
 0.669489E+00 -.346339E+01 -.164398E+01 -.165175E+01 0.196152E+02
 0.600801E+00 -.346384E+01 -.167684E+01 -.165387E+01 0.176236E+02
 0.872249E+00 -.346722E+01 -.168892E+01 -.168291E+01 0.211367E+02
 0.574389E+00 -.344637E+01 -.167486E+01 -.164879E+01 0.184611E+02
 0.602210E+00 -.346556E+01 -.167623E+01 -.165687E+01 0.176317E+02
 0.591408E+00 -.346763E+01 -.166518E+01 -.157868E+01 0.195251E+02
 0.591539E+00 -.346497E+01 -.167569E+01 -.165445E+01 0.176292E+02
 0.670962E+00 -.346698E+01 -.165907E+01 -.164935E+01 0.189107E+02
 0.615794E+00 -.345277E+01 -.169300E+01 -.163382E+01 0.178734E+02
 0.601198E+00 -.346756E+01 -.166505E+01 -.164305E+01 0.178262E+02
 0.633483E+00 -.346793E+01 -.168303E+01 -.169728E+01 0.180384E+02
 0.598660E+00 -.346253E+01 -.166200E+01 -.165012E+01 0.177728E+02
 0.628884E+00 -.345998E+01 -.171958E+01 -.166350E+01 0.184755E+02
 0.555669E+00 -.346438E+01 -.165144E+01 -.165417E+01 0.177032E+02
 0.601881E+00 -.346206E+01 -.167912E+01 -.166174E+01 0.176492E+02
 0.609657E+00 -.346396E+01 -.167707E+01 -.165496E+01 0.176313E+02
 0.602286E+00 -.346379E+01 -.167228E+01 -.165574E+01 0.176342E+02
 0.601675E+00 -.346195E+01 -.167311E+01 -.165130E+01 0.176493E+02
 0.600399E+00 -.346428E+01 -.167660E+01 -.165611E+01 0.176243E+02
 0.606016E+00 -.346278E+01 -.167029E+01 -.163375E+01 0.178540E+02
 0.682062E+00 -.349281E+01 -.170597E+01 -.169410E+01 0.206195E+02
 0.673510E+00 -.347621E+01 -.177568E+01 -.154434E+01 0.194232E+02
 0.572084E+00 -.343330E+01 -.172481E+01 -.167125E+01 0.223080E+02
 0.599617E+00 -.346373E+01 -.167665E+01 -.165662E+01 0.176244E+02
 0.614426E+00 -.346394E+01 -.166205E+01 -.164511E+01 0.179586E+02
 0.601996E+00 -.346449E+01 -.167789E+01 -.167103E+01 0.176869E+02
 0.599016E+00 -.346412E+01 -.167579E+01 -.163530E+01 0.177122E+02
 0.785669E+00 -.345841E+01 -.165020E+01 -.166403E+01 0.220041E+02
 0.598804E+00 -.346829E+01 -.163202E+01 -.165520E+01 0.186432E+02
 0.584579E+00 -.346395E+01 -.167246E+01 -.169394E+01 0.179373E+02
 0.598648E+00 -.346518E+01 -.167650E+01 -.165542E+01 0.176278E+02
 0.622207E+00 -.346202E+01 -.167668E+01 -.166320E+01 0.176612E+02
 0.600443E+00 -.346433E+01 -.167610E+01 -.165659E+01 0.176243E+02
 0.601133E+00 -.346339E+01 -.169224E+01 -.165131E+01 0.177348E+02
 0.835535E+00 -.344261E+01 -.166797E+01 -.163400E+01 0.232827E+02
 0.595860E+00 -.346379E+01 -.159996E+01 -.164945E+01 0.206816E+02
 0.593438E+00 -.346575E+01 -.165711E+01 -.165637E+01 0.177601E+02
 0.678005E+00 -.348063E+01 -.162534E+01 -.170708E+01 0.205579E+02
 0.592265E+00 -.346646E+01 -.167451E+01 -.165695E+01 0.176375E+02
 0.695827E+00 -.346821E+01 -.167220E+01 -.169506E+01 0.184718E+02
 0.616240E+00 -.342886E+01 -.170817E+01 -.165472E+01 0.205782E+02
 0.603082E+00 -.346103E+01 -.168019E+01 -.165747E+01 0.176470E+02
 0.479209E+00 -.347936E+01 -.162125E+01 -.165782E+01 0.180711E+02
 0.563261E+00 -.346448E+01 -.166750E+01 -.166679E+01 0.177169E+02
 0.613716E+00 -.346375E+01 -.167641E+01 -.165529E+01 0.176433E+02
 0.441317E+00 -.346183E+01 -.163346E+01 -.176150E+01 0.216905E+02
 0.620428E+00 -.342191E+01 -.168156E+01 -.165126E+01 0.216152E+02
 0.595822E+00 -.346264E+01 -.167287E+01 -.165193E+01 0.176351E+02
 0.608596E+00 -.346409E+01 -.167622E+01 -.166670E+01 0.176451E+02
 0.606933E+00 -.346383E+01 -.167647E+01 -.165774E+01 0.176271E+02
 0.631684E+00 -.346531E+01 -.168204E+01 -.165198E+01 0.176955E+02
 0.594511E+00 -.347153E+01 -.166665E+01 -.165613E+01 0.177607E+02
 0.587918E+00 -.345922E+01 -.165192E+01 -.165789E+01 0.178800E+02
 0.634666E+00 -.346421E+01 -.165333E+01 -.163559E+01 0.187757E+02
 0.600129E+00 -.347458E+01 -.167866E+01 -.167511E+01 0.179963E+02
 0.628191E+00 -.345589E+01 -.166306E+01 -.165143E+01 0.181135E+02
 0.547858E+00 -.347475E+01 -.167140E+01 -.164873E+01 0.179602E+02
 0.505973E+00 -.346352E+01 -.166696E+01 -.165512E+01 0.183988E+02
 0.607928E+00 -.346248E+01 -.170143E+01 -.163885E+01 0.177638E+02
 0.600361E+00 -.346368E+01 -.167985E+01 -.165430E+01 0.176289E+02
 0.570750E+00 -.346439E+01 -.161289E+01 -.165506E+01 0.190016E+02
 0.603712E+00 -.346412E+01 -.170019E+01 -.168304E+01 0.184201E+02
 0.606899E+00 -.346397E+01 -.167726E+01 -.165864E+01 0.176277E+02
 0.606756E+00 -.346339E+01 -.172728E+01 -.165869E+01 0.191343E+02
 0.589799E+00 -.346361E+01 -.162881E+01 -.164605E+01 0.188400E+02
 0.623414E+00 -.346371E+01 -.166771E+01 -.165231E+01 0.178255E+02
 0.806645E+00 -.345820E+01 -.169516E+01 -.164664E+01 0.196314E+02
 0.601554E+00 -.346150E+01 -.166120E+01 -.163653E+01 0.180034E+02
 0.604876E+00 -.345173E+01 -.165075E+01 -.154155E+01 0.238028E+02
 0.612814E+00 -.346837E+01 -.167658E+01 -.165897E+01 0.176946E+02
 0.620112E+00 -.346155E+01 -.167662E+01 -.165453E+01 0.176688E+02
 0.611394E+00 -.344021E+01 -.165183E+01 -.163731E+01 0.197435E+02
 0.597561E+00 -.345978E+01 -.167655E+01 -.162855E+01 0.178085E+02
 0.650932E+00 -.349151E+01 -.168685E+01 -.164576E+01 0.196621E+02
 0.602205E+00 -.345528E+01 -.169834E+01 -.160472E+01 0.180028E+02
 0.590021E+00 -.348758E+01 -.167945E+01 -.174995E+01 0.206912E+02
 0.601387E+00 -.346165E+01 -.167567E+01 -.165225E+01 0.176372E+02
 0.600993E+00 -.346384E+01 -.167729E+01 -.165501E+01 0.176238E+02
 0.555204E+00 -.346053E+01 -.166754E+01 -.166883E+01 0.178561E+02
 0.621169E+00 -.346307E+01 -.168344E+01 -.162862E+01 0.177760E+02
 0.517540E+00 -.347505E+01 -.170260E+01 -.165609E+01 0.200127E+02
 0.606796E+00 -.346286E+01 -.167179E+01 -.172642E+01 0.183449E+02
 0.594755E+00 -.346380E+01 -.167774E+01 -.165627E+01 0.176329E+02
 0.587848E+00 -.345098E+01 -.170970E+01 -.166291E+01 0.189589E+02
 0.621941E+00 -.346369E+01 -.167047E+01 -.165005E+01 0.177809E+02
 0.598738E+00 -.347126E+01 -.167178E+01 -.164293E+01 0.178034E+02
 0.612819E+00 -.346402E+01 -.166461E+01 -.164807E+01 0.178443E+02
 0.613196E+00 -.346358E+01 -.167401E+01 -.166554E+01 0.176472E+02
 0.504213E+00 -.345985E+01 -.159662E+01 -.167383E+01 0.183869E+02
 0.599814E+00 -.347365E+01 -.167669E+01 -.165574E+01 0.178370E+02
 0.610249E+00 -.346418E+01 -.167617E+01 -.165246E+01 0.176419E+02
 0.565905E+00 -.346404E+01 -.167801E+01 -.165606E+01 0.177878E+02
 0.600000E+00 -.346387E+01 -.167449E+01 -.165274E+01 0.176280E+02
 0.599092E+00 -.345864E+01 -.167826E+01 -.167114E+01 0.177553E+02
 0.616454E+00 -.345807E+01 -.167379E+01 -.162847E+01 0.179980E+02
 0.576005E+00 -.346477E+01 -.167751E+01 -.166705E+01 0.177804E+02
 0.480675E+00 -.347158E+01 -.167626E+01 -.171204E+01 0.212127E+02
 0.575366E+00 -.346125E+01 -.166165E+01 -.165697E+01 0.176785E+02
 0.601224E+00 -.346208E+01 -.167561E+01 -.165716E+01 0.176300E+02
 0.597371E+00 -.346451E+01 -.167675E+01 -.165976E+01 0.176332E+02
 0.598445E+00 -.347153E+01 -.163836E+01 -.167446E+01 0.181578E+02
 0.601626E+00 -.346428E+01 -.173914E+01 -.165406E+01 0.199309E+02
 0.601024E+00 -.346876E+01 -.151752E+01 -.186335E+01 0.233274E+02
 0.579582E+00 -.348891E+01 -.161866E+01 -.165501E+01 0.199283E+02
 0.614017E+00 -.346433E+01 -.167576E+01 -.165098E+01 0.176638E+02
 0.599576E+00 -.346104E+01 -.167731E+01 -.166484E+01 0.176661E+02
 0.598173E+00 -.346375E+01 -.165431E+01 -.165530E+01 0.178630E+02
 0.655868E+00 -.345535E+01 -.164808E+01 -.169669E+01 0.185434E+02
 0.641297E+00 -.346961E+01 -.167161E+01 -.164397E+01 0.181173E+02
 0.625669E+00 -.346527E+01 -.167718E+01 -.164302E+01 0.177667E+02
 0.600940E+00 -.346368E+01 -.167493E+01 -.165383E+01 0.176261E+02
 0.579972E+00 -.346126E+01 -.166519E+01 -.164371E+01 0.177268E+02
 0.620078E+00 -.346414E+01 -.166402E+01 -.167422E+01 0.177467E+02
 0.595118E+00 -.346498E+01 -.158858E+01 -.165285E+01 0.214020E+02
 0.659830E+00 -.346023E+01 -.166475E+01 -.171334E+01 0.181568E+02
 0.678266E+00 -.346322E+01 -.169507E+01 -.165075E+01 0.178293E+02
 0.594313E+00 -.346384E+01 -.167558E+01 -.165469E+01 0.176247E+02
 0.429258E+00 -.346586E+01 -.168591E+01 -.165014E+01 0.224277E+02
 0.594661E+00 -.346432E+01 -.168275E+01 -.164870E+01 0.176470E+02
 0.597678E+00 -.346419E+01 -.168632E+01 -.165360E+01 0.176857E+02
 0.628665E+00 -.346507E+01 -.166897E+01 -.169492E+01 0.178330E+02
 0.605892E+00 -.346222E+01 -.167139E+01 -.165407E+01 0.176601E+02
 0.558676E+00 -.346447E+01 -.168120E+01 -.164603E+01 0.178509E+02
 0.581440E+00 -.346937E+01 -.166920E+01 -.164525E+01 0.177025E+02
 0.579135E+00 -.346926E+01 -.166265E+01 -.163825E+01 0.178093E+02
 0.595536E+00 -.342563E+01 -.169986E+01 -.163599E+01 0.211399E+02
 0.596686E+00 -.347573E+01 -.169703E+01 -.172532E+01 0.199296E+02
 0.598215E+00 -.346294E+01 -.164421E+01 -.165817E+01 0.181060E+02
 0.587227E+00 -.346712E+01 -.176211E+01 -.165508E+01 0.226892E+02
 0.611302E+00 -.346400E+01 -.167227E+01 -.166289E+01 0.176475E+02
 0.602009E+00 -.346406E+01 -.167706E+01 -.165450E+01 0.176240E+02
 0.600025E+00 -.346376E+01 -.167464E+01 -.165456E+01 0.176249E+02
 0.601769E+00 -.346125E+01 -.167424E+01 -.171245E+01 0.181791E+02
 0.601192E+00 -.346407E+01 -.167629E+01 -.165418E+01 0.176240E+02
 0.603285E+00 -.347604E+01 -.162576E+01 -.161494E+01 0.207255E+02
 0.621350E+00 -.349078E+01 -.170327E+01 -.169653E+01 0.204404E+02
 0.674303E+00 -.346475E+01 -.167233E+01 -.166998E+01 0.181515E+02
 0.623721E+00 -.345157E+01 -.170719E+01 -.167621E+01 0.185257E+02
 0.605586E+00 -.346365E+01 -.167723E+01 -.165302E+01 0.176269E+02
 0.549904E+00 -.346536E+01 -.164422E+01 -.164990E+01 0.177979E+02
 0.590264E+00 -.346383E+01 -.167839E+01 -.163719E+01 0.176673E+02
 0.598938E+00 -.346387E+01 -.167014E+01 -.163485E+01 0.177941E+02
 0.638310E+00 -.345968E+01 -.166597E+01 -.165925E+01 0.179642E+02
 0.624601E+00 -.346871E+01 -.167576E+01 -.164884E+01 0.177987E+02
 0.585007E+00 -.346407E+01 -.162669E+01 -.167396E+01 0.182707E+02
 0.600287E+00 -.346455E+01 -.167679E+01 -.165457E+01 0.176248E+02
 0.651541E+00 -.346423E+01 -.168178E+01 -.165965E+01 0.177813E+02
 0.599413E+00 -.346816E+01 -.168175E+01 -.165565E+01 0.176900E+02
 0.600882E+00 -.346431E+01 -.168866E+01 -.164607E+01 0.176677E+02
 0.617564E+00 -.345761E+01 -.169425E+01 -.166103E+01 0.178110E+02
 0.445615E+00 -.345241E+01 -.161527E+01 -.170248E+01 0.196132E+02
 0.592241E+00 -.346749E+01 -.167792E+01 -.165964E+01 0.176769E+02
 0.573103E+00 -.346148E+01 -.174503E+01 -.168057E+01 0.225515E+02
 0.515303E+00 -.344076E+01 -.172464E+01 -.165397E+01 0.231263E+02
 0.602894E+00 -.346434E+01 -.166830E+01 -.164985E+01 0.176978E+02
 0.556589E+00 -.347419E+01 -.176594E+01 -.163936E+01 0.238719E+02
 0.661545E+00 -.346580E+01 -.168183E+01 -.164413E+01 0.179948E+02
 0.603264E+00 -.346381E+01 -.169019E+01 -.164216E+01 0.176625E+02
 0.683922E+00 -.346356E+01 -.166196E+01 -.169180E+01 0.184558E+02
 0.620530E+00 -.346959E+01 -.168151E+01 -.164719E+01 0.177565E+02
 0.609149E+00 -.346459E+01 -.166475E+01 -.165716E+01 0.177336E+02
 0.604583E+00 -.346330E+01 -.167601E+01 -.177535E+01 0.198784E+02
 0.613767E+00 -.346711E+01 -.167755E+01 -.165260E+01 0.176768E+02
 0.567750E+00 -.346785E+01 -.165892E+01 -.165112E+01 0.176825E+02
 0.598891E+00 -.347252E+01 -.167700E+01 -.165338E+01 0.177900E+02
 0.561296E+00 -.346591E+01 -.161227E+01 -.164805E+01 0.190153E+02
 0.606729E+00 -.346404E+01 -.167423E+01 -.162999E+01 0.178318E+02
 0.561511E+00 -.347643E+01 -.166603E+01 -.167209E+01 0.179913E+02
 0.622705E+00 -.345667E+01 -.168728E+01 -.165792E+01 0.177265E+02
 0.559854E+00 -.345554E+01 -.168226E+01 -.166958E+01 0.183214E+02
 0.555689E+00 -.346307E+01 -.166158E+01 -.166386E+01 0.177037E+02
 0.587245E+00 -.346675E+01 -.168457E+01 -.164620E+01 0.177007E+02
 0.599155E+00 -.346343E+01 -.167660E+01 -.165291E+01 0.176242E+02
 0.665197E+00 -.346474E+01 -.164875E+01 -.166036E+01 0.190421E+02
 0.596143E+00 -.346333E+01 -.164290E+01 -.155973E+01 0.223444E+02
 0.602503E+00 -.346822E+01 -.167684E+01 -.172537E+01 0.185640E+02
 0.598667E+00 -.346420E+01 -.168108E+01 -.166296E+01 0.176753E+02
 0.583103E+00 -.346020E+01 -.173580E+01 -.165822E+01 0.203192E+02
 0.606786E+00 -.346251E+01 -.160759E+01 -.164763E+01 0.205435E+02
 0.594775E+00 -.346299E+01 -.173008E+01 -.165935E+01 0.196031E+02
 0.601331E+00 -.346388E+01 -.166096E+01 -.165153E+01 0.177893E+02
 0.330802E+00 -.346435E+01 -.153278E+01 -.161489E+01 0.206857E+02
 0.758996E+00 -.346354E+01 -.169634E+01 -.159882E+01 0.200173E+02
 0.582275E+00 -.341790E+01 -.166992E+01 -.165197E+01 0.229340E+02
 0.619501E+00 -.349030E+01 -.166776E+01 -.165361E+01 0.193268E+02
 0.573589E+00 -.346566E+01 -.167668E+01 -.165094E+01 0.176898E+02
 0.652479E+00 -.345754E+01 -.170415E+01 -.167340E+01 0.179722E+02
 0.598302E+00 -.347114E+01 -.167495E+01 -.163512E+01 0.178328E+02
 0.603501E+00 -.347718E+01 -.167992E+01 -.173588E+01 0.193120E+02
 0.642574E+00 -.345995E+01 -.160767E+01 -.165856E+01 0.213222E+02
 0.604245E+00 -.346402E+01 -.167519E+01 -.165445E+01 0.176288E+02
 0.602292E+00 -.346346E+01 -.167613E+01 -.165327E+01 0.176257E+02
 0.575586E+00 -.346432E+01 -.164846E+01 -.166052E+01 0.177595E+02
 0.641374E+00 -.346562E+01 -.167237E+01 -.162848E+01 0.182679E+02
 0.592766E+00 -.346359E+01 -.167442E+01 -.177673E+01 0.200247E+02
 0.595868E+00 -.346241E+01 -.167817E+01 -.165163E+01 0.176324E+02
 0.594953E+00 -.345328E+01 -.165913E+01 -.166417E+01 0.179801E+02
 0.632119E+00 -.346648E+01 -.167107E+01 -.165130E+01 0.178720E+02
 0.599159E+00 -.346771E+01 -.167674E+01 -.156929E+01 0.195210E+02
 0.351181E+00 -.347213E+01 -.141252E+01 -.195251E+01 0.211874E+02
 0.610960E+00 -.346331E+01 -.166060E+01 -.165351E+01 0.178561E+02
 0.735654E+00 -.346444E+01 -.162050E+01 -.168357E+01 0.225644E+02
 0.620051E+00 -.346289E+01 -.167547E+01 -.164607E+01 0.177209E+02
 0.600635E+00 -.341656E+01 -.167716E+01 -.165423E+01 0.229848E+02
 0.596928E+00 -.346419E+01 -.167660E+01 -.165752E+01 0.176277E+02
 0.588757E+00 -.346374E+01 -.167918E+01 -.165046E+01 0.176451E+02
 0.600941E+00 -.346381E+01 -.167589E+01 -.165312E+01 0.176251E+02
 0.604534E+00 -.346237E+01 -.167842E+01 -.164123E+01 0.176634E+02
 0.615076E+00 -.346263E+01 -.167589E+01 -.153564E+01 0.219991E+02
 0.594457E+00 -.346499E+01 -.165587E+01 -.165662E+01 0.177851E+02
 0.571923E+00 -.347897E+01 -.167707E+01 -.175992E+01 0.204647E+02
 0.588184E+00 -.346567E+01 -.168350E+01 -.164432E+01 0.176735E+02
 0.600763E+00 -.346369E+01 -.167524E+01 -.165676E+01 0.176236E+02
 0.600049E+00 -.346643E+01 -.167710E+01 -.165278E+01 0.176397E+02
 0.591720E+00 -.346532E+01 -.167319E+01 -.166586E+01 0.176464E+02
 0.607564E+00 -.346377E+01 -.162259E+01 -.165644E+01 0.192683E+02
 0.471314E+00 -.346125E+01 -.168500E+01 -.166150E+01 0.206871E+02
 0.609759E+00 -.346413E+01 -.167944E+01 -.166833E+01 0.176675E+02
 0.602552E+00 -.346593E+01 -.167472E+01 -.165037E+01 0.176477E+02
 0.607516E+00 -.344847E+01 -.164420E+01 -.165726E+01 0.188416E+02
 0.661271E+00 -.346278E+01 -.165873E+01 -.158299E+01 0.212672E+02
 0.694844E+00 -.346560E+01 -.164601E+01 -.170718E+01 0.192019E+02
 0.514559E+00 -.345587E+01 -.166997E+01 -.164769E+01 0.185310E+02
 0.531756E+00 -.346572E+01 -.168875E+01 -.163564E+01 0.183589E+02
 0.601325E+00 -.346352E+01 -.167648E+01 -.165415E+01 0.176238E+02
 0.608765E+00 -.346448E+01 -.167569E+01 -.166017E+01 0.176332E+02
 0.627626E+00 -.346391E+01 -.167363E+01 -.164694E+01 0.177958E+02
 0.598303E+00 -.346525E+01 -.169070E+01 -.165800E+01 0.177888E+02
 0.512866E+00 -.345470E+01 -.167294E+01 -.163142E+01 0.186123E+02
 0.580391E+00 -.346320E+01 -.170590E+01 -.165059E+01 0.183411E+02
 0.590284E+00 -.346370E+01 -.167601E+01 -.165791E+01 0.176377E+02
 0.472443E+00 -.347263E+01 -.166575E+01 -.165445E+01 0.191561E+02
 0.610913E+00 -.347741E+01 -.168245E+01 -.166038E+01 0.180912E+02
 0.603553E+00 -.346253E+01 -.168782E+01 -.165201E+01 0.176703E+02
 0.603170E+00 -.346516E+01 -.166855E+01 -.174121E+01 0.186077E+02
 0.601559E+00 -.346252E+01 -.167435E+01 -.165583E+01 0.176293E+02
 0.577431E+00 -.346169E+01 -.169881E+01 -.167617E+01 0.186170E+02
 0.573558E+00 -.347706E+01 -.165661E+01 -.166514E+01 0.179261E+02
 0.584516E+00 -.346446E+01 -.167886E+01 -.166597E+01 0.177351E+02
 0.598034E+00 -.344870E+01 -.175087E+01 -.166912E+01 0.220166E+02
 0.585850E+00 -.346364E+01 -.168056E+01 -.162295E+01 0.177666E+02
 0.601271E+00 -.346396E+01 -.169617E+01 -.166261E+01 0.179363E+02
 0.608827E+00 -.347624E+01 -.174310E+01 -.164191E+01 0.201282E+02
 0.609972E+00 -.346100E+01 -.165794E+01 -.165680E+01 0.178930E+02
 0.609530E+00 -.346489E+01 -.167102E+01 -.165557E+01 0.176698E+02
 0.594860E+00 -.346378E+01 -.167635E+01 -.165724E+01 0.176288E+02
 0.599376E+00 -.346305E+01 -.167829E+01 -.165382E+01 0.176264E+02
 0.600258E+00 -.346299E+01 -.167914E+01 -.163539E+01 0.176855E+02
 0.601960E+00 -.346357E+01 -.167556E+01 -.165689E+01 0.176240E+02
 0.607361E+00 -.346913E+01 -.162302E+01 -.164534E+01 0.195945E+02
 0.543565E+00 -.345738E+01 -.165905E+01 -.165785E+01 0.179192E+02
 0.563310E+00 -.345217E+01 -.169096E+01 -.161420E+01 0.183004E+02
 0.658821E+00 -.346412E+01 -.174994E+01 -.169592E+01 0.212099E+02
 0.854901E+00 -.347954E+01 -.171313E+01 -.166269E+01 0.207934E+02
 0.607323E+00 -.346319E+01 -.167649E+01 -.165146E+01 0.176350E+02
 0.562962E+00 -.346612E+01 -.165055E+01 -.171251E+01 0.179190E+02
 0.593302E+00 -.346298E+01 -.167905E+01 -.163078E+01 0.177126E+02
 0.601782E+00 -.346358E+01 -.167723E+01 -.164783E+01 0.176333E+02
 0.652432E+00 -.345934E+01 -.172362E+01 -.165311E+01 0.181665E+02
 0.605450E+00 -.346392E+01 -.161277E+01 -.167317E+01 0.193497E+02
 0.602887E+00 -.346354E+01 -.167669E+01 -.165681E+01 0.176242E+02
 0.622397E+00 -.346409E+01 -.167887E+01 -.165672E+01 0.176566E+02
 0.601030E+00 -.346770E+01 -.168228E+01 -.165561E+01 0.176826E+02
 0.602162E+00 -.346479E+01 -.166284E+01 -.164849E+01 0.177910E+02
 0.717622E+00 -.345419E+01 -.178850E+01 -.158277E+01 0.189668E+02
 0.582354E+00 -.346386E+01 -.159125E+01 -.164580E+01 0.210556E+02
 0.582010E+00 -.345732E+01 -.168155E+01 -.167187E+01 0.179745E+02
 0.384903E+00 -.345433E+01 -.164828E+01 -.163982E+01 0.226240E+02
 0.600641E+00 -.346417E+01 -.167773E+01 -.165388E+01 0.176244E+02
 0.469846E+00 -.345907E+01 -.159020E+01 -.170034E+01 0.182894E+02
 0.576018E+00 -.346448E+01 -.163451E+01 -.163248E+01 0.187022E+02
 0.601256E+00 -.346588E+01 -.167691E+01 -.165803E+01 0.176364E+02
 0.567871E+00 -.346402E+01 -.171842E+01 -.164611E+01 0.191237E+02
 0.617944E+00 -.346528E+01 -.168178E+01 -.164984E+01 0.176516E+02
 0.602168E+00 -.346359E+01 -.168725E+01 -.163941E+01 0.176484E+02
 0.530336E+00 -.346190E+01 -.168276E+01 -.161496E+01 0.182042E+02
 0.591782E+00 -.349072E+01 -.168107E+01 -.165386E+01 0.191798E+02
 0.615847E+00 -.346456E+01 -.167037E+01 -.166013E+01 0.176885E+02
 0.601021E+00 -.346288E+01 -.167480E+01 -.163804E+01 0.177075E+02
 0.611852E+00 -.346411E+01 -.167566E+01 -.165692E+01 0.176394E+02
 0.568106E+00 -.346598E+01 -.166378E+01 -.166148E+01 0.176433E+02
 0.603678E+00 -.346486E+01 -.168410E+01 -.165291E+01 0.176466E+02
 0.676899E+00 -.346670E+01 -.168416E+01 -.163883E+01 0.182054E+02
 0.576547E+00 -.346362E+01 -.167591E+01 -.168000E+01 0.178890E+02
 0.542711E+00 -.346948E+01 -.167125E+01 -.165775E+01 0.179231E+02
 0.610894E+00 -.346984E+01 -.167844E+01 -.165845E+01 0.177254E+02
 0.610973E+00 -.345704E+01 -.167290E+01 -.167883E+01 0.177810E+02
 0.636971E+00 -.346339E+01 -.167171E+01 -.166594E+01 0.177813E+02
 0.581071E+00 -.346680E+01 -.166726E+01 -.165505E+01 0.176378E+02
 0.599956E+00 -.346329E+01 -.167237E+01 -.165326E+01 0.176362E+02
 0.484867E+00 -.346371E+01 -.166386E+01 -.166226E+01 0.189038E+02
 0.484138E+00 -.346323E+01 -.164486E+01 -.173821E+01 0.198034E+02
 0.604578E+00 -.347062E+01 -.167416E+01 -.163981E+01 0.178150E+02
 0.604436E+00 -.346351E+01 -.167655E+01 -.165606E+01 0.176248E+02
 0.601359E+00 -.346235E+01 -.157277E+01 -.165157E+01 0.231896E+02
 0.616501E+00 -.346279E+01 -.170773E+01 -.165371E+01 0.179939E+02
 0.592324E+00 -.346376E+01 -.168367E+01 -.165727E+01 0.176977E+02
 0.587821E+00 -.347199E+01 -.167651E+01 -.165783E+01 0.177778E+02
 0.573531E+00 -.346361E+01 -.169810E+01 -.161728E+01 0.179194E+02
 0.507674E+00 -.346649E+01 -.168982E+01 -.162982E+01 0.188706E+02
 0.605319E+00 -.346705E+01 -.167575E+01 -.165616E+01 0.176533E+02
 0.557004E+00 -.346447E+01 -.167349E+01 -.165451E+01 0.177804E+02
 0.577957E+00 -.344005E+01 -.168959E+01 -.168795E+01 0.197946E+02
 0.625159E+00 -.347114E+01 -.165856E+01 -.172227E+01 0.181940E+02
 0.605625E+00 -.344687E+01 -.167341E+01 -.156636E+01 0.205970E+02
 0.604242E+00 -.346555E+01 -.167567E+01 -.165660E+01 0.176337E+02
 0.601628E+00 -.346365E+01 -.167524E+01 -.165627E+01 0.176241E+02
 0.616061E+00 -.346372E+01 -.167710E+01 -.165641E+01 0.176445E+02
 0.620920E+00 -.346043E+01 -.167489E+01 -.165737E+01 0.176885E+02
 0.443093E+00 -.345961E+01 -.155524E+01 -.165232E+01 0.195887E+02
 0.591987E+00 -.346348E+01 -.167572E+01 -.155548E+01 0.201805E+02
 0.601136E+00 -.346355E+01 -.167483E+01 -.165168E+01 0.176309E+02
 0.608274E+00 -.347519E+01 -.162681E+01 -.166400E+01 0.190817E+02
 0.616235E+00 -.346583E+01 -.168611E+01 -.165445E+01 0.176606E+02
 0.601051E+00 -.346437E+01 -.167679E+01 -.164698E+01 0.176376E+02
 0.601248E+00 -.346472E+01 -.168451E+01 -.166578E+01 0.177317E+02
 0.594818E+00 -.346319E+01 -.167791E+01 -.165277E+01 0.176298E+02
 0.629615E+00 -.344626E+01 -.166861E+01 -.166471E+01 0.184062E+02
 0.600159E+00 -.344414E+01 -.167675E+01 -.165444E+01 0.185107E+02
 0.592403E+00 -.346406E+01 -.167603E+01 -.166044E+01 0.176397E+02
 0.611360E+00 -.346346E+01 -.167548E+01 -.165476E+01 0.176415E+02
 0.599203E+00 -.346346E+01 -.167658E+01 -.165763E+01 0.176259E+02
 0.604496E+00 -.346649E+01 -.167630E+01 -.162387E+01 0.178859E+02
 0.590365E+00 -.346357E+01 -.168307E+01 -.159501E+01 0.182355E+02
 0.604638E+00 -.346472E+01 -.166940E+01 -.164954E+01 0.176959E+02
 0.643052E+00 -.347185E+01 -.167472E+01 -.174190E+01 0.188133E+02
 0.600617E+00 -.346428E+01 -.166461E+01 -.166351E+01 0.176611E+02
 0.600407E+00 -.346494E+01 -.167495E+01 -.165644E+01 0.176264E+02
 0.604483E+00 -.346586E+01 -.167607E+01 -.165076E+01 0.176444E+02
 0.590492E+00 -.346046E+01 -.170153E+01 -.165685E+01 0.181502E+02
 0.606083E+00 -.346319E+01 -.167994E+01 -.165934E+01 0.176342E+02
 0.659860E+00 -.346239E+01 -.160618E+01 -.166842E+01 0.216513E+02
 0.511245E+00 -.347676E+01 -.156610E+01 -.163118E+01 0.211451E+02
 0.537367E+00 -.345005E+01 -.163353E+01 -.165448E+01 0.185959E+02
 0.594552E+00 -.346241E+01 -.168053E+01 -.165799E+01 0.176623E+02
 0.598502E+00 -.346600E+01 -.167461E+01 -.164498E+01 0.176617E+02
 0.605491E+00 -.346236E+01 -.167597E+01 -.165799E+01 0.176295E+02
 0.521417E+00 -.347320E+01 -.167871E+01 -.167733E+01 0.189486E+02
 0.573756E+00 -.345495E+01 -.168548E+01 -.166805E+01 0.182089E+02
 0.679061E+00 -.346869E+01 -.161387E+01 -.173321E+01 0.203466E+02
 0.566566E+00 -.346399E+01 -.167663E+01 -.165543E+01 0.177561E+02
 0.601571E+00 -.346354E+01 -.167711E+01 -.165770E+01 0.176257E+02
 0.527510E+00 -.342854E+01 -.166194E+01 -.166869E+01 0.216070E+02
 0.623926E+00 -.346648E+01 -.168335E+01 -.166815E+01 0.177152E+02
 0.601578E+00 -.346428E+01 -.167806E+01 -.164284E+01 0.176484E+02
 0.596723E+00 -.346637E+01 -.174781E+01 -.165127E+01 0.207105E+02
 0.543979E+00 -.346355E+01 -.167267E+01 -.160583E+01 0.181123E+02
 0.579696E+00 -.346328E+01 -.168030E+01 -.165696E+01 0.177261E+02
 0.605312E+00 -.346372E+01 -.167660E+01 -.165648E+01 0.176254E+02
 0.689024E+00 -.347172E+01 -.166262E+01 -.167352E+01 0.188900E+02
 0.588184E+00 -.345188E+01 -.168249E+01 -.165242E+01 0.180169E+02
 0.608800E+00 -.346307E+01 -.166886E+01 -.165269E+01 0.177024E+02
 0.603402E+00 -.348261E+01 -.172475E+01 -.165713E+01 0.199379E+02
 0.551040E+00 -.346399E+01 -.166993E+01 -.166454E+01 0.178479E+02
 0.593338E+00 -.346401E+01 -.167799E+01 -.165704E+01 0.176391E+02
 0.623003E+00 -.346178E+01 -.170173E+01 -.167367E+01 0.180724E+02
 0.595794E+00 -.346419E+01 -.166558E+01 -.166758E+01 0.176367E+02
 0.603342E+00 -.346112E+01 -.167853E+01 -.167230E+01 0.177095E+02
 0.598694E+00 -.350713E+01 -.168974E+01 -.165072E+01 0.216625E+02
 0.583445E+00 -.345438E+01 -.166242E+01 -.156918E+01 0.202853E+02
 0.602858E+00 -.346268E+01 -.172226E+01 -.166004E+01 0.189477E+02
 0.589024E+00 -.350547E+01 -.164468E+01 -.172775E+01 0.213610E+02
 0.576410E+00 -.345861E+01 -.159236E+01 -.165431E+01 0.205929E+02
 0.591967E+00 -.346307E+01 -.167679E+01 -.165270E+01 0.176317E+02
 0.591387E+00 -.346380E+01 -.167622E+01 -.165852E+01 0.176376E+02
 0.600797E+00 -.346293E+01 -.167901E+01 -.165754E+01 0.176330E+02
 0.600369E+00 -.346459E+01 -.168226E+01 -.160187E+01 0.181444E+02
 0.601935E+00 -.346335E+01 -.167616E+01 -.165709E+01 0.176243E+02
 0.604671E+00 -.345672E+01 -.173043E+01 -.171606E+01 0.216954E+02
 0.545887E+00 -.343812E+01 -.164299E+01 -.162652E+01 0.202001E+02
 0.749905E+00 -.347060E+01 -.174846E+01 -.164229E+01 0.187713E+02
 0.599323E+00 -.346307E+01 -.167494E+01 -.165463E+01 0.176253E+02
 0.602625E+00 -.346585E+01 -.168458E+01 -.168308E+01 0.179375E+02
 0.607334E+00 -.346320E+01 -.167683E+01 -.165380E+01 0.176291E+02
 0.603948E+00 -.346350E+01 -.167991E+01 -.166917E+01 0.176864E+02
 0.626715E+00 -.346831E+01 -.166858E+01 -.166077E+01 0.178369E+02
 0.615375E+00 -.345555E+01 -.167896E+01 -.165915E+01 0.177622E+02
 0.617412E+00 -.346381E+01 -.171435E+01 -.165621E+01 0.182600E+02
 0.600497E+00 -.346295E+01 -.167661E+01 -.165640E+01 0.176253E+02
 0.585331E+00 -.346354E+01 -.167611E+01 -.165447E+01 0.176448E+02
 0.601534E+00 -.345952E+01 -.167105E+01 -.165769E+01 0.176773E+02
 0.602115E+00 -.346470E+01 -.165531E+01 -.167006E+01 0.177572E+02
 0.945691E+00 -.345913E+01 -.177288E+01 -.160944E+01 0.191972E+02
 0.567089E+00 -.346342E+01 -.172709E+01 -.166181E+01 0.202319E+02
 0.561111E+00 -.346262E+01 -.164475E+01 -.165924E+01 0.177783E+02
 0.698831E+00 -.345887E+01 -.165884E+01 -.162453E+01 0.202382E+02
 0.607190E+00 -.346148E+01 -.167556E+01 -.165195E+01 0.176472E+02
 0.455223E+00 -.346977E+01 -.157427E+01 -.170681E+01 0.179712E+02
 0.599667E+00 -.346472E+01 -.168349E+01 -.166280E+01 0.177008E+02
 0.448979E+00 -.346405E+01 -.155166E+01 -.167155E+01 0.190179E+02
 0.570853E+00 -.346320E+01 -.166857E+01 -.166923E+01 0.177061E+02
 0.604101E+00 -.346355E+01 -.167594E+01 -.165849E+01 0.176255E+02
 0.475839E+00 -.346030E+01 -.167680E+01 -.163923E+01 0.195163E+02
 0.580123E+00 -.346288E+01 -.167743E+01 -.166151E+01 0.177146E+02
 0.602206E+00 -.346248E+01 -.167869E+01 -.165958E+01 0.176367E+02
 0.603847E+00 -.346384E+01 -.167593E+01 -.155275E+01 0.205346E+02
 0.605769E+00 -.346112E+01 -.167436E+01 -.166078E+01 0.176430E+02
 0.587650E+00 -.346366E+01 -.167710E+01 -.166068E+01 0.176642E+02
 0.596878E+00 -.345859E+01 -.168475E+01 -.165483E+01 0.177324E+02
 0.646871E+00 -.346537E+01 -.173948E+01 -.163925E+01 0.186853E+02
 0.556351E+00 -.346369E+01 -.166658E+01 -.170008E+01 0.181780E+02
 0.579257E+00 -.345874E+01 -.167670E+01 -.164563E+01 0.177388E+02
 0.601546E+00 -.347429E+01 -.166984E+01 -.165402E+01 0.178854E+02
 0.623102E+00 -.348163E+01 -.166485E+01 -.166075E+01 0.185385E+02
 0.623574E+00 -.346372E+01 -.167579E+01 -.165838E+01 0.176764E+02
 0.597140E+00 -.346624E+01 -.166217E+01 -.166429E+01 0.176739E+02
 0.601087E+00 -.346341E+01 -.167205E+01 -.165430E+01 0.176369E+02
 0.534000E+00 -.346285E+01 -.167955E+01 -.166002E+01 0.183306E+02
 0.429203E+00 -.346258E+01 -.164532E+01 -.176312E+01 0.234601E+02
 0.605146E+00 -.346062E+01 -.167521E+01 -.159785E+01 0.185275E+02
 0.605490E+00 -.346324E+01 -.167187E+01 -.165114E+01 0.176629E+02
 0.584291E+00 -.347745E+01 -.164728E+01 -.166710E+01 0.180921E+02
 0.604046E+00 -.346378E+01 -.164776E+01 -.167333E+01 0.179008E+02
 0.618132E+00 -.346293E+01 -.162440E+01 -.165003E+01 0.196145E+02
 0.613857E+00 -.346354E+01 -.168759E+01 -.165413E+01 0.176505E+02
 0.589743E+00 -.351190E+01 -.167644E+01 -.164964E+01 0.222844E+02
 0.439156E+00 -.346378E+01 -.168776E+01 -.163192E+01 0.214869E+02
 0.479345E+00 -.350030E+01 -.169669E+01 -.161858E+01 0.220083E+02
 0.587604E+00 -.344864E+01 -.168152E+01 -.165856E+01 0.182485E+02
 0.621253E+00 -.346322E+01 -.167383E+01 -.166098E+01 0.176761E+02
 0.624616E+00 -.347773E+01 -.166806E+01 -.158206E+01 0.202180E+02
 0.552489E+00 -.347291E+01 -.169656E+01 -.164393E+01 0.184885E+02
 0.642180E+00 -.344977E+01 -.170346E+01 -.177459E+01 0.212594E+02
 0.600354E+00 -.346023E+01 -.167134E+01 -.159946E+01 0.185758E+02
 0.586230E+00 -.346304E+01 -.171533E+01 -.166151E+01 0.189293E+02
 0.602145E+00 -.346474E+01 -.167595E+01 -.165685E+01 0.176263E+02
 0.601783E+00 -.346379E+01 -.167555E+01 -.165804E+01 0.176243E+02
 0.625221E+00 -.346322E+01 -.169689E+01 -.165375E+01 0.177127E+02
 0.590439E+00 -.345525E+01 -.168825E+01 -.166077E+01 0.179781E+02
 0.604615E+00 -.346318E+01 -.167380E+01 -.156696E+01 0.198537E+02
 0.605045E+00 -.346449E+01 -.167257E+01 -.165312E+01 0.176481E+02
 0.603446E+00 -.347154E+01 -.168716E+01 -.166087E+01 0.178686E+02
 0.602651E+00 -.346268E+01 -.169423E+01 -.165373E+01 0.177791E+02
 0.602234E+00 -.346114E+01 -.167561E+01 -.172047E+01 0.183762E+02
 0.591652E+00 -.346478E+01 -.168546E+01 -.167185E+01 0.178753E+02
 0.582672E+00 -.346408E+01 -.167818E+01 -.166235E+01 0.177095E+02
 0.599519E+00 -.349971E+01 -.167469E+01 -.165506E+01 0.203100E+02
 0.595370E+00 -.346382E+01 -.167549E+01 -.165905E+01 0.176284E+02
 0.618823E+00 -.346349E+01 -.167239E+01 -.165932E+01 0.176822E+02
 0.599953E+00 -.346351E+01 -.167424E+01 -.165936E+01 0.176246E+02
 0.599607E+00 -.346795E+01 -.167432E+01 -.165266E+01 0.176647E+02
 0.602942E+00 -.345863E+01 -.168425E+01 -.173085E+01 0.189893E+02
 0.601310E+00 -.346292E+01 -.167290E+01 -.165228E+01 0.176403E+02
 0.571909E+00 -.345917E+01 -.167417E+01 -.167207E+01 0.178746E+02
 0.604849E+00 -.346223E+01 -.165307E+01 -.167360E+01 0.178083E+02
 0.600782E+00 -.346521E+01 -.167476E+01 -.165655E+01 0.176283E+02
 0.601301E+00 -.346270E+01 -.167572E+01 -.165977E+01 0.176286E+02
 0.539844E+00 -.347380E+01 -.158248E+01 -.190931E+01 0.209226E+02
 0.598424E+00 -.346210E+01 -.171041E+01 -.166255E+01 0.184810E+02
 0.596150E+00 -.346382E+01 -.172202E+01 -.165533E+01 0.189459E+02
 0.743228E+00 -.346272E+01 -.168806E+01 -.167444E+01 0.186190E+02
 0.818815E+00 -.346465E+01 -.178455E+01 -.164887E+01 0.201605E+02
 0.597771E+00 -.345324E+01 -.174003E+01 -.165177E+01 0.201464E+02
 0.597427E+00 -.346268E+01 -.167373E+01 -.164952E+01 0.176400E+02
 0.598700E+00 -.346483E+01 -.167995E+01 -.165151E+01 0.176310E+02
 0.597608E+00 -.347320E+01 -.169986E+01 -.165855E+01 0.182494E+02
 0.543862E+00 -.347572E+01 -.168088E+01 -.152319E+01 0.215064E+02
 0.595449E+00 -.346820E+01 -.170341E+01 -.163750E+01 0.179536E+02
 0.664532E+00 -.346265E+01 -.168097E+01 -.166496E+01 0.178655E+02
 0.617663E+00 -.346228E+01 -.166587E+01 -.167144E+01 0.177177E+02
 0.601385E+00 -.346370E+01 -.167454E+01 -.165655E+01 0.176247E+02
 0.628670E+00 -.346503E+01 -.167376E+01 -.166438E+01 0.177186E+02
 0.580550E+00 -.346428E+01 -.167825E+01 -.165678E+01 0.176900E+02
 0.596628E+00 -.346704E+01 -.167063E+01 -.164802E+01 0.176784E+02
 0.626965E+00 -.347045E+01 -.167039E+01 -.177301E+01 0.194503E+02
 0.599033E+00 -.346320E+01 -.166031E+01 -.165981E+01 0.177216E+02
 0.613595E+00 -.346378E+01 -.167659E+01 -.165244E+01 0.176490E+02
 0.746245E+00 -.346272E+01 -.167054E+01 -.167458E+01 0.193707E+02
 0.589764E+00 -.346402E+01 -.168265E+01 -.165024E+01 0.176661E+02
 0.615410E+00 -.346440E+01 -.166744E+01 -.165733E+01 0.177343E+02
 0.565969E+00 -.346274E+01 -.166721E+01 -.159943E+01 0.183910E+02
 0.591275E+00 -.346590E+01 -.167747E+01 -.165489E+01 0.176431E+02
 0.647433E+00 -.346229E+01 -.168897E+01 -.165965E+01 0.176950E+02
 0.619865E+00 -.345392E+01 -.167356E+01 -.166930E+01 0.178578E+02
 0.602861E+00 -.346311E+01 -.167722E+01 -.165595E+01 0.176247E+02
 0.593151E+00 -.347087E+01 -.161477E+01 -.163887E+01 0.199901E+02
 0.605194E+00 -.346099E+01 -.168266E+01 -.161621E+01 0.178932E+02
 0.599809E+00 -.346265E+01 -.168442E+01 -.164621E+01 0.176417E+02
 0.591846E+00 -.345613E+01 -.170541E+01 -.175350E+01 0.214948E+02
 0.575595E+00 -.346592E+01 -.163004E+01 -.165389E+01 0.183453E+02
 0.599448E+00 -.346197E+01 -.167815E+01 -.165690E+01 0.176357E+02
 0.595885E+00 -.346379E+01 -.167703E+01 -.165428E+01 0.176260E+02
 0.602377E+00 -.346400E+01 -.167633E+01 -.165844E+01 0.176254E+02
 0.601373E+00 -.346284E+01 -.167616E+01 -.170950E+01 0.181654E+02
 0.600911E+00 -.346356E+01 -.167643E+01 -.165671E+01 0.176239E+02
 0.605261E+00 -.346506E+01 -.168775E+01 -.173103E+01 0.190965E+02
 0.615926E+00 -.347101E+01 -.167506E+01 -.164122E+01 0.178765E+02
 0.568514E+00 -.344939E+01 -.170661E+01 -.156926E+01 0.190417E+02
 0.655062E+00 -.346237E+01 -.167107E+01 -.161208E+01 0.189525E+02
 0.596005E+00 -.346326E+01 -.167693E+01 -.166005E+01 0.176371E+02
 0.603083E+00 -.346921E+01 -.167902E+01 -.164658E+01 0.177016E+02
 0.613706E+00 -.346431E+01 -.167306E+01 -.166923E+01 0.176583E+02
 0.602911E+00 -.346366E+01 -.167597E+01 -.165646E+01 0.176242E+02
 0.762320E+00 -.346335E+01 -.166621E+01 -.166341E+01 0.201846E+02
 0.608309E+00 -.345598E+01 -.165140E+01 -.165605E+01 0.181937E+02
 0.588213E+00 -.346377E+01 -.171220E+01 -.168121E+01 0.192655E+02
 0.598944E+00 -.346370E+01 -.167582E+01 -.165489E+01 0.176232E+02
 0.576903E+00 -.346318E+01 -.167308E+01 -.165328E+01 0.176573E+02
 0.600040E+00 -.346407E+01 -.167093E+01 -.165728E+01 0.176322E+02
 0.601788E+00 -.346362E+01 -.167519E+01 -.168440E+01 0.177712E+02
 0.616811E+00 -.346354E+01 -.168875E+01 -.165782E+01 0.176712E+02
 0.567067E+00 -.347174E+01 -.167320E+01 -.166005E+01 0.178178E+02
 0.810079E+00 -.347900E+01 -.166586E+01 -.163318E+01 0.233703E+02
 0.596630E+00 -.346380E+01 -.167659E+01 -.165685E+01 0.176268E+02
 0.469393E+00 -.347180E+01 -.166613E+01 -.168284E+01 0.199322E+02
 0.626386E+00 -.346514E+01 -.164832E+01 -.165509E+01 0.184202E+02
 0.600932E+00 -.346410E+01 -.166827E+01 -.166214E+01 0.176398E+02
 0.504308E+00 -.348430E+01 -.162680E+01 -.167672E+01 0.182171E+02
 0.536755E+00 -.346416E+01 -.166412E+01 -.167728E+01 0.180247E+02
 0.761669E+00 -.342524E+01 -.168177E+01 -.182455E+01 0.235619E+02
 0.604895E+00 -.346357E+01 -.166621E+01 -.167255E+01 0.176589E+02
 0.514106E+00 -.346280E+01 -.164352E+01 -.173388E+01 0.188090E+02
 0.629918E+00 -.344163E+01 -.167765E+01 -.164915E+01 0.187378E+02
 0.585228E+00 -.346239E+01 -.167744E+01 -.165205E+01 0.176560E+02
 0.603652E+00 -.346461E+01 -.167663E+01 -.178526E+01 0.202709E+02
 0.600609E+00 -.346318E+01 -.167697E+01 -.165418E+01 0.176242E+02
 0.612568E+00 -.346204E+01 -.167175E+01 -.165760E+01 0.176699E+02
 0.597778E+00 -.346213E+01 -.167073E+01 -.165191E+01 0.176527E+02
 0.574442E+00 -.346330E+01 -.168765E+01 -.165221E+01 0.178695E+02
 0.617512E+00 -.346386E+01 -.166014E+01 -.168672E+01 0.177730E+02
 0.630303E+00 -.345166E+01 -.168001E+01 -.163848E+01 0.180456E+02
 0.593387E+00 -.346410E+01 -.167318E+01 -.164783E+01 0.176393E+02
 0.597301E+00 -.346591E+01 -.167363E+01 -.164470E+01 0.176656E+02
 0.579688E+00 -.346309E+01 -.167274E+01 -.165396E+01 0.176470E+02
 0.608839E+00 -.346363E+01 -.167094E+01 -.165907E+01 0.176528E+02
 0.601482E+00 -.346365E+01 -.167608E+01 -.165728E+01 0.176240E+02
 0.565302E+00 -.346350E+01 -.163753E+01 -.165795E+01 0.179444E+02
 0.602650E+00 -.345414E+01 -.167982E+01 -.161339E+01 0.181762E+02
 0.603778E+00 -.346369E+01 -.167603E+01 -.165887E+01 0.176257E+02
 0.581653E+00 -.348402E+01 -.158903E+01 -.165787E+01 0.212524E+02
 0.609923E+00 -.346339E+01 -.176702E+01 -.166453E+01 0.228385E+02
 0.595180E+00 -.346404E+01 -.168866E+01 -.164997E+01 0.177083E+02
 0.617716E+00 -.346374E+01 -.167778E+01 -.165240E+01 0.176547E+02
 0.603229E+00 -.345261E+01 -.167564E+01 -.165300E+01 0.179066E+02
 0.473365E+00 -.346382E+01 -.168325E+01 -.166960E+01 0.206365E+02
 0.593226E+00 -.349473E+01 -.167880E+01 -.165687E+01 0.196414E+02
 0.611986E+00 -.345215E+01 -.167838E+01 -.165539E+01 0.179082E+02
 0.654079E+00 -.346181E+01 -.167495E+01 -.166544E+01 0.178686E+02
 0.589539E+00 -.347427E+01 -.167970E+01 -.180611E+01 0.217959E+02
 0.595255E+00 -.347602E+01 -.170264E+01 -.165059E+01 0.183892E+02
 0.643186E+00 -.345928E+01 -.172796E+01 -.160068E+01 0.178729E+02
 0.594271E+00 -.347629E+01 -.167350E+01 -.171689E+01 0.186292E+02
 0.601507E+00 -.346256E+01 -.167557E+01 -.165518E+01 0.176273E+02
 0.601029E+00 -.346377E+01 -.167609E+01 -.165682E+01 0.176237E+02
 0.604321E+00 -.346349E+01 -.168153E+01 -.165549E+01 0.176330E+02
 0.601658E+00 -.345545E+01 -.169441E+01 -.163676E+01 0.178281E+02
 0.708224E+00 -.346475E+01 -.176574E+01 -.165714E+01 0.200584E+02
 0.606715E+00 -.346310E+01 -.167130E+01 -.159502E+01 0.187702E+02
 0.600008E+00 -.346374E+01 -.167435E+01 -.165301E+01 0.176280E+02
 0.596401E+00 -.345028E+01 -.171665E+01 -.165597E+01 0.189946E+02
 0.593103E+00 -.346405E+01 -.166242E+01 -.165261E+01 0.177063E+02
 0.602598E+00 -.346377E+01 -.167470E+01 -.172319E+01 0.183923E+02
 0.594783E+00 -.346411E+01 -.165757E+01 -.165628E+01 0.177608E+02
 0.596991E+00 -.346332E+01 -.167489E+01 -.165335E+01 0.176251E+02
 0.583433E+00 -.347306E+01 -.159231E+01 -.163082E+01 0.217531E+02
 0.600142E+00 -.350535E+01 -.167621E+01 -.165636E+01 0.212007E+02
 0.606666E+00 -.346404E+01 -.167662E+01 -.165675E+01 0.176270E+02
 0.594086E+00 -.346365E+01 -.167625E+01 -.165873E+01 0.176329E+02
 0.600885E+00 -.346372E+01 -.167369E+01 -.165706E+01 0.176254E+02
 0.597138E+00 -.346612E+01 -.167831E+01 -.167241E+01 0.177289E+02
 0.614689E+00 -.346172E+01 -.168401E+01 -.168946E+01 0.179328E+02
 0.594115E+00 -.346356E+01 -.166700E+01 -.167196E+01 0.176418E+02
 0.546703E+00 -.345303E+01 -.167466E+01 -.161755E+01 0.183277E+02
 0.593631E+00 -.346325E+01 -.166532E+01 -.166442E+01 0.176374E+02
 0.601028E+00 -.346251E+01 -.167563E+01 -.165676E+01 0.176271E+02
 0.599792E+00 -.346058E+01 -.167585E+01 -.166005E+01 0.176506E+02
 0.599746E+00 -.346498E+01 -.168756E+01 -.166972E+01 0.178374E+02
 0.596986E+00 -.346398E+01 -.166102E+01 -.165460E+01 0.177323E+02
 0.626202E+00 -.346406E+01 -.173613E+01 -.166350E+01 0.194796E+02
 0.876461E+00 -.344934E+01 -.182025E+01 -.160238E+01 0.201538E+02
 0.607821E+00 -.346972E+01 -.164107E+01 -.165683E+01 0.184228E+02
 0.603301E+00 -.346392E+01 -.167269E+01 -.164776E+01 0.176653E+02
 0.599014E+00 -.346379E+01 -.168134E+01 -.165956E+01 0.176577E+02
 0.595436E+00 -.345967E+01 -.170234E+01 -.165768E+01 0.181354E+02
 0.599410E+00 -.346981E+01 -.156154E+01 -.174709E+01 0.209915E+02
 0.665678E+00 -.345891E+01 -.168541E+01 -.164169E+01 0.179389E+02
 0.670016E+00 -.346854E+01 -.167557E+01 -.165883E+01 0.181838E+02
 0.656192E+00 -.346136E+01 -.174178E+01 -.168335E+01 0.199893E+02
 0.654494E+00 -.346212E+01 -.166359E+01 -.167879E+01 0.180545E+02
 0.600767E+00 -.346372E+01 -.167395E+01 -.165373E+01 0.176289E+02
 0.598244E+00 -.348178E+01 -.168721E+01 -.163677E+01 0.183788E+02
 0.609673E+00 -.346217E+01 -.167130E+01 -.164943E+01 0.177007E+02
 0.605533E+00 -.346363E+01 -.167730E+01 -.165391E+01 0.176258E+02
 0.597437E+00 -.346451E+01 -.161075E+01 -.165555E+01 0.197497E+02
 0.630676E+00 -.346656E+01 -.166981E+01 -.177843E+01 0.194567E+02
 0.615639E+00 -.346323E+01 -.167477E+01 -.164319E+01 0.177291E+02
 0.592374E+00 -.346384E+01 -.167610E+01 -.165104E+01 0.176277E+02
 0.708089E+00 -.346141E+01 -.168389E+01 -.166239E+01 0.182875E+02
 0.605774E+00 -.347354E+01 -.167800E+01 -.165447E+01 0.178461E+02
 0.598040E+00 -.346416E+01 -.168870E+01 -.165535E+01 0.177271E+02
 0.607967E+00 -.346570E+01 -.166540E+01 -.164201E+01 0.178655E+02
 0.591990E+00 -.346464E+01 -.167397E+01 -.165289E+01 0.176255E+02
 0.645433E+00 -.346355E+01 -.167843E+01 -.164203E+01 0.179009E+02
 0.593969E+00 -.347049E+01 -.167914E+01 -.165201E+01 0.177284E+02
 0.602194E+00 -.346542E+01 -.167512E+01 -.164243E+01 0.176784E+02
 0.590540E+00 -.344023E+01 -.164326E+01 -.165555E+01 0.195453E+02
 0.606431E+00 -.346895E+01 -.168972E+01 -.166295E+01 0.178373E+02
 0.597081E+00 -.346362E+01 -.164103E+01 -.163879E+01 0.185948E+02
 0.628144E+00 -.342795E+01 -.174772E+01 -.158714E+01 0.208197E+02
 0.857656E+00 -.349196E+01 -.170784E+01 -.165350E+01 0.227234E+02
 0.578933E+00 -.346904E+01 -.170113E+01 -.165522E+01 0.183192E+02
 0.605866E+00 -.346361E+01 -.167206E+01 -.165857E+01 0.176380E+02
 0.611149E+00 -.346398E+01 -.167741E+01 -.165190E+01 0.176385E+02
 0.598675E+00 -.346459E+01 -.167398E+01 -.165060E+01 0.176343E+02
 0.601796E+00 -.346115E+01 -.167216E+01 -.178845E+01 0.201588E+02
 0.600844E+00 -.346389E+01 -.167725E+01 -.165565E+01 0.176242E+02
 0.604251E+00 -.347135E+01 -.163351E+01 -.170225E+01 0.181720E+02
 0.647218E+00 -.349505E+01 -.170002E+01 -.166554E+01 0.202337E+02
 0.542988E+00 -.345787E+01 -.167284E+01 -.162748E+01 0.180378E+02
 0.932874E+00 -.346282E+01 -.168251E+01 -.164561E+01 0.237057E+02
 0.602793E+00 -.346389E+01 -.167861E+01 -.165703E+01 0.176277E+02
 0.599345E+00 -.346392E+01 -.167100E+01 -.162292E+01 0.179612E+02
 0.603933E+00 -.346403E+01 -.167452E+01 -.166251E+01 0.176298E+02
 0.598743E+00 -.346380E+01 -.167289E+01 -.164484E+01 0.176666E+02
 0.551908E+00 -.346044E+01 -.167670E+01 -.165625E+01 0.179671E+02
 0.632814E+00 -.346567E+01 -.169843E+01 -.164520E+01 0.176996E+02
 0.564355E+00 -.346391E+01 -.161686E+01 -.169405E+01 0.180800E+02
 0.597751E+00 -.346427E+01 -.167522E+01 -.165374E+01 0.176240E+02
 0.585139E+00 -.346385E+01 -.167323E+01 -.165573E+01 0.176325E+02
 0.597807E+00 -.346721E+01 -.168197E+01 -.165503E+01 0.176758E+02
 0.597477E+00 -.346365E+01 -.168470E+01 -.165253E+01 0.176631E+02
 0.613178E+00 -.346393E+01 -.163983E+01 -.164979E+01 0.186623E+02
 0.618463E+00 -.346492E+01 -.168532E+01 -.166410E+01 0.176847E+02
 0.580951E+00 -.343456E+01 -.166230E+01 -.170595E+01 0.200936E+02
 0.717641E+00 -.348668E+01 -.166006E+01 -.170367E+01 0.205481E+02
 0.591985E+00 -.346572E+01 -.167754E+01 -.165685E+01 0.176453E+02
 0.650313E+00 -.347274E+01 -.170447E+01 -.164765E+01 0.180167E+02
 0.594988E+00 -.345058E+01 -.173898E+01 -.165975E+01 0.205546E+02
 0.592003E+00 -.342058E+01 -.172300E+01 -.165828E+01 0.233145E+02
 0.599965E+00 -.346583E+01 -.166612E+01 -.164750E+01 0.177366E+02
 0.578435E+00 -.347395E+01 -.170798E+01 -.166715E+01 0.190757E+02
 0.566116E+00 -.346554E+01 -.167748E+01 -.165193E+01 0.177512E+02
 0.661788E+00 -.344912E+01 -.179772E+01 -.163292E+01 0.230775E+02
 0.596710E+00 -.346359E+01 -.167452E+01 -.166006E+01 0.176265E+02
 0.593263E+00 -.346362E+01 -.162487E+01 -.176117E+01 0.183919E+02
 0.617994E+00 -.345686E+01 -.167795E+01 -.164610E+01 0.177663E+02
 0.599812E+00 -.346506E+01 -.166914E+01 -.165146E+01 0.176671E+02
 0.595965E+00 -.346537E+01 -.167849E+01 -.164915E+01 0.176334E+02
 0.569395E+00 -.346378E+01 -.167163E+01 -.164815E+01 0.176735E+02
 0.600428E+00 -.347029E+01 -.167165E+01 -.165268E+01 0.177301E+02
 0.539986E+00 -.346088E+01 -.164598E+01 -.165878E+01 0.177936E+02
 0.650917E+00 -.346402E+01 -.164843E+01 -.165828E+01 0.187997E+02
 0.589913E+00 -.345491E+01 -.167762E+01 -.163840E+01 0.178594E+02
 0.592153E+00 -.345626E+01 -.167651E+01 -.164532E+01 0.177778E+02
 0.577803E+00 -.345268E+01 -.168354E+01 -.164766E+01 0.180488E+02
 0.572772E+00 -.346332E+01 -.166816E+01 -.166569E+01 0.176728E+02
 0.586650E+00 -.346221E+01 -.167924E+01 -.165049E+01 0.176610E+02
 0.598901E+00 -.346391E+01 -.167887E+01 -.165732E+01 0.176335E+02
 0.632994E+00 -.346407E+01 -.163291E+01 -.165440E+01 0.193302E+02
 0.604334E+00 -.346410E+01 -.166591E+01 -.167764E+01 0.176689E+02
 0.550430E+00 -.346690E+01 -.161311E+01 -.158848E+01 0.213687E+02
 0.600339E+00 -.345667E+01 -.169796E+01 -.170721E+01 0.190673E+02
 0.597401E+00 -.346390E+01 -.167918E+01 -.166066E+01 0.176498E+02
 0.592353E+00 -.346609E+01 -.166971E+01 -.165204E+01 0.176448E+02
 0.603072E+00 -.346350E+01 -.171384E+01 -.165288E+01 0.183620E+02
 0.595517E+00 -.346384E+01 -.166779E+01 -.165069E+01 0.176676E+02
 0.610576E+00 -.343753E+01 -.167522E+01 -.166183E+01 0.191806E+02
 0.687315E+00 -.346340E+01 -.167869E+01 -.167720E+01 0.181184E+02
 0.558434E+00 -.343504E+01 -.167554E+01 -.168383E+01 0.203191E+02
 0.604797E+00 -.345957E+01 -.167138E+01 -.165255E+01 0.176974E+02
 0.618468E+00 -.346378E+01 -.167716E+01 -.164515E+01 0.176986E+02
 0.577285E+00 -.344220E+01 -.168507E+01 -.177540E+01 0.221276E+02
 0.707028E+00 -.346697E+01 -.167679E+01 -.168411E+01 0.184844E+02
 0.596081E+00 -.347849E+01 -.168213E+01 -.164462E+01 0.181089E+02
 0.680870E+00 -.345018E+01 -.163942E+01 -.166416E+01 0.201872E+02
 0.598907E+00 -.346334E+01 -.167541E+01 -.165387E+01 0.176244E+02
 0.600321E+00 -.346374E+01 -.167644E+01 -.165545E+01 0.176234E+02
 0.587241E+00 -.346370E+01 -.166742E+01 -.165595E+01 0.176320E+02
 0.612919E+00 -.346292E+01 -.167163E+01 -.163525E+01 0.178541E+02
 0.444423E+00 -.347638E+01 -.166289E+01 -.165547E+01 0.200594E+02
 0.588292E+00 -.346378E+01 -.167031E+01 -.173410E+01 0.186350E+02
 0.594690E+00 -.346310E+01 -.167590E+01 -.165369E+01 0.176265E+02
 0.594083E+00 -.345451E+01 -.165720E+01 -.165147E+01 0.180468E+02
 0.604929E+00 -.346566E+01 -.166495E+01 -.165216E+01 0.177448E+02
 0.598475E+00 -.346622E+01 -.167536E+01 -.155553E+01 0.203098E+02
 0.599829E+00 -.346382E+01 -.165744E+01 -.164691E+01 0.179075E+02
 0.608207E+00 -.346304E+01 -.167253E+01 -.164787E+01 0.176857E+02
 0.598809E+00 -.342421E+01 -.167699E+01 -.165388E+01 0.213506E+02
 0.614085E+00 -.346418E+01 -.167712E+01 -.165324E+01 0.176465E+02
 0.580407E+00 -.346378E+01 -.167885E+01 -.165641E+01 0.176972E+02
 0.599002E+00 -.346366E+01 -.167511E+01 -.165674E+01 0.176232E+02
 0.597968E+00 -.345791E+01 -.168112E+01 -.166321E+01 0.177534E+02
 0.603160E+00 -.346217E+01 -.167793E+01 -.155404E+01 0.203371E+02
 0.586192E+00 -.347601E+01 -.165647E+01 -.167514E+01 0.179178E+02
 0.588855E+00 -.346507E+01 -.166894E+01 -.166059E+01 0.176237E+02
 0.632425E+00 -.346647E+01 -.167549E+01 -.163934E+01 0.179092E+02
 0.586791E+00 -.346444E+01 -.168345E+01 -.164669E+01 0.176776E+02
 0.598831E+00 -.346111E+01 -.167619E+01 -.165549E+01 0.176400E+02
 0.602098E+00 -.346535E+01 -.167731E+01 -.165861E+01 0.176337E+02
 0.588576E+00 -.346622E+01 -.164838E+01 -.165450E+01 0.179233E+02
 0.603203E+00 -.346352E+01 -.161786E+01 -.165697E+01 0.194265E+02
 0.772374E+00 -.345274E+01 -.165515E+01 -.161827E+01 0.230660E+02
 0.605693E+00 -.347668E+01 -.157846E+01 -.165963E+01 0.225937E+02
 0.604983E+00 -.346377E+01 -.167943E+01 -.165816E+01 0.176304E+02
 0.599018E+00 -.346348E+01 -.167358E+01 -.166304E+01 0.176291E+02
 0.598335E+00 -.345293E+01 -.167481E+01 -.165339E+01 0.178988E+02
 0.645619E+00 -.346540E+01 -.164997E+01 -.168145E+01 0.183239E+02
 0.592710E+00 -.345828E+01 -.167551E+01 -.165042E+01 0.177049E+02
 0.691739E+00 -.346120E+01 -.168487E+01 -.187242E+01 0.229802E+02
 0.552169E+00 -.346374E+01 -.167742E+01 -.164304E+01 0.178442E+02
 0.599544E+00 -.346353E+01 -.167688E+01 -.165198E+01 0.176247E+02
 0.581928E+00 -.346172E+01 -.167654E+01 -.165369E+01 0.176737E+02
 0.617007E+00 -.346317E+01 -.167572E+01 -.165216E+01 0.176682E+02
 0.595141E+00 -.346337E+01 -.168725E+01 -.165308E+01 0.177061E+02
 0.542860E+00 -.345697E+01 -.167636E+01 -.170314E+01 0.190569E+02
 0.619421E+00 -.346322E+01 -.169702E+01 -.164375E+01 0.176780E+02
 0.592045E+00 -.346372E+01 -.167637E+01 -.165306E+01 0.176285E+02
 0.572239E+00 -.346345E+01 -.166532E+01 -.164612E+01 0.176773E+02
 0.613994E+00 -.346114E+01 -.167915E+01 -.165021E+01 0.176496E+02
 0.597301E+00 -.346371E+01 -.168283E+01 -.164751E+01 0.176388E+02
 0.591028E+00 -.346772E+01 -.166874E+01 -.171806E+01 0.182352E+02
 0.602236E+00 -.346243E+01 -.167266E+01 -.165342E+01 0.176425E+02
 0.643808E+00 -.346424E+01 -.168149E+01 -.166837E+01 0.177366E+02
 0.576496E+00 -.347293E+01 -.166676E+01 -.165470E+01 0.177677E+02
 0.600317E+00 -.346618E+01 -.167584E+01 -.163904E+01 0.176964E+02
 0.595598E+00 -.348457E+01 -.167623E+01 -.166692E+01 0.185783E+02
 0.597905E+00 -.346647E+01 -.166821E+01 -.163858E+01 0.177866E+02
 0.598631E+00 -.346434E+01 -.166580E+01 -.165354E+01 0.176839E+02
 0.644649E+00 -.347954E+01 -.175386E+01 -.150563E+01 0.208558E+02
 0.576131E+00 -.346342E+01 -.172229E+01 -.165479E+01 0.193954E+02
 0.600486E+00 -.346392E+01 -.167053E+01 -.165945E+01 0.176314E+02
 0.610413E+00 -.346399E+01 -.167694E+01 -.165437E+01 0.176341E+02
 0.597451E+00 -.346325E+01 -.167416E+01 -.165488E+01 0.176248E+02
 0.600593E+00 -.346172E+01 -.167054E+01 -.160238E+01 0.184954E+02
 0.598773E+00 -.346387E+01 -.167577E+01 -.165366E+01 0.176237E+02
 0.598303E+00 -.346879E+01 -.164720E+01 -.162315E+01 0.188034E+02
 0.608421E+00 -.347343E+01 -.167748E+01 -.164768E+01 0.178628E+02
 0.567757E+00 -.346937E+01 -.178013E+01 -.161000E+01 0.233218E+02
 0.598095E+00 -.346392E+01 -.164298E+01 -.166321E+01 0.180649E+02
 0.602719E+00 -.349004E+01 -.159805E+01 -.164116E+01 0.225777E+02
 0.602244E+00 -.346346E+01 -.167847E+01 -.164761E+01 0.176302E+02
 0.597696E+00 -.346044E+01 -.167357E+01 -.164245E+01 0.177018E+02
 0.594259E+00 -.346347E+01 -.167814E+01 -.164787E+01 0.176314E+02
 0.597108E+00 -.346365E+01 -.167182E+01 -.165283E+01 0.176338E+02
 0.437076E+00 -.346088E+01 -.167644E+01 -.165146E+01 0.214391E+02
 0.632507E+00 -.346863E+01 -.171440E+01 -.163932E+01 0.179881E+02
 0.573424E+00 -.346401E+01 -.162551E+01 -.165912E+01 0.183946E+02
 0.598331E+00 -.346364E+01 -.167585E+01 -.165572E+01 0.176234E+02
 0.600444E+00 -.346423E+01 -.167445E+01 -.165749E+01 0.176242E+02
 0.597011E+00 -.346508E+01 -.167791E+01 -.165386E+01 0.176300E+02
 0.601374E+00 -.346478E+01 -.166439E+01 -.163696E+01 0.178978E+02
 0.588804E+00 -.345851E+01 -.170091E+01 -.166204E+01 0.182731E+02
 0.581927E+00 -.346389E+01 -.165150E+01 -.164759E+01 0.178838E+02
 0.599368E+00 -.346138E+01 -.165026E+01 -.166177E+01 0.179225E+02
 0.522001E+00 -.347190E+01 -.161494E+01 -.172743E+01 0.178983E+02
 0.596227E+00 -.346574E+01 -.167786E+01 -.165288E+01 0.176344E+02
 0.589523E+00 -.347627E+01 -.168651E+01 -.165975E+01 0.181183E+02
 0.599936E+00 -.346449E+01 -.167082E+01 -.165187E+01 0.176497E+02
 0.550646E+00 -.346450E+01 -.165325E+01 -.163912E+01 0.178111E+02
 0.622693E+00 -.346592E+01 -.168197E+01 -.164343E+01 0.176984E+02
 0.700920E+00 -.343024E+01 -.175475E+01 -.170203E+01 0.226124E+02
 0.704358E+00 -.350402E+01 -.167480E+01 -.171502E+01 0.225161E+02
 0.597189E+00 -.346356E+01 -.168297E+01 -.164805E+01 0.176402E+02
 0.722339E+00 -.347108E+01 -.169924E+01 -.164768E+01 0.184917E+02
 0.588722E+00 -.346373E+01 -.161441E+01 -.168966E+01 0.185909E+02
 0.584918E+00 -.347806E+01 -.167814E+01 -.165009E+01 0.180571E+02
 0.609685E+00 -.346562E+01 -.167062E+01 -.165280E+01 0.176928E+02
 0.594397E+00 -.346547E+01 -.167485E+01 -.165367E+01 0.176282E+02
 0.583614E+00 -.346525E+01 -.167406E+01 -.164872E+01 0.176384E+02
 0.599714E+00 -.346703E+01 -.168299E+01 -.165284E+01 0.176702E+02
 0.558999E+00 -.346274E+01 -.166938E+01 -.164001E+01 0.177371E+02
 0.577651E+00 -.346388E+01 -.167127E+01 -.164343E+01 0.176624E+02
 0.553376E+00 -.346748E+01 -.167342E+01 -.164849E+01 0.177863E+02
 0.597997E+00 -.346868E+01 -.167768E+01 -.166047E+01 0.176907E+02
 0.595268E+00 -.347742E+01 -.167908E+01 -.165216E+01 0.180300E+02
 0.586900E+00 -.346368E+01 -.166520E+01 -.166347E+01 0.176288E+02
 0.578198E+00 -.346187E+01 -.167698E+01 -.164676E+01 0.176817E+02
 0.599536E+00 -.346378E+01 -.167733E+01 -.165726E+01 0.176267E+02
 0.622788E+00 -.346418E+01 -.168662E+01 -.165687E+01 0.176525E+02
 0.655437E+00 -.346438E+01 -.165123E+01 -.182045E+01 0.199740E+02
 0.601032E+00 -.346974E+01 -.168184E+01 -.169092E+01 0.180775E+02
 0.602949E+00 -.346329E+01 -.167852E+01 -.165813E+01 0.176293E+02
 0.602471E+00 -.345206E+01 -.173770E+01 -.164859E+01 0.197894E+02
 0.596383E+00 -.346226E+01 -.157082E+01 -.164666E+01 0.234263E+02
 0.609786E+00 -.346294E+01 -.170855E+01 -.165401E+01 0.180927E+02
 0.581590E+00 -.346371E+01 -.166875E+01 -.165468E+01 0.176319E+02
 0.582615E+00 -.345928E+01 -.167645E+01 -.165611E+01 0.177206E+02
 0.714419E+00 -.346335E+01 -.168396E+01 -.158076E+01 0.207397E+02
 0.488919E+00 -.346485E+01 -.169332E+01 -.166132E+01 0.204349E+02
 0.595824E+00 -.347314E+01 -.167294E+01 -.165523E+01 0.178033E+02
 0.564281E+00 -.346407E+01 -.167821E+01 -.163938E+01 0.177459E+02
 0.599171E+00 -.342943E+01 -.168234E+01 -.163806E+01 0.204102E+02
 0.627014E+00 -.344998E+01 -.166173E+01 -.168298E+01 0.182092E+02
 0.610457E+00 -.346232E+01 -.164636E+01 -.180867E+01 0.195893E+02
 0.601915E+00 -.345235E+01 -.167917E+01 -.158775E+01 0.189589E+02
 0.596925E+00 -.346418E+01 -.167558E+01 -.165411E+01 0.176235E+02
 0.598013E+00 -.346367E+01 -.167657E+01 -.165432E+01 0.176238E+02
 0.586999E+00 -.346387E+01 -.165811E+01 -.165584E+01 0.177120E+02
 0.621289E+00 -.346639E+01 -.166862E+01 -.164988E+01 0.178346E+02
 0.536650E+00 -.347726E+01 -.157413E+01 -.165392E+01 0.204950E+02
 0.580940E+00 -.346335E+01 -.167666E+01 -.177881E+01 0.204690E+02
 0.594594E+00 -.346324E+01 -.167709E+01 -.165439E+01 0.176289E+02
 0.597625E+00 -.346887E+01 -.163192E+01 -.166183E+01 0.184969E+02
 0.608536E+00 -.346608E+01 -.169168E+01 -.164681E+01 0.176918E+02
 0.596007E+00 -.346556E+01 -.167752E+01 -.152676E+01 0.221626E+02
 0.602340E+00 -.346519E+01 -.167503E+01 -.165787E+01 0.176294E+02
 0.610140E+00 -.346396E+01 -.167380E+01 -.165972E+01 0.176395E+02
 0.553469E+00 -.345528E+01 -.156394E+01 -.169118E+01 0.208502E+02
 0.613530E+00 -.346386E+01 -.167616E+01 -.165549E+01 0.176440E+02
 0.583218E+00 -.346365E+01 -.167563E+01 -.165374E+01 0.176469E+02
 0.597497E+00 -.346363E+01 -.167697E+01 -.165620E+01 0.176262E+02
 0.599805E+00 -.346145E+01 -.168028E+01 -.163707E+01 0.176767E+02
 0.594811E+00 -.346075E+01 -.167568E+01 -.157292E+01 0.193435E+02
 0.592774E+00 -.346451E+01 -.167961E+01 -.165137E+01 0.176379E+02
 0.635163E+00 -.347085E+01 -.167579E+01 -.171032E+01 0.182102E+02
 0.584454E+00 -.346329E+01 -.166911E+01 -.164504E+01 0.176668E+02
 0.599908E+00 -.346151E+01 -.167477E+01 -.165513E+01 0.176363E+02
 0.602582E+00 -.346781E+01 -.167789E+01 -.164496E+01 0.176795E+02
 0.596481E+00 -.346647E+01 -.168850E+01 -.165497E+01 0.177492E+02
 0.602726E+00 -.346322E+01 -.161609E+01 -.165693E+01 0.195252E+02
 0.625080E+00 -.346218E+01 -.160270E+01 -.165839E+01 0.211074E+02
 0.500660E+00 -.347447E+01 -.162457E+01 -.162514E+01 0.183829E+02
 0.605847E+00 -.346608E+01 -.166797E+01 -.165889E+01 0.176778E+02
 0.598225E+00 -.346332E+01 -.168121E+01 -.166352E+01 0.176811E+02
 0.598930E+00 -.346354E+01 -.167053E+01 -.165569E+01 0.176360E+02
 0.609218E+00 -.345121E+01 -.165545E+01 -.165779E+01 0.182971E+02
 0.607803E+00 -.347453E+01 -.178330E+01 -.152692E+01 0.203200E+02
 0.593191E+00 -.347137E+01 -.165589E+01 -.166223E+01 0.178270E+02
 0.533709E+00 -.345414E+01 -.167557E+01 -.164740E+01 0.184046E+02
 0.705429E+00 -.346925E+01 -.163515E+01 -.192693E+01 0.229662E+02
 0.540854E+00 -.346451E+01 -.167579E+01 -.165241E+01 0.179954E+02
 0.598552E+00 -.346351E+01 -.167845E+01 -.165527E+01 0.176283E+02
 0.613708E+00 -.351555E+01 -.167037E+01 -.166207E+01 0.231890E+02
 0.612004E+00 -.346368E+01 -.167878E+01 -.166338E+01 0.176409E+02
 0.584572E+00 -.346353E+01 -.167680E+01 -.165476E+01 0.176525E+02
 0.595616E+00 -.346310E+01 -.172988E+01 -.165211E+01 0.193434E+02
 0.530224E+00 -.346147E+01 -.167888E+01 -.162966E+01 0.181436E+02
 0.605563E+00 -.346340E+01 -.169058E+01 -.165785E+01 0.177329E+02
 0.600060E+00 -.346363E+01 -.167686E+01 -.165676E+01 0.176247E+02
 0.498808E+00 -.346525E+01 -.166648E+01 -.163787E+01 0.183524E+02
 0.594593E+00 -.345367E+01 -.167963E+01 -.164686E+01 0.178720E+02
 0.605976E+00 -.346339E+01 -.167058E+01 -.165356E+01 0.176649E+02
 0.601172E+00 -.347868E+01 -.176916E+01 -.165398E+01 0.235748E+02
 0.571694E+00 -.346525E+01 -.167150E+01 -.170488E+01 0.182219E+02
 0.605980E+00 -.346184E+01 -.167436E+01 -.165427E+01 0.176423E+02
 0.634299E+00 -.346270E+01 -.167807E+01 -.166523E+01 0.176981E+02
 0.586037E+00 -.346332E+01 -.166191E+01 -.165711E+01 0.176625E+02
 0.597683E+00 -.346464E+01 -.167683E+01 -.165285E+01 0.176255E+02
 0.600534E+00 -.350269E+01 -.168724E+01 -.165411E+01 0.209032E+02
 0.581116E+00 -.346110E+01 -.165797E+01 -.163005E+01 0.180461E+02
 0.601191E+00 -.346310E+01 -.170673E+01 -.166659E+01 0.183658E+02
 0.643151E+00 -.350360E+01 -.161180E+01 -.167769E+01 0.235386E+02
 0.556668E+00 -.346060E+01 -.160955E+01 -.165421E+01 0.189963E+02
 0.594475E+00 -.346353E+01 -.167257E+01 -.165664E+01 0.176234E+02
 0.591286E+00 -.346391E+01 -.167580E+01 -.165696E+01 0.176320E+02
 0.604706E+00 -.346236E+01 -.168068E+01 -.165788E+01 0.176372E+02
 0.599242E+00 -.346250E+01 -.168660E+01 -.152773E+01 0.215062E+02
 0.597353E+00 -.346383E+01 -.167469E+01 -.165289E+01 0.176251E+02
 0.608458E+00 -.346276E+01 -.169622E+01 -.162743E+01 0.176894E+02
 0.577958E+00 -.344797E+01 -.165889E+01 -.164198E+01 0.184827E+02
 0.591842E+00 -.345851E+01 -.156180E+01 -.171714E+01 0.214687E+02
 0.559054E+00 -.346475E+01 -.168740E+01 -.168743E+01 0.186810E+02
 0.572109E+00 -.344714E+01 -.173563E+01 -.164635E+01 0.207518E+02
 0.600176E+00 -.346325E+01 -.167582E+01 -.165936E+01 0.176266E+02
 0.601796E+00 -.346827E+01 -.168193E+01 -.166800E+01 0.177596E+02
 0.592651E+00 -.346330E+01 -.167774E+01 -.163921E+01 0.176605E+02
 0.598431E+00 -.346361E+01 -.168208E+01 -.166271E+01 0.176848E+02
 0.736450E+00 -.346903E+01 -.166745E+01 -.164970E+01 0.199704E+02
 0.605566E+00 -.346715E+01 -.168557E+01 -.165812E+01 0.177047E+02
 0.607928E+00 -.346395E+01 -.170216E+01 -.166753E+01 0.181300E+02
 0.599745E+00 -.346329E+01 -.167627E+01 -.165672E+01 0.176244E+02
 0.610042E+00 -.346397E+01 -.167662E+01 -.165634E+01 0.176321E+02
 0.597046E+00 -.346122E+01 -.167205E+01 -.165437E+01 0.176468E+02
 0.602495E+00 -.346518E+01 -.165640E+01 -.165639E+01 0.178430E+02
 0.580065E+00 -.346350E+01 -.172045E+01 -.164641E+01 0.189638E+02
 0.577357E+00 -.346635E+01 -.163209E+01 -.165984E+01 0.181834E+02
 0.594386E+00 -.342374E+01 -.161783E+01 -.170323E+01 0.226654E+02
 0.465512E+00 -.345585E+01 -.163652E+01 -.166387E+01 0.189125E+02
 0.600405E+00 -.346494E+01 -.167635E+01 -.165331E+01 0.176271E+02
 0.589816E+00 -.348955E+01 -.163191E+01 -.165299E+01 0.197140E+02
 0.617248E+00 -.350902E+01 -.168653E+01 -.166079E+01 0.220771E+02
 0.599782E+00 -.346540E+01 -.168955E+01 -.166447E+01 0.178230E+02
 0.538826E+00 -.345655E+01 -.164026E+01 -.163861E+01 0.182481E+02
 0.648434E+00 -.346542E+01 -.167701E+01 -.166651E+01 0.178179E+02
 0.675701E+00 -.346994E+01 -.167533E+01 -.162986E+01 0.187795E+02
 0.604728E+00 -.346354E+01 -.166871E+01 -.164773E+01 0.177176E+02
 0.587114E+00 -.346347E+01 -.164107E+01 -.162765E+01 0.187390E+02
 0.601901E+00 -.349209E+01 -.167646E+01 -.165382E+01 0.193311E+02
 0.607164E+00 -.346339E+01 -.167581E+01 -.165547E+01 0.176297E+02
 0.602209E+00 -.346489E+01 -.167590E+01 -.165843E+01 0.176280E+02
 0.608919E+00 -.346493E+01 -.167622E+01 -.166094E+01 0.176362E+02
 0.597769E+00 -.346061E+01 -.168374E+01 -.165342E+01 0.176766E+02
 0.695541E+00 -.346317E+01 -.172400E+01 -.162620E+01 0.178193E+02
 0.539762E+00 -.346357E+01 -.168963E+01 -.164219E+01 0.183246E+02
 0.581370E+00 -.346600E+01 -.167700E+01 -.165518E+01 0.176711E+02
 0.599544E+00 -.346964E+01 -.167279E+01 -.166705E+01 0.177098E+02
 0.610767E+00 -.347622E+01 -.166691E+01 -.165290E+01 0.180799E+02
 0.608448E+00 -.346398E+01 -.166823E+01 -.165135E+01 0.177172E+02
 0.578379E+00 -.346555E+01 -.167178E+01 -.165272E+01 0.176406E+02
 0.602081E+00 -.346362E+01 -.167446E+01 -.165374E+01 0.176290E+02
 0.582832E+00 -.346406E+01 -.172248E+01 -.165621E+01 0.192878E+02
 0.670792E+00 -.346368E+01 -.168654E+01 -.174459E+01 0.189221E+02
 0.605736E+00 -.346839E+01 -.167848E+01 -.161689E+01 0.179988E+02
 0.606224E+00 -.346330E+01 -.167441E+01 -.165077E+01 0.176464E+02
 0.599578E+00 -.345698E+01 -.175524E+01 -.165918E+01 0.216370E+02
 0.601642E+00 -.346307E+01 -.163017E+01 -.166268E+01 0.186156E+02
 0.604604E+00 -.346355E+01 -.166604E+01 -.164901E+01 0.177465E+02
 0.603981E+00 -.346361E+01 -.168319E+01 -.165755E+01 0.176506E+02
 0.569181E+00 -.348094E+01 -.167701E+01 -.165168E+01 0.182678E+02
 0.539732E+00 -.346370E+01 -.170037E+01 -.152424E+01 0.204251E+02
 0.533442E+00 -.348860E+01 -.168152E+01 -.160989E+01 0.191499E+02
 0.593396E+00 -.347036E+01 -.167892E+01 -.165831E+01 0.177402E+02
 0.574103E+00 -.346194E+01 -.167451E+01 -.166769E+01 0.177678E+02
 0.599800E+00 -.345039E+01 -.160431E+01 -.165986E+01 0.206829E+02
 0.614078E+00 -.345427E+01 -.167281E+01 -.153900E+01 0.221553E+02
 0.566926E+00 -.346142E+01 -.168122E+01 -.166458E+01 0.179499E+02
 0.604603E+00 -.345757E+01 -.169757E+01 -.182134E+01 0.234566E+02
 0.597715E+00 -.344022E+01 -.167468E+01 -.164247E+01 0.189680E+02
 0.531571E+00 -.347515E+01 -.172953E+01 -.165930E+01 0.218976E+02
 0.597599E+00 -.346479E+01 -.167604E+01 -.165464E+01 0.176252E+02
 0.596825E+00 -.346370E+01 -.167618E+01 -.165431E+01 0.176239E+02
 0.600915E+00 -.346359E+01 -.168206E+01 -.165580E+01 0.176431E+02
 0.613067E+00 -.346403E+01 -.169803E+01 -.165369E+01 0.177889E+02
 0.636461E+00 -.347005E+01 -.159239E+01 -.165185E+01 0.227563E+02
 0.599420E+00 -.346265E+01 -.167986E+01 -.158705E+01 0.186381E+02
 0.597253E+00 -.346391E+01 -.167618E+01 -.165502E+01 0.176238E+02
 0.601674E+00 -.347063E+01 -.166493E+01 -.166501E+01 0.177527E+02
 0.604381E+00 -.346532E+01 -.170418E+01 -.165398E+01 0.180286E+02
 0.601709E+00 -.346090E+01 -.167738E+01 -.163864E+01 0.176959E+02
 0.600126E+00 -.346479E+01 -.168963E+01 -.166377E+01 0.178097E+02
 0.597476E+00 -.346368E+01 -.167752E+01 -.166204E+01 0.176438E+02
 0.599272E+00 -.351666E+01 -.167553E+01 -.165448E+01 0.232817E+02
 0.601944E+00 -.346348E+01 -.167550E+01 -.165735E+01 0.176242E+02
 0.609731E+00 -.346359E+01 -.167370E+01 -.165547E+01 0.176459E+02
 0.599398E+00 -.346366E+01 -.167629E+01 -.165525E+01 0.176234E+02
 0.600762E+00 -.346577E+01 -.167547E+01 -.164383E+01 0.176659E+02
 0.604313E+00 -.345907E+01 -.167456E+01 -.167206E+01 0.177087E+02
 0.602047E+00 -.346762E+01 -.170382E+01 -.162065E+01 0.178343E+02
 0.599082E+00 -.346343E+01 -.167958E+01 -.166109E+01 0.176505E+02
 0.567218E+00 -.346486E+01 -.167405E+01 -.175545E+01 0.197735E+02
 0.598844E+00 -.346270E+01 -.166118E+01 -.166580E+01 0.176849E+02
 0.601033E+00 -.346562E+01 -.167521E+01 -.165534E+01 0.176316E+02
 0.600382E+00 -.346540E+01 -.167587E+01 -.165640E+01 0.176292E+02
 0.602935E+00 -.346130E+01 -.171368E+01 -.165663E+01 0.184311E+02
 0.600541E+00 -.346392E+01 -.177705E+01 -.165491E+01 0.239140E+02
 0.597994E+00 -.345650E+01 -.174393E+01 -.165745E+01 0.205735E+02
 0.601563E+00 -.346283E+01 -.167425E+01 -.165190E+01 0.176353E+02
 0.598993E+00 -.346359E+01 -.167525E+01 -.164996E+01 0.176311E+02
 0.602980E+00 -.345874E+01 -.166041E+01 -.166130E+01 0.178004E+02
 0.564243E+00 -.348470E+01 -.171909E+01 -.155504E+01 0.197587E+02
 0.601045E+00 -.346459E+01 -.170354E+01 -.164265E+01 0.178985E+02
 0.544801E+00 -.345442E+01 -.167589E+01 -.165447E+01 0.182710E+02
 0.634413E+00 -.346872E+01 -.164653E+01 -.180165E+01 0.194535E+02
 0.608380E+00 -.346359E+01 -.166881E+01 -.167508E+01 0.176653E+02
 0.601142E+00 -.346373E+01 -.167600E+01 -.165617E+01 0.176235E+02
 0.555254E+00 -.342168E+01 -.167995E+01 -.165391E+01 0.225575E+02
 0.620554E+00 -.346544E+01 -.167788E+01 -.165624E+01 0.176676E+02
 0.583693E+00 -.346389E+01 -.167746E+01 -.165578E+01 0.176631E+02
 0.597026E+00 -.346910E+01 -.170363E+01 -.165193E+01 0.181328E+02
 0.568014E+00 -.346650E+01 -.166129E+01 -.160668E+01 0.183470E+02
 0.616172E+00 -.346366E+01 -.167901E+01 -.166342E+01 0.176451E+02
 0.605179E+00 -.346382E+01 -.167585E+01 -.165377E+01 0.176290E+02
 0.575846E+00 -.346557E+01 -.167532E+01 -.164140E+01 0.176727E+02
 0.582905E+00 -.346793E+01 -.168380E+01 -.164654E+01 0.177304E+02
 0.612539E+00 -.346387E+01 -.166954E+01 -.165634E+01 0.176936E+02
 0.585073E+00 -.346563E+01 -.167576E+01 -.162925E+01 0.177407E+02
 0.593097E+00 -.346534E+01 -.167692E+01 -.165442E+01 0.176331E+02
 0.617435E+00 -.346165E+01 -.168473E+01 -.164620E+01 0.176384E+02
 0.612777E+00 -.345644E+01 -.168294E+01 -.166047E+01 0.177424E+02
 0.598319E+00 -.346230E+01 -.167742E+01 -.166967E+01 0.176861E+02
 0.598527E+00 -.348669E+01 -.167176E+01 -.163505E+01 0.188541E+02
 0.588911E+00 -.346003E+01 -.167494E+01 -.165020E+01 0.176715E+02
 0.601171E+00 -.346220E+01 -.170754E+01 -.166007E+01 0.182681E+02
 0.593531E+00 -.348800E+01 -.167601E+01 -.179630E+01 0.220926E+02
 0.576937E+00 -.346451E+01 -.159535E+01 -.165400E+01 0.202431E+02
 0.593785E+00 -.346346E+01 -.167702E+01 -.165308E+01 0.176283E+02
 0.583718E+00 -.346391E+01 -.167521E+01 -.165626E+01 0.176470E+02
 0.608943E+00 -.346284E+01 -.168131E+01 -.165833E+01 0.176349E+02
 0.601362E+00 -.346392E+01 -.168745E+01 -.171081E+01 0.185778E+02
 0.598169E+00 -.346378E+01 -.167689E+01 -.165346E+01 0.176239E+02
 0.604716E+00 -.345885E+01 -.170924E+01 -.166507E+01 0.184141E+02
 0.615016E+00 -.345261E+01 -.169047E+01 -.164410E+01 0.178697E+02
 0.584786E+00 -.345481E+01 -.162954E+01 -.166748E+01 0.185445E+02
 0.621903E+00 -.346420E+01 -.169549E+01 -.163114E+01 0.176718E+02
 0.545946E+00 -.344057E+01 -.173036E+01 -.164452E+01 0.218643E+02
 0.598810E+00 -.346351E+01 -.167555E+01 -.166253E+01 0.176334E+02
 0.603949E+00 -.347036E+01 -.167860E+01 -.165729E+01 0.177299E+02
 0.602474E+00 -.346362E+01 -.167629E+01 -.165694E+01 0.176241E+02
 0.602978E+00 -.346361E+01 -.168101E+01 -.166491E+01 0.176722E+02
 0.747438E+00 -.346369E+01 -.166674E+01 -.166909E+01 0.197013E+02
 0.603711E+00 -.346017E+01 -.166501E+01 -.166104E+01 0.177122E+02
 0.609981E+00 -.346378E+01 -.173440E+01 -.166839E+01 0.198705E+02
 0.600124E+00 -.346342E+01 -.167595E+01 -.165685E+01 0.176239E+02
 0.501995E+00 -.345289E+01 -.159784E+01 -.163849E+01 0.195770E+02
 0.591101E+00 -.346361E+01 -.167581E+01 -.165518E+01 0.176302E+02
 0.602134E+00 -.346542E+01 -.167007E+01 -.165834E+01 0.176444E+02
 0.601880E+00 -.346310E+01 -.167513E+01 -.167185E+01 0.176685E+02
 0.587604E+00 -.346368E+01 -.165558E+01 -.164688E+01 0.178487E+02
 0.611859E+00 -.347161E+01 -.170925E+01 -.165306E+01 0.182785E+02
 0.479585E+00 -.346301E+01 -.164773E+01 -.165527E+01 0.184239E+02
 0.602067E+00 -.346221E+01 -.167678E+01 -.165443E+01 0.176286E+02
 0.419906E+00 -.345488E+01 -.156427E+01 -.175179E+01 0.195350E+02
 0.602778E+00 -.348009E+01 -.169573E+01 -.165182E+01 0.184262E+02
 0.600444E+00 -.346420E+01 -.167984E+01 -.165950E+01 0.176431E+02
 0.593805E+00 -.345498E+01 -.163852E+01 -.164356E+01 0.187741E+02
 0.604555E+00 -.346311E+01 -.166377E+01 -.167935E+01 0.176807E+02
 0.645403E+00 -.344074E+01 -.167582E+01 -.156719E+01 0.215782E+02
 0.608403E+00 -.346364E+01 -.166190E+01 -.167347E+01 0.177019E+02
 0.588663E+00 -.346244E+01 -.169484E+01 -.164101E+01 0.178025E+02
 0.615708E+00 -.344470E+01 -.167873E+01 -.165569E+01 0.184105E+02
 0.586472E+00 -.346185E+01 -.167654E+01 -.165653E+01 0.176612E+02
 0.603371E+00 -.346415E+01 -.167706E+01 -.166108E+01 0.176317E+02
 0.575478E+00 -.346371E+01 -.166978E+01 -.166012E+01 0.176520E+02
 0.597830E+00 -.345754E+01 -.167228E+01 -.165419E+01 0.177242E+02
 0.775403E+00 -.346244E+01 -.173254E+01 -.163353E+01 0.182270E+02
 0.615619E+00 -.346372E+01 -.168062E+01 -.164323E+01 0.176644E+02
 0.613332E+00 -.346372E+01 -.167867E+01 -.166005E+01 0.176354E+02
 0.596061E+00 -.346918E+01 -.167049E+01 -.164297E+01 0.177477E+02
 0.612338E+00 -.346865E+01 -.166458E+01 -.164351E+01 0.179490E+02
 0.605714E+00 -.346372E+01 -.167785E+01 -.165688E+01 0.176256E+02
 0.581183E+00 -.346793E+01 -.166735E+01 -.166146E+01 0.176475E+02
 0.599362E+00 -.346358E+01 -.167355E+01 -.165369E+01 0.176286E+02
 0.576805E+00 -.346380E+01 -.167778E+01 -.165469E+01 0.176976E+02
 0.521262E+00 -.346334E+01 -.168789E+01 -.156675E+01 0.189798E+02
 0.602650E+00 -.345185E+01 -.169408E+01 -.161702E+01 0.180456E+02
 0.602383E+00 -.346355E+01 -.167523E+01 -.165703E+01 0.176245E+02
 0.596634E+00 -.346612E+01 -.165233E+01 -.166254E+01 0.178223E+02
 0.612404E+00 -.346419E+01 -.169946E+01 -.167358E+01 0.181045E+02
 0.598591E+00 -.346359E+01 -.164291E+01 -.165126E+01 0.182663E+02
 0.621101E+00 -.346375E+01 -.169255E+01 -.164990E+01 0.176608E+02
 0.618072E+00 -.345923E+01 -.167582E+01 -.165131E+01 0.177088E+02
 0.441382E+00 -.346396E+01 -.168660E+01 -.152112E+01 0.215557E+02
 0.630544E+00 -.348500E+01 -.166938E+01 -.162613E+01 0.193000E+02
 0.609033E+00 -.345920E+01 -.167891E+01 -.165961E+01 0.176685E+02
 0.617431E+00 -.346278E+01 -.167277E+01 -.165577E+01 0.176846E+02
 0.584809E+00 -.341934E+01 -.170142E+01 -.165128E+01 0.227909E+02
 0.600596E+00 -.348462E+01 -.167153E+01 -.160514E+01 0.192634E+02
 0.551465E+00 -.347124E+01 -.168835E+01 -.163744E+01 0.181125E+02
 0.610525E+00 -.346369E+01 -.171224E+01 -.159550E+01 0.179330E+02
 0.595273E+00 -.348728E+01 -.167446E+01 -.169376E+01 0.190751E+02
 0.608968E+00 -.348275E+01 -.171313E+01 -.166190E+01 0.193586E+02
 0.598405E+00 -.346376E+01 -.167541E+01 -.165494E+01 0.176232E+02
 0.597902E+00 -.346373E+01 -.167576E+01 -.165562E+01 0.176233E+02
 0.609637E+00 -.346362E+01 -.169123E+01 -.165468E+01 0.177010E+02
 0.593098E+00 -.345769E+01 -.170824E+01 -.164423E+01 0.181980E+02
 0.617553E+00 -.346549E+01 -.169393E+01 -.165451E+01 0.177247E+02
 0.611166E+00 -.346236E+01 -.167630E+01 -.162351E+01 0.179208E+02
 0.600259E+00 -.346427E+01 -.167532E+01 -.165537E+01 0.176240E+02
 0.601618E+00 -.346878E+01 -.170372E+01 -.166025E+01 0.182089E+02
 0.618213E+00 -.346424E+01 -.165191E+01 -.165392E+01 0.181779E+02
 0.604833E+00 -.346428E+01 -.167530E+01 -.174641E+01 0.189654E+02
 0.598939E+00 -.346312E+01 -.167245E+01 -.165328E+01 0.176346E+02
 0.587668E+00 -.346299E+01 -.167735E+01 -.165080E+01 0.176422E+02
 0.590308E+00 -.346322E+01 -.167511E+01 -.165609E+01 0.176317E+02
 0.617293E+00 -.346369E+01 -.167769E+01 -.166045E+01 0.176436E+02
 0.600050E+00 -.346370E+01 -.167341E+01 -.165573E+01 0.176264E+02
 0.598801E+00 -.346482E+01 -.167454E+01 -.165941E+01 0.176264E+02
 0.606216E+00 -.345837E+01 -.167479E+01 -.174117E+01 0.188432E+02
 0.595086E+00 -.346303E+01 -.166058E+01 -.166365E+01 0.176802E+02
 0.526409E+00 -.345606E+01 -.167312E+01 -.163707E+01 0.183173E+02
 0.608012E+00 -.346310E+01 -.167040E+01 -.167374E+01 0.176600E+02
 0.601094E+00 -.346536E+01 -.167614E+01 -.165681E+01 0.176295E+02
 0.601291E+00 -.346243E+01 -.167654E+01 -.166463E+01 0.176454E+02
 0.588946E+00 -.346126E+01 -.165799E+01 -.166188E+01 0.177130E+02
 0.597976E+00 -.346399E+01 -.173816E+01 -.165671E+01 0.200400E+02
 0.522189E+00 -.346360E+01 -.173564E+01 -.167597E+01 0.235746E+02
 0.505312E+00 -.346115E+01 -.164866E+01 -.165448E+01 0.180649E+02
 0.592817E+00 -.346589E+01 -.169266E+01 -.165626E+01 0.178598E+02
 0.608304E+00 -.346380E+01 -.167409E+01 -.165030E+01 0.176570E+02
 0.598710E+00 -.346357E+01 -.167673E+01 -.166070E+01 0.176330E+02
 0.597345E+00 -.347181E+01 -.168600E+01 -.165342E+01 0.178320E+02
 0.545604E+00 -.346519E+01 -.164415E+01 -.167112E+01 0.176698E+02
 0.609433E+00 -.345867E+01 -.169861E+01 -.165501E+01 0.178664E+02
 0.580414E+00 -.345988E+01 -.167529E+01 -.165866E+01 0.177182E+02
 0.596084E+00 -.346398E+01 -.169447E+01 -.156287E+01 0.190054E+02
 0.646214E+00 -.346307E+01 -.166448E+01 -.167960E+01 0.179439E+02
 0.602912E+00 -.346392E+01 -.167406E+01 -.165537E+01 0.176289E+02
 0.589329E+00 -.346540E+01 -.167243E+01 -.165176E+01 0.176298E+02
 0.629027E+00 -.346385E+01 -.167641E+01 -.165381E+01 0.177161E+02
 0.591753E+00 -.346729E+01 -.161619E+01 -.165350E+01 0.193316E+02
 0.627611E+00 -.346509E+01 -.166606E+01 -.160143E+01 0.191079E+02
 0.625152E+00 -.346316E+01 -.166833E+01 -.164678E+01 0.178846E+02
 0.595770E+00 -.346395E+01 -.167557E+01 -.165180E+01 0.176252E+02
 0.656599E+00 -.346544E+01 -.168218E+01 -.165805E+01 0.178373E+02
 0.597326E+00 -.347095E+01 -.167560E+01 -.165762E+01 0.177338E+02
 0.598457E+00 -.346409E+01 -.167278E+01 -.165162E+01 0.176354E+02
 0.597001E+00 -.346203E+01 -.169939E+01 -.165458E+01 0.179594E+02
 0.591232E+00 -.346396E+01 -.167842E+01 -.157849E+01 0.189193E+02
 0.588469E+00 -.346733E+01 -.167683E+01 -.165375E+01 0.176583E+02
 0.591637E+00 -.346246E+01 -.168572E+01 -.164153E+01 0.176721E+02
 0.607072E+00 -.346909E+01 -.168064E+01 -.165891E+01 0.177084E+02
 0.600306E+00 -.346099E+01 -.167766E+01 -.166873E+01 0.176880E+02
 0.592181E+00 -.344001E+01 -.164742E+01 -.163849E+01 0.197431E+02
 0.517700E+00 -.342214E+01 -.165251E+01 -.171515E+01 0.237261E+02
 0.604475E+00 -.345958E+01 -.168801E+01 -.166826E+01 0.178204E+02
 0.597876E+00 -.346430E+01 -.165712E+01 -.164444E+01 0.179309E+02
 0.605353E+00 -.346622E+01 -.176181E+01 -.165494E+01 0.219735E+02
 0.596140E+00 -.346372E+01 -.167522E+01 -.165274E+01 0.176245E+02
 0.588605E+00 -.346382E+01 -.167665E+01 -.165457E+01 0.176379E+02
 0.589593E+00 -.346467E+01 -.167930E+01 -.165172E+01 0.176456E+02
 0.602898E+00 -.346257E+01 -.166725E+01 -.171473E+01 0.180492E+02
 0.599313E+00 -.346387E+01 -.167712E+01 -.165570E+01 0.176246E+02
 0.597555E+00 -.346230E+01 -.169912E+01 -.166868E+01 0.181620E+02
 0.621418E+00 -.346225E+01 -.168500E+01 -.165125E+01 0.176353E+02
 0.573111E+00 -.345133E+01 -.171457E+01 -.162332E+01 0.187335E+02
 0.661539E+00 -.346366E+01 -.167937E+01 -.160779E+01 0.187973E+02
 0.595284E+00 -.345475E+01 -.166161E+01 -.163157E+01 0.182241E+02
 0.712298E+00 -.349512E+01 -.164487E+01 -.164346E+01 0.234267E+02
 0.600742E+00 -.346383E+01 -.167674E+01 -.164847E+01 0.176320E+02
 0.597620E+00 -.346813E+01 -.167551E+01 -.163297E+01 0.177705E+02
 0.606115E+00 -.346400E+01 -.167387E+01 -.166794E+01 0.176427E+02
 0.603273E+00 -.346373E+01 -.167607E+01 -.165765E+01 0.176247E+02
 0.426484E+00 -.345964E+01 -.167662E+01 -.166440E+01 0.225660E+02
 0.631479E+00 -.345914E+01 -.167844E+01 -.166074E+01 0.177090E+02
 0.600947E+00 -.346383E+01 -.166611E+01 -.170363E+01 0.178758E+02
 0.597017E+00 -.346386E+01 -.167514E+01 -.165602E+01 0.176231E+02
 0.580729E+00 -.346409E+01 -.167291E+01 -.165577E+01 0.176416E+02
 0.603483E+00 -.346746E+01 -.167801E+01 -.165731E+01 0.176596E+02
 0.596556E+00 -.346338E+01 -.168155E+01 -.167598E+01 0.178059E+02
 0.467637E+00 -.346303E+01 -.168404E+01 -.168245E+01 0.214430E+02
 0.598639E+00 -.346390E+01 -.162343E+01 -.165641E+01 0.190196E+02
 0.669809E+00 -.344160E+01 -.157821E+01 -.188393E+01 0.234448E+02
 0.624458E+00 -.346860E+01 -.168096E+01 -.166768E+01 0.177494E+02
 0.577918E+00 -.348138E+01 -.164358E+01 -.175069E+01 0.188772E+02
 0.600407E+00 -.346258E+01 -.167707E+01 -.165513E+01 0.176267E+02
 0.558862E+00 -.347648E+01 -.164342E+01 -.167776E+01 0.178744E+02
 0.603679E+00 -.346824E+01 -.172299E+01 -.165856E+01 0.190244E+02
 0.600293E+00 -.346462E+01 -.167043E+01 -.164881E+01 0.176700E+02
 0.594593E+00 -.347104E+01 -.167572E+01 -.164682E+01 0.177418E+02
 0.561680E+00 -.346286E+01 -.167480E+01 -.166554E+01 0.178543E+02
 0.608755E+00 -.344306E+01 -.167510E+01 -.164327E+01 0.186565E+02
 0.603893E+00 -.346364E+01 -.167286E+01 -.165032E+01 0.176528E+02
 0.518577E+00 -.347065E+01 -.171697E+01 -.166784E+01 0.214323E+02
 0.592344E+00 -.346333E+01 -.170995E+01 -.167138E+01 0.187745E+02
 0.620949E+00 -.343561E+01 -.168113E+01 -.165457E+01 0.193492E+02
 0.581688E+00 -.346375E+01 -.167191E+01 -.165668E+01 0.176370E+02
 0.597162E+00 -.346271E+01 -.167770E+01 -.165214E+01 0.176284E+02
 0.556577E+00 -.346327E+01 -.167037E+01 -.164358E+01 0.177377E+02
 0.526496E+00 -.346622E+01 -.176174E+01 -.159668E+01 0.224477E+02
 0.600296E+00 -.346177E+01 -.167354E+01 -.165506E+01 0.176371E+02
 0.551220E+00 -.346214E+01 -.163607E+01 -.166336E+01 0.178469E+02
 0.630103E+00 -.346394E+01 -.165865E+01 -.165606E+01 0.180874E+02
 0.615861E+00 -.346198E+01 -.167807E+01 -.166062E+01 0.176416E+02
 0.593890E+00 -.346118E+01 -.167643E+01 -.162896E+01 0.177730E+02
 0.596793E+00 -.345644E+01 -.167991E+01 -.165361E+01 0.177559E+02
 0.597853E+00 -.346355E+01 -.168194E+01 -.165915E+01 0.176649E+02
 0.588800E+00 -.346579E+01 -.167186E+01 -.165659E+01 0.176278E+02
 0.597002E+00 -.346375E+01 -.167515E+01 -.165933E+01 0.176263E+02
 0.672289E+00 -.346380E+01 -.164886E+01 -.165514E+01 0.193024E+02
 0.629679E+00 -.346343E+01 -.166668E+01 -.159030E+01 0.195677E+02
 0.601472E+00 -.346239E+01 -.169311E+01 -.170046E+01 0.185570E+02
 0.593558E+00 -.346395E+01 -.167602E+01 -.166046E+01 0.176372E+02
 0.248122E+00 -.350345E+01 -.129410E+01 -.163850E+01 0.236876E+02
 0.593879E+00 -.347181E+01 -.159900E+01 -.165003E+01 0.206997E+02
 0.599440E+00 -.346415E+01 -.169047E+01 -.166422E+01 0.178337E+02
 0.597241E+00 -.346368E+01 -.165067E+01 -.165155E+01 0.179942E+02
 0.608893E+00 -.346384E+01 -.166956E+01 -.165037E+01 0.177081E+02
 0.639899E+00 -.344419E+01 -.167445E+01 -.165585E+01 0.185563E+02
 0.650323E+00 -.346388E+01 -.168880E+01 -.178089E+01 0.202055E+02
 0.568173E+00 -.345850E+01 -.168363E+01 -.164587E+01 0.178940E+02
 0.605520E+00 -.346161E+01 -.167177E+01 -.165418E+01 0.176605E+02
 0.632310E+00 -.346372E+01 -.167293E+01 -.164656E+01 0.178518E+02
 0.626088E+00 -.345595E+01 -.173360E+01 -.163798E+01 0.186435E+02
 0.588258E+00 -.347866E+01 -.168006E+01 -.174466E+01 0.198449E+02
 0.580457E+00 -.346234E+01 -.166774E+01 -.165975E+01 0.176422E+02
 0.596186E+00 -.347952E+01 -.167538E+01 -.168402E+01 0.183251E+02
 0.634763E+00 -.347278E+01 -.159922E+01 -.166207E+01 0.217029E+02
 0.599022E+00 -.346296E+01 -.167493E+01 -.165516E+01 0.176253E+02
 0.598861E+00 -.346378E+01 -.167514E+01 -.165623E+01 0.176231E+02
 0.573677E+00 -.346381E+01 -.166129E+01 -.165453E+01 0.176553E+02
 0.595299E+00 -.345333E+01 -.168141E+01 -.164504E+01 0.178883E+02
 0.597506E+00 -.345944E+01 -.175785E+01 -.165694E+01 0.218467E+02
 0.611722E+00 -.346376E+01 -.166739E+01 -.171964E+01 0.180988E+02
 0.596498E+00 -.346392E+01 -.167563E+01 -.165497E+01 0.176235E+02
 0.597868E+00 -.346261E+01 -.170316E+01 -.165470E+01 0.180628E+02
 0.624554E+00 -.346359E+01 -.168283E+01 -.165457E+01 0.176463E+02
 0.598445E+00 -.346679E+01 -.167395E+01 -.174744E+01 0.190317E+02
 0.598991E+00 -.346544E+01 -.166408E+01 -.165126E+01 0.177268E+02
 0.598971E+00 -.346333E+01 -.167325E+01 -.164816E+01 0.176478E+02
 0.598377E+00 -.344529E+01 -.167723E+01 -.165532E+01 0.184145E+02
 0.598613E+00 -.346389E+01 -.167536E+01 -.165637E+01 0.176231E+02
 0.605835E+00 -.346380E+01 -.167669E+01 -.165724E+01 0.176260E+02
 0.599339E+00 -.346371E+01 -.167629E+01 -.165514E+01 0.176233E+02
 0.597257E+00 -.346293E+01 -.167423E+01 -.166592E+01 0.176428E+02
 0.604651E+00 -.346014E+01 -.167538E+01 -.171004E+01 0.181554E+02
 0.601316E+00 -.341687E+01 -.166228E+01 -.166717E+01 0.230793E+02
 0.591339E+00 -.346365E+01 -.166957E+01 -.165969E+01 0.176242E+02
 0.582732E+00 -.345318E+01 -.167313E+01 -.157285E+01 0.195946E+02
 0.599482E+00 -.346382E+01 -.167940E+01 -.166092E+01 0.176475E+02
 0.599853E+00 -.346237E+01 -.167516E+01 -.165609E+01 0.176280E+02
 0.601960E+00 -.346141E+01 -.167705E+01 -.165800E+01 0.176371E+02
 0.585579E+00 -.346778E+01 -.162437E+01 -.166825E+01 0.184549E+02
 0.602009E+00 -.346374E+01 -.165179E+01 -.165808E+01 0.179285E+02
 0.774494E+00 -.344467E+01 -.169187E+01 -.165969E+01 0.193676E+02
 0.612558E+00 -.347145E+01 -.163118E+01 -.165486E+01 0.190429E+02
 0.600433E+00 -.346423E+01 -.167593E+01 -.166303E+01 0.176351E+02
 0.598754E+00 -.346355E+01 -.167306E+01 -.166888E+01 0.176452E+02
 0.601617E+00 -.347077E+01 -.169375E+01 -.165435E+01 0.179138E+02
 0.567787E+00 -.344887E+01 -.160414E+01 -.174804E+01 0.190915E+02
 0.622151E+00 -.346112E+01 -.166909E+01 -.166499E+01 0.177268E+02
 0.640268E+00 -.346751E+01 -.167485E+01 -.165594E+01 0.178629E+02
 0.590803E+00 -.346335E+01 -.170108E+01 -.154746E+01 0.194186E+02
 0.594074E+00 -.346311E+01 -.167841E+01 -.166252E+01 0.176632E+02
 0.601648E+00 -.346377E+01 -.167596E+01 -.165689E+01 0.176238E+02
 0.532725E+00 -.344972E+01 -.165713E+01 -.164053E+01 0.185252E+02
 0.566114E+00 -.346357E+01 -.167028E+01 -.165017E+01 0.176815E+02
 0.602085E+00 -.346347E+01 -.167535E+01 -.165266E+01 0.176283E+02
 0.588532E+00 -.346342E+01 -.161298E+01 -.165037E+01 0.195558E+02
 0.605948E+00 -.345779E+01 -.167717E+01 -.177713E+01 0.200430E+02
 0.638214E+00 -.346337E+01 -.167906E+01 -.164064E+01 0.178379E+02
 0.597328E+00 -.346374E+01 -.167639E+01 -.165425E+01 0.176238E+02
 0.547939E+00 -.346343E+01 -.167313E+01 -.164742E+01 0.178389E+02
 0.606840E+00 -.347084E+01 -.166995E+01 -.165876E+01 0.177650E+02
 0.596183E+00 -.346384E+01 -.168361E+01 -.165139E+01 0.176542E+02
 0.590829E+00 -.346520E+01 -.166577E+01 -.165684E+01 0.176431E+02
 0.598898E+00 -.346478E+01 -.167654E+01 -.165665E+01 0.176267E+02
 0.602787E+00 -.346466E+01 -.167362E+01 -.164435E+01 0.176772E+02
 0.595163E+00 -.346514E+01 -.165762E+01 -.165865E+01 0.177434E+02
 0.602359E+00 -.346148E+01 -.167442E+01 -.165463E+01 0.176396E+02
 0.591808E+00 -.346018E+01 -.167571E+01 -.166958E+01 0.177191E+02
 0.596294E+00 -.346559E+01 -.167437E+01 -.165400E+01 0.176292E+02
 0.596027E+00 -.346293E+01 -.164298E+01 -.165121E+01 0.182345E+02
 0.610450E+00 -.346548E+01 -.173902E+01 -.165585E+01 0.197903E+02
 0.599415E+00 -.346377E+01 -.167348E+01 -.165921E+01 0.176242E+02
 0.611768E+00 -.346395E+01 -.167830E+01 -.165411E+01 0.176325E+02
 0.583242E+00 -.346355E+01 -.167134E+01 -.165216E+01 0.176332E+02
 0.602607E+00 -.346157E+01 -.167020E+01 -.161401E+01 0.182127E+02
 0.599755E+00 -.346386E+01 -.167577E+01 -.165710E+01 0.176236E+02
 0.600170E+00 -.346538E+01 -.168428E+01 -.162313E+01 0.177575E+02
 0.605237E+00 -.347038E+01 -.167084E+01 -.166282E+01 0.177346E+02
 0.582288E+00 -.346461E+01 -.175489E+01 -.158698E+01 0.196108E+02
 0.602629E+00 -.346370E+01 -.168033E+01 -.167944E+01 0.177909E+02
 0.566464E+00 -.347793E+01 -.164186E+01 -.164958E+01 0.182312E+02
 0.602817E+00 -.346355E+01 -.167714E+01 -.164410E+01 0.176497E+02
 0.594420E+00 -.346285E+01 -.167492E+01 -.165643E+01 0.176276E+02
 0.600513E+00 -.346373E+01 -.167552E+01 -.166130E+01 0.176287E+02
 0.598974E+00 -.346381E+01 -.167194E+01 -.164930E+01 0.176506E+02
 0.478144E+00 -.346206E+01 -.167524E+01 -.165167E+01 0.195191E+02
 0.614759E+00 -.346724E+01 -.169455E+01 -.165132E+01 0.177512E+02
 0.593728E+00 -.346383E+01 -.162599E+01 -.172907E+01 0.181331E+02
 0.597224E+00 -.346417E+01 -.167452E+01 -.165564E+01 0.176230E+02
 0.602817E+00 -.346443E+01 -.167143E+01 -.165775E+01 0.176358E+02
 0.600373E+00 -.346296E+01 -.167977E+01 -.165517E+01 0.176311E+02
 0.599264E+00 -.346499E+01 -.167438E+01 -.165523E+01 0.176268E+02
 0.595479E+00 -.346392E+01 -.168207E+01 -.165820E+01 0.176702E+02
 0.625174E+00 -.346207E+01 -.162777E+01 -.166858E+01 0.191027E+02
 0.660225E+00 -.349067E+01 -.162893E+01 -.173216E+01 0.206966E+02
 0.598915E+00 -.346403E+01 -.167722E+01 -.165624E+01 0.176257E+02
 0.665146E+00 -.348721E+01 -.174593E+01 -.159949E+01 0.197770E+02
 0.585459E+00 -.345368E+01 -.166970E+01 -.166309E+01 0.179014E+02
 0.594802E+00 -.348090E+01 -.165432E+01 -.165897E+01 0.183559E+02
 0.599700E+00 -.346553E+01 -.167739E+01 -.165491E+01 0.176313E+02
 0.595433E+00 -.347309E+01 -.170347E+01 -.165273E+01 0.182988E+02
 0.577933E+00 -.346564E+01 -.168306E+01 -.164643E+01 0.177235E+02
 0.703406E+00 -.341614E+01 -.167826E+01 -.170772E+01 0.228890E+02
 0.575445E+00 -.347490E+01 -.167457E+01 -.170667E+01 0.185444E+02
 0.598244E+00 -.346356E+01 -.168296E+01 -.163978E+01 0.176457E+02
 0.596783E+00 -.346400E+01 -.169483E+01 -.166411E+01 0.179627E+02
 0.615098E+00 -.347371E+01 -.168338E+01 -.165033E+01 0.178851E+02
 0.601224E+00 -.346477E+01 -.167029E+01 -.165533E+01 0.176451E+02
 0.598247E+00 -.346257E+01 -.167634E+01 -.165287E+01 0.176277E+02
 0.589743E+00 -.346396E+01 -.167039E+01 -.164744E+01 0.176501E+02
 0.599171E+00 -.346873E+01 -.168176E+01 -.165250E+01 0.176940E+02
 0.501300E+00 -.346247E+01 -.164536E+01 -.165934E+01 0.180406E+02
 0.571123E+00 -.346390E+01 -.165902E+01 -.165642E+01 0.176572E+02
 0.605285E+00 -.346238E+01 -.167459E+01 -.165709E+01 0.176323E+02
 0.595741E+00 -.346028E+01 -.167780E+01 -.165278E+01 0.176567E+02
 0.587970E+00 -.345883E+01 -.167718E+01 -.166201E+01 0.177349E+02
 0.599350E+00 -.346361E+01 -.167549E+01 -.165890E+01 0.176252E+02
 0.598200E+00 -.346144E+01 -.167694E+01 -.165261E+01 0.176372E+02
 0.598895E+00 -.346380E+01 -.167653E+01 -.165805E+01 0.176263E+02
 0.584392E+00 -.346413E+01 -.168146E+01 -.165801E+01 0.177163E+02
 0.657395E+00 -.346377E+01 -.165360E+01 -.167994E+01 0.183871E+02
 0.569721E+00 -.346748E+01 -.160891E+01 -.167219E+01 0.187373E+02
 0.603526E+00 -.346985E+01 -.169029E+01 -.173307E+01 0.194147E+02
 0.593564E+00 -.346408E+01 -.167583E+01 -.165741E+01 0.176290E+02
 0.598030E+00 -.347263E+01 -.164196E+01 -.164493E+01 0.185396E+02
 0.594742E+00 -.346198E+01 -.166020E+01 -.164856E+01 0.178024E+02
 0.599848E+00 -.346380E+01 -.171146E+01 -.164977E+01 0.182552E+02
 0.595266E+00 -.346370E+01 -.166879E+01 -.165508E+01 0.176396E+02
 0.574331E+00 -.346535E+01 -.167404E+01 -.165316E+01 0.176672E+02
 0.754221E+00 -.346335E+01 -.169218E+01 -.174421E+01 0.193332E+02
 0.555270E+00 -.344586E+01 -.168522E+01 -.167266E+01 0.192101E+02
 0.592979E+00 -.346561E+01 -.167027E+01 -.165106E+01 0.176436E+02
 0.551307E+00 -.346395E+01 -.167763E+01 -.165714E+01 0.179469E+02
 0.648086E+00 -.349192E+01 -.168380E+01 -.165269E+01 0.196777E+02
 0.599968E+00 -.343886E+01 -.168034E+01 -.169118E+01 0.193741E+02
 0.627685E+00 -.345700E+01 -.165253E+01 -.167500E+01 0.181305E+02
 0.641772E+00 -.346590E+01 -.165289E+01 -.171047E+01 0.181380E+02
 0.600303E+00 -.346533E+01 -.167604E+01 -.164491E+01 0.176525E+02
 0.557651E+00 -.344038E+01 -.160994E+01 -.166755E+01 0.203345E+02
 0.598661E+00 -.346451E+01 -.167470E+01 -.165576E+01 0.176240E+02
 0.599595E+00 -.346382E+01 -.167466E+01 -.165670E+01 0.176233E+02
 0.587621E+00 -.346386E+01 -.165839E+01 -.165713E+01 0.177025E+02
 0.613190E+00 -.346689E+01 -.167392E+01 -.164846E+01 0.177165E+02
 0.603954E+00 -.345833E+01 -.162301E+01 -.165541E+01 0.193007E+02
 0.597704E+00 -.346441E+01 -.166395E+01 -.168279E+01 0.176801E+02
 0.595035E+00 -.346365E+01 -.167545E+01 -.165650E+01 0.176252E+02
 0.599377E+00 -.346173E+01 -.162788E+01 -.165697E+01 0.188229E+02
 0.599066E+00 -.346318E+01 -.169857E+01 -.165653E+01 0.179393E+02
 0.595534E+00 -.346561E+01 -.167712E+01 -.159945E+01 0.183105E+02
 0.602653E+00 -.346528E+01 -.167203E+01 -.165690E+01 0.176384E+02
 0.605700E+00 -.346375E+01 -.167440E+01 -.165201E+01 0.176405E+02
 0.516679E+00 -.346414E+01 -.162723E+01 -.167193E+01 0.177907E+02
 0.597700E+00 -.342611E+01 -.167484E+01 -.165440E+01 0.210132E+02
 0.605152E+00 -.346432E+01 -.167548E+01 -.165638E+01 0.176281E+02
 0.596983E+00 -.346389E+01 -.167499E+01 -.165376E+01 0.176237E+02
 0.598164E+00 -.346373E+01 -.167722E+01 -.165758E+01 0.176283E+02
 0.600292E+00 -.346474E+01 -.167454E+01 -.166123E+01 0.176287E+02
 0.601142E+00 -.346465E+01 -.167447E+01 -.164970E+01 0.176396E+02
 0.596097E+00 -.346454E+01 -.167824E+01 -.165539E+01 0.176320E+02
 0.638649E+00 -.346623E+01 -.167576E+01 -.161673E+01 0.183891E+02
 0.583923E+00 -.346407E+01 -.166499E+01 -.165318E+01 0.176477E+02
 0.598871E+00 -.346293E+01 -.167449E+01 -.165583E+01 0.176255E+02
 0.599080E+00 -.346659E+01 -.167676E+01 -.165221E+01 0.176414E+02
 0.594578E+00 -.346713E+01 -.169246E+01 -.166848E+01 0.180118E+02
 0.604300E+00 -.346350E+01 -.164899E+01 -.165541E+01 0.180689E+02
 0.693323E+00 -.344123E+01 -.170710E+01 -.166162E+01 0.185750E+02
 0.610516E+00 -.346581E+01 -.164612E+01 -.165540E+01 0.182500E+02
 0.593438E+00 -.346315E+01 -.167673E+01 -.167066E+01 0.176993E+02
 0.590203E+00 -.346705E+01 -.154183E+01 -.181568E+01 0.213581E+02
 0.597772E+00 -.346422E+01 -.167215E+01 -.166199E+01 0.176252E+02
 0.599503E+00 -.345812E+01 -.168550E+01 -.166043E+01 0.177712E+02
 0.594289E+00 -.345575E+01 -.172573E+01 -.168269E+01 0.201996E+02
 0.629298E+00 -.346435E+01 -.164711E+01 -.166114E+01 0.184085E+02
 0.612931E+00 -.346009E+01 -.167514E+01 -.164574E+01 0.177140E+02
 0.678239E+00 -.346349E+01 -.169382E+01 -.169292E+01 0.180718E+02
 0.556753E+00 -.346452E+01 -.168516E+01 -.164415E+01 0.179433E+02
 0.596699E+00 -.346400E+01 -.167596E+01 -.165668E+01 0.176249E+02
 0.607753E+00 -.346328E+01 -.167043E+01 -.165811E+01 0.176557E+02
 0.577367E+00 -.346404E+01 -.167626E+01 -.165498E+01 0.176781E+02
 0.594186E+00 -.346553E+01 -.169830E+01 -.165482E+01 0.179715E+02
 0.557459E+00 -.346336E+01 -.168292E+01 -.162941E+01 0.178561E+02
 0.606623E+00 -.346340E+01 -.169269E+01 -.164079E+01 0.176686E+02
 0.601006E+00 -.346415E+01 -.167560E+01 -.165678E+01 0.176239E+02
 0.485235E+00 -.346532E+01 -.167078E+01 -.164125E+01 0.188382E+02
 0.604125E+00 -.346114E+01 -.168474E+01 -.165160E+01 0.176516E+02
 0.601900E+00 -.346390E+01 -.168077E+01 -.165270E+01 0.176284E+02
 0.598036E+00 -.345164E+01 -.167166E+01 -.165740E+01 0.179761E+02
 0.575953E+00 -.346570E+01 -.165462E+01 -.172347E+01 0.180787E+02
 0.602841E+00 -.346197E+01 -.167154E+01 -.165466E+01 0.176505E+02
 0.611860E+00 -.346301E+01 -.166764E+01 -.166348E+01 0.176829E+02
 0.588546E+00 -.346088E+01 -.167198E+01 -.166185E+01 0.176583E+02
 0.601564E+00 -.346460E+01 -.167269E+01 -.164581E+01 0.176721E+02
 0.592183E+00 -.347780E+01 -.169707E+01 -.168462E+01 0.189479E+02
 0.617834E+00 -.344645E+01 -.164450E+01 -.191650E+01 0.235283E+02
 0.591316E+00 -.346907E+01 -.166406E+01 -.164555E+01 0.177765E+02
 0.598464E+00 -.346247E+01 -.169257E+01 -.166043E+01 0.178437E+02
 0.616184E+00 -.351531E+01 -.171557E+01 -.162220E+01 0.236878E+02
 0.592926E+00 -.346373E+01 -.167316E+01 -.165964E+01 0.176256E+02
 0.605142E+00 -.346443E+01 -.167625E+01 -.165493E+01 0.176281E+02
 0.589384E+00 -.346308E+01 -.167345E+01 -.165906E+01 0.176328E+02
 0.600682E+00 -.346116E+01 -.168890E+01 -.160450E+01 0.179745E+02
 0.598999E+00 -.346387E+01 -.167453E+01 -.165676E+01 0.176232E+02
 0.611287E+00 -.346307E+01 -.168484E+01 -.161955E+01 0.178213E+02
 0.589229E+00 -.347061E+01 -.167777E+01 -.166021E+01 0.177535E+02
 0.594256E+00 -.346159E+01 -.165454E+01 -.165641E+01 0.178348E+02
 0.555450E+00 -.346484E+01 -.168842E+01 -.168381E+01 0.187169E+02
 0.539010E+00 -.348478E+01 -.166080E+01 -.166614E+01 0.184900E+02
 0.600647E+00 -.346393E+01 -.167502E+01 -.165330E+01 0.176264E+02
 0.593102E+00 -.346041E+01 -.167430E+01 -.167384E+01 0.177254E+02
 0.595237E+00 -.346352E+01 -.167615E+01 -.164896E+01 0.176296E+02
 0.595139E+00 -.346401E+01 -.167067E+01 -.164518E+01 0.176729E+02
 0.702657E+00 -.346698E+01 -.167119E+01 -.164382E+01 0.190701E+02
 0.614643E+00 -.346732E+01 -.169980E+01 -.164430E+01 0.177873E+02
 0.600768E+00 -.346434E+01 -.168271E+01 -.163643E+01 0.176598E+02
 0.597382E+00 -.346441E+01 -.167404E+01 -.165534E+01 0.176238E+02
 0.610790E+00 -.346417E+01 -.167799E+01 -.165648E+01 0.176310E+02
 0.597016E+00 -.346197E+01 -.167517E+01 -.165501E+01 0.176319E+02
 0.600421E+00 -.346603E+01 -.166910E+01 -.163950E+01 0.177733E+02
 0.708846E+00 -.345967E+01 -.167549E+01 -.162171E+01 0.194386E+02
 0.590827E+00 -.346398E+01 -.171624E+01 -.165572E+01 0.187449E+02
 0.597631E+00 -.345813E+01 -.162410E+01 -.165236E+01 0.191952E+02
 0.507121E+00 -.345402E+01 -.166325E+01 -.159938E+01 0.188991E+02
 0.597957E+00 -.346539E+01 -.167352E+01 -.165302E+01 0.176324E+02
 0.680897E+00 -.345423E+01 -.172215E+01 -.159668E+01 0.179714E+02
 0.584792E+00 -.344271E+01 -.162960E+01 -.165822E+01 0.196927E+02
 0.592066E+00 -.348121E+01 -.175294E+01 -.165269E+01 0.222127E+02
 0.598380E+00 -.346574E+01 -.168014E+01 -.165963E+01 0.176592E+02
 0.598003E+00 -.346415E+01 -.165009E+01 -.165403E+01 0.179812E+02
 0.622937E+00 -.346604E+01 -.166829E+01 -.164328E+01 0.179253E+02
 0.553187E+00 -.348605E+01 -.167416E+01 -.171773E+01 0.198294E+02
 0.598299E+00 -.346416E+01 -.168869E+01 -.166007E+01 0.177637E+02
 0.724231E+00 -.344229E+01 -.177847E+01 -.167249E+01 0.217491E+02
 0.589540E+00 -.346318E+01 -.166019E+01 -.164065E+01 0.178520E+02
 0.601927E+00 -.347512E+01 -.168032E+01 -.165434E+01 0.179208E+02
 0.612720E+00 -.346518E+01 -.167111E+01 -.165435E+01 0.176925E+02
 0.599773E+00 -.346364E+01 -.167451E+01 -.165570E+01 0.176241E+02
 0.613180E+00 -.346509E+01 -.167043E+01 -.165953E+01 0.176801E+02
 0.598059E+00 -.346569E+01 -.168494E+01 -.164897E+01 0.176620E+02
 0.622719E+00 -.346363E+01 -.174159E+01 -.163895E+01 0.191451E+02
 0.534774E+00 -.346393E+01 -.166137E+01 -.165554E+01 0.178243E+02
 0.589429E+00 -.346391E+01 -.167184E+01 -.165379E+01 0.176256E+02
 0.594925E+00 -.346434E+01 -.167345E+01 -.166683E+01 0.176434E+02
 0.598273E+00 -.347169E+01 -.166931E+01 -.166025E+01 0.177578E+02
 0.600013E+00 -.346446E+01 -.167052E+01 -.165602E+01 0.176376E+02
 0.603623E+00 -.346187E+01 -.167261E+01 -.165499E+01 0.176454E+02
 0.600876E+00 -.346385E+01 -.167539E+01 -.165441E+01 0.176245E+02
 0.564543E+00 -.346448E+01 -.170190E+01 -.165708E+01 0.185785E+02
 0.589646E+00 -.346470E+01 -.165205E+01 -.173822E+01 0.182177E+02
 0.561607E+00 -.346736E+01 -.162306E+01 -.172549E+01 0.179068E+02
 0.596774E+00 -.347268E+01 -.167032E+01 -.169184E+01 0.179695E+02
 0.603627E+00 -.346378E+01 -.167526E+01 -.165257E+01 0.176309E+02
 0.595342E+00 -.346550E+01 -.170487E+01 -.165743E+01 0.182134E+02
 0.603782E+00 -.346314E+01 -.164894E+01 -.165575E+01 0.180615E+02
 0.603802E+00 -.346366E+01 -.175293E+01 -.165589E+01 0.211149E+02
 0.602722E+00 -.346386E+01 -.168138E+01 -.165842E+01 0.176441E+02
 0.557757E+00 -.348090E+01 -.167438E+01 -.165435E+01 0.182874E+02
 0.481486E+00 -.346323E+01 -.168715E+01 -.165133E+01 0.200527E+02
 0.563953E+00 -.345917E+01 -.168231E+01 -.165800E+01 0.179892E+02
 0.585894E+00 -.346856E+01 -.167132E+01 -.165196E+01 0.176640E+02
 0.533996E+00 -.346414E+01 -.167531E+01 -.166256E+01 0.182047E+02
 0.628680E+00 -.349055E+01 -.165069E+01 -.165411E+01 0.199160E+02
 0.605634E+00 -.344100E+01 -.166964E+01 -.158340E+01 0.205226E+02
 0.625320E+00 -.346025E+01 -.166429E+01 -.166969E+01 0.178102E+02
 0.664613E+00 -.346266E+01 -.168928E+01 -.183307E+01 0.220143E+02
 0.602340E+00 -.345282E+01 -.167445E+01 -.162060E+01 0.182269E+02
 0.555023E+00 -.342854E+01 -.171002E+01 -.165865E+01 0.223283E+02
 0.598018E+00 -.346508E+01 -.167448E+01 -.165552E+01 0.176261E+02
 0.598534E+00 -.346412E+01 -.167471E+01 -.165578E+01 0.176232E+02
 0.598947E+00 -.346410E+01 -.166134E+01 -.165786E+01 0.177156E+02
 0.622975E+00 -.347280E+01 -.169461E+01 -.165731E+01 0.179620E+02
 0.618298E+00 -.346605E+01 -.157715E+01 -.165336E+01 0.233644E+02
 0.586574E+00 -.346342E+01 -.168202E+01 -.162725E+01 0.177214E+02
 0.595156E+00 -.346425E+01 -.167478E+01 -.165634E+01 0.176236E+02
 0.600884E+00 -.346862E+01 -.162562E+01 -.165814E+01 0.189243E+02
 0.586667E+00 -.346493E+01 -.167459E+01 -.165507E+01 0.176336E+02
 0.599254E+00 -.346293E+01 -.167896E+01 -.152100E+01 0.226300E+02
 0.597919E+00 -.346470E+01 -.168464E+01 -.166072E+01 0.177088E+02
 0.596688E+00 -.346399E+01 -.167609E+01 -.166120E+01 0.176343E+02
 0.597620E+00 -.347840E+01 -.167638E+01 -.165428E+01 0.180811E+02
 0.596816E+00 -.346411E+01 -.167486E+01 -.165567E+01 0.176230E+02
 0.590252E+00 -.346417E+01 -.167334E+01 -.165174E+01 0.176272E+02
 0.596838E+00 -.346416E+01 -.167265E+01 -.165631E+01 0.176243E+02
 0.599532E+00 -.346551E+01 -.167476E+01 -.165231E+01 0.176335E+02
 0.594884E+00 -.346784E+01 -.167380E+01 -.161035E+01 0.181459E+02
 0.588535E+00 -.342732E+01 -.173098E+01 -.160332E+01 0.214196E+02
 0.589223E+00 -.346549E+01 -.167788E+01 -.165888E+01 0.176608E+02
 0.652558E+00 -.346863E+01 -.167658E+01 -.167811E+01 0.179319E+02
 0.576907E+00 -.346392E+01 -.166660E+01 -.166628E+01 0.176455E+02
 0.598309E+00 -.346491E+01 -.167496E+01 -.165658E+01 0.176253E+02
 0.599039E+00 -.346484E+01 -.167566E+01 -.165099E+01 0.176296E+02
 0.602123E+00 -.346112E+01 -.172694E+01 -.166362E+01 0.193530E+02
 0.600077E+00 -.346409E+01 -.165998E+01 -.165494E+01 0.177665E+02
 0.606203E+00 -.346100E+01 -.170983E+01 -.165940E+01 0.182800E+02
 0.590935E+00 -.346324E+01 -.167683E+01 -.166956E+01 0.177028E+02
 0.596670E+00 -.346470E+01 -.167304E+01 -.165601E+01 0.176247E+02
 0.600284E+00 -.345654E+01 -.165144E+01 -.166333E+01 0.180128E+02
 0.603512E+00 -.346854E+01 -.165189E+01 -.160207E+01 0.194248E+02
 0.625123E+00 -.346354E+01 -.169795E+01 -.166002E+01 0.177851E+02
 0.564208E+00 -.345236E+01 -.167548E+01 -.165427E+01 0.181316E+02
 0.701623E+00 -.346448E+01 -.168309E+01 -.175227E+01 0.190832E+02
 0.579053E+00 -.346459E+01 -.168584E+01 -.164471E+01 0.177444E+02
 0.593183E+00 -.346409E+01 -.167587E+01 -.165541E+01 0.176269E+02
 0.633488E+00 -.346654E+01 -.167336E+01 -.165830E+01 0.177962E+02
 0.575252E+00 -.346435E+01 -.167686E+01 -.165586E+01 0.176993E+02
 0.598765E+00 -.346758E+01 -.173166E+01 -.165904E+01 0.196821E+02
 0.582490E+00 -.346461E+01 -.166281E+01 -.158862E+01 0.190615E+02
 0.599614E+00 -.346315E+01 -.169791E+01 -.165681E+01 0.179199E+02
 0.601182E+00 -.346442E+01 -.167562E+01 -.165416E+01 0.176255E+02
 0.524098E+00 -.346667E+01 -.168011E+01 -.164518E+01 0.183149E+02
 0.588626E+00 -.345899E+01 -.168368E+01 -.164622E+01 0.177268E+02
 0.600309E+00 -.346420E+01 -.167204E+01 -.165383E+01 0.176362E+02
 0.578994E+00 -.346531E+01 -.166255E+01 -.170026E+01 0.178669E+02
 0.584297E+00 -.346283E+01 -.167333E+01 -.165230E+01 0.176389E+02
 0.625549E+00 -.346258E+01 -.167876E+01 -.164653E+01 0.177037E+02
 0.586876E+00 -.345979E+01 -.167761E+01 -.166257E+01 0.177266E+02
 0.595250E+00 -.346486E+01 -.167849E+01 -.164411E+01 0.176398E+02
 0.597469E+00 -.347369E+01 -.167727E+01 -.168756E+01 0.180800E+02
 0.590879E+00 -.346239E+01 -.167558E+01 -.165111E+01 0.176356E+02
 0.600541E+00 -.346458E+01 -.169185E+01 -.166519E+01 0.178704E+02
 0.586860E+00 -.350258E+01 -.168882E+01 -.170825E+01 0.219410E+02
 0.578467E+00 -.346306E+01 -.165276E+01 -.165446E+01 0.177672E+02
 0.590674E+00 -.346397E+01 -.167211E+01 -.165479E+01 0.176240E+02
 0.587898E+00 -.346428E+01 -.167451E+01 -.165626E+01 0.176317E+02
 0.610127E+00 -.346293E+01 -.168173E+01 -.165734E+01 0.176330E+02
 0.597372E+00 -.346169E+01 -.169253E+01 -.165186E+01 0.177736E+02
 0.597872E+00 -.346410E+01 -.167375E+01 -.165510E+01 0.176243E+02
 0.607777E+00 -.346115E+01 -.168220E+01 -.166518E+01 0.176817E+02
 0.624669E+00 -.345506E+01 -.168402E+01 -.165397E+01 0.177656E+02
 0.606596E+00 -.346098E+01 -.160699E+01 -.170846E+01 0.190951E+02
 0.606664E+00 -.346429E+01 -.168662E+01 -.160570E+01 0.180034E+02
 0.547245E+00 -.342214E+01 -.170186E+01 -.161160E+01 0.227982E+02
 0.599118E+00 -.346429E+01 -.167668E+01 -.166280E+01 0.176393E+02
 0.595183E+00 -.346621E+01 -.167529E+01 -.165837E+01 0.176375E+02
 0.599276E+00 -.346426E+01 -.167507E+01 -.164532E+01 0.176496E+02
 0.601271E+00 -.346397E+01 -.167955E+01 -.167111E+01 0.177060E+02
 0.579804E+00 -.346277E+01 -.167097E+01 -.166682E+01 0.176760E+02
 0.638013E+00 -.346135E+01 -.168230E+01 -.164470E+01 0.177427E+02
 0.601297E+00 -.346459E+01 -.172205E+01 -.158139E+01 0.181725E+02
 0.597185E+00 -.346442E+01 -.167475E+01 -.165559E+01 0.176234E+02
 0.592315E+00 -.346400E+01 -.167830E+01 -.165483E+01 0.176379E+02
 0.595386E+00 -.346205E+01 -.167199E+01 -.165775E+01 0.176325E+02
 0.596037E+00 -.346361E+01 -.167364E+01 -.164513E+01 0.176535E+02
 0.874614E+00 -.345842E+01 -.166023E+01 -.166945E+01 0.235033E+02
 0.586313E+00 -.346376E+01 -.171303E+01 -.165054E+01 0.185517E+02
 0.575946E+00 -.346702E+01 -.163478E+01 -.165367E+01 0.181874E+02
 0.579028E+00 -.341970E+01 -.165704E+01 -.169644E+01 0.227464E+02
 0.444657E+00 -.345669E+01 -.168220E+01 -.156732E+01 0.206441E+02
 0.599247E+00 -.346435E+01 -.167754E+01 -.165555E+01 0.176261E+02
 0.513781E+00 -.344605E+01 -.164052E+01 -.166052E+01 0.189926E+02
 0.589516E+00 -.345584E+01 -.167985E+01 -.165522E+01 0.178125E+02
 0.604540E+00 -.347025E+01 -.165422E+01 -.164735E+01 0.181085E+02
 0.598545E+00 -.346448E+01 -.167392E+01 -.165413E+01 0.176263E+02
 0.597918E+00 -.346746E+01 -.163201E+01 -.165222E+01 0.186863E+02
 0.612334E+00 -.346346E+01 -.165828E+01 -.167219E+01 0.177775E+02
 0.593917E+00 -.348244E+01 -.167467E+01 -.162669E+01 0.185180E+02
 0.598029E+00 -.346402E+01 -.166718E+01 -.167343E+01 0.176468E+02
 0.585421E+00 -.346276E+01 -.168235E+01 -.162787E+01 0.177210E+02
 0.594405E+00 -.345579E+01 -.167885E+01 -.165714E+01 0.177912E+02
 0.593581E+00 -.346323E+01 -.167693E+01 -.165601E+01 0.176323E+02
 0.601349E+00 -.346428E+01 -.167629E+01 -.161602E+01 0.179858E+02
 0.600493E+00 -.346495E+01 -.167335E+01 -.165783E+01 0.176277E+02
 0.593390E+00 -.346536E+01 -.167298E+01 -.166258E+01 0.176326E+02
 0.590854E+00 -.346616E+01 -.159429E+01 -.187114E+01 0.202431E+02
 0.597660E+00 -.346162E+01 -.167443E+01 -.165008E+01 0.176443E+02
 0.699770E+00 -.346485E+01 -.168071E+01 -.164355E+01 0.185435E+02
 0.634501E+00 -.346393E+01 -.166566E+01 -.165545E+01 0.179513E+02
 0.588305E+00 -.346533E+01 -.167148E+01 -.165282E+01 0.176285E+02
 0.594258E+00 -.346700E+01 -.167094E+01 -.165575E+01 0.176432E+02
 0.604680E+00 -.347336E+01 -.166659E+01 -.165263E+01 0.179026E+02
 0.595757E+00 -.346375E+01 -.167171E+01 -.165604E+01 0.176255E+02
 0.579271E+00 -.346603E+01 -.166920E+01 -.165905E+01 0.176353E+02
 0.600733E+00 -.346412E+01 -.167475E+01 -.165634E+01 0.176242E+02
 0.678001E+00 -.346391E+01 -.167341E+01 -.165500E+01 0.182928E+02
 0.552370E+00 -.346442E+01 -.168112E+01 -.162839E+01 0.178732E+02
 0.593080E+00 -.346281E+01 -.164054E+01 -.169583E+01 0.178579E+02
 0.595502E+00 -.345619E+01 -.166708E+01 -.158290E+01 0.194467E+02
 0.602572E+00 -.346384E+01 -.167425E+01 -.165462E+01 0.176288E+02
 0.593901E+00 -.346050E+01 -.168915E+01 -.166248E+01 0.178468E+02
 0.613762E+00 -.346470E+01 -.168669E+01 -.166920E+01 0.177457E+02
 0.606487E+00 -.346360E+01 -.162038E+01 -.165716E+01 0.193520E+02
 0.609369E+00 -.346417E+01 -.169054E+01 -.165818E+01 0.177200E+02
 0.591960E+00 -.346064E+01 -.167518E+01 -.165605E+01 0.176548E+02
 0.436072E+00 -.346475E+01 -.168035E+01 -.154048E+01 0.209388E+02
 0.620884E+00 -.347349E+01 -.167608E+01 -.163666E+01 0.180448E+02
 0.599548E+00 -.346545E+01 -.167272E+01 -.165446E+01 0.176350E+02
 0.609424E+00 -.346341E+01 -.167339E+01 -.165560E+01 0.176467E+02
 0.597445E+00 -.343044E+01 -.167930E+01 -.165550E+01 0.202440E+02
 0.602358E+00 -.346593E+01 -.166370E+01 -.163546E+01 0.179520E+02
 0.535925E+00 -.346986E+01 -.169042E+01 -.163972E+01 0.184133E+02
 0.575392E+00 -.346115E+01 -.171261E+01 -.156703E+01 0.185378E+02
 0.596074E+00 -.345634E+01 -.167444E+01 -.162837E+01 0.179311E+02
 0.600784E+00 -.344751E+01 -.169313E+01 -.166281E+01 0.184185E+02
 0.596943E+00 -.346377E+01 -.167528E+01 -.165533E+01 0.176232E+02
 0.597514E+00 -.346426E+01 -.167531E+01 -.165512E+01 0.176233E+02
 0.600448E+00 -.346394E+01 -.168207E+01 -.165579E+01 0.176446E+02
 0.614547E+00 -.346126E+01 -.169102E+01 -.165388E+01 0.176795E+02
 0.623359E+00 -.347056E+01 -.170780E+01 -.165524E+01 0.181311E+02
 0.582202E+00 -.346335E+01 -.167988E+01 -.162747E+01 0.177326E+02
 0.598611E+00 -.346422E+01 -.167450E+01 -.165410E+01 0.176248E+02
 0.600478E+00 -.347607E+01 -.169527E+01 -.165911E+01 0.182451E+02
 0.578559E+00 -.346522E+01 -.165656E+01 -.165401E+01 0.177039E+02
 0.602275E+00 -.346287E+01 -.167859E+01 -.162417E+01 0.178159E+02
 0.599228E+00 -.346373E+01 -.167726E+01 -.166007E+01 0.176328E+02
 0.589936E+00 -.346413E+01 -.167581E+01 -.166361E+01 0.176577E+02
 0.626342E+00 -.346475E+01 -.163148E+01 -.165704E+01 0.191863E+02
 0.597406E+00 -.350239E+01 -.167604E+01 -.165470E+01 0.207061E+02
 0.590457E+00 -.346394E+01 -.167438E+01 -.165514E+01 0.176264E+02
 0.595157E+00 -.346419E+01 -.167437E+01 -.165656E+01 0.176232E+02
 0.598732E+00 -.346378E+01 -.167335E+01 -.165548E+01 0.176254E+02
 0.597366E+00 -.346410E+01 -.167480E+01 -.165433E+01 0.176235E+02
 0.598214E+00 -.346331E+01 -.167428E+01 -.163614E+01 0.177195E+02
 0.586715E+00 -.346544E+01 -.167202E+01 -.165908E+01 0.176303E+02
 0.622386E+00 -.346650E+01 -.167452E+01 -.171606E+01 0.181695E+02
 0.597441E+00 -.346363E+01 -.166937E+01 -.166022E+01 0.176300E+02
 0.596995E+00 -.346535E+01 -.167546E+01 -.165714E+01 0.176286E+02
 0.598997E+00 -.346321E+01 -.167473E+01 -.165335E+01 0.176265E+02
 0.603048E+00 -.345850E+01 -.162387E+01 -.165014E+01 0.193753E+02
 0.602434E+00 -.346399E+01 -.169737E+01 -.165603E+01 0.178742E+02
 0.600430E+00 -.346047E+01 -.169980E+01 -.166142E+01 0.180420E+02
 0.598097E+00 -.346440E+01 -.167580E+01 -.165904E+01 0.176272E+02
 0.595165E+00 -.346004E+01 -.176393E+01 -.154689E+01 0.193488E+02
 0.595958E+00 -.346440E+01 -.167607E+01 -.165096E+01 0.176263E+02
 0.601711E+00 -.347450E+01 -.164968E+01 -.165378E+01 0.182469E+02
 0.567610E+00 -.347254E+01 -.161207E+01 -.164466E+01 0.193114E+02
 0.583478E+00 -.346251E+01 -.169681E+01 -.166128E+01 0.181388E+02
 0.579983E+00 -.344874E+01 -.167533E+01 -.165814E+01 0.182476E+02
 0.604264E+00 -.346476E+01 -.167405E+01 -.176039E+01 0.193190E+02
 0.620683E+00 -.346435E+01 -.167290E+01 -.166247E+01 0.176822E+02
 0.602661E+00 -.346413E+01 -.167509E+01 -.165538E+01 0.176261E+02
 0.607133E+00 -.346553E+01 -.167545E+01 -.165453E+01 0.176412E+02
 0.579127E+00 -.346380E+01 -.167756E+01 -.165384E+01 0.176790E+02
 0.592743E+00 -.346788E+01 -.160638E+01 -.165422E+01 0.199412E+02
 0.613443E+00 -.346532E+01 -.166256E+01 -.174307E+01 0.184376E+02
 0.608321E+00 -.346325E+01 -.168595E+01 -.165433E+01 0.176485E+02
 0.594415E+00 -.346422E+01 -.167657E+01 -.165228E+01 0.176260E+02
 0.562589E+00 -.346687E+01 -.168288E+01 -.164525E+01 0.178437E+02
 0.594779E+00 -.346379E+01 -.168043E+01 -.165260E+01 0.176390E+02
 0.598021E+00 -.346405E+01 -.167819E+01 -.165420E+01 0.176268E+02
 0.601635E+00 -.346647E+01 -.167037E+01 -.158780E+01 0.190228E+02
 0.585016E+00 -.346508E+01 -.167582E+01 -.165202E+01 0.176399E+02
 0.604311E+00 -.346299E+01 -.168975E+01 -.163427E+01 0.176608E+02
 0.612323E+00 -.346802E+01 -.166028E+01 -.166718E+01 0.178062E+02
 0.598619E+00 -.346347E+01 -.168058E+01 -.165617E+01 0.176400E+02
 0.596687E+00 -.344866E+01 -.165876E+01 -.165383E+01 0.183560E+02
 0.454620E+00 -.343169E+01 -.161530E+01 -.171358E+01 0.226171E+02
 0.593358E+00 -.345994E+01 -.168336E+01 -.166288E+01 0.177599E+02
 0.600241E+00 -.346519E+01 -.165015E+01 -.165674E+01 0.179676E+02
 0.624256E+00 -.344323E+01 -.169116E+01 -.172709E+01 0.196972E+02
 0.602655E+00 -.346423E+01 -.167375E+01 -.165322E+01 0.176344E+02
 0.595800E+00 -.346407E+01 -.167415E+01 -.165698E+01 0.176229E+02
 0.612232E+00 -.346384E+01 -.167643E+01 -.165384E+01 0.176413E+02
 0.599833E+00 -.346506E+01 -.166552E+01 -.169023E+01 0.177367E+02
 0.596161E+00 -.346426E+01 -.167413E+01 -.165539E+01 0.176231E+02
 0.598418E+00 -.346270E+01 -.167376E+01 -.168751E+01 0.178003E+02
 0.606073E+00 -.345771E+01 -.168712E+01 -.164805E+01 0.177100E+02
 0.597125E+00 -.346493E+01 -.166344E+01 -.166420E+01 0.176566E+02
 0.644816E+00 -.346371E+01 -.168653E+01 -.161628E+01 0.180879E+02
 0.573031E+00 -.341631E+01 -.168059E+01 -.162363E+01 0.235020E+02
 0.598318E+00 -.346393E+01 -.167856E+01 -.165971E+01 0.176399E+02
 0.596778E+00 -.346712E+01 -.167553E+01 -.164423E+01 0.176694E+02
 0.601796E+00 -.346400E+01 -.167459E+01 -.165948E+01 0.176252E+02
 0.601983E+00 -.346394E+01 -.168057E+01 -.167549E+01 0.177561E+02
 0.502999E+00 -.346310E+01 -.167378E+01 -.167662E+01 0.191499E+02
 0.658116E+00 -.346075E+01 -.167508E+01 -.166488E+01 0.179071E+02
 0.595763E+00 -.346401E+01 -.165410E+01 -.163086E+01 0.182514E+02
 0.596781E+00 -.346388E+01 -.167508E+01 -.165586E+01 0.176231E+02
 0.417172E+00 -.346176E+01 -.162722E+01 -.164177E+01 0.194985E+02
 0.589911E+00 -.346420E+01 -.167179E+01 -.165671E+01 0.176230E+02
 0.597188E+00 -.346667E+01 -.167543E+01 -.165646E+01 0.176401E+02
 0.595332E+00 -.346283E+01 -.167873E+01 -.166024E+01 0.176525E+02
 0.787093E+00 -.346303E+01 -.169275E+01 -.168397E+01 0.191393E+02
 0.587396E+00 -.346376E+01 -.164076E+01 -.164508E+01 0.183099E+02
 0.580556E+00 -.347174E+01 -.169798E+01 -.166133E+01 0.183611E+02
 0.469731E+00 -.346811E+01 -.168679E+01 -.168478E+01 0.215770E+02
 0.599478E+00 -.346335E+01 -.167663E+01 -.165566E+01 0.176242E+02
 0.552142E+00 -.348711E+01 -.158560E+01 -.170868E+01 0.194952E+02
 0.594930E+00 -.346899E+01 -.171146E+01 -.165347E+01 0.184830E+02
 0.612609E+00 -.346275E+01 -.161225E+01 -.165199E+01 0.202139E+02
 0.596143E+00 -.346304E+01 -.166929E+01 -.165087E+01 0.176580E+02
 0.592891E+00 -.347220E+01 -.166446E+01 -.165121E+01 0.178177E+02
 0.569789E+00 -.346345E+01 -.167332E+01 -.168146E+01 0.179138E+02
 0.628258E+00 -.345290E+01 -.167509E+01 -.155859E+01 0.209459E+02
 0.605665E+00 -.346381E+01 -.166849E+01 -.164030E+01 0.177996E+02
 0.591306E+00 -.346248E+01 -.169707E+01 -.161981E+01 0.177802E+02
 0.602035E+00 -.345820E+01 -.167745E+01 -.165425E+01 0.176909E+02
 0.583135E+00 -.346305E+01 -.167570E+01 -.165638E+01 0.176570E+02
 0.596006E+00 -.346372E+01 -.167574E+01 -.165592E+01 0.176244E+02
 0.579735E+00 -.346450E+01 -.167588E+01 -.165987E+01 0.176822E+02
 0.596939E+00 -.346159E+01 -.166697E+01 -.165316E+01 0.176832E+02
 0.645707E+00 -.346530E+01 -.163594E+01 -.165532E+01 0.194400E+02
 0.610372E+00 -.346414E+01 -.167904E+01 -.165695E+01 0.176297E+02
 0.589472E+00 -.346288E+01 -.167222E+01 -.165513E+01 0.176288E+02
 0.594232E+00 -.346447E+01 -.167508E+01 -.163574E+01 0.177021E+02
 0.591495E+00 -.346998E+01 -.168155E+01 -.164247E+01 0.177264E+02
 0.594645E+00 -.346304E+01 -.167707E+01 -.165836E+01 0.176366E+02
 0.591224E+00 -.346711E+01 -.167775E+01 -.165645E+01 0.176616E+02
 0.600874E+00 -.346430E+01 -.167534E+01 -.165820E+01 0.176247E+02
 0.574172E+00 -.346382E+01 -.166579E+01 -.165586E+01 0.176398E+02
 0.661255E+00 -.346371E+01 -.167963E+01 -.162550E+01 0.183191E+02
 0.621668E+00 -.346094E+01 -.170267E+01 -.164357E+01 0.177386E+02
 0.611607E+00 -.345601E+01 -.167998E+01 -.165014E+01 0.177482E+02
 0.595140E+00 -.346389E+01 -.167395E+01 -.165972E+01 0.176255E+02
 0.594753E+00 -.345966E+01 -.164740E+01 -.165237E+01 0.181108E+02
 0.605376E+00 -.346242E+01 -.168583E+01 -.165619E+01 0.176645E+02
 0.599545E+00 -.346382E+01 -.167902E+01 -.165426E+01 0.176275E+02
 0.942605E+00 -.345295E+01 -.172465E+01 -.163767E+01 0.204755E+02
 0.621103E+00 -.344715E+01 -.167552E+01 -.165683E+01 0.182424E+02
 0.599428E+00 -.346425E+01 -.168285E+01 -.159748E+01 0.182312E+02
 0.618757E+00 -.348203E+01 -.167208E+01 -.163356E+01 0.186733E+02
 0.607934E+00 -.346278E+01 -.167406E+01 -.165693E+01 0.176372E+02
 0.653538E+00 -.346369E+01 -.167300E+01 -.165033E+01 0.180308E+02
 0.588523E+00 -.348337E+01 -.166546E+01 -.169371E+01 0.185557E+02
 0.528574E+00 -.346947E+01 -.169878E+01 -.165869E+01 0.193532E+02
 0.592370E+00 -.346656E+01 -.167611E+01 -.167167E+01 0.177165E+02
 0.621470E+00 -.347525E+01 -.163346E+01 -.165933E+01 0.191684E+02
 0.597835E+00 -.346287E+01 -.167583E+01 -.165547E+01 0.176256E+02
 0.597908E+00 -.346377E+01 -.167494E+01 -.165510E+01 0.176232E+02
 0.585375E+00 -.346352E+01 -.166833E+01 -.165417E+01 0.176327E+02
 0.595156E+00 -.345434E+01 -.167961E+01 -.165109E+01 0.178386E+02
 0.586664E+00 -.346641E+01 -.176334E+01 -.165669E+01 0.229217E+02
 0.597939E+00 -.346329E+01 -.166458E+01 -.170244E+01 0.178514E+02
 0.597117E+00 -.346416E+01 -.167563E+01 -.165296E+01 0.176241E+02
 0.600752E+00 -.347499E+01 -.167924E+01 -.166372E+01 0.179395E+02
 0.597025E+00 -.346397E+01 -.166949E+01 -.165481E+01 0.176397E+02
 0.597616E+00 -.346363E+01 -.167299E+01 -.172732E+01 0.184728E+02
 0.603297E+00 -.346488E+01 -.166775E+01 -.165543E+01 0.176745E+02
 0.597147E+00 -.346329E+01 -.167416E+01 -.165028E+01 0.176328E+02
 0.652953E+00 -.346520E+01 -.174250E+01 -.164544E+01 0.189155E+02
 0.597243E+00 -.344493E+01 -.167555E+01 -.165547E+01 0.184539E+02
 0.593185E+00 -.346415E+01 -.167503E+01 -.165604E+01 0.176253E+02
 0.600705E+00 -.346415E+01 -.167566E+01 -.165999E+01 0.176269E+02
 0.600164E+00 -.346360E+01 -.167648E+01 -.165522E+01 0.176234E+02
 0.595225E+00 -.346303E+01 -.167489E+01 -.165754E+01 0.176268E+02
 0.602614E+00 -.346077E+01 -.167498E+01 -.167500E+01 0.177038E+02
 0.602808E+00 -.348206E+01 -.167604E+01 -.168405E+01 0.185139E+02
 0.596000E+00 -.346357E+01 -.166740E+01 -.166016E+01 0.176370E+02
 0.515920E+00 -.345442E+01 -.167276E+01 -.165538E+01 0.187472E+02
 0.612866E+00 -.346364E+01 -.167595E+01 -.165272E+01 0.176497E+02
 0.596199E+00 -.346211E+01 -.167559E+01 -.165675E+01 0.176322E+02
 0.597577E+00 -.346256E+01 -.167419E+01 -.165689E+01 0.176273E+02
 0.583098E+00 -.346760E+01 -.162714E+01 -.164071E+01 0.189290E+02
 0.606515E+00 -.346355E+01 -.170060E+01 -.165822E+01 0.179479E+02
 0.593462E+00 -.346440E+01 -.165426E+01 -.166157E+01 0.177658E+02
 0.603509E+00 -.346504E+01 -.167483E+01 -.165101E+01 0.176405E+02
 0.596072E+00 -.346386E+01 -.167662E+01 -.165763E+01 0.176288E+02
 0.596163E+00 -.347871E+01 -.167705E+01 -.165140E+01 0.180997E+02
 0.532787E+00 -.346389E+01 -.162184E+01 -.169796E+01 0.177791E+02
 0.565952E+00 -.346244E+01 -.167106E+01 -.165666E+01 0.177115E+02
 0.602495E+00 -.345596E+01 -.167502E+01 -.165419E+01 0.177632E+02
 0.625647E+00 -.346394E+01 -.169289E+01 -.164284E+01 0.176487E+02
 0.616762E+00 -.346217E+01 -.166705E+01 -.166867E+01 0.177056E+02
 0.605137E+00 -.346357E+01 -.167445E+01 -.165731E+01 0.176288E+02
 0.569202E+00 -.346256E+01 -.167512E+01 -.165166E+01 0.177146E+02
 0.614157E+00 -.346314E+01 -.167293E+01 -.165646E+01 0.176656E+02
 0.590512E+00 -.346345E+01 -.165965E+01 -.164880E+01 0.177703E+02
 0.609554E+00 -.346488E+01 -.167538E+01 -.174672E+01 0.189326E+02
 0.616311E+00 -.346340E+01 -.166290E+01 -.164871E+01 0.179082E+02
 0.590121E+00 -.346363E+01 -.167671E+01 -.165960E+01 0.176480E+02
 0.612993E+00 -.346462E+01 -.167331E+01 -.165499E+01 0.176661E+02
 0.600273E+00 -.346784E+01 -.167537E+01 -.166227E+01 0.176672E+02
 0.595804E+00 -.346396E+01 -.167757E+01 -.165660E+01 0.176310E+02
 0.589670E+00 -.345999E+01 -.160362E+01 -.165334E+01 0.201705E+02
 0.589176E+00 -.346431E+01 -.166635E+01 -.167148E+01 0.176386E+02
 0.595877E+00 -.346600E+01 -.167514E+01 -.165434E+01 0.176322E+02
 0.588957E+00 -.346257E+01 -.169531E+01 -.166682E+01 0.181063E+02
 0.604240E+00 -.346788E+01 -.165471E+01 -.166615E+01 0.178343E+02
 0.598023E+00 -.346274E+01 -.167507E+01 -.166574E+01 0.176458E+02
 0.593440E+00 -.345122E+01 -.169018E+01 -.163865E+01 0.180436E+02
 0.598482E+00 -.346312E+01 -.167296E+01 -.166949E+01 0.176487E+02
 0.594327E+00 -.346193E+01 -.165514E+01 -.164629E+01 0.179392E+02
 0.647777E+00 -.342081E+01 -.168443E+01 -.165051E+01 0.216978E+02
 0.877926E+00 -.341387E+01 -.172049E+01 -.165493E+01 0.231667E+02
 0.567014E+00 -.346582E+01 -.168667E+01 -.165863E+01 0.179981E+02
 0.593906E+00 -.346354E+01 -.167430E+01 -.165786E+01 0.176254E+02
 0.601816E+00 -.346391E+01 -.167387E+01 -.165753E+01 0.176257E+02
 0.589869E+00 -.346458E+01 -.167083E+01 -.165397E+01 0.176263E+02
 0.599576E+00 -.346660E+01 -.167760E+01 -.164840E+01 0.176467E+02
 0.594811E+00 -.346432E+01 -.167444E+01 -.165769E+01 0.176243E+02
 0.593230E+00 -.346216E+01 -.167697E+01 -.166398E+01 0.176667E+02
 0.607551E+00 -.347209E+01 -.168593E+01 -.165103E+01 0.178163E+02
 0.588444E+00 -.346793E+01 -.172161E+01 -.162937E+01 0.185629E+02
 0.598553E+00 -.346404E+01 -.168637E+01 -.164917E+01 0.176634E+02
 0.585052E+00 -.351609E+01 -.164984E+01 -.168175E+01 0.229502E+02
 0.597636E+00 -.346314E+01 -.167739E+01 -.164975E+01 0.176279E+02
 0.596732E+00 -.345874E+01 -.167317E+01 -.165890E+01 0.176857E+02
 0.603404E+00 -.346346E+01 -.167453E+01 -.166626E+01 0.176384E+02
 0.594580E+00 -.346383E+01 -.167228E+01 -.165900E+01 0.176227E+02
 0.578080E+00 -.346565E+01 -.167214E+01 -.166005E+01 0.176563E+02
 0.665587E+00 -.346328E+01 -.169209E+01 -.165294E+01 0.177697E+02
 0.597951E+00 -.346390E+01 -.163367E+01 -.168329E+01 0.181184E+02
 0.596564E+00 -.346400E+01 -.167485E+01 -.165657E+01 0.176232E+02
 0.588816E+00 -.346422E+01 -.166711E+01 -.165843E+01 0.176281E+02
 0.601144E+00 -.346966E+01 -.167701E+01 -.165577E+01 0.177019E+02
 0.597984E+00 -.346330E+01 -.167531E+01 -.166590E+01 0.176458E+02
 0.500806E+00 -.346038E+01 -.171729E+01 -.166257E+01 0.220888E+02
 0.597403E+00 -.346373E+01 -.163258E+01 -.165497E+01 0.185873E+02
 0.607764E+00 -.347027E+01 -.169724E+01 -.167633E+01 0.182515E+02
 0.582277E+00 -.351558E+01 -.161764E+01 -.179191E+01 0.237504E+02
 0.588515E+00 -.347565E+01 -.162008E+01 -.180534E+01 0.192547E+02
 0.596348E+00 -.346334E+01 -.167454E+01 -.165676E+01 0.176240E+02
 0.593970E+00 -.350252E+01 -.158472E+01 -.172892E+01 0.222372E+02
 0.592902E+00 -.347144E+01 -.165868E+01 -.165481E+01 0.178402E+02
 0.614148E+00 -.346759E+01 -.169721E+01 -.165952E+01 0.178804E+02
 0.595171E+00 -.346486E+01 -.167451E+01 -.165566E+01 0.176245E+02
 0.591730E+00 -.346292E+01 -.171005E+01 -.164788E+01 0.182815E+02
 0.570781E+00 -.346663E+01 -.168282E+01 -.164495E+01 0.177699E+02
 0.746082E+00 -.347022E+01 -.171260E+01 -.167922E+01 0.186489E+02
 0.588480E+00 -.348405E+01 -.167416E+01 -.165649E+01 0.184654E+02
 0.605744E+00 -.346351E+01 -.168114E+01 -.163457E+01 0.176858E+02
 0.590549E+00 -.346244E+01 -.168972E+01 -.165628E+01 0.178057E+02
 0.603585E+00 -.346583E+01 -.167927E+01 -.165294E+01 0.176359E+02
 0.579835E+00 -.346448E+01 -.167255E+01 -.165681E+01 0.176433E+02
 0.604695E+00 -.346394E+01 -.167501E+01 -.158226E+01 0.190696E+02
 0.594466E+00 -.346313E+01 -.167554E+01 -.165474E+01 0.176263E+02
 0.587216E+00 -.346410E+01 -.167578E+01 -.165619E+01 0.176395E+02
 0.501432E+00 -.346769E+01 -.177205E+01 -.155752E+01 0.231981E+02
 0.597522E+00 -.346561E+01 -.166772E+01 -.165976E+01 0.176430E+02
 0.559190E+00 -.346343E+01 -.171758E+01 -.166161E+01 0.197488E+02
 0.583705E+00 -.346424E+01 -.168600E+01 -.165811E+01 0.178002E+02
 0.598859E+00 -.346363E+01 -.167489E+01 -.165796E+01 0.176237E+02
 0.594640E+00 -.346185E+01 -.167649E+01 -.165988E+01 0.176460E+02
 0.584767E+00 -.345703E+01 -.168082E+01 -.164948E+01 0.177881E+02
 0.597475E+00 -.346338E+01 -.167835E+01 -.166008E+01 0.176420E+02
 0.605048E+00 -.346581E+01 -.168017E+01 -.165487E+01 0.176390E+02
 0.599725E+00 -.346359E+01 -.167441E+01 -.165835E+01 0.176239E+02
 0.521218E+00 -.346387E+01 -.167151E+01 -.165756E+01 0.182582E+02
 0.626348E+00 -.346366E+01 -.166819E+01 -.171702E+01 0.180543E+02
 0.630417E+00 -.346252E+01 -.172557E+01 -.162331E+01 0.180088E+02
 0.616313E+00 -.347327E+01 -.169653E+01 -.169556E+01 0.186713E+02
 0.592942E+00 -.346407E+01 -.167549E+01 -.166147E+01 0.176387E+02
 0.594012E+00 -.346675E+01 -.165143E+01 -.164861E+01 0.179856E+02
 0.594037E+00 -.346135E+01 -.167789E+01 -.164957E+01 0.176450E+02
 0.594530E+00 -.346348E+01 -.171944E+01 -.164649E+01 0.186250E+02
 0.587567E+00 -.346380E+01 -.166376E+01 -.165179E+01 0.176754E+02
 0.624003E+00 -.347085E+01 -.167425E+01 -.165644E+01 0.178372E+02
 0.711289E+00 -.346314E+01 -.167727E+01 -.170339E+01 0.184695E+02
 0.540901E+00 -.343633E+01 -.168029E+01 -.167060E+01 0.204611E+02
 0.597487E+00 -.346429E+01 -.167381E+01 -.165725E+01 0.176232E+02
 0.578083E+00 -.346328E+01 -.167401E+01 -.165836E+01 0.176696E+02
 0.625904E+00 -.344313E+01 -.170579E+01 -.164066E+01 0.185271E+02
 0.589011E+00 -.347341E+01 -.168029E+01 -.162852E+01 0.179017E+02
 0.622317E+00 -.346301E+01 -.163841E+01 -.167280E+01 0.184581E+02
 0.639399E+00 -.346533E+01 -.165286E+01 -.191784E+01 0.231848E+02
 0.597469E+00 -.347096E+01 -.167495E+01 -.165948E+01 0.177345E+02
 0.564091E+00 -.348003E+01 -.164926E+01 -.166663E+01 0.180741E+02
 0.595927E+00 -.346331E+01 -.167428E+01 -.165576E+01 0.176240E+02
 0.597611E+00 -.346360E+01 -.167414E+01 -.165610E+01 0.176233E+02
 0.587308E+00 -.346405E+01 -.165886E+01 -.165614E+01 0.177007E+02
 0.600054E+00 -.346061E+01 -.168503E+01 -.164654E+01 0.176613E+02
 0.580273E+00 -.345946E+01 -.173605E+01 -.165654E+01 0.203702E+02
 0.607153E+00 -.346385E+01 -.166580E+01 -.171193E+01 0.179681E+02
 0.593436E+00 -.346395E+01 -.167484E+01 -.165898E+01 0.176285E+02
 0.596283E+00 -.345992E+01 -.165732E+01 -.165991E+01 0.177958E+02
 0.601789E+00 -.346458E+01 -.168659E+01 -.165815E+01 0.176997E+02
 0.591801E+00 -.346521E+01 -.167562E+01 -.165490E+01 0.176300E+02
 0.601811E+00 -.346563E+01 -.167376E+01 -.165665E+01 0.176339E+02
 0.495393E+00 -.346533E+01 -.151894E+01 -.173417E+01 0.202790E+02
 0.602075E+00 -.346313E+01 -.167319E+01 -.165051E+01 0.176457E+02
 0.598277E+00 -.344293E+01 -.167543E+01 -.165669E+01 0.186378E+02
 0.603600E+00 -.346419E+01 -.167531E+01 -.165737E+01 0.176258E+02
 0.591400E+00 -.346409E+01 -.167559E+01 -.165624E+01 0.176296E+02
 0.599651E+00 -.346353E+01 -.167562E+01 -.165799E+01 0.176244E+02
 0.596300E+00 -.346395E+01 -.167465E+01 -.165921E+01 0.176254E+02
 0.595272E+00 -.346584E+01 -.167412E+01 -.165524E+01 0.176300E+02
 0.602040E+00 -.351584E+01 -.167949E+01 -.169017E+01 0.234982E+02
 0.592485E+00 -.346437E+01 -.166964E+01 -.166116E+01 0.176233E+02
 0.477983E+00 -.346156E+01 -.167329E+01 -.161167E+01 0.190120E+02
 0.595931E+00 -.346399E+01 -.167210E+01 -.165517E+01 0.176256E+02
 0.595293E+00 -.346200E+01 -.167386E+01 -.165678E+01 0.176324E+02
 0.595671E+00 -.346431E+01 -.167433E+01 -.165467E+01 0.176234E+02
 0.586155E+00 -.346777E+01 -.166823E+01 -.167464E+01 0.176884E+02
 0.593117E+00 -.346386E+01 -.163778E+01 -.165778E+01 0.182530E+02
 0.589344E+00 -.346892E+01 -.166523E+01 -.165897E+01 0.176764E+02
 0.590697E+00 -.346460E+01 -.167421E+01 -.166063E+01 0.176342E+02
 0.595322E+00 -.346348E+01 -.166680E+01 -.166137E+01 0.176369E+02
 0.591825E+00 -.347664E+01 -.168949E+01 -.166482E+01 0.182504E+02
 0.519164E+00 -.345827E+01 -.170760E+01 -.171295E+01 0.225716E+02
 0.573504E+00 -.346259E+01 -.165229E+01 -.165542E+01 0.177508E+02
 0.597162E+00 -.347089E+01 -.167138E+01 -.165516E+01 0.177313E+02
 0.602411E+00 -.346330E+01 -.169117E+01 -.156773E+01 0.189777E+02
 0.574172E+00 -.346290E+01 -.167484E+01 -.165771E+01 0.176989E+02
 0.590520E+00 -.346327E+01 -.167231E+01 -.165859E+01 0.176263E+02
 0.590829E+00 -.346500E+01 -.166947E+01 -.165123E+01 0.176406E+02
 0.611079E+00 -.346389E+01 -.167529E+01 -.165922E+01 0.176363E+02
 0.592627E+00 -.346503E+01 -.171908E+01 -.165283E+01 0.188005E+02
 0.563649E+00 -.346007E+01 -.166856E+01 -.160241E+01 0.183217E+02
 0.624151E+00 -.346361E+01 -.169642E+01 -.164595E+01 0.176715E+02
 0.604178E+00 -.346352E+01 -.167527E+01 -.166333E+01 0.176320E+02
 0.639189E+00 -.346243E+01 -.166514E+01 -.166370E+01 0.179366E+02
 0.597012E+00 -.347015E+01 -.167350E+01 -.165389E+01 0.177084E+02
 0.595103E+00 -.346378E+01 -.167505E+01 -.165933E+01 0.176278E+02
 0.580979E+00 -.346295E+01 -.166922E+01 -.171568E+01 0.182705E+02
 0.603251E+00 -.346543E+01 -.167234E+01 -.165466E+01 0.176446E+02
 0.612116E+00 -.346101E+01 -.166514E+01 -.168350E+01 0.177258E+02
 0.584779E+00 -.346146E+01 -.166394E+01 -.166352E+01 0.176532E+02
 0.595576E+00 -.346283E+01 -.167025E+01 -.166589E+01 0.176333E+02
 0.590206E+00 -.346067E+01 -.168936E+01 -.169137E+01 0.183632E+02
 0.595769E+00 -.346940E+01 -.166581E+01 -.166113E+01 0.176987E+02
 0.594567E+00 -.346064E+01 -.169042E+01 -.165162E+01 0.177662E+02
 0.643386E+00 -.345111E+01 -.169187E+01 -.159942E+01 0.185413E+02
 0.607170E+00 -.346326E+01 -.156603E+01 -.165766E+01 0.237999E+02
 0.587824E+00 -.346344E+01 -.167187E+01 -.166159E+01 0.176328E+02
 0.597066E+00 -.346372E+01 -.167210E+01 -.165839E+01 0.176238E+02
 0.584434E+00 -.346337E+01 -.167046E+01 -.165701E+01 0.176293E+02
 0.598575E+00 -.345775E+01 -.168149E+01 -.162789E+01 0.178069E+02
 0.595038E+00 -.346402E+01 -.167187E+01 -.165750E+01 0.176230E+02
 0.589803E+00 -.346260E+01 -.167754E+01 -.164288E+01 0.176507E+02
 0.610552E+00 -.346413E+01 -.167287E+01 -.165822E+01 0.176482E+02
 0.598897E+00 -.346577E+01 -.172437E+01 -.165307E+01 0.189914E+02
 0.561805E+00 -.346418E+01 -.166759E+01 -.167586E+01 0.178014E+02
 0.573018E+00 -.346795E+01 -.165833E+01 -.170076E+01 0.178508E+02
 0.596611E+00 -.346360E+01 -.167380E+01 -.165921E+01 0.176242E+02
 0.592971E+00 -.345481E+01 -.167233E+01 -.166891E+01 0.178477E+02
 0.597598E+00 -.346327E+01 -.167552E+01 -.166828E+01 0.176593E+02
 0.588950E+00 -.346375E+01 -.166597E+01 -.164646E+01 0.176927E+02
 0.654665E+00 -.346634E+01 -.166976E+01 -.164587E+01 0.182403E+02
 0.631240E+00 -.346508E+01 -.170297E+01 -.164143E+01 0.177204E+02
 0.600805E+00 -.346398E+01 -.166953E+01 -.167464E+01 0.176560E+02
 0.596423E+00 -.346396E+01 -.167211E+01 -.165922E+01 0.176231E+02
 0.671700E+00 -.345070E+01 -.168984E+01 -.166459E+01 0.180220E+02
 0.594519E+00 -.346394E+01 -.167460E+01 -.165851E+01 0.176257E+02
 0.599331E+00 -.345647E+01 -.167592E+01 -.165625E+01 0.177455E+02
 0.597194E+00 -.346422E+01 -.167003E+01 -.166321E+01 0.176268E+02
 0.421030E+00 -.346253E+01 -.167325E+01 -.164184E+01 0.217065E+02
 0.601507E+00 -.346376E+01 -.166154E+01 -.166087E+01 0.177102E+02
 0.609397E+00 -.346524E+01 -.161064E+01 -.168040E+01 0.193989E+02
 0.584623E+00 -.346191E+01 -.159524E+01 -.168770E+01 0.195301E+02
 0.588831E+00 -.347108E+01 -.158160E+01 -.180060E+01 0.194782E+02
 0.593033E+00 -.346396E+01 -.167090E+01 -.165978E+01 0.176228E+02
 0.603512E+00 -.343000E+01 -.171051E+01 -.162276E+01 0.203477E+02
 0.590377E+00 -.345710E+01 -.163556E+01 -.166162E+01 0.183875E+02
 0.612312E+00 -.346664E+01 -.175673E+01 -.166466E+01 0.217046E+02
 0.594375E+00 -.346502E+01 -.167769E+01 -.166192E+01 0.176546E+02
 0.596925E+00 -.346614E+01 -.165696E+01 -.164751E+01 0.178881E+02
 0.630738E+00 -.346625E+01 -.166689E+01 -.164031E+01 0.180969E+02
 0.740621E+00 -.340997E+01 -.171084E+01 -.167910E+01 0.236045E+02
 0.562161E+00 -.349281E+01 -.167163E+01 -.173308E+01 0.206667E+02
 0.597930E+00 -.346356E+01 -.167540E+01 -.168994E+01 0.178559E+02
 0.589899E+00 -.346286E+01 -.166559E+01 -.168193E+01 0.176912E+02
 0.607157E+00 -.346669E+01 -.168020E+01 -.165928E+01 0.176592E+02
 0.609780E+00 -.346478E+01 -.167011E+01 -.165671E+01 0.176743E+02
 0.600633E+00 -.346388E+01 -.167394E+01 -.185973E+01 0.230544E+02
 0.596527E+00 -.346307E+01 -.167342E+01 -.165934E+01 0.176256E+02
 0.604098E+00 -.346448E+01 -.166950E+01 -.166294E+01 0.176416E+02
 0.596444E+00 -.346746E+01 -.167521E+01 -.165647E+01 0.176506E+02
 0.561922E+00 -.346118E+01 -.168300E+01 -.164861E+01 0.179032E+02
 0.575020E+00 -.346389E+01 -.168567E+01 -.165988E+01 0.178916E+02
 0.603642E+00 -.346432E+01 -.167329E+01 -.166026E+01 0.176291E+02
 0.593218E+00 -.346233E+01 -.167329E+01 -.167502E+01 0.177002E+02
 0.600850E+00 -.345825E+01 -.166660E+01 -.166309E+01 0.177246E+02
 0.600571E+00 -.346409E+01 -.166826E+01 -.166001E+01 0.176426E+02
 0.586811E+00 -.346421E+01 -.167276E+01 -.165766E+01 0.176287E+02
 0.595932E+00 -.346315E+01 -.167107E+01 -.165925E+01 0.176261E+02
 0.621840E+00 -.346382E+01 -.167140E+01 -.165682E+01 0.177202E+02
 0.549756E+00 -.346420E+01 -.165901E+01 -.170108E+01 0.180581E+02
 0.584555E+00 -.346331E+01 -.166459E+01 -.163583E+01 0.178040E+02
 0.594342E+00 -.347478E+01 -.167446E+01 -.171867E+01 0.186224E+02
 0.607265E+00 -.346333E+01 -.167191E+01 -.165870E+01 0.176425E+02
 0.592581E+00 -.347096E+01 -.169409E+01 -.166134E+01 0.180716E+02
 0.585916E+00 -.346081E+01 -.166787E+01 -.164625E+01 0.177008E+02
 0.596371E+00 -.346341E+01 -.174406E+01 -.165243E+01 0.203974E+02
 0.595368E+00 -.346384E+01 -.166476E+01 -.166156E+01 0.176476E+02
 0.847285E+00 -.345155E+01 -.171263E+01 -.164076E+01 0.195287E+02
 0.563230E+00 -.346948E+01 -.167181E+01 -.165782E+01 0.177566E+02
 0.547463E+00 -.346314E+01 -.169140E+01 -.174673E+01 0.212731E+02
 0.568760E+00 -.341979E+01 -.168705E+01 -.165666E+01 0.228218E+02
 0.585838E+00 -.346500E+01 -.167248E+01 -.165869E+01 0.176314E+02
 0.535648E+00 -.346327E+01 -.167574E+01 -.166337E+01 0.182117E+02
 0.630756E+00 -.349800E+01 -.168051E+01 -.165746E+01 0.203240E+02
 0.602278E+00 -.344948E+01 -.168268E+01 -.158628E+01 0.190557E+02
 0.635902E+00 -.345807E+01 -.161842E+01 -.166259E+01 0.201930E+02
 0.614659E+00 -.346364E+01 -.162298E+01 -.170071E+01 0.185981E+02
 0.604702E+00 -.346391E+01 -.167390E+01 -.163141E+01 0.178066E+02
 0.560765E+00 -.345500E+01 -.166652E+01 -.167234E+01 0.180183E+02
 0.597120E+00 -.346447E+01 -.167397E+01 -.166062E+01 0.176262E+02
 0.597940E+00 -.346390E+01 -.167354E+01 -.166108E+01 0.176255E+02
 0.597370E+00 -.346394E+01 -.166175E+01 -.165801E+01 0.177007E+02
 0.602336E+00 -.346590E+01 -.168855E+01 -.164325E+01 0.176696E+02
 0.612114E+00 -.346118E+01 -.165820E+01 -.165617E+01 0.179116E+02
 0.587623E+00 -.346362E+01 -.168116E+01 -.162512E+01 0.177420E+02
 0.593765E+00 -.346361E+01 -.167166E+01 -.166080E+01 0.176242E+02
 0.590985E+00 -.346025E+01 -.166940E+01 -.166329E+01 0.176632E+02
 0.577227E+00 -.346441E+01 -.166788E+01 -.166028E+01 0.176353E+02
 0.590761E+00 -.346442E+01 -.167306E+01 -.160364E+01 0.182700E+02
 0.599095E+00 -.346423E+01 -.167829E+01 -.166202E+01 0.176458E+02
 0.593684E+00 -.346388E+01 -.167269E+01 -.166277E+01 0.176288E+02
 0.445843E+00 -.346292E+01 -.153278E+01 -.169597E+01 0.191968E+02
 0.597665E+00 -.349867E+01 -.167309E+01 -.165491E+01 0.201440E+02
 0.609422E+00 -.346394E+01 -.167460E+01 -.165777E+01 0.176363E+02
 0.591108E+00 -.346389E+01 -.166973E+01 -.165569E+01 0.176272E+02
 0.591558E+00 -.346394E+01 -.167060E+01 -.166074E+01 0.176234E+02
 0.596681E+00 -.346478E+01 -.167284E+01 -.165775E+01 0.176243E+02
 0.589499E+00 -.346754E+01 -.167345E+01 -.164518E+01 0.176674E+02
 0.597753E+00 -.345661E+01 -.170951E+01 -.161653E+01 0.179752E+02
 0.592284E+00 -.346428E+01 -.167418E+01 -.165991E+01 0.176295E+02
 0.630635E+00 -.346651E+01 -.167316E+01 -.166612E+01 0.177530E+02
 0.582523E+00 -.346410E+01 -.166927E+01 -.166168E+01 0.176315E+02
 0.595804E+00 -.346291E+01 -.167185E+01 -.165979E+01 0.176262E+02
 0.592940E+00 -.346538E+01 -.167316E+01 -.165352E+01 0.176279E+02
 0.593990E+00 -.346347E+01 -.170528E+01 -.169092E+01 0.190260E+02
 0.598817E+00 -.346373E+01 -.168960E+01 -.165832E+01 0.177600E+02
 0.475854E+00 -.346947E+01 -.168679E+01 -.165296E+01 0.202196E+02
 0.590247E+00 -.346822E+01 -.168170E+01 -.165701E+01 0.177219E+02
 0.591319E+00 -.346325E+01 -.167317E+01 -.166557E+01 0.176452E+02
 0.594669E+00 -.346443E+01 -.167502E+01 -.165589E+01 0.176243E+02
 0.602934E+00 -.345847E+01 -.165840E+01 -.167190E+01 0.177886E+02
 0.623079E+00 -.346972E+01 -.170710E+01 -.166653E+01 0.182620E+02
 0.598532E+00 -.346277E+01 -.165891E+01 -.165904E+01 0.177481E+02
 0.583460E+00 -.346400E+01 -.167204E+01 -.165259E+01 0.176313E+02
 0.590621E+00 -.346370E+01 -.167285E+01 -.164879E+01 0.176357E+02
 0.580955E+00 -.346410E+01 -.167767E+01 -.165417E+01 0.176715E+02
 0.596959E+00 -.346328E+01 -.167511E+01 -.165932E+01 0.176271E+02
 0.568981E+00 -.344250E+01 -.166557E+01 -.164675E+01 0.188960E+02
 0.609780E+00 -.346588E+01 -.166812E+01 -.165215E+01 0.177310E+02
 0.579492E+00 -.346409E+01 -.167772E+01 -.166006E+01 0.177075E+02
 0.593571E+00 -.346869E+01 -.163151E+01 -.165688E+01 0.185359E+02
 0.589410E+00 -.346147E+01 -.166245E+01 -.159915E+01 0.187911E+02
 0.621136E+00 -.346323E+01 -.169490E+01 -.165955E+01 0.177444E+02
 0.609752E+00 -.346392E+01 -.167385E+01 -.166091E+01 0.176376E+02
 0.629897E+00 -.346502E+01 -.166896E+01 -.165414E+01 0.178494E+02
 0.590492E+00 -.346800E+01 -.168099E+01 -.165273E+01 0.176915E+02
 0.596857E+00 -.346386E+01 -.167424E+01 -.165988E+01 0.176252E+02
 0.600794E+00 -.346377E+01 -.162053E+01 -.165814E+01 0.191801E+02
 0.575408E+00 -.346195E+01 -.167161E+01 -.167958E+01 0.178216E+02
 0.596541E+00 -.346299E+01 -.167257E+01 -.165295E+01 0.176323E+02
 0.618973E+00 -.346208E+01 -.166932E+01 -.166561E+01 0.176998E+02
 0.576974E+00 -.346179E+01 -.167966E+01 -.166114E+01 0.177785E+02
 0.596710E+00 -.346361E+01 -.167522E+01 -.165351E+01 0.176240E+02
 0.592689E+00 -.347216E+01 -.167756E+01 -.167422E+01 0.178901E+02
 0.594169E+00 -.346527E+01 -.166811E+01 -.165115E+01 0.176593E+02
 0.595519E+00 -.346126E+01 -.168596E+01 -.166039E+01 0.177477E+02
 0.563718E+00 -.348452E+01 -.170988E+01 -.165037E+01 0.197494E+02
 0.632962E+00 -.346188E+01 -.159759E+01 -.165700E+01 0.218842E+02
 0.592009E+00 -.346371E+01 -.167138E+01 -.165741E+01 0.176232E+02
 0.589064E+00 -.346398E+01 -.167249E+01 -.165807E+01 0.176255E+02
 0.613904E+00 -.346247E+01 -.167560E+01 -.165914E+01 0.176432E+02
 0.599903E+00 -.345710E+01 -.167731E+01 -.167475E+01 0.178108E+02
 0.594616E+00 -.346373E+01 -.167041E+01 -.165945E+01 0.176244E+02
 0.589268E+00 -.346427E+01 -.167366E+01 -.162993E+01 0.177610E+02
 0.600680E+00 -.345649E+01 -.167366E+01 -.165815E+01 0.177463E+02
 0.599372E+00 -.346277E+01 -.166661E+01 -.169213E+01 0.177628E+02
 0.564635E+00 -.346373E+01 -.167018E+01 -.165762E+01 0.177003E+02
 0.584736E+00 -.342983E+01 -.167993E+01 -.167785E+01 0.206638E+02
 0.696441E+00 -.347398E+01 -.169467E+01 -.163107E+01 0.185995E+02
 0.595673E+00 -.346429E+01 -.167100E+01 -.166620E+01 0.176313E+02
 0.591243E+00 -.347232E+01 -.167318E+01 -.166842E+01 0.178009E+02
 0.595613E+00 -.346406E+01 -.167342E+01 -.166120E+01 0.176263E+02
 0.596432E+00 -.346390E+01 -.166508E+01 -.167375E+01 0.176468E+02
 0.652450E+00 -.346189E+01 -.166868E+01 -.165775E+01 0.180502E+02
 0.601929E+00 -.346506E+01 -.166921E+01 -.165817E+01 0.176474E+02
 0.596893E+00 -.346393E+01 -.169723E+01 -.165801E+01 0.179449E+02
 0.595833E+00 -.346402E+01 -.167161E+01 -.166021E+01 0.176233E+02
 0.691769E+00 -.350311E+01 -.168027E+01 -.166910E+01 0.219512E+02
 0.597446E+00 -.346399E+01 -.167797E+01 -.165796E+01 0.176332E+02
 0.595136E+00 -.345762E+01 -.167115E+01 -.165934E+01 0.177199E+02
 0.593150E+00 -.346435E+01 -.166615E+01 -.165655E+01 0.176466E+02
 0.447183E+00 -.346358E+01 -.166846E+01 -.166434E+01 0.206238E+02
 0.599565E+00 -.346380E+01 -.170665E+01 -.165322E+01 0.181389E+02
 0.583941E+00 -.346216E+01 -.161259E+01 -.166517E+01 0.190729E+02
 0.584780E+00 -.343990E+01 -.160012E+01 -.163868E+01 0.224754E+02
 0.514990E+00 -.345918E+01 -.162020E+01 -.161033E+01 0.193288E+02
 0.591283E+00 -.346442E+01 -.166953E+01 -.166100E+01 0.176230E+02
 0.588208E+00 -.345125E+01 -.172482E+01 -.165948E+01 0.196815E+02
 0.603715E+00 -.346412E+01 -.169207E+01 -.166373E+01 0.178320E+02
 0.594822E+00 -.346423E+01 -.167021E+01 -.165879E+01 0.176248E+02
 0.597407E+00 -.347268E+01 -.164506E+01 -.166191E+01 0.181374E+02
 0.641193E+00 -.346219E+01 -.166107E+01 -.167679E+01 0.179718E+02
 0.686061E+00 -.345793E+01 -.167888E+01 -.167739E+01 0.180916E+02
 0.588914E+00 -.346577E+01 -.167314E+01 -.168388E+01 0.177969E+02
 0.599222E+00 -.346369E+01 -.166794E+01 -.167605E+01 0.176581E+02
 0.606990E+00 -.345228E+01 -.164349E+01 -.167897E+01 0.183403E+02
 0.589896E+00 -.346335E+01 -.165212E+01 -.167411E+01 0.177142E+02
 0.601067E+00 -.346437E+01 -.167823E+01 -.165378E+01 0.176254E+02
 0.619568E+00 -.346380E+01 -.167414E+01 -.165893E+01 0.176719E+02
 0.607722E+00 -.346396E+01 -.167520E+01 -.166829E+01 0.176474E+02
 0.597809E+00 -.346426E+01 -.167162E+01 -.165761E+01 0.176258E+02
 0.597779E+00 -.346459E+01 -.167275E+01 -.166331E+01 0.176285E+02
 0.556939E+00 -.346441E+01 -.157269E+01 -.183753E+01 0.195231E+02
 0.594762E+00 -.346057E+01 -.168134E+01 -.165075E+01 0.176647E+02
 0.586253E+00 -.346346E+01 -.166616E+01 -.164038E+01 0.177357E+02
 0.616598E+00 -.346375E+01 -.166047E+01 -.165788E+01 0.178676E+02
 0.599806E+00 -.346402E+01 -.167140E+01 -.165801E+01 0.176288E+02
 0.593870E+00 -.346440E+01 -.166970E+01 -.167905E+01 0.176880E+02
 0.606895E+00 -.346937E+01 -.167015E+01 -.164638E+01 0.177885E+02
 0.594182E+00 -.346421E+01 -.166743E+01 -.165880E+01 0.176347E+02
 0.577493E+00 -.346477E+01 -.166606E+01 -.165958E+01 0.176286E+02
 0.594735E+00 -.346311E+01 -.167445E+01 -.165883E+01 0.176276E+02
 0.626756E+00 -.346379E+01 -.166538E+01 -.165800E+01 0.178544E+02
 0.572344E+00 -.346441E+01 -.165869E+01 -.165927E+01 0.176464E+02
 0.585834E+00 -.346155E+01 -.166741E+01 -.168262E+01 0.177365E+02
 0.594791E+00 -.344834E+01 -.165680E+01 -.166424E+01 0.183310E+02
 0.600693E+00 -.346306E+01 -.166992E+01 -.165559E+01 0.176458E+02
 0.592882E+00 -.346752E+01 -.167897E+01 -.166175E+01 0.176955E+02
 0.594534E+00 -.346362E+01 -.166723E+01 -.165798E+01 0.176397E+02
 0.606411E+00 -.346339E+01 -.156779E+01 -.165736E+01 0.235975E+02
 0.601831E+00 -.346384E+01 -.167090E+01 -.166107E+01 0.176311E+02
 0.599467E+00 -.346620E+01 -.173452E+01 -.173418E+01 0.232253E+02
 0.704623E+00 -.344388E+01 -.173997E+01 -.160071E+01 0.182755E+02
 0.577544E+00 -.345678E+01 -.167461E+01 -.165886E+01 0.178192E+02
 0.513270E+00 -.346404E+01 -.167782E+01 -.166720E+01 0.188387E+02
 0.618451E+00 -.350272E+01 -.166982E+01 -.164660E+01 0.210219E+02
 0.593721E+00 -.346369E+01 -.167137E+01 -.165980E+01 0.176233E+02
 0.536066E+00 -.346386E+01 -.167244E+01 -.165848E+01 0.180432E+02
 0.622972E+00 -.347754E+01 -.169233E+01 -.164825E+01 0.181539E+02
 0.604717E+00 -.344223E+01 -.167528E+01 -.166394E+01 0.186887E+02
 0.570728E+00 -.346398E+01 -.167926E+01 -.164641E+01 0.177232E+02
 0.591220E+00 -.345973E+01 -.167333E+01 -.164512E+01 0.176941E+02
 0.611141E+00 -.344853E+01 -.166526E+01 -.166783E+01 0.182180E+02
 0.595746E+00 -.346438E+01 -.167263E+01 -.166051E+01 0.176239E+02
 0.593724E+00 -.346393E+01 -.167201E+01 -.165955E+01 0.176229E+02
 0.601753E+00 -.346355E+01 -.167782E+01 -.166084E+01 0.176344E+02
 0.591255E+00 -.346060E+01 -.167938E+01 -.164343E+01 0.176697E+02
 0.612458E+00 -.347131E+01 -.162961E+01 -.165422E+01 0.191338E+02
 0.592545E+00 -.346277E+01 -.167884E+01 -.162018E+01 0.178337E+02
 0.596799E+00 -.346404E+01 -.167019E+01 -.166141E+01 0.176257E+02
 0.591830E+00 -.346313E+01 -.167990E+01 -.166091E+01 0.176779E+02
 0.572449E+00 -.346372E+01 -.166033E+01 -.165636E+01 0.176530E+02
 0.595102E+00 -.346371E+01 -.167432E+01 -.159749E+01 0.184445E+02
 0.594402E+00 -.346334E+01 -.167439E+01 -.166097E+01 0.176309E+02
 0.589893E+00 -.346423E+01 -.167308E+01 -.166904E+01 0.176625E+02
 0.452839E+00 -.346456E+01 -.154209E+01 -.169864E+01 0.188429E+02
 0.597033E+00 -.349165E+01 -.167497E+01 -.165345E+01 0.192495E+02
 0.597552E+00 -.346384E+01 -.167396E+01 -.165885E+01 0.176236E+02
 0.596645E+00 -.346385E+01 -.166843E+01 -.165693E+01 0.176390E+02
 0.594949E+00 -.346376E+01 -.167189E+01 -.165880E+01 0.176229E+02
 0.595309E+00 -.346347E+01 -.167188E+01 -.165637E+01 0.176250E+02
 0.598837E+00 -.346648E+01 -.167192E+01 -.165026E+01 0.176589E+02
 0.594110E+00 -.342541E+01 -.168943E+01 -.159856E+01 0.215400E+02
 0.592540E+00 -.346401E+01 -.167000E+01 -.166012E+01 0.176232E+02
 0.708936E+00 -.346658E+01 -.167253E+01 -.170729E+01 0.186230E+02
 0.588420E+00 -.346410E+01 -.167448E+01 -.165596E+01 0.176303E+02
 0.596409E+00 -.346544E+01 -.167524E+01 -.165787E+01 0.176297E+02
 0.593910E+00 -.346446E+01 -.167176E+01 -.166047E+01 0.176234E+02
 0.598981E+00 -.346031E+01 -.169637E+01 -.166479E+01 0.180089E+02
 0.604339E+00 -.346361E+01 -.170668E+01 -.165817E+01 0.181632E+02
 0.592302E+00 -.346535E+01 -.166799E+01 -.165968E+01 0.176293E+02
 0.593701E+00 -.346370E+01 -.167460E+01 -.165444E+01 0.176242E+02
 0.591569E+00 -.345682E+01 -.172921E+01 -.168488E+01 0.206157E+02
 0.594098E+00 -.346461E+01 -.168073E+01 -.165196E+01 0.176424E+02
 0.610277E+00 -.344569E+01 -.165534E+01 -.166607E+01 0.186301E+02
 0.600040E+00 -.347203E+01 -.160806E+01 -.163489E+01 0.208658E+02
 0.602691E+00 -.345149E+01 -.160430E+01 -.176835E+01 0.193486E+02
 0.583182E+00 -.346319E+01 -.168370E+01 -.165829E+01 0.177649E+02
 0.582271E+00 -.345854E+01 -.167273E+01 -.165734E+01 0.177224E+02
 0.582482E+00 -.346407E+01 -.165836E+01 -.172114E+01 0.180800E+02
 0.603055E+00 -.346391E+01 -.167264E+01 -.166788E+01 0.176392E+02
 0.606096E+00 -.346394E+01 -.167386E+01 -.165914E+01 0.176309E+02
 0.585817E+00 -.346516E+01 -.167390E+01 -.166084E+01 0.176455E+02
 0.604997E+00 -.346337E+01 -.167488E+01 -.165976E+01 0.176276E+02
 0.591200E+00 -.346490E+01 -.160533E+01 -.166129E+01 0.197421E+02
 0.615775E+00 -.346390E+01 -.165768E+01 -.178541E+01 0.192836E+02
 0.596937E+00 -.346360E+01 -.169108E+01 -.166759E+01 0.179083E+02
 0.597048E+00 -.346408E+01 -.167588E+01 -.165325E+01 0.176238E+02
 0.582480E+00 -.346522E+01 -.167859E+01 -.165445E+01 0.176754E+02
 0.595859E+00 -.345939E+01 -.168486E+01 -.165756E+01 0.177374E+02
 0.596543E+00 -.346392E+01 -.167231E+01 -.165936E+01 0.176230E+02
 0.578059E+00 -.347069E+01 -.166291E+01 -.162278E+01 0.180627E+02
 0.582223E+00 -.346378E+01 -.167315E+01 -.165990E+01 0.176490E+02
 0.592437E+00 -.346457E+01 -.169426E+01 -.164812E+01 0.178107E+02
 0.617410E+00 -.346618E+01 -.167721E+01 -.166661E+01 0.176755E+02
 0.597446E+00 -.346429E+01 -.167733E+01 -.164698E+01 0.176325E+02
 0.595587E+00 -.346583E+01 -.166602E+01 -.164039E+01 0.177838E+02
 0.573056E+00 -.347821E+01 -.159199E+01 -.176779E+01 0.189543E+02
 0.593743E+00 -.346201E+01 -.167704E+01 -.164904E+01 0.176384E+02
 0.599412E+00 -.346559E+01 -.166376E+01 -.165978E+01 0.176813E+02
 0.591747E+00 -.347684E+01 -.168144E+01 -.169925E+01 0.185825E+02
 0.575332E+00 -.346608E+01 -.169355E+01 -.165865E+01 0.181032E+02
 0.597171E+00 -.346407E+01 -.167154E+01 -.165441E+01 0.176305E+02
 0.592596E+00 -.346412E+01 -.167341E+01 -.165863E+01 0.176248E+02
 0.623922E+00 -.346239E+01 -.167776E+01 -.165993E+01 0.176603E+02
 0.596549E+00 -.346264E+01 -.167222E+01 -.166511E+01 0.176353E+02
 0.594590E+00 -.346390E+01 -.167297E+01 -.165849E+01 0.176231E+02
 0.593555E+00 -.346418E+01 -.167174E+01 -.166205E+01 0.176251E+02
 0.607155E+00 -.345837E+01 -.168691E+01 -.165594E+01 0.177164E+02
 0.599032E+00 -.346196E+01 -.162852E+01 -.170149E+01 0.181748E+02
 0.619545E+00 -.346391E+01 -.168510E+01 -.163597E+01 0.176853E+02
 0.581998E+00 -.349543E+01 -.168377E+01 -.165472E+01 0.197973E+02
 0.748660E+00 -.350377E+01 -.172850E+01 -.162718E+01 0.225482E+02
 0.595538E+00 -.346400E+01 -.166920E+01 -.165754E+01 0.176310E+02
 0.595511E+00 -.347737E+01 -.167353E+01 -.163935E+01 0.180701E+02
 0.599810E+00 -.346399E+01 -.167329E+01 -.165002E+01 0.176407E+02
 0.600324E+00 -.346393E+01 -.168417E+01 -.166046E+01 0.176878E+02
 0.622543E+00 -.346227E+01 -.166888E+01 -.166925E+01 0.177150E+02
 0.575814E+00 -.346357E+01 -.164811E+01 -.167101E+01 0.177070E+02
 0.597443E+00 -.346382E+01 -.168512E+01 -.165291E+01 0.176690E+02
 0.595076E+00 -.346386E+01 -.167467E+01 -.165645E+01 0.176236E+02
 0.665437E+00 -.350174E+01 -.167356E+01 -.165953E+01 0.214366E+02
 0.591232E+00 -.346416E+01 -.166748E+01 -.165589E+01 0.176359E+02
 0.599175E+00 -.346891E+01 -.167046E+01 -.165957E+01 0.176819E+02
 0.597763E+00 -.346368E+01 -.167394E+01 -.165732E+01 0.176232E+02
 0.671256E+00 -.346252E+01 -.167743E+01 -.167942E+01 0.179651E+02
 0.581240E+00 -.346379E+01 -.168949E+01 -.164342E+01 0.177790E+02
 0.572827E+00 -.346685E+01 -.166728E+01 -.165116E+01 0.176503E+02
 0.589784E+00 -.345997E+01 -.171317E+01 -.168128E+01 0.193070E+02
 0.586273E+00 -.346901E+01 -.165321E+01 -.154391E+01 0.224596E+02
 0.595415E+00 -.346408E+01 -.166943E+01 -.165952E+01 0.176270E+02
 0.540817E+00 -.344551E+01 -.163952E+01 -.171321E+01 0.190166E+02
 0.595950E+00 -.345891E+01 -.173547E+01 -.165482E+01 0.198237E+02
 0.587451E+00 -.346212E+01 -.161648E+01 -.166082E+01 0.190545E+02
 0.595312E+00 -.346411E+01 -.167088E+01 -.165176E+01 0.176383E+02
 0.596773E+00 -.347316E+01 -.165608E+01 -.166740E+01 0.178821E+02
 0.579816E+00 -.346573E+01 -.167690E+01 -.166602E+01 0.177377E+02
 0.539044E+00 -.349908E+01 -.165266E+01 -.167433E+01 0.198744E+02
 0.615531E+00 -.344283E+01 -.167358E+01 -.163769E+01 0.187655E+02
 0.601573E+00 -.346390E+01 -.167592E+01 -.165646E+01 0.176237E+02
 0.533655E+00 -.345908E+01 -.173388E+01 -.168450E+01 0.232983E+02
 0.592918E+00 -.346335E+01 -.165272E+01 -.166977E+01 0.177404E+02
 0.589781E+00 -.346245E+01 -.167451E+01 -.165305E+01 0.176345E+02
 0.586317E+00 -.346248E+01 -.167657E+01 -.165494E+01 0.176518E+02
 0.597634E+00 -.346466E+01 -.167480E+01 -.165606E+01 0.176241E+02
 0.588969E+00 -.346358E+01 -.167456E+01 -.166254E+01 0.176473E+02
 0.596599E+00 -.346175E+01 -.168264E+01 -.165694E+01 0.176737E+02
 0.627571E+00 -.346474E+01 -.166560E+01 -.163923E+01 0.180990E+02
 0.617711E+00 -.346388E+01 -.166194E+01 -.165683E+01 0.178554E+02
 0.592256E+00 -.346332E+01 -.167257E+01 -.165722E+01 0.176244E+02
 0.594741E+00 -.346560E+01 -.167051E+01 -.163489E+01 0.177696E+02
 0.597250E+00 -.346740E+01 -.167370E+01 -.165118E+01 0.176563E+02
 0.595818E+00 -.346311E+01 -.167763E+01 -.165813E+01 0.176361E+02
 0.601293E+00 -.346617E+01 -.166864E+01 -.165850E+01 0.176564E+02
 0.599218E+00 -.346337E+01 -.167671E+01 -.165868E+01 0.176280E+02
 0.548319E+00 -.346380E+01 -.166153E+01 -.165941E+01 0.177272E+02
 0.601735E+00 -.346443E+01 -.165968E+01 -.162747E+01 0.182099E+02
 0.591941E+00 -.346196E+01 -.167391E+01 -.168957E+01 0.178668E+02
 0.610139E+00 -.344067E+01 -.167488E+01 -.160307E+01 0.196291E+02
 0.592128E+00 -.346299E+01 -.167008E+01 -.165483E+01 0.176324E+02
 0.592987E+00 -.346189E+01 -.165772E+01 -.165079E+01 0.178160E+02
 0.601129E+00 -.346587E+01 -.166781E+01 -.166809E+01 0.176479E+02
 0.611775E+00 -.346368E+01 -.168092E+01 -.165463E+01 0.176283E+02
 0.593287E+00 -.346380E+01 -.168523E+01 -.165778E+01 0.177179E+02
 0.508104E+00 -.345591E+01 -.174639E+01 -.160804E+01 0.224480E+02
 0.605418E+00 -.345452E+01 -.167431E+01 -.165651E+01 0.178184E+02
 0.676399E+00 -.346414E+01 -.167055E+01 -.154291E+01 0.235597E+02
 0.556821E+00 -.351706E+01 -.166949E+01 -.165418E+01 0.230572E+02
 0.605605E+00 -.346340E+01 -.167204E+01 -.165893E+01 0.176371E+02
 0.639129E+00 -.346412E+01 -.167044E+01 -.165160E+01 0.179241E+02
 0.580960E+00 -.345112E+01 -.168103E+01 -.164168E+01 0.180847E+02
 0.595947E+00 -.344850E+01 -.167046E+01 -.168984E+01 0.183386E+02
 0.545042E+00 -.346607E+01 -.170772E+01 -.163725E+01 0.188984E+02
 0.648626E+00 -.346124E+01 -.168986E+01 -.155440E+01 0.203724E+02
 0.597199E+00 -.345976E+01 -.167610E+01 -.166528E+01 0.176865E+02
 0.619988E+00 -.346027E+01 -.166165E+01 -.165743E+01 0.179013E+02
 0.596201E+00 -.346376E+01 -.167141E+01 -.165779E+01 0.176246E+02
 0.590971E+00 -.346388E+01 -.167085E+01 -.165812E+01 0.176229E+02
 0.595308E+00 -.346371E+01 -.168151E+01 -.165896E+01 0.176689E+02
 0.593576E+00 -.345974E+01 -.167050E+01 -.166338E+01 0.176708E+02
 0.602406E+00 -.346977E+01 -.171257E+01 -.165376E+01 0.184565E+02
 0.601276E+00 -.346324E+01 -.166893E+01 -.166625E+01 0.176374E+02
 0.598656E+00 -.346411E+01 -.167369E+01 -.165836E+01 0.176235E+02
 0.593024E+00 -.346578E+01 -.167614E+01 -.165899E+01 0.176413E+02
 0.617801E+00 -.346330E+01 -.168145E+01 -.165347E+01 0.176352E+02
 0.593915E+00 -.346354E+01 -.167508E+01 -.167244E+01 0.176913E+02
 0.595415E+00 -.346294E+01 -.167119E+01 -.165823E+01 0.176271E+02
 0.595931E+00 -.346352E+01 -.167410E+01 -.165031E+01 0.176312E+02
 0.622058E+00 -.346500E+01 -.172153E+01 -.165196E+01 0.184321E+02
 0.597348E+00 -.345401E+01 -.167591E+01 -.165851E+01 0.178478E+02
 0.583463E+00 -.346412E+01 -.167356E+01 -.165925E+01 0.176445E+02
 0.598274E+00 -.346413E+01 -.167604E+01 -.165794E+01 0.176256E+02
 0.597324E+00 -.346366E+01 -.167318E+01 -.165744E+01 0.176235E+02
 0.596479E+00 -.346330E+01 -.167262E+01 -.165305E+01 0.176305E+02
 0.598115E+00 -.346191E+01 -.167281E+01 -.167045E+01 0.176604E+02
 0.599446E+00 -.347508E+01 -.167013E+01 -.166784E+01 0.179034E+02
 0.593299E+00 -.346367E+01 -.166919E+01 -.165987E+01 0.176257E+02
 0.691254E+00 -.346643E+01 -.167236E+01 -.171517E+01 0.184568E+02
 0.611586E+00 -.346358E+01 -.167483E+01 -.165456E+01 0.176467E+02
 0.602752E+00 -.346480E+01 -.167466E+01 -.165716E+01 0.176280E+02
 0.594838E+00 -.346300E+01 -.167118E+01 -.166400E+01 0.176300E+02
 0.601192E+00 -.346535E+01 -.166583E+01 -.164496E+01 0.177697E+02
 0.603550E+00 -.346379E+01 -.165398E+01 -.165794E+01 0.178912E+02
 0.643023E+00 -.346019E+01 -.165538E+01 -.165484E+01 0.184267E+02
 0.593888E+00 -.346290E+01 -.165855E+01 -.166102E+01 0.177131E+02
 0.596122E+00 -.346414E+01 -.167240E+01 -.165076E+01 0.176360E+02
 0.592200E+00 -.345996E+01 -.164297E+01 -.154842E+01 0.232001E+02
 0.594595E+00 -.346451E+01 -.167442E+01 -.165691E+01 0.176241E+02
 0.608335E+00 -.345769E+01 -.166541E+01 -.165442E+01 0.178220E+02
 0.576183E+00 -.346245E+01 -.156192E+01 -.165333E+01 0.230396E+02
 0.550226E+00 -.346385E+01 -.167617E+01 -.165775E+01 0.179330E+02
 0.592590E+00 -.346198E+01 -.167285E+01 -.165862E+01 0.176349E+02
 0.579534E+00 -.346363E+01 -.167602E+01 -.162294E+01 0.178032E+02
 0.613602E+00 -.346368E+01 -.166853E+01 -.167327E+01 0.176772E+02
 0.602362E+00 -.346430E+01 -.167160E+01 -.165574E+01 0.176383E+02
 0.555254E+00 -.348970E+01 -.167612E+01 -.164772E+01 0.190293E+02
 0.575256E+00 -.346391E+01 -.167618E+01 -.166506E+01 0.177478E+02
 0.619631E+00 -.346342E+01 -.167120E+01 -.165798E+01 0.177042E+02
 0.590706E+00 -.346239E+01 -.167316E+01 -.165581E+01 0.176322E+02
 0.600019E+00 -.346321E+01 -.167776E+01 -.171083E+01 0.182468E+02
 0.581158E+00 -.346407E+01 -.168466E+01 -.166085E+01 0.178203E+02
 0.590725E+00 -.346371E+01 -.167470E+01 -.165264E+01 0.176270E+02
 0.581965E+00 -.346525E+01 -.167921E+01 -.165955E+01 0.177110E+02
 0.597444E+00 -.346029E+01 -.168207E+01 -.166290E+01 0.177151E+02
 0.593587E+00 -.346389E+01 -.167083E+01 -.165864E+01 0.176232E+02
 0.581638E+00 -.346929E+01 -.166753E+01 -.161234E+01 0.181741E+02
 0.593167E+00 -.346528E+01 -.167329E+01 -.165750E+01 0.176260E+02
 0.597094E+00 -.346452E+01 -.167710E+01 -.163521E+01 0.176959E+02
 0.616414E+00 -.346669E+01 -.166275E+01 -.166626E+01 0.177844E+02
 0.594331E+00 -.346354E+01 -.167167E+01 -.165687E+01 0.176242E+02
 0.593322E+00 -.345313E+01 -.167326E+01 -.165403E+01 0.179014E+02
 0.597075E+00 -.346079E+01 -.168148E+01 -.165668E+01 0.176712E+02
 0.599473E+00 -.346634E+01 -.166134E+01 -.165597E+01 0.177403E+02
 0.628012E+00 -.345559E+01 -.167601E+01 -.167864E+01 0.178292E+02
 0.531929E+00 -.346686E+01 -.172794E+01 -.165724E+01 0.214129E+02
 0.594461E+00 -.346384E+01 -.167247E+01 -.165708E+01 0.176226E+02
 0.599258E+00 -.346393E+01 -.167357E+01 -.165780E+01 0.176238E+02
 0.600872E+00 -.346517E+01 -.167536E+01 -.165559E+01 0.176280E+02
 0.591266E+00 -.346785E+01 -.166843E+01 -.165109E+01 0.176733E+02
 0.595038E+00 -.346404E+01 -.167381E+01 -.165756E+01 0.176231E+02
 0.597386E+00 -.346394E+01 -.167032E+01 -.168450E+01 0.177285E+02
 0.626659E+00 -.346893E+01 -.169254E+01 -.165601E+01 0.177775E+02
 0.592286E+00 -.346472E+01 -.165855E+01 -.166003E+01 0.177027E+02
 0.621768E+00 -.346414E+01 -.167997E+01 -.164579E+01 0.176818E+02
 0.596227E+00 -.346359E+01 -.167785E+01 -.165322E+01 0.176271E+02
 0.597580E+00 -.346054E+01 -.167485E+01 -.164780E+01 0.176639E+02
 0.602587E+00 -.346337E+01 -.167219E+01 -.165743E+01 0.176325E+02
 0.600006E+00 -.346385E+01 -.168055E+01 -.164968E+01 0.176278E+02
 0.524100E+00 -.346451E+01 -.167556E+01 -.167110E+01 0.185436E+02
 0.585704E+00 -.346437E+01 -.168276E+01 -.166090E+01 0.177494E+02
 0.600504E+00 -.346378E+01 -.165780E+01 -.165974E+01 0.177696E+02
 0.596233E+00 -.346418E+01 -.167473E+01 -.165666E+01 0.176233E+02
 0.552660E+00 -.342576E+01 -.167518E+01 -.165680E+01 0.217131E+02
 0.590316E+00 -.346422E+01 -.166207E+01 -.165568E+01 0.176774E+02
 0.599043E+00 -.347040E+01 -.167834E+01 -.165814E+01 0.177307E+02
 0.597087E+00 -.346329E+01 -.167751E+01 -.166007E+01 0.176381E+02
 0.839196E+00 -.346325E+01 -.168395E+01 -.168684E+01 0.205040E+02
 0.584197E+00 -.346374E+01 -.167352E+01 -.165943E+01 0.176436E+02
 0.577005E+00 -.346818E+01 -.171173E+01 -.164066E+01 0.185181E+02
 0.574650E+00 -.349165E+01 -.165223E+01 -.175369E+01 0.200994E+02
 0.627831E+00 -.347093E+01 -.168453E+01 -.173648E+01 0.190159E+02
 0.595887E+00 -.346354E+01 -.167114E+01 -.165787E+01 0.176254E+02
 0.599805E+00 -.346411E+01 -.161204E+01 -.165386E+01 0.197892E+02
 0.600546E+00 -.346332E+01 -.167922E+01 -.165948E+01 0.176390E+02
 0.594549E+00 -.346417E+01 -.167350E+01 -.165754E+01 0.176230E+02
 0.592273E+00 -.346884E+01 -.169356E+01 -.166285E+01 0.180193E+02
 0.560784E+00 -.346623E+01 -.168084E+01 -.165501E+01 0.178856E+02
 0.671177E+00 -.350151E+01 -.167332E+01 -.167152E+01 0.214385E+02
 0.617513E+00 -.348457E+01 -.167174E+01 -.166313E+01 0.186518E+02
 0.595550E+00 -.346399E+01 -.167712E+01 -.164232E+01 0.176481E+02
 0.606788E+00 -.346455E+01 -.172573E+01 -.165970E+01 0.190815E+02
 0.596258E+00 -.346325E+01 -.167902E+01 -.167399E+01 0.177447E+02
 0.593380E+00 -.346307E+01 -.167132E+01 -.165592E+01 0.176274E+02
 0.576421E+00 -.346286E+01 -.166851E+01 -.165549E+01 0.176463E+02
 0.605810E+00 -.346412E+01 -.167446E+01 -.156007E+01 0.202176E+02
 0.597069E+00 -.346329E+01 -.167431E+01 -.165782E+01 0.176242E+02
 0.590216E+00 -.346432E+01 -.167000E+01 -.165865E+01 0.176227E+02
 0.630423E+00 -.346553E+01 -.169109E+01 -.158300E+01 0.187068E+02
 0.596591E+00 -.346431E+01 -.167686E+01 -.165700E+01 0.176282E+02
 0.648211E+00 -.346480E+01 -.169562E+01 -.164501E+01 0.176989E+02
 0.589566E+00 -.346432E+01 -.167976E+01 -.165670E+01 0.176637E+02
 0.592104E+00 -.346354E+01 -.167403E+01 -.165738E+01 0.176262E+02
 0.593849E+00 -.346440E+01 -.167484E+01 -.162980E+01 0.177628E+02
 0.587937E+00 -.346307E+01 -.167522E+01 -.166144E+01 0.176531E+02
 0.598768E+00 -.346399E+01 -.168393E+01 -.165942E+01 0.176848E+02
 0.613666E+00 -.346546E+01 -.167722E+01 -.165599E+01 0.176493E+02
 0.596275E+00 -.346399E+01 -.167700E+01 -.165883E+01 0.176327E+02
 0.585699E+00 -.346388E+01 -.167303E+01 -.165599E+01 0.176309E+02
 0.590555E+00 -.346432E+01 -.167754E+01 -.166537E+01 0.176823E+02
 0.591903E+00 -.346227E+01 -.166857E+01 -.166155E+01 0.176344E+02
 0.616894E+00 -.349284E+01 -.170707E+01 -.158969E+01 0.200038E+02
 0.588528E+00 -.346424E+01 -.167890E+01 -.165774E+01 0.176639E+02
 0.592762E+00 -.346259E+01 -.165628E+01 -.164931E+01 0.178523E+02
 0.601787E+00 -.346287E+01 -.166981E+01 -.166305E+01 0.176363E+02
 0.592193E+00 -.346394E+01 -.175783E+01 -.165300E+01 0.218631E+02
 0.597507E+00 -.346381E+01 -.168669E+01 -.165263E+01 0.176850E+02
 0.594147E+00 -.346859E+01 -.173862E+01 -.168562E+01 0.214819E+02
 0.584697E+00 -.346487E+01 -.167123E+01 -.160782E+01 0.181683E+02
 0.608847E+00 -.346924E+01 -.167352E+01 -.165798E+01 0.177112E+02
 0.651815E+00 -.346328E+01 -.168894E+01 -.160458E+01 0.183527E+02
 0.527836E+00 -.346955E+01 -.168060E+01 -.165224E+01 0.183624E+02
 0.599207E+00 -.346482E+01 -.167374E+01 -.165798E+01 0.176255E+02
 0.643115E+00 -.346267E+01 -.167133E+01 -.165685E+01 0.178902E+02
 0.549947E+00 -.344567E+01 -.166889E+01 -.164508E+01 0.187294E+02
 0.588823E+00 -.346354E+01 -.166810E+01 -.160824E+01 0.182802E+02
 0.579975E+00 -.346075E+01 -.165690E+01 -.166841E+01 0.176890E+02
 0.664600E+00 -.346356E+01 -.170579E+01 -.180563E+01 0.221341E+02
 0.602505E+00 -.346413E+01 -.167788E+01 -.166778E+01 0.176640E+02
 0.615176E+00 -.347075E+01 -.167132E+01 -.165081E+01 0.178369E+02
 0.596613E+00 -.346336E+01 -.167542E+01 -.165315E+01 0.176247E+02
 0.593136E+00 -.346385E+01 -.167246E+01 -.165924E+01 0.176233E+02
 0.585821E+00 -.346401E+01 -.165690E+01 -.165559E+01 0.177239E+02
 0.599451E+00 -.346286E+01 -.168663E+01 -.165135E+01 0.176705E+02
 0.607915E+00 -.346402E+01 -.169872E+01 -.165885E+01 0.178968E+02
 0.600172E+00 -.346376E+01 -.166452E+01 -.169131E+01 0.177372E+02
 0.596072E+00 -.346388E+01 -.167679E+01 -.165139E+01 0.176255E+02
 0.594694E+00 -.346693E+01 -.166993E+01 -.165754E+01 0.176430E+02
 0.619627E+00 -.346523E+01 -.168229E+01 -.165659E+01 0.176506E+02
 0.592012E+00 -.346459E+01 -.167362E+01 -.170141E+01 0.180264E+02
 0.595868E+00 -.346389E+01 -.166895E+01 -.165625E+01 0.176361E+02
 0.600321E+00 -.346302E+01 -.167495E+01 -.165278E+01 0.176285E+02
 0.694042E+00 -.346365E+01 -.168472E+01 -.163660E+01 0.183943E+02
 0.599581E+00 -.343674E+01 -.167534E+01 -.166090E+01 0.193301E+02
 0.594230E+00 -.346418E+01 -.167490E+01 -.165817E+01 0.176263E+02
 0.597398E+00 -.346401E+01 -.167472E+01 -.165908E+01 0.176248E+02
 0.595424E+00 -.346378E+01 -.167205E+01 -.165757E+01 0.176232E+02
 0.596146E+00 -.346418E+01 -.167491E+01 -.165929E+01 0.176264E+02
 0.593041E+00 -.346139E+01 -.167344E+01 -.167053E+01 0.176820E+02
 0.596943E+00 -.349830E+01 -.170201E+01 -.169356E+01 0.215185E+02
 0.593171E+00 -.346350E+01 -.167192E+01 -.165853E+01 0.176235E+02
 0.526147E+00 -.346599E+01 -.167322E+01 -.166661E+01 0.183214E+02
 0.625287E+00 -.346345E+01 -.166867E+01 -.165505E+01 0.177990E+02
 0.593168E+00 -.346259E+01 -.167280E+01 -.165748E+01 0.176282E+02
 0.594071E+00 -.346351E+01 -.167227E+01 -.166038E+01 0.176245E+02
 0.591489E+00 -.346915E+01 -.165112E+01 -.164840E+01 0.180000E+02
 0.601703E+00 -.346379E+01 -.164570E+01 -.165764E+01 0.181048E+02
 0.657636E+00 -.346306E+01 -.163577E+01 -.166161E+01 0.195730E+02
 0.593951E+00 -.346189E+01 -.167221E+01 -.165875E+01 0.176341E+02
 0.594277E+00 -.346424E+01 -.167172E+01 -.165594E+01 0.176240E+02
 0.594928E+00 -.346364E+01 -.166893E+01 -.166084E+01 0.176274E+02
 0.596818E+00 -.347547E+01 -.169030E+01 -.165195E+01 0.180530E+02
 0.517414E+00 -.345750E+01 -.163007E+01 -.167872E+01 0.180205E+02
 0.577990E+00 -.346273E+01 -.166272E+01 -.165674E+01 0.176514E+02
 0.589289E+00 -.346813E+01 -.167212E+01 -.165673E+01 0.176546E+02
 0.605451E+00 -.346335E+01 -.168538E+01 -.155279E+01 0.200053E+02
 0.596069E+00 -.346375E+01 -.167680E+01 -.164966E+01 0.176274E+02
 0.587772E+00 -.346346E+01 -.167446E+01 -.165436E+01 0.176316E+02
 0.600366E+00 -.346508E+01 -.167205E+01 -.165669E+01 0.176327E+02
 0.580852E+00 -.346390E+01 -.167742E+01 -.165033E+01 0.176608E+02
 0.595927E+00 -.346249E+01 -.172417E+01 -.165292E+01 0.190040E+02
 0.573934E+00 -.346229E+01 -.167444E+01 -.163442E+01 0.177210E+02
 0.605450E+00 -.346352E+01 -.167201E+01 -.164898E+01 0.176725E+02
 0.599595E+00 -.346362E+01 -.167154E+01 -.165270E+01 0.176407E+02
 0.635850E+00 -.346436E+01 -.167023E+01 -.166105E+01 0.178237E+02
 0.591219E+00 -.346914E+01 -.166930E+01 -.165357E+01 0.176824E+02
 0.592920E+00 -.346386E+01 -.167292E+01 -.165713E+01 0.176232E+02
 0.590518E+00 -.346269E+01 -.165749E+01 -.165841E+01 0.177287E+02
 0.594048E+00 -.346342E+01 -.167183E+01 -.167662E+01 0.176895E+02
 0.601111E+00 -.346522E+01 -.167332E+01 -.165085E+01 0.176442E+02
 0.617729E+00 -.346348E+01 -.167232E+01 -.166270E+01 0.176702E+02
 0.606922E+00 -.346243E+01 -.165449E+01 -.166098E+01 0.178877E+02
 0.595510E+00 -.346329E+01 -.167012E+01 -.166360E+01 0.176276E+02
 0.590518E+00 -.345826E+01 -.167979E+01 -.167039E+01 0.178264E+02
 0.560130E+00 -.342614E+01 -.164309E+01 -.164088E+01 0.219543E+02
 0.598048E+00 -.346717E+01 -.167492E+01 -.166226E+01 0.176547E+02
 0.592646E+00 -.345951E+01 -.168073E+01 -.165294E+01 0.176921E+02
 0.640554E+00 -.344670E+01 -.166923E+01 -.163892E+01 0.187143E+02
 0.980171E+00 -.345332E+01 -.170531E+01 -.165520E+01 0.221890E+02
 0.574859E+00 -.346627E+01 -.171601E+01 -.165338E+01 0.190218E+02
 0.592408E+00 -.346366E+01 -.167318E+01 -.165911E+01 0.176256E+02
 0.596700E+00 -.346386E+01 -.167282E+01 -.165578E+01 0.176245E+02
 0.583384E+00 -.346319E+01 -.167266E+01 -.165174E+01 0.176371E+02
 0.591993E+00 -.346789E+01 -.167073E+01 -.164721E+01 0.176801E+02
 0.595280E+00 -.346384E+01 -.167131E+01 -.165652E+01 0.176253E+02
 0.595558E+00 -.346383E+01 -.167368E+01 -.163734E+01 0.177057E+02
 0.597608E+00 -.346448E+01 -.168819E+01 -.165167E+01 0.177002E+02
 0.592326E+00 -.346673E+01 -.169474E+01 -.163008E+01 0.177608E+02
 0.548491E+00 -.346390E+01 -.167085E+01 -.166450E+01 0.178962E+02
 0.428769E+00 -.346745E+01 -.156382E+01 -.165679E+01 0.186656E+02
 0.595799E+00 -.346345E+01 -.167344E+01 -.165525E+01 0.176243E+02
 0.591841E+00 -.345066E+01 -.167554E+01 -.166802E+01 0.180846E+02
 0.597699E+00 -.346350E+01 -.167278E+01 -.166244E+01 0.176268E+02
 0.587354E+00 -.346377E+01 -.166690E+01 -.165078E+01 0.176533E+02
 0.569950E+00 -.346531E+01 -.167170E+01 -.165530E+01 0.176724E+02
 0.606944E+00 -.346519E+01 -.168382E+01 -.164502E+01 0.176392E+02
 0.597466E+00 -.346405E+01 -.166254E+01 -.166523E+01 0.176621E+02
 0.596041E+00 -.346414E+01 -.167253E+01 -.165699E+01 0.176230E+02
 0.574719E+00 -.343019E+01 -.169562E+01 -.166256E+01 0.209536E+02
 0.594284E+00 -.346392E+01 -.167071E+01 -.165762E+01 0.176245E+02
 0.596574E+00 -.345712E+01 -.167706E+01 -.165522E+01 0.177297E+02
 0.595072E+00 -.346409E+01 -.167340E+01 -.165812E+01 0.176230E+02
 0.657709E+00 -.346326E+01 -.168371E+01 -.166201E+01 0.177881E+02
 0.604215E+00 -.346369E+01 -.166589E+01 -.166393E+01 0.176636E+02
 0.594813E+00 -.346854E+01 -.169785E+01 -.166551E+01 0.181614E+02
 0.563949E+00 -.349659E+01 -.158929E+01 -.177434E+01 0.203956E+02
 0.592461E+00 -.346348E+01 -.167312E+01 -.165647E+01 0.176244E+02
 0.609207E+00 -.346628E+01 -.161457E+01 -.164908E+01 0.200381E+02
 0.585397E+00 -.346523E+01 -.161624E+01 -.165599E+01 0.191085E+02
 0.608761E+00 -.346464E+01 -.172450E+01 -.165712E+01 0.189032E+02
 0.593923E+00 -.346414E+01 -.167458E+01 -.166184E+01 0.176334E+02
 0.590840E+00 -.346230E+01 -.168580E+01 -.163262E+01 0.176892E+02
 0.636706E+00 -.346261E+01 -.167063E+01 -.165145E+01 0.178914E+02
 0.675122E+00 -.344608E+01 -.169205E+01 -.166379E+01 0.182659E+02
 0.602276E+00 -.346845E+01 -.167149E+01 -.170194E+01 0.179803E+02
 0.590762E+00 -.346397E+01 -.167193E+01 -.164569E+01 0.176511E+02
 0.724261E+00 -.346534E+01 -.166086E+01 -.164763E+01 0.200281E+02
 0.595634E+00 -.346339E+01 -.167194E+01 -.166610E+01 0.176345E+02
 0.606975E+00 -.346389E+01 -.166999E+01 -.165533E+01 0.176663E+02
 0.621791E+00 -.346435E+01 -.167236E+01 -.165612E+01 0.177144E+02
 0.600442E+00 -.346395E+01 -.167375E+01 -.173086E+01 0.185547E+02
 0.596716E+00 -.346313E+01 -.167232E+01 -.165818E+01 0.176251E+02
 0.594730E+00 -.346454E+01 -.166665E+01 -.165460E+01 0.176554E+02
 0.595930E+00 -.346554E+01 -.166859E+01 -.165708E+01 0.176397E+02
 0.619533E+00 -.345999E+01 -.169383E+01 -.165693E+01 0.177236E+02
 0.584772E+00 -.346399E+01 -.168424E+01 -.165706E+01 0.177505E+02
 0.597512E+00 -.346411E+01 -.167401E+01 -.165761E+01 0.176230E+02
 0.593248E+00 -.346292E+01 -.167713E+01 -.167110E+01 0.177092E+02
 0.588943E+00 -.346082E+01 -.167384E+01 -.166662E+01 0.176860E+02
 0.597826E+00 -.346398E+01 -.166552E+01 -.165799E+01 0.176612E+02
 0.597276E+00 -.346438E+01 -.168236E+01 -.165601E+01 0.176576E+02
 0.594055E+00 -.346411E+01 -.167252E+01 -.165729E+01 0.176223E+02
 0.620682E+00 -.346394E+01 -.168166E+01 -.165477E+01 0.176421E+02
 0.568976E+00 -.346388E+01 -.167414E+01 -.168214E+01 0.179496E+02
 0.593420E+00 -.346300E+01 -.166820E+01 -.163725E+01 0.177721E+02
 0.601885E+00 -.346058E+01 -.166424E+01 -.161320E+01 0.184428E+02
 0.606934E+00 -.346408E+01 -.167791E+01 -.165918E+01 0.176292E+02
 0.593845E+00 -.346841E+01 -.168457E+01 -.165362E+01 0.177303E+02
 0.598527E+00 -.346133E+01 -.167268E+01 -.165411E+01 0.176452E+02
 0.580014E+00 -.346391E+01 -.165976E+01 -.165910E+01 0.176531E+02
 0.596603E+00 -.346384E+01 -.168291E+01 -.165225E+01 0.176499E+02
 0.654123E+00 -.347161E+01 -.161594E+01 -.167409E+01 0.206193E+02
 0.570150E+00 -.346743E+01 -.167277E+01 -.165659E+01 0.176963E+02
 0.586847E+00 -.346302E+01 -.170813E+01 -.172265E+01 0.204761E+02
 0.634329E+00 -.342719E+01 -.168896E+01 -.164970E+01 0.204930E+02
 0.588538E+00 -.346501E+01 -.167329E+01 -.165528E+01 0.176270E+02
 0.571014E+00 -.346305E+01 -.167559E+01 -.165986E+01 0.177389E+02
 0.616519E+00 -.345388E+01 -.166436E+01 -.165571E+01 0.180171E+02
 0.592147E+00 -.347260E+01 -.166813E+01 -.161893E+01 0.181939E+02
 0.613355E+00 -.346053E+01 -.162939E+01 -.167714E+01 0.186441E+02
 0.577336E+00 -.346388E+01 -.167760E+01 -.165500E+01 0.176934E+02
 0.598681E+00 -.346890E+01 -.167273E+01 -.163373E+01 0.178173E+02
 0.606223E+00 -.347675E+01 -.167995E+01 -.164806E+01 0.180152E+02
 0.597568E+00 -.346400E+01 -.167536E+01 -.165537E+01 0.176231E+02
 0.597191E+00 -.346391E+01 -.167368E+01 -.165778E+01 0.176230E+02
 0.590840E+00 -.346366E+01 -.166330E+01 -.165480E+01 0.176740E+02
 0.600634E+00 -.346519E+01 -.167826E+01 -.164062E+01 0.176609E+02
 0.609162E+00 -.346049E+01 -.168150E+01 -.166102E+01 0.176604E+02
 0.591089E+00 -.346381E+01 -.167366E+01 -.164664E+01 0.176404E+02
 0.594257E+00 -.346371E+01 -.167525E+01 -.165111E+01 0.176266E+02
 0.593601E+00 -.346632E+01 -.167359E+01 -.165744E+01 0.176338E+02
 0.565813E+00 -.346535E+01 -.166776E+01 -.165874E+01 0.176690E+02
 0.591989E+00 -.346472E+01 -.167266E+01 -.162035E+01 0.179244E+02
 0.595971E+00 -.346333E+01 -.167348E+01 -.165592E+01 0.176242E+02
 0.687801E+00 -.346730E+01 -.173860E+01 -.166936E+01 0.190491E+02
 0.600599E+00 -.346392E+01 -.167364E+01 -.165956E+01 0.176248E+02
 0.430164E+00 -.346289E+01 -.159478E+01 -.164083E+01 0.187527E+02
 0.600172E+00 -.347867E+01 -.167538E+01 -.165748E+01 0.181030E+02
 0.606013E+00 -.346406E+01 -.167519E+01 -.165350E+01 0.176337E+02
 0.590363E+00 -.346381E+01 -.167273E+01 -.165810E+01 0.176249E+02
 0.592908E+00 -.346392E+01 -.167142E+01 -.165811E+01 0.176226E+02
 0.595807E+00 -.346449E+01 -.167428E+01 -.165556E+01 0.176234E+02
 0.593010E+00 -.346371E+01 -.167340E+01 -.165842E+01 0.176247E+02
 0.595931E+00 -.349774E+01 -.172507E+01 -.162621E+01 0.211164E+02
 0.593624E+00 -.346377E+01 -.167314E+01 -.165688E+01 0.176232E+02
 0.465621E+00 -.346312E+01 -.167276E+01 -.161984E+01 0.193236E+02
 0.589481E+00 -.346431E+01 -.167084E+01 -.165795E+01 0.176227E+02
 0.586494E+00 -.346336E+01 -.167289E+01 -.165678E+01 0.176313E+02
 0.593552E+00 -.346547E+01 -.167302E+01 -.165357E+01 0.176287E+02
 0.585771E+00 -.346741E+01 -.167239E+01 -.166794E+01 0.176826E+02
 0.601261E+00 -.346358E+01 -.170417E+01 -.165645E+01 0.180848E+02
 0.559038E+00 -.346379E+01 -.166405E+01 -.167775E+01 0.177851E+02
 0.414260E+00 -.346793E+01 -.165153E+01 -.165805E+01 0.207741E+02
 0.594060E+00 -.346274E+01 -.168024E+01 -.165711E+01 0.176559E+02
 0.592901E+00 -.346408E+01 -.167158E+01 -.166066E+01 0.176235E+02
 0.595310E+00 -.346505E+01 -.169744E+01 -.182519E+01 0.238802E+02
 0.593789E+00 -.346317E+01 -.167585E+01 -.165562E+01 0.176281E+02
 0.591725E+00 -.347814E+01 -.168639E+01 -.165384E+01 0.181681E+02
 0.505806E+00 -.346020E+01 -.169827E+01 -.167121E+01 0.205489E+02
 0.612241E+00 -.346297E+01 -.166429E+01 -.165612E+01 0.177710E+02
 0.586864E+00 -.346668E+01 -.167166E+01 -.165331E+01 0.176368E+02
 0.556351E+00 -.348867E+01 -.169112E+01 -.164961E+01 0.193589E+02
 0.591074E+00 -.346421E+01 -.166510E+01 -.164312E+01 0.177410E+02
 0.580233E+00 -.346432E+01 -.167889E+01 -.164259E+01 0.176681E+02
 0.591215E+00 -.346330E+01 -.167417E+01 -.165679E+01 0.176279E+02
 0.613377E+00 -.343687E+01 -.166585E+01 -.164374E+01 0.195388E+02
 0.607588E+00 -.346558E+01 -.166953E+01 -.164378E+01 0.177635E+02
 0.568514E+00 -.346416E+01 -.167921E+01 -.164777E+01 0.177419E+02
 0.595086E+00 -.346275E+01 -.170242E+01 -.165327E+01 0.180509E+02
 0.567298E+00 -.346257E+01 -.167016E+01 -.159242E+01 0.185263E+02
 0.630330E+00 -.346360E+01 -.168645E+01 -.165030E+01 0.176527E+02
 0.599651E+00 -.346446E+01 -.167450E+01 -.165958E+01 0.176254E+02
 0.663837E+00 -.346383E+01 -.166936E+01 -.165528E+01 0.182161E+02
 0.588573E+00 -.347078E+01 -.166876E+01 -.164739E+01 0.177429E+02
 0.592752E+00 -.346420E+01 -.167380E+01 -.165859E+01 0.176255E+02
 0.594738E+00 -.346300E+01 -.166870E+01 -.168323E+01 0.177121E+02
 0.601570E+00 -.346479E+01 -.167291E+01 -.165362E+01 0.176367E+02
 0.612200E+00 -.346254E+01 -.168550E+01 -.166627E+01 0.177023E+02
 0.579443E+00 -.346396E+01 -.168022E+01 -.165629E+01 0.177200E+02
 0.596830E+00 -.346437E+01 -.167520E+01 -.165371E+01 0.176240E+02
 0.590384E+00 -.346663E+01 -.167923E+01 -.167010E+01 0.177572E+02
 0.593019E+00 -.346670E+01 -.166905E+01 -.165695E+01 0.176410E+02
 0.599680E+00 -.346329E+01 -.168141E+01 -.165144E+01 0.176322E+02
 0.605460E+00 -.346240E+01 -.167516E+01 -.162643E+01 0.178617E+02
 0.593370E+00 -.346062E+01 -.165741E+01 -.165529E+01 0.178004E+02
 0.592124E+00 -.346380E+01 -.167298E+01 -.165772E+01 0.176236E+02
 0.592599E+00 -.346414E+01 -.167257E+01 -.165708E+01 0.176224E+02
 0.591994E+00 -.346235E+01 -.167062E+01 -.165828E+01 0.176313E+02
 0.594939E+00 -.346565E+01 -.167401E+01 -.166606E+01 0.176493E+02
 0.594318E+00 -.346380E+01 -.167149E+01 -.165715E+01 0.176236E+02
 0.592580E+00 -.346457E+01 -.167332E+01 -.161329E+01 0.180486E+02
 0.591436E+00 -.345999E+01 -.168070E+01 -.165222E+01 0.176857E+02
 0.596267E+00 -.346309E+01 -.167985E+01 -.165271E+01 0.176341E+02
 0.583857E+00 -.346402E+01 -.166558E+01 -.166306E+01 0.176260E+02
 0.572979E+00 -.343664E+01 -.166390E+01 -.167531E+01 0.196027E+02
 0.596198E+00 -.346422E+01 -.166950E+01 -.166275E+01 0.176264E+02
 0.589423E+00 -.346498E+01 -.167422E+01 -.165740E+01 0.176305E+02
 0.590662E+00 -.346448E+01 -.167350E+01 -.165956E+01 0.176287E+02
 0.585211E+00 -.346428E+01 -.166853E+01 -.166210E+01 0.176256E+02
 0.640634E+00 -.346352E+01 -.166889E+01 -.165136E+01 0.179792E+02
 0.617720E+00 -.346481E+01 -.168362E+01 -.164980E+01 0.176420E+02
 0.595434E+00 -.346426E+01 -.166981E+01 -.166903E+01 0.176365E+02
 0.594629E+00 -.346408E+01 -.167274E+01 -.165677E+01 0.176229E+02
 0.705365E+00 -.345155E+01 -.168100E+01 -.166573E+01 0.184515E+02
 0.594673E+00 -.346419E+01 -.167806E+01 -.165756E+01 0.176381E+02
 0.595617E+00 -.346311E+01 -.167367E+01 -.165516E+01 0.176253E+02
 0.593177E+00 -.346470E+01 -.166906E+01 -.165560E+01 0.176322E+02
 0.429573E+00 -.346339E+01 -.166758E+01 -.164268E+01 0.208451E+02
 0.597695E+00 -.346378E+01 -.168269E+01 -.165468E+01 0.176527E+02
 0.591479E+00 -.346353E+01 -.166303E+01 -.165968E+01 0.176560E+02
 0.592502E+00 -.345761E+01 -.161004E+01 -.170068E+01 0.188637E+02
 0.379581E+00 -.346449E+01 -.162327E+01 -.167012E+01 0.212467E+02
 0.592865E+00 -.346470E+01 -.167266E+01 -.165992E+01 0.176247E+02
 0.615202E+00 -.342552E+01 -.173399E+01 -.163029E+01 0.215875E+02
 0.593359E+00 -.346392E+01 -.168108E+01 -.165791E+01 0.176667E+02
 0.594064E+00 -.346414E+01 -.167108E+01 -.166012E+01 0.176229E+02
 0.594072E+00 -.345948E+01 -.167958E+01 -.162489E+01 0.178120E+02
 0.618175E+00 -.346075E+01 -.166614E+01 -.166437E+01 0.177492E+02
 0.649476E+00 -.342942E+01 -.168903E+01 -.165657E+01 0.200788E+02
 0.569162E+00 -.345130E+01 -.167431E+01 -.167912E+01 0.183398E+02
 0.600637E+00 -.346407E+01 -.167091E+01 -.165798E+01 0.176323E+02
 0.604132E+00 -.345694E+01 -.163301E+01 -.165258E+01 0.188981E+02
 0.593449E+00 -.346418E+01 -.166683E+01 -.165045E+01 0.176714E+02
 0.604545E+00 -.346499E+01 -.167617E+01 -.165295E+01 0.176326E+02
 0.643830E+00 -.346521E+01 -.167563E+01 -.165549E+01 0.178415E+02
 0.593341E+00 -.346401E+01 -.167437E+01 -.173882E+01 0.188550E+02
 0.597739E+00 -.346445E+01 -.167234E+01 -.165493E+01 0.176282E+02
 0.592132E+00 -.346424E+01 -.166901E+01 -.165308E+01 0.176379E+02
 0.453875E+00 -.346627E+01 -.159564E+01 -.178550E+01 0.195103E+02
 0.595159E+00 -.346486E+01 -.166847E+01 -.165723E+01 0.176353E+02
 0.597353E+00 -.345793E+01 -.166753E+01 -.164266E+01 0.178315E+02
 0.594120E+00 -.346389E+01 -.167430E+01 -.165762E+01 0.176244E+02
 0.598459E+00 -.346454E+01 -.167264E+01 -.165753E+01 0.176254E+02
 0.593168E+00 -.346211E+01 -.167444E+01 -.165128E+01 0.176361E+02
 0.589039E+00 -.346257E+01 -.167174E+01 -.166688E+01 0.176518E+02
 0.595417E+00 -.346401E+01 -.166504E+01 -.165736E+01 0.176595E+02
 0.573762E+00 -.346378E+01 -.167219E+01 -.165739E+01 0.176684E+02
 0.592376E+00 -.346419E+01 -.166912E+01 -.165613E+01 0.176293E+02
 0.573440E+00 -.346396E+01 -.167287E+01 -.165623E+01 0.176713E+02
 0.594413E+00 -.346412E+01 -.166071E+01 -.166327E+01 0.176727E+02
 0.593666E+00 -.346361E+01 -.167302E+01 -.164094E+01 0.176789E+02
 0.596775E+00 -.343668E+01 -.166742E+01 -.170828E+01 0.197263E+02
 0.603710E+00 -.346364E+01 -.167019E+01 -.165702E+01 0.176469E+02
 0.593589E+00 -.346357E+01 -.167936E+01 -.165666E+01 0.176467E+02
 0.597231E+00 -.346116E+01 -.167252E+01 -.165038E+01 0.176571E+02
 0.599490E+00 -.346386E+01 -.161510E+01 -.166289E+01 0.193286E+02
 0.596733E+00 -.346404E+01 -.166398E+01 -.165573E+01 0.176836E+02
 0.591910E+00 -.345867E+01 -.175271E+01 -.166256E+01 0.217860E+02
 0.607771E+00 -.346449E+01 -.168589E+01 -.161715E+01 0.178292E+02
 0.569251E+00 -.345534E+01 -.167291E+01 -.165626E+01 0.179113E+02
 0.626539E+00 -.345615E+01 -.167359E+01 -.165145E+01 0.178500E+02
 0.596337E+00 -.346449E+01 -.167363E+01 -.165665E+01 0.176233E+02
 0.530794E+00 -.346480E+01 -.167394E+01 -.165849E+01 0.181596E+02
 0.654351E+00 -.347065E+01 -.166815E+01 -.166546E+01 0.181851E+02
 0.597675E+00 -.346925E+01 -.167337E+01 -.168094E+01 0.177921E+02
 0.571151E+00 -.346291E+01 -.168219E+01 -.166516E+01 0.179134E+02
 0.513634E+00 -.346420E+01 -.165039E+01 -.154209E+01 0.212534E+02
 0.591000E+00 -.347122E+01 -.167021E+01 -.162603E+01 0.179703E+02
 0.597306E+00 -.346925E+01 -.167909E+01 -.165997E+01 0.177129E+02
 0.596429E+00 -.346450E+01 -.167414E+01 -.165859E+01 0.176243E+02
 0.592754E+00 -.346420E+01 -.167178E+01 -.165843E+01 0.176223E+02
 0.594238E+00 -.346397E+01 -.167764E+01 -.165765E+01 0.176367E+02
 0.599700E+00 -.346545E+01 -.166661E+01 -.164756E+01 0.177252E+02
 0.600561E+00 -.346173E+01 -.166596E+01 -.166228E+01 0.176661E+02
 0.588045E+00 -.346333E+01 -.167809E+01 -.163031E+01 0.177171E+02
 0.594460E+00 -.346373E+01 -.167121E+01 -.165268E+01 0.176329E+02
 0.592928E+00 -.346415E+01 -.167571E+01 -.165720E+01 0.176291E+02
 0.548462E+00 -.346453E+01 -.167005E+01 -.165548E+01 0.178104E+02
 0.594703E+00 -.346528E+01 -.167331E+01 -.162283E+01 0.178886E+02
 0.594230E+00 -.346316E+01 -.167614E+01 -.165571E+01 0.176284E+02
 0.599088E+00 -.346485E+01 -.167219E+01 -.166467E+01 0.176313E+02
 0.394800E+00 -.346481E+01 -.166686E+01 -.166647E+01 0.235868E+02
 0.596539E+00 -.349233E+01 -.167536E+01 -.165253E+01 0.193283E+02
 0.596778E+00 -.346403E+01 -.167132E+01 -.165626E+01 0.176271E+02
 0.588791E+00 -.346391E+01 -.167188E+01 -.165545E+01 0.176244E+02
 0.592538E+00 -.346429E+01 -.167156E+01 -.165825E+01 0.176223E+02
 0.593957E+00 -.346415E+01 -.167339E+01 -.165298E+01 0.176255E+02
 0.593821E+00 -.346576E+01 -.167267E+01 -.164842E+01 0.176452E+02
 0.599513E+00 -.346123E+01 -.164978E+01 -.157390E+01 0.209318E+02
 0.594404E+00 -.346437E+01 -.167350E+01 -.165612E+01 0.176230E+02
 0.673266E+00 -.346495E+01 -.167256E+01 -.164084E+01 0.184822E+02
 0.567149E+00 -.346487E+01 -.167315E+01 -.165922E+01 0.177201E+02
 0.608955E+00 -.346512E+01 -.167595E+01 -.165670E+01 0.176374E+02
 0.593698E+00 -.346411E+01 -.167145E+01 -.165972E+01 0.176227E+02
 0.594042E+00 -.345837E+01 -.168879E+01 -.166915E+01 0.179557E+02
 0.600933E+00 -.346347E+01 -.171327E+01 -.165577E+01 0.184273E+02
 0.643544E+00 -.346446E+01 -.158763E+01 -.167440E+01 0.224782E+02
 0.616531E+00 -.345877E+01 -.168163E+01 -.165273E+01 0.176713E+02
 0.591910E+00 -.346744E+01 -.165891E+01 -.165736E+01 0.177286E+02
 0.592146E+00 -.346399E+01 -.167213E+01 -.166302E+01 0.176291E+02
 0.593852E+00 -.346339E+01 -.167643E+01 -.165434E+01 0.176277E+02
 0.596923E+00 -.347509E+01 -.165137E+01 -.165972E+01 0.180983E+02
 0.576546E+00 -.346811E+01 -.167677E+01 -.164967E+01 0.176968E+02
 0.626534E+00 -.346344E+01 -.166889E+01 -.165621E+01 0.177971E+02
 0.583516E+00 -.346301E+01 -.167254E+01 -.165294E+01 0.176369E+02
 0.583322E+00 -.346461E+01 -.166357E+01 -.173403E+01 0.184552E+02
 0.587589E+00 -.346472E+01 -.167345E+01 -.165903E+01 0.176328E+02
 0.610635E+00 -.346479E+01 -.167398E+01 -.165817E+01 0.176453E+02
 0.580606E+00 -.346398E+01 -.167290E+01 -.163829E+01 0.176822E+02
 0.584227E+00 -.346362E+01 -.167212E+01 -.165616E+01 0.176316E+02
 0.591024E+00 -.346344E+01 -.163091E+01 -.165838E+01 0.184791E+02
 0.577910E+00 -.346373E+01 -.166752E+01 -.164663E+01 0.176607E+02
 0.631557E+00 -.346381E+01 -.168812E+01 -.166033E+01 0.176721E+02
 0.599885E+00 -.346456E+01 -.167693E+01 -.165892E+01 0.176296E+02
 0.602077E+00 -.346499E+01 -.167768E+01 -.165363E+01 0.176278E+02
 0.588168E+00 -.347033E+01 -.168723E+01 -.165809E+01 0.178810E+02
 0.594395E+00 -.346419E+01 -.167175E+01 -.165922E+01 0.176225E+02
 0.595691E+00 -.346342E+01 -.158980E+01 -.165805E+01 0.211293E+02
 0.591961E+00 -.346881E+01 -.166452E+01 -.167435E+01 0.176853E+02
 0.583215E+00 -.346368E+01 -.167342E+01 -.165573E+01 0.176383E+02
 0.603778E+00 -.346204E+01 -.167775E+01 -.165988E+01 0.176351E+02
 0.602150E+00 -.346556E+01 -.169376E+01 -.166211E+01 0.178744E+02
 0.595314E+00 -.346511E+01 -.167603E+01 -.165145E+01 0.176282E+02
 0.592411E+00 -.346747E+01 -.167598E+01 -.166597E+01 0.176891E+02
 0.620997E+00 -.348102E+01 -.166534E+01 -.186469E+01 0.229403E+02
 0.593931E+00 -.346278E+01 -.166635E+01 -.165148E+01 0.176776E+02
 0.601175E+00 -.346647E+01 -.165962E+01 -.166070E+01 0.177463E+02
 0.597002E+00 -.347219E+01 -.167935E+01 -.164720E+01 0.177839E+02
 0.524523E+00 -.344089E+01 -.169405E+01 -.165535E+01 0.206160E+02
 0.578753E+00 -.346110E+01 -.162716E+01 -.165676E+01 0.185084E+02
 0.596075E+00 -.346437E+01 -.167190E+01 -.165588E+01 0.176254E+02
 0.590212E+00 -.346433E+01 -.167233E+01 -.165821E+01 0.176238E+02
 0.605526E+00 -.346387E+01 -.167275E+01 -.166209E+01 0.176324E+02
 0.596899E+00 -.346251E+01 -.167482E+01 -.167887E+01 0.177339E+02
 0.594207E+00 -.346441E+01 -.167219E+01 -.165819E+01 0.176224E+02
 0.592179E+00 -.346476E+01 -.167030E+01 -.165100E+01 0.176390E+02
 0.628251E+00 -.345931E+01 -.167270E+01 -.165858E+01 0.177609E+02
 0.598636E+00 -.346171E+01 -.166660E+01 -.167433E+01 0.176629E+02
 0.617540E+00 -.346420E+01 -.167028E+01 -.165965E+01 0.176985E+02
 0.637155E+00 -.348069E+01 -.166047E+01 -.164961E+01 0.188958E+02
 0.596163E+00 -.346439E+01 -.167381E+01 -.166078E+01 0.176264E+02
 0.590679E+00 -.347243E+01 -.167333E+01 -.164836E+01 0.177795E+02
 0.598803E+00 -.346445E+01 -.167424E+01 -.165366E+01 0.176265E+02
 0.608192E+00 -.346416E+01 -.167519E+01 -.166652E+01 0.176422E+02
 0.602302E+00 -.346288E+01 -.167333E+01 -.165480E+01 0.176335E+02
 0.598485E+00 -.346436E+01 -.166864E+01 -.165713E+01 0.176416E+02
 0.592480E+00 -.346433E+01 -.167548E+01 -.166240E+01 0.176431E+02
 0.593305E+00 -.346407E+01 -.167272E+01 -.165727E+01 0.176224E+02
 0.732741E+00 -.346810E+01 -.166212E+01 -.166299E+01 0.198738E+02
 0.588937E+00 -.346438E+01 -.167539E+01 -.165710E+01 0.176351E+02
 0.599665E+00 -.346850E+01 -.167307E+01 -.165872E+01 0.176712E+02
 0.592903E+00 -.346476E+01 -.166708E+01 -.165812E+01 0.176357E+02
 0.613518E+00 -.346410E+01 -.166237E+01 -.166321E+01 0.177642E+02
 0.587879E+00 -.346402E+01 -.167747E+01 -.164829E+01 0.176382E+02
 0.566811E+00 -.346124E+01 -.165048E+01 -.164093E+01 0.179424E+02
 0.606081E+00 -.345479E+01 -.170707E+01 -.158928E+01 0.181727E+02
 0.584113E+00 -.347116E+01 -.166140E+01 -.160552E+01 0.186060E+02
 0.593578E+00 -.346442E+01 -.167105E+01 -.166006E+01 0.176228E+02
 0.553988E+00 -.345666E+01 -.169745E+01 -.168674E+01 0.194794E+02
 0.592963E+00 -.346088E+01 -.174285E+01 -.165585E+01 0.205196E+02
 0.585216E+00 -.346306E+01 -.163748E+01 -.165804E+01 0.181605E+02
 0.594161E+00 -.346410E+01 -.166886E+01 -.165642E+01 0.176326E+02
 0.594807E+00 -.346290E+01 -.167766E+01 -.165048E+01 0.176302E+02
 0.571408E+00 -.346708E+01 -.167576E+01 -.166981E+01 0.178208E+02
 0.618377E+00 -.349754E+01 -.167609E+01 -.167971E+01 0.202228E+02
 0.567629E+00 -.346265E+01 -.167446E+01 -.166496E+01 0.177890E+02
 0.600689E+00 -.346415E+01 -.167467E+01 -.166589E+01 0.176391E+02
 0.595318E+00 -.345172E+01 -.169059E+01 -.166588E+01 0.181969E+02
 0.594142E+00 -.346434E+01 -.166825E+01 -.164782E+01 0.176753E+02
 0.598251E+00 -.346504E+01 -.167819E+01 -.165807E+01 0.176367E+02
 0.566990E+00 -.346202E+01 -.167456E+01 -.165640E+01 0.177484E+02
 0.605897E+00 -.346413E+01 -.167455E+01 -.157309E+01 0.195210E+02
 0.600307E+00 -.346407E+01 -.167439E+01 -.165389E+01 0.176267E+02
 0.590532E+00 -.346386E+01 -.167518E+01 -.166362E+01 0.176511E+02
 0.594028E+00 -.346288E+01 -.168340E+01 -.165735E+01 0.176882E+02
 0.612041E+00 -.346421E+01 -.168828E+01 -.163755E+01 0.176499E+02
 0.601173E+00 -.346387E+01 -.166548E+01 -.165761E+01 0.176770E+02
 0.591896E+00 -.346406E+01 -.167210E+01 -.165735E+01 0.176225E+02
 0.594139E+00 -.346262E+01 -.167228E+01 -.163787E+01 0.177164E+02
 0.592799E+00 -.346418E+01 -.167060E+01 -.165536E+01 0.176264E+02
 0.594082E+00 -.346395E+01 -.168213E+01 -.165889E+01 0.176802E+02
 0.596678E+00 -.346613E+01 -.166473E+01 -.165778E+01 0.176719E+02
 0.594258E+00 -.346406E+01 -.167265E+01 -.165665E+01 0.176225E+02
 0.575702E+00 -.346402E+01 -.166588E+01 -.165742E+01 0.176350E+02
 0.607663E+00 -.346445E+01 -.165537E+01 -.163928E+01 0.181791E+02
 0.591997E+00 -.346301E+01 -.167225E+01 -.166853E+01 0.176521E+02
 0.595069E+00 -.344895E+01 -.168915E+01 -.164256E+01 0.181722E+02
 0.599720E+00 -.346354E+01 -.167199E+01 -.165565E+01 0.176311E+02
 0.592548E+00 -.346098E+01 -.165836E+01 -.165826E+01 0.177502E+02
 0.593774E+00 -.346390E+01 -.167141E+01 -.165435E+01 0.176271E+02
 0.620695E+00 -.346402E+01 -.167286E+01 -.165042E+01 0.177326E+02
 0.597780E+00 -.346395E+01 -.167927E+01 -.165883E+01 0.176425E+02
 0.569969E+00 -.345889E+01 -.173712E+01 -.162357E+01 0.196925E+02
 0.628051E+00 -.345739E+01 -.167571E+01 -.165724E+01 0.177632E+02
 0.570826E+00 -.346632E+01 -.168295E+01 -.153279E+01 0.208983E+02
 0.585356E+00 -.348516E+01 -.166044E+01 -.165762E+01 0.185396E+02
 0.603682E+00 -.346368E+01 -.167295E+01 -.165906E+01 0.176295E+02
 0.630575E+00 -.346265E+01 -.167326E+01 -.165209E+01 0.177793E+02
 0.552535E+00 -.347572E+01 -.167016E+01 -.166716E+01 0.180576E+02
 0.597646E+00 -.346491E+01 -.167606E+01 -.172476E+01 0.185227E+02
 0.552889E+00 -.346558E+01 -.169821E+01 -.164664E+01 0.184541E+02
 0.594896E+00 -.346171E+01 -.167638E+01 -.168089E+01 0.177908E+02
 0.589904E+00 -.345974E+01 -.167714E+01 -.166536E+01 0.177236E+02
 0.594530E+00 -.346432E+01 -.167277E+01 -.165667E+01 0.176225E+02
 0.589417E+00 -.346437E+01 -.167095E+01 -.165736E+01 0.176228E+02
 0.593111E+00 -.346423E+01 -.168219E+01 -.165845E+01 0.176830E+02
 0.599871E+00 -.346366E+01 -.166389E+01 -.165369E+01 0.177142E+02
 0.586947E+00 -.346516E+01 -.167270E+01 -.165987E+01 0.176330E+02
 0.607292E+00 -.346276E+01 -.167225E+01 -.167836E+01 0.176862E+02
 0.597205E+00 -.346414E+01 -.167131E+01 -.166073E+01 0.176244E+02
 0.594099E+00 -.346249E+01 -.167596E+01 -.165703E+01 0.176333E+02
 0.592128E+00 -.346373E+01 -.167513E+01 -.165522E+01 0.176265E+02
 0.596542E+00 -.346405E+01 -.167592E+01 -.169024E+01 0.178773E+02
 0.592815E+00 -.346401E+01 -.167384E+01 -.165616E+01 0.176237E+02
 0.595779E+00 -.346426E+01 -.167267E+01 -.165468E+01 0.176254E+02
 0.744528E+00 -.346532E+01 -.167765E+01 -.168461E+01 0.190048E+02
 0.591441E+00 -.345245E+01 -.167522E+01 -.164905E+01 0.179442E+02
 0.587661E+00 -.346409E+01 -.167537E+01 -.165951E+01 0.176448E+02
 0.596515E+00 -.346430E+01 -.167227E+01 -.165444E+01 0.176272E+02
 0.593865E+00 -.346447E+01 -.167180E+01 -.165829E+01 0.176225E+02
 0.593368E+00 -.346428E+01 -.167272E+01 -.165649E+01 0.176225E+02
 0.594231E+00 -.346386E+01 -.167285E+01 -.165483E+01 0.176242E+02
 0.597426E+00 -.344605E+01 -.163360E+01 -.157330E+01 0.230608E+02
 0.594619E+00 -.346447E+01 -.167254E+01 -.165641E+01 0.176229E+02
 0.694022E+00 -.346623E+01 -.167252E+01 -.166609E+01 0.184919E+02
 0.591550E+00 -.346375E+01 -.167262E+01 -.165706E+01 0.176234E+02
 0.621180E+00 -.346553E+01 -.167722E+01 -.165713E+01 0.176735E+02
 0.594309E+00 -.346307E+01 -.167183E+01 -.166259E+01 0.176285E+02
 0.597132E+00 -.345345E+01 -.168244E+01 -.166246E+01 0.179283E+02
 0.601507E+00 -.346425E+01 -.164296E+01 -.165715E+01 0.181992E+02
 0.746714E+00 -.345642E+01 -.170024E+01 -.165537E+01 0.183582E+02
 0.591596E+00 -.346843E+01 -.167056E+01 -.165859E+01 0.176595E+02
 0.595038E+00 -.346402E+01 -.167225E+01 -.165776E+01 0.176225E+02
 0.592283E+00 -.345394E+01 -.173215E+01 -.150033E+01 0.211021E+02
 0.594710E+00 -.346439E+01 -.167238E+01 -.165671E+01 0.176228E+02
 0.607848E+00 -.344298E+01 -.165718E+01 -.165917E+01 0.188839E+02
 0.632031E+00 -.347130E+01 -.161800E+01 -.166575E+01 0.200230E+02
 0.582664E+00 -.346396E+01 -.167263E+01 -.165696E+01 0.176372E+02
 0.591574E+00 -.346243E+01 -.167253E+01 -.165765E+01 0.176305E+02
 0.591108E+00 -.346375E+01 -.168720E+01 -.172853E+01 0.192050E+02
 0.600626E+00 -.346395E+01 -.167315E+01 -.165828E+01 0.176254E+02
 0.604311E+00 -.346455E+01 -.167361E+01 -.165845E+01 0.176307E+02
 0.532117E+00 -.345870E+01 -.167694E+01 -.165275E+01 0.183004E+02
 0.565848E+00 -.346394E+01 -.167486E+01 -.166748E+01 0.178234E+02
 0.616962E+00 -.346364E+01 -.167064E+01 -.166035E+01 0.176875E+02
 0.588561E+00 -.346367E+01 -.163558E+01 -.165935E+01 0.182412E+02
 0.609955E+00 -.346472E+01 -.167261E+01 -.169034E+01 0.177862E+02
 0.626567E+00 -.346370E+01 -.167054E+01 -.166396E+01 0.177324E+02
 0.593101E+00 -.346393E+01 -.167450E+01 -.165218E+01 0.176256E+02
 0.544671E+00 -.346570E+01 -.167873E+01 -.165470E+01 0.180327E+02
 0.600178E+00 -.345606E+01 -.168871E+01 -.166411E+01 0.179062E+02
 0.595386E+00 -.346411E+01 -.167123E+01 -.165769E+01 0.176241E+02
 0.597980E+00 -.346517E+01 -.175448E+01 -.165814E+01 0.215807E+02
 0.585934E+00 -.346662E+01 -.165985E+01 -.163859E+01 0.178613E+02
 0.589913E+00 -.346417E+01 -.167420E+01 -.165479E+01 0.176263E+02
 0.586054E+00 -.346402E+01 -.167097E+01 -.165424E+01 0.176266E+02
 0.605219E+00 -.346478E+01 -.165709E+01 -.166918E+01 0.177563E+02
 0.594333E+00 -.346427E+01 -.167226E+01 -.165475E+01 0.176246E+02
 0.596059E+00 -.346639E+01 -.167328E+01 -.165490E+01 0.176361E+02
 0.604031E+00 -.342788E+01 -.167172E+01 -.157182E+01 0.228148E+02
 0.594844E+00 -.346357E+01 -.168034E+01 -.165431E+01 0.176425E+02
 0.597027E+00 -.346164E+01 -.165409E+01 -.166074E+01 0.178238E+02
 0.588734E+00 -.347346E+01 -.167961E+01 -.167214E+01 0.179719E+02
 0.540695E+00 -.346756E+01 -.166046E+01 -.165699E+01 0.177463E+02
 0.594889E+00 -.346418E+01 -.167207E+01 -.165585E+01 0.176239E+02
 0.589961E+00 -.346407E+01 -.167229E+01 -.165807E+01 0.176240E+02
 0.608778E+00 -.346431E+01 -.168110E+01 -.165272E+01 0.176283E+02
 0.597832E+00 -.346038E+01 -.167080E+01 -.165949E+01 0.176567E+02
 0.594045E+00 -.346472E+01 -.167285E+01 -.165894E+01 0.176236E+02
 0.594984E+00 -.346421E+01 -.166883E+01 -.168508E+01 0.177248E+02
 0.624614E+00 -.346722E+01 -.168294E+01 -.165883E+01 0.176947E+02
 0.599867E+00 -.346547E+01 -.166496E+01 -.165882E+01 0.176746E+02
 0.595650E+00 -.346405E+01 -.167373E+01 -.165718E+01 0.176228E+02
 0.587615E+00 -.341590E+01 -.166228E+01 -.167001E+01 0.234135E+02
 0.513072E+00 -.351133E+01 -.162199E+01 -.164812E+01 0.216088E+02
 0.595650E+00 -.346374E+01 -.167570E+01 -.165295E+01 0.176243E+02
 0.598121E+00 -.346673E+01 -.167399E+01 -.164870E+01 0.176555E+02
 0.606386E+00 -.346283E+01 -.167594E+01 -.165732E+01 0.176281E+02
 0.608691E+00 -.346377E+01 -.167441E+01 -.165477E+01 0.176405E+02
 0.568527E+00 -.346267E+01 -.167571E+01 -.165793E+01 0.177522E+02
 0.583876E+00 -.346442E+01 -.166654E+01 -.164703E+01 0.176678E+02
 0.594023E+00 -.346405E+01 -.167715E+01 -.165266E+01 0.176274E+02
 0.593127E+00 -.346411E+01 -.167248E+01 -.165764E+01 0.176223E+02
 0.656085E+00 -.346421E+01 -.167681E+01 -.165571E+01 0.179209E+02
 0.590985E+00 -.346426E+01 -.166872E+01 -.165669E+01 0.176279E+02
 0.597880E+00 -.346109E+01 -.167390E+01 -.165932E+01 0.176422E+02
 0.594675E+00 -.346429E+01 -.168087E+01 -.165937E+01 0.176673E+02
 0.744039E+00 -.346465E+01 -.166817E+01 -.167009E+01 0.195523E+02
 0.589450E+00 -.346433E+01 -.166704E+01 -.164702E+01 0.176778E+02
 0.563901E+00 -.346331E+01 -.165415E+01 -.164591E+01 0.177695E+02
 0.599023E+00 -.346660E+01 -.174961E+01 -.155321E+01 0.189040E+02
 0.730766E+00 -.346998E+01 -.163897E+01 -.166530E+01 0.214862E+02
 0.594209E+00 -.346391E+01 -.167088E+01 -.165919E+01 0.176232E+02
 0.520811E+00 -.350167E+01 -.162501E+01 -.169160E+01 0.199626E+02
 0.600414E+00 -.345804E+01 -.160525E+01 -.165487E+01 0.203758E+02
 0.609473E+00 -.346265E+01 -.161993E+01 -.165921E+01 0.194043E+02
 0.594070E+00 -.346413E+01 -.167333E+01 -.165575E+01 0.176230E+02
 0.594691E+00 -.346657E+01 -.167463E+01 -.167499E+01 0.177173E+02
 0.594267E+00 -.346784E+01 -.167856E+01 -.165182E+01 0.176643E+02
 0.577174E+00 -.347132E+01 -.166855E+01 -.169408E+01 0.180002E+02
 0.593373E+00 -.347240E+01 -.167272E+01 -.164533E+01 0.177983E+02
 0.599644E+00 -.346415E+01 -.167665E+01 -.165190E+01 0.176251E+02
 0.689719E+00 -.345483E+01 -.171664E+01 -.167149E+01 0.181208E+02
 0.595671E+00 -.346334E+01 -.167431E+01 -.167872E+01 0.177272E+02
 0.595704E+00 -.346353E+01 -.167718E+01 -.166159E+01 0.176438E+02
 0.548348E+00 -.346041E+01 -.166912E+01 -.165712E+01 0.178759E+02
 0.612070E+00 -.346420E+01 -.167567E+01 -.161311E+01 0.181483E+02
 0.600510E+00 -.346363E+01 -.167560E+01 -.165782E+01 0.176240E+02
 0.593066E+00 -.346389E+01 -.166952E+01 -.166093E+01 0.176241E+02
 0.562758E+00 -.346517E+01 -.171699E+01 -.155820E+01 0.187942E+02
 0.595146E+00 -.346372E+01 -.168458E+01 -.165714E+01 0.176950E+02
 0.619927E+00 -.346886E+01 -.168115E+01 -.166178E+01 0.177276E+02
 0.596703E+00 -.346423E+01 -.166928E+01 -.165751E+01 0.176328E+02
 0.589135E+00 -.346373E+01 -.167174E+01 -.165716E+01 0.176243E+02
 0.594639E+00 -.346373E+01 -.167249E+01 -.166944E+01 0.176500E+02
 0.595721E+00 -.346529E+01 -.167085E+01 -.164860E+01 0.176556E+02
 0.597550E+00 -.346361E+01 -.168754E+01 -.165979E+01 0.177447E+02
 0.611915E+00 -.346694E+01 -.167843E+01 -.165597E+01 0.176606E+02
 0.595264E+00 -.346401E+01 -.167515E+01 -.165808E+01 0.176258E+02
 0.586073E+00 -.346411E+01 -.166213E+01 -.165753E+01 0.176547E+02
 0.570477E+00 -.346465E+01 -.166977E+01 -.163830E+01 0.176988E+02
 0.591774E+00 -.346288E+01 -.166969E+01 -.167264E+01 0.176582E+02
 0.606367E+00 -.348009E+01 -.169831E+01 -.160091E+01 0.185529E+02
 0.592491E+00 -.346353E+01 -.167527E+01 -.165707E+01 0.176288E+02
 0.591565E+00 -.346212E+01 -.167170E+01 -.165237E+01 0.176393E+02
 0.591547E+00 -.346626E+01 -.167110E+01 -.166121E+01 0.176324E+02
 0.611456E+00 -.346407E+01 -.171836E+01 -.165118E+01 0.184070E+02
 0.596534E+00 -.346396E+01 -.168864E+01 -.165836E+01 0.177583E+02
 0.598000E+00 -.347029E+01 -.170556E+01 -.167578E+01 0.186967E+02
 0.567238E+00 -.346199E+01 -.168951E+01 -.164971E+01 0.179864E+02
 0.656698E+00 -.347102E+01 -.167464E+01 -.165761E+01 0.181391E+02
 0.594105E+00 -.346285E+01 -.167181E+01 -.155089E+01 0.207425E+02
 0.581520E+00 -.344731E+01 -.166837E+01 -.165612E+01 0.183360E+02
 0.598836E+00 -.346356E+01 -.167307E+01 -.165913E+01 0.176243E+02
 0.666165E+00 -.346168E+01 -.167543E+01 -.165275E+01 0.180770E+02
 0.610147E+00 -.344847E+01 -.166559E+01 -.164626E+01 0.183599E+02
 0.595934E+00 -.346173E+01 -.167377E+01 -.168812E+01 0.178260E+02
 0.567217E+00 -.346140E+01 -.166192E+01 -.163997E+01 0.177755E+02
 0.644834E+00 -.346412E+01 -.168644E+01 -.157980E+01 0.192176E+02
 0.599080E+00 -.345707E+01 -.167954E+01 -.167320E+01 0.178286E+02
 0.597304E+00 -.346710E+01 -.167574E+01 -.165011E+01 0.176500E+02
 0.593056E+00 -.346410E+01 -.167148E+01 -.165611E+01 0.176236E+02
 0.590903E+00 -.346430E+01 -.167201E+01 -.165651E+01 0.176227E+02
 0.585511E+00 -.346388E+01 -.166806E+01 -.165825E+01 0.176256E+02
 0.600742E+00 -.346496E+01 -.167283E+01 -.165829E+01 0.176288E+02
 0.586838E+00 -.346660E+01 -.167755E+01 -.165424E+01 0.176590E+02
 0.597220E+00 -.346369E+01 -.166785E+01 -.171032E+01 0.180124E+02
 0.597398E+00 -.346424E+01 -.167624E+01 -.166129E+01 0.176345E+02
 0.593600E+00 -.346411E+01 -.167592E+01 -.165723E+01 0.176289E+02
 0.625433E+00 -.346330E+01 -.167742E+01 -.165641E+01 0.176746E+02
 0.588244E+00 -.346387E+01 -.167543E+01 -.168866E+01 0.178995E+02
 0.593222E+00 -.346468E+01 -.167205E+01 -.165724E+01 0.176228E+02
 0.579774E+00 -.346410E+01 -.162050E+01 -.164955E+01 0.189527E+02
 0.593463E+00 -.346326E+01 -.167330E+01 -.165751E+01 0.176250E+02
 0.715144E+00 -.346353E+01 -.166265E+01 -.165732E+01 0.194298E+02
 0.591996E+00 -.342931E+01 -.167274E+01 -.166203E+01 0.205039E+02
 0.586324E+00 -.346415E+01 -.167610E+01 -.165489E+01 0.176411E+02
 0.597378E+00 -.346439E+01 -.167442E+01 -.165856E+01 0.176242E+02
 0.594648E+00 -.346443E+01 -.167243E+01 -.165748E+01 0.176225E+02
 0.593377E+00 -.346422E+01 -.167216E+01 -.165917E+01 0.176226E+02
 0.594483E+00 -.346255E+01 -.167287E+01 -.166327E+01 0.176350E+02
 0.595997E+00 -.344659E+01 -.171184E+01 -.173498E+01 0.216025E+02
 0.594327E+00 -.346403E+01 -.167178E+01 -.165767E+01 0.176227E+02
 0.508458E+00 -.346477E+01 -.167323E+01 -.167336E+01 0.188643E+02
 0.611705E+00 -.346346E+01 -.167004E+01 -.165658E+01 0.176814E+02
 0.586324E+00 -.346554E+01 -.167563E+01 -.165711E+01 0.176462E+02
 0.593743E+00 -.346390E+01 -.167296E+01 -.165759E+01 0.176230E+02
 0.594839E+00 -.346740E+01 -.166592E+01 -.165641E+01 0.176739E+02
 0.598027E+00 -.346435E+01 -.165933E+01 -.165850E+01 0.177355E+02
 0.631288E+00 -.346116E+01 -.167822E+01 -.167272E+01 0.177044E+02
 0.700611E+00 -.346247E+01 -.167253E+01 -.165612E+01 0.186557E+02
 0.592298E+00 -.346349E+01 -.167821E+01 -.166073E+01 0.176578E+02
 0.596621E+00 -.346407E+01 -.167240E+01 -.165352E+01 0.176291E+02
 0.594851E+00 -.346488E+01 -.166943E+01 -.165865E+01 0.176281E+02
 0.600618E+00 -.342978E+01 -.168259E+01 -.165449E+01 0.203201E+02
 0.531977E+00 -.346711E+01 -.163925E+01 -.167270E+01 0.176868E+02
 0.643548E+00 -.346211E+01 -.157182E+01 -.182368E+01 0.214167E+02
 0.566435E+00 -.346454E+01 -.167544E+01 -.165785E+01 0.177508E+02
 0.600944E+00 -.346262E+01 -.167252E+01 -.166070E+01 0.176300E+02
 0.543800E+00 -.343984E+01 -.167282E+01 -.171486E+01 0.205910E+02
 0.599136E+00 -.346322E+01 -.169083E+01 -.171591E+01 0.188916E+02
 0.604395E+00 -.346341E+01 -.167221E+01 -.165696E+01 0.176368E+02
 0.593074E+00 -.346376E+01 -.167238E+01 -.165740E+01 0.176227E+02
 0.587072E+00 -.346431E+01 -.167347E+01 -.165787E+01 0.176316E+02
 0.610717E+00 -.346427E+01 -.167673E+01 -.165741E+01 0.176335E+02
 0.587125E+00 -.346263E+01 -.165575E+01 -.165619E+01 0.177546E+02
 0.623821E+00 -.346348E+01 -.167606E+01 -.165548E+01 0.176826E+02
 0.609873E+00 -.346292E+01 -.167761E+01 -.165233E+01 0.176334E+02
 0.600030E+00 -.346350E+01 -.167442E+01 -.164945E+01 0.176376E+02
 0.632606E+00 -.346468E+01 -.167385E+01 -.165717E+01 0.177631E+02
 0.596472E+00 -.346739E+01 -.167672E+01 -.165184E+01 0.176515E+02
 0.593796E+00 -.346411E+01 -.167210E+01 -.165799E+01 0.176223E+02
 0.587264E+00 -.346169E+01 -.170767E+01 -.165776E+01 0.184435E+02
 0.582779E+00 -.346593E+01 -.167176E+01 -.164133E+01 0.176703E+02
 0.603286E+00 -.346510E+01 -.167251E+01 -.165747E+01 0.176359E+02
 0.580148E+00 -.346561E+01 -.166629E+01 -.165095E+01 0.176450E+02
 0.589495E+00 -.346309E+01 -.163923E+01 -.166496E+01 0.180560E+02
 0.595768E+00 -.346366E+01 -.167072E+01 -.166044E+01 0.176246E+02
 0.597021E+00 -.346470E+01 -.167028E+01 -.164727E+01 0.176695E+02
 0.596404E+00 -.346533E+01 -.168698E+01 -.165648E+01 0.177244E+02
 0.591038E+00 -.346044E+01 -.166560E+01 -.165267E+01 0.177007E+02
 0.589977E+00 -.346062E+01 -.167594E+01 -.164430E+01 0.176720E+02
 0.581022E+00 -.346853E+01 -.168587E+01 -.165474E+01 0.178320E+02
 0.592660E+00 -.346383E+01 -.167263E+01 -.165792E+01 0.176229E+02
 0.595883E+00 -.346391E+01 -.167280E+01 -.165603E+01 0.176237E+02
 0.586901E+00 -.346322E+01 -.168183E+01 -.165105E+01 0.176753E+02
 0.593470E+00 -.346405E+01 -.166946E+01 -.164886E+01 0.176567E+02
 0.594117E+00 -.346415E+01 -.167305E+01 -.165661E+01 0.176228E+02
 0.594693E+00 -.346374E+01 -.167253E+01 -.166127E+01 0.176251E+02
 0.592042E+00 -.346893E+01 -.168479E+01 -.165510E+01 0.177596E+02
 0.591490E+00 -.346490E+01 -.167186E+01 -.164184E+01 0.176763E+02
 0.578427E+00 -.346401E+01 -.167452E+01 -.165544E+01 0.176596E+02
 0.393479E+00 -.348839E+01 -.158764E+01 -.164270E+01 0.190628E+02
 0.593359E+00 -.346346E+01 -.167556E+01 -.165813E+01 0.176304E+02
 0.600472E+00 -.345623E+01 -.167364E+01 -.166750E+01 0.177704E+02
 0.591161E+00 -.346356E+01 -.167670E+01 -.166001E+01 0.176465E+02
 0.587491E+00 -.346361E+01 -.167094E+01 -.164782E+01 0.176442E+02
 0.569833E+00 -.346380E+01 -.167601E+01 -.165646E+01 0.177286E+02
 0.594811E+00 -.346471E+01 -.167009E+01 -.165300E+01 0.176378E+02
 0.595231E+00 -.346385E+01 -.167507E+01 -.164687E+01 0.176374E+02
 0.594262E+00 -.346414E+01 -.167233E+01 -.165746E+01 0.176223E+02
 0.543662E+00 -.346123E+01 -.168604E+01 -.165164E+01 0.182855E+02
 0.591108E+00 -.346401E+01 -.167098E+01 -.165718E+01 0.176230E+02
 0.596700E+00 -.345666E+01 -.167605E+01 -.165840E+01 0.177463E+02
 0.595492E+00 -.346356E+01 -.167462E+01 -.165892E+01 0.176260E+02
 0.538877E+00 -.346479E+01 -.167166E+01 -.166619E+01 0.180551E+02
 0.592674E+00 -.346405E+01 -.166795E+01 -.166260E+01 0.176261E+02
 0.610424E+00 -.346939E+01 -.167429E+01 -.165621E+01 0.177206E+02
 0.601226E+00 -.346663E+01 -.170596E+01 -.172454E+01 0.200782E+02
 0.781773E+00 -.346962E+01 -.163383E+01 -.174337E+01 0.220359E+02
 0.593642E+00 -.346376E+01 -.167133E+01 -.165588E+01 0.176249E+02
 0.596661E+00 -.346598E+01 -.162425E+01 -.166575E+01 0.187125E+02
 0.622692E+00 -.346258E+01 -.174836E+01 -.165898E+01 0.203007E+02
 0.593975E+00 -.346416E+01 -.167415E+01 -.165910E+01 0.176259E+02
 0.593980E+00 -.346301E+01 -.167239E+01 -.165030E+01 0.176378E+02
 0.611842E+00 -.346472E+01 -.166984E+01 -.164998E+01 0.177266E+02
 0.553255E+00 -.344647E+01 -.166488E+01 -.166017E+01 0.186137E+02
 0.590707E+00 -.346537E+01 -.167296E+01 -.164381E+01 0.176576E+02
 0.598669E+00 -.346392E+01 -.167366E+01 -.164707E+01 0.176486E+02
 0.674096E+00 -.346482E+01 -.167647E+01 -.165529E+01 0.181544E+02
 0.595767E+00 -.346317E+01 -.167344E+01 -.167372E+01 0.176799E+02
 0.591830E+00 -.346265E+01 -.167142E+01 -.164983E+01 0.176435E+02
 0.612080E+00 -.346119E+01 -.166803E+01 -.165456E+01 0.177325E+02
 0.605894E+00 -.346414E+01 -.167301E+01 -.172144E+01 0.182823E+02
 0.591803E+00 -.346390E+01 -.167639E+01 -.166022E+01 0.176428E+02
 0.596381E+00 -.346470E+01 -.166770E+01 -.165632E+01 0.176458E+02
 0.532420E+00 -.346427E+01 -.164288E+01 -.175910E+01 0.190120E+02
 0.595899E+00 -.346505E+01 -.167924E+01 -.165701E+01 0.176440E+02
 0.606219E+00 -.346398E+01 -.167644E+01 -.166313E+01 0.176342E+02
 0.589430E+00 -.346405E+01 -.167480E+01 -.165738E+01 0.176319E+02
 0.594621E+00 -.346404E+01 -.167263E+01 -.165713E+01 0.176224E+02
 0.592414E+00 -.346271E+01 -.167328E+01 -.166473E+01 0.176433E+02
 0.595852E+00 -.346377E+01 -.167220E+01 -.165680E+01 0.176237E+02
 0.597896E+00 -.346339E+01 -.165941E+01 -.165626E+01 0.177529E+02
 0.577247E+00 -.346581E+01 -.168348E+01 -.165572E+01 0.177886E+02
 0.595541E+00 -.346415E+01 -.167442E+01 -.165853E+01 0.176246E+02
 0.603525E+00 -.346394E+01 -.167978E+01 -.165642E+01 0.176293E+02
 0.554959E+00 -.346424E+01 -.167954E+01 -.165872E+01 0.179607E+02
 0.594532E+00 -.346377E+01 -.166769E+01 -.163994E+01 0.177521E+02
 0.609036E+00 -.349763E+01 -.169420E+01 -.160162E+01 0.204715E+02
 0.600084E+00 -.346372E+01 -.167372E+01 -.165831E+01 0.176242E+02
 0.200000E+00 -.350944E+01 -.141571E+01 -.165582E+01 0.213067E+02
 0.594071E+00 -.346395E+01 -.168227E+01 -.165378E+01 0.176580E+02
 0.593678E+00 -.346556E+01 -.167252E+01 -.165535E+01 0.176273E+02
 0.594451E+00 -.346354E+01 -.171080E+01 -.166121E+01 0.185361E+02
 0.596823E+00 -.346397E+01 -.168990E+01 -.165328E+01 0.177379E+02
 0.596763E+00 -.346561E+01 -.158228E+01 -.165620E+01 0.218471E+02
 0.647233E+00 -.346755E+01 -.163329E+01 -.163664E+01 0.202879E+02
 0.619864E+00 -.345899E+01 -.167304E+01 -.165639E+01 0.177286E+02
 0.596129E+00 -.346111E+01 -.167281E+01 -.173215E+01 0.186100E+02
 0.637950E+00 -.345021E+01 -.168371E+01 -.165202E+01 0.180038E+02
 0.590099E+00 -.346501E+01 -.167329E+01 -.165701E+01 0.176264E+02
 0.541703E+00 -.346351E+01 -.167407E+01 -.166331E+01 0.180589E+02
 0.639590E+00 -.344722E+01 -.166878E+01 -.165624E+01 0.184508E+02
 0.594714E+00 -.346390E+01 -.167019E+01 -.163573E+01 0.177615E+02
 0.620150E+00 -.346289E+01 -.165359E+01 -.165995E+01 0.180659E+02
 0.560797E+00 -.346360E+01 -.169195E+01 -.177487E+01 0.220856E+02
 0.594965E+00 -.346543E+01 -.167025E+01 -.163165E+01 0.178142E+02
 0.600061E+00 -.347262E+01 -.167349E+01 -.164120E+01 0.178547E+02
 0.593260E+00 -.346396E+01 -.167307E+01 -.165705E+01 0.176230E+02
 0.597643E+00 -.346396E+01 -.167343E+01 -.165760E+01 0.176232E+02
 0.582827E+00 -.346364E+01 -.165886E+01 -.165753E+01 0.176765E+02
 0.597350E+00 -.346497E+01 -.167934E+01 -.166079E+01 0.176550E+02
 0.588132E+00 -.346528E+01 -.167635E+01 -.165687E+01 0.176443E+02
 0.588910E+00 -.346407E+01 -.166747E+01 -.168013E+01 0.176888E+02
 0.594408E+00 -.346413E+01 -.167427E+01 -.165746E+01 0.176239E+02
 0.593704E+00 -.346533E+01 -.167495E+01 -.165741E+01 0.176294E+02
 0.635977E+00 -.346394E+01 -.167133E+01 -.165717E+01 0.178262E+02
 0.591491E+00 -.346485E+01 -.167101E+01 -.161035E+01 0.181641E+02
 0.594634E+00 -.346508E+01 -.167127E+01 -.165810E+01 0.176250E+02
 0.599421E+00 -.346365E+01 -.167281E+01 -.166008E+01 0.176250E+02
 0.453368E+00 -.346253E+01 -.164265E+01 -.163792E+01 0.188337E+02
 0.600448E+00 -.346711E+01 -.167469E+01 -.166492E+01 0.176604E+02
 0.609036E+00 -.346414E+01 -.167384E+01 -.165406E+01 0.176477E+02
 0.597373E+00 -.346401E+01 -.167493E+01 -.166037E+01 0.176273E+02
 0.591723E+00 -.346403E+01 -.167253E+01 -.165784E+01 0.176230E+02
 0.593750E+00 -.346414E+01 -.167212E+01 -.165658E+01 0.176227E+02
 0.594043E+00 -.346274E+01 -.167273E+01 -.165961E+01 0.176278E+02
 0.594021E+00 -.346372E+01 -.167221E+01 -.165817E+01 0.176228E+02
 0.514473E+00 -.346462E+01 -.167354E+01 -.165985E+01 0.184880E+02
 0.582216E+00 -.346486E+01 -.167155E+01 -.165872E+01 0.176352E+02
 0.566674E+00 -.346442E+01 -.167310E+01 -.165695E+01 0.177129E+02
 0.593428E+00 -.346474E+01 -.167322E+01 -.165441E+01 0.176246E+02
 0.588426E+00 -.347575E+01 -.166186E+01 -.165873E+01 0.179193E+02
 0.598076E+00 -.346384E+01 -.169639E+01 -.165652E+01 0.178929E+02
 0.544153E+00 -.346084E+01 -.173011E+01 -.166170E+01 0.213207E+02
 0.552138E+00 -.346520E+01 -.165433E+01 -.165623E+01 0.176742E+02
 0.595352E+00 -.346007E+01 -.166543E+01 -.165748E+01 0.176969E+02
 0.595872E+00 -.346411E+01 -.167252E+01 -.165507E+01 0.176252E+02
 0.594393E+00 -.346564E+01 -.166897E+01 -.172451E+01 0.183224E+02
 0.593997E+00 -.346436E+01 -.167094E+01 -.165534E+01 0.176266E+02
 0.594967E+00 -.346185E+01 -.169856E+01 -.165948E+01 0.180262E+02
 0.543606E+00 -.346017E+01 -.169924E+01 -.166497E+01 0.191610E+02
 0.601434E+00 -.346417E+01 -.167465E+01 -.165693E+01 0.176247E+02
 0.606389E+00 -.346313E+01 -.167251E+01 -.166102E+01 0.176353E+02
 0.540721E+00 -.343277E+01 -.167769E+01 -.167157E+01 0.209446E+02
 0.588408E+00 -.346434E+01 -.166419E+01 -.156522E+01 0.202206E+02
 0.594629E+00 -.346360E+01 -.167317E+01 -.165781E+01 0.176234E+02
 0.585089E+00 -.346363E+01 -.167151E+01 -.165647E+01 0.176288E+02
 0.596717E+00 -.343110E+01 -.166323E+01 -.164132E+01 0.204431E+02
 0.611655E+00 -.346518E+01 -.167131E+01 -.164925E+01 0.177135E+02
 0.596000E+00 -.346392E+01 -.168125E+01 -.165197E+01 0.176396E+02
 0.590517E+00 -.346323E+01 -.169031E+01 -.165478E+01 0.178013E+02
 0.539272E+00 -.346273E+01 -.166761E+01 -.162016E+01 0.179715E+02
 0.596286E+00 -.346250E+01 -.167592E+01 -.164525E+01 0.176461E+02
 0.602943E+00 -.346349E+01 -.167404E+01 -.165667E+01 0.176275E+02
 0.632354E+00 -.346340E+01 -.167093E+01 -.165785E+01 0.177958E+02
 0.590125E+00 -.346805E+01 -.166264E+01 -.164935E+01 0.177374E+02
 0.592634E+00 -.346410E+01 -.167283E+01 -.165791E+01 0.176228E+02
 0.590832E+00 -.346186E+01 -.159368E+01 -.165734E+01 0.207227E+02
 0.582800E+00 -.346694E+01 -.167332E+01 -.166793E+01 0.176971E+02
 0.590217E+00 -.346424E+01 -.167281E+01 -.165924E+01 0.176261E+02
 0.596163E+00 -.346453E+01 -.166781E+01 -.165781E+01 0.176396E+02
 0.580894E+00 -.346316E+01 -.167072E+01 -.165379E+01 0.176379E+02
 0.595683E+00 -.346396E+01 -.167681E+01 -.165314E+01 0.176252E+02
 0.595059E+00 -.346433E+01 -.167298E+01 -.164736E+01 0.176445E+02
 0.567982E+00 -.350669E+01 -.159165E+01 -.178322E+01 0.218882E+02
 0.596954E+00 -.346672E+01 -.167830E+01 -.165845E+01 0.176558E+02
 0.601209E+00 -.346163E+01 -.169279E+01 -.164905E+01 0.177328E+02
 0.592596E+00 -.345423E+01 -.167122E+01 -.163024E+01 0.180373E+02
 0.727239E+00 -.344820E+01 -.170305E+01 -.165736E+01 0.182976E+02
 0.597154E+00 -.345884E+01 -.168507E+01 -.165467E+01 0.177279E+02
 0.593565E+00 -.346379E+01 -.167293E+01 -.165842E+01 0.176232E+02
 0.595471E+00 -.346433E+01 -.167291E+01 -.165659E+01 0.176231E+02
 0.576477E+00 -.346241E+01 -.168114E+01 -.165182E+01 0.177385E+02
 0.591776E+00 -.346491E+01 -.167270E+01 -.165130E+01 0.176300E+02
 0.594212E+00 -.346405E+01 -.167247E+01 -.165771E+01 0.176223E+02
 0.593037E+00 -.346353E+01 -.167456E+01 -.164090E+01 0.176669E+02
 0.607532E+00 -.346833E+01 -.167943E+01 -.165240E+01 0.176797E+02
 0.593597E+00 -.346313E+01 -.168225E+01 -.164354E+01 0.176455E+02
 0.594938E+00 -.346405E+01 -.167458E+01 -.165807E+01 0.176247E+02
 0.528233E+00 -.344955E+01 -.161129E+01 -.164382E+01 0.194645E+02
 0.593517E+00 -.346361E+01 -.167064E+01 -.166239E+01 0.176252E+02
 0.595516E+00 -.345041E+01 -.167335E+01 -.165510E+01 0.180497E+02
 0.591692E+00 -.346465E+01 -.167599E+01 -.165781E+01 0.176343E+02
 0.580923E+00 -.346370E+01 -.167170E+01 -.165142E+01 0.176377E+02
 0.609857E+00 -.346387E+01 -.167304E+01 -.165554E+01 0.176509E+02
 0.602115E+00 -.346455E+01 -.167633E+01 -.165905E+01 0.176276E+02
 0.593901E+00 -.346411E+01 -.167303E+01 -.164773E+01 0.176410E+02
 0.595099E+00 -.346411E+01 -.167246E+01 -.165718E+01 0.176225E+02
 0.653245E+00 -.346574E+01 -.167711E+01 -.165966E+01 0.178856E+02
 0.594617E+00 -.346396E+01 -.167480E+01 -.165763E+01 0.176250E+02
 0.597768E+00 -.346409E+01 -.167595E+01 -.165486E+01 0.176234E+02
 0.594298E+00 -.346358E+01 -.166721E+01 -.165756E+01 0.176406E+02
 0.563380E+00 -.346425E+01 -.167095E+01 -.164751E+01 0.176935E+02
 0.596062E+00 -.346388E+01 -.167441E+01 -.167186E+01 0.176741E+02
 0.610518E+00 -.347191E+01 -.168127E+01 -.166305E+01 0.178190E+02
 0.598256E+00 -.345856E+01 -.165749E+01 -.163919E+01 0.180908E+02
 0.477088E+00 -.347155E+01 -.164591E+01 -.166834E+01 0.184229E+02
 0.592760E+00 -.346389E+01 -.167182E+01 -.165822E+01 0.176226E+02
 0.613289E+00 -.345001E+01 -.170888E+01 -.165330E+01 0.183782E+02
 0.586873E+00 -.346303E+01 -.156364E+01 -.165602E+01 0.231998E+02
 0.589593E+00 -.346535E+01 -.175176E+01 -.165802E+01 0.215847E+02
 0.594076E+00 -.346412E+01 -.167270E+01 -.166146E+01 0.176257E+02
 0.593606E+00 -.346118E+01 -.167182E+01 -.163800E+01 0.177344E+02
 0.623314E+00 -.346251E+01 -.166702E+01 -.166497E+01 0.177536E+02
 0.625332E+00 -.347279E+01 -.166630E+01 -.164935E+01 0.181082E+02
 0.593684E+00 -.345970E+01 -.167265E+01 -.164450E+01 0.177038E+02
 0.597294E+00 -.346375E+01 -.167059E+01 -.165365E+01 0.176378E+02
 0.645610E+00 -.346989E+01 -.164717E+01 -.165924E+01 0.188364E+02
 0.593879E+00 -.346316E+01 -.167088E+01 -.164860E+01 0.176513E+02
 0.598989E+00 -.346413E+01 -.166983E+01 -.164586E+01 0.176901E+02
 0.640358E+00 -.346597E+01 -.167552E+01 -.165350E+01 0.178376E+02
 0.599126E+00 -.346401E+01 -.167298E+01 -.171838E+01 0.182681E+02
 0.591040E+00 -.346396E+01 -.167066E+01 -.165866E+01 0.176228E+02
 0.587938E+00 -.346517E+01 -.167196E+01 -.165489E+01 0.176257E+02
 0.495573E+00 -.346561E+01 -.155464E+01 -.181290E+01 0.188732E+02
 0.595436E+00 -.346503E+01 -.166954E+01 -.165716E+01 0.176315E+02
 0.590738E+00 -.346032E+01 -.167138E+01 -.165633E+01 0.176594E+02
 0.591736E+00 -.346384E+01 -.167726E+01 -.165747E+01 0.176399E+02
 0.598164E+00 -.346433E+01 -.167327E+01 -.165731E+01 0.176239E+02
 0.592812E+00 -.346258E+01 -.167390E+01 -.163889E+01 0.176900E+02
 0.594188E+00 -.346312E+01 -.167342E+01 -.166326E+01 0.176343E+02
 0.596657E+00 -.346405E+01 -.166419E+01 -.165555E+01 0.176819E+02
 0.575203E+00 -.346461E+01 -.165703E+01 -.165732E+01 0.176698E+02
 0.592843E+00 -.346417E+01 -.167099E+01 -.165764E+01 0.176229E+02
 0.602963E+00 -.346381E+01 -.168561E+01 -.165670E+01 0.176720E+02
 0.597612E+00 -.346392E+01 -.167462E+01 -.167307E+01 0.176800E+02
 0.595041E+00 -.346479E+01 -.167311E+01 -.165617E+01 0.176240E+02
 0.597067E+00 -.343708E+01 -.165931E+01 -.167738E+01 0.194256E+02
 0.602815E+00 -.346437E+01 -.167220E+01 -.165866E+01 0.176315E+02
 0.594889E+00 -.346367E+01 -.168321E+01 -.165701E+01 0.176786E+02
 0.595636E+00 -.346365E+01 -.167285E+01 -.165115E+01 0.176327E+02
 0.589595E+00 -.346403E+01 -.165235E+01 -.166027E+01 0.177843E+02
 0.595101E+00 -.346385E+01 -.167457E+01 -.165290E+01 0.176246E+02
 0.593686E+00 -.346034E+01 -.172548E+01 -.166991E+01 0.196601E+02
 0.633979E+00 -.346675E+01 -.169243E+01 -.162391E+01 0.178131E+02
 0.571207E+00 -.345633E+01 -.167142E+01 -.165602E+01 0.178430E+02
 0.594639E+00 -.346284E+01 -.170962E+01 -.163450E+01 0.180391E+02
 0.615942E+00 -.347411E+01 -.167840E+01 -.164897E+01 0.179207E+02
 0.597604E+00 -.346415E+01 -.167296E+01 -.165599E+01 0.176246E+02
 0.558841E+00 -.346435E+01 -.167333E+01 -.165745E+01 0.177789E+02
 0.588191E+00 -.347491E+01 -.166833E+01 -.166454E+01 0.178617E+02
 0.593392E+00 -.346578E+01 -.167056E+01 -.161146E+01 0.181686E+02
 0.651187E+00 -.346341E+01 -.167247E+01 -.167104E+01 0.178731E+02
 0.537622E+00 -.346405E+01 -.166561E+01 -.165800E+01 0.178683E+02
 0.594951E+00 -.346974E+01 -.166626E+01 -.164628E+01 0.177766E+02
 0.592562E+00 -.346077E+01 -.167072E+01 -.165335E+01 0.176583E+02
 0.595628E+00 -.346425E+01 -.167379E+01 -.165789E+01 0.176232E+02
 0.601651E+00 -.346404E+01 -.167187E+01 -.165857E+01 0.176301E+02
 0.599408E+00 -.346436E+01 -.167555E+01 -.165779E+01 0.176246E+02
 0.593433E+00 -.346496E+01 -.168022E+01 -.165522E+01 0.176505E+02
 0.595270E+00 -.346284E+01 -.166948E+01 -.166030E+01 0.176302E+02
 0.594326E+00 -.346318E+01 -.167627E+01 -.162117E+01 0.178615E+02
 0.592662E+00 -.346376E+01 -.167355E+01 -.165307E+01 0.176254E+02
 0.593788E+00 -.346449E+01 -.167257E+01 -.165743E+01 0.176225E+02
 0.531458E+00 -.346444E+01 -.166961E+01 -.165660E+01 0.180162E+02
 0.597374E+00 -.346520E+01 -.167117E+01 -.159817E+01 0.185554E+02
 0.595044E+00 -.346349E+01 -.167140E+01 -.165768E+01 0.176246E+02
 0.578600E+00 -.346425E+01 -.176921E+01 -.164714E+01 0.234005E+02
 0.600450E+00 -.346423E+01 -.167216E+01 -.166074E+01 0.176265E+02
 0.493961E+00 -.346420E+01 -.166462E+01 -.168100E+01 0.190271E+02
 0.603213E+00 -.349290E+01 -.167332E+01 -.165771E+01 0.194250E+02
 0.612362E+00 -.346411E+01 -.167194E+01 -.165834E+01 0.176620E+02
 0.595549E+00 -.346390E+01 -.167458E+01 -.165680E+01 0.176234E+02
 0.593940E+00 -.346407E+01 -.167176E+01 -.165752E+01 0.176226E+02
 0.593851E+00 -.346418E+01 -.167319E+01 -.165517E+01 0.176233E+02
 0.593733E+00 -.346452E+01 -.167242E+01 -.165124E+01 0.176312E+02
 0.604480E+00 -.348186E+01 -.171564E+01 -.155660E+01 0.195080E+02
 0.594293E+00 -.346348E+01 -.167257E+01 -.165690E+01 0.176234E+02
 0.658641E+00 -.346672E+01 -.167224E+01 -.164927E+01 0.181761E+02
 0.567985E+00 -.346533E+01 -.167326E+01 -.165775E+01 0.177084E+02
 0.619109E+00 -.346350E+01 -.167125E+01 -.165706E+01 0.177049E+02
 0.593729E+00 -.346447E+01 -.167140E+01 -.165899E+01 0.176226E+02
 0.590231E+00 -.346454E+01 -.167110E+01 -.166623E+01 0.176367E+02
 0.605876E+00 -.346317E+01 -.166702E+01 -.165565E+01 0.176930E+02
 0.616444E+00 -.346465E+01 -.175750E+01 -.166690E+01 0.217132E+02
 0.454457E+00 -.345904E+01 -.166494E+01 -.165469E+01 0.200572E+02
 0.595372E+00 -.346364E+01 -.166497E+01 -.165536E+01 0.176703E+02
 0.593939E+00 -.346412E+01 -.167230E+01 -.165882E+01 0.176225E+02
 0.592952E+00 -.345977E+01 -.166606E+01 -.183260E+01 0.215600E+02
 0.593862E+00 -.346392E+01 -.167340E+01 -.165504E+01 0.176234E+02
 0.600462E+00 -.348914E+01 -.165689E+01 -.166009E+01 0.190783E+02
 0.623986E+00 -.346157E+01 -.166893E+01 -.166193E+01 0.177477E+02
 0.622062E+00 -.346386E+01 -.167304E+01 -.165637E+01 0.177041E+02
 0.604653E+00 -.346460E+01 -.167251E+01 -.165822E+01 0.176353E+02
 0.566946E+00 -.346873E+01 -.169346E+01 -.158972E+01 0.182173E+02
 0.583848E+00 -.346473E+01 -.165889E+01 -.153503E+01 0.226513E+02
 0.586754E+00 -.346428E+01 -.167313E+01 -.165837E+01 0.176312E+02
 0.589791E+00 -.346426E+01 -.167245E+01 -.165730E+01 0.176238E+02
 0.623450E+00 -.351722E+01 -.166988E+01 -.164313E+01 0.237922E+02
 0.616764E+00 -.346497E+01 -.167101E+01 -.165486E+01 0.177119E+02
 0.588184E+00 -.346366E+01 -.167250E+01 -.165583E+01 0.176261E+02
 0.595624E+00 -.346287E+01 -.169777E+01 -.165774E+01 0.179679E+02
 0.594310E+00 -.346336E+01 -.166313E+01 -.163165E+01 0.179576E+02
 0.593295E+00 -.346429E+01 -.167364E+01 -.165978E+01 0.176263E+02
 0.600736E+00 -.346389E+01 -.167525E+01 -.166058E+01 0.176268E+02
 0.600172E+00 -.346491E+01 -.167433E+01 -.165620E+01 0.176267E+02
 0.592640E+00 -.346124E+01 -.167845E+01 -.165512E+01 0.176559E+02
 0.593341E+00 -.346411E+01 -.167273E+01 -.165775E+01 0.176224E+02
 0.593426E+00 -.346507E+01 -.166280E+01 -.165746E+01 0.176733E+02
 0.591350E+00 -.346713E+01 -.166918E+01 -.166675E+01 0.176475E+02
 0.582794E+00 -.346388E+01 -.167379E+01 -.165818E+01 0.176460E+02
 0.603513E+00 -.346301E+01 -.167407E+01 -.165904E+01 0.176279E+02
 0.592804E+00 -.346473E+01 -.168918E+01 -.166190E+01 0.178324E+02
 0.595193E+00 -.346444E+01 -.167559E+01 -.165294E+01 0.176247E+02
 0.593347E+00 -.346630E+01 -.167459E+01 -.165235E+01 0.176355E+02
 0.594079E+00 -.346355E+01 -.166880E+01 -.165670E+01 0.176333E+02
 0.604239E+00 -.346566E+01 -.167961E+01 -.165203E+01 0.176346E+02
 0.593236E+00 -.345898E+01 -.167075E+01 -.163025E+01 0.178790E+02
 0.588403E+00 -.345887E+01 -.165862E+01 -.165609E+01 0.177906E+02
 0.594434E+00 -.346394E+01 -.167228E+01 -.165618E+01 0.176231E+02
 0.593415E+00 -.346442E+01 -.167213E+01 -.165843E+01 0.176224E+02
 0.589040E+00 -.346440E+01 -.166873E+01 -.165894E+01 0.176236E+02
 0.591919E+00 -.346459E+01 -.167492E+01 -.165561E+01 0.176264E+02
 0.594265E+00 -.346404E+01 -.167209E+01 -.165832E+01 0.176224E+02
 0.593691E+00 -.346496E+01 -.167108E+01 -.163885E+01 0.177144E+02
 0.610476E+00 -.345523E+01 -.166729E+01 -.165024E+01 0.179157E+02
 0.599146E+00 -.346279E+01 -.168533E+01 -.167440E+01 0.178460E+02
 0.607815E+00 -.346411E+01 -.167128E+01 -.165900E+01 0.176477E+02
 0.629300E+00 -.345889E+01 -.163420E+01 -.165466E+01 0.192262E+02
 0.594487E+00 -.346415E+01 -.167057E+01 -.166080E+01 0.176235E+02
 0.588967E+00 -.346579E+01 -.167357E+01 -.164688E+01 0.176428E+02
 0.599864E+00 -.346347E+01 -.167515E+01 -.165519E+01 0.176239E+02
 0.611162E+00 -.346408E+01 -.167299E+01 -.166491E+01 0.176447E+02
 0.612036E+00 -.346390E+01 -.167070E+01 -.165566E+01 0.176803E+02
 0.606415E+00 -.346443E+01 -.167956E+01 -.166251E+01 0.176452E+02
 0.593139E+00 -.346428E+01 -.167263E+01 -.165475E+01 0.176236E+02
 0.594931E+00 -.346409E+01 -.167256E+01 -.165743E+01 0.176224E+02
 0.718975E+00 -.346871E+01 -.166812E+01 -.166352E+01 0.192512E+02
 0.591915E+00 -.346406E+01 -.167410E+01 -.165759E+01 0.176259E+02
 0.598161E+00 -.346970E+01 -.167485E+01 -.165347E+01 0.176980E+02
 0.593997E+00 -.346492E+01 -.166939E+01 -.165720E+01 0.176292E+02
 0.620365E+00 -.346367E+01 -.167245E+01 -.163958E+01 0.178396E+02
 0.595669E+00 -.346400E+01 -.167564E+01 -.165675E+01 0.176250E+02
 0.549081E+00 -.346202E+01 -.166891E+01 -.166338E+01 0.178689E+02
 0.594774E+00 -.345738E+01 -.163516E+01 -.158582E+01 0.212927E+02
 0.592284E+00 -.346408E+01 -.167297E+01 -.165973E+01 0.176251E+02
 0.571732E+00 -.346690E+01 -.166595E+01 -.166304E+01 0.176500E+02
 0.590869E+00 -.346123E+01 -.169011E+01 -.165784E+01 0.178356E+02
 0.576415E+00 -.346378E+01 -.170429E+01 -.165887E+01 0.184982E+02
 0.594126E+00 -.346408E+01 -.167036E+01 -.166018E+01 0.176235E+02
 0.595741E+00 -.346211E+01 -.167905E+01 -.166421E+01 0.176781E+02
 0.584516E+00 -.346582E+01 -.167236E+01 -.165988E+01 0.176391E+02
 0.561119E+00 -.348748E+01 -.167697E+01 -.167372E+01 0.190466E+02
 0.593596E+00 -.346059E+01 -.167231E+01 -.164566E+01 0.176833E+02
 0.596498E+00 -.346379E+01 -.166979E+01 -.166394E+01 0.176272E+02
 0.605215E+00 -.345601E+01 -.171145E+01 -.167251E+01 0.187373E+02
 0.594338E+00 -.346480E+01 -.167181E+01 -.166509E+01 0.176321E+02
 0.601955E+00 -.346553E+01 -.167351E+01 -.166825E+01 0.176494E+02
 0.630328E+00 -.346749E+01 -.167876E+01 -.165505E+01 0.177447E+02
 0.592836E+00 -.346404E+01 -.167522E+01 -.167042E+01 0.176818E+02
 0.592161E+00 -.346411E+01 -.166657E+01 -.165643E+01 0.176420E+02
 0.591299E+00 -.346334E+01 -.167527E+01 -.166074E+01 0.176402E+02
 0.608747E+00 -.346714E+01 -.162756E+01 -.170441E+01 0.183113E+02
 0.594873E+00 -.346488E+01 -.166736E+01 -.165736E+01 0.176409E+02
 0.584251E+00 -.346613E+01 -.167062E+01 -.165812E+01 0.176316E+02
 0.598588E+00 -.346395E+01 -.167072E+01 -.165764E+01 0.176298E+02
 0.597316E+00 -.346412E+01 -.167327E+01 -.165726E+01 0.176232E+02
 0.594689E+00 -.346299E+01 -.167442E+01 -.163234E+01 0.177458E+02
 0.593198E+00 -.346434E+01 -.167351E+01 -.165450E+01 0.176237E+02
 0.595013E+00 -.346437E+01 -.167572E+01 -.165890E+01 0.176296E+02
 0.609745E+00 -.346474E+01 -.164352E+01 -.165823E+01 0.182813E+02
 0.591974E+00 -.346409E+01 -.167244E+01 -.165665E+01 0.176226E+02
 0.594812E+00 -.346402E+01 -.166984E+01 -.165718E+01 0.176280E+02
 0.594523E+00 -.346428E+01 -.164681E+01 -.166459E+01 0.179037E+02
 0.594152E+00 -.346522E+01 -.167682E+01 -.166982E+01 0.176936E+02
 0.594659E+00 -.342006E+01 -.166621E+01 -.169257E+01 0.224503E+02
 0.599130E+00 -.346431E+01 -.167202E+01 -.165701E+01 0.176273E+02
 0.594522E+00 -.346286E+01 -.166454E+01 -.165607E+01 0.176721E+02
 0.593312E+00 -.346284E+01 -.167128E+01 -.165263E+01 0.176353E+02
 0.594654E+00 -.346405E+01 -.162918E+01 -.165037E+01 0.187996E+02
 0.592518E+00 -.346383E+01 -.166014E+01 -.165531E+01 0.177157E+02
 0.613557E+00 -.346406E+01 -.171534E+01 -.162677E+01 0.179330E+02
 0.565768E+00 -.346202E+01 -.167498E+01 -.165575E+01 0.177602E+02
 0.583786E+00 -.346666E+01 -.169314E+01 -.156630E+01 0.188547E+02
 0.597382E+00 -.348384E+01 -.166367E+01 -.165905E+01 0.184892E+02
 0.600939E+00 -.346359E+01 -.167238E+01 -.165802E+01 0.176280E+02
 0.631137E+00 -.346380E+01 -.167341E+01 -.165043E+01 0.177966E+02
 0.556102E+00 -.348990E+01 -.167398E+01 -.166598E+01 0.191361E+02
 0.594534E+00 -.346391E+01 -.167165E+01 -.168156E+01 0.177245E+02
 0.556272E+00 -.346391E+01 -.168525E+01 -.164300E+01 0.179460E+02
 0.588587E+00 -.346420E+01 -.166600E+01 -.156584E+01 0.200829E+02
 0.597070E+00 -.346288E+01 -.167814E+01 -.166275E+01 0.176539E+02
 0.588204E+00 -.346247E+01 -.167193E+01 -.166453E+01 0.176470E+02
 0.594218E+00 -.346432E+01 -.167228E+01 -.165691E+01 0.176226E+02
 0.591433E+00 -.346421E+01 -.167142E+01 -.165875E+01 0.176225E+02
 0.609476E+00 -.346454E+01 -.168412E+01 -.165770E+01 0.176512E+02
 0.593412E+00 -.346489E+01 -.167246E+01 -.165413E+01 0.176256E+02
 0.599557E+00 -.346197E+01 -.166688E+01 -.166175E+01 0.176552E+02
 0.598770E+00 -.346290E+01 -.167652E+01 -.168442E+01 0.178047E+02
 0.597239E+00 -.346376E+01 -.167438E+01 -.165539E+01 0.176232E+02
 0.593893E+00 -.346335E+01 -.167075E+01 -.165738E+01 0.176259E+02
 0.466472E+00 -.346451E+01 -.167342E+01 -.165504E+01 0.198487E+02
 0.595378E+00 -.346396E+01 -.167469E+01 -.160801E+01 0.181537E+02
 0.593183E+00 -.346312E+01 -.167188E+01 -.165634E+01 0.176257E+02
 0.598058E+00 -.346438E+01 -.167245E+01 -.165788E+01 0.176244E+02
 0.698161E+00 -.346533E+01 -.167689E+01 -.169262E+01 0.183233E+02
 0.598359E+00 -.346510E+01 -.167342E+01 -.166092E+01 0.176281E+02
 0.596972E+00 -.346408E+01 -.167425E+01 -.165784E+01 0.176232E+02
 0.593174E+00 -.346430E+01 -.167104E+01 -.165405E+01 0.176280E+02
 0.593877E+00 -.346440E+01 -.167201E+01 -.165780E+01 0.176224E+02
 0.593695E+00 -.346419E+01 -.167331E+01 -.165577E+01 0.176230E+02
 0.593845E+00 -.346447E+01 -.167248E+01 -.165063E+01 0.176332E+02
 0.608472E+00 -.345968E+01 -.164865E+01 -.154238E+01 0.237031E+02
 0.594154E+00 -.346462E+01 -.167207E+01 -.165718E+01 0.176230E+02
 0.706204E+00 -.346647E+01 -.167162E+01 -.165090E+01 0.189629E+02
 0.598566E+00 -.346495E+01 -.167360E+01 -.165701E+01 0.176259E+02
 0.616427E+00 -.346341E+01 -.167249E+01 -.165672E+01 0.176786E+02
 0.594214E+00 -.346386E+01 -.167079E+01 -.166075E+01 0.176235E+02
 0.593044E+00 -.345546E+01 -.168003E+01 -.166495E+01 0.178590E+02
 0.600676E+00 -.346362E+01 -.165936E+01 -.165600E+01 0.177738E+02
 0.629008E+00 -.346464E+01 -.168649E+01 -.167024E+01 0.177255E+02
 0.415244E+00 -.347514E+01 -.166848E+01 -.170333E+01 0.237775E+02
 0.710136E+00 -.345887E+01 -.168359E+01 -.165617E+01 0.183696E+02
 0.591330E+00 -.346781E+01 -.167393E+01 -.165954E+01 0.176577E+02
 0.592544E+00 -.346411E+01 -.167216E+01 -.166051E+01 0.176243E+02
 0.592160E+00 -.346143E+01 -.168509E+01 -.156459E+01 0.192681E+02
 0.595010E+00 -.346446E+01 -.167315E+01 -.165789E+01 0.176231E+02
 0.608647E+00 -.348833E+01 -.165948E+01 -.166033E+01 0.190534E+02
 0.612630E+00 -.346623E+01 -.163013E+01 -.166333E+01 0.188125E+02
 0.595315E+00 -.346384E+01 -.167191E+01 -.165643E+01 0.176241E+02
 0.590797E+00 -.346470E+01 -.167252E+01 -.165828E+01 0.176241E+02
 0.605967E+00 -.349416E+01 -.170195E+01 -.155306E+01 0.212690E+02
 0.592349E+00 -.346332E+01 -.168086E+01 -.163559E+01 0.176688E+02
 0.595870E+00 -.346435E+01 -.167254E+01 -.165838E+01 0.176227E+02
 0.601021E+00 -.346409E+01 -.167318E+01 -.165794E+01 0.176261E+02
 0.545904E+00 -.350054E+01 -.167728E+01 -.165439E+01 0.204654E+02
 0.593134E+00 -.346496E+01 -.167282E+01 -.165506E+01 0.176248E+02
 0.592045E+00 -.346392E+01 -.166873E+01 -.165940E+01 0.176257E+02
 0.593153E+00 -.346287E+01 -.167081E+01 -.165827E+01 0.176273E+02
 0.617610E+00 -.346475E+01 -.166231E+01 -.168370E+01 0.177533E+02
 0.591305E+00 -.346539E+01 -.167075E+01 -.166824E+01 0.176432E+02
 0.589962E+00 -.346440E+01 -.167415E+01 -.165805E+01 0.176294E+02
 0.570320E+00 -.346557E+01 -.167616E+01 -.165609E+01 0.177225E+02
 0.595146E+00 -.345844E+01 -.168680E+01 -.165848E+01 0.177954E+02
 0.594565E+00 -.346411E+01 -.167228E+01 -.165773E+01 0.176224E+02
 0.595940E+00 -.346730E+01 -.172705E+01 -.165740E+01 0.193716E+02
 0.593674E+00 -.346603E+01 -.166527E+01 -.165854E+01 0.176529E+02
 0.592377E+00 -.346452E+01 -.167448E+01 -.165597E+01 0.176251E+02
 0.607382E+00 -.346307E+01 -.167213E+01 -.165709E+01 0.176455E+02
 0.604027E+00 -.346552E+01 -.167753E+01 -.166605E+01 0.176586E+02
 0.595548E+00 -.346476E+01 -.167266E+01 -.165529E+01 0.176253E+02
 0.592300E+00 -.346453E+01 -.167566E+01 -.166336E+01 0.176489E+02
 0.597085E+00 -.345650E+01 -.160544E+01 -.183952E+01 0.198787E+02
 0.595126E+00 -.346259E+01 -.167106E+01 -.165225E+01 0.176412E+02
 0.599619E+00 -.346342E+01 -.165757E+01 -.165644E+01 0.177964E+02
 0.591665E+00 -.346700E+01 -.167085E+01 -.166341E+01 0.176428E+02
 0.582244E+00 -.346465E+01 -.165071E+01 -.165563E+01 0.178035E+02
 0.594636E+00 -.346414E+01 -.167193E+01 -.165713E+01 0.176229E+02
 0.592659E+00 -.346409E+01 -.167235E+01 -.165746E+01 0.176224E+02
 0.605568E+00 -.346564E+01 -.166414E+01 -.166285E+01 0.176963E+02
 0.593576E+00 -.346407E+01 -.167306E+01 -.165945E+01 0.176240E+02
 0.594040E+00 -.346407E+01 -.167194E+01 -.165755E+01 0.176225E+02
 0.594590E+00 -.346425E+01 -.166931E+01 -.164969E+01 0.176562E+02
 0.616576E+00 -.345866E+01 -.168495E+01 -.165817E+01 0.176829E+02
 0.593090E+00 -.346338E+01 -.167618E+01 -.167101E+01 0.176963E+02
 0.586597E+00 -.346413E+01 -.167104E+01 -.165808E+01 0.176252E+02
 0.595753E+00 -.345166E+01 -.166819E+01 -.165582E+01 0.180035E+02
 0.455271E+00 -.349275E+01 -.165938E+01 -.164072E+01 0.201584E+02
 0.595067E+00 -.346457E+01 -.167291E+01 -.165573E+01 0.176239E+02
 0.588487E+00 -.347228E+01 -.167370E+01 -.165756E+01 0.177668E+02
 0.603968E+00 -.346271E+01 -.167255E+01 -.165578E+01 0.176390E+02
 0.589324E+00 -.346411E+01 -.167265E+01 -.166957E+01 0.176636E+02
 0.592282E+00 -.346290E+01 -.167305E+01 -.165643E+01 0.176271E+02
 0.592022E+00 -.346443E+01 -.167104E+01 -.166226E+01 0.176250E+02
 0.593497E+00 -.346430E+01 -.167232E+01 -.166151E+01 0.176254E+02
 0.593637E+00 -.346408E+01 -.167254E+01 -.165753E+01 0.176223E+02
 0.677646E+00 -.346192E+01 -.166623E+01 -.165645E+01 0.185168E+02
 0.589739E+00 -.346413E+01 -.166978E+01 -.165657E+01 0.176245E+02
 0.595712E+00 -.346622E+01 -.167281E+01 -.165502E+01 0.176346E+02
 0.594253E+00 -.346429E+01 -.167477E+01 -.165795E+01 0.176257E+02
 0.573304E+00 -.346406E+01 -.167279E+01 -.166833E+01 0.177340E+02
 0.593029E+00 -.346415E+01 -.167203E+01 -.164611E+01 0.176525E+02
 0.528280E+00 -.345931E+01 -.165920E+01 -.164529E+01 0.179769E+02
 0.593519E+00 -.345959E+01 -.165191E+01 -.157934E+01 0.203642E+02
 0.481151E+00 -.346710E+01 -.159996E+01 -.175107E+01 0.183311E+02
 0.592559E+00 -.346396E+01 -.167153E+01 -.165838E+01 0.176225E+02
 0.555645E+00 -.347770E+01 -.163416E+01 -.166985E+01 0.180310E+02
 0.594310E+00 -.345952E+01 -.176100E+01 -.165861E+01 0.223871E+02
 0.609219E+00 -.346223E+01 -.163892E+01 -.165958E+01 0.184418E+02
 0.594048E+00 -.346414E+01 -.167113E+01 -.165912E+01 0.176228E+02
 0.595467E+00 -.346466E+01 -.167479E+01 -.165940E+01 0.176277E+02
 0.579851E+00 -.346664E+01 -.167541E+01 -.165371E+01 0.176640E+02
 0.543367E+00 -.346274E+01 -.167318E+01 -.170047E+01 0.186680E+02
 0.589704E+00 -.346354E+01 -.167283E+01 -.165933E+01 0.176283E+02
 0.600562E+00 -.346433E+01 -.167969E+01 -.165922E+01 0.176413E+02
 0.659069E+00 -.344900E+01 -.173470E+01 -.167372E+01 0.193450E+02
 0.594494E+00 -.346503E+01 -.167287E+01 -.166823E+01 0.176486E+02
 0.602116E+00 -.346622E+01 -.167825E+01 -.166914E+01 0.176911E+02
 0.594960E+00 -.346660E+01 -.167576E+01 -.165735E+01 0.176417E+02
 0.611270E+00 -.346416E+01 -.167730E+01 -.162325E+01 0.179027E+02
 0.592723E+00 -.346421E+01 -.166939E+01 -.165670E+01 0.176276E+02
 0.595898E+00 -.346420E+01 -.167284E+01 -.166392E+01 0.176300E+02
 0.607164E+00 -.346444E+01 -.166246E+01 -.159316E+01 0.192649E+02
 0.594709E+00 -.346366E+01 -.167684E+01 -.165727E+01 0.176312E+02
 0.591438E+00 -.347048E+01 -.167079E+01 -.165866E+01 0.177056E+02
 0.597338E+00 -.346400E+01 -.167162E+01 -.165773E+01 0.176251E+02
 0.594898E+00 -.346388E+01 -.167177E+01 -.165723E+01 0.176233E+02
 0.593560E+00 -.346327E+01 -.167436E+01 -.166698E+01 0.176540E+02
 0.593676E+00 -.346433E+01 -.167139E+01 -.165230E+01 0.176316E+02
 0.593562E+00 -.346359E+01 -.168078E+01 -.166056E+01 0.176768E+02
 0.614862E+00 -.346572E+01 -.165861E+01 -.165719E+01 0.179088E+02
 0.593253E+00 -.346405E+01 -.167372E+01 -.165640E+01 0.176233E+02
 0.588317E+00 -.346427E+01 -.165827E+01 -.165765E+01 0.177023E+02
 0.572572E+00 -.346455E+01 -.166750E+01 -.164901E+01 0.176520E+02
 0.594090E+00 -.346381E+01 -.167477E+01 -.167228E+01 0.176860E+02
 0.608699E+00 -.343427E+01 -.169250E+01 -.163962E+01 0.195626E+02
 0.591774E+00 -.346380E+01 -.167263E+01 -.165631E+01 0.176232E+02
 0.591983E+00 -.346259E+01 -.166893E+01 -.165416E+01 0.176419E+02
 0.592953E+00 -.346417E+01 -.167062E+01 -.165925E+01 0.176227E+02
 0.621281E+00 -.346410E+01 -.169708E+01 -.164423E+01 0.176812E+02
 0.592529E+00 -.346413E+01 -.165637E+01 -.165713E+01 0.177593E+02
 0.596704E+00 -.347141E+01 -.174369E+01 -.168314E+01 0.219043E+02
 0.612517E+00 -.346460E+01 -.171496E+01 -.165334E+01 0.182983E+02
 0.608072E+00 -.346646E+01 -.167469E+01 -.165762E+01 0.176521E+02
 0.572393E+00 -.346689E+01 -.165898E+01 -.170428E+01 0.178997E+02
 0.626018E+00 -.344019E+01 -.166592E+01 -.166186E+01 0.190242E+02
 0.593609E+00 -.346473E+01 -.167330E+01 -.165786E+01 0.176240E+02
 0.611542E+00 -.346316E+01 -.167350E+01 -.165653E+01 0.176503E+02
 0.594980E+00 -.346664E+01 -.167169E+01 -.166129E+01 0.176377E+02
 0.594950E+00 -.346253E+01 -.167314E+01 -.170551E+01 0.180663E+02
 0.553853E+00 -.346234E+01 -.167779E+01 -.166227E+01 0.179887E+02
 0.616166E+00 -.346410E+01 -.168203E+01 -.161648E+01 0.179533E+02
 0.600301E+00 -.345986E+01 -.168469E+01 -.165900E+01 0.177130E+02
 0.590554E+00 -.346564E+01 -.167330E+01 -.166892E+01 0.176662E+02
 0.593274E+00 -.346414E+01 -.167147E+01 -.165653E+01 0.176233E+02
 0.585499E+00 -.346418E+01 -.167151E+01 -.165767E+01 0.176272E+02
 0.599488E+00 -.346396E+01 -.168028E+01 -.165725E+01 0.176397E+02
 0.594087E+00 -.346465E+01 -.166665E+01 -.165763E+01 0.176422E+02
 0.600646E+00 -.346500E+01 -.167524E+01 -.165911E+01 0.176281E+02
 0.595125E+00 -.346278E+01 -.166877E+01 -.170569E+01 0.179726E+02
 0.597836E+00 -.346422E+01 -.167430E+01 -.165959E+01 0.176248E+02
 0.593911E+00 -.346336E+01 -.167102E+01 -.165734E+01 0.176254E+02
 0.651534E+00 -.346316E+01 -.167667E+01 -.165615E+01 0.178669E+02
 0.590015E+00 -.346341E+01 -.167756E+01 -.167574E+01 0.177724E+02
 0.592276E+00 -.346519E+01 -.167314E+01 -.165765E+01 0.176258E+02
 0.592183E+00 -.346413E+01 -.167276E+01 -.165528E+01 0.176231E+02
 0.500900E+00 -.346352E+01 -.162068E+01 -.167136E+01 0.178818E+02
 0.589111E+00 -.344377E+01 -.167270E+01 -.165789E+01 0.186065E+02
 0.582856E+00 -.346409E+01 -.167492E+01 -.165439E+01 0.176439E+02
 0.592955E+00 -.346440E+01 -.167471E+01 -.165559E+01 0.176247E+02
 0.592622E+00 -.346456E+01 -.167246E+01 -.165827E+01 0.176229E+02
 0.593563E+00 -.346421E+01 -.167233E+01 -.165780E+01 0.176223E+02
 0.594609E+00 -.346420E+01 -.167303E+01 -.166269E+01 0.176286E+02
 0.601542E+00 -.344758E+01 -.167363E+01 -.167524E+01 0.182765E+02
 0.594163E+00 -.346485E+01 -.167158E+01 -.165781E+01 0.176237E+02
 0.504617E+00 -.346553E+01 -.167190E+01 -.166041E+01 0.186516E+02
 0.612995E+00 -.346385E+01 -.167235E+01 -.165695E+01 0.176647E+02
 0.581114E+00 -.346410E+01 -.167435E+01 -.165726E+01 0.176525E+02
 0.593909E+00 -.346420E+01 -.167325E+01 -.165984E+01 0.176249E+02
 0.596559E+00 -.346244E+01 -.167100E+01 -.165441E+01 0.176383E+02
 0.594896E+00 -.346468E+01 -.167054E+01 -.165951E+01 0.176243E+02
 0.582965E+00 -.346234E+01 -.160501E+01 -.166080E+01 0.195944E+02
 0.733493E+00 -.346030E+01 -.168722E+01 -.165304E+01 0.186277E+02
 0.591376E+00 -.346761E+01 -.167723E+01 -.165997E+01 0.176765E+02
 0.593744E+00 -.346410E+01 -.167271E+01 -.165763E+01 0.176224E+02
 0.593401E+00 -.346469E+01 -.167125E+01 -.165895E+01 0.176229E+02
 0.612695E+00 -.342888E+01 -.168910E+01 -.165969E+01 0.203907E+02
 0.549931E+00 -.346821E+01 -.163220E+01 -.166543E+01 0.178259E+02
 0.572910E+00 -.346406E+01 -.167157E+01 -.165671E+01 0.176642E+02
 0.583861E+00 -.346455E+01 -.167243E+01 -.165782E+01 0.176332E+02
 0.604773E+00 -.346760E+01 -.167937E+01 -.159193E+01 0.185722E+02
 0.597760E+00 -.346292E+01 -.168422E+01 -.174079E+01 0.193116E+02
 0.600918E+00 -.346433E+01 -.167186E+01 -.165807E+01 0.176294E+02
 0.591132E+00 -.346402E+01 -.167297E+01 -.165764E+01 0.176240E+02
 0.521363E+00 -.347304E+01 -.167989E+01 -.164985E+01 0.184940E+02
 0.575490E+00 -.346479E+01 -.167403E+01 -.165604E+01 0.176689E+02
 0.595135E+00 -.346450E+01 -.167059E+01 -.166115E+01 0.176241E+02
 0.591824E+00 -.346485E+01 -.165226E+01 -.165827E+01 0.178193E+02
 0.583266E+00 -.346498E+01 -.166401E+01 -.167198E+01 0.176381E+02
 0.593610E+00 -.346475E+01 -.167362E+01 -.165810E+01 0.176247E+02
 0.592420E+00 -.346440E+01 -.167370E+01 -.165275E+01 0.176253E+02
 0.587742E+00 -.346382E+01 -.167155E+01 -.165775E+01 0.176253E+02
 0.595658E+00 -.345986E+01 -.167206E+01 -.165503E+01 0.176665E+02
 0.594167E+00 -.346418E+01 -.167191E+01 -.165811E+01 0.176224E+02
 0.596720E+00 -.346399E+01 -.167980E+01 -.165763E+01 0.176440E+02
 0.582195E+00 -.346470E+01 -.166883E+01 -.165374E+01 0.176301E+02
 0.601068E+00 -.346484E+01 -.167316E+01 -.165684E+01 0.176291E+02
 0.583836E+00 -.346500E+01 -.166991E+01 -.165243E+01 0.176302E+02
 0.603853E+00 -.346404E+01 -.164595E+01 -.166110E+01 0.180743E+02
 0.596608E+00 -.346419E+01 -.167082E+01 -.165747E+01 0.176267E+02
 0.593966E+00 -.346421E+01 -.167451E+01 -.166440E+01 0.176415E+02
 0.594882E+00 -.346695E+01 -.167698E+01 -.165443E+01 0.176467E+02
 0.597846E+00 -.346146E+01 -.166627E+01 -.165850E+01 0.176701E+02
 0.592376E+00 -.347287E+01 -.167114E+01 -.168690E+01 0.179440E+02
 0.539864E+00 -.346850E+01 -.167719E+01 -.165524E+01 0.180754E+02
 0.594363E+00 -.346424E+01 -.167240E+01 -.165865E+01 0.176224E+02
 0.593114E+00 -.346390E+01 -.167251E+01 -.165693E+01 0.176225E+02
 0.598213E+00 -.346398E+01 -.167595E+01 -.166074E+01 0.176305E+02
 0.594804E+00 -.346375E+01 -.167074E+01 -.166141E+01 0.176242E+02
 0.593363E+00 -.346425E+01 -.167260E+01 -.165751E+01 0.176223E+02
 0.593369E+00 -.346363E+01 -.167167E+01 -.167971E+01 0.177131E+02
 0.612494E+00 -.347183E+01 -.168512E+01 -.165976E+01 0.178313E+02
 0.590392E+00 -.346403E+01 -.166825E+01 -.164246E+01 0.177030E+02
 0.576775E+00 -.346418E+01 -.167525E+01 -.165652E+01 0.176767E+02
 0.594459E+00 -.346483E+01 -.167184E+01 -.166064E+01 0.176243E+02
 0.588885E+00 -.346346E+01 -.167259E+01 -.166420E+01 0.176414E+02
 0.603174E+00 -.346262E+01 -.167286E+01 -.165809E+01 0.176328E+02
 0.580604E+00 -.346388E+01 -.167175E+01 -.165086E+01 0.176381E+02
 0.578842E+00 -.346367E+01 -.167427E+01 -.165880E+01 0.176678E+02
 0.582257E+00 -.346420E+01 -.166574E+01 -.165963E+01 0.176270E+02
 0.593436E+00 -.346418E+01 -.167252E+01 -.165879E+01 0.176227E+02
 0.592575E+00 -.346410E+01 -.167247E+01 -.165797E+01 0.176226E+02
 0.562398E+00 -.346475E+01 -.168146E+01 -.165407E+01 0.178721E+02
 0.589296E+00 -.346413E+01 -.166961E+01 -.165726E+01 0.176239E+02
 0.593235E+00 -.346193E+01 -.167193E+01 -.165732E+01 0.176342E+02
 0.594637E+00 -.346368E+01 -.167767E+01 -.165836E+01 0.176382E+02
 0.561837E+00 -.346441E+01 -.167088E+01 -.166724E+01 0.177812E+02
 0.594667E+00 -.346407E+01 -.167030E+01 -.164711E+01 0.176627E+02
 0.607556E+00 -.346498E+01 -.167488E+01 -.164885E+01 0.176592E+02
 0.595525E+00 -.346493E+01 -.169673E+01 -.168352E+01 0.184023E+02
 0.593996E+00 -.346403E+01 -.167086E+01 -.165687E+01 0.176246E+02
 0.582361E+00 -.347529E+01 -.164475E+01 -.166119E+01 0.180703E+02
 0.592711E+00 -.345807E+01 -.169800E+01 -.165499E+01 0.180290E+02
 0.621460E+00 -.346501E+01 -.167305E+01 -.165788E+01 0.177018E+02
 0.593464E+00 -.346425E+01 -.167257E+01 -.165784E+01 0.176223E+02
 0.593165E+00 -.346640E+01 -.166897E+01 -.165353E+01 0.176479E+02
 0.603173E+00 -.346302E+01 -.167280E+01 -.165419E+01 0.176386E+02
 0.598056E+00 -.345528E+01 -.166452E+01 -.170378E+01 0.180418E+02
 0.590298E+00 -.346629E+01 -.167264E+01 -.166954E+01 0.176697E+02
 0.598623E+00 -.346443E+01 -.167575E+01 -.165159E+01 0.176266E+02
 0.603859E+00 -.346831E+01 -.170633E+01 -.166100E+01 0.182803E+02
 0.594440E+00 -.346381E+01 -.167339E+01 -.165733E+01 0.176231E+02
 0.594094E+00 -.346454E+01 -.167997E+01 -.166543E+01 0.176973E+02
 0.570690E+00 -.346219E+01 -.166788E+01 -.165837E+01 0.176714E+02
 0.607722E+00 -.346426E+01 -.167496E+01 -.168858E+01 0.177965E+02
 0.592384E+00 -.346395E+01 -.167392E+01 -.165842E+01 0.176260E+02
 0.594641E+00 -.346494E+01 -.166737E+01 -.165728E+01 0.176407E+02
 0.589451E+00 -.346291E+01 -.168712E+01 -.165826E+01 0.177796E+02
 0.595750E+00 -.346337E+01 -.168165E+01 -.165759E+01 0.176623E+02
 0.597378E+00 -.347272E+01 -.167192E+01 -.165847E+01 0.177891E+02
 0.592404E+00 -.346425E+01 -.167319E+01 -.165784E+01 0.176238E+02
 0.591841E+00 -.346424E+01 -.167142E+01 -.165766E+01 0.176224E+02
 0.592711E+00 -.346450E+01 -.167346E+01 -.165633E+01 0.176235E+02
 0.595441E+00 -.346369E+01 -.167151E+01 -.165788E+01 0.176240E+02
 0.600784E+00 -.346336E+01 -.167032E+01 -.165858E+01 0.176351E+02
 0.572268E+00 -.346641E+01 -.170222E+01 -.165691E+01 0.184558E+02
 0.595133E+00 -.346407E+01 -.167139E+01 -.165807E+01 0.176234E+02
 0.594376E+00 -.346439E+01 -.168565E+01 -.165738E+01 0.177164E+02
 0.559696E+00 -.346465E+01 -.168263E+01 -.165978E+01 0.179909E+02
 0.594490E+00 -.346403E+01 -.166926E+01 -.163372E+01 0.177989E+02
 0.598286E+00 -.350091E+01 -.170434E+01 -.160478E+01 0.208575E+02
 0.587063E+00 -.346380E+01 -.167275E+01 -.165733E+01 0.176287E+02
 0.591338E+00 -.346277E+01 -.167736E+01 -.165272E+01 0.176363E+02
 0.592987E+00 -.346519E+01 -.167258E+01 -.166301E+01 0.176318E+02
 0.619674E+00 -.346412E+01 -.173690E+01 -.167010E+01 0.199039E+02
 0.597583E+00 -.346435E+01 -.168520E+01 -.165311E+01 0.176714E+02
 0.595079E+00 -.346826E+01 -.159730E+01 -.163794E+01 0.213465E+02
 0.604136E+00 -.346661E+01 -.170858E+01 -.165086E+01 0.181484E+02
 0.630988E+00 -.346876E+01 -.167201E+01 -.165903E+01 0.178407E+02
 0.572692E+00 -.346345E+01 -.163770E+01 -.175151E+01 0.182853E+02
 0.623233E+00 -.342184E+01 -.167861E+01 -.164525E+01 0.216945E+02
 0.592810E+00 -.346510E+01 -.167355E+01 -.165694E+01 0.176254E+02
 0.560946E+00 -.346256E+01 -.167392E+01 -.166274E+01 0.178238E+02
 0.623484E+00 -.344557E+01 -.167029E+01 -.165709E+01 0.184464E+02
 0.593271E+00 -.346554E+01 -.167260E+01 -.164433E+01 0.176625E+02
 0.582298E+00 -.346215E+01 -.166193E+01 -.167101E+01 0.176513E+02
 0.625427E+00 -.346407E+01 -.168183E+01 -.173439E+01 0.187157E+02
 0.598856E+00 -.346447E+01 -.167602E+01 -.165268E+01 0.176252E+02
 0.591341E+00 -.346550E+01 -.167207E+01 -.165579E+01 0.176261E+02
 0.594621E+00 -.346437E+01 -.167126E+01 -.165784E+01 0.176234E+02
 0.598679E+00 -.346419E+01 -.167192E+01 -.165736E+01 0.176264E+02
 0.589277E+00 -.346426E+01 -.166528E+01 -.165756E+01 0.176397E+02
 0.593473E+00 -.346452E+01 -.167577E+01 -.165737E+01 0.176293E+02
 0.594609E+00 -.346640E+01 -.167853E+01 -.165667E+01 0.176520E+02
 0.591913E+00 -.346425E+01 -.167013E+01 -.166055E+01 0.176228E+02
 0.594566E+00 -.346455E+01 -.167422E+01 -.165616E+01 0.176236E+02
 0.593629E+00 -.346469E+01 -.167538E+01 -.165783E+01 0.176288E+02
 0.706490E+00 -.346324E+01 -.167260E+01 -.165701E+01 0.187528E+02
 0.590279E+00 -.346377E+01 -.167553E+01 -.169245E+01 0.179418E+02
 0.593814E+00 -.346590E+01 -.167178E+01 -.165873E+01 0.176288E+02
 0.588155E+00 -.346398E+01 -.167299E+01 -.165577E+01 0.176262E+02
 0.477325E+00 -.346326E+01 -.162867E+01 -.165047E+01 0.181561E+02
 0.587649E+00 -.344305E+01 -.167200E+01 -.165747E+01 0.186859E+02
 0.596778E+00 -.346422E+01 -.167333E+01 -.165450E+01 0.176250E+02
 0.593133E+00 -.346406E+01 -.167471E+01 -.165987E+01 0.176301E+02
 0.591811E+00 -.346407E+01 -.167273E+01 -.165811E+01 0.176233E+02
 0.593463E+00 -.346423E+01 -.167160E+01 -.165933E+01 0.176225E+02
 0.593609E+00 -.346366E+01 -.167284E+01 -.165726E+01 0.176230E+02
 0.591805E+00 -.347074E+01 -.173206E+01 -.168127E+01 0.208252E+02
 0.593467E+00 -.346369E+01 -.167138E+01 -.165819E+01 0.176232E+02
 0.477910E+00 -.346495E+01 -.167431E+01 -.167089E+01 0.198479E+02
 0.596543E+00 -.346359E+01 -.167037E+01 -.165815E+01 0.176278E+02
 0.556482E+00 -.346422E+01 -.167620E+01 -.165768E+01 0.178566E+02
 0.593215E+00 -.346486E+01 -.167394E+01 -.165751E+01 0.176254E+02
 0.597569E+00 -.347189E+01 -.166505E+01 -.166204E+01 0.177775E+02
 0.589091E+00 -.346511E+01 -.168141E+01 -.166163E+01 0.177156E+02
 0.568308E+00 -.346149E+01 -.167190E+01 -.166736E+01 0.177775E+02
 0.743321E+00 -.346415E+01 -.167289E+01 -.165634E+01 0.195007E+02
 0.598665E+00 -.349390E+01 -.154199E+01 -.178159E+01 0.233100E+02
 0.592989E+00 -.346140E+01 -.166624E+01 -.165906E+01 0.176586E+02
 0.594461E+00 -.346420E+01 -.167311E+01 -.165554E+01 0.176232E+02
