 0.230687E+01 -.348068E+01 -.181949E+01 -.162210E+01 0.262480E+02
 0.246379E+01 -.347361E+01 -.176570E+01 -.166023E+01 0.276870E+02
 0.241584E+01 -.344391E+01 -.198316E+01 -.138212E+01 0.236510E+02
 0.220000E+01 -.343919E+01 -.209023E+01 -.130000E+01 0.285960E+02
 0.220000E+01 -.349262E+01 -.192301E+01 -.147845E+01 0.282856E+02
 0.229519E+01 -.347436E+01 -.197735E+01 -.139542E+01 0.265521E+02
 0.236040E+01 -.344194E+01 -.199212E+01 -.132461E+01 0.274119E+02
 0.243217E+01 -.345904E+01 -.194568E+01 -.147581E+01 0.240758E+02
 0.244016E+01 -.345574E+01 -.198040E+01 -.145106E+01 0.257020E+02
 0.239548E+01 -.343229E+01 -.201190E+01 -.143312E+01 0.270483E+02
 0.245685E+01 -.346850E+01 -.196717E+01 -.141953E+01 0.252269E+02
 0.247399E+01 -.340502E+01 -.196266E+01 -.137121E+01 0.261332E+02
 0.233149E+01 -.343133E+01 -.195024E+01 -.137443E+01 0.246466E+02
 0.237654E+01 -.346963E+01 -.188619E+01 -.151214E+01 0.235907E+02
 0.268247E+01 -.344195E+01 -.183513E+01 -.145459E+01 0.281070E+02
 0.267079E+01 -.339159E+01 -.189461E+01 -.143869E+01 0.279135E+02
 0.258551E+01 -.346285E+01 -.192659E+01 -.155851E+01 0.273558E+02
 0.234870E+01 -.346862E+01 -.193814E+01 -.141576E+01 0.248682E+02
 0.244157E+01 -.344247E+01 -.189464E+01 -.149430E+01 0.213911E+02
 0.256383E+01 -.346051E+01 -.190855E+01 -.149754E+01 0.228544E+02
 0.243408E+01 -.340931E+01 -.184959E+01 -.147850E+01 0.259859E+02
 0.223046E+01 -.345365E+01 -.189777E+01 -.149419E+01 0.219305E+02
 0.245484E+01 -.344686E+01 -.194037E+01 -.139069E+01 0.241907E+02
 0.267940E+01 -.347886E+01 -.188584E+01 -.149362E+01 0.251547E+02
 0.265446E+01 -.340232E+01 -.190225E+01 -.157078E+01 0.262581E+02
 0.245934E+01 -.344954E+01 -.186803E+01 -.148461E+01 0.226740E+02
 0.240928E+01 -.343036E+01 -.187495E+01 -.165933E+01 0.267821E+02
 0.236176E+01 -.340866E+01 -.189861E+01 -.149842E+01 0.229602E+02
 0.244208E+01 -.342347E+01 -.189918E+01 -.143942E+01 0.231786E+02
 0.296377E+01 -.343933E+01 -.174983E+01 -.168887E+01 0.268913E+02
 0.266580E+01 -.345792E+01 -.189071E+01 -.149339E+01 0.223858E+02
 0.243717E+01 -.347362E+01 -.187109E+01 -.152741E+01 0.241591E+02
 0.246302E+01 -.343894E+01 -.188515E+01 -.160250E+01 0.241842E+02
 0.263485E+01 -.341992E+01 -.199969E+01 -.143867E+01 0.260749E+02
 0.257636E+01 -.340015E+01 -.190063E+01 -.148692E+01 0.242373E+02
 0.247863E+01 -.341878E+01 -.189663E+01 -.153630E+01 0.225360E+02
 0.263597E+01 -.339658E+01 -.189132E+01 -.148695E+01 0.250540E+02
 0.246680E+01 -.341161E+01 -.190552E+01 -.144920E+01 0.233627E+02
 0.257623E+01 -.343704E+01 -.189127E+01 -.150077E+01 0.213031E+02
 0.297100E+01 -.346195E+01 -.178812E+01 -.169530E+01 0.258303E+02
 0.245995E+01 -.342411E+01 -.209591E+01 -.130000E+01 0.286439E+02
 0.242982E+01 -.342812E+01 -.190421E+01 -.148573E+01 0.214421E+02
 0.252289E+01 -.347317E+01 -.189124E+01 -.151311E+01 0.242141E+02
 0.251438E+01 -.345394E+01 -.189713E+01 -.153189E+01 0.225689E+02
 0.251543E+01 -.344206E+01 -.189123E+01 -.151327E+01 0.214168E+02
 0.261397E+01 -.344790E+01 -.189039E+01 -.156050E+01 0.228234E+02
 0.221244E+01 -.343777E+01 -.201290E+01 -.143261E+01 0.273411E+02
 0.256384E+01 -.340758E+01 -.189128E+01 -.150758E+01 0.231223E+02
 0.252882E+01 -.341296E+01 -.190373E+01 -.141976E+01 0.251407E+02
 0.262493E+01 -.342516E+01 -.189132E+01 -.149405E+01 0.215952E+02
 0.265682E+01 -.344862E+01 -.189128E+01 -.149229E+01 0.217114E+02
 0.244264E+01 -.342394E+01 -.189830E+01 -.150881E+01 0.216761E+02
 0.258394E+01 -.345577E+01 -.189125E+01 -.149772E+01 0.221550E+02
 0.307276E+01 -.344096E+01 -.192878E+01 -.137995E+01 0.258756E+02
 0.257240E+01 -.346212E+01 -.188672E+01 -.157161E+01 0.242186E+02
 0.250158E+01 -.345203E+01 -.189126E+01 -.150675E+01 0.218530E+02
 0.288524E+01 -.341251E+01 -.190920E+01 -.146326E+01 0.227570E+02
 0.252810E+01 -.344753E+01 -.188050E+01 -.149391E+01 0.217995E+02
 0.245994E+01 -.341996E+01 -.189131E+01 -.151324E+01 0.218828E+02
 0.250645E+01 -.341540E+01 -.190212E+01 -.142540E+01 0.245560E+02
 0.270329E+01 -.343999E+01 -.195922E+01 -.138680E+01 0.234841E+02
 0.245053E+01 -.346550E+01 -.189911E+01 -.146179E+01 0.236446E+02
 0.256943E+01 -.343447E+01 -.189129E+01 -.150281E+01 0.212995E+02
 0.254098E+01 -.345130E+01 -.207499E+01 -.130000E+01 0.286241E+02
 0.247254E+01 -.339658E+01 -.191593E+01 -.148886E+01 0.249473E+02
 0.266641E+01 -.344731E+01 -.189128E+01 -.149357E+01 0.216352E+02
 0.314844E+01 -.345866E+01 -.175314E+01 -.170978E+01 0.273305E+02
 0.262895E+01 -.347184E+01 -.194652E+01 -.136846E+01 0.284261E+02
 0.220000E+01 -.345180E+01 -.185326E+01 -.157534E+01 0.221566E+02
 0.249412E+01 -.341026E+01 -.188647E+01 -.154531E+01 0.232788E+02
 0.264746E+01 -.344391E+01 -.189128E+01 -.150050E+01 0.214519E+02
 0.251268E+01 -.347810E+01 -.187398E+01 -.151591E+01 0.249026E+02
 0.243870E+01 -.343124E+01 -.189129E+01 -.150942E+01 0.213353E+02
 0.255867E+01 -.344864E+01 -.190317E+01 -.145263E+01 0.223826E+02
 0.235080E+01 -.342848E+01 -.189130E+01 -.149963E+01 0.213887E+02
 0.251378E+01 -.339143E+01 -.192682E+01 -.145838E+01 0.259479E+02
 0.261651E+01 -.343832E+01 -.189130E+01 -.149376E+01 0.213599E+02
 0.246755E+01 -.340410E+01 -.190107E+01 -.151006E+01 0.237104E+02
 0.250508E+01 -.341491E+01 -.202052E+01 -.136586E+01 0.252056E+02
 0.276089E+01 -.344348E+01 -.189128E+01 -.150162E+01 0.214486E+02
 0.240151E+01 -.345320E+01 -.186801E+01 -.151513E+01 0.220462E+02
 0.257933E+01 -.343299E+01 -.185383E+01 -.163435E+01 0.236684E+02
 0.272112E+01 -.343365E+01 -.189128E+01 -.151045E+01 0.213377E+02
 0.255905E+01 -.346586E+01 -.186022E+01 -.150029E+01 0.239071E+02
 0.256633E+01 -.342719E+01 -.189129E+01 -.149895E+01 0.214687E+02
 0.254232E+01 -.345397E+01 -.186819E+01 -.149950E+01 0.224532E+02
 0.263585E+01 -.339181E+01 -.192254E+01 -.148259E+01 0.259311E+02
 0.256979E+01 -.347492E+01 -.187284E+01 -.157626E+01 0.253093E+02
 0.243459E+01 -.342989E+01 -.189130E+01 -.149314E+01 0.213991E+02
 0.277283E+01 -.343842E+01 -.181312E+01 -.170022E+01 0.248609E+02
 0.239491E+01 -.344337E+01 -.189131E+01 -.151189E+01 0.214226E+02
 0.220000E+01 -.347268E+01 -.184078E+01 -.154385E+01 0.243759E+02
 0.269650E+01 -.343365E+01 -.189128E+01 -.152146E+01 0.214464E+02
 0.260271E+01 -.338648E+01 -.191295E+01 -.152630E+01 0.279330E+02
 0.266490E+01 -.343275E+01 -.186292E+01 -.157030E+01 0.218572E+02
 0.259686E+01 -.342642E+01 -.189127E+01 -.150289E+01 0.214931E+02
 0.311160E+01 -.345179E+01 -.187621E+01 -.151176E+01 0.219520E+02
 0.239228E+01 -.341932E+01 -.195760E+01 -.151297E+01 0.264862E+02
 0.242183E+01 -.342092E+01 -.186701E+01 -.144685E+01 0.254663E+02
 0.245391E+01 -.343030E+01 -.189130E+01 -.148656E+01 0.214784E+02
 0.245198E+01 -.340281E+01 -.183537E+01 -.161619E+01 0.253900E+02
 0.237322E+01 -.341832E+01 -.180253E+01 -.166379E+01 0.247030E+02
 0.327143E+01 -.343088E+01 -.189349E+01 -.159683E+01 0.245820E+02
 0.253883E+01 -.339139E+01 -.185104E+01 -.152272E+01 0.271190E+02
 0.254558E+01 -.342822E+01 -.189534E+01 -.160493E+01 0.253500E+02
 0.249498E+01 -.343767E+01 -.189131E+01 -.150683E+01 0.212964E+02
 0.240930E+01 -.344928E+01 -.192246E+01 -.144847E+01 0.221540E+02
 0.257143E+01 -.342832E+01 -.209704E+01 -.130000E+01 0.286693E+02
 0.245361E+01 -.345310E+01 -.188301E+01 -.150861E+01 0.219036E+02
 0.308433E+01 -.343015E+01 -.187667E+01 -.162471E+01 0.247735E+02
 0.255475E+01 -.341939E+01 -.184409E+01 -.151874E+01 0.233189E+02
 0.253088E+01 -.344412E+01 -.189132E+01 -.152455E+01 0.216242E+02
 0.247938E+01 -.349006E+01 -.184440E+01 -.154955E+01 0.273198E+02
 0.268678E+01 -.346220E+01 -.188886E+01 -.157654E+01 0.246003E+02
 0.256718E+01 -.343014E+01 -.204714E+01 -.135315E+01 0.261621E+02
 0.247109E+01 -.344622E+01 -.190625E+01 -.151207E+01 0.219347E+02
 0.257647E+01 -.342968E+01 -.190000E+01 -.151262E+01 0.215566E+02
 0.261855E+01 -.344517E+01 -.179888E+01 -.165325E+01 0.237674E+02
 0.251492E+01 -.343971E+01 -.189132E+01 -.151669E+01 0.213980E+02
 0.253575E+01 -.342583E+01 -.188971E+01 -.146014E+01 0.225221E+02
 0.283793E+01 -.342985E+01 -.189314E+01 -.158280E+01 0.237748E+02
 0.264931E+01 -.343912E+01 -.184338E+01 -.164838E+01 0.237773E+02
 0.259375E+01 -.344035E+01 -.194113E+01 -.149998E+01 0.234941E+02
 0.246871E+01 -.343413E+01 -.189130E+01 -.150330E+01 0.212869E+02
 0.350290E+01 -.343666E+01 -.192029E+01 -.141473E+01 0.233169E+02
 0.244442E+01 -.340763E+01 -.189208E+01 -.153529E+01 0.235122E+02
 0.253719E+01 -.340092E+01 -.189014E+01 -.151904E+01 0.241939E+02
 0.220000E+01 -.343552E+01 -.190768E+01 -.138966E+01 0.265062E+02
 0.259655E+01 -.344451E+01 -.189914E+01 -.150899E+01 0.215935E+02
 0.242841E+01 -.342927E+01 -.189128E+01 -.149161E+01 0.214310E+02
 0.245114E+01 -.347013E+01 -.188002E+01 -.162245E+01 0.273362E+02
 0.280290E+01 -.343581E+01 -.207766E+01 -.130000E+01 0.277299E+02
 0.224509E+01 -.340391E+01 -.185989E+01 -.148885E+01 0.252180E+02
 0.255460E+01 -.344226E+01 -.196726E+01 -.141938E+01 0.227870E+02
 0.290000E+01 -.343222E+01 -.193010E+01 -.141052E+01 0.230712E+02
 0.250312E+01 -.342643E+01 -.185627E+01 -.151245E+01 0.222905E+02
 0.245297E+01 -.343245E+01 -.189131E+01 -.149663E+01 0.213246E+02
 0.244266E+01 -.345802E+01 -.192343E+01 -.138072E+01 0.271792E+02
 0.287715E+01 -.341668E+01 -.184747E+01 -.152961E+01 0.231086E+02
 0.236053E+01 -.347420E+01 -.191123E+01 -.147158E+01 0.245260E+02
 0.287715E+01 -.343183E+01 -.190613E+01 -.152285E+01 0.219798E+02
 0.246800E+01 -.341854E+01 -.189755E+01 -.150638E+01 0.219929E+02
 0.250420E+01 -.343556E+01 -.189132E+01 -.151516E+01 0.213456E+02
 0.226663E+01 -.343489E+01 -.189023E+01 -.163210E+01 0.265921E+02
 0.282247E+01 -.346661E+01 -.188387E+01 -.154661E+01 0.237467E+02
 0.270301E+01 -.341688E+01 -.176896E+01 -.161428E+01 0.273190E+02
 0.246554E+01 -.343488E+01 -.186791E+01 -.161038E+01 0.233401E+02
 0.284124E+01 -.345363E+01 -.191200E+01 -.144946E+01 0.226263E+02
 0.244812E+01 -.344495E+01 -.192783E+01 -.150414E+01 0.228048E+02
 0.248110E+01 -.343466E+01 -.189129E+01 -.150842E+01 0.212952E+02
 0.242578E+01 -.347623E+01 -.191263E+01 -.157315E+01 0.286150E+02
 0.248571E+01 -.345480E+01 -.188874E+01 -.149100E+01 0.221350E+02
 0.251101E+01 -.343705E+01 -.189385E+01 -.157611E+01 0.234378E+02
 0.249673E+01 -.346437E+01 -.193204E+01 -.150949E+01 0.250606E+02
 0.244263E+01 -.343329E+01 -.189128E+01 -.149999E+01 0.212956E+02
 0.255675E+01 -.340918E+01 -.189961E+01 -.153192E+01 0.234730E+02
 0.220000E+01 -.343288E+01 -.187435E+01 -.155962E+01 0.217728E+02
 0.248145E+01 -.341607E+01 -.187944E+01 -.141923E+01 0.273197E+02
 0.302811E+01 -.343240E+01 -.192016E+01 -.146906E+01 0.215377E+02
 0.261437E+01 -.342713E+01 -.185636E+01 -.151366E+01 0.222475E+02
 0.256746E+01 -.345870E+01 -.200287E+01 -.132271E+01 0.282884E+02
 0.242697E+01 -.343363E+01 -.189129E+01 -.149841E+01 0.212933E+02
 0.236698E+01 -.339574E+01 -.185254E+01 -.151982E+01 0.261242E+02
 0.275265E+01 -.344221E+01 -.184969E+01 -.170652E+01 0.272861E+02
 0.305062E+01 -.343064E+01 -.194222E+01 -.141487E+01 0.224944E+02
 0.247475E+01 -.340154E+01 -.187970E+01 -.151410E+01 0.241203E+02
 0.250373E+01 -.343464E+01 -.189131E+01 -.150241E+01 0.212897E+02
 0.248783E+01 -.341309E+01 -.187550E+01 -.152288E+01 0.225812E+02
 0.266676E+01 -.343204E+01 -.186682E+01 -.149779E+01 0.220348E+02
 0.241381E+01 -.339302E+01 -.193169E+01 -.150148E+01 0.266165E+02
 0.257527E+01 -.338401E+01 -.188035E+01 -.150771E+01 0.279090E+02
 0.250387E+01 -.343442E+01 -.189131E+01 -.150712E+01 0.212964E+02
 0.251168E+01 -.346694E+01 -.191007E+01 -.147514E+01 0.235127E+02
 0.248461E+01 -.345890E+01 -.190378E+01 -.153392E+01 0.234092E+02
 0.233411E+01 -.343424E+01 -.185554E+01 -.157426E+01 0.217734E+02
 0.261529E+01 -.339556E+01 -.192066E+01 -.149707E+01 0.254046E+02
 0.244778E+01 -.343375E+01 -.189130E+01 -.150300E+01 0.212849E+02
 0.360000E+01 -.343436E+01 -.187813E+01 -.141309E+01 0.273906E+02
 0.227118E+01 -.346665E+01 -.191102E+01 -.154267E+01 0.251962E+02
 0.255192E+01 -.344327E+01 -.188577E+01 -.149603E+01 0.214947E+02
 0.239928E+01 -.343316E+01 -.189128E+01 -.149944E+01 0.212918E+02
 0.220000E+01 -.342770E+01 -.189766E+01 -.155591E+01 0.228553E+02
 0.236086E+01 -.340515E+01 -.189133E+01 -.148364E+01 0.236469E+02
 0.246918E+01 -.343494E+01 -.196456E+01 -.145944E+01 0.234535E+02
 0.247082E+01 -.347209E+01 -.185996E+01 -.149748E+01 0.247783E+02
 0.236017E+01 -.343395E+01 -.189130E+01 -.150108E+01 0.212711E+02
 0.259575E+01 -.340161E+01 -.187678E+01 -.154735E+01 0.243696E+02
 0.236104E+01 -.342085E+01 -.186861E+01 -.149868E+01 0.223831E+02
 0.245464E+01 -.343235E+01 -.193437E+01 -.145401E+01 0.217488E+02
 0.250151E+01 -.344838E+01 -.188894E+01 -.150490E+01 0.216189E+02
 0.232642E+01 -.343462E+01 -.189131E+01 -.150250E+01 0.212555E+02
 0.331401E+01 -.343431E+01 -.184770E+01 -.154992E+01 0.218682E+02
 0.250365E+01 -.344275E+01 -.185868E+01 -.152676E+01 0.216951E+02
 0.248897E+01 -.342079E+01 -.191228E+01 -.150680E+01 0.222095E+02
 0.229731E+01 -.343521E+01 -.189133E+01 -.150372E+01 0.212479E+02
 0.223932E+01 -.347806E+01 -.185316E+01 -.149206E+01 0.261437E+02
 0.220000E+01 -.347096E+01 -.179680E+01 -.153074E+01 0.280706E+02
 0.306870E+01 -.343486E+01 -.183820E+01 -.150669E+01 0.236175E+02
 0.278828E+01 -.343561E+01 -.182166E+01 -.151385E+01 0.247458E+02
 0.233485E+01 -.342808E+01 -.189855E+01 -.150315E+01 0.214345E+02
 0.227222E+01 -.343571E+01 -.189134E+01 -.150477E+01 0.212439E+02
 0.222210E+01 -.344980E+01 -.194769E+01 -.151819E+01 0.258769E+02
 0.262348E+01 -.343377E+01 -.186401E+01 -.150886E+01 0.218170E+02
 0.220000E+01 -.344348E+01 -.185694E+01 -.147721E+01 0.234367E+02
 0.340770E+01 -.339674E+01 -.196416E+01 -.150044E+01 0.287360E+02
 0.237624E+01 -.342920E+01 -.187492E+01 -.149113E+01 0.218766E+02
 0.220000E+01 -.343848E+01 -.188290E+01 -.150044E+01 0.212932E+02
 0.257345E+01 -.347496E+01 -.188706E+01 -.160350E+01 0.276104E+02
 0.228112E+01 -.343777E+01 -.194136E+01 -.150984E+01 0.240269E+02
 0.225063E+01 -.343614E+01 -.189135E+01 -.150568E+01 0.212361E+02
 0.224864E+01 -.341289E+01 -.188613E+01 -.151232E+01 0.224751E+02
 0.327410E+01 -.348562E+01 -.186191E+01 -.151645E+01 0.265451E+02
 0.220000E+01 -.343422E+01 -.197729E+01 -.146091E+01 0.248262E+02
 0.232455E+01 -.346377E+01 -.189087E+01 -.144924E+01 0.242723E+02
 0.226710E+01 -.344370E+01 -.187184E+01 -.150419E+01 0.216011E+02
 0.220000E+01 -.349719E+01 -.185700E+01 -.157041E+01 0.287712E+02
 0.223206E+01 -.343651E+01 -.189135E+01 -.150646E+01 0.212373E+02
 0.289655E+01 -.343637E+01 -.190703E+01 -.151455E+01 0.217719E+02
 0.229929E+01 -.341095E+01 -.188451E+01 -.155159E+01 0.233023E+02
 0.248068E+01 -.343210E+01 -.192608E+01 -.154623E+01 0.246733E+02
 0.220000E+01 -.344437E+01 -.195634E+01 -.150336E+01 0.255712E+02
 0.257297E+01 -.344460E+01 -.208760E+01 -.130000E+01 0.286647E+02
 0.221957E+01 -.343799E+01 -.189778E+01 -.150659E+01 0.213220E+02
 0.243588E+01 -.345685E+01 -.192485E+01 -.149279E+01 0.230656E+02
 0.222998E+01 -.343636E+01 -.189134E+01 -.150537E+01 0.212332E+02
 0.238258E+01 -.345043E+01 -.180379E+01 -.165215E+01 0.237226E+02
 0.250987E+01 -.346551E+01 -.186988E+01 -.151757E+01 0.231681E+02
 0.275537E+01 -.343347E+01 -.188543E+01 -.145063E+01 0.231094E+02
 0.290000E+01 -.341948E+01 -.190838E+01 -.152950E+01 0.228160E+02
 0.220019E+01 -.343335E+01 -.189692E+01 -.150429E+01 0.212878E+02
 0.239236E+01 -.341094E+01 -.198079E+01 -.144005E+01 0.249499E+02
 0.222819E+01 -.343623E+01 -.189134E+01 -.150443E+01 0.212306E+02
 0.225690E+01 -.343677E+01 -.186800E+01 -.148708E+01 0.221567E+02
 0.256988E+01 -.345410E+01 -.187993E+01 -.148901E+01 0.223377E+02
 0.280181E+01 -.346070E+01 -.186324E+01 -.163841E+01 0.256893E+02
 0.220000E+01 -.343086E+01 -.188908E+01 -.150385E+01 0.212802E+02
 0.245567E+01 -.348246E+01 -.187250E+01 -.146939E+01 0.269732E+02
 0.222666E+01 -.343612E+01 -.189133E+01 -.150362E+01 0.212302E+02
 0.249213E+01 -.343656E+01 -.190177E+01 -.156716E+01 0.235825E+02
 0.238822E+01 -.343474E+01 -.187782E+01 -.149879E+01 0.214846E+02
 0.220000E+01 -.346690E+01 -.187550E+01 -.147839E+01 0.239340E+02
 0.224908E+01 -.345792E+01 -.173314E+01 -.171221E+01 0.284508E+02
 0.222894E+01 -.343555E+01 -.188262E+01 -.150350E+01 0.212718E+02
 0.224812E+01 -.346660E+01 -.188626E+01 -.159280E+01 0.257143E+02
 0.222535E+01 -.343603E+01 -.189133E+01 -.150293E+01 0.212289E+02
 0.277828E+01 -.343580E+01 -.192288E+01 -.154640E+01 0.243026E+02
 0.220000E+01 -.341895E+01 -.188285E+01 -.151290E+01 0.219083E+02
 0.220000E+01 -.343534E+01 -.196234E+01 -.139876E+01 0.227909E+02
 0.270556E+01 -.343446E+01 -.186067E+01 -.156348E+01 0.216932E+02
 0.232532E+01 -.347971E+01 -.184779E+01 -.155095E+01 0.252735E+02
 0.225186E+01 -.344000E+01 -.188092E+01 -.150337E+01 0.213291E+02
 0.271811E+01 -.340506E+01 -.181836E+01 -.160307E+01 0.252888E+02
 0.222423E+01 -.343595E+01 -.189132E+01 -.150234E+01 0.212260E+02
 0.287590E+01 -.343608E+01 -.189599E+01 -.146479E+01 0.218743E+02
 0.244579E+01 -.343315E+01 -.188221E+01 -.150588E+01 0.213372E+02
 0.228215E+01 -.341331E+01 -.177339E+01 -.163132E+01 0.267500E+02
 0.258510E+01 -.342549E+01 -.189336E+01 -.157331E+01 0.234481E+02
 0.223547E+01 -.343873E+01 -.189293E+01 -.150310E+01 0.212545E+02
 0.246092E+01 -.343423E+01 -.191121E+01 -.141443E+01 0.238056E+02
 0.222327E+01 -.343588E+01 -.189132E+01 -.150184E+01 0.212292E+02
 0.296182E+01 -.343653E+01 -.187980E+01 -.151162E+01 0.213749E+02
 0.265440E+01 -.344685E+01 -.188604E+01 -.149559E+01 0.216487E+02
 0.262770E+01 -.343804E+01 -.185237E+01 -.165371E+01 0.244818E+02
 0.220000E+01 -.343130E+01 -.202294E+01 -.140253E+01 0.262798E+02
 0.227223E+01 -.343374E+01 -.183255E+01 -.145018E+01 0.287899E+02
 0.259668E+01 -.341015E+01 -.188899E+01 -.146330E+01 0.237472E+02
 0.220481E+01 -.343445E+01 -.190249E+01 -.150176E+01 0.213541E+02
 0.227146E+01 -.344300E+01 -.199382E+01 -.138985E+01 0.238170E+02
 0.249151E+01 -.347878E+01 -.182569E+01 -.167889E+01 0.277263E+02
 0.222451E+01 -.343599E+01 -.189132E+01 -.150188E+01 0.212295E+02
 0.226182E+01 -.343628E+01 -.186959E+01 -.154849E+01 0.214506E+02
 0.231759E+01 -.343858E+01 -.189669E+01 -.149747E+01 0.212824E+02
 0.267253E+01 -.341909E+01 -.187948E+01 -.146518E+01 0.233295E+02
 0.225365E+01 -.347096E+01 -.190256E+01 -.158898E+01 0.277102E+02
 0.291707E+01 -.343165E+01 -.196632E+01 -.146699E+01 0.239276E+02
 0.225199E+01 -.343169E+01 -.189057E+01 -.156231E+01 0.225718E+02
 0.224227E+01 -.343707E+01 -.189145E+01 -.150266E+01 0.212352E+02
 0.236807E+01 -.345995E+01 -.187143E+01 -.163921E+01 0.263102E+02
 0.232555E+01 -.345779E+01 -.191434E+01 -.149081E+01 0.226358E+02
 0.226059E+01 -.341041E+01 -.184925E+01 -.151956E+01 0.238209E+02
 0.222508E+01 -.343602E+01 -.189133E+01 -.150205E+01 0.212288E+02
 0.235520E+01 -.347026E+01 -.185413E+01 -.161020E+01 0.249537E+02
 0.220000E+01 -.343612E+01 -.187784E+01 -.151714E+01 0.212382E+02
 0.220000E+01 -.343085E+01 -.190497E+01 -.150036E+01 0.214342E+02
 0.220000E+01 -.345210E+01 -.192708E+01 -.139365E+01 0.249527E+02
 0.226164E+01 -.347322E+01 -.176999E+01 -.168214E+01 0.272480E+02
 0.267612E+01 -.348262E+01 -.191499E+01 -.145396E+01 0.262726E+02
 0.227389E+01 -.343858E+01 -.188184E+01 -.150328E+01 0.213072E+02
 0.226812E+01 -.346129E+01 -.182306E+01 -.157887E+01 0.234108E+02
 0.220000E+01 -.338997E+01 -.193459E+01 -.144081E+01 0.264523E+02
 0.222438E+01 -.343592E+01 -.189132E+01 -.150259E+01 0.212294E+02
 0.244099E+01 -.343581E+01 -.189262E+01 -.148083E+01 0.214790E+02
 0.247857E+01 -.343936E+01 -.188896E+01 -.150098E+01 0.213178E+02
 0.243281E+01 -.344515E+01 -.196781E+01 -.149281E+01 0.262387E+02
 0.223378E+01 -.344802E+01 -.185695E+01 -.152045E+01 0.219193E+02
 0.226036E+01 -.343876E+01 -.188961E+01 -.150210E+01 0.212555E+02
 0.231209E+01 -.341932E+01 -.184217E+01 -.152581E+01 0.231289E+02
 0.222367E+01 -.343587E+01 -.189132E+01 -.150279E+01 0.212291E+02
 0.227125E+01 -.343593E+01 -.190246E+01 -.150102E+01 0.213534E+02
 0.227409E+01 -.344289E+01 -.188659E+01 -.150247E+01 0.213500E+02
 0.234968E+01 -.344659E+01 -.193282E+01 -.154626E+01 0.258276E+02
 0.254849E+01 -.347600E+01 -.188562E+01 -.159668E+01 0.271297E+02
 0.240143E+01 -.343761E+01 -.188564E+01 -.147894E+01 0.217157E+02
 0.240081E+01 -.341531E+01 -.191437E+01 -.151397E+01 0.229246E+02
 0.220000E+01 -.343380E+01 -.189910E+01 -.150188E+01 0.212951E+02
 0.236608E+01 -.343160E+01 -.197050E+01 -.151034E+01 0.277544E+02
 0.222371E+01 -.343591E+01 -.189132E+01 -.150183E+01 0.212293E+02
 0.223323E+01 -.344938E+01 -.194197E+01 -.149302E+01 0.236898E+02
 0.220000E+01 -.343620E+01 -.188812E+01 -.153843E+01 0.216355E+02
 0.220000E+01 -.343233E+01 -.189341E+01 -.149918E+01 0.212562E+02
 0.220000E+01 -.339162E+01 -.186354E+01 -.155960E+01 0.264341E+02
 0.223970E+01 -.343164E+01 -.188772E+01 -.150207E+01 0.212858E+02
 0.220000E+01 -.341784E+01 -.191211E+01 -.153073E+01 0.232364E+02
 0.231717E+01 -.340084E+01 -.194634E+01 -.145985E+01 0.246913E+02
 0.222444E+01 -.343596E+01 -.189133E+01 -.150208E+01 0.212294E+02
 0.220335E+01 -.341959E+01 -.189076E+01 -.140564E+01 0.271090E+02
 0.228581E+01 -.343634E+01 -.187177E+01 -.154166E+01 0.213858E+02
 0.230166E+01 -.342650E+01 -.189737E+01 -.149917E+01 0.214582E+02
 0.220000E+01 -.347257E+01 -.175175E+01 -.174275E+01 0.287233E+02
 0.245589E+01 -.341343E+01 -.188506E+01 -.140782E+01 0.282442E+02
 0.225823E+01 -.343389E+01 -.188219E+01 -.150244E+01 0.213080E+02
 0.243942E+01 -.343042E+01 -.186454E+01 -.147252E+01 0.232968E+02
 0.273530E+01 -.343599E+01 -.207036E+01 -.130000E+01 0.275177E+02
 0.220000E+01 -.345373E+01 -.181608E+01 -.150226E+01 0.262148E+02
 0.222481E+01 -.343600E+01 -.189132E+01 -.150273E+01 0.212274E+02
 0.221100E+01 -.342867E+01 -.190126E+01 -.156201E+01 0.233687E+02
 0.231891E+01 -.343591E+01 -.188213E+01 -.146716E+01 0.222833E+02
 0.224541E+01 -.343420E+01 -.188885E+01 -.150251E+01 0.212433E+02
 0.228576E+01 -.343096E+01 -.188071E+01 -.145179E+01 0.232858E+02
 0.250703E+01 -.345233E+01 -.191653E+01 -.147317E+01 0.221179E+02
 0.229341E+01 -.341117E+01 -.183700E+01 -.159898E+01 0.237894E+02
 0.220000E+01 -.344226E+01 -.182274E+01 -.154414E+01 0.229837E+02
 0.320837E+01 -.343019E+01 -.188951E+01 -.150222E+01 0.214135E+02
 0.243773E+01 -.345300E+01 -.193239E+01 -.149432E+01 0.232523E+02
 0.224860E+01 -.343996E+01 -.188752E+01 -.150275E+01 0.212707E+02
 0.220000E+01 -.342954E+01 -.190924E+01 -.161955E+01 0.282019E+02
 0.236549E+01 -.343284E+01 -.194377E+01 -.155841E+01 0.279946E+02
 0.222380E+01 -.343590E+01 -.189132E+01 -.150263E+01 0.212292E+02
 0.220000E+01 -.343586E+01 -.188975E+01 -.146700E+01 0.218744E+02
 0.220000E+01 -.344281E+01 -.188435E+01 -.150513E+01 0.213225E+02
 0.224493E+01 -.347289E+01 -.188505E+01 -.149992E+01 0.240227E+02
 0.222962E+01 -.342325E+01 -.181016E+01 -.172775E+01 0.262942E+02
 0.343819E+01 -.343259E+01 -.198508E+01 -.148383E+01 0.274316E+02
 0.223319E+01 -.344191E+01 -.189902E+01 -.150246E+01 0.213788E+02
 0.241731E+01 -.343353E+01 -.184908E+01 -.147507E+01 0.244148E+02
 0.239472E+01 -.341655E+01 -.198629E+01 -.145987E+01 0.262345E+02
 0.267665E+01 -.343491E+01 -.193536E+01 -.155586E+01 0.264900E+02
 0.222324E+01 -.343588E+01 -.189132E+01 -.150226E+01 0.212262E+02
 0.231444E+01 -.342070E+01 -.184897E+01 -.152956E+01 0.225420E+02
 0.220000E+01 -.339198E+01 -.191521E+01 -.148367E+01 0.258073E+02
 0.232277E+01 -.343596E+01 -.188669E+01 -.148074E+01 0.216010E+02
 0.228698E+01 -.343503E+01 -.188891E+01 -.150326E+01 0.212466E+02
 0.258986E+01 -.341921E+01 -.189507E+01 -.163747E+01 0.280940E+02
 0.220000E+01 -.348954E+01 -.184874E+01 -.158053E+01 0.271967E+02
 0.233353E+01 -.338660E+01 -.190066E+01 -.151384E+01 0.271814E+02
 0.234188E+01 -.339828E+01 -.192614E+01 -.154044E+01 0.272531E+02
 0.273819E+01 -.343626E+01 -.185625E+01 -.148453E+01 0.232406E+02
 0.221285E+01 -.344204E+01 -.189761E+01 -.150246E+01 0.213584E+02
 0.222482E+01 -.343602E+01 -.189133E+01 -.150210E+01 0.212295E+02
 0.228141E+01 -.343608E+01 -.187454E+01 -.151229E+01 0.213349E+02
 0.226883E+01 -.342837E+01 -.189437E+01 -.150005E+01 0.213739E+02
 0.222505E+01 -.346768E+01 -.191043E+01 -.147407E+01 0.235419E+02
 0.280722E+01 -.343252E+01 -.188505E+01 -.164131E+01 0.266132E+02
 0.267335E+01 -.342574E+01 -.188557E+01 -.153643E+01 0.217976E+02
 0.223105E+01 -.346010E+01 -.193834E+01 -.149779E+01 0.245382E+02
 0.287668E+01 -.340993E+01 -.186020E+01 -.154272E+01 0.232307E+02
 0.220000E+01 -.343109E+01 -.180635E+01 -.150664E+01 0.268485E+02
 0.222245E+01 -.343089E+01 -.188148E+01 -.150265E+01 0.213601E+02
 0.220000E+01 -.342226E+01 -.186808E+01 -.152330E+01 0.218191E+02
 0.220000E+01 -.345164E+01 -.183211E+01 -.163873E+01 0.233874E+02
 0.222507E+01 -.343596E+01 -.189132E+01 -.150224E+01 0.212288E+02
 0.220000E+01 -.343405E+01 -.190211E+01 -.149863E+01 0.213172E+02
 0.221496E+01 -.343611E+01 -.187774E+01 -.154032E+01 0.214154E+02
 0.221203E+01 -.343481E+01 -.189140E+01 -.150121E+01 0.212276E+02
 0.228887E+01 -.346134E+01 -.188572E+01 -.164229E+01 0.282012E+02
 0.262682E+01 -.339758E+01 -.189288E+01 -.141611E+01 0.287687E+02
 0.230883E+01 -.338053E+01 -.191945E+01 -.146838E+01 0.285624E+02
 0.256860E+01 -.342934E+01 -.179804E+01 -.151808E+01 0.274435E+02
 0.276435E+01 -.344657E+01 -.193243E+01 -.152975E+01 0.246166E+02
 0.223635E+01 -.344490E+01 -.190640E+01 -.150349E+01 0.216795E+02
 0.224817E+01 -.342869E+01 -.189051E+01 -.150267E+01 0.213553E+02
 0.229219E+01 -.342575E+01 -.190853E+01 -.158034E+01 0.252321E+02
 0.222398E+01 -.343589E+01 -.189132E+01 -.150249E+01 0.212289E+02
 0.220000E+01 -.343603E+01 -.188481E+01 -.151248E+01 0.212217E+02
 0.220000E+01 -.344177E+01 -.188883E+01 -.150349E+01 0.212889E+02
 0.238755E+01 -.343827E+01 -.189457E+01 -.147500E+01 0.215586E+02
 0.232234E+01 -.340611E+01 -.197037E+01 -.149412E+01 0.278654E+02
 0.220000E+01 -.339668E+01 -.188817E+01 -.143703E+01 0.274050E+02
 0.243954E+01 -.345130E+01 -.189528E+01 -.148168E+01 0.219268E+02
 0.313260E+01 -.342903E+01 -.190355E+01 -.151309E+01 0.216929E+02
 0.220000E+01 -.343497E+01 -.189229E+01 -.160419E+01 0.249363E+02
 0.224807E+01 -.343303E+01 -.190030E+01 -.150233E+01 0.213309E+02
 0.227073E+01 -.343362E+01 -.191196E+01 -.155545E+01 0.238455E+02
 0.250595E+01 -.340244E+01 -.189626E+01 -.158343E+01 0.264790E+02
 0.307717E+01 -.343637E+01 -.184087E+01 -.148799E+01 0.244619E+02
 0.243201E+01 -.342610E+01 -.190512E+01 -.151581E+01 0.218870E+02
 0.220000E+01 -.343605E+01 -.188460E+01 -.150690E+01 0.212251E+02
 0.222581E+01 -.343597E+01 -.189078E+01 -.148895E+01 0.213191E+02
 0.222202E+01 -.343926E+01 -.188306E+01 -.151151E+01 0.212439E+02
 0.229915E+01 -.346435E+01 -.187421E+01 -.161479E+01 0.256203E+02
 0.285360E+01 -.343444E+01 -.188053E+01 -.157638E+01 0.225984E+02
 0.226315E+01 -.342902E+01 -.183752E+01 -.150089E+01 0.238981E+02
 0.351472E+01 -.343578E+01 -.196222E+01 -.150247E+01 0.258162E+02
 0.220000E+01 -.345867E+01 -.190615E+01 -.152437E+01 0.231651E+02
 0.290000E+01 -.341639E+01 -.192777E+01 -.148297E+01 0.225798E+02
 0.251403E+01 -.339000E+01 -.188808E+01 -.146068E+01 0.274141E+02
 0.222015E+01 -.344194E+01 -.187843E+01 -.150394E+01 0.213868E+02
 0.220000E+01 -.342901E+01 -.188732E+01 -.146186E+01 0.223197E+02
 0.241328E+01 -.340315E+01 -.181147E+01 -.155468E+01 0.267133E+02
 0.221266E+01 -.343616E+01 -.187919E+01 -.151538E+01 0.212359E+02
 0.233859E+01 -.342832E+01 -.208444E+01 -.130000E+01 0.279651E+02
 0.220004E+01 -.342360E+01 -.179033E+01 -.166327E+01 0.245087E+02
 0.223057E+01 -.347016E+01 -.199700E+01 -.138326E+01 0.266938E+02
 0.223863E+01 -.343603E+01 -.188943E+01 -.149196E+01 0.213043E+02
 0.220204E+01 -.342727E+01 -.189178E+01 -.151515E+01 0.214671E+02
 0.261499E+01 -.340579E+01 -.195424E+01 -.149392E+01 0.259412E+02
 0.316969E+01 -.346864E+01 -.195316E+01 -.151227E+01 0.281053E+02
 0.242549E+01 -.343294E+01 -.187495E+01 -.151288E+01 0.213920E+02
 0.223623E+01 -.339812E+01 -.187542E+01 -.151245E+01 0.248023E+02
 0.249064E+01 -.342554E+01 -.209504E+01 -.130000E+01 0.285565E+02
 0.281472E+01 -.344038E+01 -.197408E+01 -.150258E+01 0.276840E+02
 0.220000E+01 -.340958E+01 -.189967E+01 -.151492E+01 0.230208E+02
 0.220000E+01 -.344229E+01 -.187304E+01 -.151547E+01 0.213636E+02
 0.224500E+01 -.345115E+01 -.181984E+01 -.162314E+01 0.229625E+02
 0.240843E+01 -.345682E+01 -.182639E+01 -.153830E+01 0.237111E+02
 0.220000E+01 -.343599E+01 -.188272E+01 -.151144E+01 0.212226E+02
 0.220155E+01 -.343609E+01 -.188117E+01 -.153826E+01 0.214446E+02
 0.220000E+01 -.342012E+01 -.189422E+01 -.151291E+01 0.218712E+02
 0.228330E+01 -.344496E+01 -.189338E+01 -.160099E+01 0.250283E+02
 0.221284E+01 -.348209E+01 -.190520E+01 -.156673E+01 0.283990E+02
 0.231636E+01 -.344308E+01 -.190601E+01 -.151097E+01 0.217621E+02
 0.255965E+01 -.346898E+01 -.187377E+01 -.149854E+01 0.238141E+02
 0.226621E+01 -.343911E+01 -.187871E+01 -.151193E+01 0.212849E+02
 0.220000E+01 -.342715E+01 -.185725E+01 -.144216E+01 0.265102E+02
 0.220000E+01 -.347502E+01 -.193131E+01 -.138984E+01 0.276545E+02
 0.225800E+01 -.342788E+01 -.188670E+01 -.166219E+01 0.285205E+02
 0.220865E+01 -.343589E+01 -.188744E+01 -.150905E+01 0.212198E+02
 0.220000E+01 -.343609E+01 -.187757E+01 -.151899E+01 0.212382E+02
 0.220322E+01 -.343748E+01 -.189054E+01 -.150263E+01 0.212242E+02
 0.220000E+01 -.346430E+01 -.202166E+01 -.131765E+01 0.287279E+02
 0.220000E+01 -.342546E+01 -.184188E+01 -.151285E+01 0.230898E+02
 0.220000E+01 -.344693E+01 -.188649E+01 -.148528E+01 0.216910E+02
 0.220000E+01 -.340306E+01 -.188913E+01 -.148187E+01 0.240294E+02
 0.223514E+01 -.345170E+01 -.192530E+01 -.151962E+01 0.237309E+02
 0.221410E+01 -.347058E+01 -.199166E+01 -.142306E+01 0.273142E+02
 0.234986E+01 -.343892E+01 -.180184E+01 -.151863E+01 0.265003E+02
 0.229302E+01 -.343031E+01 -.190232E+01 -.149989E+01 0.213967E+02
 0.220808E+01 -.341396E+01 -.186233E+01 -.157928E+01 0.231455E+02
 0.235414E+01 -.340899E+01 -.189815E+01 -.144011E+01 0.245231E+02
 0.221594E+01 -.343580E+01 -.189141E+01 -.150703E+01 0.212371E+02
 0.222306E+01 -.343583E+01 -.189405E+01 -.148528E+01 0.213236E+02
 0.220766E+01 -.345191E+01 -.188446E+01 -.149946E+01 0.217909E+02
 0.220000E+01 -.343704E+01 -.188391E+01 -.160919E+01 0.244490E+02
 0.257593E+01 -.341752E+01 -.180711E+01 -.173702E+01 0.271668E+02
 0.284469E+01 -.344786E+01 -.188730E+01 -.159205E+01 0.240867E+02
 0.245288E+01 -.345798E+01 -.190173E+01 -.149414E+01 0.223986E+02
 0.238168E+01 -.343421E+01 -.183225E+01 -.151402E+01 0.235852E+02
 0.224242E+01 -.343183E+01 -.191694E+01 -.149762E+01 0.217586E+02
 0.221344E+01 -.342593E+01 -.188940E+01 -.145429E+01 0.227108E+02
 0.220939E+01 -.343589E+01 -.188879E+01 -.150751E+01 0.212209E+02
 0.255485E+01 -.339078E+01 -.186839E+01 -.152618E+01 0.264330E+02
 0.230528E+01 -.340959E+01 -.184317E+01 -.164424E+01 0.253308E+02
 0.221339E+01 -.343590E+01 -.189813E+01 -.150438E+01 0.212942E+02
 0.220650E+01 -.343186E+01 -.188489E+01 -.150174E+01 0.212946E+02
 0.259506E+01 -.342273E+01 -.180008E+01 -.159756E+01 0.242588E+02
 0.220000E+01 -.339926E+01 -.188953E+01 -.151088E+01 0.243989E+02
 0.241674E+01 -.341973E+01 -.187702E+01 -.149853E+01 0.221486E+02
 0.298874E+01 -.345571E+01 -.188569E+01 -.155689E+01 0.229930E+02
 0.289269E+01 -.338531E+01 -.185987E+01 -.153680E+01 0.279867E+02
 0.220000E+01 -.348497E+01 -.190537E+01 -.151671E+01 0.267128E+02
 0.221327E+01 -.347587E+01 -.190068E+01 -.152220E+01 0.250273E+02
 0.220000E+01 -.344162E+01 -.187378E+01 -.151144E+01 0.213713E+02
 0.224758E+01 -.349358E+01 -.184512E+01 -.154835E+01 0.278932E+02
 0.220000E+01 -.345492E+01 -.189948E+01 -.160235E+01 0.264332E+02
 0.233404E+01 -.344533E+01 -.189604E+01 -.143579E+01 0.233971E+02
 0.220226E+01 -.343596E+01 -.188600E+01 -.151121E+01 0.212217E+02
 0.249924E+01 -.342189E+01 -.193657E+01 -.140210E+01 0.236049E+02
 0.220215E+01 -.342210E+01 -.185752E+01 -.160662E+01 0.231411E+02
 0.220000E+01 -.343613E+01 -.188329E+01 -.153340E+01 0.214031E+02
 0.220762E+01 -.342331E+01 -.188764E+01 -.151200E+01 0.215985E+02
 0.220723E+01 -.342422E+01 -.187384E+01 -.153058E+01 0.216291E+02
 0.220000E+01 -.345902E+01 -.185269E+01 -.149157E+01 0.238355E+02
 0.220000E+01 -.345043E+01 -.187271E+01 -.154096E+01 0.217673E+02
 0.228874E+01 -.343149E+01 -.188665E+01 -.143501E+01 0.240259E+02
 0.220000E+01 -.343319E+01 -.184329E+01 -.152174E+01 0.223670E+02
 0.229660E+01 -.346874E+01 -.182056E+01 -.153249E+01 0.254616E+02
 0.281783E+01 -.342689E+01 -.186143E+01 -.150504E+01 0.222798E+02
 0.230279E+01 -.343906E+01 -.184592E+01 -.150918E+01 0.226543E+02
 0.220990E+01 -.342536E+01 -.185667E+01 -.158878E+01 0.223741E+02
 0.221829E+01 -.343901E+01 -.178306E+01 -.165414E+01 0.241660E+02
 0.225384E+01 -.342360E+01 -.189456E+01 -.162320E+01 0.267631E+02
 0.220590E+01 -.343589E+01 -.188741E+01 -.151003E+01 0.212216E+02
 0.220122E+01 -.344277E+01 -.190263E+01 -.147825E+01 0.214390E+02
 0.220000E+01 -.340788E+01 -.182253E+01 -.153404E+01 0.256109E+02
 0.220456E+01 -.343220E+01 -.188778E+01 -.153797E+01 0.216395E+02
 0.249217E+01 -.339301E+01 -.189775E+01 -.150743E+01 0.256049E+02
 0.221177E+01 -.343629E+01 -.187449E+01 -.149293E+01 0.216459E+02
 0.220802E+01 -.345329E+01 -.189008E+01 -.151550E+01 0.219190E+02
 0.220502E+01 -.341418E+01 -.191195E+01 -.159291E+01 0.273026E+02
 0.247572E+01 -.346279E+01 -.194298E+01 -.147067E+01 0.241271E+02
 0.222057E+01 -.343114E+01 -.187525E+01 -.155376E+01 0.216936E+02
 0.220000E+01 -.344036E+01 -.188600E+01 -.148765E+01 0.214501E+02
 0.220000E+01 -.341192E+01 -.188761E+01 -.146570E+01 0.234028E+02
 0.224120E+01 -.345243E+01 -.184138E+01 -.160123E+01 0.226026E+02
 0.247409E+01 -.340791E+01 -.189304E+01 -.150829E+01 0.230770E+02
 0.220000E+01 -.341173E+01 -.181127E+01 -.150470E+01 0.280232E+02
 0.221266E+01 -.343125E+01 -.187775E+01 -.149892E+01 0.214794E+02
 0.221377E+01 -.343502E+01 -.187644E+01 -.167699E+01 0.281842E+02
 0.242189E+01 -.339091E+01 -.187844E+01 -.148427E+01 0.267793E+02
 0.231293E+01 -.346680E+01 -.195016E+01 -.137848E+01 0.264957E+02
 0.228975E+01 -.342326E+01 -.189151E+01 -.161261E+01 0.256917E+02
 0.221491E+01 -.343582E+01 -.188865E+01 -.150627E+01 0.212207E+02
 0.220000E+01 -.341347E+01 -.185091E+01 -.163316E+01 0.246880E+02
 0.221146E+01 -.343363E+01 -.190414E+01 -.142899E+01 0.231196E+02
 0.220706E+01 -.343631E+01 -.188371E+01 -.146924E+01 0.220548E+02
 0.220427E+01 -.345162E+01 -.188875E+01 -.150142E+01 0.217352E+02
 0.220977E+01 -.341250E+01 -.187711E+01 -.153558E+01 0.226593E+02
 0.255363E+01 -.345407E+01 -.191882E+01 -.144609E+01 0.226012E+02
 0.227426E+01 -.348375E+01 -.189536E+01 -.150972E+01 0.259708E+02
 0.245466E+01 -.341254E+01 -.188808E+01 -.145259E+01 0.240289E+02
 0.258356E+01 -.344891E+01 -.188593E+01 -.155913E+01 0.225766E+02
 0.221145E+01 -.342163E+01 -.203019E+01 -.136640E+01 0.254935E+02
 0.275470E+01 -.340957E+01 -.185838E+01 -.145601E+01 0.268889E+02
 0.227291E+01 -.340191E+01 -.195595E+01 -.150457E+01 0.274685E+02
 0.220000E+01 -.344127E+01 -.189044E+01 -.150848E+01 0.212926E+02
 0.256854E+01 -.340291E+01 -.185772E+01 -.151223E+01 0.247455E+02
 0.220000E+01 -.343261E+01 -.192442E+01 -.150150E+01 0.222486E+02
 0.220000E+01 -.343327E+01 -.190327E+01 -.157508E+01 0.242023E+02
 0.220339E+01 -.341196E+01 -.183702E+01 -.152502E+01 0.242260E+02
 0.235741E+01 -.344211E+01 -.190088E+01 -.145472E+01 0.220578E+02
 0.221224E+01 -.343590E+01 -.188751E+01 -.150396E+01 0.212237E+02
 0.274743E+01 -.346525E+01 -.182548E+01 -.161854E+01 0.241847E+02
 0.220737E+01 -.347102E+01 -.189847E+01 -.149961E+01 0.238462E+02
 0.221123E+01 -.345637E+01 -.195564E+01 -.152207E+01 0.278241E+02
 0.220002E+01 -.346060E+01 -.190158E+01 -.158186E+01 0.258419E+02
 0.220000E+01 -.343578E+01 -.189561E+01 -.150939E+01 0.213011E+02
 0.220059E+01 -.343744E+01 -.188665E+01 -.149002E+01 0.213630E+02
 0.221256E+01 -.343078E+01 -.186235E+01 -.148266E+01 0.227781E+02
 0.220000E+01 -.342569E+01 -.182346E+01 -.152034E+01 0.242812E+02
 0.220000E+01 -.342184E+01 -.181223E+01 -.157068E+01 0.237127E+02
 0.237063E+01 -.342206E+01 -.189402E+01 -.147256E+01 0.220579E+02
 0.222176E+01 -.338370E+01 -.188574E+01 -.150086E+01 0.278997E+02
 0.291403E+01 -.343268E+01 -.188550E+01 -.157519E+01 0.228382E+02
 0.220000E+01 -.346427E+01 -.188981E+01 -.145186E+01 0.241620E+02
 0.223966E+01 -.343828E+01 -.191654E+01 -.148515E+01 0.215219E+02
 0.233609E+01 -.339913E+01 -.192930E+01 -.153774E+01 0.272563E+02
 0.238089E+01 -.347047E+01 -.179369E+01 -.154962E+01 0.274764E+02
 0.233909E+01 -.343883E+01 -.180363E+01 -.150527E+01 0.272910E+02
 0.254182E+01 -.348044E+01 -.189084E+01 -.151565E+01 0.254091E+02
 0.221141E+01 -.349574E+01 -.188586E+01 -.151429E+01 0.282417E+02
 0.224717E+01 -.343499E+01 -.186713E+01 -.151588E+01 0.214513E+02
 0.221275E+01 -.342571E+01 -.187324E+01 -.143359E+01 0.256216E+02
 0.227829E+01 -.341252E+01 -.180829E+01 -.158362E+01 0.247797E+02
 0.264341E+01 -.345323E+01 -.194832E+01 -.152371E+01 0.265590E+02
 0.236400E+01 -.344490E+01 -.190600E+01 -.140471E+01 0.252305E+02
 0.220563E+01 -.343594E+01 -.188638E+01 -.151057E+01 0.212198E+02
 0.236103E+01 -.344608E+01 -.194014E+01 -.147877E+01 0.227528E+02
 0.221434E+01 -.339321E+01 -.190967E+01 -.150996E+01 0.258528E+02
 0.224141E+01 -.340903E+01 -.185011E+01 -.149914E+01 0.247068E+02
 0.220000E+01 -.343598E+01 -.190465E+01 -.157852E+01 0.245526E+02
 0.223444E+01 -.341247E+01 -.181125E+01 -.152095E+01 0.268334E+02
 0.220818E+01 -.343544E+01 -.188103E+01 -.154582E+01 0.215986E+02
 0.220514E+01 -.342512E+01 -.188708E+01 -.151216E+01 0.214993E+02
 0.220774E+01 -.344191E+01 -.189876E+01 -.152496E+01 0.217680E+02
 0.237660E+01 -.343711E+01 -.187214E+01 -.162596E+01 0.244081E+02
 0.231196E+01 -.347507E+01 -.187504E+01 -.160903E+01 0.268614E+02
 0.275368E+01 -.341927E+01 -.188724E+01 -.154521E+01 0.224330E+02
 0.246754E+01 -.342339E+01 -.186677E+01 -.155825E+01 0.220084E+02
 0.264099E+01 -.343799E+01 -.188292E+01 -.155956E+01 0.220922E+02
 0.220377E+01 -.348701E+01 -.188176E+01 -.148551E+01 0.266787E+02
 0.238409E+01 -.347581E+01 -.181642E+01 -.155789E+01 0.259023E+02
 0.220000E+01 -.343555E+01 -.193384E+01 -.150607E+01 0.231250E+02
 0.220000E+01 -.345929E+01 -.185170E+01 -.150813E+01 0.232229E+02
 0.226244E+01 -.343908E+01 -.188119E+01 -.150960E+01 0.212729E+02
 0.220639E+01 -.343047E+01 -.185416E+01 -.144516E+01 0.264428E+02
 0.232042E+01 -.348715E+01 -.185797E+01 -.148209E+01 0.280009E+02
 0.227849E+01 -.341656E+01 -.190556E+01 -.142570E+01 0.241227E+02
 0.220011E+01 -.343597E+01 -.188543E+01 -.151610E+01 0.212374E+02
 0.220000E+01 -.341968E+01 -.196549E+01 -.136267E+01 0.252337E+02
 0.220977E+01 -.344779E+01 -.190804E+01 -.150936E+01 0.219918E+02
 0.220911E+01 -.346696E+01 -.193722E+01 -.147678E+01 0.244567E+02
 0.220555E+01 -.341753E+01 -.184524E+01 -.150339E+01 0.238703E+02
 0.244737E+01 -.345565E+01 -.186023E+01 -.156797E+01 0.224586E+02
 0.221299E+01 -.343623E+01 -.187732E+01 -.150511E+01 0.213305E+02
 0.220808E+01 -.344529E+01 -.188710E+01 -.152265E+01 0.214997E+02
 0.220087E+01 -.344057E+01 -.190514E+01 -.155357E+01 0.232333E+02
 0.220394E+01 -.342505E+01 -.192775E+01 -.150922E+01 0.229549E+02
 0.220998E+01 -.344854E+01 -.192510E+01 -.150599E+01 0.228763E+02
 0.220000E+01 -.345006E+01 -.187410E+01 -.154703E+01 0.218548E+02
 0.235170E+01 -.342253E+01 -.184391E+01 -.147423E+01 0.255110E+02
 0.223749E+01 -.341881E+01 -.184916E+01 -.168203E+01 0.264636E+02
 0.248379E+01 -.343242E+01 -.188699E+01 -.146902E+01 0.220514E+02
 0.272106E+01 -.339550E+01 -.183863E+01 -.151702E+01 0.273155E+02
 0.255960E+01 -.347647E+01 -.176076E+01 -.168514E+01 0.284657E+02
 0.249150E+01 -.341849E+01 -.182447E+01 -.150188E+01 0.260518E+02
 0.220000E+01 -.342176E+01 -.190595E+01 -.151348E+01 0.220756E+02
 0.222101E+01 -.343808E+01 -.191057E+01 -.149653E+01 0.215050E+02
 0.220000E+01 -.342737E+01 -.186155E+01 -.156751E+01 0.218601E+02
 0.220000E+01 -.346474E+01 -.192645E+01 -.141045E+01 0.249271E+02
 0.270510E+01 -.341239E+01 -.180972E+01 -.153474E+01 0.264698E+02
 0.232444E+01 -.342609E+01 -.189185E+01 -.162574E+01 0.264912E+02
 0.220483E+01 -.343594E+01 -.188568E+01 -.151366E+01 0.212260E+02
 0.238668E+01 -.344895E+01 -.192854E+01 -.144576E+01 0.221715E+02
 0.220103E+01 -.347298E+01 -.187111E+01 -.146589E+01 0.255770E+02
 0.220203E+01 -.342286E+01 -.185182E+01 -.145105E+01 0.265240E+02
 0.220587E+01 -.343661E+01 -.188984E+01 -.148829E+01 0.213337E+02
 0.220276E+01 -.345126E+01 -.188842E+01 -.151978E+01 0.217971E+02
 0.220854E+01 -.342976E+01 -.189507E+01 -.150781E+01 0.213571E+02
 0.220000E+01 -.345292E+01 -.194412E+01 -.145647E+01 0.228602E+02
 0.222802E+01 -.344227E+01 -.195158E+01 -.151226E+01 0.255013E+02
 0.245073E+01 -.348896E+01 -.187471E+01 -.152875E+01 0.268565E+02
 0.220000E+01 -.347846E+01 -.187682E+01 -.149893E+01 0.249732E+02
 0.220000E+01 -.345287E+01 -.183732E+01 -.145799E+01 0.274886E+02
 0.225283E+01 -.343927E+01 -.188618E+01 -.141600E+01 0.257863E+02
 0.221045E+01 -.344313E+01 -.186127E+01 -.160179E+01 0.226992E+02
 0.242640E+01 -.340114E+01 -.187545E+01 -.151283E+01 0.242749E+02
 0.220000E+01 -.343598E+01 -.188362E+01 -.149404E+01 0.213564E+02
 0.220961E+01 -.343068E+01 -.190485E+01 -.161832E+01 0.274546E+02
 0.225475E+01 -.344926E+01 -.185912E+01 -.148858E+01 0.229147E+02
 0.242918E+01 -.343802E+01 -.191675E+01 -.147636E+01 0.214805E+02
 0.252383E+01 -.349398E+01 -.186072E+01 -.150538E+01 0.283926E+02
 0.221061E+01 -.343591E+01 -.188770E+01 -.150451E+01 0.212213E+02
 0.230835E+01 -.346395E+01 -.186458E+01 -.152091E+01 0.229694E+02
 0.220000E+01 -.347417E+01 -.185167E+01 -.147762E+01 0.264586E+02
 0.220305E+01 -.344494E+01 -.190507E+01 -.145034E+01 0.221238E+02
 0.243398E+01 -.346242E+01 -.177985E+01 -.179137E+01 0.287221E+02
 0.220000E+01 -.343636E+01 -.189846E+01 -.150575E+01 0.213159E+02
 0.220000E+01 -.342848E+01 -.188802E+01 -.150547E+01 0.213494E+02
 0.221359E+01 -.342642E+01 -.188056E+01 -.147274E+01 0.223038E+02
 0.226685E+01 -.344135E+01 -.181366E+01 -.156892E+01 0.230104E+02
 0.233048E+01 -.339673E+01 -.188069E+01 -.149462E+01 0.251860E+02
 0.253918E+01 -.343856E+01 -.188518E+01 -.163052E+01 0.259000E+02
 0.272213E+01 -.340968E+01 -.189751E+01 -.146550E+01 0.233297E+02
 0.220000E+01 -.345510E+01 -.192462E+01 -.151899E+01 0.239214E+02
 0.220698E+01 -.344361E+01 -.188908E+01 -.150860E+01 0.213499E+02
 0.226294E+01 -.343432E+01 -.186974E+01 -.151377E+01 0.214232E+02
 0.220079E+01 -.343001E+01 -.188583E+01 -.149968E+01 0.213444E+02
 0.228151E+01 -.345418E+01 -.194970E+01 -.144513E+01 0.230404E+02
 0.221675E+01 -.348407E+01 -.182244E+01 -.157494E+01 0.265041E+02
 0.232110E+01 -.341572E+01 -.186839E+01 -.157190E+01 0.229080E+02
 0.240674E+01 -.345214E+01 -.190133E+01 -.147442E+01 0.220246E+02
 0.220891E+01 -.343592E+01 -.188625E+01 -.150780E+01 0.212188E+02
 0.222982E+01 -.342908E+01 -.186485E+01 -.153844E+01 0.214963E+02
 0.220876E+01 -.344419E+01 -.189866E+01 -.148995E+01 0.214097E+02
 0.220810E+01 -.340140E+01 -.189590E+01 -.154220E+01 0.247725E+02
 0.220242E+01 -.345119E+01 -.192988E+01 -.156340E+01 0.271143E+02
 0.220845E+01 -.344485E+01 -.188629E+01 -.144261E+01 0.235152E+02
 0.220709E+01 -.343549E+01 -.188133E+01 -.152431E+01 0.212686E+02
 0.220945E+01 -.342803E+01 -.188646E+01 -.149550E+01 0.214445E+02
 0.220907E+01 -.343115E+01 -.188736E+01 -.151037E+01 0.212781E+02
 0.221470E+01 -.341049E+01 -.185841E+01 -.151621E+01 0.233927E+02
 0.225878E+01 -.343734E+01 -.176329E+01 -.161531E+01 0.262958E+02
 0.221091E+01 -.343325E+01 -.180440E+01 -.159461E+01 0.232292E+02
 0.259023E+01 -.342438E+01 -.188525E+01 -.159865E+01 0.242247E+02
 0.260029E+01 -.339606E+01 -.191119E+01 -.150941E+01 0.252924E+02
 0.220000E+01 -.345070E+01 -.190291E+01 -.141246E+01 0.249457E+02
 0.220000E+01 -.342114E+01 -.187374E+01 -.146488E+01 0.234245E+02
 0.246605E+01 -.340954E+01 -.191314E+01 -.149105E+01 0.229644E+02
 0.221178E+01 -.345276E+01 -.180299E+01 -.167616E+01 0.242482E+02
 0.223748E+01 -.343461E+01 -.185833E+01 -.151189E+01 0.218471E+02
 0.300547E+01 -.338878E+01 -.190626E+01 -.152429E+01 0.270124E+02
 0.243246E+01 -.348836E+01 -.189360E+01 -.149741E+01 0.268292E+02
 0.223333E+01 -.343842E+01 -.188697E+01 -.151116E+01 0.212391E+02
 0.220000E+01 -.343417E+01 -.188075E+01 -.148069E+01 0.217739E+02
 0.220000E+01 -.343945E+01 -.189571E+01 -.154584E+01 0.222258E+02
 0.251890E+01 -.343233E+01 -.183469E+01 -.152016E+01 0.232117E+02
 0.220750E+01 -.343592E+01 -.188503E+01 -.151054E+01 0.212221E+02
 0.220000E+01 -.340490E+01 -.187790E+01 -.153077E+01 0.236100E+02
 0.221613E+01 -.340849E+01 -.193351E+01 -.152388E+01 0.255315E+02
 0.220000E+01 -.340833E+01 -.187878E+01 -.148537E+01 0.235594E+02
 0.220759E+01 -.342711E+01 -.188896E+01 -.157696E+01 0.232705E+02
 0.220754E+01 -.341812E+01 -.184595E+01 -.146542E+01 0.262745E+02
 0.220000E+01 -.345935E+01 -.201300E+01 -.141808E+01 0.278781E+02
 0.224576E+01 -.341233E+01 -.189755E+01 -.145490E+01 0.233550E+02
 0.220832E+01 -.343564E+01 -.187331E+01 -.151672E+01 0.212932E+02
 0.221588E+01 -.343927E+01 -.189012E+01 -.149950E+01 0.212540E+02
 0.220522E+01 -.343540E+01 -.189247E+01 -.154009E+01 0.218400E+02
 0.222121E+01 -.344862E+01 -.196639E+01 -.152015E+01 0.286911E+02
 0.241210E+01 -.348111E+01 -.188433E+01 -.156230E+01 0.264133E+02
 0.220000E+01 -.343553E+01 -.195495E+01 -.153283E+01 0.275037E+02
 0.232281E+01 -.343570E+01 -.188749E+01 -.152223E+01 0.213383E+02
 0.265197E+01 -.341927E+01 -.188645E+01 -.149069E+01 0.221136E+02
 0.290000E+01 -.343743E+01 -.189268E+01 -.162591E+01 0.263932E+02
 0.240890E+01 -.347482E+01 -.184205E+01 -.150145E+01 0.260989E+02
 0.221916E+01 -.343842E+01 -.190259E+01 -.149683E+01 0.213279E+02
 0.224338E+01 -.341795E+01 -.182527E+01 -.155074E+01 0.236514E+02
 0.245772E+01 -.345473E+01 -.193729E+01 -.144592E+01 0.227174E+02
 0.250540E+01 -.342781E+01 -.190742E+01 -.152851E+01 0.223192E+02
 0.220714E+01 -.343592E+01 -.188631E+01 -.151042E+01 0.212227E+02
 0.226483E+01 -.343474E+01 -.188796E+01 -.149373E+01 0.213162E+02
 0.221195E+01 -.343871E+01 -.186523E+01 -.151704E+01 0.214636E+02
 0.221395E+01 -.341704E+01 -.187069E+01 -.144655E+01 0.253395E+02
 0.220657E+01 -.341377E+01 -.185739E+01 -.145454E+01 0.263828E+02
 0.231016E+01 -.343200E+01 -.186439E+01 -.143907E+01 0.258764E+02
 0.220428E+01 -.343635E+01 -.187052E+01 -.150017E+01 0.216041E+02
 0.220447E+01 -.344465E+01 -.189017E+01 -.151049E+01 0.213991E+02
 0.220842E+01 -.343858E+01 -.188550E+01 -.152533E+01 0.213384E+02
 0.223798E+01 -.344017E+01 -.193665E+01 -.146282E+01 0.219492E+02
 0.220160E+01 -.343275E+01 -.190784E+01 -.140513E+01 0.248062E+02
 0.221053E+01 -.347264E+01 -.189214E+01 -.154252E+01 0.247133E+02
 0.239537E+01 -.343653E+01 -.188612E+01 -.146532E+01 0.221803E+02
 0.224690E+01 -.339747E+01 -.188924E+01 -.150245E+01 0.247399E+02
 0.321614E+01 -.343879E+01 -.186494E+01 -.149615E+01 0.221991E+02
 0.220774E+01 -.341307E+01 -.186397E+01 -.150126E+01 0.232007E+02
 0.223062E+01 -.343987E+01 -.187170E+01 -.142035E+01 0.269652E+02
 0.246733E+01 -.343922E+01 -.191346E+01 -.146674E+01 0.215094E+02
 0.220000E+01 -.344954E+01 -.185478E+01 -.151347E+01 0.222221E+02
 0.222945E+01 -.343539E+01 -.189261E+01 -.148966E+01 0.212917E+02
 0.221975E+01 -.343340E+01 -.190027E+01 -.155309E+01 0.227779E+02
 0.220780E+01 -.343930E+01 -.188856E+01 -.156826E+01 0.227139E+02
 0.260124E+01 -.344340E+01 -.188767E+01 -.139367E+01 0.287148E+02
 0.222008E+01 -.343786E+01 -.184094E+01 -.150642E+01 0.230857E+02
 0.220968E+01 -.343592E+01 -.188737E+01 -.150619E+01 0.212191E+02
 0.227242E+01 -.346013E+01 -.189527E+01 -.148088E+01 0.226133E+02
 0.220223E+01 -.346446E+01 -.182837E+01 -.150206E+01 0.257817E+02
 0.220221E+01 -.343584E+01 -.187876E+01 -.149458E+01 0.214653E+02
 0.220000E+01 -.340865E+01 -.192203E+01 -.140842E+01 0.251115E+02
 0.221423E+01 -.345256E+01 -.194190E+01 -.146153E+01 0.228150E+02
 0.220584E+01 -.343606E+01 -.188589E+01 -.149899E+01 0.212616E+02
 0.220000E+01 -.343754E+01 -.188973E+01 -.150711E+01 0.212271E+02
 0.221234E+01 -.343134E+01 -.188306E+01 -.148006E+01 0.217598E+02
 0.221805E+01 -.344826E+01 -.176553E+01 -.157308E+01 0.277489E+02
 0.220000E+01 -.343439E+01 -.192650E+01 -.150821E+01 0.226422E+02
 0.226121E+01 -.345320E+01 -.188763E+01 -.150519E+01 0.218571E+02
 0.225527E+01 -.348432E+01 -.182241E+01 -.152722E+01 0.278055E+02
 0.246069E+01 -.345489E+01 -.191976E+01 -.148972E+01 0.225765E+02
 0.256218E+01 -.343539E+01 -.203637E+01 -.130000E+01 0.277140E+02
 0.239766E+01 -.344779E+01 -.188567E+01 -.153293E+01 0.217791E+02
 0.230338E+01 -.342624E+01 -.186100E+01 -.154297E+01 0.216932E+02
 0.238787E+01 -.349615E+01 -.187478E+01 -.150508E+01 0.284326E+02
 0.223153E+01 -.344096E+01 -.190705E+01 -.150077E+01 0.215214E+02
 0.236157E+01 -.342148E+01 -.189076E+01 -.151937E+01 0.218282E+02
 0.220980E+01 -.342537E+01 -.188902E+01 -.150928E+01 0.214834E+02
 0.222815E+01 -.343563E+01 -.187924E+01 -.151526E+01 0.212438E+02
 0.220297E+01 -.343343E+01 -.188788E+01 -.163703E+01 0.266890E+02
 0.220000E+01 -.344706E+01 -.193500E+01 -.149317E+01 0.230018E+02
 0.233881E+01 -.343031E+01 -.184661E+01 -.155494E+01 0.218179E+02
 0.220000E+01 -.348239E+01 -.189332E+01 -.147574E+01 0.258296E+02
 0.220000E+01 -.342535E+01 -.188751E+01 -.143928E+01 0.238114E+02
 0.221059E+01 -.343591E+01 -.188662E+01 -.150623E+01 0.212205E+02
 0.222123E+01 -.342345E+01 -.189207E+01 -.151629E+01 0.216698E+02
 0.220148E+01 -.344964E+01 -.187201E+01 -.148563E+01 0.223128E+02
 0.220000E+01 -.345149E+01 -.189063E+01 -.153957E+01 0.222737E+02
 0.221664E+01 -.347067E+01 -.195589E+01 -.150777E+01 0.285100E+02
 0.227183E+01 -.341078E+01 -.194991E+01 -.139579E+01 0.243311E+02
 0.220758E+01 -.343570E+01 -.189826E+01 -.151215E+01 0.213902E+02
 0.221649E+01 -.342925E+01 -.188961E+01 -.149882E+01 0.213453E+02
 0.221284E+01 -.342619E+01 -.188279E+01 -.147839E+01 0.220052E+02
 0.220000E+01 -.347530E+01 -.187955E+01 -.146178E+01 0.256427E+02
 0.220000E+01 -.345144E+01 -.178948E+01 -.160977E+01 0.241978E+02
 0.223918E+01 -.340445E+01 -.188622E+01 -.150241E+01 0.235950E+02
 0.220000E+01 -.348050E+01 -.188908E+01 -.158772E+01 0.277816E+02
 0.221054E+01 -.341584E+01 -.179722E+01 -.157239E+01 0.255009E+02
 0.223570E+01 -.343982E+01 -.188577E+01 -.158749E+01 0.234346E+02
 0.234164E+01 -.341597E+01 -.201444E+01 -.142832E+01 0.274611E+02
 0.220000E+01 -.344638E+01 -.190225E+01 -.139260E+01 0.269395E+02
 0.222270E+01 -.344428E+01 -.187791E+01 -.151671E+01 0.213742E+02
 0.243912E+01 -.342401E+01 -.189512E+01 -.153151E+01 0.220162E+02
 0.241423E+01 -.341136E+01 -.191955E+01 -.151731E+01 0.237165E+02
 0.223017E+01 -.343134E+01 -.194971E+01 -.151207E+01 0.250744E+02
 0.224321E+01 -.343794E+01 -.187363E+01 -.151457E+01 0.213152E+02
 0.220000E+01 -.343416E+01 -.187403E+01 -.142468E+01 0.261736E+02
 0.222103E+01 -.344446E+01 -.185435E+01 -.143251E+01 0.277943E+02
 0.220409E+01 -.343360E+01 -.187767E+01 -.155706E+01 0.217893E+02
 0.228747E+01 -.345855E+01 -.189549E+01 -.148033E+01 0.224717E+02
 0.220797E+01 -.343592E+01 -.188541E+01 -.150994E+01 0.212218E+02
 0.220000E+01 -.341949E+01 -.187551E+01 -.151121E+01 0.219671E+02
 0.220947E+01 -.342212E+01 -.194363E+01 -.148648E+01 0.232696E+02
 0.221025E+01 -.344032E+01 -.188978E+01 -.150924E+01 0.212704E+02
 0.227473E+01 -.345604E+01 -.203455E+01 -.135543E+01 0.267995E+02
 0.220713E+01 -.343560E+01 -.189223E+01 -.152157E+01 0.214013E+02
 0.222640E+01 -.343277E+01 -.188675E+01 -.149949E+01 0.212849E+02
 0.220798E+01 -.344033E+01 -.189132E+01 -.153565E+01 0.217160E+02
 0.221527E+01 -.343249E+01 -.186110E+01 -.150731E+01 0.218622E+02
 0.220000E+01 -.340380E+01 -.188523E+01 -.152570E+01 0.237501E+02
 0.220000E+01 -.339543E+01 -.188424E+01 -.161801E+01 0.288014E+02
 0.220000E+01 -.343733E+01 -.188631E+01 -.155191E+01 0.219482E+02
 0.252148E+01 -.345680E+01 -.189180E+01 -.140867E+01 0.269833E+02
 0.230426E+01 -.341650E+01 -.185264E+01 -.152357E+01 0.228571E+02
 0.220000E+01 -.343536E+01 -.181107E+01 -.150478E+01 0.262542E+02
 0.239408E+01 -.344475E+01 -.189291E+01 -.150955E+01 0.214738E+02
 0.224143E+01 -.343690E+01 -.189710E+01 -.150158E+01 0.212715E+02
 0.220317E+01 -.342438E+01 -.185118E+01 -.152516E+01 0.222235E+02
 0.238263E+01 -.344249E+01 -.186432E+01 -.148226E+01 0.227078E+02
 0.241369E+01 -.343892E+01 -.190783E+01 -.150995E+01 0.217046E+02
 0.228828E+01 -.342674E+01 -.189010E+01 -.151223E+01 0.214609E+02
 0.244624E+01 -.343032E+01 -.189228E+01 -.143801E+01 0.234520E+02
 0.220763E+01 -.343592E+01 -.188601E+01 -.150930E+01 0.212214E+02
 0.228065E+01 -.341927E+01 -.187990E+01 -.149854E+01 0.220779E+02
 0.221838E+01 -.342636E+01 -.188632E+01 -.148242E+01 0.217597E+02
 0.220000E+01 -.339958E+01 -.188686E+01 -.152535E+01 0.244562E+02
 0.220013E+01 -.340205E+01 -.181993E+01 -.162474E+01 0.258041E+02
 0.220803E+01 -.343597E+01 -.188045E+01 -.151706E+01 0.212325E+02
 0.221815E+01 -.344185E+01 -.188578E+01 -.150476E+01 0.212970E+02
 0.229805E+01 -.342611E+01 -.186946E+01 -.150230E+01 0.219088E+02
 0.220583E+01 -.343976E+01 -.189323E+01 -.154735E+01 0.221527E+02
 0.220000E+01 -.343220E+01 -.189334E+01 -.150430E+01 0.212666E+02
 0.241331E+01 -.341837E+01 -.188639E+01 -.149994E+01 0.220174E+02
 0.220000E+01 -.342475E+01 -.197585E+01 -.144476E+01 0.239103E+02
 0.224553E+01 -.345405E+01 -.188660E+01 -.152815E+01 0.220789E+02
 0.233785E+01 -.341856E+01 -.187480E+01 -.146472E+01 0.236302E+02
 0.226157E+01 -.348374E+01 -.181973E+01 -.166356E+01 0.277507E+02
 0.220914E+01 -.343481E+01 -.183875E+01 -.156027E+01 0.218607E+02
 0.234878E+01 -.343726E+01 -.188623E+01 -.151002E+01 0.212599E+02
 0.224281E+01 -.346009E+01 -.189160E+01 -.150694E+01 0.224665E+02
 0.278502E+01 -.343239E+01 -.186233E+01 -.152179E+01 0.216866E+02
 0.220000E+01 -.345685E+01 -.188930E+01 -.151843E+01 0.222128E+02
 0.250486E+01 -.340862E+01 -.191600E+01 -.141381E+01 0.251718E+02
 0.221037E+01 -.343708E+01 -.188622E+01 -.151328E+01 0.212293E+02
 0.231496E+01 -.346600E+01 -.186292E+01 -.150271E+01 0.236201E+02
 0.220301E+01 -.339326E+01 -.188982E+01 -.150387E+01 0.255516E+02
 0.220929E+01 -.343475E+01 -.190908E+01 -.149710E+01 0.214493E+02
 0.220852E+01 -.342991E+01 -.190853E+01 -.159299E+01 0.260202E+02
 0.220000E+01 -.342017E+01 -.186493E+01 -.154874E+01 0.220469E+02
 0.246056E+01 -.343982E+01 -.193093E+01 -.146707E+01 0.218030E+02
 0.220000E+01 -.340915E+01 -.188294E+01 -.153801E+01 0.231590E+02
 0.221042E+01 -.343592E+01 -.188672E+01 -.150684E+01 0.212195E+02
 0.225127E+01 -.344526E+01 -.189656E+01 -.148879E+01 0.214706E+02
 0.221156E+01 -.344711E+01 -.195896E+01 -.150078E+01 0.258486E+02
 0.222070E+01 -.344771E+01 -.188404E+01 -.147114E+01 0.222287E+02
 0.220929E+01 -.346171E+01 -.189979E+01 -.159209E+01 0.264287E+02
 0.220701E+01 -.343629E+01 -.187093E+01 -.150153E+01 0.215607E+02
 0.220000E+01 -.343946E+01 -.188512E+01 -.150626E+01 0.212454E+02
 0.220949E+01 -.342189E+01 -.188433E+01 -.148186E+01 0.220852E+02
 0.220955E+01 -.344161E+01 -.195195E+01 -.150773E+01 0.252059E+02
 0.236570E+01 -.346656E+01 -.188844E+01 -.151850E+01 0.232681E+02
 0.242616E+01 -.346493E+01 -.183273E+01 -.150677E+01 0.253381E+02
 0.226272E+01 -.342352E+01 -.183058E+01 -.158450E+01 0.225786E+02
 0.220852E+01 -.346131E+01 -.191188E+01 -.155632E+01 0.254007E+02
 0.242518E+01 -.343594E+01 -.188619E+01 -.147248E+01 0.219055E+02
 0.220864E+01 -.340739E+01 -.192997E+01 -.138455E+01 0.267876E+02
 0.224038E+01 -.340056E+01 -.196339E+01 -.150233E+01 0.284183E+02
 0.228855E+01 -.344598E+01 -.181976E+01 -.161283E+01 0.226455E+02
 0.235761E+01 -.342442E+01 -.192048E+01 -.152372E+01 0.230942E+02
 0.239545E+01 -.346372E+01 -.187136E+01 -.151009E+01 0.229710E+02
 0.264345E+01 -.340233E+01 -.190558E+01 -.154119E+01 0.250258E+02
 0.249887E+01 -.344370E+01 -.190309E+01 -.161051E+01 0.267244E+02
 0.221815E+01 -.343821E+01 -.194845E+01 -.151890E+01 0.254803E+02
 0.228271E+01 -.344704E+01 -.191353E+01 -.150499E+01 0.220955E+02
 0.220718E+01 -.342732E+01 -.188814E+01 -.150986E+01 0.213959E+02
 0.222120E+01 -.343565E+01 -.189269E+01 -.151455E+01 0.213136E+02
 0.221214E+01 -.343030E+01 -.191428E+01 -.146272E+01 0.215237E+02
 0.225657E+01 -.343498E+01 -.190782E+01 -.144413E+01 0.221240E+02
 0.236090E+01 -.344427E+01 -.188779E+01 -.154696E+01 0.220304E+02
 0.253741E+01 -.342892E+01 -.189835E+01 -.158346E+01 0.242764E+02
 0.220844E+01 -.343592E+01 -.188608E+01 -.150710E+01 0.212197E+02
 0.220000E+01 -.344795E+01 -.189316E+01 -.148950E+01 0.215835E+02
 0.220229E+01 -.344682E+01 -.189198E+01 -.153294E+01 0.218944E+02
 0.221876E+01 -.349216E+01 -.188116E+01 -.150911E+01 0.274144E+02
 0.220000E+01 -.343769E+01 -.183984E+01 -.154026E+01 0.220314E+02
 0.220745E+01 -.343615E+01 -.189395E+01 -.149882E+01 0.212294E+02
 0.221509E+01 -.343242E+01 -.189328E+01 -.150896E+01 0.212899E+02
 0.221204E+01 -.342921E+01 -.188154E+01 -.146218E+01 0.226297E+02
 0.221409E+01 -.338716E+01 -.193042E+01 -.151484E+01 0.284568E+02
 0.220260E+01 -.343676E+01 -.194641E+01 -.151150E+01 0.246974E+02
 0.220831E+01 -.342883E+01 -.179796E+01 -.150693E+01 0.281028E+02
 0.233281E+01 -.344539E+01 -.188729E+01 -.151031E+01 0.214408E+02
 0.220000E+01 -.343280E+01 -.201401E+01 -.142253E+01 0.265913E+02
 0.239305E+01 -.340851E+01 -.196420E+01 -.150926E+01 0.279720E+02
 0.220896E+01 -.346053E+01 -.185374E+01 -.149947E+01 0.235476E+02
 0.222954E+01 -.343516E+01 -.188624E+01 -.145395E+01 0.226804E+02
 0.220906E+01 -.341889E+01 -.186589E+01 -.149377E+01 0.227667E+02
 0.231382E+01 -.343649E+01 -.189060E+01 -.161938E+01 0.257126E+02
 0.220000E+01 -.343913E+01 -.183886E+01 -.160969E+01 0.223043E+02
 0.221938E+01 -.343771E+01 -.189341E+01 -.151102E+01 0.212915E+02
 0.246815E+01 -.344119E+01 -.193027E+01 -.140234E+01 0.236278E+02
 0.220508E+01 -.342518E+01 -.193163E+01 -.151113E+01 0.233419E+02
 0.221059E+01 -.346966E+01 -.188728E+01 -.151164E+01 0.235480E+02
 0.221243E+01 -.343754E+01 -.194319E+01 -.151199E+01 0.243752E+02
 0.223461E+01 -.343820E+01 -.187053E+01 -.151064E+01 0.214233E+02
 0.220028E+01 -.343831E+01 -.186729E+01 -.145557E+01 0.239713E+02
 0.222056E+01 -.344012E+01 -.193165E+01 -.145177E+01 0.217496E+02
 0.220000E+01 -.343373E+01 -.188601E+01 -.145985E+01 0.223770E+02
 0.229682E+01 -.346175E+01 -.189396E+01 -.151528E+01 0.227746E+02
 0.267617E+01 -.343218E+01 -.190008E+01 -.139709E+01 0.266611E+02
 0.220740E+01 -.343592E+01 -.188574E+01 -.150832E+01 0.212218E+02
 0.222975E+01 -.341806E+01 -.188084E+01 -.150968E+01 0.220211E+02
 0.220337E+01 -.343244E+01 -.188901E+01 -.157427E+01 0.230120E+02
 0.225363E+01 -.344944E+01 -.187595E+01 -.150509E+01 0.217220E+02
 0.221022E+01 -.344426E+01 -.195835E+01 -.146192E+01 0.233620E+02
 0.220385E+01 -.343560E+01 -.190484E+01 -.151490E+01 0.216626E+02
 0.221080E+01 -.343072E+01 -.189188E+01 -.150693E+01 0.212968E+02
 0.220977E+01 -.344340E+01 -.188517E+01 -.154002E+01 0.216877E+02
 0.220000E+01 -.342880E+01 -.185040E+01 -.151007E+01 0.224610E+02
 0.220000E+01 -.343304E+01 -.188375E+01 -.159131E+01 0.234672E+02
 0.220000E+01 -.342324E+01 -.188472E+01 -.156434E+01 0.226650E+02
 0.229510E+01 -.340221E+01 -.188638E+01 -.151541E+01 0.239363E+02
 0.231660E+01 -.345727E+01 -.189562E+01 -.155606E+01 0.236279E+02
 0.221151E+01 -.347420E+01 -.188078E+01 -.161494E+01 0.275324E+02
 0.220000E+01 -.347383E+01 -.188406E+01 -.152044E+01 0.241604E+02
 0.220956E+01 -.342427E+01 -.179467E+01 -.153479E+01 0.267496E+02
 0.220000E+01 -.343562E+01 -.188628E+01 -.151599E+01 0.212420E+02
 0.221404E+01 -.343391E+01 -.186553E+01 -.159559E+01 0.225817E+02
 0.243533E+01 -.343190E+01 -.199133E+01 -.145996E+01 0.263973E+02
 0.263165E+01 -.343761E+01 -.190970E+01 -.146064E+01 0.216331E+02
 0.220000E+01 -.343973E+01 -.188815E+01 -.144891E+01 0.228463E+02
 0.220000E+01 -.345018E+01 -.188172E+01 -.141828E+01 0.263380E+02
 0.244908E+01 -.344379E+01 -.184106E+01 -.152340E+01 0.226025E+02
 0.234656E+01 -.343316E+01 -.189632E+01 -.150722E+01 0.213286E+02
 0.230506E+01 -.340804E+01 -.188840E+01 -.154177E+01 0.235117E+02
 0.221220E+01 -.343519E+01 -.183472E+01 -.150020E+01 0.239749E+02
 0.220000E+01 -.341641E+01 -.190290E+01 -.146449E+01 0.224105E+02
 0.233878E+01 -.342399E+01 -.190139E+01 -.151250E+01 0.217864E+02
 0.220890E+01 -.342470E+01 -.188801E+01 -.150924E+01 0.215147E+02
 0.223523E+01 -.343801E+01 -.188355E+01 -.150480E+01 0.212590E+02
 0.220804E+01 -.344510E+01 -.188671E+01 -.145449E+01 0.227561E+02
 0.252626E+01 -.343635E+01 -.187805E+01 -.152435E+01 0.213238E+02
 0.222721E+01 -.345411E+01 -.176484E+01 -.178693E+01 0.277376E+02
 0.220000E+01 -.342907E+01 -.188982E+01 -.148712E+01 0.214646E+02
 0.236384E+01 -.343688E+01 -.189867E+01 -.155158E+01 0.226092E+02
 0.220850E+01 -.343592E+01 -.188655E+01 -.150860E+01 0.212183E+02
 0.227858E+01 -.340404E+01 -.188149E+01 -.150631E+01 0.237159E+02
 0.220789E+01 -.343083E+01 -.181978E+01 -.149909E+01 0.257659E+02
 0.220745E+01 -.343284E+01 -.188403E+01 -.151926E+01 0.212754E+02
 0.220024E+01 -.343612E+01 -.186985E+01 -.151754E+01 0.213399E+02
 0.220194E+01 -.344074E+01 -.188738E+01 -.150027E+01 0.212830E+02
 0.220000E+01 -.338092E+01 -.192396E+01 -.148214E+01 0.286011E+02
 0.220639E+01 -.343385E+01 -.189213E+01 -.154125E+01 0.218737E+02
 0.223025E+01 -.338752E+01 -.190045E+01 -.151105E+01 0.269217E+02
 0.221414E+01 -.343083E+01 -.182800E+01 -.150307E+01 0.245825E+02
 0.221475E+01 -.342264E+01 -.186703E+01 -.150830E+01 0.220280E+02
 0.220957E+01 -.342065E+01 -.188639E+01 -.152219E+01 0.218363E+02
 0.249151E+01 -.343257E+01 -.187172E+01 -.148347E+01 0.222390E+02
 0.236406E+01 -.344251E+01 -.201701E+01 -.140517E+01 0.260259E+02
 0.220180E+01 -.339147E+01 -.187873E+01 -.149017E+01 0.264267E+02
 0.252521E+01 -.342981E+01 -.180173E+01 -.151944E+01 0.268152E+02
 0.220903E+01 -.341136E+01 -.180136E+01 -.152715E+01 0.277577E+02
 0.222617E+01 -.343607E+01 -.188626E+01 -.156697E+01 0.224888E+02
 0.225377E+01 -.339636E+01 -.188999E+01 -.150407E+01 0.249295E+02
 0.220892E+01 -.347578E+01 -.183848E+01 -.150981E+01 0.259477E+02
 0.245537E+01 -.341495E+01 -.189238E+01 -.145070E+01 0.236096E+02
 0.238784E+01 -.340517E+01 -.187041E+01 -.149900E+01 0.240639E+02
 0.230940E+01 -.344172E+01 -.198506E+01 -.148568E+01 0.280154E+02
 0.220168E+01 -.343553E+01 -.190710E+01 -.151336E+01 0.217160E+02
 0.220580E+01 -.346191E+01 -.184929E+01 -.151875E+01 0.232646E+02
 0.240292E+01 -.345923E+01 -.187284E+01 -.151002E+01 0.224990E+02
 0.220561E+01 -.339382E+01 -.188768E+01 -.150537E+01 0.254543E+02
 0.223887E+01 -.343498E+01 -.190721E+01 -.149865E+01 0.214277E+02
 0.220367E+01 -.341648E+01 -.187268E+01 -.153650E+01 0.222482E+02
 0.259582E+01 -.343851E+01 -.188019E+01 -.157597E+01 0.225560E+02
 0.231830E+01 -.340016E+01 -.188376E+01 -.149400E+01 0.244473E+02
 0.220000E+01 -.343463E+01 -.188476E+01 -.161623E+01 0.249541E+02
 0.220941E+01 -.343592E+01 -.188722E+01 -.150883E+01 0.212193E+02
 0.223083E+01 -.346887E+01 -.188991E+01 -.150164E+01 0.234522E+02
 0.221286E+01 -.344374E+01 -.188853E+01 -.145348E+01 0.226649E+02
 0.220000E+01 -.344123E+01 -.190971E+01 -.153319E+01 0.226293E+02
 0.220327E+01 -.338144E+01 -.192641E+01 -.146165E+01 0.283474E+02
 0.220000E+01 -.343271E+01 -.182345E+01 -.154200E+01 0.230661E+02
 0.232826E+01 -.340198E+01 -.192023E+01 -.149957E+01 0.243877E+02
 0.220067E+01 -.343637E+01 -.186692E+01 -.151544E+01 0.214318E+02
 0.220000E+01 -.344106E+01 -.188439E+01 -.150960E+01 0.212684E+02
 0.220705E+01 -.342588E+01 -.188417E+01 -.149693E+01 0.215563E+02
 0.221409E+01 -.343957E+01 -.196612E+01 -.149933E+01 0.263407E+02
 0.221974E+01 -.343181E+01 -.183661E+01 -.155483E+01 0.220621E+02
 0.221190E+01 -.344182E+01 -.196807E+01 -.150941E+01 0.275733E+02
 0.220000E+01 -.345679E+01 -.188651E+01 -.151096E+01 0.221192E+02
 0.223771E+01 -.342406E+01 -.179916E+01 -.155632E+01 0.251598E+02
 0.220804E+01 -.343741E+01 -.193217E+01 -.154180E+01 0.251452E+02
 0.220000E+01 -.343615E+01 -.188647E+01 -.157104E+01 0.226797E+02
 0.221142E+01 -.346961E+01 -.186964E+01 -.157182E+01 0.241888E+02
 0.220000E+01 -.345216E+01 -.188465E+01 -.152576E+01 0.218584E+02
 0.223781E+01 -.341573E+01 -.180825E+01 -.158660E+01 0.243275E+02
 0.249779E+01 -.342997E+01 -.187751E+01 -.152877E+01 0.214330E+02
 0.220000E+01 -.341178E+01 -.191743E+01 -.146685E+01 0.226719E+02
 0.224785E+01 -.343886E+01 -.183069E+01 -.155227E+01 0.222964E+02
 0.230445E+01 -.344358E+01 -.181667E+01 -.147803E+01 0.279963E+02
 0.220000E+01 -.343792E+01 -.193633E+01 -.152116E+01 0.242416E+02
 0.229557E+01 -.342936E+01 -.190531E+01 -.143762E+01 0.226560E+02
 0.227070E+01 -.345833E+01 -.185914E+01 -.150715E+01 0.228428E+02
 0.220669E+01 -.346673E+01 -.188768E+01 -.151061E+01 0.231698E+02
 0.220661E+01 -.343457E+01 -.191172E+01 -.150555E+01 0.217059E+02
 0.220556E+01 -.343151E+01 -.190071E+01 -.160215E+01 0.257202E+02
 0.220784E+01 -.340522E+01 -.188138E+01 -.147989E+01 0.240607E+02
 0.222901E+01 -.346267E+01 -.186906E+01 -.153503E+01 0.227050E+02
 0.237533E+01 -.343788E+01 -.188119E+01 -.150923E+01 0.212951E+02
 0.237503E+01 -.345918E+01 -.189021E+01 -.151872E+01 0.224940E+02
 0.235801E+01 -.342296E+01 -.188210E+01 -.148540E+01 0.220508E+02
 0.220879E+01 -.343592E+01 -.188643E+01 -.150878E+01 0.212184E+02
 0.220551E+01 -.348384E+01 -.189345E+01 -.149840E+01 0.258567E+02
 0.221153E+01 -.345174E+01 -.189000E+01 -.145055E+01 0.231222E+02
 0.220987E+01 -.343607E+01 -.188233E+01 -.150427E+01 0.212596E+02
 0.221516E+01 -.343845E+01 -.188815E+01 -.151117E+01 0.212414E+02
 0.221002E+01 -.343147E+01 -.187938E+01 -.146919E+01 0.223446E+02
 0.222497E+01 -.346064E+01 -.186818E+01 -.148994E+01 0.231682E+02
 0.220000E+01 -.344078E+01 -.192200E+01 -.150869E+01 0.224453E+02
 0.220997E+01 -.344923E+01 -.195509E+01 -.150857E+01 0.260709E+02
 0.227700E+01 -.343152E+01 -.188718E+01 -.150174E+01 0.213036E+02
 0.259191E+01 -.347366E+01 -.182474E+01 -.157000E+01 0.250378E+02
 0.220626E+01 -.341590E+01 -.189785E+01 -.140461E+01 0.267552E+02
 0.220000E+01 -.345934E+01 -.193582E+01 -.148652E+01 0.237833E+02
 0.221824E+01 -.343543E+01 -.188646E+01 -.143700E+01 0.238251E+02
 0.224960E+01 -.349359E+01 -.188048E+01 -.153626E+01 0.279309E+02
 0.220000E+01 -.341990E+01 -.186650E+01 -.154375E+01 0.220233E+02
 0.276901E+01 -.343821E+01 -.195879E+01 -.144159E+01 0.225326E+02
 0.220000E+01 -.341875E+01 -.187114E+01 -.160350E+01 0.238943E+02
 0.246784E+01 -.343006E+01 -.187867E+01 -.152531E+01 0.214082E+02
 0.221016E+01 -.343662E+01 -.186130E+01 -.151637E+01 0.215958E+02
 0.227742E+01 -.343671E+01 -.192883E+01 -.144605E+01 0.217212E+02
 0.221423E+01 -.343244E+01 -.188853E+01 -.150897E+01 0.212538E+02
 0.220803E+01 -.348074E+01 -.188814E+01 -.151114E+01 0.252781E+02
 0.221880E+01 -.343621E+01 -.188012E+01 -.151413E+01 0.212306E+02
 0.220000E+01 -.343693E+01 -.188094E+01 -.146954E+01 0.221738E+02
 0.221521E+01 -.344523E+01 -.189758E+01 -.143578E+01 0.232355E+02
 0.220000E+01 -.343721E+01 -.188975E+01 -.145369E+01 0.224646E+02
 0.249258E+01 -.341979E+01 -.189118E+01 -.143407E+01 0.243830E+02
 0.220782E+01 -.343592E+01 -.188590E+01 -.150828E+01 0.212216E+02
 0.223997E+01 -.343662E+01 -.188835E+01 -.149803E+01 0.212567E+02
 0.220881E+01 -.344958E+01 -.179454E+01 -.150462E+01 0.286727E+02
 0.220847E+01 -.345116E+01 -.188883E+01 -.160744E+01 0.253266E+02
 0.220111E+01 -.348591E+01 -.186153E+01 -.148749E+01 0.271838E+02
 0.222494E+01 -.339627E+01 -.188522E+01 -.153197E+01 0.251585E+02
 0.221510E+01 -.343574E+01 -.189958E+01 -.150647E+01 0.213438E+02
 0.220479E+01 -.343549E+01 -.189106E+01 -.150189E+01 0.212224E+02
 0.221038E+01 -.343789E+01 -.187862E+01 -.152208E+01 0.212443E+02
 0.222027E+01 -.343378E+01 -.181740E+01 -.151228E+01 0.250358E+02
 0.220000E+01 -.339294E+01 -.188503E+01 -.150538E+01 0.256748E+02
 0.226601E+01 -.343376E+01 -.191777E+01 -.160511E+01 0.281749E+02
 0.233503E+01 -.341206E+01 -.188691E+01 -.150425E+01 0.225842E+02
 0.229561E+01 -.340720E+01 -.190238E+01 -.155895E+01 0.249765E+02
 0.220634E+01 -.347263E+01 -.187915E+01 -.156656E+01 0.248617E+02
 0.243439E+01 -.349303E+01 -.189673E+01 -.148259E+01 0.279075E+02
 0.220965E+01 -.341866E+01 -.190416E+01 -.155735E+01 0.238683E+02
 0.220508E+01 -.343529E+01 -.188633E+01 -.151665E+01 0.212472E+02
 0.220000E+01 -.342204E+01 -.188514E+01 -.149069E+01 0.218450E+02
 0.258105E+01 -.343697E+01 -.193020E+01 -.148773E+01 0.221390E+02
 0.253965E+01 -.343681E+01 -.190555E+01 -.161601E+01 0.272789E+02
 0.222228E+01 -.345663E+01 -.186546E+01 -.149461E+01 0.227821E+02
 0.241499E+01 -.345255E+01 -.185304E+01 -.154883E+01 0.220791E+02
 0.229272E+01 -.341576E+01 -.194267E+01 -.151013E+01 0.248259E+02
 0.228616E+01 -.340285E+01 -.189462E+01 -.154911E+01 0.247297E+02
 0.221690E+01 -.343569E+01 -.184102E+01 -.150504E+01 0.231596E+02
 0.234887E+01 -.343382E+01 -.188959E+01 -.149885E+01 0.212852E+02
 0.220000E+01 -.341355E+01 -.191147E+01 -.151000E+01 0.228524E+02
 0.220911E+01 -.338789E+01 -.188894E+01 -.150746E+01 0.267616E+02
 0.222638E+01 -.343393E+01 -.191605E+01 -.151142E+01 0.220946E+02
 0.221451E+01 -.343743E+01 -.186207E+01 -.151912E+01 0.215225E+02
 0.221455E+01 -.343944E+01 -.187378E+01 -.141640E+01 0.271584E+02
 0.221129E+01 -.344691E+01 -.191546E+01 -.148524E+01 0.217780E+02
 0.222253E+01 -.344052E+01 -.188080E+01 -.152768E+01 0.213331E+02
 0.257406E+01 -.343639E+01 -.188442E+01 -.152533E+01 0.213745E+02
 0.236646E+01 -.343433E+01 -.188530E+01 -.150710E+01 0.212746E+02
 0.226239E+01 -.342845E+01 -.190752E+01 -.150599E+01 0.216650E+02
 0.220849E+01 -.343592E+01 -.188605E+01 -.150832E+01 0.212186E+02
 0.222285E+01 -.339778E+01 -.188208E+01 -.150266E+01 0.247932E+02
 0.220694E+01 -.343221E+01 -.188771E+01 -.164743E+01 0.274391E+02
 0.220000E+01 -.343480E+01 -.181995E+01 -.152198E+01 0.241611E+02
 0.221141E+01 -.344995E+01 -.184604E+01 -.148259E+01 0.242816E+02
 0.220910E+01 -.345436E+01 -.191458E+01 -.148221E+01 0.222180E+02
 0.220175E+01 -.343589E+01 -.187792E+01 -.151183E+01 0.212587E+02
 0.220000E+01 -.343318E+01 -.188856E+01 -.150353E+01 0.212399E+02
 0.220963E+01 -.344117E+01 -.187958E+01 -.156534E+01 0.221509E+02
 0.221661E+01 -.342976E+01 -.184993E+01 -.150346E+01 0.227166E+02
 0.221302E+01 -.342270E+01 -.183500E+01 -.150747E+01 0.240986E+02
 0.224477E+01 -.341489E+01 -.188681E+01 -.150641E+01 0.222680E+02
 0.224653E+01 -.345741E+01 -.188736E+01 -.158015E+01 0.241528E+02
 0.220004E+01 -.348751E+01 -.187239E+01 -.160167E+01 0.284657E+02
 0.243202E+01 -.344442E+01 -.183777E+01 -.149396E+01 0.242600E+02
 0.220000E+01 -.343597E+01 -.188638E+01 -.157815E+01 0.229936E+02
 0.221157E+01 -.346312E+01 -.189235E+01 -.157191E+01 0.246925E+02
 0.269342E+01 -.344840E+01 -.193602E+01 -.153879E+01 0.257530E+02
 0.222917E+01 -.345847E+01 -.187809E+01 -.142241E+01 0.268921E+02
 0.220000E+01 -.343470E+01 -.188576E+01 -.154879E+01 0.218352E+02
 0.241460E+01 -.346208E+01 -.181643E+01 -.153766E+01 0.249541E+02
 0.225793E+01 -.340297E+01 -.193665E+01 -.148982E+01 0.247821E+02
 0.221373E+01 -.343563E+01 -.185558E+01 -.149970E+01 0.223601E+02
 0.224213E+01 -.343271E+01 -.188456E+01 -.150989E+01 0.212597E+02
 0.220791E+01 -.341328E+01 -.188672E+01 -.150669E+01 0.224209E+02
 0.221172E+01 -.343733E+01 -.187582E+01 -.151968E+01 0.212533E+02
 0.221267E+01 -.343219E+01 -.188271E+01 -.161189E+01 0.245156E+02
 0.220688E+01 -.342634E+01 -.191351E+01 -.152238E+01 0.224944E+02
 0.239337E+01 -.343572E+01 -.188097E+01 -.156029E+01 0.220138E+02
 0.220000E+01 -.343736E+01 -.189243E+01 -.156721E+01 0.229001E+02
 0.220906E+01 -.343592E+01 -.188709E+01 -.150864E+01 0.212188E+02
 0.220000E+01 -.343131E+01 -.188706E+01 -.150461E+01 0.212741E+02
 0.220482E+01 -.343074E+01 -.187466E+01 -.147692E+01 0.222753E+02
 0.220687E+01 -.342961E+01 -.188611E+01 -.140561E+01 0.271055E+02
 0.221262E+01 -.339360E+01 -.185269E+01 -.151234E+01 0.267174E+02
 0.222729E+01 -.341885E+01 -.188552E+01 -.151260E+01 0.219156E+02
 0.220000E+01 -.343370E+01 -.180995E+01 -.151950E+01 0.253998E+02
 0.220247E+01 -.345511E+01 -.183481E+01 -.151141E+01 0.238889E+02
 0.221246E+01 -.343093E+01 -.199089E+01 -.142561E+01 0.242437E+02
 0.220000E+01 -.347723E+01 -.193072E+01 -.150232E+01 0.265065E+02
 0.225501E+01 -.344090E+01 -.188111E+01 -.141574E+01 0.264228E+02
 0.220000E+01 -.343622E+01 -.187979E+01 -.151365E+01 0.212326E+02
 0.221791E+01 -.343251E+01 -.188776E+01 -.150596E+01 0.212538E+02
 0.220853E+01 -.343719E+01 -.188863E+01 -.150176E+01 0.212278E+02
 0.221263E+01 -.344608E+01 -.188662E+01 -.152699E+01 0.215798E+02
 0.221059E+01 -.342809E+01 -.190222E+01 -.150897E+01 0.215631E+02
 0.220381E+01 -.344192E+01 -.188706E+01 -.150373E+01 0.212931E+02
 0.220000E+01 -.345516E+01 -.184224E+01 -.156695E+01 0.223499E+02
 0.220702E+01 -.343598E+01 -.188635E+01 -.158396E+01 0.232691E+02
 0.220000E+01 -.341584E+01 -.188390E+01 -.149182E+01 0.223566E+02
 0.220000E+01 -.342353E+01 -.177563E+01 -.156905E+01 0.272588E+02
 0.220000E+01 -.338411E+01 -.186679E+01 -.151261E+01 0.282477E+02
 0.220000E+01 -.342857E+01 -.189948E+01 -.154168E+01 0.223464E+02
 0.235983E+01 -.341887E+01 -.191149E+01 -.150203E+01 0.222093E+02
 0.220000E+01 -.347276E+01 -.181265E+01 -.150109E+01 0.285303E+02
 0.252792E+01 -.344837E+01 -.189475E+01 -.142847E+01 0.242506E+02
 0.221022E+01 -.341840E+01 -.192696E+01 -.147999E+01 0.223505E+02
 0.220397E+01 -.343678E+01 -.190177E+01 -.150443E+01 0.213686E+02
 0.223127E+01 -.344981E+01 -.186964E+01 -.150784E+01 0.218341E+02
 0.220709E+01 -.349245E+01 -.188652E+01 -.150714E+01 0.275083E+02
 0.221202E+01 -.343500E+01 -.189488E+01 -.149823E+01 0.212355E+02
 0.220813E+01 -.342419E+01 -.189733E+01 -.156070E+01 0.231926E+02
 0.220987E+01 -.342527E+01 -.190971E+01 -.152783E+01 0.225197E+02
 0.220000E+01 -.344195E+01 -.190685E+01 -.149467E+01 0.214632E+02
 0.225533E+01 -.342183E+01 -.186781E+01 -.146387E+01 0.239268E+02
 0.221256E+01 -.343665E+01 -.188503E+01 -.150496E+01 0.212318E+02
 0.228979E+01 -.338736E+01 -.187971E+01 -.150495E+01 0.270918E+02
 0.233138E+01 -.343883E+01 -.187342E+01 -.150509E+01 0.214765E+02
 0.220896E+01 -.343592E+01 -.188663E+01 -.150884E+01 0.212186E+02
 0.222491E+01 -.346509E+01 -.189061E+01 -.150470E+01 0.229889E+02
 0.221267E+01 -.345069E+01 -.196041E+01 -.150569E+01 0.266657E+02
 0.221105E+01 -.344329E+01 -.188598E+01 -.147438E+01 0.218673E+02
 0.229606E+01 -.345455E+01 -.186879E+01 -.149370E+01 0.225465E+02
 0.220000E+01 -.340584E+01 -.188792E+01 -.155376E+01 0.241557E+02
 0.221282E+01 -.343828E+01 -.190205E+01 -.152549E+01 0.218438E+02
 0.220405E+01 -.347410E+01 -.191984E+01 -.151827E+01 0.258275E+02
 0.220525E+01 -.343616E+01 -.189418E+01 -.151006E+01 0.212842E+02
 0.221499E+01 -.343568E+01 -.188963E+01 -.150887E+01 0.212300E+02
 0.220760E+01 -.343339E+01 -.189510E+01 -.145131E+01 0.223364E+02
 0.221488E+01 -.343696E+01 -.189185E+01 -.149219E+01 0.212677E+02
 0.221517E+01 -.344049E+01 -.194709E+01 -.150647E+01 0.245212E+02
 0.224356E+01 -.342872E+01 -.192091E+01 -.158853E+01 0.272844E+02
 0.220808E+01 -.343998E+01 -.193407E+01 -.151015E+01 0.234148E+02
 0.220000E+01 -.345939E+01 -.188677E+01 -.150657E+01 0.223495E+02
 0.220640E+01 -.342680E+01 -.185179E+01 -.153089E+01 0.219572E+02
 0.223547E+01 -.342808E+01 -.185212E+01 -.154712E+01 0.217508E+02
 0.220842E+01 -.345793E+01 -.186963E+01 -.153203E+01 0.222343E+02
 0.220516E+01 -.343545E+01 -.188652E+01 -.145029E+01 0.228590E+02
 0.220688E+01 -.347618E+01 -.186654E+01 -.158271E+01 0.253546E+02
 0.221837E+01 -.348306E+01 -.188407E+01 -.153032E+01 0.258171E+02
 0.225093E+01 -.342901E+01 -.190417E+01 -.160751E+01 0.265669E+02
 0.246622E+01 -.342266E+01 -.191427E+01 -.149236E+01 0.218759E+02
 0.235736E+01 -.341364E+01 -.192088E+01 -.151118E+01 0.233428E+02
 0.220000E+01 -.345644E+01 -.190859E+01 -.148418E+01 0.222762E+02
 0.220481E+01 -.343736E+01 -.191917E+01 -.152465E+01 0.228535E+02
 0.235904E+01 -.343000E+01 -.190029E+01 -.153140E+01 0.220005E+02
 0.220000E+01 -.344855E+01 -.187922E+01 -.150777E+01 0.215748E+02
 0.220720E+01 -.349037E+01 -.189001E+01 -.151093E+01 0.271456E+02
 0.221704E+01 -.343484E+01 -.190151E+01 -.149433E+01 0.212808E+02
 0.220000E+01 -.342515E+01 -.188815E+01 -.139517E+01 0.284282E+02
 0.221242E+01 -.343529E+01 -.189251E+01 -.144321E+01 0.229152E+02
 0.221744E+01 -.349309E+01 -.186151E+01 -.155838E+01 0.277535E+02
 0.220000E+01 -.343739E+01 -.188872E+01 -.146356E+01 0.220542E+02
 0.225480E+01 -.346937E+01 -.189020E+01 -.151576E+01 0.236107E+02
 0.235926E+01 -.343595E+01 -.186061E+01 -.145704E+01 0.245991E+02
 0.220844E+01 -.343592E+01 -.188612E+01 -.150850E+01 0.212184E+02
 0.223033E+01 -.347237E+01 -.188892E+01 -.150596E+01 0.239302E+02
 0.221576E+01 -.344556E+01 -.196523E+01 -.151242E+01 0.275842E+02
 0.221060E+01 -.344378E+01 -.188677E+01 -.154400E+01 0.218549E+02
 0.220020E+01 -.349200E+01 -.185456E+01 -.150227E+01 0.281494E+02
 0.220728E+01 -.346799E+01 -.176075E+01 -.166060E+01 0.271400E+02
 0.221703E+01 -.343845E+01 -.191595E+01 -.154258E+01 0.235154E+02
 0.220676E+01 -.341395E+01 -.188581E+01 -.163483E+01 0.273345E+02
 0.220557E+01 -.340382E+01 -.190038E+01 -.148333E+01 0.236498E+02
 0.220266E+01 -.343930E+01 -.185489E+01 -.152573E+01 0.216583E+02
 0.220734E+01 -.344409E+01 -.182261E+01 -.159688E+01 0.223655E+02
 0.243137E+01 -.344827E+01 -.183268E+01 -.152939E+01 0.230862E+02
 0.220508E+01 -.344774E+01 -.183498E+01 -.157845E+01 0.221061E+02
 0.220951E+01 -.343582E+01 -.189680E+01 -.150928E+01 0.213199E+02
 0.220000E+01 -.343834E+01 -.189266E+01 -.150220E+01 0.212398E+02
 0.220786E+01 -.343403E+01 -.188909E+01 -.152095E+01 0.213359E+02
 0.220019E+01 -.343893E+01 -.183671E+01 -.151166E+01 0.231536E+02
 0.220000E+01 -.345150E+01 -.177042E+01 -.165883E+01 0.251617E+02
 0.220943E+01 -.345356E+01 -.184721E+01 -.151763E+01 0.227174E+02
 0.221362E+01 -.343530E+01 -.189415E+01 -.162060E+01 0.262351E+02
 0.220646E+01 -.343299E+01 -.188341E+01 -.150848E+01 0.212539E+02
 0.222456E+01 -.343745E+01 -.188652E+01 -.150989E+01 0.212296E+02
 0.225433E+01 -.341538E+01 -.188179E+01 -.150706E+01 0.222690E+02
 0.220506E+01 -.344248E+01 -.188336E+01 -.145268E+01 0.229820E+02
 0.220000E+01 -.343866E+01 -.192735E+01 -.150441E+01 0.225878E+02
 0.220533E+01 -.343531E+01 -.188648E+01 -.142874E+01 0.244695E+02
 0.221775E+01 -.346029E+01 -.188767E+01 -.151447E+01 0.224751E+02
 0.223032E+01 -.344232E+01 -.189322E+01 -.150106E+01 0.213219E+02
 0.236503E+01 -.343637E+01 -.188329E+01 -.151230E+01 0.212662E+02
 0.250487E+01 -.345625E+01 -.193678E+01 -.146732E+01 0.230188E+02
 0.225791E+01 -.345335E+01 -.188637E+01 -.142824E+01 0.251213E+02
 0.239506E+01 -.344538E+01 -.187569E+01 -.151718E+01 0.214832E+02
 0.224982E+01 -.347268E+01 -.186538E+01 -.155148E+01 0.240860E+02
 0.222765E+01 -.348489E+01 -.186228E+01 -.148803E+01 0.269481E+02
 0.221286E+01 -.343710E+01 -.185729E+01 -.152882E+01 0.215345E+02
 0.280943E+01 -.344147E+01 -.188256E+01 -.144031E+01 0.241012E+02
 0.227807E+01 -.348400E+01 -.188721E+01 -.155852E+01 0.269222E+02
 0.224121E+01 -.342608E+01 -.189860E+01 -.150877E+01 0.215632E+02
 0.220887E+01 -.341085E+01 -.189216E+01 -.151279E+01 0.227173E+02
 0.221959E+01 -.343613E+01 -.186720E+01 -.153851E+01 0.213366E+02
 0.221193E+01 -.344017E+01 -.189641E+01 -.142824E+01 0.237173E+02
 0.220000E+01 -.347863E+01 -.190915E+01 -.156561E+01 0.281415E+02
 0.223423E+01 -.346128E+01 -.184162E+01 -.151331E+01 0.238424E+02
 0.228087E+01 -.343721E+01 -.188531E+01 -.151796E+01 0.212639E+02
 0.222075E+01 -.344419E+01 -.188699E+01 -.150996E+01 0.213645E+02
 0.221473E+01 -.343611E+01 -.188844E+01 -.147289E+01 0.217271E+02
 0.220815E+01 -.343592E+01 -.188677E+01 -.150835E+01 0.212215E+02
 0.223856E+01 -.338269E+01 -.188492E+01 -.150796E+01 0.281504E+02
 0.221442E+01 -.342743E+01 -.184039E+01 -.148772E+01 0.244790E+02
 0.220794E+01 -.343671E+01 -.188920E+01 -.150204E+01 0.212236E+02
 0.220288E+01 -.342596E+01 -.196012E+01 -.151522E+01 0.267895E+02
 0.221573E+01 -.344605E+01 -.188415E+01 -.151401E+01 0.214301E+02
 0.221231E+01 -.345722E+01 -.187323E+01 -.150769E+01 0.222559E+02
 0.220764E+01 -.349439E+01 -.187856E+01 -.150126E+01 0.279671E+02
 0.220646E+01 -.343042E+01 -.186175E+01 -.146495E+01 0.238988E+02
 0.220668E+01 -.341033E+01 -.177890E+01 -.161223E+01 0.269017E+02
 0.220000E+01 -.344274E+01 -.193603E+01 -.143995E+01 0.219736E+02
 0.220000E+01 -.343587E+01 -.188716E+01 -.151113E+01 0.212229E+02
 0.221349E+01 -.343811E+01 -.189248E+01 -.150241E+01 0.212374E+02
 0.220947E+01 -.343875E+01 -.188220E+01 -.155411E+01 0.218630E+02
 0.220417E+01 -.343197E+01 -.180815E+01 -.151100E+01 0.262556E+02
 0.220000E+01 -.343027E+01 -.181799E+01 -.150673E+01 0.254451E+02
 0.220000E+01 -.344123E+01 -.201329E+01 -.136713E+01 0.245981E+02
 0.220000E+01 -.344134E+01 -.185632E+01 -.151278E+01 0.219031E+02
 0.220538E+01 -.342744E+01 -.184301E+01 -.150723E+01 0.231454E+02
 0.223095E+01 -.341807E+01 -.188633E+01 -.151206E+01 0.219771E+02
 0.223447E+01 -.344390E+01 -.187511E+01 -.150676E+01 0.214702E+02
 0.220304E+01 -.348116E+01 -.187376E+01 -.162716E+01 0.287507E+02
 0.220946E+01 -.342530E+01 -.186905E+01 -.153449E+01 0.216096E+02
 0.220000E+01 -.342607E+01 -.174688E+01 -.167463E+01 0.273619E+02
 0.220144E+01 -.343616E+01 -.188646E+01 -.152992E+01 0.214104E+02
 0.221474E+01 -.342604E+01 -.188206E+01 -.153452E+01 0.216300E+02
 0.220000E+01 -.338477E+01 -.188887E+01 -.149249E+01 0.276355E+02
 0.220000E+01 -.344401E+01 -.185135E+01 -.153565E+01 0.217163E+02
 0.220000E+01 -.347963E+01 -.182002E+01 -.151359E+01 0.278846E+02
 0.220000E+01 -.340639E+01 -.191952E+01 -.150901E+01 0.240304E+02
 0.220413E+01 -.347206E+01 -.185984E+01 -.150260E+01 0.244568E+02
 0.221162E+01 -.343537E+01 -.181880E+01 -.150790E+01 0.251293E+02
 0.220000E+01 -.342896E+01 -.187770E+01 -.155035E+01 0.217326E+02
 0.223707E+01 -.341858E+01 -.190034E+01 -.150959E+01 0.220588E+02
 0.220783E+01 -.339259E+01 -.189145E+01 -.150958E+01 0.256921E+02
 0.222947E+01 -.343420E+01 -.187477E+01 -.150880E+01 0.213596E+02
 0.221298E+01 -.343715E+01 -.187698E+01 -.152071E+01 0.212466E+02
 0.220988E+01 -.343929E+01 -.190335E+01 -.153782E+01 0.223481E+02
 0.221132E+01 -.340480E+01 -.190862E+01 -.147255E+01 0.235317E+02
 0.220000E+01 -.343549E+01 -.188263E+01 -.153413E+01 0.214035E+02
 0.222288E+01 -.340616E+01 -.188190E+01 -.149971E+01 0.234476E+02
 0.220000E+01 -.343691E+01 -.190495E+01 -.150359E+01 0.214418E+02
 0.220874E+01 -.343592E+01 -.188670E+01 -.150836E+01 0.212183E+02
 0.220468E+01 -.342472E+01 -.188276E+01 -.150085E+01 0.215932E+02
 0.220000E+01 -.342902E+01 -.186113E+01 -.148016E+01 0.230526E+02
 0.220585E+01 -.343073E+01 -.188742E+01 -.147740E+01 0.216963E+02
 0.220691E+01 -.342397E+01 -.190035E+01 -.149234E+01 0.215658E+02
 0.220338E+01 -.345835E+01 -.186229E+01 -.149741E+01 0.229617E+02
 0.220363E+01 -.344656E+01 -.184915E+01 -.156352E+01 0.217701E+02
 0.220911E+01 -.342353E+01 -.194071E+01 -.138359E+01 0.246334E+02
 0.220941E+01 -.342379E+01 -.183931E+01 -.155196E+01 0.223584E+02
 0.221583E+01 -.343607E+01 -.187814E+01 -.151162E+01 0.212620E+02
 0.221210E+01 -.343449E+01 -.188316E+01 -.150274E+01 0.212711E+02
 0.220908E+01 -.343678E+01 -.188467E+01 -.151782E+01 0.212422E+02
 0.221116E+01 -.343966E+01 -.181195E+01 -.150998E+01 0.257295E+02
 0.220506E+01 -.342662E+01 -.191940E+01 -.150214E+01 0.221150E+02
 0.244328E+01 -.344687E+01 -.196268E+01 -.151066E+01 0.270660E+02
 0.221277E+01 -.344327E+01 -.185772E+01 -.142087E+01 0.287961E+02
 0.220684E+01 -.343540E+01 -.189124E+01 -.150723E+01 0.212360E+02
 0.220238E+01 -.343966E+01 -.188665E+01 -.151137E+01 0.212503E+02
 0.220000E+01 -.346003E+01 -.188287E+01 -.150923E+01 0.224021E+02
 0.229740E+01 -.348659E+01 -.184846E+01 -.148289E+01 0.285326E+02
 0.220257E+01 -.343636E+01 -.188639E+01 -.157809E+01 0.229912E+02
 0.221817E+01 -.348329E+01 -.188900E+01 -.142647E+01 0.287948E+02
 0.221184E+01 -.342272E+01 -.188796E+01 -.149048E+01 0.217480E+02
 0.226191E+01 -.348346E+01 -.192413E+01 -.150514E+01 0.272379E+02
 0.256750E+01 -.343391E+01 -.181000E+01 -.154187E+01 0.244231E+02
 0.220000E+01 -.346479E+01 -.186895E+01 -.157000E+01 0.235189E+02
 0.258135E+01 -.343873E+01 -.187854E+01 -.154238E+01 0.215422E+02
 0.222221E+01 -.342287E+01 -.185997E+01 -.160009E+01 0.229544E+02
 0.220000E+01 -.341333E+01 -.191790E+01 -.149738E+01 0.228123E+02
 0.220678E+01 -.343519E+01 -.193749E+01 -.149211E+01 0.227598E+02
 0.249148E+01 -.339294E+01 -.188265E+01 -.149852E+01 0.258405E+02
 0.220000E+01 -.345417E+01 -.189863E+01 -.150945E+01 0.220968E+02
 0.220699E+01 -.339562E+01 -.188430E+01 -.150610E+01 0.251335E+02
 0.220842E+01 -.343693E+01 -.188852E+01 -.148912E+01 0.213447E+02
 0.220900E+01 -.342841E+01 -.190348E+01 -.153378E+01 0.222727E+02
 0.220694E+01 -.339274E+01 -.192305E+01 -.148294E+01 0.257955E+02
 0.225800E+01 -.343590E+01 -.188373E+01 -.150146E+01 0.212826E+02
 0.228750E+01 -.340448E+01 -.188001E+01 -.149567E+01 0.238395E+02
 0.223360E+01 -.343702E+01 -.189461E+01 -.153557E+01 0.217992E+02
 0.220872E+01 -.343592E+01 -.188653E+01 -.150867E+01 0.212184E+02
 0.220100E+01 -.347212E+01 -.188653E+01 -.150139E+01 0.238865E+02
 0.221615E+01 -.344042E+01 -.189270E+01 -.150403E+01 0.212771E+02
 0.220917E+01 -.343384E+01 -.188775E+01 -.150830E+01 0.212313E+02
 0.226105E+01 -.346307E+01 -.180192E+01 -.150619E+01 0.284520E+02
 0.220003E+01 -.343570E+01 -.190825E+01 -.151411E+01 0.217832E+02
 0.220723E+01 -.338677E+01 -.188833E+01 -.157225E+01 0.285536E+02
 0.221234E+01 -.344595E+01 -.191892E+01 -.147505E+01 0.217347E+02
 0.232633E+01 -.344495E+01 -.186856E+01 -.151952E+01 0.215350E+02
 0.220452E+01 -.346473E+01 -.194320E+01 -.151041E+01 0.263006E+02
 0.223366E+01 -.346363E+01 -.192066E+01 -.144786E+01 0.234027E+02
 0.221400E+01 -.343606E+01 -.188885E+01 -.151263E+01 0.212423E+02
 0.220035E+01 -.343346E+01 -.187887E+01 -.150204E+01 0.213576E+02
 0.220809E+01 -.343505E+01 -.189062E+01 -.147922E+01 0.214915E+02
 0.264540E+01 -.340173E+01 -.202479E+01 -.132671E+01 0.277102E+02
 0.222036E+01 -.344141E+01 -.186422E+01 -.150108E+01 0.218873E+02
 0.225716E+01 -.341468E+01 -.189537E+01 -.150827E+01 0.223054E+02
 0.221238E+01 -.343553E+01 -.196082E+01 -.147217E+01 0.237916E+02
 0.221470E+01 -.343890E+01 -.187246E+01 -.146801E+01 0.227652E+02
 0.220971E+01 -.344220E+01 -.192882E+01 -.150780E+01 0.229326E+02
 0.221168E+01 -.345563E+01 -.188681E+01 -.150747E+01 0.220156E+02
 0.251127E+01 -.347925E+01 -.185540E+01 -.156857E+01 0.253372E+02
 0.227725E+01 -.346663E+01 -.188435E+01 -.150828E+01 0.231604E+02
 0.220173E+01 -.341347E+01 -.189394E+01 -.143340E+01 0.246833E+02
 0.229839E+01 -.343497E+01 -.185256E+01 -.150331E+01 0.224753E+02
 0.220850E+01 -.343365E+01 -.194459E+01 -.150011E+01 0.237597E+02
 0.220988E+01 -.343539E+01 -.188641E+01 -.148667E+01 0.214328E+02
 0.221374E+01 -.341641E+01 -.189161E+01 -.151051E+01 0.221212E+02
 0.221739E+01 -.346715E+01 -.188619E+01 -.151203E+01 0.232152E+02
 0.238720E+01 -.347351E+01 -.192303E+01 -.143114E+01 0.252489E+02
 0.220956E+01 -.348755E+01 -.186940E+01 -.150026E+01 0.267516E+02
 0.227473E+01 -.342769E+01 -.190941E+01 -.139122E+01 0.263298E+02
 0.223629E+01 -.342483E+01 -.187959E+01 -.164200E+01 0.263457E+02
 0.272282E+01 -.341792E+01 -.190499E+01 -.149866E+01 0.220728E+02
 0.272849E+01 -.342454E+01 -.179045E+01 -.152558E+01 0.282851E+02
 0.220855E+01 -.339204E+01 -.192260E+01 -.148850E+01 0.260282E+02
 0.220542E+01 -.343645E+01 -.196981E+01 -.149622E+01 0.265208E+02
 0.220000E+01 -.343153E+01 -.188204E+01 -.147976E+01 0.217962E+02
 0.229421E+01 -.341368E+01 -.189527E+01 -.146433E+01 0.229547E+02
 0.224510E+01 -.344989E+01 -.188454E+01 -.150792E+01 0.216298E+02
 0.220653E+01 -.343034E+01 -.188537E+01 -.150645E+01 0.213014E+02
 0.220737E+01 -.343447E+01 -.188908E+01 -.147835E+01 0.215572E+02
 0.221070E+01 -.342633E+01 -.190506E+01 -.143728E+01 0.227572E+02
 0.221531E+01 -.346784E+01 -.183420E+01 -.152300E+01 0.246395E+02
 0.226283E+01 -.343625E+01 -.188819E+01 -.148209E+01 0.215041E+02
 0.239990E+01 -.344156E+01 -.188983E+01 -.151072E+01 0.213501E+02
 0.222657E+01 -.343584E+01 -.189438E+01 -.150388E+01 0.212454E+02
 0.220824E+01 -.343592E+01 -.188644E+01 -.150876E+01 0.212214E+02
 0.225096E+01 -.342249E+01 -.189191E+01 -.150861E+01 0.216588E+02
 0.222556E+01 -.344675E+01 -.191173E+01 -.152544E+01 0.226531E+02
 0.221061E+01 -.343889E+01 -.188694E+01 -.152613E+01 0.213737E+02
 0.220000E+01 -.339323E+01 -.186827E+01 -.150272E+01 0.261970E+02
 0.221185E+01 -.341457E+01 -.193168E+01 -.155599E+01 0.269107E+02
 0.229118E+01 -.342713E+01 -.186708E+01 -.146524E+01 0.236077E+02
 0.220929E+01 -.342559E+01 -.188808E+01 -.155073E+01 0.222161E+02
 0.226623E+01 -.344556E+01 -.185690E+01 -.159312E+01 0.223541E+02
 0.221242E+01 -.346228E+01 -.185314E+01 -.158324E+01 0.231706E+02
 0.220381E+01 -.344663E+01 -.189435E+01 -.147766E+01 0.216763E+02
 0.239412E+01 -.341342E+01 -.183313E+01 -.157706E+01 0.234782E+02
 0.220000E+01 -.339195E+01 -.188703E+01 -.155592E+01 0.266737E+02
 0.220000E+01 -.343584E+01 -.189280E+01 -.151082E+01 0.212719E+02
 0.220000E+01 -.343734E+01 -.189159E+01 -.150503E+01 0.212301E+02
 0.220753E+01 -.343424E+01 -.188983E+01 -.148227E+01 0.214497E+02
 0.220593E+01 -.343138E+01 -.195901E+01 -.150392E+01 0.256392E+02
 0.227906E+01 -.349349E+01 -.187601E+01 -.150732E+01 0.277610E+02
 0.220551E+01 -.344367E+01 -.189158E+01 -.151514E+01 0.214250E+02
 0.221577E+01 -.344930E+01 -.189364E+01 -.144575E+01 0.230421E+02
 0.221152E+01 -.343238E+01 -.187964E+01 -.158579E+01 0.229311E+02
 0.220739E+01 -.343576E+01 -.185856E+01 -.150838E+01 0.218988E+02
 0.223092E+01 -.343195E+01 -.188629E+01 -.150703E+01 0.212683E+02
 0.226036E+01 -.339400E+01 -.188518E+01 -.150689E+01 0.254527E+02
 0.220177E+01 -.339123E+01 -.189751E+01 -.153026E+01 0.264060E+02
 0.224414E+01 -.348587E+01 -.188596E+01 -.150392E+01 0.261901E+02
 0.220350E+01 -.343484E+01 -.188640E+01 -.144981E+01 0.228991E+02
 0.221927E+01 -.346102E+01 -.188665E+01 -.152135E+01 0.225960E+02
 0.220000E+01 -.343608E+01 -.186035E+01 -.150858E+01 0.218015E+02
 0.220000E+01 -.342656E+01 -.195030E+01 -.148594E+01 0.236212E+02
 0.221370E+01 -.342657E+01 -.188985E+01 -.148028E+01 0.216943E+02
 0.220000E+01 -.343227E+01 -.189677E+01 -.149368E+01 0.212712E+02
 0.223598E+01 -.340295E+01 -.190317E+01 -.154293E+01 0.249185E+02
 0.220645E+01 -.343803E+01 -.186552E+01 -.148699E+01 0.222726E+02
 0.247543E+01 -.343282E+01 -.190191E+01 -.153367E+01 0.220989E+02
 0.220410E+01 -.344247E+01 -.176488E+01 -.159501E+01 0.266927E+02
 0.220960E+01 -.343712E+01 -.188739E+01 -.153086E+01 0.214431E+02
 0.223374E+01 -.344011E+01 -.183074E+01 -.159423E+01 0.221164E+02
 0.220000E+01 -.347757E+01 -.189403E+01 -.153584E+01 0.253750E+02
 0.220199E+01 -.343380E+01 -.187631E+01 -.150778E+01 0.213336E+02
 0.220643E+01 -.346305E+01 -.188785E+01 -.150688E+01 0.227301E+02
 0.221005E+01 -.343358E+01 -.188002E+01 -.151135E+01 0.212598E+02
 0.221288E+01 -.343735E+01 -.191147E+01 -.146466E+01 0.214638E+02
 0.223061E+01 -.348031E+01 -.191503E+01 -.149516E+01 0.257933E+02
 0.220000E+01 -.343656E+01 -.188645E+01 -.149046E+01 0.213575E+02
 0.225705E+01 -.346031E+01 -.189017E+01 -.151996E+01 0.225995E+02
 0.220903E+01 -.343493E+01 -.189152E+01 -.147904E+01 0.214751E+02
 0.220851E+01 -.343592E+01 -.188654E+01 -.150872E+01 0.212183E+02
 0.222117E+01 -.341196E+01 -.189075E+01 -.151073E+01 0.225701E+02
 0.223053E+01 -.343668E+01 -.191705E+01 -.152569E+01 0.227255E+02
 0.220987E+01 -.344198E+01 -.188653E+01 -.152491E+01 0.214033E+02
 0.221161E+01 -.342257E+01 -.183493E+01 -.154341E+01 0.227993E+02
 0.221033E+01 -.342158E+01 -.185970E+01 -.149779E+01 0.227627E+02
 0.220792E+01 -.344787E+01 -.186819E+01 -.155647E+01 0.218089E+02
 0.220698E+01 -.342876E+01 -.185300E+01 -.146439E+01 0.248545E+02
 0.221281E+01 -.343594E+01 -.187745E+01 -.150794E+01 0.212978E+02
 0.220924E+01 -.343905E+01 -.190047E+01 -.151064E+01 0.214509E+02
 0.220742E+01 -.343746E+01 -.188544E+01 -.150748E+01 0.212260E+02
 0.220000E+01 -.343498E+01 -.186176E+01 -.150548E+01 0.218357E+02
 0.223110E+01 -.342957E+01 -.193372E+01 -.155285E+01 0.261417E+02
 0.220454E+01 -.343126E+01 -.180771E+01 -.150877E+01 0.265033E+02
 0.252245E+01 -.343445E+01 -.181263E+01 -.153524E+01 0.244391E+02
 0.220000E+01 -.339336E+01 -.188783E+01 -.151668E+01 0.255729E+02
 0.221065E+01 -.345340E+01 -.182967E+01 -.153772E+01 0.231340E+02
 0.220000E+01 -.342929E+01 -.188977E+01 -.152002E+01 0.214250E+02
 0.220583E+01 -.343037E+01 -.185570E+01 -.150865E+01 0.221468E+02
 0.221287E+01 -.342195E+01 -.188655E+01 -.151119E+01 0.216793E+02
 0.220000E+01 -.339377E+01 -.195968E+01 -.149809E+01 0.288114E+02
 0.220879E+01 -.343742E+01 -.187628E+01 -.152365E+01 0.212504E+02
 0.220000E+01 -.343169E+01 -.198696E+01 -.139593E+01 0.232882E+02
 0.220268E+01 -.343642E+01 -.188642E+01 -.154912E+01 0.218683E+02
 0.220951E+01 -.340920E+01 -.188765E+01 -.148387E+01 0.231538E+02
 0.222872E+01 -.348944E+01 -.186289E+01 -.150720E+01 0.271609E+02
 0.220000E+01 -.345835E+01 -.195611E+01 -.149877E+01 0.262972E+02
 0.251535E+01 -.343571E+01 -.192804E+01 -.146398E+01 0.216410E+02
 0.232358E+01 -.343548E+01 -.187826E+01 -.159996E+01 0.234889E+02
 0.246971E+01 -.344527E+01 -.188458E+01 -.151181E+01 0.214677E+02
 0.220000E+01 -.342663E+01 -.182051E+01 -.152490E+01 0.242766E+02
 0.220979E+01 -.348328E+01 -.185319E+01 -.164869E+01 0.285945E+02
 0.220531E+01 -.347452E+01 -.182977E+01 -.150093E+01 0.269584E+02
 0.221217E+01 -.343646E+01 -.181783E+01 -.152614E+01 0.241358E+02
 0.231121E+01 -.346462E+01 -.187882E+01 -.152430E+01 0.229518E+02
 0.220000E+01 -.342006E+01 -.188906E+01 -.150985E+01 0.218082E+02
 0.220706E+01 -.344960E+01 -.188769E+01 -.150911E+01 0.216108E+02
 0.222309E+01 -.343114E+01 -.189844E+01 -.150931E+01 0.214053E+02
 0.222220E+01 -.343608E+01 -.188164E+01 -.153890E+01 0.214651E+02
 0.221117E+01 -.344461E+01 -.191353E+01 -.148872E+01 0.216584E+02
 0.221987E+01 -.346479E+01 -.187449E+01 -.150873E+01 0.229795E+02
 0.224742E+01 -.343661E+01 -.188355E+01 -.151610E+01 0.212408E+02
 0.221701E+01 -.342867E+01 -.188762E+01 -.149555E+01 0.214071E+02
 0.220946E+01 -.343611E+01 -.188817E+01 -.151199E+01 0.212325E+02
 0.220871E+01 -.343592E+01 -.188662E+01 -.150846E+01 0.212185E+02
 0.220937E+01 -.344767E+01 -.188597E+01 -.149433E+01 0.215862E+02
 0.220386E+01 -.342792E+01 -.189533E+01 -.148365E+01 0.214679E+02
 0.220795E+01 -.344241E+01 -.188908E+01 -.149437E+01 0.213564E+02
 0.221129E+01 -.342861E+01 -.185636E+01 -.150368E+01 0.223433E+02
 0.220000E+01 -.344607E+01 -.184512E+01 -.150033E+01 0.231697E+02
 0.222440E+01 -.341004E+01 -.188809E+01 -.147055E+01 0.234278E+02
 0.220272E+01 -.349466E+01 -.187027E+01 -.153367E+01 0.279360E+02
 0.220862E+01 -.342343E+01 -.194200E+01 -.146261E+01 0.223291E+02
 0.221005E+01 -.344541E+01 -.190769E+01 -.148722E+01 0.215467E+02
 0.221075E+01 -.341688E+01 -.188182E+01 -.146341E+01 0.233247E+02
 0.221506E+01 -.343603E+01 -.188398E+01 -.150878E+01 0.212249E+02
 0.221159E+01 -.343363E+01 -.188197E+01 -.150421E+01 0.212833E+02
 0.220870E+01 -.343999E+01 -.188231E+01 -.152966E+01 0.213587E+02
 0.234639E+01 -.344593E+01 -.185902E+01 -.143699E+01 0.268219E+02
 0.263830E+01 -.341480E+01 -.204975E+01 -.130000E+01 0.278324E+02
 0.223428E+01 -.344067E+01 -.181107E+01 -.149882E+01 0.267320E+02
 0.220138E+01 -.342587E+01 -.192235E+01 -.149710E+01 0.221435E+02
 0.220425E+01 -.344341E+01 -.190414E+01 -.159848E+01 0.259997E+02
 0.221392E+01 -.343489E+01 -.189661E+01 -.145246E+01 0.221923E+02
 0.220722E+01 -.343405E+01 -.188650E+01 -.150787E+01 0.212312E+02
 0.220508E+01 -.342250E+01 -.188675E+01 -.151092E+01 0.216426E+02
 0.224642E+01 -.344672E+01 -.186897E+01 -.150843E+01 0.217040E+02
 0.220894E+01 -.342807E+01 -.178315E+01 -.155471E+01 0.267596E+02
 0.228706E+01 -.347908E+01 -.188426E+01 -.150876E+01 0.249734E+02
 0.220000E+01 -.343677E+01 -.188641E+01 -.157169E+01 0.226991E+02
 0.220255E+01 -.339458E+01 -.188874E+01 -.148398E+01 0.255296E+02
 0.271359E+01 -.344055E+01 -.182212E+01 -.152541E+01 0.240323E+02
 0.225330E+01 -.343427E+01 -.190804E+01 -.150073E+01 0.214875E+02
 0.246683E+01 -.343630E+01 -.182423E+01 -.159367E+01 0.223850E+02
 0.222797E+01 -.344006E+01 -.189037E+01 -.151779E+01 0.213467E+02
 0.223484E+01 -.345242E+01 -.181717E+01 -.158592E+01 0.229233E+02
 0.220768E+01 -.347114E+01 -.190674E+01 -.149840E+01 0.240637E+02
 0.221039E+01 -.343610E+01 -.184594E+01 -.148947E+01 0.235795E+02
 0.223076E+01 -.343080E+01 -.192151E+01 -.142520E+01 0.225312E+02
 0.226663E+01 -.341918E+01 -.187438E+01 -.148740E+01 0.225542E+02
 0.223197E+01 -.343063E+01 -.189724E+01 -.150973E+01 0.213959E+02
 0.220830E+01 -.340595E+01 -.188562E+01 -.150705E+01 0.233467E+02
 0.222822E+01 -.343816E+01 -.188394E+01 -.153420E+01 0.214399E+02
 0.220917E+01 -.344428E+01 -.188076E+01 -.150024E+01 0.214522E+02
 0.238080E+01 -.343614E+01 -.196200E+01 -.143578E+01 0.225620E+02
 0.220000E+01 -.347272E+01 -.190759E+01 -.147683E+01 0.241983E+02
 0.220286E+01 -.343599E+01 -.188474E+01 -.153653E+01 0.214937E+02
 0.223445E+01 -.340238E+01 -.185276E+01 -.166562E+01 0.278925E+02
 0.225832E+01 -.341424E+01 -.188211E+01 -.148151E+01 0.228498E+02
 0.220900E+01 -.343692E+01 -.188411E+01 -.153824E+01 0.215111E+02
 0.220864E+01 -.343592E+01 -.188665E+01 -.150859E+01 0.212184E+02
 0.223650E+01 -.345246E+01 -.188474E+01 -.149144E+01 0.219354E+02
 0.220000E+01 -.343748E+01 -.186900E+01 -.150331E+01 0.215827E+02
 0.220671E+01 -.343832E+01 -.188758E+01 -.149059E+01 0.213474E+02
 0.224336E+01 -.345367E+01 -.191713E+01 -.151748E+01 0.231534E+02
 0.220284E+01 -.345066E+01 -.189745E+01 -.148236E+01 0.217863E+02
 0.221946E+01 -.344475E+01 -.187887E+01 -.149015E+01 0.217111E+02
 0.220710E+01 -.342035E+01 -.188722E+01 -.160363E+01 0.249333E+02
 0.220232E+01 -.346860E+01 -.187580E+01 -.152572E+01 0.233782E+02
 0.221403E+01 -.342228E+01 -.192543E+01 -.141302E+01 0.233619E+02
 0.220774E+01 -.341601E+01 -.182554E+01 -.164342E+01 0.241900E+02
 0.221096E+01 -.344544E+01 -.193855E+01 -.151056E+01 0.240776E+02
 0.220000E+01 -.348693E+01 -.192590E+01 -.141238E+01 0.283750E+02
 0.220965E+01 -.345494E+01 -.198248E+01 -.143474E+01 0.250265E+02
 0.220000E+01 -.343603E+01 -.188976E+01 -.151079E+01 0.212392E+02
 0.220370E+01 -.343508E+01 -.188619E+01 -.150132E+01 0.212434E+02
 0.220893E+01 -.344037E+01 -.188823E+01 -.150696E+01 0.212577E+02
 0.231860E+01 -.340261E+01 -.193487E+01 -.145043E+01 0.240310E+02
 0.221885E+01 -.343814E+01 -.185759E+01 -.148842E+01 0.227177E+02
 0.220869E+01 -.343410E+01 -.197226E+01 -.149623E+01 0.268320E+02
 0.272919E+01 -.342116E+01 -.185627E+01 -.148128E+01 0.240259E+02
 0.220901E+01 -.342802E+01 -.191879E+01 -.152026E+01 0.226953E+02
 0.220534E+01 -.343400E+01 -.189406E+01 -.152280E+01 0.214731E+02
 0.270043E+01 -.348693E+01 -.190053E+01 -.143779E+01 0.281303E+02
 0.220913E+01 -.343756E+01 -.191163E+01 -.150833E+01 0.217880E+02
 0.222080E+01 -.344169E+01 -.188676E+01 -.150759E+01 0.212890E+02
 0.251924E+01 -.346510E+01 -.187323E+01 -.165361E+01 0.279742E+02
 0.221831E+01 -.342289E+01 -.192519E+01 -.157508E+01 0.270043E+02
 0.220752E+01 -.343610E+01 -.188627E+01 -.152003E+01 0.212763E+02
 0.221201E+01 -.349189E+01 -.188762E+01 -.150301E+01 0.273997E+02
 0.221162E+01 -.346985E+01 -.188861E+01 -.150972E+01 0.235784E+02
 0.223122E+01 -.339204E+01 -.190841E+01 -.150135E+01 0.258990E+02
 0.237234E+01 -.343067E+01 -.193066E+01 -.144607E+01 0.217608E+02
 0.222100E+01 -.342270E+01 -.188850E+01 -.159312E+01 0.242897E+02
 0.220000E+01 -.343005E+01 -.189574E+01 -.149923E+01 0.213131E+02
 0.222762E+01 -.345702E+01 -.190468E+01 -.155854E+01 0.244020E+02
 0.220601E+01 -.342156E+01 -.183156E+01 -.153771E+01 0.232248E+02
 0.233373E+01 -.349068E+01 -.184422E+01 -.161356E+01 0.281705E+02
 0.220942E+01 -.345369E+01 -.192479E+01 -.149211E+01 0.227456E+02
 0.220000E+01 -.346487E+01 -.190107E+01 -.151672E+01 0.233660E+02
 0.220650E+01 -.343696E+01 -.193364E+01 -.149794E+01 0.227383E+02
 0.250516E+01 -.342357E+01 -.193737E+01 -.141908E+01 0.226155E+02
 0.220000E+01 -.340587E+01 -.190547E+01 -.148644E+01 0.233151E+02
 0.221105E+01 -.344528E+01 -.188513E+01 -.150725E+01 0.213951E+02
 0.220887E+01 -.339447E+01 -.188468E+01 -.150600E+01 0.253598E+02
 0.233927E+01 -.341270E+01 -.189434E+01 -.152987E+01 0.228407E+02
 0.221125E+01 -.343962E+01 -.188433E+01 -.148321E+01 0.215867E+02
 0.220710E+01 -.343436E+01 -.185954E+01 -.151341E+01 0.217417E+02
 0.221554E+01 -.342685E+01 -.190041E+01 -.149672E+01 0.214454E+02
 0.220000E+01 -.343637E+01 -.188776E+01 -.151813E+01 0.212744E+02
 0.233388E+01 -.341186E+01 -.188316E+01 -.148116E+01 0.231028E+02
 0.220843E+01 -.343518E+01 -.188728E+01 -.150733E+01 0.212203E+02
 0.220844E+01 -.343592E+01 -.188654E+01 -.150872E+01 0.212183E+02
 0.225145E+01 -.343703E+01 -.188693E+01 -.151387E+01 0.212502E+02
 0.221294E+01 -.344445E+01 -.186352E+01 -.152202E+01 0.215512E+02
 0.220856E+01 -.343227E+01 -.188677E+01 -.152690E+01 0.213956E+02
 0.220965E+01 -.345734E+01 -.182221E+01 -.148238E+01 0.273589E+02
 0.221489E+01 -.342685E+01 -.191075E+01 -.155100E+01 0.236204E+02
 0.220922E+01 -.339037E+01 -.188945E+01 -.155322E+01 0.270179E+02
 0.220638E+01 -.340871E+01 -.188400E+01 -.149458E+01 0.231140E+02
 0.221458E+01 -.344130E+01 -.186074E+01 -.154889E+01 0.214554E+02
 0.220000E+01 -.341187E+01 -.183453E+01 -.150493E+01 0.253486E+02
 0.221007E+01 -.343391E+01 -.187359E+01 -.149587E+01 0.216222E+02
 0.223821E+01 -.343504E+01 -.190411E+01 -.143639E+01 0.226658E+02
 0.221768E+01 -.343596E+01 -.189035E+01 -.151329E+01 0.212655E+02
 0.220385E+01 -.343669E+01 -.189063E+01 -.150843E+01 0.212332E+02
 0.220663E+01 -.343677E+01 -.189032E+01 -.149018E+01 0.213039E+02
 0.228767E+01 -.339950E+01 -.192627E+01 -.154033E+01 0.270816E+02
 0.220000E+01 -.343374E+01 -.196655E+01 -.148800E+01 0.254109E+02
 0.220725E+01 -.344228E+01 -.186105E+01 -.151031E+01 0.217795E+02
 0.255929E+01 -.340748E+01 -.188628E+01 -.148747E+01 0.234035E+02
 0.221696E+01 -.344730E+01 -.189954E+01 -.144950E+01 0.224643E+02
 0.220000E+01 -.343408E+01 -.188348E+01 -.155677E+01 0.219938E+02
 0.229567E+01 -.348168E+01 -.187544E+01 -.153484E+01 0.254770E+02
 0.220790E+01 -.343936E+01 -.189393E+01 -.150901E+01 0.213019E+02
 0.223223E+01 -.344986E+01 -.188629E+01 -.150680E+01 0.216234E+02
 0.253245E+01 -.348229E+01 -.187653E+01 -.147111E+01 0.266680E+02
 0.220862E+01 -.344367E+01 -.190479E+01 -.145603E+01 0.218926E+02
 0.223046E+01 -.346907E+01 -.189466E+01 -.151007E+01 0.235861E+02
 0.220999E+01 -.343488E+01 -.188629E+01 -.146699E+01 0.220350E+02
 0.221174E+01 -.344518E+01 -.187852E+01 -.146516E+01 0.226710E+02
 0.221895E+01 -.344094E+01 -.188637E+01 -.151527E+01 0.212932E+02
 0.221277E+01 -.342711E+01 -.187377E+01 -.150906E+01 0.215669E+02
 0.220000E+01 -.343189E+01 -.195575E+01 -.141761E+01 0.223266E+02
 0.221267E+01 -.340806E+01 -.188394E+01 -.160968E+01 0.262201E+02
 0.231412E+01 -.342792E+01 -.189826E+01 -.148754E+01 0.214261E+02
 0.221834E+01 -.344905E+01 -.194228E+01 -.154873E+01 0.275268E+02
 0.301537E+01 -.346385E+01 -.179948E+01 -.151384E+01 0.286531E+02
 0.220577E+01 -.342144E+01 -.183836E+01 -.148735E+01 0.250946E+02
 0.236787E+01 -.339714E+01 -.190287E+01 -.153287E+01 0.254940E+02
 0.220000E+01 -.344869E+01 -.184421E+01 -.159884E+01 0.223619E+02
 0.220883E+01 -.343736E+01 -.192827E+01 -.152783E+01 0.238037E+02
 0.224563E+01 -.344002E+01 -.195778E+01 -.144766E+01 0.226850E+02
 0.235374E+01 -.345357E+01 -.192479E+01 -.150558E+01 0.231921E+02
 0.220000E+01 -.344483E+01 -.187930E+01 -.150731E+01 0.214169E+02
 0.220660E+01 -.347538E+01 -.188616E+01 -.150885E+01 0.243587E+02
 0.220000E+01 -.344135E+01 -.187235E+01 -.150920E+01 0.214205E+02
 0.220000E+01 -.343839E+01 -.188398E+01 -.149441E+01 0.213515E+02
 0.220677E+01 -.343265E+01 -.188648E+01 -.151390E+01 0.212617E+02
 0.221161E+01 -.343613E+01 -.188742E+01 -.149424E+01 0.212932E+02
 0.223230E+01 -.345735E+01 -.185845E+01 -.169343E+01 0.281589E+02
 0.225372E+01 -.343917E+01 -.188721E+01 -.151609E+01 0.212851E+02
 0.220803E+01 -.343485E+01 -.188954E+01 -.148226E+01 0.214519E+02
 0.220841E+01 -.343592E+01 -.188647E+01 -.150865E+01 0.212183E+02
 0.221790E+01 -.342343E+01 -.188841E+01 -.153082E+01 0.218261E+02
 0.222691E+01 -.344527E+01 -.189238E+01 -.151450E+01 0.214957E+02
 0.220931E+01 -.343287E+01 -.188958E+01 -.153039E+01 0.215124E+02
 0.224364E+01 -.342597E+01 -.186313E+01 -.147305E+01 0.234694E+02
 0.220532E+01 -.342713E+01 -.187694E+01 -.151621E+01 0.214503E+02
 0.220248E+01 -.342029E+01 -.187157E+01 -.153131E+01 0.219000E+02
 0.220695E+01 -.347781E+01 -.188060E+01 -.150760E+01 0.247375E+02
 0.220624E+01 -.341150E+01 -.185478E+01 -.149492E+01 0.242025E+02
 0.220000E+01 -.339425E+01 -.188986E+01 -.151135E+01 0.253554E+02
 0.220724E+01 -.345047E+01 -.181470E+01 -.160501E+01 0.228618E+02
 0.239169E+01 -.345631E+01 -.187988E+01 -.152479E+01 0.221520E+02
 0.222268E+01 -.342112E+01 -.187769E+01 -.154847E+01 0.220975E+02
 0.220000E+01 -.345283E+01 -.193094E+01 -.142615E+01 0.228723E+02
 0.220791E+01 -.343844E+01 -.187415E+01 -.148895E+01 0.217740E+02
 0.220000E+01 -.346786E+01 -.189681E+01 -.156214E+01 0.251478E+02
 0.220000E+01 -.339004E+01 -.192277E+01 -.143703E+01 0.267376E+02
 0.220752E+01 -.344733E+01 -.178363E+01 -.154959E+01 0.267087E+02
 0.222430E+01 -.343594E+01 -.188863E+01 -.150861E+01 0.212293E+02
 0.220578E+01 -.343628E+01 -.189143E+01 -.150651E+01 0.212303E+02
 0.228743E+01 -.341096E+01 -.185731E+01 -.149364E+01 0.241949E+02
 0.220679E+01 -.343307E+01 -.188446E+01 -.149991E+01 0.212948E+02
 0.226865E+01 -.342216E+01 -.186347E+01 -.158254E+01 0.225599E+02
 0.222576E+01 -.343469E+01 -.191918E+01 -.150870E+01 0.221806E+02
 0.253482E+01 -.347798E+01 -.184964E+01 -.157833E+01 0.252247E+02
 0.220394E+01 -.343629E+01 -.181374E+01 -.151603E+01 0.251360E+02
 0.221450E+01 -.345293E+01 -.186737E+01 -.147288E+01 0.233470E+02
 0.220368E+01 -.345734E+01 -.186705E+01 -.166381E+01 0.271684E+02
 0.221074E+01 -.343129E+01 -.188555E+01 -.154105E+01 0.216611E+02
 0.220604E+01 -.343528E+01 -.186913E+01 -.150840E+01 0.214867E+02
 0.220988E+01 -.344398E+01 -.188614E+01 -.150809E+01 0.213463E+02
 0.220510E+01 -.347866E+01 -.187837E+01 -.159408E+01 0.269150E+02
 0.221916E+01 -.343297E+01 -.194900E+01 -.145532E+01 0.222869E+02
 0.220637E+01 -.343611E+01 -.188654E+01 -.146911E+01 0.219322E+02
 0.221378E+01 -.341333E+01 -.188477E+01 -.151542E+01 0.224313E+02
 0.221918E+01 -.348076E+01 -.187744E+01 -.151445E+01 0.252130E+02
 0.255170E+01 -.343580E+01 -.185624E+01 -.151159E+01 0.220643E+02
 0.220556E+01 -.343841E+01 -.187520E+01 -.151564E+01 0.212741E+02
 0.220000E+01 -.342753E+01 -.189316E+01 -.150688E+01 0.214021E+02
 0.222747E+01 -.343858E+01 -.179845E+01 -.152426E+01 0.264176E+02
 0.231537E+01 -.341806E+01 -.185676E+01 -.152730E+01 0.224703E+02
 0.220472E+01 -.346586E+01 -.194164E+01 -.148561E+01 0.249611E+02
 0.220471E+01 -.342639E+01 -.181916E+01 -.150505E+01 0.256223E+02
 0.247161E+01 -.340873E+01 -.189200E+01 -.152825E+01 0.232131E+02
 0.220720E+01 -.343211E+01 -.189106E+01 -.157157E+01 0.230262E+02
 0.221066E+01 -.343686E+01 -.187113E+01 -.151821E+01 0.213133E+02
 0.273209E+01 -.342923E+01 -.192287E+01 -.159007E+01 0.275767E+02
 0.236847E+01 -.345897E+01 -.185530E+01 -.152308E+01 0.227330E+02
 0.222266E+01 -.341834E+01 -.188643E+01 -.151086E+01 0.219500E+02
 0.220682E+01 -.344615E+01 -.188758E+01 -.150955E+01 0.214390E+02
 0.224992E+01 -.344300E+01 -.196017E+01 -.150882E+01 0.264157E+02
 0.221282E+01 -.343400E+01 -.188623E+01 -.154364E+01 0.217079E+02
 0.220682E+01 -.343562E+01 -.190846E+01 -.151113E+01 0.217090E+02
 0.221863E+01 -.343632E+01 -.188688E+01 -.149506E+01 0.212961E+02
 0.229198E+01 -.345440E+01 -.188701E+01 -.153126E+01 0.221826E+02
 0.220788E+01 -.343547E+01 -.188667E+01 -.152816E+01 0.213875E+02
 0.220839E+01 -.343592E+01 -.188641E+01 -.150858E+01 0.212183E+02
 0.220000E+01 -.342964E+01 -.188752E+01 -.150459E+01 0.213149E+02
 0.220948E+01 -.342717E+01 -.191120E+01 -.149372E+01 0.215993E+02
 0.220820E+01 -.343541E+01 -.188838E+01 -.148924E+01 0.213469E+02
 0.226084E+01 -.343971E+01 -.189925E+01 -.151450E+01 0.215092E+02
 0.220080E+01 -.342370E+01 -.185021E+01 -.149499E+01 0.233889E+02
 0.220315E+01 -.345553E+01 -.187463E+01 -.151322E+01 0.220380E+02
 0.220436E+01 -.345765E+01 -.184674E+01 -.150076E+01 0.236930E+02
 0.220864E+01 -.344386E+01 -.189352E+01 -.148675E+01 0.214371E+02
 0.222546E+01 -.343811E+01 -.195464E+01 -.149527E+01 0.245590E+02
 0.220000E+01 -.343598E+01 -.188273E+01 -.150919E+01 0.212269E+02
 0.220835E+01 -.343574E+01 -.189125E+01 -.150374E+01 0.212232E+02
 0.220784E+01 -.343834E+01 -.188110E+01 -.151804E+01 0.212415E+02
 0.222749E+01 -.345960E+01 -.182890E+01 -.151331E+01 0.246569E+02
 0.220998E+01 -.343726E+01 -.183251E+01 -.151236E+01 0.234810E+02
 0.220200E+01 -.342705E+01 -.188134E+01 -.149613E+01 0.215735E+02
 0.220000E+01 -.345554E+01 -.182971E+01 -.151879E+01 0.239771E+02
 0.290000E+01 -.344784E+01 -.184739E+01 -.166570E+01 0.250344E+02
 0.220956E+01 -.343555E+01 -.189065E+01 -.152794E+01 0.214723E+02
 0.221655E+01 -.343177E+01 -.189468E+01 -.150224E+01 0.212781E+02
 0.220861E+01 -.343180E+01 -.187352E+01 -.150739E+01 0.214380E+02
 0.220190E+01 -.342281E+01 -.188676E+01 -.151113E+01 0.216241E+02
 0.221715E+01 -.344906E+01 -.198710E+01 -.147376E+01 0.277099E+02
 0.220000E+01 -.344273E+01 -.190310E+01 -.150022E+01 0.214619E+02
 0.220885E+01 -.343321E+01 -.184526E+01 -.154942E+01 0.217516E+02
 0.220277E+01 -.343664E+01 -.188643E+01 -.157929E+01 0.230512E+02
 0.221511E+01 -.342362E+01 -.188827E+01 -.155311E+01 0.224068E+02
 0.220421E+01 -.343665E+01 -.188605E+01 -.151477E+01 0.212328E+02
 0.290303E+01 -.339021E+01 -.187235E+01 -.150412E+01 0.267466E+02
 0.222882E+01 -.347761E+01 -.188779E+01 -.150150E+01 0.247315E+02
 0.262800E+01 -.343720E+01 -.184223E+01 -.158696E+01 0.220172E+02
 0.220398E+01 -.346068E+01 -.188136E+01 -.143177E+01 0.258247E+02
 0.225811E+01 -.344199E+01 -.188098E+01 -.151832E+01 0.213177E+02
 0.223710E+01 -.342660E+01 -.185359E+01 -.151170E+01 0.223455E+02
 0.220000E+01 -.340097E+01 -.193214E+01 -.151110E+01 0.257285E+02
 0.221228E+01 -.344308E+01 -.177485E+01 -.159380E+01 0.256297E+02
 0.220959E+01 -.344610E+01 -.187223E+01 -.151612E+01 0.214919E+02
 0.243324E+01 -.344810E+01 -.188238E+01 -.153158E+01 0.217154E+02
 0.241823E+01 -.346767E+01 -.193738E+01 -.145365E+01 0.241655E+02
 0.220910E+01 -.343634E+01 -.184473E+01 -.149812E+01 0.231978E+02
 0.235302E+01 -.345922E+01 -.185798E+01 -.150150E+01 0.231980E+02
 0.223149E+01 -.342389E+01 -.189442E+01 -.151067E+01 0.216182E+02
 0.220919E+01 -.340834E+01 -.188586E+01 -.150758E+01 0.230146E+02
 0.220135E+01 -.342879E+01 -.186589E+01 -.150836E+01 0.217434E+02
 0.222997E+01 -.343358E+01 -.188351E+01 -.154100E+01 0.215704E+02
 0.220854E+01 -.343634E+01 -.189071E+01 -.150898E+01 0.212360E+02
 0.221501E+01 -.348618E+01 -.188107E+01 -.153705E+01 0.264344E+02
 0.221136E+01 -.343675E+01 -.188569E+01 -.151747E+01 0.212485E+02
 0.220733E+01 -.346648E+01 -.184024E+01 -.147855E+01 0.264692E+02
 0.230839E+01 -.342206E+01 -.188514E+01 -.151228E+01 0.217005E+02
 0.220894E+01 -.343637E+01 -.188442E+01 -.153847E+01 0.215163E+02
 0.220837E+01 -.343592E+01 -.188636E+01 -.150853E+01 0.212183E+02
 0.227425E+01 -.344348E+01 -.188592E+01 -.148986E+01 0.215148E+02
 0.220000E+01 -.343986E+01 -.189188E+01 -.150510E+01 0.212627E+02
 0.220740E+01 -.343820E+01 -.188554E+01 -.149478E+01 0.213213E+02
 0.225390E+01 -.344820E+01 -.191344E+01 -.154658E+01 0.238830E+02
 0.220336E+01 -.343916E+01 -.190817E+01 -.149511E+01 0.214369E+02
 0.220331E+01 -.345773E+01 -.188771E+01 -.151808E+01 0.222642E+02
 0.221205E+01 -.344509E+01 -.188003E+01 -.150705E+01 0.214235E+02
 0.221267E+01 -.341123E+01 -.188709E+01 -.159056E+01 0.250177E+02
 0.220855E+01 -.341320E+01 -.187874E+01 -.157430E+01 0.235859E+02
 0.220738E+01 -.344639E+01 -.185339E+01 -.153162E+01 0.217824E+02
 0.220807E+01 -.342461E+01 -.186134E+01 -.149079E+01 0.227411E+02
 0.234658E+01 -.339185E+01 -.189630E+01 -.150551E+01 0.258571E+02
 0.223591E+01 -.341361E+01 -.184724E+01 -.149186E+01 0.247459E+02
 0.220896E+01 -.344334E+01 -.190408E+01 -.151732E+01 0.218285E+02
 0.220236E+01 -.342959E+01 -.185587E+01 -.143019E+01 0.279602E+02
 0.220911E+01 -.345159E+01 -.192791E+01 -.136562E+01 0.280207E+02
 0.221646E+01 -.343603E+01 -.188422E+01 -.151411E+01 0.212261E+02
 0.220753E+01 -.343514E+01 -.188631E+01 -.150329E+01 0.212325E+02
 0.220857E+01 -.343992E+01 -.188391E+01 -.151505E+01 0.212576E+02
 0.220046E+01 -.345408E+01 -.190078E+01 -.148869E+01 0.219879E+02
 0.220000E+01 -.343792E+01 -.180569E+01 -.149353E+01 0.279199E+02
 0.279748E+01 -.342873E+01 -.185420E+01 -.158240E+01 0.221306E+02
 0.220066E+01 -.343152E+01 -.194132E+01 -.149515E+01 0.232147E+02
 0.267282E+01 -.341783E+01 -.186124E+01 -.157698E+01 0.227572E+02
 0.264557E+01 -.343636E+01 -.188607E+01 -.150120E+01 0.213423E+02
 0.220535E+01 -.342176E+01 -.190834E+01 -.155576E+01 0.239131E+02
 0.220521E+01 -.344744E+01 -.190852E+01 -.148516E+01 0.216506E+02
 0.221869E+01 -.343527E+01 -.189707E+01 -.147274E+01 0.214928E+02
 0.220912E+01 -.343266E+01 -.189928E+01 -.150784E+01 0.213717E+02
 0.221658E+01 -.343455E+01 -.188671E+01 -.151044E+01 0.212280E+02
 0.220808E+01 -.344314E+01 -.179463E+01 -.155234E+01 0.251995E+02
 0.220295E+01 -.343606E+01 -.188626E+01 -.157953E+01 0.230502E+02
 0.221282E+01 -.346512E+01 -.189506E+01 -.153104E+01 0.235016E+02
 0.220104E+01 -.345505E+01 -.188710E+01 -.150616E+01 0.219732E+02
 0.223113E+01 -.343940E+01 -.189731E+01 -.149408E+01 0.212788E+02
 0.236873E+01 -.343378E+01 -.187845E+01 -.151560E+01 0.213047E+02
 0.220905E+01 -.344092E+01 -.189184E+01 -.148121E+01 0.214681E+02
 0.224336E+01 -.343717E+01 -.188349E+01 -.149582E+01 0.213491E+02
 0.221228E+01 -.344926E+01 -.188321E+01 -.154643E+01 0.220370E+02
 0.249699E+01 -.343048E+01 -.193288E+01 -.150119E+01 0.228034E+02
 0.234010E+01 -.340561E+01 -.189006E+01 -.152219E+01 0.234973E+02
 0.221292E+01 -.345393E+01 -.192839E+01 -.152269E+01 0.243450E+02
 0.220000E+01 -.346779E+01 -.187986E+01 -.151380E+01 0.232653E+02
 0.220600E+01 -.341313E+01 -.187061E+01 -.143827E+01 0.264974E+02
 0.220909E+01 -.343652E+01 -.188997E+01 -.150814E+01 0.212278E+02
 0.220000E+01 -.340400E+01 -.193092E+01 -.149012E+01 0.243326E+02
 0.223358E+01 -.344359E+01 -.189501E+01 -.150621E+01 0.213981E+02
 0.221042E+01 -.340569E+01 -.188441E+01 -.150671E+01 0.234001E+02
 0.220088E+01 -.342575E+01 -.182515E+01 -.150870E+01 0.247612E+02
 0.222929E+01 -.343525E+01 -.188076E+01 -.149796E+01 0.213706E+02
 0.220114E+01 -.343214E+01 -.189098E+01 -.145537E+01 0.223588E+02
 0.220990E+01 -.343652E+01 -.187161E+01 -.150668E+01 0.214409E+02
 0.220313E+01 -.341584E+01 -.193020E+01 -.150619E+01 0.235682E+02
 0.220565E+01 -.343617E+01 -.188496E+01 -.152904E+01 0.213631E+02
 0.225427E+01 -.342302E+01 -.188470E+01 -.149389E+01 0.217583E+02
 0.220887E+01 -.343655E+01 -.188353E+01 -.149699E+01 0.213179E+02
 0.220840E+01 -.343592E+01 -.188634E+01 -.150858E+01 0.212183E+02
 0.230260E+01 -.344047E+01 -.188547E+01 -.152909E+01 0.214389E+02
 0.221574E+01 -.344896E+01 -.187473E+01 -.151933E+01 0.215814E+02
 0.220819E+01 -.343783E+01 -.188733E+01 -.152497E+01 0.213586E+02
 0.224411E+01 -.344128E+01 -.188358E+01 -.151169E+01 0.212875E+02
 0.221717E+01 -.345209E+01 -.191324E+01 -.151875E+01 0.228224E+02
 0.220898E+01 -.341598E+01 -.187492E+01 -.160088E+01 0.242342E+02
 0.220520E+01 -.343570E+01 -.188732E+01 -.152278E+01 0.213178E+02
 0.220764E+01 -.344646E+01 -.195144E+01 -.149040E+01 0.242624E+02
 0.220893E+01 -.344116E+01 -.189187E+01 -.152522E+01 0.215148E+02
 0.220000E+01 -.345744E+01 -.194025E+01 -.148528E+01 0.238675E+02
 0.220913E+01 -.342751E+01 -.189418E+01 -.149952E+01 0.213874E+02
 0.222056E+01 -.343602E+01 -.188663E+01 -.151223E+01 0.212309E+02
 0.220744E+01 -.343519E+01 -.188531E+01 -.150724E+01 0.212266E+02
 0.220828E+01 -.343812E+01 -.188907E+01 -.150154E+01 0.212361E+02
 0.220000E+01 -.342281E+01 -.195459E+01 -.147400E+01 0.235435E+02
 0.221491E+01 -.343753E+01 -.188034E+01 -.148869E+01 0.215542E+02
 0.231278E+01 -.345238E+01 -.188914E+01 -.150844E+01 0.218259E+02
 0.220206E+01 -.344085E+01 -.186020E+01 -.151948E+01 0.215958E+02
 0.245524E+01 -.341891E+01 -.191907E+01 -.142325E+01 0.233389E+02
 0.221062E+01 -.343325E+01 -.189232E+01 -.152325E+01 0.214431E+02
 0.221253E+01 -.343509E+01 -.188208E+01 -.149234E+01 0.214298E+02
 0.220848E+01 -.343848E+01 -.189740E+01 -.150825E+01 0.213366E+02
 0.222221E+01 -.344581E+01 -.188649E+01 -.150915E+01 0.214197E+02
 0.220793E+01 -.344711E+01 -.188021E+01 -.149238E+01 0.217059E+02
 0.220722E+01 -.344471E+01 -.188461E+01 -.150586E+01 0.213824E+02
 0.220773E+01 -.343528E+01 -.188616E+01 -.151414E+01 0.212357E+02
 0.220634E+01 -.341540E+01 -.187989E+01 -.148572E+01 0.226811E+02
 0.220385E+01 -.343700E+01 -.188690E+01 -.151013E+01 0.212208E+02
 0.227617E+01 -.344334E+01 -.198970E+01 -.146775E+01 0.271934E+02
 0.223261E+01 -.340724E+01 -.190438E+01 -.149008E+01 0.231374E+02
 0.220000E+01 -.343392E+01 -.191430E+01 -.144727E+01 0.218052E+02
 0.221101E+01 -.341766E+01 -.187090E+01 -.158621E+01 0.232611E+02
 0.220000E+01 -.343126E+01 -.189857E+01 -.147732E+01 0.214228E+02
 0.223412E+01 -.340590E+01 -.183149E+01 -.156640E+01 0.245543E+02
 0.220000E+01 -.344768E+01 -.181408E+01 -.153809E+01 0.240310E+02
 0.220000E+01 -.344567E+01 -.196202E+01 -.150320E+01 0.263702E+02
 0.226081E+01 -.341012E+01 -.178762E+01 -.165051E+01 0.260459E+02
 0.221375E+01 -.344250E+01 -.189767E+01 -.151350E+01 0.215043E+02
 0.249878E+01 -.344569E+01 -.188281E+01 -.151283E+01 0.214861E+02
 0.221137E+01 -.343004E+01 -.196727E+01 -.152513E+01 0.287299E+02
 0.220870E+01 -.343605E+01 -.192136E+01 -.151643E+01 0.226261E+02
 0.229356E+01 -.339576E+01 -.187540E+01 -.150892E+01 0.253081E+02
 0.221120E+01 -.344624E+01 -.189049E+01 -.150941E+01 0.214592E+02
 0.220337E+01 -.344221E+01 -.188601E+01 -.150601E+01 0.212968E+02
 0.224029E+01 -.344927E+01 -.192621E+01 -.150895E+01 0.231355E+02
 0.221435E+01 -.343876E+01 -.188024E+01 -.148061E+01 0.217956E+02
 0.220804E+01 -.343592E+01 -.187958E+01 -.150764E+01 0.212691E+02
 0.220000E+01 -.346806E+01 -.191799E+01 -.150042E+01 0.241692E+02
 0.221340E+01 -.343616E+01 -.188537E+01 -.153442E+01 0.214640E+02
 0.221723E+01 -.343191E+01 -.188616E+01 -.151178E+01 0.212664E+02
 0.220820E+01 -.343519E+01 -.188955E+01 -.148863E+01 0.213374E+02
 0.220841E+01 -.343592E+01 -.188639E+01 -.150862E+01 0.212183E+02
 0.220000E+01 -.343395E+01 -.188773E+01 -.151396E+01 0.212504E+02
 0.221149E+01 -.344712E+01 -.187941E+01 -.150958E+01 0.214938E+02
 0.220892E+01 -.343562E+01 -.188986E+01 -.153085E+01 0.215106E+02
 0.220000E+01 -.343259E+01 -.186034E+01 -.147903E+01 0.230600E+02
 0.220394E+01 -.338922E+01 -.189001E+01 -.151437E+01 0.264675E+02
 0.220965E+01 -.344764E+01 -.188438E+01 -.151876E+01 0.215240E+02
 0.220807E+01 -.342663E+01 -.187461E+01 -.155651E+01 0.218931E+02
 0.220758E+01 -.342736E+01 -.191385E+01 -.151308E+01 0.221461E+02
 0.220939E+01 -.344038E+01 -.186840E+01 -.156646E+01 0.217845E+02
 0.220798E+01 -.344171E+01 -.187553E+01 -.151608E+01 0.213194E+02
 0.225939E+01 -.343485E+01 -.188618E+01 -.145275E+01 0.227629E+02
 0.221693E+01 -.344014E+01 -.189804E+01 -.156027E+01 0.230001E+02
 0.221061E+01 -.343590E+01 -.188639E+01 -.150669E+01 0.212203E+02
 0.220469E+01 -.343551E+01 -.189334E+01 -.150879E+01 0.212615E+02
 0.220700E+01 -.343582E+01 -.188915E+01 -.149974E+01 0.212339E+02
 0.221310E+01 -.341946E+01 -.188104E+01 -.149360E+01 0.220922E+02
 0.222135E+01 -.343627E+01 -.196334E+01 -.150069E+01 0.259913E+02
 0.260229E+01 -.340000E+01 -.189144E+01 -.156151E+01 0.254861E+02
 0.220784E+01 -.343770E+01 -.183593E+01 -.151751E+01 0.229639E+02
 0.220000E+01 -.346780E+01 -.188634E+01 -.150958E+01 0.232871E+02
 0.221477E+01 -.344320E+01 -.187702E+01 -.148112E+01 0.219931E+02
 0.220338E+01 -.343441E+01 -.187891E+01 -.152141E+01 0.212480E+02
 0.220617E+01 -.344175E+01 -.187946E+01 -.150848E+01 0.213184E+02
 0.222130E+01 -.343081E+01 -.188642E+01 -.150849E+01 0.212895E+02
 0.220000E+01 -.339055E+01 -.186026E+01 -.150239E+01 0.272468E+02
 0.220890E+01 -.343770E+01 -.194937E+01 -.149195E+01 0.238071E+02
 0.222805E+01 -.343381E+01 -.191599E+01 -.143715E+01 0.221358E+02
 0.221189E+01 -.343471E+01 -.188622E+01 -.146091E+01 0.223101E+02
 0.221003E+01 -.339547E+01 -.187629E+01 -.148999E+01 0.256959E+02
 0.220761E+01 -.342120E+01 -.188632E+01 -.151296E+01 0.217327E+02
 0.220725E+01 -.341984E+01 -.187714E+01 -.151150E+01 0.219113E+02
 0.238739E+01 -.343490E+01 -.189891E+01 -.147759E+01 0.214177E+02
 0.220639E+01 -.343121E+01 -.187023E+01 -.152445E+01 0.213668E+02
 0.222546E+01 -.343132E+01 -.190139E+01 -.152582E+01 0.218482E+02
 0.220000E+01 -.343057E+01 -.189483E+01 -.147324E+01 0.215915E+02
 0.221451E+01 -.344883E+01 -.196807E+01 -.145972E+01 0.243821E+02
 0.220000E+01 -.348575E+01 -.188453E+01 -.148684E+01 0.263571E+02
 0.220000E+01 -.348240E+01 -.180696E+01 -.153744E+01 0.282789E+02
 0.220610E+01 -.342364E+01 -.184745E+01 -.150378E+01 0.231880E+02
 0.258182E+01 -.342170E+01 -.188612E+01 -.151131E+01 0.217581E+02
 0.220000E+01 -.345030E+01 -.184191E+01 -.164868E+01 0.239898E+02
 0.220861E+01 -.343606E+01 -.189882E+01 -.150152E+01 0.212809E+02
 0.230405E+01 -.348176E+01 -.185772E+01 -.152169E+01 0.256611E+02
 0.220000E+01 -.343634E+01 -.188635E+01 -.151141E+01 0.212224E+02
 0.220275E+01 -.347036E+01 -.188744E+01 -.150869E+01 0.236378E+02
 0.225034E+01 -.343714E+01 -.192232E+01 -.150878E+01 0.223961E+02
 0.220000E+01 -.343562E+01 -.188238E+01 -.154336E+01 0.215777E+02
 0.220741E+01 -.343573E+01 -.189258E+01 -.151026E+01 0.212671E+02
 0.221766E+01 -.339359E+01 -.191369E+01 -.152526E+01 0.264553E+02
 0.221523E+01 -.343632E+01 -.188669E+01 -.147929E+01 0.215964E+02
 0.220502E+01 -.345177E+01 -.191454E+01 -.156954E+01 0.256621E+02
 0.220000E+01 -.344030E+01 -.188744E+01 -.152429E+01 0.213813E+02
 0.220794E+01 -.343478E+01 -.188918E+01 -.152906E+01 0.214632E+02
 0.220838E+01 -.343592E+01 -.188646E+01 -.150857E+01 0.212183E+02
 0.227457E+01 -.343482E+01 -.188773E+01 -.149943E+01 0.212683E+02
 0.220000E+01 -.342446E+01 -.190128E+01 -.149500E+01 0.215529E+02
 0.220787E+01 -.343451E+01 -.189082E+01 -.152693E+01 0.214673E+02
 0.229368E+01 -.343871E+01 -.189770E+01 -.149306E+01 0.212872E+02
 0.220214E+01 -.346007E+01 -.188620E+01 -.150157E+01 0.224298E+02
 0.220234E+01 -.343146E+01 -.186009E+01 -.151463E+01 0.217474E+02
 0.222660E+01 -.343280E+01 -.188505E+01 -.160340E+01 0.242117E+02
 0.220137E+01 -.345854E+01 -.186710E+01 -.146314E+01 0.243726E+02
 0.220914E+01 -.343333E+01 -.188754E+01 -.150633E+01 0.212366E+02
 0.221316E+01 -.345930E+01 -.181332E+01 -.155201E+01 0.242609E+02
 0.220799E+01 -.349503E+01 -.188307E+01 -.149066E+01 0.282115E+02
 0.220834E+01 -.344191E+01 -.174176E+01 -.164864E+01 0.277592E+02
 0.222645E+01 -.340685E+01 -.186680E+01 -.160778E+01 0.251686E+02
 0.220722E+01 -.343764E+01 -.186786E+01 -.150265E+01 0.216443E+02
 0.226984E+01 -.344117E+01 -.193434E+01 -.147655E+01 0.221479E+02
 0.220970E+01 -.342674E+01 -.188354E+01 -.155056E+01 0.219869E+02
 0.220839E+01 -.343554E+01 -.196620E+01 -.152044E+01 0.281189E+02
 0.220145E+01 -.343581E+01 -.188622E+01 -.150405E+01 0.212267E+02
 0.220720E+01 -.343628E+01 -.189005E+01 -.150567E+01 0.212248E+02
 0.220637E+01 -.343488E+01 -.188592E+01 -.152277E+01 0.213034E+02
 0.221154E+01 -.345018E+01 -.185264E+01 -.151259E+01 0.223915E+02
 0.221252E+01 -.343554E+01 -.193927E+01 -.150984E+01 0.238081E+02
 0.220782E+01 -.342910E+01 -.190145E+01 -.149344E+01 0.213651E+02
 0.252210E+01 -.338066E+01 -.188646E+01 -.151354E+01 0.286646E+02
 0.221612E+01 -.343252E+01 -.189377E+01 -.151335E+01 0.213406E+02
 0.220684E+01 -.344069E+01 -.191903E+01 -.151852E+01 0.226383E+02
 0.220293E+01 -.343522E+01 -.188397E+01 -.154281E+01 0.216126E+02
 0.220846E+01 -.343173E+01 -.187478E+01 -.150840E+01 0.213971E+02
 0.221312E+01 -.342430E+01 -.188677E+01 -.151058E+01 0.215389E+02
 0.220490E+01 -.344320E+01 -.187977E+01 -.150705E+01 0.213618E+02
 0.220936E+01 -.342743E+01 -.194302E+01 -.153501E+01 0.260228E+02
 0.221429E+01 -.348842E+01 -.188608E+01 -.150994E+01 0.266782E+02
 0.220680E+01 -.343689E+01 -.188639E+01 -.148085E+01 0.215631E+02
 0.221317E+01 -.341838E+01 -.188755E+01 -.156507E+01 0.231665E+02
 0.220830E+01 -.343177E+01 -.188667E+01 -.150872E+01 0.212619E+02
 0.220000E+01 -.346992E+01 -.188179E+01 -.151616E+01 0.235530E+02
 0.228307E+01 -.343517E+01 -.185700E+01 -.159287E+01 0.222042E+02
 0.220310E+01 -.345267E+01 -.188916E+01 -.145734E+01 0.228678E+02
 0.223811E+01 -.343342E+01 -.188962E+01 -.150689E+01 0.212451E+02
 0.222713E+01 -.343879E+01 -.178759E+01 -.155158E+01 0.260552E+02
 0.224847E+01 -.348397E+01 -.192765E+01 -.149950E+01 0.273595E+02
 0.230631E+01 -.340184E+01 -.184258E+01 -.156880E+01 0.248233E+02
 0.220589E+01 -.343202E+01 -.184685E+01 -.150913E+01 0.226142E+02
 0.225853E+01 -.341954E+01 -.188492E+01 -.151049E+01 0.218620E+02
 0.220516E+01 -.344642E+01 -.181275E+01 -.165906E+01 0.235199E+02
 0.220885E+01 -.343666E+01 -.185670E+01 -.149725E+01 0.223812E+02
 0.220000E+01 -.344878E+01 -.182094E+01 -.150481E+01 0.252279E+02
 0.234637E+01 -.344598E+01 -.189602E+01 -.150416E+01 0.215156E+02
 0.221484E+01 -.342788E+01 -.188304E+01 -.151265E+01 0.213839E+02
 0.221099E+01 -.345761E+01 -.188772E+01 -.150819E+01 0.221892E+02
 0.220000E+01 -.342649E+01 -.183208E+01 -.150846E+01 0.240526E+02
 0.223287E+01 -.343392E+01 -.188325E+01 -.155674E+01 0.219876E+02
 0.220720E+01 -.343635E+01 -.189855E+01 -.151006E+01 0.213725E+02
 0.222376E+01 -.348212E+01 -.184567E+01 -.153025E+01 0.259061E+02
 0.221357E+01 -.338969E+01 -.189699E+01 -.149818E+01 0.262853E+02
 0.220909E+01 -.343640E+01 -.188590E+01 -.148238E+01 0.215393E+02
 0.220689E+01 -.341559E+01 -.183335E+01 -.154357E+01 0.235157E+02
 0.221994E+01 -.344479E+01 -.188709E+01 -.151296E+01 0.213938E+02
 0.220873E+01 -.343507E+01 -.188621E+01 -.152713E+01 0.213608E+02
 0.220836E+01 -.343592E+01 -.188651E+01 -.150852E+01 0.212182E+02
 0.232421E+01 -.343949E+01 -.188597E+01 -.149766E+01 0.213344E+02
 0.221399E+01 -.342871E+01 -.189494E+01 -.149664E+01 0.213498E+02
 0.220709E+01 -.343632E+01 -.188758E+01 -.148713E+01 0.213946E+02
 0.224362E+01 -.344223E+01 -.191412E+01 -.151981E+01 0.223955E+02
 0.220758E+01 -.348330E+01 -.190544E+01 -.149386E+01 0.259725E+02
 0.222309E+01 -.347609E+01 -.188265E+01 -.150614E+01 0.244694E+02
 0.220625E+01 -.342028E+01 -.185228E+01 -.149845E+01 0.233219E+02
 0.220458E+01 -.344117E+01 -.187321E+01 -.156173E+01 0.218089E+02
 0.221240E+01 -.342239E+01 -.193759E+01 -.157090E+01 0.284678E+02
 0.220948E+01 -.344137E+01 -.186586E+01 -.150195E+01 0.217785E+02
 0.221366E+01 -.345114E+01 -.192113E+01 -.156255E+01 0.259054E+02
 0.221135E+01 -.340371E+01 -.184889E+01 -.149176E+01 0.259671E+02
 0.220831E+01 -.343613E+01 -.187996E+01 -.150264E+01 0.213111E+02
 0.227684E+01 -.344626E+01 -.194116E+01 -.150500E+01 0.240543E+02
 0.221075E+01 -.343595E+01 -.188663E+01 -.150802E+01 0.212189E+02
 0.221024E+01 -.343676E+01 -.188454E+01 -.150239E+01 0.212506E+02
 0.220769E+01 -.343859E+01 -.188363E+01 -.152531E+01 0.213112E+02
 0.220000E+01 -.347110E+01 -.190038E+01 -.150730E+01 0.239866E+02
 0.220353E+01 -.343524E+01 -.186550E+01 -.149375E+01 0.220214E+02
 0.220324E+01 -.343301E+01 -.193307E+01 -.149595E+01 0.225967E+02
 0.241660E+01 -.341963E+01 -.181930E+01 -.154714E+01 0.241300E+02
 0.220000E+01 -.345763E+01 -.194838E+01 -.149278E+01 0.249788E+02
 0.280762E+01 -.342477E+01 -.188649E+01 -.149510E+01 0.216962E+02
 0.221692E+01 -.342405E+01 -.190157E+01 -.153646E+01 0.224518E+02
 0.221055E+01 -.343599E+01 -.188479E+01 -.151196E+01 0.212210E+02
 0.220899E+01 -.343113E+01 -.189696E+01 -.150783E+01 0.213530E+02
 0.220657E+01 -.344194E+01 -.188656E+01 -.151162E+01 0.212975E+02
 0.225438E+01 -.347202E+01 -.189900E+01 -.150501E+01 0.240641E+02
 0.220886E+01 -.342565E+01 -.189107E+01 -.155615E+01 0.225467E+02
 0.220860E+01 -.343682E+01 -.193720E+01 -.144791E+01 0.217985E+02
 0.220388E+01 -.343664E+01 -.188644E+01 -.154708E+01 0.218046E+02
 0.221029E+01 -.346976E+01 -.188730E+01 -.158365E+01 0.257278E+02
 0.220692E+01 -.344280E+01 -.188685E+01 -.150596E+01 0.213158E+02
 0.241024E+01 -.343369E+01 -.188755E+01 -.151738E+01 0.213161E+02
 0.221842E+01 -.343624E+01 -.189388E+01 -.151804E+01 0.213834E+02
 0.253934E+01 -.345079E+01 -.179966E+01 -.150568E+01 0.282059E+02
 0.220180E+01 -.343460E+01 -.184754E+01 -.167910E+01 0.254415E+02
 0.220844E+01 -.344538E+01 -.190047E+01 -.145965E+01 0.219549E+02
 0.223225E+01 -.343822E+01 -.187554E+01 -.149219E+01 0.216413E+02
 0.225202E+01 -.341822E+01 -.181315E+01 -.149709E+01 0.276873E+02
 0.222888E+01 -.342570E+01 -.193284E+01 -.148736E+01 0.224164E+02
 0.244530E+01 -.338685E+01 -.189713E+01 -.148172E+01 0.270807E+02
 0.222355E+01 -.342414E+01 -.187620E+01 -.153132E+01 0.216422E+02
 0.220000E+01 -.347472E+01 -.186330E+01 -.152869E+01 0.242706E+02
 0.220793E+01 -.345089E+01 -.189629E+01 -.151520E+01 0.218904E+02
 0.220000E+01 -.346186E+01 -.188419E+01 -.151190E+01 0.225901E+02
 0.220324E+01 -.342267E+01 -.186111E+01 -.146253E+01 0.245306E+02
 0.220888E+01 -.343601E+01 -.187943E+01 -.151160E+01 0.212436E+02
 0.220000E+01 -.342456E+01 -.189515E+01 -.163097E+01 0.273622E+02
 0.234852E+01 -.339360E+01 -.192231E+01 -.149077E+01 0.257530E+02
 0.220224E+01 -.343334E+01 -.188719E+01 -.150610E+01 0.212376E+02
 0.220735E+01 -.342412E+01 -.188528E+01 -.150674E+01 0.215548E+02
 0.224057E+01 -.342583E+01 -.186260E+01 -.150837E+01 0.220340E+02
 0.221262E+01 -.343756E+01 -.188360E+01 -.152966E+01 0.213532E+02
 0.220975E+01 -.342678E+01 -.189022E+01 -.142600E+01 0.245993E+02
 0.220838E+01 -.343637E+01 -.189721E+01 -.150895E+01 0.213248E+02
 0.244426E+01 -.343638E+01 -.196583E+01 -.140856E+01 0.226322E+02
 0.221827E+01 -.347077E+01 -.181629E+01 -.152378E+01 0.264105E+02
 0.220685E+01 -.343668E+01 -.188567E+01 -.152070E+01 0.212762E+02
 0.223322E+01 -.343582E+01 -.188500E+01 -.149988E+01 0.212758E+02
 0.220894E+01 -.343654E+01 -.188507E+01 -.152187E+01 0.212770E+02
 0.220834E+01 -.343592E+01 -.188656E+01 -.150849E+01 0.212182E+02
 0.227000E+01 -.343801E+01 -.188583E+01 -.150977E+01 0.212455E+02
 0.222430E+01 -.344437E+01 -.188687E+01 -.152260E+01 0.214629E+02
 0.220915E+01 -.343764E+01 -.188450E+01 -.147990E+01 0.216535E+02
 0.222190E+01 -.344018E+01 -.190037E+01 -.152419E+01 0.217655E+02
 0.221219E+01 -.340877E+01 -.191638E+01 -.149490E+01 0.232073E+02
 0.221494E+01 -.341894E+01 -.189852E+01 -.149728E+01 0.218909E+02
 0.220000E+01 -.341176E+01 -.188757E+01 -.148594E+01 0.228001E+02
 0.221041E+01 -.343131E+01 -.186557E+01 -.159330E+01 0.225473E+02
 0.220917E+01 -.343934E+01 -.187744E+01 -.150795E+01 0.213099E+02
 0.220000E+01 -.342370E+01 -.187645E+01 -.157302E+01 0.225805E+02
 0.220000E+01 -.339984E+01 -.187926E+01 -.148956E+01 0.247443E+02
 0.220000E+01 -.342268E+01 -.185773E+01 -.152354E+01 0.220866E+02
 0.220785E+01 -.341066E+01 -.196084E+01 -.147653E+01 0.251186E+02
 0.220000E+01 -.344821E+01 -.191387E+01 -.137706E+01 0.277706E+02
 0.220925E+01 -.343491E+01 -.189628E+01 -.150832E+01 0.213015E+02
 0.227807E+01 -.343879E+01 -.191431E+01 -.151342E+01 0.221014E+02
 0.220926E+01 -.343129E+01 -.182294E+01 -.149294E+01 0.258470E+02
 0.221499E+01 -.343602E+01 -.188684E+01 -.151151E+01 0.212254E+02
 0.220606E+01 -.343555E+01 -.188823E+01 -.150732E+01 0.212223E+02
 0.220875E+01 -.343707E+01 -.188442E+01 -.151949E+01 0.212526E+02
 0.220970E+01 -.347476E+01 -.192817E+01 -.149102E+01 0.254750E+02
 0.220329E+01 -.343637E+01 -.184810E+01 -.148666E+01 0.235525E+02
 0.265465E+01 -.343577E+01 -.186024E+01 -.156096E+01 0.216452E+02
 0.220059E+01 -.344028E+01 -.191156E+01 -.150286E+01 0.217027E+02
 0.225430E+01 -.347009E+01 -.188612E+01 -.149315E+01 0.237031E+02
 0.220418E+01 -.343295E+01 -.190285E+01 -.151658E+01 0.216373E+02
 0.221473E+01 -.343657E+01 -.188635E+01 -.148470E+01 0.214729E+02
 0.220649E+01 -.343195E+01 -.189124E+01 -.150825E+01 0.212720E+02
 0.221009E+01 -.343813E+01 -.188656E+01 -.150902E+01 0.212268E+02
 0.220801E+01 -.344415E+01 -.184142E+01 -.151525E+01 0.227284E+02
 0.220382E+01 -.343380E+01 -.188639E+01 -.154533E+01 0.217622E+02
 0.220322E+01 -.344180E+01 -.188683E+01 -.150582E+01 0.212880E+02
 0.222343E+01 -.340942E+01 -.190015E+01 -.149959E+01 0.228591E+02
 0.220000E+01 -.343428E+01 -.189458E+01 -.140580E+01 0.260020E+02
 0.220885E+01 -.342599E+01 -.189886E+01 -.151411E+01 0.216427E+02
 0.220029E+01 -.343692E+01 -.189299E+01 -.148847E+01 0.212922E+02
 0.220000E+01 -.344430E+01 -.183164E+01 -.150720E+01 0.238828E+02
 0.221598E+01 -.343441E+01 -.185865E+01 -.157294E+01 0.217442E+02
 0.220000E+01 -.342496E+01 -.190403E+01 -.155368E+01 0.233073E+02
 0.221170E+01 -.346277E+01 -.190555E+01 -.151157E+01 0.231905E+02
 0.246875E+01 -.344829E+01 -.188318E+01 -.151339E+01 0.216047E+02
 0.220875E+01 -.343377E+01 -.196441E+01 -.135786E+01 0.253029E+02
 0.220879E+01 -.343599E+01 -.190663E+01 -.152024E+01 0.218821E+02
 0.235117E+01 -.342370E+01 -.189280E+01 -.158832E+01 0.243012E+02
 0.220033E+01 -.339854E+01 -.191953E+01 -.148896E+01 0.247055E+02
 0.220000E+01 -.344018E+01 -.188896E+01 -.150551E+01 0.212546E+02
 0.220232E+01 -.341216E+01 -.188402E+01 -.150668E+01 0.225699E+02
 0.225611E+01 -.343960E+01 -.192536E+01 -.150863E+01 0.226391E+02
 0.220000E+01 -.343775E+01 -.188210E+01 -.148066E+01 0.217112E+02
 0.220954E+01 -.343617E+01 -.188962E+01 -.150772E+01 0.212244E+02
 0.221046E+01 -.342978E+01 -.191769E+01 -.152092E+01 0.226043E+02
 0.221322E+01 -.343664E+01 -.188513E+01 -.151353E+01 0.212258E+02
 0.220727E+01 -.343304E+01 -.185071E+01 -.152767E+01 0.218370E+02
 0.220000E+01 -.342307E+01 -.188641E+01 -.150699E+01 0.216074E+02
 0.220782E+01 -.343676E+01 -.188719E+01 -.147818E+01 0.216106E+02
 0.220832E+01 -.343592E+01 -.188659E+01 -.150846E+01 0.212182E+02
 0.220000E+01 -.343419E+01 -.188635E+01 -.151828E+01 0.212683E+02
 0.221713E+01 -.344705E+01 -.188188E+01 -.152189E+01 0.214980E+02
 0.220899E+01 -.343584E+01 -.188695E+01 -.148432E+01 0.214666E+02
 0.220051E+01 -.343384E+01 -.187824E+01 -.149176E+01 0.215581E+02
 0.221110E+01 -.340717E+01 -.189218E+01 -.151318E+01 0.231864E+02
 0.221331E+01 -.345063E+01 -.192475E+01 -.151587E+01 0.234220E+02
 0.220841E+01 -.343581E+01 -.187022E+01 -.149699E+01 0.217014E+02
 0.220828E+01 -.343310E+01 -.190385E+01 -.151117E+01 0.215453E+02
 0.220766E+01 -.345643E+01 -.187603E+01 -.155330E+01 0.224877E+02
 0.220995E+01 -.343469E+01 -.190102E+01 -.151301E+01 0.214825E+02
 0.224635E+01 -.343098E+01 -.186591E+01 -.151308E+01 0.216037E+02
 0.220205E+01 -.344277E+01 -.191592E+01 -.143891E+01 0.221686E+02
 0.220634E+01 -.343587E+01 -.188667E+01 -.150917E+01 0.212213E+02
 0.220291E+01 -.343468E+01 -.188907E+01 -.151281E+01 0.212482E+02
 0.220930E+01 -.343559E+01 -.188736E+01 -.149248E+01 0.213164E+02
 0.221372E+01 -.340106E+01 -.192874E+01 -.147745E+01 0.243664E+02
 0.221569E+01 -.343714E+01 -.190108E+01 -.150756E+01 0.214005E+02
 0.220000E+01 -.343983E+01 -.186956E+01 -.151307E+01 0.214106E+02
 0.246380E+01 -.343282E+01 -.187766E+01 -.162864E+01 0.250464E+02
 0.220000E+01 -.343744E+01 -.188630E+01 -.151510E+01 0.212408E+02
 0.220365E+01 -.344201E+01 -.187616E+01 -.148646E+01 0.218180E+02
 0.221648E+01 -.343586E+01 -.188603E+01 -.151967E+01 0.212684E+02
 0.236898E+01 -.343135E+01 -.189579E+01 -.150470E+01 0.213372E+02
 0.220473E+01 -.343702E+01 -.187561E+01 -.150857E+01 0.213190E+02
 0.221182E+01 -.343302E+01 -.188656E+01 -.150646E+01 0.212433E+02
 0.247276E+01 -.343917E+01 -.188512E+01 -.146957E+01 0.220905E+02
 0.224465E+01 -.345448E+01 -.189600E+01 -.150949E+01 0.220618E+02
 0.220835E+01 -.343932E+01 -.184096E+01 -.148956E+01 0.240127E+02
 0.220000E+01 -.347508E+01 -.187735E+01 -.150289E+01 0.243722E+02
 0.220578E+01 -.343376E+01 -.188633E+01 -.150177E+01 0.212510E+02
 0.221671E+01 -.339244E+01 -.188022E+01 -.145617E+01 0.276210E+02
 0.220858E+01 -.343410E+01 -.188681E+01 -.151018E+01 0.212299E+02
 0.222716E+01 -.343097E+01 -.188981E+01 -.148506E+01 0.214582E+02
 0.220000E+01 -.342268E+01 -.187437E+01 -.152308E+01 0.216989E+02
 0.220846E+01 -.341927E+01 -.187875E+01 -.155337E+01 0.223684E+02
 0.220000E+01 -.343060E+01 -.190126E+01 -.153114E+01 0.220156E+02
 0.222527E+01 -.344549E+01 -.195547E+01 -.154007E+01 0.285732E+02
 0.220216E+01 -.343939E+01 -.184858E+01 -.156742E+01 0.216385E+02
 0.221954E+01 -.343831E+01 -.198279E+01 -.149367E+01 0.283164E+02
 0.226890E+01 -.347900E+01 -.190986E+01 -.149751E+01 0.254085E+02
 0.220784E+01 -.344327E+01 -.189107E+01 -.150938E+01 0.213600E+02
 0.269558E+01 -.341841E+01 -.188263E+01 -.151254E+01 0.220335E+02
 0.220883E+01 -.343645E+01 -.192598E+01 -.150014E+01 0.222941E+02
 0.220000E+01 -.343390E+01 -.185777E+01 -.151324E+01 0.218270E+02
 0.220950E+01 -.343515E+01 -.188865E+01 -.151747E+01 0.212788E+02
 0.220676E+01 -.341753E+01 -.188360E+01 -.150644E+01 0.220386E+02
 0.223715E+01 -.344494E+01 -.190540E+01 -.150895E+01 0.217505E+02
 0.223838E+01 -.343467E+01 -.188372E+01 -.147812E+01 0.217529E+02
 0.220999E+01 -.343572E+01 -.188028E+01 -.150712E+01 0.212635E+02
 0.221640E+01 -.341121E+01 -.195519E+01 -.151807E+01 0.272803E+02
 0.221752E+01 -.343610E+01 -.188505E+01 -.150665E+01 0.212270E+02
 0.220692E+01 -.345149E+01 -.188996E+01 -.155794E+01 0.228754E+02
 0.222838E+01 -.343048E+01 -.188754E+01 -.151480E+01 0.213207E+02
 0.220707E+01 -.343642E+01 -.188867E+01 -.150549E+01 0.212216E+02
 0.220831E+01 -.343592E+01 -.188662E+01 -.150843E+01 0.212182E+02
 0.225756E+01 -.343319E+01 -.188648E+01 -.151262E+01 0.212615E+02
 0.220000E+01 -.344346E+01 -.188131E+01 -.148914E+01 0.216083E+02
 0.220862E+01 -.343454E+01 -.189109E+01 -.149533E+01 0.212519E+02
 0.221072E+01 -.343624E+01 -.186483E+01 -.148587E+01 0.223658E+02
 0.220000E+01 -.341962E+01 -.187805E+01 -.151998E+01 0.218861E+02
 0.220492E+01 -.346041E+01 -.187462E+01 -.152282E+01 0.224361E+02
 0.220679E+01 -.343951E+01 -.187821E+01 -.143024E+01 0.251261E+02
 0.220874E+01 -.343237E+01 -.189376E+01 -.150278E+01 0.212612E+02
 0.227682E+01 -.349243E+01 -.188402E+01 -.148629E+01 0.277503E+02
 0.220325E+01 -.344746E+01 -.190361E+01 -.155815E+01 0.236137E+02
 0.228505E+01 -.343446E+01 -.186732E+01 -.154223E+01 0.213918E+02
 0.221052E+01 -.344562E+01 -.198754E+01 -.148011E+01 0.281240E+02
 0.220783E+01 -.348110E+01 -.181931E+01 -.155393E+01 0.265036E+02
 0.220926E+01 -.343471E+01 -.188325E+01 -.151125E+01 0.212281E+02
 0.220232E+01 -.342553E+01 -.182702E+01 -.150633E+01 0.247304E+02
 0.220000E+01 -.343347E+01 -.186376E+01 -.163389E+01 0.242190E+02
 0.220917E+01 -.343310E+01 -.196715E+01 -.152077E+01 0.282803E+02
 0.220656E+01 -.343584E+01 -.188652E+01 -.150631E+01 0.212224E+02
 0.220958E+01 -.343624E+01 -.188667E+01 -.151292E+01 0.212281E+02
 0.220739E+01 -.343576E+01 -.188716E+01 -.149168E+01 0.213295E+02
 0.221435E+01 -.342223E+01 -.188658E+01 -.149615E+01 0.217289E+02
 0.222293E+01 -.343700E+01 -.192524E+01 -.152175E+01 0.231963E+02
 0.220000E+01 -.343973E+01 -.187692E+01 -.167080E+01 0.278300E+02
 0.220720E+01 -.343854E+01 -.186564E+01 -.151217E+01 0.215257E+02
 0.220000E+01 -.344460E+01 -.193383E+01 -.154349E+01 0.257037E+02
 0.238132E+01 -.341078E+01 -.188659E+01 -.153252E+01 0.229425E+02
 0.221462E+01 -.343790E+01 -.188899E+01 -.152412E+01 0.213759E+02
 0.220413E+01 -.343551E+01 -.188590E+01 -.153950E+01 0.215868E+02
 0.220426E+01 -.343582E+01 -.188279E+01 -.150811E+01 0.212312E+02
 0.221058E+01 -.343604E+01 -.188657E+01 -.150798E+01 0.212188E+02
 0.220000E+01 -.343960E+01 -.194407E+01 -.147084E+01 0.225048E+02
 0.220906E+01 -.342842E+01 -.192322E+01 -.149361E+01 0.220045E+02
 0.221178E+01 -.348920E+01 -.188690E+01 -.150135E+01 0.268438E+02
 0.220934E+01 -.343877E+01 -.188637E+01 -.147965E+01 0.216077E+02
 0.220852E+01 -.341832E+01 -.188508E+01 -.145800E+01 0.232767E+02
 0.220730E+01 -.343165E+01 -.188686E+01 -.151228E+01 0.212712E+02
 0.220836E+01 -.346270E+01 -.188478E+01 -.151564E+01 0.226998E+02
 0.234046E+01 -.343596E+01 -.184319E+01 -.147174E+01 0.252296E+02
 0.220624E+01 -.345389E+01 -.187219E+01 -.148161E+01 0.227174E+02
 0.223954E+01 -.343108E+01 -.190120E+01 -.152211E+01 0.217409E+02
 0.223407E+01 -.344777E+01 -.193641E+01 -.156504E+01 0.279360E+02
 0.221275E+01 -.343770E+01 -.186949E+01 -.153715E+01 0.213213E+02
 0.220000E+01 -.346855E+01 -.181224E+01 -.152385E+01 0.265233E+02
 0.231101E+01 -.348400E+01 -.188823E+01 -.151216E+01 0.259179E+02
 0.220498E+01 -.341981E+01 -.187433E+01 -.150744E+01 0.220163E+02
 0.220000E+01 -.344339E+01 -.188480E+01 -.150754E+01 0.213300E+02
 0.220800E+01 -.343463E+01 -.179534E+01 -.168538E+01 0.242284E+02
 0.220900E+01 -.343652E+01 -.188524E+01 -.149195E+01 0.213602E+02
 0.220000E+01 -.342769E+01 -.178562E+01 -.157138E+01 0.256845E+02
 0.239620E+01 -.346238E+01 -.185509E+01 -.151018E+01 0.233866E+02
 0.220961E+01 -.343292E+01 -.188667E+01 -.152348E+01 0.213379E+02
 0.221093E+01 -.346738E+01 -.188617E+01 -.150638E+01 0.232319E+02
 0.220000E+01 -.344837E+01 -.189084E+01 -.149289E+01 0.215881E+02
 0.220000E+01 -.343516E+01 -.182606E+01 -.150873E+01 0.243024E+02
 0.221937E+01 -.343308E+01 -.187971E+01 -.151155E+01 0.212731E+02
 0.220970E+01 -.343562E+01 -.188801E+01 -.150844E+01 0.212209E+02
 0.222426E+01 -.343185E+01 -.194627E+01 -.152333E+01 0.254728E+02
 0.225675E+01 -.343818E+01 -.190554E+01 -.150126E+01 0.214433E+02
 0.221409E+01 -.343562E+01 -.188524E+01 -.151258E+01 0.212237E+02
 0.220776E+01 -.342433E+01 -.188571E+01 -.149246E+01 0.216695E+02
 0.222711E+01 -.344273E+01 -.188629E+01 -.151689E+01 0.213452E+02
 0.221011E+01 -.343602E+01 -.188823E+01 -.152824E+01 0.214170E+02
 0.220830E+01 -.343592E+01 -.188664E+01 -.150842E+01 0.212182E+02
 0.224835E+01 -.343800E+01 -.188652E+01 -.150266E+01 0.212527E+02
 0.221317E+01 -.343194E+01 -.188967E+01 -.148684E+01 0.214025E+02
 0.220686E+01 -.343696E+01 -.189122E+01 -.152437E+01 0.214282E+02
 0.233410E+01 -.343961E+01 -.188503E+01 -.150229E+01 0.213086E+02
 0.221095E+01 -.344700E+01 -.190025E+01 -.152074E+01 0.219056E+02
 0.221888E+01 -.343221E+01 -.188272E+01 -.150588E+01 0.212890E+02
 0.220419E+01 -.344185E+01 -.185377E+01 -.150936E+01 0.221376E+02
 0.220813E+01 -.343571E+01 -.188633E+01 -.148494E+01 0.214699E+02
 0.220670E+01 -.345486E+01 -.195040E+01 -.153673E+01 0.281844E+02
 0.220895E+01 -.343717E+01 -.187828E+01 -.150581E+01 0.213029E+02
 0.220460E+01 -.345702E+01 -.198337E+01 -.146482E+01 0.271749E+02
 0.220813E+01 -.342335E+01 -.186127E+01 -.152615E+01 0.218942E+02
 0.220780E+01 -.343579E+01 -.186978E+01 -.150762E+01 0.214792E+02
 0.220000E+01 -.342580E+01 -.184985E+01 -.151038E+01 0.226280E+02
 0.221435E+01 -.343587E+01 -.188668E+01 -.150746E+01 0.212199E+02
 0.220975E+01 -.343719E+01 -.188527E+01 -.150643E+01 0.212257E+02
 0.220601E+01 -.343612E+01 -.188552E+01 -.151984E+01 0.212627E+02
 0.221111E+01 -.344232E+01 -.185266E+01 -.152421E+01 0.218192E+02
 0.221614E+01 -.343668E+01 -.191813E+01 -.150057E+01 0.218780E+02
 0.250310E+01 -.345731E+01 -.185977E+01 -.152004E+01 0.225504E+02
 0.220835E+01 -.342790E+01 -.187512E+01 -.150205E+01 0.216031E+02
 0.221328E+01 -.345066E+01 -.185422E+01 -.151318E+01 0.223231E+02
 0.231574E+01 -.343869E+01 -.188667E+01 -.151776E+01 0.212947E+02
 0.221622E+01 -.343193E+01 -.190609E+01 -.152404E+01 0.220024E+02
 0.220951E+01 -.344780E+01 -.195176E+01 -.144955E+01 0.227455E+02
 0.220000E+01 -.343544E+01 -.188609E+01 -.150437E+01 0.212267E+02
 0.235327E+01 -.347411E+01 -.188520E+01 -.159680E+01 0.268784E+02
 0.220876E+01 -.343242E+01 -.189415E+01 -.150790E+01 0.212904E+02
 0.220898E+01 -.343834E+01 -.188665E+01 -.150959E+01 0.212271E+02
 0.223297E+01 -.345307E+01 -.187844E+01 -.150041E+01 0.219497E+02
 0.220874E+01 -.342633E+01 -.195795E+01 -.153611E+01 0.283219E+02
 0.220573E+01 -.343623E+01 -.192443E+01 -.136020E+01 0.286754E+02
 0.221679E+01 -.341274E+01 -.189266E+01 -.151021E+01 0.224985E+02
 0.221019E+01 -.343459E+01 -.188633E+01 -.151893E+01 0.212689E+02
 0.220258E+01 -.344313E+01 -.188917E+01 -.158974E+01 0.239171E+02
 0.220192E+01 -.343978E+01 -.188666E+01 -.151216E+01 0.212546E+02
 0.222283E+01 -.346272E+01 -.188647E+01 -.151422E+01 0.227150E+02
 0.220000E+01 -.343590E+01 -.184265E+01 -.162626E+01 0.228362E+02
 0.220598E+01 -.345412E+01 -.187949E+01 -.144797E+01 0.241286E+02
 0.222770E+01 -.343981E+01 -.186856E+01 -.150180E+01 0.216651E+02
 0.221348E+01 -.344204E+01 -.180595E+01 -.151067E+01 0.264268E+02
 0.220605E+01 -.343535E+01 -.178558E+01 -.155867E+01 0.259501E+02
 0.220000E+01 -.343168E+01 -.189026E+01 -.155684E+01 0.223456E+02
 0.220813E+01 -.345055E+01 -.186198E+01 -.150658E+01 0.221516E+02
 0.242505E+01 -.345985E+01 -.188735E+01 -.150384E+01 0.224769E+02
 0.220525E+01 -.342658E+01 -.176465E+01 -.163912E+01 0.260477E+02
 0.220895E+01 -.343604E+01 -.185312E+01 -.149868E+01 0.225555E+02
 0.223481E+01 -.342782E+01 -.184541E+01 -.150194E+01 0.232176E+02
 0.230422E+01 -.343247E+01 -.178948E+01 -.153522E+01 0.270317E+02
 0.240553E+01 -.342090E+01 -.191028E+01 -.159543E+01 0.267163E+02
 0.232976E+01 -.347604E+01 -.187686E+01 -.150180E+01 0.246035E+02
 0.220129E+01 -.343267E+01 -.188490E+01 -.149622E+01 0.213341E+02
 0.220471E+01 -.346874E+01 -.188839E+01 -.150598E+01 0.234203E+02
 0.226123E+01 -.342650E+01 -.179374E+01 -.150860E+01 0.287744E+02
 0.220000E+01 -.343814E+01 -.188275E+01 -.153754E+01 0.214731E+02
 0.220008E+01 -.343366E+01 -.188662E+01 -.146067E+01 0.223051E+02
 0.220747E+01 -.343587E+01 -.189358E+01 -.150950E+01 0.212739E+02
 0.222351E+01 -.345912E+01 -.190004E+01 -.151589E+01 0.226873E+02
 0.221016E+01 -.343544E+01 -.188726E+01 -.151396E+01 0.212378E+02
 0.220922E+01 -.341539E+01 -.188280E+01 -.146364E+01 0.233952E+02
 0.220953E+01 -.342952E+01 -.188550E+01 -.151203E+01 0.213221E+02
 0.220910E+01 -.343545E+01 -.188639E+01 -.151044E+01 0.212212E+02
 0.220829E+01 -.343592E+01 -.188666E+01 -.150840E+01 0.212182E+02
 0.220358E+01 -.344120E+01 -.188582E+01 -.151206E+01 0.212743E+02
 0.220253E+01 -.342500E+01 -.189774E+01 -.152585E+01 0.219053E+02
 0.220776E+01 -.343798E+01 -.188389E+01 -.152800E+01 0.213416E+02
 0.230159E+01 -.344025E+01 -.190672E+01 -.150855E+01 0.216443E+02
 0.220876E+01 -.346606E+01 -.189962E+01 -.147664E+01 0.232800E+02
 0.221042E+01 -.342552E+01 -.186531E+01 -.149685E+01 0.222345E+02
 0.220938E+01 -.343289E+01 -.189328E+01 -.154042E+01 0.219008E+02
 0.220875E+01 -.343462E+01 -.189110E+01 -.151145E+01 0.212589E+02
 0.221804E+01 -.343097E+01 -.192909E+01 -.157995E+01 0.277297E+02
 0.227505E+01 -.341223E+01 -.188618E+01 -.152301E+01 0.226239E+02
 0.220000E+01 -.342141E+01 -.183969E+01 -.150776E+01 0.237729E+02
 0.220845E+01 -.339278E+01 -.192030E+01 -.147906E+01 0.256782E+02
 0.220723E+01 -.343585E+01 -.189330E+01 -.150795E+01 0.212584E+02
 0.220984E+01 -.344356E+01 -.193200E+01 -.151434E+01 0.235753E+02
 0.221479E+01 -.343473E+01 -.187173E+01 -.150227E+01 0.215311E+02
 0.221467E+01 -.343592E+01 -.188680E+01 -.150970E+01 0.212211E+02
 0.220489E+01 -.343521E+01 -.188505E+01 -.150220E+01 0.212472E+02
 0.220803E+01 -.343813E+01 -.188557E+01 -.151912E+01 0.212695E+02
 0.220569E+01 -.344267E+01 -.188242E+01 -.152566E+01 0.213724E+02
 0.220000E+01 -.339812E+01 -.197904E+01 -.141579E+01 0.258110E+02
 0.220748E+01 -.343570E+01 -.184642E+01 -.148587E+01 0.237636E+02
 0.220251E+01 -.343221E+01 -.190243E+01 -.150047E+01 0.213598E+02
 0.220000E+01 -.345906E+01 -.188633E+01 -.150013E+01 0.223401E+02
 0.221513E+01 -.342897E+01 -.189715E+01 -.151340E+01 0.214840E+02
 0.221437E+01 -.343630E+01 -.188519E+01 -.148770E+01 0.214389E+02
 0.221159E+01 -.343508E+01 -.188365E+01 -.150777E+01 0.212322E+02
 0.220687E+01 -.343886E+01 -.188670E+01 -.150861E+01 0.212362E+02
 0.223057E+01 -.339415E+01 -.191208E+01 -.150663E+01 0.256668E+02
 0.220831E+01 -.344342E+01 -.183428E+01 -.154278E+01 0.223209E+02
 0.220175E+01 -.343673E+01 -.199585E+01 -.141625E+01 0.243361E+02
 0.220000E+01 -.341585E+01 -.188177E+01 -.151460E+01 0.221876E+02
 0.220620E+01 -.343178E+01 -.188636E+01 -.154006E+01 0.216588E+02
 0.221342E+01 -.343828E+01 -.188367E+01 -.157843E+01 0.228363E+02
 0.220265E+01 -.343957E+01 -.188668E+01 -.150866E+01 0.212436E+02
 0.220000E+01 -.344184E+01 -.188979E+01 -.153692E+01 0.217323E+02
 0.231802E+01 -.347195E+01 -.179378E+01 -.154946E+01 0.276037E+02
 0.222498E+01 -.342941E+01 -.189835E+01 -.150743E+01 0.214182E+02
 0.220000E+01 -.345022E+01 -.183787E+01 -.151011E+01 0.234198E+02
 0.220700E+01 -.343004E+01 -.188408E+01 -.158660E+01 0.233119E+02
 0.221343E+01 -.344617E+01 -.187287E+01 -.149918E+01 0.217315E+02
 0.220000E+01 -.343604E+01 -.187894E+01 -.150958E+01 0.212591E+02
 0.221508E+01 -.341132E+01 -.191488E+01 -.155694E+01 0.254357E+02
 0.224380E+01 -.343211E+01 -.184547E+01 -.149927E+01 0.231857E+02
 0.220802E+01 -.343437E+01 -.179803E+01 -.155254E+01 0.248902E+02
 0.223038E+01 -.341811E+01 -.181069E+01 -.150105E+01 0.276971E+02
 0.225822E+01 -.339362E+01 -.189120E+01 -.157911E+01 0.275119E+02
 0.221057E+01 -.345716E+01 -.187810E+01 -.151134E+01 0.221505E+02
 0.220000E+01 -.342091E+01 -.188910E+01 -.150252E+01 0.217442E+02
 0.220844E+01 -.342904E+01 -.191997E+01 -.146578E+01 0.215473E+02
 0.220895E+01 -.343619E+01 -.192143E+01 -.151461E+01 0.225541E+02
 0.233109E+01 -.344476E+01 -.192574E+01 -.142127E+01 0.227622E+02
 0.220000E+01 -.342110E+01 -.190481E+01 -.149565E+01 0.217916E+02
 0.220000E+01 -.343701E+01 -.188566E+01 -.148042E+01 0.215933E+02
 0.220000E+01 -.343339E+01 -.188495E+01 -.150857E+01 0.212384E+02
 0.224932E+01 -.341638E+01 -.188966E+01 -.156398E+01 0.234120E+02
 0.221752E+01 -.344082E+01 -.188785E+01 -.152295E+01 0.213784E+02
 0.220713E+01 -.343590E+01 -.189526E+01 -.150999E+01 0.213044E+02
 0.220036E+01 -.345205E+01 -.183119E+01 -.151697E+01 0.237302E+02
 0.222743E+01 -.340422E+01 -.190873E+01 -.155292E+01 0.255719E+02
 0.221229E+01 -.343594E+01 -.188786E+01 -.151197E+01 0.212313E+02
 0.220793E+01 -.342460E+01 -.188614E+01 -.151851E+01 0.215571E+02
 0.220000E+01 -.342121E+01 -.188591E+01 -.150447E+01 0.217376E+02
 0.220661E+01 -.343511E+01 -.188590E+01 -.149332E+01 0.213311E+02
 0.220828E+01 -.343592E+01 -.188667E+01 -.150839E+01 0.212182E+02
 0.220000E+01 -.343680E+01 -.188570E+01 -.151608E+01 0.212397E+02
 0.220000E+01 -.344102E+01 -.188852E+01 -.151001E+01 0.212794E+02
 0.220889E+01 -.343707E+01 -.188276E+01 -.148060E+01 0.216911E+02
 0.225921E+01 -.343802E+01 -.188353E+01 -.149885E+01 0.213182E+02
 0.220000E+01 -.343680E+01 -.188904E+01 -.147469E+01 0.216479E+02
 0.221342E+01 -.342182E+01 -.190204E+01 -.150294E+01 0.217713E+02
 0.220843E+01 -.343178E+01 -.188174E+01 -.154109E+01 0.215567E+02
 0.220845E+01 -.343141E+01 -.189190E+01 -.150856E+01 0.212893E+02
 0.225182E+01 -.347869E+01 -.189658E+01 -.157128E+01 0.272555E+02
 0.220706E+01 -.339054E+01 -.185579E+01 -.151754E+01 0.270749E+02
 0.220837E+01 -.340735E+01 -.189606E+01 -.152069E+01 0.233259E+02
 0.220979E+01 -.343449E+01 -.190106E+01 -.151124E+01 0.214522E+02
 0.233648E+01 -.340962E+01 -.185269E+01 -.156992E+01 0.234637E+02
 0.221894E+01 -.344984E+01 -.191191E+01 -.151092E+01 0.223371E+02
 0.220977E+01 -.343645E+01 -.181933E+01 -.151124E+01 0.248301E+02
 0.220549E+01 -.343599E+01 -.188681E+01 -.150950E+01 0.212187E+02
 0.220307E+01 -.343425E+01 -.188826E+01 -.150656E+01 0.212254E+02
 0.220905E+01 -.343730E+01 -.188678E+01 -.149787E+01 0.212650E+02
 0.220480E+01 -.343711E+01 -.191068E+01 -.150672E+01 0.217052E+02
 0.220976E+01 -.343584E+01 -.181620E+01 -.148995E+01 0.268328E+02
 0.220000E+01 -.341591E+01 -.187948E+01 -.152119E+01 0.221999E+02
 0.220465E+01 -.343801E+01 -.189141E+01 -.151345E+01 0.212847E+02
 0.220807E+01 -.344212E+01 -.180098E+01 -.152086E+01 0.263026E+02
 0.233869E+01 -.344042E+01 -.188648E+01 -.149550E+01 0.213675E+02
 0.220829E+01 -.343132E+01 -.187120E+01 -.149940E+01 0.216742E+02
 0.222530E+01 -.343612E+01 -.188483E+01 -.150660E+01 0.212322E+02
 0.231311E+01 -.340942E+01 -.188036E+01 -.143589E+01 0.262210E+02
 0.220625E+01 -.343637E+01 -.187770E+01 -.150790E+01 0.212921E+02
 0.220675E+01 -.343750E+01 -.188663E+01 -.150752E+01 0.212242E+02
 0.220000E+01 -.345691E+01 -.191177E+01 -.150499E+01 0.227181E+02
 0.220208E+01 -.343610E+01 -.190241E+01 -.153348E+01 0.221119E+02
 0.222104E+01 -.343176E+01 -.187810E+01 -.151132E+01 0.213185E+02
 0.220631E+01 -.343377E+01 -.188625E+01 -.151973E+01 0.212853E+02
 0.222148E+01 -.341954E+01 -.187796E+01 -.146467E+01 0.232793E+02
 0.220989E+01 -.343286E+01 -.188669E+01 -.150796E+01 0.212435E+02
 0.236736E+01 -.344604E+01 -.181063E+01 -.150075E+01 0.268313E+02
 0.229056E+01 -.343018E+01 -.192402E+01 -.155226E+01 0.249036E+02
 0.222766E+01 -.340544E+01 -.189658E+01 -.148928E+01 0.234114E+02
 0.263265E+01 -.342015E+01 -.182430E+01 -.151861E+01 0.249439E+02
 0.249916E+01 -.338988E+01 -.187033E+01 -.150633E+01 0.268310E+02
 0.220933E+01 -.342053E+01 -.188942E+01 -.162249E+01 0.263155E+02
 0.221425E+01 -.343582E+01 -.190416E+01 -.151137E+01 0.215526E+02
 0.221103E+01 -.343121E+01 -.194520E+01 -.150843E+01 0.243301E+02
 0.221132E+01 -.343666E+01 -.191302E+01 -.148164E+01 0.213950E+02
 0.220000E+01 -.344834E+01 -.188719E+01 -.154868E+01 0.222194E+02
 0.221150E+01 -.342416E+01 -.191462E+01 -.151185E+01 0.222753E+02
 0.229474E+01 -.339599E+01 -.188544E+01 -.150854E+01 0.250510E+02
 0.221078E+01 -.343586E+01 -.199534E+01 -.136118E+01 0.241669E+02
 0.220901E+01 -.343653E+01 -.193678E+01 -.152260E+01 0.243406E+02
 0.220220E+01 -.344427E+01 -.180290E+01 -.155371E+01 0.243125E+02
 0.223448E+01 -.344193E+01 -.191519E+01 -.142520E+01 0.228375E+02
 0.242016E+01 -.341175E+01 -.189947E+01 -.149716E+01 0.225821E+02
 0.221195E+01 -.343909E+01 -.188752E+01 -.152375E+01 0.213537E+02
 0.221337E+01 -.340569E+01 -.188269E+01 -.151059E+01 0.234070E+02
 0.227325E+01 -.344323E+01 -.188408E+01 -.150851E+01 0.213487E+02
 0.222512E+01 -.344123E+01 -.188622E+01 -.149301E+01 0.213858E+02
 0.220420E+01 -.342743E+01 -.188549E+01 -.165558E+01 0.278773E+02
 0.220882E+01 -.343553E+01 -.188391E+01 -.150858E+01 0.212254E+02
 0.220000E+01 -.342066E+01 -.187898E+01 -.151526E+01 0.218033E+02
 0.224541E+01 -.347981E+01 -.186483E+01 -.148301E+01 0.261556E+02
 0.221252E+01 -.343628E+01 -.188663E+01 -.151031E+01 0.212212E+02
 0.220720E+01 -.343871E+01 -.188928E+01 -.155187E+01 0.221020E+02
 0.222821E+01 -.343912E+01 -.188653E+01 -.150882E+01 0.212430E+02
 0.220690E+01 -.343513E+01 -.188678E+01 -.149700E+01 0.212749E+02
 0.220828E+01 -.343592E+01 -.188668E+01 -.150838E+01 0.212182E+02
 0.221907E+01 -.343213E+01 -.188681E+01 -.151420E+01 0.212745E+02
 0.220000E+01 -.340252E+01 -.200440E+01 -.141106E+01 0.266810E+02
 0.220522E+01 -.344892E+01 -.188284E+01 -.149328E+01 0.217150E+02
 0.220886E+01 -.343507E+01 -.188583E+01 -.147311E+01 0.218215E+02
 0.222195E+01 -.343564E+01 -.188143E+01 -.149560E+01 0.213886E+02
 0.221426E+01 -.341164E+01 -.188992E+01 -.153891E+01 0.230458E+02
 0.221138E+01 -.345664E+01 -.191143E+01 -.151445E+01 0.229409E+02
 0.220734E+01 -.343914E+01 -.187929E+01 -.148495E+01 0.217001E+02
 0.220885E+01 -.343276E+01 -.188169E+01 -.150315E+01 0.213081E+02
 0.220734E+01 -.344369E+01 -.197695E+01 -.137496E+01 0.238715E+02
 0.220471E+01 -.344074E+01 -.188213E+01 -.144817E+01 0.233232E+02
 0.227929E+01 -.342538E+01 -.186955E+01 -.149052E+01 0.222790E+02
 0.220795E+01 -.346183E+01 -.183843E+01 -.154157E+01 0.232404E+02
 0.221043E+01 -.343350E+01 -.188976E+01 -.151359E+01 0.212707E+02
 0.222986E+01 -.341902E+01 -.185386E+01 -.150759E+01 0.229838E+02
 0.220000E+01 -.343596E+01 -.188674E+01 -.150779E+01 0.212177E+02
 0.220901E+01 -.343512E+01 -.189040E+01 -.151081E+01 0.212452E+02
 0.220679E+01 -.343565E+01 -.188695E+01 -.149347E+01 0.213099E+02
 0.220628E+01 -.343977E+01 -.186228E+01 -.151345E+01 0.216236E+02
 0.290000E+01 -.343999E+01 -.188918E+01 -.165349E+01 0.280369E+02
 0.220732E+01 -.344058E+01 -.188025E+01 -.151076E+01 0.212782E+02
 0.220494E+01 -.344514E+01 -.193836E+01 -.152659E+01 0.250712E+02
 0.240721E+01 -.343670E+01 -.184235E+01 -.144083E+01 0.285528E+02
 0.224027E+01 -.341750E+01 -.188663E+01 -.151483E+01 0.220327E+02
 0.220398E+01 -.343581E+01 -.187074E+01 -.151585E+01 0.213401E+02
 0.220000E+01 -.343558E+01 -.188606E+01 -.152431E+01 0.213196E+02
 0.220495E+01 -.343517E+01 -.187937E+01 -.150830E+01 0.212671E+02
 0.220927E+01 -.343427E+01 -.188653E+01 -.150738E+01 0.212274E+02
 0.221640E+01 -.348745E+01 -.189596E+01 -.150044E+01 0.265926E+02
 0.220893E+01 -.343476E+01 -.191997E+01 -.149365E+01 0.217728E+02
 0.221956E+01 -.343638E+01 -.182571E+01 -.160765E+01 0.223370E+02
 0.223611E+01 -.344480E+01 -.187808E+01 -.150806E+01 0.214380E+02
 0.221012E+01 -.343824E+01 -.188659E+01 -.148845E+01 0.214003E+02
 0.221652E+01 -.342832E+01 -.188915E+01 -.145548E+01 0.225661E+02
 0.221065E+01 -.343376E+01 -.188685E+01 -.151033E+01 0.212343E+02
 0.254120E+01 -.343738E+01 -.182264E+01 -.148267E+01 0.268735E+02
 0.220960E+01 -.346280E+01 -.188344E+01 -.148549E+01 0.229733E+02
 0.245944E+01 -.341103E+01 -.185411E+01 -.151368E+01 0.237029E+02
 0.220961E+01 -.346519E+01 -.195112E+01 -.151648E+01 0.277636E+02
 0.220000E+01 -.343418E+01 -.195883E+01 -.134765E+01 0.268561E+02
 0.220638E+01 -.341900E+01 -.188049E+01 -.154576E+01 0.222489E+02
 0.222078E+01 -.342677E+01 -.190543E+01 -.151273E+01 0.217924E+02
 0.221234E+01 -.343242E+01 -.188218E+01 -.150754E+01 0.212764E+02
 0.220000E+01 -.342261E+01 -.191411E+01 -.150509E+01 0.221357E+02
 0.221211E+01 -.343892E+01 -.196893E+01 -.151204E+01 0.278425E+02
 0.223106E+01 -.347881E+01 -.188347E+01 -.149171E+01 0.250527E+02
 0.220528E+01 -.343414E+01 -.191508E+01 -.150652E+01 0.218852E+02
 0.227768E+01 -.347362E+01 -.188325E+01 -.151207E+01 0.241048E+02
 0.222974E+01 -.341044E+01 -.186567E+01 -.159628E+01 0.241842E+02
 0.221174E+01 -.343382E+01 -.195735E+01 -.147891E+01 0.238090E+02
 0.220893E+01 -.343606E+01 -.190141E+01 -.151452E+01 0.215243E+02
 0.221831E+01 -.342994E+01 -.186350E+01 -.155344E+01 0.215725E+02
 0.233170E+01 -.343291E+01 -.188103E+01 -.151101E+01 0.212994E+02
 0.220706E+01 -.343259E+01 -.188777E+01 -.153891E+01 0.216603E+02
 0.220666E+01 -.340004E+01 -.188139E+01 -.150977E+01 0.243363E+02
 0.223330E+01 -.348746E+01 -.188461E+01 -.151088E+01 0.264787E+02
 0.220000E+01 -.345211E+01 -.180437E+01 -.150819E+01 0.271002E+02
 0.220967E+01 -.342747E+01 -.188248E+01 -.147764E+01 0.219849E+02
 0.220951E+01 -.343611E+01 -.188211E+01 -.163894E+01 0.261396E+02
 0.221094E+01 -.343554E+01 -.187694E+01 -.150739E+01 0.213141E+02
 0.228314E+01 -.343574E+01 -.185340E+01 -.151419E+01 0.220332E+02
 0.221118E+01 -.341916E+01 -.192859E+01 -.153133E+01 0.245059E+02
 0.226908E+01 -.344994E+01 -.189359E+01 -.147040E+01 0.220648E+02
 0.220000E+01 -.343637E+01 -.188566E+01 -.150628E+01 0.212210E+02
 0.220000E+01 -.343228E+01 -.188590E+01 -.150283E+01 0.212696E+02
 0.221782E+01 -.344974E+01 -.188727E+01 -.151119E+01 0.216213E+02
 0.220011E+01 -.343625E+01 -.188774E+01 -.150937E+01 0.212217E+02
 0.220585E+01 -.343593E+01 -.188672E+01 -.150804E+01 0.212179E+02
 0.222029E+01 -.343547E+01 -.188704E+01 -.150771E+01 0.212219E+02
 0.220428E+01 -.344632E+01 -.189452E+01 -.148887E+01 0.215036E+02
 0.220726E+01 -.343490E+01 -.189202E+01 -.152140E+01 0.213954E+02
 0.220000E+01 -.343807E+01 -.189948E+01 -.149388E+01 0.212690E+02
 0.220859E+01 -.344123E+01 -.189282E+01 -.154166E+01 0.219716E+02
 0.220187E+01 -.345476E+01 -.188032E+01 -.151225E+01 0.219422E+02
 0.220405E+01 -.345200E+01 -.188553E+01 -.146890E+01 0.224856E+02
 0.220511E+01 -.344311E+01 -.189474E+01 -.146098E+01 0.220142E+02
 0.220421E+01 -.343795E+01 -.188136E+01 -.150371E+01 0.212786E+02
 0.220302E+01 -.344193E+01 -.183058E+01 -.148274E+01 0.256249E+02
 0.220000E+01 -.344727E+01 -.196549E+01 -.151711E+01 0.281834E+02
 0.220000E+01 -.344928E+01 -.194087E+01 -.147667E+01 0.229321E+02
 0.220000E+01 -.342398E+01 -.189148E+01 -.151080E+01 0.215759E+02
 0.220000E+01 -.342921E+01 -.186421E+01 -.150898E+01 0.217775E+02
 0.220047E+01 -.343621E+01 -.187166E+01 -.151285E+01 0.213510E+02
 0.220000E+01 -.342616E+01 -.186931E+01 -.149699E+01 0.220021E+02
 0.223559E+01 -.340980E+01 -.185008E+01 -.150555E+01 0.243243E+02
 0.220276E+01 -.343594E+01 -.188668E+01 -.150642E+01 0.212199E+02
 0.220331E+01 -.343629E+01 -.188659E+01 -.150868E+01 0.212169E+02
 0.242916E+01 -.340528E+01 -.184805E+01 -.149792E+01 0.255546E+02
 0.220373E+01 -.343688E+01 -.188664E+01 -.151869E+01 0.212652E+02
 0.220000E+01 -.343807E+01 -.184867E+01 -.151803E+01 0.221101E+02
 0.221758E+01 -.343648E+01 -.188867E+01 -.151422E+01 0.212555E+02
 0.220039E+01 -.342901E+01 -.188983E+01 -.150107E+01 0.213352E+02
 0.276511E+01 -.344442E+01 -.189247E+01 -.139295E+01 0.282500E+02
 0.220190E+01 -.344043E+01 -.193458E+01 -.151358E+01 0.236763E+02
 0.220000E+01 -.341080E+01 -.188652E+01 -.152233E+01 0.227683E+02
 0.220000E+01 -.343962E+01 -.188915E+01 -.152215E+01 0.213724E+02
 0.221698E+01 -.343591E+01 -.188710E+01 -.151923E+01 0.212765E+02
 0.220000E+01 -.343312E+01 -.188825E+01 -.150807E+01 0.212391E+02
 0.220000E+01 -.343451E+01 -.188650E+01 -.150803E+01 0.212234E+02
 0.220584E+01 -.342595E+01 -.186664E+01 -.151614E+01 0.217112E+02
 0.220000E+01 -.340269E+01 -.188342E+01 -.155090E+01 0.243904E+02
 0.220655E+01 -.344563E+01 -.188489E+01 -.150175E+01 0.214370E+02
 0.221144E+01 -.344467E+01 -.188269E+01 -.150962E+01 0.213746E+02
 0.220000E+01 -.343726E+01 -.188626E+01 -.149189E+01 0.213408E+02
 0.220000E+01 -.343496E+01 -.189404E+01 -.157340E+01 0.233044E+02
 0.220323E+01 -.344032E+01 -.188693E+01 -.150998E+01 0.212584E+02
 0.220000E+01 -.342635E+01 -.189166E+01 -.151865E+01 0.215456E+02
 0.237399E+01 -.346458E+01 -.182752E+01 -.154056E+01 0.242411E+02
 0.221248E+01 -.347385E+01 -.188650E+01 -.151387E+01 0.241455E+02
 0.220000E+01 -.343539E+01 -.192119E+01 -.150202E+01 0.220747E+02
 0.220000E+01 -.345152E+01 -.187346E+01 -.144191E+01 0.249274E+02
 0.222001E+01 -.342650E+01 -.186631E+01 -.150461E+01 0.219239E+02
 0.220000E+01 -.344025E+01 -.183332E+01 -.150699E+01 0.236772E+02
 0.220285E+01 -.343773E+01 -.189668E+01 -.153911E+01 0.220179E+02
 0.222916E+01 -.346324E+01 -.188197E+01 -.151544E+01 0.227385E+02
 0.220000E+01 -.344922E+01 -.189033E+01 -.150611E+01 0.215964E+02
 0.220000E+01 -.347842E+01 -.188182E+01 -.150776E+01 0.248328E+02
 0.220000E+01 -.343136E+01 -.182510E+01 -.158057E+01 0.223378E+02
 0.220513E+01 -.343622E+01 -.185248E+01 -.150134E+01 0.224774E+02
 0.225654E+01 -.348365E+01 -.184621E+01 -.150548E+01 0.269406E+02
 0.220000E+01 -.342946E+01 -.177040E+01 -.161030E+01 0.258930E+02
 0.234565E+01 -.342644E+01 -.189016E+01 -.142968E+01 0.243797E+02
 0.226401E+01 -.345147E+01 -.187755E+01 -.150562E+01 0.218092E+02
 0.220000E+01 -.343504E+01 -.188701E+01 -.148806E+01 0.213914E+02
 0.220000E+01 -.342729E+01 -.188588E+01 -.150855E+01 0.213961E+02
 0.233590E+01 -.345026E+01 -.181787E+01 -.150768E+01 0.255608E+02
 0.220396E+01 -.343929E+01 -.188204E+01 -.149752E+01 0.213518E+02
 0.220865E+01 -.343583E+01 -.187809E+01 -.150724E+01 0.212928E+02
 0.222566E+01 -.342804E+01 -.194663E+01 -.151709E+01 0.251253E+02
 0.220591E+01 -.338534E+01 -.189719E+01 -.150812E+01 0.273737E+02
 0.225926E+01 -.339675E+01 -.191158E+01 -.148558E+01 0.248345E+02
 0.221094E+01 -.343636E+01 -.188585E+01 -.150513E+01 0.212259E+02
 0.220827E+01 -.343214E+01 -.188389E+01 -.146791E+01 0.221477E+02
 0.220000E+01 -.344372E+01 -.188618E+01 -.150860E+01 0.213394E+02
 0.220000E+01 -.343604E+01 -.188695E+01 -.151685E+01 0.212543E+02
 0.220049E+01 -.343598E+01 -.188668E+01 -.150813E+01 0.212185E+02
 0.221449E+01 -.343902E+01 -.188666E+01 -.150295E+01 0.212475E+02
 0.220066E+01 -.344117E+01 -.188947E+01 -.149626E+01 0.213038E+02
 0.220163E+01 -.343637E+01 -.189599E+01 -.152341E+01 0.215428E+02
 0.221500E+01 -.343821E+01 -.191301E+01 -.151016E+01 0.219160E+02
 0.220000E+01 -.346146E+01 -.189741E+01 -.147111E+01 0.228776E+02
 0.220000E+01 -.342313E+01 -.186247E+01 -.150493E+01 0.222636E+02
 0.220232E+01 -.343463E+01 -.190502E+01 -.151422E+01 0.216524E+02
 0.220582E+01 -.343588E+01 -.188849E+01 -.150800E+01 0.212202E+02
 0.225485E+01 -.339845E+01 -.182455E+01 -.155623E+01 0.264249E+02
 0.221689E+01 -.343055E+01 -.194300E+01 -.156564E+01 0.286184E+02
 0.220221E+01 -.348411E+01 -.187391E+01 -.153976E+01 0.259198E+02
 0.220876E+01 -.341056E+01 -.188754E+01 -.148271E+01 0.230154E+02
 0.220000E+01 -.343710E+01 -.188478E+01 -.150856E+01 0.212219E+02
 0.221276E+01 -.346602E+01 -.183597E+01 -.148823E+01 0.261341E+02
 0.225058E+01 -.341417E+01 -.187567E+01 -.151472E+01 0.224414E+02
 0.222016E+01 -.343072E+01 -.186214E+01 -.169373E+01 0.277132E+02
 0.220411E+01 -.343612E+01 -.188659E+01 -.150876E+01 0.212174E+02
 0.220000E+01 -.343722E+01 -.188354E+01 -.150698E+01 0.212318E+02
 0.220481E+01 -.343839E+01 -.188470E+01 -.153008E+01 0.213852E+02
 0.220829E+01 -.343600E+01 -.185769E+01 -.151638E+01 0.217351E+02
 0.231435E+01 -.344608E+01 -.195973E+01 -.145719E+01 0.233606E+02
 0.220081E+01 -.343605E+01 -.180331E+01 -.151328E+01 0.265833E+02
 0.220000E+01 -.342751E+01 -.190078E+01 -.149845E+01 0.214344E+02
 0.220000E+01 -.343591E+01 -.196711E+01 -.134959E+01 0.259978E+02
 0.220842E+01 -.344453E+01 -.182655E+01 -.149638E+01 0.250820E+02
 0.227395E+01 -.343193E+01 -.188642E+01 -.150331E+01 0.212923E+02
 0.220704E+01 -.343818E+01 -.188263E+01 -.152099E+01 0.212587E+02
 0.221150E+01 -.343673E+01 -.188697E+01 -.151087E+01 0.212237E+02
 0.220551E+01 -.343600E+01 -.189193E+01 -.150794E+01 0.212405E+02
 0.221168E+01 -.343604E+01 -.188658E+01 -.150913E+01 0.212194E+02
 0.220247E+01 -.345251E+01 -.199186E+01 -.141805E+01 0.249369E+02
 0.220000E+01 -.340356E+01 -.187684E+01 -.150331E+01 0.239199E+02
 0.220000E+01 -.342615E+01 -.188101E+01 -.151134E+01 0.214695E+02
 0.221187E+01 -.343414E+01 -.188597E+01 -.153093E+01 0.214221E+02
 0.221141E+01 -.343162E+01 -.188374E+01 -.163065E+01 0.257958E+02
 0.220000E+01 -.344185E+01 -.188667E+01 -.150978E+01 0.212889E+02
 0.258628E+01 -.343500E+01 -.193650E+01 -.153952E+01 0.253835E+02
 0.223687E+01 -.340907E+01 -.190129E+01 -.150778E+01 0.230069E+02
 0.249393E+01 -.345738E+01 -.188811E+01 -.150424E+01 0.222566E+02
 0.252779E+01 -.343710E+01 -.179084E+01 -.166363E+01 0.240852E+02
 0.220770E+01 -.347265E+01 -.187114E+01 -.145234E+01 0.264266E+02
 0.222530E+01 -.344594E+01 -.186142E+01 -.150394E+01 0.220499E+02
 0.220716E+01 -.343915E+01 -.188225E+01 -.150879E+01 0.212510E+02
 0.224939E+01 -.346077E+01 -.185232E+01 -.149706E+01 0.237898E+02
 0.220000E+01 -.343460E+01 -.181461E+01 -.152617E+01 0.244805E+02
 0.220000E+01 -.339540E+01 -.188969E+01 -.157372E+01 0.268035E+02
 0.220733E+01 -.344321E+01 -.187131E+01 -.150990E+01 0.214810E+02
 0.224021E+01 -.345081E+01 -.188738E+01 -.150441E+01 0.216885E+02
 0.220000E+01 -.340185E+01 -.187932E+01 -.154011E+01 0.242149E+02
 0.221578E+01 -.343260E+01 -.183421E+01 -.151570E+01 0.232660E+02
 0.220646E+01 -.343646E+01 -.185481E+01 -.150656E+01 0.221440E+02
 0.223436E+01 -.343446E+01 -.183806E+01 -.152657E+01 0.225400E+02
 0.255357E+01 -.341847E+01 -.187878E+01 -.164702E+01 0.269659E+02
 0.224759E+01 -.343604E+01 -.189364E+01 -.149734E+01 0.212412E+02
 0.220639E+01 -.343829E+01 -.188599E+01 -.147860E+01 0.216432E+02
 0.220491E+01 -.346104E+01 -.188963E+01 -.150764E+01 0.225336E+02
 0.220000E+01 -.345947E+01 -.189408E+01 -.144700E+01 0.237101E+02
 0.220000E+01 -.343302E+01 -.189610E+01 -.150790E+01 0.213119E+02
 0.221710E+01 -.344245E+01 -.188137E+01 -.153600E+01 0.214906E+02
 0.220000E+01 -.343236E+01 -.189063E+01 -.151328E+01 0.212949E+02
 0.220347E+01 -.343621E+01 -.189337E+01 -.150842E+01 0.212586E+02
 0.220454E+01 -.344518E+01 -.179366E+01 -.150751E+01 0.284058E+02
 0.222536E+01 -.341691E+01 -.188973E+01 -.151674E+01 0.221194E+02
 0.220427E+01 -.343630E+01 -.188709E+01 -.150970E+01 0.212191E+02
 0.220419E+01 -.343243E+01 -.188702E+01 -.149490E+01 0.213215E+02
 0.222926E+01 -.342583E+01 -.188579E+01 -.150678E+01 0.214735E+02
 0.220466E+01 -.343476E+01 -.188638E+01 -.151288E+01 0.212306E+02
 0.220482E+01 -.343640E+01 -.188664E+01 -.150864E+01 0.212175E+02
 0.220000E+01 -.343485E+01 -.188626E+01 -.150906E+01 0.212226E+02
 0.220000E+01 -.343490E+01 -.188682E+01 -.151939E+01 0.212781E+02
 0.220270E+01 -.343771E+01 -.188907E+01 -.151155E+01 0.212442E+02
 0.221762E+01 -.343557E+01 -.187843E+01 -.152106E+01 0.212464E+02
 0.220966E+01 -.344510E+01 -.189980E+01 -.145515E+01 0.221243E+02
 0.275421E+01 -.347321E+01 -.186505E+01 -.155640E+01 0.243693E+02
 0.221966E+01 -.340569E+01 -.185872E+01 -.150729E+01 0.242857E+02
 0.220150E+01 -.343056E+01 -.189177E+01 -.150929E+01 0.213113E+02
 0.220433E+01 -.343424E+01 -.189387E+01 -.151164E+01 0.212996E+02
 0.220905E+01 -.343712E+01 -.204416E+01 -.136907E+01 0.267681E+02
 0.225476E+01 -.347899E+01 -.185232E+01 -.152455E+01 0.252770E+02
 0.222204E+01 -.343683E+01 -.178272E+01 -.154235E+01 0.272470E+02
 0.220377E+01 -.347549E+01 -.190894E+01 -.150866E+01 0.250185E+02
 0.220000E+01 -.344360E+01 -.188366E+01 -.152817E+01 0.214481E+02
 0.220294E+01 -.343672E+01 -.189757E+01 -.150525E+01 0.212952E+02
 0.221404E+01 -.348417E+01 -.191818E+01 -.151442E+01 0.272900E+02
 0.220000E+01 -.343001E+01 -.189375E+01 -.151867E+01 0.214591E+02
 0.222478E+01 -.343280E+01 -.187511E+01 -.158539E+01 0.226613E+02
 0.220406E+01 -.343428E+01 -.182340E+01 -.151006E+01 0.245065E+02
 0.220419E+01 -.343627E+01 -.188652E+01 -.151060E+01 0.212195E+02
 0.220515E+01 -.343612E+01 -.188455E+01 -.151046E+01 0.212190E+02
 0.220482E+01 -.343822E+01 -.188640E+01 -.151168E+01 0.212311E+02
 0.221159E+01 -.343727E+01 -.187147E+01 -.151814E+01 0.213098E+02
 0.220882E+01 -.343601E+01 -.197381E+01 -.150787E+01 0.281640E+02
 0.220282E+01 -.343410E+01 -.190435E+01 -.151047E+01 0.215379E+02
 0.221715E+01 -.344548E+01 -.180754E+01 -.151706E+01 0.258292E+02
 0.227624E+01 -.345776E+01 -.188637E+01 -.149475E+01 0.222968E+02
 0.221041E+01 -.343556E+01 -.187885E+01 -.150775E+01 0.212790E+02
 0.220000E+01 -.343644E+01 -.188449E+01 -.150355E+01 0.212400E+02
 0.221033E+01 -.343818E+01 -.189375E+01 -.150843E+01 0.212755E+02
 0.221270E+01 -.343760E+01 -.188665E+01 -.150840E+01 0.212235E+02
 0.235190E+01 -.343736E+01 -.188680E+01 -.152389E+01 0.213571E+02
 0.221114E+01 -.344892E+01 -.182252E+01 -.151744E+01 0.243177E+02
 0.220789E+01 -.341733E+01 -.190143E+01 -.150602E+01 0.221231E+02
 0.220745E+01 -.341189E+01 -.188182E+01 -.150493E+01 0.226442E+02
 0.221122E+01 -.343668E+01 -.195630E+01 -.149496E+01 0.247048E+02
 0.223399E+01 -.342159E+01 -.188053E+01 -.151213E+01 0.217435E+02
 0.221287E+01 -.343353E+01 -.188598E+01 -.154585E+01 0.217632E+02
 0.221966E+01 -.342952E+01 -.187537E+01 -.155249E+01 0.217114E+02
 0.220704E+01 -.343200E+01 -.188646E+01 -.150923E+01 0.212574E+02
 0.270809E+01 -.344102E+01 -.191890E+01 -.150084E+01 0.220191E+02
 0.237039E+01 -.343125E+01 -.180470E+01 -.151986E+01 0.262425E+02
 0.221975E+01 -.340327E+01 -.189820E+01 -.148526E+01 0.237440E+02
 0.256037E+01 -.342372E+01 -.185886E+01 -.152193E+01 0.221205E+02
 0.221222E+01 -.340273E+01 -.190154E+01 -.148868E+01 0.237783E+02
 0.220554E+01 -.343576E+01 -.187709E+01 -.147282E+01 0.222379E+02
 0.223369E+01 -.343641E+01 -.191916E+01 -.150500E+01 0.220612E+02
 0.220919E+01 -.343489E+01 -.192505E+01 -.151019E+01 0.226165E+02
 0.233018E+01 -.348375E+01 -.184990E+01 -.156109E+01 0.259461E+02
 0.220000E+01 -.341935E+01 -.188032E+01 -.148488E+01 0.223319E+02
 0.222600E+01 -.342558E+01 -.189484E+01 -.157065E+01 0.234445E+02
 0.220909E+01 -.343685E+01 -.187300E+01 -.151085E+01 0.213466E+02
 0.220958E+01 -.341459E+01 -.189107E+01 -.150429E+01 0.222693E+02
 0.221884E+01 -.343504E+01 -.192996E+01 -.145552E+01 0.216422E+02
 0.220783E+01 -.343645E+01 -.190551E+01 -.151499E+01 0.216879E+02
 0.258718E+01 -.342799E+01 -.181308E+01 -.148025E+01 0.287988E+02
 0.222841E+01 -.343917E+01 -.192790E+01 -.148506E+01 0.219798E+02
 0.221731E+01 -.342384E+01 -.190589E+01 -.149511E+01 0.216528E+02
 0.220000E+01 -.343683E+01 -.188602E+01 -.150403E+01 0.212286E+02
 0.220661E+01 -.346029E+01 -.188877E+01 -.150819E+01 0.224560E+02
 0.221032E+01 -.349297E+01 -.188935E+01 -.153102E+01 0.279746E+02
 0.225817E+01 -.342038E+01 -.195551E+01 -.150892E+01 0.258769E+02
 0.222816E+01 -.343150E+01 -.188132E+01 -.152419E+01 0.213221E+02
 0.220622E+01 -.343140E+01 -.189264E+01 -.162072E+01 0.261023E+02
 0.220327E+01 -.343650E+01 -.190120E+01 -.150967E+01 0.214298E+02
 0.220859E+01 -.344427E+01 -.180048E+01 -.152018E+01 0.264457E+02
 0.220657E+01 -.344175E+01 -.188905E+01 -.152203E+01 0.214126E+02
 0.220000E+01 -.343624E+01 -.188762E+01 -.151185E+01 0.212295E+02
 0.220000E+01 -.343697E+01 -.188793E+01 -.154443E+01 0.217918E+02
 0.224215E+01 -.342209E+01 -.188697E+01 -.150831E+01 0.216755E+02
 0.220873E+01 -.343529E+01 -.188707E+01 -.149776E+01 0.212627E+02
 0.220706E+01 -.343673E+01 -.188658E+01 -.150910E+01 0.212217E+02
 0.221387E+01 -.343224E+01 -.188703E+01 -.151207E+01 0.212618E+02
 0.220050E+01 -.342997E+01 -.188578E+01 -.151815E+01 0.213392E+02
 0.220640E+01 -.343674E+01 -.188155E+01 -.149574E+01 0.213755E+02
 0.221583E+01 -.343404E+01 -.185176E+01 -.151958E+01 0.219547E+02
 0.220268E+01 -.342276E+01 -.189598E+01 -.153252E+01 0.221338E+02
 0.222051E+01 -.347509E+01 -.190112E+01 -.150993E+01 0.246531E+02
 0.220116E+01 -.343416E+01 -.187775E+01 -.150464E+01 0.213370E+02
 0.220289E+01 -.343586E+01 -.188926E+01 -.151087E+01 0.212359E+02
 0.220000E+01 -.342681E+01 -.183192E+01 -.153300E+01 0.229953E+02
 0.220000E+01 -.344494E+01 -.188854E+01 -.150672E+01 0.213868E+02
 0.220369E+01 -.342072E+01 -.186431E+01 -.147090E+01 0.238220E+02
 0.220704E+01 -.346335E+01 -.188092E+01 -.154287E+01 0.230703E+02
 0.220135E+01 -.343613E+01 -.188549E+01 -.150956E+01 0.212188E+02
 0.220000E+01 -.339836E+01 -.189154E+01 -.151471E+01 0.245911E+02
 0.222107E+01 -.344540E+01 -.190811E+01 -.151879E+01 0.221476E+02
 0.220213E+01 -.343908E+01 -.189820E+01 -.139009E+01 0.275485E+02
 0.220345E+01 -.343621E+01 -.188660E+01 -.150720E+01 0.212191E+02
 0.220442E+01 -.343548E+01 -.189026E+01 -.150967E+01 0.212362E+02
 0.220735E+01 -.343514E+01 -.188702E+01 -.149347E+01 0.213110E+02
 0.220660E+01 -.343741E+01 -.190506E+01 -.151953E+01 0.218050E+02
 0.221551E+01 -.343703E+01 -.195171E+01 -.150792E+01 0.250659E+02
 0.220427E+01 -.344035E+01 -.188422E+01 -.151329E+01 0.212582E+02
 0.221767E+01 -.345254E+01 -.191360E+01 -.152403E+01 0.230886E+02
 0.220000E+01 -.344882E+01 -.188633E+01 -.152186E+01 0.216378E+02
 0.220368E+01 -.343801E+01 -.188076E+01 -.151731E+01 0.212330E+02
 0.268453E+01 -.347504E+01 -.186742E+01 -.148056E+01 0.255727E+02
 0.220000E+01 -.341447E+01 -.187276E+01 -.162525E+01 0.254920E+02
 0.221784E+01 -.343603E+01 -.188408E+01 -.151070E+01 0.212231E+02
 0.220912E+01 -.343413E+01 -.189050E+01 -.150862E+01 0.212405E+02
 0.220055E+01 -.343587E+01 -.188662E+01 -.150789E+01 0.212186E+02
 0.244863E+01 -.343354E+01 -.185175E+01 -.145292E+01 0.260404E+02
 0.220692E+01 -.339799E+01 -.188394E+01 -.152330E+01 0.247074E+02
 0.220901E+01 -.344790E+01 -.188793E+01 -.150821E+01 0.215145E+02
 0.220494E+01 -.343671E+01 -.186335E+01 -.150853E+01 0.216782E+02
 0.220901E+01 -.343608E+01 -.190501E+01 -.161240E+01 0.269855E+02
 0.225304E+01 -.342653E+01 -.188227E+01 -.150816E+01 0.214689E+02
 0.220294E+01 -.343595E+01 -.188620E+01 -.154490E+01 0.217383E+02
 0.220000E+01 -.343255E+01 -.187992E+01 -.144281E+01 0.238953E+02
 0.220504E+01 -.343259E+01 -.188686E+01 -.150986E+01 0.212479E+02
 0.270400E+01 -.343140E+01 -.184851E+01 -.148391E+01 0.240219E+02
 0.220000E+01 -.346951E+01 -.193610E+01 -.147798E+01 0.247845E+02
 0.220000E+01 -.346514E+01 -.189111E+01 -.149271E+01 0.230230E+02
 0.220000E+01 -.342411E+01 -.186137E+01 -.152678E+01 0.218326E+02
 0.255858E+01 -.343429E+01 -.193137E+01 -.157832E+01 0.278262E+02
 0.220067E+01 -.340800E+01 -.188165E+01 -.158518E+01 0.248011E+02
 0.223984E+01 -.342478E+01 -.190469E+01 -.150875E+01 0.217700E+02
 0.224851E+01 -.345785E+01 -.194988E+01 -.150897E+01 0.261804E+02
 0.220823E+01 -.343712E+01 -.191693E+01 -.150970E+01 0.220938E+02
 0.220721E+01 -.342161E+01 -.196834E+01 -.151579E+01 0.282335E+02
 0.221216E+01 -.343971E+01 -.192828E+01 -.153614E+01 0.243597E+02
 0.220000E+01 -.347127E+01 -.188823E+01 -.152024E+01 0.238647E+02
 0.220673E+01 -.343174E+01 -.188323E+01 -.151088E+01 0.212720E+02
 0.220000E+01 -.342587E+01 -.188181E+01 -.151167E+01 0.214755E+02
 0.221781E+01 -.347525E+01 -.185824E+01 -.155071E+01 0.243999E+02
 0.220000E+01 -.342946E+01 -.198554E+01 -.142538E+01 0.237997E+02
 0.220547E+01 -.343634E+01 -.192410E+01 -.150600E+01 0.223986E+02
 0.220000E+01 -.343746E+01 -.193486E+01 -.153231E+01 0.248031E+02
 0.220000E+01 -.344709E+01 -.190909E+01 -.140020E+01 0.254154E+02
 0.222106E+01 -.343850E+01 -.189169E+01 -.150585E+01 0.212461E+02
 0.220628E+01 -.343482E+01 -.188626E+01 -.152727E+01 0.213682E+02
 0.220111E+01 -.343926E+01 -.188236E+01 -.150897E+01 0.212483E+02
 0.220711E+01 -.342957E+01 -.188358E+01 -.157094E+01 0.225951E+02
 0.220704E+01 -.342200E+01 -.186355E+01 -.150891E+01 0.221947E+02
 0.221152E+01 -.343226E+01 -.188871E+01 -.147985E+01 0.215609E+02
 0.220000E+01 -.343257E+01 -.188735E+01 -.163042E+01 0.261644E+02
 0.220408E+01 -.343620E+01 -.187150E+01 -.150883E+01 0.214073E+02
 0.222318E+01 -.343418E+01 -.192929E+01 -.152679E+01 0.238165E+02
 0.220000E+01 -.346134E+01 -.188639E+01 -.152102E+01 0.226214E+02
 0.220791E+01 -.343623E+01 -.188717E+01 -.150641E+01 0.212214E+02
 0.220760E+01 -.343830E+01 -.188709E+01 -.148221E+01 0.215171E+02
 0.220000E+01 -.344198E+01 -.188746E+01 -.150962E+01 0.212947E+02
 0.220524E+01 -.343695E+01 -.188758E+01 -.150843E+01 0.212197E+02
 0.220371E+01 -.343683E+01 -.188657E+01 -.150892E+01 0.212180E+02
 0.222233E+01 -.343862E+01 -.188760E+01 -.150701E+01 0.212346E+02
 0.220433E+01 -.344276E+01 -.189193E+01 -.150348E+01 0.213236E+02
 0.221086E+01 -.343552E+01 -.188953E+01 -.150949E+01 0.212310E+02
 0.221439E+01 -.343629E+01 -.191141E+01 -.150678E+01 0.217295E+02
 0.220000E+01 -.341162E+01 -.189889E+01 -.154514E+01 0.236264E+02
 0.220000E+01 -.346027E+01 -.191860E+01 -.151139E+01 0.236316E+02
 0.221504E+01 -.340853E+01 -.188543E+01 -.154230E+01 0.233811E+02
 0.220320E+01 -.343934E+01 -.187318E+01 -.150389E+01 0.214534E+02
 0.220599E+01 -.343754E+01 -.188331E+01 -.150639E+01 0.212376E+02
 0.221020E+01 -.349741E+01 -.186588E+01 -.155417E+01 0.287198E+02
 0.221549E+01 -.344628E+01 -.185567E+01 -.155693E+01 0.216730E+02
 0.221678E+01 -.344277E+01 -.197142E+01 -.147845E+01 0.255597E+02
 0.226987E+01 -.338820E+01 -.186707E+01 -.151423E+01 0.271867E+02
 0.220437E+01 -.342501E+01 -.181293E+01 -.151074E+01 0.260456E+02
 0.220361E+01 -.343470E+01 -.188453E+01 -.150669E+01 0.212309E+02
 0.220277E+01 -.343578E+01 -.187683E+01 -.151221E+01 0.212704E+02
 0.222614E+01 -.342438E+01 -.187778E+01 -.150986E+01 0.216215E+02
 0.220000E+01 -.343405E+01 -.189765E+01 -.138988E+01 0.276469E+02
 0.220363E+01 -.343627E+01 -.188664E+01 -.150682E+01 0.212176E+02
 0.220145E+01 -.343707E+01 -.188499E+01 -.150703E+01 0.212243E+02
 0.220690E+01 -.343585E+01 -.188556E+01 -.149771E+01 0.212805E+02
 0.220266E+01 -.343640E+01 -.189191E+01 -.150513E+01 0.212294E+02
 0.221225E+01 -.343694E+01 -.188473E+01 -.151564E+01 0.212324E+02
 0.223692E+01 -.342994E+01 -.182257E+01 -.162874E+01 0.228703E+02
 0.220452E+01 -.344394E+01 -.186834E+01 -.150882E+01 0.215956E+02
 0.220082E+01 -.344764E+01 -.197074E+01 -.151287E+01 0.286605E+02
 0.223542E+01 -.340868E+01 -.188653E+01 -.152819E+01 0.231130E+02
 0.220000E+01 -.343809E+01 -.188835E+01 -.152255E+01 0.213433E+02
 0.221264E+01 -.343584E+01 -.188463E+01 -.151665E+01 0.212375E+02
 0.220403E+01 -.343191E+01 -.188484E+01 -.150798E+01 0.212633E+02
 0.220000E+01 -.343476E+01 -.188656E+01 -.150861E+01 0.212230E+02
 0.231459E+01 -.343578E+01 -.188698E+01 -.142253E+01 0.250828E+02
 0.220160E+01 -.346102E+01 -.188932E+01 -.150960E+01 0.225386E+02
 0.220414E+01 -.347259E+01 -.189074E+01 -.150252E+01 0.239729E+02
 0.220000E+01 -.343602E+01 -.186604E+01 -.145897E+01 0.238336E+02
 0.224662E+01 -.343819E+01 -.188021E+01 -.150935E+01 0.212688E+02
 0.220000E+01 -.343736E+01 -.188681E+01 -.146859E+01 0.219378E+02
 0.221568E+01 -.342849E+01 -.189197E+01 -.145814E+01 0.222832E+02
 0.220094E+01 -.343685E+01 -.188699E+01 -.151000E+01 0.212221E+02
 0.261084E+01 -.343017E+01 -.186446E+01 -.149258E+01 0.223815E+02
 0.241509E+01 -.347642E+01 -.186544E+01 -.156972E+01 0.250593E+02
 0.222937E+01 -.347957E+01 -.188894E+01 -.151599E+01 0.251253E+02
 0.245449E+01 -.344470E+01 -.191758E+01 -.151324E+01 0.224681E+02
 0.220540E+01 -.345627E+01 -.188110E+01 -.151676E+01 0.220616E+02
 0.220551E+01 -.341164E+01 -.187937E+01 -.160210E+01 0.250328E+02
 0.220000E+01 -.342992E+01 -.187207E+01 -.151026E+01 0.214813E+02
 0.220211E+01 -.343910E+01 -.183977E+01 -.150794E+01 0.230934E+02
 0.220000E+01 -.343910E+01 -.191076E+01 -.156732E+01 0.245076E+02
 0.220266E+01 -.341944E+01 -.183236E+01 -.151093E+01 0.244157E+02
 0.220806E+01 -.343679E+01 -.193207E+01 -.154362E+01 0.252402E+02
 0.221798E+01 -.344173E+01 -.188005E+01 -.147244E+01 0.221523E+02
 0.220481E+01 -.343092E+01 -.189625E+01 -.151018E+01 0.213715E+02
 0.220084E+01 -.343993E+01 -.184911E+01 -.152336E+01 0.219580E+02
 0.221482E+01 -.344844E+01 -.187659E+01 -.150870E+01 0.215979E+02
 0.222241E+01 -.342971E+01 -.198402E+01 -.148782E+01 0.278536E+02
 0.220477E+01 -.343642E+01 -.192903E+01 -.150313E+01 0.226228E+02
 0.220176E+01 -.342736E+01 -.192380E+01 -.140079E+01 0.241035E+02
 0.224839E+01 -.342505E+01 -.182782E+01 -.154263E+01 0.231259E+02
 0.259217E+01 -.344951E+01 -.193613E+01 -.143478E+01 0.224457E+02
 0.222199E+01 -.344582E+01 -.187507E+01 -.150538E+01 0.215532E+02
 0.220161E+01 -.343659E+01 -.188679E+01 -.152232E+01 0.213065E+02
 0.228873E+01 -.342259E+01 -.181040E+01 -.177063E+01 0.283554E+02
 0.220000E+01 -.341773E+01 -.188325E+01 -.150872E+01 0.220130E+02
 0.220300E+01 -.339174E+01 -.188678E+01 -.147052E+01 0.266143E+02
 0.220000E+01 -.345413E+01 -.180463E+01 -.150806E+01 0.271996E+02
 0.220000E+01 -.344339E+01 -.187900E+01 -.149110E+01 0.216265E+02
 0.220618E+01 -.343637E+01 -.188316E+01 -.152660E+01 0.213069E+02
 0.220955E+01 -.343549E+01 -.187673E+01 -.150804E+01 0.213107E+02
 0.221597E+01 -.343389E+01 -.194898E+01 -.151060E+01 0.248908E+02
 0.222252E+01 -.343599E+01 -.188793E+01 -.151179E+01 0.212363E+02
 0.220911E+01 -.343628E+01 -.188611E+01 -.150413E+01 0.212280E+02
 0.220355E+01 -.343120E+01 -.188489E+01 -.146872E+01 0.220849E+02
 0.223553E+01 -.345241E+01 -.188701E+01 -.150947E+01 0.217858E+02
 0.220089E+01 -.343815E+01 -.188735E+01 -.151710E+01 0.212697E+02
 0.220207E+01 -.343580E+01 -.188666E+01 -.150837E+01 0.212194E+02
 0.220000E+01 -.343833E+01 -.188696E+01 -.150430E+01 0.212323E+02
 0.220123E+01 -.344837E+01 -.189255E+01 -.149953E+01 0.215551E+02
 0.220390E+01 -.343475E+01 -.189503E+01 -.150916E+01 0.212904E+02
 0.220373E+01 -.343720E+01 -.190338E+01 -.151021E+01 0.215135E+02
 0.220443E+01 -.344076E+01 -.190242E+01 -.150698E+01 0.214796E+02
 0.221936E+01 -.341847E+01 -.187786E+01 -.150657E+01 0.220583E+02
 0.220479E+01 -.343834E+01 -.188609E+01 -.151169E+01 0.212329E+02
 0.220657E+01 -.343768E+01 -.188807E+01 -.150692E+01 0.212261E+02
 0.221291E+01 -.344925E+01 -.188373E+01 -.149305E+01 0.217235E+02
 0.220000E+01 -.339742E+01 -.183529E+01 -.149429E+01 0.282982E+02
 0.221264E+01 -.343977E+01 -.197109E+01 -.148362E+01 0.257774E+02
 0.220000E+01 -.348630E+01 -.188794E+01 -.152614E+01 0.264690E+02
 0.220389E+01 -.345748E+01 -.189953E+01 -.149823E+01 0.222762E+02
 0.220058E+01 -.341301E+01 -.188874E+01 -.147992E+01 0.227605E+02
 0.220264E+01 -.347075E+01 -.182720E+01 -.163169E+01 0.249245E+02
 0.220260E+01 -.343606E+01 -.188414E+01 -.151145E+01 0.212199E+02
 0.220000E+01 -.339920E+01 -.185714E+01 -.149860E+01 0.257819E+02
 0.221283E+01 -.342030E+01 -.188747E+01 -.150342E+01 0.217963E+02
 0.222262E+01 -.343074E+01 -.187616E+01 -.150000E+01 0.215210E+02
 0.220420E+01 -.342701E+01 -.196795E+01 -.150668E+01 0.271601E+02
 0.220351E+01 -.343613E+01 -.188654E+01 -.150931E+01 0.212176E+02
 0.220267E+01 -.343804E+01 -.188284E+01 -.150678E+01 0.212431E+02
 0.220514E+01 -.343872E+01 -.188442E+01 -.151969E+01 0.212648E+02
 0.220040E+01 -.343544E+01 -.187622E+01 -.149737E+01 0.214824E+02
 0.220000E+01 -.341046E+01 -.196993E+01 -.145772E+01 0.249723E+02
 0.220633E+01 -.343666E+01 -.183296E+01 -.151736E+01 0.232109E+02
 0.220424E+01 -.344372E+01 -.187263E+01 -.150816E+01 0.214883E+02
 0.220000E+01 -.343655E+01 -.197549E+01 -.149972E+01 0.276936E+02
 0.223333E+01 -.342766E+01 -.184153E+01 -.162354E+01 0.229541E+02
 0.221731E+01 -.342288E+01 -.188652E+01 -.150267E+01 0.216393E+02
 0.220993E+01 -.343587E+01 -.189223E+01 -.151123E+01 0.212669E+02
 0.220152E+01 -.345765E+01 -.190187E+01 -.146677E+01 0.225360E+02
 0.220000E+01 -.343652E+01 -.188531E+01 -.151483E+01 0.212305E+02
 0.220000E+01 -.343213E+01 -.189171E+01 -.156073E+01 0.225775E+02
 0.220011E+01 -.343527E+01 -.188461E+01 -.150810E+01 0.212237E+02
 0.220704E+01 -.343573E+01 -.188653E+01 -.150856E+01 0.212213E+02
 0.226365E+01 -.343718E+01 -.188583E+01 -.158051E+01 0.230724E+02
 0.221037E+01 -.341268E+01 -.181400E+01 -.151764E+01 0.266704E+02
 0.220000E+01 -.341987E+01 -.193547E+01 -.145075E+01 0.222080E+02
 0.220278E+01 -.342784E+01 -.188681E+01 -.150478E+01 0.213781E+02
 0.220953E+01 -.343552E+01 -.190575E+01 -.151798E+01 0.217743E+02
 0.221635E+01 -.343634E+01 -.193906E+01 -.135009E+01 0.285092E+02
 0.223239E+01 -.344695E+01 -.188786E+01 -.151004E+01 0.214808E+02
 0.221382E+01 -.343697E+01 -.188683E+01 -.149620E+01 0.212798E+02
 0.222547E+01 -.343247E+01 -.188900E+01 -.152977E+01 0.214945E+02
 0.220233E+01 -.343980E+01 -.188652E+01 -.150969E+01 0.212466E+02
 0.246473E+01 -.343504E+01 -.191208E+01 -.151112E+01 0.218855E+02
 0.229634E+01 -.343028E+01 -.175892E+01 -.159217E+01 0.279807E+02
 0.224190E+01 -.342555E+01 -.189442E+01 -.151546E+01 0.215941E+02
 0.249596E+01 -.345543E+01 -.188604E+01 -.149729E+01 0.221445E+02
 0.220763E+01 -.343802E+01 -.188043E+01 -.148200E+01 0.217395E+02
 0.225923E+01 -.343683E+01 -.187181E+01 -.150530E+01 0.214801E+02
 0.226153E+01 -.344244E+01 -.189786E+01 -.150851E+01 0.214478E+02
 0.220544E+01 -.343964E+01 -.181697E+01 -.150859E+01 0.252343E+02
 0.220000E+01 -.343142E+01 -.180025E+01 -.149820E+01 0.284345E+02
 0.220508E+01 -.343443E+01 -.188114E+01 -.150424E+01 0.212827E+02
 0.220120E+01 -.348493E+01 -.187013E+01 -.152326E+01 0.259487E+02
 0.222950E+01 -.341310E+01 -.187586E+01 -.145051E+01 0.249724E+02
 0.220230E+01 -.343857E+01 -.188538E+01 -.150814E+01 0.212317E+02
 0.222311E+01 -.344892E+01 -.187849E+01 -.150622E+01 0.216247E+02
 0.220848E+01 -.345791E+01 -.188757E+01 -.151598E+01 0.222606E+02
 0.220985E+01 -.343345E+01 -.188066E+01 -.153353E+01 0.213751E+02
 0.220585E+01 -.343651E+01 -.192547E+01 -.150456E+01 0.224265E+02
 0.220404E+01 -.344121E+01 -.179001E+01 -.151508E+01 0.282359E+02
 0.223420E+01 -.342092E+01 -.181407E+01 -.154768E+01 0.243338E+02
 0.280930E+01 -.344195E+01 -.188915E+01 -.152840E+01 0.216031E+02
 0.222810E+01 -.344010E+01 -.188609E+01 -.150330E+01 0.212698E+02
 0.220000E+01 -.343759E+01 -.188640E+01 -.150454E+01 0.212270E+02
 0.220361E+01 -.342848E+01 -.188605E+01 -.150844E+01 0.213519E+02
 0.220000E+01 -.340733E+01 -.189305E+01 -.144567E+01 0.246762E+02
 0.222284E+01 -.343334E+01 -.188239E+01 -.150780E+01 0.212635E+02
 0.222533E+01 -.344216E+01 -.187585E+01 -.152998E+01 0.213506E+02
 0.220089E+01 -.343785E+01 -.189093E+01 -.142663E+01 0.242574E+02
 0.221104E+01 -.343571E+01 -.189931E+01 -.150790E+01 0.213545E+02
 0.220487E+01 -.343798E+01 -.182468E+01 -.150287E+01 0.247779E+02
 0.222439E+01 -.341595E+01 -.188760E+01 -.150276E+01 0.221648E+02
 0.220228E+01 -.343635E+01 -.188569E+01 -.151070E+01 0.212189E+02
 0.220000E+01 -.343291E+01 -.188599E+01 -.153894E+01 0.215974E+02
 0.221043E+01 -.343197E+01 -.188610E+01 -.150843E+01 0.212600E+02
 0.220254E+01 -.343515E+01 -.188669E+01 -.151244E+01 0.212298E+02
 0.220236E+01 -.343605E+01 -.188661E+01 -.150796E+01 0.212177E+02
 0.223553E+01 -.343590E+01 -.188633E+01 -.150817E+01 0.212261E+02
 0.220039E+01 -.344639E+01 -.188555E+01 -.150453E+01 0.214478E+02
 0.220294E+01 -.343708E+01 -.189177E+01 -.150188E+01 0.212271E+02
 0.220166E+01 -.343595E+01 -.184522E+01 -.152511E+01 0.221108E+02
 0.220580E+01 -.345293E+01 -.188341E+01 -.146772E+01 0.226896E+02
 0.221463E+01 -.342551E+01 -.185890E+01 -.150583E+01 0.222807E+02
 0.220472E+01 -.343509E+01 -.189702E+01 -.151730E+01 0.214455E+02
 0.220310E+01 -.343659E+01 -.189181E+01 -.150883E+01 0.212481E+02
 0.220944E+01 -.340144E+01 -.190125E+01 -.144445E+01 0.251409E+02
 0.222144E+01 -.346503E+01 -.191269E+01 -.150731E+01 0.236927E+02
 0.220000E+01 -.343876E+01 -.181166E+01 -.151333E+01 0.255270E+02
 0.226022E+01 -.344863E+01 -.189270E+01 -.153580E+01 0.221006E+02
 0.220666E+01 -.343300E+01 -.196080E+01 -.152450E+01 0.276178E+02
 0.220042E+01 -.340455E+01 -.188909E+01 -.147255E+01 0.240596E+02
 0.220083E+01 -.343663E+01 -.189260E+01 -.150458E+01 0.212340E+02
 0.220599E+01 -.349333E+01 -.188676E+01 -.150506E+01 0.276984E+02
 0.220000E+01 -.343258E+01 -.190130E+01 -.152742E+01 0.218713E+02
 0.221264E+01 -.343113E+01 -.186628E+01 -.159904E+01 0.227979E+02
 0.220386E+01 -.343623E+01 -.188651E+01 -.151007E+01 0.212184E+02
 0.220373E+01 -.343471E+01 -.188412E+01 -.150830E+01 0.212283E+02
 0.220374E+01 -.343735E+01 -.188630E+01 -.152442E+01 0.213241E+02
 0.220040E+01 -.343606E+01 -.188113E+01 -.151043E+01 0.212341E+02
 0.220142E+01 -.343648E+01 -.186330E+01 -.151278E+01 0.215867E+02
 0.223346E+01 -.343285E+01 -.176661E+01 -.155673E+01 0.286869E+02
 0.220293E+01 -.343264E+01 -.189045E+01 -.150961E+01 0.212637E+02
 0.222154E+01 -.344017E+01 -.180927E+01 -.151375E+01 0.258153E+02
 0.220000E+01 -.345308E+01 -.188631E+01 -.149331E+01 0.219135E+02
 0.220662E+01 -.343486E+01 -.187774E+01 -.150199E+01 0.213692E+02
 0.246397E+01 -.339160E+01 -.186298E+01 -.158358E+01 0.269526E+02
 0.220554E+01 -.347965E+01 -.188633E+01 -.160130E+01 0.281485E+02
 0.220917E+01 -.343667E+01 -.188559E+01 -.151127E+01 0.212205E+02
 0.220000E+01 -.343818E+01 -.188728E+01 -.150851E+01 0.212277E+02
 0.220982E+01 -.343736E+01 -.188666E+01 -.150809E+01 0.212218E+02
 0.227524E+01 -.343735E+01 -.188668E+01 -.164332E+01 0.269834E+02
 0.220244E+01 -.339882E+01 -.188358E+01 -.151085E+01 0.245177E+02
 0.220639E+01 -.344098E+01 -.179516E+01 -.151491E+01 0.275125E+02
 0.220625E+01 -.343684E+01 -.191972E+01 -.157947E+01 0.263883E+02
 0.223143E+01 -.344721E+01 -.189025E+01 -.150863E+01 0.215054E+02
 0.221235E+01 -.343556E+01 -.188632E+01 -.153068E+01 0.214178E+02
 0.222197E+01 -.344118E+01 -.188502E+01 -.157090E+01 0.226466E+02
 0.220578E+01 -.343662E+01 -.188643E+01 -.150905E+01 0.212184E+02
 0.220000E+01 -.343775E+01 -.190448E+01 -.153091E+01 0.221432E+02
 0.224927E+01 -.343220E+01 -.182495E+01 -.149532E+01 0.254294E+02
 0.220000E+01 -.340665E+01 -.188939E+01 -.149687E+01 0.232584E+02
 0.220000E+01 -.345096E+01 -.185718E+01 -.148754E+01 0.231508E+02
 0.261528E+01 -.343561E+01 -.187421E+01 -.149280E+01 0.217972E+02
 0.220812E+01 -.345776E+01 -.188144E+01 -.141697E+01 0.270453E+02
 0.227354E+01 -.343884E+01 -.188826E+01 -.150685E+01 0.212549E+02
 0.220989E+01 -.343879E+01 -.192372E+01 -.150935E+01 0.225320E+02
 0.220750E+01 -.342496E+01 -.191516E+01 -.152784E+01 0.228847E+02
 0.220455E+01 -.344014E+01 -.195986E+01 -.150089E+01 0.256508E+02
 0.220074E+01 -.343512E+01 -.184131E+01 -.147637E+01 0.249516E+02
 0.220000E+01 -.340691E+01 -.188146E+01 -.147972E+01 0.238148E+02
 0.220054E+01 -.344266E+01 -.187812E+01 -.150718E+01 0.213682E+02
 0.220000E+01 -.342592E+01 -.189071E+01 -.150899E+01 0.214633E+02
 0.220000E+01 -.343966E+01 -.180052E+01 -.154980E+01 0.246748E+02
 0.220651E+01 -.343635E+01 -.188422E+01 -.150968E+01 0.212229E+02
 0.220105E+01 -.344468E+01 -.191802E+01 -.158599E+01 0.268899E+02
 0.223016E+01 -.339585E+01 -.187611E+01 -.150823E+01 0.252671E+02
 0.220000E+01 -.343174E+01 -.187152E+01 -.149936E+01 0.216474E+02
 0.220000E+01 -.343510E+01 -.185076E+01 -.158029E+01 0.217971E+02
 0.223285E+01 -.342540E+01 -.190567E+01 -.150442E+01 0.216921E+02
 0.220634E+01 -.343659E+01 -.188605E+01 -.149544E+01 0.212978E+02
 0.220167E+01 -.345133E+01 -.188757E+01 -.150868E+01 0.217121E+02
 0.220608E+01 -.348439E+01 -.188867E+01 -.146972E+01 0.264596E+02
 0.221846E+01 -.341954E+01 -.194524E+01 -.150775E+01 0.247041E+02
 0.221828E+01 -.342798E+01 -.189038E+01 -.151824E+01 0.214554E+02
 0.220000E+01 -.342973E+01 -.189585E+01 -.154583E+01 0.222763E+02
 0.220436E+01 -.343654E+01 -.190156E+01 -.150847E+01 0.214202E+02
 0.221164E+01 -.344380E+01 -.183051E+01 -.152208E+01 0.232477E+02
 0.221047E+01 -.343970E+01 -.188668E+01 -.151438E+01 0.212623E+02
 0.220000E+01 -.343636E+01 -.188654E+01 -.151397E+01 0.212330E+02
 0.220406E+01 -.343636E+01 -.188699E+01 -.150878E+01 0.212178E+02
 0.220000E+01 -.342501E+01 -.188569E+01 -.150785E+01 0.215021E+02
 0.220811E+01 -.343546E+01 -.188634E+01 -.150271E+01 0.212340E+02
 0.220387E+01 -.343644E+01 -.188660E+01 -.150868E+01 0.212192E+02
 0.222733E+01 -.343364E+01 -.188624E+01 -.151128E+01 0.212425E+02
 0.220347E+01 -.343613E+01 -.188247E+01 -.151468E+01 0.212229E+02
 0.220965E+01 -.343757E+01 -.188556E+01 -.150323E+01 0.212390E+02
 0.220424E+01 -.343525E+01 -.183958E+01 -.151370E+01 0.228718E+02
 0.220000E+01 -.344397E+01 -.189061E+01 -.149201E+01 0.214094E+02
 0.221637E+01 -.341157E+01 -.188354E+01 -.151123E+01 0.226387E+02
 0.229028E+01 -.346596E+01 -.183537E+01 -.169857E+01 0.273216E+02
 0.220000E+01 -.343523E+01 -.187546E+01 -.150928E+01 0.213177E+02
 0.220418E+01 -.343761E+01 -.189016E+01 -.151096E+01 0.212474E+02
 0.220128E+01 -.343524E+01 -.188615E+01 -.150964E+01 0.212214E+02
 0.221037E+01 -.341176E+01 -.190639E+01 -.151444E+01 0.229578E+02
 0.220917E+01 -.344283E+01 -.179675E+01 -.152821E+01 0.263379E+02
 0.229539E+01 -.340983E+01 -.185408E+01 -.153282E+01 0.234087E+02
 0.220358E+01 -.344536E+01 -.193259E+01 -.149084E+01 0.226530E+02
 0.220541E+01 -.343764E+01 -.179511E+01 -.161964E+01 0.234970E+02
 0.220540E+01 -.346753E+01 -.188076E+01 -.154986E+01 0.237228E+02
 0.220000E+01 -.343696E+01 -.189035E+01 -.150637E+01 0.212258E+02
 0.221611E+01 -.344376E+01 -.190307E+01 -.152550E+01 0.220274E+02
 0.220524E+01 -.343544E+01 -.187595E+01 -.141841E+01 0.266437E+02
 0.220587E+01 -.342395E+01 -.184277E+01 -.150585E+01 0.234299E+02
 0.232321E+01 -.344649E+01 -.192323E+01 -.153476E+01 0.240238E+02
 0.220367E+01 -.343626E+01 -.188665E+01 -.150777E+01 0.212171E+02
 0.220368E+01 -.343634E+01 -.188671E+01 -.150976E+01 0.212200E+02
 0.220673E+01 -.343610E+01 -.188761E+01 -.149757E+01 0.212581E+02
 0.220543E+01 -.343682E+01 -.190126E+01 -.151581E+01 0.215558E+02
 0.220474E+01 -.343674E+01 -.192973E+01 -.150769E+01 0.228755E+02
 0.230373E+01 -.338877E+01 -.189030E+01 -.150694E+01 0.265290E+02
 0.221976E+01 -.343035E+01 -.183823E+01 -.152091E+01 0.228217E+02
 0.220306E+01 -.342550E+01 -.189487E+01 -.151215E+01 0.215560E+02
 0.242800E+01 -.343091E+01 -.189374E+01 -.142521E+01 0.243140E+02
 0.222251E+01 -.345554E+01 -.188654E+01 -.152410E+01 0.221297E+02
 0.220168E+01 -.343685E+01 -.187484E+01 -.151441E+01 0.212794E+02
 0.220000E+01 -.344368E+01 -.187100E+01 -.148361E+01 0.221914E+02
 0.221548E+01 -.343676E+01 -.188655E+01 -.150839E+01 0.212205E+02
 0.231581E+01 -.341170E+01 -.189260E+01 -.144709E+01 0.240994E+02
 0.220560E+01 -.343561E+01 -.188692E+01 -.150879E+01 0.212189E+02
 0.220871E+01 -.343753E+01 -.188665E+01 -.150806E+01 0.212221E+02
 0.220000E+01 -.343699E+01 -.188732E+01 -.154679E+01 0.218369E+02
 0.239282E+01 -.343541E+01 -.191257E+01 -.147827E+01 0.213997E+02
 0.220480E+01 -.347891E+01 -.190389E+01 -.150709E+01 0.253212E+02
 0.220404E+01 -.347466E+01 -.188727E+01 -.148419E+01 0.244654E+02
 0.220342E+01 -.341977E+01 -.188587E+01 -.151131E+01 0.218313E+02
 0.220262E+01 -.343746E+01 -.180840E+01 -.151556E+01 0.257744E+02
 0.220000E+01 -.343722E+01 -.190493E+01 -.162782E+01 0.282288E+02
 0.220759E+01 -.342597E+01 -.188249E+01 -.150800E+01 0.214786E+02
 0.220000E+01 -.343417E+01 -.188591E+01 -.153407E+01 0.214782E+02
 0.220255E+01 -.343818E+01 -.188481E+01 -.154288E+01 0.216483E+02
 0.220606E+01 -.343378E+01 -.188637E+01 -.150830E+01 0.212337E+02
 0.264509E+01 -.343350E+01 -.187238E+01 -.150164E+01 0.216723E+02
 0.225782E+01 -.344017E+01 -.188228E+01 -.147227E+01 0.220482E+02
 0.223086E+01 -.344405E+01 -.189506E+01 -.148214E+01 0.214967E+02
 0.240450E+01 -.343971E+01 -.188536E+01 -.151857E+01 0.213275E+02
 0.220654E+01 -.342098E+01 -.189013E+01 -.150169E+01 0.217364E+02
 0.220000E+01 -.343587E+01 -.192645E+01 -.157482E+01 0.269113E+02
 0.220151E+01 -.344143E+01 -.187963E+01 -.159300E+01 0.233018E+02
 0.223831E+01 -.343830E+01 -.190147E+01 -.151068E+01 0.214754E+02
 0.221175E+01 -.343575E+01 -.194850E+01 -.150918E+01 0.247521E+02
 0.220013E+01 -.340267E+01 -.178969E+01 -.156181E+01 0.286403E+02
 0.220095E+01 -.343568E+01 -.188135E+01 -.146666E+01 0.222824E+02
 0.220363E+01 -.340231E+01 -.193100E+01 -.148769E+01 0.245092E+02
 0.221903E+01 -.347508E+01 -.188657E+01 -.151440E+01 0.243440E+02
 0.220377E+01 -.343704E+01 -.189101E+01 -.150717E+01 0.212317E+02
 0.221797E+01 -.344206E+01 -.189292E+01 -.150960E+01 0.213489E+02
 0.220771E+01 -.344837E+01 -.189609E+01 -.151305E+01 0.217032E+02
 0.221989E+01 -.343360E+01 -.181011E+01 -.153137E+01 0.247050E+02
 0.220517E+01 -.343622E+01 -.185469E+01 -.151289E+01 0.219563E+02
 0.220000E+01 -.344117E+01 -.192908E+01 -.158227E+01 0.280596E+02
 0.223428E+01 -.344025E+01 -.192929E+01 -.152844E+01 0.239933E+02
 0.290000E+01 -.343754E+01 -.187518E+01 -.145287E+01 0.237439E+02
 0.222845E+01 -.344124E+01 -.188961E+01 -.150063E+01 0.212894E+02
 0.220575E+01 -.343564E+01 -.188636E+01 -.150514E+01 0.212232E+02
 0.220147E+01 -.342846E+01 -.188644E+01 -.150884E+01 0.213503E+02
 0.220226E+01 -.349119E+01 -.188528E+01 -.152831E+01 0.274133E+02
 0.220000E+01 -.344099E+01 -.187757E+01 -.150886E+01 0.213225E+02
 0.220983E+01 -.343137E+01 -.189865E+01 -.150359E+01 0.213351E+02
 0.220460E+01 -.343536E+01 -.189294E+01 -.160121E+01 0.248009E+02
 0.220339E+01 -.343592E+01 -.189291E+01 -.150906E+01 0.212575E+02
 0.221264E+01 -.343453E+01 -.187596E+01 -.152009E+01 0.212614E+02
 0.220796E+01 -.344971E+01 -.188765E+01 -.151887E+01 0.216770E+02
 0.220510E+01 -.343625E+01 -.188709E+01 -.151151E+01 0.212243E+02
 0.220728E+01 -.343905E+01 -.188728E+01 -.148478E+01 0.214629E+02
 0.222271E+01 -.343572E+01 -.188667E+01 -.150788E+01 0.212249E+02
 0.220602E+01 -.343664E+01 -.188787E+01 -.150129E+01 0.212328E+02
 0.220460E+01 -.343666E+01 -.188660E+01 -.150925E+01 0.212184E+02
 0.220335E+01 -.343635E+01 -.188720E+01 -.150646E+01 0.212174E+02
 0.220580E+01 -.342811E+01 -.188158E+01 -.151898E+01 0.213867E+02
 0.220902E+01 -.343606E+01 -.188493E+01 -.150917E+01 0.212198E+02
 0.221745E+01 -.343516E+01 -.191152E+01 -.150394E+01 0.216655E+02
 0.220598E+01 -.342814E+01 -.189141E+01 -.152591E+01 0.215898E+02
 0.220000E+01 -.340534E+01 -.192895E+01 -.154738E+01 0.269791E+02
 0.220788E+01 -.344414E+01 -.189780E+01 -.151187E+01 0.215364E+02
 0.220382E+01 -.343822E+01 -.187912E+01 -.150662E+01 0.212848E+02
 0.220868E+01 -.343583E+01 -.188462E+01 -.150849E+01 0.212218E+02
 0.221149E+01 -.347475E+01 -.187279E+01 -.155385E+01 0.245618E+02
 0.223158E+01 -.346619E+01 -.183033E+01 -.157929E+01 0.236548E+02
 0.220632E+01 -.343960E+01 -.183660E+01 -.152993E+01 0.224684E+02
 0.220000E+01 -.341996E+01 -.183824E+01 -.151429E+01 0.237118E+02
 0.220118E+01 -.345121E+01 -.184884E+01 -.149230E+01 0.235250E+02
 0.220602E+01 -.347818E+01 -.188115E+01 -.156256E+01 0.256890E+02
 0.220130E+01 -.343591E+01 -.188667E+01 -.151031E+01 0.212197E+02
 0.221815E+01 -.342746E+01 -.188360E+01 -.150586E+01 0.214184E+02
 0.222044E+01 -.343429E+01 -.189447E+01 -.147019E+01 0.216280E+02
 0.220653E+01 -.344207E+01 -.195119E+01 -.150165E+01 0.247200E+02
 0.220316E+01 -.343631E+01 -.188676E+01 -.150690E+01 0.212172E+02
 0.220321E+01 -.343749E+01 -.188845E+01 -.150978E+01 0.212280E+02
 0.220945E+01 -.343569E+01 -.188535E+01 -.149890E+01 0.212706E+02
 0.220840E+01 -.343648E+01 -.189394E+01 -.150176E+01 0.212332E+02
 0.230927E+01 -.342206E+01 -.197076E+01 -.150274E+01 0.273302E+02
 0.220863E+01 -.343710E+01 -.192038E+01 -.150844E+01 0.222526E+02
 0.220415E+01 -.343158E+01 -.191638E+01 -.148722E+01 0.215433E+02
 0.220506E+01 -.343496E+01 -.188338E+01 -.150968E+01 0.212272E+02
 0.220000E+01 -.345545E+01 -.189699E+01 -.151184E+01 0.221909E+02
 0.220667E+01 -.342663E+01 -.188636E+01 -.152242E+01 0.214990E+02
 0.220144E+01 -.343884E+01 -.188407E+01 -.152050E+01 0.212716E+02
 0.275862E+01 -.349144E+01 -.187896E+01 -.148706E+01 0.278218E+02
 0.220000E+01 -.345116E+01 -.195163E+01 -.148195E+01 0.241440E+02
 0.221773E+01 -.343629E+01 -.188735E+01 -.150615E+01 0.212214E+02
 0.220894E+01 -.343382E+01 -.188619E+01 -.150892E+01 0.212312E+02
 0.220362E+01 -.343652E+01 -.188662E+01 -.150859E+01 0.212172E+02
 0.228198E+01 -.343588E+01 -.188626E+01 -.142611E+01 0.247727E+02
 0.220000E+01 -.339616E+01 -.188589E+01 -.153720E+01 0.252737E+02
 0.220321E+01 -.345503E+01 -.188849E+01 -.150653E+01 0.219776E+02
 0.220472E+01 -.343383E+01 -.187037E+01 -.151542E+01 0.213713E+02
 0.220555E+01 -.343668E+01 -.190899E+01 -.144323E+01 0.220999E+02
 0.222467E+01 -.342246E+01 -.188220E+01 -.150892E+01 0.216789E+02
 0.221651E+01 -.343411E+01 -.188597E+01 -.149973E+01 0.212691E+02
 0.220815E+01 -.342922E+01 -.188761E+01 -.151840E+01 0.213775E+02
 0.220416E+01 -.343546E+01 -.188658E+01 -.150815E+01 0.212185E+02
 0.220000E+01 -.343092E+01 -.185304E+01 -.148803E+01 0.231714E+02
 0.225314E+01 -.344349E+01 -.192924E+01 -.150041E+01 0.227021E+02
 0.224229E+01 -.346580E+01 -.188957E+01 -.151950E+01 0.231719E+02
 0.238241E+01 -.342347E+01 -.190733E+01 -.152165E+01 0.222671E+02
 0.251114E+01 -.343513E+01 -.189262E+01 -.155034E+01 0.222151E+02
 0.220051E+01 -.342242E+01 -.188391E+01 -.160823E+01 0.247786E+02
 0.220000E+01 -.343190E+01 -.189867E+01 -.151074E+01 0.214129E+02
 0.220654E+01 -.343528E+01 -.183859E+01 -.150838E+01 0.231878E+02
 0.220023E+01 -.342383E+01 -.181533E+01 -.153147E+01 0.246391E+02
 0.220000E+01 -.341853E+01 -.189627E+01 -.151244E+01 0.220143E+02
 0.225777E+01 -.345679E+01 -.202550E+01 -.136173E+01 0.263869E+02
 0.245529E+01 -.343688E+01 -.190953E+01 -.148840E+01 0.214064E+02
 0.220708E+01 -.343514E+01 -.192038E+01 -.147442E+01 0.214944E+02
 0.220572E+01 -.343161E+01 -.189881E+01 -.150907E+01 0.213933E+02
 0.220232E+01 -.345295E+01 -.187828E+01 -.150835E+01 0.218447E+02
 0.222894E+01 -.343184E+01 -.185146E+01 -.150518E+01 0.224915E+02
 0.220524E+01 -.343628E+01 -.185779E+01 -.151309E+01 0.218043E+02
 0.220387E+01 -.342920E+01 -.191466E+01 -.144240E+01 0.220397E+02
 0.226073E+01 -.345145E+01 -.186129E+01 -.150578E+01 0.222880E+02
 0.244590E+01 -.340952E+01 -.193050E+01 -.149819E+01 0.238482E+02
 0.220604E+01 -.344142E+01 -.194059E+01 -.153619E+01 0.258817E+02
 0.266233E+01 -.344200E+01 -.190721E+01 -.146216E+01 0.217273E+02
 0.222270E+01 -.344473E+01 -.187907E+01 -.149623E+01 0.215697E+02
 0.220000E+01 -.343530E+01 -.188689E+01 -.152341E+01 0.213203E+02
 0.220173E+01 -.341663E+01 -.188509E+01 -.150860E+01 0.220967E+02
 0.220000E+01 -.346992E+01 -.189001E+01 -.154271E+01 0.242346E+02
 0.224488E+01 -.345022E+01 -.183500E+01 -.150885E+01 0.237589E+02
 0.220000E+01 -.344351E+01 -.188826E+01 -.150876E+01 0.213399E+02
 0.220694E+01 -.343892E+01 -.188147E+01 -.141183E+01 0.267727E+02
 0.220568E+01 -.343540E+01 -.187852E+01 -.150881E+01 0.212734E+02
 0.220993E+01 -.342906E+01 -.191715E+01 -.151741E+01 0.224419E+02
 0.222158E+01 -.343050E+01 -.188847E+01 -.150525E+01 0.212935E+02
 0.220615E+01 -.343632E+01 -.188626E+01 -.150471E+01 0.212266E+02
 0.220856E+01 -.343417E+01 -.188746E+01 -.151605E+01 0.212598E+02
 0.221863E+01 -.344439E+01 -.188743E+01 -.150809E+01 0.213672E+02
 0.220348E+01 -.343799E+01 -.188690E+01 -.151973E+01 0.212841E+02
 0.220339E+01 -.343648E+01 -.188663E+01 -.150873E+01 0.212192E+02
 0.220000E+01 -.343842E+01 -.188708E+01 -.150274E+01 0.212380E+02
 0.220505E+01 -.343530E+01 -.188458E+01 -.151047E+01 0.212210E+02
 0.220431E+01 -.343495E+01 -.188598E+01 -.151344E+01 0.212295E+02
 0.221752E+01 -.343581E+01 -.194435E+01 -.151496E+01 0.246703E+02
 0.220685E+01 -.343088E+01 -.189971E+01 -.152789E+01 0.218355E+02
 0.220000E+01 -.342458E+01 -.188536E+01 -.150406E+01 0.215396E+02
 0.256121E+01 -.341251E+01 -.198012E+01 -.140789E+01 0.238871E+02
 0.220233E+01 -.343643E+01 -.187588E+01 -.150976E+01 0.213015E+02
 0.220358E+01 -.343837E+01 -.188332E+01 -.150966E+01 0.212310E+02
 0.221327E+01 -.346169E+01 -.192601E+01 -.145298E+01 0.231308E+02
 0.220986E+01 -.343658E+01 -.188774E+01 -.150746E+01 0.212191E+02
 0.220356E+01 -.344480E+01 -.186862E+01 -.151718E+01 0.214979E+02
 0.220000E+01 -.343128E+01 -.180310E+01 -.150400E+01 0.275108E+02
 0.220000E+01 -.344299E+01 -.189944E+01 -.150294E+01 0.214169E+02
 0.224671E+01 -.347084E+01 -.193145E+01 -.152152E+01 0.265418E+02
 0.220327E+01 -.344639E+01 -.181754E+01 -.150414E+01 0.255779E+02
 0.220327E+01 -.343503E+01 -.189260E+01 -.146175E+01 0.219669E+02
 0.225456E+01 -.343336E+01 -.179654E+01 -.154980E+01 0.252646E+02
 0.220302E+01 -.343537E+01 -.188346E+01 -.151051E+01 0.212236E+02
 0.220551E+01 -.342006E+01 -.187183E+01 -.149053E+01 0.224758E+02
 0.223308E+01 -.343296E+01 -.189889E+01 -.154402E+01 0.223117E+02
 0.220819E+01 -.343733E+01 -.195175E+01 -.150194E+01 0.246637E+02
 0.225747E+01 -.343221E+01 -.195752E+01 -.150542E+01 0.255533E+02
 0.220322E+01 -.343625E+01 -.188655E+01 -.150933E+01 0.212176E+02
 0.220294E+01 -.343548E+01 -.188800E+01 -.150831E+01 0.212218E+02
 0.220707E+01 -.343662E+01 -.188493E+01 -.151138E+01 0.212226E+02
 0.220000E+01 -.343603E+01 -.188213E+01 -.149484E+01 0.213748E+02
 0.221288E+01 -.343620E+01 -.182544E+01 -.150978E+01 0.242925E+02
 0.228426E+01 -.347204E+01 -.188399E+01 -.150969E+01 0.238764E+02
 0.220000E+01 -.343376E+01 -.193760E+01 -.146487E+01 0.219375E+02
 0.220637E+01 -.344307E+01 -.187859E+01 -.150686E+01 0.213775E+02
 0.220000E+01 -.342277E+01 -.188643E+01 -.150949E+01 0.216251E+02
 0.220466E+01 -.343791E+01 -.188915E+01 -.151765E+01 0.212930E+02
 0.220828E+01 -.344341E+01 -.188368E+01 -.153701E+01 0.215925E+02
 0.220008E+01 -.343621E+01 -.188592E+01 -.150553E+01 0.212222E+02
 0.220432E+01 -.343590E+01 -.188571E+01 -.150872E+01 0.212198E+02
 0.220000E+01 -.343556E+01 -.188655E+01 -.150912E+01 0.212182E+02
 0.229935E+01 -.343702E+01 -.188633E+01 -.139667E+01 0.282233E+02
 0.229834E+01 -.344733E+01 -.188909E+01 -.152025E+01 0.216114E+02
 0.220189E+01 -.340991E+01 -.188498E+01 -.151805E+01 0.228349E+02
 0.220281E+01 -.345494E+01 -.188820E+01 -.150440E+01 0.219687E+02
 0.220929E+01 -.343679E+01 -.193214E+01 -.150659E+01 0.230109E+02
 0.220830E+01 -.344347E+01 -.188743E+01 -.150985E+01 0.213373E+02
 0.221650E+01 -.343701E+01 -.188648E+01 -.148221E+01 0.215290E+02
 0.220715E+01 -.342869E+01 -.188860E+01 -.148592E+01 0.215258E+02
 0.220308E+01 -.343829E+01 -.188656E+01 -.150882E+01 0.212286E+02
 0.247226E+01 -.343220E+01 -.192890E+01 -.150451E+01 0.226428E+02
 0.224952E+01 -.344008E+01 -.187023E+01 -.151106E+01 0.214472E+02
 0.220148E+01 -.347606E+01 -.188508E+01 -.151126E+01 0.244630E+02
 0.220000E+01 -.342011E+01 -.187098E+01 -.150858E+01 0.220682E+02
 0.250134E+01 -.343416E+01 -.185476E+01 -.146636E+01 0.245319E+02
 0.220359E+01 -.343162E+01 -.188416E+01 -.146455E+01 0.222921E+02
 0.224950E+01 -.343096E+01 -.189162E+01 -.150740E+01 0.213034E+02
 0.220000E+01 -.343789E+01 -.182171E+01 -.150819E+01 0.247501E+02
 0.220120E+01 -.347381E+01 -.193878E+01 -.152925E+01 0.283654E+02
 0.220248E+01 -.343019E+01 -.182594E+01 -.151514E+01 0.240986E+02
 0.220000E+01 -.348648E+01 -.191885E+01 -.148065E+01 0.268700E+02
 0.220882E+01 -.343490E+01 -.191249E+01 -.155236E+01 0.237206E+02
 0.220803E+01 -.342173E+01 -.188301E+01 -.148978E+01 0.219455E+02
 0.220259E+01 -.343645E+01 -.188669E+01 -.150982E+01 0.212204E+02
 0.220000E+01 -.342952E+01 -.188287E+01 -.150720E+01 0.213396E+02
 0.220286E+01 -.342242E+01 -.187997E+01 -.151216E+01 0.216843E+02
 0.220899E+01 -.343660E+01 -.193118E+01 -.149076E+01 0.222909E+02
 0.220611E+01 -.343640E+01 -.188162E+01 -.150664E+01 0.212509E+02
 0.222704E+01 -.339013E+01 -.188722E+01 -.151096E+01 0.262682E+02
 0.220000E+01 -.343655E+01 -.178008E+01 -.153438E+01 0.281563E+02
 0.220000E+01 -.343983E+01 -.190055E+01 -.159707E+01 0.253923E+02
 0.221058E+01 -.343153E+01 -.189391E+01 -.149725E+01 0.212750E+02
 0.220628E+01 -.343724E+01 -.188654E+01 -.151701E+01 0.212560E+02
 0.220000E+01 -.343642E+01 -.188585E+01 -.150850E+01 0.212185E+02
 0.220258E+01 -.340661E+01 -.189440E+01 -.151095E+01 0.232616E+02
 0.224477E+01 -.345615E+01 -.188771E+01 -.150791E+01 0.220753E+02
 0.223179E+01 -.344383E+01 -.187644E+01 -.151499E+01 0.213777E+02
 0.220000E+01 -.343294E+01 -.188297E+01 -.149893E+01 0.213282E+02
 0.220867E+01 -.343556E+01 -.187142E+01 -.150854E+01 0.214191E+02
 0.220646E+01 -.342521E+01 -.193585E+01 -.151630E+01 0.239985E+02
 0.221352E+01 -.341912E+01 -.188802E+01 -.150322E+01 0.218823E+02
 0.220367E+01 -.343638E+01 -.188542E+01 -.150545E+01 0.212264E+02
 0.220000E+01 -.343164E+01 -.188598E+01 -.152898E+01 0.214283E+02
 0.220000E+01 -.344042E+01 -.188781E+01 -.150839E+01 0.212580E+02
 0.220339E+01 -.343698E+01 -.188662E+01 -.150522E+01 0.212215E+02
 0.220430E+01 -.343623E+01 -.188664E+01 -.150815E+01 0.212173E+02
 0.221669E+01 -.343907E+01 -.188688E+01 -.150646E+01 0.212374E+02
 0.220233E+01 -.344203E+01 -.188915E+01 -.150188E+01 0.212996E+02
 0.220005E+01 -.343539E+01 -.188610E+01 -.150985E+01 0.212206E+02
 0.221590E+01 -.343635E+01 -.187937E+01 -.152724E+01 0.212788E+02
 0.220000E+01 -.343874E+01 -.190520E+01 -.148154E+01 0.213282E+02
 0.257152E+01 -.343123E+01 -.200793E+01 -.141601E+01 0.253197E+02
 0.220000E+01 -.343021E+01 -.186185E+01 -.150791E+01 0.218671E+02
 0.220315E+01 -.343630E+01 -.189093E+01 -.151099E+01 0.212495E+02
 0.220158E+01 -.343681E+01 -.188898E+01 -.150729E+01 0.212230E+02
 0.220000E+01 -.342044E+01 -.187392E+01 -.148647E+01 0.224751E+02
 0.223787E+01 -.340861E+01 -.181669E+01 -.149571E+01 0.285220E+02
 0.220572E+01 -.343944E+01 -.193870E+01 -.149079E+01 0.228626E+02
 0.231328E+01 -.346033E+01 -.189785E+01 -.152572E+01 0.229792E+02
 0.220574E+01 -.344142E+01 -.189163E+01 -.151835E+01 0.214026E+02
 0.221843E+01 -.345958E+01 -.195580E+01 -.142897E+01 0.236824E+02
 0.220516E+01 -.344538E+01 -.181580E+01 -.150639E+01 0.255908E+02
 0.220119E+01 -.340101E+01 -.189144E+01 -.147770E+01 0.243903E+02
 0.220316E+01 -.343562E+01 -.188641E+01 -.150959E+01 0.212203E+02
 0.220070E+01 -.343498E+01 -.188860E+01 -.149720E+01 0.212532E+02
 0.221597E+01 -.343083E+01 -.188079E+01 -.151245E+01 0.213040E+02
 0.220970E+01 -.341882E+01 -.189382E+01 -.150292E+01 0.218934E+02
 0.225923E+01 -.344537E+01 -.185397E+01 -.149034E+01 0.230336E+02
 0.220344E+01 -.343624E+01 -.188653E+01 -.151020E+01 0.212188E+02
 0.220292E+01 -.343574E+01 -.188471E+01 -.150747E+01 0.212233E+02
 0.220453E+01 -.343730E+01 -.188593E+01 -.151942E+01 0.212682E+02
 0.221025E+01 -.343602E+01 -.188138E+01 -.150349E+01 0.212791E+02
 0.220767E+01 -.343609E+01 -.184581E+01 -.151576E+01 0.223635E+02
 0.220968E+01 -.343560E+01 -.190030E+01 -.147396E+01 0.214107E+02
 0.285492E+01 -.342615E+01 -.184265E+01 -.162758E+01 0.232750E+02
 0.220377E+01 -.344382E+01 -.188891E+01 -.151109E+01 0.213613E+02
 0.220000E+01 -.343113E+01 -.185494E+01 -.150071E+01 0.224401E+02
 0.220994E+01 -.344108E+01 -.188634E+01 -.150007E+01 0.212990E+02
 0.220546E+01 -.343540E+01 -.188591E+01 -.151191E+01 0.212263E+02
 0.220000E+01 -.342126E+01 -.186786E+01 -.151261E+01 0.220143E+02
 0.220681E+01 -.343622E+01 -.188556E+01 -.151077E+01 0.212219E+02
 0.228187E+01 -.344582E+01 -.189193E+01 -.151262E+01 0.215046E+02
 0.220197E+01 -.343804E+01 -.188638E+01 -.150856E+01 0.212261E+02
 0.220380E+01 -.343632E+01 -.188660E+01 -.150861E+01 0.212191E+02
 0.222801E+01 -.343699E+01 -.188690E+01 -.163009E+01 0.260657E+02
 0.220210E+01 -.347090E+01 -.188611E+01 -.145928E+01 0.247982E+02
 0.220282E+01 -.343103E+01 -.188418E+01 -.150332E+01 0.213087E+02
 0.220538E+01 -.343928E+01 -.195441E+01 -.152413E+01 0.267395E+02
 0.220625E+01 -.343605E+01 -.188918E+01 -.140890E+01 0.262258E+02
 0.223868E+01 -.345008E+01 -.188468E+01 -.150948E+01 0.216342E+02
 0.220000E+01 -.343861E+01 -.188665E+01 -.151603E+01 0.212589E+02
 0.220254E+01 -.343958E+01 -.188622E+01 -.152156E+01 0.213157E+02
 0.220354E+01 -.343777E+01 -.188647E+01 -.150958E+01 0.212231E+02
 0.256209E+01 -.343681E+01 -.192819E+01 -.153329E+01 0.240796E+02
 0.220000E+01 -.343639E+01 -.184097E+01 -.151653E+01 0.226413E+02
 0.220000E+01 -.342496E+01 -.189036E+01 -.148796E+01 0.216123E+02
 0.254802E+01 -.344222E+01 -.187727E+01 -.150253E+01 0.215402E+02
 0.220000E+01 -.343460E+01 -.184306E+01 -.150925E+01 0.228160E+02
 0.220831E+01 -.344932E+01 -.188543E+01 -.142002E+01 0.257281E+02
 0.222754E+01 -.343445E+01 -.188318E+01 -.150480E+01 0.212624E+02
 0.230067E+01 -.343863E+01 -.186466E+01 -.150842E+01 0.216839E+02
 0.220425E+01 -.344050E+01 -.194910E+01 -.150872E+01 0.249106E+02
 0.220350E+01 -.343253E+01 -.185270E+01 -.152990E+01 0.217273E+02
 0.220486E+01 -.344203E+01 -.188074E+01 -.151126E+01 0.212994E+02
 0.227810E+01 -.347470E+01 -.175174E+01 -.169448E+01 0.286318E+02
 0.254289E+01 -.348314E+01 -.189037E+01 -.153777E+01 0.263071E+02
 0.220445E+01 -.343438E+01 -.185609E+01 -.157521E+01 0.217566E+02
 0.220044E+01 -.344008E+01 -.187705E+01 -.150876E+01 0.213160E+02
 0.220747E+01 -.343851E+01 -.198012E+01 -.140914E+01 0.231472E+02
 0.220637E+01 -.342418E+01 -.188930E+01 -.150687E+01 0.215377E+02
 0.220000E+01 -.343632E+01 -.188091E+01 -.150020E+01 0.213196E+02
 0.220460E+01 -.343634E+01 -.190699E+01 -.150758E+01 0.215769E+02
 0.220000E+01 -.343886E+01 -.178794E+01 -.154587E+01 0.263010E+02
 0.222578E+01 -.339616E+01 -.187387E+01 -.150878E+01 0.252687E+02
 0.275845E+01 -.344050E+01 -.187459E+01 -.157006E+01 0.221552E+02
 0.221044E+01 -.342377E+01 -.189499E+01 -.150205E+01 0.215681E+02
 0.220016E+01 -.343701E+01 -.188619E+01 -.150442E+01 0.212266E+02
 0.220457E+01 -.345206E+01 -.188730E+01 -.150847E+01 0.217547E+02
 0.220233E+01 -.341488E+01 -.189502E+01 -.145961E+01 0.229845E+02
 0.221195E+01 -.344129E+01 -.192407E+01 -.150791E+01 0.225598E+02
 0.224816E+01 -.343846E+01 -.187769E+01 -.151877E+01 0.212581E+02
 0.220589E+01 -.343060E+01 -.189671E+01 -.157418E+01 0.236078E+02
 0.220605E+01 -.343670E+01 -.188514E+01 -.150830E+01 0.212217E+02
 0.220258E+01 -.344301E+01 -.189479E+01 -.151799E+01 0.215168E+02
 0.220856E+01 -.343057E+01 -.188626E+01 -.150929E+01 0.212894E+02
 0.220000E+01 -.343631E+01 -.188618E+01 -.151580E+01 0.212406E+02
 0.221202E+01 -.343841E+01 -.188557E+01 -.150311E+01 0.212466E+02
 0.222967E+01 -.343258E+01 -.188569E+01 -.150834E+01 0.212567E+02
 0.220412E+01 -.343528E+01 -.188733E+01 -.149951E+01 0.212452E+02
 0.220719E+01 -.343032E+01 -.192409E+01 -.146699E+01 0.215791E+02
 0.220369E+01 -.343609E+01 -.188659E+01 -.150830E+01 0.212170E+02
 0.220015E+01 -.343766E+01 -.188675E+01 -.151041E+01 0.212258E+02
 0.220138E+01 -.343488E+01 -.189070E+01 -.150038E+01 0.212261E+02
 0.220763E+01 -.343752E+01 -.188527E+01 -.150607E+01 0.212304E+02
 0.220079E+01 -.343609E+01 -.182950E+01 -.150630E+01 0.240942E+02
 0.220763E+01 -.344027E+01 -.189599E+01 -.147090E+01 0.215961E+02
 0.224041E+01 -.338410E+01 -.188284E+01 -.151053E+01 0.277974E+02
 0.220000E+01 -.343829E+01 -.199151E+01 -.144551E+01 0.255408E+02
 0.220857E+01 -.343127E+01 -.188902E+01 -.150856E+01 0.212753E+02
 0.220314E+01 -.343617E+01 -.188562E+01 -.150920E+01 0.212172E+02
 0.220000E+01 -.343685E+01 -.188722E+01 -.150892E+01 0.212204E+02
 0.220623E+01 -.341294E+01 -.189318E+01 -.150151E+01 0.224346E+02
 0.220000E+01 -.347030E+01 -.190772E+01 -.158293E+01 0.278076E+02
 0.220316E+01 -.343796E+01 -.183882E+01 -.151050E+01 0.230487E+02
 0.234602E+01 -.341220E+01 -.185722E+01 -.153440E+01 0.229987E+02
 0.220553E+01 -.343432E+01 -.194819E+01 -.152004E+01 0.254860E+02
 0.220643E+01 -.349184E+01 -.189509E+01 -.150880E+01 0.275414E+02
 0.220269E+01 -.344032E+01 -.188528E+01 -.155099E+01 0.219199E+02
 0.220102E+01 -.343733E+01 -.188766E+01 -.150851E+01 0.212230E+02
 0.220000E+01 -.348010E+01 -.187710E+01 -.149923E+01 0.252370E+02
 0.220000E+01 -.344806E+01 -.190005E+01 -.150736E+01 0.217039E+02
 0.220000E+01 -.343124E+01 -.187099E+01 -.148601E+01 0.220862E+02
 0.220542E+01 -.341501E+01 -.184601E+01 -.150315E+01 0.240793E+02
 0.222303E+01 -.345220E+01 -.181639E+01 -.148260E+01 0.278025E+02
 0.220362E+01 -.343629E+01 -.188656E+01 -.150915E+01 0.212173E+02
 0.220353E+01 -.343677E+01 -.188316E+01 -.150901E+01 0.212251E+02
 0.220289E+01 -.343658E+01 -.188641E+01 -.151353E+01 0.212311E+02
 0.221537E+01 -.343685E+01 -.189350E+01 -.151699E+01 0.213583E+02
 0.220685E+01 -.343640E+01 -.189771E+01 -.151115E+01 0.213687E+02
 0.220965E+01 -.343806E+01 -.185654E+01 -.149073E+01 0.226792E+02
 0.241309E+01 -.342535E+01 -.186223E+01 -.168961E+01 0.276587E+02
 0.220214E+01 -.342395E+01 -.188603E+01 -.151185E+01 0.215586E+02
 0.221765E+01 -.344026E+01 -.187670E+01 -.165690E+01 0.268257E+02
 0.229107E+01 -.344515E+01 -.183538E+01 -.169630E+01 0.256502E+02
 0.221153E+01 -.344394E+01 -.188627E+01 -.150416E+01 0.213546E+02
 0.220322E+01 -.343348E+01 -.188405E+01 -.150474E+01 0.212568E+02
 0.220426E+01 -.344041E+01 -.197032E+01 -.151488E+01 0.284056E+02
 0.221176E+01 -.343681E+01 -.188712E+01 -.150866E+01 0.212203E+02
 0.220357E+01 -.343623E+01 -.188783E+01 -.150876E+01 0.212193E+02
 0.220633E+01 -.343713E+01 -.188663E+01 -.150829E+01 0.212224E+02
 0.220779E+01 -.343696E+01 -.188692E+01 -.163053E+01 0.261162E+02
 0.220492E+01 -.343884E+01 -.180146E+01 -.151011E+01 0.270506E+02
 0.223477E+01 -.342456E+01 -.184943E+01 -.148350E+01 0.240763E+02
 0.220528E+01 -.348165E+01 -.190227E+01 -.150572E+01 0.257196E+02
 0.220215E+01 -.343139E+01 -.188701E+01 -.150847E+01 0.212703E+02
 0.220286E+01 -.341899E+01 -.188176E+01 -.150661E+01 0.219385E+02
 0.220273E+01 -.343838E+01 -.187568E+01 -.153003E+01 0.212825E+02
 0.220440E+01 -.343636E+01 -.192262E+01 -.155447E+01 0.249056E+02
 0.224480E+01 -.343129E+01 -.188012E+01 -.150901E+01 0.213261E+02
 0.221550E+01 -.343806E+01 -.188603E+01 -.153270E+01 0.214574E+02
 0.220000E+01 -.344384E+01 -.188455E+01 -.153649E+01 0.216149E+02
 0.220500E+01 -.343634E+01 -.188644E+01 -.150825E+01 0.212174E+02
 0.220000E+01 -.343571E+01 -.182627E+01 -.151385E+01 0.239811E+02
 0.224046E+01 -.343345E+01 -.186287E+01 -.150456E+01 0.218540E+02
 0.222977E+01 -.338901E+01 -.189369E+01 -.148518E+01 0.265948E+02
 0.255892E+01 -.344980E+01 -.189365E+01 -.150887E+01 0.217598E+02
 0.220871E+01 -.347379E+01 -.188912E+01 -.150609E+01 0.241425E+02
 0.263891E+01 -.338107E+01 -.189249E+01 -.148134E+01 0.287366E+02
 0.245840E+01 -.343517E+01 -.193519E+01 -.154403E+01 0.255838E+02
 0.220578E+01 -.344794E+01 -.188277E+01 -.150030E+01 0.215708E+02
 0.220000E+01 -.343618E+01 -.188745E+01 -.151047E+01 0.212236E+02
 0.220899E+01 -.343717E+01 -.195250E+01 -.150914E+01 0.252483E+02
 0.220347E+01 -.340713E+01 -.182208E+01 -.157752E+01 0.247145E+02
 0.220466E+01 -.344411E+01 -.193212E+01 -.150522E+01 0.231571E+02
 0.225149E+01 -.347535E+01 -.190105E+01 -.153407E+01 0.253581E+02
 0.220000E+01 -.343584E+01 -.185619E+01 -.150393E+01 0.221560E+02
 0.220049E+01 -.343689E+01 -.192628E+01 -.148436E+01 0.218566E+02
 0.220092E+01 -.343762E+01 -.188770E+01 -.148417E+01 0.214509E+02
 0.220180E+01 -.343868E+01 -.187551E+01 -.150841E+01 0.213301E+02
 0.220461E+01 -.344354E+01 -.188735E+01 -.150875E+01 0.213353E+02
 0.220460E+01 -.347753E+01 -.188676E+01 -.150292E+01 0.247081E+02
 0.221026E+01 -.343608E+01 -.184268E+01 -.150985E+01 0.228034E+02
 0.220190E+01 -.343628E+01 -.190827E+01 -.151051E+01 0.216950E+02
 0.220597E+01 -.344607E+01 -.192315E+01 -.150710E+01 0.226653E+02
 0.221259E+01 -.344585E+01 -.186453E+01 -.150255E+01 0.219385E+02
 0.222111E+01 -.342516E+01 -.188134E+01 -.150633E+01 0.215490E+02
 0.266430E+01 -.343844E+01 -.187809E+01 -.149271E+01 0.216678E+02
 0.225607E+01 -.343048E+01 -.189223E+01 -.150852E+01 0.213201E+02
 0.220000E+01 -.343529E+01 -.188612E+01 -.150710E+01 0.212213E+02
 0.220133E+01 -.345237E+01 -.188676E+01 -.150874E+01 0.217763E+02
 0.220023E+01 -.346841E+01 -.187958E+01 -.146397E+01 0.245728E+02
 0.220000E+01 -.342159E+01 -.188343E+01 -.150821E+01 0.217185E+02
 0.220000E+01 -.343281E+01 -.189243E+01 -.151638E+01 0.213463E+02
 0.220000E+01 -.343570E+01 -.189064E+01 -.154636E+01 0.219570E+02
 0.220539E+01 -.343662E+01 -.190008E+01 -.150839E+01 0.213821E+02
 0.220113E+01 -.344519E+01 -.189874E+01 -.155627E+01 0.230319E+02
 0.220279E+01 -.343960E+01 -.182414E+01 -.151632E+01 0.240173E+02
 0.221561E+01 -.345401E+01 -.188643E+01 -.151500E+01 0.219159E+02
 0.220440E+01 -.343629E+01 -.188695E+01 -.151577E+01 0.212469E+02
 0.221264E+01 -.344256E+01 -.188729E+01 -.149158E+01 0.214142E+02
 0.223127E+01 -.342845E+01 -.188487E+01 -.150832E+01 0.213674E+02
 0.220468E+01 -.343631E+01 -.188729E+01 -.151129E+01 0.212243E+02
 0.220302E+01 -.343609E+01 -.188654E+01 -.150850E+01 0.212189E+02
 0.220000E+01 -.343617E+01 -.188649E+01 -.150953E+01 0.212192E+02
 0.220262E+01 -.343020E+01 -.189147E+01 -.151999E+01 0.214300E+02
 0.220967E+01 -.343813E+01 -.188621E+01 -.150508E+01 0.212316E+02
 0.220305E+01 -.343542E+01 -.186719E+01 -.151422E+01 0.214483E+02
 0.220512E+01 -.343273E+01 -.187797E+01 -.150768E+01 0.213219E+02
 0.240176E+01 -.343945E+01 -.183586E+01 -.150463E+01 0.237308E+02
 0.220807E+01 -.343696E+01 -.190946E+01 -.150920E+01 0.217095E+02
 0.220338E+01 -.343619E+01 -.188258E+01 -.150752E+01 0.212343E+02
 0.221136E+01 -.343618E+01 -.188507E+01 -.150918E+01 0.212201E+02
 0.221047E+01 -.344620E+01 -.188424E+01 -.151958E+01 0.214605E+02
 0.220000E+01 -.340998E+01 -.185812E+01 -.152762E+01 0.232627E+02
 0.220494E+01 -.343138E+01 -.188116E+01 -.150630E+01 0.213142E+02
 0.220000E+01 -.339597E+01 -.181925E+01 -.161615E+01 0.268881E+02
 0.220196E+01 -.339492E+01 -.194564E+01 -.151304E+01 0.280955E+02
 0.220524E+01 -.346375E+01 -.188077E+01 -.153078E+01 0.228933E+02
 0.220156E+01 -.343812E+01 -.188516E+01 -.150795E+01 0.212281E+02
 0.220376E+01 -.348974E+01 -.187278E+01 -.149676E+01 0.271703E+02
 0.220517E+01 -.344511E+01 -.188192E+01 -.151052E+01 0.213897E+02
 0.222268E+01 -.343354E+01 -.187539E+01 -.150158E+01 0.214537E+02
 0.220203E+01 -.343316E+01 -.185479E+01 -.150710E+01 0.221668E+02
 0.220000E+01 -.343699E+01 -.186317E+01 -.150323E+01 0.218184E+02
 0.220340E+01 -.343632E+01 -.188664E+01 -.150705E+01 0.212174E+02
 0.220376E+01 -.343625E+01 -.188570E+01 -.150934E+01 0.212192E+02
 0.220541E+01 -.343594E+01 -.188473E+01 -.150304E+01 0.212422E+02
 0.220026E+01 -.343621E+01 -.189348E+01 -.151791E+01 0.213712E+02
 0.220328E+01 -.343702E+01 -.192392E+01 -.150806E+01 0.224755E+02
 0.238246E+01 -.343734E+01 -.188507E+01 -.150707E+01 0.212744E+02
 0.220738E+01 -.343862E+01 -.190428E+01 -.149048E+01 0.213156E+02
 0.220498E+01 -.341541E+01 -.188223E+01 -.150864E+01 0.222407E+02
 0.220000E+01 -.343393E+01 -.188658E+01 -.151842E+01 0.212741E+02
 0.220298E+01 -.343561E+01 -.188618E+01 -.150889E+01 0.212198E+02
 0.220242E+01 -.347088E+01 -.193387E+01 -.152900E+01 0.272967E+02
 0.220542E+01 -.344098E+01 -.188354E+01 -.149556E+01 0.213800E+02
 0.220589E+01 -.343679E+01 -.188779E+01 -.150702E+01 0.212186E+02
 0.220000E+01 -.346190E+01 -.188661E+01 -.147983E+01 0.229368E+02
 0.220692E+01 -.343449E+01 -.188754E+01 -.150882E+01 0.212286E+02
 0.220289E+01 -.343630E+01 -.188664E+01 -.150838E+01 0.212188E+02
 0.229636E+01 -.343615E+01 -.188671E+01 -.152496E+01 0.213535E+02
 0.220373E+01 -.340094E+01 -.188769E+01 -.154767E+01 0.247152E+02
 0.220308E+01 -.342922E+01 -.188612E+01 -.150734E+01 0.213276E+02
 0.220301E+01 -.343592E+01 -.181633E+01 -.151996E+01 0.246171E+02
 0.220624E+01 -.343665E+01 -.194360E+01 -.149641E+01 0.234867E+02
 0.221906E+01 -.342232E+01 -.188496E+01 -.150889E+01 0.216619E+02
 0.221605E+01 -.343300E+01 -.188581E+01 -.150756E+01 0.212478E+02
 0.220563E+01 -.343593E+01 -.188374E+01 -.149665E+01 0.213177E+02
 0.220571E+01 -.343513E+01 -.188654E+01 -.150759E+01 0.212204E+02
 0.242463E+01 -.343424E+01 -.181736E+01 -.149608E+01 0.263687E+02
 0.221291E+01 -.347516E+01 -.193162E+01 -.149570E+01 0.259492E+02
 0.223897E+01 -.344298E+01 -.189595E+01 -.150472E+01 0.213828E+02
 0.227130E+01 -.343566E+01 -.189687E+01 -.151451E+01 0.214076E+02
 0.221273E+01 -.343486E+01 -.193715E+01 -.153894E+01 0.255010E+02
 0.220221E+01 -.342143E+01 -.187251E+01 -.158195E+01 0.228810E+02
 0.221563E+01 -.343762E+01 -.189017E+01 -.151354E+01 0.212683E+02
 0.220000E+01 -.343679E+01 -.182217E+01 -.150870E+01 0.246717E+02
 0.220464E+01 -.343443E+01 -.188675E+01 -.150905E+01 0.212249E+02
 0.220175E+01 -.344727E+01 -.187611E+01 -.151958E+01 0.214894E+02
 0.220427E+01 -.344247E+01 -.184981E+01 -.151089E+01 0.223186E+02
 0.220000E+01 -.341653E+01 -.189878E+01 -.150524E+01 0.221385E+02
 0.220574E+01 -.343609E+01 -.190887E+01 -.145459E+01 0.217018E+02
 0.220440E+01 -.349451E+01 -.188678E+01 -.149003E+01 0.280651E+02
 0.220344E+01 -.343357E+01 -.190116E+01 -.151036E+01 0.214459E+02
 0.220000E+01 -.345774E+01 -.188546E+01 -.150889E+01 0.221930E+02
 0.220578E+01 -.344286E+01 -.188514E+01 -.151262E+01 0.213154E+02
 0.220649E+01 -.343627E+01 -.189981E+01 -.151589E+01 0.215069E+02
 0.220659E+01 -.343630E+01 -.186054E+01 -.151024E+01 0.217553E+02
 0.220420E+01 -.343650E+01 -.199223E+01 -.145862E+01 0.265621E+02
 0.220000E+01 -.347490E+01 -.188993E+01 -.150673E+01 0.243177E+02
 0.220000E+01 -.343760E+01 -.189467E+01 -.144256E+01 0.228121E+02
 0.226805E+01 -.344298E+01 -.188512E+01 -.149706E+01 0.214080E+02
 0.220510E+01 -.343448E+01 -.188643E+01 -.151102E+01 0.212272E+02
 0.220000E+01 -.344054E+01 -.188617E+01 -.150867E+01 0.212588E+02
 0.220211E+01 -.349422E+01 -.188525E+01 -.148205E+01 0.281717E+02
 0.223576E+01 -.343183E+01 -.185443E+01 -.150874E+01 0.221857E+02
 0.225542E+01 -.343486E+01 -.188732E+01 -.150474E+01 0.212410E+02
 0.220430E+01 -.343888E+01 -.188295E+01 -.149770E+01 0.213288E+02
 0.220506E+01 -.343500E+01 -.189991E+01 -.150870E+01 0.213803E+02
 0.220723E+01 -.342816E+01 -.188837E+01 -.151075E+01 0.213686E+02
 0.221828E+01 -.343809E+01 -.188733E+01 -.151106E+01 0.212366E+02
 0.220497E+01 -.343629E+01 -.188590E+01 -.150461E+01 0.212257E+02
 0.220834E+01 -.343857E+01 -.188800E+01 -.150536E+01 0.212343E+02
 0.221086E+01 -.343791E+01 -.188811E+01 -.150825E+01 0.212274E+02
 0.220403E+01 -.343799E+01 -.188684E+01 -.151732E+01 0.212623E+02
 0.220315E+01 -.343623E+01 -.188657E+01 -.150868E+01 0.212171E+02
 0.220535E+01 -.343540E+01 -.188675E+01 -.150749E+01 0.212190E+02
 0.220721E+01 -.343125E+01 -.188640E+01 -.150699E+01 0.212739E+02
 0.220892E+01 -.343327E+01 -.188619E+01 -.151200E+01 0.212420E+02
 0.222125E+01 -.343594E+01 -.192733E+01 -.151870E+01 0.231961E+02
 0.220000E+01 -.343291E+01 -.189438E+01 -.152610E+01 0.215661E+02
 0.221403E+01 -.343056E+01 -.188710E+01 -.150615E+01 0.212910E+02
 0.220429E+01 -.343648E+01 -.188954E+01 -.150905E+01 0.212277E+02
 0.220332E+01 -.343624E+01 -.188584E+01 -.151030E+01 0.212197E+02
 0.221230E+01 -.343620E+01 -.188563E+01 -.150748E+01 0.212212E+02
 0.221275E+01 -.347183E+01 -.187719E+01 -.152539E+01 0.238208E+02
 0.221172E+01 -.342938E+01 -.189125E+01 -.149082E+01 0.213868E+02
 0.220639E+01 -.344079E+01 -.186560E+01 -.149931E+01 0.218526E+02
 0.242283E+01 -.347842E+01 -.189617E+01 -.152805E+01 0.254589E+02
 0.220218E+01 -.343249E+01 -.183499E+01 -.149854E+01 0.240982E+02
 0.220000E+01 -.339846E+01 -.192787E+01 -.150919E+01 0.257421E+02
 0.220505E+01 -.345617E+01 -.188414E+01 -.146234E+01 0.231379E+02
 0.220168E+01 -.346477E+01 -.192016E+01 -.153012E+01 0.251176E+02
 0.220405E+01 -.343801E+01 -.188526E+01 -.151020E+01 0.212245E+02
 0.220518E+01 -.341223E+01 -.186992E+01 -.149740E+01 0.231196E+02
 0.220738E+01 -.343298E+01 -.187551E+01 -.150066E+01 0.214711E+02
 0.223137E+01 -.343342E+01 -.189255E+01 -.152882E+01 0.215627E+02
 0.220333E+01 -.344597E+01 -.189981E+01 -.149919E+01 0.215085E+02
 0.221273E+01 -.342447E+01 -.192584E+01 -.152569E+01 0.236360E+02
 0.220322E+01 -.343634E+01 -.188665E+01 -.150707E+01 0.212171E+02
 0.220304E+01 -.343588E+01 -.188946E+01 -.150882E+01 0.212284E+02
 0.220914E+01 -.343612E+01 -.188561E+01 -.149765E+01 0.212790E+02
 0.220000E+01 -.343575E+01 -.188778E+01 -.150200E+01 0.212278E+02
 0.220283E+01 -.343651E+01 -.189599E+01 -.150835E+01 0.213000E+02
 0.220035E+01 -.343829E+01 -.192217E+01 -.150882E+01 0.224065E+02
 0.220715E+01 -.344277E+01 -.188144E+01 -.150745E+01 0.213339E+02
 0.237188E+01 -.341684E+01 -.178836E+01 -.161420E+01 0.253596E+02
 0.220000E+01 -.344867E+01 -.184913E+01 -.150977E+01 0.225996E+02
 0.220610E+01 -.343044E+01 -.188673E+01 -.151721E+01 0.213287E+02
 0.220288E+01 -.343738E+01 -.188844E+01 -.151198E+01 0.212370E+02
 0.220000E+01 -.347046E+01 -.191394E+01 -.150393E+01 0.243823E+02
 0.220182E+01 -.344398E+01 -.183723E+01 -.147570E+01 0.254760E+02
 0.220587E+01 -.343971E+01 -.181595E+01 -.148565E+01 0.272070E+02
 0.220000E+01 -.343668E+01 -.188732E+01 -.150589E+01 0.212182E+02
 0.220644E+01 -.345913E+01 -.186797E+01 -.164574E+01 0.262877E+02
 0.233325E+01 -.342195E+01 -.189400E+01 -.155734E+01 0.229617E+02
 0.220744E+01 -.343529E+01 -.188689E+01 -.150880E+01 0.212231E+02
 0.220108E+01 -.343596E+01 -.188662E+01 -.150893E+01 0.212186E+02
 0.231807E+01 -.343563E+01 -.188638E+01 -.142225E+01 0.251544E+02
 0.220157E+01 -.341318E+01 -.187730E+01 -.151033E+01 0.225379E+02
 0.220233E+01 -.342385E+01 -.188706E+01 -.147776E+01 0.219801E+02
 0.220312E+01 -.344608E+01 -.188832E+01 -.150921E+01 0.214369E+02
 0.220667E+01 -.343695E+01 -.189872E+01 -.142368E+01 0.238786E+02
 0.220000E+01 -.343687E+01 -.188893E+01 -.150926E+01 0.212278E+02
 0.220724E+01 -.343282E+01 -.188622E+01 -.149229E+01 0.213640E+02
 0.220800E+01 -.343243E+01 -.188734E+01 -.147837E+01 0.216370E+02
 0.220356E+01 -.343657E+01 -.188665E+01 -.150761E+01 0.212172E+02
 0.220277E+01 -.345003E+01 -.191456E+01 -.150772E+01 0.223987E+02
 0.221005E+01 -.346832E+01 -.188410E+01 -.150759E+01 0.233451E+02
 0.220000E+01 -.342489E+01 -.188078E+01 -.151418E+01 0.215276E+02
 0.220029E+01 -.344581E+01 -.189851E+01 -.150806E+01 0.215667E+02
 0.221046E+01 -.343584E+01 -.186985E+01 -.148119E+01 0.222766E+02
 0.220438E+01 -.342388E+01 -.186987E+01 -.159102E+01 0.229455E+02
 0.220401E+01 -.343706E+01 -.188395E+01 -.151345E+01 0.212221E+02
 0.223411E+01 -.343748E+01 -.179454E+01 -.150852E+01 0.282032E+02
 0.220028E+01 -.343409E+01 -.183462E+01 -.150890E+01 0.235088E+02
 0.220234E+01 -.346595E+01 -.192252E+01 -.146889E+01 0.235428E+02
 0.220321E+01 -.343339E+01 -.183877E+01 -.151234E+01 0.230242E+02
 0.230511E+01 -.339910E+01 -.187601E+01 -.148656E+01 0.251377E+02
 0.220907E+01 -.343466E+01 -.188410E+01 -.145669E+01 0.226493E+02
 0.220557E+01 -.344111E+01 -.198419E+01 -.149118E+01 0.284088E+02
 0.220317E+01 -.339836E+01 -.188628E+01 -.150998E+01 0.245761E+02
 0.220351E+01 -.343252E+01 -.189411E+01 -.150943E+01 0.213033E+02
 0.220832E+01 -.344910E+01 -.188410E+01 -.150853E+01 0.215748E+02
 0.220499E+01 -.341477E+01 -.188551E+01 -.151612E+01 0.222835E+02
 0.220000E+01 -.343644E+01 -.191945E+01 -.151632E+01 0.224951E+02
 0.220584E+01 -.343632E+01 -.185355E+01 -.150845E+01 0.221521E+02
 0.220067E+01 -.342708E+01 -.187653E+01 -.148183E+01 0.221139E+02
 0.221129E+01 -.341202E+01 -.190302E+01 -.150961E+01 0.227239E+02
 0.277178E+01 -.343813E+01 -.190702E+01 -.147532E+01 0.214458E+02
 0.220000E+01 -.344438E+01 -.188569E+01 -.150367E+01 0.213722E+02
 0.220510E+01 -.343561E+01 -.188651E+01 -.150844E+01 0.212183E+02
 0.220503E+01 -.342529E+01 -.188578E+01 -.150845E+01 0.214868E+02
 0.220234E+01 -.338800E+01 -.189807E+01 -.151193E+01 0.267779E+02
 0.220508E+01 -.344406E+01 -.185842E+01 -.150830E+01 0.219878E+02
 0.222301E+01 -.343815E+01 -.188152E+01 -.150326E+01 0.212904E+02
 0.220327E+01 -.343598E+01 -.188514E+01 -.148555E+01 0.214829E+02
 0.220828E+01 -.343414E+01 -.188026E+01 -.150866E+01 0.212640E+02
 0.221334E+01 -.343074E+01 -.193052E+01 -.150839E+01 0.229697E+02
 0.220769E+01 -.342335E+01 -.188835E+01 -.150747E+01 0.215861E+02
 0.220262E+01 -.343632E+01 -.188511E+01 -.150819E+01 0.212205E+02
 0.220000E+01 -.343131E+01 -.188782E+01 -.152149E+01 0.213597E+02
 0.220000E+01 -.344122E+01 -.188909E+01 -.150851E+01 0.212820E+02
 0.220303E+01 -.343626E+01 -.188755E+01 -.149775E+01 0.212540E+02
 0.220375E+01 -.343616E+01 -.188661E+01 -.150837E+01 0.212171E+02
 0.220729E+01 -.343662E+01 -.188728E+01 -.150663E+01 0.212213E+02
 0.220456E+01 -.343679E+01 -.188237E+01 -.150094E+01 0.212876E+02
 0.220198E+01 -.343607E+01 -.188530E+01 -.151578E+01 0.212336E+02
 0.222602E+01 -.343636E+01 -.191020E+01 -.151121E+01 0.217967E+02
 0.220592E+01 -.343463E+01 -.190822E+01 -.153879E+01 0.226844E+02
 0.220000E+01 -.343616E+01 -.195604E+01 -.150731E+01 0.255544E+02
 0.220425E+01 -.345379E+01 -.185667E+01 -.152318E+01 0.221883E+02
 0.220124E+01 -.343609E+01 -.187166E+01 -.150844E+01 0.214082E+02
 0.220322E+01 -.343622E+01 -.188855E+01 -.150973E+01 0.212243E+02
 0.221355E+01 -.346201E+01 -.195521E+01 -.145318E+01 0.243082E+02
 0.220000E+01 -.343690E+01 -.188985E+01 -.150710E+01 0.212250E+02
 0.220915E+01 -.346816E+01 -.188351E+01 -.151120E+01 0.233266E+02
 0.220794E+01 -.344021E+01 -.197057E+01 -.149138E+01 0.263320E+02
 0.220000E+01 -.348211E+01 -.190833E+01 -.152767E+01 0.267356E+02
 0.220385E+01 -.343597E+01 -.189827E+01 -.149873E+01 0.212577E+02
 0.220644E+01 -.346137E+01 -.186437E+01 -.150684E+01 0.228901E+02
 0.220245E+01 -.340790E+01 -.188979E+01 -.149303E+01 0.231169E+02
 0.220271E+01 -.343617E+01 -.188699E+01 -.151152E+01 0.212255E+02
 0.220287E+01 -.342980E+01 -.188716E+01 -.150197E+01 0.213222E+02
 0.222566E+01 -.343335E+01 -.189012E+01 -.154383E+01 0.218742E+02
 0.221244E+01 -.342306E+01 -.192604E+01 -.150311E+01 0.226760E+02
 0.220793E+01 -.343161E+01 -.192270E+01 -.149406E+01 0.219287E+02
 0.220320E+01 -.343628E+01 -.188657E+01 -.150768E+01 0.212168E+02
 0.220281E+01 -.343592E+01 -.188629E+01 -.150828E+01 0.212190E+02
 0.222157E+01 -.346219E+01 -.187888E+01 -.151633E+01 0.226202E+02
 0.221045E+01 -.343646E+01 -.188713E+01 -.152724E+01 0.213772E+02
 0.220417E+01 -.343557E+01 -.188282E+01 -.149876E+01 0.213071E+02
 0.220852E+01 -.343597E+01 -.185401E+01 -.151775E+01 0.218649E+02
 0.227944E+01 -.341412E+01 -.188702E+01 -.150844E+01 0.223458E+02
 0.220404E+01 -.343531E+01 -.191783E+01 -.150960E+01 0.221369E+02
 0.220626E+01 -.345252E+01 -.188667E+01 -.150999E+01 0.217885E+02
 0.227769E+01 -.346936E+01 -.182220E+01 -.164802E+01 0.251538E+02
 0.220382E+01 -.343290E+01 -.195255E+01 -.149874E+01 0.245075E+02
 0.220285E+01 -.344069E+01 -.188617E+01 -.150527E+01 0.212662E+02
 0.220288E+01 -.343771E+01 -.188787E+01 -.151204E+01 0.212378E+02
 0.220136E+01 -.341695E+01 -.200140E+01 -.138335E+01 0.243464E+02
 0.220444E+01 -.343775E+01 -.188944E+01 -.151685E+01 0.212878E+02
 0.220551E+01 -.343608E+01 -.188657E+01 -.150612E+01 0.212194E+02
 0.248280E+01 -.341380E+01 -.189108E+01 -.160027E+01 0.255803E+02
 0.220509E+01 -.343651E+01 -.188597E+01 -.150872E+01 0.212177E+02
 0.220228E+01 -.343594E+01 -.188657E+01 -.150930E+01 0.212198E+02
 0.224173E+01 -.343588E+01 -.188666E+01 -.148652E+01 0.214404E+02
 0.220241E+01 -.344750E+01 -.188599E+01 -.149232E+01 0.216036E+02
 0.220292E+01 -.343413E+01 -.188690E+01 -.150187E+01 0.212419E+02
 0.220819E+01 -.343742E+01 -.194739E+01 -.151702E+01 0.251959E+02
 0.221711E+01 -.344771E+01 -.188963E+01 -.150911E+01 0.215197E+02
 0.220000E+01 -.343603E+01 -.188681E+01 -.148829E+01 0.213872E+02
 0.220048E+01 -.343460E+01 -.188878E+01 -.150553E+01 0.212244E+02
 0.220166E+01 -.343731E+01 -.188665E+01 -.150810E+01 0.212214E+02
 0.222948E+01 -.343623E+01 -.190938E+01 -.152359E+01 0.221397E+02
 0.222701E+01 -.344973E+01 -.190086E+01 -.150980E+01 0.218546E+02
 0.222149E+01 -.347997E+01 -.188118E+01 -.150838E+01 0.250963E+02
 0.227978E+01 -.343971E+01 -.187401E+01 -.150716E+01 0.214210E+02
 0.220000E+01 -.349493E+01 -.188306E+01 -.150932E+01 0.280210E+02
 0.250404E+01 -.344654E+01 -.189663E+01 -.144339E+01 0.229976E+02
 0.220816E+01 -.343416E+01 -.183693E+01 -.148081E+01 0.250975E+02
 0.220602E+01 -.343909E+01 -.188453E+01 -.156450E+01 0.223208E+02
 0.220000E+01 -.343645E+01 -.188144E+01 -.151007E+01 0.212330E+02
 0.225198E+01 -.343893E+01 -.195983E+01 -.150845E+01 0.261787E+02
 0.220312E+01 -.343611E+01 -.188524E+01 -.150880E+01 0.212178E+02
 0.220331E+01 -.344620E+01 -.191167E+01 -.154678E+01 0.236338E+02
 0.220375E+01 -.343343E+01 -.187612E+01 -.151167E+01 0.213050E+02
 0.240216E+01 -.345024E+01 -.189516E+01 -.151488E+01 0.218532E+02
 0.220301E+01 -.343519E+01 -.186267E+01 -.152297E+01 0.214571E+02
 0.220000E+01 -.342166E+01 -.188703E+01 -.152242E+01 0.217770E+02
 0.220249E+01 -.343423E+01 -.187331E+01 -.150816E+01 0.213883E+02
 0.220000E+01 -.344114E+01 -.197617E+01 -.145404E+01 0.244652E+02
 0.220298E+01 -.342687E+01 -.188555E+01 -.150828E+01 0.214153E+02
 0.220414E+01 -.343298E+01 -.188610E+01 -.150737E+01 0.212418E+02
 0.220469E+01 -.343633E+01 -.188108E+01 -.149431E+01 0.214087E+02
 0.220348E+01 -.343638E+01 -.187810E+01 -.150894E+01 0.212742E+02
 0.220000E+01 -.343693E+01 -.180067E+01 -.152530E+01 0.260547E+02
 0.220046E+01 -.342457E+01 -.186178E+01 -.152633E+01 0.217986E+02
 0.220116E+01 -.342655E+01 -.182212E+01 -.152059E+01 0.243537E+02
 0.273557E+01 -.343771E+01 -.190795E+01 -.154694E+01 0.230506E+02
 0.224449E+01 -.343828E+01 -.189571E+01 -.150911E+01 0.213191E+02
 0.220261E+01 -.343704E+01 -.188666E+01 -.150672E+01 0.212208E+02
 0.220153E+01 -.343669E+01 -.192737E+01 -.143481E+01 0.219556E+02
 0.220295E+01 -.342578E+01 -.188575E+01 -.150863E+01 0.214625E+02
 0.220000E+01 -.343401E+01 -.190449E+01 -.150826E+01 0.215057E+02
 0.220000E+01 -.343625E+01 -.188153E+01 -.152335E+01 0.212568E+02
 0.220034E+01 -.343192E+01 -.189146E+01 -.152008E+01 0.213940E+02
 0.220601E+01 -.343814E+01 -.187905E+01 -.150864E+01 0.212696E+02
 0.220260E+01 -.343795E+01 -.186642E+01 -.151904E+01 0.213996E+02
 0.221425E+01 -.344469E+01 -.191670E+01 -.150989E+01 0.222934E+02
 0.220063E+01 -.342964E+01 -.188764E+01 -.150685E+01 0.213129E+02
 0.220060E+01 -.343634E+01 -.188646E+01 -.151233E+01 0.212256E+02
 0.220852E+01 -.342872E+01 -.188585E+01 -.152092E+01 0.213993E+02
 0.222432E+01 -.343960E+01 -.188552E+01 -.150843E+01 0.212498E+02
 0.220259E+01 -.343572E+01 -.188690E+01 -.148645E+01 0.214211E+02
 0.220391E+01 -.343614E+01 -.188662E+01 -.150714E+01 0.212174E+02
 0.220487E+01 -.343723E+01 -.188749E+01 -.150712E+01 0.212197E+02
 0.220297E+01 -.343970E+01 -.188478E+01 -.151089E+01 0.212453E+02
 0.220062E+01 -.343834E+01 -.188604E+01 -.150610E+01 0.212307E+02
 0.220289E+01 -.343653E+01 -.188956E+01 -.150769E+01 0.212261E+02
 0.220731E+01 -.343806E+01 -.190547E+01 -.152114E+01 0.218781E+02
 0.221146E+01 -.345418E+01 -.188588E+01 -.150700E+01 0.219010E+02
 0.259213E+01 -.343608E+01 -.199057E+01 -.146924E+01 0.270792E+02
 0.220319E+01 -.343601E+01 -.187784E+01 -.150745E+01 0.212921E+02
 0.220304E+01 -.343624E+01 -.188430E+01 -.150789E+01 0.212240E+02
 0.220834E+01 -.343718E+01 -.189046E+01 -.150730E+01 0.212300E+02
 0.220421E+01 -.345738E+01 -.189011E+01 -.150131E+01 0.221786E+02
 0.222181E+01 -.344771E+01 -.185751E+01 -.152749E+01 0.217768E+02
 0.220000E+01 -.344122E+01 -.186182E+01 -.150470E+01 0.218712E+02
 0.238943E+01 -.347421E+01 -.187908E+01 -.152711E+01 0.242633E+02
 0.220470E+01 -.343893E+01 -.194407E+01 -.151151E+01 0.244796E+02
 0.220682E+01 -.346648E+01 -.185644E+01 -.151132E+01 0.236360E+02
 0.220100E+01 -.340452E+01 -.188264E+01 -.152043E+01 0.235895E+02
 0.220133E+01 -.343481E+01 -.188720E+01 -.150796E+01 0.212229E+02
 0.220000E+01 -.344105E+01 -.189636E+01 -.150152E+01 0.213121E+02
 0.220000E+01 -.343314E+01 -.188138E+01 -.151508E+01 0.212493E+02
 0.221076E+01 -.342293E+01 -.186385E+01 -.150337E+01 0.222624E+02
 0.220000E+01 -.344248E+01 -.182932E+01 -.149209E+01 0.250426E+02
 0.220319E+01 -.343624E+01 -.188650E+01 -.150816E+01 0.212168E+02
 0.220329E+01 -.343644E+01 -.188435E+01 -.150784E+01 0.212222E+02
 0.220954E+01 -.343675E+01 -.188508E+01 -.152548E+01 0.213136E+02
 0.220616E+01 -.343601E+01 -.188994E+01 -.151320E+01 0.212587E+02
 0.230347E+01 -.343014E+01 -.188408E+01 -.148166E+01 0.217413E+02
 0.220775E+01 -.343598E+01 -.188910E+01 -.151407E+01 0.212566E+02
 0.220807E+01 -.343546E+01 -.189024E+01 -.148546E+01 0.213737E+02
 0.223258E+01 -.343711E+01 -.179643E+01 -.162222E+01 0.234470E+02
 0.220352E+01 -.345096E+01 -.188899E+01 -.150987E+01 0.217031E+02
 0.220000E+01 -.344254E+01 -.188592E+01 -.150337E+01 0.213160E+02
 0.220339E+01 -.343387E+01 -.188356E+01 -.150636E+01 0.212463E+02
 0.220882E+01 -.349358E+01 -.188014E+01 -.150199E+01 0.277707E+02
 0.220186E+01 -.343489E+01 -.194346E+01 -.153863E+01 0.263256E+02
 0.220298E+01 -.343582E+01 -.188656E+01 -.150693E+01 0.212199E+02
 0.237336E+01 -.346062E+01 -.188627E+01 -.157016E+01 0.239415E+02
 0.220260E+01 -.343738E+01 -.188609E+01 -.150827E+01 0.212207E+02
 0.220480E+01 -.343681E+01 -.188658E+01 -.150797E+01 0.212180E+02
 0.220000E+01 -.343683E+01 -.188683E+01 -.159621E+01 0.239567E+02
 0.229295E+01 -.343219E+01 -.195546E+01 -.143202E+01 0.222465E+02
 0.220307E+01 -.345097E+01 -.188684E+01 -.152712E+01 0.218489E+02
 0.220297E+01 -.342600E+01 -.188534E+01 -.149758E+01 0.215213E+02
 0.220596E+01 -.343594E+01 -.187762E+01 -.151532E+01 0.212458E+02
 0.220842E+01 -.343313E+01 -.188794E+01 -.150839E+01 0.212399E+02
 0.221794E+01 -.343782E+01 -.188650E+01 -.150970E+01 0.212289E+02
 0.220000E+01 -.343648E+01 -.188755E+01 -.152859E+01 0.214086E+02
 0.220212E+01 -.343669E+01 -.188662E+01 -.150843E+01 0.212183E+02
 0.220577E+01 -.343623E+01 -.182675E+01 -.150908E+01 0.241958E+02
 0.223593E+01 -.344159E+01 -.188516E+01 -.150657E+01 0.212947E+02
 0.221410E+01 -.342118E+01 -.188887E+01 -.150633E+01 0.217232E+02
 0.233414E+01 -.344382E+01 -.186985E+01 -.150833E+01 0.216129E+02
 0.330936E+01 -.346545E+01 -.193233E+01 -.137260E+01 0.282896E+02
 0.229703E+01 -.343281E+01 -.191878E+01 -.151133E+01 0.222450E+02
 0.220528E+01 -.345026E+01 -.188852E+01 -.149395E+01 0.216998E+02
 0.221167E+01 -.343625E+01 -.188302E+01 -.150799E+01 0.212317E+02
 0.220543E+01 -.343774E+01 -.192644E+01 -.150712E+01 0.226207E+02
 0.220181E+01 -.342851E+01 -.182656E+01 -.157850E+01 0.224031E+02
 0.220459E+01 -.344012E+01 -.191574E+01 -.150683E+01 0.219942E+02
 0.240758E+01 -.343878E+01 -.191566E+01 -.146824E+01 0.214861E+02
 0.229881E+01 -.346277E+01 -.190763E+01 -.152428E+01 0.236793E+02
 0.220090E+01 -.343491E+01 -.187837E+01 -.155498E+01 0.217487E+02
 0.220577E+01 -.346023E+01 -.188805E+01 -.150994E+01 0.224446E+02
 0.220249E+01 -.343624E+01 -.186398E+01 -.150694E+01 0.216905E+02
 0.220000E+01 -.342040E+01 -.188706E+01 -.150699E+01 0.217810E+02
 0.220308E+01 -.344979E+01 -.188660E+01 -.150052E+01 0.216344E+02
 0.220497E+01 -.343623E+01 -.185130E+01 -.149364E+01 0.229088E+02
 0.220243E+01 -.343639E+01 -.191447E+01 -.150908E+01 0.219429E+02
 0.220414E+01 -.344450E+01 -.189668E+01 -.153536E+01 0.220550E+02
 0.221222E+01 -.342711E+01 -.184398E+01 -.150419E+01 0.232352E+02
 0.220000E+01 -.343532E+01 -.187599E+01 -.153737E+01 0.213504E+02
 0.222823E+01 -.342952E+01 -.189503E+01 -.150376E+01 0.213427E+02
 0.220210E+01 -.343540E+01 -.188667E+01 -.150864E+01 0.212206E+02
 0.220000E+01 -.343777E+01 -.188606E+01 -.150732E+01 0.212241E+02
 0.220570E+01 -.344153E+01 -.188004E+01 -.149899E+01 0.214070E+02
 0.222984E+01 -.342834E+01 -.193765E+01 -.150786E+01 0.235880E+02
 0.222966E+01 -.343472E+01 -.188809E+01 -.153487E+01 0.215527E+02
 0.220125E+01 -.343126E+01 -.189463E+01 -.152775E+01 0.216343E+02
 0.220398E+01 -.344025E+01 -.189002E+01 -.150707E+01 0.212639E+02
 0.221399E+01 -.344805E+01 -.186286E+01 -.151193E+01 0.218689E+02
 0.221577E+01 -.343769E+01 -.188544E+01 -.151437E+01 0.212344E+02
 0.220000E+01 -.343628E+01 -.188722E+01 -.150922E+01 0.212199E+02
 0.220952E+01 -.343590E+01 -.188543E+01 -.150055E+01 0.212554E+02
 0.223724E+01 -.343411E+01 -.188459E+01 -.150760E+01 0.212452E+02
 0.220475E+01 -.343643E+01 -.188638E+01 -.151872E+01 0.212620E+02
 0.220286E+01 -.343612E+01 -.188649E+01 -.150845E+01 0.212189E+02
 0.220050E+01 -.343617E+01 -.188681E+01 -.150878E+01 0.212188E+02
 0.220789E+01 -.339573E+01 -.192495E+01 -.151116E+01 0.261227E+02
 0.220305E+01 -.343919E+01 -.188827E+01 -.151587E+01 0.212817E+02
 0.220617E+01 -.343591E+01 -.188646E+01 -.150271E+01 0.212339E+02
 0.220000E+01 -.343660E+01 -.187300E+01 -.150533E+01 0.214207E+02
 0.220533E+01 -.343579E+01 -.187416E+01 -.147184E+01 0.224515E+02
 0.232763E+01 -.343903E+01 -.192632E+01 -.150575E+01 0.225609E+02
 0.220514E+01 -.343660E+01 -.188954E+01 -.150748E+01 0.212235E+02
 0.220297E+01 -.343621E+01 -.188558E+01 -.150719E+01 0.212202E+02
 0.221036E+01 -.343673E+01 -.188863E+01 -.150824E+01 0.212228E+02
 0.220739E+01 -.341408E+01 -.189031E+01 -.149705E+01 0.223466E+02
 0.220974E+01 -.343710E+01 -.192464E+01 -.155534E+01 0.251935E+02
 0.220892E+01 -.344244E+01 -.179060E+01 -.152028E+01 0.277256E+02
 0.226089E+01 -.341469E+01 -.184385E+01 -.152193E+01 0.235747E+02
 0.220291E+01 -.344038E+01 -.188774E+01 -.151841E+01 0.213175E+02
 0.222517E+01 -.346510E+01 -.183604E+01 -.158257E+01 0.234350E+02
 0.220203E+01 -.344415E+01 -.192057E+01 -.151271E+01 0.226255E+02
 0.220407E+01 -.344413E+01 -.187969E+01 -.152983E+01 0.214280E+02
 0.220147E+01 -.343432E+01 -.188554E+01 -.150646E+01 0.212311E+02
 0.220647E+01 -.343513E+01 -.188529E+01 -.149530E+01 0.213144E+02
 0.220208E+01 -.344635E+01 -.189448E+01 -.150225E+01 0.214762E+02
 0.221626E+01 -.343351E+01 -.188166E+01 -.148749E+01 0.215639E+02
 0.220000E+01 -.344326E+01 -.185928E+01 -.150125E+01 0.221395E+02
 0.220674E+01 -.343965E+01 -.182440E+01 -.150734E+01 0.245198E+02
 0.220318E+01 -.343620E+01 -.188645E+01 -.150853E+01 0.212188E+02
 0.220369E+01 -.343666E+01 -.188481E+01 -.150875E+01 0.212194E+02
 0.220399E+01 -.343640E+01 -.188379E+01 -.149084E+01 0.214084E+02
 0.220182E+01 -.343635E+01 -.189494E+01 -.150828E+01 0.212798E+02
 0.220757E+01 -.343646E+01 -.191076E+01 -.150931E+01 0.217648E+02
 0.225804E+01 -.339740E+01 -.188392E+01 -.150813E+01 0.247935E+02
 0.220743E+01 -.343984E+01 -.187968E+01 -.149048E+01 0.215506E+02
 0.220224E+01 -.341826E+01 -.188471E+01 -.150883E+01 0.219572E+02
 0.238415E+01 -.342392E+01 -.194110E+01 -.142481E+01 0.223569E+02
 0.220000E+01 -.345894E+01 -.183208E+01 -.151153E+01 0.243923E+02
 0.220555E+01 -.343989E+01 -.188640E+01 -.151192E+01 0.212523E+02
 0.220335E+01 -.343399E+01 -.188516E+01 -.150520E+01 0.212390E+02
 0.220000E+01 -.338446E+01 -.190899E+01 -.152348E+01 0.282127E+02
 0.220277E+01 -.343229E+01 -.181962E+01 -.155269E+01 0.230437E+02
 0.220189E+01 -.343349E+01 -.194510E+01 -.151048E+01 0.244577E+02
 0.220030E+01 -.343656E+01 -.188723E+01 -.150795E+01 0.212188E+02
 0.220000E+01 -.343766E+01 -.189282E+01 -.153862E+01 0.218236E+02
 0.220075E+01 -.343561E+01 -.188644E+01 -.150838E+01 0.212193E+02
 0.220658E+01 -.343672E+01 -.188649E+01 -.150719E+01 0.212216E+02
 0.228685E+01 -.343670E+01 -.188648E+01 -.157391E+01 0.228023E+02
 0.220370E+01 -.347043E+01 -.190418E+01 -.150214E+01 0.239345E+02
 0.220343E+01 -.342892E+01 -.188722E+01 -.152579E+01 0.214696E+02
 0.220306E+01 -.342741E+01 -.188683E+01 -.150553E+01 0.213946E+02
 0.220594E+01 -.343735E+01 -.187109E+01 -.152191E+01 0.212908E+02
 0.228459E+01 -.348588E+01 -.183501E+01 -.150864E+01 0.279963E+02
 0.220291E+01 -.343569E+01 -.188491E+01 -.160332E+01 0.241932E+02
 0.220000E+01 -.343060E+01 -.188593E+01 -.150881E+01 0.212881E+02
 0.222097E+01 -.343770E+01 -.188626E+01 -.152578E+01 0.213475E+02
 0.220509E+01 -.343739E+01 -.188752E+01 -.151463E+01 0.212453E+02
 0.220485E+01 -.343556E+01 -.188660E+01 -.150848E+01 0.212183E+02
 0.220000E+01 -.343426E+01 -.187528E+01 -.150217E+01 0.214275E+02
 0.221768E+01 -.346141E+01 -.186186E+01 -.151766E+01 0.227652E+02
 0.223115E+01 -.343422E+01 -.187309E+01 -.150564E+01 0.214447E+02
 0.222961E+01 -.340661E+01 -.190346E+01 -.148811E+01 0.232174E+02
 0.233338E+01 -.343565E+01 -.189467E+01 -.151073E+01 0.213233E+02
 0.220497E+01 -.340146E+01 -.189223E+01 -.150719E+01 0.240073E+02
 0.250641E+01 -.342069E+01 -.188919E+01 -.147668E+01 0.222136E+02
 0.353055E+01 -.340050E+01 -.191170E+01 -.154036E+01 0.256214E+02
 0.220322E+01 -.343760E+01 -.189028E+01 -.145113E+01 0.225777E+02
 0.221686E+01 -.343649E+01 -.188700E+01 -.151078E+01 0.212240E+02
 0.220227E+01 -.343781E+01 -.189416E+01 -.150652E+01 0.212660E+02
 0.220106E+01 -.342812E+01 -.186393E+01 -.153664E+01 0.215291E+02
 0.220368E+01 -.344446E+01 -.189002E+01 -.150419E+01 0.213706E+02
 0.228433E+01 -.342724E+01 -.186637E+01 -.166295E+01 0.262646E+02
 0.220000E+01 -.345812E+01 -.188122E+01 -.150391E+01 0.222590E+02
 0.220238E+01 -.343457E+01 -.190007E+01 -.150951E+01 0.214006E+02
 0.220739E+01 -.345526E+01 -.188845E+01 -.146368E+01 0.228101E+02
 0.220332E+01 -.343812E+01 -.188024E+01 -.151035E+01 0.212460E+02
 0.220556E+01 -.345236E+01 -.188646E+01 -.150658E+01 0.217719E+02
 0.220381E+01 -.342849E+01 -.188658E+01 -.149837E+01 0.213950E+02
 0.220000E+01 -.343624E+01 -.189474E+01 -.150698E+01 0.212678E+02
 0.220271E+01 -.343621E+01 -.190393E+01 -.150885E+01 0.214995E+02
 0.220031E+01 -.343333E+01 -.194263E+01 -.148033E+01 0.226537E+02
 0.221760E+01 -.343810E+01 -.184759E+01 -.148938E+01 0.234388E+02
 0.241387E+01 -.343468E+01 -.185668E+01 -.149149E+01 0.227609E+02
 0.222871E+01 -.343403E+01 -.188457E+01 -.149722E+01 0.213194E+02
 0.220367E+01 -.343477E+01 -.188642E+01 -.150986E+01 0.212227E+02
 0.221960E+01 -.347905E+01 -.185289E+01 -.163562E+01 0.272064E+02
 0.220365E+01 -.344613E+01 -.188645E+01 -.150703E+01 0.214284E+02
 0.221012E+01 -.349119E+01 -.187037E+01 -.149242E+01 0.276470E+02
 0.222744E+01 -.342869E+01 -.188986E+01 -.150770E+01 0.213529E+02
 0.224517E+01 -.343626E+01 -.188449E+01 -.151715E+01 0.212460E+02
 0.220275E+01 -.343223E+01 -.189680E+01 -.149894E+01 0.212750E+02
 0.220492E+01 -.343708E+01 -.189498E+01 -.150638E+01 0.212668E+02
 0.220296E+01 -.343650E+01 -.195087E+01 -.148618E+01 0.236149E+02
 0.221182E+01 -.342940E+01 -.184674E+01 -.151576E+01 0.224713E+02
 0.221324E+01 -.344190E+01 -.188458E+01 -.151241E+01 0.212905E+02
 0.220506E+01 -.343627E+01 -.188680E+01 -.150765E+01 0.212175E+02
 0.220426E+01 -.344218E+01 -.188830E+01 -.149587E+01 0.213394E+02
 0.222181E+01 -.343264E+01 -.188694E+01 -.150730E+01 0.212497E+02
 0.220668E+01 -.343739E+01 -.188638E+01 -.153335E+01 0.214756E+02
 0.220300E+01 -.343610E+01 -.188654E+01 -.150919E+01 0.212183E+02
 0.220000E+01 -.343552E+01 -.188604E+01 -.150722E+01 0.212207E+02
 0.220481E+01 -.343454E+01 -.188787E+01 -.151004E+01 0.212285E+02
 0.221145E+01 -.343420E+01 -.188531E+01 -.150961E+01 0.212290E+02
 0.220998E+01 -.343654E+01 -.189854E+01 -.150716E+01 0.213316E+02
 0.220000E+01 -.343317E+01 -.186692E+01 -.146219E+01 0.235687E+02
 0.220187E+01 -.341095E+01 -.188326E+01 -.150780E+01 0.227127E+02
 0.220000E+01 -.344075E+01 -.182727E+01 -.153500E+01 0.229421E+02
 0.220603E+01 -.343698E+01 -.189601E+01 -.150840E+01 0.213037E+02
 0.220324E+01 -.343618E+01 -.188712E+01 -.150714E+01 0.212170E+02
 0.220571E+01 -.339243E+01 -.188118E+01 -.159967E+01 0.281492E+02
 0.221120E+01 -.343625E+01 -.188517E+01 -.150881E+01 0.212202E+02
 0.220867E+01 -.341845E+01 -.188095E+01 -.152020E+01 0.219686E+02
 0.220000E+01 -.342494E+01 -.196708E+01 -.146278E+01 0.239998E+02
 0.220810E+01 -.344323E+01 -.189206E+01 -.150271E+01 0.213421E+02
 0.220000E+01 -.341727E+01 -.183289E+01 -.151101E+01 0.245708E+02
 0.220308E+01 -.343132E+01 -.184641E+01 -.149578E+01 0.232835E+02
 0.220000E+01 -.340028E+01 -.193759E+01 -.151001E+01 0.262262E+02
 0.220587E+01 -.347244E+01 -.188596E+01 -.150718E+01 0.239159E+02
 0.253244E+01 -.341508E+01 -.204937E+01 -.130000E+01 0.278247E+02
 0.220318E+01 -.343728E+01 -.188506E+01 -.150887E+01 0.212204E+02
 0.220233E+01 -.348307E+01 -.189404E+01 -.149470E+01 0.257285E+02
 0.220396E+01 -.343729E+01 -.188400E+01 -.150952E+01 0.212222E+02
 0.220000E+01 -.343709E+01 -.188265E+01 -.149430E+01 0.213720E+02
 0.221631E+01 -.344197E+01 -.188029E+01 -.150844E+01 0.213182E+02
 0.220749E+01 -.343376E+01 -.187122E+01 -.151576E+01 0.213541E+02
 0.220319E+01 -.343624E+01 -.188654E+01 -.150874E+01 0.212169E+02
 0.220342E+01 -.343647E+01 -.188769E+01 -.150885E+01 0.212191E+02
 0.220000E+01 -.343615E+01 -.188693E+01 -.150518E+01 0.212207E+02
 0.220000E+01 -.343566E+01 -.188447E+01 -.149504E+01 0.213262E+02
 0.226348E+01 -.345439E+01 -.186948E+01 -.148909E+01 0.226322E+02
 0.220516E+01 -.343665E+01 -.190583E+01 -.151257E+01 0.216487E+02
 0.223244E+01 -.347847E+01 -.188142E+01 -.150694E+01 0.248493E+02
 0.220166E+01 -.344299E+01 -.189916E+01 -.150173E+01 0.214073E+02
 0.223818E+01 -.343847E+01 -.190553E+01 -.148861E+01 0.213320E+02
 0.220312E+01 -.343254E+01 -.188070E+01 -.150833E+01 0.212819E+02
 0.220474E+01 -.343329E+01 -.186666E+01 -.151867E+01 0.214299E+02
 0.220339E+01 -.343321E+01 -.188677E+01 -.152020E+01 0.212985E+02
 0.220287E+01 -.343499E+01 -.188716E+01 -.150936E+01 0.212239E+02
 0.220455E+01 -.343677E+01 -.187657E+01 -.148906E+01 0.216694E+02
 0.220162E+01 -.343680E+01 -.188774E+01 -.150652E+01 0.212196E+02
 0.220375E+01 -.341419E+01 -.185955E+01 -.163271E+01 0.250155E+02
 0.233319E+01 -.341578E+01 -.189663E+01 -.148407E+01 0.222542E+02
 0.220410E+01 -.343518E+01 -.188621E+01 -.150872E+01 0.212196E+02
 0.220206E+01 -.343600E+01 -.188653E+01 -.150682E+01 0.212198E+02
 0.233638E+01 -.343606E+01 -.188649E+01 -.147087E+01 0.219199E+02
 0.231542E+01 -.344164E+01 -.179594E+01 -.153824E+01 0.258983E+02
 0.220318E+01 -.342084E+01 -.188731E+01 -.152239E+01 0.218343E+02
 0.220320E+01 -.343386E+01 -.188773E+01 -.151069E+01 0.212354E+02
 0.235117E+01 -.339107E+01 -.189583E+01 -.155989E+01 0.274327E+02
 0.220351E+01 -.343646E+01 -.188212E+01 -.154208E+01 0.215377E+02
 0.220804E+01 -.343883E+01 -.188771E+01 -.150917E+01 0.212394E+02
 0.220000E+01 -.343755E+01 -.188643E+01 -.150248E+01 0.212354E+02
 0.220186E+01 -.343333E+01 -.188812E+01 -.149009E+01 0.213538E+02
 0.220489E+01 -.343584E+01 -.188658E+01 -.150820E+01 0.212178E+02
 0.232194E+01 -.343372E+01 -.192300E+01 -.152432E+01 0.231129E+02
 0.220607E+01 -.341016E+01 -.188229E+01 -.148316E+01 0.232421E+02
 0.220269E+01 -.344042E+01 -.187984E+01 -.150789E+01 0.212925E+02
 0.223189E+01 -.343543E+01 -.191198E+01 -.150722E+01 0.217616E+02
 0.222908E+01 -.343008E+01 -.189915E+01 -.151162E+01 0.214757E+02
 0.220000E+01 -.347541E+01 -.191885E+01 -.141987E+01 0.261470E+02
 0.220000E+01 -.345811E+01 -.188896E+01 -.146908E+01 0.228210E+02
 0.242762E+01 -.344040E+01 -.190547E+01 -.152988E+01 0.222149E+02
 0.220478E+01 -.342751E+01 -.187680E+01 -.154158E+01 0.215974E+02
 0.220662E+01 -.343697E+01 -.188763E+01 -.151015E+01 0.212271E+02
 0.220138E+01 -.343640E+01 -.184974E+01 -.151076E+01 0.222883E+02
 0.220319E+01 -.346101E+01 -.193215E+01 -.147393E+01 0.233868E+02
 0.220342E+01 -.344325E+01 -.186070E+01 -.150911E+01 0.218410E+02
 0.242506E+01 -.339800E+01 -.187826E+01 -.149007E+01 0.251497E+02
 0.220401E+01 -.343434E+01 -.189996E+01 -.146937E+01 0.215111E+02
 0.220000E+01 -.340664E+01 -.188659E+01 -.148741E+01 0.234526E+02
 0.220363E+01 -.343574E+01 -.190461E+01 -.151148E+01 0.215702E+02
 0.220404E+01 -.346333E+01 -.188445E+01 -.150674E+01 0.227497E+02
 0.220391E+01 -.341608E+01 -.188604E+01 -.150140E+01 0.221706E+02
 0.220271E+01 -.343624E+01 -.191801E+01 -.151841E+01 0.224862E+02
 0.220504E+01 -.343612E+01 -.186710E+01 -.150789E+01 0.215562E+02
 0.220000E+01 -.342497E+01 -.190820E+01 -.144146E+01 0.224593E+02
 0.220590E+01 -.348039E+01 -.189784E+01 -.150823E+01 0.253922E+02
 0.220356E+01 -.346278E+01 -.189642E+01 -.150570E+01 0.228121E+02
 0.220000E+01 -.343521E+01 -.189231E+01 -.149946E+01 0.212279E+02
 0.224582E+01 -.343907E+01 -.188113E+01 -.150275E+01 0.213185E+02
 0.220592E+01 -.343719E+01 -.188636E+01 -.150869E+01 0.212197E+02
 0.220262E+01 -.344103E+01 -.188616E+01 -.150873E+01 0.212689E+02
 0.221943E+01 -.343584E+01 -.184855E+01 -.150815E+01 0.224761E+02
 0.224264E+01 -.343740E+01 -.187930E+01 -.149013E+01 0.215641E+02
 0.220423E+01 -.343727E+01 -.188457E+01 -.147911E+01 0.216685E+02
 0.220994E+01 -.343370E+01 -.188203E+01 -.151097E+01 0.212446E+02
 0.220399E+01 -.342154E+01 -.190138E+01 -.151961E+01 0.220709E+02
 0.220000E+01 -.343292E+01 -.188647E+01 -.150895E+01 0.212419E+02
 0.220795E+01 -.343622E+01 -.188621E+01 -.150667E+01 0.212226E+02
 0.220000E+01 -.343885E+01 -.188889E+01 -.152671E+01 0.214273E+02
 0.220147E+01 -.343659E+01 -.188817E+01 -.150841E+01 0.212203E+02
 0.220568E+01 -.343629E+01 -.188694E+01 -.151394E+01 0.212341E+02
 0.220351E+01 -.343614E+01 -.188661E+01 -.150806E+01 0.212171E+02
 0.220596E+01 -.343581E+01 -.188713E+01 -.150553E+01 0.212198E+02
 0.220620E+01 -.343312E+01 -.188341E+01 -.150376E+01 0.212760E+02
 0.220597E+01 -.343673E+01 -.188489E+01 -.151359E+01 0.212238E+02
 0.221141E+01 -.343608E+01 -.189585E+01 -.151010E+01 0.213138E+02
 0.220807E+01 -.343247E+01 -.188211E+01 -.152358E+01 0.213001E+02
 0.220332E+01 -.346026E+01 -.188676E+01 -.150629E+01 0.224359E+02
 0.250396E+01 -.343561E+01 -.183997E+01 -.151607E+01 0.229070E+02
 0.220479E+01 -.343630E+01 -.189797E+01 -.150876E+01 0.213383E+02
 0.220289E+01 -.344010E+01 -.188576E+01 -.154287E+01 0.217038E+02
 0.220339E+01 -.343622E+01 -.188824E+01 -.150841E+01 0.212197E+02
 0.220570E+01 -.343611E+01 -.188408E+01 -.150771E+01 0.212249E+02
 0.220620E+01 -.347078E+01 -.188041E+01 -.152707E+01 0.237250E+02
 0.221786E+01 -.342013E+01 -.189634E+01 -.146805E+01 0.222041E+02
 0.220444E+01 -.343948E+01 -.196737E+01 -.149234E+01 0.259574E+02
 0.230491E+01 -.342927E+01 -.187479E+01 -.150314E+01 0.215758E+02
 0.220377E+01 -.342757E+01 -.187502E+01 -.148756E+01 0.219720E+02
 0.220481E+01 -.339318E+01 -.189046E+01 -.150760E+01 0.255636E+02
 0.220472E+01 -.344262E+01 -.189117E+01 -.148920E+01 0.213944E+02
 0.220240E+01 -.343795E+01 -.188531E+01 -.151047E+01 0.212247E+02
 0.220555E+01 -.339055E+01 -.187767E+01 -.150127E+01 0.264358E+02
 0.220526E+01 -.342961E+01 -.187641E+01 -.151385E+01 0.213746E+02
 0.221128E+01 -.343639E+01 -.188752E+01 -.152033E+01 0.212920E+02
 0.221685E+01 -.343675E+01 -.190545E+01 -.151401E+01 0.216642E+02
 0.220382E+01 -.343219E+01 -.192070E+01 -.151775E+01 0.226504E+02
 0.220320E+01 -.343626E+01 -.188658E+01 -.150828E+01 0.212167E+02
 0.220292E+01 -.343606E+01 -.188867E+01 -.150850E+01 0.212235E+02
 0.220644E+01 -.343606E+01 -.188915E+01 -.151916E+01 0.213062E+02
 0.220402E+01 -.343557E+01 -.188188E+01 -.150843E+01 0.212375E+02
 0.220000E+01 -.339805E+01 -.189944E+01 -.151321E+01 0.247255E+02
 0.220459E+01 -.343674E+01 -.188121E+01 -.151796E+01 0.212297E+02
 0.231855E+01 -.342372E+01 -.189136E+01 -.150750E+01 0.215851E+02
 0.220368E+01 -.343282E+01 -.190017E+01 -.151151E+01 0.214464E+02
 0.220656E+01 -.344990E+01 -.188616E+01 -.150952E+01 0.216213E+02
 0.232469E+01 -.343541E+01 -.189487E+01 -.152417E+01 0.215351E+02
 0.220781E+01 -.341470E+01 -.190753E+01 -.151761E+01 0.227883E+02
 0.220000E+01 -.343525E+01 -.188623E+01 -.151584E+01 0.212431E+02
 0.220291E+01 -.343790E+01 -.188657E+01 -.151172E+01 0.212310E+02
 0.220524E+01 -.345940E+01 -.186226E+01 -.149755E+01 0.230561E+02
 0.220631E+01 -.343943E+01 -.183502E+01 -.150920E+01 0.234194E+02
 0.220401E+01 -.343620E+01 -.188587E+01 -.150732E+01 0.212186E+02
 0.220222E+01 -.346434E+01 -.186311E+01 -.162172E+01 0.251605E+02
 0.234887E+01 -.341099E+01 -.189012E+01 -.148991E+01 0.228045E+02
 0.220646E+01 -.343595E+01 -.188591E+01 -.150850E+01 0.212210E+02
 0.220034E+01 -.343590E+01 -.188661E+01 -.150965E+01 0.212197E+02
 0.228842E+01 -.343588E+01 -.188666E+01 -.148930E+01 0.214041E+02
 0.220156E+01 -.343689E+01 -.188659E+01 -.151011E+01 0.212217E+02
 0.220329E+01 -.344093E+01 -.188788E+01 -.151179E+01 0.212816E+02
 0.220995E+01 -.343533E+01 -.188347E+01 -.150969E+01 0.212261E+02
 0.220732E+01 -.343636E+01 -.187877E+01 -.142684E+01 0.254045E+02
 0.220000E+01 -.344307E+01 -.189009E+01 -.150849E+01 0.213374E+02
 0.223158E+01 -.343640E+01 -.188666E+01 -.149061E+01 0.213640E+02
 0.220000E+01 -.343235E+01 -.188756E+01 -.147629E+01 0.216840E+02
 0.220285E+01 -.343726E+01 -.188656E+01 -.150792E+01 0.212212E+02
 0.242750E+01 -.343443E+01 -.192152E+01 -.151734E+01 0.226599E+02
 0.220211E+01 -.346752E+01 -.187514E+01 -.149380E+01 0.235406E+02
 0.220000E+01 -.344258E+01 -.189320E+01 -.150976E+01 0.213647E+02
 0.222308E+01 -.346404E+01 -.189974E+01 -.151329E+01 0.231564E+02
 0.222285E+01 -.343700E+01 -.188526E+01 -.151052E+01 0.212247E+02
 0.220410E+01 -.345891E+01 -.191346E+01 -.150845E+01 0.230853E+02
 0.272131E+01 -.343030E+01 -.188154E+01 -.144223E+01 0.240652E+02
 0.261390E+01 -.343065E+01 -.188512E+01 -.163089E+01 0.259359E+02
 0.223260E+01 -.343715E+01 -.181661E+01 -.151659E+01 0.248122E+02
 0.220647E+01 -.343309E+01 -.186695E+01 -.156110E+01 0.216433E+02
 0.220000E+01 -.343657E+01 -.188369E+01 -.150859E+01 0.212246E+02
 0.224186E+01 -.344036E+01 -.196349E+01 -.150868E+01 0.267567E+02
 0.220439E+01 -.343491E+01 -.186597E+01 -.150906E+01 0.215799E+02
 0.220409E+01 -.347421E+01 -.187112E+01 -.149021E+01 0.246892E+02
 0.220436E+01 -.343987E+01 -.186359E+01 -.151562E+01 0.215395E+02
 0.231572E+01 -.338826E+01 -.185543E+01 -.150574E+01 0.280180E+02
 0.235712E+01 -.343401E+01 -.190575E+01 -.151915E+01 0.218198E+02
 0.220497E+01 -.343599E+01 -.186196E+01 -.151467E+01 0.216030E+02
 0.220439E+01 -.339073E+01 -.188595E+01 -.151771E+01 0.261499E+02
 0.220252E+01 -.343428E+01 -.189490E+01 -.150909E+01 0.212909E+02
 0.220000E+01 -.344214E+01 -.188440E+01 -.150731E+01 0.212973E+02
 0.220410E+01 -.341182E+01 -.188575E+01 -.150777E+01 0.225859E+02
 0.220162E+01 -.343624E+01 -.186501E+01 -.151912E+01 0.214340E+02
 0.220658E+01 -.343629E+01 -.187099E+01 -.150892E+01 0.214210E+02
 0.220151E+01 -.343331E+01 -.184623E+01 -.145192E+01 0.266456E+02
 0.220390E+01 -.339143E+01 -.188302E+01 -.150845E+01 0.260220E+02
 0.267806E+01 -.344416E+01 -.182156E+01 -.152054E+01 0.243754E+02
 0.220474E+01 -.346670E+01 -.187708E+01 -.151222E+01 0.231412E+02
 0.220000E+01 -.342415E+01 -.194292E+01 -.147145E+01 0.225684E+02
 0.236419E+01 -.343648E+01 -.191508E+01 -.150869E+01 0.219586E+02
 0.220000E+01 -.344156E+01 -.189665E+01 -.150656E+01 0.213635E+02
 0.220409E+01 -.343607E+01 -.188653E+01 -.150774E+01 0.212172E+02
 0.220126E+01 -.342752E+01 -.188635E+01 -.150971E+01 0.213879E+02
 0.220116E+01 -.340707E+01 -.188894E+01 -.152083E+01 0.232497E+02
 0.220757E+01 -.343797E+01 -.184757E+01 -.150833E+01 0.225168E+02
 0.220000E+01 -.343764E+01 -.187948E+01 -.151730E+01 0.212343E+02
 0.220280E+01 -.343357E+01 -.189527E+01 -.149606E+01 0.212481E+02
 0.220363E+01 -.343362E+01 -.187924E+01 -.150866E+01 0.212806E+02
 0.220292E+01 -.343800E+01 -.190419E+01 -.152311E+01 0.218763E+02
 0.220504E+01 -.342264E+01 -.191013E+01 -.151397E+01 0.222079E+02
 0.222364E+01 -.343197E+01 -.188661E+01 -.151303E+01 0.212739E+02
 0.220416E+01 -.343625E+01 -.188611E+01 -.150823E+01 0.212173E+02
 0.220795E+01 -.343055E+01 -.188660E+01 -.150193E+01 0.213076E+02
 0.220000E+01 -.343968E+01 -.188845E+01 -.150920E+01 0.212517E+02
 0.220129E+01 -.343563E+01 -.188716E+01 -.148900E+01 0.213697E+02
 0.220389E+01 -.343621E+01 -.188661E+01 -.150734E+01 0.212172E+02
 0.220404E+01 -.343703E+01 -.188775E+01 -.150487E+01 0.212201E+02
 0.220354E+01 -.343654E+01 -.188310E+01 -.150982E+01 0.212232E+02
 0.220324E+01 -.343812E+01 -.188521E+01 -.150866E+01 0.212255E+02
 0.220000E+01 -.343588E+01 -.187452E+01 -.150774E+01 0.213508E+02
 0.221182E+01 -.343337E+01 -.189408E+01 -.156536E+01 0.229170E+02
 0.222334E+01 -.344368E+01 -.188429E+01 -.150563E+01 0.213547E+02
 0.234083E+01 -.343616E+01 -.189276E+01 -.149207E+01 0.212977E+02
 0.220285E+01 -.343607E+01 -.188266E+01 -.150822E+01 0.212321E+02
 0.220323E+01 -.343621E+01 -.188803E+01 -.150785E+01 0.212201E+02
 0.220277E+01 -.343639E+01 -.188632E+01 -.150692E+01 0.212188E+02
 0.220472E+01 -.343277E+01 -.189334E+01 -.152791E+01 0.215716E+02
 0.220110E+01 -.344139E+01 -.183662E+01 -.156725E+01 0.218882E+02
 0.221601E+01 -.343816E+01 -.182184E+01 -.148587E+01 0.264448E+02
 0.220369E+01 -.344016E+01 -.182222E+01 -.151366E+01 0.243563E+02
 0.225235E+01 -.344704E+01 -.190400E+01 -.152845E+01 0.223266E+02
 0.220386E+01 -.344020E+01 -.192220E+01 -.149905E+01 0.221065E+02
 0.223624E+01 -.347789E+01 -.186035E+01 -.151592E+01 0.249900E+02
 0.220584E+01 -.340366E+01 -.185327E+01 -.150874E+01 0.248799E+02
 0.220263E+01 -.340439E+01 -.188471E+01 -.150520E+01 0.235969E+02
 0.220123E+01 -.343712E+01 -.188709E+01 -.151066E+01 0.212234E+02
 0.230697E+01 -.341849E+01 -.183751E+01 -.167502E+01 0.254535E+02
 0.220529E+01 -.343359E+01 -.189259E+01 -.151451E+01 0.213199E+02
 0.221020E+01 -.343482E+01 -.188886E+01 -.153034E+01 0.214746E+02
 0.220353E+01 -.343743E+01 -.191401E+01 -.150907E+01 0.219281E+02
 0.220128E+01 -.343485E+01 -.186729E+01 -.151169E+01 0.214872E+02
 0.220321E+01 -.343628E+01 -.188661E+01 -.150792E+01 0.212168E+02
 0.220285E+01 -.343595E+01 -.188592E+01 -.150841E+01 0.212195E+02
 0.220414E+01 -.343635E+01 -.188841E+01 -.152035E+01 0.213073E+02
 0.220533E+01 -.343652E+01 -.188946E+01 -.151529E+01 0.212673E+02
 0.225566E+01 -.340893E+01 -.191227E+01 -.148616E+01 0.229748E+02
 0.220259E+01 -.343634E+01 -.186882E+01 -.150996E+01 0.214597E+02
 0.243145E+01 -.339476E+01 -.189022E+01 -.150765E+01 0.252464E+02
 0.220815E+01 -.343475E+01 -.189855E+01 -.150108E+01 0.212756E+02
 0.220145E+01 -.343523E+01 -.195617E+01 -.151498E+01 0.261544E+02
 0.220469E+01 -.344927E+01 -.188801E+01 -.150931E+01 0.215901E+02
 0.220000E+01 -.345306E+01 -.185564E+01 -.144311E+01 0.267878E+02
 0.220335E+01 -.343887E+01 -.191137E+01 -.150662E+01 0.217547E+02
 0.220616E+01 -.343991E+01 -.188613E+01 -.150088E+01 0.212751E+02
 0.220304E+01 -.343638E+01 -.188599E+01 -.151186E+01 0.212232E+02
 0.220456E+01 -.343942E+01 -.182310E+01 -.152656E+01 0.236048E+02
 0.220065E+01 -.343610E+01 -.188554E+01 -.150692E+01 0.212202E+02
 0.220308E+01 -.342239E+01 -.186320E+01 -.153770E+01 0.218497E+02
 0.220000E+01 -.344409E+01 -.188739E+01 -.152727E+01 0.215266E+02
 0.220350E+01 -.343754E+01 -.188637E+01 -.150823E+01 0.212205E+02
 0.220056E+01 -.343686E+01 -.188665E+01 -.151038E+01 0.212219E+02
 0.220000E+01 -.343590E+01 -.188679E+01 -.156845E+01 0.225869E+02
 0.225025E+01 -.342447E+01 -.196095E+01 -.146701E+01 0.236745E+02
 0.220729E+01 -.348857E+01 -.186601E+01 -.151337E+01 0.267842E+02
 0.220199E+01 -.344938E+01 -.188601E+01 -.149957E+01 0.216208E+02
 0.220321E+01 -.343577E+01 -.188687E+01 -.150649E+01 0.212180E+02
 0.220563E+01 -.343643E+01 -.196859E+01 -.150891E+01 0.274445E+02
 0.231148E+01 -.344753E+01 -.194935E+01 -.138678E+01 0.240730E+02
 0.220411E+01 -.343611E+01 -.188065E+01 -.157378E+01 0.224559E+02
 0.220771E+01 -.343704E+01 -.188988E+01 -.150792E+01 0.212315E+02
 0.220171E+01 -.343573E+01 -.188674E+01 -.152212E+01 0.213007E+02
 0.220561E+01 -.343636E+01 -.188778E+01 -.150358E+01 0.212219E+02
 0.220196E+01 -.343699E+01 -.188657E+01 -.150802E+01 0.212200E+02
 0.228722E+01 -.343562E+01 -.183176E+01 -.151059E+01 0.237222E+02
 0.221793E+01 -.347212E+01 -.187153E+01 -.152760E+01 0.238490E+02
 0.221128E+01 -.343628E+01 -.189515E+01 -.150915E+01 0.212908E+02
 0.220516E+01 -.348297E+01 -.188406E+01 -.150860E+01 0.256196E+02
 0.221541E+01 -.344160E+01 -.187528E+01 -.150631E+01 0.214061E+02
 0.296344E+01 -.340084E+01 -.187684E+01 -.154842E+01 0.245352E+02
 0.237904E+01 -.344051E+01 -.192959E+01 -.151867E+01 0.234658E+02
 0.220000E+01 -.343326E+01 -.182489E+01 -.149670E+01 0.252569E+02
 0.220460E+01 -.344266E+01 -.186527E+01 -.151765E+01 0.215088E+02
 0.220826E+01 -.343635E+01 -.188287E+01 -.151118E+01 0.212259E+02
 0.220541E+01 -.343605E+01 -.190500E+01 -.150674E+01 0.214930E+02
 0.220223E+01 -.344550E+01 -.183933E+01 -.154929E+01 0.220211E+02
 0.220430E+01 -.343380E+01 -.189999E+01 -.150882E+01 0.213932E+02
 0.226456E+01 -.346432E+01 -.189501E+01 -.153610E+01 0.235679E+02
 0.220527E+01 -.343609E+01 -.187177E+01 -.152981E+01 0.212793E+02
 0.220129E+01 -.344146E+01 -.183579E+01 -.149537E+01 0.241507E+02
 0.220411E+01 -.342893E+01 -.188777E+01 -.151687E+01 0.213753E+02
 0.220203E+01 -.343743E+01 -.187496E+01 -.150774E+01 0.213429E+02
 0.220641E+01 -.342171E+01 -.188537E+01 -.150805E+01 0.216972E+02
 0.220322E+01 -.347190E+01 -.188617E+01 -.151325E+01 0.238580E+02
 0.220019E+01 -.343626E+01 -.185312E+01 -.149986E+01 0.225001E+02
 0.220543E+01 -.343645E+01 -.189577E+01 -.150971E+01 0.213073E+02
 0.220234E+01 -.344076E+01 -.187711E+01 -.152463E+01 0.212889E+02
 0.221510E+01 -.340685E+01 -.185521E+01 -.150515E+01 0.243897E+02
 0.235715E+01 -.343687E+01 -.189807E+01 -.150608E+01 0.213399E+02
 0.226407E+01 -.343444E+01 -.190215E+01 -.151047E+01 0.214820E+02
 0.220186E+01 -.343529E+01 -.188672E+01 -.150774E+01 0.212193E+02
 0.220000E+01 -.343761E+01 -.188617E+01 -.150844E+01 0.212224E+02
 0.220471E+01 -.338884E+01 -.189508E+01 -.148554E+01 0.265870E+02
 0.221906E+01 -.343290E+01 -.193260E+01 -.150847E+01 0.231304E+02
 0.224973E+01 -.343608E+01 -.188291E+01 -.152434E+01 0.212920E+02
 0.220211E+01 -.343442E+01 -.189744E+01 -.152526E+01 0.216378E+02
 0.220618E+01 -.343860E+01 -.188689E+01 -.150631E+01 0.212337E+02
 0.220451E+01 -.344093E+01 -.189705E+01 -.150439E+01 0.213356E+02
 0.220000E+01 -.338607E+01 -.188214E+01 -.150691E+01 0.273143E+02
 0.221703E+01 -.343567E+01 -.188648E+01 -.150942E+01 0.212218E+02
 0.220000E+01 -.343628E+01 -.188610E+01 -.150948E+01 0.212186E+02
 0.221036E+01 -.342955E+01 -.188481E+01 -.149181E+01 0.214779E+02
 0.220917E+01 -.343381E+01 -.188762E+01 -.150825E+01 0.212314E+02
 0.220252E+01 -.343611E+01 -.188731E+01 -.148208E+01 0.215032E+02
 0.220340E+01 -.343624E+01 -.188659E+01 -.150755E+01 0.212169E+02
 0.220182E+01 -.343708E+01 -.188716E+01 -.150711E+01 0.212192E+02
 0.220307E+01 -.343800E+01 -.188512E+01 -.151508E+01 0.212364E+02
 0.220574E+01 -.343559E+01 -.188539E+01 -.150462E+01 0.212299E+02
 0.220957E+01 -.343688E+01 -.188258E+01 -.150639E+01 0.212425E+02
 0.220481E+01 -.343795E+01 -.188492E+01 -.150145E+01 0.212564E+02
 0.220498E+01 -.341132E+01 -.188346E+01 -.150879E+01 0.226633E+02
 0.220000E+01 -.343673E+01 -.193303E+01 -.148394E+01 0.221891E+02
 0.220231E+01 -.343640E+01 -.188056E+01 -.150750E+01 0.212549E+02
 0.221447E+01 -.343771E+01 -.188645E+01 -.162249E+01 0.255188E+02
 0.220306E+01 -.343620E+01 -.188580E+01 -.150681E+01 0.212211E+02
 0.220092E+01 -.343659E+01 -.188834E+01 -.150660E+01 0.212195E+02
 0.220384E+01 -.341854E+01 -.189106E+01 -.149958E+01 0.219197E+02
 0.220767E+01 -.343905E+01 -.192191E+01 -.150512E+01 0.222586E+02
 0.220454E+01 -.343889E+01 -.180182E+01 -.151321E+01 0.267601E+02
 0.220888E+01 -.344557E+01 -.190733E+01 -.152820E+01 0.224284E+02
 0.220320E+01 -.344216E+01 -.191493E+01 -.151407E+01 0.222435E+02
 0.220031E+01 -.344763E+01 -.189608E+01 -.151029E+01 0.216263E+02
 0.220180E+01 -.341217E+01 -.188209E+01 -.152048E+01 0.225825E+02
 0.220000E+01 -.344207E+01 -.191686E+01 -.158365E+01 0.264577E+02
 0.220092E+01 -.343519E+01 -.188586E+01 -.150951E+01 0.212210E+02
 0.220515E+01 -.346566E+01 -.189406E+01 -.151116E+01 0.231486E+02
 0.220459E+01 -.344171E+01 -.188689E+01 -.150638E+01 0.212835E+02
 0.220257E+01 -.343290E+01 -.188069E+01 -.149719E+01 0.213979E+02
 0.220537E+01 -.344041E+01 -.187411E+01 -.150400E+01 0.214422E+02
 0.220410E+01 -.343757E+01 -.184889E+01 -.150984E+01 0.223716E+02
 0.220321E+01 -.343627E+01 -.188659E+01 -.150830E+01 0.212170E+02
 0.220364E+01 -.343611E+01 -.188424E+01 -.150856E+01 0.212230E+02
 0.220000E+01 -.343632E+01 -.188334E+01 -.148961E+01 0.214425E+02
 0.220296E+01 -.343587E+01 -.189106E+01 -.150434E+01 0.212244E+02
 0.230465E+01 -.345569E+01 -.188139E+01 -.146482E+01 0.231837E+02
 0.220180E+01 -.343621E+01 -.188346E+01 -.150206E+01 0.212622E+02
 0.240248E+01 -.341133E+01 -.188867E+01 -.150761E+01 0.226554E+02
 0.220925E+01 -.343807E+01 -.189330E+01 -.150269E+01 0.212408E+02
 0.220143E+01 -.344815E+01 -.188577E+01 -.150802E+01 0.215230E+02
 0.228898E+01 -.342930E+01 -.188729E+01 -.142996E+01 0.244603E+02
 0.220167E+01 -.344930E+01 -.188433E+01 -.150678E+01 0.215871E+02
 0.220691E+01 -.343658E+01 -.188650E+01 -.151019E+01 0.212227E+02
 0.220330E+01 -.343475E+01 -.188634E+01 -.150572E+01 0.212252E+02
 0.220558E+01 -.346568E+01 -.188245E+01 -.151012E+01 0.230124E+02
 0.220121E+01 -.343644E+01 -.189498E+01 -.152898E+01 0.216392E+02
 0.220000E+01 -.343628E+01 -.188699E+01 -.150773E+01 0.212184E+02
 0.220381E+01 -.339649E+01 -.186629E+01 -.145789E+01 0.278721E+02
 0.229893E+01 -.344272E+01 -.189092E+01 -.153886E+01 0.218558E+02
 0.220312E+01 -.343805E+01 -.188664E+01 -.150847E+01 0.212264E+02
 0.220638E+01 -.343704E+01 -.188659E+01 -.150823E+01 0.212220E+02
 0.232416E+01 -.343624E+01 -.188686E+01 -.153125E+01 0.214620E+02
 0.220350E+01 -.344738E+01 -.188687E+01 -.149593E+01 0.215413E+02
 0.220315E+01 -.343235E+01 -.188579E+01 -.150262E+01 0.212698E+02
 0.220164E+01 -.343689E+01 -.189999E+01 -.150817E+01 0.213814E+02
 0.220000E+01 -.348691E+01 -.186357E+01 -.157843E+01 0.269891E+02
 0.220226E+01 -.343607E+01 -.188220E+01 -.164989E+01 0.269311E+02
 0.220831E+01 -.343151E+01 -.188615E+01 -.150877E+01 0.212677E+02
 0.220000E+01 -.343681E+01 -.188649E+01 -.151590E+01 0.212444E+02
 0.220772E+01 -.343951E+01 -.188731E+01 -.152948E+01 0.214450E+02
 0.220291E+01 -.343604E+01 -.188663E+01 -.150796E+01 0.212189E+02
 0.229680E+01 -.343457E+01 -.185309E+01 -.150654E+01 0.223249E+02
 0.221224E+01 -.343319E+01 -.186641E+01 -.151937E+01 0.214343E+02
 0.221959E+01 -.343133E+01 -.188887E+01 -.150797E+01 0.212753E+02
 0.221141E+01 -.344079E+01 -.188789E+01 -.150536E+01 0.212660E+02
 0.220000E+01 -.346435E+01 -.188410E+01 -.150825E+01 0.228620E+02
 0.226344E+01 -.341328E+01 -.192234E+01 -.153924E+01 0.248647E+02
 0.220000E+01 -.344285E+01 -.191019E+01 -.141778E+01 0.236126E+02
 0.236882E+01 -.343444E+01 -.190129E+01 -.149179E+01 0.213027E+02
 0.220199E+01 -.344212E+01 -.187726E+01 -.147986E+01 0.219953E+02
 0.220720E+01 -.343657E+01 -.188566E+01 -.151330E+01 0.212284E+02
 0.220209E+01 -.343714E+01 -.189500E+01 -.150557E+01 0.212628E+02
 0.220105E+01 -.341868E+01 -.187327E+01 -.156725E+01 0.226368E+02
 0.220293E+01 -.344121E+01 -.190870E+01 -.150555E+01 0.216741E+02
 0.226154E+01 -.342918E+01 -.188833E+01 -.161617E+01 0.253791E+02
 0.224200E+01 -.344463E+01 -.188020E+01 -.150995E+01 0.213994E+02
 0.220518E+01 -.343629E+01 -.188737E+01 -.151412E+01 0.212380E+02
 0.220000E+01 -.343360E+01 -.193657E+01 -.148436E+01 0.224027E+02
 0.220298E+01 -.346450E+01 -.188766E+01 -.151323E+01 0.229195E+02
 0.220260E+01 -.343749E+01 -.186789E+01 -.150936E+01 0.215005E+02
 0.220325E+01 -.344176E+01 -.188749E+01 -.150823E+01 0.212869E+02
 0.220268E+01 -.345347E+01 -.188688E+01 -.150499E+01 0.218546E+02
 0.220145E+01 -.343626E+01 -.187050E+01 -.150271E+01 0.215486E+02
 0.220460E+01 -.343625E+01 -.189942E+01 -.150825E+01 0.213623E+02
 0.220321E+01 -.344052E+01 -.190982E+01 -.156318E+01 0.241785E+02
 0.220868E+01 -.344842E+01 -.184032E+01 -.150556E+01 0.233734E+02
 0.220000E+01 -.340326E+01 -.185535E+01 -.152787E+01 0.243587E+02
 0.227524E+01 -.343474E+01 -.186711E+01 -.150174E+01 0.217432E+02
 0.226893E+01 -.343075E+01 -.188612E+01 -.149417E+01 0.214030E+02
 0.220217E+01 -.343633E+01 -.188676E+01 -.150851E+01 0.212192E+02
 0.220349E+01 -.344306E+01 -.188598E+01 -.150723E+01 0.213180E+02
 0.220626E+01 -.345845E+01 -.187984E+01 -.148688E+01 0.226087E+02
 0.222859E+01 -.343287E+01 -.192938E+01 -.150780E+01 0.228296E+02
 0.227400E+01 -.343504E+01 -.188722E+01 -.151067E+01 0.212454E+02
 0.220296E+01 -.343684E+01 -.189150E+01 -.152899E+01 0.215216E+02
 0.220780E+01 -.343855E+01 -.189440E+01 -.150602E+01 0.212747E+02
 0.220291E+01 -.343739E+01 -.183469E+01 -.150662E+01 0.235801E+02
 0.220760E+01 -.344903E+01 -.186222E+01 -.151314E+01 0.219116E+02
 0.220761E+01 -.343917E+01 -.188644E+01 -.150526E+01 0.212434E+02
 0.220251E+01 -.343629E+01 -.188615E+01 -.150768E+01 0.212182E+02
 0.220000E+01 -.344069E+01 -.188608E+01 -.149662E+01 0.213230E+02
 0.221130E+01 -.343260E+01 -.188706E+01 -.150765E+01 0.212485E+02
 0.220658E+01 -.343704E+01 -.188734E+01 -.149145E+01 0.213308E+02
 0.220286E+01 -.343628E+01 -.188657E+01 -.150850E+01 0.212189E+02
 0.220223E+01 -.343618E+01 -.188662E+01 -.150959E+01 0.212201E+02
 0.220346E+01 -.343718E+01 -.188797E+01 -.151217E+01 0.212334E+02
 0.220614E+01 -.343375E+01 -.188587E+01 -.151158E+01 0.212372E+02
 0.220218E+01 -.343681E+01 -.189539E+01 -.150765E+01 0.212843E+02
 0.220000E+01 -.344071E+01 -.187965E+01 -.146098E+01 0.226981E+02
 0.220000E+01 -.342999E+01 -.188589E+01 -.151040E+01 0.213046E+02
 0.249693E+01 -.343686E+01 -.192856E+01 -.151242E+01 0.229730E+02
 0.220420E+01 -.343676E+01 -.188869E+01 -.150786E+01 0.212209E+02
 0.220329E+01 -.343624E+01 -.188599E+01 -.150810E+01 0.212191E+02
 0.220288E+01 -.343644E+01 -.188779E+01 -.150747E+01 0.212195E+02
 0.220931E+01 -.343301E+01 -.188651E+01 -.149245E+01 0.213541E+02
 0.220000E+01 -.343221E+01 -.194522E+01 -.151909E+01 0.250571E+02
 0.220791E+01 -.343792E+01 -.187880E+01 -.151019E+01 0.212637E+02
 0.220159E+01 -.342793E+01 -.184972E+01 -.152992E+01 0.220051E+02
 0.220285E+01 -.343281E+01 -.188002E+01 -.149617E+01 0.214323E+02
 0.220000E+01 -.344253E+01 -.192089E+01 -.150989E+01 0.224689E+02
 0.220321E+01 -.345289E+01 -.188346E+01 -.150268E+01 0.218356E+02
 0.220252E+01 -.343493E+01 -.188539E+01 -.150839E+01 0.212237E+02
 0.220224E+01 -.343707E+01 -.188022E+01 -.150262E+01 0.213039E+02
 0.220000E+01 -.343615E+01 -.188255E+01 -.150391E+01 0.212579E+02
 0.221940E+01 -.343861E+01 -.186282E+01 -.150527E+01 0.217986E+02
 0.220577E+01 -.343292E+01 -.187790E+01 -.151385E+01 0.212805E+02
 0.220320E+01 -.343625E+01 -.188658E+01 -.150857E+01 0.212169E+02
 0.220350E+01 -.343631E+01 -.188327E+01 -.150864E+01 0.212254E+02
 0.220378E+01 -.343613E+01 -.188647E+01 -.149428E+01 0.213031E+02
 0.220117E+01 -.343561E+01 -.188784E+01 -.150139E+01 0.212309E+02
 0.222694E+01 -.346457E+01 -.185833E+01 -.150464E+01 0.235400E+02
 0.220494E+01 -.343679E+01 -.189663E+01 -.151955E+01 0.214798E+02
 0.224624E+01 -.343770E+01 -.188422E+01 -.150743E+01 0.212430E+02
 0.220120E+01 -.343912E+01 -.188566E+01 -.151035E+01 0.212373E+02
 0.220191E+01 -.342851E+01 -.188342E+01 -.150806E+01 0.213646E+02
 0.239508E+01 -.342132E+01 -.186361E+01 -.156819E+01 0.222917E+02
 0.234367E+01 -.342014E+01 -.191663E+01 -.160489E+01 0.283650E+02
 0.220260E+01 -.345106E+01 -.184289E+01 -.152206E+01 0.226696E+02
 0.220549E+01 -.343381E+01 -.188684E+01 -.151615E+01 0.212619E+02
 0.220338E+01 -.343645E+01 -.188675E+01 -.150567E+01 0.212193E+02
 0.220286E+01 -.343532E+01 -.193734E+01 -.150193E+01 0.232126E+02
 0.220186E+01 -.343648E+01 -.188792E+01 -.150637E+01 0.212192E+02
 0.220284E+01 -.338813E+01 -.188310E+01 -.154036E+01 0.270265E+02
 0.237577E+01 -.342338E+01 -.189981E+01 -.148075E+01 0.217009E+02
 0.220585E+01 -.343557E+01 -.188644E+01 -.150889E+01 0.212187E+02
 0.220711E+01 -.343627E+01 -.188655E+01 -.150681E+01 0.212214E+02
 0.226771E+01 -.343643E+01 -.188642E+01 -.149236E+01 0.213536E+02
 0.220290E+01 -.343148E+01 -.195551E+01 -.150052E+01 0.249627E+02
 0.220087E+01 -.342465E+01 -.190880E+01 -.150258E+01 0.217824E+02
 0.220297E+01 -.343108E+01 -.188719E+01 -.150721E+01 0.212750E+02
 0.220317E+01 -.343747E+01 -.188604E+01 -.151127E+01 0.212253E+02
 0.221070E+01 -.343568E+01 -.184227E+01 -.150851E+01 0.228952E+02
 0.239640E+01 -.340824E+01 -.183940E+01 -.164194E+01 0.253415E+02
 0.220560E+01 -.343602E+01 -.188076E+01 -.155716E+01 0.218834E+02
 0.220009E+01 -.343706E+01 -.188610E+01 -.150907E+01 0.212199E+02
 0.221174E+01 -.343873E+01 -.188633E+01 -.149987E+01 0.212653E+02
 0.220231E+01 -.343671E+01 -.188668E+01 -.152366E+01 0.213203E+02
 0.220480E+01 -.343600E+01 -.188670E+01 -.150801E+01 0.212175E+02
 0.222995E+01 -.343286E+01 -.192562E+01 -.151274E+01 0.227691E+02
 0.220377E+01 -.340337E+01 -.187257E+01 -.149971E+01 0.241723E+02
 0.221882E+01 -.342995E+01 -.188196E+01 -.150738E+01 0.213391E+02
 0.220951E+01 -.343465E+01 -.189391E+01 -.150998E+01 0.212819E+02
 0.220190E+01 -.339951E+01 -.188500E+01 -.150789E+01 0.243855E+02
 0.220000E+01 -.347706E+01 -.190182E+01 -.146159E+01 0.251281E+02
 0.240484E+01 -.343787E+01 -.189019E+01 -.145714E+01 0.223625E+02
 0.227531E+01 -.343692E+01 -.193985E+01 -.149115E+01 0.229132E+02
 0.220525E+01 -.342880E+01 -.188686E+01 -.151001E+01 0.213412E+02
 0.220322E+01 -.343697E+01 -.188852E+01 -.150970E+01 0.212254E+02
 0.220025E+01 -.343564E+01 -.188559E+01 -.150766E+01 0.212194E+02
 0.220342E+01 -.345319E+01 -.191205E+01 -.153778E+01 0.236429E+02
 0.220235E+01 -.344469E+01 -.189077E+01 -.150895E+01 0.214017E+02
 0.241127E+01 -.345105E+01 -.192303E+01 -.150184E+01 0.227687E+02
 0.231786E+01 -.344816E+01 -.199995E+01 -.141550E+01 0.251855E+02
 0.222986E+01 -.341646E+01 -.189745E+01 -.148539E+01 0.221500E+02
 0.220437E+01 -.343643E+01 -.189926E+01 -.149344E+01 0.212546E+02
 0.220484E+01 -.343373E+01 -.194041E+01 -.150585E+01 0.236825E+02
 0.220381E+01 -.347440E+01 -.188736E+01 -.150922E+01 0.242239E+02
 0.220337E+01 -.343522E+01 -.188844E+01 -.150991E+01 0.212254E+02
 0.220074E+01 -.345319E+01 -.188838E+01 -.150839E+01 0.218408E+02
 0.220408E+01 -.342055E+01 -.188648E+01 -.150175E+01 0.217943E+02
 0.220446E+01 -.343626E+01 -.189465E+01 -.151559E+01 0.213597E+02
 0.220469E+01 -.343621E+01 -.189463E+01 -.150778E+01 0.212704E+02
 0.220278E+01 -.343905E+01 -.192623E+01 -.152440E+01 0.234630E+02
 0.220666E+01 -.347717E+01 -.187733E+01 -.150277E+01 0.247020E+02
 0.220591E+01 -.344046E+01 -.194965E+01 -.151529E+01 0.254376E+02
 0.220000E+01 -.343376E+01 -.185658E+01 -.149922E+01 0.223390E+02
 0.225509E+01 -.343805E+01 -.188234E+01 -.150441E+01 0.212811E+02
 0.220329E+01 -.343680E+01 -.188639E+01 -.150807E+01 0.212178E+02
 0.222183E+01 -.342452E+01 -.188699E+01 -.164908E+01 0.277041E+02
 0.220111E+01 -.343415E+01 -.188650E+01 -.150896E+01 0.212282E+02
 0.220491E+01 -.346400E+01 -.186980E+01 -.152261E+01 0.228346E+02
 0.222801E+01 -.343474E+01 -.189823E+01 -.150796E+01 0.213386E+02
 0.220000E+01 -.343533E+01 -.188613E+01 -.149971E+01 0.212540E+02
 0.220355E+01 -.343515E+01 -.188926E+01 -.147362E+01 0.216758E+02
 0.220628E+01 -.343698E+01 -.188359E+01 -.150877E+01 0.212275E+02
 0.220304E+01 -.343640E+01 -.196605E+01 -.152324E+01 0.283973E+02
 0.220931E+01 -.345028E+01 -.186937E+01 -.152777E+01 0.216749E+02
 0.220000E+01 -.343521E+01 -.188650E+01 -.150492E+01 0.212240E+02
 0.220731E+01 -.343624E+01 -.188676E+01 -.150752E+01 0.212208E+02
 0.220960E+01 -.344706E+01 -.188841E+01 -.151796E+01 0.215390E+02
 0.220000E+01 -.344281E+01 -.188668E+01 -.150812E+01 0.213125E+02
 0.220498E+01 -.343700E+01 -.188666E+01 -.153740E+01 0.215636E+02
 0.220304E+01 -.343625E+01 -.188659E+01 -.150828E+01 0.212189E+02
 0.220424E+01 -.343550E+01 -.188634E+01 -.151030E+01 0.212197E+02
 0.220426E+01 -.343451E+01 -.188644E+01 -.150352E+01 0.212340E+02
 0.220346E+01 -.343440E+01 -.188517E+01 -.151229E+01 0.212279E+02
 0.220000E+01 -.343568E+01 -.188927E+01 -.150927E+01 0.212288E+02
 0.220780E+01 -.343465E+01 -.188121E+01 -.149240E+01 0.214523E+02
 0.222606E+01 -.345196E+01 -.188417E+01 -.150600E+01 0.217556E+02
 0.254161E+01 -.343642E+01 -.186693E+01 -.150626E+01 0.217204E+02
 0.220548E+01 -.343636E+01 -.189205E+01 -.150859E+01 0.212456E+02
 0.220341E+01 -.343627E+01 -.188786E+01 -.150816E+01 0.212181E+02
 0.220433E+01 -.343617E+01 -.188509E+01 -.150870E+01 0.212185E+02
 0.221338E+01 -.344586E+01 -.188302E+01 -.150647E+01 0.214317E+02
 0.220925E+01 -.342908E+01 -.186864E+01 -.151228E+01 0.215762E+02
 0.220455E+01 -.343574E+01 -.194005E+01 -.150670E+01 0.237069E+02
 0.221808E+01 -.342716E+01 -.186114E+01 -.151526E+01 0.218623E+02
 0.220286E+01 -.343144E+01 -.186746E+01 -.149530E+01 0.219358E+02
 0.220347E+01 -.342195E+01 -.188342E+01 -.150967E+01 0.216901E+02
 0.220454E+01 -.345676E+01 -.188813E+01 -.149414E+01 0.221721E+02
 0.220171E+01 -.345402E+01 -.189358E+01 -.147390E+01 0.222181E+02
 0.220405E+01 -.343623E+01 -.188691E+01 -.150814E+01 0.212171E+02
 0.220500E+01 -.341037E+01 -.189643E+01 -.149214E+01 0.227349E+02
 0.220139E+01 -.343339E+01 -.188079E+01 -.150063E+01 0.213394E+02
 0.220522E+01 -.343702E+01 -.188441E+01 -.152273E+01 0.212786E+02
 0.221804E+01 -.343554E+01 -.188026E+01 -.151081E+01 0.212471E+02
 0.220370E+01 -.343061E+01 -.190381E+01 -.150951E+01 0.215518E+02
 0.220320E+01 -.343626E+01 -.188656E+01 -.150863E+01 0.212171E+02
 0.220325E+01 -.343641E+01 -.188616E+01 -.150862E+01 0.212170E+02
 0.220579E+01 -.343607E+01 -.188959E+01 -.151122E+01 0.212388E+02
 0.220369E+01 -.343572E+01 -.188597E+01 -.150416E+01 0.212291E+02
 0.220000E+01 -.345040E+01 -.190140E+01 -.152790E+01 0.223612E+02
 0.220638E+01 -.343680E+01 -.187512E+01 -.152302E+01 0.212540E+02
 0.220000E+01 -.345832E+01 -.188249E+01 -.150759E+01 0.222472E+02
 0.220000E+01 -.343878E+01 -.188093E+01 -.151486E+01 0.212383E+02
 0.220000E+01 -.343895E+01 -.185926E+01 -.167222E+01 0.260173E+02
 0.225179E+01 -.344019E+01 -.185877E+01 -.149351E+01 0.224417E+02
 0.220429E+01 -.342996E+01 -.188331E+01 -.150988E+01 0.213135E+02
 0.220509E+01 -.342108E+01 -.185610E+01 -.151426E+01 0.224719E+02
 0.223398E+01 -.340606E+01 -.183589E+01 -.160465E+01 0.245940E+02
 0.220406E+01 -.343343E+01 -.188667E+01 -.150844E+01 0.212364E+02
 0.220341E+01 -.343776E+01 -.188693E+01 -.150890E+01 0.212229E+02
 0.220037E+01 -.342309E+01 -.186204E+01 -.151236E+01 0.221019E+02
 0.220402E+01 -.340001E+01 -.189239E+01 -.146394E+01 0.249594E+02
 0.220525E+01 -.343546E+01 -.191304E+01 -.149341E+01 0.215132E+02
 0.220338E+01 -.343644E+01 -.188685E+01 -.150656E+01 0.212177E+02
 0.220283E+01 -.345982E+01 -.189721E+01 -.157951E+01 0.251854E+02
 0.233240E+01 -.343300E+01 -.188540E+01 -.146215E+01 0.223722E+02
 0.220679E+01 -.343566E+01 -.188580E+01 -.150882E+01 0.212217E+02
 0.220382E+01 -.343576E+01 -.188661E+01 -.150807E+01 0.212174E+02
 0.220497E+01 -.343651E+01 -.188652E+01 -.148380E+01 0.214895E+02
 0.245806E+01 -.345118E+01 -.181505E+01 -.149565E+01 0.269592E+02
 0.220189E+01 -.342560E+01 -.188719E+01 -.151718E+01 0.215049E+02
 0.220324E+01 -.344021E+01 -.188684E+01 -.151414E+01 0.212705E+02
 0.220870E+01 -.343436E+01 -.190860E+01 -.151016E+01 0.216911E+02
 0.220840E+01 -.343593E+01 -.188385E+01 -.144881E+01 0.231326E+02
 0.220000E+01 -.344108E+01 -.188675E+01 -.150817E+01 0.212698E+02
 0.221329E+01 -.343782E+01 -.188663E+01 -.150624E+01 0.212266E+02
 0.220000E+01 -.343356E+01 -.188649E+01 -.150053E+01 0.212589E+02
 0.220353E+01 -.343613E+01 -.188666E+01 -.150768E+01 0.212170E+02
 0.241613E+01 -.343647E+01 -.192561E+01 -.151309E+01 0.227829E+02
 0.220068E+01 -.341711E+01 -.188489E+01 -.150587E+01 0.220633E+02
 0.220000E+01 -.343469E+01 -.188410E+01 -.150875E+01 0.212271E+02
 0.220803E+01 -.343379E+01 -.188969E+01 -.151226E+01 0.212566E+02
 0.220133E+01 -.343549E+01 -.188619E+01 -.150819E+01 0.212197E+02
 0.236212E+01 -.343173E+01 -.187126E+01 -.154997E+01 0.215663E+02
 0.229909E+01 -.338514E+01 -.187474E+01 -.151937E+01 0.276589E+02
 0.220523E+01 -.343868E+01 -.187485E+01 -.151031E+01 0.213223E+02
 0.220655E+01 -.343416E+01 -.188100E+01 -.153556E+01 0.214072E+02
 0.220094E+01 -.343676E+01 -.188825E+01 -.150762E+01 0.212208E+02
 0.220108E+01 -.343542E+01 -.187921E+01 -.151110E+01 0.212495E+02
 0.220301E+01 -.345002E+01 -.186865E+01 -.147891E+01 0.227829E+02
 0.220332E+01 -.344404E+01 -.187420E+01 -.151290E+01 0.214148E+02
 0.256896E+01 -.347982E+01 -.190074E+01 -.152391E+01 0.258120E+02
 0.230780E+01 -.343118E+01 -.189399E+01 -.150245E+01 0.213073E+02
 0.220274E+01 -.343631E+01 -.188372E+01 -.151607E+01 0.212297E+02
 0.220202E+01 -.343625E+01 -.186711E+01 -.149843E+01 0.217845E+02
 0.220397E+01 -.340089E+01 -.188724E+01 -.151549E+01 0.241417E+02
 0.220326E+01 -.343557E+01 -.190087E+01 -.151016E+01 0.214267E+02
 0.220265E+01 -.344002E+01 -.197650E+01 -.149288E+01 0.273136E+02
 0.220319E+01 -.343023E+01 -.188775E+01 -.150827E+01 0.212964E+02
 0.220389E+01 -.341890E+01 -.188569E+01 -.151072E+01 0.218991E+02
 0.220447E+01 -.343625E+01 -.191144E+01 -.150633E+01 0.217221E+02
 0.220588E+01 -.343638E+01 -.187880E+01 -.150898E+01 0.212653E+02
 0.220247E+01 -.343832E+01 -.188325E+01 -.147195E+01 0.219670E+02
 0.220378E+01 -.343262E+01 -.190866E+01 -.150438E+01 0.215815E+02
 0.220380E+01 -.344774E+01 -.194388E+01 -.151615E+01 0.251476E+02
 0.223204E+01 -.342902E+01 -.189511E+01 -.143228E+01 0.236125E+02
 0.225804E+01 -.343483E+01 -.190153E+01 -.150781E+01 0.214124E+02
 0.220000E+01 -.344032E+01 -.189769E+01 -.151195E+01 0.214227E+02
 0.220465E+01 -.343641E+01 -.188627E+01 -.150765E+01 0.212177E+02
 0.220000E+01 -.342866E+01 -.188687E+01 -.150893E+01 0.213439E+02
 0.220246E+01 -.344592E+01 -.187735E+01 -.151117E+01 0.214537E+02
 0.220000E+01 -.343616E+01 -.186224E+01 -.150811E+01 0.217354E+02
 0.226333E+01 -.343654E+01 -.187863E+01 -.151804E+01 0.212558E+02
 0.220353E+01 -.343256E+01 -.188471E+01 -.147118E+01 0.219663E+02
 0.220828E+01 -.343547E+01 -.187964E+01 -.151026E+01 0.212530E+02
 0.220297E+01 -.343761E+01 -.188606E+01 -.152736E+01 0.213636E+02
 0.220656E+01 -.342387E+01 -.190564E+01 -.150670E+01 0.217964E+02
 0.221007E+01 -.343270E+01 -.188664E+01 -.150872E+01 0.212459E+02
 0.220837E+01 -.343621E+01 -.188698E+01 -.150869E+01 0.212185E+02
 0.221057E+01 -.343090E+01 -.188750E+01 -.151385E+01 0.212986E+02
 0.220766E+01 -.343897E+01 -.188727E+01 -.150856E+01 0.212385E+02
 0.220212E+01 -.343660E+01 -.188625E+01 -.149265E+01 0.213291E+02
 0.220388E+01 -.343623E+01 -.188660E+01 -.150780E+01 0.212170E+02
 0.220418E+01 -.343667E+01 -.188695E+01 -.150714E+01 0.212176E+02
 0.220495E+01 -.343502E+01 -.188392E+01 -.150590E+01 0.212365E+02
 0.220177E+01 -.343784E+01 -.188645E+01 -.150665E+01 0.212255E+02
 0.220619E+01 -.343623E+01 -.188461E+01 -.150840E+01 0.212236E+02
 0.220943E+01 -.343126E+01 -.188686E+01 -.152831E+01 0.214391E+02
 0.224091E+01 -.344738E+01 -.188338E+01 -.150395E+01 0.215189E+02
 0.223672E+01 -.343570E+01 -.184890E+01 -.149769E+01 0.229213E+02
 0.220141E+01 -.343628E+01 -.188458E+01 -.150795E+01 0.212215E+02
 0.221379E+01 -.343573E+01 -.188658E+01 -.156909E+01 0.225958E+02
 0.220347E+01 -.343623E+01 -.188838E+01 -.150835E+01 0.212201E+02
 0.220435E+01 -.347071E+01 -.190572E+01 -.142970E+01 0.254500E+02
 0.220470E+01 -.343599E+01 -.188450E+01 -.150932E+01 0.212215E+02
 0.220925E+01 -.343802E+01 -.188285E+01 -.151763E+01 0.212359E+02
 0.221680E+01 -.342975E+01 -.185477E+01 -.148663E+01 0.231677E+02
 0.220528E+01 -.343600E+01 -.190339E+01 -.150767E+01 0.214607E+02
 0.229358E+01 -.344911E+01 -.189617E+01 -.149992E+01 0.216446E+02
 0.220371E+01 -.344027E+01 -.186587E+01 -.151075E+01 0.215583E+02
 0.220495E+01 -.341704E+01 -.185769E+01 -.150957E+01 0.228654E+02
 0.220534E+01 -.339745E+01 -.188667E+01 -.151656E+01 0.247598E+02
 0.220454E+01 -.343729E+01 -.188789E+01 -.150804E+01 0.212214E+02
 0.220497E+01 -.343345E+01 -.188825E+01 -.150784E+01 0.212351E+02
 0.220276E+01 -.343521E+01 -.188616E+01 -.152438E+01 0.213237E+02
 0.220369E+01 -.343361E+01 -.189656E+01 -.151219E+01 0.213608E+02
 0.220428E+01 -.343852E+01 -.188319E+01 -.150593E+01 0.212471E+02
 0.220321E+01 -.343627E+01 -.188657E+01 -.150820E+01 0.212187E+02
 0.220307E+01 -.343632E+01 -.188929E+01 -.150866E+01 0.212246E+02
 0.220101E+01 -.343621E+01 -.188937E+01 -.151177E+01 0.212417E+02
 0.220531E+01 -.343643E+01 -.188597E+01 -.150984E+01 0.212183E+02
 0.236944E+01 -.341050E+01 -.192840E+01 -.151604E+01 0.243862E+02
 0.220147E+01 -.343626E+01 -.187414E+01 -.151301E+01 0.213019E+02
 0.233775E+01 -.343906E+01 -.188733E+01 -.150820E+01 0.212698E+02
 0.220456E+01 -.343619E+01 -.188771E+01 -.150994E+01 0.212216E+02
 0.220589E+01 -.344261E+01 -.188411E+01 -.151120E+01 0.213049E+02
 0.220000E+01 -.344051E+01 -.187405E+01 -.148431E+01 0.219534E+02
 0.220000E+01 -.344806E+01 -.186701E+01 -.142667E+01 0.269690E+02
 0.220649E+01 -.342810E+01 -.190097E+01 -.151178E+01 0.215770E+02
 0.220396E+01 -.343369E+01 -.188638E+01 -.150372E+01 0.212412E+02
 0.220320E+01 -.343650E+01 -.188659E+01 -.150840E+01 0.212169E+02
 0.220000E+01 -.349697E+01 -.187781E+01 -.150281E+01 0.285232E+02
 0.220619E+01 -.343848E+01 -.184687E+01 -.150904E+01 0.225321E+02
 0.220437E+01 -.343631E+01 -.188583E+01 -.150922E+01 0.212174E+02
 0.220310E+01 -.342870E+01 -.185156E+01 -.151485E+01 0.222438E+02
 0.233986E+01 -.344082E+01 -.187670E+01 -.156669E+01 0.220837E+02
 0.220338E+01 -.343775E+01 -.188615E+01 -.150849E+01 0.212219E+02
 0.220090E+01 -.343582E+01 -.188663E+01 -.150973E+01 0.212201E+02
 0.225697E+01 -.343600E+01 -.188683E+01 -.153430E+01 0.215124E+02
 0.220735E+01 -.343745E+01 -.180658E+01 -.151755E+01 0.258520E+02
 0.220755E+01 -.340880E+01 -.186481E+01 -.150467E+01 0.235929E+02
 0.220240E+01 -.345097E+01 -.188599E+01 -.152055E+01 0.217459E+02
 0.220327E+01 -.343412E+01 -.188744E+01 -.150491E+01 0.212287E+02
 0.220203E+01 -.343625E+01 -.190624E+01 -.150994E+01 0.215991E+02
 0.220502E+01 -.343600E+01 -.188536E+01 -.144761E+01 0.231023E+02
 0.220113E+01 -.343532E+01 -.188690E+01 -.150817E+01 0.212190E+02
 0.221092E+01 -.343679E+01 -.188685E+01 -.151249E+01 0.212285E+02
 0.220986E+01 -.343289E+01 -.188659E+01 -.148789E+01 0.214300E+02
 0.220205E+01 -.343636E+01 -.188661E+01 -.150810E+01 0.212188E+02
 0.235406E+01 -.343837E+01 -.187158E+01 -.151305E+01 0.214112E+02
 0.221365E+01 -.344183E+01 -.189668E+01 -.152835E+01 0.217705E+02
 0.220984E+01 -.343866E+01 -.188940E+01 -.150976E+01 0.212450E+02
 0.221942E+01 -.342351E+01 -.188748E+01 -.151377E+01 0.215982E+02
 0.220664E+01 -.343780E+01 -.187787E+01 -.151140E+01 0.212655E+02
 0.220240E+01 -.346406E+01 -.188718E+01 -.150846E+01 0.228439E+02
 0.238815E+01 -.342698E+01 -.189480E+01 -.152923E+01 0.218172E+02
 0.231155E+01 -.342703E+01 -.187409E+01 -.158808E+01 0.228851E+02
 0.220000E+01 -.343124E+01 -.186644E+01 -.149651E+01 0.219510E+02
 0.220389E+01 -.344120E+01 -.187870E+01 -.149954E+01 0.214188E+02
 0.220064E+01 -.343586E+01 -.188759E+01 -.150625E+01 0.212189E+02
 0.220525E+01 -.343577E+01 -.188810E+01 -.151277E+01 0.212358E+02
 0.220143E+01 -.342449E+01 -.186217E+01 -.146575E+01 0.240792E+02
 0.220519E+01 -.343558E+01 -.188147E+01 -.151293E+01 0.212272E+02
 0.246124E+01 -.343217E+01 -.188216E+01 -.152443E+01 0.213650E+02
 0.229267E+01 -.344502E+01 -.188541E+01 -.151727E+01 0.214338E+02
 0.220156E+01 -.343618E+01 -.187522E+01 -.152545E+01 0.212568E+02
 0.220058E+01 -.343824E+01 -.181658E+01 -.150361E+01 0.256314E+02
 0.220401E+01 -.339536E+01 -.188631E+01 -.151626E+01 0.251625E+02
 0.220293E+01 -.343703E+01 -.189051E+01 -.150826E+01 0.212354E+02
 0.220521E+01 -.343201E+01 -.188555E+01 -.150818E+01 0.212589E+02
 0.220383E+01 -.344801E+01 -.188528E+01 -.151191E+01 0.215157E+02
 0.220168E+01 -.343625E+01 -.188676E+01 -.150215E+01 0.212327E+02
 0.220450E+01 -.343638E+01 -.187737E+01 -.150967E+01 0.212792E+02
 0.220285E+01 -.343805E+01 -.185135E+01 -.150646E+01 0.223413E+02
 0.220101E+01 -.339882E+01 -.191684E+01 -.150958E+01 0.250701E+02
 0.220000E+01 -.341747E+01 -.180726E+01 -.151612E+01 0.270187E+02
 0.220000E+01 -.343632E+01 -.191152E+01 -.150401E+01 0.216689E+02
 0.228790E+01 -.343656E+01 -.189551E+01 -.149496E+01 0.212602E+02
 0.220527E+01 -.343590E+01 -.188659E+01 -.150769E+01 0.212178E+02
 0.220340E+01 -.343149E+01 -.188584E+01 -.150805E+01 0.212682E+02
 0.220458E+01 -.341730E+01 -.189477E+01 -.148981E+01 0.220531E+02
 0.223703E+01 -.343708E+01 -.184913E+01 -.150791E+01 0.224573E+02
 0.220633E+01 -.343722E+01 -.188431E+01 -.152417E+01 0.212969E+02
 0.220262E+01 -.343324E+01 -.189857E+01 -.154094E+01 0.221754E+02
 0.220470E+01 -.343499E+01 -.188702E+01 -.150896E+01 0.212233E+02
 0.220292E+01 -.343834E+01 -.182376E+01 -.151651E+01 0.240523E+02
 0.220990E+01 -.341346E+01 -.188927E+01 -.149290E+01 0.224648E+02
 0.221672E+01 -.343277E+01 -.188656E+01 -.151160E+01 0.212513E+02
 0.220295E+01 -.343628E+01 -.188566E+01 -.150901E+01 0.212191E+02
 0.220219E+01 -.342650E+01 -.188539E+01 -.150433E+01 0.214450E+02
 0.220765E+01 -.343149E+01 -.188750E+01 -.150851E+01 0.212670E+02
 0.220154E+01 -.343619E+01 -.188783E+01 -.147915E+01 0.215615E+02
 0.220423E+01 -.343624E+01 -.188659E+01 -.150798E+01 0.212171E+02
 0.220311E+01 -.343710E+01 -.188753E+01 -.150452E+01 0.212230E+02
 0.220353E+01 -.343615E+01 -.188586E+01 -.151140E+01 0.212195E+02
 0.220405E+01 -.343719E+01 -.188629E+01 -.150566E+01 0.212225E+02
 0.221090E+01 -.343668E+01 -.188311E+01 -.150758E+01 0.212326E+02
 0.220143E+01 -.344262E+01 -.189056E+01 -.151267E+01 0.213557E+02
 0.223480E+01 -.341927E+01 -.188528E+01 -.151075E+01 0.218796E+02
 0.220000E+01 -.343533E+01 -.192515E+01 -.148685E+01 0.218526E+02
 0.220263E+01 -.343675E+01 -.188545E+01 -.150768E+01 0.212209E+02
 0.220315E+01 -.343620E+01 -.188749E+01 -.150842E+01 0.212179E+02
 0.220238E+01 -.343612E+01 -.188497E+01 -.150788E+01 0.212216E+02
 0.220590E+01 -.342970E+01 -.188323E+01 -.152503E+01 0.213831E+02
 0.221248E+01 -.343748E+01 -.188730E+01 -.149289E+01 0.213160E+02
 0.220606E+01 -.343910E+01 -.184650E+01 -.151181E+01 0.224522E+02
 0.231389E+01 -.344564E+01 -.191961E+01 -.155046E+01 0.245456E+02
 0.220456E+01 -.344033E+01 -.190163E+01 -.152066E+01 0.217326E+02
 0.224505E+01 -.349285E+01 -.185797E+01 -.149309E+01 0.285369E+02
 0.220000E+01 -.342147E+01 -.187890E+01 -.150960E+01 0.217742E+02
 0.220385E+01 -.339905E+01 -.188275E+01 -.152062E+01 0.244966E+02
 0.254823E+01 -.342360E+01 -.196927E+01 -.151501E+01 0.280807E+02
 0.220319E+01 -.343617E+01 -.187835E+01 -.146261E+01 0.226673E+02
 0.220363E+01 -.343732E+01 -.188664E+01 -.150828E+01 0.212195E+02
 0.220400E+01 -.343441E+01 -.187415E+01 -.150279E+01 0.214479E+02
 0.220434E+01 -.344005E+01 -.188759E+01 -.151512E+01 0.212789E+02
 0.220043E+01 -.343231E+01 -.188603E+01 -.150872E+01 0.212521E+02
 0.220000E+01 -.343287E+01 -.190290E+01 -.150817E+01 0.214671E+02
 0.220445E+01 -.344377E+01 -.187050E+01 -.150415E+01 0.216139E+02
 0.220320E+01 -.343627E+01 -.188658E+01 -.150800E+01 0.212167E+02
 0.220310E+01 -.343625E+01 -.188479E+01 -.150839E+01 0.212206E+02
 0.220000E+01 -.343631E+01 -.188511E+01 -.150400E+01 0.212330E+02
 0.220582E+01 -.343695E+01 -.188656E+01 -.151364E+01 0.212313E+02
 0.234520E+01 -.339867E+01 -.193436E+01 -.148291E+01 0.250831E+02
 0.220338E+01 -.343625E+01 -.188304E+01 -.150717E+01 0.212324E+02
 0.222011E+01 -.342087E+01 -.188696E+01 -.150782E+01 0.217534E+02
 0.220668E+01 -.343424E+01 -.189216E+01 -.150488E+01 0.212393E+02
 0.266839E+01 -.343213E+01 -.185129E+01 -.146598E+01 0.250284E+02
 0.220546E+01 -.344481E+01 -.188773E+01 -.150992E+01 0.213836E+02
 0.228181E+01 -.344091E+01 -.189091E+01 -.147158E+01 0.217561E+02
 0.220522E+01 -.344434E+01 -.188620E+01 -.151276E+01 0.213669E+02
 0.220000E+01 -.345580E+01 -.183970E+01 -.157497E+01 0.224684E+02
 0.220469E+01 -.343873E+01 -.188632E+01 -.150910E+01 0.212313E+02
 0.220304E+01 -.343517E+01 -.188631E+01 -.150798E+01 0.212214E+02
 0.220132E+01 -.341859E+01 -.187792E+01 -.150041E+01 0.221244E+02
 0.220203E+01 -.348028E+01 -.188770E+01 -.149353E+01 0.252303E+02
 0.220146E+01 -.343780E+01 -.182402E+01 -.152543E+01 0.235776E+02
 0.220505E+01 -.343619E+01 -.188583E+01 -.151019E+01 0.212181E+02
 0.220343E+01 -.340826E+01 -.184925E+01 -.147082E+01 0.266193E+02
 0.220000E+01 -.344154E+01 -.189375E+01 -.152915E+01 0.216732E+02
 0.220255E+01 -.343742E+01 -.188677E+01 -.150832E+01 0.212209E+02
 0.220000E+01 -.343667E+01 -.188657E+01 -.150843E+01 0.212187E+02
 0.224654E+01 -.343596E+01 -.188678E+01 -.153019E+01 0.214248E+02
 0.220217E+01 -.344005E+01 -.188556E+01 -.150370E+01 0.212633E+02
 0.220323E+01 -.343183E+01 -.188652E+01 -.150247E+01 0.212764E+02
 0.220000E+01 -.343668E+01 -.187094E+01 -.150756E+01 0.214394E+02
 0.241170E+01 -.346459E+01 -.189143E+01 -.151744E+01 0.231017E+02
 0.220080E+01 -.343604E+01 -.188125E+01 -.159033E+01 0.232182E+02
 0.220435E+01 -.343084E+01 -.188688E+01 -.150833E+01 0.212809E+02
 0.220072E+01 -.343607E+01 -.188650E+01 -.150435E+01 0.212237E+02
 0.221316E+01 -.343723E+01 -.188772E+01 -.152229E+01 0.213212E+02
 0.220246E+01 -.343645E+01 -.188657E+01 -.150794E+01 0.212178E+02
 0.220000E+01 -.343140E+01 -.185203E+01 -.151304E+01 0.221750E+02
 0.221375E+01 -.345051E+01 -.187519E+01 -.152381E+01 0.216652E+02
 0.220237E+01 -.343816E+01 -.188209E+01 -.150739E+01 0.212467E+02
 0.220464E+01 -.348118E+01 -.188724E+01 -.149232E+01 0.254004E+02
 0.222539E+01 -.343969E+01 -.187654E+01 -.150673E+01 0.213514E+02
 0.220341E+01 -.345453E+01 -.188664E+01 -.150843E+01 0.219319E+02
 0.222151E+01 -.344030E+01 -.188633E+01 -.160642E+01 0.245463E+02
 0.242266E+01 -.342861E+01 -.193700E+01 -.148800E+01 0.225961E+02
 0.220292E+01 -.343916E+01 -.188327E+01 -.149766E+01 0.213273E+02
 0.220232E+01 -.343525E+01 -.188686E+01 -.150747E+01 0.212210E+02
 0.228971E+01 -.345507E+01 -.192710E+01 -.150849E+01 0.236130E+02
 0.220399E+01 -.343706E+01 -.189180E+01 -.150742E+01 0.212387E+02
 0.220076E+01 -.343129E+01 -.187460E+01 -.151920E+01 0.213256E+02
 0.220623E+01 -.342978E+01 -.188995E+01 -.150939E+01 0.213188E+02
 0.220000E+01 -.339490E+01 -.187376E+01 -.152149E+01 0.253979E+02
 0.229923E+01 -.344754E+01 -.173592E+01 -.166937E+01 0.281859E+02
 0.220000E+01 -.343332E+01 -.188521E+01 -.152495E+01 0.213318E+02
 0.220280E+01 -.343618E+01 -.188846E+01 -.152586E+01 0.213830E+02
 0.220415E+01 -.343714E+01 -.187357E+01 -.150606E+01 0.213958E+02
 0.220374E+01 -.348440E+01 -.188710E+01 -.151493E+01 0.259469E+02
 0.220289E+01 -.343772E+01 -.187491E+01 -.150807E+01 0.213403E+02
 0.220446E+01 -.343846E+01 -.188450E+01 -.150820E+01 0.212310E+02
 0.220346E+01 -.344826E+01 -.188774E+01 -.150552E+01 0.215332E+02
 0.220158E+01 -.343625E+01 -.186722E+01 -.150131E+01 0.217008E+02
 0.220402E+01 -.343631E+01 -.189982E+01 -.150831E+01 0.213728E+02
 0.220253E+01 -.343727E+01 -.187035E+01 -.154170E+01 0.213558E+02
 0.220132E+01 -.348542E+01 -.189043E+01 -.150911E+01 0.261537E+02
 0.220330E+01 -.343671E+01 -.190613E+01 -.151217E+01 0.216516E+02
 0.220000E+01 -.343393E+01 -.179055E+01 -.155142E+01 0.257713E+02
 0.222745E+01 -.343613E+01 -.188433E+01 -.149923E+01 0.212873E+02
 0.221324E+01 -.343327E+01 -.188999E+01 -.148761E+01 0.213638E+02
 0.220414E+01 -.343577E+01 -.188682E+01 -.150802E+01 0.212195E+02
 0.220457E+01 -.343804E+01 -.188604E+01 -.150805E+01 0.212244E+02
 0.220520E+01 -.340336E+01 -.189756E+01 -.148750E+01 0.237147E+02
 0.224228E+01 -.343195E+01 -.189623E+01 -.150775E+01 0.213350E+02
 0.220000E+01 -.343662E+01 -.188870E+01 -.151679E+01 0.212739E+02
 0.220270E+01 -.343806E+01 -.190061E+01 -.152700E+01 0.218268E+02
 0.220697E+01 -.343521E+01 -.189386E+01 -.150707E+01 0.212569E+02
 0.220307E+01 -.343771E+01 -.188486E+01 -.151107E+01 0.212246E+02
 0.221022E+01 -.343196E+01 -.187183E+01 -.153688E+01 0.213699E+02
 0.220193E+01 -.343936E+01 -.188646E+01 -.150932E+01 0.212410E+02
 0.220000E+01 -.343633E+01 -.188608E+01 -.150779E+01 0.212180E+02
 0.220000E+01 -.342969E+01 -.188711E+01 -.150204E+01 0.213249E+02
 0.220000E+01 -.343263E+01 -.188812E+01 -.150815E+01 0.212476E+02
 0.220517E+01 -.343667E+01 -.188722E+01 -.149313E+01 0.213072E+02
 0.220210E+01 -.343627E+01 -.188656E+01 -.150823E+01 0.212190E+02
 0.220237E+01 -.343636E+01 -.188780E+01 -.151021E+01 0.212250E+02
 0.220200E+01 -.343706E+01 -.188804E+01 -.151324E+01 0.212399E+02
 0.220943E+01 -.343481E+01 -.188449E+01 -.151077E+01 0.212247E+02
 0.220182E+01 -.343653E+01 -.188607E+01 -.150796E+01 0.212194E+02
 0.220000E+01 -.344375E+01 -.188784E+01 -.148469E+01 0.215513E+02
 0.220000E+01 -.343010E+01 -.188692E+01 -.150831E+01 0.212996E+02
 0.243798E+01 -.343630E+01 -.196570E+01 -.150511E+01 0.265991E+02
 0.220392E+01 -.343699E+01 -.188621E+01 -.150752E+01 0.212187E+02
 0.220000E+01 -.343793E+01 -.188583E+01 -.160478E+01 0.243692E+02
 0.220294E+01 -.343616E+01 -.188659E+01 -.150751E+01 0.212189E+02
 0.220162E+01 -.343647E+01 -.188782E+01 -.150794E+01 0.212201E+02
 0.220510E+01 -.342716E+01 -.188359E+01 -.151650E+01 0.214163E+02
 0.220000E+01 -.344296E+01 -.191263E+01 -.151794E+01 0.222711E+02
 0.220518E+01 -.343884E+01 -.189443E+01 -.151285E+01 0.213383E+02
 0.229625E+01 -.343142E+01 -.189083E+01 -.156657E+01 0.227796E+02
 0.220277E+01 -.343791E+01 -.190717E+01 -.150830E+01 0.216130E+02
 0.220461E+01 -.343786E+01 -.191865E+01 -.151021E+01 0.222265E+02
 0.220182E+01 -.344898E+01 -.188374E+01 -.149627E+01 0.216582E+02
 0.220282E+01 -.343462E+01 -.188597E+01 -.150844E+01 0.212248E+02
 0.220285E+01 -.344249E+01 -.188239E+01 -.151078E+01 0.213062E+02
 0.220000E+01 -.343410E+01 -.188131E+01 -.150440E+01 0.212813E+02
 0.222443E+01 -.343694E+01 -.188307E+01 -.150882E+01 0.212353E+02
 0.220303E+01 -.344069E+01 -.189355E+01 -.150579E+01 0.212971E+02
 0.220320E+01 -.343626E+01 -.188658E+01 -.150794E+01 0.212168E+02
 0.220340E+01 -.343622E+01 -.188432E+01 -.150805E+01 0.212219E+02
 0.220387E+01 -.343622E+01 -.188473E+01 -.150003E+01 0.212647E+02
 0.220396E+01 -.343645E+01 -.188636E+01 -.151293E+01 0.212260E+02
 0.220000E+01 -.342999E+01 -.186149E+01 -.147376E+01 0.233505E+02
 0.220569E+01 -.343639E+01 -.189289E+01 -.150779E+01 0.212495E+02
 0.220000E+01 -.344307E+01 -.188461E+01 -.150765E+01 0.213213E+02
 0.220231E+01 -.343324E+01 -.188717E+01 -.150668E+01 0.212371E+02
 0.220434E+01 -.343362E+01 -.188902E+01 -.150643E+01 0.212328E+02
 0.232229E+01 -.343041E+01 -.191088E+01 -.154944E+01 0.234379E+02
 0.220235E+01 -.344749E+01 -.187505E+01 -.151004E+01 0.215603E+02
 0.220420E+01 -.343838E+01 -.188662E+01 -.151273E+01 0.212370E+02
 0.220309E+01 -.343700E+01 -.188617E+01 -.150816E+01 0.212202E+02
 0.220468E+01 -.338230E+01 -.187090E+01 -.150407E+01 0.287296E+02
 0.220275E+01 -.342867E+01 -.173927E+01 -.165379E+01 0.283540E+02
 0.220240E+01 -.343576E+01 -.188250E+01 -.151825E+01 0.212355E+02
 0.220466E+01 -.343616E+01 -.188664E+01 -.150965E+01 0.212183E+02
 0.220332E+01 -.342792E+01 -.189623E+01 -.153377E+01 0.219424E+02
 0.234504E+01 -.342567E+01 -.190261E+01 -.146514E+01 0.218199E+02
 0.220479E+01 -.343627E+01 -.188597E+01 -.150816E+01 0.212179E+02
 0.220378E+01 -.343679E+01 -.188660E+01 -.150756E+01 0.212177E+02
 0.224358E+01 -.343635E+01 -.188644E+01 -.151927E+01 0.212766E+02
 0.220244E+01 -.349207E+01 -.188989E+01 -.151238E+01 0.275075E+02
 0.220217E+01 -.342820E+01 -.188724E+01 -.149615E+01 0.214184E+02
 0.220318E+01 -.343759E+01 -.188609E+01 -.150816E+01 0.212211E+02
 0.220733E+01 -.343629E+01 -.186711E+01 -.150697E+01 0.215756E+02
 0.220000E+01 -.343602E+01 -.187870E+01 -.148746E+01 0.216359E+02
 0.220201E+01 -.343415E+01 -.188685E+01 -.150823E+01 0.212283E+02
 0.220000E+01 -.343579E+01 -.188628E+01 -.149948E+01 0.212532E+02
 0.220317E+01 -.343942E+01 -.188821E+01 -.152347E+01 0.213676E+02
 0.220387E+01 -.343611E+01 -.188662E+01 -.150817E+01 0.212170E+02
 0.250117E+01 -.343048E+01 -.190042E+01 -.151678E+01 0.216164E+02
 0.220748E+01 -.342355E+01 -.186807E+01 -.151777E+01 0.217888E+02
 0.220000E+01 -.343500E+01 -.188337E+01 -.150602E+01 0.212402E+02
 0.220472E+01 -.345298E+01 -.188888E+01 -.148852E+01 0.219393E+02
 0.220753E+01 -.343964E+01 -.189183E+01 -.150516E+01 0.212612E+02
 0.220353E+01 -.341359E+01 -.188601E+01 -.150825E+01 0.223906E+02
 0.261606E+01 -.342929E+01 -.191339E+01 -.142708E+01 0.229063E+02
 0.226284E+01 -.344346E+01 -.187867E+01 -.155618E+01 0.219111E+02
 0.248374E+01 -.344114E+01 -.190543E+01 -.148293E+01 0.214242E+02
 0.220530E+01 -.343668E+01 -.187714E+01 -.152959E+01 0.212791E+02
 0.220354E+01 -.343680E+01 -.188638E+01 -.150775E+01 0.212179E+02
 0.220263E+01 -.343701E+01 -.188667E+01 -.150429E+01 0.212257E+02
 0.220237E+01 -.344331E+01 -.188718E+01 -.154620E+01 0.219297E+02
 0.220414E+01 -.343507E+01 -.188634E+01 -.151086E+01 0.212225E+02
 0.252901E+01 -.343101E+01 -.188335E+01 -.151613E+01 0.213539E+02
 0.234208E+01 -.345006E+01 -.196281E+01 -.151911E+01 0.280489E+02
 0.233806E+01 -.342461E+01 -.189192E+01 -.148520E+01 0.216802E+02
 0.220431E+01 -.343644E+01 -.189592E+01 -.149219E+01 0.212467E+02
 0.220661E+01 -.343515E+01 -.192339E+01 -.150972E+01 0.224822E+02
 0.220313E+01 -.346452E+01 -.188787E+01 -.150849E+01 0.229025E+02
 0.220284E+01 -.343650E+01 -.187103E+01 -.150873E+01 0.214203E+02
 0.220192E+01 -.343791E+01 -.194182E+01 -.153531E+01 0.258815E+02
 0.220297E+01 -.344296E+01 -.188656E+01 -.150826E+01 0.213175E+02
 0.220322E+01 -.343683E+01 -.188737E+01 -.150303E+01 0.212252E+02
 0.220218E+01 -.343627E+01 -.186264E+01 -.150220E+01 0.218758E+02
 0.220479E+01 -.343623E+01 -.189386E+01 -.150833E+01 0.212646E+02
 0.220207E+01 -.343868E+01 -.190245E+01 -.152215E+01 0.217780E+02
 0.220565E+01 -.346413E+01 -.187229E+01 -.150188E+01 0.230458E+02
 0.220479E+01 -.343722E+01 -.179665E+01 -.151104E+01 0.276542E+02
 0.220611E+01 -.343597E+01 -.187195E+01 -.150016E+01 0.215575E+02
 0.220000E+01 -.343560E+01 -.188459E+01 -.151667E+01 0.212365E+02
 0.220320E+01 -.343635E+01 -.188647E+01 -.150809E+01 0.212169E+02
 0.220279E+01 -.344055E+01 -.188658E+01 -.150834E+01 0.212595E+02
 0.220504E+01 -.343344E+01 -.187589E+01 -.152022E+01 0.212706E+02
 0.220691E+01 -.342939E+01 -.192420E+01 -.150835E+01 0.225334E+02
 0.222956E+01 -.343545E+01 -.187968E+01 -.149969E+01 0.213666E+02
 0.220336E+01 -.343563E+01 -.188153E+01 -.145352E+01 0.229903E+02
 0.220358E+01 -.343695E+01 -.188491E+01 -.150866E+01 0.212198E+02
 0.220929E+01 -.343604E+01 -.198229E+01 -.144814E+01 0.246141E+02
 0.220338E+01 -.343575E+01 -.193490E+01 -.150330E+01 0.230777E+02
 0.220260E+01 -.344894E+01 -.186631E+01 -.152617E+01 0.216424E+02
 0.220000E+01 -.344106E+01 -.188649E+01 -.150624E+01 0.212702E+02
 0.221100E+01 -.343627E+01 -.188712E+01 -.150744E+01 0.212188E+02
 0.220964E+01 -.343632E+01 -.188832E+01 -.151029E+01 0.212263E+02
 0.220496E+01 -.344131E+01 -.188751E+01 -.150814E+01 0.212749E+02
 0.220516E+01 -.343708E+01 -.188644E+01 -.153540E+01 0.215129E+02
 0.220074E+01 -.345777E+01 -.187841E+01 -.146481E+01 0.234508E+02
 0.220186E+01 -.343626E+01 -.188656E+01 -.150788E+01 0.212189E+02
 0.220314E+01 -.343567E+01 -.188549E+01 -.151070E+01 0.212186E+02
 0.220305E+01 -.343751E+01 -.188636E+01 -.150573E+01 0.212251E+02
 0.220880E+01 -.343466E+01 -.188486E+01 -.151320E+01 0.212283E+02
 0.220000E+01 -.343642E+01 -.188911E+01 -.150874E+01 0.212259E+02
 0.220674E+01 -.342922E+01 -.188060E+01 -.150440E+01 0.213994E+02
 0.224458E+01 -.344205E+01 -.188405E+01 -.150602E+01 0.213150E+02
 0.235164E+01 -.343685E+01 -.180084E+01 -.151169E+01 0.271803E+02
 0.220449E+01 -.343614E+01 -.188701E+01 -.150797E+01 0.212172E+02
 0.220298E+01 -.343621E+01 -.188649E+01 -.150777E+01 0.212189E+02
 0.220612E+01 -.339423E+01 -.188079E+01 -.146772E+01 0.265495E+02
 0.220375E+01 -.343661E+01 -.188713E+01 -.150873E+01 0.212179E+02
 0.220477E+01 -.344045E+01 -.188645E+01 -.150628E+01 0.212573E+02
 0.220080E+01 -.343315E+01 -.187484E+01 -.146061E+01 0.230570E+02
 0.220873E+01 -.346883E+01 -.178668E+01 -.166933E+01 0.258261E+02
 0.220988E+01 -.343460E+01 -.188492E+01 -.149882E+01 0.212831E+02
 0.220439E+01 -.343470E+01 -.190918E+01 -.151193E+01 0.217668E+02
 0.220000E+01 -.342677E+01 -.185721E+01 -.149485E+01 0.227090E+02
 0.220261E+01 -.343301E+01 -.189579E+01 -.149129E+01 0.212695E+02
 0.224954E+01 -.345247E+01 -.189569E+01 -.154238E+01 0.226919E+02
 0.220074E+01 -.342863E+01 -.188455E+01 -.150940E+01 0.213511E+02
 0.220306E+01 -.346106E+01 -.188635E+01 -.148620E+01 0.227146E+02
 0.220000E+01 -.341634E+01 -.199318E+01 -.144019E+01 0.257840E+02
 0.220158E+01 -.345224E+01 -.188044E+01 -.156694E+01 0.227530E+02
 0.220410E+01 -.343589E+01 -.188755E+01 -.150818E+01 0.212180E+02
 0.220311E+01 -.343324E+01 -.188211E+01 -.150732E+01 0.212620E+02
 0.220177E+01 -.343730E+01 -.188367E+01 -.151521E+01 0.212288E+02
 0.222632E+01 -.343946E+01 -.187237E+01 -.150865E+01 0.214111E+02
 0.220376E+01 -.343295E+01 -.189780E+01 -.150921E+01 0.213553E+02
 0.220320E+01 -.343626E+01 -.188657E+01 -.150845E+01 0.212170E+02
 0.220337E+01 -.343627E+01 -.188806E+01 -.150833E+01 0.212188E+02
 0.220615E+01 -.343605E+01 -.188577E+01 -.150442E+01 0.212301E+02
 0.220322E+01 -.343584E+01 -.188577E+01 -.150752E+01 0.212188E+02
 0.242680E+01 -.346126E+01 -.181251E+01 -.151066E+01 0.267791E+02
 0.220340E+01 -.343644E+01 -.188631E+01 -.151400E+01 0.212302E+02
 0.225485E+01 -.345257E+01 -.188522E+01 -.150764E+01 0.218035E+02
 0.220039E+01 -.343551E+01 -.188286E+01 -.151189E+01 0.212242E+02
 0.220243E+01 -.342835E+01 -.188892E+01 -.150766E+01 0.213547E+02
 0.220776E+01 -.343182E+01 -.188444E+01 -.156487E+01 0.223511E+02
 0.220441E+01 -.344275E+01 -.189006E+01 -.150858E+01 0.213261E+02
 0.220327E+01 -.343373E+01 -.187155E+01 -.151615E+01 0.213416E+02
 0.220342E+01 -.343390E+01 -.188666E+01 -.150780E+01 0.212308E+02
 0.220337E+01 -.343761E+01 -.188680E+01 -.150838E+01 0.212211E+02
 0.220291E+01 -.343392E+01 -.188682E+01 -.144713E+01 0.230490E+02
 0.220343E+01 -.343463E+01 -.192998E+01 -.149802E+01 0.224717E+02
 0.220257E+01 -.343628E+01 -.188695E+01 -.150689E+01 0.212189E+02
 0.220293E+01 -.343909E+01 -.192292E+01 -.157173E+01 0.262474E+02
 0.243020E+01 -.342813E+01 -.189593E+01 -.152663E+01 0.217512E+02
 0.220667E+01 -.343551E+01 -.188582E+01 -.150889E+01 0.212221E+02
 0.220668E+01 -.343583E+01 -.188662E+01 -.150814E+01 0.212209E+02
 0.223155E+01 -.343659E+01 -.188624E+01 -.149650E+01 0.212918E+02
 0.220298E+01 -.343600E+01 -.188692E+01 -.151523E+01 0.212433E+02
 0.220316E+01 -.343985E+01 -.188647E+01 -.151171E+01 0.212534E+02
 0.221086E+01 -.343547E+01 -.188472E+01 -.151006E+01 0.212216E+02
 0.240174E+01 -.345861E+01 -.180483E+01 -.150738E+01 0.277260E+02
 0.220818E+01 -.343623E+01 -.188166E+01 -.141451E+01 0.264305E+02
 0.220034E+01 -.344024E+01 -.188650E+01 -.150816E+01 0.212535E+02
 0.220437E+01 -.343562E+01 -.188653E+01 -.150572E+01 0.212207E+02
 0.220000E+01 -.343339E+01 -.188723E+01 -.151388E+01 0.212536E+02
 0.220450E+01 -.343596E+01 -.188669E+01 -.150769E+01 0.212194E+02
 0.240337E+01 -.340112E+01 -.182118E+01 -.151997E+01 0.276659E+02
 0.249549E+01 -.343882E+01 -.190433E+01 -.150784E+01 0.215445E+02
 0.220741E+01 -.343300E+01 -.186472E+01 -.150248E+01 0.218177E+02
 0.220334E+01 -.343283E+01 -.188868E+01 -.150967E+01 0.212486E+02
 0.221141E+01 -.340509E+01 -.188969E+01 -.150830E+01 0.234460E+02
 0.220000E+01 -.343555E+01 -.188873E+01 -.151183E+01 0.212371E+02
 0.220146E+01 -.340185E+01 -.188579E+01 -.150809E+01 0.239745E+02
 0.222391E+01 -.342710E+01 -.186618E+01 -.146216E+01 0.238579E+02
 0.233264E+01 -.344458E+01 -.185692E+01 -.151337E+01 0.220061E+02
 0.220646E+01 -.343649E+01 -.187353E+01 -.152847E+01 0.212717E+02
 0.220423E+01 -.343726E+01 -.188621E+01 -.150814E+01 0.212195E+02
 0.220059E+01 -.342835E+01 -.183259E+01 -.150820E+01 0.239230E+02
 0.220240E+01 -.343648E+01 -.188068E+01 -.151268E+01 0.212310E+02
 0.220415E+01 -.343358E+01 -.189517E+01 -.151850E+01 0.214272E+02
 0.229387E+01 -.344367E+01 -.190943E+01 -.151091E+01 0.219099E+02
 0.220411E+01 -.347044E+01 -.190629E+01 -.149952E+01 0.239598E+02
 0.220113E+01 -.344089E+01 -.188366E+01 -.150833E+01 0.212689E+02
 0.243417E+01 -.345931E+01 -.189126E+01 -.150329E+01 0.224384E+02
 0.246460E+01 -.344862E+01 -.189484E+01 -.139799E+01 0.273516E+02
 0.238683E+01 -.343395E+01 -.189300E+01 -.149887E+01 0.212793E+02
 0.220384E+01 -.343635E+01 -.189804E+01 -.149661E+01 0.212493E+02
 0.220822E+01 -.343490E+01 -.184986E+01 -.150769E+01 0.224148E+02
 0.220301E+01 -.341261E+01 -.188803E+01 -.151408E+01 0.225036E+02
 0.220282E+01 -.343537E+01 -.188476E+01 -.150924E+01 0.212221E+02
 0.220196E+01 -.343977E+01 -.187366E+01 -.153848E+01 0.213632E+02
 0.220302E+01 -.343872E+01 -.188648E+01 -.150824E+01 0.212325E+02
 0.220301E+01 -.342777E+01 -.188632E+01 -.150597E+01 0.213802E+02
 0.220313E+01 -.343626E+01 -.189845E+01 -.150740E+01 0.213312E+02
 0.220418E+01 -.343626E+01 -.187171E+01 -.151004E+01 0.213847E+02
 0.220333E+01 -.343798E+01 -.190843E+01 -.149296E+01 0.214005E+02
 0.220971E+01 -.342832E+01 -.188857E+01 -.150759E+01 0.213559E+02
 0.220516E+01 -.346446E+01 -.191320E+01 -.150035E+01 0.234683E+02
 0.220000E+01 -.343206E+01 -.192372E+01 -.152433E+01 0.231911E+02
 0.220000E+01 -.343569E+01 -.190939E+01 -.151199E+01 0.217749E+02
 0.222240E+01 -.343799E+01 -.188069E+01 -.153864E+01 0.214502E+02
 0.220246E+01 -.343668E+01 -.188626E+01 -.150829E+01 0.212192E+02
 0.220000E+01 -.343769E+01 -.188664E+01 -.150864E+01 0.212224E+02
 0.220421E+01 -.346063E+01 -.185982E+01 -.154233E+01 0.225479E+02
 0.220000E+01 -.343403E+01 -.186459E+01 -.150803E+01 0.216613E+02
 0.223035E+01 -.343503E+01 -.187786E+01 -.149995E+01 0.214076E+02
 0.220333E+01 -.343389E+01 -.187290E+01 -.152956E+01 0.212911E+02
 0.220064E+01 -.343755E+01 -.187952E+01 -.150949E+01 0.212548E+02
 0.220317E+01 -.343730E+01 -.183559E+01 -.150388E+01 0.236494E+02
 0.220000E+01 -.345267E+01 -.189542E+01 -.149718E+01 0.218377E+02
 0.256521E+01 -.347366E+01 -.183992E+01 -.166206E+01 0.269242E+02
 0.222888E+01 -.343056E+01 -.188653E+01 -.150755E+01 0.212973E+02
 0.220086E+01 -.343622E+01 -.188737E+01 -.150868E+01 0.212197E+02
 0.220691E+01 -.344150E+01 -.188643E+01 -.151474E+01 0.212998E+02
 0.220727E+01 -.344019E+01 -.188732E+01 -.150838E+01 0.212566E+02
 0.220371E+01 -.343641E+01 -.188712E+01 -.150212E+01 0.212295E+02
 0.220450E+01 -.343624E+01 -.188658E+01 -.150789E+01 0.212174E+02
 0.220396E+01 -.343673E+01 -.188689E+01 -.150703E+01 0.212179E+02
 0.220422E+01 -.343560E+01 -.188491E+01 -.150234E+01 0.212457E+02
 0.220844E+01 -.343713E+01 -.188758E+01 -.150714E+01 0.212204E+02
 0.220421E+01 -.343632E+01 -.188613E+01 -.150811E+01 0.212193E+02
 0.220589E+01 -.342528E+01 -.187851E+01 -.152068E+01 0.215233E+02
 0.225020E+01 -.343827E+01 -.188302E+01 -.150709E+01 0.212584E+02
 0.220627E+01 -.347997E+01 -.185546E+01 -.152593E+01 0.252809E+02
 0.220458E+01 -.343547E+01 -.188707E+01 -.150864E+01 0.212190E+02
 0.220338E+01 -.343631E+01 -.188698E+01 -.150800E+01 0.212169E+02
 0.220489E+01 -.343620E+01 -.188634E+01 -.150893E+01 0.212175E+02
 0.220441E+01 -.344283E+01 -.188695E+01 -.151033E+01 0.213177E+02
 0.220000E+01 -.341346E+01 -.181814E+01 -.155863E+01 0.244134E+02
 0.220879E+01 -.342887E+01 -.186561E+01 -.148766E+01 0.224029E+02
 0.220441E+01 -.343682E+01 -.189006E+01 -.150900E+01 0.212319E+02
 0.231083E+01 -.343268E+01 -.187069E+01 -.150201E+01 0.216442E+02
 0.220345E+01 -.343373E+01 -.188437E+01 -.148965E+01 0.214336E+02
 0.220000E+01 -.342487E+01 -.186066E+01 -.150812E+01 0.221568E+02
 0.220408E+01 -.342520E+01 -.188834E+01 -.149226E+01 0.215757E+02
 0.229054E+01 -.345708E+01 -.195160E+01 -.151771E+01 0.269403E+02
 0.220403E+01 -.343727E+01 -.188778E+01 -.150799E+01 0.212227E+02
 0.220376E+01 -.342900E+01 -.189023E+01 -.150841E+01 0.213416E+02
 0.220365E+01 -.343935E+01 -.188835E+01 -.151633E+01 0.212860E+02
 0.220463E+01 -.343623E+01 -.189297E+01 -.150833E+01 0.212536E+02
 0.220414E+01 -.343051E+01 -.188478E+01 -.151102E+01 0.212947E+02
 0.220320E+01 -.343627E+01 -.188657E+01 -.150857E+01 0.212169E+02
 0.220315E+01 -.343633E+01 -.188726E+01 -.150874E+01 0.212177E+02
 0.220000E+01 -.343629E+01 -.188779E+01 -.150951E+01 0.212224E+02
 0.220393E+01 -.343651E+01 -.188627E+01 -.150627E+01 0.212195E+02
 0.221167E+01 -.345720E+01 -.191740E+01 -.152900E+01 0.239899E+02
 0.220254E+01 -.343671E+01 -.187840E+01 -.151875E+01 0.212365E+02
 0.226420E+01 -.343629E+01 -.188717E+01 -.150803E+01 0.212358E+02
 0.220233E+01 -.343836E+01 -.189028E+01 -.151295E+01 0.212718E+02
 0.222493E+01 -.343012E+01 -.190834E+01 -.157025E+01 0.244404E+02
 0.220568E+01 -.343752E+01 -.185726E+01 -.149411E+01 0.224737E+02
 0.220298E+01 -.342847E+01 -.188649E+01 -.150934E+01 0.213510E+02
 0.221304E+01 -.343664E+01 -.186617E+01 -.164344E+01 0.248929E+02
 0.220653E+01 -.343801E+01 -.186994E+01 -.155001E+01 0.214631E+02
 0.220487E+01 -.343829E+01 -.190034E+01 -.150736E+01 0.213906E+02
 0.220502E+01 -.343299E+01 -.188664E+01 -.150524E+01 0.212475E+02
 0.220334E+01 -.343585E+01 -.188675E+01 -.150850E+01 0.212174E+02
 0.220334E+01 -.343816E+01 -.194352E+01 -.146258E+01 0.222084E+02
 0.220148E+01 -.338176E+01 -.189866E+01 -.148822E+01 0.282798E+02
 0.220291E+01 -.343760E+01 -.191044E+01 -.151041E+01 0.217976E+02
 0.220152E+01 -.343638E+01 -.188641E+01 -.150905E+01 0.212191E+02
 0.220306E+01 -.343176E+01 -.182572E+01 -.151799E+01 0.239058E+02
 0.239376E+01 -.344234E+01 -.187983E+01 -.152885E+01 0.214175E+02
 0.220602E+01 -.343677E+01 -.188689E+01 -.150896E+01 0.212189E+02
 0.220255E+01 -.343595E+01 -.188660E+01 -.150870E+01 0.212180E+02
 0.222114E+01 -.343628E+01 -.188653E+01 -.152493E+01 0.213392E+02
 0.220780E+01 -.344952E+01 -.183972E+01 -.151279E+01 0.231380E+02
 0.222330E+01 -.343730E+01 -.184589E+01 -.153551E+01 0.218587E+02
 0.220540E+01 -.338144E+01 -.187643E+01 -.150236E+01 0.287713E+02
 0.220377E+01 -.344325E+01 -.188600E+01 -.152259E+01 0.214040E+02
 0.220319E+01 -.343580E+01 -.188728E+01 -.150673E+01 0.212190E+02
 0.220250E+01 -.343560E+01 -.189931E+01 -.151095E+01 0.214016E+02
 0.232902E+01 -.341175E+01 -.180463E+01 -.151184E+01 0.284857E+02
 0.220899E+01 -.343607E+01 -.188533E+01 -.159760E+01 0.238972E+02
 0.220118E+01 -.343894E+01 -.188664E+01 -.150827E+01 0.212348E+02
 0.220633E+01 -.343578E+01 -.188672E+01 -.151256E+01 0.212301E+02
 0.220270E+01 -.343281E+01 -.188645E+01 -.149193E+01 0.213630E+02
 0.220302E+01 -.343593E+01 -.188672E+01 -.150731E+01 0.212191E+02
 0.220000E+01 -.344287E+01 -.187035E+01 -.151144E+01 0.214706E+02
 0.220902E+01 -.344109E+01 -.188723E+01 -.149698E+01 0.213153E+02
 0.220175E+01 -.343839E+01 -.188672E+01 -.151079E+01 0.212314E+02
 0.223001E+01 -.343579E+01 -.189616E+01 -.151583E+01 0.214012E+02
 0.223798E+01 -.343382E+01 -.188059E+01 -.151507E+01 0.212530E+02
 0.220089E+01 -.344401E+01 -.188625E+01 -.150807E+01 0.213495E+02
 0.220000E+01 -.346218E+01 -.186786E+01 -.154340E+01 0.227039E+02
 0.227315E+01 -.341891E+01 -.186424E+01 -.155924E+01 0.223007E+02
 0.220000E+01 -.343690E+01 -.187093E+01 -.153070E+01 0.212842E+02
 0.220507E+01 -.343610E+01 -.188374E+01 -.152211E+01 0.212652E+02
 0.220410E+01 -.343637E+01 -.188661E+01 -.150829E+01 0.212171E+02
 0.220360E+01 -.343583E+01 -.187674E+01 -.151364E+01 0.212615E+02
 0.220000E+01 -.342394E+01 -.187480E+01 -.148646E+01 0.221999E+02
 0.220012E+01 -.343539E+01 -.188292E+01 -.150902E+01 0.212282E+02
 0.237225E+01 -.342896E+01 -.188348E+01 -.150994E+01 0.213895E+02
 0.229127E+01 -.344466E+01 -.189018E+01 -.151961E+01 0.215094E+02
 0.220184E+01 -.343625E+01 -.188189E+01 -.151367E+01 0.212248E+02
 0.220498E+01 -.343750E+01 -.182170E+01 -.150528E+01 0.249423E+02
 0.220453E+01 -.339905E+01 -.188673E+01 -.151573E+01 0.244633E+02
 0.220309E+01 -.343683E+01 -.190021E+01 -.150958E+01 0.214038E+02
 0.220214E+01 -.343679E+01 -.182381E+01 -.153556E+01 0.231854E+02
 0.220485E+01 -.343185E+01 -.188504E+01 -.150823E+01 0.212636E+02
 0.220329E+01 -.342185E+01 -.188644E+01 -.150679E+01 0.216842E+02
 0.220184E+01 -.343625E+01 -.191567E+01 -.150658E+01 0.219283E+02
 0.220492E+01 -.343639E+01 -.186980E+01 -.150936E+01 0.214447E+02
 0.220271E+01 -.344028E+01 -.189178E+01 -.152143E+01 0.214306E+02
 0.220382E+01 -.341358E+01 -.191717E+01 -.150310E+01 0.229039E+02
 0.220000E+01 -.343387E+01 -.193827E+01 -.146639E+01 0.219950E+02
 0.221220E+01 -.343489E+01 -.191368E+01 -.150746E+01 0.218437E+02
 0.220000E+01 -.343823E+01 -.188166E+01 -.150512E+01 0.212648E+02
 0.220351E+01 -.343667E+01 -.188635E+01 -.150816E+01 0.212174E+02
 0.220621E+01 -.343423E+01 -.188638E+01 -.150829E+01 0.212293E+02
 0.220372E+01 -.347299E+01 -.187840E+01 -.149772E+01 0.241225E+02
 0.221197E+01 -.343890E+01 -.185572E+01 -.150784E+01 0.220553E+02
 0.221647E+01 -.343667E+01 -.188009E+01 -.150704E+01 0.212683E+02
 0.220264E+01 -.343495E+01 -.188652E+01 -.158416E+01 0.232869E+02
 0.220355E+01 -.343654E+01 -.188869E+01 -.150880E+01 0.212225E+02
 0.225353E+01 -.343603E+01 -.193582E+01 -.145910E+01 0.218087E+02
 0.220287E+01 -.343741E+01 -.182718E+01 -.151354E+01 0.238901E+02
 0.221618E+01 -.343037E+01 -.190552E+01 -.150763E+01 0.215786E+02
 0.221342E+01 -.342398E+01 -.188656E+01 -.150951E+01 0.215553E+02
 0.220000E+01 -.343620E+01 -.188641E+01 -.150905E+01 0.212178E+02
 0.220000E+01 -.343502E+01 -.188520E+01 -.150766E+01 0.212230E+02
 0.220000E+01 -.343002E+01 -.188746E+01 -.150847E+01 0.213017E+02
 0.220279E+01 -.343613E+01 -.188768E+01 -.148038E+01 0.215342E+02
 0.220485E+01 -.343623E+01 -.188659E+01 -.150795E+01 0.212175E+02
 0.220364E+01 -.343696E+01 -.188797E+01 -.150491E+01 0.212197E+02
 0.220318E+01 -.343493E+01 -.188596E+01 -.150647E+01 0.212235E+02
 0.220816E+01 -.343680E+01 -.188527E+01 -.150546E+01 0.212297E+02
 0.220686E+01 -.343621E+01 -.188421E+01 -.150771E+01 0.212269E+02
 0.220265E+01 -.343364E+01 -.188752E+01 -.150378E+01 0.212375E+02
 0.220000E+01 -.343467E+01 -.188303E+01 -.150818E+01 0.212356E+02
 0.220406E+01 -.343532E+01 -.188669E+01 -.150816E+01 0.212188E+02
 0.220000E+01 -.344279E+01 -.188640E+01 -.155362E+01 0.221076E+02
 0.220344E+01 -.343637E+01 -.188704E+01 -.150827E+01 0.212173E+02
 0.221072E+01 -.348469E+01 -.189124E+01 -.145840E+01 0.268566E+02
 0.220537E+01 -.343594E+01 -.188604E+01 -.150819E+01 0.212180E+02
 0.220000E+01 -.344619E+01 -.191618E+01 -.150982E+01 0.223342E+02
 0.220691E+01 -.343607E+01 -.188248E+01 -.151677E+01 0.212311E+02
 0.220368E+01 -.344362E+01 -.189344E+01 -.157126E+01 0.233044E+02
 0.220388E+01 -.343180E+01 -.187365E+01 -.150171E+01 0.215265E+02
 0.220273E+01 -.343775E+01 -.187173E+01 -.150591E+01 0.214470E+02
 0.225682E+01 -.343996E+01 -.188675E+01 -.156286E+01 0.224016E+02
 0.220463E+01 -.343703E+01 -.187998E+01 -.150530E+01 0.212795E+02
 0.220443E+01 -.343631E+01 -.187933E+01 -.150860E+01 0.212622E+02
 0.220360E+01 -.341835E+01 -.188712E+01 -.150539E+01 0.219413E+02
 0.220190E+01 -.343098E+01 -.189542E+01 -.139573E+01 0.271979E+02
 0.220298E+01 -.343626E+01 -.188596E+01 -.150798E+01 0.212193E+02
 0.220412E+01 -.342966E+01 -.188627E+01 -.151014E+01 0.213143E+02
 0.220361E+01 -.343719E+01 -.188826E+01 -.151133E+01 0.212315E+02
 0.220000E+01 -.343395E+01 -.189977E+01 -.150867E+01 0.213819E+02
 0.220375E+01 -.343940E+01 -.187357E+01 -.150904E+01 0.213680E+02
 0.220320E+01 -.343627E+01 -.188658E+01 -.150830E+01 0.212168E+02
 0.220309E+01 -.343627E+01 -.188567E+01 -.150834E+01 0.212194E+02
 0.220784E+01 -.343643E+01 -.188793E+01 -.151193E+01 0.212341E+02
 0.220535E+01 -.343696E+01 -.188666E+01 -.150701E+01 0.212192E+02
 0.220000E+01 -.344503E+01 -.182544E+01 -.170836E+01 0.256434E+02
 0.220000E+01 -.344182E+01 -.195626E+01 -.145016E+01 0.227218E+02
 0.220321E+01 -.343685E+01 -.187723E+01 -.151215E+01 0.212635E+02
 0.220000E+01 -.342361E+01 -.188829E+01 -.150866E+01 0.215733E+02
 0.220445E+01 -.343658E+01 -.189249E+01 -.150687E+01 0.212407E+02
 0.220451E+01 -.344022E+01 -.188367E+01 -.151040E+01 0.212527E+02
 0.220179E+01 -.344052E+01 -.187382E+01 -.149666E+01 0.215995E+02
 0.220451E+01 -.343528E+01 -.188581E+01 -.150921E+01 0.212198E+02
 0.220380E+01 -.344945E+01 -.187963E+01 -.148273E+01 0.220830E+02
 0.220510E+01 -.343640E+01 -.188641E+01 -.150904E+01 0.212179E+02
 0.220310E+01 -.343486E+01 -.188631E+01 -.150817E+01 0.212211E+02
 0.220361E+01 -.344085E+01 -.195920E+01 -.149685E+01 0.252973E+02
 0.220250E+01 -.343674E+01 -.182897E+01 -.152083E+01 0.233809E+02
 0.220517E+01 -.343625E+01 -.188570E+01 -.151068E+01 0.212186E+02
 0.220333E+01 -.342403E+01 -.184740E+01 -.149198E+01 0.237556E+02
 0.220000E+01 -.343863E+01 -.189027E+01 -.150075E+01 0.212384E+02
 0.220075E+01 -.343707E+01 -.188704E+01 -.150849E+01 0.212206E+02
 0.220135E+01 -.343710E+01 -.188656E+01 -.150864E+01 0.212202E+02
 0.220000E+01 -.343611E+01 -.188666E+01 -.152584E+01 0.213481E+02
 0.220651E+01 -.347404E+01 -.187637E+01 -.150480E+01 0.242067E+02
 0.220074E+01 -.343430E+01 -.188590E+01 -.150459E+01 0.212350E+02
 0.220324E+01 -.343296E+01 -.188674E+01 -.150502E+01 0.212444E+02
 0.220725E+01 -.343661E+01 -.189880E+01 -.150994E+01 0.213782E+02
 0.220439E+01 -.343602E+01 -.188242E+01 -.153989E+01 0.215002E+02
 0.220379E+01 -.343325E+01 -.188703E+01 -.150824E+01 0.212366E+02
 0.220481E+01 -.343608E+01 -.188654E+01 -.151501E+01 0.212368E+02
 0.220890E+01 -.343461E+01 -.188738E+01 -.149873E+01 0.212562E+02
 0.220203E+01 -.343638E+01 -.188653E+01 -.150729E+01 0.212192E+02
 0.265012E+01 -.343155E+01 -.186209E+01 -.151180E+01 0.218813E+02
 0.220513E+01 -.344280E+01 -.190453E+01 -.149354E+01 0.214333E+02
 0.220000E+01 -.344082E+01 -.188346E+01 -.150861E+01 0.212673E+02
 0.223968E+01 -.346246E+01 -.188891E+01 -.150282E+01 0.226829E+02
 0.223333E+01 -.343313E+01 -.188112E+01 -.151208E+01 0.212646E+02
 0.220309E+01 -.347050E+01 -.188678E+01 -.150849E+01 0.236514E+02
 0.271255E+01 -.343319E+01 -.189990E+01 -.156869E+01 0.235154E+02
 0.223905E+01 -.342853E+01 -.187088E+01 -.160046E+01 0.231799E+02
 0.229447E+01 -.343054E+01 -.188610E+01 -.152335E+01 0.213924E+02
 0.220245E+01 -.343598E+01 -.189227E+01 -.151277E+01 0.212840E+02
 0.220388E+01 -.343561E+01 -.188687E+01 -.150840E+01 0.212181E+02
 0.220413E+01 -.343572E+01 -.188156E+01 -.151253E+01 0.212264E+02
 0.220280E+01 -.343306E+01 -.185919E+01 -.150345E+01 0.220499E+02
 0.220792E+01 -.343153E+01 -.189086E+01 -.151008E+01 0.212871E+02
 0.228678E+01 -.340870E+01 -.187852E+01 -.151793E+01 0.230439E+02
 0.220000E+01 -.344975E+01 -.180412E+01 -.154060E+01 0.249431E+02
 0.224828E+01 -.343381E+01 -.188635E+01 -.153023E+01 0.214321E+02
 0.220144E+01 -.343618E+01 -.187065E+01 -.152350E+01 0.212899E+02
 0.220204E+01 -.343894E+01 -.196411E+01 -.150608E+01 0.266109E+02
 0.220456E+01 -.345130E+01 -.188582E+01 -.151601E+01 0.217241E+02
 0.220306E+01 -.343750E+01 -.189306E+01 -.150981E+01 0.212744E+02
 0.220226E+01 -.343507E+01 -.186003E+01 -.149684E+01 0.222032E+02
 0.220517E+01 -.343616E+01 -.188452E+01 -.150827E+01 0.212212E+02
 0.220344E+01 -.344602E+01 -.188759E+01 -.150933E+01 0.214318E+02
 0.220140E+01 -.343625E+01 -.186406E+01 -.150353E+01 0.217741E+02
 0.220619E+01 -.343638E+01 -.189678E+01 -.150835E+01 0.213142E+02
 0.220237E+01 -.344105E+01 -.186621E+01 -.152735E+01 0.213712E+02
 0.220246E+01 -.342953E+01 -.191591E+01 -.150795E+01 0.220359E+02
 0.220247E+01 -.342235E+01 -.190095E+01 -.151376E+01 0.218781E+02
 0.222562E+01 -.345116E+01 -.185039E+01 -.150875E+01 0.227072E+02
 0.220262E+01 -.342285E+01 -.187974E+01 -.150814E+01 0.216826E+02
 0.222233E+01 -.342158E+01 -.183949E+01 -.146654E+01 0.266602E+02
 0.220000E+01 -.343602E+01 -.186801E+01 -.150269E+01 0.216359E+02
 0.221339E+01 -.343663E+01 -.188713E+01 -.149858E+01 0.212550E+02
 0.220415E+01 -.343598E+01 -.188673E+01 -.150809E+01 0.212172E+02
 0.220000E+01 -.343514E+01 -.173700E+01 -.168962E+01 0.277431E+02
 0.220503E+01 -.343639E+01 -.188610E+01 -.150809E+01 0.212177E+02
 0.220336E+01 -.342888E+01 -.189196E+01 -.150129E+01 0.213353E+02
 0.222837E+01 -.343948E+01 -.188197E+01 -.150795E+01 0.212661E+02
 0.220000E+01 -.343701E+01 -.188965E+01 -.152098E+01 0.213389E+02
 0.220271E+01 -.343405E+01 -.190764E+01 -.143922E+01 0.223383E+02
 0.220543E+01 -.343604E+01 -.188987E+01 -.150771E+01 0.212250E+02
 0.220267E+01 -.343643E+01 -.186587E+01 -.151552E+01 0.214606E+02
 0.221621E+01 -.341862E+01 -.185955E+01 -.153056E+01 0.222647E+02
 0.220083E+01 -.348177E+01 -.187451E+01 -.150618E+01 0.254687E+02
 0.220000E+01 -.342409E+01 -.188652E+01 -.150945E+01 0.215471E+02
 0.220790E+01 -.343633E+01 -.188569E+01 -.150729E+01 0.212228E+02
 0.221180E+01 -.343167E+01 -.188623E+01 -.150273E+01 0.212814E+02
 0.220742E+01 -.343197E+01 -.188784E+01 -.150831E+01 0.212579E+02
 0.220400E+01 -.343598E+01 -.188781E+01 -.149507E+01 0.212764E+02
 0.220437E+01 -.343624E+01 -.188659E+01 -.150778E+01 0.212174E+02
 0.220312E+01 -.343622E+01 -.188660E+01 -.150611E+01 0.212185E+02
 0.220251E+01 -.343663E+01 -.188703E+01 -.151702E+01 0.212574E+02
 0.220436E+01 -.343586E+01 -.188537E+01 -.151157E+01 0.212196E+02
 0.220283E+01 -.343625E+01 -.188407E+01 -.150875E+01 0.212233E+02
 0.220086E+01 -.344269E+01 -.189384E+01 -.149733E+01 0.213305E+02
 0.222783E+01 -.343402E+01 -.188419E+01 -.150917E+01 0.212408E+02
 0.220366E+01 -.343605E+01 -.188671E+01 -.150790E+01 0.212170E+02
 0.220325E+01 -.343627E+01 -.188639E+01 -.150822E+01 0.212168E+02
 0.221511E+01 -.348306E+01 -.192770E+01 -.153098E+01 0.287877E+02
 0.220334E+01 -.343636E+01 -.188641E+01 -.150843E+01 0.212171E+02
 0.220462E+01 -.343100E+01 -.188094E+01 -.151399E+01 0.212943E+02
 0.220000E+01 -.342237E+01 -.186859E+01 -.151416E+01 0.218920E+02
 0.220415E+01 -.343860E+01 -.191162E+01 -.151663E+01 0.220575E+02
 0.220348E+01 -.343705E+01 -.188516E+01 -.150602E+01 0.212251E+02
 0.223050E+01 -.343500E+01 -.188961E+01 -.153008E+01 0.214931E+02
 0.220466E+01 -.343829E+01 -.188809E+01 -.151841E+01 0.212895E+02
 0.220742E+01 -.344521E+01 -.190000E+01 -.150871E+01 0.215885E+02
 0.220304E+01 -.345172E+01 -.188534E+01 -.151843E+01 0.217672E+02
 0.220000E+01 -.341249E+01 -.177045E+01 -.161136E+01 0.274555E+02
 0.220324E+01 -.342770E+01 -.190587E+01 -.153768E+01 0.225970E+02
 0.220353E+01 -.343547E+01 -.188589E+01 -.150809E+01 0.212188E+02
 0.220209E+01 -.347482E+01 -.188115E+01 -.151088E+01 0.242518E+02
 0.220294E+01 -.343451E+01 -.188079E+01 -.150975E+01 0.212483E+02
 0.220145E+01 -.343487E+01 -.188485E+01 -.151060E+01 0.212242E+02
 0.222005E+01 -.343920E+01 -.188623E+01 -.150844E+01 0.212432E+02
 0.220280E+01 -.344306E+01 -.188129E+01 -.150306E+01 0.213743E+02
 0.220320E+01 -.343626E+01 -.188658E+01 -.150806E+01 0.212168E+02
 0.220336E+01 -.343624E+01 -.188554E+01 -.150840E+01 0.212177E+02
 0.221208E+01 -.343622E+01 -.188593E+01 -.150278E+01 0.212362E+02
 0.220457E+01 -.343582E+01 -.188593E+01 -.151085E+01 0.212194E+02
 0.239889E+01 -.341562E+01 -.187079E+01 -.143444E+01 0.267010E+02
 0.220533E+01 -.343656E+01 -.189016E+01 -.150357E+01 0.212204E+02
 0.228683E+01 -.342151E+01 -.188694E+01 -.150846E+01 0.217247E+02
 0.220503E+01 -.343468E+01 -.188226E+01 -.150679E+01 0.212482E+02
 0.220550E+01 -.344627E+01 -.188469E+01 -.150702E+01 0.214368E+02
 0.221945E+01 -.344033E+01 -.189639E+01 -.156301E+01 0.230219E+02
 0.220274E+01 -.343324E+01 -.189037E+01 -.147392E+01 0.216496E+02
 0.220311E+01 -.343438E+01 -.187451E+01 -.150980E+01 0.213398E+02
 0.220220E+01 -.344745E+01 -.188427E+01 -.165630E+01 0.279630E+02
 0.231086E+01 -.344840E+01 -.183048E+01 -.154807E+01 0.226402E+02
 0.220317E+01 -.343893E+01 -.188625E+01 -.151125E+01 0.212385E+02
 0.220310E+01 -.343640E+01 -.188634E+01 -.150799E+01 0.212180E+02
 0.220322E+01 -.343875E+01 -.187139E+01 -.150020E+01 0.215799E+02
 0.220284E+01 -.343447E+01 -.183915E+01 -.151598E+01 0.228241E+02
 0.220715E+01 -.343619E+01 -.188608E+01 -.150954E+01 0.212212E+02
 0.220338E+01 -.343277E+01 -.187594E+01 -.150144E+01 0.214464E+02
 0.228104E+01 -.343498E+01 -.189796E+01 -.148637E+01 0.212986E+02
 0.220496E+01 -.343609E+01 -.188546E+01 -.150799E+01 0.212207E+02
 0.220576E+01 -.343666E+01 -.188658E+01 -.150802E+01 0.212179E+02
 0.224005E+01 -.343648E+01 -.188650E+01 -.150368E+01 0.212357E+02
 0.220125E+01 -.340249E+01 -.190789E+01 -.150792E+01 0.240830E+02
 0.220024E+01 -.342928E+01 -.188684E+01 -.149391E+01 0.214127E+02
 0.220322E+01 -.343907E+01 -.188641E+01 -.150625E+01 0.212359E+02
 0.220642E+01 -.343664E+01 -.188442E+01 -.150779E+01 0.212258E+02
 0.249964E+01 -.345286E+01 -.193093E+01 -.143041E+01 0.228011E+02
 0.220227E+01 -.343602E+01 -.188201E+01 -.143343E+01 0.244574E+02
 0.220478E+01 -.343103E+01 -.188653E+01 -.150819E+01 0.212773E+02
 0.220270E+01 -.343629E+01 -.188643E+01 -.151620E+01 0.212455E+02
 0.220772E+01 -.343929E+01 -.188750E+01 -.150906E+01 0.212442E+02
 0.220390E+01 -.343634E+01 -.188644E+01 -.150878E+01 0.212171E+02
 0.253155E+01 -.341209E+01 -.180679E+01 -.152154E+01 0.275798E+02
 0.260240E+01 -.343053E+01 -.187623E+01 -.151366E+01 0.214513E+02
 0.220202E+01 -.344024E+01 -.190229E+01 -.149648E+01 0.213485E+02
 0.220197E+01 -.343013E+01 -.188595E+01 -.150695E+01 0.213026E+02
 0.220000E+01 -.346024E+01 -.188400E+01 -.148407E+01 0.227322E+02
 0.220317E+01 -.344253E+01 -.188907E+01 -.150434E+01 0.213091E+02
 0.220439E+01 -.345763E+01 -.188690E+01 -.150862E+01 0.221878E+02
 0.292228E+01 -.341768E+01 -.192815E+01 -.156346E+01 0.266536E+02
 0.232545E+01 -.344300E+01 -.189793E+01 -.150721E+01 0.214610E+02
 0.220000E+01 -.344125E+01 -.187975E+01 -.151527E+01 0.212784E+02
 0.220367E+01 -.343619E+01 -.188853E+01 -.151272E+01 0.212380E+02
 0.220376E+01 -.343647E+01 -.188677E+01 -.150830E+01 0.212171E+02
 0.220311E+01 -.343655E+01 -.189324E+01 -.150633E+01 0.212443E+02
 0.220519E+01 -.344035E+01 -.186680E+01 -.153050E+01 0.213423E+02
 0.220839E+01 -.343457E+01 -.189007E+01 -.151107E+01 0.212465E+02
 0.251261E+01 -.341079E+01 -.187793E+01 -.151773E+01 0.228156E+02
 0.239106E+01 -.344675E+01 -.187953E+01 -.161698E+01 0.247683E+02
 0.228415E+01 -.342834E+01 -.188920E+01 -.149511E+01 0.214237E+02
 0.220408E+01 -.343623E+01 -.189258E+01 -.152064E+01 0.213902E+02
 0.220203E+01 -.343689E+01 -.194998E+01 -.150878E+01 0.249310E+02
 0.220308E+01 -.346328E+01 -.188620E+01 -.150769E+01 0.227495E+02
 0.220320E+01 -.343616E+01 -.187489E+01 -.150780E+01 0.213422E+02
 0.220270E+01 -.343832E+01 -.193927E+01 -.148816E+01 0.227776E+02
 0.220305E+01 -.343967E+01 -.188632E+01 -.150831E+01 0.212445E+02
 0.220304E+01 -.345285E+01 -.188717E+01 -.150300E+01 0.218157E+02
 0.220281E+01 -.343628E+01 -.187522E+01 -.150385E+01 0.213894E+02
 0.220605E+01 -.343630E+01 -.189593E+01 -.150799E+01 0.212957E+02
 0.220329E+01 -.344039E+01 -.187199E+01 -.151243E+01 0.213743E+02
 0.220000E+01 -.345155E+01 -.184057E+01 -.150864E+01 0.233557E+02
 0.220288E+01 -.344178E+01 -.187359E+01 -.151135E+01 0.213798E+02
 0.220171E+01 -.343446E+01 -.181524E+01 -.150119E+01 0.260426E+02
 0.220661E+01 -.343655E+01 -.187425E+01 -.149870E+01 0.215128E+02
 0.221749E+01 -.343435E+01 -.188727E+01 -.151226E+01 0.212380E+02
 0.220423E+01 -.343603E+01 -.188688E+01 -.150806E+01 0.212171E+02
 0.220147E+01 -.343788E+01 -.188615E+01 -.150819E+01 0.212248E+02
 0.220497E+01 -.340126E+01 -.188497E+01 -.150716E+01 0.240846E+02
 0.221804E+01 -.343344E+01 -.190961E+01 -.150834E+01 0.216861E+02
 0.222221E+01 -.343661E+01 -.188530E+01 -.152477E+01 0.213145E+02
 0.220299E+01 -.343626E+01 -.188513E+01 -.145924E+01 0.224382E+02
 0.220163E+01 -.343678E+01 -.188967E+01 -.150883E+01 0.212308E+02
 0.220389E+01 -.343582E+01 -.193595E+01 -.154540E+01 0.258612E+02
 0.220310E+01 -.343708E+01 -.192543E+01 -.150958E+01 0.226442E+02
 0.220000E+01 -.344426E+01 -.186701E+01 -.150683E+01 0.216853E+02
 0.223516E+01 -.343644E+01 -.188648E+01 -.150879E+01 0.212270E+02
 0.221349E+01 -.343632E+01 -.188617E+01 -.150727E+01 0.212206E+02
 0.221819E+01 -.343350E+01 -.188706E+01 -.150804E+01 0.212401E+02
 0.220492E+01 -.344012E+01 -.188724E+01 -.150829E+01 0.212515E+02
 0.220528E+01 -.343619E+01 -.188636E+01 -.151470E+01 0.212340E+02
 0.220165E+01 -.348334E+01 -.193637E+01 -.144802E+01 0.266299E+02
 0.220239E+01 -.343626E+01 -.188658E+01 -.150774E+01 0.212191E+02
 0.220290E+01 -.343587E+01 -.188628E+01 -.150803E+01 0.212182E+02
 0.220521E+01 -.339076E+01 -.186149E+01 -.151226E+01 0.268508E+02
 0.220389E+01 -.343707E+01 -.188666E+01 -.151084E+01 0.212222E+02
 0.220127E+01 -.343572E+01 -.188567E+01 -.151456E+01 0.212300E+02
 0.220061E+01 -.343633E+01 -.188486E+01 -.150872E+01 0.212190E+02
 0.220118E+01 -.343782E+01 -.188148E+01 -.149757E+01 0.213484E+02
 0.220000E+01 -.343567E+01 -.188659E+01 -.150923E+01 0.212195E+02
 0.220000E+01 -.343638E+01 -.184073E+01 -.150620E+01 0.231088E+02
 0.220491E+01 -.346725E+01 -.187189E+01 -.151322E+01 0.232552E+02
 0.220281E+01 -.343663E+01 -.188655E+01 -.150811E+01 0.212191E+02
 0.220304E+01 -.343619E+01 -.188598E+01 -.150822E+01 0.212191E+02
 0.221358E+01 -.343780E+01 -.192505E+01 -.149257E+01 0.220152E+02
 0.220161E+01 -.343665E+01 -.188687E+01 -.150846E+01 0.212180E+02
 0.220387E+01 -.343778E+01 -.188012E+01 -.151154E+01 0.212401E+02
 0.220269E+01 -.343177E+01 -.187653E+01 -.149152E+01 0.216620E+02
 0.220374E+01 -.345531E+01 -.190166E+01 -.159861E+01 0.264527E+02
 0.220692E+01 -.343954E+01 -.189897E+01 -.150324E+01 0.213341E+02
 0.220373E+01 -.343584E+01 -.189730E+01 -.150926E+01 0.213299E+02
 0.225073E+01 -.343055E+01 -.188080E+01 -.149106E+01 0.215814E+02
 0.220393E+01 -.343608E+01 -.190589E+01 -.149532E+01 0.213563E+02
 0.220564E+01 -.344337E+01 -.188991E+01 -.150855E+01 0.213441E+02
 0.220329E+01 -.345546E+01 -.188541E+01 -.150251E+01 0.220181E+02
 0.220212E+01 -.344500E+01 -.190270E+01 -.157592E+01 0.244171E+02
 0.220400E+01 -.343591E+01 -.188760E+01 -.150829E+01 0.212181E+02
 0.227682E+01 -.347403E+01 -.185671E+01 -.150245E+01 0.249280E+02
 0.220224E+01 -.344080E+01 -.188542E+01 -.150895E+01 0.212641E+02
 0.220025E+01 -.343361E+01 -.188360E+01 -.150907E+01 0.212400E+02
 0.221492E+01 -.343864E+01 -.187213E+01 -.150869E+01 0.214022E+02
 0.220455E+01 -.343871E+01 -.188959E+01 -.150473E+01 0.212354E+02
 0.220320E+01 -.343626E+01 -.188657E+01 -.150827E+01 0.212167E+02
 0.220335E+01 -.343626E+01 -.188605E+01 -.150838E+01 0.212170E+02
 0.221187E+01 -.343601E+01 -.188538E+01 -.150454E+01 0.212313E+02
 0.220369E+01 -.343589E+01 -.188567E+01 -.151040E+01 0.212183E+02
 0.233791E+01 -.343436E+01 -.183423E+01 -.157935E+01 0.220345E+02
 0.220514E+01 -.343624E+01 -.189802E+01 -.149728E+01 0.212548E+02
 0.231016E+01 -.344357E+01 -.188574E+01 -.150759E+01 0.213700E+02
 0.220484E+01 -.343415E+01 -.188035E+01 -.150829E+01 0.212637E+02
 0.270405E+01 -.344664E+01 -.188800E+01 -.157300E+01 0.231319E+02
 0.220603E+01 -.343665E+01 -.188530E+01 -.150925E+01 0.212186E+02
 0.220390E+01 -.343472E+01 -.187057E+01 -.147793E+01 0.223866E+02
 0.220216E+01 -.343497E+01 -.187454E+01 -.150968E+01 0.213352E+02
 0.220226E+01 -.342157E+01 -.187789E+01 -.148691E+01 0.222056E+02
 0.220400E+01 -.343679E+01 -.188656E+01 -.150694E+01 0.212185E+02
 0.220325E+01 -.343761E+01 -.188701E+01 -.150820E+01 0.212214E+02
 0.220290E+01 -.343626E+01 -.180466E+01 -.150623E+01 0.269627E+02
 0.220330E+01 -.343541E+01 -.193858E+01 -.150854E+01 0.236753E+02
 0.220450E+01 -.343637E+01 -.188642E+01 -.150808E+01 0.212175E+02
 0.220323E+01 -.344009E+01 -.190712E+01 -.151187E+01 0.217282E+02
 0.232193E+01 -.343408E+01 -.188840E+01 -.149760E+01 0.212929E+02
 0.220700E+01 -.343582E+01 -.188624E+01 -.150776E+01 0.212215E+02
 0.220595E+01 -.343601E+01 -.188663E+01 -.150785E+01 0.212179E+02
 0.223574E+01 -.343670E+01 -.188638E+01 -.149059E+01 0.213705E+02
 0.220402E+01 -.341529E+01 -.193356E+01 -.151043E+01 0.240790E+02
 0.255304E+01 -.342879E+01 -.194725E+01 -.148454E+01 0.231875E+02
 0.220195E+01 -.340515E+01 -.188530E+01 -.150775E+01 0.234640E+02
 0.220098E+01 -.344146E+01 -.188728E+01 -.151691E+01 0.213204E+02
 0.220317E+01 -.343909E+01 -.188627E+01 -.150967E+01 0.212377E+02
 0.220373E+01 -.343470E+01 -.187399E+01 -.150868E+01 0.213599E+02
 0.220630E+01 -.343619E+01 -.188531E+01 -.156314E+01 0.222932E+02
 0.220000E+01 -.343348E+01 -.188633E+01 -.150816E+01 0.212344E+02
 0.220235E+01 -.343562E+01 -.188658E+01 -.149584E+01 0.212847E+02
 0.220329E+01 -.344075E+01 -.188664E+01 -.150940E+01 0.212622E+02
 0.220462E+01 -.343602E+01 -.188669E+01 -.150923E+01 0.212179E+02
 0.220000E+01 -.343495E+01 -.189669E+01 -.151386E+01 0.213825E+02
 0.220000E+01 -.344321E+01 -.193054E+01 -.151395E+01 0.234204E+02
 0.220095E+01 -.343489E+01 -.187841E+01 -.150277E+01 0.213411E+02
 0.220270E+01 -.343051E+01 -.188800E+01 -.150991E+01 0.212942E+02
 0.226289E+01 -.344085E+01 -.188831E+01 -.148928E+01 0.214109E+02
 0.220000E+01 -.343971E+01 -.188763E+01 -.151026E+01 0.212497E+02
 0.220184E+01 -.339491E+01 -.188651E+01 -.150796E+01 0.252378E+02
 0.222228E+01 -.343391E+01 -.187785E+01 -.151317E+01 0.212732E+02
 0.233937E+01 -.344501E+01 -.191454E+01 -.143605E+01 0.224653E+02
 0.220000E+01 -.339779E+01 -.189540E+01 -.149260E+01 0.246449E+02
 0.224632E+01 -.344470E+01 -.187722E+01 -.150447E+01 0.214915E+02
 0.220448E+01 -.343644E+01 -.188294E+01 -.151096E+01 0.212222E+02
 0.220328E+01 -.343703E+01 -.188626E+01 -.150819E+01 0.212184E+02
 0.220245E+01 -.343662E+01 -.189168E+01 -.150475E+01 0.212288E+02
 0.220382E+01 -.343995E+01 -.189773E+01 -.151182E+01 0.214138E+02
 0.220000E+01 -.343890E+01 -.188365E+01 -.151116E+01 0.212351E+02
 0.264495E+01 -.348014E+01 -.188843E+01 -.150312E+01 0.252893E+02
 0.223638E+01 -.343141E+01 -.189117E+01 -.147824E+01 0.215580E+02
 0.220427E+01 -.343629E+01 -.190452E+01 -.151318E+01 0.216068E+02
 0.220449E+01 -.343549E+01 -.185466E+01 -.150966E+01 0.220565E+02
 0.220289E+01 -.343684E+01 -.188840E+01 -.150775E+01 0.212209E+02
 0.220296E+01 -.343538E+01 -.187749E+01 -.150932E+01 0.212840E+02
 0.220229E+01 -.344049E+01 -.193815E+01 -.156582E+01 0.279766E+02
 0.220436E+01 -.343742E+01 -.188698E+01 -.150827E+01 0.212204E+02
 0.220299E+01 -.344396E+01 -.188698E+01 -.150429E+01 0.213527E+02
 0.220369E+01 -.343629E+01 -.190739E+01 -.150750E+01 0.215909E+02
 0.220274E+01 -.343624E+01 -.187020E+01 -.150980E+01 0.214268E+02
 0.220384E+01 -.343438E+01 -.189711E+01 -.151483E+01 0.214086E+02
 0.221306E+01 -.344756E+01 -.188170E+01 -.150802E+01 0.215070E+02
 0.220323E+01 -.345460E+01 -.185845E+01 -.150727E+01 0.225377E+02
 0.220259E+01 -.344221E+01 -.187104E+01 -.150466E+01 0.215471E+02
 0.220425E+01 -.343664E+01 -.179806E+01 -.154716E+01 0.250885E+02
 0.220539E+01 -.343617E+01 -.189052E+01 -.150978E+01 0.212384E+02
 0.220000E+01 -.343570E+01 -.188462E+01 -.152175E+01 0.212727E+02
 0.220302E+01 -.343664E+01 -.188634E+01 -.150827E+01 0.212192E+02
 0.220389E+01 -.343479E+01 -.188672E+01 -.150824E+01 0.212217E+02
 0.220547E+01 -.339699E+01 -.187838E+01 -.151361E+01 0.249296E+02
 0.221184E+01 -.342933E+01 -.189696E+01 -.150820E+01 0.214012E+02
 0.222398E+01 -.343604E+01 -.188079E+01 -.150526E+01 0.212773E+02
 0.220342E+01 -.343424E+01 -.188148E+01 -.150155E+01 0.213057E+02
 0.220236E+01 -.343689E+01 -.188401E+01 -.150899E+01 0.212236E+02
 0.220357E+01 -.343766E+01 -.193781E+01 -.150427E+01 0.234032E+02
 0.221227E+01 -.345492E+01 -.188957E+01 -.149056E+01 0.220495E+02
 0.220523E+01 -.344482E+01 -.190082E+01 -.149939E+01 0.214801E+02
 0.245668E+01 -.347718E+01 -.182878E+01 -.170446E+01 0.287731E+02
 0.223296E+01 -.344509E+01 -.188656E+01 -.150876E+01 0.213972E+02
 0.220159E+01 -.343621E+01 -.188709E+01 -.150878E+01 0.212194E+02
 0.220000E+01 -.343561E+01 -.188726E+01 -.151233E+01 0.212301E+02
 0.220140E+01 -.343986E+01 -.188713E+01 -.150827E+01 0.212481E+02
 0.220547E+01 -.343660E+01 -.188699E+01 -.152246E+01 0.213083E+02
 0.220152E+01 -.343626E+01 -.188657E+01 -.150825E+01 0.212188E+02
 0.220316E+01 -.343610E+01 -.188654E+01 -.150786E+01 0.212188E+02
 0.220438E+01 -.343624E+01 -.188526E+01 -.150610E+01 0.212236E+02
 0.220187E+01 -.343616E+01 -.188555E+01 -.151006E+01 0.212195E+02
 0.220125E+01 -.343629E+01 -.188802E+01 -.150826E+01 0.212206E+02
 0.220513E+01 -.343087E+01 -.188272E+01 -.151221E+01 0.212925E+02
 0.221433E+01 -.343775E+01 -.188844E+01 -.150916E+01 0.212303E+02
 0.220318E+01 -.343690E+01 -.188663E+01 -.150812E+01 0.212177E+02
 0.224460E+01 -.338707E+01 -.188416E+01 -.146419E+01 0.281490E+02
 0.220000E+01 -.343699E+01 -.188612E+01 -.150018E+01 0.212502E+02
 0.220317E+01 -.343619E+01 -.188614E+01 -.150825E+01 0.212169E+02
 0.220834E+01 -.340136E+01 -.189079E+01 -.147276E+01 0.244942E+02
 0.220244E+01 -.343612E+01 -.188619E+01 -.150835E+01 0.212188E+02
 0.220319E+01 -.343823E+01 -.188771E+01 -.151147E+01 0.212385E+02
 0.220423E+01 -.344950E+01 -.187454E+01 -.148542E+01 0.221992E+02
 0.221123E+01 -.342883E+01 -.187281E+01 -.149582E+01 0.217815E+02
 0.220340E+01 -.343609E+01 -.189087E+01 -.150633E+01 0.212255E+02
 0.228886E+01 -.343297E+01 -.185879E+01 -.149824E+01 0.223077E+02
 0.220333E+01 -.343446E+01 -.190139E+01 -.148043E+01 0.213158E+02
 0.220223E+01 -.343644E+01 -.186826E+01 -.150834E+01 0.215064E+02
 0.220369E+01 -.343766E+01 -.188515E+01 -.149918E+01 0.212710E+02
 0.220000E+01 -.342881E+01 -.193054E+01 -.136836E+01 0.269235E+02
 0.220235E+01 -.345335E+01 -.187291E+01 -.149618E+01 0.221825E+02
 0.220430E+01 -.343662E+01 -.188753E+01 -.150824E+01 0.212185E+02
 0.220291E+01 -.343845E+01 -.188808E+01 -.150878E+01 0.212338E+02
 0.220095E+01 -.343791E+01 -.188676E+01 -.150835E+01 0.212250E+02
 0.220256E+01 -.343432E+01 -.188288E+01 -.150862E+01 0.212384E+02
 0.220550E+01 -.343176E+01 -.189196E+01 -.151108E+01 0.213005E+02
 0.220320E+01 -.343626E+01 -.188657E+01 -.150843E+01 0.212168E+02
 0.220324E+01 -.343631E+01 -.188710E+01 -.150833E+01 0.212170E+02
 0.220000E+01 -.343613E+01 -.188587E+01 -.150961E+01 0.212188E+02
 0.220259E+01 -.343642E+01 -.188681E+01 -.150817E+01 0.212178E+02
 0.220000E+01 -.344640E+01 -.183800E+01 -.152344E+01 0.227156E+02
 0.220488E+01 -.343619E+01 -.189008E+01 -.150869E+01 0.212296E+02
 0.220000E+01 -.345073E+01 -.188650E+01 -.150724E+01 0.216680E+02
 0.220294E+01 -.343660E+01 -.188535E+01 -.151003E+01 0.212196E+02
 0.220405E+01 -.342867E+01 -.188671E+01 -.151045E+01 0.213480E+02
 0.220641E+01 -.343967E+01 -.187463E+01 -.157542E+01 0.222534E+02
 0.220590E+01 -.343631E+01 -.189518E+01 -.150830E+01 0.212830E+02
 0.220560E+01 -.343418E+01 -.188676E+01 -.150645E+01 0.212279E+02
 0.220330E+01 -.343584E+01 -.188652E+01 -.150854E+01 0.212174E+02
 0.220294E+01 -.343673E+01 -.188336E+01 -.150678E+01 0.212333E+02
 0.220201E+01 -.341295E+01 -.189835E+01 -.147750E+01 0.225753E+02
 0.220353E+01 -.343697E+01 -.191511E+01 -.150788E+01 0.219431E+02
 0.220152E+01 -.343637E+01 -.188668E+01 -.150791E+01 0.212186E+02
 0.220318E+01 -.343957E+01 -.191974E+01 -.151499E+01 0.225104E+02
 0.220000E+01 -.343612E+01 -.188118E+01 -.152537E+01 0.212704E+02
 0.220079E+01 -.343646E+01 -.188703E+01 -.150781E+01 0.212186E+02
 0.220000E+01 -.343618E+01 -.188659E+01 -.150835E+01 0.212182E+02
 0.222479E+01 -.343639E+01 -.188652E+01 -.150355E+01 0.212348E+02
 0.220688E+01 -.344545E+01 -.184050E+01 -.151546E+01 0.228176E+02
 0.220340E+01 -.344170E+01 -.188626E+01 -.152351E+01 0.213802E+02
 0.220316E+01 -.343567E+01 -.188720E+01 -.150633E+01 0.212179E+02
 0.220327E+01 -.343584E+01 -.188907E+01 -.151084E+01 0.212323E+02
 0.220490E+01 -.343599E+01 -.188780E+01 -.153705E+01 0.215907E+02
 0.220368E+01 -.343888E+01 -.188633E+01 -.150827E+01 0.212324E+02
 0.220527E+01 -.343514E+01 -.188663E+01 -.150043E+01 0.212458E+02
 0.220285E+01 -.343478E+01 -.188650E+01 -.150547E+01 0.212266E+02
 0.220348E+01 -.343591E+01 -.188681E+01 -.150820E+01 0.212191E+02
 0.246027E+01 -.344297E+01 -.184319E+01 -.151550E+01 0.227198E+02
 0.243965E+01 -.343839E+01 -.190034E+01 -.151757E+01 0.216015E+02
 0.220620E+01 -.343746E+01 -.187197E+01 -.150306E+01 0.214942E+02
 0.220201E+01 -.343641E+01 -.188716E+01 -.151039E+01 0.212230E+02
 0.224135E+01 -.342465E+01 -.189735E+01 -.151584E+01 0.217034E+02
 0.221354E+01 -.343609E+01 -.188443E+01 -.151507E+01 0.212286E+02
 0.220040E+01 -.340586E+01 -.188589E+01 -.150792E+01 0.233536E+02
 0.220000E+01 -.344660E+01 -.184515E+01 -.147177E+01 0.250168E+02
 0.229334E+01 -.343790E+01 -.189490E+01 -.148773E+01 0.213174E+02
 0.222798E+01 -.343765E+01 -.188120E+01 -.150245E+01 0.213020E+02
 0.220442E+01 -.343663E+01 -.188216E+01 -.150939E+01 0.212299E+02
 0.220299E+01 -.343631E+01 -.188652E+01 -.150835E+01 0.212188E+02
 0.221150E+01 -.343314E+01 -.196620E+01 -.150815E+01 0.269738E+02
 0.220355E+01 -.343624E+01 -.187988E+01 -.150953E+01 0.212484E+02
 0.220000E+01 -.342504E+01 -.190603E+01 -.150339E+01 0.216955E+02
 0.220895E+01 -.343700E+01 -.188253E+01 -.150828E+01 0.212337E+02
 0.246772E+01 -.344565E+01 -.188940E+01 -.150478E+01 0.214846E+02
 0.229204E+01 -.343529E+01 -.183995E+01 -.153221E+01 0.222813E+02
 0.226200E+01 -.344086E+01 -.188601E+01 -.151043E+01 0.212848E+02
 0.220007E+01 -.343631E+01 -.189848E+01 -.150131E+01 0.212775E+02
 0.220528E+01 -.343529E+01 -.179669E+01 -.150457E+01 0.282466E+02
 0.220289E+01 -.341626E+01 -.188853E+01 -.150837E+01 0.221180E+02
 0.220298E+01 -.343734E+01 -.189006E+01 -.150937E+01 0.212384E+02
 0.220284E+01 -.344150E+01 -.184222E+01 -.152951E+01 0.221740E+02
 0.220422E+01 -.343471E+01 -.188728E+01 -.150824E+01 0.212243E+02
 0.220345E+01 -.342687E+01 -.188674E+01 -.150880E+01 0.214121E+02
 0.220228E+01 -.343626E+01 -.188007E+01 -.150263E+01 0.213055E+02
 0.220274E+01 -.343636E+01 -.187633E+01 -.150912E+01 0.212999E+02
 0.220152E+01 -.344024E+01 -.187949E+01 -.152022E+01 0.212659E+02
 0.221105E+01 -.342085E+01 -.192134E+01 -.150780E+01 0.226885E+02
 0.220330E+01 -.343292E+01 -.189017E+01 -.150721E+01 0.212462E+02
 0.220340E+01 -.344790E+01 -.192902E+01 -.151200E+01 0.234192E+02
 0.220000E+01 -.342443E+01 -.193668E+01 -.149067E+01 0.228333E+02
 0.220000E+01 -.343558E+01 -.190194E+01 -.150311E+01 0.213551E+02
 0.221161E+01 -.343722E+01 -.188460E+01 -.152688E+01 0.213307E+02
 0.220234E+01 -.343674E+01 -.188622E+01 -.150820E+01 0.212172E+02
 0.220600E+01 -.343569E+01 -.188677E+01 -.150822E+01 0.212185E+02
 0.220499E+01 -.343207E+01 -.188040E+01 -.151388E+01 0.212724E+02
 0.220164E+01 -.343245E+01 -.187045E+01 -.150801E+01 0.214941E+02
 0.221632E+01 -.343608E+01 -.188251E+01 -.149367E+01 0.213926E+02
 0.220321E+01 -.343374E+01 -.189170E+01 -.154232E+01 0.218900E+02
 0.220348E+01 -.343642E+01 -.188131E+01 -.150805E+01 0.212424E+02
 0.226005E+01 -.343669E+01 -.200430E+01 -.137822E+01 0.240401E+02
 0.220322E+01 -.343713E+01 -.191469E+01 -.151160E+01 0.220374E+02
 0.221707E+01 -.343808E+01 -.190071E+01 -.149207E+01 0.212796E+02
 0.220000E+01 -.343402E+01 -.188662E+01 -.150907E+01 0.212287E+02
 0.220000E+01 -.343621E+01 -.188650E+01 -.150842E+01 0.212182E+02
 0.221368E+01 -.343891E+01 -.188696E+01 -.150652E+01 0.212351E+02
 0.220029E+01 -.343700E+01 -.188683E+01 -.150845E+01 0.212197E+02
 0.220275E+01 -.343708E+01 -.188728E+01 -.151631E+01 0.212538E+02
 0.220459E+01 -.343626E+01 -.188659E+01 -.150800E+01 0.212174E+02
 0.220347E+01 -.343687E+01 -.188705E+01 -.150705E+01 0.212181E+02
 0.220310E+01 -.343556E+01 -.188543E+01 -.150442E+01 0.212298E+02
 0.220426E+01 -.343659E+01 -.188624E+01 -.150577E+01 0.212209E+02
 0.220353E+01 -.343631E+01 -.188676E+01 -.150838E+01 0.212169E+02
 0.220575E+01 -.343304E+01 -.188765E+01 -.151006E+01 0.212436E+02
 0.220584E+01 -.343466E+01 -.188679E+01 -.150819E+01 0.212230E+02
 0.220086E+01 -.340858E+01 -.186442E+01 -.151510E+01 0.234084E+02
 0.220402E+01 -.343608E+01 -.188666E+01 -.150806E+01 0.212173E+02
 0.220477E+01 -.343557E+01 -.188650E+01 -.165497E+01 0.278223E+02
 0.220331E+01 -.343624E+01 -.188699E+01 -.150825E+01 0.212169E+02
 0.220000E+01 -.343064E+01 -.187770E+01 -.150680E+01 0.213808E+02
 0.220513E+01 -.343591E+01 -.188582E+01 -.150821E+01 0.212184E+02
 0.220804E+01 -.343675E+01 -.188960E+01 -.151731E+01 0.212943E+02
 0.220280E+01 -.343036E+01 -.187050E+01 -.144832E+01 0.243636E+02
 0.220505E+01 -.343337E+01 -.188200E+01 -.149747E+01 0.213628E+02
 0.220314E+01 -.343670E+01 -.188177E+01 -.150429E+01 0.212647E+02
 0.229932E+01 -.343708E+01 -.184840E+01 -.154224E+01 0.217120E+02
 0.220316E+01 -.343457E+01 -.188077E+01 -.151634E+01 0.212344E+02
 0.220108E+01 -.343106E+01 -.187039E+01 -.150827E+01 0.215218E+02
 0.220347E+01 -.341964E+01 -.188492E+01 -.150675E+01 0.218513E+02
 0.220000E+01 -.344838E+01 -.191872E+01 -.151553E+01 0.228223E+02
 0.220315E+01 -.344374E+01 -.185395E+01 -.144840E+01 0.260515E+02
 0.220375E+01 -.343696E+01 -.188623E+01 -.150811E+01 0.212184E+02
 0.220000E+01 -.345407E+01 -.185074E+01 -.150896E+01 0.228349E+02
 0.220450E+01 -.343444E+01 -.188907E+01 -.150875E+01 0.212301E+02
 0.220232E+01 -.343706E+01 -.188834E+01 -.150984E+01 0.212282E+02
 0.220000E+01 -.343122E+01 -.189563E+01 -.150869E+01 0.213387E+02
 0.220548E+01 -.343472E+01 -.188923E+01 -.151132E+01 0.212405E+02
 0.220320E+01 -.343626E+01 -.188657E+01 -.150833E+01 0.212167E+02
 0.220322E+01 -.343627E+01 -.188680E+01 -.150830E+01 0.212170E+02
 0.221005E+01 -.343636E+01 -.188635E+01 -.151262E+01 0.212258E+02
 0.220187E+01 -.343673E+01 -.188757E+01 -.150648E+01 0.212197E+02
 0.231908E+01 -.342657E+01 -.195863E+01 -.143742E+01 0.225074E+02
 0.220295E+01 -.343650E+01 -.188070E+01 -.151710E+01 0.212282E+02
 0.228590E+01 -.343996E+01 -.188758E+01 -.150710E+01 0.212722E+02
 0.220165E+01 -.343816E+01 -.189050E+01 -.151134E+01 0.212596E+02
 0.241018E+01 -.343931E+01 -.187103E+01 -.152383E+01 0.213658E+02
 0.220247E+01 -.342520E+01 -.188561E+01 -.150711E+01 0.214953E+02
 0.220498E+01 -.343781E+01 -.187930E+01 -.155445E+01 0.217605E+02
 0.220414E+01 -.343648E+01 -.189396E+01 -.150764E+01 0.212635E+02
 0.220400E+01 -.343894E+01 -.186919E+01 -.152919E+01 0.213027E+02
 0.220333E+01 -.343594E+01 -.188640E+01 -.150987E+01 0.212180E+02
 0.220318E+01 -.343516E+01 -.188617E+01 -.150832E+01 0.212197E+02
 0.220301E+01 -.343674E+01 -.194442E+01 -.150807E+01 0.242507E+02
 0.220116E+01 -.343180E+01 -.189029E+01 -.146786E+01 0.218717E+02
 0.220220E+01 -.343580E+01 -.187933E+01 -.150883E+01 0.212606E+02
 0.220275E+01 -.343616E+01 -.188562E+01 -.150812E+01 0.212196E+02
 0.220336E+01 -.343229E+01 -.191724E+01 -.150521E+01 0.219719E+02
 0.225165E+01 -.343910E+01 -.189038E+01 -.151671E+01 0.213223E+02
 0.220115E+01 -.343690E+01 -.188611E+01 -.150836E+01 0.212194E+02
 0.221107E+01 -.343666E+01 -.188659E+01 -.150884E+01 0.212194E+02
 0.220000E+01 -.343599E+01 -.188666E+01 -.151379E+01 0.212328E+02
 0.220680E+01 -.345083E+01 -.180866E+01 -.150999E+01 0.263725E+02
 0.220515E+01 -.345654E+01 -.187548E+01 -.150583E+01 0.221797E+02
 0.220344E+01 -.344107E+01 -.188556E+01 -.150493E+01 0.212751E+02
 0.220318E+01 -.343315E+01 -.188785E+01 -.150441E+01 0.212396E+02
 0.221306E+01 -.343707E+01 -.189395E+01 -.151096E+01 0.212930E+02
 0.220237E+01 -.343596E+01 -.187484E+01 -.146437E+01 0.227979E+02
 0.220270E+01 -.343509E+01 -.188706E+01 -.150832E+01 0.212206E+02
 0.220495E+01 -.343668E+01 -.188652E+01 -.151197E+01 0.212237E+02
 0.220351E+01 -.343364E+01 -.188811E+01 -.150220E+01 0.212389E+02
 0.220223E+01 -.343619E+01 -.188667E+01 -.150734E+01 0.212179E+02
 0.254497E+01 -.343584E+01 -.188713E+01 -.150812E+01 0.212919E+02
 0.220880E+01 -.344077E+01 -.187923E+01 -.149548E+01 0.214708E+02
 0.220189E+01 -.344094E+01 -.188599E+01 -.151053E+01 0.212687E+02
 0.220425E+01 -.342050E+01 -.190379E+01 -.151966E+01 0.222252E+02
 0.222930E+01 -.343417E+01 -.188463E+01 -.151059E+01 0.212370E+02
 0.220119E+01 -.343821E+01 -.188581E+01 -.150823E+01 0.212271E+02
 0.243541E+01 -.343248E+01 -.188353E+01 -.150274E+01 0.213515E+02
 0.221320E+01 -.342995E+01 -.187216E+01 -.155527E+01 0.216891E+02
 0.220000E+01 -.343428E+01 -.188505E+01 -.152046E+01 0.212733E+02
 0.220276E+01 -.343615E+01 -.188851E+01 -.150880E+01 0.212236E+02
 0.220295E+01 -.343575E+01 -.188686E+01 -.150840E+01 0.212197E+02
 0.220356E+01 -.343579E+01 -.187500E+01 -.151059E+01 0.213109E+02
 0.220686E+01 -.342591E+01 -.185351E+01 -.150603E+01 0.225544E+02
 0.220716E+01 -.343378E+01 -.188921E+01 -.150695E+01 0.212324E+02
 0.228058E+01 -.338531E+01 -.188018E+01 -.151730E+01 0.275094E+02
 0.231589E+01 -.343973E+01 -.188464E+01 -.151957E+01 0.213116E+02
 0.220000E+01 -.343621E+01 -.186838E+01 -.151530E+01 0.213956E+02
 0.220396E+01 -.343764E+01 -.190038E+01 -.150467E+01 0.213472E+02
 0.220296E+01 -.343508E+01 -.188749E+01 -.150835E+01 0.212224E+02
 0.220274E+01 -.343666E+01 -.189452E+01 -.150975E+01 0.212881E+02
 0.220315E+01 -.343989E+01 -.184386E+01 -.148785E+01 0.238484E+02
 0.220319E+01 -.343611E+01 -.188625E+01 -.150824E+01 0.212189E+02
 0.220352E+01 -.342494E+01 -.188678E+01 -.150870E+01 0.215032E+02
 0.220106E+01 -.343623E+01 -.186790E+01 -.149954E+01 0.217191E+02
 0.220370E+01 -.343640E+01 -.189714E+01 -.150824E+01 0.213158E+02
 0.220052E+01 -.344270E+01 -.187319E+01 -.150710E+01 0.214606E+02
 0.220389E+01 -.342093E+01 -.187870E+01 -.150792E+01 0.218313E+02
 0.220325E+01 -.341861E+01 -.190956E+01 -.150841E+01 0.222995E+02
 0.220329E+01 -.343606E+01 -.188858E+01 -.151092E+01 0.212293E+02
 0.223204E+01 -.342147E+01 -.194489E+01 -.147542E+01 0.229524E+02
 0.220565E+01 -.343508E+01 -.188311E+01 -.149623E+01 0.213389E+02
 0.221650E+01 -.343579E+01 -.188545E+01 -.149728E+01 0.212872E+02
 0.220196E+01 -.343622E+01 -.188661E+01 -.150803E+01 0.212189E+02
 0.220492E+01 -.343756E+01 -.188578E+01 -.150818E+01 0.212216E+02
 0.220386E+01 -.346484E+01 -.188538E+01 -.150733E+01 0.229235E+02
 0.220714E+01 -.343962E+01 -.187616E+01 -.150782E+01 0.213374E+02
 0.220574E+01 -.343644E+01 -.188378E+01 -.151896E+01 0.212426E+02
 0.220292E+01 -.343415E+01 -.189574E+01 -.146426E+01 0.217657E+02
 0.220421E+01 -.343660E+01 -.188499E+01 -.150766E+01 0.212224E+02
 0.226474E+01 -.343566E+01 -.199382E+01 -.147684E+01 0.283973E+02
 0.220280E+01 -.343657E+01 -.184409E+01 -.151248E+01 0.225867E+02
 0.221002E+01 -.342288E+01 -.186636E+01 -.153696E+01 0.217811E+02
 0.220270E+01 -.342200E+01 -.189345E+01 -.150626E+01 0.216785E+02
 0.223497E+01 -.343070E+01 -.188643E+01 -.150886E+01 0.212968E+02
 0.220456E+01 -.343631E+01 -.188595E+01 -.150795E+01 0.212178E+02
 0.220782E+01 -.343984E+01 -.188640E+01 -.150781E+01 0.212495E+02
 0.220324E+01 -.343433E+01 -.188644E+01 -.150851E+01 0.212250E+02
 0.220249E+01 -.343652E+01 -.188785E+01 -.149092E+01 0.213264E+02
 0.220700E+01 -.347396E+01 -.193329E+01 -.151437E+01 0.268119E+02
 0.220346E+01 -.343625E+01 -.188659E+01 -.150778E+01 0.212169E+02
 0.220345E+01 -.343639E+01 -.188740E+01 -.150677E+01 0.212172E+02
 0.220257E+01 -.339173E+01 -.183903E+01 -.150437E+01 0.285529E+02
 0.220265E+01 -.343633E+01 -.188752E+01 -.151311E+01 0.212354E+02
 0.220359E+01 -.343685E+01 -.188710E+01 -.150656E+01 0.212181E+02
 0.220486E+01 -.343628E+01 -.188554E+01 -.150838E+01 0.212183E+02
 0.220224E+01 -.343650E+01 -.189057E+01 -.150339E+01 0.212219E+02
 0.220000E+01 -.343557E+01 -.188539E+01 -.150884E+01 0.212187E+02
 0.220000E+01 -.343597E+01 -.194121E+01 -.148985E+01 0.229650E+02
 0.220383E+01 -.343557E+01 -.188658E+01 -.150799E+01 0.212181E+02
 0.220373E+01 -.343518E+01 -.188635E+01 -.159816E+01 0.240136E+02
 0.220325E+01 -.343631E+01 -.188759E+01 -.150825E+01 0.212197E+02
 0.220492E+01 -.346004E+01 -.187607E+01 -.153524E+01 0.224863E+02
 0.220387E+01 -.343651E+01 -.188647E+01 -.150839E+01 0.212172E+02
 0.220936E+01 -.343466E+01 -.188354E+01 -.151927E+01 0.212491E+02
 0.220378E+01 -.343587E+01 -.191622E+01 -.152847E+01 0.227962E+02
 0.220000E+01 -.340799E+01 -.185869E+01 -.157388E+01 0.237035E+02
 0.220238E+01 -.343892E+01 -.189656E+01 -.151239E+01 0.213786E+02
 0.220326E+01 -.343712E+01 -.187794E+01 -.150780E+01 0.212877E+02
 0.228622E+01 -.343828E+01 -.188869E+01 -.155972E+01 0.223547E+02
 0.220306E+01 -.343474E+01 -.186568E+01 -.153490E+01 0.213416E+02
 0.226604E+01 -.347431E+01 -.184653E+01 -.149085E+01 0.261399E+02
 0.220435E+01 -.343200E+01 -.188210E+01 -.150855E+01 0.212775E+02
 0.220313E+01 -.341564E+01 -.188523E+01 -.151380E+01 0.221922E+02
 0.220000E+01 -.343091E+01 -.185988E+01 -.142816E+01 0.276232E+02
 0.220340E+01 -.343885E+01 -.185798E+01 -.145213E+01 0.251833E+02
 0.220309E+01 -.343618E+01 -.188613E+01 -.150805E+01 0.212184E+02
 0.220514E+01 -.343439E+01 -.188295E+01 -.150969E+01 0.212336E+02
 0.220290E+01 -.343483E+01 -.188823E+01 -.151186E+01 0.212374E+02
 0.221856E+01 -.344233E+01 -.189887E+01 -.150871E+01 0.214585E+02
 0.220385E+01 -.344412E+01 -.188695E+01 -.150674E+01 0.213522E+02
 0.220320E+01 -.343626E+01 -.188658E+01 -.150817E+01 0.212167E+02
 0.220324E+01 -.343626E+01 -.188624E+01 -.150856E+01 0.212170E+02
 0.227723E+01 -.347184E+01 -.188677E+01 -.150359E+01 0.238660E+02
 0.220589E+01 -.343608E+01 -.188604E+01 -.150821E+01 0.212180E+02
 0.220318E+01 -.343673E+01 -.188667E+01 -.150899E+01 0.212176E+02
 0.237443E+01 -.341743E+01 -.193778E+01 -.139983E+01 0.239824E+02
 0.220272E+01 -.343640E+01 -.188150E+01 -.149670E+01 0.213592E+02
 0.230355E+01 -.342553E+01 -.188670E+01 -.150955E+01 0.214924E+02
 0.220174E+01 -.343502E+01 -.188598E+01 -.151028E+01 0.212232E+02
 0.220246E+01 -.343818E+01 -.188549E+01 -.150625E+01 0.212303E+02
 0.220527E+01 -.343445E+01 -.188746E+01 -.149862E+01 0.212560E+02
 0.220221E+01 -.343633E+01 -.187869E+01 -.150885E+01 0.212680E+02
 0.220370E+01 -.344811E+01 -.187696E+01 -.160944E+01 0.242010E+02
 0.220402E+01 -.343746E+01 -.188636E+01 -.151030E+01 0.212219E+02
 0.220312E+01 -.343661E+01 -.188665E+01 -.150813E+01 0.212192E+02
 0.220300E+01 -.343661E+01 -.187272E+01 -.150799E+01 0.213876E+02
 0.220151E+01 -.345037E+01 -.188155E+01 -.151890E+01 0.216529E+02
 0.220241E+01 -.343540E+01 -.186372E+01 -.151987E+01 0.214652E+02
 0.220588E+01 -.343626E+01 -.188610E+01 -.150917E+01 0.212180E+02
 0.220332E+01 -.343102E+01 -.188730E+01 -.149638E+01 0.213303E+02
 0.223065E+01 -.343808E+01 -.189323E+01 -.149456E+01 0.212581E+02
 0.220363E+01 -.343673E+01 -.188536E+01 -.150924E+01 0.212179E+02
 0.222856E+01 -.343611E+01 -.189424E+01 -.152156E+01 0.214514E+02
 0.221122E+01 -.343661E+01 -.188661E+01 -.150829E+01 0.212192E+02
 0.221556E+01 -.343595E+01 -.188672E+01 -.151470E+01 0.212387E+02
 0.220361E+01 -.342014E+01 -.181436E+01 -.151285E+01 0.261160E+02
 0.220190E+01 -.343472E+01 -.188668E+01 -.149158E+01 0.213429E+02
 0.220318E+01 -.343509E+01 -.188621E+01 -.150999E+01 0.212208E+02
 0.221301E+01 -.343613E+01 -.188327E+01 -.150704E+01 0.212345E+02
 0.228872E+01 -.344464E+01 -.195062E+01 -.154446E+01 0.281368E+02
 0.220153E+01 -.343619E+01 -.187576E+01 -.150329E+01 0.213853E+02
 0.220092E+01 -.343331E+01 -.188676E+01 -.150816E+01 0.212365E+02
 0.220267E+01 -.343691E+01 -.188650E+01 -.151633E+01 0.212482E+02
 0.220582E+01 -.343702E+01 -.188877E+01 -.150126E+01 0.212277E+02
 0.220231E+01 -.343643E+01 -.188645E+01 -.150672E+01 0.212200E+02
 0.239924E+01 -.343446E+01 -.187614E+01 -.150096E+01 0.214974E+02
 0.220346E+01 -.343861E+01 -.189947E+01 -.149034E+01 0.212746E+02
 0.220245E+01 -.343912E+01 -.188718E+01 -.150800E+01 0.212380E+02
 0.220013E+01 -.342397E+01 -.189766E+01 -.148859E+01 0.215767E+02
 0.220013E+01 -.343624E+01 -.188496E+01 -.150688E+01 0.212231E+02
 0.220381E+01 -.346321E+01 -.188643E+01 -.150851E+01 0.227443E+02
 0.240284E+01 -.342343E+01 -.191121E+01 -.154484E+01 0.234567E+02
 0.226305E+01 -.343642E+01 -.186637E+01 -.151818E+01 0.214365E+02
 0.221751E+01 -.343275E+01 -.188919E+01 -.152557E+01 0.214178E+02
 0.220234E+01 -.343607E+01 -.188346E+01 -.150928E+01 0.212236E+02
 0.220381E+01 -.343599E+01 -.188671E+01 -.150827E+01 0.212173E+02
 0.220293E+01 -.343574E+01 -.188712E+01 -.150835E+01 0.212197E+02
 0.220643E+01 -.343933E+01 -.182214E+01 -.152291E+01 0.238698E+02
 0.220368E+01 -.342993E+01 -.183369E+01 -.153769E+01 0.225931E+02
 0.220150E+01 -.343535E+01 -.189184E+01 -.151278E+01 0.212772E+02
 0.243703E+01 -.339543E+01 -.187761E+01 -.151863E+01 0.252539E+02
 0.220587E+01 -.343094E+01 -.194038E+01 -.144818E+01 0.218783E+02
 0.226869E+01 -.343052E+01 -.189845E+01 -.151100E+01 0.214478E+02
 0.220091E+01 -.343619E+01 -.185707E+01 -.151618E+01 0.217589E+02
 0.220265E+01 -.343762E+01 -.196420E+01 -.150644E+01 0.266148E+02
 0.220308E+01 -.345135E+01 -.188640E+01 -.150776E+01 0.217078E+02
 0.220240E+01 -.343566E+01 -.188274E+01 -.150829E+01 0.212326E+02
 0.220210E+01 -.343743E+01 -.189110E+01 -.150310E+01 0.212277E+02
 0.220240E+01 -.343724E+01 -.188567E+01 -.150824E+01 0.212218E+02
 0.220279E+01 -.344571E+01 -.188710E+01 -.150371E+01 0.214187E+02
 0.220116E+01 -.343625E+01 -.188722E+01 -.150114E+01 0.212340E+02
 0.220451E+01 -.343622E+01 -.190200E+01 -.150816E+01 0.214256E+02
 0.220126E+01 -.344339E+01 -.188638E+01 -.149857E+01 0.213676E+02
 0.220000E+01 -.345405E+01 -.185752E+01 -.150791E+01 0.225236E+02
 0.220320E+01 -.344669E+01 -.189095E+01 -.150870E+01 0.214836E+02
 0.220308E+01 -.342689E+01 -.185475E+01 -.150697E+01 0.223944E+02
 0.224190E+01 -.343697E+01 -.181498E+01 -.149818E+01 0.263126E+02
 0.220000E+01 -.343490E+01 -.188684E+01 -.149767E+01 0.212665E+02
 0.220381E+01 -.343519E+01 -.188549E+01 -.149760E+01 0.212831E+02
 0.220325E+01 -.343584E+01 -.188681E+01 -.150803E+01 0.212172E+02
 0.220353E+01 -.344355E+01 -.181031E+01 -.167480E+01 0.238648E+02
 0.220239E+01 -.343695E+01 -.188637E+01 -.150820E+01 0.212202E+02
 0.220308E+01 -.345686E+01 -.188280E+01 -.152129E+01 0.221487E+02
 0.222067E+01 -.343615E+01 -.189039E+01 -.150774E+01 0.212344E+02
 0.220000E+01 -.343626E+01 -.188479E+01 -.153657E+01 0.214956E+02
 0.220299E+01 -.343454E+01 -.189255E+01 -.145387E+01 0.223210E+02
 0.220289E+01 -.343702E+01 -.188804E+01 -.150852E+01 0.212230E+02
 0.222058E+01 -.343567E+01 -.185273E+01 -.155849E+01 0.215490E+02
 0.220328E+01 -.343700E+01 -.184363E+01 -.151011E+01 0.227101E+02
 0.220074E+01 -.343009E+01 -.187479E+01 -.155480E+01 0.217268E+02
 0.222003E+01 -.343310E+01 -.188631E+01 -.150934E+01 0.212438E+02
 0.220752E+01 -.343626E+01 -.188614E+01 -.150804E+01 0.212211E+02
 0.220233E+01 -.343735E+01 -.188679E+01 -.151013E+01 0.212243E+02
 0.220136E+01 -.343622E+01 -.188661E+01 -.150815E+01 0.212176E+02
 0.220338E+01 -.343650E+01 -.188762E+01 -.147951E+01 0.215589E+02
 0.220254E+01 -.343625E+01 -.188657E+01 -.150817E+01 0.212187E+02
 0.220315E+01 -.343602E+01 -.188736E+01 -.150686E+01 0.212169E+02
 0.220356E+01 -.343675E+01 -.188700E+01 -.151245E+01 0.212274E+02
 0.220274E+01 -.343642E+01 -.188734E+01 -.150904E+01 0.212205E+02
 0.220387E+01 -.343624E+01 -.188638E+01 -.150828E+01 0.212190E+02
 0.220080E+01 -.343900E+01 -.189122E+01 -.150286E+01 0.212425E+02
 0.220583E+01 -.343651E+01 -.188483E+01 -.150925E+01 0.212193E+02
 0.241874E+01 -.343580E+01 -.197009E+01 -.151351E+01 0.280071E+02
 0.220552E+01 -.343403E+01 -.188391E+01 -.151035E+01 0.212321E+02
 0.220310E+01 -.343657E+01 -.188671E+01 -.150808E+01 0.212191E+02
 0.220314E+01 -.343629E+01 -.188594E+01 -.150816E+01 0.212171E+02
 0.220392E+01 -.346352E+01 -.187918E+01 -.151948E+01 0.227638E+02
 0.220141E+01 -.343675E+01 -.188700E+01 -.150852E+01 0.212195E+02
 0.220450E+01 -.343505E+01 -.188286E+01 -.150472E+01 0.212524E+02
 0.220413E+01 -.343540E+01 -.189331E+01 -.154797E+01 0.221411E+02
 0.220434E+01 -.343624E+01 -.190253E+01 -.151349E+01 0.215462E+02
 0.220335E+01 -.343646E+01 -.189603E+01 -.150820E+01 0.212957E+02
 0.222977E+01 -.343718E+01 -.190025E+01 -.149044E+01 0.212714E+02
 0.220322E+01 -.343525E+01 -.187938E+01 -.153607E+01 0.213768E+02
 0.220633E+01 -.343745E+01 -.189135E+01 -.150835E+01 0.212458E+02
 0.220351E+01 -.344769E+01 -.188621E+01 -.151162E+01 0.215054E+02
 0.220000E+01 -.344734E+01 -.185770E+01 -.151723E+01 0.219090E+02
 0.220291E+01 -.343962E+01 -.188447E+01 -.150511E+01 0.212563E+02
 0.220359E+01 -.343573E+01 -.188723E+01 -.150816E+01 0.212197E+02
 0.220166E+01 -.343913E+01 -.188137E+01 -.150939E+01 0.212519E+02
 0.220148E+01 -.343381E+01 -.188351E+01 -.150961E+01 0.212377E+02
 0.222986E+01 -.344141E+01 -.187064E+01 -.150858E+01 0.214872E+02
 0.220270E+01 -.344813E+01 -.188543E+01 -.150219E+01 0.215408E+02
 0.220320E+01 -.343626E+01 -.188658E+01 -.150804E+01 0.212167E+02
 0.220326E+01 -.343629E+01 -.188659E+01 -.150876E+01 0.212169E+02
 0.220168E+01 -.343599E+01 -.188611E+01 -.150478E+01 0.212243E+02
 0.220421E+01 -.343620E+01 -.188590E+01 -.150998E+01 0.212198E+02
 0.220000E+01 -.342180E+01 -.189043E+01 -.155820E+01 0.228015E+02
 0.220412E+01 -.343637E+01 -.189260E+01 -.149923E+01 0.212263E+02
 0.220000E+01 -.343086E+01 -.188630E+01 -.150911E+01 0.212822E+02
 0.220455E+01 -.343587E+01 -.188312E+01 -.150674E+01 0.212348E+02
 0.220553E+01 -.344649E+01 -.188671E+01 -.150825E+01 0.214445E+02
 0.220000E+01 -.343884E+01 -.188346E+01 -.165022E+01 0.271255E+02
 0.220248E+01 -.343284E+01 -.189317E+01 -.145684E+01 0.221718E+02
 0.221300E+01 -.340749E+01 -.191672E+01 -.156296E+01 0.264447E+02
 0.220183E+01 -.343548E+01 -.188169E+01 -.150926E+01 0.212368E+02
 0.220318E+01 -.344144E+01 -.189111E+01 -.150496E+01 0.212891E+02
 0.237823E+01 -.343499E+01 -.198774E+01 -.143364E+01 0.243118E+02
 0.220611E+01 -.343769E+01 -.188653E+01 -.150900E+01 0.212255E+02
 0.220311E+01 -.343764E+01 -.188692E+01 -.150828E+01 0.212229E+02
 0.220312E+01 -.343637E+01 -.183227E+01 -.150661E+01 0.238082E+02
 0.220208E+01 -.346138E+01 -.188082E+01 -.154407E+01 0.228803E+02
 0.220305E+01 -.343673E+01 -.189130E+01 -.151271E+01 0.212716E+02
 0.220589E+01 -.343641E+01 -.188650E+01 -.150865E+01 0.212177E+02
 0.220312E+01 -.343705E+01 -.186355E+01 -.149368E+01 0.221183E+02
 0.220000E+01 -.343662E+01 -.188978E+01 -.148954E+01 0.213162E+02
 0.220566E+01 -.343588E+01 -.188661E+01 -.150965E+01 0.212221E+02
 0.220000E+01 -.343645E+01 -.188660E+01 -.150796E+01 0.212183E+02
 0.220000E+01 -.343596E+01 -.188658E+01 -.151134E+01 0.212230E+02
 0.220337E+01 -.340599E+01 -.190935E+01 -.151274E+01 0.237347E+02
 0.220000E+01 -.342467E+01 -.189257E+01 -.146295E+01 0.222195E+02
 0.220185E+01 -.343454E+01 -.188737E+01 -.149004E+01 0.213552E+02
 0.220317E+01 -.343830E+01 -.188630E+01 -.150824E+01 0.212283E+02
 0.220000E+01 -.343514E+01 -.187747E+01 -.150910E+01 0.212870E+02
 0.236427E+01 -.343004E+01 -.184450E+01 -.145374E+01 0.269053E+02
 0.220718E+01 -.343634E+01 -.187971E+01 -.154445E+01 0.215340E+02
 0.220000E+01 -.343721E+01 -.188650E+01 -.150806E+01 0.212203E+02
 0.220410E+01 -.343538E+01 -.188653E+01 -.150982E+01 0.212197E+02
 0.220723E+01 -.343887E+01 -.188911E+01 -.151084E+01 0.212535E+02
 0.220424E+01 -.343652E+01 -.188646E+01 -.150743E+01 0.212176E+02
 0.243564E+01 -.343575E+01 -.188336E+01 -.150854E+01 0.212893E+02
 0.220000E+01 -.343641E+01 -.190691E+01 -.149187E+01 0.213464E+02
 0.220337E+01 -.342975E+01 -.188799E+01 -.150731E+01 0.213085E+02
 0.221638E+01 -.345240E+01 -.189162E+01 -.148335E+01 0.219443E+02
 0.220000E+01 -.343785E+01 -.188716E+01 -.150551E+01 0.212243E+02
 0.220348E+01 -.344989E+01 -.188686E+01 -.150829E+01 0.216206E+02
 0.221302E+01 -.343918E+01 -.188517E+01 -.150624E+01 0.212441E+02
 0.226766E+01 -.344278E+01 -.188814E+01 -.145503E+01 0.226019E+02
 0.220635E+01 -.342817E+01 -.189202E+01 -.151297E+01 0.214120E+02
 0.222743E+01 -.343719E+01 -.188895E+01 -.150462E+01 0.212280E+02
 0.220376E+01 -.343644E+01 -.188228E+01 -.151070E+01 0.212253E+02
 0.220456E+01 -.343644E+01 -.188648E+01 -.150805E+01 0.212194E+02
 0.228737E+01 -.344583E+01 -.186265E+01 -.150849E+01 0.219030E+02
 0.220277E+01 -.343654E+01 -.189427E+01 -.150663E+01 0.212600E+02
 0.220183E+01 -.344205E+01 -.181824E+01 -.151891E+01 0.244754E+02
 0.220206E+01 -.343738E+01 -.188788E+01 -.151052E+01 0.212296E+02
 0.263568E+01 -.347825E+01 -.189072E+01 -.150505E+01 0.249788E+02
 0.228125E+01 -.343352E+01 -.190329E+01 -.150176E+01 0.213768E+02
 0.220418E+01 -.343628E+01 -.187916E+01 -.150356E+01 0.213117E+02
 0.220307E+01 -.343838E+01 -.188618E+01 -.150769E+01 0.212291E+02
 0.220246E+01 -.343502E+01 -.187839E+01 -.150930E+01 0.212735E+02
 0.220196E+01 -.343431E+01 -.192226E+01 -.152186E+01 0.229463E+02
 0.220238E+01 -.343573E+01 -.188590E+01 -.150814E+01 0.212200E+02
 0.220285E+01 -.345116E+01 -.188662E+01 -.150480E+01 0.216994E+02
 0.220168E+01 -.343628E+01 -.190166E+01 -.151191E+01 0.214863E+02
 0.220634E+01 -.343611E+01 -.188090E+01 -.150907E+01 0.212443E+02
 0.220423E+01 -.344315E+01 -.188895E+01 -.152085E+01 0.214299E+02
 0.221521E+01 -.344494E+01 -.188362E+01 -.150792E+01 0.213871E+02
 0.220318E+01 -.344279E+01 -.187171E+01 -.150783E+01 0.214885E+02
 0.236097E+01 -.345069E+01 -.184989E+01 -.156353E+01 0.220232E+02
 0.220323E+01 -.342705E+01 -.189083E+01 -.150855E+01 0.214133E+02
 0.223178E+01 -.343247E+01 -.186056E+01 -.152894E+01 0.215086E+02
 0.220417E+01 -.343668E+01 -.189674E+01 -.150786E+01 0.213082E+02
 0.220000E+01 -.343636E+01 -.188562E+01 -.152935E+01 0.213834E+02
 0.220420E+01 -.343640E+01 -.188645E+01 -.150826E+01 0.212173E+02
 0.220429E+01 -.343500E+01 -.188691E+01 -.150807E+01 0.212202E+02
 0.220375E+01 -.341489E+01 -.187230E+01 -.152877E+01 0.223686E+02
 0.222403E+01 -.343359E+01 -.190018E+01 -.150776E+01 0.213870E+02
 0.223226E+01 -.343608E+01 -.188523E+01 -.153182E+01 0.214184E+02
 0.220326E+01 -.343519E+01 -.188588E+01 -.155793E+01 0.221338E+02
 0.220240E+01 -.343649E+01 -.188522E+01 -.150913E+01 0.212199E+02
 0.220000E+01 -.343612E+01 -.179016E+01 -.160242E+01 0.240354E+02
 0.220326E+01 -.343755E+01 -.190290E+01 -.150618E+01 0.214267E+02
 0.220739E+01 -.343988E+01 -.188462E+01 -.150399E+01 0.212672E+02
 0.220941E+01 -.338238E+01 -.189513E+01 -.150195E+01 0.281103E+02
 0.220000E+01 -.343871E+01 -.188671E+01 -.150816E+01 0.212320E+02
 0.220328E+01 -.343621E+01 -.188669E+01 -.150855E+01 0.212169E+02
 0.220062E+01 -.343374E+01 -.188722E+01 -.151046E+01 0.212342E+02
 0.220214E+01 -.343769E+01 -.188674E+01 -.150789E+01 0.212237E+02
 0.220578E+01 -.343630E+01 -.188638E+01 -.151651E+01 0.212451E+02
 0.220214E+01 -.343626E+01 -.188657E+01 -.150807E+01 0.212190E+02
 0.220292E+01 -.343575E+01 -.188634E+01 -.150729E+01 0.212198E+02
 0.220375E+01 -.343639E+01 -.188588E+01 -.150714E+01 0.212186E+02
 0.220346E+01 -.343628E+01 -.188674E+01 -.150889E+01 0.212172E+02
 0.220204E+01 -.343631E+01 -.188739E+01 -.150811E+01 0.212195E+02
 0.220061E+01 -.343563E+01 -.188896E+01 -.151005E+01 0.212303E+02
 0.220835E+01 -.343690E+01 -.188618E+01 -.150877E+01 0.212222E+02
 0.221757E+01 -.343597E+01 -.185658E+01 -.151140E+01 0.219150E+02
 0.221558E+01 -.343428E+01 -.189042E+01 -.150887E+01 0.212416E+02
 0.220299E+01 -.343642E+01 -.188669E+01 -.150800E+01 0.212189E+02
 0.220329E+01 -.343624E+01 -.188548E+01 -.150811E+01 0.212181E+02
 0.220034E+01 -.341698E+01 -.189053E+01 -.148982E+01 0.221370E+02
 0.220262E+01 -.343608E+01 -.188641E+01 -.150830E+01 0.212188E+02
 0.220267E+01 -.343691E+01 -.188632E+01 -.149810E+01 0.212650E+02
 0.220413E+01 -.343150E+01 -.185684E+01 -.149032E+01 0.227617E+02
 0.220358E+01 -.344822E+01 -.190756E+01 -.146328E+01 0.218573E+02
 0.221196E+01 -.343226E+01 -.186567E+01 -.148844E+01 0.222657E+02
 0.220340E+01 -.343604E+01 -.189544E+01 -.150626E+01 0.212688E+02
 0.220000E+01 -.343538E+01 -.189553E+01 -.146296E+01 0.218060E+02
 0.220329E+01 -.343562E+01 -.189193E+01 -.151254E+01 0.212739E+02
 0.220704E+01 -.344127E+01 -.189445E+01 -.150794E+01 0.213371E+02
 0.220379E+01 -.345722E+01 -.188612E+01 -.150303E+01 0.221602E+02
 0.220274E+01 -.343878E+01 -.190591E+01 -.154810E+01 0.229777E+02
 0.220359E+01 -.343621E+01 -.188693E+01 -.150824E+01 0.212172E+02
 0.220104E+01 -.343666E+01 -.188195E+01 -.150868E+01 0.212345E+02
 0.220180E+01 -.343646E+01 -.188546E+01 -.150826E+01 0.212199E+02
 0.220850E+01 -.343673E+01 -.186004E+01 -.150866E+01 0.218170E+02
 0.220279E+01 -.344070E+01 -.188982E+01 -.151061E+01 0.212855E+02
 0.220320E+01 -.343626E+01 -.188657E+01 -.150809E+01 0.212187E+02
 0.220328E+01 -.343628E+01 -.188685E+01 -.150816E+01 0.212170E+02
 0.220513E+01 -.343621E+01 -.188668E+01 -.150874E+01 0.212176E+02
 0.220383E+01 -.343628E+01 -.188662E+01 -.150863E+01 0.212172E+02
 0.235940E+01 -.345245E+01 -.184652E+01 -.159573E+01 0.225845E+02
 0.220560E+01 -.343655E+01 -.189429E+01 -.150995E+01 0.212854E+02
 0.232586E+01 -.344056E+01 -.188750E+01 -.150645E+01 0.212949E+02
 0.220438E+01 -.343794E+01 -.188454E+01 -.150852E+01 0.212260E+02
 0.229031E+01 -.342604E+01 -.188816E+01 -.153795E+01 0.218443E+02
 0.220716E+01 -.343553E+01 -.188704E+01 -.151083E+01 0.212263E+02
 0.220124E+01 -.343662E+01 -.188466E+01 -.146590E+01 0.221443E+02
 0.220289E+01 -.343552E+01 -.189209E+01 -.150877E+01 0.212496E+02
 0.220280E+01 -.342900E+01 -.189699E+01 -.142424E+01 0.240812E+02
 0.220607E+01 -.343493E+01 -.188666E+01 -.150697E+01 0.212245E+02
 0.220318E+01 -.343564E+01 -.188682E+01 -.150841E+01 0.212178E+02
 0.220277E+01 -.342812E+01 -.189526E+01 -.151072E+01 0.214405E+02
 0.220312E+01 -.343615E+01 -.189738E+01 -.150623E+01 0.212984E+02
 0.220351E+01 -.342662E+01 -.188283E+01 -.148930E+01 0.216842E+02
 0.220347E+01 -.343705E+01 -.190785E+01 -.150525E+01 0.215646E+02
 0.220278E+01 -.343646E+01 -.188605E+01 -.150858E+01 0.212180E+02
 0.220313E+01 -.343328E+01 -.186267E+01 -.150457E+01 0.218423E+02
 0.223326E+01 -.343739E+01 -.188580E+01 -.152687E+01 0.213526E+02
 0.220432E+01 -.343568E+01 -.188685E+01 -.150734E+01 0.212179E+02
 0.221108E+01 -.343621E+01 -.188658E+01 -.150846E+01 0.212189E+02
 0.221076E+01 -.343617E+01 -.188647E+01 -.150542E+01 0.212225E+02
 0.220339E+01 -.342016E+01 -.197250E+01 -.151300E+01 0.287080E+02
 0.220450E+01 -.344990E+01 -.188207E+01 -.150643E+01 0.216310E+02
 0.220263E+01 -.343616E+01 -.188740E+01 -.151367E+01 0.212358E+02
 0.220318E+01 -.343694E+01 -.188756E+01 -.150678E+01 0.212181E+02
 0.221882E+01 -.343604E+01 -.188412E+01 -.151060E+01 0.212263E+02
 0.220972E+01 -.343610E+01 -.188666E+01 -.151730E+01 0.212535E+02
 0.220345E+01 -.343926E+01 -.188665E+01 -.150819E+01 0.212368E+02
 0.220453E+01 -.343492E+01 -.188661E+01 -.150241E+01 0.212352E+02
 0.220491E+01 -.343642E+01 -.188647E+01 -.150363E+01 0.212266E+02
 0.220481E+01 -.343640E+01 -.188657E+01 -.150888E+01 0.212176E+02
 0.220000E+01 -.343683E+01 -.189274E+01 -.151387E+01 0.213021E+02
 0.220633E+01 -.343559E+01 -.189436E+01 -.150420E+01 0.212474E+02
 0.220279E+01 -.342768E+01 -.188829E+01 -.150759E+01 0.213772E+02
 0.221491E+01 -.344316E+01 -.188787E+01 -.148611E+01 0.215094E+02
 0.221048E+01 -.343859E+01 -.188537E+01 -.150856E+01 0.212314E+02
 0.220124E+01 -.341957E+01 -.188637E+01 -.150801E+01 0.218443E+02
 0.220000E+01 -.345081E+01 -.186542E+01 -.147925E+01 0.230055E+02
 0.228316E+01 -.343980E+01 -.191380E+01 -.151485E+01 0.221373E+02
 0.222524E+01 -.343934E+01 -.188608E+01 -.149056E+01 0.213935E+02
 0.220522E+01 -.343660E+01 -.188675E+01 -.151128E+01 0.212246E+02
 0.220368E+01 -.343668E+01 -.188658E+01 -.150821E+01 0.212174E+02
 0.220000E+01 -.344112E+01 -.180921E+01 -.150863E+01 0.261498E+02
 0.220321E+01 -.343648E+01 -.188843E+01 -.150845E+01 0.212226E+02
 0.220435E+01 -.343600E+01 -.188238E+01 -.150698E+01 0.212393E+02
 0.232171E+01 -.344814E+01 -.189145E+01 -.149939E+01 0.215805E+02
 0.222066E+01 -.342612E+01 -.182933E+01 -.150040E+01 0.248469E+02
 0.230747E+01 -.343734E+01 -.187998E+01 -.149437E+01 0.214787E+02
 0.220512E+01 -.343628E+01 -.190943E+01 -.151276E+01 0.218045E+02
 0.220448E+01 -.343683E+01 -.191239E+01 -.150526E+01 0.217394E+02
 0.220288E+01 -.342559E+01 -.188896E+01 -.150802E+01 0.214686E+02
 0.220364E+01 -.343733E+01 -.188410E+01 -.150880E+01 0.212233E+02
 0.220220E+01 -.343418E+01 -.188761E+01 -.151854E+01 0.212846E+02
 0.220373E+01 -.343526E+01 -.188693E+01 -.150819E+01 0.212192E+02
 0.220358E+01 -.341921E+01 -.188649E+01 -.150446E+01 0.218805E+02
 0.220381E+01 -.343626E+01 -.189480E+01 -.151481E+01 0.213515E+02
 0.220454E+01 -.343612E+01 -.187021E+01 -.151003E+01 0.214234E+02
 0.220492E+01 -.343321E+01 -.188712E+01 -.153208E+01 0.214794E+02
 0.221505E+01 -.341730E+01 -.190452E+01 -.150760E+01 0.222234E+02
 0.220332E+01 -.343683E+01 -.188147E+01 -.150716E+01 0.212463E+02
 0.220335E+01 -.343386E+01 -.191363E+01 -.151127E+01 0.219608E+02
 0.221247E+01 -.342982E+01 -.189775E+01 -.154016E+01 0.221627E+02
 0.220644E+01 -.343559E+01 -.189416E+01 -.150385E+01 0.212442E+02
 0.220626E+01 -.343706E+01 -.188615E+01 -.154843E+01 0.218387E+02
 0.220380E+01 -.343663E+01 -.188619E+01 -.150828E+01 0.212192E+02
 0.220551E+01 -.343723E+01 -.188713E+01 -.150807E+01 0.212202E+02
 0.220472E+01 -.340671E+01 -.188779E+01 -.151676E+01 0.232531E+02
 0.220118E+01 -.343875E+01 -.189223E+01 -.150783E+01 0.212620E+02
 0.222977E+01 -.343603E+01 -.187991E+01 -.147960E+01 0.218477E+02
 0.220303E+01 -.343692E+01 -.189104E+01 -.157342E+01 0.230944E+02
 0.220446E+01 -.343576E+01 -.188459E+01 -.150794E+01 0.212221E+02
 0.224570E+01 -.343601E+01 -.192696E+01 -.155159E+01 0.251887E+02
 0.220288E+01 -.343763E+01 -.194621E+01 -.151063E+01 0.246328E+02
 0.221923E+01 -.344246E+01 -.189022E+01 -.148239E+01 0.215172E+02
 0.222553E+01 -.343727E+01 -.188662E+01 -.150795E+01 0.212271E+02
 0.220000E+01 -.343622E+01 -.188698E+01 -.150888E+01 0.212190E+02
 0.220475E+01 -.343707E+01 -.188654E+01 -.150973E+01 0.212200E+02
 0.220253E+01 -.343728E+01 -.188672E+01 -.150818E+01 0.212202E+02
 0.220509E+01 -.343652E+01 -.188606E+01 -.153281E+01 0.214505E+02
 0.220485E+01 -.343626E+01 -.188659E+01 -.150767E+01 0.212193E+02
 0.220304E+01 -.343599E+01 -.188635E+01 -.150796E+01 0.212191E+02
 0.220331E+01 -.348059E+01 -.191223E+01 -.150605E+01 0.259774E+02
 0.220319E+01 -.343605E+01 -.188568E+01 -.150428E+01 0.212278E+02
 0.220380E+01 -.343616E+01 -.188619E+01 -.150818E+01 0.212171E+02
 0.220365E+01 -.343636E+01 -.188706E+01 -.150834E+01 0.212174E+02
 0.220391E+01 -.343389E+01 -.188453E+01 -.150458E+01 0.212475E+02
 0.220000E+01 -.343486E+01 -.188616E+01 -.150801E+01 0.212226E+02
 0.223809E+01 -.343642E+01 -.185778E+01 -.148711E+01 0.227918E+02
 0.220358E+01 -.343590E+01 -.188668E+01 -.150809E+01 0.212173E+02
 0.220736E+01 -.343837E+01 -.188640E+01 -.153575E+01 0.215341E+02
 0.220327E+01 -.343623E+01 -.188585E+01 -.150822E+01 0.212175E+02
 0.220000E+01 -.341347E+01 -.189555E+01 -.151471E+01 0.224931E+02
 0.220519E+01 -.343602E+01 -.188596E+01 -.150814E+01 0.212196E+02
 0.221346E+01 -.349266E+01 -.187709E+01 -.150883E+01 0.275259E+02
 0.220314E+01 -.343763E+01 -.188353E+01 -.151860E+01 0.212432E+02
 0.220229E+01 -.343567E+01 -.187338E+01 -.145023E+01 0.238422E+02
 0.220390E+01 -.343900E+01 -.187427E+01 -.140975E+01 0.279365E+02
 0.221100E+01 -.343446E+01 -.185701E+01 -.150378E+01 0.221398E+02
 0.220328E+01 -.343637E+01 -.189301E+01 -.150669E+01 0.212437E+02
 0.225536E+01 -.343424E+01 -.188684E+01 -.147304E+01 0.218096E+02
 0.220313E+01 -.343600E+01 -.188990E+01 -.148962E+01 0.213133E+02
 0.220574E+01 -.344347E+01 -.188933E+01 -.150805E+01 0.213419E+02
 0.220305E+01 -.343500E+01 -.188497E+01 -.150270E+01 0.212452E+02
 0.220000E+01 -.343237E+01 -.184708E+01 -.151055E+01 0.225339E+02
 0.220284E+01 -.343751E+01 -.187069E+01 -.153148E+01 0.212894E+02
 0.220389E+01 -.343667E+01 -.188617E+01 -.150819E+01 0.212177E+02
 0.220571E+01 -.343556E+01 -.189134E+01 -.150875E+01 0.212403E+02
 0.220235E+01 -.343837E+01 -.188714E+01 -.150719E+01 0.212289E+02
 0.220448E+01 -.343270E+01 -.186521E+01 -.150824E+01 0.216590E+02
 0.220490E+01 -.343345E+01 -.188803E+01 -.150844E+01 0.212356E+02
 0.220320E+01 -.343626E+01 -.188658E+01 -.150835E+01 0.212170E+02
 0.220323E+01 -.343627E+01 -.188646E+01 -.150806E+01 0.212168E+02
 0.220000E+01 -.341493E+01 -.187747E+01 -.151009E+01 0.223516E+02
 0.220537E+01 -.343645E+01 -.188706E+01 -.151130E+01 0.212235E+02
 0.220352E+01 -.343633E+01 -.188713E+01 -.150709E+01 0.212171E+02
 0.224223E+01 -.345154E+01 -.185857E+01 -.157468E+01 0.221996E+02
 0.220616E+01 -.343653E+01 -.188655E+01 -.151286E+01 0.212302E+02
 0.231928E+01 -.344259E+01 -.188713E+01 -.150842E+01 0.213433E+02
 0.220156E+01 -.343553E+01 -.188899E+01 -.151072E+01 0.212313E+02
 0.222383E+01 -.343494E+01 -.185483E+01 -.165261E+01 0.245559E+02
 0.220126E+01 -.342710E+01 -.188475E+01 -.151157E+01 0.214069E+02
 0.220566E+01 -.343554E+01 -.187818E+01 -.164141E+01 0.258927E+02
 0.220624E+01 -.343747E+01 -.188003E+01 -.156138E+01 0.219881E+02
 0.220403E+01 -.343595E+01 -.189176E+01 -.150786E+01 0.212384E+02
 0.226304E+01 -.345195E+01 -.175435E+01 -.160139E+01 0.280264E+02
 0.220508E+01 -.343409E+01 -.188661E+01 -.150808E+01 0.212275E+02
 0.220325E+01 -.343533E+01 -.188656E+01 -.150818E+01 0.212188E+02
 0.221599E+01 -.343571E+01 -.191564E+01 -.138003E+01 0.268698E+02
 0.220288E+01 -.343662E+01 -.193238E+01 -.150677E+01 0.230430E+02
 0.220164E+01 -.342387E+01 -.188921E+01 -.148686E+01 0.217100E+02
 0.220250E+01 -.343581E+01 -.188721E+01 -.151567E+01 0.212488E+02
 0.220273E+01 -.343637E+01 -.188595E+01 -.150866E+01 0.212190E+02
 0.220348E+01 -.342966E+01 -.187390E+01 -.151122E+01 0.214377E+02
 0.222642E+01 -.343745E+01 -.188487E+01 -.152780E+01 0.213539E+02
 0.220351E+01 -.343606E+01 -.188604E+01 -.150785E+01 0.212194E+02
 0.221851E+01 -.343758E+01 -.186022E+01 -.153750E+01 0.214050E+02
 0.221033E+01 -.343611E+01 -.188658E+01 -.150856E+01 0.212187E+02
 0.220965E+01 -.343644E+01 -.188652E+01 -.150117E+01 0.212405E+02
 0.220616E+01 -.344278E+01 -.189767E+01 -.150882E+01 0.214460E+02
 0.220215E+01 -.343772E+01 -.188625E+01 -.153065E+01 0.214245E+02
 0.220319E+01 -.343517E+01 -.188799E+01 -.150581E+01 0.212195E+02
 0.222448E+01 -.343639E+01 -.189009E+01 -.150768E+01 0.212335E+02
 0.252554E+01 -.345108E+01 -.192634E+01 -.139835E+01 0.246529E+02
 0.220836E+01 -.343594E+01 -.188402E+01 -.148956E+01 0.214303E+02
 0.220269E+01 -.343546E+01 -.188697E+01 -.150826E+01 0.212201E+02
 0.220332E+01 -.343623E+01 -.188658E+01 -.150338E+01 0.212283E+02
 0.220260E+01 -.343430E+01 -.188614E+01 -.150094E+01 0.212525E+02
 0.220261E+01 -.343604E+01 -.188669E+01 -.150844E+01 0.212189E+02
 0.220000E+01 -.343702E+01 -.188748E+01 -.149315E+01 0.213032E+02
 0.247153E+01 -.343603E+01 -.189424E+01 -.150708E+01 0.213103E+02
 0.220789E+01 -.343562E+01 -.187616E+01 -.151751E+01 0.212562E+02
 0.220203E+01 -.343717E+01 -.188671E+01 -.151242E+01 0.212298E+02
 0.220220E+01 -.342361E+01 -.188616E+01 -.151126E+01 0.215776E+02
 0.220000E+01 -.343582E+01 -.188544E+01 -.150959E+01 0.212191E+02
 0.220223E+01 -.340685E+01 -.188602E+01 -.150794E+01 0.232130E+02
 0.226883E+01 -.343959E+01 -.188784E+01 -.148835E+01 0.214141E+02
 0.220000E+01 -.343039E+01 -.190931E+01 -.153969E+01 0.228440E+02
 0.220542E+01 -.343574E+01 -.188622E+01 -.148967E+01 0.213773E+02
 0.220556E+01 -.343645E+01 -.188607E+01 -.151048E+01 0.212191E+02
 0.220296E+01 -.343630E+01 -.188667E+01 -.150835E+01 0.212189E+02
 0.226524E+01 -.343252E+01 -.184636E+01 -.150855E+01 0.226963E+02
 0.220345E+01 -.343615E+01 -.188007E+01 -.150973E+01 0.212455E+02
 0.220476E+01 -.343394E+01 -.188644E+01 -.150990E+01 0.212299E+02
 0.224347E+01 -.339491E+01 -.188213E+01 -.150400E+01 0.253475E+02
 0.239465E+01 -.343533E+01 -.188603E+01 -.150202E+01 0.212935E+02
 0.220372E+01 -.343624E+01 -.192174E+01 -.151676E+01 0.226790E+02
 0.220523E+01 -.343674E+01 -.184189E+01 -.150730E+01 0.229619E+02
 0.220284E+01 -.343553E+01 -.188972E+01 -.150805E+01 0.212277E+02
 0.220398E+01 -.343812E+01 -.189144E+01 -.150858E+01 0.212491E+02
 0.220359E+01 -.343938E+01 -.186254E+01 -.150504E+01 0.218066E+02
 0.220424E+01 -.343538E+01 -.188694E+01 -.150826E+01 0.212188E+02
 0.220327E+01 -.341143E+01 -.188648E+01 -.150881E+01 0.226254E+02
 0.220476E+01 -.343624E+01 -.187831E+01 -.149929E+01 0.213891E+02
 0.220376E+01 -.343665E+01 -.188707E+01 -.150916E+01 0.212187E+02
 0.220448E+01 -.343101E+01 -.187625E+01 -.150651E+01 0.214044E+02
 0.220389E+01 -.341627E+01 -.190105E+01 -.150760E+01 0.222282E+02
 0.220342E+01 -.342757E+01 -.189820E+01 -.150816E+01 0.214783E+02
 0.220317E+01 -.344536E+01 -.186895E+01 -.150888E+01 0.216217E+02
 0.221483E+01 -.343699E+01 -.188005E+01 -.150501E+01 0.212841E+02
 0.220244E+01 -.343514E+01 -.188001E+01 -.150390E+01 0.212970E+02
 0.220478E+01 -.343638E+01 -.188484E+01 -.150018E+01 0.212624E+02
 0.220282E+01 -.343594E+01 -.188689E+01 -.150799E+01 0.212179E+02
 0.220621E+01 -.343788E+01 -.188586E+01 -.150818E+01 0.212266E+02
 0.220445E+01 -.344868E+01 -.189699E+01 -.150207E+01 0.216188E+02
 0.220373E+01 -.344029E+01 -.188261E+01 -.150818E+01 0.212635E+02
 0.220000E+01 -.343629E+01 -.188141E+01 -.148948E+01 0.214972E+02
 0.220267E+01 -.343518E+01 -.189559E+01 -.155519E+01 0.225565E+02
 0.220346E+01 -.343639E+01 -.188556E+01 -.150727E+01 0.212192E+02
 0.220283E+01 -.343707E+01 -.186179E+01 -.151431E+01 0.216101E+02
 0.220909E+01 -.343691E+01 -.187753E+01 -.151628E+01 0.212425E+02
 0.220280E+01 -.348758E+01 -.189604E+01 -.150135E+01 0.266290E+02
 0.223690E+01 -.343309E+01 -.188634E+01 -.150898E+01 0.212508E+02
 0.220802E+01 -.343622E+01 -.188678E+01 -.150872E+01 0.212213E+02
 0.220709E+01 -.343789E+01 -.188647E+01 -.150672E+01 0.212276E+02
 0.220319E+01 -.343516E+01 -.188657E+01 -.150837E+01 0.212193E+02
 0.220225E+01 -.343682E+01 -.188776E+01 -.153340E+01 0.215106E+02
 0.220509E+01 -.343625E+01 -.188660E+01 -.150794E+01 0.212176E+02
 0.220332E+01 -.343640E+01 -.188745E+01 -.150751E+01 0.212191E+02
 0.220300E+01 -.343622E+01 -.188585E+01 -.150885E+01 0.212191E+02
 0.220392E+01 -.343617E+01 -.188604E+01 -.150762E+01 0.212177E+02
 0.220434E+01 -.343631E+01 -.188599E+01 -.150854E+01 0.212174E+02
 0.220331E+01 -.343634E+01 -.188313E+01 -.150447E+01 0.212467E+02
 0.220439E+01 -.343432E+01 -.188576E+01 -.150858E+01 0.212260E+02
 0.239241E+01 -.343660E+01 -.191787E+01 -.148888E+01 0.216164E+02
 0.220141E+01 -.348238E+01 -.187805E+01 -.143939E+01 0.284144E+02
 0.220389E+01 -.343603E+01 -.188658E+01 -.150812E+01 0.212172E+02
 0.220000E+01 -.341031E+01 -.189851E+01 -.149557E+01 0.227294E+02
 0.220000E+01 -.343860E+01 -.188617E+01 -.162986E+01 0.260071E+02
 0.220321E+01 -.343627E+01 -.188660E+01 -.150828E+01 0.212168E+02
 0.220514E+01 -.343988E+01 -.187917E+01 -.151994E+01 0.212598E+02
 0.220669E+01 -.343614E+01 -.188665E+01 -.150810E+01 0.212206E+02
 0.220481E+01 -.343729E+01 -.188204E+01 -.151929E+01 0.212376E+02
 0.220217E+01 -.343627E+01 -.189002E+01 -.148843E+01 0.213287E+02
 0.220283E+01 -.343085E+01 -.191306E+01 -.144085E+01 0.221069E+02
 0.220193E+01 -.343843E+01 -.191529E+01 -.151130E+01 0.220797E+02
 0.220313E+01 -.343732E+01 -.187493E+01 -.150663E+01 0.213562E+02
 0.225469E+01 -.343680E+01 -.189021E+01 -.154049E+01 0.217749E+02
 0.220306E+01 -.343614E+01 -.187232E+01 -.151469E+01 0.213206E+02
 0.226055E+01 -.348340E+01 -.183963E+01 -.151948E+01 0.267615E+02
 0.220446E+01 -.343896E+01 -.188401E+01 -.150825E+01 0.212379E+02
 0.220320E+01 -.341815E+01 -.188502E+01 -.150778E+01 0.219666E+02
 0.229800E+01 -.345043E+01 -.193370E+01 -.151012E+01 0.238747E+02
 0.222017E+01 -.341498E+01 -.190227E+01 -.142793E+01 0.243174E+02
 0.220314E+01 -.343656E+01 -.187267E+01 -.145132E+01 0.238235E+02
 0.220331E+01 -.343615E+01 -.188670E+01 -.150811E+01 0.212170E+02
 0.220526E+01 -.343650E+01 -.189638E+01 -.150925E+01 0.213173E+02
 0.220250E+01 -.343603E+01 -.188577E+01 -.150708E+01 0.212206E+02
 0.221075E+01 -.343175E+01 -.189170E+01 -.150861E+01 0.212818E+02
 0.220533E+01 -.343601E+01 -.188704E+01 -.150467E+01 0.212246E+02
 0.220320E+01 -.343626E+01 -.188658E+01 -.150831E+01 0.212185E+02
 0.220317E+01 -.343626E+01 -.188616E+01 -.150812E+01 0.212171E+02
 0.220302E+01 -.343643E+01 -.188639E+01 -.150904E+01 0.212181E+02
 0.220288E+01 -.343635E+01 -.188685E+01 -.150603E+01 0.212192E+02
 0.220000E+01 -.342742E+01 -.193302E+01 -.152335E+01 0.240768E+02
 0.220625E+01 -.343631E+01 -.188210E+01 -.151045E+01 0.212301E+02
 0.227519E+01 -.342796E+01 -.188663E+01 -.150911E+01 0.213900E+02
 0.220163E+01 -.343455E+01 -.188613E+01 -.150959E+01 0.212241E+02
 0.220000E+01 -.344386E+01 -.186374E+01 -.146289E+01 0.238230E+02
 0.220163E+01 -.343712E+01 -.188564E+01 -.150797E+01 0.212211E+02
 0.220525E+01 -.343531E+01 -.188485E+01 -.154762E+01 0.217600E+02
 0.220463E+01 -.343605E+01 -.188548E+01 -.150840E+01 0.212185E+02
 0.220342E+01 -.344587E+01 -.188445E+01 -.166840E+01 0.288236E+02
 0.220193E+01 -.343837E+01 -.188639E+01 -.151037E+01 0.212309E+02
 0.220321E+01 -.343649E+01 -.188639E+01 -.150812E+01 0.212170E+02
 0.220298E+01 -.343678E+01 -.189477E+01 -.150758E+01 0.212731E+02
 0.220125E+01 -.346468E+01 -.188950E+01 -.152627E+01 0.231424E+02
 0.220175E+01 -.343503E+01 -.186517E+01 -.152118E+01 0.214146E+02
 0.220433E+01 -.343621E+01 -.188636E+01 -.150867E+01 0.212172E+02
 0.220348E+01 -.343615E+01 -.189198E+01 -.151519E+01 0.213018E+02
 0.220000E+01 -.343825E+01 -.189115E+01 -.151137E+01 0.212682E+02
 0.220273E+01 -.343690E+01 -.188542E+01 -.150953E+01 0.212201E+02
 0.220112E+01 -.343637E+01 -.188659E+01 -.150832E+01 0.212184E+02
 0.220511E+01 -.343614E+01 -.188656E+01 -.149933E+01 0.212514E+02
 0.220390E+01 -.345416E+01 -.183534E+01 -.150532E+01 0.240920E+02
 0.220212E+01 -.343788E+01 -.188582E+01 -.151237E+01 0.212301E+02
 0.220319E+01 -.343559E+01 -.188697E+01 -.150725E+01 0.212179E+02
 0.221398E+01 -.343583E+01 -.189077E+01 -.150705E+01 0.212297E+02
 0.220365E+01 -.343614E+01 -.188205E+01 -.152153E+01 0.212478E+02
 0.220081E+01 -.343339E+01 -.188697E+01 -.150813E+01 0.212354E+02
 0.220250E+01 -.343708E+01 -.188653E+01 -.150984E+01 0.212217E+02
 0.220314E+01 -.343432E+01 -.188681E+01 -.150483E+01 0.212306E+02
 0.220280E+01 -.343588E+01 -.188666E+01 -.150728E+01 0.212192E+02
 0.249082E+01 -.343517E+01 -.187905E+01 -.150346E+01 0.214056E+02
 0.220853E+01 -.343587E+01 -.189113E+01 -.151065E+01 0.212494E+02
 0.220273E+01 -.344300E+01 -.188575E+01 -.151338E+01 0.213268E+02
 0.220000E+01 -.342411E+01 -.189549E+01 -.151661E+01 0.216935E+02
 0.220702E+01 -.343375E+01 -.188704E+01 -.150889E+01 0.212347E+02
 0.220275E+01 -.340982E+01 -.188619E+01 -.150803E+01 0.228211E+02
 0.220000E+01 -.342753E+01 -.190238E+01 -.151273E+01 0.216584E+02
 0.227688E+01 -.343378E+01 -.187514E+01 -.147744E+01 0.221986E+02
 0.220000E+01 -.343420E+01 -.188982E+01 -.152462E+01 0.214018E+02
 0.220323E+01 -.343624E+01 -.188574E+01 -.150909E+01 0.212171E+02
 0.220355E+01 -.343602E+01 -.188670E+01 -.150831E+01 0.212172E+02
 0.222335E+01 -.343674E+01 -.191571E+01 -.150794E+01 0.219718E+02
 0.220334E+01 -.343587E+01 -.187916E+01 -.150923E+01 0.212593E+02
 0.220728E+01 -.342582E+01 -.186358E+01 -.152616E+01 0.216896E+02
 0.220256E+01 -.343496E+01 -.188968E+01 -.151083E+01 0.212417E+02
 0.248579E+01 -.338289E+01 -.188234E+01 -.152048E+01 0.281263E+02
 0.220000E+01 -.343832E+01 -.191096E+01 -.142904E+01 0.227353E+02
 0.223795E+01 -.343292E+01 -.189289E+01 -.150562E+01 0.212647E+02
 0.220240E+01 -.343623E+01 -.184766E+01 -.151211E+01 0.223750E+02
 0.220204E+01 -.343757E+01 -.187454E+01 -.150553E+01 0.213823E+02
 0.220330E+01 -.344418E+01 -.188497E+01 -.150799E+01 0.213555E+02
 0.220383E+01 -.343550E+01 -.188672E+01 -.150912E+01 0.212187E+02
 0.220294E+01 -.344047E+01 -.184777E+01 -.149720E+01 0.229996E+02
 0.220350E+01 -.343589E+01 -.188671E+01 -.150824E+01 0.212172E+02
 0.220294E+01 -.343041E+01 -.188749E+01 -.150829E+01 0.212915E+02
 0.220125E+01 -.343625E+01 -.188557E+01 -.149033E+01 0.213771E+02
 0.220259E+01 -.343660E+01 -.189986E+01 -.150755E+01 0.213676E+02
 0.220106E+01 -.344367E+01 -.187202E+01 -.149111E+01 0.218812E+02
 0.220000E+01 -.343032E+01 -.187059E+01 -.150806E+01 0.215420E+02
 0.220318E+01 -.343566E+01 -.190067E+01 -.150818E+01 0.213905E+02
 0.235995E+01 -.343406E+01 -.186800E+01 -.160652E+01 0.231656E+02
 0.220315E+01 -.345149E+01 -.188419E+01 -.150713E+01 0.217166E+02
 0.220692E+01 -.344174E+01 -.187003E+01 -.147906E+01 0.223961E+02
 0.220000E+01 -.343543E+01 -.187350E+01 -.150825E+01 0.213709E+02
 0.220000E+01 -.343517E+01 -.188381E+01 -.147954E+01 0.216835E+02
 0.220314E+01 -.343609E+01 -.188681E+01 -.150801E+01 0.212168E+02
 0.220530E+01 -.343658E+01 -.188521E+01 -.150819E+01 0.212194E+02
 0.220406E+01 -.345712E+01 -.187974E+01 -.150580E+01 0.221688E+02
 0.220932E+01 -.343485E+01 -.188755E+01 -.150833E+01 0.212229E+02
 0.222846E+01 -.343644E+01 -.188581E+01 -.152355E+01 0.213090E+02
 0.220317E+01 -.343359E+01 -.189236E+01 -.146851E+01 0.217446E+02
 0.220239E+01 -.343677E+01 -.188668E+01 -.150754E+01 0.212184E+02
 0.220000E+01 -.343591E+01 -.176892E+01 -.155692E+01 0.282026E+02
 0.220342E+01 -.343665E+01 -.181912E+01 -.150776E+01 0.250755E+02
 0.220071E+01 -.343252E+01 -.187855E+01 -.153351E+01 0.213650E+02
 0.223058E+01 -.343485E+01 -.188625E+01 -.150953E+01 0.212304E+02
 0.220728E+01 -.343625E+01 -.188637E+01 -.150842E+01 0.212208E+02
 0.220044E+01 -.343596E+01 -.188713E+01 -.150705E+01 0.212185E+02
 0.220107E+01 -.343504E+01 -.188648E+01 -.150825E+01 0.212203E+02
 0.220412E+01 -.343659E+01 -.188844E+01 -.150890E+01 0.212220E+02
 0.220072E+01 -.343625E+01 -.188657E+01 -.150809E+01 0.212184E+02
 0.220330E+01 -.343638E+01 -.188812E+01 -.150688E+01 0.212174E+02
 0.220339E+01 -.347917E+01 -.194205E+01 -.150905E+01 0.282942E+02
 0.220353E+01 -.343639E+01 -.188636E+01 -.150962E+01 0.212194E+02
 0.220300E+01 -.343625E+01 -.188611E+01 -.150804E+01 0.212191E+02
 0.220330E+01 -.343621E+01 -.188562E+01 -.150832E+01 0.212176E+02
 0.220118E+01 -.343818E+01 -.189252E+01 -.150829E+01 0.212597E+02
 0.220132E+01 -.343651E+01 -.188567E+01 -.150869E+01 0.212190E+02
 0.242685E+01 -.343599E+01 -.191099E+01 -.151973E+01 0.221030E+02
 0.220307E+01 -.343621E+01 -.188668E+01 -.150813E+01 0.212188E+02
 0.220607E+01 -.343535E+01 -.188631E+01 -.157663E+01 0.229111E+02
 0.220320E+01 -.343629E+01 -.188692E+01 -.150825E+01 0.212168E+02
 0.220754E+01 -.345947E+01 -.187567E+01 -.151249E+01 0.223744E+02
 0.220558E+01 -.343656E+01 -.188716E+01 -.150822E+01 0.212180E+02
 0.220452E+01 -.343533E+01 -.188407E+01 -.151419E+01 0.212249E+02
 0.220343E+01 -.343673E+01 -.190027E+01 -.152880E+01 0.218478E+02
 0.220265E+01 -.344650E+01 -.190315E+01 -.157739E+01 0.246245E+02
 0.220496E+01 -.343585E+01 -.195433E+01 -.149705E+01 0.246086E+02
 0.220329E+01 -.343723E+01 -.187638E+01 -.150662E+01 0.213271E+02
 0.220000E+01 -.343816E+01 -.189650E+01 -.154982E+01 0.224126E+02
 0.220329E+01 -.343553E+01 -.187471E+01 -.153000E+01 0.212789E+02
 0.220221E+01 -.343254E+01 -.188066E+01 -.150835E+01 0.212825E+02
 0.220341E+01 -.340958E+01 -.188698E+01 -.151097E+01 0.228479E+02
 0.223924E+01 -.345920E+01 -.189190E+01 -.151565E+01 0.224590E+02
 0.220322E+01 -.343577E+01 -.189803E+01 -.145906E+01 0.218603E+02
 0.220275E+01 -.343576E+01 -.188704E+01 -.150810E+01 0.212193E+02
 0.220176E+01 -.343830E+01 -.188317E+01 -.150827E+01 0.212358E+02
 0.220186E+01 -.343471E+01 -.188580E+01 -.150848E+01 0.212245E+02
 0.222102E+01 -.343372E+01 -.189953E+01 -.150852E+01 0.213817E+02
 0.220531E+01 -.343804E+01 -.188574E+01 -.150378E+01 0.212368E+02
 0.220320E+01 -.343626E+01 -.188659E+01 -.150809E+01 0.212170E+02
 0.220322E+01 -.343625E+01 -.188644E+01 -.150813E+01 0.212168E+02
 0.230763E+01 -.338456E+01 -.188912E+01 -.150099E+01 0.276184E+02
 0.220218E+01 -.343614E+01 -.188604E+01 -.150596E+01 0.212223E+02
 0.220291E+01 -.343631E+01 -.188687E+01 -.150893E+01 0.212183E+02
 0.224102E+01 -.341239E+01 -.195505E+01 -.143702E+01 0.232590E+02
 0.220386E+01 -.343630E+01 -.188125E+01 -.150136E+01 0.213001E+02
 0.220000E+01 -.342826E+01 -.188658E+01 -.150780E+01 0.213593E+02
 0.220484E+01 -.343853E+01 -.188349E+01 -.150712E+01 0.212398E+02
 0.248449E+01 -.343908E+01 -.190065E+01 -.143393E+01 0.231220E+02
 0.220991E+01 -.344390E+01 -.188671E+01 -.150624E+01 0.213451E+02
 0.220345E+01 -.343424E+01 -.189057E+01 -.148051E+01 0.214669E+02
 0.220334E+01 -.343639E+01 -.188222E+01 -.150853E+01 0.212324E+02
 0.220288E+01 -.344805E+01 -.188817E+01 -.163786E+01 0.271279E+02
 0.226992E+01 -.343900E+01 -.199144E+01 -.145785E+01 0.264406E+02
 0.220219E+01 -.344001E+01 -.188626E+01 -.151066E+01 0.212515E+02
 0.220314E+01 -.343730E+01 -.188680E+01 -.150822E+01 0.212216E+02
 0.220305E+01 -.343643E+01 -.186120E+01 -.150858E+01 0.217639E+02
 0.220348E+01 -.346958E+01 -.188301E+01 -.151986E+01 0.235398E+02
 0.220146E+01 -.343599E+01 -.188394E+01 -.150476E+01 0.212382E+02
 0.220529E+01 -.343611E+01 -.188680E+01 -.150804E+01 0.212176E+02
 0.220328E+01 -.344126E+01 -.190428E+01 -.151433E+01 0.217036E+02
 0.222135E+01 -.343711E+01 -.189203E+01 -.148845E+01 0.213095E+02
 0.220586E+01 -.343642E+01 -.188614E+01 -.150800E+01 0.212182E+02
 0.220586E+01 -.343594E+01 -.186474E+01 -.166849E+01 0.262776E+02
 0.220000E+01 -.343676E+01 -.188660E+01 -.150813E+01 0.212190E+02
 0.220697E+01 -.343595E+01 -.188652E+01 -.151653E+01 0.212500E+02
 0.220217E+01 -.342825E+01 -.187262E+01 -.150807E+01 0.215577E+02
 0.220222E+01 -.343693E+01 -.188679E+01 -.149716E+01 0.212692E+02
 0.220320E+01 -.343690E+01 -.188571E+01 -.150826E+01 0.212185E+02
 0.220000E+01 -.343554E+01 -.188513E+01 -.151043E+01 0.212202E+02
 0.246305E+01 -.342768E+01 -.197606E+01 -.148361E+01 0.262522E+02
 0.220104E+01 -.343632E+01 -.188154E+01 -.153120E+01 0.213377E+02
 0.220125E+01 -.343410E+01 -.188651E+01 -.150808E+01 0.212275E+02
 0.220462E+01 -.343641E+01 -.188652E+01 -.151420E+01 0.212326E+02
 0.220368E+01 -.343859E+01 -.188804E+01 -.150876E+01 0.212326E+02
 0.220340E+01 -.343586E+01 -.188656E+01 -.150666E+01 0.212200E+02
 0.220000E+01 -.343124E+01 -.194052E+01 -.150706E+01 0.237847E+02
 0.230965E+01 -.343568E+01 -.187628E+01 -.150791E+01 0.213562E+02
 0.220093E+01 -.343622E+01 -.190384E+01 -.149600E+01 0.213223E+02
 0.220348E+01 -.343304E+01 -.188791E+01 -.151170E+01 0.212499E+02
 0.221778E+01 -.345425E+01 -.189696E+01 -.150789E+01 0.220387E+02
 0.220890E+01 -.343495E+01 -.188640E+01 -.150849E+01 0.212218E+02
 0.220319E+01 -.344748E+01 -.188633E+01 -.150839E+01 0.214912E+02
 0.223148E+01 -.343847E+01 -.188529E+01 -.152412E+01 0.213205E+02
 0.225749E+01 -.344273E+01 -.187893E+01 -.146762E+01 0.224739E+02
 0.220367E+01 -.343345E+01 -.189165E+01 -.152928E+01 0.215451E+02
 0.220141E+01 -.343609E+01 -.188645E+01 -.150762E+01 0.212187E+02
 0.220397E+01 -.343605E+01 -.188653E+01 -.150817E+01 0.212191E+02
 0.220000E+01 -.344511E+01 -.195373E+01 -.150784E+01 0.256080E+02
 0.220301E+01 -.343620E+01 -.188719E+01 -.150742E+01 0.212178E+02
 0.220342E+01 -.343780E+01 -.188792E+01 -.151116E+01 0.212326E+02
 0.239089E+01 -.345408E+01 -.188405E+01 -.152428E+01 0.220170E+02
 0.220000E+01 -.343196E+01 -.189361E+01 -.151190E+01 0.213273E+02
 0.220150E+01 -.343628E+01 -.186155E+01 -.150849E+01 0.217517E+02
 0.220400E+01 -.343710E+01 -.192791E+01 -.150652E+01 0.226927E+02
 0.220295E+01 -.344798E+01 -.188539E+01 -.150800E+01 0.215147E+02
 0.220352E+01 -.343454E+01 -.188291E+01 -.150852E+01 0.212356E+02
 0.220241E+01 -.343483E+01 -.187891E+01 -.150396E+01 0.213177E+02
 0.220287E+01 -.343646E+01 -.188648E+01 -.150821E+01 0.212179E+02
 0.220311E+01 -.345211E+01 -.188701E+01 -.150010E+01 0.217798E+02
 0.220082E+01 -.343627E+01 -.189314E+01 -.150136E+01 0.212283E+02
 0.220340E+01 -.343619E+01 -.190917E+01 -.150658E+01 0.216362E+02
 0.220111E+01 -.344986E+01 -.188971E+01 -.151648E+01 0.216962E+02
 0.221628E+01 -.344049E+01 -.187322E+01 -.150839E+01 0.214018E+02
 0.220309E+01 -.343988E+01 -.188337E+01 -.150776E+01 0.212557E+02
 0.220331E+01 -.345179E+01 -.190057E+01 -.151219E+01 0.220263E+02
 0.220000E+01 -.343989E+01 -.188392E+01 -.149576E+01 0.213505E+02
 0.220359E+01 -.343541E+01 -.190429E+01 -.150921E+01 0.215164E+02
 0.220646E+01 -.343581E+01 -.188476E+01 -.149715E+01 0.212977E+02
 0.220340E+01 -.343638E+01 -.188656E+01 -.150804E+01 0.212189E+02
 0.220183E+01 -.343532E+01 -.188587E+01 -.150803E+01 0.212213E+02
 0.220374E+01 -.340335E+01 -.186674E+01 -.151215E+01 0.241506E+02
 0.221068E+01 -.343242E+01 -.189004E+01 -.150839E+01 0.212583E+02
 0.223998E+01 -.343615E+01 -.188159E+01 -.153996E+01 0.214882E+02
 0.220322E+01 -.343248E+01 -.188867E+01 -.147123E+01 0.218033E+02
 0.220245E+01 -.343656E+01 -.188742E+01 -.150780E+01 0.212195E+02
 0.220319E+01 -.343704E+01 -.187616E+01 -.150550E+01 0.213450E+02
 0.220000E+01 -.343422E+01 -.188870E+01 -.152514E+01 0.213862E+02
 0.220673E+01 -.338174E+01 -.188972E+01 -.150437E+01 0.283328E+02
 0.220000E+01 -.343738E+01 -.188662E+01 -.150896E+01 0.212216E+02
 0.220000E+01 -.343623E+01 -.188624E+01 -.150819E+01 0.212170E+02
 0.220194E+01 -.343461E+01 -.188709E+01 -.150997E+01 0.212271E+02
 0.220000E+01 -.343775E+01 -.188653E+01 -.150792E+01 0.212235E+02
 0.220609E+01 -.343630E+01 -.188728E+01 -.148906E+01 0.213677E+02
 0.220253E+01 -.343626E+01 -.188656E+01 -.150786E+01 0.212187E+02
 0.220300E+01 -.343620E+01 -.188660E+01 -.150704E+01 0.212183E+02
 0.220383E+01 -.347333E+01 -.187611E+01 -.150915E+01 0.240614E+02
 0.220395E+01 -.343633E+01 -.188664E+01 -.150795E+01 0.212172E+02
 0.220356E+01 -.343626E+01 -.188645E+01 -.150870E+01 0.212169E+02
 0.220245E+01 -.343627E+01 -.188671E+01 -.150808E+01 0.212187E+02
 0.220375E+01 -.343516E+01 -.189225E+01 -.151064E+01 0.212630E+02
 0.220000E+01 -.343683E+01 -.188573E+01 -.150889E+01 0.212179E+02
 0.225517E+01 -.343582E+01 -.186211E+01 -.153181E+01 0.214128E+02
 0.220769E+01 -.345618E+01 -.188752E+01 -.150848E+01 0.220707E+02
 0.220275E+01 -.343624E+01 -.188669E+01 -.150786E+01 0.212187E+02
 0.243924E+01 -.338677E+01 -.190001E+01 -.143601E+01 0.287538E+02
 0.220503E+01 -.343385E+01 -.188663E+01 -.143912E+01 0.236206E+02
 0.220321E+01 -.343625E+01 -.188629E+01 -.150808E+01 0.212169E+02
 0.220599E+01 -.343646E+01 -.188809E+01 -.151312E+01 0.212381E+02
 0.220100E+01 -.343681E+01 -.188670E+01 -.150851E+01 0.212192E+02
 0.220248E+01 -.343461E+01 -.188801E+01 -.150741E+01 0.212247E+02
 0.220399E+01 -.343681E+01 -.188099E+01 -.150823E+01 0.212448E+02
 0.220364E+01 -.345288E+01 -.188832E+01 -.151663E+01 0.218699E+02
 0.220729E+01 -.343319E+01 -.193075E+01 -.150226E+01 0.226913E+02
 0.220337E+01 -.343656E+01 -.188804E+01 -.150694E+01 0.212178E+02
 0.224028E+01 -.343566E+01 -.189835E+01 -.150863E+01 0.213476E+02
 0.220338E+01 -.343528E+01 -.188296E+01 -.151574E+01 0.212274E+02
 0.224423E+01 -.339046E+01 -.191626E+01 -.155451E+01 0.287594E+02
 0.220181E+01 -.343860E+01 -.188801E+01 -.150829E+01 0.212341E+02
 0.220344E+01 -.343322E+01 -.188798E+01 -.150696E+01 0.212366E+02
 0.220000E+01 -.343651E+01 -.184702E+01 -.151393E+01 0.223418E+02
 0.220296E+01 -.342713E+01 -.187269E+01 -.147642E+01 0.225422E+02
 0.220312E+01 -.343871E+01 -.188980E+01 -.152528E+01 0.214236E+02
 0.220268E+01 -.343613E+01 -.188663E+01 -.150810E+01 0.212187E+02
 0.220229E+01 -.343828E+01 -.187480E+01 -.150768E+01 0.213509E+02
 0.220257E+01 -.343637E+01 -.188683E+01 -.150928E+01 0.212198E+02
 0.222243E+01 -.344290E+01 -.187868E+01 -.150850E+01 0.213632E+02
 0.220398E+01 -.343577E+01 -.188694E+01 -.150548E+01 0.212196E+02
 0.220320E+01 -.343626E+01 -.188658E+01 -.150797E+01 0.212168E+02
 0.220325E+01 -.343626E+01 -.188673E+01 -.150815E+01 0.212167E+02
 0.229563E+01 -.349726E+01 -.187452E+01 -.150739E+01 0.286179E+02
 0.220316E+01 -.343619E+01 -.188640E+01 -.150832E+01 0.212168E+02
 0.220311E+01 -.343624E+01 -.188698E+01 -.150815E+01 0.212189E+02
 0.224427E+01 -.346144E+01 -.186984E+01 -.145674E+01 0.248984E+02
 0.220281E+01 -.343641E+01 -.188559E+01 -.149688E+01 0.212852E+02
 0.227198E+01 -.344517E+01 -.188664E+01 -.150741E+01 0.214126E+02
 0.220591E+01 -.344003E+01 -.188611E+01 -.150835E+01 0.212488E+02
 0.255778E+01 -.343190E+01 -.189685E+01 -.161833E+01 0.263692E+02
 0.220769E+01 -.343844E+01 -.188536E+01 -.150737E+01 0.212337E+02
 0.220315E+01 -.343366E+01 -.189334E+01 -.145652E+01 0.221673E+02
 0.220333E+01 -.343608E+01 -.188931E+01 -.150817E+01 0.212231E+02
 0.220290E+01 -.343064E+01 -.189384E+01 -.138827E+01 0.284345E+02
 0.220433E+01 -.343714E+01 -.188663E+01 -.150643E+01 0.212200E+02
 0.220317E+01 -.343662E+01 -.188691E+01 -.150847E+01 0.212194E+02
 0.220282E+01 -.345166E+01 -.185789E+01 -.150658E+01 0.223910E+02
 0.220321E+01 -.343628E+01 -.188057E+01 -.150696E+01 0.212572E+02
 0.220430E+01 -.343615E+01 -.188096E+01 -.149707E+01 0.213646E+02
 0.220252E+01 -.343645E+01 -.189797E+01 -.150971E+01 0.213543E+02
 0.220395E+01 -.343635E+01 -.188663E+01 -.150760E+01 0.212171E+02
 0.220334E+01 -.343575E+01 -.189576E+01 -.150545E+01 0.212669E+02
 0.222256E+01 -.343734E+01 -.188962E+01 -.148344E+01 0.214292E+02
 0.220686E+01 -.343584E+01 -.188682E+01 -.150745E+01 0.212210E+02
 0.220837E+01 -.343670E+01 -.188660E+01 -.150828E+01 0.212217E+02
 0.220597E+01 -.343630E+01 -.188654E+01 -.150735E+01 0.212181E+02
 0.220411E+01 -.341517E+01 -.193068E+01 -.151034E+01 0.238535E+02
 0.232902E+01 -.343765E+01 -.181758E+01 -.150064E+01 0.258702E+02
 0.220265E+01 -.343521E+01 -.188722E+01 -.150287E+01 0.212292E+02
 0.220320E+01 -.343592E+01 -.188682E+01 -.150885E+01 0.212194E+02
 0.221127E+01 -.343637E+01 -.188245E+01 -.151123E+01 0.212256E+02
 0.220754E+01 -.343607E+01 -.188193E+01 -.151581E+01 0.212287E+02
 0.220184E+01 -.343721E+01 -.188621E+01 -.150814E+01 0.212211E+02
 0.220511E+01 -.343434E+01 -.188653E+01 -.151185E+01 0.212341E+02
 0.220662E+01 -.343720E+01 -.188821E+01 -.150870E+01 0.212263E+02
 0.220402E+01 -.343643E+01 -.188655E+01 -.150825E+01 0.212173E+02
 0.224409E+01 -.343685E+01 -.188994E+01 -.151162E+01 0.212547E+02
 0.220141E+01 -.343563E+01 -.190106E+01 -.148929E+01 0.212667E+02
 0.220265E+01 -.343360E+01 -.188770E+01 -.150551E+01 0.212341E+02
 0.222138E+01 -.343112E+01 -.189303E+01 -.149911E+01 0.212826E+02
 0.220329E+01 -.343717E+01 -.188521E+01 -.150826E+01 0.212201E+02
 0.220337E+01 -.344816E+01 -.188673E+01 -.150845E+01 0.215260E+02
 0.220769E+01 -.344701E+01 -.187222E+01 -.151121E+01 0.215791E+02
 0.225197E+01 -.344195E+01 -.189698E+01 -.151221E+01 0.214530E+02
 0.224063E+01 -.343561E+01 -.188661E+01 -.149489E+01 0.213079E+02
 0.220148E+01 -.343611E+01 -.188675E+01 -.150799E+01 0.212188E+02
 0.220339E+01 -.343630E+01 -.188651E+01 -.150823E+01 0.212168E+02
 0.225641E+01 -.344217E+01 -.191116E+01 -.150856E+01 0.218711E+02
 0.220301E+01 -.343650E+01 -.189027E+01 -.150758E+01 0.212291E+02
 0.220000E+01 -.344889E+01 -.191727E+01 -.150256E+01 0.223163E+02
 0.220306E+01 -.343181E+01 -.190494E+01 -.154733E+01 0.228664E+02
 0.220476E+01 -.343807E+01 -.188638E+01 -.151006E+01 0.212259E+02
 0.236021E+01 -.347186E+01 -.188525E+01 -.149626E+01 0.239540E+02
 0.221355E+01 -.342995E+01 -.194989E+01 -.149430E+01 0.239701E+02
 0.226644E+01 -.343279E+01 -.188959E+01 -.150563E+01 0.212619E+02
 0.220134E+01 -.343628E+01 -.188148E+01 -.150687E+01 0.212484E+02
 0.220526E+01 -.343656E+01 -.192298E+01 -.150608E+01 0.223316E+02
 0.220277E+01 -.343016E+01 -.189057E+01 -.150810E+01 0.213079E+02
 0.220359E+01 -.343534E+01 -.188968E+01 -.150798E+01 0.212276E+02
 0.220240E+01 -.343364E+01 -.191773E+01 -.151515E+01 0.223240E+02
 0.220322E+01 -.343657E+01 -.188648E+01 -.150819E+01 0.212172E+02
 0.220338E+01 -.344364E+01 -.188644E+01 -.150457E+01 0.213403E+02
 0.220404E+01 -.343628E+01 -.189887E+01 -.151956E+01 0.215492E+02
 0.220409E+01 -.343628E+01 -.189661E+01 -.150876E+01 0.213112E+02
 0.220299E+01 -.343846E+01 -.189389E+01 -.153627E+01 0.218108E+02
 0.221412E+01 -.343886E+01 -.190860E+01 -.150779E+01 0.216657E+02
 0.220324E+01 -.343178E+01 -.187582E+01 -.150782E+01 0.213778E+02
 0.229437E+01 -.344739E+01 -.189074E+01 -.150020E+01 0.215276E+02
 0.220336E+01 -.342524E+01 -.189270E+01 -.151475E+01 0.215616E+02
 0.222474E+01 -.343592E+01 -.189421E+01 -.152305E+01 0.214818E+02
 0.220404E+01 -.343642E+01 -.188874E+01 -.150063E+01 0.212285E+02
 0.220644E+01 -.343657E+01 -.188753E+01 -.153904E+01 0.216320E+02
 0.220316E+01 -.343628E+01 -.188639E+01 -.150824E+01 0.212170E+02
 0.220280E+01 -.343601E+01 -.188725E+01 -.150805E+01 0.212181E+02
 0.220513E+01 -.340709E+01 -.188942E+01 -.151744E+01 0.232151E+02
 0.220959E+01 -.343923E+01 -.188844E+01 -.150828E+01 0.212425E+02
 0.221955E+01 -.343613E+01 -.187904E+01 -.148322E+01 0.217617E+02
 0.220265E+01 -.343341E+01 -.189089E+01 -.152045E+01 0.213674E+02
 0.220317E+01 -.343630E+01 -.188574E+01 -.150793E+01 0.212173E+02
 0.220302E+01 -.343811E+01 -.193421E+01 -.151466E+01 0.236433E+02
 0.221838E+01 -.343785E+01 -.187709E+01 -.150197E+01 0.213834E+02
 0.222308E+01 -.343878E+01 -.188685E+01 -.150838E+01 0.212358E+02
 0.221154E+01 -.343623E+01 -.188690E+01 -.150844E+01 0.212191E+02
 0.220555E+01 -.343413E+01 -.188640E+01 -.151137E+01 0.212310E+02
 0.220442E+01 -.343772E+01 -.188665E+01 -.150806E+01 0.212222E+02
 0.220625E+01 -.343677E+01 -.188623E+01 -.150671E+01 0.212225E+02
 0.220538E+01 -.343627E+01 -.188657E+01 -.150810E+01 0.212175E+02
 0.220307E+01 -.343599E+01 -.188633E+01 -.150831E+01 0.212190E+02
 0.220398E+01 -.346257E+01 -.183209E+01 -.150830E+01 0.248933E+02
 0.220377E+01 -.343619E+01 -.188678E+01 -.150671E+01 0.212176E+02
 0.220362E+01 -.343627E+01 -.188685E+01 -.150856E+01 0.212171E+02
 0.220272E+01 -.343633E+01 -.188743E+01 -.150834E+01 0.212197E+02
 0.220340E+01 -.343372E+01 -.188734E+01 -.150730E+01 0.212306E+02
 0.220602E+01 -.343625E+01 -.188602E+01 -.150865E+01 0.212180E+02
 0.220000E+01 -.343640E+01 -.187079E+01 -.151113E+01 0.213916E+02
 0.220953E+01 -.346825E+01 -.188765E+01 -.150634E+01 0.233503E+02
 0.220391E+01 -.343610E+01 -.188670E+01 -.150788E+01 0.212172E+02
 0.220000E+01 -.339306E+01 -.189675E+01 -.144651E+01 0.268709E+02
 0.220324E+01 -.343623E+01 -.188610E+01 -.150819E+01 0.212190E+02
 0.220370E+01 -.341849E+01 -.189608E+01 -.151320E+01 0.220242E+02
 0.220194E+01 -.343663E+01 -.188608E+01 -.150829E+01 0.212180E+02
 0.220155E+01 -.343577E+01 -.189083E+01 -.150224E+01 0.212226E+02
 0.220414E+01 -.343617E+01 -.187391E+01 -.149233E+01 0.216797E+02
 0.220426E+01 -.345177E+01 -.188722E+01 -.144154E+01 0.238549E+02
 0.220857E+01 -.343299E+01 -.188259E+01 -.150837E+01 0.212583E+02
 0.220331E+01 -.343578E+01 -.189566E+01 -.150772E+01 0.212841E+02
 0.220896E+01 -.343524E+01 -.189428E+01 -.145862E+01 0.220250E+02
 0.220327E+01 -.343582E+01 -.189360E+01 -.149467E+01 0.212385E+02
 0.220296E+01 -.344235E+01 -.189262E+01 -.150809E+01 0.213404E+02
 0.220332E+01 -.345334E+01 -.188658E+01 -.150551E+01 0.218445E+02
 0.223673E+01 -.342378E+01 -.186237E+01 -.151480E+01 0.220172E+02
 0.220000E+01 -.342213E+01 -.194331E+01 -.148417E+01 0.231481E+02
 0.220280E+01 -.344024E+01 -.187529E+01 -.152783E+01 0.212923E+02
 0.220333E+01 -.343660E+01 -.188639E+01 -.150819E+01 0.212191E+02
 0.220463E+01 -.343736E+01 -.189369E+01 -.151004E+01 0.212811E+02
 0.220367E+01 -.343757E+01 -.188741E+01 -.150893E+01 0.212225E+02
 0.221410E+01 -.344545E+01 -.187308E+01 -.150853E+01 0.215329E+02
 0.220265E+01 -.343438E+01 -.188772E+01 -.151047E+01 0.212320E+02
 0.220320E+01 -.343626E+01 -.188657E+01 -.150827E+01 0.212169E+02
 0.220320E+01 -.343627E+01 -.188693E+01 -.150818E+01 0.212171E+02
 0.220394E+01 -.343632E+01 -.188686E+01 -.150993E+01 0.212189E+02
 0.220348E+01 -.343630E+01 -.188706E+01 -.150695E+01 0.212190E+02
 0.224976E+01 -.345393E+01 -.182415E+01 -.152641E+01 0.240271E+02
 0.220273E+01 -.343639E+01 -.189337E+01 -.150754E+01 0.212557E+02
 0.228404E+01 -.344470E+01 -.188724E+01 -.150827E+01 0.213979E+02
 0.220197E+01 -.343282E+01 -.188815E+01 -.151125E+01 0.212543E+02
 0.220000E+01 -.343097E+01 -.185408E+01 -.163230E+01 0.236016E+02
 0.220000E+01 -.343098E+01 -.188500E+01 -.150997E+01 0.212812E+02
 0.220000E+01 -.343925E+01 -.188345E+01 -.158785E+01 0.232733E+02
 0.220562E+01 -.343426E+01 -.188402E+01 -.153107E+01 0.213851E+02
 0.220389E+01 -.343607E+01 -.189305E+01 -.150795E+01 0.212517E+02
 0.220312E+01 -.343623E+01 -.188662E+01 -.143991E+01 0.235426E+02
 0.220670E+01 -.343336E+01 -.188665E+01 -.150624E+01 0.212402E+02
 0.220322E+01 -.343581E+01 -.188665E+01 -.150849E+01 0.212192E+02
 0.221060E+01 -.341125E+01 -.205952E+01 -.133860E+01 0.275411E+02
 0.220308E+01 -.343667E+01 -.190091E+01 -.150622E+01 0.213716E+02
 0.220407E+01 -.341048E+01 -.188251E+01 -.148856E+01 0.230521E+02
 0.220399E+01 -.343598E+01 -.188358E+01 -.152186E+01 0.212635E+02
 0.220240E+01 -.343646E+01 -.188643E+01 -.150744E+01 0.212194E+02
 0.220327E+01 -.343209E+01 -.188646E+01 -.150143E+01 0.212762E+02
 0.220000E+01 -.343745E+01 -.188736E+01 -.150987E+01 0.212253E+02
 0.220218E+01 -.343677E+01 -.188672E+01 -.150730E+01 0.212184E+02
 0.221049E+01 -.343634E+01 -.188657E+01 -.150856E+01 0.212187E+02
 0.220295E+01 -.343651E+01 -.188658E+01 -.150143E+01 0.212376E+02
 0.220535E+01 -.346458E+01 -.192691E+01 -.151112E+01 0.247335E+02
 0.220261E+01 -.343444E+01 -.188675E+01 -.151906E+01 0.212754E+02
 0.220316E+01 -.343519E+01 -.188777E+01 -.150555E+01 0.212198E+02
 0.221006E+01 -.343636E+01 -.188302E+01 -.151021E+01 0.212246E+02
 0.222112E+01 -.345988E+01 -.183567E+01 -.145934E+01 0.280897E+02
 0.220920E+01 -.343606E+01 -.188563E+01 -.149575E+01 0.213002E+02
 0.220327E+01 -.343595E+01 -.188628E+01 -.150820E+01 0.212171E+02
 0.220381E+01 -.343655E+01 -.188654E+01 -.150660E+01 0.212184E+02
 0.220389E+01 -.343476E+01 -.188718E+01 -.150428E+01 0.212278E+02
 0.220330E+01 -.343632E+01 -.188669E+01 -.150903E+01 0.212174E+02
 0.220000E+01 -.343775E+01 -.189832E+01 -.151043E+01 0.213774E+02
 0.221129E+01 -.343523E+01 -.188607E+01 -.148993E+01 0.213810E+02
 0.220184E+01 -.343755E+01 -.188535E+01 -.150303E+01 0.212407E+02
 0.221258E+01 -.341530E+01 -.188644E+01 -.149274E+01 0.223355E+02
 0.220000E+01 -.343663E+01 -.188535E+01 -.150965E+01 0.212177E+02
 0.220279E+01 -.344300E+01 -.188631E+01 -.150813E+01 0.213182E+02
 0.220000E+01 -.344168E+01 -.188376E+01 -.149726E+01 0.213671E+02
 0.225432E+01 -.343557E+01 -.189541E+01 -.154311E+01 0.220708E+02
 0.220288E+01 -.340004E+01 -.188941E+01 -.153802E+01 0.246574E+02
 0.222434E+01 -.343877E+01 -.188572E+01 -.147842E+01 0.216689E+02
 0.220424E+01 -.343627E+01 -.188648E+01 -.150980E+01 0.212181E+02
 0.220270E+01 -.343644E+01 -.188656E+01 -.150824E+01 0.212178E+02
 0.225022E+01 -.343514E+01 -.183905E+01 -.150893E+01 0.231609E+02
 0.220319E+01 -.343643E+01 -.188214E+01 -.150822E+01 0.212343E+02
 0.220291E+01 -.342629E+01 -.195552E+01 -.150642E+01 0.254784E+02
 0.220323E+01 -.343551E+01 -.188524E+01 -.150794E+01 0.212220E+02
 0.232339E+01 -.344023E+01 -.188702E+01 -.149945E+01 0.213191E+02
 0.220151E+01 -.343054E+01 -.188838E+01 -.151057E+01 0.212967E+02
 0.230947E+01 -.343769E+01 -.188457E+01 -.150210E+01 0.212890E+02
 0.220350E+01 -.343624E+01 -.190342E+01 -.151084E+01 0.215213E+02
 0.220398E+01 -.343635E+01 -.189420E+01 -.150471E+01 0.212451E+02
 0.220301E+01 -.342484E+01 -.188801E+01 -.150815E+01 0.215049E+02
 0.220364E+01 -.343648E+01 -.189102E+01 -.150926E+01 0.212397E+02
 0.220273E+01 -.343566E+01 -.192215E+01 -.151164E+01 0.224871E+02
 0.220372E+01 -.343593E+01 -.188687E+01 -.150822E+01 0.212172E+02
 0.220347E+01 -.342482E+01 -.188724E+01 -.150904E+01 0.215071E+02
 0.220147E+01 -.343626E+01 -.189050E+01 -.151618E+01 0.212927E+02
 0.220415E+01 -.343668E+01 -.186067E+01 -.151002E+01 0.217524E+02
 0.220240E+01 -.342931E+01 -.187286E+01 -.152282E+01 0.213930E+02
 0.220230E+01 -.342423E+01 -.189172E+01 -.150756E+01 0.215449E+02
 0.220339E+01 -.343202E+01 -.188430E+01 -.150773E+01 0.212643E+02
 0.220319E+01 -.342636E+01 -.187700E+01 -.151069E+01 0.215145E+02
 0.223363E+01 -.343383E+01 -.189104E+01 -.151593E+01 0.213106E+02
 0.220249E+01 -.343650E+01 -.187556E+01 -.149919E+01 0.214619E+02
 0.220037E+01 -.343545E+01 -.188655E+01 -.155188E+01 0.219597E+02
 0.220301E+01 -.343596E+01 -.188655E+01 -.150801E+01 0.212190E+02
 0.220500E+01 -.343696E+01 -.188724E+01 -.150808E+01 0.212188E+02
 0.220586E+01 -.346830E+01 -.188906E+01 -.151950E+01 0.234678E+02
 0.220690E+01 -.343686E+01 -.188476E+01 -.150807E+01 0.212245E+02
 0.220000E+01 -.343640E+01 -.188143E+01 -.147247E+01 0.220238E+02
 0.220279E+01 -.343653E+01 -.189233E+01 -.153138E+01 0.216058E+02
 0.220375E+01 -.343610E+01 -.188493E+01 -.150816E+01 0.212198E+02
 0.220297E+01 -.343704E+01 -.188586E+01 -.151503E+01 0.212363E+02
 0.221900E+01 -.343776E+01 -.187697E+01 -.150477E+01 0.213490E+02
 0.220291E+01 -.341864E+01 -.190141E+01 -.149514E+01 0.219247E+02
 0.220000E+01 -.343650E+01 -.188665E+01 -.150796E+01 0.212184E+02
 0.221072E+01 -.343624E+01 -.188713E+01 -.150871E+01 0.212193E+02
 0.220537E+01 -.343759E+01 -.188667E+01 -.150655E+01 0.212224E+02
 0.220306E+01 -.343657E+01 -.188663E+01 -.150835E+01 0.212181E+02
 0.220283E+01 -.343696E+01 -.188641E+01 -.152351E+01 0.213163E+02
 0.220403E+01 -.343627E+01 -.188659E+01 -.150796E+01 0.212172E+02
 0.220319E+01 -.343591E+01 -.188695E+01 -.150838E+01 0.212172E+02
 0.220319E+01 -.343440E+01 -.183159E+01 -.150794E+01 0.238274E+02
 0.220359E+01 -.343623E+01 -.188672E+01 -.150789E+01 0.212171E+02
 0.220336E+01 -.343627E+01 -.188689E+01 -.150808E+01 0.212168E+02
 0.220451E+01 -.343632E+01 -.188706E+01 -.150839E+01 0.212174E+02
 0.220132E+01 -.343417E+01 -.188583E+01 -.150207E+01 0.212494E+02
 0.220408E+01 -.343635E+01 -.188669E+01 -.150847E+01 0.212173E+02
 0.239988E+01 -.343647E+01 -.190945E+01 -.148768E+01 0.213906E+02
 0.220370E+01 -.342608E+01 -.188445E+01 -.150682E+01 0.214623E+02
 0.221243E+01 -.348811E+01 -.190632E+01 -.146650E+01 0.269883E+02
 0.220347E+01 -.343609E+01 -.188669E+01 -.150821E+01 0.212171E+02
 0.243867E+01 -.344572E+01 -.192558E+01 -.153254E+01 0.240672E+02
 0.220651E+01 -.343768E+01 -.188629E+01 -.155799E+01 0.221609E+02
 0.220322E+01 -.343626E+01 -.188626E+01 -.150830E+01 0.212188E+02
 0.220433E+01 -.344210E+01 -.189210E+01 -.150831E+01 0.213262E+02
 0.220413E+01 -.343575E+01 -.188607E+01 -.150825E+01 0.212179E+02
 0.220202E+01 -.343696E+01 -.188679E+01 -.149899E+01 0.212529E+02
 0.220340E+01 -.343616E+01 -.188342E+01 -.150156E+01 0.212666E+02
 0.220400E+01 -.343700E+01 -.190952E+01 -.145854E+01 0.215915E+02
 0.220731E+01 -.343600E+01 -.184590E+01 -.151304E+01 0.224540E+02
 0.220330E+01 -.343638E+01 -.189468E+01 -.150765E+01 0.212696E+02
 0.220000E+01 -.343847E+01 -.189896E+01 -.145766E+01 0.218885E+02
 0.220324E+01 -.343637E+01 -.188300E+01 -.150299E+01 0.212592E+02
 0.220317E+01 -.343686E+01 -.188615E+01 -.150814E+01 0.212178E+02
 0.220338E+01 -.345064E+01 -.188283E+01 -.150771E+01 0.216663E+02
 0.220000E+01 -.342986E+01 -.188331E+01 -.151364E+01 0.213154E+02
 0.221138E+01 -.343144E+01 -.196114E+01 -.151401E+01 0.267419E+02
 0.220313E+01 -.343837E+01 -.188060E+01 -.151005E+01 0.212475E+02
 0.220371E+01 -.343617E+01 -.188640E+01 -.150822E+01 0.212172E+02
 0.220436E+01 -.343653E+01 -.188842E+01 -.150909E+01 0.212224E+02
 0.220408E+01 -.343779E+01 -.188681E+01 -.150836E+01 0.212228E+02
 0.221582E+01 -.343308E+01 -.187561E+01 -.150872E+01 0.213536E+02
 0.220197E+01 -.343581E+01 -.188692E+01 -.150382E+01 0.212255E+02
 0.220320E+01 -.343626E+01 -.188658E+01 -.150836E+01 0.212168E+02
 0.220319E+01 -.343626E+01 -.188667E+01 -.150818E+01 0.212167E+02
 0.220419E+01 -.343633E+01 -.188679E+01 -.150821E+01 0.212173E+02
 0.220336E+01 -.343631E+01 -.188694E+01 -.150786E+01 0.212168E+02
 0.224698E+01 -.341069E+01 -.188118E+01 -.152934E+01 0.228245E+02
 0.220616E+01 -.343651E+01 -.189627E+01 -.151527E+01 0.213975E+02
 0.220000E+01 -.343362E+01 -.188691E+01 -.150879E+01 0.212325E+02
 0.220063E+01 -.343398E+01 -.188555E+01 -.150999E+01 0.212304E+02
 0.224758E+01 -.344055E+01 -.194599E+01 -.148779E+01 0.233433E+02
 0.220887E+01 -.343175E+01 -.188664E+01 -.151115E+01 0.212657E+02
 0.220397E+01 -.343784E+01 -.187458E+01 -.162753E+01 0.247080E+02
 0.220639E+01 -.343547E+01 -.187926E+01 -.154831E+01 0.216084E+02
 0.220485E+01 -.343617E+01 -.188431E+01 -.150822E+01 0.212221E+02
 0.220343E+01 -.344302E+01 -.188317E+01 -.157495E+01 0.227587E+02
 0.220325E+01 -.343405E+01 -.188641E+01 -.150959E+01 0.212281E+02
 0.220322E+01 -.343592E+01 -.188634E+01 -.150837E+01 0.212172E+02
 0.220000E+01 -.343180E+01 -.182808E+01 -.155919E+01 0.223941E+02
 0.220303E+01 -.338993E+01 -.191918E+01 -.151164E+01 0.269968E+02
 0.220311E+01 -.343701E+01 -.190665E+01 -.150824E+01 0.215834E+02
 0.220290E+01 -.341946E+01 -.188746E+01 -.148381E+01 0.221087E+02
 0.220283E+01 -.343595E+01 -.187368E+01 -.152826E+01 0.212697E+02
 0.220287E+01 -.343622E+01 -.188639E+01 -.150771E+01 0.212189E+02
 0.220326E+01 -.344004E+01 -.188316E+01 -.150204E+01 0.212933E+02
 0.221973E+01 -.343727E+01 -.188533E+01 -.152867E+01 0.213697E+02
 0.220388E+01 -.343681E+01 -.188585E+01 -.150881E+01 0.212180E+02
 0.221140E+01 -.343714E+01 -.184918E+01 -.148119E+01 0.238009E+02
 0.220000E+01 -.343607E+01 -.188658E+01 -.150842E+01 0.212183E+02
 0.220093E+01 -.343647E+01 -.188659E+01 -.151266E+01 0.212277E+02
 0.220624E+01 -.347070E+01 -.185243E+01 -.150854E+01 0.244276E+02
 0.220306E+01 -.343676E+01 -.188629E+01 -.151630E+01 0.212459E+02
 0.220313E+01 -.343656E+01 -.188682E+01 -.150403E+01 0.212234E+02
 0.220111E+01 -.343615E+01 -.188458E+01 -.150863E+01 0.212201E+02
 0.220530E+01 -.343626E+01 -.188788E+01 -.148383E+01 0.214513E+02
 0.220428E+01 -.343519E+01 -.188669E+01 -.150823E+01 0.212215E+02
 0.220282E+01 -.343814E+01 -.188658E+01 -.150488E+01 0.212303E+02
 0.220392E+01 -.343505E+01 -.188651E+01 -.150129E+01 0.212413E+02
 0.220287E+01 -.343612E+01 -.188670E+01 -.150808E+01 0.212178E+02
 0.220000E+01 -.343580E+01 -.194432E+01 -.148509E+01 0.229971E+02
 0.228288E+01 -.343661E+01 -.189531E+01 -.150884E+01 0.213072E+02
 0.220438E+01 -.343509E+01 -.187715E+01 -.151916E+01 0.212456E+02
 0.220200E+01 -.343859E+01 -.188677E+01 -.151137E+01 0.212370E+02
 0.221740E+01 -.346285E+01 -.189055E+01 -.150022E+01 0.227270E+02
 0.220766E+01 -.343601E+01 -.188588E+01 -.150943E+01 0.212214E+02
 0.220112E+01 -.342184E+01 -.188617E+01 -.150798E+01 0.216843E+02
 0.221174E+01 -.343315E+01 -.189464E+01 -.150416E+01 0.212631E+02
 0.226539E+01 -.343163E+01 -.189143E+01 -.148369E+01 0.214468E+02
 0.220921E+01 -.349796E+01 -.188990E+01 -.150237E+01 0.287688E+02
 0.220000E+01 -.343620E+01 -.188940E+01 -.149549E+01 0.212559E+02
 0.220500E+01 -.343638E+01 -.188538E+01 -.150860E+01 0.212183E+02
 0.220340E+01 -.343619E+01 -.188658E+01 -.150817E+01 0.212168E+02
 0.225305E+01 -.343715E+01 -.183129E+01 -.150817E+01 0.238453E+02
 0.220326E+01 -.343610E+01 -.188283E+01 -.150898E+01 0.212270E+02
 0.220404E+01 -.342754E+01 -.184206E+01 -.151380E+01 0.229319E+02
 0.220341E+01 -.343762E+01 -.180646E+01 -.148752E+01 0.283902E+02
 0.220202E+01 -.343377E+01 -.188613E+01 -.150634E+01 0.212347E+02
 0.220000E+01 -.341511E+01 -.188809E+01 -.150818E+01 0.222255E+02
 0.220000E+01 -.343648E+01 -.184100E+01 -.152221E+01 0.224374E+02
 0.220000E+01 -.343677E+01 -.188424E+01 -.150605E+01 0.212301E+02
 0.220377E+01 -.343621E+01 -.190207E+01 -.151671E+01 0.216002E+02
 0.220201E+01 -.343612E+01 -.186221E+01 -.150676E+01 0.217692E+02
 0.220343E+01 -.343564E+01 -.188481E+01 -.150767E+01 0.212220E+02
 0.220311E+01 -.343722E+01 -.188641E+01 -.150891E+01 0.212213E+02
 0.220289E+01 -.343733E+01 -.185006E+01 -.149920E+01 0.227272E+02
 0.220345E+01 -.343561E+01 -.188669E+01 -.150821E+01 0.212177E+02
 0.220331E+01 -.343415E+01 -.188717E+01 -.150901E+01 0.212271E+02
 0.220108E+01 -.343626E+01 -.188548E+01 -.149568E+01 0.213004E+02
 0.220249E+01 -.343664E+01 -.187941E+01 -.150833E+01 0.212626E+02
 0.220244E+01 -.344072E+01 -.187852E+01 -.149687E+01 0.214593E+02
 0.220232E+01 -.342619E+01 -.187155E+01 -.150822E+01 0.216730E+02
 0.220328E+01 -.343454E+01 -.189205E+01 -.150781E+01 0.212449E+02
 0.234467E+01 -.344668E+01 -.188057E+01 -.145818E+01 0.230609E+02
 0.220314E+01 -.343823E+01 -.188321E+01 -.150600E+01 0.212453E+02
 0.220000E+01 -.343575E+01 -.186840E+01 -.149522E+01 0.218252E+02
 0.220026E+01 -.343496E+01 -.188728E+01 -.150876E+01 0.212218E+02
 0.220000E+01 -.343571E+01 -.188556E+01 -.148516E+01 0.214812E+02
 0.220319E+01 -.343604E+01 -.188705E+01 -.150784E+01 0.212168E+02
 0.220236E+01 -.342846E+01 -.194216E+01 -.151691E+01 0.245923E+02
 0.220651E+01 -.343750E+01 -.188578E+01 -.150817E+01 0.212246E+02
 0.220331E+01 -.347211E+01 -.187896E+01 -.151757E+01 0.238458E+02
 0.220432E+01 -.343298E+01 -.188689E+01 -.150832E+01 0.212423E+02
 0.221485E+01 -.343643E+01 -.188504E+01 -.153119E+01 0.214004E+02
 0.220332E+01 -.343653E+01 -.189488E+01 -.148972E+01 0.212645E+02
 0.220289E+01 -.343611E+01 -.188607E+01 -.150806E+01 0.212182E+02
 0.220303E+01 -.343568E+01 -.184798E+01 -.150152E+01 0.227881E+02
 0.220526E+01 -.343711E+01 -.188277E+01 -.152666E+01 0.213009E+02
 0.220243E+01 -.347588E+01 -.190079E+01 -.149742E+01 0.246064E+02
 0.221322E+01 -.343452E+01 -.188652E+01 -.150781E+01 0.212260E+02
 0.220000E+01 -.343624E+01 -.188604E+01 -.150837E+01 0.212186E+02
 0.220233E+01 -.343905E+01 -.188707E+01 -.150645E+01 0.212371E+02
 0.220195E+01 -.343554E+01 -.188666E+01 -.150845E+01 0.212198E+02
 0.220329E+01 -.343704E+01 -.188771E+01 -.151712E+01 0.212638E+02
 0.220066E+01 -.348393E+01 -.189884E+01 -.145506E+01 0.266046E+02
 0.220129E+01 -.343626E+01 -.188665E+01 -.150787E+01 0.212176E+02
 0.220328E+01 -.343624E+01 -.188741E+01 -.150814E+01 0.212172E+02
 0.220258E+01 -.341505E+01 -.190673E+01 -.150773E+01 0.224852E+02
 0.220337E+01 -.343628E+01 -.188660E+01 -.150917E+01 0.212173E+02
 0.220298E+01 -.343626E+01 -.188686E+01 -.150785E+01 0.212178E+02
 0.220511E+01 -.343628E+01 -.188656E+01 -.150817E+01 0.212176E+02
 0.220253E+01 -.343729E+01 -.188760E+01 -.150563E+01 0.212220E+02
 0.220138E+01 -.343632E+01 -.188718E+01 -.150801E+01 0.212187E+02
 0.244473E+01 -.343614E+01 -.191968E+01 -.149391E+01 0.217843E+02
 0.220117E+01 -.341197E+01 -.188232E+01 -.150971E+01 0.225971E+02
 0.220331E+01 -.343617E+01 -.188669E+01 -.150815E+01 0.212188E+02
 0.237456E+01 -.347672E+01 -.192429E+01 -.152184E+01 0.267936E+02
 0.220675E+01 -.343614E+01 -.188601E+01 -.162069E+01 0.253533E+02
 0.220323E+01 -.343629E+01 -.188678E+01 -.150814E+01 0.212168E+02
 0.220619E+01 -.345299E+01 -.188106E+01 -.151099E+01 0.218133E+02
 0.220425E+01 -.343598E+01 -.188707E+01 -.150823E+01 0.212176E+02
 0.220340E+01 -.343590E+01 -.188499E+01 -.150358E+01 0.212362E+02
 0.220320E+01 -.343716E+01 -.189139E+01 -.151500E+01 0.212934E+02
 0.220361E+01 -.342521E+01 -.191416E+01 -.153800E+01 0.232870E+02
 0.220155E+01 -.343724E+01 -.189931E+01 -.151193E+01 0.214244E+02
 0.220324E+01 -.343678E+01 -.188508E+01 -.150805E+01 0.212195E+02
 0.222704E+01 -.343848E+01 -.188519E+01 -.147199E+01 0.219002E+02
 0.220329E+01 -.343526E+01 -.188023E+01 -.153125E+01 0.213270E+02
 0.220334E+01 -.343262E+01 -.188186E+01 -.150818E+01 0.212697E+02
 0.220338E+01 -.343711E+01 -.188401E+01 -.150833E+01 0.212237E+02
 0.221638E+01 -.343912E+01 -.190222E+01 -.150522E+01 0.214180E+02
 0.220932E+01 -.343983E+01 -.191507E+01 -.151235E+01 0.221223E+02
 0.220344E+01 -.343587E+01 -.188816E+01 -.149602E+01 0.212633E+02
 0.220300E+01 -.343593E+01 -.188685E+01 -.150809E+01 0.212190E+02
 0.220330E+01 -.343598E+01 -.187816E+01 -.150738E+01 0.212877E+02
 0.220297E+01 -.343569E+01 -.188618E+01 -.150912E+01 0.212197E+02
 0.220635E+01 -.342789E+01 -.188598E+01 -.150853E+01 0.213731E+02
 0.220447E+01 -.343752E+01 -.188623E+01 -.150497E+01 0.212262E+02
 0.220320E+01 -.343626E+01 -.188658E+01 -.150809E+01 0.212170E+02
 0.220319E+01 -.343626E+01 -.188648E+01 -.150817E+01 0.212168E+02
 0.220256E+01 -.343610E+01 -.188671E+01 -.150700E+01 0.212192E+02
 0.220304E+01 -.343632E+01 -.188654E+01 -.150903E+01 0.212192E+02
 0.224777E+01 -.342102E+01 -.193022E+01 -.147812E+01 0.222692E+02
 0.220597E+01 -.343634E+01 -.188288E+01 -.150094E+01 0.212835E+02
 0.223917E+01 -.342558E+01 -.188649E+01 -.150887E+01 0.214806E+02
 0.220506E+01 -.343712E+01 -.188493E+01 -.150666E+01 0.212249E+02
 0.245400E+01 -.344355E+01 -.190175E+01 -.154645E+01 0.227386E+02
 0.220614E+01 -.344041E+01 -.188663E+01 -.150492E+01 0.212624E+02
 0.220425E+01 -.343661E+01 -.186925E+01 -.144195E+01 0.249246E+02
 0.220244E+01 -.343662E+01 -.188517E+01 -.150173E+01 0.212454E+02
 0.220329E+01 -.343632E+01 -.188072E+01 -.150843E+01 0.212460E+02
 0.220352E+01 -.343957E+01 -.188486E+01 -.163298E+01 0.260919E+02
 0.231578E+01 -.343514E+01 -.188729E+01 -.145994E+01 0.223507E+02
 0.220181E+01 -.343714E+01 -.188662E+01 -.151110E+01 0.212249E+02
 0.220317E+01 -.343734E+01 -.188675E+01 -.150818E+01 0.212195E+02
 0.220302E+01 -.349770E+01 -.189344E+01 -.150979E+01 0.288162E+02
 0.220310E+01 -.343690E+01 -.188544E+01 -.150775E+01 0.212213E+02
 0.220286E+01 -.344391E+01 -.188323E+01 -.150312E+01 0.213776E+02
 0.220210E+01 -.343614E+01 -.188711E+01 -.151603E+01 0.212481E+02
 0.220437E+01 -.343622E+01 -.188690E+01 -.150814E+01 0.212192E+02
 0.220333E+01 -.343628E+01 -.188871E+01 -.151400E+01 0.212481E+02
 0.220539E+01 -.343661E+01 -.188694E+01 -.151452E+01 0.212373E+02
 0.220587E+01 -.343611E+01 -.188559E+01 -.150943E+01 0.212181E+02
 0.221400E+01 -.343724E+01 -.189286E+01 -.163077E+01 0.268368E+02
 0.221327E+01 -.343655E+01 -.188669E+01 -.150849E+01 0.212198E+02
 0.220907E+01 -.343614E+01 -.188665E+01 -.151759E+01 0.212555E+02
 0.220648E+01 -.341830E+01 -.181589E+01 -.150636E+01 0.265648E+02
 0.220311E+01 -.343854E+01 -.188615E+01 -.151326E+01 0.212402E+02
 0.220312E+01 -.343660E+01 -.188647E+01 -.150541E+01 0.212205E+02
 0.220000E+01 -.343606E+01 -.188622E+01 -.150692E+01 0.212182E+02
 0.233680E+01 -.342265E+01 -.194195E+01 -.143520E+01 0.222264E+02
 0.220314E+01 -.343631E+01 -.188056E+01 -.148471E+01 0.216475E+02
 0.220357E+01 -.343599E+01 -.188639E+01 -.150815E+01 0.212171E+02
 0.220369E+01 -.343683E+01 -.188666E+01 -.150701E+01 0.212181E+02
 0.220519E+01 -.343860E+01 -.188746E+01 -.150266E+01 0.212400E+02
 0.220386E+01 -.343615E+01 -.188665E+01 -.150696E+01 0.212175E+02
 0.228305E+01 -.343560E+01 -.188747E+01 -.150694E+01 0.212407E+02
 0.221394E+01 -.346505E+01 -.184417E+01 -.151388E+01 0.240228E+02
 0.220000E+01 -.343590E+01 -.187283E+01 -.153242E+01 0.212875E+02
 0.220268E+01 -.343576E+01 -.188813E+01 -.151532E+01 0.212529E+02
 0.222381E+01 -.344038E+01 -.189601E+01 -.151107E+01 0.213756E+02
 0.220000E+01 -.343615E+01 -.188694E+01 -.150900E+01 0.212191E+02
 0.220118E+01 -.343953E+01 -.188637E+01 -.150832E+01 0.212419E+02
 0.221117E+01 -.343614E+01 -.189066E+01 -.151454E+01 0.212761E+02
 0.228520E+01 -.343520E+01 -.188548E+01 -.146076E+01 0.223903E+02
 0.220691E+01 -.342086E+01 -.188770E+01 -.149745E+01 0.217907E+02
 0.222518E+01 -.343492E+01 -.188976E+01 -.151988E+01 0.213279E+02
 0.220263E+01 -.343614E+01 -.188652E+01 -.150808E+01 0.212187E+02
 0.220372E+01 -.343609E+01 -.188661E+01 -.150812E+01 0.212170E+02
 0.223594E+01 -.344287E+01 -.190035E+01 -.150787E+01 0.214975E+02
 0.220317E+01 -.343602E+01 -.189043E+01 -.150858E+01 0.212309E+02
 0.220281E+01 -.343632E+01 -.188633E+01 -.150825E+01 0.212190E+02
 0.229725E+01 -.343823E+01 -.188582E+01 -.150826E+01 0.212539E+02
 0.220691E+01 -.343327E+01 -.185739E+01 -.152133E+01 0.216804E+02
 0.224325E+01 -.343530E+01 -.188483E+01 -.151099E+01 0.212308E+02
 0.220091E+01 -.343627E+01 -.188311E+01 -.150972E+01 0.212245E+02
 0.220188E+01 -.343597E+01 -.189196E+01 -.150865E+01 0.212473E+02
 0.220339E+01 -.344599E+01 -.188700E+01 -.150756E+01 0.214256E+02
 0.220306E+01 -.343470E+01 -.188335E+01 -.150792E+01 0.212352E+02
 0.220242E+01 -.343837E+01 -.186804E+01 -.149366E+01 0.218897E+02
 0.220293E+01 -.343544E+01 -.188656E+01 -.150823E+01 0.212201E+02
 0.220306E+01 -.344616E+01 -.188709E+01 -.150784E+01 0.214330E+02
 0.220161E+01 -.343626E+01 -.188846E+01 -.148829E+01 0.213563E+02
 0.220291E+01 -.343613E+01 -.190576E+01 -.150732E+01 0.215293E+02
 0.220142E+01 -.344434E+01 -.188925E+01 -.151476E+01 0.214116E+02
 0.221357E+01 -.343126E+01 -.187332E+01 -.150784E+01 0.214493E+02
 0.220311E+01 -.343864E+01 -.189743E+01 -.150805E+01 0.213408E+02
 0.232285E+01 -.344320E+01 -.190889E+01 -.158332E+01 0.254657E+02
 0.220319E+01 -.344491E+01 -.188963E+01 -.150838E+01 0.213973E+02
 0.221894E+01 -.343907E+01 -.189042E+01 -.149943E+01 0.212524E+02
 0.220209E+01 -.343388E+01 -.189609E+01 -.151551E+01 0.214015E+02
 0.220394E+01 -.343616E+01 -.188467E+01 -.148866E+01 0.214292E+02
 0.220333E+01 -.343625E+01 -.188731E+01 -.150790E+01 0.212170E+02
 0.220378E+01 -.343328E+01 -.180900E+01 -.153797E+01 0.244793E+02
 0.220232E+01 -.343698E+01 -.188521E+01 -.150816E+01 0.212217E+02
 0.220333E+01 -.343227E+01 -.187251E+01 -.151554E+01 0.213545E+02
 0.220638E+01 -.343241E+01 -.188872E+01 -.150846E+01 0.212552E+02
 0.222617E+01 -.343609E+01 -.188509E+01 -.156191E+01 0.222297E+02
 0.220323E+01 -.343263E+01 -.189056E+01 -.147675E+01 0.215770E+02
 0.220259E+01 -.343657E+01 -.188694E+01 -.150799E+01 0.212180E+02
 0.220283E+01 -.343559E+01 -.188717E+01 -.156704E+01 0.225507E+02
 0.220326E+01 -.343552E+01 -.186073E+01 -.150136E+01 0.220049E+02
 0.220000E+01 -.343594E+01 -.188622E+01 -.153108E+01 0.214231E+02
 0.220674E+01 -.344720E+01 -.189775E+01 -.151533E+01 0.217244E+02
 0.220540E+01 -.343499E+01 -.188662E+01 -.150782E+01 0.212209E+02
 0.220790E+01 -.343622E+01 -.188618E+01 -.150819E+01 0.212211E+02
 0.220075E+01 -.343642E+01 -.188682E+01 -.150985E+01 0.212203E+02
 0.220076E+01 -.343651E+01 -.188668E+01 -.150778E+01 0.212186E+02
 0.220649E+01 -.343634E+01 -.188734E+01 -.150249E+01 0.212296E+02
 0.220223E+01 -.343625E+01 -.188670E+01 -.150799E+01 0.212176E+02
 0.220328E+01 -.343641E+01 -.188684E+01 -.150645E+01 0.212177E+02
 0.220272E+01 -.340591E+01 -.195215E+01 -.150789E+01 0.267439E+02
 0.220314E+01 -.343629E+01 -.188658E+01 -.150873E+01 0.212187E+02
 0.220300E+01 -.343627E+01 -.188679E+01 -.150789E+01 0.212188E+02
 0.220325E+01 -.343623E+01 -.188662E+01 -.150806E+01 0.212169E+02
 0.220338E+01 -.343858E+01 -.189063E+01 -.150877E+01 0.212477E+02
 0.220280E+01 -.343626E+01 -.188741E+01 -.150802E+01 0.212193E+02
 0.225381E+01 -.343597E+01 -.186389E+01 -.149897E+01 0.219464E+02
 0.220453E+01 -.343891E+01 -.188324E+01 -.151120E+01 0.212351E+02
 0.220534E+01 -.343762E+01 -.190655E+01 -.151571E+01 0.217662E+02
 0.220329E+01 -.343623E+01 -.188669E+01 -.150784E+01 0.212169E+02
 0.220000E+01 -.343008E+01 -.189981E+01 -.138625E+01 0.279640E+02
 0.220313E+01 -.343605E+01 -.188644E+01 -.150983E+01 0.212178E+02
 0.220321E+01 -.343629E+01 -.188649E+01 -.150812E+01 0.212169E+02
 0.220347E+01 -.342576E+01 -.188063E+01 -.150997E+01 0.214970E+02
 0.220243E+01 -.343654E+01 -.188752E+01 -.150839E+01 0.212204E+02
 0.220300E+01 -.343523E+01 -.189071E+01 -.150686E+01 0.212300E+02
 0.220365E+01 -.343775E+01 -.188148E+01 -.151318E+01 0.212283E+02
 0.220322E+01 -.342482E+01 -.189193E+01 -.155720E+01 0.226779E+02
 0.220000E+01 -.343677E+01 -.190216E+01 -.150837E+01 0.214393E+02
 0.220323E+01 -.343648E+01 -.188037E+01 -.150760E+01 0.212549E+02
 0.224461E+01 -.343463E+01 -.188262E+01 -.153228E+01 0.213854E+02
 0.220327E+01 -.343509E+01 -.188449E+01 -.152385E+01 0.212920E+02
 0.220326E+01 -.343619E+01 -.188632E+01 -.150815E+01 0.212170E+02
 0.220325E+01 -.342605E+01 -.188644E+01 -.150878E+01 0.214487E+02
 0.220362E+01 -.344291E+01 -.188201E+01 -.151027E+01 0.213183E+02
 0.220281E+01 -.344490E+01 -.186336E+01 -.151055E+01 0.217526E+02
 0.220332E+01 -.343668E+01 -.189030E+01 -.151308E+01 0.212586E+02
 0.220285E+01 -.343597E+01 -.188684E+01 -.150811E+01 0.212179E+02
 0.221248E+01 -.342863E+01 -.188764E+01 -.150804E+01 0.213461E+02
 0.220271E+01 -.343581E+01 -.188314E+01 -.150785E+01 0.212309E+02
 0.220231E+01 -.343485E+01 -.188617E+01 -.150881E+01 0.212232E+02
 0.221473E+01 -.343910E+01 -.189101E+01 -.150834E+01 0.212577E+02
 0.220573E+01 -.343609E+01 -.188661E+01 -.150979E+01 0.212221E+02
 0.220319E+01 -.343626E+01 -.188660E+01 -.150801E+01 0.212170E+02
 0.220319E+01 -.343626E+01 -.188649E+01 -.150817E+01 0.212170E+02
 0.228531E+01 -.344832E+01 -.186460E+01 -.150334E+01 0.220578E+02
 0.220171E+01 -.343621E+01 -.188660E+01 -.150764E+01 0.212189E+02
 0.220300E+01 -.343629E+01 -.188661E+01 -.150979E+01 0.212202E+02
 0.221528E+01 -.344021E+01 -.187397E+01 -.146227E+01 0.230053E+02
 0.220411E+01 -.343626E+01 -.188250E+01 -.150160E+01 0.212788E+02
 0.220000E+01 -.343810E+01 -.188636E+01 -.150793E+01 0.212261E+02
 0.220407E+01 -.343929E+01 -.188495E+01 -.150996E+01 0.212374E+02
 0.220000E+01 -.344210E+01 -.188037E+01 -.159933E+01 0.236953E+02
 0.221226E+01 -.343594E+01 -.197362E+01 -.150906E+01 0.282452E+02
 0.220379E+01 -.344082E+01 -.188508E+01 -.150513E+01 0.212714E+02
 0.220173E+01 -.343827E+01 -.188607E+01 -.140733E+01 0.267680E+02
 0.220030E+01 -.343726E+01 -.189112E+01 -.146742E+01 0.218099E+02
 0.220252E+01 -.343632E+01 -.188602E+01 -.150855E+01 0.212179E+02
 0.220312E+01 -.343344E+01 -.189395E+01 -.148932E+01 0.212875E+02
 0.220336E+01 -.343864E+01 -.188684E+01 -.150645E+01 0.212302E+02
 0.220316E+01 -.343706E+01 -.188686E+01 -.150806E+01 0.212182E+02
 0.220298E+01 -.347195E+01 -.187169E+01 -.150867E+01 0.239297E+02
 0.220313E+01 -.343664E+01 -.187030E+01 -.150793E+01 0.214526E+02
 0.220448E+01 -.345848E+01 -.187986E+01 -.151267E+01 0.222514E+02
 0.220210E+01 -.343622E+01 -.189450E+01 -.150328E+01 0.212432E+02
 0.220415E+01 -.343641E+01 -.188701E+01 -.150836E+01 0.212194E+02
 0.220332E+01 -.343340E+01 -.189228E+01 -.152130E+01 0.214068E+02
 0.220000E+01 -.343656E+01 -.188803E+01 -.149598E+01 0.212648E+02
 0.220356E+01 -.343617E+01 -.188651E+01 -.150958E+01 0.212178E+02
 0.221817E+01 -.343667E+01 -.191449E+01 -.152848E+01 0.226674E+02
 0.221413E+01 -.343680E+01 -.188673E+01 -.150854E+01 0.212203E+02
 0.220521E+01 -.343611E+01 -.188664E+01 -.150536E+01 0.212206E+02
 0.220338E+01 -.338632E+01 -.191266E+01 -.150723E+01 0.274177E+02
 0.241230E+01 -.343935E+01 -.187505E+01 -.146502E+01 0.228603E+02
 0.220276E+01 -.343616E+01 -.188731E+01 -.150564E+01 0.212197E+02
 0.220319E+01 -.343557E+01 -.188668E+01 -.150840E+01 0.212198E+02
 0.220378E+01 -.343606E+01 -.188775E+01 -.150633E+01 0.212173E+02
 0.220242E+01 -.343596E+01 -.187838E+01 -.151375E+01 0.212441E+02
 0.220247E+01 -.343699E+01 -.188652E+01 -.150812E+01 0.212201E+02
 0.220427E+01 -.343556E+01 -.188674E+01 -.151002E+01 0.212200E+02
 0.220604E+01 -.343696E+01 -.188829E+01 -.151118E+01 0.212338E+02
 0.220372E+01 -.343631E+01 -.188664E+01 -.150815E+01 0.212170E+02
 0.225164E+01 -.343556E+01 -.188140E+01 -.150583E+01 0.212763E+02
 0.221184E+01 -.343668E+01 -.188161E+01 -.151442E+01 0.212271E+02
 0.220292E+01 -.343488E+01 -.188759E+01 -.151222E+01 0.212350E+02
 0.220554E+01 -.342203E+01 -.189029E+01 -.150032E+01 0.216697E+02
 0.220551E+01 -.343641E+01 -.188748E+01 -.150850E+01 0.212187E+02
 0.220257E+01 -.344642E+01 -.188652E+01 -.150835E+01 0.214420E+02
 0.220000E+01 -.343871E+01 -.188202E+01 -.150589E+01 0.212601E+02
 0.221926E+01 -.344099E+01 -.188723E+01 -.148113E+01 0.215817E+02
 0.224496E+01 -.343438E+01 -.188787E+01 -.151261E+01 0.212489E+02
 0.220171E+01 -.343609E+01 -.188741E+01 -.150814E+01 0.212194E+02
 0.220337E+01 -.343627E+01 -.188661E+01 -.150812E+01 0.212170E+02
 0.220984E+01 -.343804E+01 -.195180E+01 -.150792E+01 0.250937E+02
 0.220307E+01 -.343608E+01 -.189323E+01 -.150843E+01 0.212569E+02
 0.220378E+01 -.342657E+01 -.195083E+01 -.154683E+01 0.281847E+02
 0.220381E+01 -.343820E+01 -.188654E+01 -.150964E+01 0.212264E+02
 0.229224E+01 -.345547E+01 -.188532E+01 -.150828E+01 0.220291E+02
 0.220274E+01 -.343206E+01 -.193836E+01 -.150018E+01 0.232023E+02
 0.221846E+01 -.343688E+01 -.188499E+01 -.151261E+01 0.212268E+02
 0.220118E+01 -.343630E+01 -.187108E+01 -.150261E+01 0.215312E+02
 0.220369E+01 -.343655E+01 -.191403E+01 -.150892E+01 0.219118E+02
 0.220284E+01 -.344195E+01 -.188903E+01 -.150774E+01 0.212963E+02
 0.220415E+01 -.343479E+01 -.188802E+01 -.150854E+01 0.212236E+02
 0.220253E+01 -.343766E+01 -.191779E+01 -.150926E+01 0.221433E+02
 0.220299E+01 -.343572E+01 -.188650E+01 -.150825E+01 0.212194E+02
 0.220313E+01 -.345011E+01 -.188678E+01 -.150088E+01 0.216498E+02
 0.220266E+01 -.343627E+01 -.188817E+01 -.150053E+01 0.212325E+02
 0.220352E+01 -.343596E+01 -.189009E+01 -.150762E+01 0.212255E+02
 0.220249E+01 -.344106E+01 -.188339E+01 -.152818E+01 0.213775E+02
 0.221365E+01 -.343730E+01 -.189184E+01 -.150755E+01 0.212428E+02
 0.220304E+01 -.343606E+01 -.188131E+01 -.150831E+01 0.212423E+02
 0.224612E+01 -.344318E+01 -.190319E+01 -.158082E+01 0.246905E+02
 0.220332E+01 -.343882E+01 -.189036E+01 -.151313E+01 0.212762E+02
 0.223002E+01 -.344140E+01 -.190543E+01 -.150331E+01 0.215248E+02
 0.220384E+01 -.343575E+01 -.188173E+01 -.151271E+01 0.212270E+02
 0.220222E+01 -.343617E+01 -.188401E+01 -.153612E+01 0.214677E+02
 0.220336E+01 -.343619E+01 -.188659E+01 -.150792E+01 0.212170E+02
 0.220161E+01 -.343741E+01 -.192287E+01 -.152265E+01 0.230540E+02
 0.220294E+01 -.343525E+01 -.188644E+01 -.150816E+01 0.212209E+02
 0.220354E+01 -.340735E+01 -.187982E+01 -.151116E+01 0.232094E+02
 0.220774E+01 -.343818E+01 -.188771E+01 -.150840E+01 0.212293E+02
 0.220000E+01 -.343612E+01 -.188472E+01 -.155236E+01 0.218925E+02
 0.220274E+01 -.343311E+01 -.189145E+01 -.151958E+01 0.213664E+02
 0.220288E+01 -.343648E+01 -.188755E+01 -.150797E+01 0.212197E+02
 0.220335E+01 -.343899E+01 -.191418E+01 -.151257E+01 0.220687E+02
 0.220418E+01 -.343663E+01 -.188285E+01 -.149992E+01 0.212913E+02
 0.220332E+01 -.341064E+01 -.189433E+01 -.150718E+01 0.227156E+02
 0.245472E+01 -.344116E+01 -.182027E+01 -.149726E+01 0.258826E+02
 0.220000E+01 -.343561E+01 -.188675E+01 -.150850E+01 0.212189E+02
 0.220853E+01 -.343623E+01 -.188719E+01 -.150804E+01 0.212182E+02
 0.220476E+01 -.343420E+01 -.188676E+01 -.151063E+01 0.212292E+02
 0.220096E+01 -.343676E+01 -.188665E+01 -.150778E+01 0.212188E+02
 0.220435E+01 -.343591E+01 -.188704E+01 -.150160E+01 0.212329E+02
 0.220713E+01 -.339125E+01 -.190985E+01 -.146008E+01 0.261648E+02
 0.220525E+01 -.343626E+01 -.188664E+01 -.150811E+01 0.212174E+02
 0.220311E+01 -.343629E+01 -.188690E+01 -.150783E+01 0.212178E+02
 0.220272E+01 -.341846E+01 -.190866E+01 -.150813E+01 0.222682E+02
 0.220298E+01 -.343628E+01 -.188665E+01 -.150692E+01 0.212193E+02
 0.220350E+01 -.343626E+01 -.188668E+01 -.150846E+01 0.212170E+02
 0.220193E+01 -.343625E+01 -.188692E+01 -.150816E+01 0.212188E+02
 0.220271E+01 -.343585E+01 -.188806E+01 -.150685E+01 0.212195E+02
 0.220508E+01 -.343632E+01 -.188690E+01 -.150832E+01 0.212175E+02
 0.220000E+01 -.343638E+01 -.186905E+01 -.150501E+01 0.215475E+02
 0.220755E+01 -.345510E+01 -.188510E+01 -.150813E+01 0.219741E+02
 0.220328E+01 -.343631E+01 -.188668E+01 -.150786E+01 0.212188E+02
 0.251407E+01 -.340605E+01 -.189845E+01 -.146810E+01 0.236762E+02
 0.220044E+01 -.343623E+01 -.188707E+01 -.142303E+01 0.249361E+02
 0.220319E+01 -.343626E+01 -.188639E+01 -.150825E+01 0.212170E+02
 0.220364E+01 -.342695E+01 -.188818E+01 -.151125E+01 0.214160E+02
 0.220257E+01 -.343671E+01 -.188678E+01 -.150830E+01 0.212194E+02
 0.220130E+01 -.343576E+01 -.189396E+01 -.150760E+01 0.212612E+02
 0.220381E+01 -.343659E+01 -.187999E+01 -.151102E+01 0.212398E+02
 0.220936E+01 -.343182E+01 -.187637E+01 -.150563E+01 0.213961E+02
 0.220325E+01 -.343629E+01 -.188386E+01 -.150714E+01 0.212269E+02
 0.220316E+01 -.343527E+01 -.189868E+01 -.154976E+01 0.225270E+02
 0.220329E+01 -.343648E+01 -.188698E+01 -.148751E+01 0.213981E+02
 0.220544E+01 -.341370E+01 -.188648E+01 -.151245E+01 0.223789E+02
 0.220312E+01 -.343897E+01 -.189010E+01 -.150814E+01 0.212484E+02
 0.220318E+01 -.342543E+01 -.188676E+01 -.150796E+01 0.214776E+02
 0.220000E+01 -.342784E+01 -.186851E+01 -.151282E+01 0.216151E+02
 0.220000E+01 -.343803E+01 -.185119E+01 -.150767E+01 0.223095E+02
 0.220298E+01 -.343677E+01 -.187869E+01 -.152224E+01 0.212423E+02
 0.220369E+01 -.343645E+01 -.188657E+01 -.150817E+01 0.212172E+02
 0.220176E+01 -.345204E+01 -.190041E+01 -.140048E+01 0.264847E+02
 0.220267E+01 -.343674E+01 -.188794E+01 -.150881E+01 0.212223E+02
 0.220333E+01 -.343473E+01 -.188633E+01 -.150839E+01 0.212219E+02
 0.221516E+01 -.344543E+01 -.188238E+01 -.150832E+01 0.214095E+02
 0.220454E+01 -.343485E+01 -.188719E+01 -.150585E+01 0.212225E+02
 0.220320E+01 -.343626E+01 -.188660E+01 -.150811E+01 0.212167E+02
 0.220320E+01 -.343626E+01 -.188663E+01 -.150818E+01 0.212169E+02
 0.221418E+01 -.348604E+01 -.187112E+01 -.150233E+01 0.263692E+02
 0.220315E+01 -.343634E+01 -.188653E+01 -.150973E+01 0.212177E+02
 0.220356E+01 -.343626E+01 -.188676E+01 -.150969E+01 0.212181E+02
 0.230211E+01 -.344504E+01 -.184272E+01 -.151586E+01 0.227095E+02
 0.220319E+01 -.343647E+01 -.188750E+01 -.151419E+01 0.212386E+02
 0.221882E+01 -.344499E+01 -.188629E+01 -.150746E+01 0.213897E+02
 0.220247E+01 -.343620E+01 -.188668E+01 -.151039E+01 0.212213E+02
 0.239097E+01 -.343267E+01 -.186589E+01 -.159734E+01 0.227127E+02
 0.220152E+01 -.343127E+01 -.188431E+01 -.150754E+01 0.212805E+02
 0.220042E+01 -.343987E+01 -.189455E+01 -.154231E+01 0.220524E+02
 0.220336E+01 -.343667E+01 -.189268E+01 -.151671E+01 0.213348E+02
 0.220210E+01 -.343628E+01 -.189049E+01 -.150843E+01 0.212332E+02
 0.220283E+01 -.343264E+01 -.189707E+01 -.139055E+01 0.276502E+02
 0.220000E+01 -.343298E+01 -.187535E+01 -.152872E+01 0.212982E+02
 0.220496E+01 -.343450E+01 -.188676E+01 -.150795E+01 0.212240E+02
 0.220323E+01 -.343514E+01 -.188685E+01 -.150846E+01 0.212195E+02
 0.220000E+01 -.343095E+01 -.188626E+01 -.145760E+01 0.225297E+02
 0.220313E+01 -.339861E+01 -.187856E+01 -.150958E+01 0.246500E+02
 0.220324E+01 -.343620E+01 -.187575E+01 -.150824E+01 0.213199E+02
 0.220514E+01 -.340505E+01 -.188265E+01 -.151449E+01 0.234956E+02
 0.220390E+01 -.343621E+01 -.188324E+01 -.150032E+01 0.212812E+02
 0.220361E+01 -.343643E+01 -.188669E+01 -.150730E+01 0.212171E+02
 0.220314E+01 -.343791E+01 -.189073E+01 -.150812E+01 0.212421E+02
 0.220935E+01 -.343709E+01 -.188769E+01 -.150980E+01 0.212242E+02
 0.220342E+01 -.343631E+01 -.188681E+01 -.150919E+01 0.212176E+02
 0.221211E+01 -.343644E+01 -.185586E+01 -.143623E+01 0.270804E+02
 0.220000E+01 -.343682E+01 -.188659E+01 -.150829E+01 0.212190E+02
 0.220245E+01 -.343624E+01 -.188659E+01 -.149961E+01 0.212492E+02
 0.220256E+01 -.343441E+01 -.188738E+01 -.150320E+01 0.212322E+02
 0.220320E+01 -.343530E+01 -.188685E+01 -.151020E+01 0.212210E+02
 0.220666E+01 -.343614E+01 -.188737E+01 -.150594E+01 0.212212E+02
 0.220812E+01 -.343596E+01 -.189346E+01 -.153514E+01 0.217441E+02
 0.220198E+01 -.343617E+01 -.188666E+01 -.150811E+01 0.212189E+02
 0.220443E+01 -.343574E+01 -.188671E+01 -.150574E+01 0.212199E+02
 0.220367E+01 -.343436E+01 -.188651E+01 -.150866E+01 0.212248E+02
 0.220311E+01 -.343640E+01 -.188664E+01 -.150908E+01 0.212195E+02
 0.220000E+01 -.343580E+01 -.188577E+01 -.150580E+01 0.212233E+02
 0.222062E+01 -.343690E+01 -.189266E+01 -.149804E+01 0.212366E+02
 0.220289E+01 -.343734E+01 -.188609E+01 -.150557E+01 0.212254E+02
 0.221969E+01 -.343628E+01 -.188605E+01 -.148553E+01 0.214659E+02
 0.220434E+01 -.343654E+01 -.188545E+01 -.150825E+01 0.212184E+02
 0.220377E+01 -.342834E+01 -.188637E+01 -.150805E+01 0.213580E+02
 0.222123E+01 -.343788E+01 -.188247E+01 -.150283E+01 0.212790E+02
 0.225954E+01 -.343850E+01 -.188857E+01 -.153288E+01 0.215378E+02
 0.220000E+01 -.344668E+01 -.189023E+01 -.151728E+01 0.215475E+02
 0.222927E+01 -.343868E+01 -.188631E+01 -.149670E+01 0.212997E+02
 0.220183E+01 -.343621E+01 -.188548E+01 -.150926E+01 0.212193E+02
 0.220287E+01 -.343632E+01 -.188659E+01 -.150820E+01 0.212190E+02
 0.222658E+01 -.343344E+01 -.187469E+01 -.150894E+01 0.213681E+02
 0.220325E+01 -.343637E+01 -.188284E+01 -.150832E+01 0.212290E+02
 0.220000E+01 -.343486E+01 -.193644E+01 -.150709E+01 0.233978E+02
 0.220325E+01 -.343564E+01 -.187241E+01 -.154249E+01 0.213814E+02
 0.220342E+01 -.343828E+01 -.188668E+01 -.150956E+01 0.212271E+02
 0.223054E+01 -.344641E+01 -.188555E+01 -.150819E+01 0.214471E+02
 0.220000E+01 -.343205E+01 -.188119E+01 -.149536E+01 0.214326E+02
 0.220000E+01 -.343790E+01 -.188727E+01 -.150952E+01 0.212271E+02
 0.220214E+01 -.343629E+01 -.188878E+01 -.150549E+01 0.212185E+02
 0.220532E+01 -.343686E+01 -.188394E+01 -.150866E+01 0.212231E+02
 0.220286E+01 -.343082E+01 -.188923E+01 -.150805E+01 0.212856E+02
 0.220340E+01 -.343752E+01 -.188892E+01 -.150907E+01 0.212285E+02
 0.220299E+01 -.343654E+01 -.191257E+01 -.151384E+01 0.219927E+02
 0.220340E+01 -.343688E+01 -.188666E+01 -.150816E+01 0.212177E+02
 0.220334E+01 -.343574E+01 -.188698E+01 -.150513E+01 0.212201E+02
 0.220235E+01 -.343626E+01 -.188974E+01 -.151177E+01 0.212450E+02
 0.220402E+01 -.343702E+01 -.186988E+01 -.150904E+01 0.214463E+02
 0.220282E+01 -.343383E+01 -.187976E+01 -.151226E+01 0.212543E+02
 0.221284E+01 -.344140E+01 -.190083E+01 -.150800E+01 0.214677E+02
 0.220314E+01 -.343410E+01 -.187404E+01 -.150848E+01 0.213684E+02
 0.220000E+01 -.344302E+01 -.188037E+01 -.144013E+01 0.241006E+02
 0.220335E+01 -.343396E+01 -.188786E+01 -.150702E+01 0.212281E+02
 0.220642E+01 -.343957E+01 -.188467E+01 -.150324E+01 0.212661E+02
 0.220287E+01 -.343688E+01 -.187834E+01 -.150328E+01 0.213290E+02
 0.220117E+01 -.343585E+01 -.188568E+01 -.152193E+01 0.212865E+02
 0.220332E+01 -.343599E+01 -.188610E+01 -.150795E+01 0.212174E+02
 0.220054E+01 -.343852E+01 -.196861E+01 -.147580E+01 0.248874E+02
 0.220655E+01 -.343462E+01 -.188704E+01 -.150811E+01 0.212262E+02
 0.220410E+01 -.342284E+01 -.189151E+01 -.150838E+01 0.216254E+02
 0.220458E+01 -.343830E+01 -.188593E+01 -.150800E+01 0.212268E+02
 0.221303E+01 -.343623E+01 -.188074E+01 -.150917E+01 0.212453E+02
 0.220248E+01 -.343820E+01 -.188677E+01 -.152457E+01 0.213442E+02
 0.220351E+01 -.343612E+01 -.188729E+01 -.150821E+01 0.212173E+02
 0.221026E+01 -.343598E+01 -.182532E+01 -.147644E+01 0.268700E+02
 0.220314E+01 -.343844E+01 -.189794E+01 -.151748E+01 0.214977E+02
 0.221114E+01 -.343729E+01 -.187894E+01 -.150295E+01 0.213260E+02
 0.220081E+01 -.345644E+01 -.189459E+01 -.150221E+01 0.221351E+02
 0.220570E+01 -.343820E+01 -.188673E+01 -.150863E+01 0.212298E+02
 0.220029E+01 -.343622E+01 -.188694E+01 -.150871E+01 0.212188E+02
 0.220623E+01 -.343394E+01 -.188664E+01 -.150827E+01 0.212319E+02
 0.220329E+01 -.343672E+01 -.188653E+01 -.150804E+01 0.212175E+02
 0.220175E+01 -.343650E+01 -.188644E+01 -.151068E+01 0.212215E+02
 0.220599E+01 -.343626E+01 -.188648E+01 -.150797E+01 0.212177E+02
 0.220305E+01 -.343616E+01 -.188698E+01 -.150885E+01 0.212196E+02
 0.220311E+01 -.344066E+01 -.186267E+01 -.150831E+01 0.217309E+02
 0.220302E+01 -.343623E+01 -.188669E+01 -.150749E+01 0.212189E+02
 0.220357E+01 -.343627E+01 -.188673E+01 -.150814E+01 0.212189E+02
 0.220340E+01 -.343628E+01 -.188682E+01 -.150832E+01 0.212169E+02
 0.220230E+01 -.343434E+01 -.188405E+01 -.150662E+01 0.212384E+02
 0.220630E+01 -.343631E+01 -.188602E+01 -.150859E+01 0.212207E+02
 0.240985E+01 -.343647E+01 -.190444E+01 -.150868E+01 0.215293E+02
 0.220318E+01 -.343569E+01 -.188788E+01 -.150691E+01 0.212177E+02
 0.222484E+01 -.343312E+01 -.188084E+01 -.150592E+01 0.212967E+02
 0.220328E+01 -.343619E+01 -.188658E+01 -.150816E+01 0.212168E+02
 0.252253E+01 -.346040E+01 -.190621E+01 -.156341E+01 0.251622E+02
 0.220230E+01 -.343613E+01 -.188734E+01 -.149935E+01 0.212446E+02
 0.220326E+01 -.343624E+01 -.188647E+01 -.150819E+01 0.212170E+02
 0.220558E+01 -.344073E+01 -.189293E+01 -.151466E+01 0.213641E+02
 0.220296E+01 -.343591E+01 -.188552E+01 -.150800E+01 0.212202E+02
 0.220038E+01 -.343685E+01 -.189059E+01 -.150390E+01 0.212219E+02
 0.220374E+01 -.343629E+01 -.188401E+01 -.151172E+01 0.212190E+02
 0.220428E+01 -.344298E+01 -.189767E+01 -.146345E+01 0.218254E+02
 0.221229E+01 -.342984E+01 -.187659E+01 -.150504E+01 0.214524E+02
 0.220323E+01 -.343653E+01 -.188976E+01 -.150718E+01 0.212228E+02
 0.220000E+01 -.343827E+01 -.190364E+01 -.146840E+01 0.214786E+02
 0.220332E+01 -.343623E+01 -.188627E+01 -.150010E+01 0.212476E+02
 0.220311E+01 -.343493E+01 -.188836E+01 -.150811E+01 0.212225E+02
 0.220328E+01 -.343062E+01 -.188619E+01 -.150797E+01 0.212876E+02
 0.220944E+01 -.342353E+01 -.187932E+01 -.151261E+01 0.216220E+02
 0.220250E+01 -.343321E+01 -.190093E+01 -.150818E+01 0.214122E+02
 0.220294E+01 -.343623E+01 -.187380E+01 -.151200E+01 0.213182E+02
 0.220349E+01 -.343613E+01 -.188657E+01 -.150807E+01 0.212170E+02
 0.220000E+01 -.344057E+01 -.188417E+01 -.149506E+01 0.213672E+02
 0.220445E+01 -.343755E+01 -.188489E+01 -.150913E+01 0.212239E+02
 0.220362E+01 -.343804E+01 -.188630E+01 -.150825E+01 0.212240E+02
 0.221299E+01 -.344061E+01 -.187695E+01 -.150858E+01 0.213328E+02
 0.220189E+01 -.343615E+01 -.188649E+01 -.150414E+01 0.212256E+02
 0.220320E+01 -.343626E+01 -.188660E+01 -.150818E+01 0.212168E+02
 0.220320E+01 -.343626E+01 -.188677E+01 -.150812E+01 0.212168E+02
 0.220429E+01 -.343634E+01 -.188642E+01 -.150982E+01 0.212181E+02
 0.220369E+01 -.343631E+01 -.188698E+01 -.150720E+01 0.212170E+02
 0.232255E+01 -.343321E+01 -.182175E+01 -.152281E+01 0.240862E+02
 0.220317E+01 -.343643E+01 -.189185E+01 -.150540E+01 0.212289E+02
 0.220058E+01 -.344814E+01 -.188662E+01 -.150770E+01 0.215237E+02
 0.220200E+01 -.343410E+01 -.188735E+01 -.151036E+01 0.212302E+02
 0.230079E+01 -.343872E+01 -.188741E+01 -.149510E+01 0.213281E+02
 0.220601E+01 -.343601E+01 -.188384E+01 -.151021E+01 0.212209E+02
 0.220000E+01 -.344108E+01 -.186655E+01 -.159369E+01 0.225852E+02
 0.220527E+01 -.343603E+01 -.188897E+01 -.152978E+01 0.214645E+02
 0.220353E+01 -.343627E+01 -.188762E+01 -.150810E+01 0.212176E+02
 0.220320E+01 -.343717E+01 -.188717E+01 -.151768E+01 0.212643E+02
 0.220476E+01 -.343523E+01 -.188627E+01 -.151004E+01 0.212207E+02
 0.220325E+01 -.343663E+01 -.188644E+01 -.150865E+01 0.212172E+02
 0.220348E+01 -.341877E+01 -.201162E+01 -.141925E+01 0.263586E+02
 0.220283E+01 -.338854E+01 -.190888E+01 -.150921E+01 0.268273E+02
 0.220326E+01 -.343602E+01 -.188625E+01 -.150802E+01 0.212172E+02
 0.220444E+01 -.340198E+01 -.188365E+01 -.150192E+01 0.240226E+02
 0.220326E+01 -.343568E+01 -.187453E+01 -.150574E+01 0.213799E+02
 0.220261E+01 -.343642E+01 -.188636E+01 -.150707E+01 0.212197E+02
 0.220304E+01 -.344117E+01 -.188430E+01 -.149801E+01 0.213404E+02
 0.220901E+01 -.343629E+01 -.188704E+01 -.151798E+01 0.212599E+02
 0.220320E+01 -.343636E+01 -.188686E+01 -.150842E+01 0.212170E+02
 0.220391E+01 -.343771E+01 -.182658E+01 -.145845E+01 0.285565E+02
 0.221304E+01 -.343603E+01 -.188651E+01 -.150819E+01 0.212195E+02
 0.220242E+01 -.343643E+01 -.188655E+01 -.151211E+01 0.212257E+02
 0.220261E+01 -.343495E+01 -.183821E+01 -.151003E+01 0.231425E+02
 0.220000E+01 -.343573E+01 -.190022E+01 -.146549E+01 0.215942E+02
 0.220310E+01 -.343512E+01 -.188672E+01 -.150701E+01 0.212199E+02
 0.220320E+01 -.343622E+01 -.188698E+01 -.150837E+01 0.212170E+02
 0.220427E+01 -.343619E+01 -.188611E+01 -.150617E+01 0.212200E+02
 0.220000E+01 -.342331E+01 -.193014E+01 -.150843E+01 0.231753E+02
 0.220000E+01 -.344733E+01 -.191069E+01 -.150827E+01 0.220634E+02
 0.220606E+01 -.343625E+01 -.188549E+01 -.152799E+01 0.213568E+02
 0.220545E+01 -.343549E+01 -.188665E+01 -.150810E+01 0.212187E+02
 0.220267E+01 -.343671E+01 -.188665E+01 -.150517E+01 0.212225E+02
 0.220320E+01 -.343551E+01 -.188542E+01 -.150607E+01 0.212254E+02
 0.220337E+01 -.343621E+01 -.188663E+01 -.150868E+01 0.212170E+02
 0.223044E+01 -.343631E+01 -.188915E+01 -.150824E+01 0.212304E+02
 0.221619E+01 -.343645E+01 -.188105E+01 -.149086E+01 0.214843E+02
 0.220186E+01 -.343661E+01 -.188599E+01 -.150209E+01 0.212384E+02
 0.222642E+01 -.344959E+01 -.188603E+01 -.147618E+01 0.220809E+02
 0.220000E+01 -.343654E+01 -.188475E+01 -.150984E+01 0.212194E+02
 0.220086E+01 -.343015E+01 -.188628E+01 -.150790E+01 0.213003E+02
 0.222854E+01 -.343666E+01 -.188571E+01 -.150752E+01 0.212272E+02
 0.227210E+01 -.343559E+01 -.188919E+01 -.148597E+01 0.214074E+02
 0.220743E+01 -.348327E+01 -.188900E+01 -.150451E+01 0.257167E+02
 0.220795E+01 -.343933E+01 -.188833E+01 -.149834E+01 0.212683E+02
 0.220255E+01 -.343637E+01 -.188514E+01 -.150976E+01 0.212184E+02
 0.220335E+01 -.343627E+01 -.188657E+01 -.150812E+01 0.212170E+02
 0.221630E+01 -.343301E+01 -.182216E+01 -.150901E+01 0.247491E+02
 0.220325E+01 -.343629E+01 -.188106E+01 -.150821E+01 0.212439E+02
 0.220164E+01 -.343232E+01 -.187864E+01 -.152137E+01 0.212791E+02
 0.220283E+01 -.344313E+01 -.182982E+01 -.152918E+01 0.229928E+02
 0.220210E+01 -.343553E+01 -.188651E+01 -.150843E+01 0.212199E+02
 0.227680E+01 -.342777E+01 -.188756E+01 -.150821E+01 0.213959E+02
 0.220617E+01 -.343662E+01 -.184443E+01 -.149390E+01 0.234484E+02
 0.223837E+01 -.343639E+01 -.188715E+01 -.151046E+01 0.212296E+02
 0.220427E+01 -.343624E+01 -.189974E+01 -.151155E+01 0.214206E+02
 0.220549E+01 -.343662E+01 -.186242E+01 -.150801E+01 0.217289E+02
 0.220303E+01 -.343345E+01 -.188855E+01 -.150823E+01 0.212360E+02
 0.220344E+01 -.343720E+01 -.188844E+01 -.150816E+01 0.212224E+02
 0.220283E+01 -.343558E+01 -.187476E+01 -.150699E+01 0.213578E+02
 0.220361E+01 -.343734E+01 -.188676E+01 -.150805E+01 0.212196E+02
 0.220333E+01 -.342479E+01 -.188662E+01 -.151280E+01 0.215162E+02
 0.220118E+01 -.343626E+01 -.188933E+01 -.151347E+01 0.212528E+02
 0.220381E+01 -.343726E+01 -.189034E+01 -.150957E+01 0.212384E+02
 0.220343E+01 -.343171E+01 -.188696E+01 -.149916E+01 0.212962E+02
 0.221214E+01 -.343478E+01 -.188880E+01 -.150848E+01 0.212289E+02
 0.220317E+01 -.343649E+01 -.188715E+01 -.150821E+01 0.212172E+02
 0.237348E+01 -.344716E+01 -.187476E+01 -.141573E+01 0.274247E+02
 0.220322E+01 -.343162E+01 -.188542E+01 -.150385E+01 0.212804E+02
 0.220000E+01 -.343590E+01 -.187947E+01 -.150367E+01 0.213042E+02
 0.220237E+01 -.343580E+01 -.189099E+01 -.150065E+01 0.212246E+02
 0.220000E+01 -.343566E+01 -.188686E+01 -.150201E+01 0.212321E+02
 0.220312E+01 -.343626E+01 -.188662E+01 -.150800E+01 0.212169E+02
 0.220269E+01 -.343390E+01 -.190024E+01 -.143225E+01 0.231388E+02
 0.220455E+01 -.343703E+01 -.188670E+01 -.150805E+01 0.212186E+02
 0.220533E+01 -.345846E+01 -.189501E+01 -.151351E+01 0.224242E+02
 0.220589E+01 -.343146E+01 -.188709E+01 -.150784E+01 0.212675E+02
 0.221308E+01 -.343633E+01 -.187733E+01 -.147823E+01 0.220039E+02
 0.220266E+01 -.343627E+01 -.188429E+01 -.149128E+01 0.213881E+02
 0.220356E+01 -.343593E+01 -.188658E+01 -.150820E+01 0.212172E+02
 0.221332E+01 -.343610E+01 -.196869E+01 -.147717E+01 0.249304E+02
 0.220305E+01 -.343604E+01 -.185525E+01 -.150658E+01 0.221225E+02
 0.221086E+01 -.343664E+01 -.188593E+01 -.151516E+01 0.212352E+02
 0.220207E+01 -.344829E+01 -.189161E+01 -.149482E+01 0.215666E+02
 0.220000E+01 -.343800E+01 -.188661E+01 -.150732E+01 0.212252E+02
 0.220008E+01 -.343622E+01 -.188633E+01 -.150903E+01 0.212171E+02
 0.220168E+01 -.344014E+01 -.188664E+01 -.150684E+01 0.212527E+02
 0.220494E+01 -.343640E+01 -.188647E+01 -.150826E+01 0.212173E+02
 0.220415E+01 -.343692E+01 -.188639E+01 -.151266E+01 0.212258E+02
 0.220385E+01 -.343626E+01 -.188645E+01 -.150771E+01 0.212171E+02
 0.220328E+01 -.343594E+01 -.188676E+01 -.150873E+01 0.212173E+02
 0.220350E+01 -.345458E+01 -.184312E+01 -.150820E+01 0.233847E+02
 0.220340E+01 -.343625E+01 -.188666E+01 -.150849E+01 0.212169E+02
 0.220296E+01 -.343627E+01 -.188691E+01 -.150787E+01 0.212178E+02
 0.220445E+01 -.343633E+01 -.188641E+01 -.150838E+01 0.212174E+02
 0.220244E+01 -.343522E+01 -.188177E+01 -.150753E+01 0.212454E+02
 0.220261E+01 -.343628E+01 -.188596E+01 -.150875E+01 0.212189E+02
 0.237062E+01 -.343617E+01 -.192839E+01 -.148661E+01 0.220040E+02
 0.220000E+01 -.342144E+01 -.188895E+01 -.150761E+01 0.217038E+02
 0.221472E+01 -.348937E+01 -.189588E+01 -.152061E+01 0.272500E+02
 0.220327E+01 -.343615E+01 -.188653E+01 -.150831E+01 0.212170E+02
 0.220560E+01 -.343598E+01 -.188715E+01 -.157399E+01 0.228447E+02
 0.220329E+01 -.343625E+01 -.188671E+01 -.150808E+01 0.212168E+02
 0.220687E+01 -.344509E+01 -.189013E+01 -.150829E+01 0.214089E+02
 0.220389E+01 -.343562E+01 -.188590E+01 -.150828E+01 0.212184E+02
 0.220083E+01 -.343767E+01 -.188609E+01 -.150168E+01 0.212434E+02
 0.220289E+01 -.343602E+01 -.188907E+01 -.150983E+01 0.212303E+02
 0.220406E+01 -.343780E+01 -.189764E+01 -.152864E+01 0.217374E+02
 0.220764E+01 -.342885E+01 -.188704E+01 -.150880E+01 0.213385E+02
 0.220326E+01 -.343645E+01 -.189195E+01 -.150800E+01 0.212409E+02
 0.221042E+01 -.343930E+01 -.188848E+01 -.147669E+01 0.216312E+02
 0.220340E+01 -.343468E+01 -.188424E+01 -.152538E+01 0.213080E+02
 0.221968E+01 -.339800E+01 -.188373E+01 -.156021E+01 0.254930E+02
 0.220319E+01 -.343441E+01 -.188447E+01 -.150814E+01 0.212292E+02
 0.220329E+01 -.344398E+01 -.188319E+01 -.150852E+01 0.213526E+02
 0.220435E+01 -.343920E+01 -.189110E+01 -.150876E+01 0.212596E+02
 0.220509E+01 -.343403E+01 -.192277E+01 -.150849E+01 0.223913E+02
 0.220327E+01 -.343597E+01 -.187134E+01 -.151305E+01 0.213562E+02
 0.220294E+01 -.343605E+01 -.188676E+01 -.150805E+01 0.212189E+02
 0.220412E+01 -.343692E+01 -.188378E+01 -.150859E+01 0.212255E+02
 0.220326E+01 -.343754E+01 -.188646E+01 -.150890E+01 0.212210E+02
 0.221796E+01 -.343398E+01 -.188714E+01 -.150884E+01 0.212336E+02
 0.220245E+01 -.343696E+01 -.188635E+01 -.150309E+01 0.212310E+02
 0.220320E+01 -.343626E+01 -.188660E+01 -.150821E+01 0.212169E+02
 0.220320E+01 -.343626E+01 -.188661E+01 -.150807E+01 0.212170E+02
 0.220488E+01 -.343602E+01 -.188640E+01 -.150745E+01 0.212178E+02
 0.220370E+01 -.343632E+01 -.188666E+01 -.150610E+01 0.212186E+02
 0.222841E+01 -.342145E+01 -.190975E+01 -.151619E+01 0.223230E+02
 0.220337E+01 -.343638E+01 -.189303E+01 -.149801E+01 0.212285E+02
 0.220000E+01 -.342900E+01 -.188658E+01 -.150796E+01 0.213341E+02
 0.220449E+01 -.343627E+01 -.188554E+01 -.150860E+01 0.212194E+02
 0.220000E+01 -.344218E+01 -.190301E+01 -.141737E+01 0.241309E+02
 0.220690E+01 -.344074E+01 -.188602E+01 -.150889E+01 0.212644E+02
 0.220305E+01 -.343621E+01 -.188500E+01 -.150191E+01 0.212473E+02
 0.220434E+01 -.343626E+01 -.188511E+01 -.150785E+01 0.212199E+02
 0.220348E+01 -.343934E+01 -.187892E+01 -.161389E+01 0.243140E+02
 0.220370E+01 -.343716E+01 -.188619E+01 -.150802E+01 0.212189E+02
 0.220318E+01 -.343745E+01 -.188623E+01 -.150834E+01 0.212200E+02
 0.220304E+01 -.339179E+01 -.191522E+01 -.150978E+01 0.263492E+02
 0.220324E+01 -.343591E+01 -.189443E+01 -.150795E+01 0.212685E+02
 0.220379E+01 -.345317E+01 -.188324E+01 -.149151E+01 0.219971E+02
 0.220218E+01 -.343540E+01 -.188093E+01 -.152163E+01 0.212458E+02
 0.220215E+01 -.343638E+01 -.188647E+01 -.150827E+01 0.212188E+02
 0.220320E+01 -.343942E+01 -.189098E+01 -.150797E+01 0.212605E+02
 0.220159E+01 -.343634E+01 -.188692E+01 -.151815E+01 0.212651E+02
 0.220303E+01 -.343632E+01 -.188669E+01 -.150777E+01 0.212189E+02
 0.221612E+01 -.343841E+01 -.187896E+01 -.162079E+01 0.246918E+02
 0.220837E+01 -.343578E+01 -.188646E+01 -.150825E+01 0.212185E+02
 0.220755E+01 -.343651E+01 -.188658E+01 -.151389E+01 0.212354E+02
 0.220673E+01 -.340440E+01 -.183268E+01 -.150838E+01 0.264368E+02
 0.220452E+01 -.346333E+01 -.188411E+01 -.150647E+01 0.227497E+02
 0.220318E+01 -.343618E+01 -.188656E+01 -.150981E+01 0.212180E+02
 0.220320E+01 -.343697E+01 -.188695E+01 -.150663E+01 0.212183E+02
 0.220110E+01 -.343628E+01 -.188541E+01 -.150777E+01 0.212191E+02
 0.222449E+01 -.345823E+01 -.188128E+01 -.163422E+01 0.268248E+02
 0.220245E+01 -.343634E+01 -.187814E+01 -.149806E+01 0.214136E+02
 0.220485E+01 -.343624E+01 -.188652E+01 -.150815E+01 0.212174E+02
 0.220232E+01 -.343698E+01 -.188661E+01 -.150742E+01 0.212204E+02
 0.220616E+01 -.343729E+01 -.188796E+01 -.150141E+01 0.212340E+02
 0.220371E+01 -.343609E+01 -.188661E+01 -.150774E+01 0.212172E+02
 0.222779E+01 -.343608E+01 -.188840E+01 -.150768E+01 0.212262E+02
 0.220036E+01 -.343631E+01 -.187636E+01 -.153765E+01 0.213566E+02
 0.220206E+01 -.343556E+01 -.188806E+01 -.150614E+01 0.212201E+02
 0.313928E+01 -.344261E+01 -.200236E+01 -.136319E+01 0.243688E+02
 0.220844E+01 -.344796E+01 -.189143E+01 -.150794E+01 0.215490E+02
 0.220526E+01 -.343629E+01 -.188479E+01 -.150919E+01 0.212192E+02
 0.220183E+01 -.344502E+01 -.188654E+01 -.150803E+01 0.213861E+02
 0.221847E+01 -.343567E+01 -.188887E+01 -.151157E+01 0.212409E+02
 0.223224E+01 -.343719E+01 -.189199E+01 -.147461E+01 0.215784E+02
 0.220865E+01 -.346314E+01 -.188681E+01 -.149927E+01 0.227643E+02
 0.220349E+01 -.343916E+01 -.188893E+01 -.151615E+01 0.212886E+02
 0.220415E+01 -.343636E+01 -.188562E+01 -.150828E+01 0.212178E+02
 0.220361E+01 -.343613E+01 -.188659E+01 -.150809E+01 0.212169E+02
 0.220694E+01 -.343549E+01 -.185502E+01 -.150869E+01 0.220711E+02
 0.220313E+01 -.343612E+01 -.188847E+01 -.150821E+01 0.212197E+02
 0.220347E+01 -.343397E+01 -.184488E+01 -.151497E+01 0.224760E+02
 0.220284E+01 -.343891E+01 -.189196E+01 -.150888E+01 0.212678E+02
 0.220259E+01 -.343374E+01 -.188636E+01 -.150729E+01 0.212329E+02
 0.227424E+01 -.343079E+01 -.188608E+01 -.150809E+01 0.213050E+02
 0.220660E+01 -.343813E+01 -.191806E+01 -.153223E+01 0.231503E+02
 0.223314E+01 -.343559E+01 -.188341E+01 -.151003E+01 0.212345E+02
 0.220461E+01 -.343626E+01 -.187736E+01 -.150630E+01 0.213120E+02
 0.220352E+01 -.343627E+01 -.187837E+01 -.150835E+01 0.212754E+02
 0.220326E+01 -.344124E+01 -.188771E+01 -.150767E+01 0.212756E+02
 0.220344E+01 -.343673E+01 -.188624E+01 -.150859E+01 0.212175E+02
 0.220270E+01 -.343659E+01 -.186941E+01 -.149897E+01 0.216731E+02
 0.220359E+01 -.343543E+01 -.188665E+01 -.150811E+01 0.212178E+02
 0.220314E+01 -.343598E+01 -.188662E+01 -.151691E+01 0.212522E+02
 0.220191E+01 -.343627E+01 -.189308E+01 -.150275E+01 0.212314E+02
 0.220346E+01 -.343715E+01 -.189992E+01 -.150770E+01 0.213712E+02
 0.220316E+01 -.343689E+01 -.189017E+01 -.150413E+01 0.212229E+02
 0.220620E+01 -.343071E+01 -.187938E+01 -.150854E+01 0.213397E+02
 0.220321E+01 -.343817E+01 -.189638E+01 -.150790E+01 0.213100E+02
 0.231673E+01 -.343754E+01 -.188684E+01 -.154094E+01 0.216783E+02
 0.220325E+01 -.343964E+01 -.188780E+01 -.150934E+01 0.212464E+02
 0.222499E+01 -.343447E+01 -.188990E+01 -.150731E+01 0.212358E+02
 0.220073E+01 -.343474E+01 -.189830E+01 -.150452E+01 0.212995E+02
 0.220393E+01 -.343620E+01 -.188770E+01 -.148718E+01 0.213893E+02
 0.220305E+01 -.343620E+01 -.188762E+01 -.150799E+01 0.212190E+02
 0.220421E+01 -.343461E+01 -.187076E+01 -.145646E+01 0.236260E+02
 0.220274E+01 -.343822E+01 -.188609E+01 -.150812E+01 0.212275E+02
 0.220399E+01 -.347321E+01 -.189037E+01 -.151834E+01 0.241727E+02
 0.220776E+01 -.343158E+01 -.188755E+01 -.150821E+01 0.212653E+02
 0.222038E+01 -.343632E+01 -.188728E+01 -.147113E+01 0.218405E+02
 0.220332E+01 -.343426E+01 -.189860E+01 -.148857E+01 0.212661E+02
 0.220352E+01 -.343607E+01 -.188606E+01 -.150811E+01 0.212173E+02
 0.222084E+01 -.343616E+01 -.190006E+01 -.150028E+01 0.212963E+02
 0.220300E+01 -.343485E+01 -.186426E+01 -.150026E+01 0.218697E+02
 0.220396E+01 -.343573E+01 -.189216E+01 -.151654E+01 0.213210E+02
 0.220812E+01 -.342277E+01 -.189723E+01 -.149995E+01 0.216305E+02
 0.220409E+01 -.343556E+01 -.188652E+01 -.150719E+01 0.212204E+02
 0.220359E+01 -.343627E+01 -.188637E+01 -.150812E+01 0.212172E+02
 0.220057E+01 -.343855E+01 -.188671E+01 -.150748E+01 0.212302E+02
 0.220450E+01 -.343607E+01 -.188644E+01 -.150823E+01 0.212174E+02
 0.220608E+01 -.343668E+01 -.188687E+01 -.150430E+01 0.212259E+02
 0.220155E+01 -.343626E+01 -.188659E+01 -.150799E+01 0.212188E+02
 0.220332E+01 -.343591E+01 -.188689E+01 -.150733E+01 0.212170E+02
 0.220341E+01 -.343152E+01 -.190413E+01 -.150815E+01 0.215225E+02
 0.220361E+01 -.343627E+01 -.188655E+01 -.150900E+01 0.212171E+02
 0.220333E+01 -.343626E+01 -.188698E+01 -.150800E+01 0.212170E+02
 0.220282E+01 -.343634E+01 -.188640E+01 -.150825E+01 0.212188E+02
 0.220339E+01 -.343681E+01 -.188490E+01 -.150779E+01 0.212207E+02
 0.220112E+01 -.343629E+01 -.188744E+01 -.150808E+01 0.212189E+02
 0.220000E+01 -.343603E+01 -.187500E+01 -.149944E+01 0.214721E+02
 0.220813E+01 -.342341E+01 -.188599E+01 -.150742E+01 0.215895E+02
 0.220000E+01 -.343670E+01 -.189461E+01 -.151764E+01 0.213914E+02
 0.220318E+01 -.343622E+01 -.188658E+01 -.150813E+01 0.212170E+02
 0.220000E+01 -.343766E+01 -.188374E+01 -.149734E+01 0.213102E+02
 0.220641E+01 -.343626E+01 -.188619E+01 -.155069E+01 0.219061E+02
 0.220318E+01 -.343625E+01 -.188657E+01 -.150813E+01 0.212170E+02
 0.220379E+01 -.342965E+01 -.188605E+01 -.150657E+01 0.213167E+02
 0.220404E+01 -.343673E+01 -.188734E+01 -.150831E+01 0.212182E+02
 0.220274E+01 -.343610E+01 -.188289E+01 -.150361E+01 0.212566E+02
 0.220318E+01 -.343622E+01 -.189088E+01 -.150662E+01 0.212266E+02
 0.220373E+01 -.343300E+01 -.190258E+01 -.149714E+01 0.213200E+02
 0.220304E+01 -.343756E+01 -.188923E+01 -.151068E+01 0.212398E+02
 0.220330E+01 -.343642E+01 -.188541E+01 -.150791E+01 0.212185E+02
 0.223893E+01 -.343555E+01 -.189262E+01 -.151287E+01 0.212942E+02
 0.220327E+01 -.343459E+01 -.188191E+01 -.153071E+01 0.213427E+02
 0.222384E+01 -.347092E+01 -.189638E+01 -.154368E+01 0.247507E+02
 0.220334E+01 -.343775E+01 -.188351E+01 -.150813E+01 0.212296E+02
 0.220327E+01 -.344397E+01 -.188392E+01 -.150884E+01 0.213494E+02
 0.220000E+01 -.344834E+01 -.189794E+01 -.150521E+01 0.216393E+02
 0.220586E+01 -.343677E+01 -.191606E+01 -.150830E+01 0.220048E+02
 0.220309E+01 -.343702E+01 -.188475E+01 -.151868E+01 0.212506E+02
 0.220304E+01 -.343635E+01 -.188674E+01 -.150809E+01 0.212179E+02
 0.220330E+01 -.343651E+01 -.188544E+01 -.150850E+01 0.212180E+02
 0.220282E+01 -.343439E+01 -.188658E+01 -.150911E+01 0.212254E+02
 0.220337E+01 -.343120E+01 -.189463E+01 -.150880E+01 0.213257E+02
 0.220540E+01 -.343654E+01 -.188708E+01 -.151063E+01 0.212217E+02
 0.220319E+01 -.343626E+01 -.188660E+01 -.150802E+01 0.212170E+02
 0.220320E+01 -.343626E+01 -.188657E+01 -.150818E+01 0.212167E+02
 0.220945E+01 -.345658E+01 -.187808E+01 -.150206E+01 0.221889E+02
 0.220236E+01 -.343599E+01 -.188648E+01 -.150760E+01 0.212191E+02
 0.220342E+01 -.343623E+01 -.188649E+01 -.150825E+01 0.212170E+02
 0.220000E+01 -.343325E+01 -.195682E+01 -.150039E+01 0.251124E+02
 0.220464E+01 -.343640E+01 -.189039E+01 -.149615E+01 0.212459E+02
 0.220696E+01 -.343013E+01 -.188644E+01 -.150828E+01 0.213002E+02
 0.220520E+01 -.343792E+01 -.188419E+01 -.150697E+01 0.212317E+02
 0.233000E+01 -.343943E+01 -.187657E+01 -.143998E+01 0.244822E+02
 0.220490E+01 -.343745E+01 -.188803E+01 -.150796E+01 0.212223E+02
 0.220103E+01 -.343669E+01 -.188386E+01 -.148391E+01 0.215568E+02
 0.220303E+01 -.343627E+01 -.188739E+01 -.150791E+01 0.212181E+02
 0.220341E+01 -.344039E+01 -.188260E+01 -.159022E+01 0.233588E+02
 0.220305E+01 -.343674E+01 -.188670E+01 -.150793E+01 0.212194E+02
 0.220315E+01 -.343588E+01 -.188656E+01 -.150808E+01 0.212190E+02
 0.220326E+01 -.342759E+01 -.186335E+01 -.151021E+01 0.218519E+02
 0.220323E+01 -.343635E+01 -.189519E+01 -.150805E+01 0.212804E+02
 0.220352E+01 -.347323E+01 -.188652E+01 -.149911E+01 0.240633E+02
 0.220187E+01 -.343552E+01 -.189267E+01 -.151856E+01 0.213602E+02
 0.220401E+01 -.343625E+01 -.188690E+01 -.150887E+01 0.212177E+02
 0.220326E+01 -.343305E+01 -.189084E+01 -.151590E+01 0.213099E+02
 0.220000E+01 -.343720E+01 -.188680E+01 -.150561E+01 0.212222E+02
 0.220323E+01 -.343630E+01 -.188674E+01 -.150814E+01 0.212168E+02
 0.221844E+01 -.343873E+01 -.191319E+01 -.153709E+01 0.230040E+02
 0.220000E+01 -.343631E+01 -.188651E+01 -.150862E+01 0.212183E+02
 0.220990E+01 -.343601E+01 -.188657E+01 -.150333E+01 0.212290E+02
 0.220518E+01 -.339813E+01 -.191221E+01 -.150724E+01 0.249337E+02
 0.242984E+01 -.343330E+01 -.192019E+01 -.155704E+01 0.247472E+02
 0.220325E+01 -.343710E+01 -.188649E+01 -.151049E+01 0.212206E+02
 0.220320E+01 -.343609E+01 -.188648E+01 -.150947E+01 0.212175E+02
 0.220388E+01 -.343623E+01 -.188786E+01 -.150805E+01 0.212202E+02
 0.221927E+01 -.343730E+01 -.188346E+01 -.154680E+01 0.216932E+02
 0.220213E+01 -.343628E+01 -.187991E+01 -.149873E+01 0.213615E+02
 0.220318E+01 -.343669E+01 -.188638E+01 -.150813E+01 0.212173E+02
 0.220374E+01 -.343681E+01 -.188659E+01 -.150942E+01 0.212184E+02
 0.220410E+01 -.343711E+01 -.188825E+01 -.150141E+01 0.212290E+02
 0.220382E+01 -.343632E+01 -.188660E+01 -.150782E+01 0.212170E+02
 0.220000E+01 -.343589E+01 -.188371E+01 -.150624E+01 0.212328E+02
 0.220000E+01 -.343667E+01 -.187821E+01 -.152313E+01 0.212443E+02
 0.220331E+01 -.343546E+01 -.188961E+01 -.151164E+01 0.212416E+02
 0.222046E+01 -.343237E+01 -.189474E+01 -.153010E+01 0.216742E+02
 0.220666E+01 -.343643E+01 -.188638E+01 -.150791E+01 0.212209E+02
 0.220348E+01 -.344437E+01 -.188649E+01 -.150827E+01 0.213600E+02
 0.221508E+01 -.343615E+01 -.188640E+01 -.151029E+01 0.212213E+02
 0.223434E+01 -.343798E+01 -.189740E+01 -.151396E+01 0.214110E+02
 0.220617E+01 -.338398E+01 -.188657E+01 -.151340E+01 0.277684E+02
 0.221092E+01 -.343770E+01 -.188676E+01 -.151322E+01 0.212353E+02
 0.220326E+01 -.343613E+01 -.188609E+01 -.150772E+01 0.212174E+02
 0.220352E+01 -.343610E+01 -.188661E+01 -.150814E+01 0.212169E+02
 0.221795E+01 -.343578E+01 -.192083E+01 -.150834E+01 0.222642E+02
 0.220305E+01 -.343616E+01 -.189206E+01 -.150883E+01 0.212477E+02
 0.220398E+01 -.343580E+01 -.187604E+01 -.151576E+01 0.212592E+02
 0.220298E+01 -.343491E+01 -.193517E+01 -.149259E+01 0.226102E+02
 0.220358E+01 -.343752E+01 -.188658E+01 -.150662E+01 0.212233E+02
 0.228549E+01 -.344720E+01 -.188529E+01 -.150807E+01 0.215009E+02
 0.220112E+01 -.342593E+01 -.190563E+01 -.153593E+01 0.225700E+02
 0.220000E+01 -.343647E+01 -.188219E+01 -.151014E+01 0.212277E+02
 0.220332E+01 -.343629E+01 -.187484E+01 -.150406E+01 0.213960E+02
 0.220302E+01 -.343670E+01 -.190095E+01 -.150851E+01 0.214090E+02
 0.220329E+01 -.344506E+01 -.188684E+01 -.150747E+01 0.213880E+02
 0.220311E+01 -.343584E+01 -.188466E+01 -.150851E+01 0.212211E+02
 0.220205E+01 -.343757E+01 -.188410E+01 -.150075E+01 0.212690E+02
 0.220317E+01 -.343420E+01 -.188658E+01 -.150832E+01 0.212260E+02
 0.220333E+01 -.344434E+01 -.188680E+01 -.151396E+01 0.213798E+02
 0.220315E+01 -.343627E+01 -.189175E+01 -.149630E+01 0.212362E+02
 0.220307E+01 -.343647E+01 -.188811E+01 -.150801E+01 0.212197E+02
 0.220301E+01 -.344020E+01 -.188736E+01 -.151285E+01 0.212674E+02
 0.220189E+01 -.343636E+01 -.189046E+01 -.150841E+01 0.212330E+02
 0.220322E+01 -.343576E+01 -.188924E+01 -.150792E+01 0.212225E+02
 0.222565E+01 -.343418E+01 -.189791E+01 -.158131E+01 0.240568E+02
 0.220340E+01 -.343477E+01 -.188899E+01 -.151169E+01 0.212398E+02
 0.223174E+01 -.343521E+01 -.189401E+01 -.151107E+01 0.212974E+02
 0.220211E+01 -.343603E+01 -.188836E+01 -.151516E+01 0.212559E+02
 0.220320E+01 -.343612E+01 -.188615E+01 -.151464E+01 0.212319E+02
 0.220313E+01 -.343614E+01 -.188638E+01 -.150802E+01 0.212171E+02
 0.220204E+01 -.343583E+01 -.193332E+01 -.147923E+01 0.220626E+02
 0.220263E+01 -.343728E+01 -.188573E+01 -.150813E+01 0.212216E+02
 0.220270E+01 -.343453E+01 -.188209E+01 -.151993E+01 0.212468E+02
 0.220710E+01 -.343807E+01 -.188775E+01 -.150840E+01 0.212301E+02
 0.222129E+01 -.343624E+01 -.188818E+01 -.153356E+01 0.215258E+02
 0.220318E+01 -.343493E+01 -.190363E+01 -.149807E+01 0.213324E+02
 0.220334E+01 -.343630E+01 -.188672E+01 -.150816E+01 0.212168E+02
 0.222046E+01 -.343633E+01 -.183345E+01 -.152221E+01 0.229799E+02
 0.220308E+01 -.343608E+01 -.189735E+01 -.150476E+01 0.212844E+02
 0.220016E+01 -.343545E+01 -.188969E+01 -.151531E+01 0.212725E+02
 0.220437E+01 -.341481E+01 -.189254E+01 -.150524E+01 0.222494E+02
 0.220166E+01 -.343549E+01 -.188658E+01 -.150858E+01 0.212201E+02
 0.220580E+01 -.343630E+01 -.188657E+01 -.150760E+01 0.212177E+02
 0.220370E+01 -.343446E+01 -.188710E+01 -.150987E+01 0.212261E+02
 0.220334E+01 -.343613E+01 -.188659E+01 -.150808E+01 0.212168E+02
 0.220625E+01 -.343618E+01 -.188708E+01 -.149885E+01 0.212529E+02
 0.220307E+01 -.343625E+01 -.188670E+01 -.150807E+01 0.212188E+02
 0.220312E+01 -.343653E+01 -.188698E+01 -.150623E+01 0.212180E+02
 0.220314E+01 -.341801E+01 -.193078E+01 -.150807E+01 0.235279E+02
 0.220335E+01 -.343625E+01 -.188663E+01 -.150917E+01 0.212174E+02
 0.220347E+01 -.343626E+01 -.188635E+01 -.150829E+01 0.212186E+02
 0.220273E+01 -.343631E+01 -.188670E+01 -.150806E+01 0.212188E+02
 0.220327E+01 -.343689E+01 -.189107E+01 -.150721E+01 0.212316E+02
 0.220382E+01 -.343638E+01 -.188702E+01 -.150797E+01 0.212171E+02
 0.250292E+01 -.343621E+01 -.185848E+01 -.150934E+01 0.219992E+02
 0.220604E+01 -.345425E+01 -.188651E+01 -.150697E+01 0.219079E+02
 0.221711E+01 -.339423E+01 -.189175E+01 -.150645E+01 0.253563E+02
 0.220317E+01 -.343631E+01 -.188663E+01 -.150802E+01 0.212168E+02
 0.222724E+01 -.340734E+01 -.185775E+01 -.144636E+01 0.279814E+02
 0.220413E+01 -.343620E+01 -.188618E+01 -.146799E+01 0.219897E+02
 0.220313E+01 -.343627E+01 -.188631E+01 -.150817E+01 0.212169E+02
 0.220209E+01 -.343100E+01 -.188475E+01 -.150947E+01 0.212824E+02
 0.220304E+01 -.343675E+01 -.188681E+01 -.150836E+01 0.212196E+02
 0.220377E+01 -.343546E+01 -.188485E+01 -.150992E+01 0.212196E+02
 0.220394E+01 -.343648E+01 -.187811E+01 -.150653E+01 0.212961E+02
 0.220327E+01 -.343102E+01 -.190180E+01 -.148681E+01 0.213198E+02
 0.220000E+01 -.344315E+01 -.189074E+01 -.151198E+01 0.213683E+02
 0.220335E+01 -.343638E+01 -.188371E+01 -.150791E+01 0.212251E+02
 0.223197E+01 -.343552E+01 -.189729E+01 -.152822E+01 0.217025E+02
 0.220318E+01 -.343543E+01 -.188466E+01 -.151345E+01 0.212234E+02
 0.220322E+01 -.343784E+01 -.188345E+01 -.150811E+01 0.212304E+02
 0.220337E+01 -.343627E+01 -.188852E+01 -.150798E+01 0.212197E+02
 0.220314E+01 -.344022E+01 -.187979E+01 -.150778E+01 0.212906E+02
 0.220397E+01 -.343353E+01 -.186981E+01 -.150799E+01 0.214934E+02
 0.220291E+01 -.343686E+01 -.189446E+01 -.152035E+01 0.214385E+02
 0.220368E+01 -.343644E+01 -.188667E+01 -.150814E+01 0.212170E+02
 0.220000E+01 -.346845E+01 -.189871E+01 -.150450E+01 0.235383E+02
 0.220260E+01 -.343613E+01 -.188681E+01 -.150828E+01 0.212188E+02
 0.220277E+01 -.343397E+01 -.188617E+01 -.150905E+01 0.212292E+02
 0.220000E+01 -.343415E+01 -.189035E+01 -.150829E+01 0.212392E+02
 0.220549E+01 -.343555E+01 -.188703E+01 -.151191E+01 0.212264E+02
 0.220320E+01 -.343626E+01 -.188660E+01 -.150806E+01 0.212187E+02
 0.220319E+01 -.343626E+01 -.188661E+01 -.150823E+01 0.212168E+02
 0.221242E+01 -.348232E+01 -.186367E+01 -.150271E+01 0.259026E+02
 0.220240E+01 -.343643E+01 -.188653E+01 -.150902E+01 0.212195E+02
 0.220300E+01 -.343629E+01 -.188661E+01 -.150935E+01 0.212196E+02
 0.227373E+01 -.344190E+01 -.186582E+01 -.149272E+01 0.221117E+02
 0.220524E+01 -.343652E+01 -.188391E+01 -.152016E+01 0.212512E+02
 0.220791E+01 -.344451E+01 -.188634E+01 -.150809E+01 0.213693E+02
 0.220562E+01 -.343831E+01 -.188572E+01 -.150637E+01 0.212302E+02
 0.230335E+01 -.343700E+01 -.187399E+01 -.152823E+01 0.212971E+02
 0.220207E+01 -.343362E+01 -.188932E+01 -.150905E+01 0.212417E+02
 0.220000E+01 -.343897E+01 -.189348E+01 -.150458E+01 0.212582E+02
 0.220222E+01 -.343639E+01 -.188547E+01 -.148838E+01 0.214154E+02
 0.220270E+01 -.343626E+01 -.188921E+01 -.150844E+01 0.212244E+02
 0.220306E+01 -.343725E+01 -.189443E+01 -.149379E+01 0.212444E+02
 0.220515E+01 -.343545E+01 -.188664E+01 -.150952E+01 0.212196E+02
 0.220323E+01 -.343532E+01 -.188683E+01 -.150821E+01 0.212186E+02
 0.220279E+01 -.346358E+01 -.185763E+01 -.150869E+01 0.233323E+02
 0.220321E+01 -.343643E+01 -.187730E+01 -.150817E+01 0.212929E+02
 0.220361E+01 -.346904E+01 -.188510E+01 -.151750E+01 0.234780E+02
 0.220218E+01 -.343666E+01 -.189122E+01 -.150613E+01 0.212306E+02
 0.220470E+01 -.343622E+01 -.188685E+01 -.150814E+01 0.212174E+02
 0.220310E+01 -.343780E+01 -.189056E+01 -.151272E+01 0.212682E+02
 0.220573E+01 -.343718E+01 -.188642E+01 -.149932E+01 0.212548E+02
 0.220338E+01 -.343626E+01 -.188660E+01 -.150840E+01 0.212171E+02
 0.220280E+01 -.343829E+01 -.185670E+01 -.146566E+01 0.241796E+02
 0.220904E+01 -.343695E+01 -.188664E+01 -.150876E+01 0.212195E+02
 0.220805E+01 -.343593E+01 -.188657E+01 -.150157E+01 0.212373E+02
 0.228917E+01 -.344198E+01 -.184107E+01 -.151750E+01 0.226819E+02
 0.220318E+01 -.343604E+01 -.188663E+01 -.150736E+01 0.212170E+02
 0.220320E+01 -.343558E+01 -.188623E+01 -.150831E+01 0.212179E+02
 0.220528E+01 -.343611E+01 -.188833E+01 -.150705E+01 0.212218E+02
 0.220540E+01 -.342075E+01 -.188636E+01 -.143515E+01 0.245166E+02
 0.220830E+01 -.343593E+01 -.188415E+01 -.153336E+01 0.214215E+02
 0.220241E+01 -.343659E+01 -.188652E+01 -.150812E+01 0.212191E+02
 0.220475E+01 -.343615E+01 -.188666E+01 -.150743E+01 0.212174E+02
 0.220238E+01 -.343474E+01 -.188763E+01 -.150877E+01 0.212250E+02
 0.220366E+01 -.343646E+01 -.188662E+01 -.150866E+01 0.212174E+02
 0.221740E+01 -.343581E+01 -.188227E+01 -.150500E+01 0.212582E+02
 0.220658E+01 -.346391E+01 -.186185E+01 -.151045E+01 0.231583E+02
 0.221167E+01 -.343678E+01 -.188589E+01 -.149085E+01 0.213666E+02
 0.220279E+01 -.343559E+01 -.188790E+01 -.150897E+01 0.212212E+02
 0.223741E+01 -.342428E+01 -.189795E+01 -.151709E+01 0.217580E+02
 0.220000E+01 -.343670E+01 -.188692E+01 -.150879E+01 0.212179E+02
 0.220300E+01 -.343295E+01 -.188652E+01 -.150819E+01 0.212426E+02
 0.220000E+01 -.343668E+01 -.188469E+01 -.150756E+01 0.212230E+02
 0.230913E+01 -.343604E+01 -.189002E+01 -.152988E+01 0.215143E+02
 0.220969E+01 -.343541E+01 -.188714E+01 -.150649E+01 0.212202E+02
 0.220251E+01 -.343600E+01 -.188683E+01 -.150814E+01 0.212188E+02
 0.220331E+01 -.343620E+01 -.188659E+01 -.150815E+01 0.212170E+02
 0.223413E+01 -.343400E+01 -.192572E+01 -.150808E+01 0.225666E+02
 0.220304E+01 -.343622E+01 -.188505E+01 -.150826E+01 0.212207E+02
 0.220391E+01 -.343742E+01 -.190996E+01 -.151350E+01 0.218573E+02
 0.220315E+01 -.343695E+01 -.185938E+01 -.150670E+01 0.219005E+02
 0.220308E+01 -.343760E+01 -.188647E+01 -.150803E+01 0.212220E+02
 0.222506E+01 -.344159E+01 -.188654E+01 -.150814E+01 0.212878E+02
 0.220000E+01 -.342912E+01 -.186384E+01 -.148182E+01 0.227636E+02
 0.221656E+01 -.343751E+01 -.189022E+01 -.151013E+01 0.212473E+02
 0.220115E+01 -.343628E+01 -.188256E+01 -.150658E+01 0.212400E+02
 0.220444E+01 -.343676E+01 -.188355E+01 -.150829E+01 0.212255E+02
 0.220316E+01 -.343425E+01 -.188617E+01 -.150803E+01 0.212259E+02
 0.220321E+01 -.343658E+01 -.188576E+01 -.150819E+01 0.212178E+02
 0.220284E+01 -.343676E+01 -.190660E+01 -.151165E+01 0.216574E+02
 0.220336E+01 -.343618E+01 -.188674E+01 -.150830E+01 0.212168E+02
 0.220346E+01 -.343751E+01 -.188696E+01 -.149872E+01 0.212550E+02
 0.220308E+01 -.343626E+01 -.188376E+01 -.151373E+01 0.212232E+02
 0.220383E+01 -.343605E+01 -.187634E+01 -.150889E+01 0.213035E+02
 0.220299E+01 -.343915E+01 -.188648E+01 -.150744E+01 0.212368E+02
 0.221315E+01 -.343994E+01 -.189695E+01 -.150810E+01 0.213495E+02
 0.220322E+01 -.343433E+01 -.187837E+01 -.150825E+01 0.212875E+02
 0.220000E+01 -.344335E+01 -.188329E+01 -.150811E+01 0.213323E+02
 0.220334E+01 -.343063E+01 -.188763E+01 -.150684E+01 0.212874E+02
 0.222010E+01 -.343574E+01 -.188903E+01 -.151084E+01 0.212390E+02
 0.220264E+01 -.343654E+01 -.187899E+01 -.150968E+01 0.212578E+02
 0.220264E+01 -.343606E+01 -.188541E+01 -.153434E+01 0.214654E+02
 0.220328E+01 -.343612E+01 -.188629E+01 -.150792E+01 0.212172E+02
 0.220077E+01 -.343846E+01 -.196378E+01 -.144111E+01 0.228357E+02
 0.220471E+01 -.343454E+01 -.188626E+01 -.150809E+01 0.212239E+02
 0.220224E+01 -.340751E+01 -.188055E+01 -.152077E+01 0.231699E+02
 0.220869E+01 -.343922E+01 -.188631E+01 -.150848E+01 0.212378E+02
 0.220668E+01 -.343618E+01 -.188017E+01 -.154550E+01 0.215676E+02
 0.220283E+01 -.343635E+01 -.188567E+01 -.151666E+01 0.212410E+02
 0.220318E+01 -.343643E+01 -.188713E+01 -.150820E+01 0.212173E+02
 0.221116E+01 -.343632E+01 -.184463E+01 -.150853E+01 0.227203E+02
 0.220313E+01 -.343865E+01 -.189860E+01 -.151701E+01 0.215115E+02
 0.220981E+01 -.343543E+01 -.188155E+01 -.150818E+01 0.212441E+02
 0.220044E+01 -.344036E+01 -.188400E+01 -.150222E+01 0.212883E+02
 0.220021E+01 -.343736E+01 -.188667E+01 -.150902E+01 0.212203E+02
 0.220562E+01 -.343619E+01 -.188683E+01 -.150826E+01 0.212177E+02
 0.220611E+01 -.343308E+01 -.188664E+01 -.151021E+01 0.212441E+02
 0.220246E+01 -.343632E+01 -.188672E+01 -.150799E+01 0.212189E+02
 0.220415E+01 -.343621E+01 -.188675E+01 -.151850E+01 0.212633E+02
 0.220481E+01 -.341524E+01 -.189699E+01 -.143866E+01 0.239220E+02
 0.220450E+01 -.343625E+01 -.188670E+01 -.150799E+01 0.212172E+02
 0.220309E+01 -.343626E+01 -.188700E+01 -.150703E+01 0.212189E+02
 0.220316E+01 -.342427E+01 -.186879E+01 -.150810E+01 0.218650E+02
 0.220305E+01 -.343624E+01 -.188670E+01 -.150863E+01 0.212191E+02
 0.220323E+01 -.343626E+01 -.188603E+01 -.150814E+01 0.212171E+02
 0.220311E+01 -.343628E+01 -.188691E+01 -.150840E+01 0.212190E+02
 0.220244E+01 -.343550E+01 -.188847E+01 -.150636E+01 0.212193E+02
 0.220505E+01 -.343629E+01 -.188662E+01 -.150800E+01 0.212174E+02
 0.263429E+01 -.343640E+01 -.191596E+01 -.149530E+01 0.216714E+02
 0.220403E+01 -.344914E+01 -.188765E+01 -.150711E+01 0.215770E+02
 0.221652E+01 -.340485E+01 -.188702E+01 -.150232E+01 0.235253E+02
 0.220320E+01 -.343632E+01 -.188662E+01 -.150798E+01 0.212167E+02
 0.221094E+01 -.343335E+01 -.185845E+01 -.148614E+01 0.228117E+02
 0.220001E+01 -.343619E+01 -.188673E+01 -.144603E+01 0.231001E+02
 0.220331E+01 -.343628E+01 -.188621E+01 -.150813E+01 0.212169E+02
 0.220143E+01 -.343994E+01 -.188550E+01 -.151181E+01 0.212512E+02
 0.220257E+01 -.343583E+01 -.188607E+01 -.150828E+01 0.212192E+02
 0.220383E+01 -.343616E+01 -.188692E+01 -.151389E+01 0.212328E+02
 0.220425E+01 -.343644E+01 -.187567E+01 -.151049E+01 0.212984E+02
 0.220286E+01 -.343460E+01 -.188741E+01 -.148595E+01 0.214248E+02
 0.220852E+01 -.343262E+01 -.188896E+01 -.150771E+01 0.212484E+02
 0.220338E+01 -.343628E+01 -.188781E+01 -.150780E+01 0.212176E+02
 0.220000E+01 -.343632E+01 -.190222E+01 -.153078E+01 0.220073E+02
 0.220312E+01 -.343653E+01 -.188887E+01 -.149562E+01 0.212597E+02
 0.220000E+01 -.342787E+01 -.186812E+01 -.153905E+01 0.215120E+02
 0.220313E+01 -.343590E+01 -.189076E+01 -.150813E+01 0.212315E+02
 0.220332E+01 -.343040E+01 -.189043E+01 -.150749E+01 0.212974E+02
 0.220600E+01 -.343061E+01 -.188225E+01 -.151047E+01 0.213041E+02
 0.220128E+01 -.343084E+01 -.184730E+01 -.150784E+01 0.226657E+02
 0.220291E+01 -.343605E+01 -.187365E+01 -.150944E+01 0.213486E+02
 0.220293E+01 -.343610E+01 -.188660E+01 -.150812E+01 0.212178E+02
 0.220301E+01 -.343627E+01 -.188594E+01 -.150833E+01 0.212181E+02
 0.220308E+01 -.343925E+01 -.188624E+01 -.150792E+01 0.212389E+02
 0.220412E+01 -.343910E+01 -.187844E+01 -.150815E+01 0.212892E+02
 0.220354E+01 -.343544E+01 -.188686E+01 -.150666E+01 0.212189E+02
 0.220320E+01 -.343626E+01 -.188660E+01 -.150814E+01 0.212170E+02
 0.220319E+01 -.343626E+01 -.188672E+01 -.150813E+01 0.212168E+02
 0.220300E+01 -.343665E+01 -.188661E+01 -.150897E+01 0.212197E+02
 0.220303E+01 -.343634E+01 -.188716E+01 -.150808E+01 0.212193E+02
 0.236686E+01 -.344117E+01 -.182756E+01 -.149143E+01 0.254197E+02
 0.220566E+01 -.343632E+01 -.188196E+01 -.151180E+01 0.212252E+02
 0.220181E+01 -.345188E+01 -.188627E+01 -.150791E+01 0.217415E+02
 0.220174E+01 -.343848E+01 -.188671E+01 -.150836E+01 0.212301E+02
 0.224757E+01 -.343414E+01 -.188207E+01 -.159120E+01 0.233144E+02
 0.220227E+01 -.343458E+01 -.188403E+01 -.150870E+01 0.212291E+02
 0.220280E+01 -.344075E+01 -.188626E+01 -.162072E+01 0.254461E+02
 0.220396E+01 -.343629E+01 -.188742E+01 -.150675E+01 0.212171E+02
 0.220349E+01 -.343627E+01 -.188872E+01 -.150845E+01 0.212232E+02
 0.220291E+01 -.343370E+01 -.189720E+01 -.142138E+01 0.242007E+02
 0.224269E+01 -.344364E+01 -.193040E+01 -.156639E+01 0.269742E+02
 0.220527E+01 -.343530E+01 -.188634E+01 -.150882E+01 0.212195E+02
 0.220323E+01 -.343680E+01 -.188685E+01 -.150830E+01 0.212178E+02
 0.220277E+01 -.342694E+01 -.196250E+01 -.150780E+01 0.264787E+02
 0.220270E+01 -.347459E+01 -.188930E+01 -.150988E+01 0.242792E+02
 0.220321E+01 -.343592E+01 -.188865E+01 -.150807E+01 0.212202E+02
 0.220313E+01 -.342606E+01 -.187951E+01 -.152597E+01 0.215052E+02
 0.220303E+01 -.343750E+01 -.189008E+01 -.149683E+01 0.212462E+02
 0.220367E+01 -.343644E+01 -.188666E+01 -.150691E+01 0.212177E+02
 0.220314E+01 -.343963E+01 -.188547E+01 -.150239E+01 0.212642E+02
 0.220435E+01 -.343637E+01 -.188636E+01 -.150988E+01 0.212182E+02
 0.220326E+01 -.343624E+01 -.188653E+01 -.150832E+01 0.212168E+02
 0.220000E+01 -.343720E+01 -.185234E+01 -.145755E+01 0.253101E+02
 0.220990E+01 -.343733E+01 -.188669E+01 -.150862E+01 0.212213E+02
 0.220000E+01 -.343641E+01 -.188657E+01 -.150893E+01 0.212186E+02
 0.220000E+01 -.343854E+01 -.181608E+01 -.146995E+01 0.288206E+02
 0.220315E+01 -.343528E+01 -.188669E+01 -.150581E+01 0.212210E+02
 0.220320E+01 -.343677E+01 -.188632E+01 -.150745E+01 0.212196E+02
 0.220249E+01 -.343617E+01 -.188614E+01 -.150597E+01 0.212216E+02
 0.220000E+01 -.342385E+01 -.188724E+01 -.148522E+01 0.217885E+02
 0.220623E+01 -.343601E+01 -.188862E+01 -.154811E+01 0.219276E+02
 0.220214E+01 -.343582E+01 -.188660E+01 -.150814E+01 0.212179E+02
 0.220411E+01 -.343569E+01 -.188664E+01 -.150613E+01 0.212194E+02
 0.220428E+01 -.343633E+01 -.188710E+01 -.151050E+01 0.212212E+02
 0.220352E+01 -.343631E+01 -.188661E+01 -.150888E+01 0.212171E+02
 0.222147E+01 -.343638E+01 -.189014E+01 -.150686E+01 0.212305E+02
 0.220811E+01 -.344968E+01 -.195835E+01 -.150823E+01 0.265256E+02
 0.221638E+01 -.343623E+01 -.188906E+01 -.147495E+01 0.216463E+02
 0.220242E+01 -.343586E+01 -.188553E+01 -.150594E+01 0.212242E+02
 0.224001E+01 -.343073E+01 -.189362E+01 -.149686E+01 0.213035E+02
 0.220484E+01 -.343679E+01 -.188636E+01 -.150913E+01 0.212182E+02
 0.220209E+01 -.342972E+01 -.188642E+01 -.150810E+01 0.213117E+02
 0.222480E+01 -.343636E+01 -.188559E+01 -.150896E+01 0.212258E+02
 0.235518E+01 -.343550E+01 -.188792E+01 -.148477E+01 0.214847E+02
 0.220000E+01 -.338436E+01 -.189082E+01 -.150414E+01 0.276230E+02
 0.220000E+01 -.343407E+01 -.188728E+01 -.150143E+01 0.212427E+02
 0.220297E+01 -.343607E+01 -.188573E+01 -.150872E+01 0.212194E+02
 0.220323E+01 -.343628E+01 -.188657E+01 -.150810E+01 0.212168E+02
 0.223613E+01 -.343403E+01 -.186368E+01 -.150888E+01 0.216960E+02
 0.220325E+01 -.343627E+01 -.188230E+01 -.150776E+01 0.212353E+02
 0.220366E+01 -.343796E+01 -.190015E+01 -.150915E+01 0.214049E+02
 0.220315E+01 -.344035E+01 -.185783E+01 -.152087E+01 0.216473E+02
 0.220266E+01 -.343544E+01 -.188649E+01 -.150925E+01 0.212194E+02
 0.220000E+01 -.343333E+01 -.188745E+01 -.150823E+01 0.212354E+02
 0.220580E+01 -.343309E+01 -.184775E+01 -.149203E+01 0.233246E+02
 0.222662E+01 -.343776E+01 -.189089E+01 -.151098E+01 0.212583E+02
 0.220140E+01 -.343626E+01 -.189333E+01 -.150965E+01 0.212707E+02
 0.220627E+01 -.343628E+01 -.187331E+01 -.150816E+01 0.213749E+02
 0.220286E+01 -.343144E+01 -.188713E+01 -.150835E+01 0.212691E+02
 0.220330E+01 -.343692E+01 -.188727E+01 -.150832E+01 0.212184E+02
 0.220315E+01 -.343710E+01 -.190559E+01 -.151382E+01 0.216731E+02
 0.220330E+01 -.343772E+01 -.188677E+01 -.150808E+01 0.212217E+02
 0.220341E+01 -.343149E+01 -.188705E+01 -.149453E+01 0.213432E+02
 0.220317E+01 -.343626E+01 -.188035E+01 -.152592E+01 0.212714E+02
 0.220415E+01 -.343614E+01 -.189170E+01 -.150899E+01 0.212442E+02
 0.220332E+01 -.343227E+01 -.188801E+01 -.150102E+01 0.212641E+02
 0.221242E+01 -.344020E+01 -.189125E+01 -.150803E+01 0.212752E+02
 0.220319E+01 -.343608E+01 -.188164E+01 -.150825E+01 0.212386E+02
 0.222163E+01 -.344523E+01 -.187241E+01 -.145232E+01 0.239269E+02
 0.220320E+01 -.343158E+01 -.188584E+01 -.150393E+01 0.212776E+02
 0.220860E+01 -.343529E+01 -.188541E+01 -.150520E+01 0.212293E+02
 0.220238E+01 -.343656E+01 -.187766E+01 -.150457E+01 0.213265E+02
 0.220336E+01 -.343611E+01 -.188633E+01 -.149803E+01 0.212642E+02
 0.220320E+01 -.343609E+01 -.188733E+01 -.150776E+01 0.212171E+02
 0.220406E+01 -.343882E+01 -.195057E+01 -.143682E+01 0.221689E+02
 0.220520E+01 -.343521E+01 -.188651E+01 -.150808E+01 0.212232E+02
 0.220324E+01 -.341065E+01 -.188482E+01 -.150677E+01 0.227349E+02
 0.220394E+01 -.343808E+01 -.188631E+01 -.150801E+01 0.212246E+02
 0.220609E+01 -.343621E+01 -.187782E+01 -.147627E+01 0.220524E+02
 0.220278E+01 -.343742E+01 -.187312E+01 -.152153E+01 0.212693E+02
 0.220310E+01 -.343643E+01 -.188698E+01 -.150819E+01 0.212192E+02
 0.221075E+01 -.343605E+01 -.193852E+01 -.148622E+01 0.226032E+02
 0.220320E+01 -.343857E+01 -.187605E+01 -.152279E+01 0.212571E+02
 0.221192E+01 -.343713E+01 -.188407E+01 -.150846E+01 0.212258E+02
 0.220013E+01 -.345627E+01 -.188041E+01 -.150635E+01 0.220895E+02
 0.220130E+01 -.343671E+01 -.188665E+01 -.150754E+01 0.212179E+02
 0.220052E+01 -.343614E+01 -.188680E+01 -.150894E+01 0.212189E+02
 0.220506E+01 -.343589E+01 -.188676E+01 -.150768E+01 0.212176E+02
 0.220270E+01 -.343623E+01 -.188653E+01 -.150809E+01 0.212187E+02
 0.220237E+01 -.343693E+01 -.188670E+01 -.151764E+01 0.212600E+02
 0.220440E+01 -.343626E+01 -.188656E+01 -.150775E+01 0.212172E+02
 0.220311E+01 -.343593E+01 -.188735E+01 -.150883E+01 0.212180E+02
 0.220332E+01 -.343893E+01 -.184114E+01 -.150815E+01 0.229738E+02
 0.220334E+01 -.343625E+01 -.188670E+01 -.150790E+01 0.212170E+02
 0.220318E+01 -.343627E+01 -.188700E+01 -.150800E+01 0.212169E+02
 0.220407E+01 -.343626E+01 -.188676E+01 -.150826E+01 0.212171E+02
 0.220219E+01 -.343552E+01 -.188601E+01 -.150760E+01 0.212208E+02
 0.220188E+01 -.343624E+01 -.188659E+01 -.150811E+01 0.212189E+02
 0.225870E+01 -.343629E+01 -.190643E+01 -.148338E+01 0.213182E+02
 0.220054E+01 -.342182E+01 -.188757E+01 -.150819E+01 0.216823E+02
 0.220839E+01 -.347203E+01 -.188711E+01 -.150679E+01 0.238669E+02
 0.220322E+01 -.343625E+01 -.188661E+01 -.150794E+01 0.212170E+02
 0.220000E+01 -.345739E+01 -.190155E+01 -.154831E+01 0.236979E+02
 0.220228E+01 -.343607E+01 -.188679E+01 -.152378E+01 0.213242E+02
 0.220339E+01 -.343628E+01 -.188641E+01 -.150808E+01 0.212169E+02
 0.220799E+01 -.344438E+01 -.188728E+01 -.151161E+01 0.213727E+02
 0.220343E+01 -.343516E+01 -.188658E+01 -.150813E+01 0.212194E+02
 0.220658E+01 -.342769E+01 -.194693E+01 -.150818E+01 0.245584E+02
 0.220382E+01 -.343653E+01 -.188567E+01 -.150554E+01 0.212235E+02
 0.220290E+01 -.343625E+01 -.189849E+01 -.151326E+01 0.214189E+02
 0.220319E+01 -.343686E+01 -.189565E+01 -.151771E+01 0.214182E+02
 0.220532E+01 -.343209E+01 -.188650E+01 -.150791E+01 0.212551E+02
 0.220331E+01 -.343619E+01 -.189058E+01 -.150777E+01 0.212287E+02
 0.225694E+01 -.343696E+01 -.189119E+01 -.149532E+01 0.212643E+02
 0.220322E+01 -.343618E+01 -.188672E+01 -.150623E+01 0.212181E+02
 0.220316E+01 -.343464E+01 -.188812E+01 -.150816E+01 0.212258E+02
 0.220324E+01 -.343726E+01 -.188628E+01 -.150836E+01 0.212191E+02
 0.220541E+01 -.342948E+01 -.188980E+01 -.151113E+01 0.213347E+02
 0.220296E+01 -.343277E+01 -.190891E+01 -.150813E+01 0.216710E+02
 0.220294E+01 -.343636E+01 -.187336E+01 -.150225E+01 0.214671E+02
 0.220246E+01 -.343607E+01 -.188661E+01 -.150809E+01 0.212177E+02
 0.220256E+01 -.347199E+01 -.185023E+01 -.145619E+01 0.279822E+02
 0.220369E+01 -.343645E+01 -.188585E+01 -.150824E+01 0.212175E+02
 0.220342E+01 -.343780E+01 -.188637E+01 -.150907E+01 0.212224E+02
 0.220835E+01 -.343260E+01 -.188002E+01 -.150814E+01 0.212919E+02
 0.220188E+01 -.343612E+01 -.188663E+01 -.150299E+01 0.212286E+02
 0.220320E+01 -.343626E+01 -.188660E+01 -.150814E+01 0.212187E+02
 0.220320E+01 -.343626E+01 -.188665E+01 -.150807E+01 0.212168E+02
 0.220383E+01 -.343563E+01 -.188646E+01 -.150753E+01 0.212181E+02
 0.220309E+01 -.343634E+01 -.188672E+01 -.150700E+01 0.212192E+02
 0.220108E+01 -.345660E+01 -.184584E+01 -.148432E+01 0.245933E+02
 0.226961E+01 -.342264E+01 -.184008E+01 -.149635E+01 0.242996E+02
 0.220265E+01 -.343628E+01 -.188637E+01 -.149506E+01 0.212958E+02
 0.220000E+01 -.344229E+01 -.188652E+01 -.150797E+01 0.212974E+02
 0.220176E+01 -.343518E+01 -.188619E+01 -.151005E+01 0.212223E+02
 0.222082E+01 -.343424E+01 -.188486E+01 -.156986E+01 0.225407E+02
 0.220726E+01 -.343827E+01 -.188223E+01 -.150827E+01 0.212445E+02
 0.220426E+01 -.343770E+01 -.189035E+01 -.158561E+01 0.236630E+02
 0.220482E+01 -.343617E+01 -.188889E+01 -.152118E+01 0.213228E+02
 0.220390E+01 -.343626E+01 -.188581E+01 -.150763E+01 0.212182E+02
 0.220293E+01 -.343503E+01 -.188543E+01 -.148478E+01 0.214965E+02
 0.220284E+01 -.343744E+01 -.188641E+01 -.150760E+01 0.212221E+02
 0.220320E+01 -.343747E+01 -.188672E+01 -.150832E+01 0.212202E+02
 0.220183E+01 -.344074E+01 -.190918E+01 -.156928E+01 0.245054E+02
 0.220336E+01 -.340456E+01 -.191125E+01 -.151088E+01 0.239642E+02
 0.220324E+01 -.343584E+01 -.189247E+01 -.150804E+01 0.212459E+02
 0.220377E+01 -.340401E+01 -.188794E+01 -.148343E+01 0.238848E+02
 0.220256E+01 -.343692E+01 -.188578E+01 -.150269E+01 0.212369E+02
 0.220280E+01 -.343641E+01 -.188650E+01 -.150706E+01 0.212193E+02
 0.220321E+01 -.343641E+01 -.188419E+01 -.150671E+01 0.212266E+02
 0.220315E+01 -.343575E+01 -.188660E+01 -.151548E+01 0.212398E+02
 0.220305E+01 -.343629E+01 -.188677E+01 -.150792E+01 0.212182E+02
 0.220659E+01 -.343635E+01 -.188109E+01 -.156654E+01 0.222120E+02
 0.220000E+01 -.343548E+01 -.188659E+01 -.150808E+01 0.212188E+02
 0.220669E+01 -.343657E+01 -.188660E+01 -.151357E+01 0.212337E+02
 0.220528E+01 -.340185E+01 -.185297E+01 -.150907E+01 0.251936E+02
 0.220429E+01 -.343055E+01 -.188608E+01 -.150614E+01 0.212929E+02
 0.220318E+01 -.343672E+01 -.188659E+01 -.150835E+01 0.212173E+02
 0.220321E+01 -.343700E+01 -.188711E+01 -.150842E+01 0.212187E+02
 0.220206E+01 -.343622E+01 -.188557E+01 -.150742E+01 0.212207E+02
 0.223388E+01 -.343751E+01 -.188246E+01 -.153355E+01 0.213996E+02
 0.220507E+01 -.343627E+01 -.187996E+01 -.146590E+01 0.223990E+02
 0.220364E+01 -.343574E+01 -.188658E+01 -.150814E+01 0.212194E+02
 0.220389E+01 -.343605E+01 -.188661E+01 -.150702E+01 0.212176E+02
 0.220512E+01 -.343745E+01 -.188621E+01 -.150981E+01 0.212213E+02
 0.220327E+01 -.343618E+01 -.188663E+01 -.150841E+01 0.212170E+02
 0.220674E+01 -.343438E+01 -.190428E+01 -.149861E+01 0.213528E+02
 0.220000E+01 -.343647E+01 -.188625E+01 -.150756E+01 0.212187E+02
 0.220453E+01 -.342800E+01 -.191283E+01 -.150978E+01 0.219738E+02
 0.220000E+01 -.343597E+01 -.189001E+01 -.147637E+01 0.215715E+02
 0.220224E+01 -.343612E+01 -.188434E+01 -.150538E+01 0.212320E+02
 0.304887E+01 -.343905E+01 -.199967E+01 -.139774E+01 0.240184E+02
 0.220693E+01 -.344499E+01 -.188779E+01 -.148275E+01 0.216399E+02
 0.220382E+01 -.343648E+01 -.188479E+01 -.150966E+01 0.212182E+02
 0.220088E+01 -.344134E+01 -.188641E+01 -.150814E+01 0.212753E+02
 0.223414E+01 -.343577E+01 -.188781E+01 -.150952E+01 0.212291E+02
 0.226032E+01 -.343778E+01 -.188605E+01 -.147078E+01 0.219159E+02
 0.221254E+01 -.343486E+01 -.188715E+01 -.150417E+01 0.212283E+02
 0.220337E+01 -.343629E+01 -.188499E+01 -.150864E+01 0.212186E+02
 0.220331E+01 -.343631E+01 -.188660E+01 -.150808E+01 0.212168E+02
 0.220000E+01 -.343425E+01 -.184944E+01 -.150935E+01 0.223868E+02
 0.220333E+01 -.343620E+01 -.188581E+01 -.150808E+01 0.212177E+02
 0.220343E+01 -.343555E+01 -.185750E+01 -.151205E+01 0.218495E+02
 0.220305E+01 -.344087E+01 -.190249E+01 -.152685E+01 0.219616E+02
 0.220303E+01 -.343463E+01 -.188648E+01 -.150704E+01 0.212253E+02
 0.221985E+01 -.342740E+01 -.188762E+01 -.150812E+01 0.213950E+02
 0.220332E+01 -.343783E+01 -.191413E+01 -.153794E+01 0.231115E+02
 0.222045E+01 -.343567E+01 -.188538E+01 -.150919E+01 0.212252E+02
 0.220306E+01 -.343626E+01 -.189759E+01 -.150526E+01 0.212927E+02
 0.220185E+01 -.343673E+01 -.188989E+01 -.150811E+01 0.212276E+02
 0.220266E+01 -.343596E+01 -.188861E+01 -.150805E+01 0.212221E+02
 0.220333E+01 -.343611E+01 -.188728E+01 -.150841E+01 0.212174E+02
 0.220232E+01 -.343676E+01 -.188432E+01 -.149917E+01 0.212788E+02
 0.220316E+01 -.343605E+01 -.188669E+01 -.150825E+01 0.212169E+02
 0.220311E+01 -.343037E+01 -.188663E+01 -.150600E+01 0.212969E+02
 0.220324E+01 -.343626E+01 -.188764E+01 -.152474E+01 0.213492E+02
 0.220406E+01 -.343641E+01 -.190264E+01 -.150860E+01 0.214524E+02
 0.220347E+01 -.343250E+01 -.189016E+01 -.150359E+01 0.212479E+02
 0.220824E+01 -.343396E+01 -.187841E+01 -.150860E+01 0.212914E+02
 0.220317E+01 -.343766E+01 -.189372E+01 -.150813E+01 0.212675E+02
 0.221370E+01 -.343436E+01 -.188007E+01 -.152262E+01 0.212573E+02
 0.220327E+01 -.343646E+01 -.188763E+01 -.150789E+01 0.212175E+02
 0.220000E+01 -.343500E+01 -.188341E+01 -.150421E+01 0.212509E+02
 0.220202E+01 -.343500E+01 -.188847E+01 -.150549E+01 0.212224E+02
 0.220360E+01 -.343627E+01 -.188694E+01 -.148093E+01 0.215425E+02
 0.220313E+01 -.343617E+01 -.188742E+01 -.150796E+01 0.212173E+02
 0.220482E+01 -.343418E+01 -.182786E+01 -.153457E+01 0.229566E+02
 0.220373E+01 -.343802E+01 -.188612E+01 -.150809E+01 0.212242E+02
 0.220339E+01 -.346021E+01 -.188456E+01 -.150533E+01 0.224312E+02
 0.220389E+01 -.343121E+01 -.188822E+01 -.150807E+01 0.212730E+02
 0.222177E+01 -.343625E+01 -.188293E+01 -.145475E+01 0.228323E+02
 0.220303E+01 -.343692E+01 -.188044E+01 -.151763E+01 0.212310E+02
 0.220351E+01 -.343625E+01 -.188649E+01 -.150807E+01 0.212169E+02
 0.220803E+01 -.343608E+01 -.193452E+01 -.149001E+01 0.224732E+02
 0.220315E+01 -.343502E+01 -.187208E+01 -.151065E+01 0.213746E+02
 0.221158E+01 -.343739E+01 -.188638E+01 -.150837E+01 0.212220E+02
 0.220400E+01 -.345507E+01 -.189017E+01 -.150812E+01 0.219962E+02
 0.220377E+01 -.343584E+01 -.188657E+01 -.150685E+01 0.212181E+02
 0.220024E+01 -.343624E+01 -.188661E+01 -.150817E+01 0.212182E+02
 0.220205E+01 -.343826E+01 -.188672E+01 -.150637E+01 0.212277E+02
 0.220328E+01 -.343602E+01 -.188652E+01 -.150818E+01 0.212170E+02
 0.220500E+01 -.343701E+01 -.188774E+01 -.149622E+01 0.212672E+02
 0.220138E+01 -.343627E+01 -.188649E+01 -.150808E+01 0.212185E+02
 0.220312E+01 -.343621E+01 -.188682E+01 -.150807E+01 0.212168E+02
 0.220337E+01 -.344844E+01 -.195770E+01 -.150813E+01 0.263406E+02
 0.220351E+01 -.343627E+01 -.188659E+01 -.150777E+01 0.212169E+02
 0.220319E+01 -.343627E+01 -.188717E+01 -.150802E+01 0.212171E+02
 0.220310E+01 -.343630E+01 -.188649E+01 -.150816E+01 0.212189E+02
 0.220323E+01 -.343594E+01 -.188805E+01 -.150831E+01 0.212190E+02
 0.220276E+01 -.343626E+01 -.188686E+01 -.150804E+01 0.212188E+02
 0.220000E+01 -.343617E+01 -.185632E+01 -.149872E+01 0.223395E+02
 0.220173E+01 -.341175E+01 -.188681E+01 -.150899E+01 0.225861E+02
 0.220193E+01 -.344352E+01 -.189013E+01 -.151114E+01 0.213670E+02
 0.220320E+01 -.343628E+01 -.188660E+01 -.150797E+01 0.212170E+02
 0.220961E+01 -.344179E+01 -.193228E+01 -.153310E+01 0.246595E+02
 0.220589E+01 -.343620E+01 -.188633E+01 -.156137E+01 0.222749E+02
 0.220322E+01 -.343626E+01 -.188667E+01 -.150809E+01 0.212187E+02
 0.221061E+01 -.343149E+01 -.188925E+01 -.150901E+01 0.212736E+02
 0.220386E+01 -.343610E+01 -.188694E+01 -.150827E+01 0.212173E+02
 0.220324E+01 -.343509E+01 -.188497E+01 -.150201E+01 0.212494E+02
 0.220239E+01 -.343616E+01 -.188941E+01 -.151166E+01 0.212399E+02
 0.220345E+01 -.343553E+01 -.190178E+01 -.152745E+01 0.218718E+02
 0.220188E+01 -.343871E+01 -.188866E+01 -.151124E+01 0.212487E+02
 0.220317E+01 -.343626E+01 -.188777E+01 -.150788E+01 0.212175E+02
 0.224386E+01 -.343643E+01 -.187677E+01 -.148506E+01 0.218015E+02
 0.220327E+01 -.343592E+01 -.188496E+01 -.151679E+01 0.212363E+02
 0.220586E+01 -.340519E+01 -.187536E+01 -.151392E+01 0.235858E+02
 0.220328E+01 -.343707E+01 -.188462E+01 -.150814E+01 0.212218E+02
 0.220315E+01 -.344136E+01 -.188353E+01 -.150882E+01 0.212793E+02
 0.220257E+01 -.343272E+01 -.189603E+01 -.150743E+01 0.213082E+02
 0.220380E+01 -.343917E+01 -.193013E+01 -.150836E+01 0.229807E+02
 0.220306E+01 -.343693E+01 -.189541E+01 -.149924E+01 0.212376E+02
 0.220260E+01 -.343629E+01 -.188674E+01 -.150811E+01 0.212177E+02
 0.220382E+01 -.343636E+01 -.188639E+01 -.150812E+01 0.212171E+02
 0.220328E+01 -.343361E+01 -.188659E+01 -.150915E+01 0.212324E+02
 0.221120E+01 -.342904E+01 -.189671E+01 -.150836E+01 0.214070E+02
 0.220171E+01 -.343612E+01 -.188661E+01 -.150834E+01 0.212189E+02
 0.220320E+01 -.343626E+01 -.188660E+01 -.150809E+01 0.212168E+02
 0.220320E+01 -.343626E+01 -.188656E+01 -.150814E+01 0.212169E+02
 0.227792E+01 -.348553E+01 -.185689E+01 -.150574E+01 0.267113E+02
 0.220326E+01 -.343615E+01 -.188647E+01 -.150722E+01 0.212192E+02
 0.220315E+01 -.343622E+01 -.188632E+01 -.150793E+01 0.212169E+02
 0.220000E+01 -.342588E+01 -.196288E+01 -.149894E+01 0.258521E+02
 0.220398E+01 -.343665E+01 -.189435E+01 -.149356E+01 0.212432E+02
 0.220211E+01 -.342462E+01 -.188656E+01 -.150800E+01 0.215197E+02
 0.220318E+01 -.343459E+01 -.188553E+01 -.150872E+01 0.212254E+02
 0.220247E+01 -.343797E+01 -.187280E+01 -.150782E+01 0.213921E+02
 0.220472E+01 -.343829E+01 -.188494E+01 -.150805E+01 0.212287E+02
 0.220010E+01 -.343417E+01 -.189677E+01 -.141575E+01 0.247436E+02
 0.220290E+01 -.343629E+01 -.188767E+01 -.150128E+01 0.212316E+02
 0.220349E+01 -.343626E+01 -.188579E+01 -.150751E+01 0.212182E+02
 0.220330E+01 -.343788E+01 -.188247E+01 -.155164E+01 0.217983E+02
 0.220000E+01 -.343243E+01 -.190238E+01 -.150430E+01 0.213999E+02
 0.220210E+01 -.343810E+01 -.188650E+01 -.150918E+01 0.212272E+02
 0.220317E+01 -.343597E+01 -.188643E+01 -.150837E+01 0.212170E+02
 0.220186E+01 -.344291E+01 -.181838E+01 -.156698E+01 0.227211E+02
 0.220323E+01 -.343663E+01 -.188855E+01 -.150805E+01 0.212224E+02
 0.220482E+01 -.342364E+01 -.188455E+01 -.148327E+01 0.219286E+02
 0.220295E+01 -.343647E+01 -.188885E+01 -.150977E+01 0.212273E+02
 0.220296E+01 -.343619E+01 -.188664E+01 -.150796E+01 0.212188E+02
 0.220325E+01 -.343388E+01 -.188459E+01 -.151043E+01 0.212312E+02
 0.220271E+01 -.343662E+01 -.188653E+01 -.151194E+01 0.212254E+02
 0.220305E+01 -.343630E+01 -.188684E+01 -.150789E+01 0.212189E+02
 0.222089E+01 -.343642E+01 -.188140E+01 -.153443E+01 0.213780E+02
 0.221153E+01 -.343522E+01 -.188655E+01 -.150776E+01 0.212213E+02
 0.221100E+01 -.343653E+01 -.188659E+01 -.150895E+01 0.212192E+02
 0.220323E+01 -.343705E+01 -.188657E+01 -.150858E+01 0.212203E+02
 0.220320E+01 -.343579E+01 -.188720E+01 -.150871E+01 0.212181E+02
 0.220458E+01 -.343629E+01 -.188893E+01 -.150785E+01 0.212213E+02
 0.220000E+01 -.339094E+01 -.194748E+01 -.150721E+01 0.286849E+02
 0.224578E+01 -.344732E+01 -.188501E+01 -.153258E+01 0.216993E+02
 0.220358E+01 -.343645E+01 -.188223E+01 -.148491E+01 0.215840E+02
 0.220446E+01 -.343615E+01 -.188646E+01 -.150815E+01 0.212174E+02
 0.220368E+01 -.343663E+01 -.188663E+01 -.150851E+01 0.212174E+02
 0.220207E+01 -.343666E+01 -.188740E+01 -.150884E+01 0.212207E+02
 0.220348E+01 -.343635E+01 -.188661E+01 -.150746E+01 0.212170E+02
 0.221457E+01 -.343630E+01 -.188335E+01 -.150874E+01 0.212275E+02
 0.220108E+01 -.341396E+01 -.187321E+01 -.151093E+01 0.225387E+02
 0.221034E+01 -.343669E+01 -.188954E+01 -.152333E+01 0.213666E+02
 0.220317E+01 -.343601E+01 -.188839E+01 -.150602E+01 0.212168E+02
 0.220000E+01 -.344440E+01 -.188859E+01 -.150292E+01 0.213687E+02
 0.220000E+01 -.343598E+01 -.188413E+01 -.150990E+01 0.212207E+02
 0.220073E+01 -.344675E+01 -.188656E+01 -.150824E+01 0.214559E+02
 0.220000E+01 -.343629E+01 -.188761E+01 -.150912E+01 0.212192E+02
 0.220000E+01 -.343776E+01 -.188784E+01 -.151585E+01 0.212614E+02
 0.221377E+01 -.343717E+01 -.188633E+01 -.151266E+01 0.212288E+02
 0.220343E+01 -.343641E+01 -.188619E+01 -.150830E+01 0.212170E+02
 0.220333E+01 -.343617E+01 -.188661E+01 -.150809E+01 0.212170E+02
 0.224640E+01 -.343522E+01 -.188755E+01 -.150826E+01 0.212310E+02
 0.220327E+01 -.343617E+01 -.188896E+01 -.150835E+01 0.212220E+02
 0.220347E+01 -.343476E+01 -.185761E+01 -.151398E+01 0.218027E+02
 0.220282E+01 -.344061E+01 -.190781E+01 -.149304E+01 0.214327E+02
 0.220307E+01 -.343649E+01 -.188654E+01 -.150825E+01 0.212190E+02
 0.220000E+01 -.343089E+01 -.188743E+01 -.150809E+01 0.212802E+02
 0.220000E+01 -.343107E+01 -.193384E+01 -.154291E+01 0.254118E+02
 0.220000E+01 -.343490E+01 -.188240E+01 -.150770E+01 0.212404E+02
 0.220377E+01 -.343629E+01 -.188860E+01 -.150555E+01 0.212179E+02
 0.220117E+01 -.343657E+01 -.189507E+01 -.150813E+01 0.212808E+02
 0.220295E+01 -.343995E+01 -.188896E+01 -.150740E+01 0.212542E+02
 0.220324E+01 -.343554E+01 -.188643E+01 -.150820E+01 0.212179E+02
 0.220159E+01 -.343690E+01 -.187538E+01 -.149764E+01 0.214997E+02
 0.220323E+01 -.343509E+01 -.188662E+01 -.150828E+01 0.212197E+02
 0.220330E+01 -.343774E+01 -.188665E+01 -.151670E+01 0.212538E+02
 0.220318E+01 -.343626E+01 -.188805E+01 -.149372E+01 0.212876E+02
 0.220308E+01 -.343683E+01 -.187761E+01 -.150901E+01 0.212819E+02
 0.220343E+01 -.344045E+01 -.188744E+01 -.150931E+01 0.212587E+02
 0.220393E+01 -.343035E+01 -.187562E+01 -.150850E+01 0.214107E+02
 0.220316E+01 -.343774E+01 -.189473E+01 -.150804E+01 0.212808E+02
 0.220578E+01 -.342620E+01 -.188819E+01 -.156576E+01 0.227533E+02
 0.220330E+01 -.344016E+01 -.188816E+01 -.151106E+01 0.212629E+02
 0.221654E+01 -.343627E+01 -.188728E+01 -.150703E+01 0.212223E+02
 0.220152E+01 -.343450E+01 -.189410E+01 -.151190E+01 0.213046E+02
 0.220306E+01 -.343629E+01 -.188692E+01 -.152157E+01 0.212971E+02
 0.220316E+01 -.343628E+01 -.188720E+01 -.150806E+01 0.212170E+02
 0.220376E+01 -.343396E+01 -.184644E+01 -.150625E+01 0.227115E+02
 0.220349E+01 -.343768E+01 -.188651E+01 -.150812E+01 0.212234E+02
 0.220247E+01 -.342938E+01 -.188385E+01 -.151922E+01 0.213509E+02
 0.220470E+01 -.342817E+01 -.188681E+01 -.150824E+01 0.213608E+02
 0.220922E+01 -.343624E+01 -.189213E+01 -.150665E+01 0.212367E+02
 0.220342E+01 -.343642E+01 -.189422E+01 -.151232E+01 0.213087E+02
 0.220366E+01 -.343615E+01 -.188642E+01 -.150808E+01 0.212171E+02
 0.221125E+01 -.343642E+01 -.186998E+01 -.149774E+01 0.216899E+02
 0.220308E+01 -.343339E+01 -.187688E+01 -.149940E+01 0.214467E+02
 0.220249E+01 -.343696E+01 -.188815E+01 -.150803E+01 0.212221E+02
 0.220233E+01 -.345193E+01 -.188798E+01 -.150603E+01 0.217491E+02
 0.220123E+01 -.343614E+01 -.188657E+01 -.150765E+01 0.212184E+02
 0.220108E+01 -.343631E+01 -.188658E+01 -.150808E+01 0.212175E+02
 0.220544E+01 -.343619E+01 -.188669E+01 -.150806E+01 0.212173E+02
 0.220362E+01 -.343620E+01 -.188670E+01 -.150813E+01 0.212171E+02
 0.220558E+01 -.343640E+01 -.188794E+01 -.149274E+01 0.213017E+02
 0.220224E+01 -.343626E+01 -.188667E+01 -.150814E+01 0.212190E+02
 0.220316E+01 -.343642E+01 -.188613E+01 -.150754E+01 0.212176E+02
 0.220320E+01 -.343106E+01 -.197118E+01 -.150812E+01 0.277311E+02
 0.220315E+01 -.343626E+01 -.188659E+01 -.150852E+01 0.212186E+02
 0.220342E+01 -.343626E+01 -.188614E+01 -.150817E+01 0.212171E+02
 0.220298E+01 -.343631E+01 -.188655E+01 -.150822E+01 0.212189E+02
 0.220401E+01 -.343668E+01 -.188945E+01 -.150854E+01 0.212258E+02
 0.220414E+01 -.343641E+01 -.188707E+01 -.150801E+01 0.212172E+02
 0.241527E+01 -.343611E+01 -.191304E+01 -.151348E+01 0.220079E+02
 0.220475E+01 -.342032E+01 -.188685E+01 -.150780E+01 0.217869E+02
 0.220000E+01 -.341496E+01 -.189007E+01 -.150787E+01 0.222374E+02
 0.220318E+01 -.343634E+01 -.188661E+01 -.150817E+01 0.212169E+02
 0.221161E+01 -.342330E+01 -.185765E+01 -.143972E+01 0.269585E+02
 0.220497E+01 -.343627E+01 -.188631E+01 -.151618E+01 0.212424E+02
 0.220313E+01 -.343625E+01 -.188652E+01 -.150830E+01 0.212167E+02
 0.220011E+01 -.342702E+01 -.188694E+01 -.150849E+01 0.214051E+02
 0.220329E+01 -.343717E+01 -.188646E+01 -.150822E+01 0.212187E+02
 0.220312E+01 -.343555E+01 -.188573E+01 -.150877E+01 0.212184E+02
 0.220371E+01 -.343622E+01 -.187893E+01 -.150585E+01 0.212899E+02
 0.220319E+01 -.343526E+01 -.189365E+01 -.146675E+01 0.217448E+02
 0.220060E+01 -.343898E+01 -.188777E+01 -.151358E+01 0.212553E+02
 0.220307E+01 -.343631E+01 -.188439E+01 -.150813E+01 0.212230E+02
 0.220213E+01 -.343660E+01 -.187761E+01 -.150454E+01 0.213276E+02
 0.220317E+01 -.343598E+01 -.188710E+01 -.151755E+01 0.212621E+02
 0.220169E+01 -.346394E+01 -.189091E+01 -.151200E+01 0.228948E+02
 0.220326E+01 -.343803E+01 -.188376E+01 -.150812E+01 0.212320E+02
 0.220318E+01 -.343482E+01 -.188814E+01 -.150798E+01 0.212224E+02
 0.220099E+01 -.344447E+01 -.189987E+01 -.150513E+01 0.215071E+02
 0.220345E+01 -.343217E+01 -.189119E+01 -.150834E+01 0.212682E+02
 0.220318E+01 -.343646E+01 -.190637E+01 -.150594E+01 0.215196E+02
 0.220392E+01 -.343636E+01 -.188679E+01 -.150812E+01 0.212172E+02
 0.220262E+01 -.342624E+01 -.187519E+01 -.160901E+01 0.239391E+02
 0.220370E+01 -.343625E+01 -.188685E+01 -.150803E+01 0.212169E+02
 0.220295E+01 -.343268E+01 -.188619E+01 -.150823E+01 0.212459E+02
 0.220921E+01 -.342967E+01 -.189162E+01 -.150860E+01 0.213294E+02
 0.220221E+01 -.343627E+01 -.188658E+01 -.151239E+01 0.212270E+02
 0.220319E+01 -.343626E+01 -.188660E+01 -.150809E+01 0.212167E+02
 0.220320E+01 -.343626E+01 -.188658E+01 -.150822E+01 0.212168E+02
 0.227753E+01 -.348872E+01 -.184542E+01 -.150535E+01 0.279448E+02
 0.220275E+01 -.343667E+01 -.188656E+01 -.150861E+01 0.212193E+02
 0.220355E+01 -.343628E+01 -.188648E+01 -.150876E+01 0.212172E+02
 0.220310E+01 -.342314E+01 -.187041E+01 -.151150E+01 0.218273E+02
 0.235639E+01 -.344320E+01 -.190568E+01 -.149108E+01 0.214754E+02
 0.220557E+01 -.343669E+01 -.189153E+01 -.149488E+01 0.212466E+02
 0.220317E+01 -.342654E+01 -.188635E+01 -.150805E+01 0.214264E+02
 0.220555E+01 -.343571E+01 -.188528E+01 -.150764E+01 0.212208E+02
 0.231732E+01 -.344064E+01 -.186786E+01 -.148266E+01 0.224052E+02
 0.220093E+01 -.343328E+01 -.188750E+01 -.150907E+01 0.212375E+02
 0.220000E+01 -.343451E+01 -.189388E+01 -.146103E+01 0.219449E+02
 0.220281E+01 -.343634E+01 -.188603E+01 -.150330E+01 0.212310E+02
 0.220313E+01 -.343627E+01 -.188905E+01 -.150904E+01 0.212244E+02
 0.220326E+01 -.343856E+01 -.189636E+01 -.159491E+01 0.247821E+02
 0.220630E+01 -.343546E+01 -.188655E+01 -.150859E+01 0.212218E+02
 0.220318E+01 -.343558E+01 -.188648E+01 -.150823E+01 0.212179E+02
 0.220117E+01 -.343026E+01 -.180715E+01 -.153394E+01 0.249853E+02
 0.220275E+01 -.340240E+01 -.187586E+01 -.150906E+01 0.240572E+02
 0.220321E+01 -.343623E+01 -.188356E+01 -.150807E+01 0.212255E+02
 0.220394E+01 -.346385E+01 -.188288E+01 -.153372E+01 0.229994E+02
 0.220328E+01 -.343594E+01 -.188968E+01 -.151318E+01 0.212517E+02
 0.220395E+01 -.343609E+01 -.188678E+01 -.150862E+01 0.212174E+02
 0.220318E+01 -.343677E+01 -.188658E+01 -.150725E+01 0.212179E+02
 0.220373E+01 -.343682E+01 -.188643E+01 -.150419E+01 0.212251E+02
 0.220326E+01 -.343627E+01 -.188660E+01 -.150838E+01 0.212168E+02
 0.222454E+01 -.343646E+01 -.188252E+01 -.149594E+01 0.213584E+02
 0.221491E+01 -.343643E+01 -.188662E+01 -.150786E+01 0.212198E+02
 0.221116E+01 -.343609E+01 -.188656E+01 -.150248E+01 0.212333E+02
 0.220000E+01 -.343807E+01 -.181113E+01 -.149292E+01 0.272032E+02
 0.220365E+01 -.341360E+01 -.188426E+01 -.150787E+01 0.224039E+02
 0.220321E+01 -.343486E+01 -.188660E+01 -.150761E+01 0.212211E+02
 0.220319E+01 -.343606E+01 -.188679E+01 -.150836E+01 0.212169E+02
 0.220517E+01 -.343610E+01 -.188995E+01 -.150703E+01 0.212236E+02
 0.220484E+01 -.343677E+01 -.188646E+01 -.152456E+01 0.213266E+02
 0.220725E+01 -.343590E+01 -.188444E+01 -.155689E+01 0.220303E+02
 0.220344E+01 -.343656E+01 -.188635E+01 -.150815E+01 0.212171E+02
 0.220305E+01 -.343693E+01 -.188663E+01 -.150918E+01 0.212206E+02
 0.220107E+01 -.343562E+01 -.188732E+01 -.150715E+01 0.212190E+02
 0.220363E+01 -.343634E+01 -.188660E+01 -.150770E+01 0.212172E+02
 0.221031E+01 -.343636E+01 -.188511E+01 -.150725E+01 0.212227E+02
 0.220364E+01 -.343665E+01 -.186457E+01 -.150841E+01 0.216327E+02
 0.221886E+01 -.343667E+01 -.188100E+01 -.154272E+01 0.215310E+02
 0.220389E+01 -.343611E+01 -.189066E+01 -.150793E+01 0.212303E+02
 0.223958E+01 -.343366E+01 -.189083E+01 -.151739E+01 0.213146E+02
 0.220452E+01 -.343654E+01 -.188542E+01 -.150832E+01 0.212187E+02
 0.220371E+01 -.343588E+01 -.188622E+01 -.150808E+01 0.212175E+02
 0.221793E+01 -.343668E+01 -.188600E+01 -.150855E+01 0.212233E+02
 0.223191E+01 -.343569E+01 -.188746E+01 -.154435E+01 0.217664E+02
 0.220240E+01 -.338826E+01 -.188828E+01 -.151825E+01 0.267217E+02
 0.220632E+01 -.343749E+01 -.188714E+01 -.150934E+01 0.212259E+02
 0.220319E+01 -.343642E+01 -.188763E+01 -.150786E+01 0.212176E+02
 0.220316E+01 -.343620E+01 -.188659E+01 -.150817E+01 0.212168E+02
 0.223140E+01 -.343680E+01 -.191536E+01 -.150730E+01 0.219311E+02
 0.220325E+01 -.343629E+01 -.188518E+01 -.150806E+01 0.212188E+02
 0.220361E+01 -.343642E+01 -.190691E+01 -.151350E+01 0.217139E+02
 0.220271E+01 -.343574E+01 -.189375E+01 -.149175E+01 0.212564E+02
 0.220315E+01 -.343761E+01 -.188649E+01 -.150901E+01 0.212235E+02
 0.221187E+01 -.343758E+01 -.188648E+01 -.150821E+01 0.212231E+02
 0.220790E+01 -.343004E+01 -.183806E+01 -.148608E+01 0.247069E+02
 0.222750E+01 -.343585E+01 -.188862E+01 -.150751E+01 0.212266E+02
 0.220408E+01 -.343628E+01 -.188008E+01 -.150590E+01 0.212723E+02
 0.220698E+01 -.343622E+01 -.188767E+01 -.150882E+01 0.212226E+02
 0.220333E+01 -.343568E+01 -.188700E+01 -.150842E+01 0.212176E+02
 0.220313E+01 -.343631E+01 -.188627E+01 -.150821E+01 0.212170E+02
 0.220204E+01 -.343715E+01 -.188350E+01 -.151251E+01 0.212233E+02
 0.220328E+01 -.343519E+01 -.188662E+01 -.150823E+01 0.212192E+02
 0.220349E+01 -.343987E+01 -.188709E+01 -.151488E+01 0.212696E+02
 0.220306E+01 -.343626E+01 -.188317E+01 -.149746E+01 0.213167E+02
 0.220322E+01 -.343621E+01 -.187899E+01 -.150900E+01 0.212620E+02
 0.220331E+01 -.344428E+01 -.188645E+01 -.150849E+01 0.213597E+02
 0.220174E+01 -.343712E+01 -.190434E+01 -.150791E+01 0.215001E+02
 0.220319E+01 -.343559E+01 -.188388E+01 -.150826E+01 0.212246E+02
 0.220941E+01 -.342332E+01 -.188268E+01 -.153663E+01 0.218160E+02
 0.220321E+01 -.343682E+01 -.188713E+01 -.150934E+01 0.212190E+02
 0.221969E+01 -.343722E+01 -.188964E+01 -.151047E+01 0.212441E+02
 0.220169E+01 -.343693E+01 -.187927E+01 -.151448E+01 0.212355E+02
 0.220291E+01 -.343609E+01 -.188600E+01 -.154310E+01 0.216828E+02
 0.220326E+01 -.343611E+01 -.188674E+01 -.150799E+01 0.212188E+02
 0.220124E+01 -.343786E+01 -.199384E+01 -.142619E+01 0.246361E+02
 0.220392E+01 -.343625E+01 -.188665E+01 -.150812E+01 0.212190E+02
 0.220271E+01 -.341888E+01 -.188493E+01 -.152488E+01 0.219825E+02
 0.221011E+01 -.343391E+01 -.188584E+01 -.150840E+01 0.212312E+02
 0.220000E+01 -.343624E+01 -.188941E+01 -.155337E+01 0.221437E+02
 0.220309E+01 -.343592E+01 -.189787E+01 -.150481E+01 0.212920E+02
 0.220293E+01 -.343624E+01 -.188683E+01 -.150819E+01 0.212189E+02
 0.221456E+01 -.343640E+01 -.186207E+01 -.151318E+01 0.216300E+02
 0.220309E+01 -.343394E+01 -.188722E+01 -.151628E+01 0.212610E+02
 0.220000E+01 -.343654E+01 -.188771E+01 -.150836E+01 0.212200E+02
 0.220022E+01 -.343142E+01 -.188374E+01 -.150460E+01 0.212953E+02
 0.224398E+01 -.347158E+01 -.181378E+01 -.169669E+01 0.268483E+02
 0.220005E+01 -.343671E+01 -.188662E+01 -.150897E+01 0.212192E+02
 0.220435E+01 -.343624E+01 -.188655E+01 -.150864E+01 0.212174E+02
 0.220587E+01 -.343468E+01 -.188646E+01 -.150966E+01 0.212268E+02
 0.220310E+01 -.343633E+01 -.188682E+01 -.150824E+01 0.212190E+02
 0.220426E+01 -.343597E+01 -.188722E+01 -.150871E+01 0.212182E+02
 0.220646E+01 -.342796E+01 -.187701E+01 -.146295E+01 0.229203E+02
 0.220460E+01 -.343624E+01 -.188664E+01 -.150816E+01 0.212173E+02
 0.220318E+01 -.343639E+01 -.188574E+01 -.150810E+01 0.212176E+02
 0.220307E+01 -.342116E+01 -.189799E+01 -.150836E+01 0.218034E+02
 0.220289E+01 -.343625E+01 -.188663E+01 -.150887E+01 0.212192E+02
 0.220316E+01 -.343626E+01 -.188631E+01 -.150841E+01 0.212170E+02
 0.220338E+01 -.343630E+01 -.188681E+01 -.150834E+01 0.212169E+02
 0.220323E+01 -.343672E+01 -.188541E+01 -.150837E+01 0.212185E+02
 0.220465E+01 -.343644E+01 -.188663E+01 -.150804E+01 0.212175E+02
 0.220097E+01 -.343609E+01 -.191760E+01 -.151162E+01 0.221989E+02
 0.220664E+01 -.345129E+01 -.188718E+01 -.150715E+01 0.217074E+02
 0.222747E+01 -.344589E+01 -.188900E+01 -.150620E+01 0.214303E+02
 0.220315E+01 -.343630E+01 -.188652E+01 -.150838E+01 0.212168E+02
 0.220043E+01 -.343601E+01 -.188668E+01 -.146581E+01 0.220526E+02
 0.220306E+01 -.343624E+01 -.188641E+01 -.150846E+01 0.212189E+02
 0.220000E+01 -.344994E+01 -.188638E+01 -.151468E+01 0.216395E+02
 0.220281E+01 -.343705E+01 -.188608E+01 -.150836E+01 0.212203E+02
 0.220304E+01 -.343636E+01 -.188732E+01 -.151367E+01 0.212371E+02
 0.220394E+01 -.343632E+01 -.187937E+01 -.150913E+01 0.212566E+02
 0.220301E+01 -.343460E+01 -.188100E+01 -.144863E+01 0.233584E+02
 0.220335E+01 -.343765E+01 -.188720E+01 -.150586E+01 0.212222E+02
 0.220312E+01 -.343627E+01 -.188421E+01 -.150821E+01 0.212236E+02
 0.223302E+01 -.343710E+01 -.188235E+01 -.151307E+01 0.212340E+02
 0.220310E+01 -.343648E+01 -.188786E+01 -.149957E+01 0.212383E+02
 0.220000E+01 -.348292E+01 -.189026E+01 -.152227E+01 0.258350E+02
 0.220316E+01 -.343565E+01 -.188940E+01 -.150837E+01 0.212245E+02
 0.220313E+01 -.343377E+01 -.188927E+01 -.150795E+01 0.212342E+02
 0.220396E+01 -.344334E+01 -.189051E+01 -.150721E+01 0.213417E+02
 0.220286E+01 -.343004E+01 -.185912E+01 -.150827E+01 0.219893E+02
 0.220317E+01 -.343618E+01 -.188451E+01 -.151078E+01 0.212182E+02
 0.220388E+01 -.343627E+01 -.188673E+01 -.150821E+01 0.212170E+02
 0.220631E+01 -.341886E+01 -.188524E+01 -.151594E+01 0.219167E+02
 0.220000E+01 -.340697E+01 -.187770E+01 -.150986E+01 0.233093E+02
 0.220358E+01 -.343617E+01 -.188714E+01 -.150821E+01 0.212173E+02
 0.220279E+01 -.344113E+01 -.188608E+01 -.150806E+01 0.212709E+02
 0.220869E+01 -.344356E+01 -.187696E+01 -.150873E+01 0.213991E+02
 0.220270E+01 -.343615E+01 -.188651E+01 -.150973E+01 0.212199E+02
 0.220317E+01 -.343625E+01 -.188658E+01 -.150811E+01 0.212169E+02
 0.220311E+01 -.343625E+01 -.188663E+01 -.150833E+01 0.212189E+02
 0.222942E+01 -.341214E+01 -.186958E+01 -.150778E+01 0.229180E+02
 0.220333E+01 -.343613E+01 -.188647E+01 -.150956E+01 0.212177E+02
 0.220323E+01 -.343634E+01 -.188681E+01 -.150844E+01 0.212189E+02
 0.237705E+01 -.345061E+01 -.185468E+01 -.148934E+01 0.233209E+02
 0.220621E+01 -.343632E+01 -.188708E+01 -.151059E+01 0.212246E+02
 0.220234E+01 -.344538E+01 -.188643E+01 -.150828E+01 0.214000E+02
 0.220472E+01 -.343795E+01 -.188532E+01 -.150828E+01 0.212246E+02
 0.231341E+01 -.343577E+01 -.188755E+01 -.151056E+01 0.212524E+02
 0.220561E+01 -.343245E+01 -.188593E+01 -.150973E+01 0.212495E+02
 0.220277E+01 -.343596E+01 -.188958E+01 -.155233E+01 0.221149E+02
 0.220430E+01 -.343629E+01 -.188627E+01 -.151352E+01 0.212277E+02
 0.220298E+01 -.343625E+01 -.188765E+01 -.150990E+01 0.212233E+02
 0.220282E+01 -.343665E+01 -.189504E+01 -.156854E+01 0.231385E+02
 0.222239E+01 -.343645E+01 -.179652E+01 -.150479E+01 0.282677E+02
 0.220827E+01 -.343475E+01 -.188654E+01 -.150776E+01 0.212229E+02
 0.220318E+01 -.343602E+01 -.188666E+01 -.150825E+01 0.212169E+02
 0.220000E+01 -.343041E+01 -.187918E+01 -.149036E+01 0.216330E+02
 0.220266E+01 -.346951E+01 -.188355E+01 -.151070E+01 0.234993E+02
 0.220312E+01 -.343578E+01 -.188278E+01 -.150816E+01 0.212322E+02
 0.220322E+01 -.342851E+01 -.188283E+01 -.152648E+01 0.214321E+02
 0.220304E+01 -.343628E+01 -.188964E+01 -.150778E+01 0.212264E+02
 0.220369E+01 -.343648E+01 -.188685E+01 -.150839E+01 0.212171E+02
 0.220311E+01 -.343853E+01 -.188802E+01 -.150618E+01 0.212304E+02
 0.220476E+01 -.343647E+01 -.188634E+01 -.150837E+01 0.212174E+02
 0.220337E+01 -.343624E+01 -.188642E+01 -.150855E+01 0.212169E+02
 0.220493E+01 -.343626E+01 -.188812E+01 -.147982E+01 0.215406E+02
 0.220000E+01 -.343732E+01 -.188666E+01 -.150854E+01 0.212211E+02
 0.220000E+01 -.343605E+01 -.188649E+01 -.150549E+01 0.212209E+02
 0.220383E+01 -.349391E+01 -.188099E+01 -.150843E+01 0.277923E+02
 0.220313E+01 -.343387E+01 -.188657E+01 -.150669E+01 0.212302E+02
 0.220309E+01 -.343642E+01 -.188644E+01 -.150804E+01 0.212180E+02
 0.220226E+01 -.343615E+01 -.188691E+01 -.150741E+01 0.212176E+02
 0.220000E+01 -.346244E+01 -.183100E+01 -.150945E+01 0.249107E+02
 0.220000E+01 -.342841E+01 -.188760E+01 -.150475E+01 0.213543E+02
 0.221004E+01 -.343598E+01 -.188488E+01 -.158159E+01 0.230338E+02
 0.220222E+01 -.343678E+01 -.188632E+01 -.150836E+01 0.212197E+02
 0.220273E+01 -.343580E+01 -.188660E+01 -.150889E+01 0.212195E+02
 0.220258E+01 -.343488E+01 -.188661E+01 -.150662E+01 0.212235E+02
 0.220340E+01 -.343630E+01 -.188649E+01 -.150861E+01 0.212169E+02
 0.220677E+01 -.343642E+01 -.188875E+01 -.150713E+01 0.212229E+02
 0.220510E+01 -.345383E+01 -.186327E+01 -.150640E+01 0.223071E+02
 0.221872E+01 -.343643E+01 -.187941E+01 -.149227E+01 0.214997E+02
 0.220260E+01 -.343629E+01 -.188402E+01 -.150719E+01 0.212266E+02
 0.223363E+01 -.343649E+01 -.189266E+01 -.150199E+01 0.212350E+02
 0.220597E+01 -.343677E+01 -.188715E+01 -.150875E+01 0.212191E+02
 0.220577E+01 -.342787E+01 -.188618E+01 -.150801E+01 0.213741E+02
 0.220000E+01 -.343677E+01 -.188737E+01 -.150876E+01 0.212204E+02
 0.221575E+01 -.343515E+01 -.188639E+01 -.152943E+01 0.214009E+02
 0.220007E+01 -.343503E+01 -.188742E+01 -.150255E+01 0.212293E+02
 0.220308E+01 -.343620E+01 -.188714E+01 -.150822E+01 0.212191E+02
 0.220300E+01 -.343629E+01 -.188650E+01 -.150824E+01 0.212189E+02
 0.220000E+01 -.343682E+01 -.190791E+01 -.150839E+01 0.216311E+02
 0.220323E+01 -.343635E+01 -.188394E+01 -.150790E+01 0.212240E+02
 0.220338E+01 -.343661E+01 -.189288E+01 -.151264E+01 0.212895E+02
 0.220309E+01 -.343260E+01 -.187479E+01 -.149871E+01 0.215348E+02
 0.220289E+01 -.343617E+01 -.188639E+01 -.150894E+01 0.212190E+02
 0.221656E+01 -.344148E+01 -.188577E+01 -.150835E+01 0.212810E+02
 0.220418E+01 -.343847E+01 -.185534E+01 -.148461E+01 0.230728E+02
 0.221508E+01 -.343664E+01 -.188830E+01 -.150945E+01 0.212255E+02
 0.220336E+01 -.343625E+01 -.188953E+01 -.150619E+01 0.212218E+02
 0.220749E+01 -.343599E+01 -.188170E+01 -.150867E+01 0.212400E+02
 0.220360E+01 -.343283E+01 -.188491E+01 -.150909E+01 0.212451E+02
 0.220304E+01 -.343681E+01 -.188647E+01 -.150829E+01 0.212186E+02
 0.220306E+01 -.343713E+01 -.189101E+01 -.151989E+01 0.213515E+02
 0.220330E+01 -.343665E+01 -.188659E+01 -.150826E+01 0.212174E+02
 0.220318E+01 -.343639E+01 -.188670E+01 -.150108E+01 0.212390E+02
 0.220300E+01 -.343625E+01 -.188224E+01 -.153589E+01 0.214249E+02
 0.220343E+01 -.343585E+01 -.189105E+01 -.150883E+01 0.212373E+02
 0.220299E+01 -.343515E+01 -.188616E+01 -.150224E+01 0.212391E+02
 0.221341E+01 -.344149E+01 -.189021E+01 -.150779E+01 0.212932E+02
 0.220313E+01 -.343539E+01 -.187875E+01 -.150844E+01 0.212730E+02
 0.220514E+01 -.342599E+01 -.187852E+01 -.148726E+01 0.219097E+02
 0.220313E+01 -.343340E+01 -.188587E+01 -.150611E+01 0.212390E+02
 0.220901E+01 -.343568E+01 -.188496E+01 -.150992E+01 0.212202E+02
 0.220137E+01 -.343832E+01 -.187819E+01 -.150321E+01 0.213388E+02
 0.220302E+01 -.343622E+01 -.188612E+01 -.149712E+01 0.212762E+02
 0.220321E+01 -.343605E+01 -.188623E+01 -.150791E+01 0.212173E+02
 0.220000E+01 -.343925E+01 -.192494E+01 -.142255E+01 0.225215E+02
 0.220349E+01 -.343519E+01 -.188623E+01 -.150835E+01 0.212195E+02
 0.220318E+01 -.343876E+01 -.188599E+01 -.151390E+01 0.212445E+02
 0.220963E+01 -.344027E+01 -.188761E+01 -.150844E+01 0.212553E+02
 0.221517E+01 -.343623E+01 -.187946E+01 -.156507E+01 0.220879E+02
 0.220287E+01 -.343726E+01 -.187343E+01 -.150632E+01 0.213971E+02
 0.220265E+01 -.343634E+01 -.188670E+01 -.150835E+01 0.212188E+02
 0.220787E+01 -.343618E+01 -.189719E+01 -.150645E+01 0.212970E+02
 0.220311E+01 -.343646E+01 -.189315E+01 -.151373E+01 0.213070E+02
 0.220417E+01 -.343611E+01 -.188561E+01 -.150858E+01 0.212177E+02
 0.220277E+01 -.342013E+01 -.188342E+01 -.150361E+01 0.218488E+02
 0.230526E+01 -.347545E+01 -.185618E+01 -.162085E+01 0.262184E+02
 0.220114E+01 -.343652E+01 -.188658E+01 -.150969E+01 0.212197E+02
 0.220459E+01 -.343617E+01 -.188668E+01 -.150865E+01 0.212176E+02
 0.220461E+01 -.343597E+01 -.188643E+01 -.150839E+01 0.212176E+02
 0.220277E+01 -.343623E+01 -.188641E+01 -.150829E+01 0.212178E+02
 0.220237E+01 -.343578E+01 -.188565E+01 -.152076E+01 0.212737E+02
 0.220396E+01 -.343624E+01 -.188643E+01 -.150818E+01 0.212171E+02
 0.220311E+01 -.343621E+01 -.188752E+01 -.150873E+01 0.212204E+02
 0.220309E+01 -.341934E+01 -.184343E+01 -.150828E+01 0.236232E+02
 0.220323E+01 -.343624E+01 -.188663E+01 -.150870E+01 0.212170E+02
 0.220318E+01 -.343625E+01 -.188677E+01 -.150846E+01 0.212171E+02
 0.220380E+01 -.343630E+01 -.188665E+01 -.150843E+01 0.212170E+02
 0.220252E+01 -.343610E+01 -.188365E+01 -.150822E+01 0.212266E+02
 0.220474E+01 -.343628E+01 -.188678E+01 -.150811E+01 0.212174E+02
 0.220000E+01 -.343632E+01 -.185354E+01 -.149443E+01 0.227061E+02
 0.220259E+01 -.346131E+01 -.188833E+01 -.150656E+01 0.225497E+02
 0.220486E+01 -.345269E+01 -.188732E+01 -.151091E+01 0.218055E+02
 0.220315E+01 -.343623E+01 -.188646E+01 -.150787E+01 0.212168E+02
 0.220889E+01 -.344929E+01 -.191490E+01 -.160075E+01 0.279089E+02
 0.220000E+01 -.343602E+01 -.188659E+01 -.152149E+01 0.212934E+02
 0.220313E+01 -.343625E+01 -.188652E+01 -.150832E+01 0.212168E+02
 0.220362E+01 -.345014E+01 -.188732E+01 -.151815E+01 0.216909E+02
 0.220333E+01 -.343507E+01 -.188632E+01 -.150847E+01 0.212201E+02
 0.220299E+01 -.343680E+01 -.188747E+01 -.151116E+01 0.212275E+02
 0.220366E+01 -.343636E+01 -.188561E+01 -.151161E+01 0.212197E+02
 0.220302E+01 -.343463E+01 -.190551E+01 -.150350E+01 0.214515E+02
 0.220525E+01 -.343653E+01 -.188631E+01 -.150104E+01 0.212416E+02
 0.220317E+01 -.343621E+01 -.188780E+01 -.150801E+01 0.212179E+02
 0.223117E+01 -.343718E+01 -.189175E+01 -.151561E+01 0.213121E+02
 0.220320E+01 -.343676E+01 -.188727E+01 -.149943E+01 0.212443E+02
 0.220452E+01 -.341479E+01 -.188364E+01 -.153273E+01 0.224375E+02
 0.220307E+01 -.343443E+01 -.188847E+01 -.150834E+01 0.212266E+02
 0.220318E+01 -.343686E+01 -.188540E+01 -.150859E+01 0.212184E+02
 0.220552E+01 -.343652E+01 -.188090E+01 -.151174E+01 0.212311E+02
 0.220299E+01 -.343075E+01 -.185577E+01 -.150824E+01 0.221421E+02
 0.220311E+01 -.343601E+01 -.186988E+01 -.151411E+01 0.213780E+02
 0.220298E+01 -.343607E+01 -.188664E+01 -.150829E+01 0.212189E+02
 0.220543E+01 -.346635E+01 -.186594E+01 -.143219E+01 0.279557E+02
 0.220329E+01 -.343616E+01 -.188718E+01 -.150832E+01 0.212171E+02
 0.220290E+01 -.344043E+01 -.188625E+01 -.150908E+01 0.212575E+02
 0.221283E+01 -.344164E+01 -.187783E+01 -.150863E+01 0.213381E+02
 0.220248E+01 -.343609E+01 -.188661E+01 -.150663E+01 0.212195E+02
 0.220315E+01 -.343626E+01 -.188652E+01 -.150830E+01 0.212167E+02
 0.220316E+01 -.343625E+01 -.188666E+01 -.150818E+01 0.212168E+02
 0.221093E+01 -.340191E+01 -.190566E+01 -.150490E+01 0.240605E+02
 0.220344E+01 -.343582E+01 -.188644E+01 -.150947E+01 0.212180E+02
 0.220308E+01 -.343627E+01 -.188669E+01 -.150788E+01 0.212188E+02
 0.226003E+01 -.344339E+01 -.191367E+01 -.149878E+01 0.217971E+02
 0.220267E+01 -.343605E+01 -.188700E+01 -.150911E+01 0.212187E+02
 0.220149E+01 -.345743E+01 -.188640E+01 -.150844E+01 0.221699E+02
 0.220271E+01 -.343811E+01 -.188710E+01 -.150892E+01 0.212267E+02
 0.220000E+01 -.343269E+01 -.190131E+01 -.152892E+01 0.219114E+02
 0.220791E+01 -.343588E+01 -.188404E+01 -.150860E+01 0.212262E+02
 0.220270E+01 -.344124E+01 -.188273E+01 -.154830E+01 0.217661E+02
 0.220448E+01 -.343619E+01 -.188808E+01 -.151136E+01 0.212283E+02
 0.220362E+01 -.343625E+01 -.188640E+01 -.150946E+01 0.212175E+02
 0.220292E+01 -.343525E+01 -.188230E+01 -.145314E+01 0.229624E+02
 0.220001E+01 -.343682E+01 -.188639E+01 -.150943E+01 0.212196E+02
 0.220311E+01 -.343655E+01 -.188670E+01 -.150830E+01 0.212191E+02
 0.220107E+01 -.343226E+01 -.194387E+01 -.146641E+01 0.222820E+02
 0.220320E+01 -.347449E+01 -.189570E+01 -.150840E+01 0.243750E+02
 0.220314E+01 -.343590E+01 -.188605E+01 -.150826E+01 0.212173E+02
 0.220303E+01 -.341597E+01 -.188604E+01 -.149575E+01 0.222356E+02
 0.220298E+01 -.343651E+01 -.188637E+01 -.150438E+01 0.212255E+02
 0.220302E+01 -.343653E+01 -.188662E+01 -.150684E+01 0.212196E+02
 0.220312E+01 -.343579E+01 -.188713E+01 -.150616E+01 0.212179E+02
 0.220312E+01 -.343605E+01 -.188651E+01 -.151144E+01 0.212236E+02
 0.220304E+01 -.343630E+01 -.188658E+01 -.150792E+01 0.212189E+02
 0.220000E+01 -.343616E+01 -.188489E+01 -.151954E+01 0.212561E+02
 0.221238E+01 -.343676E+01 -.188647E+01 -.150895E+01 0.212200E+02
 0.220731E+01 -.343638E+01 -.188651E+01 -.151034E+01 0.212229E+02
 0.244843E+01 -.343358E+01 -.192934E+01 -.148905E+01 0.221132E+02
 0.220412E+01 -.345095E+01 -.188394E+01 -.150741E+01 0.216807E+02
 0.220310E+01 -.343625E+01 -.188660E+01 -.150847E+01 0.212179E+02
 0.220306E+01 -.343651E+01 -.188636E+01 -.150819E+01 0.212181E+02
 0.220120E+01 -.343630E+01 -.188555E+01 -.150730E+01 0.212205E+02
 0.222007E+01 -.343427E+01 -.188579E+01 -.151579E+01 0.212449E+02
 0.220632E+01 -.343626E+01 -.188491E+01 -.141186E+01 0.263634E+02
 0.220373E+01 -.343614E+01 -.188644E+01 -.150813E+01 0.212170E+02
 0.220299E+01 -.343599E+01 -.188648E+01 -.150776E+01 0.212190E+02
 0.220300E+01 -.343737E+01 -.188650E+01 -.150685E+01 0.212224E+02
 0.220293E+01 -.343621E+01 -.188642E+01 -.150902E+01 0.212191E+02
 0.220000E+01 -.343650E+01 -.188578E+01 -.150750E+01 0.212195E+02
 0.220242E+01 -.344828E+01 -.189224E+01 -.150864E+01 0.215757E+02
 0.220802E+01 -.343606E+01 -.188122E+01 -.148951E+01 0.215064E+02
 0.220268E+01 -.343630E+01 -.188399E+01 -.150590E+01 0.212325E+02
 0.296358E+01 -.343422E+01 -.190233E+01 -.152462E+01 0.218479E+02
 0.220000E+01 -.343857E+01 -.188996E+01 -.149746E+01 0.212512E+02
 0.220000E+01 -.343680E+01 -.188697E+01 -.150997E+01 0.212207E+02
 0.220589E+01 -.343107E+01 -.188661E+01 -.150816E+01 0.212765E+02
 0.221053E+01 -.343569E+01 -.188800E+01 -.150847E+01 0.212210E+02
 0.220000E+01 -.343914E+01 -.188684E+01 -.149179E+01 0.213473E+02
 0.220000E+01 -.343359E+01 -.188673E+01 -.150730E+01 0.212323E+02
 0.220317E+01 -.343636E+01 -.188512E+01 -.150860E+01 0.212183E+02
 0.220302E+01 -.343624E+01 -.188654E+01 -.150836E+01 0.212178E+02
 0.227818E+01 -.343460E+01 -.189718E+01 -.150904E+01 0.213429E+02
 0.220315E+01 -.343612E+01 -.188505E+01 -.150830E+01 0.212189E+02
 0.220308E+01 -.343572E+01 -.187585E+01 -.151098E+01 0.212935E+02
 0.220301E+01 -.343748E+01 -.189778E+01 -.151258E+01 0.213972E+02
 0.220302E+01 -.343518E+01 -.188629E+01 -.150803E+01 0.212214E+02
 0.221202E+01 -.343835E+01 -.188653E+01 -.150822E+01 0.212290E+02
 0.220000E+01 -.343322E+01 -.191170E+01 -.153557E+01 0.227891E+02
 0.220629E+01 -.343684E+01 -.188511E+01 -.150898E+01 0.212223E+02
 0.220275E+01 -.343624E+01 -.189373E+01 -.150901E+01 0.212705E+02
 0.220657E+01 -.343626E+01 -.189219E+01 -.150812E+01 0.212478E+02
 0.220307E+01 -.343837E+01 -.188569E+01 -.150761E+01 0.212298E+02
 0.220314E+01 -.343639E+01 -.188642E+01 -.150835E+01 0.212168E+02
 0.220303E+01 -.343606E+01 -.188293E+01 -.150364E+01 0.212561E+02
 0.220322E+01 -.343725E+01 -.188661E+01 -.150837E+01 0.212193E+02
 0.220292E+01 -.343343E+01 -.188646E+01 -.149785E+01 0.212835E+02
 0.220313E+01 -.343625E+01 -.188352E+01 -.151754E+01 0.212353E+02
 0.220360E+01 -.343599E+01 -.189062E+01 -.150852E+01 0.212324E+02
 0.220302E+01 -.343037E+01 -.189193E+01 -.150602E+01 0.213010E+02
 0.220792E+01 -.344361E+01 -.187834E+01 -.150874E+01 0.213815E+02
 0.220314E+01 -.343700E+01 -.188221E+01 -.150824E+01 0.212358E+02
 0.220097E+01 -.344047E+01 -.188253E+01 -.149162E+01 0.214560E+02
 0.220311E+01 -.343697E+01 -.188843E+01 -.150800E+01 0.212219E+02
 0.220077E+01 -.343478E+01 -.188225E+01 -.150870E+01 0.212388E+02
 0.220064E+01 -.343528E+01 -.189468E+01 -.150486E+01 0.212512E+02
 0.220324E+01 -.343632E+01 -.188661E+01 -.148887E+01 0.213815E+02
 0.220307E+01 -.343619E+01 -.188698E+01 -.150819E+01 0.212192E+02
 0.220371E+01 -.343645E+01 -.184967E+01 -.147569E+01 0.241293E+02
 0.220448E+01 -.343647E+01 -.188618E+01 -.150846E+01 0.212190E+02
 0.220346E+01 -.345165E+01 -.188691E+01 -.150058E+01 0.217459E+02
 0.220030E+01 -.343784E+01 -.188754E+01 -.150830E+01 0.212254E+02
 0.222902E+01 -.343625E+01 -.188209E+01 -.152448E+01 0.212772E+02
 0.220295E+01 -.343726E+01 -.186965E+01 -.151314E+01 0.213904E+02
 0.220343E+01 -.343633E+01 -.188660E+01 -.150822E+01 0.212168E+02
 0.221539E+01 -.343608E+01 -.191903E+01 -.149629E+01 0.218011E+02
 0.220314E+01 -.343890E+01 -.189083E+01 -.150570E+01 0.212442E+02
 0.220597E+01 -.343588E+01 -.188412E+01 -.150846E+01 0.212231E+02
 0.220488E+01 -.341809E+01 -.188828E+01 -.150443E+01 0.219585E+02
 0.220293E+01 -.343642E+01 -.188652E+01 -.150960E+01 0.212199E+02
 0.220259E+01 -.343619E+01 -.188668E+01 -.150839E+01 0.212188E+02
 0.220228E+01 -.343746E+01 -.188684E+01 -.150706E+01 0.212226E+02
 0.220317E+01 -.343618E+01 -.188624E+01 -.150805E+01 0.212171E+02
 0.220280E+01 -.343602E+01 -.188681E+01 -.151876E+01 0.212693E+02
 0.220221E+01 -.343626E+01 -.188654E+01 -.150800E+01 0.212176E+02
 0.220309E+01 -.343610E+01 -.188776E+01 -.150829E+01 0.212202E+02
 0.220351E+01 -.342784E+01 -.188890E+01 -.150818E+01 0.213739E+02
 0.220338E+01 -.343623E+01 -.188661E+01 -.150798E+01 0.212170E+02
 0.220328E+01 -.343625E+01 -.188694E+01 -.150827E+01 0.212169E+02
 0.220287E+01 -.343631E+01 -.188656E+01 -.150839E+01 0.212190E+02
 0.220372E+01 -.343661E+01 -.188597E+01 -.150831E+01 0.212175E+02
 0.220248E+01 -.343622E+01 -.188716E+01 -.150804E+01 0.212189E+02
 0.236910E+01 -.343645E+01 -.185295E+01 -.148715E+01 0.232263E+02
 0.220011E+01 -.342039E+01 -.188709E+01 -.150670E+01 0.217823E+02
 0.220000E+01 -.342720E+01 -.188887E+01 -.151123E+01 0.214101E+02
 0.220320E+01 -.343629E+01 -.188660E+01 -.150821E+01 0.212168E+02
 0.220709E+01 -.343607E+01 -.188642E+01 -.154958E+01 0.218816E+02
 0.220318E+01 -.343625E+01 -.188661E+01 -.150820E+01 0.212168E+02
 0.220805E+01 -.342741E+01 -.188793E+01 -.151483E+01 0.214154E+02
 0.220352E+01 -.343420E+01 -.188682E+01 -.150839E+01 0.212261E+02
 0.220314E+01 -.343575E+01 -.188523E+01 -.150388E+01 0.212332E+02
 0.220294E+01 -.343622E+01 -.188941E+01 -.151012E+01 0.212333E+02
 0.220325E+01 -.343394E+01 -.189550E+01 -.153488E+01 0.218206E+02
 0.220222E+01 -.343630E+01 -.188677E+01 -.150957E+01 0.212201E+02
 0.220316E+01 -.343624E+01 -.188995E+01 -.150805E+01 0.212259E+02
 0.220000E+01 -.343655E+01 -.189079E+01 -.151008E+01 0.212442E+02
 0.220323E+01 -.343640E+01 -.188554E+01 -.151163E+01 0.212214E+02
 0.220154E+01 -.339423E+01 -.186253E+01 -.150848E+01 0.261207E+02
 0.220328E+01 -.343874E+01 -.188334E+01 -.150808E+01 0.212402E+02
 0.220317E+01 -.343845E+01 -.188285E+01 -.150904E+01 0.212372E+02
 0.220473E+01 -.343109E+01 -.187606E+01 -.151014E+01 0.213662E+02
 0.220315E+01 -.343959E+01 -.187438E+01 -.150839E+01 0.213630E+02
 0.220314E+01 -.343610E+01 -.187985E+01 -.150507E+01 0.212832E+02
 0.220286E+01 -.343618E+01 -.188652E+01 -.150815E+01 0.212178E+02
 0.220311E+01 -.338529E+01 -.188431E+01 -.148870E+01 0.277150E+02
 0.220000E+01 -.346471E+01 -.186758E+01 -.146155E+01 0.250568E+02
 0.220353E+01 -.343630E+01 -.188636E+01 -.150839E+01 0.212169E+02
 0.220338E+01 -.343400E+01 -.188648E+01 -.150949E+01 0.212285E+02
 0.220953E+01 -.342760E+01 -.189159E+01 -.150821E+01 0.213954E+02
 0.220234E+01 -.343621E+01 -.188656E+01 -.150549E+01 0.212219E+02
 0.220313E+01 -.343626E+01 -.188648E+01 -.150844E+01 0.212169E+02
 0.220317E+01 -.343625E+01 -.188657E+01 -.150820E+01 0.212167E+02
 0.231837E+01 -.341233E+01 -.190412E+01 -.150173E+01 0.225987E+02
 0.220278E+01 -.343622E+01 -.188643E+01 -.150832E+01 0.212188E+02
 0.220306E+01 -.343622E+01 -.188680E+01 -.150751E+01 0.212189E+02
 0.223385E+01 -.342724E+01 -.194804E+01 -.149823E+01 0.240685E+02
 0.220033E+01 -.343605E+01 -.188658E+01 -.150706E+01 0.212188E+02
 0.220100E+01 -.344243E+01 -.188648E+01 -.150782E+01 0.213021E+02
 0.220345E+01 -.343355E+01 -.188596E+01 -.150841E+01 0.212335E+02
 0.240801E+01 -.343790E+01 -.188991E+01 -.150656E+01 0.212767E+02
 0.220493E+01 -.343933E+01 -.188778E+01 -.150818E+01 0.212402E+02
 0.220012E+01 -.343654E+01 -.189026E+01 -.152669E+01 0.214434E+02
 0.220217E+01 -.343629E+01 -.188832E+01 -.150351E+01 0.212220E+02
 0.220392E+01 -.343625E+01 -.188549E+01 -.150867E+01 0.212179E+02
 0.220327E+01 -.343724E+01 -.187958E+01 -.143082E+01 0.249217E+02
 0.220000E+01 -.343801E+01 -.188648E+01 -.150880E+01 0.212254E+02
 0.220316E+01 -.343640E+01 -.188644E+01 -.150831E+01 0.212169E+02
 0.220154E+01 -.343593E+01 -.188385E+01 -.149451E+01 0.213455E+02
 0.220333E+01 -.342591E+01 -.190154E+01 -.150768E+01 0.216074E+02
 0.220321E+01 -.343653E+01 -.188937E+01 -.150828E+01 0.212263E+02
 0.220317E+01 -.343455E+01 -.188412E+01 -.148816E+01 0.214611E+02
 0.220299E+01 -.343635E+01 -.188409E+01 -.150344E+01 0.212453E+02
 0.220301E+01 -.343634E+01 -.188637E+01 -.150811E+01 0.212189E+02
 0.220318E+01 -.343409E+01 -.188486E+01 -.150777E+01 0.212313E+02
 0.220258E+01 -.343644E+01 -.188641E+01 -.150550E+01 0.212212E+02
 0.220303E+01 -.343628E+01 -.188672E+01 -.150781E+01 0.212188E+02
 0.220347E+01 -.343614E+01 -.188352E+01 -.154645E+01 0.216814E+02
 0.221756E+01 -.343615E+01 -.188659E+01 -.150864E+01 0.212229E+02
 0.220674E+01 -.343657E+01 -.188657E+01 -.150901E+01 0.212213E+02
 0.220315E+01 -.343795E+01 -.188654E+01 -.150902E+01 0.212248E+02
 0.220308E+01 -.343608E+01 -.188665E+01 -.150851E+01 0.212190E+02
 0.220157E+01 -.343603E+01 -.188797E+01 -.150683E+01 0.212190E+02
 0.220000E+01 -.342279E+01 -.189162E+01 -.150894E+01 0.216342E+02
 0.222277E+01 -.343979E+01 -.188449E+01 -.151331E+01 0.212555E+02
 0.220393E+01 -.343625E+01 -.188481E+01 -.144540E+01 0.232888E+02
 0.220433E+01 -.343579E+01 -.188663E+01 -.150798E+01 0.212176E+02
 0.220399E+01 -.343675E+01 -.188667E+01 -.150804E+01 0.212176E+02
 0.220198E+01 -.343663E+01 -.188655E+01 -.150709E+01 0.212197E+02
 0.220297E+01 -.343624E+01 -.188660E+01 -.150823E+01 0.212188E+02
 0.221066E+01 -.343648E+01 -.188428E+01 -.150883E+01 0.212225E+02
 0.220085E+01 -.342991E+01 -.191235E+01 -.151018E+01 0.219181E+02
 0.220000E+01 -.343672E+01 -.188826E+01 -.150180E+01 0.212268E+02
 0.220342E+01 -.343611E+01 -.188941E+01 -.150666E+01 0.212222E+02
 0.223983E+01 -.343864E+01 -.188922E+01 -.150867E+01 0.212497E+02
 0.220530E+01 -.343658E+01 -.188475E+01 -.150830E+01 0.212205E+02
 0.220412E+01 -.344152E+01 -.188668E+01 -.150822E+01 0.212778E+02
 0.221004E+01 -.343586E+01 -.188634E+01 -.150848E+01 0.212189E+02
 0.221461E+01 -.343760E+01 -.188753E+01 -.150492E+01 0.212258E+02
 0.220632E+01 -.349420E+01 -.189118E+01 -.150681E+01 0.279475E+02
 0.221163E+01 -.343641E+01 -.188668E+01 -.151107E+01 0.212228E+02
 0.220336E+01 -.343642E+01 -.188531E+01 -.150868E+01 0.212181E+02
 0.220313E+01 -.343618E+01 -.188662E+01 -.150810E+01 0.212167E+02
 0.229023E+01 -.343456E+01 -.187043E+01 -.150755E+01 0.215056E+02
 0.220330E+01 -.343605E+01 -.188792E+01 -.150829E+01 0.212186E+02
 0.220369E+01 -.343556E+01 -.186581E+01 -.150892E+01 0.215829E+02
 0.220000E+01 -.346720E+01 -.184406E+01 -.151115E+01 0.243732E+02
 0.220289E+01 -.343769E+01 -.190769E+01 -.150604E+01 0.215819E+02
 0.220307E+01 -.343606E+01 -.188652E+01 -.150737E+01 0.212191E+02
 0.220346E+01 -.343479E+01 -.188706E+01 -.150815E+01 0.212216E+02
 0.220590E+01 -.342690E+01 -.191402E+01 -.153702E+01 0.231477E+02
 0.220000E+01 -.343656E+01 -.188304E+01 -.150849E+01 0.212282E+02
 0.220288E+01 -.343627E+01 -.189309E+01 -.150931E+01 0.212649E+02
 0.220209E+01 -.343642E+01 -.189115E+01 -.150848E+01 0.212388E+02
 0.220310E+01 -.343723E+01 -.188848E+01 -.150754E+01 0.212235E+02
 0.220321E+01 -.343596E+01 -.188651E+01 -.150837E+01 0.212189E+02
 0.220183E+01 -.343697E+01 -.188171E+01 -.149272E+01 0.214224E+02
 0.220319E+01 -.343613E+01 -.188670E+01 -.150828E+01 0.212170E+02
 0.220340E+01 -.343686E+01 -.188704E+01 -.150330E+01 0.212256E+02
 0.220322E+01 -.343625E+01 -.188499E+01 -.149308E+01 0.213448E+02
 0.220374E+01 -.343662E+01 -.188292E+01 -.150856E+01 0.212278E+02
 0.220324E+01 -.343631E+01 -.189020E+01 -.150920E+01 0.212326E+02
 0.220408E+01 -.343076E+01 -.189294E+01 -.150918E+01 0.213173E+02
 0.220318E+01 -.343770E+01 -.189286E+01 -.150810E+01 0.212568E+02
 0.220000E+01 -.344859E+01 -.188869E+01 -.152296E+01 0.216864E+02
 0.220315E+01 -.343931E+01 -.188656E+01 -.150945E+01 0.212408E+02
 0.220266E+01 -.343530E+01 -.188325E+01 -.150818E+01 0.212309E+02
 0.220344E+01 -.343360E+01 -.189641E+01 -.151252E+01 0.213630E+02
 0.220334E+01 -.343628E+01 -.188686E+01 -.151205E+01 0.212247E+02
 0.220305E+01 -.343612E+01 -.188748E+01 -.150845E+01 0.212199E+02
 0.220332E+01 -.343424E+01 -.183266E+01 -.152210E+01 0.230613E+02
 0.220433E+01 -.343719E+01 -.188640E+01 -.150814E+01 0.212191E+02
 0.220301E+01 -.343217E+01 -.188651E+01 -.152016E+01 0.213137E+02
 0.220065E+01 -.343503E+01 -.188680E+01 -.150823E+01 0.212216E+02
 0.222717E+01 -.343624E+01 -.188371E+01 -.148681E+01 0.215055E+02
 0.220332E+01 -.343607E+01 -.189375E+01 -.151950E+01 0.213989E+02
 0.220399E+01 -.343630E+01 -.188652E+01 -.150821E+01 0.212172E+02
 0.221735E+01 -.343632E+01 -.191249E+01 -.150514E+01 0.217335E+02
 0.220305E+01 -.343682E+01 -.187925E+01 -.150763E+01 0.212696E+02
 0.220426E+01 -.343580E+01 -.188728E+01 -.150790E+01 0.212178E+02
 0.220193E+01 -.342725E+01 -.188926E+01 -.150603E+01 0.213944E+02
 0.220309E+01 -.343661E+01 -.188662E+01 -.150556E+01 0.212216E+02
 0.220254E+01 -.343621E+01 -.188667E+01 -.150817E+01 0.212189E+02
 0.220259E+01 -.343682E+01 -.188693E+01 -.150811E+01 0.212197E+02
 0.220367E+01 -.343615E+01 -.188638E+01 -.150794E+01 0.212172E+02
 0.220508E+01 -.343632E+01 -.188823E+01 -.149831E+01 0.212456E+02
 0.220247E+01 -.343627E+01 -.188672E+01 -.150768E+01 0.212189E+02
 0.220311E+01 -.343613E+01 -.188601E+01 -.150757E+01 0.212177E+02
 0.220357E+01 -.343432E+01 -.192170E+01 -.150799E+01 0.223115E+02
 0.220347E+01 -.343624E+01 -.188664E+01 -.150807E+01 0.212168E+02
 0.220330E+01 -.343623E+01 -.188673E+01 -.150791E+01 0.212168E+02
 0.220302E+01 -.343614E+01 -.188669E+01 -.150795E+01 0.212188E+02
 0.220376E+01 -.343657E+01 -.188863E+01 -.150822E+01 0.212212E+02
 0.220259E+01 -.343623E+01 -.188672E+01 -.150793E+01 0.212177E+02
 0.241005E+01 -.343623E+01 -.190670E+01 -.149289E+01 0.213755E+02
 0.220181E+01 -.341064E+01 -.188651E+01 -.150747E+01 0.227190E+02
 0.220864E+01 -.342149E+01 -.188989E+01 -.150704E+01 0.217015E+02
 0.220317E+01 -.343635E+01 -.188673E+01 -.150824E+01 0.212170E+02
 0.220387E+01 -.343610E+01 -.188635E+01 -.152833E+01 0.213785E+02
 0.220316E+01 -.343626E+01 -.188659E+01 -.150809E+01 0.212168E+02
 0.220507E+01 -.341795E+01 -.188843E+01 -.150230E+01 0.219755E+02
 0.220303E+01 -.343802E+01 -.188674E+01 -.150793E+01 0.212260E+02
 0.220323E+01 -.343515E+01 -.188416E+01 -.150200E+01 0.212575E+02
 0.220377E+01 -.343612E+01 -.188751E+01 -.150823E+01 0.212178E+02
 0.220334E+01 -.343401E+01 -.188880E+01 -.151949E+01 0.213096E+02
 0.220108E+01 -.343608E+01 -.188700E+01 -.151495E+01 0.212416E+02
 0.220314E+01 -.343625E+01 -.188819E+01 -.150792E+01 0.212185E+02
 0.224669E+01 -.343627E+01 -.187476E+01 -.150732E+01 0.213702E+02
 0.220318E+01 -.343597E+01 -.188542E+01 -.151500E+01 0.212297E+02
 0.220000E+01 -.341735E+01 -.187512E+01 -.149105E+01 0.225377E+02
 0.220341E+01 -.343970E+01 -.188520E+01 -.150793E+01 0.212440E+02
 0.220316E+01 -.343572E+01 -.188716E+01 -.150890E+01 0.212182E+02
 0.220287E+01 -.343206E+01 -.187533E+01 -.150804E+01 0.213808E+02
 0.220349E+01 -.344085E+01 -.190288E+01 -.150811E+01 0.215126E+02
 0.220320E+01 -.343630E+01 -.189576E+01 -.150477E+01 0.212623E+02
 0.220312E+01 -.343625E+01 -.188657E+01 -.150796E+01 0.212186E+02
 0.220000E+01 -.343831E+01 -.188636E+01 -.147343E+01 0.217881E+02
 0.220528E+01 -.343535E+01 -.185949E+01 -.155465E+01 0.214701E+02
 0.220360E+01 -.343629E+01 -.188622E+01 -.150770E+01 0.212175E+02
 0.220335E+01 -.343215E+01 -.188661E+01 -.150923E+01 0.212561E+02
 0.220618E+01 -.342749E+01 -.188939E+01 -.150811E+01 0.213881E+02
 0.220269E+01 -.343621E+01 -.188659E+01 -.150978E+01 0.212189E+02
 0.220313E+01 -.343620E+01 -.188667E+01 -.150809E+01 0.212168E+02
 0.220318E+01 -.343621E+01 -.188653E+01 -.150818E+01 0.212169E+02
 0.230759E+01 -.343562E+01 -.184352E+01 -.150915E+01 0.228471E+02
 0.228339E+01 -.345855E+01 -.180914E+01 -.174998E+01 0.275441E+02
 0.220268E+01 -.343646E+01 -.188639E+01 -.150740E+01 0.212183E+02
 0.220338E+01 -.343626E+01 -.188680E+01 -.150785E+01 0.212170E+02
 0.232402E+01 -.343718E+01 -.187846E+01 -.149960E+01 0.214255E+02
 0.220414E+01 -.343619E+01 -.188639E+01 -.150731E+01 0.212176E+02
 0.220087E+01 -.342444E+01 -.188660E+01 -.150784E+01 0.215289E+02
 0.220447E+01 -.343138E+01 -.188474E+01 -.150790E+01 0.212752E+02
 0.221312E+01 -.343777E+01 -.187668E+01 -.149412E+01 0.215431E+02
 0.220276E+01 -.344046E+01 -.188602E+01 -.150938E+01 0.212579E+02
 0.220059E+01 -.343398E+01 -.189578E+01 -.146387E+01 0.217764E+02
 0.220103E+01 -.343624E+01 -.188805E+01 -.150617E+01 0.212176E+02
 0.220027E+01 -.339791E+01 -.190604E+01 -.154946E+01 0.262240E+02
 0.220298E+01 -.343621E+01 -.188696E+01 -.150810E+01 0.212191E+02
 0.220337E+01 -.343756E+01 -.189141E+01 -.155076E+01 0.221525E+02
 0.220652E+01 -.343564E+01 -.188658E+01 -.150793E+01 0.212213E+02
 0.220316E+01 -.343603E+01 -.188640E+01 -.150815E+01 0.212171E+02
 0.220378E+01 -.343896E+01 -.183983E+01 -.152619E+01 0.223813E+02
 0.220288E+01 -.339832E+01 -.188178E+01 -.151124E+01 0.246316E+02
 0.220324E+01 -.343661E+01 -.189042E+01 -.150797E+01 0.212295E+02
 0.220449E+01 -.345193E+01 -.188197E+01 -.149481E+01 0.218836E+02
 0.220317E+01 -.343632E+01 -.188771E+01 -.150819E+01 0.212177E+02
 0.220382E+01 -.343608E+01 -.188658E+01 -.150849E+01 0.212171E+02
 0.220320E+01 -.343649E+01 -.188536E+01 -.150918E+01 0.212175E+02
 0.220477E+01 -.343636E+01 -.188646E+01 -.150457E+01 0.212232E+02
 0.220333E+01 -.343627E+01 -.188675E+01 -.150780E+01 0.212168E+02
 0.220530E+01 -.343619E+01 -.188605E+01 -.150615E+01 0.212206E+02
 0.220000E+01 -.343578E+01 -.188671E+01 -.150780E+01 0.212188E+02
 0.220561E+01 -.343610E+01 -.188661E+01 -.150649E+01 0.212188E+02
 0.220318E+01 -.347315E+01 -.189245E+01 -.150704E+01 0.240930E+02
 0.220321E+01 -.343748E+01 -.188671E+01 -.150653E+01 0.212210E+02
 0.220317E+01 -.343577E+01 -.188691E+01 -.150814E+01 0.212192E+02
 0.220399E+01 -.343603E+01 -.188892E+01 -.150635E+01 0.212184E+02
 0.220597E+01 -.344202E+01 -.188583E+01 -.151341E+01 0.212985E+02
 0.220218E+01 -.343612E+01 -.188353E+01 -.151746E+01 0.212350E+02
 0.220267E+01 -.343595E+01 -.188670E+01 -.150809E+01 0.212189E+02
 0.220415E+01 -.343644E+01 -.188679E+01 -.150892E+01 0.212178E+02
 0.220144E+01 -.343498E+01 -.188696E+01 -.150770E+01 0.212206E+02
 0.220314E+01 -.343621E+01 -.188674E+01 -.150775E+01 0.212169E+02
 0.220031E+01 -.343605E+01 -.188611E+01 -.150952E+01 0.212188E+02
 0.220151E+01 -.343386E+01 -.191498E+01 -.150889E+01 0.219596E+02
 0.220695E+01 -.343663E+01 -.189135E+01 -.151262E+01 0.212720E+02
 0.220359E+01 -.343592E+01 -.189138E+01 -.150846E+01 0.212381E+02
 0.221130E+01 -.343483E+01 -.189002E+01 -.151643E+01 0.212888E+02
 0.220726E+01 -.343593E+01 -.188413E+01 -.150778E+01 0.212276E+02
 0.220198E+01 -.344176E+01 -.188608E+01 -.150814E+01 0.212840E+02
 0.220211E+01 -.343630E+01 -.188525E+01 -.150830E+01 0.212203E+02
 0.221208E+01 -.343620E+01 -.188762E+01 -.151707E+01 0.212620E+02
 0.221744E+01 -.343722E+01 -.188717E+01 -.151072E+01 0.212281E+02
 0.220344E+01 -.343635E+01 -.188761E+01 -.150769E+01 0.212175E+02
 0.220321E+01 -.343614E+01 -.188669E+01 -.150790E+01 0.212168E+02
 0.220725E+01 -.343574E+01 -.189160E+01 -.150757E+01 0.212396E+02
 0.220332E+01 -.343622E+01 -.188924E+01 -.150817E+01 0.212249E+02
 0.220395E+01 -.343637E+01 -.187841E+01 -.151155E+01 0.212527E+02
 0.220285E+01 -.343382E+01 -.188742E+01 -.150096E+01 0.212479E+02
 0.220297E+01 -.343716E+01 -.188657E+01 -.150837E+01 0.212207E+02
 0.220000E+01 -.343410E+01 -.188734E+01 -.150806E+01 0.212282E+02
 0.220516E+01 -.343789E+01 -.186033E+01 -.150685E+01 0.218498E+02
 0.220615E+01 -.343628E+01 -.188588E+01 -.150791E+01 0.212211E+02
 0.220403E+01 -.343629E+01 -.188490E+01 -.150759E+01 0.212209E+02
 0.220108E+01 -.343633E+01 -.188401E+01 -.150891E+01 0.212223E+02
 0.220331E+01 -.343440E+01 -.188838E+01 -.150866E+01 0.212271E+02
 0.220318E+01 -.343632E+01 -.188654E+01 -.150809E+01 0.212168E+02
 0.220280E+01 -.343667E+01 -.188254E+01 -.152591E+01 0.212900E+02
 0.220320E+01 -.343531E+01 -.188680E+01 -.150810E+01 0.212187E+02
 0.220332E+01 -.343912E+01 -.188687E+01 -.150866E+01 0.212355E+02
 0.220304E+01 -.343621E+01 -.188810E+01 -.149405E+01 0.212833E+02
 0.220330E+01 -.343665E+01 -.188538E+01 -.150877E+01 0.212179E+02
 0.220333E+01 -.344152E+01 -.188590E+01 -.150583E+01 0.212806E+02
 0.220547E+01 -.343483E+01 -.189912E+01 -.150785E+01 0.213512E+02
 0.220321E+01 -.343675E+01 -.188964E+01 -.150806E+01 0.212252E+02
 0.220969E+01 -.343474E+01 -.188101E+01 -.153915E+01 0.214550E+02
 0.220319E+01 -.343679E+01 -.188588E+01 -.150786E+01 0.212182E+02
 0.221356E+01 -.343601E+01 -.188820E+01 -.150810E+01 0.212212E+02
 0.220511E+01 -.343494E+01 -.188701E+01 -.151473E+01 0.212421E+02
 0.220328E+01 -.343622E+01 -.188683E+01 -.152421E+01 0.213271E+02
 0.220321E+01 -.343608E+01 -.188699E+01 -.150779E+01 0.212188E+02
 0.220334E+01 -.343656E+01 -.188629E+01 -.150784E+01 0.212172E+02
 0.220277E+01 -.342737E+01 -.188614E+01 -.152044E+01 0.214490E+02
 0.220144E+01 -.343334E+01 -.188607E+01 -.150800E+01 0.212352E+02
 0.220709E+01 -.343616E+01 -.188484E+01 -.149234E+01 0.213624E+02
 0.220332E+01 -.343602E+01 -.189914E+01 -.152102E+01 0.215906E+02
 0.220403E+01 -.343629E+01 -.188654E+01 -.150809E+01 0.212172E+02
 0.222051E+01 -.343642E+01 -.189103E+01 -.151280E+01 0.212715E+02
 0.220308E+01 -.343521E+01 -.187959E+01 -.151022E+01 0.212524E+02
 0.220226E+01 -.343631E+01 -.188730E+01 -.150819E+01 0.212195E+02
 0.220021E+01 -.345358E+01 -.188339E+01 -.150395E+01 0.218753E+02
 0.244260E+01 -.345364E+01 -.176681E+01 -.181098E+01 0.286273E+02
 0.220231E+01 -.343668E+01 -.188675E+01 -.150528E+01 0.212222E+02
 0.220441E+01 -.343621E+01 -.188663E+01 -.150841E+01 0.212172E+02
 0.220376E+01 -.343498E+01 -.188650E+01 -.150882E+01 0.212205E+02
 0.220284E+01 -.343611E+01 -.188681E+01 -.150806E+01 0.212188E+02
 0.220376E+01 -.343596E+01 -.188721E+01 -.149704E+01 0.212640E+02
 0.220380E+01 -.343614E+01 -.188672E+01 -.150787E+01 0.212170E+02
 0.220315E+01 -.343626E+01 -.188593E+01 -.150745E+01 0.212179E+02
 0.220328E+01 -.343206E+01 -.193766E+01 -.150806E+01 0.235523E+02
 0.220346E+01 -.343623E+01 -.188665E+01 -.150816E+01 0.212169E+02
 0.220311E+01 -.343621E+01 -.188649E+01 -.150776E+01 0.212180E+02
 0.220331E+01 -.343629E+01 -.188684E+01 -.150813E+01 0.212169E+02
 0.220320E+01 -.343603E+01 -.188391E+01 -.150811E+01 0.212238E+02
 0.220510E+01 -.343619E+01 -.188660E+01 -.150804E+01 0.212173E+02
 0.220000E+01 -.343596E+01 -.191752E+01 -.151241E+01 0.222202E+02
 0.220504E+01 -.347370E+01 -.188743E+01 -.150824E+01 0.241125E+02
 0.221467E+01 -.342695E+01 -.189052E+01 -.150619E+01 0.214100E+02
 0.220312E+01 -.343637E+01 -.188663E+01 -.150787E+01 0.212188E+02
 0.220706E+01 -.343362E+01 -.184815E+01 -.145800E+01 0.257954E+02
 0.220120E+01 -.343610E+01 -.188677E+01 -.146760E+01 0.219780E+02
 0.220311E+01 -.343621E+01 -.188660E+01 -.150808E+01 0.212188E+02
 0.220273E+01 -.345875E+01 -.188743E+01 -.149558E+01 0.223408E+02
 0.220279E+01 -.343852E+01 -.188650E+01 -.150772E+01 0.212303E+02
 0.220307E+01 -.343616E+01 -.188677E+01 -.151132E+01 0.212234E+02
 0.220416E+01 -.343610E+01 -.188496E+01 -.150670E+01 0.212231E+02
 0.220332E+01 -.343480E+01 -.188155E+01 -.150416E+01 0.212737E+02
 0.220237E+01 -.343616E+01 -.188671E+01 -.150682E+01 0.212193E+02
 0.220313E+01 -.343618E+01 -.188483E+01 -.150800E+01 0.212200E+02
 0.226198E+01 -.343660E+01 -.187252E+01 -.151368E+01 0.213487E+02
 0.220307E+01 -.343596E+01 -.188611E+01 -.150776E+01 0.212194E+02
 0.220378E+01 -.346753E+01 -.189395E+01 -.152113E+01 0.235364E+02
 0.220306E+01 -.343150E+01 -.188925E+01 -.150814E+01 0.212694E+02
 0.220312E+01 -.343415E+01 -.188981E+01 -.150875E+01 0.212357E+02
 0.220192E+01 -.343965E+01 -.188637E+01 -.150883E+01 0.212447E+02
 0.220353E+01 -.342594E+01 -.191118E+01 -.150796E+01 0.219251E+02
 0.220317E+01 -.343627E+01 -.189451E+01 -.151590E+01 0.213608E+02
 0.220340E+01 -.343619E+01 -.188683E+01 -.150816E+01 0.212170E+02
 0.220749E+01 -.347197E+01 -.188712E+01 -.151176E+01 0.238746E+02
 0.220813E+01 -.341392E+01 -.186886E+01 -.156380E+01 0.228939E+02
 0.220330E+01 -.343622E+01 -.188672E+01 -.150764E+01 0.212169E+02
 0.220305E+01 -.343843E+01 -.188634E+01 -.150870E+01 0.212296E+02
 0.221696E+01 -.343736E+01 -.188246E+01 -.150882E+01 0.212373E+02
 0.220259E+01 -.343612E+01 -.188664E+01 -.151023E+01 0.212209E+02
 0.220314E+01 -.343617E+01 -.188656E+01 -.150796E+01 0.212170E+02
 0.220317E+01 -.343617E+01 -.188661E+01 -.150808E+01 0.212168E+02
 0.220000E+01 -.345267E+01 -.182408E+01 -.150554E+01 0.250342E+02
 0.220365E+01 -.343649E+01 -.188669E+01 -.150701E+01 0.212175E+02
 0.220345E+01 -.343629E+01 -.188687E+01 -.150812E+01 0.212169E+02
 0.222920E+01 -.344415E+01 -.183722E+01 -.151225E+01 0.231805E+02
 0.220589E+01 -.343630E+01 -.188645E+01 -.150787E+01 0.212179E+02
 0.220085E+01 -.343393E+01 -.188651E+01 -.150826E+01 0.212287E+02
 0.220507E+01 -.343318E+01 -.188511E+01 -.150768E+01 0.212416E+02
 0.220000E+01 -.343417E+01 -.188547E+01 -.151465E+01 0.212396E+02
 0.223955E+01 -.343714E+01 -.185240E+01 -.145861E+01 0.252354E+02
 0.220295E+01 -.343753E+01 -.188500E+01 -.150879E+01 0.212235E+02
 0.220234E+01 -.343758E+01 -.189356E+01 -.149002E+01 0.212760E+02
 0.220459E+01 -.343621E+01 -.188638E+01 -.150856E+01 0.212173E+02
 0.220282E+01 -.343616E+01 -.188792E+01 -.150943E+01 0.212229E+02
 0.220327E+01 -.343664E+01 -.189925E+01 -.158364E+01 0.243432E+02
 0.220870E+01 -.343472E+01 -.188645E+01 -.150770E+01 0.212234E+02
 0.220312E+01 -.343619E+01 -.188671E+01 -.150805E+01 0.212168E+02
 0.220180E+01 -.343484E+01 -.181895E+01 -.148612E+01 0.268243E+02
 0.220284E+01 -.342395E+01 -.187445E+01 -.151131E+01 0.216821E+02
 0.220311E+01 -.343649E+01 -.188524E+01 -.150780E+01 0.212210E+02
 0.220523E+01 -.344187E+01 -.188364E+01 -.151582E+01 0.212938E+02
 0.220326E+01 -.343630E+01 -.188994E+01 -.151165E+01 0.212438E+02
 0.220431E+01 -.343604E+01 -.188678E+01 -.150853E+01 0.212174E+02
 0.220315E+01 -.343826E+01 -.188576E+01 -.150927E+01 0.212280E+02
 0.220482E+01 -.343618E+01 -.188644E+01 -.151157E+01 0.212217E+02
 0.220342E+01 -.343620E+01 -.188659E+01 -.150819E+01 0.212169E+02
 0.220568E+01 -.343622E+01 -.188873E+01 -.147778E+01 0.215737E+02
 0.221758E+01 -.343591E+01 -.188669E+01 -.150835E+01 0.212231E+02
 0.220278E+01 -.343585E+01 -.188665E+01 -.150634E+01 0.212193E+02
 0.220356E+01 -.349254E+01 -.188329E+01 -.150982E+01 0.275069E+02
 0.220312E+01 -.343527E+01 -.188676E+01 -.150726E+01 0.212191E+02
 0.220322E+01 -.343641E+01 -.188667E+01 -.150808E+01 0.212169E+02
 0.220556E+01 -.343618E+01 -.188658E+01 -.150616E+01 0.212191E+02
 0.220415E+01 -.341359E+01 -.185829E+01 -.150739E+01 0.232563E+02
 0.221176E+01 -.344150E+01 -.188697E+01 -.150741E+01 0.212809E+02
 0.220902E+01 -.343603E+01 -.188406E+01 -.155783E+01 0.220401E+02
 0.220218E+01 -.343644E+01 -.188667E+01 -.150820E+01 0.212191E+02
 0.220329E+01 -.343626E+01 -.188673E+01 -.150871E+01 0.212172E+02
 0.220283E+01 -.343538E+01 -.188728E+01 -.150839E+01 0.212208E+02
 0.220361E+01 -.343626E+01 -.188660E+01 -.150814E+01 0.212170E+02
 0.220000E+01 -.343604E+01 -.188807E+01 -.150724E+01 0.212191E+02
 0.220420E+01 -.345618E+01 -.188417E+01 -.150746E+01 0.220567E+02
 0.220025E+01 -.343617E+01 -.188926E+01 -.150983E+01 0.212308E+02
 0.220284E+01 -.343601E+01 -.188290E+01 -.150730E+01 0.212343E+02
 0.220000E+01 -.344535E+01 -.180880E+01 -.157146E+01 0.232969E+02
 0.220837E+01 -.343388E+01 -.188906E+01 -.149526E+01 0.212746E+02
 0.220000E+01 -.343672E+01 -.188811E+01 -.150874E+01 0.212223E+02
 0.220124E+01 -.343562E+01 -.188632E+01 -.150798E+01 0.212194E+02
 0.220300E+01 -.343591E+01 -.188705E+01 -.150805E+01 0.212192E+02
 0.221034E+01 -.343617E+01 -.188688E+01 -.150049E+01 0.212421E+02
 0.220383E+01 -.346253E+01 -.189053E+01 -.151870E+01 0.228055E+02
 0.220000E+01 -.343730E+01 -.188717E+01 -.150189E+01 0.212333E+02
 0.220322E+01 -.343626E+01 -.188669E+01 -.150817E+01 0.212165E+02
 0.220311E+01 -.343622E+01 -.188667E+01 -.150822E+01 0.212179E+02
 0.220000E+01 -.343638E+01 -.189910E+01 -.150857E+01 0.213620E+02
 0.220329E+01 -.343634E+01 -.188724E+01 -.150796E+01 0.212170E+02
 0.220315E+01 -.343685E+01 -.189101E+01 -.151303E+01 0.212711E+02
 0.220520E+01 -.341445E+01 -.193742E+01 -.150914E+01 0.244149E+02
 0.220290E+01 -.343147E+01 -.187131E+01 -.150644E+01 0.215163E+02
 0.220278E+01 -.343666E+01 -.188665E+01 -.150891E+01 0.212198E+02
 0.221154E+01 -.343448E+01 -.188743E+01 -.150806E+01 0.212257E+02
 0.220000E+01 -.343777E+01 -.187491E+01 -.148546E+01 0.218464E+02
 0.220978E+01 -.343593E+01 -.188810E+01 -.150756E+01 0.212194E+02
 0.220381E+01 -.343622E+01 -.188163E+01 -.150577E+01 0.212539E+02
 0.220081E+01 -.343622E+01 -.188154E+01 -.150906E+01 0.212363E+02
 0.220333E+01 -.343436E+01 -.188584E+01 -.150869E+01 0.212252E+02
 0.220304E+01 -.343661E+01 -.188652E+01 -.150789E+01 0.212192E+02
 0.220257E+01 -.343675E+01 -.188694E+01 -.153820E+01 0.215932E+02
 0.220320E+01 -.343623E+01 -.188668E+01 -.150796E+01 0.212169E+02
 0.220301E+01 -.343721E+01 -.188657E+01 -.151129E+01 0.212255E+02
 0.220302E+01 -.343615E+01 -.188659E+01 -.150039E+01 0.212439E+02
 0.220272E+01 -.343610E+01 -.188809E+01 -.150855E+01 0.212202E+02
 0.220302E+01 -.343587E+01 -.188483E+01 -.150287E+01 0.212431E+02
 0.221340E+01 -.343941E+01 -.188604E+01 -.150760E+01 0.212421E+02
 0.220314E+01 -.343544E+01 -.188489E+01 -.150807E+01 0.212231E+02
 0.221755E+01 -.342564E+01 -.188243E+01 -.153053E+01 0.216022E+02
 0.220326E+01 -.343471E+01 -.188653E+01 -.150675E+01 0.212246E+02
 0.220645E+01 -.343638E+01 -.188968E+01 -.150978E+01 0.212354E+02
 0.220281E+01 -.343735E+01 -.188005E+01 -.151191E+01 0.212377E+02
 0.220317E+01 -.343613E+01 -.188653E+01 -.150259E+01 0.212304E+02
 0.220327E+01 -.343618E+01 -.188623E+01 -.150740E+01 0.212173E+02
 0.220208E+01 -.343820E+01 -.193251E+01 -.140859E+01 0.229791E+02
 0.220253E+01 -.343588E+01 -.188648E+01 -.150786E+01 0.212190E+02
 0.220286E+01 -.344045E+01 -.188607E+01 -.149525E+01 0.213341E+02
 0.220308E+01 -.343804E+01 -.188680E+01 -.150816E+01 0.212263E+02
 0.220000E+01 -.343612E+01 -.188036E+01 -.153313E+01 0.213492E+02
 0.220273E+01 -.343713E+01 -.186444E+01 -.151266E+01 0.215489E+02
 0.220346E+01 -.343616E+01 -.188670E+01 -.150804E+01 0.212170E+02
 0.222272E+01 -.343615E+01 -.187357E+01 -.151793E+01 0.212844E+02
 0.220312E+01 -.343662E+01 -.189096E+01 -.151244E+01 0.212644E+02
 0.220350E+01 -.343645E+01 -.188475E+01 -.150861E+01 0.212211E+02
 0.220179E+01 -.346660E+01 -.188321E+01 -.150202E+01 0.231600E+02
 0.220120E+01 -.343631E+01 -.188668E+01 -.150947E+01 0.212182E+02
 0.220335E+01 -.343626E+01 -.188671E+01 -.150839E+01 0.212171E+02
 0.220481E+01 -.343503E+01 -.188644E+01 -.150842E+01 0.212206E+02
 0.220246E+01 -.343626E+01 -.188691E+01 -.150821E+01 0.212188E+02
 0.220304E+01 -.343571E+01 -.188579E+01 -.152077E+01 0.212747E+02
 0.220417E+01 -.343617E+01 -.188656E+01 -.150820E+01 0.212170E+02
 0.220318E+01 -.343630E+01 -.188625E+01 -.150832E+01 0.212169E+02
 0.220328E+01 -.342814E+01 -.185675E+01 -.150827E+01 0.221856E+02
 0.220327E+01 -.343627E+01 -.188667E+01 -.150822E+01 0.212168E+02
 0.220313E+01 -.343627E+01 -.188678E+01 -.150794E+01 0.212169E+02
 0.220348E+01 -.343637E+01 -.188679E+01 -.150832E+01 0.212171E+02
 0.220352E+01 -.343580E+01 -.188225E+01 -.150814E+01 0.212349E+02
 0.220564E+01 -.343628E+01 -.188711E+01 -.150821E+01 0.212177E+02
 0.241135E+01 -.343622E+01 -.188485E+01 -.150300E+01 0.213001E+02
 0.220331E+01 -.347000E+01 -.188793E+01 -.150712E+01 0.235889E+02
 0.221239E+01 -.345185E+01 -.189036E+01 -.150860E+01 0.217655E+02
 0.220329E+01 -.343632E+01 -.188661E+01 -.150816E+01 0.212170E+02
 0.220212E+01 -.343926E+01 -.185441E+01 -.164591E+01 0.241915E+02
 0.220245E+01 -.343621E+01 -.188691E+01 -.144379E+01 0.232460E+02
 0.220324E+01 -.343627E+01 -.188669E+01 -.150833E+01 0.212170E+02
 0.220410E+01 -.346736E+01 -.188681E+01 -.149844E+01 0.232621E+02
 0.220332E+01 -.343564E+01 -.188649E+01 -.150818E+01 0.212177E+02
 0.220309E+01 -.343656E+01 -.188732E+01 -.151482E+01 0.212443E+02
 0.220289E+01 -.343634E+01 -.188411E+01 -.150691E+01 0.212272E+02
 0.220317E+01 -.343663E+01 -.187860E+01 -.149499E+01 0.214591E+02
 0.220423E+01 -.343625E+01 -.188647E+01 -.150123E+01 0.212402E+02
 0.220323E+01 -.343616E+01 -.188522E+01 -.150816E+01 0.212204E+02
 0.223089E+01 -.343678E+01 -.188229E+01 -.151369E+01 0.212317E+02
 0.220324E+01 -.343642E+01 -.188793E+01 -.150253E+01 0.212239E+02
 0.220542E+01 -.345242E+01 -.187386E+01 -.155904E+01 0.222535E+02
 0.220291E+01 -.343589E+01 -.188573E+01 -.150831E+01 0.212196E+02
 0.220317E+01 -.343786E+01 -.188551E+01 -.150873E+01 0.212241E+02
 0.220749E+01 -.343930E+01 -.188722E+01 -.150953E+01 0.212443E+02
 0.220307E+01 -.343064E+01 -.188880E+01 -.150823E+01 0.212876E+02
 0.220321E+01 -.343610E+01 -.187928E+01 -.151725E+01 0.212331E+02
 0.220359E+01 -.343616E+01 -.188700E+01 -.150831E+01 0.212171E+02
 0.221131E+01 -.345889E+01 -.188674E+01 -.153099E+01 0.225312E+02
 0.220207E+01 -.345016E+01 -.189027E+01 -.149743E+01 0.216607E+02
 0.220306E+01 -.343620E+01 -.188707E+01 -.150816E+01 0.212191E+02
 0.220296E+01 -.343921E+01 -.188637E+01 -.150813E+01 0.212372E+02
 0.221618E+01 -.344196E+01 -.188213E+01 -.150863E+01 0.213030E+02
 0.220237E+01 -.343626E+01 -.188669E+01 -.150666E+01 0.212185E+02
 0.220316E+01 -.343628E+01 -.188643E+01 -.150835E+01 0.212168E+02
 0.220317E+01 -.343637E+01 -.188677E+01 -.150807E+01 0.212166E+02
 0.237326E+01 -.343673E+01 -.182886E+01 -.150521E+01 0.243420E+02
 0.220000E+01 -.343932E+01 -.186005E+01 -.166321E+01 0.255517E+02
 0.220394E+01 -.343628E+01 -.188674E+01 -.150950E+01 0.212182E+02
 0.220331E+01 -.343634E+01 -.188693E+01 -.150823E+01 0.212170E+02
 0.227061E+01 -.344102E+01 -.184916E+01 -.150824E+01 0.224742E+02
 0.220536E+01 -.343624E+01 -.188653E+01 -.150807E+01 0.212174E+02
 0.220234E+01 -.344731E+01 -.188663E+01 -.150849E+01 0.214840E+02
 0.220391E+01 -.343975E+01 -.188777E+01 -.150875E+01 0.212473E+02
 0.225186E+01 -.343264E+01 -.189367E+01 -.152816E+01 0.215938E+02
 0.220722E+01 -.343322E+01 -.188518E+01 -.150823E+01 0.212406E+02
 0.220301E+01 -.344072E+01 -.188269E+01 -.153928E+01 0.215435E+02
 0.220522E+01 -.343623E+01 -.188637E+01 -.150798E+01 0.212176E+02
 0.220342E+01 -.343031E+01 -.188699E+01 -.144673E+01 0.231365E+02
 0.220335E+01 -.343632E+01 -.188697E+01 -.150883E+01 0.212174E+02
 0.220313E+01 -.343587E+01 -.190088E+01 -.148636E+01 0.212721E+02
 0.220646E+01 -.343631E+01 -.188651E+01 -.150903E+01 0.212209E+02
 0.220313E+01 -.343638E+01 -.188694E+01 -.150809E+01 0.212170E+02
 0.220077E+01 -.343202E+01 -.189404E+01 -.147830E+01 0.214674E+02
 0.220334E+01 -.345026E+01 -.189642E+01 -.150689E+01 0.217439E+02
 0.220317E+01 -.343553E+01 -.188422E+01 -.150793E+01 0.212255E+02
 0.220420E+01 -.342772E+01 -.188608E+01 -.153145E+01 0.215799E+02
 0.220319E+01 -.343624E+01 -.188814E+01 -.150526E+01 0.212195E+02
 0.220424E+01 -.343607E+01 -.188658E+01 -.150807E+01 0.212172E+02
 0.220320E+01 -.343556E+01 -.188607E+01 -.150783E+01 0.212185E+02
 0.220479E+01 -.343642E+01 -.188657E+01 -.151537E+01 0.212392E+02
 0.220315E+01 -.343628E+01 -.188659E+01 -.150843E+01 0.212186E+02
 0.220304E+01 -.343628E+01 -.188664E+01 -.150389E+01 0.212254E+02
 0.221951E+01 -.343634E+01 -.188661E+01 -.150892E+01 0.212219E+02
 0.220133E+01 -.343668E+01 -.188657E+01 -.150846E+01 0.212178E+02
 0.220534E+01 -.343769E+01 -.188293E+01 -.150708E+01 0.212376E+02
 0.225066E+01 -.343565E+01 -.182859E+01 -.151760E+01 0.236130E+02
 0.220421E+01 -.344797E+01 -.188054E+01 -.151151E+01 0.215159E+02
 0.220311E+01 -.343443E+01 -.188667E+01 -.150870E+01 0.212240E+02
 0.220325E+01 -.343685E+01 -.188651E+01 -.150813E+01 0.212178E+02
 0.220353E+01 -.343621E+01 -.188579E+01 -.150742E+01 0.212184E+02
 0.221013E+01 -.343253E+01 -.188673E+01 -.150302E+01 0.212601E+02
 0.220507E+01 -.343610E+01 -.188316E+01 -.153842E+01 0.214885E+02
 0.220356E+01 -.343657E+01 -.188641E+01 -.150817E+01 0.212189E+02
 0.220255E+01 -.343612E+01 -.188665E+01 -.150787E+01 0.212177E+02
 0.220347E+01 -.343642E+01 -.188677E+01 -.150765E+01 0.212170E+02
 0.220333E+01 -.343633E+01 -.188651E+01 -.150856E+01 0.212168E+02
 0.220658E+01 -.343660E+01 -.188664E+01 -.150666E+01 0.212217E+02
 0.220373E+01 -.346001E+01 -.186248E+01 -.150849E+01 0.227869E+02
 0.220000E+01 -.343650E+01 -.188385E+01 -.150364E+01 0.212459E+02
 0.220293E+01 -.343617E+01 -.188747E+01 -.150634E+01 0.212190E+02
 0.290000E+01 -.343464E+01 -.185965E+01 -.155350E+01 0.216092E+02
 0.223870E+01 -.343783E+01 -.188788E+01 -.148956E+01 0.213650E+02
 0.220913E+01 -.343679E+01 -.188974E+01 -.150886E+01 0.212299E+02
 0.220168E+01 -.343185E+01 -.188677E+01 -.150818E+01 0.212608E+02
 0.221363E+01 -.343567E+01 -.188701E+01 -.150834E+01 0.212201E+02
 0.220570E+01 -.343794E+01 -.188663E+01 -.149466E+01 0.213024E+02
 0.221466E+01 -.343570E+01 -.188646E+01 -.150247E+01 0.212351E+02
 0.220305E+01 -.343619E+01 -.188599E+01 -.150853E+01 0.212180E+02
 0.220316E+01 -.343627E+01 -.188661E+01 -.150829E+01 0.212170E+02
 0.223297E+01 -.343637E+01 -.188438E+01 -.150868E+01 0.212311E+02
 0.220322E+01 -.343632E+01 -.188505E+01 -.150797E+01 0.212193E+02
 0.220380E+01 -.343673E+01 -.188094E+01 -.150703E+01 0.212527E+02
 0.220291E+01 -.343047E+01 -.188479E+01 -.151028E+01 0.212947E+02
 0.220307E+01 -.343561E+01 -.188637E+01 -.150864E+01 0.212187E+02
 0.220014E+01 -.343731E+01 -.188718E+01 -.150827E+01 0.212216E+02
 0.220702E+01 -.342615E+01 -.192205E+01 -.149099E+01 0.219568E+02
 0.220431E+01 -.343587E+01 -.188797E+01 -.150752E+01 0.212181E+02
 0.220348E+01 -.343620E+01 -.189456E+01 -.150423E+01 0.212454E+02
 0.220200E+01 -.343631E+01 -.188236E+01 -.150855E+01 0.212327E+02
 0.220319E+01 -.343552E+01 -.188527E+01 -.150796E+01 0.212201E+02
 0.220310E+01 -.343609E+01 -.188667E+01 -.150779E+01 0.212189E+02
 0.220256E+01 -.343681E+01 -.188743E+01 -.150150E+01 0.212325E+02
 0.220334E+01 -.343695E+01 -.188661E+01 -.150818E+01 0.212179E+02
 0.220303E+01 -.343346E+01 -.188655E+01 -.150456E+01 0.212397E+02
 0.220322E+01 -.343619E+01 -.188304E+01 -.151693E+01 0.212286E+02
 0.220299E+01 -.343659E+01 -.188700E+01 -.150837E+01 0.212195E+02
 0.220297E+01 -.343283E+01 -.188886E+01 -.150293E+01 0.212448E+02
 0.221513E+01 -.343558E+01 -.187889E+01 -.150863E+01 0.212715E+02
 0.220322E+01 -.343570E+01 -.188556E+01 -.150812E+01 0.212188E+02
 0.220000E+01 -.344406E+01 -.188655E+01 -.148824E+01 0.215211E+02
 0.220325E+01 -.343710E+01 -.188731E+01 -.150888E+01 0.212198E+02
 0.220000E+01 -.343646E+01 -.188453E+01 -.151037E+01 0.212195E+02
 0.220004E+01 -.343659E+01 -.187698E+01 -.150555E+01 0.213263E+02
 0.220321E+01 -.343612E+01 -.188674E+01 -.149821E+01 0.212581E+02
 0.220323E+01 -.343619E+01 -.188659E+01 -.150779E+01 0.212168E+02
 0.220168E+01 -.343506E+01 -.187175E+01 -.142997E+01 0.258446E+02
 0.220375E+01 -.343649E+01 -.188663E+01 -.150814E+01 0.212171E+02
 0.220321E+01 -.344284E+01 -.188655E+01 -.149713E+01 0.213638E+02
 0.220112E+01 -.343815E+01 -.188720E+01 -.150829E+01 0.212260E+02
 0.222383E+01 -.343636E+01 -.188057E+01 -.155159E+01 0.217273E+02
 0.220255E+01 -.343753E+01 -.185447E+01 -.150620E+01 0.221666E+02
 0.220284E+01 -.343626E+01 -.188672E+01 -.150808E+01 0.212188E+02
 0.221444E+01 -.343612E+01 -.186385E+01 -.151098E+01 0.216111E+02
 0.220327E+01 -.343765E+01 -.189252E+01 -.150796E+01 0.212519E+02
 0.220497E+01 -.343632E+01 -.188440E+01 -.150845E+01 0.212229E+02
 0.220341E+01 -.343738E+01 -.188641E+01 -.150968E+01 0.212208E+02
 0.220135E+01 -.343645E+01 -.188663E+01 -.151206E+01 0.212257E+02
 0.220246E+01 -.343624E+01 -.188677E+01 -.150821E+01 0.212187E+02
 0.220554E+01 -.343745E+01 -.188680E+01 -.150776E+01 0.212207E+02
 0.220286E+01 -.343626E+01 -.188652E+01 -.150815E+01 0.212188E+02
 0.220381E+01 -.343607E+01 -.188690E+01 -.152045E+01 0.212841E+02
 0.220744E+01 -.346004E+01 -.189918E+01 -.154901E+01 0.238188E+02
 0.220368E+01 -.343633E+01 -.188658E+01 -.150822E+01 0.212169E+02
 0.220318E+01 -.343618E+01 -.188767E+01 -.150868E+01 0.212184E+02
 0.220346E+01 -.343267E+01 -.186108E+01 -.150820E+01 0.218302E+02
 0.220322E+01 -.343625E+01 -.188666E+01 -.150809E+01 0.212168E+02
 0.220345E+01 -.343626E+01 -.188693E+01 -.150823E+01 0.212171E+02
 0.220341E+01 -.343618E+01 -.188663E+01 -.150817E+01 0.212169E+02
 0.220377E+01 -.343729E+01 -.188375E+01 -.150819E+01 0.212262E+02
 0.220217E+01 -.343644E+01 -.188689E+01 -.150805E+01 0.212189E+02
 0.241732E+01 -.343639E+01 -.186511E+01 -.150119E+01 0.218961E+02
 0.220185E+01 -.339897E+01 -.188684E+01 -.150629E+01 0.244638E+02
 0.220607E+01 -.344512E+01 -.188836E+01 -.151072E+01 0.214027E+02
 0.220330E+01 -.343623E+01 -.188663E+01 -.150820E+01 0.212170E+02
 0.220465E+01 -.343621E+01 -.188669E+01 -.150534E+01 0.212203E+02
 0.220330E+01 -.343630E+01 -.188666E+01 -.150826E+01 0.212168E+02
 0.220655E+01 -.342179E+01 -.188736E+01 -.152159E+01 0.217625E+02
 0.220362E+01 -.343401E+01 -.188666E+01 -.150888E+01 0.212280E+02
 0.220331E+01 -.343616E+01 -.188655E+01 -.150366E+01 0.212272E+02
 0.220349E+01 -.343624E+01 -.188858E+01 -.150897E+01 0.212222E+02
 0.220314E+01 -.343787E+01 -.188171E+01 -.151004E+01 0.212361E+02
 0.220338E+01 -.343630E+01 -.188690E+01 -.150559E+01 0.212188E+02
 0.220322E+01 -.343624E+01 -.188725E+01 -.150801E+01 0.212171E+02
 0.220000E+01 -.343686E+01 -.189388E+01 -.150713E+01 0.212593E+02
 0.220334E+01 -.343656E+01 -.188711E+01 -.150646E+01 0.212177E+02
 0.220000E+01 -.341062E+01 -.186497E+01 -.156170E+01 0.231817E+02
 0.220320E+01 -.343994E+01 -.188438E+01 -.150828E+01 0.212512E+02
 0.220323E+01 -.343718E+01 -.188352E+01 -.150813E+01 0.212268E+02
 0.220771E+01 -.343390E+01 -.187989E+01 -.151139E+01 0.212581E+02
 0.220301E+01 -.344440E+01 -.187218E+01 -.150837E+01 0.215152E+02
 0.220322E+01 -.343614E+01 -.187918E+01 -.151005E+01 0.212530E+02
 0.220335E+01 -.343625E+01 -.188685E+01 -.150831E+01 0.212169E+02
 0.221284E+01 -.338967E+01 -.188516E+01 -.150352E+01 0.264092E+02
 0.220000E+01 -.347435E+01 -.186880E+01 -.149124E+01 0.247636E+02
 0.220297E+01 -.343628E+01 -.188650E+01 -.150816E+01 0.212188E+02
 0.220291E+01 -.343525E+01 -.188663E+01 -.150880E+01 0.212204E+02
 0.221140E+01 -.343101E+01 -.189137E+01 -.150838E+01 0.212935E+02
 0.220231E+01 -.343637E+01 -.188673E+01 -.150512E+01 0.212218E+02
 0.220323E+01 -.343631E+01 -.188641E+01 -.150855E+01 0.212169E+02
 0.220319E+01 -.343643E+01 -.188685E+01 -.150811E+01 0.212170E+02
 0.240790E+01 -.340938E+01 -.188785E+01 -.150398E+01 0.229006E+02
 0.220357E+01 -.343602E+01 -.188667E+01 -.150939E+01 0.212178E+02
 0.220316E+01 -.343633E+01 -.188693E+01 -.150785E+01 0.212168E+02
 0.231811E+01 -.342678E+01 -.193245E+01 -.150042E+01 0.228228E+02
 0.220253E+01 -.343622E+01 -.188670E+01 -.150828E+01 0.212189E+02
 0.220147E+01 -.344591E+01 -.188648E+01 -.150783E+01 0.214208E+02
 0.220285E+01 -.344421E+01 -.188602E+01 -.150864E+01 0.213565E+02
 0.220430E+01 -.343523E+01 -.188953E+01 -.152276E+01 0.213579E+02
 0.220491E+01 -.343796E+01 -.188681E+01 -.150919E+01 0.212249E+02
 0.220204E+01 -.343657E+01 -.188363E+01 -.153723E+01 0.214806E+02
 0.220425E+01 -.343626E+01 -.188711E+01 -.150668E+01 0.212174E+02
 0.220525E+01 -.345551E+01 -.189242E+01 -.158957E+01 0.249121E+02
 0.220372E+01 -.343643E+01 -.188595E+01 -.150747E+01 0.212182E+02
 0.220314E+01 -.343777E+01 -.188934E+01 -.143669E+01 0.235733E+02
 0.220204E+01 -.343747E+01 -.188663E+01 -.150874E+01 0.212212E+02
 0.220324E+01 -.343609E+01 -.188680E+01 -.150812E+01 0.212168E+02
 0.220259E+01 -.343990E+01 -.194022E+01 -.151574E+01 0.243499E+02
 0.220311E+01 -.346266E+01 -.191034E+01 -.150617E+01 0.232692E+02
 0.220324E+01 -.343555E+01 -.188909E+01 -.150832E+01 0.212231E+02
 0.220285E+01 -.342728E+01 -.188558E+01 -.149869E+01 0.214504E+02
 0.220316E+01 -.343621E+01 -.188614E+01 -.150839E+01 0.212171E+02
 0.220353E+01 -.343619E+01 -.188657E+01 -.150793E+01 0.212169E+02
 0.220325E+01 -.343442E+01 -.188709E+01 -.150816E+01 0.212240E+02
 0.220387E+01 -.343658E+01 -.188674E+01 -.150313E+01 0.212273E+02
 0.220308E+01 -.343632E+01 -.188666E+01 -.150771E+01 0.212189E+02
 0.220152E+01 -.343619E+01 -.188474E+01 -.153040E+01 0.213828E+02
 0.220000E+01 -.343662E+01 -.188660E+01 -.150791E+01 0.212173E+02
 0.220282E+01 -.343727E+01 -.188667E+01 -.150971E+01 0.212226E+02
 0.220323E+01 -.343718E+01 -.188658E+01 -.150794E+01 0.212207E+02
 0.220325E+01 -.343677E+01 -.188684E+01 -.150813E+01 0.212177E+02
 0.220180E+01 -.343622E+01 -.188795E+01 -.150840E+01 0.212209E+02
 0.220607E+01 -.342559E+01 -.191733E+01 -.150942E+01 0.222757E+02
 0.221268E+01 -.342767E+01 -.188545E+01 -.151148E+01 0.213854E+02
 0.220336E+01 -.343621E+01 -.188675E+01 -.149392E+01 0.213045E+02
 0.220451E+01 -.343572E+01 -.188665E+01 -.150813E+01 0.212178E+02
 0.220366E+01 -.343626E+01 -.188672E+01 -.150798E+01 0.212169E+02
 0.220377E+01 -.343701E+01 -.188634E+01 -.150731E+01 0.212183E+02
 0.220307E+01 -.343632E+01 -.188660E+01 -.150857E+01 0.212190E+02
 0.220680E+01 -.343679E+01 -.188502E+01 -.150671E+01 0.212265E+02
 0.220151E+01 -.343995E+01 -.186675E+01 -.150911E+01 0.215547E+02
 0.220148E+01 -.343681E+01 -.188509E+01 -.150210E+01 0.212457E+02
 0.220316E+01 -.343623E+01 -.189033E+01 -.150590E+01 0.212222E+02
 0.320633E+01 -.342844E+01 -.191564E+01 -.152995E+01 0.228607E+02
 0.224957E+01 -.343811E+01 -.189116E+01 -.151599E+01 0.213140E+02
 0.220396E+01 -.343627E+01 -.188601E+01 -.150931E+01 0.212173E+02
 0.220496E+01 -.343576E+01 -.188637E+01 -.150821E+01 0.212181E+02
 0.221479E+01 -.343578E+01 -.188648E+01 -.150855E+01 0.212201E+02
 0.220514E+01 -.343681E+01 -.188705E+01 -.151301E+01 0.212307E+02
 0.220517E+01 -.339749E+01 -.188669E+01 -.150355E+01 0.247503E+02
 0.222032E+01 -.343473E+01 -.188611E+01 -.150627E+01 0.212320E+02
 0.220317E+01 -.343624E+01 -.188697E+01 -.150823E+01 0.212171E+02
 0.220322E+01 -.343624E+01 -.188667E+01 -.150826E+01 0.212185E+02
 0.222348E+01 -.343493E+01 -.187681E+01 -.150798E+01 0.213192E+02
 0.220320E+01 -.343625E+01 -.188683E+01 -.150799E+01 0.212169E+02
 0.220407E+01 -.343566E+01 -.187526E+01 -.150359E+01 0.213954E+02
 0.230501E+01 -.345249E+01 -.186239E+01 -.151102E+01 0.222004E+02
 0.220286E+01 -.343489E+01 -.189905E+01 -.150334E+01 0.213010E+02
 0.220342E+01 -.343522E+01 -.188626E+01 -.150800E+01 0.212193E+02
 0.220000E+01 -.343499E+01 -.188632E+01 -.150827E+01 0.212216E+02
 0.220381E+01 -.342571E+01 -.190501E+01 -.150672E+01 0.216909E+02
 0.220000E+01 -.343613E+01 -.188754E+01 -.150798E+01 0.212175E+02
 0.220331E+01 -.343633E+01 -.189731E+01 -.150463E+01 0.212831E+02
 0.220196E+01 -.343636E+01 -.188585E+01 -.150825E+01 0.212180E+02
 0.220315E+01 -.343698E+01 -.188913E+01 -.150765E+01 0.212225E+02
 0.220321E+01 -.343610E+01 -.188644E+01 -.150856E+01 0.212170E+02
 0.220185E+01 -.343693E+01 -.188169E+01 -.149069E+01 0.214634E+02
 0.220339E+01 -.343654E+01 -.188670E+01 -.150848E+01 0.212171E+02
 0.220332E+01 -.343543E+01 -.188692E+01 -.150092E+01 0.212384E+02
 0.220324E+01 -.343631E+01 -.188283E+01 -.152092E+01 0.212481E+02
 0.220364E+01 -.343685E+01 -.188459E+01 -.150853E+01 0.212207E+02
 0.220322E+01 -.343441E+01 -.189035E+01 -.150519E+01 0.212289E+02
 0.220184E+01 -.343258E+01 -.189459E+01 -.150899E+01 0.213054E+02
 0.220325E+01 -.343634E+01 -.188792E+01 -.150826E+01 0.212185E+02
 0.221541E+01 -.344095E+01 -.188913E+01 -.149142E+01 0.213542E+02
 0.220325E+01 -.343808E+01 -.188734E+01 -.150859E+01 0.212254E+02
 0.220640E+01 -.343646E+01 -.188221E+01 -.150885E+01 0.212346E+02
 0.220000E+01 -.343508E+01 -.188988E+01 -.150757E+01 0.212280E+02
 0.220332E+01 -.343640E+01 -.188688E+01 -.152322E+01 0.213150E+02
 0.220314E+01 -.343608E+01 -.188715E+01 -.150815E+01 0.212170E+02
 0.220284E+01 -.343545E+01 -.191622E+01 -.145307E+01 0.216212E+02
 0.220403E+01 -.343691E+01 -.188674E+01 -.150836E+01 0.212183E+02
 0.220347E+01 -.344102E+01 -.188681E+01 -.150760E+01 0.212668E+02
 0.220262E+01 -.343301E+01 -.188697E+01 -.150814E+01 0.212413E+02
 0.221667E+01 -.343627E+01 -.188626E+01 -.148682E+01 0.214343E+02
 0.220295E+01 -.343632E+01 -.192723E+01 -.151532E+01 0.230344E+02
 0.220325E+01 -.343637E+01 -.188662E+01 -.150829E+01 0.212168E+02
 0.220835E+01 -.343664E+01 -.188043E+01 -.150731E+01 0.212603E+02
 0.220336E+01 -.343638E+01 -.187993E+01 -.150846E+01 0.212543E+02
 0.220349E+01 -.343617E+01 -.188648E+01 -.150834E+01 0.212186E+02
 0.220451E+01 -.341512E+01 -.188920E+01 -.151476E+01 0.222546E+02
 0.228410E+01 -.341255E+01 -.186046E+01 -.145554E+01 0.261642E+02
 0.220193E+01 -.343680E+01 -.188670E+01 -.150945E+01 0.212207E+02
 0.220233E+01 -.343621E+01 -.188676E+01 -.150848E+01 0.212188E+02
 0.220570E+01 -.343710E+01 -.188676E+01 -.150788E+01 0.212194E+02
 0.220327E+01 -.343619E+01 -.188627E+01 -.150806E+01 0.212171E+02
 0.220404E+01 -.343656E+01 -.188806E+01 -.149938E+01 0.212388E+02
 0.220300E+01 -.343634E+01 -.188666E+01 -.150771E+01 0.212189E+02
 0.220317E+01 -.343609E+01 -.188739E+01 -.150807E+01 0.212171E+02
 0.220336E+01 -.343800E+01 -.190239E+01 -.150811E+01 0.214487E+02
 0.220317E+01 -.343625E+01 -.188666E+01 -.150805E+01 0.212166E+02
 0.220336E+01 -.343624E+01 -.188677E+01 -.150842E+01 0.212169E+02
 0.220318E+01 -.343607E+01 -.188679E+01 -.150801E+01 0.212168E+02
 0.220365E+01 -.343682E+01 -.189126E+01 -.150826E+01 0.212375E+02
 0.220244E+01 -.343647E+01 -.188674E+01 -.150788E+01 0.212188E+02
 0.220000E+01 -.343611E+01 -.189731E+01 -.149899E+01 0.212511E+02
 0.220270E+01 -.341907E+01 -.188672E+01 -.150665E+01 0.218845E+02
 0.220779E+01 -.342969E+01 -.188619E+01 -.150700E+01 0.213150E+02
 0.220318E+01 -.343624E+01 -.188665E+01 -.150811E+01 0.212169E+02
 0.220434E+01 -.343521E+01 -.189861E+01 -.153680E+01 0.220210E+02
 0.220324E+01 -.343600E+01 -.188627E+01 -.155907E+01 0.221918E+02
 0.220311E+01 -.343628E+01 -.188651E+01 -.150814E+01 0.212189E+02
 0.220291E+01 -.340748E+01 -.188710E+01 -.151921E+01 0.231635E+02
 0.220327E+01 -.343713E+01 -.188657E+01 -.150857E+01 0.212186E+02
 0.220330E+01 -.343576E+01 -.188508E+01 -.150432E+01 0.212320E+02
 0.220393E+01 -.343607E+01 -.188901E+01 -.151007E+01 0.212283E+02
 0.220317E+01 -.343653E+01 -.188811E+01 -.151899E+01 0.212884E+02
 0.220260E+01 -.343629E+01 -.188713E+01 -.150958E+01 0.212208E+02
 0.220321E+01 -.343630E+01 -.188833E+01 -.150802E+01 0.212212E+02
 0.226454E+01 -.343682E+01 -.188738E+01 -.150288E+01 0.212453E+02
 0.220340E+01 -.343648E+01 -.188600E+01 -.151123E+01 0.212195E+02
 0.220473E+01 -.341331E+01 -.188450E+01 -.149865E+01 0.225003E+02
 0.220350E+01 -.343547E+01 -.188566E+01 -.150812E+01 0.212192E+02
 0.220327E+01 -.343594E+01 -.188750E+01 -.150825E+01 0.212194E+02
 0.220498E+01 -.343474E+01 -.187698E+01 -.150844E+01 0.213047E+02
 0.220361E+01 -.344834E+01 -.189490E+01 -.150822E+01 0.216144E+02
 0.220317E+01 -.343619E+01 -.189202E+01 -.150353E+01 0.212271E+02
 0.220302E+01 -.343632E+01 -.188674E+01 -.150819E+01 0.212189E+02
 0.221278E+01 -.346623E+01 -.186513E+01 -.151423E+01 0.232521E+02
 0.220326E+01 -.343629E+01 -.188640E+01 -.150754E+01 0.212171E+02
 0.220307E+01 -.343323E+01 -.188671E+01 -.150893E+01 0.212370E+02
 0.220644E+01 -.342691E+01 -.189051E+01 -.150811E+01 0.214152E+02
 0.220344E+01 -.343638E+01 -.188668E+01 -.150572E+01 0.212210E+02
 0.220322E+01 -.343627E+01 -.188652E+01 -.150849E+01 0.212168E+02
 0.220322E+01 -.343624E+01 -.188683E+01 -.150819E+01 0.212168E+02
 0.220000E+01 -.343689E+01 -.193088E+01 -.150448E+01 0.228237E+02
 0.220317E+01 -.343621E+01 -.188627E+01 -.150786E+01 0.212170E+02
 0.220335E+01 -.343629E+01 -.188692E+01 -.150783E+01 0.212188E+02
 0.220086E+01 -.345972E+01 -.179376E+01 -.175450E+01 0.272337E+02
 0.232338E+01 -.343929E+01 -.190066E+01 -.150448E+01 0.213936E+02
 0.220494E+01 -.343627E+01 -.188669E+01 -.150818E+01 0.212173E+02
 0.220088E+01 -.342356E+01 -.188645E+01 -.150775E+01 0.215779E+02
 0.220224E+01 -.343730E+01 -.188539E+01 -.150783E+01 0.212229E+02
 0.220000E+01 -.343662E+01 -.188382E+01 -.150203E+01 0.212579E+02
 0.220000E+01 -.343712E+01 -.183438E+01 -.146471E+01 0.267894E+02
 0.220407E+01 -.343981E+01 -.188710E+01 -.150842E+01 0.212457E+02
 0.220000E+01 -.343512E+01 -.189693E+01 -.147493E+01 0.214448E+02
 0.220267E+01 -.343631E+01 -.188755E+01 -.150606E+01 0.212191E+02
 0.220271E+01 -.344518E+01 -.188619E+01 -.148632E+01 0.216047E+02
 0.220341E+01 -.343622E+01 -.188658E+01 -.150875E+01 0.212172E+02
 0.220321E+01 -.343882E+01 -.188076E+01 -.156521E+01 0.221653E+02
 0.220328E+01 -.343780E+01 -.188666E+01 -.150812E+01 0.212222E+02
 0.220330E+01 -.343587E+01 -.188648E+01 -.150814E+01 0.212171E+02
 0.249019E+01 -.341805E+01 -.186025E+01 -.149426E+01 0.232714E+02
 0.220331E+01 -.344179E+01 -.190926E+01 -.153141E+01 0.225328E+02
 0.220260E+01 -.345281E+01 -.190566E+01 -.150938E+01 0.222244E+02
 0.220329E+01 -.343685E+01 -.188815E+01 -.150832E+01 0.212204E+02
 0.220526E+01 -.344544E+01 -.188479E+01 -.150986E+01 0.213986E+02
 0.220317E+01 -.343621E+01 -.188492E+01 -.151057E+01 0.212178E+02
 0.220285E+01 -.343637E+01 -.188660E+01 -.150798E+01 0.212188E+02
 0.220325E+01 -.343483E+01 -.188636E+01 -.150902E+01 0.212214E+02
 0.220396E+01 -.343626E+01 -.188658E+01 -.149724E+01 0.212703E+02
 0.220328E+01 -.343633E+01 -.188676E+01 -.150746E+01 0.212169E+02
 0.220621E+01 -.343620E+01 -.188560E+01 -.149973E+01 0.212601E+02
 0.221774E+01 -.343652E+01 -.188663E+01 -.150735E+01 0.212231E+02
 0.220268E+01 -.343689E+01 -.188673E+01 -.150875E+01 0.212190E+02
 0.220312E+01 -.344113E+01 -.182122E+01 -.150817E+01 0.248021E+02
 0.238021E+01 -.343597E+01 -.191130E+01 -.147519E+01 0.213936E+02
 0.220305E+01 -.341837E+01 -.189060E+01 -.150615E+01 0.219299E+02
 0.220329E+01 -.343731E+01 -.188657E+01 -.150684E+01 0.212200E+02
 0.220316E+01 -.343581E+01 -.188668E+01 -.150812E+01 0.212188E+02
 0.220396E+01 -.343627E+01 -.188845E+01 -.150723E+01 0.212186E+02
 0.220000E+01 -.340136E+01 -.185552E+01 -.150938E+01 0.251077E+02
 0.220560E+01 -.343776E+01 -.188572E+01 -.152034E+01 0.212748E+02
 0.220447E+01 -.343620E+01 -.188689E+01 -.149551E+01 0.212832E+02
 0.220407E+01 -.343571E+01 -.188679E+01 -.150813E+01 0.212178E+02
 0.220425E+01 -.343636E+01 -.188675E+01 -.150822E+01 0.212166E+02
 0.220308E+01 -.343629E+01 -.188661E+01 -.150820E+01 0.212188E+02
 0.220330E+01 -.343632E+01 -.188660E+01 -.150815E+01 0.212168E+02
 0.220000E+01 -.343590E+01 -.188466E+01 -.150813E+01 0.212207E+02
 0.220043E+01 -.342397E+01 -.189230E+01 -.150822E+01 0.215675E+02
 0.220355E+01 -.343628E+01 -.188654E+01 -.150321E+01 0.212276E+02
 0.220339E+01 -.343600E+01 -.188661E+01 -.150718E+01 0.212175E+02
 0.332655E+01 -.343576E+01 -.192841E+01 -.149376E+01 0.222080E+02
 0.221237E+01 -.343512E+01 -.188899E+01 -.150862E+01 0.212270E+02
 0.220000E+01 -.343588E+01 -.188370E+01 -.150923E+01 0.212232E+02
 0.220677E+01 -.343894E+01 -.188644E+01 -.150810E+01 0.212369E+02
 0.220746E+01 -.343640E+01 -.188619E+01 -.150843E+01 0.212210E+02
 0.221493E+01 -.343643E+01 -.188728E+01 -.151529E+01 0.212465E+02
 0.220530E+01 -.346818E+01 -.188765E+01 -.150442E+01 0.233436E+02
 0.220450E+01 -.343552E+01 -.188644E+01 -.150964E+01 0.212192E+02
 0.220330E+01 -.343630E+01 -.188731E+01 -.150792E+01 0.212172E+02
 0.220313E+01 -.343618E+01 -.188667E+01 -.150804E+01 0.212168E+02
 0.222497E+01 -.343413E+01 -.188826E+01 -.150783E+01 0.212346E+02
 0.220321E+01 -.343621E+01 -.188815E+01 -.150814E+01 0.212189E+02
 0.220350E+01 -.343585E+01 -.188254E+01 -.151336E+01 0.212223E+02
 0.220326E+01 -.343757E+01 -.189410E+01 -.149726E+01 0.212361E+02
 0.220339E+01 -.343673E+01 -.188666E+01 -.150772E+01 0.212174E+02
 0.220638E+01 -.343328E+01 -.188648E+01 -.150806E+01 0.212398E+02
 0.220000E+01 -.343832E+01 -.186581E+01 -.152237E+01 0.213811E+02
 0.220432E+01 -.343640E+01 -.188682E+01 -.150846E+01 0.212173E+02
 0.220319E+01 -.343640E+01 -.188831E+01 -.150863E+01 0.212205E+02
 0.220343E+01 -.343634E+01 -.188944E+01 -.150801E+01 0.212234E+02
 0.220314E+01 -.343616E+01 -.188855E+01 -.150822E+01 0.212201E+02
 0.220326E+01 -.343662E+01 -.188648E+01 -.150869E+01 0.212172E+02
 0.220203E+01 -.343627E+01 -.188204E+01 -.151619E+01 0.212271E+02
 0.220316E+01 -.343583E+01 -.188679E+01 -.150842E+01 0.212174E+02
 0.220345E+01 -.343827E+01 -.188695E+01 -.150758E+01 0.212260E+02
 0.220313E+01 -.343628E+01 -.188431E+01 -.150173E+01 0.212546E+02
 0.220395E+01 -.343626E+01 -.188380E+01 -.150850E+01 0.212233E+02
 0.220337E+01 -.343781E+01 -.188953E+01 -.150941E+01 0.212354E+02
 0.220679E+01 -.343412E+01 -.189652E+01 -.150783E+01 0.213036E+02
 0.220321E+01 -.343680E+01 -.188765E+01 -.150824E+01 0.212188E+02
 0.221765E+01 -.342498E+01 -.188596E+01 -.150236E+01 0.215289E+02
 0.220323E+01 -.343388E+01 -.188687E+01 -.150725E+01 0.212290E+02
 0.220540E+01 -.343628E+01 -.188975E+01 -.150775E+01 0.212246E+02
 0.220380E+01 -.343489E+01 -.189347E+01 -.151066E+01 0.212805E+02
 0.220338E+01 -.343654E+01 -.188680E+01 -.152606E+01 0.213526E+02
 0.220311E+01 -.343616E+01 -.188717E+01 -.150827E+01 0.212171E+02
 0.220396E+01 -.343579E+01 -.194754E+01 -.150342E+01 0.242726E+02
 0.220342E+01 -.343635E+01 -.188666E+01 -.150824E+01 0.212189E+02
 0.220331E+01 -.343313E+01 -.188579E+01 -.152503E+01 0.213408E+02
 0.220191E+01 -.343449E+01 -.188621E+01 -.150816E+01 0.212257E+02
 0.220000E+01 -.343615E+01 -.188727E+01 -.149894E+01 0.212473E+02
 0.220358E+01 -.343534E+01 -.192470E+01 -.151601E+01 0.228582E+02
 0.220351E+01 -.343642E+01 -.188660E+01 -.150844E+01 0.212170E+02
 0.220000E+01 -.343692E+01 -.190138E+01 -.150571E+01 0.213789E+02
 0.220305E+01 -.343593E+01 -.188059E+01 -.150938E+01 0.212440E+02
 0.220278E+01 -.343606E+01 -.188788E+01 -.150838E+01 0.212206E+02
 0.220461E+01 -.344250E+01 -.188726E+01 -.150449E+01 0.213059E+02
 0.220233E+01 -.343691E+01 -.188672E+01 -.150351E+01 0.212281E+02
 0.220414E+01 -.343619E+01 -.188665E+01 -.150842E+01 0.212171E+02
 0.220421E+01 -.343568E+01 -.188662E+01 -.150839E+01 0.212180E+02
 0.220358E+01 -.343616E+01 -.188674E+01 -.150801E+01 0.212171E+02
 0.220317E+01 -.343585E+01 -.188757E+01 -.149514E+01 0.212785E+02
 0.220320E+01 -.341135E+01 -.192785E+01 -.146147E+01 0.228221E+02
 0.220322E+01 -.343622E+01 -.188665E+01 -.150803E+01 0.212168E+02
 0.220318E+01 -.343609E+01 -.188547E+01 -.150763E+01 0.212189E+02
 0.220326E+01 -.343645E+01 -.191436E+01 -.150821E+01 0.219115E+02
 0.220319E+01 -.343626E+01 -.188670E+01 -.150807E+01 0.212187E+02
 0.220318E+01 -.343623E+01 -.188660E+01 -.150839E+01 0.212168E+02
 0.220304E+01 -.343623E+01 -.188676E+01 -.150792E+01 0.212178E+02
 0.220346E+01 -.343580E+01 -.188352E+01 -.150825E+01 0.212259E+02
 0.220376E+01 -.343643E+01 -.188693E+01 -.150818E+01 0.212173E+02
 0.228722E+01 -.343600E+01 -.191953E+01 -.149848E+01 0.218822E+02
 0.220394E+01 -.347255E+01 -.188768E+01 -.150777E+01 0.239471E+02
 0.221702E+01 -.342666E+01 -.189113E+01 -.150845E+01 0.214378E+02
 0.220316E+01 -.343635E+01 -.188666E+01 -.150800E+01 0.212168E+02
 0.220213E+01 -.343595E+01 -.188656E+01 -.147115E+01 0.218541E+02
 0.220299E+01 -.343622E+01 -.188657E+01 -.150826E+01 0.212188E+02
 0.220352E+01 -.346141E+01 -.188752E+01 -.150067E+01 0.225674E+02
 0.220303E+01 -.343862E+01 -.188659E+01 -.150793E+01 0.212314E+02
 0.220296E+01 -.343586E+01 -.188665E+01 -.150740E+01 0.212191E+02
 0.220372E+01 -.343607E+01 -.188535E+01 -.150749E+01 0.212196E+02
 0.220322E+01 -.343616E+01 -.189054E+01 -.152226E+01 0.213693E+02
 0.220295E+01 -.343626E+01 -.188672E+01 -.150979E+01 0.212192E+02
 0.220321E+01 -.343622E+01 -.188737E+01 -.150807E+01 0.212172E+02
 0.228080E+01 -.343651E+01 -.187956E+01 -.151426E+01 0.212576E+02
 0.220333E+01 -.343644E+01 -.188726E+01 -.151080E+01 0.212224E+02
 0.220384E+01 -.344453E+01 -.188055E+01 -.150468E+01 0.214134E+02
 0.220324E+01 -.343298E+01 -.188847E+01 -.150802E+01 0.212414E+02
 0.220313E+01 -.343507E+01 -.188906E+01 -.150874E+01 0.212259E+02
 0.220234E+01 -.343785E+01 -.188056E+01 -.150854E+01 0.212521E+02
 0.220359E+01 -.343350E+01 -.190615E+01 -.150814E+01 0.215623E+02
 0.220319E+01 -.343632E+01 -.189215E+01 -.151266E+01 0.212778E+02
 0.220288E+01 -.343624E+01 -.188676E+01 -.150817E+01 0.212190E+02
 0.221220E+01 -.343189E+01 -.188666E+01 -.148226E+01 0.215675E+02
 0.220522E+01 -.340696E+01 -.186742E+01 -.153520E+01 0.234021E+02
 0.220348E+01 -.343621E+01 -.188675E+01 -.150794E+01 0.212170E+02
 0.220329E+01 -.343570E+01 -.188614E+01 -.150826E+01 0.212177E+02
 0.220720E+01 -.343682E+01 -.188326E+01 -.150816E+01 0.212311E+02
 0.220401E+01 -.343619E+01 -.188665E+01 -.150747E+01 0.212173E+02
 0.220318E+01 -.343622E+01 -.188668E+01 -.150786E+01 0.212167E+02
 0.220320E+01 -.343625E+01 -.188671E+01 -.150808E+01 0.212167E+02
 0.228682E+01 -.345511E+01 -.187376E+01 -.150215E+01 0.221991E+02
 0.220000E+01 -.343798E+01 -.181003E+01 -.150511E+01 0.263301E+02
 0.220292E+01 -.343634E+01 -.188661E+01 -.150738E+01 0.212190E+02
 0.220345E+01 -.343625E+01 -.188674E+01 -.150805E+01 0.212168E+02
 0.223592E+01 -.344526E+01 -.186687E+01 -.150805E+01 0.217129E+02
 0.220458E+01 -.343629E+01 -.188668E+01 -.150810E+01 0.212172E+02
 0.220074E+01 -.341891E+01 -.188666E+01 -.150847E+01 0.218937E+02
 0.220559E+01 -.343007E+01 -.188561E+01 -.150872E+01 0.213035E+02
 0.221656E+01 -.343516E+01 -.188226E+01 -.150193E+01 0.212865E+02
 0.222522E+01 -.343741E+01 -.187261E+01 -.147243E+01 0.225308E+02
 0.220449E+01 -.343647E+01 -.188681E+01 -.150797E+01 0.212175E+02
 0.220519E+01 -.343782E+01 -.189337E+01 -.146215E+01 0.219229E+02
 0.220305E+01 -.343626E+01 -.188720E+01 -.150809E+01 0.212192E+02
 0.220138E+01 -.342749E+01 -.188186E+01 -.143850E+01 0.242387E+02
 0.220310E+01 -.343611E+01 -.188719E+01 -.150957E+01 0.212211E+02
 0.220313E+01 -.343645E+01 -.189800E+01 -.151411E+01 0.214168E+02
 0.220590E+01 -.343461E+01 -.188646E+01 -.150817E+01 0.212235E+02
 0.220309E+01 -.343641E+01 -.188658E+01 -.150806E+01 0.212179E+02
 0.220123E+01 -.343424E+01 -.183333E+01 -.151259E+01 0.234320E+02
 0.220268E+01 -.343292E+01 -.188937E+01 -.151226E+01 0.212666E+02
 0.220325E+01 -.343687E+01 -.188683E+01 -.150811E+01 0.212177E+02
 0.220426E+01 -.344844E+01 -.188339E+01 -.152372E+01 0.215952E+02
 0.220323E+01 -.343622E+01 -.188729E+01 -.150612E+01 0.212173E+02
 0.220286E+01 -.343618E+01 -.188668E+01 -.150811E+01 0.212188E+02
 0.220319E+01 -.343523E+01 -.188554E+01 -.150970E+01 0.212197E+02
 0.220451E+01 -.343625E+01 -.188634E+01 -.150512E+01 0.212219E+02
 0.220336E+01 -.343622E+01 -.188679E+01 -.150818E+01 0.212168E+02
 0.220607E+01 -.343627E+01 -.188849E+01 -.148774E+01 0.213668E+02
 0.220000E+01 -.343620E+01 -.188672E+01 -.150838E+01 0.212170E+02
 0.220246E+01 -.343609E+01 -.188660E+01 -.150736E+01 0.212189E+02
 0.220408E+01 -.345963E+01 -.188462E+01 -.150298E+01 0.223816E+02
 0.220325E+01 -.343629E+01 -.188665E+01 -.150769E+01 0.212169E+02
 0.220318E+01 -.343564E+01 -.188655E+01 -.150814E+01 0.212175E+02
 0.220470E+01 -.343604E+01 -.188718E+01 -.150692E+01 0.212174E+02
 0.220616E+01 -.342548E+01 -.186998E+01 -.150899E+01 0.217470E+02
 0.221416E+01 -.343807E+01 -.188707E+01 -.151216E+01 0.212361E+02
 0.220818E+01 -.343613E+01 -.188590E+01 -.152268E+01 0.212991E+02
 0.220248E+01 -.343592E+01 -.188657E+01 -.150814E+01 0.212191E+02
 0.220425E+01 -.343636E+01 -.188670E+01 -.150836E+01 0.212172E+02
 0.220283E+01 -.343582E+01 -.188708E+01 -.150839E+01 0.212195E+02
 0.220340E+01 -.343630E+01 -.188667E+01 -.150786E+01 0.212169E+02
 0.220520E+01 -.343542E+01 -.188611E+01 -.150871E+01 0.212191E+02
 0.220198E+01 -.342326E+01 -.189532E+01 -.150872E+01 0.216416E+02
 0.220166E+01 -.343625E+01 -.188865E+01 -.151108E+01 0.212326E+02
 0.220326E+01 -.343585E+01 -.188508E+01 -.150794E+01 0.212198E+02
 0.262655E+01 -.344096E+01 -.182688E+01 -.151197E+01 0.242614E+02
 0.220000E+01 -.343431E+01 -.188591E+01 -.150304E+01 0.212414E+02
 0.220853E+01 -.343619E+01 -.188680E+01 -.150796E+01 0.212180E+02
 0.220296E+01 -.343832E+01 -.188646E+01 -.150809E+01 0.212274E+02
 0.220148E+01 -.343612E+01 -.188654E+01 -.150807E+01 0.212186E+02
 0.221172E+01 -.343734E+01 -.188726E+01 -.150672E+01 0.212220E+02
 0.220000E+01 -.343656E+01 -.188691E+01 -.151107E+01 0.212219E+02
 0.220329E+01 -.343629E+01 -.188658E+01 -.150832E+01 0.212188E+02
 0.220307E+01 -.343622E+01 -.188665E+01 -.150802E+01 0.212188E+02
 0.223461E+01 -.343529E+01 -.189415E+01 -.150802E+01 0.212756E+02
 0.220321E+01 -.343626E+01 -.188667E+01 -.150826E+01 0.212168E+02
 0.220265E+01 -.343601E+01 -.188873E+01 -.151480E+01 0.212569E+02
 0.220355E+01 -.343882E+01 -.188408E+01 -.149567E+01 0.213359E+02
 0.220321E+01 -.343766E+01 -.188697E+01 -.150812E+01 0.212214E+02
 0.220340E+01 -.343428E+01 -.192330E+01 -.151640E+01 0.227701E+02
 0.220436E+01 -.343611E+01 -.188761E+01 -.150802E+01 0.212180E+02
 0.220373E+01 -.343675E+01 -.189516E+01 -.151299E+01 0.213353E+02
 0.220652E+01 -.343657E+01 -.188615E+01 -.150868E+01 0.212209E+02
 0.220387E+01 -.343629E+01 -.188116E+01 -.150997E+01 0.212347E+02
 0.220229E+01 -.343630E+01 -.188873E+01 -.150819E+01 0.212232E+02
 0.220334E+01 -.343519E+01 -.188646E+01 -.150883E+01 0.212193E+02
 0.220327E+01 -.343671E+01 -.188658E+01 -.150784E+01 0.212175E+02
 0.220345E+01 -.343701E+01 -.188499E+01 -.152139E+01 0.212721E+02
 0.220321E+01 -.343570E+01 -.188673E+01 -.150813E+01 0.212176E+02
 0.220334E+01 -.343487E+01 -.188666E+01 -.151282E+01 0.212302E+02
 0.220312E+01 -.343622E+01 -.188782E+01 -.151068E+01 0.212264E+02
 0.220365E+01 -.343629E+01 -.188401E+01 -.150845E+01 0.212223E+02
 0.220321E+01 -.343948E+01 -.188746E+01 -.150868E+01 0.212441E+02
 0.221319E+01 -.343894E+01 -.189480E+01 -.150774E+01 0.212943E+02
 0.220313E+01 -.343696E+01 -.188622E+01 -.150813E+01 0.212195E+02
 0.220981E+01 -.343157E+01 -.187967E+01 -.151410E+01 0.212887E+02
 0.220323E+01 -.343578E+01 -.188654E+01 -.150775E+01 0.212174E+02
 0.220086E+01 -.343619E+01 -.188985E+01 -.151069E+01 0.212394E+02
 0.220302E+01 -.343662E+01 -.189221E+01 -.151072E+01 0.212662E+02
 0.220332E+01 -.343603E+01 -.188658E+01 -.151671E+01 0.212500E+02
 0.220330E+01 -.343629E+01 -.188647E+01 -.150788E+01 0.212186E+02
 0.220416E+01 -.343605E+01 -.188119E+01 -.149173E+01 0.214565E+02
 0.220298E+01 -.343605E+01 -.188663E+01 -.150810E+01 0.212182E+02
 0.220295E+01 -.343859E+01 -.188532E+01 -.152606E+01 0.213435E+02
 0.220097E+01 -.343685E+01 -.188636E+01 -.150826E+01 0.212194E+02
 0.222860E+01 -.343613E+01 -.188644E+01 -.151254E+01 0.212319E+02
 0.220378E+01 -.343735E+01 -.185921E+01 -.150819E+01 0.218638E+02
 0.220319E+01 -.343623E+01 -.188661E+01 -.150849E+01 0.212169E+02
 0.221536E+01 -.343600E+01 -.190032E+01 -.150735E+01 0.213748E+02
 0.220292E+01 -.343645E+01 -.189373E+01 -.150960E+01 0.212765E+02
 0.220400E+01 -.343604E+01 -.188636E+01 -.150854E+01 0.212173E+02
 0.220341E+01 -.345711E+01 -.188506E+01 -.150690E+01 0.221395E+02
 0.220234E+01 -.343666E+01 -.188665E+01 -.150002E+01 0.212465E+02
 0.220445E+01 -.343629E+01 -.188657E+01 -.150841E+01 0.212174E+02
 0.220470E+01 -.343500E+01 -.188666E+01 -.150813E+01 0.212205E+02
 0.220378E+01 -.343612E+01 -.188698E+01 -.150810E+01 0.212171E+02
 0.220404E+01 -.343594E+01 -.188642E+01 -.152215E+01 0.212958E+02
 0.220097E+01 -.338814E+01 -.188299E+01 -.151610E+01 0.267639E+02
 0.220339E+01 -.343614E+01 -.188666E+01 -.150846E+01 0.212171E+02
 0.220319E+01 -.343615E+01 -.188546E+01 -.150782E+01 0.212185E+02
 0.220326E+01 -.342761E+01 -.189394E+01 -.150824E+01 0.214177E+02
 0.220320E+01 -.343625E+01 -.188668E+01 -.150820E+01 0.212170E+02
 0.220310E+01 -.343625E+01 -.188672E+01 -.150800E+01 0.212189E+02
 0.220325E+01 -.343618E+01 -.188668E+01 -.150820E+01 0.212168E+02
 0.220330E+01 -.343509E+01 -.187984E+01 -.150818E+01 0.212619E+02
 0.220467E+01 -.343638E+01 -.188687E+01 -.150817E+01 0.212175E+02
 0.220000E+01 -.343643E+01 -.187462E+01 -.150659E+01 0.213619E+02
 0.220314E+01 -.345672E+01 -.188802E+01 -.150817E+01 0.221170E+02
 0.220728E+01 -.342788E+01 -.189175E+01 -.150947E+01 0.213927E+02
 0.220317E+01 -.343633E+01 -.188664E+01 -.150796E+01 0.212168E+02
 0.220408E+01 -.343613E+01 -.188679E+01 -.143003E+01 0.243229E+02
 0.220315E+01 -.343622E+01 -.188661E+01 -.150833E+01 0.212168E+02
 0.220718E+01 -.345320E+01 -.188738E+01 -.150537E+01 0.218351E+02
 0.220298E+01 -.343878E+01 -.188639E+01 -.150833E+01 0.212331E+02
 0.220298E+01 -.343628E+01 -.188778E+01 -.151221E+01 0.212326E+02
 0.220315E+01 -.343616E+01 -.188594E+01 -.150647E+01 0.212196E+02
 0.220323E+01 -.343741E+01 -.188566E+01 -.150766E+01 0.212210E+02
 0.220344E+01 -.343625E+01 -.188655E+01 -.150275E+01 0.212297E+02
 0.220322E+01 -.343619E+01 -.188604E+01 -.150813E+01 0.212173E+02
 0.220000E+01 -.343609E+01 -.188322E+01 -.151849E+01 0.212381E+02
 0.220322E+01 -.343632E+01 -.188752E+01 -.150661E+01 0.212170E+02
 0.220240E+01 -.346123E+01 -.188293E+01 -.151300E+01 0.225226E+02
 0.220305E+01 -.343821E+01 -.188851E+01 -.150799E+01 0.212313E+02
 0.220310E+01 -.343578E+01 -.188721E+01 -.150878E+01 0.212179E+02
 0.220622E+01 -.343794E+01 -.188856E+01 -.151048E+01 0.212384E+02
 0.220308E+01 -.342137E+01 -.187813E+01 -.150824E+01 0.218065E+02
 0.220318E+01 -.343621E+01 -.187748E+01 -.151445E+01 0.212493E+02
 0.220359E+01 -.343619E+01 -.188675E+01 -.150825E+01 0.212169E+02
 0.220841E+01 -.348790E+01 -.188640E+01 -.151790E+01 0.266354E+02
 0.220000E+01 -.339556E+01 -.186928E+01 -.153727E+01 0.253434E+02
 0.220352E+01 -.343620E+01 -.188697E+01 -.150801E+01 0.212169E+02
 0.220344E+01 -.343799E+01 -.188624E+01 -.150766E+01 0.212238E+02
 0.220774E+01 -.344345E+01 -.187858E+01 -.150820E+01 0.213777E+02
 0.220407E+01 -.343616E+01 -.188664E+01 -.150965E+01 0.212181E+02
 0.220320E+01 -.343619E+01 -.188681E+01 -.150759E+01 0.212167E+02
 0.220319E+01 -.343643E+01 -.188668E+01 -.150801E+01 0.212170E+02
 0.228452E+01 -.342831E+01 -.184291E+01 -.150883E+01 0.230992E+02
 0.221445E+01 -.343929E+01 -.182266E+01 -.159359E+01 0.222981E+02
 0.220311E+01 -.343631E+01 -.188683E+01 -.150861E+01 0.212192E+02
 0.220324E+01 -.343631E+01 -.188657E+01 -.150822E+01 0.212168E+02
 0.220383E+01 -.342746E+01 -.188193E+01 -.160412E+01 0.241355E+02
 0.221838E+01 -.344755E+01 -.186260E+01 -.150838E+01 0.219373E+02
 0.220421E+01 -.343629E+01 -.188668E+01 -.150809E+01 0.212171E+02
 0.220214E+01 -.343846E+01 -.188648E+01 -.150847E+01 0.212300E+02
 0.220760E+01 -.343738E+01 -.188639E+01 -.150930E+01 0.212243E+02
 0.220000E+01 -.343404E+01 -.188420E+01 -.152252E+01 0.212855E+02
 0.223030E+01 -.343860E+01 -.192126E+01 -.151747E+01 0.226946E+02
 0.220461E+01 -.343370E+01 -.188647E+01 -.150767E+01 0.212316E+02
 0.220483E+01 -.343902E+01 -.188979E+01 -.152386E+01 0.213997E+02
 0.220372E+01 -.343624E+01 -.188642E+01 -.150939E+01 0.212195E+02
 0.220329E+01 -.343689E+01 -.188554E+01 -.149474E+01 0.213119E+02
 0.220304E+01 -.343607E+01 -.188631E+01 -.150813E+01 0.212190E+02
 0.220302E+01 -.343560E+01 -.190111E+01 -.145786E+01 0.218016E+02
 0.220368E+01 -.343440E+01 -.188645E+01 -.150860E+01 0.212245E+02
 0.220301E+01 -.343654E+01 -.188689E+01 -.150802E+01 0.212191E+02
 0.220000E+01 -.343150E+01 -.185904E+01 -.148653E+01 0.227845E+02
 0.220336E+01 -.341966E+01 -.187650E+01 -.150879E+01 0.219601E+02
 0.220320E+01 -.343568E+01 -.188563E+01 -.150785E+01 0.212188E+02
 0.220334E+01 -.343708E+01 -.188580E+01 -.151519E+01 0.212343E+02
 0.220325E+01 -.343624E+01 -.188879E+01 -.150800E+01 0.212205E+02
 0.220321E+01 -.343611E+01 -.188667E+01 -.150802E+01 0.212166E+02
 0.220316E+01 -.343590E+01 -.188585E+01 -.150922E+01 0.212173E+02
 0.220350E+01 -.343657E+01 -.188621E+01 -.151603E+01 0.212428E+02
 0.220329E+01 -.343619E+01 -.188673E+01 -.150846E+01 0.212169E+02
 0.220179E+01 -.343631E+01 -.188977E+01 -.151039E+01 0.212377E+02
 0.221131E+01 -.343601E+01 -.188676E+01 -.150890E+01 0.212203E+02
 0.220292E+01 -.343580E+01 -.188659E+01 -.150680E+01 0.212215E+02
 0.247257E+01 -.343682E+01 -.181417E+01 -.152386E+01 0.248141E+02
 0.220485E+01 -.346215E+01 -.188269E+01 -.150433E+01 0.226382E+02
 0.220321E+01 -.343551E+01 -.188676E+01 -.150888E+01 0.212182E+02
 0.220328E+01 -.343628E+01 -.188654E+01 -.150812E+01 0.212170E+02
 0.220444E+01 -.343605E+01 -.188674E+01 -.150737E+01 0.212174E+02
 0.220269E+01 -.345155E+01 -.191341E+01 -.150863E+01 0.224675E+02
 0.220450E+01 -.343628E+01 -.188788E+01 -.150522E+01 0.212182E+02
 0.220453E+01 -.343607E+01 -.188552E+01 -.152881E+01 0.213692E+02
 0.220362E+01 -.343637E+01 -.188636E+01 -.150815E+01 0.212172E+02
 0.220356E+01 -.343630E+01 -.188669E+01 -.150817E+01 0.212171E+02
 0.220328E+01 -.343650E+01 -.188688E+01 -.150790E+01 0.212169E+02
 0.220309E+01 -.343628E+01 -.188671E+01 -.150825E+01 0.212179E+02
 0.220122E+01 -.343624E+01 -.181036E+01 -.149069E+01 0.275489E+02
 0.220188E+01 -.343706E+01 -.188755E+01 -.150799E+01 0.212213E+02
 0.220382E+01 -.343166E+01 -.186557E+01 -.150887E+01 0.216557E+02
 0.220148E+01 -.343655E+01 -.188995E+01 -.150441E+01 0.212217E+02
 0.220301E+01 -.343606E+01 -.188705E+01 -.150632E+01 0.212193E+02
 0.232334E+01 -.344056E+01 -.187768E+01 -.156087E+01 0.219436E+02
 0.222296E+01 -.343519E+01 -.188515E+01 -.150894E+01 0.212253E+02
 0.221021E+01 -.343665E+01 -.188856E+01 -.150856E+01 0.212230E+02
 0.220121E+01 -.343323E+01 -.188641E+01 -.150811E+01 0.212372E+02
 0.220000E+01 -.343602E+01 -.188697E+01 -.150785E+01 0.212183E+02
 0.220511E+01 -.343724E+01 -.188676E+01 -.150229E+01 0.212333E+02
 0.220245E+01 -.344991E+01 -.188744E+01 -.151293E+01 0.216388E+02
 0.220881E+01 -.343662E+01 -.188643E+01 -.151041E+01 0.212202E+02
 0.220308E+01 -.343623E+01 -.188614E+01 -.150842E+01 0.212189E+02
 0.220313E+01 -.343626E+01 -.188663E+01 -.150820E+01 0.212168E+02
 0.222368E+01 -.343683E+01 -.188369E+01 -.150836E+01 0.212328E+02
 0.220322E+01 -.343630E+01 -.188557E+01 -.150829E+01 0.212178E+02
 0.220222E+01 -.343622E+01 -.188752E+01 -.150670E+01 0.212179E+02
 0.223239E+01 -.341923E+01 -.194891E+01 -.150903E+01 0.251826E+02
 0.220353E+01 -.343737E+01 -.188146E+01 -.151379E+01 0.212262E+02
 0.220323E+01 -.343710E+01 -.188639E+01 -.150810E+01 0.212187E+02
 0.220234E+01 -.343837E+01 -.188847E+01 -.150800E+01 0.212328E+02
 0.220509E+01 -.342869E+01 -.191520E+01 -.150190E+01 0.218481E+02
 0.220576E+01 -.343617E+01 -.188658E+01 -.150779E+01 0.212178E+02
 0.220397E+01 -.343618E+01 -.188070E+01 -.150542E+01 0.212682E+02
 0.220180E+01 -.343626E+01 -.188505E+01 -.150833E+01 0.212206E+02
 0.220339E+01 -.343533E+01 -.188520E+01 -.150908E+01 0.212198E+02
 0.220320E+01 -.343626E+01 -.188660E+01 -.150806E+01 0.212168E+02
 0.220275E+01 -.343707E+01 -.188841E+01 -.150135E+01 0.212295E+02
 0.220339E+01 -.343650E+01 -.188669E+01 -.150813E+01 0.212171E+02
 0.220312E+01 -.343544E+01 -.188675E+01 -.150221E+01 0.212324E+02
 0.220319E+01 -.343623E+01 -.188582E+01 -.151644E+01 0.212399E+02
 0.220280E+01 -.343643E+01 -.188544E+01 -.150849E+01 0.212196E+02
 0.220306E+01 -.343531E+01 -.188768E+01 -.150502E+01 0.212218E+02
 0.220289E+01 -.344148E+01 -.187799E+01 -.150870E+01 0.213288E+02
 0.220313E+01 -.343614E+01 -.188584E+01 -.150809E+01 0.212174E+02
 0.220227E+01 -.344493E+01 -.187737E+01 -.152357E+01 0.213991E+02
 0.220321E+01 -.343768E+01 -.188635E+01 -.150857E+01 0.212214E+02
 0.220000E+01 -.343639E+01 -.188133E+01 -.151003E+01 0.212335E+02
 0.220094E+01 -.343664E+01 -.188685E+01 -.150697E+01 0.212190E+02
 0.220315E+01 -.343617E+01 -.188664E+01 -.150214E+01 0.212320E+02
 0.220328E+01 -.343598E+01 -.188692E+01 -.150795E+01 0.212169E+02
 0.220349E+01 -.343633E+01 -.183372E+01 -.148425E+01 0.251451E+02
 0.220384E+01 -.343642E+01 -.188666E+01 -.150805E+01 0.212171E+02
 0.220317E+01 -.344004E+01 -.188750E+01 -.150868E+01 0.212531E+02
 0.220311E+01 -.343846E+01 -.188651E+01 -.150832E+01 0.212298E+02
 0.222929E+01 -.343630E+01 -.187706E+01 -.151902E+01 0.212507E+02
 0.220312E+01 -.343750E+01 -.182140E+01 -.150277E+01 0.251432E+02
 0.220305E+01 -.343626E+01 -.188662E+01 -.150842E+01 0.212191E+02
 0.222096E+01 -.343602E+01 -.186901E+01 -.150925E+01 0.214828E+02
 0.220338E+01 -.343807E+01 -.189228E+01 -.151050E+01 0.212712E+02
 0.220435E+01 -.343626E+01 -.188545E+01 -.150861E+01 0.212181E+02
 0.220243E+01 -.342955E+01 -.188568E+01 -.151362E+01 0.213246E+02
 0.220158E+01 -.343642E+01 -.188664E+01 -.150564E+01 0.212210E+02
 0.220370E+01 -.343630E+01 -.188683E+01 -.150846E+01 0.212171E+02
 0.220522E+01 -.343636E+01 -.188676E+01 -.150784E+01 0.212194E+02
 0.220351E+01 -.343611E+01 -.188628E+01 -.150821E+01 0.212171E+02
 0.220405E+01 -.343629E+01 -.188687E+01 -.151646E+01 0.212485E+02
 0.220326E+01 -.347590E+01 -.190153E+01 -.152103E+01 0.250473E+02
 0.220349E+01 -.343623E+01 -.188666E+01 -.150841E+01 0.212169E+02
 0.220315E+01 -.343636E+01 -.188733E+01 -.150855E+01 0.212175E+02
 0.220355E+01 -.342537E+01 -.186714E+01 -.150814E+01 0.218608E+02
 0.220321E+01 -.343625E+01 -.188665E+01 -.150812E+01 0.212167E+02
 0.220328E+01 -.343626E+01 -.188682E+01 -.150783E+01 0.212167E+02
 0.220339E+01 -.343620E+01 -.188663E+01 -.150838E+01 0.212171E+02
 0.220372E+01 -.343755E+01 -.188127E+01 -.150825E+01 0.212441E+02
 0.220361E+01 -.343628E+01 -.188692E+01 -.150802E+01 0.212189E+02
 0.225161E+01 -.343643E+01 -.188416E+01 -.150277E+01 0.212662E+02
 0.220259E+01 -.340312E+01 -.188646E+01 -.150778E+01 0.237653E+02
 0.220772E+01 -.343714E+01 -.188864E+01 -.150855E+01 0.212277E+02
 0.220323E+01 -.343628E+01 -.188664E+01 -.150819E+01 0.212168E+02
 0.220000E+01 -.343857E+01 -.190379E+01 -.161686E+01 0.272162E+02
 0.220436E+01 -.343636E+01 -.188661E+01 -.150927E+01 0.212178E+02
 0.220326E+01 -.343629E+01 -.188662E+01 -.150816E+01 0.212168E+02
 0.220778E+01 -.341977E+01 -.188693E+01 -.151509E+01 0.218459E+02
 0.220316E+01 -.343676E+01 -.188652E+01 -.150861E+01 0.212175E+02
 0.220349E+01 -.343623E+01 -.188562E+01 -.151268E+01 0.212219E+02
 0.220341E+01 -.343628E+01 -.188844E+01 -.150975E+01 0.212239E+02
 0.220322E+01 -.343802E+01 -.188321E+01 -.149678E+01 0.213286E+02
 0.220349E+01 -.343631E+01 -.188693E+01 -.150599E+01 0.212198E+02
 0.220323E+01 -.343627E+01 -.188618E+01 -.150806E+01 0.212172E+02
 0.229649E+01 -.343678E+01 -.188532E+01 -.151349E+01 0.212497E+02
 0.220314E+01 -.343620E+01 -.188743E+01 -.150348E+01 0.212226E+02
 0.220300E+01 -.342284E+01 -.188702E+01 -.150677E+01 0.216189E+02
 0.220309E+01 -.343768E+01 -.188777E+01 -.150823E+01 0.212253E+02
 0.220321E+01 -.343674E+01 -.188581E+01 -.150864E+01 0.212176E+02
 0.220826E+01 -.343422E+01 -.188285E+01 -.151321E+01 0.212323E+02
 0.220302E+01 -.344493E+01 -.188060E+01 -.150842E+01 0.214012E+02
 0.220317E+01 -.343611E+01 -.188197E+01 -.151204E+01 0.212242E+02
 0.220376E+01 -.343623E+01 -.188676E+01 -.150833E+01 0.212170E+02
 0.221124E+01 -.347333E+01 -.188956E+01 -.151851E+01 0.241681E+02
 0.220349E+01 -.343631E+01 -.188667E+01 -.150816E+01 0.212168E+02
 0.220319E+01 -.343548E+01 -.188666E+01 -.150801E+01 0.212180E+02
 0.220340E+01 -.343683E+01 -.188288E+01 -.150819E+01 0.212295E+02
 0.220376E+01 -.343630E+01 -.188668E+01 -.150930E+01 0.212178E+02
 0.220321E+01 -.343628E+01 -.188678E+01 -.150839E+01 0.212189E+02
 0.220318E+01 -.343650E+01 -.188674E+01 -.150827E+01 0.212169E+02
 0.229382E+01 -.341606E+01 -.183828E+01 -.151236E+01 0.242347E+02
 0.221769E+01 -.343949E+01 -.187609E+01 -.159755E+01 0.232493E+02
 0.220330E+01 -.343610E+01 -.188628E+01 -.150945E+01 0.212193E+02
 0.220321E+01 -.343629E+01 -.188656E+01 -.150805E+01 0.212168E+02
 0.220520E+01 -.341883E+01 -.184788E+01 -.153214E+01 0.226547E+02
 0.231299E+01 -.342759E+01 -.188290E+01 -.150341E+01 0.214619E+02
 0.220386E+01 -.343627E+01 -.188669E+01 -.150814E+01 0.212170E+02
 0.220389E+01 -.345066E+01 -.188644E+01 -.150792E+01 0.216618E+02
 0.220349E+01 -.344048E+01 -.188737E+01 -.150794E+01 0.212570E+02
 0.220867E+01 -.343635E+01 -.189023E+01 -.151957E+01 0.213262E+02
 0.221976E+01 -.343630E+01 -.195221E+01 -.152872E+01 0.267338E+02
 0.220255E+01 -.343630E+01 -.188687E+01 -.150851E+01 0.212179E+02
 0.220000E+01 -.343578E+01 -.188719E+01 -.154378E+01 0.217430E+02
 0.220400E+01 -.343626E+01 -.188694E+01 -.150916E+01 0.212200E+02
 0.220468E+01 -.344307E+01 -.188989E+01 -.154186E+01 0.219012E+02
 0.220318E+01 -.343648E+01 -.188591E+01 -.150769E+01 0.212195E+02
 0.220296E+01 -.343653E+01 -.187935E+01 -.151908E+01 0.212332E+02
 0.220217E+01 -.343791E+01 -.188675E+01 -.150894E+01 0.212258E+02
 0.220325E+01 -.343581E+01 -.188685E+01 -.150821E+01 0.212172E+02
 0.266097E+01 -.348083E+01 -.188865E+01 -.154178E+01 0.259365E+02
 0.220494E+01 -.343271E+01 -.193652E+01 -.149948E+01 0.230123E+02
 0.220297E+01 -.343575E+01 -.188820E+01 -.150747E+01 0.212204E+02
 0.220320E+01 -.343583E+01 -.188578E+01 -.150819E+01 0.212179E+02
 0.220252E+01 -.342770E+01 -.188881E+01 -.149915E+01 0.213958E+02
 0.220311E+01 -.343625E+01 -.188506E+01 -.150956E+01 0.212196E+02
 0.220347E+01 -.343608E+01 -.188668E+01 -.150815E+01 0.212169E+02
 0.220322E+01 -.343654E+01 -.188691E+01 -.150882E+01 0.212169E+02
 0.220324E+01 -.343669E+01 -.188694E+01 -.151125E+01 0.212227E+02
 0.220322E+01 -.343631E+01 -.188668E+01 -.150817E+01 0.212168E+02
 0.220418E+01 -.343630E+01 -.188255E+01 -.152378E+01 0.212685E+02
 0.220828E+01 -.343616E+01 -.188666E+01 -.150788E+01 0.212180E+02
 0.220298E+01 -.343679E+01 -.188668E+01 -.150737E+01 0.212187E+02
 0.233498E+01 -.343564E+01 -.194821E+01 -.150167E+01 0.242013E+02
 0.220317E+01 -.342843E+01 -.188553E+01 -.151032E+01 0.213543E+02
 0.220324E+01 -.343548E+01 -.188674E+01 -.150825E+01 0.212182E+02
 0.220329E+01 -.343686E+01 -.188673E+01 -.150811E+01 0.212176E+02
 0.220229E+01 -.343611E+01 -.188765E+01 -.150778E+01 0.212194E+02
 0.220000E+01 -.345744E+01 -.191350E+01 -.150793E+01 0.229320E+02
 0.220000E+01 -.343493E+01 -.188761E+01 -.150087E+01 0.212370E+02
 0.220119E+01 -.343628E+01 -.188626E+01 -.149072E+01 0.213575E+02
 0.220445E+01 -.343646E+01 -.188651E+01 -.150815E+01 0.212193E+02
 0.220367E+01 -.343628E+01 -.188674E+01 -.150804E+01 0.212170E+02
 0.220360E+01 -.343691E+01 -.188665E+01 -.150772E+01 0.212179E+02
 0.220327E+01 -.343627E+01 -.188657E+01 -.150851E+01 0.212169E+02
 0.220000E+01 -.343804E+01 -.188763E+01 -.150715E+01 0.212260E+02
 0.220314E+01 -.344914E+01 -.186067E+01 -.150835E+01 0.220805E+02
 0.220140E+01 -.343665E+01 -.188878E+01 -.150259E+01 0.212233E+02
 0.220323E+01 -.343617E+01 -.188843E+01 -.150561E+01 0.212173E+02
 0.240628E+01 -.343558E+01 -.191245E+01 -.154978E+01 0.235501E+02
 0.223276E+01 -.343715E+01 -.188633E+01 -.151251E+01 0.212352E+02
 0.220311E+01 -.343611E+01 -.188683E+01 -.150923E+01 0.212198E+02
 0.220134E+01 -.343393E+01 -.188634E+01 -.150819E+01 0.212290E+02
 0.220312E+01 -.343623E+01 -.188700E+01 -.150770E+01 0.212167E+02
 0.220829E+01 -.343607E+01 -.188657E+01 -.151282E+01 0.212308E+02
 0.220262E+01 -.338705E+01 -.188402E+01 -.150977E+01 0.270211E+02
 0.220500E+01 -.343504E+01 -.188609E+01 -.150802E+01 0.212209E+02
 0.220331E+01 -.343622E+01 -.188622E+01 -.150809E+01 0.212170E+02
 0.220320E+01 -.343620E+01 -.188666E+01 -.150830E+01 0.212170E+02
 0.222960E+01 -.343775E+01 -.187607E+01 -.150842E+01 0.213254E+02
 0.220321E+01 -.343624E+01 -.188787E+01 -.150820E+01 0.212181E+02
 0.220262E+01 -.343637E+01 -.188537E+01 -.150079E+01 0.212519E+02
 0.228960E+01 -.339789E+01 -.191488E+01 -.151028E+01 0.251608E+02
 0.220308E+01 -.343537E+01 -.188293E+01 -.151941E+01 0.212442E+02
 0.220345E+01 -.343633E+01 -.188635E+01 -.150779E+01 0.212171E+02
 0.220272E+01 -.341292E+01 -.189787E+01 -.151300E+01 0.225684E+02
 0.220266E+01 -.343868E+01 -.188695E+01 -.150803E+01 0.212323E+02
 0.220362E+01 -.343357E+01 -.186309E+01 -.150063E+01 0.219352E+02
 0.220148E+01 -.343620E+01 -.188736E+01 -.150763E+01 0.212187E+02
 0.220331E+01 -.343622E+01 -.189154E+01 -.150441E+01 0.212244E+02
 0.220273E+01 -.343624E+01 -.188459E+01 -.150831E+01 0.212211E+02
 0.220317E+01 -.343722E+01 -.188558E+01 -.150754E+01 0.212205E+02
 0.220312E+01 -.343594E+01 -.188658E+01 -.150839E+01 0.212170E+02
 0.220191E+01 -.343698E+01 -.188855E+01 -.149816E+01 0.212452E+02
 0.220339E+01 -.343684E+01 -.188669E+01 -.150815E+01 0.212179E+02
 0.220320E+01 -.343725E+01 -.188699E+01 -.149764E+01 0.212625E+02
 0.220310E+01 -.343627E+01 -.188238E+01 -.151633E+01 0.212278E+02
 0.220277E+01 -.343656E+01 -.188674E+01 -.150846E+01 0.212192E+02
 0.220307E+01 -.343259E+01 -.188639E+01 -.150341E+01 0.212575E+02
 0.220000E+01 -.343458E+01 -.187228E+01 -.150896E+01 0.213963E+02
 0.220317E+01 -.343596E+01 -.188754E+01 -.150822E+01 0.212176E+02
 0.220258E+01 -.344827E+01 -.189198E+01 -.151581E+01 0.216426E+02
 0.220321E+01 -.343718E+01 -.188645E+01 -.150827E+01 0.212187E+02
 0.220194E+01 -.343654E+01 -.188029E+01 -.150890E+01 0.212480E+02
 0.220000E+01 -.343624E+01 -.188263E+01 -.150561E+01 0.212441E+02
 0.220325E+01 -.343650E+01 -.188700E+01 -.150488E+01 0.212202E+02
 0.220320E+01 -.343599E+01 -.188713E+01 -.150821E+01 0.212171E+02
 0.220293E+01 -.343623E+01 -.183903E+01 -.152014E+01 0.226442E+02
 0.220423E+01 -.343665E+01 -.188670E+01 -.150802E+01 0.212175E+02
 0.220338E+01 -.343783E+01 -.188835E+01 -.150011E+01 0.212381E+02
 0.220300E+01 -.343860E+01 -.188670E+01 -.150818E+01 0.212314E+02
 0.221418E+01 -.343635E+01 -.187141E+01 -.150808E+01 0.214239E+02
 0.220275E+01 -.343638E+01 -.189608E+01 -.150002E+01 0.212450E+02
 0.220340E+01 -.343632E+01 -.188669E+01 -.150822E+01 0.212168E+02
 0.220435E+01 -.343683E+01 -.187732E+01 -.150870E+01 0.212880E+02
 0.220368E+01 -.343761E+01 -.188592E+01 -.150844E+01 0.212212E+02
